景点名称,景点图片,city,county,景点地址,景点参观人数,景点评分,景点短语,景点链接,景点最低价格,景点等级,景点详细信息,景点开放时间,景点图片合集,json
幻境空间(中山店),https://qimgs.qunarzz.com/piao_qsight_provider_piao_qsight_web/0EQ5g12000fcpak2d741A_C_900_504.jpg_280x200_30f61ca8.jpg,中山市,中山市,广东省中山市石岐街道大信南路与莲员东路交叉口东80米,-1,-1.0,N/A,https://piao.qunar.com/ticket/detail_382216169.html?st=a3clM0QlRTQlQjglQUQlRTUlQjElQjElRTUlQjglODIlMjZpZCUzRDUzMDA2OSUyNnR5cGUlM0QwJTI2aWR4JTNEMTU0JTI2cXQlM0QlMjZhcGslM0QyJTI2c2MlM0RXV1clMjZ1ciUzRCVFNCVCOCVBRCVFNSVCMSVCMSUyNmxyJTNEJUU0JUI4JUFEJUU1JUIxJUIxJTI2ZnQlM0QlN0IlN0Q%3D#from=mpl_search_suggest,-1.0,N/A,N/A,1/1-12/31；周一至周日；10:00-22:00开园；（21:00停止入园）,https://qimgs.qunarzz.com/piao_qsight_provider_piao_qsight_web/0EQ5g12000fcpak2d741A_C_900_504.jpg_710x360_a7dba8f4.jpg,"{""ret"": true, ""data"": {""tagList"": [{""tagType"": 0, ""tagScore"": 5, ""tagNum"": 0, ""tagName"": ""\u5168\u90e8""}], ""score"": 0.0, ""commentCount"": 0}, ""statusCode"": 200}"
乐驱儿童运动乐园,https://imgs.qunarzz.com/sight/p0/2107/7d/7d7aa1758d555f2fa3.img.jpg_280x200_6a5e95c2.jpg,中山市,中山市,广东省中山市南区永安一路9号悦盈广场(树木园西侧)（乐驱儿童运动乐园）,-1,-1.0,乐驱儿童运动乐园中山悦来店位于中山南区悦来亲子王国，毗邻树木园，由中山悦来集团和珠海乐驱公司合力推出。乐园地处市区核心商,https://piao.qunar.com/ticket/detail_2073388031.html?st=a3clM0QlRTQlQjglQUQlRTUlQjElQjElRTUlQjglODIlMjZpZCUzRDUxMTM2NiUyNnR5cGUlM0QwJTI2aWR4JTNEMTUzJTI2cXQlM0QlMjZhcGslM0QyJTI2c2MlM0RXV1clMjZ1ciUzRCVFNCVCOCVBRCVFNSVCMSVCMSUyNmxyJTNEJUU0JUI4JUFEJUU1JUIxJUIxJTI2ZnQlM0QlN0IlN0Q%3D#from=mpl_search_suggest,-1.0,N/A,"乐驱儿童运动乐园中山悦来店位于中山南区悦来亲子王国，毗邻树木园，由中山悦来集团和珠海乐驱公司合力推出。乐园地处市区核心商业地带，独享1,000㎡稀缺户外空间，园内绿树成荫、松鼠相邻，园外社区环绕，商业配套丰富。 乐园引进了多项欧洲品牌无动力设备，精心设计、匠心打造，是小朋友户外游玩与运动的专属空间。","景区电话:181 6320 6201
营业时间:9:00—18:00(周一至周五:12:00-16:00不营业)",https://imgs.qunarzz.com/sight/p0/2107/7d/7d7aa1758d555f2fa3.img.jpg_710x360_a5117184.jpg〇https://imgs.qunarzz.com/sight/p0/2107/38/380bee2593010da4a3.img.jpg_710x360_30b17c7e.jpg〇https://imgs.qunarzz.com/sight/p0/2107/3b/3b43149221126da5a3.img.jpg_710x360_414c41db.jpg〇https://imgs.qunarzz.com/sight/p0/2107/72/72d34c9ad15f64b6a3.img.jpg_710x360_21030246.jpg〇https://imgs.qunarzz.com/sight/p0/2106/7c/7c3eee245896aa7aa3.img.jpg_710x360_d12304ec.jpg〇https://imgs.qunarzz.com/sight/p0/2106/82/826e1156180b2911a3.img.jpg_710x360_b5ab9952.jpg〇https://imgs.qunarzz.com/sight/p0/2106/e5/e55787c48a8eb0d1a3.img.jpg_710x360_ba40ed64.jpg,"{""ret"": true, ""data"": {""tagList"": [{""tagType"": 0, ""tagScore"": 5, ""tagNum"": 0, ""tagName"": ""\u5168\u90e8""}], ""score"": 0.0, ""commentCount"": 0}, ""statusCode"": 200}"
咀香园商业连锁公司,https://qimgs.qunarzz.com/piao_qsight_provider_piao_qsight_web/0106i120009cufbxg2C7C_C_900_504.png_280x200_2370f488.png,中山市,中山市,广东省中山市沿江东二路13号,-1,-1.0,参观咀香园、制作核桃酥；既能学习文化知识，也能亲手制作；周末的好去处！,https://piao.qunar.com/ticket/detail_3724462028.html?st=a3clM0QlRTQlQjglQUQlRTUlQjElQjElRTUlQjglODIlMjZpZCUzRDUxNTUxMCUyNnR5cGUlM0QwJTI2aWR4JTNEMTUyJTI2cXQlM0QlMjZhcGslM0QyJTI2c2MlM0RXV1clMjZ1ciUzRCVFNCVCOCVBRCVFNSVCMSVCMSUyNmxyJTNEJUU0JUI4JUFEJUU1JUIxJUIxJTI2ZnQlM0QlN0IlN0Q%3D#from=mpl_search_suggest,-1.0,N/A,参观咀香园、制作核桃酥；既能学习文化知识，也能亲手制作；周末的好去处！,1/1-12/31；周一至周日；09:00-16:30开园,https://qimgs.qunarzz.com/piao_qsight_provider_piao_qsight_web/0106i120009cufbxg2C7C_C_900_504.png_710x360_c29e212f.png〇https://qimgs.qunarzz.com/piao_qsight_provider_piao_qsight_web/0103w120009cuf4ktDB81_C_900_504_Q90_Mtg_7.jpg_710x360_de432949.jpg〇https://qimgs.qunarzz.com/piao_qsight_provider_piao_qsight_web/0102m120009cuf5yf4518_C_900_504_Q90_Mtg_7.jpg_710x360_33d6ae1a.jpg〇https://qimgs.qunarzz.com/piao_qsight_provider_piao_qsight_web/0100s120009cuf2un8503_C_900_504_Q90_Mtg_7.jpg_710x360_346182a5.jpg〇https://qimgs.qunarzz.com/piao_qsight_provider_piao_qsight_web/01054120009cuff833179_C_900_504_Q90_Mtg_7.jpg_710x360_9e04e0c7.jpg〇https://qimgs.qunarzz.com/piao_qsight_provider_piao_qsight_web/0106i120009cufbxg2C7C_C_900_504_Q90_Mtg_7.png_710x360_46fa2fa8.png,"{""ret"": true, ""data"": {""tagList"": [{""tagType"": 0, ""tagScore"": 5, ""tagNum"": 0, ""tagName"": ""\u5168\u90e8""}], ""score"": 0.0, ""commentCount"": 0}, ""statusCode"": 200}"
七彩天空儿童游乐园,https://mp-piao-admincp.qunarzz.com/mp_piao_admin_mp_piao_admin/admin/20217/30d54820c6727b9958d585769ab3c5c2.png_280x200_7ef61cce.png,中山市,中山市,广东省中山市大涌镇南兴东路南文市场正对面二楼,-1,-1.0,N/A,https://piao.qunar.com/ticket/detail_2414049497.html?st=a3clM0QlRTQlQjglQUQlRTUlQjElQjElRTUlQjglODIlMjZpZCUzRDUyMTY1MyUyNnR5cGUlM0QwJTI2aWR4JTNEMTUxJTI2cXQlM0QlMjZhcGslM0QyJTI2c2MlM0RXV1clMjZ1ciUzRCVFNCVCOCVBRCVFNSVCMSVCMSUyNmxyJTNEJUU0JUI4JUFEJUU1JUIxJUIxJTI2ZnQlM0QlN0IlN0Q%3D#from=mpl_search_suggest,-1.0,N/A,N/A,暂无,https://mp-piao-admincp.qunarzz.com/mp_piao_admin_mp_piao_admin/admin/20217/30d54820c6727b9958d585769ab3c5c2.png_710x360_c2302e12.png,"{""ret"": true, ""data"": {""tagList"": [{""tagType"": 0, ""tagScore"": 5, ""tagNum"": 0, ""tagName"": ""\u5168\u90e8""}], ""score"": 0.0, ""commentCount"": 0}, ""statusCode"": 200}"
第四区真人CS俱乐部,https://imgs.qunarzz.com/sight/p0/1409/22/93beccdcc21fec9dd0e1e65073c3ca7d.jpg_280x200_78007e94.jpg,中山市,中山市,广东省中山市小榄镇顺昌广场三楼,-1,-1.0,中山首家室内真人CS俱乐部,https://piao.qunar.com/ticket/detail_2474913514.html?st=a3clM0QlRTQlQjglQUQlRTUlQjElQjElRTUlQjglODIlMjZpZCUzRDE5NzkyNCUyNnR5cGUlM0QwJTI2aWR4JTNEMTY1JTI2cXQlM0QlMjZhcGslM0QyJTI2c2MlM0RXV1clMjZ1ciUzRCVFNCVCOCVBRCVFNSVCMSVCMSUyNmxyJTNEJUU0JUI4JUFEJUU1JUIxJUIxJTI2ZnQlM0QlN0IlN0Q%3D#from=mpl_search_suggest,-1.0,N/A,小榄第四区真人CS俱乐部是中山首家室内真人CS俱乐部。全方位的激光游戏装备会让没一位玩家都如身临其境，英勇奋战。,09:00-21:00 周一至周日,https://imgs.qunarzz.com/sight/p0/1409/22/93beccdcc21fec9dd0e1e65073c3ca7d.jpg_710x360_6066631e.jpg〇https://imgs.qunarzz.com/sight/p0/1409/22/faee01bc05f2bb1a7b6afc59101ca8a3.jpg_710x360_d0c97d79.jpg〇https://imgs.qunarzz.com/sight/p0/1409/22/d7daa7a4f9d6e698b7b0855a358e1d52.jpg_710x360_54f58574.jpg〇https://imgs.qunarzz.com/sight/p0/1409/22/e2a6e46d95b846cff216ecf2e146c9d9.jpg_710x360_8ce7cfed.jpg〇https://imgs.qunarzz.com/sight/p0/1409/22/e6cb9f0b9d2f22cd0d9cd6adc06ed83d.jpg_710x360_1e6eff7a.jpg〇https://imgs.qunarzz.com/sight/p0/1409/22/1aee667fd9008e99cf0381016dd006c0.jpg_710x360_817700cf.jpg〇https://imgs.qunarzz.com/sight/p0/1409/22/e0a56c710dba91ac372eaa2f387d6d7d.jpg_710x360_cf5781db.jpg,"{""ret"": true, ""data"": {""tagList"": [{""tagType"": 0, ""tagScore"": 5, ""tagNum"": 0, ""tagName"": ""\u5168\u90e8""}], ""score"": 0.0, ""commentCount"": 0}, ""statusCode"": 200}"
宇宙奥秘生态农场,https://qimgs.qunarzz.com/piao_qsight_provider_piao_qsight_web/0103g1200093yy6el91C9_C_900_504.jpg_280x200_22b45f31.jpg,中山市,中山市,广东省中山市南合路合水幼儿园东北侧约260米,-1,-1.0,N/A,https://piao.qunar.com/ticket/detail_3360139085.html?st=a3clM0QlRTQlQjglQUQlRTUlQjElQjElRTUlQjglODIlMjZpZCUzRDUxMzMyOCUyNnR5cGUlM0QwJTI2aWR4JTNEMTUwJTI2cXQlM0QlMjZhcGslM0QyJTI2c2MlM0RXV1clMjZ1ciUzRCVFNCVCOCVBRCVFNSVCMSVCMSUyNmxyJTNEJUU0JUI4JUFEJUU1JUIxJUIxJTI2ZnQlM0QlN0IlN0Q%3D#from=mpl_search_suggest,-1.0,N/A,N/A,1/1-12/31；周一至周日；09:00-22:00开园,https://qimgs.qunarzz.com/piao_qsight_provider_piao_qsight_web/0103g1200093yy6el91C9_C_900_504.jpg_710x360_ff382b80.jpg〇https://qimgs.qunarzz.com/piao_qsight_provider_piao_qsight_web/0104a1200093yyg2025D1_C_900_504_Q90_Mtg_7.jpg_710x360_bc4c1e57.jpg〇https://qimgs.qunarzz.com/piao_qsight_provider_piao_qsight_web/0104j1200093yyjbm7B76_C_900_504_Q90_Mtg_7.jpg_710x360_69d95540.jpg〇https://qimgs.qunarzz.com/piao_qsight_provider_piao_qsight_web/010091200093yycqh7DBB_C_900_504_Q90_Mtg_7.jpg_710x360_020422ac.jpg〇https://qimgs.qunarzz.com/piao_qsight_provider_piao_qsight_web/0103g1200093yy6el91C9_C_900_504_Q90_Mtg_7.jpg_710x360_f268ba9f.jpg,"{""ret"": true, ""data"": {""tagList"": [{""tagType"": 0, ""tagScore"": 5, ""tagNum"": 0, ""tagName"": ""\u5168\u90e8""}], ""score"": 0.0, ""commentCount"": 0}, ""statusCode"": 200}"
紫马岭荔苑乐园,https://qimgs.qunarzz.com/piao_qsight_provider_piao_qsight_web/100b0x000000lgl8oDC21_C_900_504.jpg_280x200_eb9c70ec.jpg,中山市,中山市,广东省中山市东区街道中山五路紫马岭公园内(紫马岭公园),37,5.0,休闲游乐体验的同时充分感受到大自然文化,https://piao.qunar.com/ticket/detail_2295349413.html?st=a3clM0QlRTQlQjglQUQlRTUlQjElQjElRTUlQjglODIlMjZpZCUzRDQ2ODk3OCUyNnR5cGUlM0QwJTI2aWR4JTNEMTM1JTI2cXQlM0QlMjZhcGslM0QyJTI2c2MlM0RXV1clMjZ1ciUzRCVFNCVCOCVBRCVFNSVCMSVCMSUyNmxyJTNEJUU0JUI4JUFEJUU1JUIxJUIxJTI2ZnQlM0QlN0IlN0Q%3D#from=mpl_search_suggest,-1.0,N/A,荔苑乐园是紫马岭公园中的一颗明珠，乐园以紫马岭自然生态的荔枝林为主题，引入装饰华丽的豪华转马、飓风飞椅，惊险刺激的旋转迪士高、海盗船、碰碰车，身临其境的古堡惊魂、5D动感影院，以及魔幻自行车、海洋漂流、时速飞车、激战鲨鱼岛、自控飞机、青蛙公主等21套刺激好玩、科技含量高、现代先进的机动游乐设备，能满足不同年龄游客的娱乐需要。此外、乐园还设有一个新奇好玩、益智强身、休闲童趣的〝童趣森林〞游玩区供游客与低幼儿童免费亲子游玩、乐趣无穷。色彩绚丽的游乐设备、设施与林木葱郁的自然环境有机融合在一起，令游客在休闲游乐体验的同时充分感受到大自然文化所包涵的神奇韵味，乐享不停。,01/01-12/31；周一至周五；09:30-17:30开园,https://qimgs.qunarzz.com/piao_qsight_provider_piao_qsight_web/100b0x000000lgl8oDC21_C_900_504.jpg_710x360_d7fa15b2.jpg〇https://qimgs.qunarzz.com/piao_qsight_provider_piao_qsight_web/100p0x000000ldc046A8D_C_900_504_Q90_Mtg_7.jpg_710x360_2e2eca38.jpg〇https://qimgs.qunarzz.com/piao_qsight_provider_piao_qsight_web/100m0x000000lnl2tB102_C_900_504_Q90_Mtg_7.jpg_710x360_2ee1b53e.jpg〇https://qimgs.qunarzz.com/piao_qsight_provider_piao_qsight_web/100u0x000000le69a4F56_C_900_504_Q90_Mtg_7.jpg_710x360_420d0a98.jpg〇https://qimgs.qunarzz.com/piao_qsight_provider_piao_qsight_web/100n0x000000ld9ewA792_C_900_504_Q90_Mtg_7.jpg_710x360_246845d9.jpg〇https://qimgs.qunarzz.com/piao_qsight_provider_piao_qsight_web/100d0x000000lcpyt9A13_C_900_504_Q90_Mtg_7.jpg_710x360_e0752a6b.jpg〇https://qimgs.qunarzz.com/piao_qsight_provider_piao_qsight_web/100k0x000000lidrjC262_C_900_504_Q90_Mtg_7.jpg_710x360_9695dd48.jpg〇https://qimgs.qunarzz.com/piao_qsight_provider_piao_qsight_web/100u0x000000le69174AB_C_900_504_Q90_Mtg_7.jpg_710x360_e94588a4.jpg〇https://qimgs.qunarzz.com/piao_qsight_provider_piao_qsight_web/10030x000000lfxhf5696_C_900_504_Q90_Mtg_7.jpg_710x360_188ae97b.jpg〇https://qimgs.qunarzz.com/piao_qsight_provider_piao_qsight_web/100d0x000000lcpyyCA76_C_900_504_Q90_Mtg_7.jpg_710x360_85a8a60d.jpg〇https://qimgs.qunarzz.com/piao_qsight_provider_piao_qsight_web/100b0x000000lgl8oDC21_C_900_504_Q90_Mtg_7.jpg_710x360_789b12ed.jpg〇https://imgs.qunarzz.com/sight/p0/1807/61/6131a9284ca53cf0a3.img.jpg_710x360_cff39a57.jpg〇https://imgs.qunarzz.com/sight/p0/1807/5a/5a916f492484f784a3.img.jpg_710x360_873112c9.jpg〇https://imgs.qunarzz.com/sight/p0/1807/fc/fc215fb5b2406a69a3.img.jpg_710x360_a077d143.jpg〇https://imgs.qunarzz.com/sight/p0/1807/8e/8ee17dba1e9fd8b9a3.img.jpg_710x360_31ca7edc.jpg〇https://imgs.qunarzz.com/sight/p0/1807/86/86af48e9870106b4a3.img.jpg_710x360_772fe30c.jpg〇https://imgs.qunarzz.com/sight/p0/1807/14/144936a25c7f8cb2a3.img.jpg_710x360_873620b6.jpg〇https://imgs.qunarzz.com/sight/p0/1807/76/76e2e629c79e9104a3.img.jpg_710x360_0f9d1276.jpg〇https://imgs.qunarzz.com/sight/p0/1807/be/be57b7465113445da3.img.jpg_710x360_8b879a37.jpg〇https://imgs.qunarzz.com/sight/p0/1807/1e/1e07756f076233d7a3.img.jpg_710x360_4c7d64aa.jpg〇https://imgs.qunarzz.com/sight/p0/1807/86/866e3e243c6acb9aa3.img.jpg_710x360_b0d18107.jpg〇https://imgs.qunarzz.com/sight/p0/1807/28/2882c9c95ed66496a3.img.jpg_710x360_12836371.jpg〇https://imgs.qunarzz.com/sight/p0/1807/64/6492fea5b55eec6aa3.img.jpg_710x360_46edc971.jpg〇https://imgs.qunarzz.com/sight/p0/1807/c7/c7ee9daa77e6a163a3.img.jpg_710x360_98bc46d8.jpg〇https://imgs.qunarzz.com/sight/p0/1807/24/2436b37ad92b0378a3.img.jpg_710x360_e3730d54.jpg〇https://imgs.qunarzz.com/sight/p0/1807/4a/4ae3811e4ce23a2ea3.img.jpg_710x360_9f2ccfc2.jpg〇https://imgs.qunarzz.com/sight/p0/1807/ad/adccc1d2e977e76ca3.img.jpg_710x360_00570296.jpg〇https://imgs.qunarzz.com/sight/p0/1807/f2/f2cc6e93b69df437a3.img.jpg_710x360_6d501086.jpg〇https://imgs.qunarzz.com/sight/p0/1807/33/33d538e62e1f95a9a3.img.jpg_710x360_cfcf36f7.jpg〇https://imgs.qunarzz.com/sight/p0/1807/ab/ab9421258f3b0e97a3.img.jpg_710x360_3bd790f9.jpg〇https://imgs.qunarzz.com/sight/p0/1807/ce/ce61ee5b18a7e138a3.img.jpg_710x360_c5bc8edb.jpg〇https://imgs.qunarzz.com/sight/p0/1807/ba/bab1763cc9be751a3.img.jpg_710x360_8f2f5ffc.jpg〇https://imgs.qunarzz.com/sight/p0/1807/4d/4d96bac3979a2c0ea3.img.jpg_710x360_300e6537.jpg〇https://imgs.qunarzz.com/sight/p0/1807/ec/ecbaa947a3c61355a3.img.jpg_710x360_a5a78c22.jpg,"{""ret"": true, ""data"": {""tagList"": [{""tagType"": 1, ""tagScore"": 5, ""tagNum"": 37, ""tagName"": ""\u597d\u8bc4""}, {""tagType"": 0, ""tagScore"": 5, ""tagNum"": 37, ""tagName"": ""\u5168\u90e8""}], ""commentList"": [{""author"": ""s*8"", ""content"": ""\u7528\u6237\u672a\u70b9\u8bc4\uff0c\u7cfb\u7edf\u9ed8\u8ba4\u597d\u8bc4\u3002"", ""date"": ""2022-04-13"", ""score"": 5, ""commentId"": ""222276723"", ""imgs"": [], ""userNickName"": ""s*8"", ""replyCityName"": """", ""cityName"": """"}, {""author"": ""\u53bb*\u6237"", ""content"": ""\u7528\u6237\u672a\u70b9\u8bc4\uff0c\u7cfb\u7edf\u9ed8\u8ba4\u597d\u8bc4\u3002"", ""date"": ""2022-04-12"", ""score"": 5, ""commentId"": ""222271821"", ""imgs"": [], ""userNickName"": ""\u53bb*\u6237"", ""replyCityName"": """", ""cityName"": """"}, {""author"": ""a*1"", ""content"": ""\u7528\u6237\u672a\u70b9\u8bc4\uff0c\u7cfb\u7edf\u9ed8\u8ba4\u597d\u8bc4\u3002"", ""date"": ""2022-04-08"", ""score"": 5, ""commentId"": ""222259718"", ""imgs"": [], ""userNickName"": ""a*1"", ""replyCityName"": """", ""cityName"": """"}, {""author"": ""x*\u8bda"", ""content"": ""\u7528\u6237\u672a\u70b9\u8bc4\uff0c\u7cfb\u7edf\u9ed8\u8ba4\u597d\u8bc4\u3002"", ""date"": ""2022-04-06"", ""score"": 5, ""commentId"": ""222255040"", ""imgs"": [], ""userNickName"": ""x*\u8bda"", ""replyCityName"": """", ""cityName"": """"}, {""author"": ""j*9"", ""content"": ""\u7528\u6237\u672a\u70b9\u8bc4\uff0c\u7cfb\u7edf\u9ed8\u8ba4\u597d\u8bc4\u3002"", ""date"": ""2022-04-06"", ""score"": 5, ""commentId"": ""222255039"", ""imgs"": [], ""userNickName"": ""j*9"", ""replyCityName"": """", ""cityName"": """"}, {""author"": ""l*y"", ""content"": ""\u7528\u6237\u672a\u70b9\u8bc4\uff0c\u7cfb\u7edf\u9ed8\u8ba4\u597d\u8bc4\u3002"", ""date"": ""2022-04-06"", ""score"": 5, ""commentId"": ""222254346"", ""imgs"": [], ""userNickName"": ""l*y"", ""replyCityName"": """", ""cityName"": """"}, {""author"": ""v*8"", ""content"": ""\u7528\u6237\u672a\u70b9\u8bc4\uff0c\u7cfb\u7edf\u9ed8\u8ba4\u597d\u8bc4\u3002"", ""date"": ""2022-04-06"", ""score"": 5, ""commentId"": ""222253155"", ""imgs"": [], ""userNickName"": ""v*8"", ""replyCityName"": """", ""cityName"": """"}, {""author"": ""\u53bb*\u6237"", ""content"": ""\u7528\u6237\u672a\u70b9\u8bc4\uff0c\u7cfb\u7edf\u9ed8\u8ba4\u597d\u8bc4\u3002"", ""date"": ""2022-04-05"", ""score"": 5, ""commentId"": ""222246351"", ""imgs"": [], ""userNickName"": ""\u53bb*\u6237"", ""replyCityName"": """", ""cityName"": """"}, {""author"": ""d*3"", ""content"": ""\u7528\u6237\u672a\u70b9\u8bc4\uff0c\u7cfb\u7edf\u9ed8\u8ba4\u597d\u8bc4\u3002"", ""date"": ""2022-03-15"", ""score"": 5, ""commentId"": ""222148574"", ""imgs"": [], ""userNickName"": ""d*3"", ""replyCityName"": """", ""cityName"": """"}, {""author"": ""n*1"", ""content"": ""\u7528\u6237\u672a\u70b9\u8bc4\uff0c\u7cfb\u7edf\u9ed8\u8ba4\u597d\u8bc4\u3002"", ""date"": ""2022-03-15"", ""score"": 5, ""commentId"": ""222146664"", ""imgs"": [], ""userNickName"": ""n*1"", ""replyCityName"": """", ""cityName"": """"}], ""score"": 5.0, ""commentCount"": 37}, ""statusCode"": 200}"
陆皓东故居,https://imgs.qunarzz.com/sight/p97/201211/03/27f77600a090c14393835fbb.jpg_280x200_45f174b2.jpg,中山市,中山市,广东省中山市南朗镇翠亨村,-1,-1.0,建筑具有当地传统建筑特色，省级重点文物,https://piao.qunar.com/ticket/detail_732233635.html?st=a3clM0QlRTQlQjglQUQlRTUlQjElQjElRTUlQjglODIlMjZpZCUzRDE2MTczJTI2dHlwZSUzRDAlMjZpZHglM0QxMDUlMjZxdCUzRCUyNmFwayUzRDIlMjZzYyUzRFdXVyUyNnVyJTNEJUU0JUI4JUFEJUU1JUIxJUIxJTI2bHIlM0QlRTQlQjglQUQlRTUlQjElQjElMjZmdCUzRCU3QiU3RA%3D%3D#from=mpl_search_suggest,-1.0,N/A,陆皓东故居位于南朗镇翠亨村，由一道不高的庭院小墙围绕着。故居建于清代晚期，占地面积446平方米，建筑面积170平方米，是具当地传统建筑特色的二进三开间砖木结构平房。厅内悬挂有烈士大幅半身遗像，右边挂有烈士的公事略。1989年6月29日被广东省人民政府公布为省级重点文物保护单位。陆皓东原名中桂，字献香，1868年9月30日出生于此。烈士9岁而孤。为人聪明沉勇、真挚、诚恳、能书善画。年19在上海学电报，23岁毕业，任芜湖电报局领班旋又返粤居，常与孙中山谈论倾覆朝廷情事，义甚洽，风雨同床，起居相共。1895年他协助孙中山在香港成立兴中会总部，并决定武装起义袭取广州为革命根据地。他亲手绘制*旗，作为起义旗帜，为掩护革命党人不幸被捕。在狱中遭受严刑逼供，宁死不屈，当庭愤笔疾书，痛斥清政府腐败、投降卖国，“今事虽不成，此心甚慰，但一我可杀，而继我而起者，不可尽杀”！1895年11月7日英勇就义。孙中山后来称誉他是“中国有史以来”。,暂无,https://imgs.qunarzz.com/sight/p97/201211/03/27f77600a090c14393835fbb.jpg_710x360_f3fa6126.jpg,"{""ret"": true, ""data"": {""tagList"": [{""tagType"": 0, ""tagScore"": 5, ""tagNum"": 0, ""tagName"": ""\u5168\u90e8""}], ""score"": 0.0, ""commentCount"": 0}, ""statusCode"": 200}"
小马森林乐园,https://qimgs.qunarzz.com/piao_qsight_provider_piao_qsight_web/0103d12000cjj3blzA41F_C_900_504.jpg_280x200_fc9d89a4.jpg,中山市,中山市,中山市东区中山五路紫马岭公园内,-1,-1.0,N/A,https://piao.qunar.com/ticket/detail_1334304060.html?st=a3clM0QlRTQlQjglQUQlRTUlQjElQjElRTUlQjglODIlMjZpZCUzRDUyNjczOCUyNnR5cGUlM0QwJTI2aWR4JTNENzUlMjZxdCUzRCUyNmFwayUzRDIlMjZzYyUzRFdXVyUyNnVyJTNEJUU0JUI4JUFEJUU1JUIxJUIxJTI2bHIlM0QlRTQlQjglQUQlRTUlQjElQjElMjZmdCUzRCU3QiU3RA%3D%3D#from=mpl_search_suggest,-1.0,N/A,N/A,1/1-12/31；周一至周五；09:00-17:30开园；（17:00停止入园）,https://qimgs.qunarzz.com/piao_qsight_provider_piao_qsight_web/0103d12000cjj3blzA41F_C_900_504.jpg_710x360_f64b0ad5.jpg,"{""ret"": true, ""data"": {""tagList"": [{""tagType"": 0, ""tagScore"": 5, ""tagNum"": 0, ""tagName"": ""\u5168\u90e8""}], ""score"": 0.0, ""commentCount"": 0}, ""statusCode"": 200}"
【中山】小榄菊花会,https://qimgs.qunarzz.com/piao_qsight_provider_piao_qsight_web/35030y000000m77j0E8B5_C_900_504.jpg_280x200_fe01016e.jpg,中山市,中山市,广东省中山市小榄镇菊城御景花园,74,4.9,历史悠久的非遗菊艺,https://piao.qunar.com/ticket/detail_1926861003.html?st=a3clM0QlRTQlQjglQUQlRTUlQjElQjElRTUlQjglODIlMjZpZCUzRDE5Nzk5NiUyNnR5cGUlM0QwJTI2aWR4JTNEMTIwJTI2cXQlM0QlMjZhcGslM0QyJTI2c2MlM0RXV1clMjZ1ciUzRCVFNCVCOCVBRCVFNSVCMSVCMSUyNmxyJTNEJUU0JUI4JUFEJUU1JUIxJUIxJTI2ZnQlM0QlN0IlN0Q%3D#from=mpl_search_suggest,-1.0,N/A,"小榄镇是广东省中山市的重镇。菊花文化贯穿小榄的历史，初起有""菊试""、""菊社""等民间组织，后来逐渐演变成为每10年一度的""黄花会""。清代嘉庆甲戌年，有10个菊社联合举办大型菊花盛会，并相约以先人定居小榄时的甲戌年为一大盛会（即60年一届）。",11/29-12/18；周一至周日；待定,https://qimgs.qunarzz.com/piao_qsight_provider_piao_qsight_web/35030y000000m77j0E8B5_C_900_504.jpg_710x360_0b3e6701.jpg〇https://qimgs.qunarzz.com/piao_qsight_provider_piao_qsight_web/350b0y000000m9p7oFB90_C_900_504_Q90_Mtg_7.jpg_710x360_d4218cfa.jpg〇https://qimgs.qunarzz.com/piao_qsight_provider_piao_qsight_web/35020y000000m6v8qDE61_C_900_504_Q90_Mtg_7.jpg_710x360_b41edbcf.jpg〇https://qimgs.qunarzz.com/piao_qsight_provider_piao_qsight_web/35090y000000mfz66D1CA_C_900_504_Q90_Mtg_7.jpg_710x360_d61ac4a8.jpg〇https://qimgs.qunarzz.com/piao_qsight_provider_piao_qsight_web/35040y000000ltiyv0A39_C_900_504_Q90_Mtg_7.jpg_710x360_ff71b14b.jpg〇https://qimgs.qunarzz.com/piao_qsight_provider_piao_qsight_web/350n0y000000ltlnt4BDC_C_900_504_Q90_Mtg_7.jpg_710x360_acf58009.jpg〇https://qimgs.qunarzz.com/piao_qsight_provider_piao_qsight_web/35010y000000miel5E224_C_900_504_Q90_Mtg_7.jpg_710x360_e21c7b32.jpg〇https://qimgs.qunarzz.com/piao_qsight_provider_piao_qsight_web/350o0y000000m4bl36C77_C_900_504_Q90_Mtg_7.jpg_710x360_65d2d8a3.jpg〇https://qimgs.qunarzz.com/piao_qsight_provider_piao_qsight_web/35040y000000ltivkA75F_C_900_504_Q90_Mtg_7.jpg_710x360_caa522c3.jpg〇https://qimgs.qunarzz.com/piao_qsight_provider_piao_qsight_web/35020y000000meeleB55B_C_900_504_Q90_Mtg_7.jpg_710x360_3bb60922.jpg〇https://qimgs.qunarzz.com/piao_qsight_provider_piao_qsight_web/35030y000000m77j0E8B5_C_900_504_Q90_Mtg_7.jpg_710x360_3982fb2d.jpg〇https://imgs.qunarzz.com/sight/p0/1409/24/c5f9dfb269792315222ba62bfca7b017.jpg_710x360_f67b0e2f.jpg〇https://imgs.qunarzz.com/sight/p0/1409/24/e4c734db03db83ca73eeea3a37903005.jpg_710x360_d61c4f07.jpg〇https://imgs.qunarzz.com/sight/p0/1409/24/3c20a0c60aebfd15223cb81d162a1618.jpg_710x360_e0871cfb.jpg〇https://imgs.qunarzz.com/sight/p0/1409/24/e6215d076928819c1aab68335c90ed57.jpg_710x360_47afda3d.jpg〇https://qimgs.qunarzz.com/piao_qsight_provider_piao_qsight_web/d164415ecdad3537.jpg_710x360_f022e93d.jpg〇https://qimgs.qunarzz.com/piao_qsight_provider_piao_qsight_web/badf5452aee46a37.jpg_710x360_8ea8593c.jpg〇https://qimgs.qunarzz.com/piao_qsight_provider_piao_qsight_web/cad4131c21de7337.jpg_710x360_7205db3e.jpg,"{""ret"": true, ""data"": {""tagList"": [{""tagType"": 32, ""tagScore"": 5, ""tagNum"": 1, ""tagName"": ""\u670d\u52a1\u597d""}, {""tagType"": 16, ""tagScore"": 5, ""tagNum"": 1, ""tagName"": ""\u9760\u8c31""}, {""tagType"": 8, ""tagScore"": 5, ""tagNum"": 1, ""tagName"": ""\u4fbf\u5b9c""}, {""tagType"": 4, ""tagScore"": 5, ""tagNum"": 2, ""tagName"": ""\u53d6\u7968\u65b9\u4fbf""}, {""tagType"": 3, ""tagScore"": 5, ""tagNum"": 1, ""tagName"": ""\u5dee\u8bc4""}, {""tagType"": 2, ""tagScore"": 5, ""tagNum"": 2, ""tagName"": ""\u4e2d\u8bc4""}, {""tagType"": 1, ""tagScore"": 5, ""tagNum"": 71, ""tagName"": ""\u597d\u8bc4""}, {""tagType"": 0, ""tagScore"": 5, ""tagNum"": 74, ""tagName"": ""\u5168\u90e8""}], ""commentList"": [{""author"": ""\u53bb*\u6237"", ""content"": ""\u7528\u6237\u672a\u70b9\u8bc4\uff0c\u7cfb\u7edf\u9ed8\u8ba4\u597d\u8bc4\u3002"", ""date"": ""2024-01-04"", ""score"": 5, ""commentId"": ""230951947"", ""imgs"": [], ""userNickName"": ""\u53bb*\u6237"", ""replyCityName"": """", ""cityName"": """"}, {""author"": ""\u53bb*\u6237"", ""content"": ""\u7528\u6237\u672a\u70b9\u8bc4\uff0c\u7cfb\u7edf\u9ed8\u8ba4\u597d\u8bc4\u3002"", ""date"": ""2024-01-01"", ""score"": 5, ""commentId"": ""230914530"", ""imgs"": [], ""userNickName"": ""\u53bb*\u6237"", ""replyCityName"": """", ""cityName"": """"}, {""author"": ""a*0"", ""content"": ""\u7528\u6237\u672a\u70b9\u8bc4\uff0c\u7cfb\u7edf\u9ed8\u8ba4\u597d\u8bc4\u3002"", ""date"": ""2024-01-01"", ""score"": 5, ""commentId"": ""230913403"", ""imgs"": [], ""userNickName"": ""a*0"", ""replyCityName"": """", ""cityName"": """"}, {""author"": ""v*8"", ""content"": ""\u7528\u6237\u672a\u70b9\u8bc4\uff0c\u7cfb\u7edf\u9ed8\u8ba4\u597d\u8bc4\u3002"", ""date"": ""2024-01-01"", ""score"": 5, ""commentId"": ""230912047"", ""imgs"": [], ""userNickName"": ""v*8"", ""replyCityName"": """", ""cityName"": """"}, {""author"": ""\u53bb*\u6237"", ""content"": ""\u7528\u6237\u672a\u70b9\u8bc4\uff0c\u7cfb\u7edf\u9ed8\u8ba4\u597d\u8bc4\u3002"", ""date"": ""2024-01-01"", ""score"": 5, ""commentId"": ""230911671"", ""imgs"": [], ""userNickName"": ""\u53bb*\u6237"", ""replyCityName"": """", ""cityName"": """"}, {""author"": ""\u53bb*\u6237"", ""content"": ""\u7528\u6237\u672a\u70b9\u8bc4\uff0c\u7cfb\u7edf\u9ed8\u8ba4\u597d\u8bc4\u3002"", ""date"": ""2024-01-01"", ""score"": 5, ""commentId"": ""230909901"", ""imgs"": [], ""userNickName"": ""\u53bb*\u6237"", ""replyCityName"": """", ""cityName"": """"}, {""author"": ""z*3"", ""content"": ""\u7528\u6237\u672a\u70b9\u8bc4\uff0c\u7cfb\u7edf\u9ed8\u8ba4\u597d\u8bc4\u3002"", ""date"": ""2024-01-01"", ""score"": 5, ""commentId"": ""230909812"", ""imgs"": [], ""userNickName"": ""z*3"", ""replyCityName"": """", ""cityName"": """"}, {""author"": ""l*0"", ""content"": ""\u7528\u6237\u672a\u70b9\u8bc4\uff0c\u7cfb\u7edf\u9ed8\u8ba4\u597d\u8bc4\u3002"", ""date"": ""2024-01-01"", ""score"": 5, ""commentId"": ""230909692"", ""imgs"": [], ""userNickName"": ""l*0"", ""replyCityName"": """", ""cityName"": """"}, {""author"": ""i*5"", ""content"": ""\u7528\u6237\u672a\u70b9\u8bc4\uff0c\u7cfb\u7edf\u9ed8\u8ba4\u597d\u8bc4\u3002"", ""date"": ""2023-12-31"", ""score"": 5, ""commentId"": ""230902556"", ""imgs"": [], ""userNickName"": ""i*5"", ""replyCityName"": """", ""cityName"": """"}, {""author"": ""i*5"", ""content"": ""\u7528\u6237\u672a\u70b9\u8bc4\uff0c\u7cfb\u7edf\u9ed8\u8ba4\u597d\u8bc4\u3002"", ""date"": ""2023-12-31"", ""score"": 5, ""commentId"": ""230902554"", ""imgs"": [], ""userNickName"": ""i*5"", ""replyCityName"": """", ""cityName"": """"}], ""score"": 4.9, ""commentCount"": 74}, ""statusCode"": 200}"
兴中道,https://imgs.qunarzz.com/sight/p0/201403/07/8f74998ba01d51b02ce09bd3a22ddabd.jpg_280x200_3a7bf58c.jpg,中山市,中山市,广东省中山市兴中道,-1,-1.0,优质环境路段的典型代表,https://piao.qunar.com/ticket/detail_2742774989.html?st=a3clM0QlRTQlQjglQUQlRTUlQjElQjElRTUlQjglODIlMjZpZCUzRDk3MDIlMjZ0eXBlJTNEMCUyNmlkeCUzRDkwJTI2cXQlM0QlMjZhcGslM0QyJTI2c2MlM0RXV1clMjZ1ciUzRCVFNCVCOCVBRCVFNSVCMSVCMSUyNmxyJTNEJUU0JUI4JUFEJUU1JUIxJUIxJTI2ZnQlM0QlN0IlN0Q%3D#from=mpl_search_suggest,-1.0,N/A,兴中道是中山市改革开放后新建的交通要道之一，也是优质环境路段的典型代表。它集中了中山市全国绿化园林城市的特点，不仅绿化、美化得好，道路两旁的建筑物还各具有特色，成为中山市的政治、文化、宣传、科学、体育的中心。兴中道全长3.5公里，宽50米，中心绿化带宽11米，路面平坦宽阔。北起市人大、政协大楼，南至孙文纪念公园和博爱医院。市人大那座雄伟、高大的牌坊式建筑与孙文纪念公园高大的孙中山先生的塑像南北相对，遥相呼应，寓意孙中山先生为之奋斗的革命理想和振兴中华的蓝图正在实现，也构成了新的人文景观。漫步兴中道，我们可见到高大挺拔的大王椰子树屹立于路中间，羽状的长叶在风中摇曳像对游人招手致意。鲜艳的美人蕉四时怒放，婆娑芬芳的芒果树分列两旁。中心绿化带栽种着应时的花卉，品种瑰丽多姿。有：玫瑰、百日红、九里香、黄蝉、万寿菊、何氏凤仙、矮牵牛、矮石竹、天竺葵、马缨丹等等，并且加设了塑料花盆，小巧的盆花悬挂在绿树这间，这一切使整条兴中道花团锦簇，绚丽生辉。,暂无,https://imgs.qunarzz.com/sight/p0/201403/07/8f74998ba01d51b02ce09bd3a22ddabd.jpg_710x360_2d903a70.jpg〇https://qimgs.qunarzz.com/piao_qsight_provider_piao_qsight_web/213e80efe57be2f7.jpg_710x360_d371ea5b.jpg〇https://qimgs.qunarzz.com/piao_qsight_provider_piao_qsight_web/2baa17313b96b8f7.jpg_710x360_fee1b78e.jpg〇https://qimgs.qunarzz.com/piao_qsight_provider_piao_qsight_web/a2229e848146aef7.jpg_710x360_6b1d657d.jpg〇https://qimgs.qunarzz.com/piao_qsight_provider_piao_qsight_web/32646dd87a3c25f7.jpg_710x360_bd05026d.jpg〇https://qimgs.qunarzz.com/piao_qsight_provider_piao_qsight_web/7756ec327463d6f7.jpg_710x360_f8030e5b.jpg〇https://qimgs.qunarzz.com/piao_qsight_provider_piao_qsight_web/ee37ba2b378385f7.jpg_710x360_e03ed228.jpg〇https://qimgs.qunarzz.com/piao_qsight_provider_piao_qsight_web/578f0057ca36a2f7.jpg_710x360_4992d20d.jpg〇https://qimgs.qunarzz.com/piao_qsight_provider_piao_qsight_web/c5367694352d33f7.jpg_710x360_868d0c77.jpg〇https://qimgs.qunarzz.com/piao_qsight_provider_piao_qsight_web/b2a15332743e25f7.jpg_710x360_209d7dba.jpg〇https://qimgs.qunarzz.com/piao_qsight_provider_piao_qsight_web/787dea6f248d3bf7.jpg_710x360_2d26840b.jpg〇https://qimgs.qunarzz.com/piao_qsight_provider_piao_qsight_web/6b258890b087cbf7.jpg_710x360_243c88db.jpg〇https://qimgs.qunarzz.com/piao_qsight_provider_piao_qsight_web/9d4561a4105ac1f7.jpg_710x360_233baf01.jpg,"{""ret"": true, ""data"": {""tagList"": [{""tagType"": 0, ""tagScore"": 5, ""tagNum"": 0, ""tagName"": ""\u5168\u90e8""}], ""score"": 0.0, ""commentCount"": 0}, ""statusCode"": 200}"
菊城酒厂,https://mp-piao-admincp.qunarzz.com/mp_piao_admin_mp_piao_admin/admin/20217/30d54820c6727b9958d585769ab3c5c2.png_280x200_7ef61cce.png,中山市,中山市,裕恒南路2号,-1,-1.0,N/A,https://piao.qunar.com/ticket/detail_3119452790.html?st=a3clM0QlRTQlQjglQUQlRTUlQjElQjElRTUlQjglODIlMjZpZCUzRDUzODYyNiUyNnR5cGUlM0QwJTI2aWR4JTNEMTkzJTI2cXQlM0QlMjZhcGslM0QyJTI2c2MlM0RXV1clMjZ1ciUzRCVFNCVCOCVBRCVFNSVCMSVCMSUyNmxyJTNEJUU0JUI4JUFEJUU1JUIxJUIxJTI2ZnQlM0QlN0IlN0Q%3D#from=mpl_search_suggest,-1.0,N/A,N/A,"1/1-12/31；周一至周六；09:00-12:00,13:30-17:30开园",https://mp-piao-admincp.qunarzz.com/mp_piao_admin_mp_piao_admin/admin/20217/30d54820c6727b9958d585769ab3c5c2.png_710x360_c2302e12.png,"{""ret"": true, ""data"": {""tagList"": [{""tagType"": 0, ""tagScore"": 5, ""tagNum"": 0, ""tagName"": ""\u5168\u90e8""}], ""score"": 0.0, ""commentCount"": 0}, ""statusCode"": 200}"
斗秀场,https://imgs.qunarzz.com/sight/p0/1901/18/18cd5302d7bbd98ba3.img.jpg_280x200_3cf42c99.jpg,中山市,中山市,广东省中山市古镇同兴路98号利和购物中心古镇店2楼,-1,-1.0,在这里打卡，给对方你的承诺,https://piao.qunar.com/ticket/detail_4165655381.html?st=a3clM0QlRTQlQjglQUQlRTUlQjElQjElRTUlQjglODIlMjZpZCUzRDQ3MDMzNyUyNnR5cGUlM0QwJTI2aWR4JTNEMTgwJTI2cXQlM0QlMjZhcGslM0QyJTI2c2MlM0RXV1clMjZ1ciUzRCVFNCVCOCVBRCVFNSVCMSVCMSUyNmxyJTNEJUU0JUI4JUFEJUU1JUIxJUIxJTI2ZnQlM0QlN0IlN0Q%3D#from=mpl_search_suggest,-1.0,N/A,一只只甜甜圈被粘到墙上，可爱得让人真想大吃一口。置身于粉嫩嫩的氛围，整个人都忍不住要变得“可爱”起来。戴上拳套、站上擂台再给个凌厉眼神不耍帅不知道原来自己也有这么英气的一面这也被称为幸福的背景在这里打卡，给对方你的承诺,暂无,https://imgs.qunarzz.com/sight/p0/1901/18/18cd5302d7bbd98ba3.img.jpg_710x360_3c823fa2.jpg〇https://imgs.qunarzz.com/sight/p0/1901/41/4134bff6f6cb2a21a3.img.jpg_710x360_7015f133.jpg〇https://imgs.qunarzz.com/sight/p0/1901/72/7256583db4313d74a3.img.jpg_710x360_f8a0662d.jpg〇https://imgs.qunarzz.com/sight/p0/1901/fa/fa0b060ef1efb429a3.img.jpg_710x360_f6736b9b.jpg〇https://imgs.qunarzz.com/sight/p0/1901/58/5841f865b018436ea3.img.jpg_710x360_511285f5.jpg〇https://imgs.qunarzz.com/sight/p0/1901/88/88f4953f7c2b74a9a3.img.jpg_710x360_0a9f8102.jpg,"{""ret"": true, ""data"": {""tagList"": [{""tagType"": 0, ""tagScore"": 5, ""tagNum"": 0, ""tagName"": ""\u5168\u90e8""}], ""score"": 0.0, ""commentCount"": 0}, ""statusCode"": 200}"
星趣童堡(天奕星河COCO City店),https://mp-piao-admincp.qunarzz.com/mp_piao_admin_mp_piao_admin/admin/20217/30d54820c6727b9958d585769ab3c5c2.png_280x200_7ef61cce.png,中山市,中山市,广东省中山市东区中山六路1号天奕星河COCO CityF3,-1,-1.0,N/A,https://piao.qunar.com/ticket/detail_3897313227.html?st=a3clM0QlRTQlQjglQUQlRTUlQjElQjElRTUlQjglODIlMjZpZCUzRDUzOTA2NSUyNnR5cGUlM0QwJTI2aWR4JTNEMTc5JTI2cXQlM0QlMjZhcGslM0QyJTI2c2MlM0RXV1clMjZ1ciUzRCVFNCVCOCVBRCVFNSVCMSVCMSUyNmxyJTNEJUU0JUI4JUFEJUU1JUIxJUIxJTI2ZnQlM0QlN0IlN0Q%3D#from=mpl_search_suggest,-1.0,N/A,N/A,1/1-12/31；周一至周日；10:00-22:00开园,https://mp-piao-admincp.qunarzz.com/mp_piao_admin_mp_piao_admin/admin/20217/30d54820c6727b9958d585769ab3c5c2.png_710x360_c2302e12.png,"{""ret"": true, ""data"": {""tagList"": [{""tagType"": 0, ""tagScore"": 5, ""tagNum"": 0, ""tagName"": ""\u5168\u90e8""}], ""score"": 0.0, ""commentCount"": 0}, ""statusCode"": 200}"
中山夏威夷游泳馆（康华路店）,https://imgs.qunarzz.com/sight/p0/1505/75/75d81dfd403f1bc1.water.jpg_280x200_f922c165.jpg,中山市,中山市,广东中山市石岐区康华路东段北侧（沙岗墟旁）,-1,-1.0,水池管理均采全自动电脑控制系统,https://piao.qunar.com/ticket/detail_3778584361.html?st=a3clM0QlRTQlQjglQUQlRTUlQjElQjElRTUlQjglODIlMjZpZCUzRDQ1MDM0MSUyNnR5cGUlM0QwJTI2aWR4JTNEMTc4JTI2cXQlM0QlMjZhcGslM0QyJTI2c2MlM0RXV1clMjZ1ciUzRCVFNCVCOCVBRCVFNSVCMSVCMSUyNmxyJTNEJUU0JUI4JUFEJUU1JUIxJUIxJTI2ZnQlM0QlN0IlN0Q%3D#from=mpl_search_suggest,-1.0,N/A,（石岐店）座落在石岐区康华路东段沙岗墟旁，（小榄店）座落在小榄镇海傍北路沙口小榄大酒店正前面。石岐店占地一万多平方米，室内为五千平方米。 中心集运动、健身、水疗、养生、美容、塑身、餐饮。男女老少皆适宜使用。本馆拥有优质的水处理系统。水池管理均采全自动电脑控制系统、高科技03臭氧灭菌消毒等程序，随时确保水质稳定。全年温水电脑控热处理，一年四季都能下水畅游戏水。本中心引进欧、日、台湾健康流行趋势，斥资引进十七大项、共一百多组水疗设备，全年温水设计，热带雨林景观，利用活氧及水的能量按摩全身所有穴位，帮助肌肉放松及促进血液循环，具有养生、复健、释放身心压力之绝佳效果！水疗池项目包括：立式浮浴／立式涌泉／瀑布灌顶按摩浴／鹅颈瀑布泉／强力按摩浴／气泡躺椅浴／按摩座椅浴／仰式全身按摩浴／情人按摩椅浴／强力冲击泉／脚底按摩健康步道／大型濂幕瀑布浴／灌顶落泉／漩涡涌泉浴／立式全身按摩池／超音波有氧池／雨林浴。,暂无,https://imgs.qunarzz.com/sight/p0/1505/75/75d81dfd403f1bc1.water.jpg_710x360_f1fda5a7.jpg〇https://imgs.qunarzz.com/sight/p0/1505/8a/8ae4d924ada2ff14.water.jpg_710x360_421b4924.jpg〇https://imgs.qunarzz.com/sight/p0/1505/1d/1dd73faf71aae499.water.jpg_710x360_fdf90378.jpg〇https://imgs.qunarzz.com/sight/p0/1505/3c/3cf6d38835570235.water.jpg_710x360_847cfda4.jpg〇https://imgs.qunarzz.com/sight/p0/1505/d9/d93532f4ea64604e.water.jpg_710x360_e123ede2.jpg,"{""ret"": true, ""data"": {""tagList"": [{""tagType"": 0, ""tagScore"": 5, ""tagNum"": 0, ""tagName"": ""\u5168\u90e8""}], ""score"": 0.0, ""commentCount"": 0}, ""statusCode"": 200}"
红木文化博览城,https://imgs.qunarzz.com/sight/p0/1705/7c/7c2905e2c16628c1a3.water.jpg_280x200_ca870537.jpg,中山市,中山市,广东省中山市大涌镇歧涌路（大涌牌坊前进200米）,-1,-1.0,大涌特色文化旅游旗舰景区,https://piao.qunar.com/ticket/detail_508568891.html?st=a3clM0QlRTQlQjglQUQlRTUlQjElQjElRTUlQjglODIlMjZpZCUzRDQ2MzQzNiUyNnR5cGUlM0QwJTI2aWR4JTNEMTc3JTI2cXQlM0QlMjZhcGslM0QyJTI2c2MlM0RXV1clMjZ1ciUzRCVFNCVCOCVBRCVFNSVCMSVCMSUyNmxyJTNEJUU0JUI4JUFEJUU1JUIxJUIxJTI2ZnQlM0QlN0IlN0Q%3D#from=mpl_search_suggest,-1.0,N/A,中国（大涌）红木文化博览城总占地300亩，总建筑面积达80万平方米，总投资48亿元，按国家5A旅游景区的标准进行规划，打造成古典的中式建筑群落。红博城是大涌特色文化旅游的一大旗舰景区，也是大涌镇产业转型升级的重要引擎，将探索和带动业态创新，带动产城融合发展，加速人才集聚，对红木家具产业的转型升级意义重大。项目立足打造全国范围内的红木“文商旅”综合体，将建成国内集岭南、江南、徽派、仿古建筑风格于一体的古典中式建筑群落，建设会议展览中心、“千年走一回”博物馆群落、岭南文化街、岭南匠艺廊、红木家具展销中心、红博城酒店组团、红木产业总部大厦、隆都里新人文体验美食街区、非遗印象园等载体，带动中华传统文化产品集中销售，举办产业高峰论坛、艺术交流、鉴赏、拍卖、会展等文化活动，致力为客商和消费者提供一个展示源远流长中华文化和红木生活方式的舞台，将中华文化发扬光大。,暂无,https://imgs.qunarzz.com/sight/p0/1705/7c/7c2905e2c16628c1a3.water.jpg_710x360_678f3b6d.jpg〇https://imgs.qunarzz.com/sight/p0/1705/32/320f3b260932c28ca3.water.jpg_710x360_a38fa3fe.jpg〇https://imgs.qunarzz.com/sight/p0/1705/f1/f112b3c9298b22fa3.water.jpg_710x360_0a8d8336.jpg,"{""ret"": true, ""data"": {""tagList"": [{""tagType"": 0, ""tagScore"": 5, ""tagNum"": 0, ""tagName"": ""\u5168\u90e8""}], ""score"": 0.0, ""commentCount"": 0}, ""statusCode"": 200}"
神湾大果园,https://mp-piao-admincp.qunarzz.com/mp_piao_admin_mp_piao_admin/admin/20217/30d54820c6727b9958d585769ab3c5c2.png_280x200_7ef61cce.png,中山市,中山市,中山市神湾镇沙岗村沙岗上巷,-1,-1.0,N/A,https://piao.qunar.com/ticket/detail_2496350310.html?st=a3clM0QlRTQlQjglQUQlRTUlQjElQjElRTUlQjglODIlMjZpZCUzRDUwNjg3MCUyNnR5cGUlM0QwJTI2aWR4JTNEMTc1JTI2cXQlM0QlMjZhcGslM0QyJTI2c2MlM0RXV1clMjZ1ciUzRCVFNCVCOCVBRCVFNSVCMSVCMSUyNmxyJTNEJUU0JUI4JUFEJUU1JUIxJUIxJTI2ZnQlM0QlN0IlN0Q%3D#from=mpl_search_suggest,-1.0,N/A,N/A,10:00-18:00,https://mp-piao-admincp.qunarzz.com/mp_piao_admin_mp_piao_admin/admin/20217/30d54820c6727b9958d585769ab3c5c2.png_710x360_c2302e12.png,"{""ret"": true, ""data"": {""tagList"": [{""tagType"": 0, ""tagScore"": 5, ""tagNum"": 0, ""tagName"": ""\u5168\u90e8""}], ""score"": 0.0, ""commentCount"": 0}, ""statusCode"": 200}"
POPO飞来的乐园,https://imgs.qunarzz.com/sight/p0/1908/3f/3f1ef283cce19ab1a3.water.jpg_280x200_c1ae6ddf.jpg,中山市,中山市,中山市沙溪镇沙溪大道6号永旺中山时代店2层,-1,-1.0,儿童的室内游戏乐园,https://piao.qunar.com/ticket/detail_337973330.html?st=a3clM0QlRTQlQjglQUQlRTUlQjElQjElRTUlQjglODIlMjZpZCUzRDQ3NTI4MSUyNnR5cGUlM0QwJTI2aWR4JTNEMTczJTI2cXQlM0QlMjZhcGslM0QyJTI2c2MlM0RXV1clMjZ1ciUzRCVFNCVCOCVBRCVFNSVCMSVCMSUyNmxyJTNEJUU0JUI4JUFEJUU1JUIxJUIxJTI2ZnQlM0QlN0IlN0Q%3D#from=mpl_search_suggest,-1.0,N/A,POPO飞来的乐园是为2-8岁的儿童设计的室内游戏场地，通过在乐园内游玩各种游乐设备，可以培养孩子的勇气，爱心和创造力，强健身体、促进大脑发育，让孩子们拥有一个美好的童年，让不同年龄层的儿童互相交流，培养人际关系和社会意识。,2019年7月21日-2020年2月2日:周二至周日10:00-22:00；周一13:00-22:00。,https://imgs.qunarzz.com/sight/p0/1908/3f/3f1ef283cce19ab1a3.water.jpg_710x360_5355affc.jpg,"{""ret"": true, ""data"": {""tagList"": [{""tagType"": 0, ""tagScore"": 5, ""tagNum"": 0, ""tagName"": ""\u5168\u90e8""}], ""score"": 0.0, ""commentCount"": 0}, ""statusCode"": 200}"
燕子城堡儿童乐园,https://imgs.qunarzz.com/sight/p0/1411/79/76352ca5cb0a01b7db29b583097717de.water.jpg_280x200_7621a955.jpg,中山市,中山市,广东省中山市西区富华道389号水牛城商业广场二楼,-1,-1.0,体贴入微的儿童乐园,https://piao.qunar.com/ticket/detail_1669837421.html?st=a3clM0QlRTQlQjglQUQlRTUlQjElQjElRTUlQjglODIlMjZpZCUzRDE5OTU3MCUyNnR5cGUlM0QwJTI2aWR4JTNEMTcyJTI2cXQlM0QlMjZhcGslM0QyJTI2c2MlM0RXV1clMjZ1ciUzRCVFNCVCOCVBRCVFNSVCMSVCMSUyNmxyJTNEJUU0JUI4JUFEJUU1JUIxJUIxJTI2ZnQlM0QlN0IlN0Q%3D#from=mpl_search_suggest,-1.0,N/A,乐园配套完善，并非常注重园内的卫生及小朋友的健康，每个小朋友入场都要对小手进行消毒，并测量体温，如果体温高的话是不建议入场的。乐园每晚都会对全场的所有玩具进行消毒，同时还为家长准备了时尚杂志及育儿书籍，还有综艺节目可以看，为防止小朋友们着凉，我们还准备了吹风机，离场前要把孩子的头发吹干，每一个注册的会员我们都会免费送一张宝宝的照片，我们还为孩子准备了丰富的手工画，来培养孩子的动手能力和专注力。,暂无,https://imgs.qunarzz.com/sight/p0/1411/79/76352ca5cb0a01b7db29b583097717de.water.jpg_710x360_43aac380.jpg〇https://imgs.qunarzz.com/sight/p0/1411/3f/335de8ab1eac4939d87aa737eef6b066.water.jpg_710x360_1cd06934.jpg,"{""ret"": true, ""data"": {""tagList"": [{""tagType"": 0, ""tagScore"": 5, ""tagNum"": 0, ""tagName"": ""\u5168\u90e8""}], ""score"": 0.0, ""commentCount"": 0}, ""statusCode"": 200}"
牧语田园,https://qimgs.qunarzz.com/piao_qsight_provider_piao_qsight_web/0101u12000ag9b0s1702C_C_900_504.jpg_280x200_572fd1cc.jpg,中山市,中山市,广东省中山市山水电子(中国)有限公司东北,-1,-1.0,N/A,https://piao.qunar.com/ticket/detail_894946084.html?st=a3clM0QlRTQlQjglQUQlRTUlQjElQjElRTUlQjglODIlMjZpZCUzRDUyOTg0NiUyNnR5cGUlM0QwJTI2aWR4JTNEMTcxJTI2cXQlM0QlMjZhcGslM0QyJTI2c2MlM0RXV1clMjZ1ciUzRCVFNCVCOCVBRCVFNSVCMSVCMSUyNmxyJTNEJUU0JUI4JUFEJUU1JUIxJUIxJTI2ZnQlM0QlN0IlN0Q%3D#from=mpl_search_suggest,-1.0,N/A,N/A,具体营业状态以当天开放情况为准,https://qimgs.qunarzz.com/piao_qsight_provider_piao_qsight_web/0101u12000ag9b0s1702C_C_900_504.jpg_710x360_8aacede2.jpg〇https://qimgs.qunarzz.com/piao_qsight_provider_piao_qsight_web/0100912000ag9b8bi72CF_C_900_504_Q90_Mtg_7.jpg_710x360_4958b49f.jpg〇https://qimgs.qunarzz.com/piao_qsight_provider_piao_qsight_web/0105n12000ag9b57fAB10_C_900_504_Q90_Mtg_7.jpg_710x360_613944b4.jpg〇https://qimgs.qunarzz.com/piao_qsight_provider_piao_qsight_web/0104012000ag9azgg13BD_C_900_504_Q90_Mtg_7.jpg_710x360_56bcecf2.jpg〇https://qimgs.qunarzz.com/piao_qsight_provider_piao_qsight_web/0104w12000ag9azghD83B_C_900_504_Q90_Mtg_7.jpg_710x360_f34318e0.jpg〇https://qimgs.qunarzz.com/piao_qsight_provider_piao_qsight_web/0104b12000ag9az91124D_C_900_504_Q90_Mtg_7.jpg_710x360_d1810032.jpg〇https://qimgs.qunarzz.com/piao_qsight_provider_piao_qsight_web/0105m12000ag9aytnB45E_C_900_504_Q90_Mtg_7.png_710x360_7aa1cf76.png〇https://qimgs.qunarzz.com/piao_qsight_provider_piao_qsight_web/0104q12000ag9az0sEE43_C_900_504_Q90_Mtg_7.jpg_710x360_1b7c832e.jpg〇https://qimgs.qunarzz.com/piao_qsight_provider_piao_qsight_web/0103u12000ag9asllC474_C_900_504_Q90_Mtg_7.jpg_710x360_78cddb5b.jpg〇https://qimgs.qunarzz.com/piao_qsight_provider_piao_qsight_web/0101k12000ag9atzpB70D_C_900_504_Q90_Mtg_7.jpg_710x360_35b03cab.jpg〇https://qimgs.qunarzz.com/piao_qsight_provider_piao_qsight_web/0101u12000ag9b0s1702C_C_900_504_Q90_Mtg_7.jpg_710x360_6a9b0b60.jpg,"{""ret"": true, ""data"": {""tagList"": [{""tagType"": 0, ""tagScore"": 5, ""tagNum"": 0, ""tagName"": ""\u5168\u90e8""}], ""score"": 0.0, ""commentCount"": 0}, ""statusCode"": 200}"
陈氏书院宗亲会,https://imgs.qunarzz.com/sight/p0/1711/ba/baee173dc96195cca3.water.jpg_280x200_d0740efb.jpg,中山市,中山市,"172 Jalan Petaling, Kuala Lumpur, Malaysia",1,4.0,马来仅有的南粤古建筑,https://piao.qunar.com/ticket/detail_1937792674.html?st=a3clM0QlRTQlQjglQUQlRTUlQjElQjElRTUlQjglODIlMjZpZCUzRDUwMDElMjZ0eXBlJTNEMCUyNmlkeCUzRDYwJTI2cXQlM0QlMjZhcGslM0QyJTI2c2MlM0RXV1clMjZ1ciUzRCVFNCVCOCVBRCVFNSVCMSVCMSUyNmxyJTNEJUU0JUI4JUFEJUU1JUIxJUIxJTI2ZnQlM0QlN0IlN0Q%3D#from=mpl_search_suggest,-1.0,N/A,陈氏书院，俗称陈家祠。筹建于清光绪十四年（1888），光绪二十年（1894）落成，历时七年。陈氏书院是典型的岭南祠堂式建筑，原占地三万多平方米，现占地面积15000平方米，主体建筑面积为6400平方米，由大小十九座硬山抬梁式建筑组成的院落式建筑群。建筑布局主次分明，纵横规整，庭院相隔，它集中了广东民间建筑装饰艺术之大成，在陈氏书院建筑装饰上分别运用木雕、砖雕、石雕、灰塑、陶塑、铜铁铸和绘画等工艺，被称为“陈家祠七绝”。1986年被国务院公布为全国重点文物保护单位，2002年又以“古祠留芳”之名入选“新世纪羊城八景”,1/1-12/31；周一至周日；09:00-17:00开园,https://imgs.qunarzz.com/sight/p0/1711/ba/baee173dc96195cca3.water.jpg_710x360_2285fd2d.jpg,"{""ret"": true, ""data"": {""tagList"": [{""tagType"": 1, ""tagScore"": 5, ""tagNum"": 1, ""tagName"": ""\u597d\u8bc4""}, {""tagType"": 0, ""tagScore"": 5, ""tagNum"": 1, ""tagName"": ""\u5168\u90e8""}], ""commentList"": [{""author"": ""\u7b71*\u59ff"", ""content"": ""\u5e7f\u5dde\u73a9\u4e50\uff5c\u6c11\u95f4\u5de5\u827a\u535a\u7269\u9986\ud83c\udf1f\u535a\u7269\u9986\u7684\u6700\u5927\u6280\u672f\u7279\u8272\uff1a\u4e03\u7edd\u5de5\u827a\ud83c\udf84\u4e09\u96d5\uff08\u6728\u96d5\u3001\u7816\u96d5\u3001\u77f3\u96d5\uff09\ud83c\udf84\u4e24\u5851\uff08\u9676\u5851\u3001\u7070\u5851\uff1a\u77f3\u7070\u3001\u7cef\u7c73\u7b49\uff0c\u6ca1\u6709\u70e7\u5236\u5f88\u5bb9\u6613\u6389\u8272\uff09\ud83c\udf84\u94dc\u94c1\u94f8\u3001\ud83c\udf84\u5f69\u7ed8\u666f\u70b9\u4eae\u70b9\uff1a\ud83c\udf3c\u5e7f\u5dde\u76ee\u524d\u6700\u5927\u7684\u95e8\u795e\uff1a\u79e6\u743c\u3001\u5c09\u8fdf\u606d\uff082\u7c73\u9ad8\uff09\ud83c\udf3c\u805a\u8d24\u5802\uff08\u6838\u5fc3\u89c2\u666f\u70b9\uff091981\u5e74\u91cd\u4fee\u6625\u79cb\u796d\u7940\u3001\u4e5f\u662f\u7701\u57ce\u529e\u4e8b\u4e3b\u5730\u533a\uff08\u8bae\u4e8b\u5385\uff09\u91d1\u67f1\uff08\u6728+\u77f3\u58a9\u96d5\u523b\u6768\u6843\uff09\u6728\u96d5\uff1a\u867e\u87f9\u7b3c\u2014\u9542\u96d5/\u523b\u9f99\u7eb9\u795e\u4ead\uff08\u7f57\u7538\u3001\u8c61\u7259\u3001\u6c49\u767d\u7389\u7b49\u7b49\uff09/\u5927\u795e\u4ead\u91d1\u7b94\ud83c\udf3c\u603b\u5802\uff085\u4e2a\u795e\u9f9b+5\u4f9b\uff09\u6700\u591a\u7684\u65f6\u5019\u67091\u4e072\u5343\u591a\u4e2a\u795e\u9f9b\uff0c\u76ee\u524d\u7559\u67092\u4e2a\u653e\u5728\u535a\u7269\u9986\uff0c\u795e\u724c\u96c6\u8d44\u65b9\u5f0f\u5f88\u5389\u5bb3\uff0c\u5f88\u6709\u7ecf\u6d4e\u5934\u8111\u3002\ud83c\udf3c\u540e\u8fdb\u4e1c\u5385\uff1a\u5cad\u5357\u6587\u5316\u5de5\u827a\u54c1\u5c55\u793a1\u20e3\ufe0f\u8c61\u7259\u96d5\u523b\u3001\u8c61\u7259\u7403\uff08\u6700\u591a\u7684\u670957\u5c42\u7259\u7403\uff09\u3001\u5fae\u96d5\u3001\u5706\u96d5\u3001\u6d6e\u96d5\u3001\u9576\u5d4c2\u20e3\ufe0f\u5de5\u5177\u548c\u5236\u4f5c\u65b9\u6cd53\u20e3\ufe0f\u5e7f\u7ee3\uff08\u5e7f\u7ee3\u548c\u6f6e\u6c55\u523a\u7ee3\u7ec4\u6210\u7ca4\u79c0\uff09\u3001\u6984\u96d5\uff08\u6a44\u6984\u6838\uff09\u3001\u73d0\u7405\u3001\u7389\u96d5\uff08\u548c\u7530\u7389\u4e3a\u4e3b\uff09\ud83c\udf3c\u4e2d\u8fdb\u4e1c\u5385\u8d1d\u7f00\u3001\u91d1\u6f06\u6728\u96d5\u767e\u9e1f\u671d\u51f0\uff08\u4f55\u957f\u6e05\u9057\u4f5c\uff09\u3001\u8087\u5e86\u7aef\u781a\uff08\u5929\u7136\u5f62\u6210\uff09\u3001\u94dc\u5d2d\u523b\u3001\u6f6e\u5dde\u5d4c\u74f7\uff08\u620f\u66f2\u6545\u4e8b\uff09\ud83c\udf3c\u4e1c\u53a2\u623f\uff1a\u5bb6\u5177\u5c55\u7f57\u6c49\u5e8a\uff08\u9e26\u7247\u5e8a\uff09\u3001\u4e3b\u5bdd\u5ba4\u3001\u4e66\u623f\u3001\u5e7f\u5dde\u5957\u8272\u73bb\u7483\u3001\u504f\u5385\u3001\u897f\u5173\u5927\u5c4b\u6a21\u578b\uff08\u56db\u5468\u6ca1\u6709\u7a97\u6237\u3001\u53ea\u6709\u5929\u7a97\uff09\u3002\u5cad\u5357\u4f20\u7edf\u5efa\u7b51\u88c5\u9970\u827a\u672f\ud83c\udfa8"", ""date"": ""2019-12-25"", ""score"": 4, ""commentId"": ""213740200"", ""imgs"": [{""small"": ""https://mp-piao-admincp.qunarzz.com/mp_piao_admin_mp_piao_admin/fusion/201912/b49fc102a665c31c3aaae6ed0b702cd3.jpg_120x120_b5ae311b.jpg"", ""title"": """", ""big"": ""https://mp-piao-admincp.qunarzz.com/mp_piao_admin_mp_piao_admin/fusion/201912/b49fc102a665c31c3aaae6ed0b702cd3.jpg""}, {""small"": ""https://mp-piao-admincp.qunarzz.com/mp_piao_admin_mp_piao_admin/fusion/201912/24afb3c14e914330a8a651c5d523b6c0.jpg_120x120_8565ca08.jpg"", ""title"": """", ""big"": ""https://mp-piao-admincp.qunarzz.com/mp_piao_admin_mp_piao_admin/fusion/201912/24afb3c14e914330a8a651c5d523b6c0.jpg""}, {""small"": ""https://mp-piao-admincp.qunarzz.com/mp_piao_admin_mp_piao_admin/fusion/201912/ef6de485e5d6d1636dcff50758235a78.jpg_120x120_841b2737.jpg"", ""title"": """", ""big"": ""https://mp-piao-admincp.qunarzz.com/mp_piao_admin_mp_piao_admin/fusion/201912/ef6de485e5d6d1636dcff50758235a78.jpg""}, {""small"": ""https://mp-piao-admincp.qunarzz.com/mp_piao_admin_mp_piao_admin/fusion/201912/34c5439b492483bd072cbcae0834e4c0.jpg_120x120_dca27cf0.jpg"", ""title"": """", ""big"": ""https://mp-piao-admincp.qunarzz.com/mp_piao_admin_mp_piao_admin/fusion/201912/34c5439b492483bd072cbcae0834e4c0.jpg""}, {""small"": ""https://mp-piao-admincp.qunarzz.com/mp_piao_admin_mp_piao_admin/fusion/201912/68d45ecada54ed29f7f67d0d631041c0.jpg_120x120_0829dad7.jpg"", ""title"": """", ""big"": ""https://mp-piao-admincp.qunarzz.com/mp_piao_admin_mp_piao_admin/fusion/201912/68d45ecada54ed29f7f67d0d631041c0.jpg""}, {""small"": ""https://mp-piao-admincp.qunarzz.com/mp_piao_admin_mp_piao_admin/fusion/201912/e36d684d147464731bee80ba728c68b5.jpg_120x120_336069a7.jpg"", ""title"": """", ""big"": ""https://mp-piao-admincp.qunarzz.com/mp_piao_admin_mp_piao_admin/fusion/201912/e36d684d147464731bee80ba728c68b5.jpg""}, {""small"": ""https://mp-piao-admincp.qunarzz.com/mp_piao_admin_mp_piao_admin/fusion/201912/ea2c26249bc2ca762cb23f07d3531dc6.jpg_120x120_ae3c836b.jpg"", ""title"": """", ""big"": ""https://mp-piao-admincp.qunarzz.com/mp_piao_admin_mp_piao_admin/fusion/201912/ea2c26249bc2ca762cb23f07d3531dc6.jpg""}, {""small"": ""https://mp-piao-admincp.qunarzz.com/mp_piao_admin_mp_piao_admin/fusion/201912/753ad240b19f3364cc8c5773195d7a05.jpg_120x120_d1015fe2.jpg"", ""title"": """", ""big"": ""https://mp-piao-admincp.qunarzz.com/mp_piao_admin_mp_piao_admin/fusion/201912/753ad240b19f3364cc8c5773195d7a05.jpg""}, {""small"": ""https://mp-piao-admincp.qunarzz.com/mp_piao_admin_mp_piao_admin/fusion/201912/c36416276693c16a669c6ede2236cfae.jpg_120x120_520a1c9e.jpg"", ""title"": """", ""big"": ""https://mp-piao-admincp.qunarzz.com/mp_piao_admin_mp_piao_admin/fusion/201912/c36416276693c16a669c6ede2236cfae.jpg""}], ""userNickName"": ""\u7b71*\u59ff"", ""replyCityName"": """", ""cityName"": """"}], ""score"": 4.0, ""commentCount"": 1}, ""statusCode"": 200}"
孙文西路,https://qimgs.qunarzz.com/piao_qsight_provider_piao_qsight_web/0100u120009cwlwyqC99B_C_900_504.jpg_280x200_d73b8878.jpg,中山市,中山市,广东省中山市,2,5.0,南洋风格建筑的步行街,https://piao.qunar.com/ticket/detail_2954321283.html?st=a3clM0QlRTQlQjglQUQlRTUlQjElQjElRTUlQjglODIlMjZpZCUzRDkwNjUlMjZ0eXBlJTNEMCUyNmlkeCUzRDQ1JTI2cXQlM0QlMjZhcGslM0QyJTI2c2MlM0RXV1clMjZ1ciUzRCVFNCVCOCVBRCVFNSVCMSVCMSUyNmxyJTNEJUU0JUI4JUFEJUU1JUIxJUIxJTI2ZnQlM0QlN0IlN0Q%3D#from=mpl_search_suggest,-1.0,N/A,98年底，孙西步行街二期工程全面竣工，为完善配套设施，增强文化内涵，步行街文化广场于98年9月底初具雏形，经过前后两次改建，在99年元月底全面竣工并正式投入使用。步行街文化广场位于大庙下路段，总建筑面积303平方米，骑楼下的墙身是著名画家陈宅中的大型壁画，壁画是二、三十年代孙文西路的缩影，画中人物栩栩如生，形态逼真，与步行街建筑风貌融为一体。广场正前方设置了一个60平方米的舞台，为辖区商户、市民及游客提供丰富的文化表演。文化广场自建成使用后，步行街物业管理公司着力从文化特色方面着手，成*地举办了过百场丰富多彩的、主题鲜明、以及具有民族特色的文艺表演、杂技表演、曲艺演唱及灯谜竞猜活动、商家大型促销活动及促销表演等。每晚还增设街头文艺表演，主要表演吉他、古筝、电子琴、色士风等乐器，无论感官还是身心都得到了文化的熏陶。,具体营业状态以当天开放情况为准,https://qimgs.qunarzz.com/piao_qsight_provider_piao_qsight_web/0100u120009cwlwyqC99B_C_900_504.jpg_710x360_62e6ccb6.jpg〇https://qimgs.qunarzz.com/piao_qsight_provider_piao_qsight_web/0100u120009cwlwyqC99B_C_900_504_Q90_Mtg_7.jpg_710x360_437bd2a1.jpg〇https://qimgs.qunarzz.com/piao_qsight_provider_piao_qsight_web/2fd6bf86a717d6b5.jpg_710x360_b9798393.jpg〇https://qimgs.qunarzz.com/piao_qsight_provider_piao_qsight_web/5ce28afd4ffd7bb5.jpg_710x360_ac4a4599.jpg〇https://qimgs.qunarzz.com/piao_qsight_provider_piao_qsight_web/c50fff429187deb5.jpg_710x360_ecda80d5.jpg〇https://qimgs.qunarzz.com/piao_qsight_provider_piao_qsight_web/aa0f9b6a4b1068b5.jpg_710x360_247bb78e.jpg〇https://qimgs.qunarzz.com/piao_qsight_provider_piao_qsight_web/8e353d0f5a6bf3c327c2783453a840e0.jpg_710x360_7eb0fe43.jpg〇https://qimgs.qunarzz.com/piao_qsight_provider_piao_qsight_web/b94239675863da2e06bd783ac02333b5.jpg_710x360_2039ada5.jpg〇https://qimgs.qunarzz.com/piao_qsight_provider_piao_qsight_web/dd222c95a3db85b8a58664d4095b1434.jpg_710x360_038d05c2.jpg〇https://qimgs.qunarzz.com/piao_qsight_provider_piao_qsight_web/2e7edc295a32df253e88da2e0ad72f9d.jpg_710x360_8fdc5adc.jpg〇https://qimgs.qunarzz.com/piao_qsight_provider_piao_qsight_web/d68776157bf9409ef6d077422e619117.jpg_710x360_4f2ad05b.jpg〇https://qimgs.qunarzz.com/piao_qsight_provider_piao_qsight_web/828f350e9a1a650e06993d21a4fcf5c5.jpg_710x360_f86bc118.jpg〇https://qimgs.qunarzz.com/piao_qsight_provider_piao_qsight_web/2626a63ef11078d870bee5ec3fb51ad2.jpg_710x360_9fd5c4ac.jpg〇https://qimgs.qunarzz.com/piao_qsight_provider_piao_qsight_web/4ec778d54fcdd238ab680a8b8efc57ce.jpg_710x360_3e9e38cf.jpg〇https://qimgs.qunarzz.com/piao_qsight_provider_piao_qsight_web/e25ca09b884cf7226602d217627f625b.jpg_710x360_66130907.jpg〇https://qimgs.qunarzz.com/piao_qsight_provider_piao_qsight_web/68340fb1eee3ad8d66e1018cacdd392e.jpg_710x360_e5e8fc70.jpg〇https://qimgs.qunarzz.com/piao_qsight_provider_piao_qsight_web/17134ee77f79037.jpg_710x360_c5f4d836.jpg〇https://qimgs.qunarzz.com/piao_qsight_provider_piao_qsight_web/d8ae81079cbc36b5.jpg_710x360_ff0b0de6.jpg〇https://qimgs.qunarzz.com/piao_qsight_provider_piao_qsight_web/a4e3b695d9552bb5.jpg_710x360_33defec3.jpg〇https://qimgs.qunarzz.com/piao_qsight_provider_piao_qsight_web/e40ea7be3503b4b5.jpg_710x360_414af745.jpg〇https://qimgs.qunarzz.com/piao_qsight_provider_piao_qsight_web/c11a8e67734a2fb5.jpg_710x360_0508e7b9.jpg〇https://qimgs.qunarzz.com/piao_qsight_provider_piao_qsight_web/3ac3de2e57517eb5.jpg_710x360_2106401e.jpg,"{""ret"": true, ""data"": {""tagList"": [{""tagType"": 1, ""tagScore"": 5, ""tagNum"": 2, ""tagName"": ""\u597d\u8bc4""}, {""tagType"": 0, ""tagScore"": 5, ""tagNum"": 2, ""tagName"": ""\u5168\u90e8""}], ""commentList"": [{""author"": ""\u7cbe*\u4fa0"", ""content"": ""\u9a91\u697c\u6b65\u884c\u8857\u7684\u5386\u53f2\u5473\u9053\u6d53\u90c1\uff0c\u6709\u8bb8\u591a\u7279\u8272\u5efa\u7b51\u4e0e\u8001\u5c4b\u503c\u5f97\u6b23\u8d4f\uff0c\u7f8e\u98df\u4e5f\u5f88\u591a\uff0c\u4f8b\u5982\u8c61\u89d2\u7fa4\u8bb0\uff0c\u60f3\u4e0d\u5230\u8fd9\u5bb6\u5e97\u4e0d\u8d77\u773c\uff0c\u5374\u4e5f\u6709\u5730\u9053\u7279\u8272\u7f8e\u98df\u3002****\u56e2\u8d2d30\u5143\u5238\u51cf3\u5143=\u9c7c\u84c9\u8549\u857e\u7ca58\u5143+\u767d\u8d1d\u84b8\u7c89\u4e1d18\u5143+\u5c0f\u54033\u6837\u54084\u5143\uff0c\u4ffa\u53ea\u9700\u4ed88.8\u5143\uff01"", ""date"": ""2016-07-28"", ""score"": 5, ""commentId"": ""123368248"", ""imgs"": [{""small"": ""https://imgs.qunarzz.com/piao/fusion/1607/ff/e123f977fe6dd142.jpg_120x120_35376f3d.jpg"", ""title"": """", ""big"": ""https://imgs.qunarzz.com/piao/fusion/1607/ff/e123f977fe6dd142.jpg""}], ""userNickName"": ""\u7cbe*\u4fa0"", ""replyCityName"": """", ""cityName"": """"}, {""author"": ""W*6"", ""content"": ""\u86ee\u597d\u73a9\u7684\u5730\u65b9\uff0c\u8863\u98df\u4f4f\u884c\u4e00\u7ad9\u5f0f\u89e3\u51b3\uff0c\u5f88\u7ed9\u529b"", ""date"": ""2016-12-15"", ""score"": 5, ""commentId"": ""136064830"", ""imgs"": [], ""userNickName"": ""W*6"", ""replyCityName"": """", ""cityName"": """"}], ""score"": 5.0, ""commentCount"": 2}, ""statusCode"": 200}"
孙中山故居纪念馆,https://qimgs.qunarzz.com/piao_qsight_provider_piao_qsight_web/0104h1200082jxu8mEF4A_C_900_504.jpg_280x200_84a62ba1.jpg,中山市,中山市,中山市翠亨大道93号,367,5.0,孙中山的诞生地,https://piao.qunar.com/ticket/detail_1109394555.html?st=a3clM0QlRTQlQjglQUQlRTUlQjElQjElRTUlQjglODIlMjZpZCUzRDc0NjclMjZ0eXBlJTNEMCUyNmlkeCUzRDE1JTI2cXQlM0QlMjZhcGslM0QyJTI2c2MlM0RXV1clMjZ1ciUzRCVFNCVCOCVBRCVFNSVCMSVCMSUyNmxyJTNEJUU0JUI4JUFEJUU1JUIxJUIxJTI2ZnQlM0QlN0IlN0Q%3D#from=mpl_search_suggest,178.0,N/A,孙中山故居纪念馆是以孙中山故居为主体的纪念性博物馆，坐落于广东省中山市翠亨村，在中山市区东南方17.6公里处，广(州)珠(海)公路主干道旁。北距广州约 100公里，南距澳门约30公里，隔珠江口水域与深圳、香港相望，陆地与珠海市毗邻。开放的主要景点有：孙中山故居、孙中山纪念馆、孙中山听太平天国反清故事的雕塑、孙中山试验炸药处--瑞接长庚牌坊、翠亨民居展示区、翠亨农业展示区、中山鼎、警世钟等，逐步形成以“孙中山和他成长初期的社会环境”为主题，兼具历史纪念性和民俗性、立体而多元化的陈列展览体系，充分地展现了孙中山伟大的爱国主义精神、思想体系和革命实践，再现出孙中山出生和成长初期的社会历史环境，使人们加深对孙中山这一伟大人物的了解。此外，本馆还负责管理广东省重点文物保护单位杨殷故居、陆皓东故居、中山市重点文物保护单位陆皓东墓、孙昌墓、帅傅遗居等20多处文物景点。本馆在国内同行中率先开通了电脑局域网、观众电脑触摸屏查询系统和国际互联网，实行了管理上的现代化、自动化和数字化；本馆为抢救和保护民俗文物，组建了中山市民俗博物馆，努力不懈地弘扬民俗文化；本馆成立了中山市孙中山研究所，每年都举办关于孙中山的大型展览和学术研讨会，不断取得研究成果；本馆完善了员工的各种行为规范，施行CI形象系列设计，用国际标准来规范自身的管理以增强竞争力，取得ISO9001质量管理体系和ISO14001环境管理体系的国际认证，树立了良好的形象。,1/1-12/31；周一至周日；09:00-17:30开园；（17:00停止入园）,https://qimgs.qunarzz.com/piao_qsight_provider_piao_qsight_web/0104h1200082jxu8mEF4A_C_900_504.jpg_710x360_704e3caf.jpg〇https://qimgs.qunarzz.com/piao_qsight_provider_piao_qsight_web/0104h1200082jxu8mEF4A_C_900_504_Q90_Mtg_7.jpg_710x360_33749f18.jpg〇https://imgs.qunarzz.com/sight/p0/1412/54/be54e3140ff259284f0ad72ab4779092.water.jpg_710x360_860146d8.jpg〇https://imgs.qunarzz.com/sight/p0/1412/2a/6921173b31f88f2789a4b9c51d638ed3.water.jpg_710x360_83ef07a4.jpg〇https://imgs.qunarzz.com/sight/p0/1412/8e/e7b03568d3c09a84f4c01c5cbe72f5a3.water.jpg_710x360_104cc21b.jpg〇https://imgs.qunarzz.com/sight/p0/1412/1e/9ca79b8218748c024e94777fb9eb2639.water.jpg_710x360_596142f8.jpg〇https://imgs.qunarzz.com/sight/p0/1412/fe/afc41c16d30ec51551d9a2c64ef4facc.water.jpg_710x360_98bf1d57.jpg〇https://imgs.qunarzz.com/sight/p0/1412/4e/71424fc3550d3555e283c8585a5050a9.water.jpg_710x360_6277dc23.jpg〇https://imgs.qunarzz.com/sight/p0/1412/7e/d7f8806840d96ec2a5a66edcb3f8d398.water.jpg_710x360_5c972466.jpg〇https://imgs.qunarzz.com/sight/p0/1412/e5/35685bc63ff0953ff57b16c47001a91b.water.jpg_710x360_3a9e0379.jpg〇https://imgs.qunarzz.com/sight/p0/201401/26/25f4c9159a1634bfa833f691e5cce52e.jpg_710x360_65fd825d.jpg〇https://imgs.qunarzz.com/sight/p0/201401/26/573198c1bc81e0ab806e6c0eb10248fa.jpg_710x360_a1c6460a.jpg〇https://imgs.qunarzz.com/sight/p0/201401/26/d9b016dd6cb680fdedd52684652a2d6b.jpg_710x360_19151e0f.jpg〇https://imgs.qunarzz.com/sight/p0/201401/26/4777aa158941f023b13086298caa0d11.jpg_710x360_8be80e48.jpg〇https://qimgs.qunarzz.com/piao_qsight_provider_piao_qsight_web/0a7b318e7448f8f7.jpg_710x360_9adc704d.jpg〇https://qimgs.qunarzz.com/piao_qsight_provider_piao_qsight_web/3405ce77d077c93addb12cfb.jpg_710x360_5bcd33ce.jpg〇https://qimgs.qunarzz.com/piao_qsight_provider_piao_qsight_web/4d7fd91fa9ca4802.jpg_710x360_d8f72b70.jpg〇https://qimgs.qunarzz.com/piao_qsight_provider_piao_qsight_web/f112178d87243702.jpg_710x360_93487ef8.jpg〇https://qimgs.qunarzz.com/piao_qsight_provider_piao_qsight_web/cda2c2b841f40c02.jpg_710x360_dedbbccb.jpg〇https://qimgs.qunarzz.com/piao_qsight_provider_piao_qsight_web/7ab8fbff6399a4a23405969ee3a45646.jpg_710x360_d1bf9f77.jpg〇https://qimgs.qunarzz.com/piao_qsight_provider_piao_qsight_web/aec8a2a54e4790b20a0399de94c1e302.jpg_710x360_d9276020.jpg〇https://qimgs.qunarzz.com/piao_qsight_provider_piao_qsight_web/0a2212ba5142750d706b183596d3b4ee.jpg_710x360_ab717946.jpg〇https://qimgs.qunarzz.com/piao_qsight_provider_piao_qsight_web/7041e3c98adeae07acab4165b0819414.jpg_710x360_ae8d2b09.jpg〇https://qimgs.qunarzz.com/piao_qsight_provider_piao_qsight_web/f9f54e11f760d9db002b44d175d258f9.jpg_710x360_ff8031e9.jpg〇https://qimgs.qunarzz.com/piao_qsight_provider_piao_qsight_web/366c705dcfb85f7.jpg_710x360_280a9574.jpg〇https://qimgs.qunarzz.com/piao_qsight_provider_piao_qsight_web/a3c29c1de2180cf7.jpg_710x360_c474cb6c.jpg〇https://qimgs.qunarzz.com/piao_qsight_provider_piao_qsight_web/427ed4a1e9d3d2f7.jpg_710x360_0c778c78.jpg〇https://qimgs.qunarzz.com/piao_qsight_provider_piao_qsight_web/739979849ddd95f7.jpg_710x360_99b7f172.jpg〇https://qimgs.qunarzz.com/piao_qsight_provider_piao_qsight_web/87dd197b07b91df7.jpg_710x360_e496a2ee.jpg〇https://qimgs.qunarzz.com/piao_qsight_provider_piao_qsight_web/8a8796968340257f61479f3fd6d9597f.jpg_710x360_f4985d46.jpg〇https://qimgs.qunarzz.com/piao_qsight_provider_piao_qsight_web/037b1991428b85160c6c3cbf4009b847.jpg_710x360_af547438.jpg〇https://qimgs.qunarzz.com/piao_qsight_provider_piao_qsight_web/42fb43d2c9169298bc6ef084769bab9d.jpg_710x360_8095d4fc.jpg〇https://qimgs.qunarzz.com/piao_qsight_provider_piao_qsight_web/72089a150c826d2e9b3db7bb3a240395.jpg_710x360_c875f921.jpg〇https://qimgs.qunarzz.com/piao_qsight_provider_piao_qsight_web/8283cd276f0e3d1b61af9c4d84ff5c17.jpg_710x360_ff01c503.jpg,"{""ret"": true, ""data"": {""tagList"": [{""tagType"": 32, ""tagScore"": 5, ""tagNum"": 2, ""tagName"": ""\u670d\u52a1\u597d""}, {""tagType"": 16, ""tagScore"": 5, ""tagNum"": 2, ""tagName"": ""\u9760\u8c31""}, {""tagType"": 8, ""tagScore"": 5, ""tagNum"": 3, ""tagName"": ""\u4fbf\u5b9c""}, {""tagType"": 4, ""tagScore"": 5, ""tagNum"": 2, ""tagName"": ""\u53d6\u7968\u65b9\u4fbf""}, {""tagType"": 3, ""tagScore"": 5, ""tagNum"": 2, ""tagName"": ""\u5dee\u8bc4""}, {""tagType"": 2, ""tagScore"": 5, ""tagNum"": 2, ""tagName"": ""\u4e2d\u8bc4""}, {""tagType"": 1, ""tagScore"": 5, ""tagNum"": 363, ""tagName"": ""\u597d\u8bc4""}, {""tagType"": 0, ""tagScore"": 5, ""tagNum"": 367, ""tagName"": ""\u5168\u90e8""}], ""commentList"": [{""author"": ""\u592a*\u5b50"", ""content"": ""\u7528\u6237\u672a\u70b9\u8bc4\uff0c\u7cfb\u7edf\u9ed8\u8ba4\u597d\u8bc4\u3002"", ""date"": ""2024-10-20"", ""score"": 5, ""commentId"": ""237757698"", ""imgs"": [], ""userNickName"": ""\u592a*\u5b50"", ""replyCityName"": """", ""cityName"": """"}, {""author"": ""\u53bb*\u6237"", ""content"": ""\u7528\u6237\u672a\u70b9\u8bc4\uff0c\u7cfb\u7edf\u9ed8\u8ba4\u597d\u8bc4\u3002"", ""date"": ""2024-09-18"", ""score"": 5, ""commentId"": ""236930403"", ""imgs"": [], ""userNickName"": ""\u53bb*\u6237"", ""replyCityName"": """", ""cityName"": """"}, {""author"": ""\u53bb*\u6237"", ""content"": ""\u7528\u6237\u672a\u70b9\u8bc4\uff0c\u7cfb\u7edf\u9ed8\u8ba4\u597d\u8bc4\u3002"", ""date"": ""2024-08-26"", ""score"": 5, ""commentId"": ""235880134"", ""imgs"": [], ""userNickName"": ""\u53bb*\u6237"", ""replyCityName"": """", ""cityName"": """"}, {""author"": ""d*7"", ""content"": ""\u7528\u6237\u672a\u70b9\u8bc4\uff0c\u7cfb\u7edf\u9ed8\u8ba4\u597d\u8bc4\u3002"", ""date"": ""2024-08-12"", ""score"": 5, ""commentId"": ""235435617"", ""imgs"": [], ""userNickName"": ""d*7"", ""replyCityName"": """", ""cityName"": """"}, {""author"": ""j*3"", ""content"": ""\u7528\u6237\u672a\u70b9\u8bc4\uff0c\u7cfb\u7edf\u9ed8\u8ba4\u597d\u8bc4\u3002"", ""date"": ""2024-08-05"", ""score"": 5, ""commentId"": ""235243607"", ""imgs"": [], ""userNickName"": ""j*3"", ""replyCityName"": """", ""cityName"": """"}, {""author"": ""i*2"", ""content"": ""\u7528\u6237\u672a\u70b9\u8bc4\uff0c\u7cfb\u7edf\u9ed8\u8ba4\u597d\u8bc4\u3002"", ""date"": ""2024-06-04"", ""score"": 5, ""commentId"": ""234175630"", ""imgs"": [], ""userNickName"": ""i*2"", ""replyCityName"": """", ""cityName"": """"}, {""author"": ""t*6"", ""content"": ""\u7528\u6237\u672a\u70b9\u8bc4\uff0c\u7cfb\u7edf\u9ed8\u8ba4\u597d\u8bc4\u3002"", ""date"": ""2024-05-06"", ""score"": 5, ""commentId"": ""233365015"", ""imgs"": [], ""userNickName"": ""t*6"", ""replyCityName"": """", ""cityName"": """"}, {""author"": ""\u5361*\u7279"", ""content"": ""\u7528\u6237\u672a\u70b9\u8bc4\uff0c\u7cfb\u7edf\u9ed8\u8ba4\u597d\u8bc4\u3002"", ""date"": ""2024-05-04"", ""score"": 5, ""commentId"": ""233242336"", ""imgs"": [], ""userNickName"": ""\u5361*\u7279"", ""replyCityName"": """", ""cityName"": """"}, {""author"": ""p*3"", ""content"": ""\u7528\u6237\u672a\u70b9\u8bc4\uff0c\u7cfb\u7edf\u9ed8\u8ba4\u597d\u8bc4\u3002"", ""date"": ""2024-05-02"", ""score"": 5, ""commentId"": ""233223051"", ""imgs"": [], ""userNickName"": ""p*3"", ""replyCityName"": """", ""cityName"": """"}, {""author"": ""\u53bb*\u6237"", ""content"": ""\u7528\u6237\u672a\u70b9\u8bc4\uff0c\u7cfb\u7edf\u9ed8\u8ba4\u597d\u8bc4\u3002"", ""date"": ""2024-04-30"", ""score"": 5, ""commentId"": ""233157943"", ""imgs"": [], ""userNickName"": ""\u53bb*\u6237"", ""replyCityName"": """", ""cityName"": """"}], ""score"": 5.0, ""commentCount"": 367}, ""statusCode"": 200}"
淘宝坊儿童乐园,https://imgs.qunarzz.com/sight/p0/1411/74/55f2d8548688b3a0558b72cfa16c10ae.water.jpg_280x200_4b48d93d.jpg,中山市,中山市,广东省中山市东升镇同乐大街三路1号朝阳汇点二楼,-1,-1.0,孩子自由快乐玩耍，享受美好时光,https://piao.qunar.com/ticket/detail_1300501312.html?st=a3clM0QlRTQlQjglQUQlRTUlQjElQjElRTUlQjglODIlMjZpZCUzRDE5OTIwMyUyNnR5cGUlM0QwJTI2aWR4JTNEMTc2JTI2cXQlM0QlMjZhcGslM0QyJTI2c2MlM0RXV1clMjZ1ciUzRCVFNCVCOCVBRCVFNSVCMSVCMSUyNmxyJTNEJUU0JUI4JUFEJUU1JUIxJUIxJTI2ZnQlM0QlN0IlN0Q%3D#from=mpl_search_suggest,-1.0,N/A,"以传递快乐,发掘孩子潜能,推动亲子互动为己任,我们不仅提供父母和孩子间互动游戏的亲子空间，同时也提供伙伴之间的共同玩耍、亲密快乐的现场活动，丰富多样的游戏设施、新鲜安全的游玩场所。",暂无,https://imgs.qunarzz.com/sight/p0/1411/74/55f2d8548688b3a0558b72cfa16c10ae.water.jpg_710x360_2d0529ad.jpg〇https://imgs.qunarzz.com/sight/p0/1411/8f/50fb3592a9da65879335e5fc6fa705a6.water.jpg_710x360_44a8156b.jpg,"{""ret"": true, ""data"": {""tagList"": [{""tagType"": 0, ""tagScore"": 5, ""tagNum"": 0, ""tagName"": ""\u5168\u90e8""}], ""score"": 0.0, ""commentCount"": 0}, ""statusCode"": 200}"
中山市体育馆,https://imgs.qunarzz.com/sight/p0/1503/8a/8a760142fd6593dc.water.jpg_280x200_eba260d8.jpg,中山市,中山市,广东中山市东区兴中道32号中山体育馆,-1,-1.0,是功能齐全，设施先进的体育场馆,https://piao.qunar.com/ticket/detail_263020583.html?st=a3clM0QlRTQlQjglQUQlRTUlQjElQjElRTUlQjglODIlMjZpZCUzRDIxNDA0MiUyNnR5cGUlM0QwJTI2aWR4JTNEMTc0JTI2cXQlM0QlMjZhcGslM0QyJTI2c2MlM0RXV1clMjZ1ciUzRCVFNCVCOCVBRCVFNSVCMSVCMSUyNmxyJTNEJUU0JUI4JUFEJUU1JUIxJUIxJTI2ZnQlM0QlN0IlN0Q%3D#from=mpl_search_suggest,-1.0,N/A,中山体育馆位于兴中南道，总投资1.3亿元，占地5.3万平方米，建筑面积2.5万平方米，拥有5000多个座位。中山体育馆先后承办过第12届世界青年女子手球锦标赛、第16届世界航空公司乒乓球赛、第九届全运会柔道比赛、广东省第十届运动会闭幕式等大型的体育赛事，是*能齐全，设施先进的体育场馆。,暂无,https://imgs.qunarzz.com/sight/p0/1503/8a/8a760142fd6593dc.water.jpg_710x360_92f36442.jpg〇https://imgs.qunarzz.com/sight/p0/1503/2b/2bff0284577f0a7d.water.jpg_710x360_7236a6a3.jpg〇https://imgs.qunarzz.com/sight/p0/1503/fa/fa7def53b4bc2344.water.jpg_710x360_2f0233cd.jpg〇https://imgs.qunarzz.com/sight/p0/1503/c1/c1e8109f982b5a21.water.jpg_710x360_fee180aa.jpg〇https://imgs.qunarzz.com/sight/p0/1503/b7/b79a37bf60c2557e.water.jpg_710x360_a5cf33dd.jpg,"{""ret"": true, ""data"": {""tagList"": [{""tagType"": 0, ""tagScore"": 5, ""tagNum"": 0, ""tagName"": ""\u5168\u90e8""}], ""score"": 0.0, ""commentCount"": 0}, ""statusCode"": 200}"
中山泉林欢乐世界,https://qimgs.qunarzz.com/piao_qsight_provider_piao_qsight_web/0103c12000f6qwjo5E87F_C_900_504.jpg_280x200_ac297fb7.jpg,中山市,中山市,广东省中山市三乡镇南龙村泉林街6号,1838,4.9,在清新环境中体验丰富活动,https://piao.qunar.com/ticket/detail_244505344.html?st=a3clM0QlRTQlQjglQUQlRTUlQjElQjElRTUlQjglODIlMjZpZCUzRDM1NDk5JTI2dHlwZSUzRDAlMjZpZHglM0QxNCUyNnF0JTNEJTI2YXBrJTNEMiUyNnNjJTNEV1dXJTI2dXIlM0QlRTQlQjglQUQlRTUlQjElQjElMjZsciUzRCVFNCVCOCVBRCVFNSVCMSVCMSUyNmZ0JTNEJTdCJTdE#from=mpl_search_suggest,78.5,N/A,中山泉林欢乐世界座落于中山市三乡镇南龙村风景迷人之白水林山下，占地逾600亩，投资数亿元；是一座集娱乐、休闲、会议、户外拓展、科普教育和度假于一体的大型旅游度假区。景区绿树怀抱，四面环山，空气清新、鸟语花香，把欢乐与大自然融为一体，让您在优美的自然生态环境中体验刺激、享受愉悦，放松身心！园内更设有度假酒店，畔溪别墅、豪华房、标准房、经济房等可容纳700人同时住宿，泉林商务会议中心可接待20至2000人的培训研讨会、文艺晚会等，设施一应俱全；除此还有探索者拓展俱乐部，汇聚广东省优 秀的培训师，配套专业的培训基地；野战俱乐部——集cs巷战、彩弹、真枪实弹于一体，是目前中山大型的野战俱乐部，挑战你的体能与胆量，体验战争烽火，珍惜和平生活！泉林科学馆已获中山科协授予“中山市科普教育基地”称号！成为中小学生出游必到之处！,1/1-12/31；周一至周日；09:30-17:00开园,https://qimgs.qunarzz.com/piao_qsight_provider_piao_qsight_web/0103c12000f6qwjo5E87F_C_900_504.jpg_710x360_811b94dd.jpg〇https://qimgs.qunarzz.com/piao_qsight_provider_piao_qsight_web/0103c12000f6qwjo5E87F_C_900_504_Q90_Mtg_7.jpg_710x360_027d444c.jpg〇https://qimgs.qunarzz.com/piao_qsight_provider_piao_qsight_web/0100x1200082oco1d9BA8_C_900_504_Q90_Mtg_7.jpg_710x360_fafbd013.jpg〇https://qimgs.qunarzz.com/piao_qsight_provider_piao_qsight_web/350w15000000yu53106FA_C_900_504_Q90_Mtg_7.jpg_710x360_8c436fbc.jpg〇https://qimgs.qunarzz.com/piao_qsight_provider_piao_qsight_web/0104h1200082oct9t87AB_C_900_504_Q90_Mtg_7.jpg_710x360_b2c8bfb0.jpg〇https://qimgs.qunarzz.com/piao_qsight_provider_piao_qsight_web/0105n120009madr7s07EB_C_900_504_Q90_Mtg_7.png_710x360_64b70886.png〇https://qimgs.qunarzz.com/piao_qsight_provider_piao_qsight_web/0103a120009madnbwE27A_C_900_504_Q90_Mtg_7.png_710x360_a21b8e82.png〇https://qimgs.qunarzz.com/piao_qsight_provider_piao_qsight_web/0102b120009madq812E12_C_900_504_Q90_Mtg_7.jpg_710x360_5e93a6db.jpg〇https://qimgs.qunarzz.com/piao_qsight_provider_piao_qsight_web/0101t1200082ocn4n79C0_C_900_504_Q90_Mtg_7.jpg_710x360_834ea272.jpg〇https://qimgs.qunarzz.com/piao_qsight_provider_piao_qsight_web/350d15000000ymmk228D1_C_900_504_Q90_Mtg_7.jpg_710x360_efa90f4d.jpg〇https://qimgs.qunarzz.com/piao_qsight_provider_piao_qsight_web/350d15000000ymmk4C993_C_900_504_Q90_Mtg_7.jpg_710x360_9834ed49.jpg〇https://imgs.qunarzz.com/sight/p0/1905/78/78cae72c3cdffcfa3.img.jpg_710x360_f7450f0c.jpg〇https://imgs.qunarzz.com/sight/p0/1905/85/85a552fc97aad93ea3.img.jpg_710x360_4fe0ea4c.jpg〇https://imgs.qunarzz.com/sight/p0/1905/2e/2ef5d263b3113653a3.img.jpg_710x360_0f8dfab9.jpg〇https://imgs.qunarzz.com/sight/p0/1905/f6/f645903b80df5de3a3.img.jpg_710x360_b4844ae0.jpg,"{""ret"": true, ""data"": {""tagList"": [{""tagType"": 32, ""tagScore"": 5, ""tagNum"": 5, ""tagName"": ""\u670d\u52a1\u597d""}, {""tagType"": 16, ""tagScore"": 5, ""tagNum"": 8, ""tagName"": ""\u9760\u8c31""}, {""tagType"": 8, ""tagScore"": 5, ""tagNum"": 10, ""tagName"": ""\u4fbf\u5b9c""}, {""tagType"": 4, ""tagScore"": 5, ""tagNum"": 14, ""tagName"": ""\u53d6\u7968\u65b9\u4fbf""}, {""tagType"": 3, ""tagScore"": 5, ""tagNum"": 21, ""tagName"": ""\u5dee\u8bc4""}, {""tagType"": 2, ""tagScore"": 5, ""tagNum"": 34, ""tagName"": ""\u4e2d\u8bc4""}, {""tagType"": 1, ""tagScore"": 5, ""tagNum"": 1772, ""tagName"": ""\u597d\u8bc4""}, {""tagType"": 0, ""tagScore"": 5, ""tagNum"": 1838, ""tagName"": ""\u5168\u90e8""}], ""commentList"": [{""author"": ""\u53bb*\u6237"", ""content"": ""\u7528\u6237\u672a\u70b9\u8bc4\uff0c\u7cfb\u7edf\u9ed8\u8ba4\u597d\u8bc4\u3002"", ""date"": ""2024-12-04"", ""score"": 5, ""commentId"": ""239088151"", ""imgs"": [], ""userNickName"": ""\u53bb*\u6237"", ""replyCityName"": """", ""cityName"": """"}, {""author"": ""\u53bb*\u6237"", ""content"": ""\u7528\u6237\u672a\u70b9\u8bc4\uff0c\u7cfb\u7edf\u9ed8\u8ba4\u597d\u8bc4\u3002"", ""date"": ""2024-12-01"", ""score"": 5, ""commentId"": ""239031249"", ""imgs"": [], ""userNickName"": ""\u53bb*\u6237"", ""replyCityName"": """", ""cityName"": """"}, {""author"": ""y*1"", ""content"": ""\u7528\u6237\u672a\u70b9\u8bc4\uff0c\u7cfb\u7edf\u9ed8\u8ba4\u597d\u8bc4\u3002"", ""date"": ""2024-12-01"", ""score"": 5, ""commentId"": ""239030159"", ""imgs"": [], ""userNickName"": ""y*1"", ""replyCityName"": """", ""cityName"": """"}, {""author"": ""\u53bb*\u6237"", ""content"": ""\u7528\u6237\u672a\u70b9\u8bc4\uff0c\u7cfb\u7edf\u9ed8\u8ba4\u597d\u8bc4\u3002"", ""date"": ""2024-12-01"", ""score"": 5, ""commentId"": ""239030123"", ""imgs"": [], ""userNickName"": ""\u53bb*\u6237"", ""replyCityName"": """", ""cityName"": """"}, {""author"": ""q*g"", ""content"": ""\u7528\u6237\u672a\u70b9\u8bc4\uff0c\u7cfb\u7edf\u9ed8\u8ba4\u597d\u8bc4\u3002"", ""date"": ""2024-12-01"", ""score"": 5, ""commentId"": ""239028734"", ""imgs"": [], ""userNickName"": ""q*g"", ""replyCityName"": """", ""cityName"": """"}, {""author"": ""5*8"", ""content"": ""\u7528\u6237\u672a\u70b9\u8bc4\uff0c\u7cfb\u7edf\u9ed8\u8ba4\u597d\u8bc4\u3002"", ""date"": ""2024-12-01"", ""score"": 5, ""commentId"": ""239027009"", ""imgs"": [], ""userNickName"": ""5*8"", ""replyCityName"": """", ""cityName"": """"}, {""author"": ""q*1"", ""content"": ""\u7528\u6237\u672a\u70b9\u8bc4\uff0c\u7cfb\u7edf\u9ed8\u8ba4\u597d\u8bc4\u3002"", ""date"": ""2024-12-01"", ""score"": 5, ""commentId"": ""239026771"", ""imgs"": [], ""userNickName"": ""q*1"", ""replyCityName"": """", ""cityName"": """"}, {""author"": ""w*9"", ""content"": ""\u7528\u6237\u672a\u70b9\u8bc4\uff0c\u7cfb\u7edf\u9ed8\u8ba4\u597d\u8bc4\u3002"", ""date"": ""2024-12-01"", ""score"": 5, ""commentId"": ""239026700"", ""imgs"": [], ""userNickName"": ""w*9"", ""replyCityName"": """", ""cityName"": """"}, {""author"": ""\u53bb*\u6237"", ""content"": ""\u7528\u6237\u672a\u70b9\u8bc4\uff0c\u7cfb\u7edf\u9ed8\u8ba4\u597d\u8bc4\u3002"", ""date"": ""2024-12-01"", ""score"": 5, ""commentId"": ""239026393"", ""imgs"": [], ""userNickName"": ""\u53bb*\u6237"", ""replyCityName"": """", ""cityName"": """"}, {""author"": ""\u53bb*\u6237"", ""content"": ""\u7528\u6237\u672a\u70b9\u8bc4\uff0c\u7cfb\u7edf\u9ed8\u8ba4\u597d\u8bc4\u3002"", ""date"": ""2024-12-01"", ""score"": 5, ""commentId"": ""239026041"", ""imgs"": [], ""userNickName"": ""\u53bb*\u6237"", ""replyCityName"": """", ""cityName"": """"}], ""score"": 4.9, ""commentCount"": 1838}, ""statusCode"": 200}"
逍遥谷,https://qimgs.qunarzz.com/piao_qsight_provider_piao_qsight_web/0104f1200084e9oz430E3_C_900_504_Q90_Mtg_7.jpg_280x200_ee8009b6.jpg,中山市,中山市,广东省中山市五桂山南桥银坑,229,4.6,空气清新的原始森林,https://piao.qunar.com/ticket/detail_2545103523.html?st=a3clM0QlRTQlQjglQUQlRTUlQjElQjElRTUlQjglODIlMjZpZCUzRDE4ODA0JTI2dHlwZSUzRDAlMjZpZHglM0QxMyUyNnF0JTNEJTI2YXBrJTNEMiUyNnNjJTNEV1dXJTI2dXIlM0QlRTQlQjglQUQlRTUlQjElQjElMjZsciUzRCVFNCVCOCVBRCVFNSVCMSVCMSUyNmZ0JTNEJTdCJTdE#from=mpl_search_suggest,34.9,N/A,逍遥谷位于广东省中山市五桂山镇南桥银坑，投资逾5000万元，是一个以客家文化与自然山水为主题，集娱乐、生态疗养、商务会议和休闲度假于一体的大型旅游风景区。逍遥谷，利用珠三角独一无二的一片绿色净土——五桂山脉的自然山水，缘势开发了藏药浴、客家风情表演中心、山泉活水泳池（面积4000平方米）、娱乐区以及生态景区。在绿树掩映，流水潺潺的山坡上建有中餐厅、卡拉OK歌舞厅、露天烧烤场、商务会议中心以及豪华度假别墅，可供游客品尝各式美食、养生理疗、健身或写意休憩，使你乐在绿中……逍遥谷得天独厚的是依托了粤东南沿海的重要山脉、三百平方公里的五桂山。五桂山系北宽26公里，南宽15公里，主峰海拔541.6米，属花岗岩地貌，南坡五公里长的断层崖雄伟险峻，北坡山脉青翠绵延起伏。景区四围有大磨山、石寨山、芋子排、马填岭、白坟头……，用望远镜可以眺望珠江三角洲好多城市，还可以看到澳门和香港的新机场，大有“一览众城小”的感觉。八十年代，邓小平曾徒步攀登过五桂山，留下了“不走回头路”的名句。逍遥谷以自然风光取胜，景区内山清水秀、风光秀丽。紫竹林景区内的桂池被人誉为中山的九寨沟，高山彩虹喷泉为中山一绝。景区内金溪和银溪（竹溪）贯穿其间，水流到处，飞瀑流泉常年不断。景区四周山体高度达400米以上，登高望远，在情人顶上能一览五桂山风光，在晴朗的天气里能看到珠海澳门。景区内目前有三十余个风光景点，自然生态景区内九莲池、滚石峪瀑布、七姐树、白马仙女洞、纤竹坪、藏参洞等等，充满山林野趣，顽石奇趣天成；银坑水库、船底窝水库、南头水库、水绿如蓝，未经污染的山水绿如蓝；实为珠三角下游一块难得的世外桃源，一个休生养性的好地方。,1/1-12/31；周一至周日；08:30-17:30开园,https://qimgs.qunarzz.com/piao_qsight_provider_piao_qsight_web/0104f1200084e9oz430E3_C_900_504_Q90_Mtg_7.jpg_710x360_b55a0df7.jpg〇https://qimgs.qunarzz.com/piao_qsight_provider_piao_qsight_web/0105l1200084e9ushD918_C_900_504_Q90_Mtg_7.jpg_710x360_fb35b806.jpg〇https://qimgs.qunarzz.com/piao_qsight_provider_piao_qsight_web/0103u1200084e9usn8B60_C_900_504_Q90_Mtg_7.jpg_710x360_bd1bb599.jpg〇https://qimgs.qunarzz.com/piao_qsight_provider_piao_qsight_web/0100c1200084e9qxb82AE_C_900_504_Q90_Mtg_7.jpg_710x360_31403604.jpg〇https://qimgs.qunarzz.com/piao_qsight_provider_piao_qsight_web/0104j1200084e9ssq1046_C_900_504_Q90_Mtg_7.jpg_710x360_f7e90bbd.jpg〇https://qimgs.qunarzz.com/piao_qsight_provider_piao_qsight_web/010211200084e9qqlE0AC_C_900_504_Q90_Mtg_7.jpg_710x360_7914651a.jpg〇https://qimgs.qunarzz.com/piao_qsight_provider_piao_qsight_web/0102r1200084e9u2759DB_C_900_504_Q90_Mtg_7.jpg_710x360_cd5cc19f.jpg〇https://qimgs.qunarzz.com/piao_qsight_provider_piao_qsight_web/0105f1200084e9u2aC6DA_C_900_504_Q90_Mtg_7.jpg_710x360_601dff0f.jpg〇https://imgs.qunarzz.com/sight/p0/201301/17/aef916a59f2ebb3093835fbb.jpg_710x360_aaa548bd.jpg〇https://imgs.qunarzz.com/sight/p0/201301/17/c9466481328f17b293835fbb.jpg_710x360_a4c115bb.jpg〇https://imgs.qunarzz.com/sight/p0/201301/17/c078441919f55e8293835fbb.jpg_710x360_aecef207.jpg〇https://imgs.qunarzz.com/sight/p0/201301/17/cd45a5db5180218393835fbb.jpg_710x360_484000d8.jpg〇https://imgs.qunarzz.com/sight/p0/201301/17/abae3c7f70362ed393835fbb.jpg_710x360_edfd466c.jpg,"{""ret"": true, ""data"": {""tagList"": [{""tagType"": 32, ""tagScore"": 5, ""tagNum"": 4, ""tagName"": ""\u670d\u52a1\u597d""}, {""tagType"": 16, ""tagScore"": 5, ""tagNum"": 5, ""tagName"": ""\u9760\u8c31""}, {""tagType"": 8, ""tagScore"": 5, ""tagNum"": 4, ""tagName"": ""\u4fbf\u5b9c""}, {""tagType"": 4, ""tagScore"": 5, ""tagNum"": 8, ""tagName"": ""\u53d6\u7968\u65b9\u4fbf""}, {""tagType"": 3, ""tagScore"": 5, ""tagNum"": 7, ""tagName"": ""\u5dee\u8bc4""}, {""tagType"": 2, ""tagScore"": 5, ""tagNum"": 12, ""tagName"": ""\u4e2d\u8bc4""}, {""tagType"": 1, ""tagScore"": 5, ""tagNum"": 205, ""tagName"": ""\u597d\u8bc4""}, {""tagType"": 0, ""tagScore"": 5, ""tagNum"": 229, ""tagName"": ""\u5168\u90e8""}], ""commentList"": [{""author"": ""o*5"", ""content"": ""\u7528\u6237\u672a\u70b9\u8bc4\uff0c\u7cfb\u7edf\u9ed8\u8ba4\u597d\u8bc4\u3002"", ""date"": ""2024-12-13"", ""score"": 5, ""commentId"": ""239216881"", ""imgs"": [], ""userNickName"": ""o*5"", ""replyCityName"": """", ""cityName"": """"}, {""author"": ""\u53bb*\u6237"", ""content"": ""\u7528\u6237\u672a\u70b9\u8bc4\uff0c\u7cfb\u7edf\u9ed8\u8ba4\u597d\u8bc4\u3002"", ""date"": ""2024-11-05"", ""score"": 5, ""commentId"": ""238544612"", ""imgs"": [], ""userNickName"": ""\u53bb*\u6237"", ""replyCityName"": """", ""cityName"": """"}, {""author"": ""\u53bb*\u6237"", ""content"": ""\u7528\u6237\u672a\u70b9\u8bc4\uff0c\u7cfb\u7edf\u9ed8\u8ba4\u597d\u8bc4\u3002"", ""date"": ""2024-11-05"", ""score"": 5, ""commentId"": ""238522396"", ""imgs"": [], ""userNickName"": ""\u53bb*\u6237"", ""replyCityName"": """", ""cityName"": """"}, {""author"": ""q*9"", ""content"": ""\u7528\u6237\u672a\u70b9\u8bc4\uff0c\u7cfb\u7edf\u9ed8\u8ba4\u597d\u8bc4\u3002"", ""date"": ""2024-11-03"", ""score"": 5, ""commentId"": ""238204063"", ""imgs"": [], ""userNickName"": ""q*9"", ""replyCityName"": """", ""cityName"": """"}, {""author"": ""\u53bb*\u6237"", ""content"": ""\u7528\u6237\u672a\u70b9\u8bc4\uff0c\u7cfb\u7edf\u9ed8\u8ba4\u597d\u8bc4\u3002"", ""date"": ""2024-10-17"", ""score"": 5, ""commentId"": ""237692708"", ""imgs"": [], ""userNickName"": ""\u53bb*\u6237"", ""replyCityName"": """", ""cityName"": """"}, {""author"": ""q*u"", ""content"": ""\u7528\u6237\u672a\u70b9\u8bc4\uff0c\u7cfb\u7edf\u9ed8\u8ba4\u597d\u8bc4\u3002"", ""date"": ""2024-09-30"", ""score"": 5, ""commentId"": ""237390481"", ""imgs"": [], ""userNickName"": ""q*u"", ""replyCityName"": """", ""cityName"": """"}, {""author"": ""\u53bb*\u6237"", ""content"": ""\u7528\u6237\u672a\u70b9\u8bc4\uff0c\u7cfb\u7edf\u9ed8\u8ba4\u597d\u8bc4\u3002"", ""date"": ""2024-09-27"", ""score"": 5, ""commentId"": ""237310758"", ""imgs"": [], ""userNickName"": ""\u53bb*\u6237"", ""replyCityName"": """", ""cityName"": """"}, {""author"": ""s*0"", ""content"": ""\u7528\u6237\u672a\u70b9\u8bc4\uff0c\u7cfb\u7edf\u9ed8\u8ba4\u597d\u8bc4\u3002"", ""date"": ""2024-09-25"", ""score"": 5, ""commentId"": ""237235523"", ""imgs"": [], ""userNickName"": ""s*0"", ""replyCityName"": """", ""cityName"": """"}, {""author"": ""k*8"", ""content"": ""\u7528\u6237\u672a\u70b9\u8bc4\uff0c\u7cfb\u7edf\u9ed8\u8ba4\u597d\u8bc4\u3002"", ""date"": ""2024-09-24"", ""score"": 5, ""commentId"": ""237185208"", ""imgs"": [], ""userNickName"": ""k*8"", ""replyCityName"": """", ""cityName"": """"}, {""author"": ""\u53bb*\u6237"", ""content"": ""\u7528\u6237\u672a\u70b9\u8bc4\uff0c\u7cfb\u7edf\u9ed8\u8ba4\u597d\u8bc4\u3002"", ""date"": ""2024-09-24"", ""score"": 5, ""commentId"": ""237166453"", ""imgs"": [], ""userNickName"": ""\u53bb*\u6237"", ""replyCityName"": """", ""cityName"": """"}], ""score"": 4.6, ""commentCount"": 229}, ""statusCode"": 200}"
幻彩摩天轮,https://qimgs.qunarzz.com/piao_qsight_provider_piao_qsight_web/0103c120008jc492dF647_C_900_504.jpg_280x200_f2529892.jpg,中山市,中山市,广东省中山市石岐区凤鸣路3号中山兴中广场F5,2330,4.5,品空中下午茶俯瞰中山,https://piao.qunar.com/ticket/detail_979363330.html?st=a3clM0QlRTQlQjglQUQlRTUlQjElQjElRTUlQjglODIlMjZpZCUzRDE5NTc2MiUyNnR5cGUlM0QwJTI2aWR4JTNEMzAlMjZxdCUzRCUyNmFwayUzRDIlMjZzYyUzRFdXVyUyNnVyJTNEJUU0JUI4JUFEJUU1JUIxJUIxJTI2bHIlM0QlRTQlQjglQUQlRTUlQjElQjElMjZmdCUzRCU3QiU3RA%3D%3D#from=mpl_search_suggest,60.0,N/A,"幻彩摩天轮地处兴中广场摩天城，中山市标志性建筑。总高108米，外挂36个透明座舱。每舱可容游客6-8人，可同时容纳288位乘客，舱内配置了冷暖空调，旋转一周约用20分钟时间，每小时将可容纳近800人“空中”旋转观看中山都市美景。幻彩摩天轮的直径为83米，距离地面的高度可达到110米左右，相当于32层楼的高度，将乘客带到一览无遗、极目天舒的蓝天之上，乘客可在窗外看到方圆10公里以内的景致。幻彩摩天轮定位观光、娱乐、消费于一体的城市标志性景观，和商业消费一起成为岐江边一道风景。摩天轮位于兴中广场C段4层高的建筑之上，轮体上有36个吊舱8名游客，即可同时承载288人从高空俯瞰岐江一河两岸的美景。按照设计标准，幻彩摩天轮设计转速约为0.2米/秒，旋转一周需用时20.9分钟。摩天轮将采用条幅式技术。——新加坡""飞行者""相似。轮体内部，由一条条交织的钢丝组织，不会遮挡视线，外观通透清爽。整个轮体构筑于4层建筑物之上。另外，轮体还将安装LED灯，有渐变、追逐、变色、五彩等灯效转变，因此得名""幻彩摩天轮""：离地108米。",1/1-12/31；周一至周五；18:00-22:30开园；（22:00停止入园）,https://qimgs.qunarzz.com/piao_qsight_provider_piao_qsight_web/0103c120008jc492dF647_C_900_504.jpg_710x360_332ef9ba.jpg〇https://qimgs.qunarzz.com/piao_qsight_provider_piao_qsight_web/10050q000000gdyze5058_C_900_504_Q90_Mtg_7.jpg_710x360_63786f51.jpg〇https://qimgs.qunarzz.com/piao_qsight_provider_piao_qsight_web/0100312000a2d7vdyCD57_C_900_504_Q90_Mtg_7.jpg_710x360_dba75b12.jpg〇https://qimgs.qunarzz.com/piao_qsight_provider_piao_qsight_web/100g0q000000gc5mz0448_C_900_504_Q90_Mtg_7.jpg_710x360_4cd8b943.jpg〇https://qimgs.qunarzz.com/piao_qsight_provider_piao_qsight_web/0106a12000a2d7vdx23FE_C_900_504_Q90_Mtg_7.jpg_710x360_a14a4da9.jpg〇https://qimgs.qunarzz.com/piao_qsight_provider_piao_qsight_web/0102u12000a2d87cf6A20_C_900_504_Q90_Mtg_7.jpg_710x360_0b2ff0d0.jpg〇https://qimgs.qunarzz.com/piao_qsight_provider_piao_qsight_web/0102x12000a2d7yap292F_C_900_504_Q90_Mtg_7.jpg_710x360_bfb4107b.jpg〇https://qimgs.qunarzz.com/piao_qsight_provider_piao_qsight_web/0104012000a2d82ja274A_C_900_504_Q90_Mtg_7.jpg_710x360_9d8437c2.jpg〇https://qimgs.qunarzz.com/piao_qsight_provider_piao_qsight_web/0104w12000a2d82jb224E_C_900_504_Q90_Mtg_7.jpg_710x360_367a5ec6.jpg〇https://qimgs.qunarzz.com/piao_qsight_provider_piao_qsight_web/0103z12000a2d8bwoE82D_C_900_504_Q90_Mtg_7.jpg_710x360_26c5281d.jpg〇https://qimgs.qunarzz.com/piao_qsight_provider_piao_qsight_web/0103c120008jc492dF647_C_900_504_Q90_Mtg_7.jpg_710x360_39b4e2b1.jpg〇https://imgs.qunarzz.com/sight/p0/201407/07/c2bbe49c76b8e1eff227ad7be8d92778.jpg_710x360_4247aad4.jpg〇https://imgs.qunarzz.com/sight/p0/201407/07/d97e76ea6c8a5e5a79f4ca618d086424.jpg_710x360_c1bff08c.jpg〇https://imgs.qunarzz.com/sight/p0/201407/07/42303d43abac620656588192207cb486.jpg_710x360_f4827f0b.jpg〇https://imgs.qunarzz.com/sight/p0/201407/07/416464b9dadf5523d9c6aea3e3f7d85f.jpg_710x360_f147d227.jpg〇https://qimgs.qunarzz.com/piao_qsight_provider_piao_qsight_web/bdad1d79c47a03b5.jpg_710x360_4426368a.jpg〇https://qimgs.qunarzz.com/piao_qsight_provider_piao_qsight_web/be9e2698f6f75fb5.jpg_710x360_7ec6f97b.jpg〇https://qimgs.qunarzz.com/piao_qsight_provider_piao_qsight_web/02ca3d65a3512bb5.jpg_710x360_573d32b2.jpg〇https://qimgs.qunarzz.com/piao_qsight_provider_piao_qsight_web/578cd07d15c75bf7.jpg_710x360_d5f4a390.jpg〇https://qimgs.qunarzz.com/piao_qsight_provider_piao_qsight_web/69b0479dac4bdd02.jpg_710x360_e47696b8.jpg〇https://qimgs.qunarzz.com/piao_qsight_provider_piao_qsight_web/f42e839878509b02.jpg_710x360_d7100494.jpg〇https://qimgs.qunarzz.com/piao_qsight_provider_piao_qsight_web/7de0c90b09517402.jpg_710x360_72ffd905.jpg〇https://qimgs.qunarzz.com/piao_qsight_provider_piao_qsight_web/0f317706538bec02.jpg_710x360_2b9a14af.jpg〇https://qimgs.qunarzz.com/piao_qsight_provider_piao_qsight_web/c2b4319c04b4b202.jpg_710x360_01856227.jpg〇https://qimgs.qunarzz.com/piao_qsight_provider_piao_qsight_web/065c4629ecc3a102.jpg_710x360_51732561.jpg〇https://qimgs.qunarzz.com/piao_qsight_provider_piao_qsight_web/0f7b08390dc04702.jpg_710x360_708c6dbf.jpg〇https://qimgs.qunarzz.com/piao_qsight_provider_piao_qsight_web/65de9827bbb0f502.jpg_710x360_f11af4c6.jpg〇https://qimgs.qunarzz.com/piao_qsight_provider_piao_qsight_web/a4a495920a8e5602.jpg_710x360_76233c2c.jpg〇https://qimgs.qunarzz.com/piao_qsight_provider_piao_qsight_web/a2967135997b3b02.jpg_710x360_55130270.jpg〇https://qimgs.qunarzz.com/piao_qsight_provider_piao_qsight_web/ccf500a7ae710502.jpg_710x360_74a7e26b.jpg〇https://qimgs.qunarzz.com/piao_qsight_provider_piao_qsight_web/d23bc8d6a01aed02.jpg_710x360_f12c9db6.jpg〇https://qimgs.qunarzz.com/piao_qsight_provider_piao_qsight_web/a62e1372c75e7502.jpg_710x360_495f8070.jpg〇https://qimgs.qunarzz.com/piao_qsight_provider_piao_qsight_web/12779e4631e10702.jpg_710x360_1125ce0a.jpg〇https://qimgs.qunarzz.com/piao_qsight_provider_piao_qsight_web/5e2063c787426e02.jpg_710x360_d109ab79.jpg〇https://qimgs.qunarzz.com/piao_qsight_provider_piao_qsight_web/cac2a9b90ac3f402.jpg_710x360_72a38ad7.jpg,"{""ret"": true, ""data"": {""tagList"": [{""tagType"": 3, ""tagScore"": 5, ""tagNum"": 26, ""tagName"": ""\u5dee\u8bc4""}, {""tagType"": 2, ""tagScore"": 5, ""tagNum"": 40, ""tagName"": ""\u4e2d\u8bc4""}, {""tagType"": 1, ""tagScore"": 5, ""tagNum"": 2094, ""tagName"": ""\u597d\u8bc4""}, {""tagType"": 0, ""tagScore"": 5, ""tagNum"": 2330, ""tagName"": ""\u5168\u90e8""}, {""tagType"": 99, ""tagScore"": 5, ""tagNum"": 168, ""tagName"": ""\u591c\u666f\u597d\u770b""}, {""tagType"": 99, ""tagScore"": 5, ""tagNum"": 50, ""tagName"": ""\u9002\u5408\u60c5\u4fa3""}, {""tagType"": 99, ""tagScore"": 5, ""tagNum"": 27, ""tagName"": ""\u5305\u53a2\u8212\u9002""}], ""commentList"": [{""author"": ""h*5"", ""content"": ""\u7528\u6237\u672a\u70b9\u8bc4\uff0c\u7cfb\u7edf\u9ed8\u8ba4\u597d\u8bc4\u3002"", ""date"": ""2024-11-27"", ""score"": 5, ""commentId"": ""238980021"", ""imgs"": [], ""userNickName"": ""h*5"", ""replyCityName"": """", ""cityName"": """"}, {""author"": ""\u53bb*\u6237"", ""content"": ""\u7528\u6237\u672a\u70b9\u8bc4\uff0c\u7cfb\u7edf\u9ed8\u8ba4\u597d\u8bc4\u3002"", ""date"": ""2024-11-19"", ""score"": 5, ""commentId"": ""238849175"", ""imgs"": [], ""userNickName"": ""\u53bb*\u6237"", ""replyCityName"": """", ""cityName"": """"}, {""author"": ""w*7"", ""content"": ""\u7528\u6237\u672a\u70b9\u8bc4\uff0c\u7cfb\u7edf\u9ed8\u8ba4\u597d\u8bc4\u3002"", ""date"": ""2024-11-12"", ""score"": 5, ""commentId"": ""238733643"", ""imgs"": [], ""userNickName"": ""w*7"", ""replyCityName"": """", ""cityName"": """"}, {""author"": ""f*5"", ""content"": ""\u7528\u6237\u672a\u70b9\u8bc4\uff0c\u7cfb\u7edf\u9ed8\u8ba4\u597d\u8bc4\u3002"", ""date"": ""2024-11-10"", ""score"": 5, ""commentId"": ""238710607"", ""imgs"": [], ""userNickName"": ""f*5"", ""replyCityName"": """", ""cityName"": """"}, {""author"": ""n*1"", ""content"": ""\u7528\u6237\u672a\u70b9\u8bc4\uff0c\u7cfb\u7edf\u9ed8\u8ba4\u597d\u8bc4\u3002"", ""date"": ""2024-11-05"", ""score"": 5, ""commentId"": ""238560662"", ""imgs"": [], ""userNickName"": ""n*1"", ""replyCityName"": """", ""cityName"": """"}, {""author"": ""\u53bb*\u6237"", ""content"": ""\u7528\u6237\u672a\u70b9\u8bc4\uff0c\u7cfb\u7edf\u9ed8\u8ba4\u597d\u8bc4\u3002"", ""date"": ""2024-11-04"", ""score"": 5, ""commentId"": ""238468021"", ""imgs"": [], ""userNickName"": ""\u53bb*\u6237"", ""replyCityName"": """", ""cityName"": """"}, {""author"": ""i*e"", ""content"": ""\u7528\u6237\u672a\u70b9\u8bc4\uff0c\u7cfb\u7edf\u9ed8\u8ba4\u597d\u8bc4\u3002"", ""date"": ""2024-11-03"", ""score"": 5, ""commentId"": ""238306485"", ""imgs"": [], ""userNickName"": ""i*e"", ""replyCityName"": """", ""cityName"": """"}, {""author"": ""k*7"", ""content"": ""\u7528\u6237\u672a\u70b9\u8bc4\uff0c\u7cfb\u7edf\u9ed8\u8ba4\u597d\u8bc4\u3002"", ""date"": ""2024-11-03"", ""score"": 5, ""commentId"": ""238198890"", ""imgs"": [], ""userNickName"": ""k*7"", ""replyCityName"": """", ""cityName"": """"}, {""author"": ""g*1"", ""content"": ""\u7528\u6237\u672a\u70b9\u8bc4\uff0c\u7cfb\u7edf\u9ed8\u8ba4\u597d\u8bc4\u3002"", ""date"": ""2024-11-02"", ""score"": 5, ""commentId"": ""238130653"", ""imgs"": [], ""userNickName"": ""g*1"", ""replyCityName"": """", ""cityName"": """"}, {""author"": ""\u632f*\u5566"", ""content"": ""\u7528\u6237\u672a\u70b9\u8bc4\uff0c\u7cfb\u7edf\u9ed8\u8ba4\u597d\u8bc4\u3002"", ""date"": ""2024-11-02"", ""score"": 5, ""commentId"": ""238130618"", ""imgs"": [], ""userNickName"": ""\u632f*\u5566"", ""replyCityName"": """", ""cityName"": """"}], ""score"": 4.5, ""commentCount"": 2330}, ""statusCode"": 200}"
大盛陶艺,https://qimgs.qunarzz.com/piao_qsight_provider_piao_qsight_web/100q0u000000j4cllE710_C_900_504.jpg_280x200_11f15ddf.jpg,中山市,中山市,广东省中山市板芙镇白溪村白一队新村一街1号,7,5.0,是中山市一家综合性陶瓷企业。,https://piao.qunar.com/ticket/detail_2458649330.html?st=a3clM0QlRTQlQjglQUQlRTUlQjElQjElRTUlQjglODIlMjZpZCUzRDQ2OTAzNiUyNnR5cGUlM0QwJTI2aWR4JTNEMjklMjZxdCUzRCUyNmFwayUzRDIlMjZzYyUzRFdXVyUyNnVyJTNEJUU0JUI4JUFEJUU1JUIxJUIxJTI2bHIlM0QlRTQlQjglQUQlRTUlQjElQjElMjZmdCUzRCU3QiU3RA%3D%3D#from=mpl_search_suggest,88.0,N/A,中山市大盛文化传播有限公司，座落于美丽中山板芙，建筑面积五千多平方米，可停车位一百五十余个。是中山市一家集设计研发、生产、销售、文化教育、旅游为一体的综合性陶瓷企业。大盛陶艺现正处于一个飞速发展的阶段，厂房、设备、人员正在不断扩大，现拥有了一批经验丰富的技术和管理人才，配有国内先进的窑炉设备。公司具有产品研发，模种雕刻，翻制模具，注浆、压坯、滚压、拉坯等多种成型方法，喷釉、淋釉、浸釉、刷釉等专业施釉技法，釉下彩、釉上彩、贴花等多种装饰手法，成品陶瓷灯饰的组装工艺。可按照客户需求进行产品设计和生产定制，现已形成灯具、花器、装饰摆件、茶具、壁挂等多系列陶瓷产品。其精湛的工艺技术，千姿百态的造型，卓越的品质赢得了广大海内外客户的青睐。,01/01-01/23；周一至周日；09:00-18:00开园,https://qimgs.qunarzz.com/piao_qsight_provider_piao_qsight_web/100q0u000000j4cllE710_C_900_504.jpg_710x360_189301c0.jpg〇https://qimgs.qunarzz.com/piao_qsight_provider_piao_qsight_web/100d0u000000j1kwlF388_C_900_504_Q90_Mtg_7.jpg_710x360_6e500ae3.jpg〇https://qimgs.qunarzz.com/piao_qsight_provider_piao_qsight_web/10020u000000ja52zADAC_C_900_504_Q90_Mtg_7.jpg_710x360_f8ee09bf.jpg〇https://qimgs.qunarzz.com/piao_qsight_provider_piao_qsight_web/100t0u000000j33x3BF2E_C_900_504_Q90_Mtg_7.jpg_710x360_7902c6c5.jpg〇https://qimgs.qunarzz.com/piao_qsight_provider_piao_qsight_web/100s0u000000j9xst05DC_C_900_504_Q90_Mtg_7.jpg_710x360_a6320db5.jpg〇https://qimgs.qunarzz.com/piao_qsight_provider_piao_qsight_web/100p0u000000j26xw8BD2_C_900_504_Q90_Mtg_7.jpg_710x360_ff5b8663.jpg〇https://qimgs.qunarzz.com/piao_qsight_provider_piao_qsight_web/100p0u000000j26y067BD_C_900_504_Q90_Mtg_7.jpg_710x360_ccc200f3.jpg〇https://qimgs.qunarzz.com/piao_qsight_provider_piao_qsight_web/10050u000000j5kfdE802_C_900_504_Q90_Mtg_7.jpg_710x360_d730c3eb.jpg〇https://qimgs.qunarzz.com/piao_qsight_provider_piao_qsight_web/100w0u000000j93ek4CA9_C_900_504_Q90_Mtg_7.jpg_710x360_ca68c4c5.jpg〇https://qimgs.qunarzz.com/piao_qsight_provider_piao_qsight_web/100w0u000000j93emACE7_C_900_504_Q90_Mtg_7.jpg_710x360_87e4776a.jpg〇https://qimgs.qunarzz.com/piao_qsight_provider_piao_qsight_web/100q0u000000j4cllE710_C_900_504_Q90_Mtg_7.jpg_710x360_4ba5c4bc.jpg〇https://imgs.qunarzz.com/sight/p0/1807/2c/2c27df7dec93a6ada3.img.jpg_710x360_b91cbfc0.jpg〇https://imgs.qunarzz.com/sight/p0/1807/8b/8bcf858f794c3853a3.img.jpg_710x360_71072c64.jpg〇https://imgs.qunarzz.com/sight/p0/1807/52/52464169016cc0e3a3.img.png_710x360_f34ff317.png〇https://imgs.qunarzz.com/sight/p0/1807/fa/fa4f51c5833033f4a3.img.png_710x360_fa693115.png〇https://imgs.qunarzz.com/sight/p0/1807/36/3699d9fcbc3b8e5a3.img.jpg_710x360_4b5cb475.jpg〇https://imgs.qunarzz.com/sight/p0/1807/f2/f25987c3d897845aa3.img.jpg_710x360_c2903276.jpg〇https://imgs.qunarzz.com/sight/p0/1807/24/24cf2ebd8cdde644a3.img.jpg_710x360_d9335239.jpg〇https://imgs.qunarzz.com/sight/p0/1807/34/34713e49ee263f4ea3.img.jpg_710x360_f10f4348.jpg〇https://imgs.qunarzz.com/sight/p0/1807/14/14c62368dd30a296a3.img.jpg_710x360_89189f70.jpg〇https://imgs.qunarzz.com/sight/p0/1807/31/31cc4af91d78e277a3.img.jpg_710x360_71c9360f.jpg〇https://imgs.qunarzz.com/sight/p0/1807/10/1062b39b06c343aa3.img.jpg_710x360_48b5b563.jpg〇https://imgs.qunarzz.com/sight/p0/1807/6e/6ed0c4e8a25c8a20a3.img.jpg_710x360_287fc6d8.jpg〇https://imgs.qunarzz.com/sight/p0/1807/d1/d1366f5375973994a3.img.jpg_710x360_a627f09a.jpg,"{""ret"": true, ""data"": {""tagList"": [{""tagType"": 1, ""tagScore"": 5, ""tagNum"": 7, ""tagName"": ""\u597d\u8bc4""}, {""tagType"": 0, ""tagScore"": 5, ""tagNum"": 7, ""tagName"": ""\u5168\u90e8""}], ""commentList"": [{""author"": ""\u53bb*\u6237"", ""content"": ""\u7528\u6237\u672a\u70b9\u8bc4\uff0c\u7cfb\u7edf\u9ed8\u8ba4\u597d\u8bc4\u3002"", ""date"": ""2023-07-20"", ""score"": 5, ""commentId"": ""226658409"", ""imgs"": [], ""userNickName"": ""\u53bb*\u6237"", ""replyCityName"": """", ""cityName"": """"}, {""author"": ""g*n"", ""content"": ""\u7528\u6237\u672a\u70b9\u8bc4\uff0c\u7cfb\u7edf\u9ed8\u8ba4\u597d\u8bc4\u3002"", ""date"": ""2022-08-31"", ""score"": 5, ""commentId"": ""223031349"", ""imgs"": [], ""userNickName"": ""g*n"", ""replyCityName"": """", ""cityName"": """"}, {""author"": ""y*0"", ""content"": ""\u7528\u6237\u672a\u70b9\u8bc4\uff0c\u7cfb\u7edf\u9ed8\u8ba4\u597d\u8bc4\u3002"", ""date"": ""2021-09-25"", ""score"": 5, ""commentId"": ""220779502"", ""imgs"": [], ""userNickName"": ""y*0"", ""replyCityName"": """", ""cityName"": """"}, {""author"": ""j*l"", ""content"": ""\u7528\u6237\u672a\u70b9\u8bc4\uff0c\u7cfb\u7edf\u9ed8\u8ba4\u597d\u8bc4\u3002"", ""date"": ""2021-02-09"", ""score"": 5, ""commentId"": ""217924950"", ""imgs"": [], ""userNickName"": ""j*l"", ""replyCityName"": """", ""cityName"": """"}, {""author"": ""k*9"", ""content"": ""\u7528\u6237\u672a\u70b9\u8bc4\uff0c\u7cfb\u7edf\u9ed8\u8ba4\u597d\u8bc4\u3002"", ""date"": ""2020-12-30"", ""score"": 5, ""commentId"": ""217690502"", ""imgs"": [], ""userNickName"": ""k*9"", ""replyCityName"": """", ""cityName"": """"}, {""author"": ""m*8"", ""content"": ""\u7528\u6237\u672a\u70b9\u8bc4\uff0c\u7cfb\u7edf\u9ed8\u8ba4\u597d\u8bc4\u3002"", ""date"": ""2019-12-22"", ""score"": 5, ""commentId"": ""213704903"", ""imgs"": [], ""userNickName"": ""m*8"", ""replyCityName"": """", ""cityName"": """"}, {""author"": ""\u4fe1*o"", ""content"": ""\u7528\u6237\u672a\u70b9\u8bc4\uff0c\u7cfb\u7edf\u9ed8\u8ba4\u597d\u8bc4\u3002"", ""date"": ""2019-06-03"", ""score"": 5, ""commentId"": ""210711575"", ""imgs"": [], ""userNickName"": ""\u4fe1*o"", ""replyCityName"": """", ""cityName"": """"}], ""score"": 5.0, ""commentCount"": 7}, ""statusCode"": 200}"
沙酷娜露天风侣温泉,https://qimgs.qunarzz.com/piao_qsight_provider_piao_qsight_web/350b1b000001a0j4205F7_C_900_504.jpg_280x200_ca65193f.jpg,中山市,中山市,中山市沙坦路泉眼村泉润大街8号之二润颐居,22,5.0,泡温泉加穿和服的别样体验,https://piao.qunar.com/ticket/detail_3901873511.html?st=a3clM0QlRTQlQjglQUQlRTUlQjElQjElRTUlQjglODIlMjZpZCUzRDQ2MzQzNSUyNnR5cGUlM0QwJTI2aWR4JTNEMjglMjZxdCUzRCUyNmFwayUzRDIlMjZzYyUzRFdXVyUyNnVyJTNEJUU0JUI4JUFEJUU1JUIxJUIxJTI2bHIlM0QlRTQlQjglQUQlRTUlQjElQjElMjZmdCUzRCU3QiU3RA%3D%3D#from=mpl_search_suggest,83.0,N/A,沙酷娜温泉水源自地下深处，100%纯天然海水硫磺泉，泉水含有的多种有益矿物质对加快人体新陈代谢、改善体质、恢复体力、治疗痛风、关节炎、皮肤病等均有一定疗效，更具美容、养身*效。,1/1-12/31；周一至周日；14:00-21:30开园,https://qimgs.qunarzz.com/piao_qsight_provider_piao_qsight_web/350b1b000001a0j4205F7_C_900_504.jpg_710x360_9534aafd.jpg〇https://qimgs.qunarzz.com/piao_qsight_provider_piao_qsight_web/350v1b000001a96uwEC85_C_900_504_Q90_Mtg_7.jpg_710x360_996105bb.jpg〇https://qimgs.qunarzz.com/piao_qsight_provider_piao_qsight_web/100p1f000001gpgtsAA52_C_900_504_Q90_Mtg_7.jpg_710x360_6671c14a.jpg〇https://qimgs.qunarzz.com/piao_qsight_provider_piao_qsight_web/350c1b000001a0sbc19C5_C_900_504_Q90_Mtg_7.jpg_710x360_9daaef69.jpg〇https://qimgs.qunarzz.com/piao_qsight_provider_piao_qsight_web/350c1b000001a0sbdCA1E_C_900_504_Q90_Mtg_7.jpg_710x360_8fbfe6af.jpg〇https://qimgs.qunarzz.com/piao_qsight_provider_piao_qsight_web/35071b000001aetp58745_C_900_504_Q90_Mtg_7.jpg_710x360_d8d90bb4.jpg〇https://qimgs.qunarzz.com/piao_qsight_provider_piao_qsight_web/350e1b000001a0w4h922A_C_900_504_Q90_Mtg_7.jpg_710x360_d835cfec.jpg〇https://qimgs.qunarzz.com/piao_qsight_provider_piao_qsight_web/35091b000001a0jm70320_C_900_504_Q90_Mtg_7.jpg_710x360_fbc72817.jpg〇https://qimgs.qunarzz.com/piao_qsight_provider_piao_qsight_web/350w1b000001a46ch123C_C_900_504_Q90_Mtg_7.jpg_710x360_0a08d1c5.jpg〇https://qimgs.qunarzz.com/piao_qsight_provider_piao_qsight_web/35011b000001ab2e60D66_C_900_504_Q90_Mtg_7.jpg_710x360_8e481d75.jpg〇https://qimgs.qunarzz.com/piao_qsight_provider_piao_qsight_web/350b1b000001a0j4205F7_C_900_504_Q90_Mtg_7.jpg_710x360_c8523cfe.jpg〇https://imgs.qunarzz.com/sight/p0/1705/95/9556cdf8a31514b9a3.water.jpg_710x360_9f0ce47f.jpg〇https://imgs.qunarzz.com/sight/p0/1705/7b/7b747f8ace75a504a3.water.jpg_710x360_bffb53fa.jpg〇https://imgs.qunarzz.com/sight/p0/1705/77/770137ba3d5c4845a3.water.jpg_710x360_07e4b8a2.jpg〇https://imgs.qunarzz.com/sight/p0/1705/af/af3455b375b9e0bea3.water.jpg_710x360_4ff7b175.jpg〇https://qimgs.qunarzz.com/piao_qsight_provider_piao_qsight_web/3a1660a831489737.jpg_710x360_596014d1.jpg,"{""ret"": true, ""data"": {""tagList"": [{""tagType"": 1, ""tagScore"": 5, ""tagNum"": 22, ""tagName"": ""\u597d\u8bc4""}, {""tagType"": 0, ""tagScore"": 5, ""tagNum"": 22, ""tagName"": ""\u5168\u90e8""}], ""commentList"": [{""author"": ""\u5b89*\u69b4"", ""content"": ""\u7528\u6237\u672a\u70b9\u8bc4\uff0c\u7cfb\u7edf\u9ed8\u8ba4\u597d\u8bc4\u3002"", ""date"": ""2022-09-21"", ""score"": 5, ""commentId"": ""223402015"", ""imgs"": [], ""userNickName"": ""\u5b89*\u69b4"", ""replyCityName"": """", ""cityName"": """"}, {""author"": ""\u53bb*\u6237"", ""content"": ""\u7528\u6237\u672a\u70b9\u8bc4\uff0c\u7cfb\u7edf\u9ed8\u8ba4\u597d\u8bc4\u3002"", ""date"": ""2022-09-19"", ""score"": 5, ""commentId"": ""223382130"", ""imgs"": [], ""userNickName"": ""\u53bb*\u6237"", ""replyCityName"": """", ""cityName"": """"}, {""author"": ""j*8"", ""content"": ""\u7528\u6237\u672a\u70b9\u8bc4\uff0c\u7cfb\u7edf\u9ed8\u8ba4\u597d\u8bc4\u3002"", ""date"": ""2022-09-15"", ""score"": 5, ""commentId"": ""223320295"", ""imgs"": [], ""userNickName"": ""j*8"", ""replyCityName"": """", ""cityName"": """"}, {""author"": ""\u53bb*\u6237"", ""content"": ""\u7528\u6237\u672a\u70b9\u8bc4\uff0c\u7cfb\u7edf\u9ed8\u8ba4\u597d\u8bc4\u3002"", ""date"": ""2022-09-09"", ""score"": 5, ""commentId"": ""223218649"", ""imgs"": [], ""userNickName"": ""\u53bb*\u6237"", ""replyCityName"": """", ""cityName"": """"}, {""author"": ""f*1"", ""content"": ""\u7528\u6237\u672a\u70b9\u8bc4\uff0c\u7cfb\u7edf\u9ed8\u8ba4\u597d\u8bc4\u3002"", ""date"": ""2022-09-08"", ""score"": 5, ""commentId"": ""223189790"", ""imgs"": [], ""userNickName"": ""f*1"", ""replyCityName"": """", ""cityName"": """"}, {""author"": ""w*5"", ""content"": ""\u7528\u6237\u672a\u70b9\u8bc4\uff0c\u7cfb\u7edf\u9ed8\u8ba4\u597d\u8bc4\u3002"", ""date"": ""2022-09-07"", ""score"": 5, ""commentId"": ""223160401"", ""imgs"": [], ""userNickName"": ""w*5"", ""replyCityName"": """", ""cityName"": """"}, {""author"": ""z*8"", ""content"": ""\u7528\u6237\u672a\u70b9\u8bc4\uff0c\u7cfb\u7edf\u9ed8\u8ba4\u597d\u8bc4\u3002"", ""date"": ""2022-08-28"", ""score"": 5, ""commentId"": ""222962131"", ""imgs"": [], ""userNickName"": ""z*8"", ""replyCityName"": """", ""cityName"": """"}, {""author"": ""\u5b81*\u4e3d"", ""content"": ""\u7528\u6237\u672a\u70b9\u8bc4\uff0c\u7cfb\u7edf\u9ed8\u8ba4\u597d\u8bc4\u3002"", ""date"": ""2022-08-24"", ""score"": 5, ""commentId"": ""222906382"", ""imgs"": [], ""userNickName"": ""\u5b81*\u4e3d"", ""replyCityName"": """", ""cityName"": """"}, {""author"": ""i*8"", ""content"": ""\u7528\u6237\u672a\u70b9\u8bc4\uff0c\u7cfb\u7edf\u9ed8\u8ba4\u597d\u8bc4\u3002"", ""date"": ""2022-08-20"", ""score"": 5, ""commentId"": ""222850132"", ""imgs"": [], ""userNickName"": ""i*8"", ""replyCityName"": """", ""cityName"": """"}, {""author"": ""u*9"", ""content"": ""\u7528\u6237\u672a\u70b9\u8bc4\uff0c\u7cfb\u7edf\u9ed8\u8ba4\u597d\u8bc4\u3002"", ""date"": ""2022-08-19"", ""score"": 5, ""commentId"": ""222843457"", ""imgs"": [], ""userNickName"": ""u*9"", ""replyCityName"": """", ""cityName"": """"}], ""score"": 5.0, ""commentCount"": 22}, ""statusCode"": 200}"
米果动物城,https://imgs.qunarzz.com/piao_qsight_web_piao_qsight_web/CLJ_8896.jpg_280x200_89581b91.jpg,中山市,中山市,中山市石岐区大信新都汇B座4F-B1A卡,19,5.0,N/A,https://piao.qunar.com/ticket/detail_1901744203.html?st=a3clM0QlRTQlQjglQUQlRTUlQjElQjElRTUlQjglODIlMjZpZCUzRDUxODQ2MyUyNnR5cGUlM0QwJTI2aWR4JTNEMjclMjZxdCUzRCUyNmFwayUzRDIlMjZzYyUzRFdXVyUyNnVyJTNEJUU0JUI4JUFEJUU1JUIxJUIxJTI2bHIlM0QlRTQlQjglQUQlRTUlQjElQjElMjZmdCUzRCU3QiU3RA%3D%3D#from=mpl_search_suggest,66.0,N/A,N/A,10点-21点,https://imgs.qunarzz.com/piao_qsight_web_piao_qsight_web/CLJ_8896.jpg_710x360_df1bfd7b.jpg〇https://imgs.qunarzz.com/piao_qsight_web_piao_qsight_web/CLJ_8961.jpg_710x360_bf1543e0.jpg〇https://imgs.qunarzz.com/piao_qsight_web_piao_qsight_web/CLJ_8897.jpg_710x360_8dba2dca.jpg〇https://imgs.qunarzz.com/piao_qsight_web_piao_qsight_web/CLJ_8870.jpg_710x360_27588a12.jpg〇https://imgs.qunarzz.com/piao_qsight_web_piao_qsight_web/CLJ_8625.jpg_710x360_c9cf63ed.jpg〇https://imgs.qunarzz.com/piao_qsight_web_piao_qsight_web/CLJ_8551.jpg_710x360_d4faf3e1.jpg〇https://imgs.qunarzz.com/piao_qsight_web_piao_qsight_web/CLJ_8304.jpg_710x360_9f8f4701.jpg,"{""ret"": true, ""data"": {""tagList"": [{""tagType"": 1, ""tagScore"": 5, ""tagNum"": 19, ""tagName"": ""\u597d\u8bc4""}, {""tagType"": 0, ""tagScore"": 5, ""tagNum"": 19, ""tagName"": ""\u5168\u90e8""}], ""commentList"": [{""author"": ""A*a"", ""content"": ""\u7528\u6237\u672a\u70b9\u8bc4\uff0c\u7cfb\u7edf\u9ed8\u8ba4\u597d\u8bc4\u3002"", ""date"": ""2024-11-12"", ""score"": 5, ""commentId"": ""238732042"", ""imgs"": [], ""userNickName"": ""A*a"", ""replyCityName"": """", ""cityName"": """"}, {""author"": ""A*a"", ""content"": ""\u7528\u6237\u672a\u70b9\u8bc4\uff0c\u7cfb\u7edf\u9ed8\u8ba4\u597d\u8bc4\u3002"", ""date"": ""2024-11-12"", ""score"": 5, ""commentId"": ""238732024"", ""imgs"": [], ""userNickName"": ""A*a"", ""replyCityName"": """", ""cityName"": """"}, {""author"": ""\u53bb*\u6237"", ""content"": ""\u7528\u6237\u672a\u70b9\u8bc4\uff0c\u7cfb\u7edf\u9ed8\u8ba4\u597d\u8bc4\u3002"", ""date"": ""2024-10-02"", ""score"": 5, ""commentId"": ""237465609"", ""imgs"": [], ""userNickName"": ""\u53bb*\u6237"", ""replyCityName"": """", ""cityName"": """"}, {""author"": ""g*5"", ""content"": ""\u7528\u6237\u672a\u70b9\u8bc4\uff0c\u7cfb\u7edf\u9ed8\u8ba4\u597d\u8bc4\u3002"", ""date"": ""2024-08-14"", ""score"": 5, ""commentId"": ""235515954"", ""imgs"": [], ""userNickName"": ""g*5"", ""replyCityName"": """", ""cityName"": """"}, {""author"": ""\u53bb*\u6237"", ""content"": ""\u7528\u6237\u672a\u70b9\u8bc4\uff0c\u7cfb\u7edf\u9ed8\u8ba4\u597d\u8bc4\u3002"", ""date"": ""2024-07-30"", ""score"": 5, ""commentId"": ""235110400"", ""imgs"": [], ""userNickName"": ""\u53bb*\u6237"", ""replyCityName"": """", ""cityName"": """"}, {""author"": ""u*2"", ""content"": ""\u7528\u6237\u672a\u70b9\u8bc4\uff0c\u7cfb\u7edf\u9ed8\u8ba4\u597d\u8bc4\u3002"", ""date"": ""2024-07-29"", ""score"": 5, ""commentId"": ""235078285"", ""imgs"": [], ""userNickName"": ""u*2"", ""replyCityName"": """", ""cityName"": """"}, {""author"": ""u*2"", ""content"": ""\u7528\u6237\u672a\u70b9\u8bc4\uff0c\u7cfb\u7edf\u9ed8\u8ba4\u597d\u8bc4\u3002"", ""date"": ""2024-07-29"", ""score"": 5, ""commentId"": ""235067289"", ""imgs"": [], ""userNickName"": ""u*2"", ""replyCityName"": """", ""cityName"": """"}, {""author"": ""\u53bb*\u6237"", ""content"": ""\u7528\u6237\u672a\u70b9\u8bc4\uff0c\u7cfb\u7edf\u9ed8\u8ba4\u597d\u8bc4\u3002"", ""date"": ""2024-07-10"", ""score"": 5, ""commentId"": ""234751873"", ""imgs"": [], ""userNickName"": ""\u53bb*\u6237"", ""replyCityName"": """", ""cityName"": """"}, {""author"": ""\u53bb*\u6237"", ""content"": ""\u7528\u6237\u672a\u70b9\u8bc4\uff0c\u7cfb\u7edf\u9ed8\u8ba4\u597d\u8bc4\u3002"", ""date"": ""2024-07-02"", ""score"": 5, ""commentId"": ""234576064"", ""imgs"": [], ""userNickName"": ""\u53bb*\u6237"", ""replyCityName"": """", ""cityName"": """"}, {""author"": ""\u53bb*\u6237"", ""content"": ""\u7528\u6237\u672a\u70b9\u8bc4\uff0c\u7cfb\u7edf\u9ed8\u8ba4\u597d\u8bc4\u3002"", ""date"": ""2024-07-02"", ""score"": 5, ""commentId"": ""234566774"", ""imgs"": [], ""userNickName"": ""\u53bb*\u6237"", ""replyCityName"": """", ""cityName"": """"}], ""score"": 5.0, ""commentCount"": 19}, ""statusCode"": 200}"
中山锟鹏卡丁车运动中心,https://imgs.qunarzz.com/sight/p0/2108/2f/2fc7e020e25e06a9a3.img.jpg_280x200_1d5552fd.jpg,中山市,中山市,中山市永安一路18号大信新都汇星汇店二楼L217B,1,5.0,中山市锟鹏卡丁车运动中心主打卡丁车项目，能兼顾成人与儿童（儿童三岁以上），成人车速达到40公里，环境优雅，价格优惠，欢迎,https://piao.qunar.com/ticket/detail_2323284436.html?st=a3clM0QlRTQlQjglQUQlRTUlQjElQjElRTUlQjglODIlMjZpZCUzRDUxMTcyNiUyNnR5cGUlM0QwJTI2aWR4JTNEMjYlMjZxdCUzRCUyNmFwayUzRDIlMjZzYyUzRFdXVyUyNnVyJTNEJUU0JUI4JUFEJUU1JUIxJUIxJTI2bHIlM0QlRTQlQjglQUQlRTUlQjElQjElMjZmdCUzRCU3QiU3RA%3D%3D#from=mpl_search_suggest,49.0,N/A,中山市锟鹏卡丁车运动中心主打卡丁车项目，能兼顾成人与儿童（儿童三岁以上），成人车速达到40公里，环境优雅，价格优惠，欢迎前来游玩！,10:00-22:00,https://imgs.qunarzz.com/sight/p0/2108/2f/2fc7e020e25e06a9a3.img.jpg_710x360_6e884012.jpg,"{""ret"": true, ""data"": {""tagList"": [{""tagType"": 1, ""tagScore"": 5, ""tagNum"": 1, ""tagName"": ""\u597d\u8bc4""}, {""tagType"": 0, ""tagScore"": 5, ""tagNum"": 1, ""tagName"": ""\u5168\u90e8""}], ""commentList"": [{""author"": ""m*2"", ""content"": ""\u7528\u6237\u672a\u70b9\u8bc4\uff0c\u7cfb\u7edf\u9ed8\u8ba4\u597d\u8bc4\u3002"", ""date"": ""2024-10-18"", ""score"": 5, ""commentId"": ""237739381"", ""imgs"": [], ""userNickName"": ""m*2"", ""replyCityName"": """", ""cityName"": """"}], ""score"": 5.0, ""commentCount"": 1}, ""statusCode"": 200}"
香山小镇,https://qimgs.qunarzz.com/piao_qsight_provider_piao_qsight_web/0105n12000a0hsuevA188_C_900_504.jpg_280x200_33c6becc.jpg,中山市,中山市,广东省中山市翠亨大道85号,21,5.0,N/A,https://piao.qunar.com/ticket/detail_2566534757.html?st=a3clM0QlRTQlQjglQUQlRTUlQjElQjElRTUlQjglODIlMjZpZCUzRDUxODAzNSUyNnR5cGUlM0QwJTI2aWR4JTNEMjUlMjZxdCUzRCUyNmFwayUzRDIlMjZzYyUzRFdXVyUyNnVyJTNEJUU0JUI4JUFEJUU1JUIxJUIxJTI2bHIlM0QlRTQlQjglQUQlRTUlQjElQjElMjZmdCUzRCU3QiU3RA%3D%3D#from=mpl_search_suggest,46.0,N/A,N/A,1/1-12/31；周一至周日；09:00-17:30开园,https://qimgs.qunarzz.com/piao_qsight_provider_piao_qsight_web/0105n12000a0hsuevA188_C_900_504.jpg_710x360_0affecff.jpg〇https://qimgs.qunarzz.com/piao_qsight_provider_piao_qsight_web/0102112000a0hslt81A44_C_900_504_Q90_Mtg_7.jpg_710x360_d8c74716.jpg〇https://qimgs.qunarzz.com/piao_qsight_provider_piao_qsight_web/0102z12000a0hsush82E5_C_900_504_Q90_Mtg_7.jpg_710x360_30eaaffe.jpg〇https://qimgs.qunarzz.com/piao_qsight_provider_piao_qsight_web/0100512000a0hsqde437A_C_900_504_Q90_Mtg_7.jpg_710x360_c8a344e7.jpg〇https://qimgs.qunarzz.com/piao_qsight_provider_piao_qsight_web/0100h12000a0hss0j54AA_C_900_504_Q90_Mtg_7.jpg_710x360_d1ac6fc6.jpg〇https://qimgs.qunarzz.com/piao_qsight_provider_piao_qsight_web/0101c12000a0hsrfj338E_C_900_504_Q90_Mtg_7.jpg_710x360_031ca13a.jpg〇https://qimgs.qunarzz.com/piao_qsight_provider_piao_qsight_web/0105n12000a0hsuevA188_C_900_504_Q90_Mtg_7.jpg_710x360_9bb2f3d4.jpg,"{""ret"": true, ""data"": {""tagList"": [{""tagType"": 1, ""tagScore"": 5, ""tagNum"": 21, ""tagName"": ""\u597d\u8bc4""}, {""tagType"": 0, ""tagScore"": 5, ""tagNum"": 21, ""tagName"": ""\u5168\u90e8""}], ""commentList"": [{""author"": ""\u771f*\u4e88"", ""content"": ""\u7528\u6237\u672a\u70b9\u8bc4\uff0c\u7cfb\u7edf\u9ed8\u8ba4\u597d\u8bc4\u3002"", ""date"": ""2024-11-13"", ""score"": 5, ""commentId"": ""238752179"", ""imgs"": [], ""userNickName"": ""\u771f*\u4e88"", ""replyCityName"": """", ""cityName"": """"}, {""author"": ""s*o"", ""content"": ""\u7528\u6237\u672a\u70b9\u8bc4\uff0c\u7cfb\u7edf\u9ed8\u8ba4\u597d\u8bc4\u3002"", ""date"": ""2024-04-23"", ""score"": 5, ""commentId"": ""233062757"", ""imgs"": [], ""userNickName"": ""s*o"", ""replyCityName"": """", ""cityName"": """"}, {""author"": ""\u53bb*\u6237"", ""content"": ""\u7528\u6237\u672a\u70b9\u8bc4\uff0c\u7cfb\u7edf\u9ed8\u8ba4\u597d\u8bc4\u3002"", ""date"": ""2024-03-18"", ""score"": 5, ""commentId"": ""232468127"", ""imgs"": [], ""userNickName"": ""\u53bb*\u6237"", ""replyCityName"": """", ""cityName"": """"}, {""author"": ""c*2"", ""content"": ""\u7528\u6237\u672a\u70b9\u8bc4\uff0c\u7cfb\u7edf\u9ed8\u8ba4\u597d\u8bc4\u3002"", ""date"": ""2024-03-17"", ""score"": 5, ""commentId"": ""232399630"", ""imgs"": [], ""userNickName"": ""c*2"", ""replyCityName"": """", ""cityName"": """"}, {""author"": ""t*E"", ""content"": ""\u7528\u6237\u672a\u70b9\u8bc4\uff0c\u7cfb\u7edf\u9ed8\u8ba4\u597d\u8bc4\u3002"", ""date"": ""2024-03-14"", ""score"": 5, ""commentId"": ""232125625"", ""imgs"": [], ""userNickName"": ""t*E"", ""replyCityName"": """", ""cityName"": """"}, {""author"": ""\u53bb*\u6237"", ""content"": ""\u7528\u6237\u672a\u70b9\u8bc4\uff0c\u7cfb\u7edf\u9ed8\u8ba4\u597d\u8bc4\u3002"", ""date"": ""2024-03-14"", ""score"": 5, ""commentId"": ""232125443"", ""imgs"": [], ""userNickName"": ""\u53bb*\u6237"", ""replyCityName"": """", ""cityName"": """"}, {""author"": ""f*1"", ""content"": ""\u7528\u6237\u672a\u70b9\u8bc4\uff0c\u7cfb\u7edf\u9ed8\u8ba4\u597d\u8bc4\u3002"", ""date"": ""2024-02-17"", ""score"": 5, ""commentId"": ""231458465"", ""imgs"": [], ""userNickName"": ""f*1"", ""replyCityName"": """", ""cityName"": """"}, {""author"": ""b*0"", ""content"": ""\u7528\u6237\u672a\u70b9\u8bc4\uff0c\u7cfb\u7edf\u9ed8\u8ba4\u597d\u8bc4\u3002"", ""date"": ""2023-12-13"", ""score"": 5, ""commentId"": ""230684321"", ""imgs"": [], ""userNickName"": ""b*0"", ""replyCityName"": """", ""cityName"": """"}, {""author"": ""1*y"", ""content"": ""\u7528\u6237\u672a\u70b9\u8bc4\uff0c\u7cfb\u7edf\u9ed8\u8ba4\u597d\u8bc4\u3002"", ""date"": ""2023-09-26"", ""score"": 5, ""commentId"": ""229112125"", ""imgs"": [], ""userNickName"": ""1*y"", ""replyCityName"": """", ""cityName"": """"}, {""author"": ""z*7"", ""content"": ""\u7528\u6237\u672a\u70b9\u8bc4\uff0c\u7cfb\u7edf\u9ed8\u8ba4\u597d\u8bc4\u3002"", ""date"": ""2023-06-02"", ""score"": 5, ""commentId"": ""226060970"", ""imgs"": [], ""userNickName"": ""z*7"", ""replyCityName"": """", ""cityName"": """"}], ""score"": 5.0, ""commentCount"": 21}, ""statusCode"": 200}"
古董车博物馆,https://qimgs.qunarzz.com/piao_qsight_provider_piao_qsight_web/temp65365762667142118401016120008hajhib10AA_wmr.jpg_280x200_4a00556f.jpg,中山市,中山市,中山市石岐区凤鸣路3号中山兴中广场F1,19,5.0,中山古董车博物馆内馆藏50以上老爷车，来自20个不同汽车厂商其中15辆为百年经典藏车，代表古董藏品超过500件。,https://piao.qunar.com/ticket/detail_1452247048.html?st=a3clM0QlRTQlQjglQUQlRTUlQjElQjElRTUlQjglODIlMjZpZCUzRDUxMTg3NSUyNnR5cGUlM0QwJTI2aWR4JTNEMjQlMjZxdCUzRCUyNmFwayUzRDIlMjZzYyUzRFdXVyUyNnVyJTNEJUU0JUI4JUFEJUU1JUIxJUIxJTI2bHIlM0QlRTQlQjglQUQlRTUlQjElQjElMjZmdCUzRCU3QiU3RA%3D%3D#from=mpl_search_suggest,44.99,N/A,中山古董车博物馆内馆藏50以上老爷车，来自20个不同汽车厂商其中15辆为百年经典藏车，代表古董藏品超过500件。,1/1-12/31；周一至周日；10:00-22:00开园,https://qimgs.qunarzz.com/piao_qsight_provider_piao_qsight_web/temp65365762667142118401016120008hajhib10AA_wmr.jpg_710x360_aa97f0be.jpg,"{""ret"": true, ""data"": {""tagList"": [{""tagType"": 1, ""tagScore"": 5, ""tagNum"": 19, ""tagName"": ""\u597d\u8bc4""}, {""tagType"": 0, ""tagScore"": 5, ""tagNum"": 19, ""tagName"": ""\u5168\u90e8""}], ""commentList"": [{""author"": ""i*3"", ""content"": ""\u7528\u6237\u672a\u70b9\u8bc4\uff0c\u7cfb\u7edf\u9ed8\u8ba4\u597d\u8bc4\u3002"", ""date"": ""2024-12-04"", ""score"": 5, ""commentId"": ""239081833"", ""imgs"": [], ""userNickName"": ""i*3"", ""replyCityName"": """", ""cityName"": """"}, {""author"": ""\u5446*\u5446"", ""content"": ""\u7528\u6237\u672a\u70b9\u8bc4\uff0c\u7cfb\u7edf\u9ed8\u8ba4\u597d\u8bc4\u3002"", ""date"": ""2024-10-14"", ""score"": 5, ""commentId"": ""237621860"", ""imgs"": [], ""userNickName"": ""\u5446*\u5446"", ""replyCityName"": """", ""cityName"": """"}, {""author"": ""\u53bb*\u6237"", ""content"": ""\u7528\u6237\u672a\u70b9\u8bc4\uff0c\u7cfb\u7edf\u9ed8\u8ba4\u597d\u8bc4\u3002"", ""date"": ""2024-10-07"", ""score"": 5, ""commentId"": ""237522350"", ""imgs"": [], ""userNickName"": ""\u53bb*\u6237"", ""replyCityName"": """", ""cityName"": """"}, {""author"": ""3*0"", ""content"": ""\u7528\u6237\u672a\u70b9\u8bc4\uff0c\u7cfb\u7edf\u9ed8\u8ba4\u597d\u8bc4\u3002"", ""date"": ""2024-10-07"", ""score"": 5, ""commentId"": ""237522333"", ""imgs"": [], ""userNickName"": ""3*0"", ""replyCityName"": """", ""cityName"": """"}, {""author"": ""\u53bb*\u6237"", ""content"": ""\u7528\u6237\u672a\u70b9\u8bc4\uff0c\u7cfb\u7edf\u9ed8\u8ba4\u597d\u8bc4\u3002"", ""date"": ""2024-10-07"", ""score"": 5, ""commentId"": ""237522294"", ""imgs"": [], ""userNickName"": ""\u53bb*\u6237"", ""replyCityName"": """", ""cityName"": """"}, {""author"": ""\u53bb*\u6237"", ""content"": ""\u7528\u6237\u672a\u70b9\u8bc4\uff0c\u7cfb\u7edf\u9ed8\u8ba4\u597d\u8bc4\u3002"", ""date"": ""2024-10-03"", ""score"": 5, ""commentId"": ""237468279"", ""imgs"": [], ""userNickName"": ""\u53bb*\u6237"", ""replyCityName"": """", ""cityName"": """"}, {""author"": ""\u53bb*\u6237"", ""content"": ""\u7528\u6237\u672a\u70b9\u8bc4\uff0c\u7cfb\u7edf\u9ed8\u8ba4\u597d\u8bc4\u3002"", ""date"": ""2024-10-02"", ""score"": 5, ""commentId"": ""237445399"", ""imgs"": [], ""userNickName"": ""\u53bb*\u6237"", ""replyCityName"": """", ""cityName"": """"}, {""author"": ""f*5"", ""content"": ""\u7528\u6237\u672a\u70b9\u8bc4\uff0c\u7cfb\u7edf\u9ed8\u8ba4\u597d\u8bc4\u3002"", ""date"": ""2024-10-02"", ""score"": 5, ""commentId"": ""237445396"", ""imgs"": [], ""userNickName"": ""f*5"", ""replyCityName"": """", ""cityName"": """"}, {""author"": ""\u53bb*\u6237"", ""content"": ""\u7528\u6237\u672a\u70b9\u8bc4\uff0c\u7cfb\u7edf\u9ed8\u8ba4\u597d\u8bc4\u3002"", ""date"": ""2024-10-02"", ""score"": 5, ""commentId"": ""237445394"", ""imgs"": [], ""userNickName"": ""\u53bb*\u6237"", ""replyCityName"": """", ""cityName"": """"}, {""author"": ""\u5929*\u96e8"", ""content"": ""\u7528\u6237\u672a\u70b9\u8bc4\uff0c\u7cfb\u7edf\u9ed8\u8ba4\u597d\u8bc4\u3002"", ""date"": ""2024-10-02"", ""score"": 5, ""commentId"": ""237445349"", ""imgs"": [], ""userNickName"": ""\u5929*\u96e8"", ""replyCityName"": """", ""cityName"": """"}], ""score"": 5.0, ""commentCount"": 19}, ""statusCode"": 200}"
中山市参宫野山参文化博物馆,https://qimgs.qunarzz.com/piao_qsight_provider_piao_qsight_web/0100d120009i0794m565A_C_900_504.jpg_280x200_567b4db2.jpg,中山市,中山市,中山市得能东路与东阳南路交叉路口往南约80米,25,5.0,参宫·野山参文化博物馆位于广东中山，集科普、展示、科研、收藏、交流为一体、规模宏大、设施完善。博物馆收藏了众多人参珍品，,https://piao.qunar.com/ticket/detail_200076597.html?st=a3clM0QlRTQlQjglQUQlRTUlQjElQjElRTUlQjglODIlMjZpZCUzRDUxMDIyMSUyNnR5cGUlM0QwJTI2aWR4JTNEMjIlMjZxdCUzRCUyNmFwayUzRDIlMjZzYyUzRFdXVyUyNnVyJTNEJUU0JUI4JUFEJUU1JUIxJUIxJTI2bHIlM0QlRTQlQjglQUQlRTUlQjElQjElMjZmdCUzRCU3QiU3RA%3D%3D#from=mpl_search_suggest,38.0,3A景区,参宫·野山参文化博物馆位于广东中山，集科普、展示、科研、收藏、交流为一体、规模宏大、设施完善。博物馆收藏了众多人参珍品，并建设大型展览中心、科研中心、会务中心等，系列地传承和弘扬人参文化。,"1/1-12/31；周一至周五；09:00-12:00,13:30-17:30开园",https://qimgs.qunarzz.com/piao_qsight_provider_piao_qsight_web/0100d120009i0794m565A_C_900_504.jpg_710x360_69d1d3be.jpg〇https://qimgs.qunarzz.com/piao_qsight_provider_piao_qsight_web/0100d120009i0794m565A_C_900_504_Q90_Mtg_7.jpg_710x360_47b5f0f0.jpg〇https://imgs.qunarzz.com/piao_qsight_web_piao_qsight_web/01020120004hldy6i264C_C_1600_1200.jpg_710x360_ee0f53d4.jpg〇https://imgs.qunarzz.com/piao_qsight_web_piao_qsight_web/0105t120004hle6owCFE2_R_1600_10000.jpg_710x360_c3a8f6b2.jpg〇https://imgs.qunarzz.com/piao_qsight_web_piao_qsight_web/0101p120004hldf6nC085_R_1600_10000.jpg_710x360_a5a0ea6c.jpg,"{""ret"": true, ""data"": {""tagList"": [{""tagType"": 16, ""tagScore"": 5, ""tagNum"": 1, ""tagName"": ""\u9760\u8c31""}, {""tagType"": 8, ""tagScore"": 5, ""tagNum"": 1, ""tagName"": ""\u4fbf\u5b9c""}, {""tagType"": 4, ""tagScore"": 5, ""tagNum"": 1, ""tagName"": ""\u53d6\u7968\u65b9\u4fbf""}, {""tagType"": 1, ""tagScore"": 5, ""tagNum"": 25, ""tagName"": ""\u597d\u8bc4""}, {""tagType"": 0, ""tagScore"": 5, ""tagNum"": 25, ""tagName"": ""\u5168\u90e8""}], ""commentList"": [{""author"": ""x*9"", ""content"": ""\u7528\u6237\u672a\u70b9\u8bc4\uff0c\u7cfb\u7edf\u9ed8\u8ba4\u597d\u8bc4\u3002"", ""date"": ""2024-11-02"", ""score"": 5, ""commentId"": ""238044687"", ""imgs"": [], ""userNickName"": ""x*9"", ""replyCityName"": """", ""cityName"": """"}, {""author"": ""\u53bb*\u6237"", ""content"": ""\u7528\u6237\u672a\u70b9\u8bc4\uff0c\u7cfb\u7edf\u9ed8\u8ba4\u597d\u8bc4\u3002"", ""date"": ""2024-09-16"", ""score"": 5, ""commentId"": ""236847194"", ""imgs"": [], ""userNickName"": ""\u53bb*\u6237"", ""replyCityName"": """", ""cityName"": """"}, {""author"": ""\u53bb*\u6237"", ""content"": ""\u7528\u6237\u672a\u70b9\u8bc4\uff0c\u7cfb\u7edf\u9ed8\u8ba4\u597d\u8bc4\u3002"", ""date"": ""2024-09-11"", ""score"": 5, ""commentId"": ""236572091"", ""imgs"": [], ""userNickName"": ""\u53bb*\u6237"", ""replyCityName"": """", ""cityName"": """"}, {""author"": ""\u53bb*\u6237"", ""content"": ""\u7528\u6237\u672a\u70b9\u8bc4\uff0c\u7cfb\u7edf\u9ed8\u8ba4\u597d\u8bc4\u3002"", ""date"": ""2024-09-08"", ""score"": 5, ""commentId"": ""236436979"", ""imgs"": [], ""userNickName"": ""\u53bb*\u6237"", ""replyCityName"": """", ""cityName"": """"}, {""author"": ""s*3"", ""content"": ""\u7528\u6237\u672a\u70b9\u8bc4\uff0c\u7cfb\u7edf\u9ed8\u8ba4\u597d\u8bc4\u3002"", ""date"": ""2024-09-04"", ""score"": 5, ""commentId"": ""236269941"", ""imgs"": [], ""userNickName"": ""s*3"", ""replyCityName"": """", ""cityName"": """"}, {""author"": ""s*3"", ""content"": ""\u7528\u6237\u672a\u70b9\u8bc4\uff0c\u7cfb\u7edf\u9ed8\u8ba4\u597d\u8bc4\u3002"", ""date"": ""2024-09-04"", ""score"": 5, ""commentId"": ""236269735"", ""imgs"": [], ""userNickName"": ""s*3"", ""replyCityName"": """", ""cityName"": """"}, {""author"": ""s*3"", ""content"": ""\u7528\u6237\u672a\u70b9\u8bc4\uff0c\u7cfb\u7edf\u9ed8\u8ba4\u597d\u8bc4\u3002"", ""date"": ""2024-09-04"", ""score"": 5, ""commentId"": ""236269286"", ""imgs"": [], ""userNickName"": ""s*3"", ""replyCityName"": """", ""cityName"": """"}, {""author"": ""s*3"", ""content"": ""\u7528\u6237\u672a\u70b9\u8bc4\uff0c\u7cfb\u7edf\u9ed8\u8ba4\u597d\u8bc4\u3002"", ""date"": ""2024-09-04"", ""score"": 5, ""commentId"": ""236268615"", ""imgs"": [], ""userNickName"": ""s*3"", ""replyCityName"": """", ""cityName"": """"}, {""author"": ""\u672c*\u9177"", ""content"": ""\u7528\u6237\u672a\u70b9\u8bc4\uff0c\u7cfb\u7edf\u9ed8\u8ba4\u597d\u8bc4\u3002"", ""date"": ""2024-09-03"", ""score"": 5, ""commentId"": ""236197115"", ""imgs"": [], ""userNickName"": ""\u672c*\u9177"", ""replyCityName"": """", ""cityName"": """"}, {""author"": ""\u5a77*2"", ""content"": ""\u7528\u6237\u672a\u70b9\u8bc4\uff0c\u7cfb\u7edf\u9ed8\u8ba4\u597d\u8bc4\u3002"", ""date"": ""2024-08-20"", ""score"": 5, ""commentId"": ""235701407"", ""imgs"": [], ""userNickName"": ""\u5a77*2"", ""replyCityName"": """", ""cityName"": """"}], ""score"": 5.0, ""commentCount"": 25}, ""statusCode"": 200}"
孙中山故里旅游区,https://qimgs.qunarzz.com/piao_qsight_provider_piao_qsight_web/0104w120006d7hvw63CF5_C_900_504.jpg_280x200_9351d209.jpg,中山市,中山市,广东省中山市南朗街道翠亨大道45号,259,5.0,纵览伟人孙中山的成长轨迹,https://piao.qunar.com/ticket/detail_701739915.html?st=a3clM0QlRTQlQjglQUQlRTUlQjElQjElRTUlQjglODIlMjZpZCUzRDUxMTgzNiUyNnR5cGUlM0QwJTI2aWR4JTNEMjElMjZxdCUzRCUyNmFwayUzRDIlMjZzYyUzRFdXVyUyNnVyJTNEJUU0JUI4JUFEJUU1JUIxJUIxJTI2bHIlM0QlRTQlQjglQUQlRTUlQjElQjElMjZmdCUzRCU3QiU3RA%3D%3D#from=mpl_search_suggest,19.9,5A景区,孙中山故里旅游区位于广东省中山市南朗镇翠亨村，东临珠江口，西靠五桂山，毗邻港澳，距中山市城区约20千米，距广州城区约90千米。旅游区占地3.15平方公里，包含有孙中山故居纪念馆、翠亨村、中山影视城、辛亥革命纪念公园和犁头尖山五个核心景区，全方位展示孙中山从出生成长到从事革命活动的人生轨迹。孙中山故居纪念馆，成立于1956年，现为全国爱国主义教育示范基地。现开放包括孙中山纪念展示区、翠亨民居展示区、农耕文化展示区、非物质文化遗产展示区、辛亥革命纪念公园及杨殷陆皓东纪念展示区等六大区域，形成以“孙中山及其成长的社会环境”为主题、兼具历史纪念性和民俗性，物质文化遗产与非物质文化遗产相结合的展示体系。,暂无,https://qimgs.qunarzz.com/piao_qsight_provider_piao_qsight_web/0104w120006d7hvw63CF5_C_900_504.jpg_710x360_9f71bf71.jpg〇https://qimgs.qunarzz.com/piao_qsight_provider_piao_qsight_web/0104w120006d7hvw63CF5_C_900_504_Q90_Mtg_7.jpg_710x360_15e89ec8.jpg,"{""ret"": true, ""data"": {""tagList"": [{""tagType"": 1, ""tagScore"": 5, ""tagNum"": 259, ""tagName"": ""\u597d\u8bc4""}, {""tagType"": 0, ""tagScore"": 5, ""tagNum"": 259, ""tagName"": ""\u5168\u90e8""}], ""commentList"": [{""author"": ""f*0"", ""content"": ""\u7528\u6237\u672a\u70b9\u8bc4\uff0c\u7cfb\u7edf\u9ed8\u8ba4\u597d\u8bc4\u3002"", ""date"": ""2024-12-26"", ""score"": 5, ""commentId"": ""239378762"", ""imgs"": [], ""userNickName"": ""f*0"", ""replyCityName"": """", ""cityName"": """"}, {""author"": ""a*5"", ""content"": ""\u7528\u6237\u672a\u70b9\u8bc4\uff0c\u7cfb\u7edf\u9ed8\u8ba4\u597d\u8bc4\u3002"", ""date"": ""2024-12-17"", ""score"": 5, ""commentId"": ""239256727"", ""imgs"": [], ""userNickName"": ""a*5"", ""replyCityName"": """", ""cityName"": """"}, {""author"": ""h*1"", ""content"": ""\u7528\u6237\u672a\u70b9\u8bc4\uff0c\u7cfb\u7edf\u9ed8\u8ba4\u597d\u8bc4\u3002"", ""date"": ""2024-11-02"", ""score"": 5, ""commentId"": ""238125791"", ""imgs"": [], ""userNickName"": ""h*1"", ""replyCityName"": """", ""cityName"": """"}, {""author"": ""\u53bb*\u6237"", ""content"": ""\u7528\u6237\u672a\u70b9\u8bc4\uff0c\u7cfb\u7edf\u9ed8\u8ba4\u597d\u8bc4\u3002"", ""date"": ""2024-10-09"", ""score"": 5, ""commentId"": ""237554234"", ""imgs"": [], ""userNickName"": ""\u53bb*\u6237"", ""replyCityName"": """", ""cityName"": """"}, {""author"": ""\u53bb*\u6237"", ""content"": ""\u7528\u6237\u672a\u70b9\u8bc4\uff0c\u7cfb\u7edf\u9ed8\u8ba4\u597d\u8bc4\u3002"", ""date"": ""2024-09-29"", ""score"": 5, ""commentId"": ""237373332"", ""imgs"": [], ""userNickName"": ""\u53bb*\u6237"", ""replyCityName"": """", ""cityName"": """"}, {""author"": ""j*8"", ""content"": ""\u7528\u6237\u672a\u70b9\u8bc4\uff0c\u7cfb\u7edf\u9ed8\u8ba4\u597d\u8bc4\u3002"", ""date"": ""2024-09-24"", ""score"": 5, ""commentId"": ""237204685"", ""imgs"": [], ""userNickName"": ""j*8"", ""replyCityName"": """", ""cityName"": """"}, {""author"": ""\u53bb*\u6237"", ""content"": ""\u7528\u6237\u672a\u70b9\u8bc4\uff0c\u7cfb\u7edf\u9ed8\u8ba4\u597d\u8bc4\u3002"", ""date"": ""2024-09-13"", ""score"": 5, ""commentId"": ""236714980"", ""imgs"": [], ""userNickName"": ""\u53bb*\u6237"", ""replyCityName"": """", ""cityName"": """"}, {""author"": ""\u53bb*\u6237"", ""content"": ""\u7528\u6237\u672a\u70b9\u8bc4\uff0c\u7cfb\u7edf\u9ed8\u8ba4\u597d\u8bc4\u3002"", ""date"": ""2024-09-13"", ""score"": 5, ""commentId"": ""236714848"", ""imgs"": [], ""userNickName"": ""\u53bb*\u6237"", ""replyCityName"": """", ""cityName"": """"}, {""author"": ""\u53bb*\u6237"", ""content"": ""\u7528\u6237\u672a\u70b9\u8bc4\uff0c\u7cfb\u7edf\u9ed8\u8ba4\u597d\u8bc4\u3002"", ""date"": ""2024-09-11"", ""score"": 5, ""commentId"": ""236572095"", ""imgs"": [], ""userNickName"": ""\u53bb*\u6237"", ""replyCityName"": """", ""cityName"": """"}, {""author"": ""\u53bb*\u6237"", ""content"": ""\u7528\u6237\u672a\u70b9\u8bc4\uff0c\u7cfb\u7edf\u9ed8\u8ba4\u597d\u8bc4\u3002"", ""date"": ""2024-09-07"", ""score"": 5, ""commentId"": ""236411429"", ""imgs"": [], ""userNickName"": ""\u53bb*\u6237"", ""replyCityName"": """", ""cityName"": """"}], ""score"": 5.0, ""commentCount"": 259}, ""statusCode"": 200}"
Pokiddo口袋屋运动梦工场(中山店),https://qimgs.qunarzz.com/piao_qsight_provider_piao_qsight_web/0104o12000bquubfs318B_C_900_504.jpg_280x200_3802a1d6.jpg,中山市,中山市,中山市悦来南路34号中山悦来天虹购物中心4楼,-1,-1.0,N/A,https://piao.qunar.com/ticket/detail_3872986890.html?st=a3clM0QlRTQlQjglQUQlRTUlQjElQjElRTUlQjglODIlMjZpZCUzRDUyNjYyMiUyNnR5cGUlM0QwJTI2aWR4JTNEMjAlMjZxdCUzRCUyNmFwayUzRDIlMjZzYyUzRFdXVyUyNnVyJTNEJUU0JUI4JUFEJUU1JUIxJUIxJTI2bHIlM0QlRTQlQjglQUQlRTUlQjElQjElMjZmdCUzRCU3QiU3RA%3D%3D#from=mpl_search_suggest,119.0,N/A,N/A,1/1-12/31；周一至周五；11:00-21:00开园,https://qimgs.qunarzz.com/piao_qsight_provider_piao_qsight_web/0104o12000bquubfs318B_C_900_504.jpg_710x360_9cee4765.jpg〇https://qimgs.qunarzz.com/piao_qsight_provider_piao_qsight_web/0104d12000bquuaiaAD06_C_900_504_Q90_Mtg_7.jpg_710x360_40c33657.jpg〇https://qimgs.qunarzz.com/piao_qsight_provider_piao_qsight_web/0104o12000bquubfs318B_C_900_504_Q90_Mtg_7.jpg_710x360_72421ae9.jpg,"{""ret"": true, ""data"": {""tagList"": [{""tagType"": 0, ""tagScore"": 5, ""tagNum"": 0, ""tagName"": ""\u5168\u90e8""}], ""score"": 0.0, ""commentCount"": 0}, ""statusCode"": 200}"
沙溪镇,https://qimgs.qunarzz.com/piao_qsight_provider_piao_qsight_web/0102012000bc39eu42DEC_C_900_504.jpg_280x200_6026f958.jpg,中山市,中山市,广东省中山市,-1,-1.0,楼阁式砖结构，红方砖铺地,https://piao.qunar.com/ticket/detail_4237328905.html?st=a3clM0QlRTQlQjglQUQlRTUlQjElQjElRTUlQjglODIlMjZpZCUzRDU4NTclMjZ0eXBlJTNEMCUyNmlkeCUzRDE5JTI2cXQlM0QlMjZhcGslM0QyJTI2c2MlM0RXV1clMjZ1ciUzRCVFNCVCOCVBRCVFNSVCMSVCMSUyNmxyJTNEJUU0JUI4JUFEJUU1JUIxJUIxJTI2ZnQlM0QlN0IlN0Q%3D#from=mpl_search_suggest,58.0,N/A,"龙瑞塔高5层，30米。为六角攒尖顶，楼阁式砖结构，红方砖铺地。底层面积39平方米。第五层窗额镶嵌有“天章”石匾，门额石匾阳刻楷书：“云汉为章”，左右对联：""默宰灵枢宣雅化，宏开景运翼斯文""，用楷书阴刻而成。1990年被公布为中山市文物保护单位。现该塔保存完好。",1/1-12/31；周一至周日；全天开放,https://qimgs.qunarzz.com/piao_qsight_provider_piao_qsight_web/0102012000bc39eu42DEC_C_900_504.jpg_710x360_f2296d5e.jpg,"{""ret"": true, ""data"": {""tagList"": [{""tagType"": 0, ""tagScore"": 5, ""tagNum"": 0, ""tagName"": ""\u5168\u90e8""}], ""score"": 0.0, ""commentCount"": 0}, ""statusCode"": 200}"
兴中广场小火车,https://qimgs.qunarzz.com/piao_qsight_provider_piao_qsight_web/0103b120008xh3cr493E2_C_900_504.jpg_280x200_82d6aa36.jpg,中山市,中山市,中山市凤鸣路3号,-1,-1.0,兴中广场小火车，带着小朋友，坐上小火车，伴随着音乐节奏，在小火车上环绕广场。,https://piao.qunar.com/ticket/detail_2356130070.html?st=a3clM0QlRTQlQjglQUQlRTUlQjElQjElRTUlQjglODIlMjZpZCUzRDUwOTg3MiUyNnR5cGUlM0QwJTI2aWR4JTNEMTglMjZxdCUzRCUyNmFwayUzRDIlMjZzYyUzRFdXVyUyNnVyJTNEJUU0JUI4JUFEJUU1JUIxJUIxJTI2bHIlM0QlRTQlQjglQUQlRTUlQjElQjElMjZmdCUzRCU3QiU3RA%3D%3D#from=mpl_search_suggest,12.8,N/A,兴中广场小火车，带着小朋友，坐上小火车，伴随着音乐节奏，在小火车上环绕广场。,1/1-12/31；周一至周日；10:00-22:00开园,https://qimgs.qunarzz.com/piao_qsight_provider_piao_qsight_web/0103b120008xh3cr493E2_C_900_504.jpg_710x360_93d91fce.jpg〇https://qimgs.qunarzz.com/piao_qsight_provider_piao_qsight_web/0103h120008xh37vy45A0_C_900_504_Q90_Mtg_7.png_710x360_19b4aa0e.png〇https://qimgs.qunarzz.com/piao_qsight_provider_piao_qsight_web/0103b120008xh3cr493E2_C_900_504_Q90_Mtg_7.jpg_710x360_556bafb7.jpg,"{""ret"": true, ""data"": {""tagList"": [{""tagType"": 0, ""tagScore"": 5, ""tagNum"": 0, ""tagName"": ""\u5168\u90e8""}], ""score"": 0.0, ""commentCount"": 0}, ""statusCode"": 200}"
孙中山纪念堂,https://imgs.qunarzz.com/sight/p0/1501/89/729e4ebe5e765dcaf21757ca15b8b08a.water.jpg_280x200_9b47459f.jpg,中山市,中山市,广东省中山市中山市区孙文中路190,4,4.5,纪念堂建筑雄伟，纪念其伟大的革命精神,https://piao.qunar.com/ticket/detail_3023141025.html?st=a3clM0QlRTQlQjglQUQlRTUlQjElQjElRTUlQjglODIlMjZpZCUzRDE4OTU1MSUyNnR5cGUlM0QwJTI2aWR4JTNEMTclMjZxdCUzRCUyNmFwayUzRDIlMjZzYyUzRFdXVyUyNnVyJTNEJUU0JUI4JUFEJUU1JUIxJUIxJTI2bHIlM0QlRTQlQjglQUQlRTUlQjElQjElMjZmdCUzRCU3QiU3RA%3D%3D#from=mpl_search_suggest,580.0,N/A,坐落在中山市区中心的孙中山纪念堂公园内，占地面积8400平方米，建筑面积15000平方米，于1982年2月动工，1983年10月落成。是由香港知名人士郭得胜捐赠港币1000万元兴建。纪念堂入门上方，镶嵌着一块有全国人大常委会副委员长廖承志亲笔题书“孙中山纪念堂”的金字横匾。在正中上层一座小殿建筑的墙上，悬挂着一块有孙中山笔迹“天下为公”的金字直匾，象征孙中山先生创立的“新三民主义”。1985年，取名“仁山玉宇”。“仁山”原是个小山岗，现既为纪念堂地址，且寓仰慕孙中山仁心济世之意；“玉宇”两字，既描绘了纪念堂的雄伟建筑，且寓孙中山的崇高品质和伟大的革命精神。,01/01-12/31；8:00-16:50开园,https://imgs.qunarzz.com/sight/p0/1501/89/729e4ebe5e765dcaf21757ca15b8b08a.water.jpg_710x360_df1d11ad.jpg〇https://imgs.qunarzz.com/sight/p0/1501/fa/94408a9114811c93817148d4f27fe488.water.jpg_710x360_d06b2c4a.jpg〇https://qimgs.qunarzz.com/piao_qsight_provider_piao_qsight_web/95adc3e3d235cfb5.jpg_710x360_7ee2a9ac.jpg〇https://qimgs.qunarzz.com/piao_qsight_provider_piao_qsight_web/6847e23eebcccbb5.jpg_710x360_cec33f3a.jpg〇https://qimgs.qunarzz.com/piao_qsight_provider_piao_qsight_web/d03bec64d3de4.jpg_710x360_373e28f8.jpg〇https://qimgs.qunarzz.com/piao_qsight_provider_piao_qsight_web/18fc2bb33223a9.jpg_710x360_95b77799.jpg〇https://qimgs.qunarzz.com/piao_qsight_provider_piao_qsight_web/0c328835de3312.jpg_710x360_6189e2ff.jpg〇https://qimgs.qunarzz.com/piao_qsight_provider_piao_qsight_web/f7b66220a0601e.jpg_710x360_5baaa0b6.jpg〇https://qimgs.qunarzz.com/piao_qsight_provider_piao_qsight_web/9aea8287e0a7f4edf39aad4a0f3fbc77.jpg_710x360_c14cc8b3.jpg〇https://qimgs.qunarzz.com/piao_qsight_provider_piao_qsight_web/cd13660f02d200b5.jpg_710x360_87e05b55.jpg〇https://qimgs.qunarzz.com/piao_qsight_provider_piao_qsight_web/8ab7ac43277c75f7.jpg_710x360_c5d1e2cf.jpg〇https://qimgs.qunarzz.com/piao_qsight_provider_piao_qsight_web/2a2844eb7a74db.jpg_710x360_ca816eee.jpg〇https://qimgs.qunarzz.com/piao_qsight_provider_piao_qsight_web/e631756d3fbb57.jpg_710x360_07d63c1e.jpg〇https://qimgs.qunarzz.com/piao_qsight_provider_piao_qsight_web/1688291556441c7bddb12cfb.jpg_710x360_d608ca48.jpg,"{""ret"": true, ""data"": {""tagList"": [{""tagType"": 2, ""tagScore"": 5, ""tagNum"": 1, ""tagName"": ""\u4e2d\u8bc4""}, {""tagType"": 1, ""tagScore"": 5, ""tagNum"": 3, ""tagName"": ""\u597d\u8bc4""}, {""tagType"": 0, ""tagScore"": 5, ""tagNum"": 4, ""tagName"": ""\u5168\u90e8""}], ""commentList"": [{""author"": ""d*3"", ""content"": ""\u7528\u6237\u672a\u70b9\u8bc4\uff0c\u7cfb\u7edf\u9ed8\u8ba4\u597d\u8bc4\u3002"", ""date"": ""2020-10-18"", ""score"": 5, ""commentId"": ""216689987"", ""imgs"": [], ""userNickName"": ""d*3"", ""replyCityName"": """", ""cityName"": """"}, {""author"": ""d*3"", ""content"": ""\u7528\u6237\u672a\u70b9\u8bc4\uff0c\u7cfb\u7edf\u9ed8\u8ba4\u597d\u8bc4\u3002"", ""date"": ""2020-10-18"", ""score"": 5, ""commentId"": ""216689985"", ""imgs"": [], ""userNickName"": ""d*3"", ""replyCityName"": """", ""cityName"": """"}, {""author"": ""i*8"", ""content"": ""\u7528\u6237\u672a\u70b9\u8bc4\uff0c\u7cfb\u7edf\u9ed8\u8ba4\u597d\u8bc4\u3002"", ""date"": ""2019-11-30"", ""score"": 5, ""commentId"": ""213529776"", ""imgs"": [], ""userNickName"": ""i*8"", ""replyCityName"": """", ""cityName"": """"}, {""author"": ""w*4"", ""content"": ""\u6709\u70b9\u4e0d\u597d\u627e\uff0c\u5c31\u4e00\u4e2a\u5efa\u7b51\u7269\uff0c\u6ca1\u5565\u3002\u73af\u5883\u8fd8\u53ef\u4ee5\uff0c\u4ece\u6b65\u884c\u8857\u76f4\u8fdb\u5c31\u80fd\u5230\u4e86\u3002"", ""date"": ""2015-02-15"", ""score"": 3, ""commentId"": ""32207136"", ""imgs"": [{""small"": ""https://imgs.qunarzz.com/piao/fusion/1502/95/f7b66220a0601e.jpg_120x120_7babb7c7.jpg"", ""title"": """", ""big"": ""https://imgs.qunarzz.com/piao/fusion/1502/95/f7b66220a0601e.jpg""}, {""small"": ""https://imgs.qunarzz.com/piao/fusion/1502/82/0c328835de3312.jpg_120x120_40c0a832.jpg"", ""title"": """", ""big"": ""https://imgs.qunarzz.com/piao/fusion/1502/82/0c328835de3312.jpg""}, {""small"": ""https://imgs.qunarzz.com/piao/fusion/1502/f6/18fc2bb33223a9.jpg_120x120_f50193c9.jpg"", ""title"": """", ""big"": ""https://imgs.qunarzz.com/piao/fusion/1502/f6/18fc2bb33223a9.jpg""}, {""small"": ""https://imgs.qunarzz.com/piao/fusion/1502/c0/d03bec64d3de4.jpg_120x120_258d517b.jpg"", ""title"": """", ""big"": ""https://imgs.qunarzz.com/piao/fusion/1502/c0/d03bec64d3de4.jpg""}], ""userNickName"": ""w*4"", ""replyCityName"": """", ""cityName"": """"}], ""score"": 4.5, ""commentCount"": 4}, ""statusCode"": 200}"
五桂山,https://qimgs.qunarzz.com/piao_qsight_provider_piao_qsight_web/10061f000001gqwzc972E_C_900_504.jpg_280x200_6aa1c97f.jpg,中山市,中山市,广东省中山市,31,4.8,青山连绵溪水常流的雄峰,https://piao.qunar.com/ticket/detail_1710081199.html?st=a3clM0QlRTQlQjglQUQlRTUlQjElQjElRTUlQjglODIlMjZpZCUzRDEyODgyJTI2dHlwZSUzRDAlMjZpZHglM0QxNiUyNnF0JTNEJTI2YXBrJTNEMiUyNnNjJTNEV1dXJTI2dXIlM0QlRTQlQjglQUQlRTUlQjElQjElMjZsciUzRCVFNCVCOCVBRCVFNSVCMSVCMSUyNmZ0JTNEJTdCJTdE#from=mpl_search_suggest,399.0,N/A,"桂雄峰，是老景点，又是中山新十景之一，这里有巍峨的峰峦，有奇花异卉，有建设发展新貌，有优美的民间传说，是革命战争岁月，在这里发生的可歌可泣抗敌斗争的事迹。五桂山雄据珠江口，范围辽阔，它包括七个镇区九个山系，如南台山系的南台山，是古来香山八景""南台秋门""故址。而五桂山主峰，海拔531米，因地临海洋显得卓尔不凡。五桂山故称""香山""，《太平环宇记》载：东莞县香山在县南隔海三百里，地多神仙花卉，故曰香山。因此，这里乃中山、珠海两市的屋脊。而历代相传，五桂山区有大花园和小花园的天然景物，有奇岩怪石，异羽奇禽，流泉飞瀑，景色可与岭南胜景西樵山、罗浮山媲美，引人入胜。五桂山中盛产吊钟花、杜鹃花、兰花和沉香木，每年迎春花市上，都有采自五桂山的吊钟花，中山兰友也采得珍贵的五桂山兰，但更大面积的，是建国以来人工种植的松林、桉林、杉林和相思林。它们郁郁葱葱，覆盖群山，保持广大区域的水源。所以这一带水源充足水质好、空气清新。五柱山区工农业生产蒸蒸日上。畅通的公路，新建的楼群、山区面貌焕然一新。",1/1-12/31；周一至周日；8:00-18:00开园,https://qimgs.qunarzz.com/piao_qsight_provider_piao_qsight_web/10061f000001gqwzc972E_C_900_504.jpg_710x360_68e70bb2.jpg〇https://qimgs.qunarzz.com/piao_qsight_provider_piao_qsight_web/0101c1200088hu7ssF955_C_900_504_Q90_Mtg_7.jpg_710x360_fb8bcf6d.jpg〇https://qimgs.qunarzz.com/piao_qsight_provider_piao_qsight_web/10061f000001gqwzc972E_C_900_504_Q90_Mtg_7.jpg_710x360_98afd80f.jpg〇https://imgs.qunarzz.com/sight/p0/1604/12/123874f6ac54e63e90.water.jpg_710x360_a8abf1c4.jpg〇https://imgs.qunarzz.com/sight/p0/1604/e2/e2367ff7e5bb483f90.water.jpg_710x360_482df82d.jpg〇https://imgs.qunarzz.com/sight/p0/1604/8d/8df3a6cfdc37b47190.water.jpg_710x360_5ce59c30.jpg〇https://imgs.qunarzz.com/sight/p0/1604/36/36c8e8931105264690.water.jpg_710x360_19c141d8.jpg〇https://imgs.qunarzz.com/sight/p0/1604/b7/b766a1ada20ec10a90.water.jpg_710x360_3b2dc8f6.jpg〇https://qimgs.qunarzz.com/piao_qsight_provider_piao_qsight_web/304ce6dad830e3.jpg_710x360_e3f1bc21.jpg〇https://qimgs.qunarzz.com/piao_qsight_provider_piao_qsight_web/192cd070f95306.jpg_710x360_df3b1da0.jpg〇https://qimgs.qunarzz.com/piao_qsight_provider_piao_qsight_web/07610983833bdc.jpg_710x360_5cf9c7a3.jpg〇https://qimgs.qunarzz.com/piao_qsight_provider_piao_qsight_web/5018799427dafe.jpg_710x360_600c6879.jpg〇https://qimgs.qunarzz.com/piao_qsight_provider_piao_qsight_web/776fe225e51619.jpg_710x360_2eb8aa7e.jpg〇https://qimgs.qunarzz.com/piao_qsight_provider_piao_qsight_web/323f4aa262433b.jpg_710x360_d896089b.jpg〇https://qimgs.qunarzz.com/piao_qsight_provider_piao_qsight_web/367aba7a4882f5.jpg_710x360_62a9f8f2.jpg〇https://qimgs.qunarzz.com/piao_qsight_provider_piao_qsight_web/c6ffe46c6bb5a8.jpg_710x360_941ebd76.jpg〇https://qimgs.qunarzz.com/piao_qsight_provider_piao_qsight_web/9c8720b5e2aacd.jpg_710x360_3582ec2d.jpg〇https://qimgs.qunarzz.com/piao_qsight_provider_piao_qsight_web/066175e897aa5e835e9f37338cc6a455.jpg_710x360_0502b53e.jpg〇https://qimgs.qunarzz.com/piao_qsight_provider_piao_qsight_web/aaea7294b6a22437.jpg_710x360_490f49bc.jpg,"{""ret"": true, ""data"": {""tagList"": [{""tagType"": 32, ""tagScore"": 5, ""tagNum"": 2, ""tagName"": ""\u670d\u52a1\u597d""}, {""tagType"": 16, ""tagScore"": 5, ""tagNum"": 2, ""tagName"": ""\u9760\u8c31""}, {""tagType"": 8, ""tagScore"": 5, ""tagNum"": 1, ""tagName"": ""\u4fbf\u5b9c""}, {""tagType"": 4, ""tagScore"": 5, ""tagNum"": 7, ""tagName"": ""\u53d6\u7968\u65b9\u4fbf""}, {""tagType"": 2, ""tagScore"": 5, ""tagNum"": 2, ""tagName"": ""\u4e2d\u8bc4""}, {""tagType"": 1, ""tagScore"": 5, ""tagNum"": 29, ""tagName"": ""\u597d\u8bc4""}, {""tagType"": 0, ""tagScore"": 5, ""tagNum"": 31, ""tagName"": ""\u5168\u90e8""}], ""commentList"": [{""author"": ""\u53bb*\u6237"", ""content"": ""\u7528\u6237\u672a\u70b9\u8bc4\uff0c\u7cfb\u7edf\u9ed8\u8ba4\u597d\u8bc4\u3002"", ""date"": ""2024-03-06"", ""score"": 5, ""commentId"": ""231796026"", ""imgs"": [], ""userNickName"": ""\u53bb*\u6237"", ""replyCityName"": """", ""cityName"": """"}, {""author"": ""r*5"", ""content"": ""\u7528\u6237\u672a\u70b9\u8bc4\uff0c\u7cfb\u7edf\u9ed8\u8ba4\u597d\u8bc4\u3002"", ""date"": ""2024-03-06"", ""score"": 5, ""commentId"": ""231795271"", ""imgs"": [], ""userNickName"": ""r*5"", ""replyCityName"": """", ""cityName"": """"}, {""author"": ""r*5"", ""content"": ""\u7528\u6237\u672a\u70b9\u8bc4\uff0c\u7cfb\u7edf\u9ed8\u8ba4\u597d\u8bc4\u3002"", ""date"": ""2024-03-05"", ""score"": 5, ""commentId"": ""231774877"", ""imgs"": [], ""userNickName"": ""r*5"", ""replyCityName"": """", ""cityName"": """"}, {""author"": ""G*r"", ""content"": ""\u7528\u6237\u672a\u70b9\u8bc4\uff0c\u7cfb\u7edf\u9ed8\u8ba4\u597d\u8bc4\u3002"", ""date"": ""2024-02-17"", ""score"": 5, ""commentId"": ""231455967"", ""imgs"": [], ""userNickName"": ""G*r"", ""replyCityName"": """", ""cityName"": """"}, {""author"": ""u*2"", ""content"": ""\u7528\u6237\u672a\u70b9\u8bc4\uff0c\u7cfb\u7edf\u9ed8\u8ba4\u597d\u8bc4\u3002"", ""date"": ""2024-02-01"", ""score"": 5, ""commentId"": ""231280672"", ""imgs"": [], ""userNickName"": ""u*2"", ""replyCityName"": """", ""cityName"": """"}, {""author"": ""\u53bb*\u6237"", ""content"": ""\u7528\u6237\u672a\u70b9\u8bc4\uff0c\u7cfb\u7edf\u9ed8\u8ba4\u597d\u8bc4\u3002"", ""date"": ""2024-01-29"", ""score"": 5, ""commentId"": ""231169239"", ""imgs"": [], ""userNickName"": ""\u53bb*\u6237"", ""replyCityName"": """", ""cityName"": """"}, {""author"": ""\u53bb*\u6237"", ""content"": ""\u7528\u6237\u672a\u70b9\u8bc4\uff0c\u7cfb\u7edf\u9ed8\u8ba4\u597d\u8bc4\u3002"", ""date"": ""2024-01-27"", ""score"": 5, ""commentId"": ""231155452"", ""imgs"": [], ""userNickName"": ""\u53bb*\u6237"", ""replyCityName"": """", ""cityName"": """"}, {""author"": ""t*1"", ""content"": ""\u7528\u6237\u672a\u70b9\u8bc4\uff0c\u7cfb\u7edf\u9ed8\u8ba4\u597d\u8bc4\u3002"", ""date"": ""2024-01-21"", ""score"": 5, ""commentId"": ""231095052"", ""imgs"": [], ""userNickName"": ""t*1"", ""replyCityName"": """", ""cityName"": """"}, {""author"": ""\u54ea*H"", ""content"": ""\u7528\u6237\u672a\u70b9\u8bc4\uff0c\u7cfb\u7edf\u9ed8\u8ba4\u597d\u8bc4\u3002"", ""date"": ""2023-10-29"", ""score"": 5, ""commentId"": ""229580031"", ""imgs"": [], ""userNickName"": ""\u54ea*H"", ""replyCityName"": """", ""cityName"": """"}, {""author"": ""\u82ae*\u4e1c"", ""content"": ""\u7528\u6237\u672a\u70b9\u8bc4\uff0c\u7cfb\u7edf\u9ed8\u8ba4\u597d\u8bc4\u3002"", ""date"": ""2023-04-16"", ""score"": 5, ""commentId"": ""225118361"", ""imgs"": [], ""userNickName"": ""\u82ae*\u4e1c"", ""replyCityName"": """", ""cityName"": """"}], ""score"": 4.8, ""commentCount"": 31}, ""statusCode"": 200}"
迪茵湖田家舍生态农场,https://qimgs.qunarzz.com/piao_qsight_provider_piao_qsight_web/1050f7446b178002.jpg_280x200_77e429cb.jpg,中山市,中山市,广东省中山市金三大道东8号之二,2163,5.0,体验农场活动寻找野趣,https://piao.qunar.com/ticket/detail_168615285.html?st=a3clM0QlRTQlQjglQUQlRTUlQjElQjElRTUlQjglODIlMjZpZCUzRDQ2NjQwNCUyNnR5cGUlM0QwJTI2aWR4JTNEMjMlMjZxdCUzRCUyNmFwayUzRDIlMjZzYyUzRFdXVyUyNnVyJTNEJUU0JUI4JUFEJUU1JUIxJUIxJTI2bHIlM0QlRTQlQjglQUQlRTUlQjElQjElMjZmdCUzRCU3QiU3RA%3D%3D#from=mpl_search_suggest,28.0,N/A,中山市三角镇迪茵湖生态旅游度假区地处京港澳高速（京珠高速）三角出口旁，离中山市中心需25分钟车程，毗邻中山市三角机场，45分钟接驳广州、珠海、深圳、东莞、佛山等珠三角一线城市，开启1小时珠三角黄金度假圈。迪茵湖生态旅游度假区是一家依照国家5A旅游景区标准重磅打造的中山首席森林度假区，励志建造珠三角高端休闲度假消费项目及南中国具有代表性的高端特色生态乐园之一，由香港专业设计大师采用现代时尚的欧美设计风格匠心设计。迪茵湖生态旅游度假区占地面积3000多亩，其得名于内有占地近1000余亩波光潋滟，碧水如镜，绿树如茵的迪茵湖，迪茵湖链接珠江直通珠江口岸，是珠三角地区现有最 大的人工湖。以国家5A级旅游景区标准打造的迪茵湖生态旅游度假区涵盖迪茵湖生态观光湖、“田家舍”亲子农场、马术特技表演、湖边木屋别墅、绿地帐篷民宿、DIY娱乐小草房、梯田谷海、百果园、酒窖、无土栽培种植区、水上乐园、滑草勇士拓展区、森林迷宫寻宝、迷你高夫球场等近二十个度假娱乐配套项目，为您家庭提供欢悦愉快的旅游度假区。2017年10月，度假区首期规划的迪茵湖旅游观光、田家舍亲子农场、马术特技表演场、梯田谷海、湖边木屋别墅、绿地帐篷民等十多个旅游项目宿唯美绽放。中山市三角镇迪茵湖生态旅游度假区内配近十首大小不一的观光游船及20余匹国外进口马为您提供优质高尚的景点接送服务，在观赏美丽的大自然生态美景之时也可体验独特的骑马游玩乐趣，让您体验不一样的度假休闲旅游。迪茵湖生态旅游度假区二期的五星级生态观湖酒店、大自然树林过山车、森林营地、白色教堂等竞相呈现。,1/1-12/31；周一至周日；09:00-17:00开园,https://qimgs.qunarzz.com/piao_qsight_provider_piao_qsight_web/10051f000001gsq8y9DF4_C_900_504.jpg_710x360_d541267d.jpg〇https://qimgs.qunarzz.com/piao_qsight_provider_piao_qsight_web/10080q000000gcah20841_C_900_504_Q90_Mtg_7.jpg_710x360_58da3a31.jpg〇https://qimgs.qunarzz.com/piao_qsight_provider_piao_qsight_web/100p0r000000hbl7oAD0F_C_900_504_Q90_Mtg_7.jpg_710x360_3cdcd144.jpg〇https://qimgs.qunarzz.com/piao_qsight_provider_piao_qsight_web/100m0q000000gkmr7762E_C_900_504_Q90_Mtg_7.jpg_710x360_f811764e.jpg〇https://qimgs.qunarzz.com/piao_qsight_provider_piao_qsight_web/0105e120009j2ho2rC7C3_C_900_504_Q90_Mtg_7.jpg_710x360_ef2614ec.jpg〇https://qimgs.qunarzz.com/piao_qsight_provider_piao_qsight_web/0100i120009j2hon81DCD_C_900_504_Q90_Mtg_7.jpg_710x360_7b0344ad.jpg〇https://qimgs.qunarzz.com/piao_qsight_provider_piao_qsight_web/100d0r000000hbj9mEC78_C_900_504_Q90_Mtg_7.jpg_710x360_39cb501b.jpg〇https://qimgs.qunarzz.com/piao_qsight_provider_piao_qsight_web/10020r000000hk4sxCD25_C_900_504_Q90_Mtg_7.jpg_710x360_6971addd.jpg〇https://qimgs.qunarzz.com/piao_qsight_provider_piao_qsight_web/100a0r000000heddg0766_C_900_504_Q90_Mtg_7.jpg_710x360_b36e18a1.jpg〇https://qimgs.qunarzz.com/piao_qsight_provider_piao_qsight_web/100g0r000000hdqowEB3B_C_900_504_Q90_Mtg_7.jpg_710x360_ca5e7b56.jpg〇https://qimgs.qunarzz.com/piao_qsight_provider_piao_qsight_web/10051f000001gsq8y9DF4_C_900_504_Q90_Mtg_7.jpg_710x360_7dc1dc6d.jpg〇https://imgs.qunarzz.com/sight/p0/1710/55/55c2e10be8ccf5d7a3.img.jpg_710x360_7887e01c.jpg〇https://imgs.qunarzz.com/sight/p0/1711/51/5189ad2dd1663180a3.img.jpg_710x360_105c6aad.jpg〇https://imgs.qunarzz.com/sight/p0/1711/77/77bab04d9910f50ea3.img.jpg_710x360_5dc75ca0.jpg〇https://imgs.qunarzz.com/sight/p0/1711/1e/1eb70781da0e5783a3.img.jpg_710x360_b16f64b6.jpg〇https://imgs.qunarzz.com/sight/p0/1711/3b/3bd4dba6df74b0e5a3.img.jpg_710x360_f2db136a.jpg〇https://imgs.qunarzz.com/sight/p0/1709/35/35cf52ee7f9fc47ba3.img.jpg_710x360_eb7e6ef7.jpg〇https://imgs.qunarzz.com/sight/p0/1711/cf/cf6e756bfc1dafc7a3.img.jpg_710x360_66cde578.jpg〇https://imgs.qunarzz.com/sight/p0/1710/e2/e234f8b9a3155f9a3.img.jpg_710x360_ff5af04f.jpg〇https://imgs.qunarzz.com/sight/p0/1709/fb/fbe4f15b1ce08d1ca3.img.jpg_710x360_cd389dcf.jpg〇https://imgs.qunarzz.com/sight/p0/1711/b1/b17f240f95db8614a3.img.jpg_710x360_40cd4b17.jpg〇https://imgs.qunarzz.com/sight/p0/1710/2a/2a2e82c65c30904aa3.img.jpg_710x360_6ec60e81.jpg〇https://imgs.qunarzz.com/sight/p0/1711/eb/eba2105ca6436495a3.img.jpg_710x360_ff9c4fe5.jpg〇https://imgs.qunarzz.com/sight/p0/1710/84/844336c9b1b0b2c2a3.img.jpg_710x360_84b4dcd8.jpg〇https://imgs.qunarzz.com/sight/p0/1711/f5/f53b4e2ee9d6ae7ca3.img.jpg_710x360_13b83cef.jpg〇https://imgs.qunarzz.com/sight/p0/1710/36/369f370aee9be9a9a3.img.jpg_710x360_8d03f1de.jpg〇https://imgs.qunarzz.com/sight/p0/1711/3d/3d355b29ac8355efa3.img.jpg_710x360_c5e770af.jpg〇https://imgs.qunarzz.com/sight/p0/1710/13/1332070af469a2b4a3.img.jpg_710x360_115390cf.jpg〇https://imgs.qunarzz.com/sight/p0/1711/fd/fd974c11a0b18fbda3.img.jpg_710x360_4d5ce5de.jpg〇https://imgs.qunarzz.com/sight/p0/1710/fd/fd974c11a0b18fbda3.img.jpg_710x360_8c1fb91b.jpg〇https://imgs.qunarzz.com/sight/p0/1711/59/5948ce41d8cb5ebba3.img.jpg_710x360_7ace1fbd.jpg〇https://imgs.qunarzz.com/sight/p0/1710/78/78e16f55f3f12690a3.img.jpg_710x360_709e69b9.jpg〇https://imgs.qunarzz.com/sight/p0/1711/e7/e7ff71cb01ea447ca3.img.jpg_710x360_9d1d65bb.jpg〇https://imgs.qunarzz.com/sight/p0/1710/3e/3e0016889d7fd44da3.img.jpg_710x360_97b333da.jpg〇https://imgs.qunarzz.com/sight/p0/1711/6d/6dbde68cc178abb6a3.img.jpg_710x360_d59875ca.jpg〇https://imgs.qunarzz.com/sight/p0/1710/85/85b1f79f8258906ba3.img.jpg_710x360_f2a71671.jpg〇https://imgs.qunarzz.com/sight/p0/1711/74/747115e6af32bc18a3.img.jpg_710x360_7890d86e.jpg〇https://imgs.qunarzz.com/sight/p0/1710/e5/e549879462cf0a35a3.img.jpg_710x360_c2d5bfd6.jpg〇https://imgs.qunarzz.com/sight/p0/1711/10/10ca5edc9c8574fca3.img.jpg_710x360_d4149b60.jpg〇https://imgs.qunarzz.com/sight/p0/1710/d4/d4e0498dc72cd88ea3.img.jpg_710x360_85e70222.jpg〇https://imgs.qunarzz.com/sight/p0/1711/14/148a7e2a66bbb893a3.img.jpg_710x360_bccfd8ff.jpg〇https://imgs.qunarzz.com/sight/p0/1710/3d/3d56af38bca9026a3.img.jpg_710x360_b2d2b4b2.jpg〇https://imgs.qunarzz.com/sight/p0/1711/40/40f55562a92af399a3.img.jpg_710x360_4e84e4d6.jpg〇https://imgs.qunarzz.com/sight/p0/1709/63/63f68a318c304521a3.img.jpg_710x360_3e4a94ca.jpg〇https://imgs.qunarzz.com/sight/p0/1711/67/6717eda7aa7de8b5a3.img.jpg_710x360_24822d58.jpg〇https://imgs.qunarzz.com/sight/p0/1711/29/294ddcfdb7f46e93a3.img.jpg_710x360_03d88898.jpg〇https://imgs.qunarzz.com/sight/p0/1710/3d/3d355b29ac8355efa3.img.jpg_710x360_f7081140.jpg〇https://imgs.qunarzz.com/sight/p0/1709/43/43e3c15ae64647fca3.img.jpg_710x360_a2257977.jpg〇https://qimgs.qunarzz.com/piao_qsight_provider_piao_qsight_web/c99bd676e20c3a02.jpg_710x360_f26116f7.jpg〇https://qimgs.qunarzz.com/piao_qsight_provider_piao_qsight_web/b9de1ad27a73ed02.jpg_710x360_6f1c0183.jpg〇https://qimgs.qunarzz.com/piao_qsight_provider_piao_qsight_web/21948af23d1d9502.jpg_710x360_2b26c5f5.jpg〇https://qimgs.qunarzz.com/piao_qsight_provider_piao_qsight_web/dae56f3773b6f702.jpg_710x360_19e07de7.jpg〇https://qimgs.qunarzz.com/piao_qsight_provider_piao_qsight_web/6cb491ca1348af02.jpg_710x360_9ab78bc6.jpg〇https://qimgs.qunarzz.com/piao_qsight_provider_piao_qsight_web/174188ccd2436c02.jpg_710x360_e1e322ff.jpg〇https://qimgs.qunarzz.com/piao_qsight_provider_piao_qsight_web/6cb491ca1348af02.jpg_710x360_9ab78bc6.jpg〇https://qimgs.qunarzz.com/piao_qsight_provider_piao_qsight_web/174188ccd2436c02.jpg_710x360_e1e322ff.jpg〇https://qimgs.qunarzz.com/piao_qsight_provider_piao_qsight_web/bc4a878e04db5b02.jpg_710x360_be7f85a6.jpg〇https://qimgs.qunarzz.com/piao_qsight_provider_piao_qsight_web/cab0519e6c344e02.jpg_710x360_89649041.jpg〇https://qimgs.qunarzz.com/piao_qsight_provider_piao_qsight_web/39428c4f69137a02.jpg_710x360_9612f2ab.jpg〇https://qimgs.qunarzz.com/piao_qsight_provider_piao_qsight_web/6841136de57e6002.jpg_710x360_cd1d92a1.jpg〇https://qimgs.qunarzz.com/piao_qsight_provider_piao_qsight_web/2d8226b3e7e6902.jpg_710x360_fcfc2ebe.jpg〇https://qimgs.qunarzz.com/piao_qsight_provider_piao_qsight_web/9bf989c5af594c02.jpg_710x360_53fcfdea.jpg〇https://qimgs.qunarzz.com/piao_qsight_provider_piao_qsight_web/1050f7446b178002.jpg_710x360_4806f05c.jpg〇https://qimgs.qunarzz.com/piao_qsight_provider_piao_qsight_web/4f59a0e54de1402.jpg_710x360_51dc312d.jpg〇https://qimgs.qunarzz.com/piao_qsight_provider_piao_qsight_web/e8ac51df57559f02.jpg_710x360_73efb659.jpg〇https://qimgs.qunarzz.com/piao_qsight_provider_piao_qsight_web/1ad71400366c2b02.jpg_710x360_1139d174.jpg〇https://qimgs.qunarzz.com/piao_qsight_provider_piao_qsight_web/18637181a607c302.jpg_710x360_230cacb7.jpg〇https://qimgs.qunarzz.com/piao_qsight_provider_piao_qsight_web/478708539af70c02.jpg_710x360_26ee7578.jpg,"{""ret"": true, ""data"": {""tagList"": [{""tagType"": 32, ""tagScore"": 5, ""tagNum"": 5, ""tagName"": ""\u670d\u52a1\u597d""}, {""tagType"": 16, ""tagScore"": 5, ""tagNum"": 5, ""tagName"": ""\u9760\u8c31""}, {""tagType"": 8, ""tagScore"": 5, ""tagNum"": 4, ""tagName"": ""\u4fbf\u5b9c""}, {""tagType"": 4, ""tagScore"": 5, ""tagNum"": 11, ""tagName"": ""\u53d6\u7968\u65b9\u4fbf""}, {""tagType"": 3, ""tagScore"": 5, ""tagNum"": 10, ""tagName"": ""\u5dee\u8bc4""}, {""tagType"": 2, ""tagScore"": 5, ""tagNum"": 8, ""tagName"": ""\u4e2d\u8bc4""}, {""tagType"": 1, ""tagScore"": 5, ""tagNum"": 2139, ""tagName"": ""\u597d\u8bc4""}, {""tagType"": 0, ""tagScore"": 5, ""tagNum"": 2163, ""tagName"": ""\u5168\u90e8""}], ""commentList"": [{""author"": ""L*\u9f99"", ""content"": ""\u7528\u6237\u672a\u70b9\u8bc4\uff0c\u7cfb\u7edf\u9ed8\u8ba4\u597d\u8bc4\u3002"", ""date"": ""2024-12-24"", ""score"": 5, ""commentId"": ""239356577"", ""imgs"": [], ""userNickName"": ""L*\u9f99"", ""replyCityName"": """", ""cityName"": """"}, {""author"": ""\u53bb*\u6237"", ""content"": ""\u7528\u6237\u672a\u70b9\u8bc4\uff0c\u7cfb\u7edf\u9ed8\u8ba4\u597d\u8bc4\u3002"", ""date"": ""2024-12-17"", ""score"": 5, ""commentId"": ""239267718"", ""imgs"": [], ""userNickName"": ""\u53bb*\u6237"", ""replyCityName"": """", ""cityName"": """"}, {""author"": ""c*4"", ""content"": ""\u7528\u6237\u672a\u70b9\u8bc4\uff0c\u7cfb\u7edf\u9ed8\u8ba4\u597d\u8bc4\u3002"", ""date"": ""2024-11-26"", ""score"": 5, ""commentId"": ""238953807"", ""imgs"": [], ""userNickName"": ""c*4"", ""replyCityName"": """", ""cityName"": """"}, {""author"": ""k*2"", ""content"": ""\u7528\u6237\u672a\u70b9\u8bc4\uff0c\u7cfb\u7edf\u9ed8\u8ba4\u597d\u8bc4\u3002"", ""date"": ""2024-11-26"", ""score"": 5, ""commentId"": ""238952271"", ""imgs"": [], ""userNickName"": ""k*2"", ""replyCityName"": """", ""cityName"": """"}, {""author"": ""o*1"", ""content"": ""\u73af\u5883\u5f88\u597d\uff0c\u4f11\u95f2\u6e38\u73a9\u4e00\u4e0b\u8fd8\u662f\u4e0d\u9519\u7684\uff0c\u89c9\u5f97\u95e8\u7968\u6709\u70b9\u8d35"", ""date"": ""2023-02-04"", ""score"": 5, ""commentId"": ""224024414"", ""imgs"": [{""small"": ""https://imgs.qunarzz.com/piao/fusion/2302/fe/2ee8a5c2ed9a5f02.jpg_120x120_50a0c2cf.jpg"", ""title"": """", ""big"": ""https://imgs.qunarzz.com/piao/fusion/2302/fe/2ee8a5c2ed9a5f02.jpg""}, {""small"": ""https://imgs.qunarzz.com/piao/fusion/2302/42/c2b27ada43088e02.jpg_120x120_40741f71.jpg"", ""title"": """", ""big"": ""https://imgs.qunarzz.com/piao/fusion/2302/42/c2b27ada43088e02.jpg""}, {""small"": ""https://imgs.qunarzz.com/piao/fusion/2302/59/9f6b48addc838d02.jpg_120x120_c09fcec2.jpg"", ""title"": """", ""big"": ""https://imgs.qunarzz.com/piao/fusion/2302/59/9f6b48addc838d02.jpg""}, {""small"": ""https://imgs.qunarzz.com/piao/fusion/2302/d2/8bf000481e71c602.jpg_120x120_890b796e.jpg"", ""title"": """", ""big"": ""https://imgs.qunarzz.com/piao/fusion/2302/d2/8bf000481e71c602.jpg""}, {""small"": ""https://imgs.qunarzz.com/piao/fusion/2302/15/e99eb20ea5f93502.jpg_120x120_6f64451e.jpg"", ""title"": """", ""big"": ""https://imgs.qunarzz.com/piao/fusion/2302/15/e99eb20ea5f93502.jpg""}, {""small"": ""https://imgs.qunarzz.com/piao/fusion/2302/24/524f0c18e1b7bb02.jpg_120x120_eb646653.jpg"", ""title"": """", ""big"": ""https://imgs.qunarzz.com/piao/fusion/2302/24/524f0c18e1b7bb02.jpg""}, {""small"": ""https://imgs.qunarzz.com/piao/fusion/2302/f3/fa227d379a58b502.jpg_120x120_ec9ed6e5.jpg"", ""title"": """", ""big"": ""https://imgs.qunarzz.com/piao/fusion/2302/f3/fa227d379a58b502.jpg""}, {""small"": ""https://imgs.qunarzz.com/piao/fusion/2302/94/2ae82de959782d02.jpg_120x120_35994cd7.jpg"", ""title"": """", ""big"": ""https://imgs.qunarzz.com/piao/fusion/2302/94/2ae82de959782d02.jpg""}, {""small"": ""https://imgs.qunarzz.com/piao/fusion/2302/1a/58df2d41e4422302.jpg_120x120_acfab1ca.jpg"", ""title"": """", ""big"": ""https://imgs.qunarzz.com/piao/fusion/2302/1a/58df2d41e4422302.jpg""}], ""userNickName"": ""o*1"", ""replyCityName"": """", ""cityName"": ""\u5e7f\u4e1c""}, {""author"": ""\u53bb*\u6237"", ""content"": ""\u7528\u6237\u672a\u70b9\u8bc4\uff0c\u7cfb\u7edf\u9ed8\u8ba4\u597d\u8bc4\u3002"", ""date"": ""2024-11-20"", ""score"": 5, ""commentId"": ""238863003"", ""imgs"": [], ""userNickName"": ""\u53bb*\u6237"", ""replyCityName"": """", ""cityName"": """"}, {""author"": ""\u533a*\u9ebb"", ""content"": ""\u7528\u6237\u672a\u70b9\u8bc4\uff0c\u7cfb\u7edf\u9ed8\u8ba4\u597d\u8bc4\u3002"", ""date"": ""2024-03-16"", ""score"": 5, ""commentId"": ""232318343"", ""imgs"": [], ""userNickName"": ""\u533a*\u9ebb"", ""replyCityName"": """", ""cityName"": """"}, {""author"": ""\u53bb*\u6237"", ""content"": ""\u7528\u6237\u672a\u70b9\u8bc4\uff0c\u7cfb\u7edf\u9ed8\u8ba4\u597d\u8bc4\u3002"", ""date"": ""2024-03-16"", ""score"": 5, ""commentId"": ""232308248"", ""imgs"": [], ""userNickName"": ""\u53bb*\u6237"", ""replyCityName"": """", ""cityName"": """"}, {""author"": ""\u53bb*\u6237"", ""content"": ""\u7528\u6237\u672a\u70b9\u8bc4\uff0c\u7cfb\u7edf\u9ed8\u8ba4\u597d\u8bc4\u3002"", ""date"": ""2024-03-16"", ""score"": 5, ""commentId"": ""232307014"", ""imgs"": [], ""userNickName"": ""\u53bb*\u6237"", ""replyCityName"": """", ""cityName"": """"}, {""author"": ""f*3"", ""content"": ""\u7528\u6237\u672a\u70b9\u8bc4\uff0c\u7cfb\u7edf\u9ed8\u8ba4\u597d\u8bc4\u3002"", ""date"": ""2024-03-16"", ""score"": 5, ""commentId"": ""232286942"", ""imgs"": [], ""userNickName"": ""f*3"", ""replyCityName"": """", ""cityName"": """"}], ""score"": 5.0, ""commentCount"": 2163}, ""statusCode"": 200}"
雄基果园,https://qimgs.qunarzz.com/piao_qsight_provider_piao_qsight_web/CghzflW7H_iATdynAAA-FlXAIeA738_C_900_504.jpg_280x200_e742c64d.jpg,中山市,中山市,广东省中山市新丰路与爱伍顷围交叉口西150米,1,5.0,"雄基果蔬世界占地150多亩，园区环境优美、空气怡人，以生态农业、休闲旅游为主体，辅以相关配套，种植 20 多个名
优水果",https://piao.qunar.com/ticket/detail_893500156.html?st=a3clM0QlRTQlQjglQUQlRTUlQjElQjElRTUlQjglODIlMjZpZCUzRDUxMTY2MyUyNnR5cGUlM0QwJTI2aWR4JTNEMTElMjZxdCUzRCUyNmFwayUzRDIlMjZzYyUzRFdXVyUyNnVyJTNEJUU0JUI4JUFEJUU1JUIxJUIxJTI2bHIlM0QlRTQlQjglQUQlRTUlQjElQjElMjZmdCUzRCU3QiU3RA%3D%3D#from=mpl_search_suggest,20.0,N/A,雄基果蔬世界占地150多亩，园区环境优美、空气怡人，以生态农业、休闲旅游为主体，辅以相关配套，种植 20 多个名优水果，大部分为新引进的高品质进口水果。形成集生态农业、旅游观光、休闲度假、水果采摘等多种*能于一体的农业生态旅游区，让游客体验纯朴水乡的农家生活，享受回归田园的感觉。果场内视野开阔、布局合理，设有游客接待品尝区、土特产销售区、现代温室大棚农业观光区、田园风情体验区、水果采摘区、自助烧烤区、野炊区、垂钓区、儿童游乐区，着力打造成田中有园、园中有果、果中有乐的公园式观光农业生态旅游点，游客在这里可以采摘佳果、趣味划艇、激情捕鱼、绿茵散步等旅游休闲活动，让游客能亲身体验亲手采摘、现场品果、水乡划艇的乐趣。,具体营业状态以当天开放情况为准。,https://qimgs.qunarzz.com/piao_qsight_provider_piao_qsight_web/CghzflW7H_iATdynAAA-FlXAIeA738_C_900_504.jpg_710x360_a48badde.jpg〇https://imgs.qunarzz.com/sight/p0/2108/c3/c362ba51ed263de4a3.img.jpg_710x360_8de742fa.jpg〇https://imgs.qunarzz.com/sight/p0/2108/57/57aa48a7e4b8ba66a3.img.jpg_710x360_f802a553.jpg,"{""ret"": true, ""data"": {""tagList"": [{""tagType"": 1, ""tagScore"": 5, ""tagNum"": 1, ""tagName"": ""\u597d\u8bc4""}, {""tagType"": 0, ""tagScore"": 5, ""tagNum"": 1, ""tagName"": ""\u5168\u90e8""}], ""commentList"": [{""author"": ""\u90fd*\u884c"", ""content"": ""\u597d\u5403\u6c34\u679c\u591a\u79cd\u591a\u6837\u4e00\u5e74\u56db\u5b63\u90fd\u6709"", ""date"": ""2021-09-08"", ""score"": 5, ""commentId"": ""220690309"", ""imgs"": [], ""userNickName"": ""\u90fd*\u884c"", ""replyCityName"": """", ""cityName"": """"}], ""score"": 5.0, ""commentCount"": 1}, ""statusCode"": 200}"
鹿鸣湖,https://qimgs.qunarzz.com/piao_qsight_provider_piao_qsight_web/0103x120009f6k2drF557_C_900_504.jpg_280x200_25d0602f.jpg,中山市,中山市,广东省中山市板芙镇沙滩街东50米,1,5.0,爱护大自然，保护古文物，追求景区与自然协调和谐，“鹿鸣湖”以全新的生态旅游景区的面貌出现，其发展定向为：集休闲度假、娱乐,https://piao.qunar.com/ticket/detail_458754052.html?st=a3clM0QlRTQlQjglQUQlRTUlQjElQjElRTUlQjglODIlMjZpZCUzRDc1MTklMjZ0eXBlJTNEMCUyNmlkeCUzRDEwJTI2cXQlM0QlMjZhcGslM0QyJTI2c2MlM0RXV1clMjZ1ciUzRCVFNCVCOCVBRCVFNSVCMSVCMSUyNmxyJTNEJUU0JUI4JUFEJUU1JUIxJUIxJTI2ZnQlM0QlN0IlN0Q%3D#from=mpl_search_suggest,20.0,N/A,爱护大自然，保护古文物，追求景区与自然协调和谐，“鹿鸣湖”以全新的生态旅游景区的面貌出现，其发展定向为：集休闲度假、娱乐健身、旅游观光、特式购物、商务会议、学习训练、科教种养为一体的多*能生态旅游度假景区。景区逐步实现食、住、娱、游、购、健身、学习一条龙服务。,1/1-12/31；周一至周日；10:00-19:00开园,https://qimgs.qunarzz.com/piao_qsight_provider_piao_qsight_web/0103x120009f6k2drF557_C_900_504.jpg_710x360_d2905aa3.jpg〇https://qimgs.qunarzz.com/piao_qsight_provider_piao_qsight_web/01022120009f6k8vd7DFD_C_900_504_Q90_Mtg_7.jpg_710x360_02ed6fab.jpg〇https://qimgs.qunarzz.com/piao_qsight_provider_piao_qsight_web/01038120009f6k3jy408A_C_900_504_Q90_Mtg_7.jpg_710x360_9c2ae5aa.jpg〇https://qimgs.qunarzz.com/piao_qsight_provider_piao_qsight_web/01012120009f6k62l26B3_C_900_504_Q90_Mtg_7.jpg_710x360_7bcaf16b.jpg〇https://qimgs.qunarzz.com/piao_qsight_provider_piao_qsight_web/0103b120009f6k1fxAB2F_C_900_504_Q90_Mtg_7.jpg_710x360_d0bcd208.jpg〇https://qimgs.qunarzz.com/piao_qsight_provider_piao_qsight_web/0104h120009f6k8932A3C_C_900_504_Q90_Mtg_7.jpg_710x360_caeef3ca.jpg〇https://qimgs.qunarzz.com/piao_qsight_provider_piao_qsight_web/0101h120009f6k3k4DBD7_C_900_504_Q90_Mtg_7.jpg_710x360_320242bb.jpg〇https://qimgs.qunarzz.com/piao_qsight_provider_piao_qsight_web/0104t120009f6k6b73B1E_C_900_504_Q90_Mtg_7.jpg_710x360_980f043b.jpg〇https://qimgs.qunarzz.com/piao_qsight_provider_piao_qsight_web/01008120009f6k6301FFA_C_900_504_Q90_Mtg_7.jpg_710x360_c3e00215.jpg〇https://qimgs.qunarzz.com/piao_qsight_provider_piao_qsight_web/0105i120009f6k62qDFD0_C_900_504_Q90_Mtg_7.jpg_710x360_601e5d3d.jpg〇https://qimgs.qunarzz.com/piao_qsight_provider_piao_qsight_web/0103x120009f6k2drF557_C_900_504_Q90_Mtg_7.jpg_710x360_4e4d223d.jpg〇https://qimgs.qunarzz.com/piao_qsight_provider_piao_qsight_web/7f6c84ca04573695c8d65eac.jpg_710x360_9089bbd2.jpg,"{""ret"": true, ""data"": {""tagList"": [{""tagType"": 1, ""tagScore"": 5, ""tagNum"": 1, ""tagName"": ""\u597d\u8bc4""}, {""tagType"": 0, ""tagScore"": 5, ""tagNum"": 1, ""tagName"": ""\u5168\u90e8""}], ""commentList"": [{""author"": ""\u53bb*\u6237"", ""content"": ""\u7528\u6237\u672a\u70b9\u8bc4\uff0c\u7cfb\u7edf\u9ed8\u8ba4\u597d\u8bc4\u3002"", ""date"": ""2023-05-08"", ""score"": 5, ""commentId"": ""225394825"", ""imgs"": [], ""userNickName"": ""\u53bb*\u6237"", ""replyCityName"": """", ""cityName"": """"}], ""score"": 5.0, ""commentCount"": 1}, ""statusCode"": 200}"
旭景农业科技园,https://imgs.qunarzz.com/sight/p0/1503/76/76de7ab977140c77.img.jpg_280x200_3e08c13e.jpg,中山市,中山市,广东省中山市南区街道树涌工业区直入1000米（大围）,364,4.8,尽情享受采摘的乐趣,https://piao.qunar.com/ticket/detail_3091124189.html?st=a3clM0QlRTQlQjglQUQlRTUlQjElQjElRTUlQjglODIlMjZpZCUzRDIwMTYyNiUyNnR5cGUlM0QwJTI2aWR4JTNEOSUyNnF0JTNEJTI2YXBrJTNEMiUyNnNjJTNEV1dXJTI2dXIlM0QlRTQlQjglQUQlRTUlQjElQjElMjZsciUzRCVFNCVCOCVBRCVFNSVCMSVCMSUyNmZ0JTNEJTdCJTdE#from=mpl_search_suggest,7.0,N/A,旭景农业科技园位于中山市著名的侨乡之地南区，距离以中国孝道文化著称的国家AAAA级景区—中山詹园仅两公里。本科技园于2010年开始兴建，2014年对外开放，占地500亩。园区由四季果区、田园蔬菜区、休闲娱乐区、农家美食区、观光农业区、亲子活动区组成、有机种植为发展方向，综合生态保护、健康产品、娱乐休闲为主题的多样性生态观光新旅游胜地。现场还可感受体验采摘乐趣，现在有大棚草莓、樱桃小番茄、夏威尔木瓜和桑果可供游人现场采摘品尝，还有新鲜的农家蔬菜，还可追赶满园散养的鸡、鸭、鹅。景区还有儿童游玩区、泥烩鸡、烧烤场、野炊场、嬉鱼池捞小鱼、钓鱼场，很适合一家大小游玩。80个野炊/烧烤两用炉的亲子体验区3月下旬筹备完善。旭景水果成熟季节分布：1月---12月:,1/1-12/31；周一至周日；09:00-17:30开园,https://qimgs.qunarzz.com/piao_qsight_provider_piao_qsight_web/100b1f000001gsmfrF231_C_900_504.jpg_710x360_ee1862d8.jpg〇https://qimgs.qunarzz.com/piao_qsight_provider_piao_qsight_web/CggYsFcNuYmAN3nMAAObftOS27M643_C_900_504_Q90_Mtg_7.jpg_710x360_20562fc2.jpg〇https://qimgs.qunarzz.com/piao_qsight_provider_piao_qsight_web/01028120008j5wya3F906_C_900_504_Q90_Mtg_7.jpg_710x360_29fc1594.jpg〇https://qimgs.qunarzz.com/piao_qsight_provider_piao_qsight_web/CggYslcNucKAEmv5AAJbK6dwvHY230_C_900_504_Q90_Mtg_7.jpg_710x360_90e83f4d.jpg〇https://qimgs.qunarzz.com/piao_qsight_provider_piao_qsight_web/CggYslcNucSAaCNHAALCgB2qV3E899_C_900_504_Q90_Mtg_7.jpg_710x360_578559b8.jpg〇https://qimgs.qunarzz.com/piao_qsight_provider_piao_qsight_web/0103g120008j61qvuAABA_C_900_504_Q90_Mtg_7.jpg_710x360_2438c33d.jpg〇https://qimgs.qunarzz.com/piao_qsight_provider_piao_qsight_web/0102j120008k2f3bz83B9_C_900_504_Q90_Mtg_7.jpg_710x360_058a3ac4.jpg〇https://qimgs.qunarzz.com/piao_qsight_provider_piao_qsight_web/100b1f000001gsmfrF231_C_900_504_Q90_Mtg_7.jpg_710x360_1bd1f1a3.jpg〇https://imgs.qunarzz.com/sight/p0/1503/e7/e7d3c4980fb7dfce.img.jpg_710x360_eaa64a31.jpg〇https://imgs.qunarzz.com/sight/p0/1503/c2/c27a46442b57ca20.img.jpg_710x360_4c0a4fd6.jpg〇https://imgs.qunarzz.com/sight/p0/1503/26/263468e6b0218eec.img.jpg_710x360_f8abec44.jpg〇https://imgs.qunarzz.com/sight/p0/1503/d5/d51519fd1157042e.img.jpg_710x360_63a8a576.jpg〇https://imgs.qunarzz.com/sight/p0/1503/76/76de7ab977140c77.img.jpg_710x360_bc946744.jpg〇https://imgs.qunarzz.com/sight/p0/1503/e9/e925d10d341758e1.water.jpg_710x360_6c31a2da.jpg〇https://imgs.qunarzz.com/sight/p0/1503/40/40b4de8c684f53f5.water.jpg_710x360_97c2bc0e.jpg〇https://qimgs.qunarzz.com/piao_qsight_provider_piao_qsight_web/6e96d7fc16c1c7498bf6400818e42ed5.jpg_710x360_a84f3b30.jpg〇https://qimgs.qunarzz.com/piao_qsight_provider_piao_qsight_web/f72846d5b67d400cefc50618cc9a2f73.jpg_710x360_d29126d1.jpg〇https://qimgs.qunarzz.com/piao_qsight_provider_piao_qsight_web/79ded76f6552de02.jpg_710x360_a1ef5b07.jpg〇https://qimgs.qunarzz.com/piao_qsight_provider_piao_qsight_web/6632c0704c866b02.jpg_710x360_f95a4ce8.jpg〇https://qimgs.qunarzz.com/piao_qsight_provider_piao_qsight_web/f97ac6d065479502.jpg_710x360_7d619819.jpg〇https://qimgs.qunarzz.com/piao_qsight_provider_piao_qsight_web/67c441bbfa42c902.jpg_710x360_74eb3d7d.jpg〇https://qimgs.qunarzz.com/piao_qsight_provider_piao_qsight_web/d73ecd1345decc02.jpg_710x360_d2278a4d.jpg〇https://qimgs.qunarzz.com/piao_qsight_provider_piao_qsight_web/8ff108778765c02.jpg_710x360_a6397a83.jpg〇https://qimgs.qunarzz.com/piao_qsight_provider_piao_qsight_web/ec4deb34b46b4f02.jpg_710x360_9cb1a572.jpg〇https://qimgs.qunarzz.com/piao_qsight_provider_piao_qsight_web/c86771625a24d302.jpg_710x360_cd58fd0f.jpg〇https://qimgs.qunarzz.com/piao_qsight_provider_piao_qsight_web/6bf746fc41baf302.jpg_710x360_5c5df239.jpg〇https://qimgs.qunarzz.com/piao_qsight_provider_piao_qsight_web/3fd9b29dc4731e02.jpg_710x360_68f679b0.jpg〇https://qimgs.qunarzz.com/piao_qsight_provider_piao_qsight_web/554be8689746d402.jpg_710x360_6b8511cf.jpg〇https://qimgs.qunarzz.com/piao_qsight_provider_piao_qsight_web/554be8689746d402.jpg_710x360_6b8511cf.jpg〇https://qimgs.qunarzz.com/piao_qsight_provider_piao_qsight_web/67c441bbfa42c902.jpg_710x360_74eb3d7d.jpg〇https://qimgs.qunarzz.com/piao_qsight_provider_piao_qsight_web/0e13fafc800b602.jpg_710x360_9a86a6a3.jpg〇https://qimgs.qunarzz.com/piao_qsight_provider_piao_qsight_web/d73ecd1345decc02.jpg_710x360_d2278a4d.jpg〇https://qimgs.qunarzz.com/piao_qsight_provider_piao_qsight_web/ec4deb34b46b4f02.jpg_710x360_9cb1a572.jpg〇https://qimgs.qunarzz.com/piao_qsight_provider_piao_qsight_web/c86771625a24d302.jpg_710x360_cd58fd0f.jpg〇https://qimgs.qunarzz.com/piao_qsight_provider_piao_qsight_web/6bf746fc41baf302.jpg_710x360_5c5df239.jpg,"{""ret"": true, ""data"": {""tagList"": [{""tagType"": 32, ""tagScore"": 5, ""tagNum"": 3, ""tagName"": ""\u670d\u52a1\u597d""}, {""tagType"": 16, ""tagScore"": 5, ""tagNum"": 1, ""tagName"": ""\u9760\u8c31""}, {""tagType"": 8, ""tagScore"": 5, ""tagNum"": 3, ""tagName"": ""\u4fbf\u5b9c""}, {""tagType"": 4, ""tagScore"": 5, ""tagNum"": 3, ""tagName"": ""\u53d6\u7968\u65b9\u4fbf""}, {""tagType"": 3, ""tagScore"": 5, ""tagNum"": 3, ""tagName"": ""\u5dee\u8bc4""}, {""tagType"": 2, ""tagScore"": 5, ""tagNum"": 1, ""tagName"": ""\u4e2d\u8bc4""}, {""tagType"": 1, ""tagScore"": 5, ""tagNum"": 352, ""tagName"": ""\u597d\u8bc4""}, {""tagType"": 0, ""tagScore"": 5, ""tagNum"": 364, ""tagName"": ""\u5168\u90e8""}], ""commentList"": [{""author"": ""\u53bb*\u6237"", ""content"": ""\u7528\u6237\u672a\u70b9\u8bc4\uff0c\u7cfb\u7edf\u9ed8\u8ba4\u597d\u8bc4\u3002"", ""date"": ""2024-08-13"", ""score"": 5, ""commentId"": ""235448439"", ""imgs"": [], ""userNickName"": ""\u53bb*\u6237"", ""replyCityName"": """", ""cityName"": """"}, {""author"": ""\u53bb*\u6237"", ""content"": ""\u7528\u6237\u672a\u70b9\u8bc4\uff0c\u7cfb\u7edf\u9ed8\u8ba4\u597d\u8bc4\u3002"", ""date"": ""2024-08-13"", ""score"": 5, ""commentId"": ""235448166"", ""imgs"": [], ""userNickName"": ""\u53bb*\u6237"", ""replyCityName"": """", ""cityName"": """"}, {""author"": ""\u53bb*\u6237"", ""content"": ""\u7528\u6237\u672a\u70b9\u8bc4\uff0c\u7cfb\u7edf\u9ed8\u8ba4\u597d\u8bc4\u3002"", ""date"": ""2024-07-22"", ""score"": 5, ""commentId"": ""234935123"", ""imgs"": [], ""userNickName"": ""\u53bb*\u6237"", ""replyCityName"": """", ""cityName"": """"}, {""author"": ""\u53bb*\u6237"", ""content"": ""\u7528\u6237\u672a\u70b9\u8bc4\uff0c\u7cfb\u7edf\u9ed8\u8ba4\u597d\u8bc4\u3002"", ""date"": ""2023-05-09"", ""score"": 5, ""commentId"": ""225414465"", ""imgs"": [], ""userNickName"": ""\u53bb*\u6237"", ""replyCityName"": """", ""cityName"": """"}, {""author"": ""\u53bb*\u6237"", ""content"": ""\u7528\u6237\u672a\u70b9\u8bc4\uff0c\u7cfb\u7edf\u9ed8\u8ba4\u597d\u8bc4\u3002"", ""date"": ""2022-10-18"", ""score"": 5, ""commentId"": ""223560450"", ""imgs"": [], ""userNickName"": ""\u53bb*\u6237"", ""replyCityName"": """", ""cityName"": """"}, {""author"": ""\u53bb*\u6237"", ""content"": ""\u7528\u6237\u672a\u70b9\u8bc4\uff0c\u7cfb\u7edf\u9ed8\u8ba4\u597d\u8bc4\u3002"", ""date"": ""2022-06-22"", ""score"": 5, ""commentId"": ""222448420"", ""imgs"": [], ""userNickName"": ""\u53bb*\u6237"", ""replyCityName"": """", ""cityName"": """"}, {""author"": ""u*0"", ""content"": ""\u7528\u6237\u672a\u70b9\u8bc4\uff0c\u7cfb\u7edf\u9ed8\u8ba4\u597d\u8bc4\u3002"", ""date"": ""2022-06-03"", ""score"": 5, ""commentId"": ""222409798"", ""imgs"": [], ""userNickName"": ""u*0"", ""replyCityName"": """", ""cityName"": """"}, {""author"": ""\u53bb*\u6237"", ""content"": ""\u7528\u6237\u672a\u70b9\u8bc4\uff0c\u7cfb\u7edf\u9ed8\u8ba4\u597d\u8bc4\u3002"", ""date"": ""2022-06-03"", ""score"": 5, ""commentId"": ""222407476"", ""imgs"": [], ""userNickName"": ""\u53bb*\u6237"", ""replyCityName"": """", ""cityName"": """"}, {""author"": ""\u53bb*\u6237"", ""content"": ""\u7528\u6237\u672a\u70b9\u8bc4\uff0c\u7cfb\u7edf\u9ed8\u8ba4\u597d\u8bc4\u3002"", ""date"": ""2022-06-02"", ""score"": 5, ""commentId"": ""222397356"", ""imgs"": [], ""userNickName"": ""\u53bb*\u6237"", ""replyCityName"": """", ""cityName"": """"}, {""author"": ""\u53bb*\u6237"", ""content"": ""\u7528\u6237\u672a\u70b9\u8bc4\uff0c\u7cfb\u7edf\u9ed8\u8ba4\u597d\u8bc4\u3002"", ""date"": ""2022-06-01"", ""score"": 5, ""commentId"": ""222368630"", ""imgs"": [], ""userNickName"": ""\u53bb*\u6237"", ""replyCityName"": """", ""cityName"": """"}], ""score"": 4.8, ""commentCount"": 364}, ""statusCode"": 200}"
中山温泉,https://qimgs.qunarzz.com/piao_qsight_provider_piao_qsight_web/0100o120008aajoy753F1_C_900_504.jpg_280x200_53d3e342.jpg,中山市,中山市,中山市三乡镇雍陌村中山温泉宾馆,3742,4.8,曾接待过多位政要的温泉,https://piao.qunar.com/ticket/detail_3211288184.html?st=a3clM0QlRTQlQjglQUQlRTUlQjElQjElRTUlQjglODIlMjZpZCUzRDEyNDY1JTI2dHlwZSUzRDAlMjZpZHglM0Q3JTI2cXQlM0QlMjZhcGslM0QyJTI2c2MlM0RXV1clMjZ1ciUzRCVFNCVCOCVBRCVFNSVCMSVCMSUyNmxyJTNEJUU0JUI4JUFEJUU1JUIxJUIxJTI2ZnQlM0QlN0IlN0Q%3D#from=mpl_search_suggest,87.0,N/A,"中山温泉于1980年12月28日正式开业，由港澳著名企业家霍英东、何鸿燊先生等人投资兴建，岭南派建筑大师莫伯治先生设计，邓小平同志亲笔题名。酒店由多个各具特色的庭院式园区组成，于2013年初完成了全面的升级改造，原有园区实现了整体翻新，崭新辟建了各具特色的翠亨园、中餐厅、国际会议中心、温泉园等的庭院式园区。凤凰涅磐般的巨变极大地提升了酒店的软硬件水平。中山温泉是“中国十大温泉”，温泉水源自地下约200米深处无污染岩层，100%纯天然优于饮用矿泉水90℃，属于""氯化钠""温泉，水中富含丰富的微量元素，如锂、锰、偏硼酸、锶等均达到或接近达到矿水命名浓度或有医疗价值浓度，其中锂元素含量7.61 mg/L，正常标准量5mg/L，作用：安定情绪，镇静效果，改善造血*能作用。镭元素含量2.03×10-11 mg/L，正常标准量＞10-11mg/L，作用：治疗胃病、强壮骨骼、降低心血管疾病的病发率。综合而言，中山温泉的温泉水对人体有一定的保健作用，浸浴可调节身体机能，促进血液循环和新陈代谢，适于理疗和保健。中山温园区设计风格独具东南亚风情。由48个*能不同的生态温泉泡池、1个3000平方的泉水游泳池及1个超大型水疗休息厅组成。其中部分温泉池专门配置有水疗按摩*能，您可以在享受天然温泉按摩的过程中直接跨入旁边的山泉水游泳池畅游，体验“冰火两重天”所带来的快感，通过冷热对皮肤的刺激，能有效扩张皮肤毛孔，促进血液循环，起到养生、美容、保健等奇效。",1/1-12/31；周一至周日；09:00-23:00开园,https://qimgs.qunarzz.com/piao_qsight_provider_piao_qsight_web/0100o120008aajoy753F1_C_900_504.jpg_710x360_d13ab66e.jpg〇https://qimgs.qunarzz.com/piao_qsight_provider_piao_qsight_web/1lo3d12000grtb182EDB6_C_900_504_Q90_Mtg_7.jpg_710x360_0e8e36c1.jpg〇https://qimgs.qunarzz.com/piao_qsight_provider_piao_qsight_web/1lo1012000grtb3ud2080_C_900_504_Q90_Mtg_7.jpg_710x360_c2002d57.jpg〇https://qimgs.qunarzz.com/piao_qsight_provider_piao_qsight_web/1lo0x12000grtbexc92BD_C_900_504_Q90_Mtg_7.jpg_710x360_377c13c1.jpg〇https://qimgs.qunarzz.com/piao_qsight_provider_piao_qsight_web/1lo3w12000grtajkhF964_C_900_504_Q90_Mtg_7.jpg_710x360_5a09290f.jpg〇https://qimgs.qunarzz.com/piao_qsight_provider_piao_qsight_web/1lo7312000grtb96q44D8_C_900_504_Q90_Mtg_7.jpg_710x360_690fbe29.jpg〇https://qimgs.qunarzz.com/piao_qsight_provider_piao_qsight_web/1lo2o12000gs0gnhp299D_C_900_504_Q90_Mtg_7.jpg_710x360_f0759b78.jpg〇https://qimgs.qunarzz.com/piao_qsight_provider_piao_qsight_web/1lo5n12000grtaayfC3C9_C_900_504_Q90_Mtg_7.jpg_710x360_197c4069.jpg〇https://qimgs.qunarzz.com/piao_qsight_provider_piao_qsight_web/1lo3212000grtajlbDFB9_C_900_504_Q90_Mtg_7.jpg_710x360_09767951.jpg〇https://qimgs.qunarzz.com/piao_qsight_provider_piao_qsight_web/0100e120008aajge39BAF_C_900_504_Q90_Mtg_7.jpg_710x360_8c8cde3b.jpg〇https://qimgs.qunarzz.com/piao_qsight_provider_piao_qsight_web/0100o120008aajoy753F1_C_900_504_Q90_Mtg_7.jpg_710x360_b1c4c144.jpg〇https://imgs.qunarzz.com/sight/p0/1602/41/41d79ce4c556650990.img.jpg_710x360_51ba3e2f.jpg〇https://imgs.qunarzz.com/sight/p0/1602/11/110fa5ca3789197f90.img.jpg_710x360_88981cef.jpg〇https://imgs.qunarzz.com/sight/p0/1507/71/7187822ac3a8047f.img.jpg_710x360_d4b521fc.jpg〇https://imgs.qunarzz.com/sight/p0/1507/d8/d8b064a2cf69caee.img.jpg_710x360_eef6e27b.jpg〇https://imgs.qunarzz.com/sight/p0/1507/c0/c0ee23f703bb5ee6.img.jpg_710x360_dcaadac4.jpg〇https://imgs.qunarzz.com/sight/p0/1507/f3/f3b9b5fd529996db.img.jpg_710x360_7fb00a6e.jpg〇https://imgs.qunarzz.com/sight/p0/1411/35/e481ca1ccf0432e3110cb53b0de661f8.water.jpg_710x360_888038e0.jpg〇https://imgs.qunarzz.com/sight/p0/1411/bc/47cd3a54a6409eeb74f64fe01aee4ce5.water.jpg_710x360_8faad8b8.jpg〇https://imgs.qunarzz.com/sight/p0/1411/40/f005d6ecdb878f504374762b5c843038.water.jpg_710x360_bf3984e6.jpg〇https://imgs.qunarzz.com/sight/p0/1411/9a/e91dfb364688b07cfd431224698cd1c2.water.jpg_710x360_7962679f.jpg〇https://imgs.qunarzz.com/sight/p0/1505/89/89697421b38f3f20.water.jpg_710x360_c4b598c5.jpg〇https://imgs.qunarzz.com/sight/p0/1505/39/39f8b1196c12da7b.water.jpg_710x360_a400dbea.jpg〇https://qimgs.qunarzz.com/piao_qsight_provider_piao_qsight_web/ee204ccce45d18e3ddb12cfb.jpg_710x360_08589704.jpg〇https://qimgs.qunarzz.com/piao_qsight_provider_piao_qsight_web/17e0df08-c411-4a42-a4a1-07afc31641fe.jpg_710x360_09f5a610.jpg〇https://qimgs.qunarzz.com/piao_qsight_provider_piao_qsight_web/1559934600850100m15000000xnuff2D86_D_640_10000.jpg_710x360_fade1f3d.jpg〇https://qimgs.qunarzz.com/piao_qsight_provider_piao_qsight_web/1558724484867100914000000won600694_D_640_10000.jpg_710x360_ae626c4f.jpg〇https://qimgs.qunarzz.com/piao_qsight_provider_piao_qsight_web/1558724484746100u14000000wm7n3B00F_D_640_10000.jpg_710x360_34f92bdf.jpg〇https://qimgs.qunarzz.com/piao_qsight_provider_piao_qsight_web/1558724484474100e14000000wozn1466A_D_640_10000.jpg_710x360_dfdfec16.jpg〇https://qimgs.qunarzz.com/piao_qsight_provider_piao_qsight_web/1558033236023100i14000000w4dvaD0E9_D_640_10000.jpg_710x360_e5e96dc0.jpg〇https://qimgs.qunarzz.com/piao_qsight_provider_piao_qsight_web/1558033235735100814000000w5redA48C_D_640_10000.jpg_710x360_b9a32557.jpg〇https://qimgs.qunarzz.com/piao_qsight_provider_piao_qsight_web/1558033235483100e14000000w8bdyEC60_D_640_10000.jpg_710x360_ce3fdfde.jpg〇https://qimgs.qunarzz.com/piao_qsight_provider_piao_qsight_web/1558033235295100h14000000w74z838FD_D_640_10000.jpg_710x360_3b43472a.jpg〇https://qimgs.qunarzz.com/piao_qsight_provider_piao_qsight_web/1558033234988100f14000000w5l3kC0C9_D_640_10000.jpg_710x360_9d024f97.jpg〇https://qimgs.qunarzz.com/piao_qsight_provider_piao_qsight_web/1553367778019100k12000000svvm33D4C_D_640_10000.jpg_710x360_079229fb.jpg〇https://qimgs.qunarzz.com/piao_qsight_provider_piao_qsight_web/1553367777826100c12000000suca8C5C3_D_640_10000.jpg_710x360_6dd16dd9.jpg〇https://qimgs.qunarzz.com/piao_qsight_provider_piao_qsight_web/1553367777375100412000000sqogx9A51_D_640_10000.jpg_710x360_8fb93f4b.jpg〇https://qimgs.qunarzz.com/piao_qsight_provider_piao_qsight_web/1553367777098100d12000000sq7sz52F0_D_640_10000.jpg_710x360_c62689b8.jpg〇https://qimgs.qunarzz.com/piao_qsight_provider_piao_qsight_web/1553367776928100912000000su3mg77F7_D_640_10000.jpg_710x360_fdaf2975.jpg〇https://qimgs.qunarzz.com/piao_qsight_provider_piao_qsight_web/1553367776713100f12000000srpti3534_D_640_10000.jpg_710x360_0cc0429b.jpg〇https://qimgs.qunarzz.com/piao_qsight_provider_piao_qsight_web/1550691025697100t11000000r25bt6344_D_640_10000.jpg_710x360_79ebd723.jpg〇https://qimgs.qunarzz.com/piao_qsight_provider_piao_qsight_web/1550691025382100q11000000r3dz83F55_D_640_10000.jpg_710x360_1995ef02.jpg〇https://qimgs.qunarzz.com/piao_qsight_provider_piao_qsight_web/1550691024804100o11000000r0xvm2E8E_D_640_10000.jpg_710x360_4401fe74.jpg,"{""ret"": true, ""data"": {""tagList"": [{""tagType"": 32, ""tagScore"": 5, ""tagNum"": 77, ""tagName"": ""\u670d\u52a1\u597d""}, {""tagType"": 16, ""tagScore"": 5, ""tagNum"": 54, ""tagName"": ""\u9760\u8c31""}, {""tagType"": 8, ""tagScore"": 5, ""tagNum"": 37, ""tagName"": ""\u4fbf\u5b9c""}, {""tagType"": 4, ""tagScore"": 5, ""tagNum"": 78, ""tagName"": ""\u53d6\u7968\u65b9\u4fbf""}, {""tagType"": 3, ""tagScore"": 5, ""tagNum"": 18, ""tagName"": ""\u5dee\u8bc4""}, {""tagType"": 2, ""tagScore"": 5, ""tagNum"": 54, ""tagName"": ""\u4e2d\u8bc4""}, {""tagType"": 1, ""tagScore"": 5, ""tagNum"": 3597, ""tagName"": ""\u597d\u8bc4""}, {""tagType"": 0, ""tagScore"": 5, ""tagNum"": 3742, ""tagName"": ""\u5168\u90e8""}], ""commentList"": [{""author"": ""l*3"", ""content"": ""\u5165\u4f4f\u624b\u7eed\u5f88\u4fbf\u5229\uff0c\u5165\u4f4f\u63a5\u5f85\u7684\u6881\u89c2\u946b\u5f88\u8d34\u5fc3\uff0c\u5168\u7a0b\u8010\u5fc3\u89e3\u7591\u7b54\u60d1\uff0c\u6709\u6c42\u5fc5\u5e94\u3002\u6e29\u6cc9\u548c\u4f4f\u623f\u4f53\u9a8c\u90fd\u5f88\u68d2\uff0c\u9047\u5230\u7684\u5de5\u4f5c\u4eba\u5458\u90fd\u5f88\u5948\u65af\ud83d\udc4d\ud83c\udffb"", ""date"": ""2024-12-15"", ""score"": 5, ""commentId"": ""239237793"", ""imgs"": [{""small"": ""https://qimgs.qunarzz.com/mp_piao_0001/temp4209514409070729912file_1734252281000.jpg_120x120_17d5537a.jpg"", ""title"": """", ""big"": ""https://qimgs.qunarzz.com/mp_piao_0001/temp4209514409070729912file_1734252281000.jpg""}], ""userNickName"": ""l*3"", ""replyCityName"": """", ""cityName"": ""\u5e7f\u4e1c""}, {""author"": ""h*7"", ""content"": ""\u7528\u6237\u672a\u70b9\u8bc4\uff0c\u7cfb\u7edf\u9ed8\u8ba4\u597d\u8bc4\u3002"", ""date"": ""2024-12-18"", ""score"": 5, ""commentId"": ""239273757"", ""imgs"": [], ""userNickName"": ""h*7"", ""replyCityName"": """", ""cityName"": """"}, {""author"": ""h*7"", ""content"": ""\u7528\u6237\u672a\u70b9\u8bc4\uff0c\u7cfb\u7edf\u9ed8\u8ba4\u597d\u8bc4\u3002"", ""date"": ""2024-12-18"", ""score"": 5, ""commentId"": ""239273676"", ""imgs"": [], ""userNickName"": ""h*7"", ""replyCityName"": """", ""cityName"": """"}, {""author"": ""\u53bb*\u6237"", ""content"": ""\u4fbf\u5b9c\u65b9\u4fbf\u5feb\u6377\u5168\u4e94\u661f\u597d\u8bc4"", ""date"": ""2024-12-02"", ""score"": 5, ""commentId"": ""239053997"", ""imgs"": [], ""userNickName"": ""\u53bb*\u6237"", ""replyCityName"": """", ""cityName"": ""\u6fb3\u95e8\u7279\u522b\u884c\u653f\u533a""}, {""author"": ""o*7"", ""content"": "".\u4f1a\u518d\u6765\u7684\uff0c\u6574\u4f53\u5f88\u6ee1\u610f"", ""date"": ""2024-11-23"", ""score"": 5, ""commentId"": ""238908065"", ""imgs"": [], ""userNickName"": ""o*7"", ""replyCityName"": """", ""cityName"": ""\u5e7f\u4e1c""}, {""author"": ""q*7"", ""content"": ""\u7528\u6237\u672a\u70b9\u8bc4\uff0c\u7cfb\u7edf\u9ed8\u8ba4\u597d\u8bc4\u3002"", ""date"": ""2024-11-21"", ""score"": 5, ""commentId"": ""238876420"", ""imgs"": [], ""userNickName"": ""q*7"", ""replyCityName"": """", ""cityName"": """"}, {""author"": ""\u53bb*\u6237"", ""content"": ""\u7528\u6237\u672a\u70b9\u8bc4\uff0c\u7cfb\u7edf\u9ed8\u8ba4\u597d\u8bc4\u3002"", ""date"": ""2024-11-20"", ""score"": 5, ""commentId"": ""238851194"", ""imgs"": [], ""userNickName"": ""\u53bb*\u6237"", ""replyCityName"": """", ""cityName"": """"}, {""author"": ""q*6"", ""content"": ""\u7528\u6237\u672a\u70b9\u8bc4\uff0c\u7cfb\u7edf\u9ed8\u8ba4\u597d\u8bc4\u3002"", ""date"": ""2024-11-20"", ""score"": 5, ""commentId"": ""238851182"", ""imgs"": [], ""userNickName"": ""q*6"", ""replyCityName"": """", ""cityName"": """"}, {""author"": ""z*l"", ""content"": ""\u7528\u6237\u672a\u70b9\u8bc4\uff0c\u7cfb\u7edf\u9ed8\u8ba4\u597d\u8bc4\u3002"", ""date"": ""2024-11-20"", ""score"": 5, ""commentId"": ""238851171"", ""imgs"": [], ""userNickName"": ""z*l"", ""replyCityName"": """", ""cityName"": """"}, {""author"": ""\u53bb*\u6237"", ""content"": ""\u7528\u6237\u672a\u70b9\u8bc4\uff0c\u7cfb\u7edf\u9ed8\u8ba4\u597d\u8bc4\u3002"", ""date"": ""2024-11-20"", ""score"": 5, ""commentId"": ""238851119"", ""imgs"": [], ""userNickName"": ""\u53bb*\u6237"", ""replyCityName"": """", ""cityName"": """"}], ""score"": 4.8, ""commentCount"": 3742}, ""statusCode"": 200}"
中山泉眼温泉,https://qimgs.qunarzz.com/piao_qsight_provider_piao_qsight_web/350q0y000000m7o7gF549_C_900_504.jpg_280x200_2b4de546.jpg,中山市,中山市,广东省中山市兴泉路1号,10621,4.9,环境清幽的岭南活泉温泉,https://piao.qunar.com/ticket/detail_1394787551.html?st=a3clM0QlRTQlQjglQUQlRTUlQjElQjElRTUlQjglODIlMjZpZCUzRDEzMjI2JTI2dHlwZSUzRDAlMjZpZHglM0Q2JTI2cXQlM0QlMjZhcGslM0QyJTI2c2MlM0RXV1clMjZ1ciUzRCVFNCVCOCVBRCVFNSVCMSVCMSUyNmxyJTNEJUU0JUI4JUFEJUU1JUIxJUIxJTI2ZnQlM0QlN0IlN0Q%3D#from=mpl_search_suggest,75.0,N/A,温泉占地10000多平方米，坐落于中山三乡泉眼村，交通十分便利，被称为闹市中的私家温泉。温源源自地下200米深处，日涌5000多立方，出水温度85℃，含丰富的氯化物以及铁，硫酸盐铜锌铅等多种矿物质元素。对皮肤病、关节炎、低血压、神经衰弱等均有疗效、并能促进血液循环、护理皮肤。规划宏伟，设计新颖，倾力于打造浪漫的温泉文化。首期投入使用的名种特色豪华客房66间，客房的建筑风格新颖，豪华气派，以休闲度假为基调。青山为屏，碧水为镜，绿树成荫，花草葱葱。特有的日式风情，营造出浪漫温馨的气息。目前已推出的客房风格各异，配有独立的私家汤池，不同的设计风格元素，让您体验不同的乐趣，尽享尊贵服务。温泉项目有：大型温泉冲浪、温泉漂流、奇妙独特的冰泉、理疗显著的温泉养生阁、冷热温泉瀑布超声波按摩喷泉、大型温泉池、温泉香蕉SPA地热带、水上乐园。亲吻鱼：卬尼亲吻鱼，通过啄食人体老化皮质，毛孔排泄物，从而达到让毛孔畅通，排出体内毒素，使您能更好的吸收温泉水中的多种矿物质，达到美容养颜延年益寿之神奇*效。拥有能适合40人至200人规格不同的各类会议厅。配有多媒体投影，进口音响，以及上网终端等现代化设备，能适合大中小等各种类型的会议。在您享受自然之美的同时，为您提供SPA温泉水疗保健高级VIP会所，是休闲度假商务会议，旅行客户的理想驿站。,1/1-12/31；周一至周日；全天开放,https://qimgs.qunarzz.com/piao_qsight_provider_piao_qsight_web/350q0y000000m7o7gF549_C_900_504.jpg_710x360_0f62db1d.jpg〇https://qimgs.qunarzz.com/piao_qsight_provider_piao_qsight_web/0106i1200087fit183544_C_900_504_Q90_Mtg_7.jpg_710x360_1a61fdd9.jpg〇https://qimgs.qunarzz.com/piao_qsight_provider_piao_qsight_web/010731200087fj44iCCE6_C_900_504_Q90_Mtg_7.jpg_710x360_1de600d3.jpg〇https://qimgs.qunarzz.com/piao_qsight_provider_piao_qsight_web/0103m1200087fj4bm2815_C_900_504_Q90_Mtg_7.jpg_710x360_47aeb083.jpg〇https://qimgs.qunarzz.com/piao_qsight_provider_piao_qsight_web/350v0y000000mhf81A83A_C_900_504_Q90_Mtg_7.jpg_710x360_56c527b6.jpg〇https://qimgs.qunarzz.com/piao_qsight_provider_piao_qsight_web/0106c1200087fj19m3474_C_900_504_Q90_Mtg_7.jpg_710x360_b5ae9f16.jpg〇https://qimgs.qunarzz.com/piao_qsight_provider_piao_qsight_web/0105c1200087fj44oB563_C_900_504_Q90_Mtg_7.jpg_710x360_d2f30cb2.jpg〇https://qimgs.qunarzz.com/piao_qsight_provider_piao_qsight_web/0100u1200087fj3waBB64_C_900_504_Q90_Mtg_7.jpg_710x360_b8bdbe25.jpg〇https://qimgs.qunarzz.com/piao_qsight_provider_piao_qsight_web/350h0y000000m7yee0F76_C_900_504_Q90_Mtg_7.jpg_710x360_1dee0f8e.jpg〇https://qimgs.qunarzz.com/piao_qsight_provider_piao_qsight_web/350d0y000000m4w7tA17F_C_900_504_Q90_Mtg_7.jpg_710x360_82dfd581.jpg〇https://qimgs.qunarzz.com/piao_qsight_provider_piao_qsight_web/350q0y000000m7o7gF549_C_900_504_Q90_Mtg_7.jpg_710x360_090919c1.jpg〇https://imgs.qunarzz.com/sight/p0/201403/07/64f4ce2ac5a531a7185d7a17d3ccbbef.jpg_710x360_98fee9cb.jpg〇https://imgs.qunarzz.com/sight/p0/201403/07/8f120094f38a49756a3a1c24d7c4effe.jpg_710x360_ef38617e.jpg〇https://imgs.qunarzz.com/sight/p0/201403/07/ea8ac7a7acc1d4ce057d610e31e93f73.jpg_710x360_ec63e956.jpg〇https://imgs.qunarzz.com/sight/p0/201403/07/20497e9d563827a6b5390199184853b9.jpg_710x360_f26ca1b3.jpg〇https://imgs.qunarzz.com/sight/p0/1505/b4/b4b9a37e25307288.water.jpg_710x360_71a9b03c.jpg〇https://imgs.qunarzz.com/sight/p0/1505/55/5524fc27a7366869.water.jpg_710x360_32efb136.jpg〇https://imgs.qunarzz.com/sight/p0/201403/07/5e06de4ff5261b2d83566115b6d11283.jpg_710x360_d2df5df8.jpg〇https://qimgs.qunarzz.com/piao_qsight_provider_piao_qsight_web/57b90dd324399637.jpg_710x360_d1b9e774.jpg〇https://qimgs.qunarzz.com/piao_qsight_provider_piao_qsight_web/de5fe9e2e7114cc4ddb12cfb.jpg_710x360_8a6ea0f5.jpg〇https://qimgs.qunarzz.com/piao_qsight_provider_piao_qsight_web/907546ab4d1ddb02.jpg_710x360_7587e738.jpg〇https://qimgs.qunarzz.com/piao_qsight_provider_piao_qsight_web/1aff794bb52bd602.jpg_710x360_e9eb3058.jpg〇https://qimgs.qunarzz.com/piao_qsight_provider_piao_qsight_web/770fa9ce78bd1f8c895dd304428608f3.jpg_710x360_f01864ad.jpg〇https://qimgs.qunarzz.com/piao_qsight_provider_piao_qsight_web/167721a893b41e894958133bfb1b3650.jpg_710x360_a2060304.jpg〇https://qimgs.qunarzz.com/piao_qsight_provider_piao_qsight_web/a5bdcf892fefb1b8ddfff6acdaaca0e9.jpg_710x360_40301315.jpg〇https://qimgs.qunarzz.com/piao_qsight_provider_piao_qsight_web/374fd058e50c123bd3daf4627cce3490.jpg_710x360_28d32f96.jpg〇https://qimgs.qunarzz.com/piao_qsight_provider_piao_qsight_web/1d6d38112915c8b373bbf8427e0a3a93.jpg_710x360_65819b41.jpg〇https://qimgs.qunarzz.com/piao_qsight_provider_piao_qsight_web/31f1ce5809e9ba81091c843d5eeb16f0.jpg_710x360_16496ce7.jpg〇https://qimgs.qunarzz.com/piao_qsight_provider_piao_qsight_web/8d9e63d6f2d10426697e9c7c9637dea4.jpg_710x360_369f6342.jpg〇https://qimgs.qunarzz.com/piao_qsight_provider_piao_qsight_web/1251055c6dbfd870aa5cb765c5154e97.jpg_710x360_e544feb4.jpg〇https://qimgs.qunarzz.com/piao_qsight_provider_piao_qsight_web/5aea972d0bd0ee324fe8bf6526286da1.jpg_710x360_448298ec.jpg〇https://qimgs.qunarzz.com/piao_qsight_provider_piao_qsight_web/f3e6b7b633223d02.jpg_710x360_27f2dee5.jpg〇https://qimgs.qunarzz.com/piao_qsight_provider_piao_qsight_web/7374a02718053e02.jpg_710x360_b45ef18b.jpg〇https://qimgs.qunarzz.com/piao_qsight_provider_piao_qsight_web/c97f7d8a26be3a745b5976ae99f4e982.jpg_710x360_1b2ba3b5.jpg〇https://qimgs.qunarzz.com/piao_qsight_provider_piao_qsight_web/1d77bc1aae9d3d5978b022cc42ec0cec.jpg_710x360_49bd0309.jpg〇https://qimgs.qunarzz.com/piao_qsight_provider_piao_qsight_web/0994e1016993db37a8572ca7fef2732d.jpg_710x360_4c19a3da.jpg〇https://qimgs.qunarzz.com/piao_qsight_provider_piao_qsight_web/7fec981ff0312364264c5a194ea1362d.jpg_710x360_342234da.jpg〇https://qimgs.qunarzz.com/piao_qsight_provider_piao_qsight_web/36aa40641283a4d70d3fa0e62c6dbc19.jpg_710x360_fc985a51.jpg,"{""ret"": true, ""data"": {""tagList"": [{""tagType"": 3, ""tagScore"": 5, ""tagNum"": 49, ""tagName"": ""\u5dee\u8bc4""}, {""tagType"": 2, ""tagScore"": 5, ""tagNum"": 62, ""tagName"": ""\u4e2d\u8bc4""}, {""tagType"": 1, ""tagScore"": 5, ""tagNum"": 10486, ""tagName"": ""\u597d\u8bc4""}, {""tagType"": 0, ""tagScore"": 5, ""tagNum"": 10621, ""tagName"": ""\u5168\u90e8""}, {""tagType"": 99, ""tagScore"": 5, ""tagNum"": 56, ""tagName"": ""\u670d\u52a1\u597d""}, {""tagType"": 99, ""tagScore"": 5, ""tagNum"": 45, ""tagName"": ""\u73af\u5883\u4e0d\u9519""}, {""tagType"": 99, ""tagScore"": 5, ""tagNum"": 28, ""tagName"": ""\u4f11\u95f2\u597d\u53bb\u5904""}], ""commentList"": [{""author"": ""\u6069*\u6b23"", ""content"": ""\u871c\u6708\u5957\u623f\u6c92\u6709\u7a97\uff0c\u524d\u5f80\u6236\u5916\u6eab\u6cc9\u975e\u5e38\u8fd1\uff0c\u597d\u65b9\u4fbf\uff0c\u623f\u5167\u6709\u6eab\u6cc9\u6c60\uff0c\u5305\u81ea\u52a9\u65e9\u9910\uff0c\u81ea\u52a9\u665a\u9910\uff0c\u5bb5\u591c\uff0c\u98df\u7269\u8cea\u7d20\u4e00\u822c\uff0c\u80fd\u5920\u98fd\u809a\uff0c\u623f\u9593\u4e0d\u80fd\u9694\u8072\uff0c\u8a2d\u65bd\u6bd4\u8f03\u820a\uff0c\u5e8a\u5f88\u786c\uff0c\u623f\u9593\u6709\u7159\u5473\uff0c\u665a\u4e0a\u6703\u6709\u5f88\u591a\u5916\u4f86\u8857\u5ba2\u524d\u5f80\u6d78\u6eab\u6cc9"", ""date"": ""2024-12-01"", ""score"": 3, ""commentId"": ""239041451"", ""imgs"": [{""small"": ""https://qimgs.qunarzz.com/mp_piao_0001/temp8696110568591845093file_1733068202000.jpg_120x120_2caa30c5.jpg"", ""title"": """", ""big"": ""https://qimgs.qunarzz.com/mp_piao_0001/temp8696110568591845093file_1733068202000.jpg""}, {""small"": ""https://qimgs.qunarzz.com/mp_piao_0001/temp2738709112767734874file_1733068202000.jpg_120x120_ee44b174.jpg"", ""title"": """", ""big"": ""https://qimgs.qunarzz.com/mp_piao_0001/temp2738709112767734874file_1733068202000.jpg""}, {""small"": ""https://qimgs.qunarzz.com/mp_piao_0001/temp18336681114409968370file_1733068202000.jpg_120x120_30918cd0.jpg"", ""title"": """", ""big"": ""https://qimgs.qunarzz.com/mp_piao_0001/temp18336681114409968370file_1733068202000.jpg""}, {""small"": ""https://qimgs.qunarzz.com/mp_piao_0001/temp16950413708319664145file_1733068202000.jpg_120x120_de4e8f35.jpg"", ""title"": """", ""big"": ""https://qimgs.qunarzz.com/mp_piao_0001/temp16950413708319664145file_1733068202000.jpg""}, {""small"": ""https://qimgs.qunarzz.com/mp_piao_0001/temp14470309213334253423file_1733068202000.jpg_120x120_d86a4932.jpg"", ""title"": """", ""big"": ""https://qimgs.qunarzz.com/mp_piao_0001/temp14470309213334253423file_1733068202000.jpg""}], ""userNickName"": ""\u6069*\u6b23"", ""replyCityName"": """", ""cityName"": ""\u4e2d\u56fd\u9999\u6e2f""}, {""author"": ""t*5"", ""content"": ""\u7528\u6237\u672a\u70b9\u8bc4\uff0c\u7cfb\u7edf\u9ed8\u8ba4\u597d\u8bc4\u3002"", ""date"": ""2024-12-26"", ""score"": 5, ""commentId"": ""239383114"", ""imgs"": [], ""userNickName"": ""t*5"", ""replyCityName"": """", ""cityName"": """"}, {""author"": ""\u53bb*\u6237"", ""content"": ""\u7528\u6237\u672a\u70b9\u8bc4\uff0c\u7cfb\u7edf\u9ed8\u8ba4\u597d\u8bc4\u3002"", ""date"": ""2024-12-25"", ""score"": 5, ""commentId"": ""239371558"", ""imgs"": [], ""userNickName"": ""\u53bb*\u6237"", ""replyCityName"": """", ""cityName"": """"}, {""author"": ""\u53bb*\u6237"", ""content"": ""\u7528\u6237\u672a\u70b9\u8bc4\uff0c\u7cfb\u7edf\u9ed8\u8ba4\u597d\u8bc4\u3002"", ""date"": ""2024-12-25"", ""score"": 5, ""commentId"": ""239371441"", ""imgs"": [], ""userNickName"": ""\u53bb*\u6237"", ""replyCityName"": """", ""cityName"": """"}, {""author"": ""\u53bb*\u6237"", ""content"": ""\u7528\u6237\u672a\u70b9\u8bc4\uff0c\u7cfb\u7edf\u9ed8\u8ba4\u597d\u8bc4\u3002"", ""date"": ""2024-12-25"", ""score"": 5, ""commentId"": ""239371269"", ""imgs"": [], ""userNickName"": ""\u53bb*\u6237"", ""replyCityName"": """", ""cityName"": """"}, {""author"": ""M*s"", ""content"": ""\u7528\u6237\u672a\u70b9\u8bc4\uff0c\u7cfb\u7edf\u9ed8\u8ba4\u597d\u8bc4\u3002"", ""date"": ""2024-12-25"", ""score"": 5, ""commentId"": ""239370285"", ""imgs"": [], ""userNickName"": ""M*s"", ""replyCityName"": """", ""cityName"": """"}, {""author"": ""\u5237*\u54e5"", ""content"": ""\u7528\u6237\u672a\u70b9\u8bc4\uff0c\u7cfb\u7edf\u9ed8\u8ba4\u597d\u8bc4\u3002"", ""date"": ""2024-12-25"", ""score"": 5, ""commentId"": ""239365977"", ""imgs"": [], ""userNickName"": ""\u5237*\u54e5"", ""replyCityName"": """", ""cityName"": """"}, {""author"": ""\u5237*\u54e5"", ""content"": ""\u7528\u6237\u672a\u70b9\u8bc4\uff0c\u7cfb\u7edf\u9ed8\u8ba4\u597d\u8bc4\u3002"", ""date"": ""2024-12-25"", ""score"": 5, ""commentId"": ""239364948"", ""imgs"": [], ""userNickName"": ""\u5237*\u54e5"", ""replyCityName"": """", ""cityName"": """"}, {""author"": ""\u53bb*\u6237"", ""content"": ""\u7528\u6237\u672a\u70b9\u8bc4\uff0c\u7cfb\u7edf\u9ed8\u8ba4\u597d\u8bc4\u3002"", ""date"": ""2024-12-25"", ""score"": 5, ""commentId"": ""239363312"", ""imgs"": [], ""userNickName"": ""\u53bb*\u6237"", ""replyCityName"": """", ""cityName"": """"}, {""author"": ""c*2"", ""content"": ""\u7528\u6237\u672a\u70b9\u8bc4\uff0c\u7cfb\u7edf\u9ed8\u8ba4\u597d\u8bc4\u3002"", ""date"": ""2024-12-24"", ""score"": 5, ""commentId"": ""239359432"", ""imgs"": [], ""userNickName"": ""c*2"", ""replyCityName"": """", ""cityName"": """"}], ""score"": 4.9, ""commentCount"": 10621}, ""statusCode"": 200}"
中山仙踪龙园,https://qimgs.qunarzz.com/piao_qsight_provider_piao_qsight_web/01037120008a58w2nA1D7_C_900_504.jpg_280x200_7063fb9a.jpg,中山市,中山市,广东省中山市五桂山城桂路和平村仙踪龙园,259,4.6,彷如亲临墨西哥式的美洲风情大峡谷,https://piao.qunar.com/ticket/detail_3140273320.html?st=a3clM0QlRTQlQjglQUQlRTUlQjElQjElRTUlQjglODIlMjZpZCUzRDM1MDk3JTI2dHlwZSUzRDAlMjZpZHglM0Q1JTI2cXQlM0QlMjZhcGslM0QyJTI2c2MlM0RXV1clMjZ1ciUzRCVFNCVCOCVBRCVFNSVCMSVCMSUyNmxyJTNEJUU0JUI4JUFEJUU1JUIxJUIxJTI2ZnQlM0QlN0IlN0Q%3D#from=mpl_search_suggest,38.0,3A景区,仙踪龙园，作为中山市的科普教育示范基地，更是一个文化底蕴深厚的旅游景区之一。其所在地前身为中山县林场办公处，也是“上山下乡”的知青点——和平林场。进入仙踪龙园，您会先经过一条常年长流不息、清澈见底的天然山溪，溪旁两岸的竹林，随风摆动、竹影婆娑。远山的葱茏，眼前的青翠，别具一番文人墨客之情。仙踪龙园，更是集美景和美食于一身的休闲圣地。仙踪龙园内设的山珍菜馆，除了驰名的仙人掌美食宴、石头粥等，更兼备本园开发利用山泉养殖的密西西比河鸭嘴鱼、山水鲩鱼、天然甲鱼、中华鲟龙鱼等等。只为每一位食客体验美味，吃出健康。仙踪龙园景区更集合仙人掌文化、佛文化以及龙文化于一身。置身其中，彷如亲临墨西哥式的美洲风情大峡谷外，更能从各种各样，不同朝代的石雕、砖雕、木雕、根雕领略更多的人文气息。佛教中的“五树六花”，亦能助您沉淀纷扰烦嚣的俗世心灵。进入龙园区域，会让您对龙的文化有一个深刻的了解，让您明白什么是真正的龙以及龙的传人。景区内美丽高雅的孔雀、可爱的海狸鼠、悠闲自在的鸵鸟、似凶非凶的鳄鱼、神秘的中华鲟、珍奇的海象、绚丽光鲜的锦鲤等动物，更会给您带来无尽的生机。,1/1-12/31；周一至周日；09:00-17:30开园,https://qimgs.qunarzz.com/piao_qsight_provider_piao_qsight_web/01037120008a58w2nA1D7_C_900_504.jpg_710x360_f338227d.jpg〇https://qimgs.qunarzz.com/piao_qsight_provider_piao_qsight_web/0106g120008a58yor8B99_C_900_504_Q90_Mtg_7.jpg_710x360_320295bf.jpg〇https://qimgs.qunarzz.com/piao_qsight_provider_piao_qsight_web/0102s120008a58vus1378_C_900_504_Q90_Mtg_7.jpg_710x360_9143faf5.jpg〇https://qimgs.qunarzz.com/piao_qsight_provider_piao_qsight_web/0103s120008a58x15EA0A_C_900_504_Q90_Mtg_7.jpg_710x360_1e3a95db.jpg〇https://qimgs.qunarzz.com/piao_qsight_provider_piao_qsight_web/0104e120008a58tkj7EE7_C_900_504_Q90_Mtg_7.jpg_710x360_9eeec6b2.jpg〇https://qimgs.qunarzz.com/piao_qsight_provider_piao_qsight_web/01043120008a58w2o3288_C_900_504_Q90_Mtg_7.jpg_710x360_8d44a919.jpg〇https://qimgs.qunarzz.com/piao_qsight_provider_piao_qsight_web/0103l120008a58z3h9C40_C_900_504_Q90_Mtg_7.jpg_710x360_b793c671.jpg〇https://qimgs.qunarzz.com/piao_qsight_provider_piao_qsight_web/0100w120008a58xpq3C99_C_900_504_Q90_Mtg_7.jpg_710x360_dd65da25.jpg〇https://qimgs.qunarzz.com/piao_qsight_provider_piao_qsight_web/0102x120008a58yovD6F7_C_900_504_Q90_Mtg_7.jpg_710x360_e5d49d9e.jpg〇https://qimgs.qunarzz.com/piao_qsight_provider_piao_qsight_web/01010120008a58vuqEAD6_C_900_504_Q90_Mtg_7.jpg_710x360_53b5e025.jpg〇https://qimgs.qunarzz.com/piao_qsight_provider_piao_qsight_web/01037120008a58w2nA1D7_C_900_504_Q90_Mtg_7.jpg_710x360_987d4977.jpg〇https://imgs.qunarzz.com/sight/p0/201301/17/1fd39067728b52d093835fbb.jpg_710x360_88118b5d.jpg〇https://imgs.qunarzz.com/sight/p0/201301/17/e908b371d28ae20493835fbb.jpg_710x360_64c32ef3.jpg〇https://imgs.qunarzz.com/sight/p0/201301/17/cf5e5bae832996fd93835fbb.jpg_710x360_f622fe62.jpg〇https://imgs.qunarzz.com/sight/p0/201301/17/77db2d9bf6c735c393835fbb.jpg_710x360_a05a9ddd.jpg〇https://imgs.qunarzz.com/sight/p0/201301/17/8727df0dd54bc46b93835fbb.jpg_710x360_44358a89.jpg〇https://imgs.qunarzz.com/sight/p0/201301/15/fbd49f5ef3ad136093835fbb.png_710x360_ab632005.png〇https://imgs.qunarzz.com/sight/p0/201301/15/fbd15e2544d89e3793835fbb.png_710x360_ec7d58e8.png〇https://imgs.qunarzz.com/sight/p0/201301/15/c62b3f5f95b2a64693835fbb.png_710x360_d37db0b6.png〇https://imgs.qunarzz.com/sight/p0/201301/15/0ff91e88de477ec693835fbb.png_710x360_be1dd652.png,"{""ret"": true, ""data"": {""tagList"": [{""tagType"": 32, ""tagScore"": 5, ""tagNum"": 4, ""tagName"": ""\u670d\u52a1\u597d""}, {""tagType"": 16, ""tagScore"": 5, ""tagNum"": 4, ""tagName"": ""\u9760\u8c31""}, {""tagType"": 8, ""tagScore"": 5, ""tagNum"": 3, ""tagName"": ""\u4fbf\u5b9c""}, {""tagType"": 4, ""tagScore"": 5, ""tagNum"": 9, ""tagName"": ""\u53d6\u7968\u65b9\u4fbf""}, {""tagType"": 3, ""tagScore"": 5, ""tagNum"": 5, ""tagName"": ""\u5dee\u8bc4""}, {""tagType"": 2, ""tagScore"": 5, ""tagNum"": 17, ""tagName"": ""\u4e2d\u8bc4""}, {""tagType"": 1, ""tagScore"": 5, ""tagNum"": 237, ""tagName"": ""\u597d\u8bc4""}, {""tagType"": 0, ""tagScore"": 5, ""tagNum"": 259, ""tagName"": ""\u5168\u90e8""}], ""commentList"": [{""author"": ""A*9"", ""content"": ""\u7528\u6237\u672a\u70b9\u8bc4\uff0c\u7cfb\u7edf\u9ed8\u8ba4\u597d\u8bc4\u3002"", ""date"": ""2024-12-12"", ""score"": 5, ""commentId"": ""239203320"", ""imgs"": [], ""userNickName"": ""A*9"", ""replyCityName"": """", ""cityName"": """"}, {""author"": ""\u53bb*\u6237"", ""content"": ""\u7528\u6237\u672a\u70b9\u8bc4\uff0c\u7cfb\u7edf\u9ed8\u8ba4\u597d\u8bc4\u3002"", ""date"": ""2024-02-10"", ""score"": 5, ""commentId"": ""231370191"", ""imgs"": [], ""userNickName"": ""\u53bb*\u6237"", ""replyCityName"": """", ""cityName"": """"}, {""author"": ""n*4"", ""content"": ""\u7528\u6237\u672a\u70b9\u8bc4\uff0c\u7cfb\u7edf\u9ed8\u8ba4\u597d\u8bc4\u3002"", ""date"": ""2023-09-13"", ""score"": 5, ""commentId"": ""228564258"", ""imgs"": [], ""userNickName"": ""n*4"", ""replyCityName"": """", ""cityName"": """"}, {""author"": ""\u53bb*\u6237"", ""content"": ""\u7528\u6237\u672a\u70b9\u8bc4\uff0c\u7cfb\u7edf\u9ed8\u8ba4\u597d\u8bc4\u3002"", ""date"": ""2023-06-29"", ""score"": 5, ""commentId"": ""226392325"", ""imgs"": [], ""userNickName"": ""\u53bb*\u6237"", ""replyCityName"": """", ""cityName"": """"}, {""author"": ""q*8"", ""content"": ""\u7528\u6237\u672a\u70b9\u8bc4\uff0c\u7cfb\u7edf\u9ed8\u8ba4\u597d\u8bc4\u3002"", ""date"": ""2022-11-11"", ""score"": 5, ""commentId"": ""223789221"", ""imgs"": [], ""userNickName"": ""q*8"", ""replyCityName"": """", ""cityName"": """"}, {""author"": ""\u7a0b*\u7115"", ""content"": ""\u7528\u6237\u672a\u70b9\u8bc4\uff0c\u7cfb\u7edf\u9ed8\u8ba4\u597d\u8bc4\u3002"", ""date"": ""2022-11-05"", ""score"": 5, ""commentId"": ""223758979"", ""imgs"": [], ""userNickName"": ""\u7a0b*\u7115"", ""replyCityName"": """", ""cityName"": """"}, {""author"": ""\u53bb*\u6237"", ""content"": ""\u7528\u6237\u672a\u70b9\u8bc4\uff0c\u7cfb\u7edf\u9ed8\u8ba4\u597d\u8bc4\u3002"", ""date"": ""2022-11-04"", ""score"": 5, ""commentId"": ""223734288"", ""imgs"": [], ""userNickName"": ""\u53bb*\u6237"", ""replyCityName"": """", ""cityName"": """"}, {""author"": ""\u53bb*\u6237"", ""content"": ""\u7528\u6237\u672a\u70b9\u8bc4\uff0c\u7cfb\u7edf\u9ed8\u8ba4\u597d\u8bc4\u3002"", ""date"": ""2022-11-04"", ""score"": 5, ""commentId"": ""223734002"", ""imgs"": [], ""userNickName"": ""\u53bb*\u6237"", ""replyCityName"": """", ""cityName"": """"}, {""author"": ""S*7"", ""content"": ""\u7528\u6237\u672a\u70b9\u8bc4\uff0c\u7cfb\u7edf\u9ed8\u8ba4\u597d\u8bc4\u3002"", ""date"": ""2022-09-28"", ""score"": 5, ""commentId"": ""223464709"", ""imgs"": [], ""userNickName"": ""S*7"", ""replyCityName"": """", ""cityName"": """"}, {""author"": ""\u53bb*\u6237"", ""content"": ""\u7528\u6237\u672a\u70b9\u8bc4\uff0c\u7cfb\u7edf\u9ed8\u8ba4\u597d\u8bc4\u3002"", ""date"": ""2022-09-21"", ""score"": 5, ""commentId"": ""223413118"", ""imgs"": [], ""userNickName"": ""\u53bb*\u6237"", ""replyCityName"": """", ""cityName"": """"}], ""score"": 4.6, ""commentCount"": 259}, ""statusCode"": 200}"
大尖山露营公园,https://qimgs.qunarzz.com/piao_qsight_provider_piao_qsight_web/0106z120009lbm6y83FC4_C_900_504.jpg_280x200_d8d5e16f.jpg,中山市,中山市,广东省中山市五桂山镇城桂公路西侧,85,5.0,大尖山露营公园位于中山市五桂山，占地1300亩，其中大尖红茶园占地300亩，是一个集旅行度假、体育娱乐活动为一体的综合性,https://piao.qunar.com/ticket/detail_3543861590.html?st=a3clM0QlRTQlQjglQUQlRTUlQjElQjElRTUlQjglODIlMjZpZCUzRDUxMDU2OCUyNnR5cGUlM0QwJTI2aWR4JTNENCUyNnF0JTNEJTI2YXBrJTNEMiUyNnNjJTNEV1dXJTI2dXIlM0QlRTQlQjglQUQlRTUlQjElQjElMjZsciUzRCVFNCVCOCVBRCVFNSVCMSVCMSUyNmZ0JTNEJTdCJTdE#from=mpl_search_suggest,20.0,3A景区,大尖山露营公园位于中山市五桂山，占地1300亩，其中大尖红茶园占地300亩，是一个集旅行度假、体育娱乐活动为一体的综合性农业旅游休闲场所，是亲子农业研学的圣地。,1/1-12/31；周一至周日；08:30-18:00开园,https://qimgs.qunarzz.com/piao_qsight_provider_piao_qsight_web/0106z120009lbm6y83FC4_C_900_504.jpg_710x360_9236853b.jpg〇https://qimgs.qunarzz.com/piao_qsight_provider_piao_qsight_web/0104p120009lbmgbt5FB5_C_900_504_Q90_Mtg_7.jpg_710x360_0a983818.jpg〇https://qimgs.qunarzz.com/piao_qsight_provider_piao_qsight_web/0106z120009lbm6y83FC4_C_900_504_Q90_Mtg_7.jpg_710x360_d1fb9a77.jpg,"{""ret"": true, ""data"": {""tagList"": [{""tagType"": 1, ""tagScore"": 5, ""tagNum"": 85, ""tagName"": ""\u597d\u8bc4""}, {""tagType"": 0, ""tagScore"": 5, ""tagNum"": 85, ""tagName"": ""\u5168\u90e8""}], ""commentList"": [{""author"": ""c*9"", ""content"": ""\u7528\u6237\u672a\u70b9\u8bc4\uff0c\u7cfb\u7edf\u9ed8\u8ba4\u597d\u8bc4\u3002"", ""date"": ""2024-12-02"", ""score"": 5, ""commentId"": ""239041896"", ""imgs"": [], ""userNickName"": ""c*9"", ""replyCityName"": """", ""cityName"": """"}, {""author"": ""c*9"", ""content"": ""\u7528\u6237\u672a\u70b9\u8bc4\uff0c\u7cfb\u7edf\u9ed8\u8ba4\u597d\u8bc4\u3002"", ""date"": ""2024-12-02"", ""score"": 5, ""commentId"": ""239041886"", ""imgs"": [], ""userNickName"": ""c*9"", ""replyCityName"": """", ""cityName"": """"}, {""author"": ""\u65b9*\u54c8"", ""content"": ""\u7528\u6237\u672a\u70b9\u8bc4\uff0c\u7cfb\u7edf\u9ed8\u8ba4\u597d\u8bc4\u3002"", ""date"": ""2024-12-02"", ""score"": 5, ""commentId"": ""239041883"", ""imgs"": [], ""userNickName"": ""\u65b9*\u54c8"", ""replyCityName"": """", ""cityName"": """"}, {""author"": ""k*2"", ""content"": ""\u7528\u6237\u672a\u70b9\u8bc4\uff0c\u7cfb\u7edf\u9ed8\u8ba4\u597d\u8bc4\u3002"", ""date"": ""2024-11-30"", ""score"": 5, ""commentId"": ""239005618"", ""imgs"": [], ""userNickName"": ""k*2"", ""replyCityName"": """", ""cityName"": """"}, {""author"": ""\u53bb*\u6237"", ""content"": ""\u7528\u6237\u672a\u70b9\u8bc4\uff0c\u7cfb\u7edf\u9ed8\u8ba4\u597d\u8bc4\u3002"", ""date"": ""2024-11-30"", ""score"": 5, ""commentId"": ""239005588"", ""imgs"": [], ""userNickName"": ""\u53bb*\u6237"", ""replyCityName"": """", ""cityName"": """"}, {""author"": ""\u53bb*\u6237"", ""content"": ""\u7528\u6237\u672a\u70b9\u8bc4\uff0c\u7cfb\u7edf\u9ed8\u8ba4\u597d\u8bc4\u3002"", ""date"": ""2024-11-30"", ""score"": 5, ""commentId"": ""239005583"", ""imgs"": [], ""userNickName"": ""\u53bb*\u6237"", ""replyCityName"": """", ""cityName"": """"}, {""author"": ""\u53bb*\u6237"", ""content"": ""\u7528\u6237\u672a\u70b9\u8bc4\uff0c\u7cfb\u7edf\u9ed8\u8ba4\u597d\u8bc4\u3002"", ""date"": ""2024-11-30"", ""score"": 5, ""commentId"": ""239005581"", ""imgs"": [], ""userNickName"": ""\u53bb*\u6237"", ""replyCityName"": """", ""cityName"": """"}, {""author"": ""\u53bb*\u6237"", ""content"": ""\u7528\u6237\u672a\u70b9\u8bc4\uff0c\u7cfb\u7edf\u9ed8\u8ba4\u597d\u8bc4\u3002"", ""date"": ""2024-11-30"", ""score"": 5, ""commentId"": ""239005580"", ""imgs"": [], ""userNickName"": ""\u53bb*\u6237"", ""replyCityName"": """", ""cityName"": """"}, {""author"": ""\u53bb*\u6237"", ""content"": ""\u7528\u6237\u672a\u70b9\u8bc4\uff0c\u7cfb\u7edf\u9ed8\u8ba4\u597d\u8bc4\u3002"", ""date"": ""2024-11-30"", ""score"": 5, ""commentId"": ""239005579"", ""imgs"": [], ""userNickName"": ""\u53bb*\u6237"", ""replyCityName"": """", ""cityName"": """"}, {""author"": ""\u53bb*\u6237"", ""content"": ""\u7528\u6237\u672a\u70b9\u8bc4\uff0c\u7cfb\u7edf\u9ed8\u8ba4\u597d\u8bc4\u3002"", ""date"": ""2024-11-30"", ""score"": 5, ""commentId"": ""239005577"", ""imgs"": [], ""userNickName"": ""\u53bb*\u6237"", ""replyCityName"": """", ""cityName"": """"}], ""score"": 5.0, ""commentCount"": 85}, ""statusCode"": 200}"
快活谷旅游度假区,https://qimgs.qunarzz.com/piao_qsight_provider_piao_qsight_web/0100d120008f5682vF941_C_900_504.jpg_280x200_2af26ea6.jpg,中山市,中山市,中山市坦洲镇前进村沾涌,80,5.0,"快活谷，座落于中山市坦洲镇前进村沾涌，背靠铁炉山水库边，毗临铁炉山体育公园500米，得天独厚的坐拥全域旅游片区。
园区得",https://piao.qunar.com/ticket/detail_2731597646.html?st=a3clM0QlRTQlQjglQUQlRTUlQjElQjElRTUlQjglODIlMjZpZCUzRDUxMDg1NiUyNnR5cGUlM0QwJTI2aWR4JTNEMTIlMjZxdCUzRCUyNmFwayUzRDIlMjZzYyUzRFdXVyUyNnVyJTNEJUU0JUI4JUFEJUU1JUIxJUIxJTI2bHIlM0QlRTQlQjglQUQlRTUlQjElQjElMjZmdCUzRCU3QiU3RA%3D%3D#from=mpl_search_suggest,41.0,N/A,快活谷，座落于中山市坦洲镇前进村沾涌，背靠铁炉山水库边，毗临铁炉山体育公园500米，得天独厚的坐拥全域旅游片区。园区得到政府部门支持、配合美丽乡村建设，以农林资源与田园风光相结合，在保留原自然生态的同时，全力打造一家集田园观光、无动力游乐园、水上乐园、活泉水冲浪泳池、萌宠动物互动乐园、团建拓展/研学（劳动教育）基地、全日制餐饮、主题民宿、轻奢私人定制9大板块于一体的田园综合体。,1/1-12/31；周一至周日；09:00-18:00开园；（17:30停止入园）,https://qimgs.qunarzz.com/piao_qsight_provider_piao_qsight_web/0100d120008f5682vF941_C_900_504.jpg_710x360_a41149cc.jpg〇https://qimgs.qunarzz.com/piao_qsight_provider_piao_qsight_web/0105a120008f5699n9055_C_900_504_Q90_Mtg_7.jpg_710x360_a1a7968a.jpg〇https://qimgs.qunarzz.com/piao_qsight_provider_piao_qsight_web/01025120008f56ehu8EB5_C_900_504_Q90_Mtg_7.jpg_710x360_e126eb5a.jpg〇https://qimgs.qunarzz.com/piao_qsight_provider_piao_qsight_web/0104w120008f56e501B3A_C_900_504_Q90_Mtg_7.jpg_710x360_9fbe59d0.jpg〇https://qimgs.qunarzz.com/piao_qsight_provider_piao_qsight_web/0102c120008f568hc1D5A_C_900_504_Q90_Mtg_7.jpg_710x360_e9f810fd.jpg〇https://qimgs.qunarzz.com/piao_qsight_provider_piao_qsight_web/0100v120008f56a8cF2BC_C_900_504_Q90_Mtg_7.jpg_710x360_635cccf7.jpg〇https://qimgs.qunarzz.com/piao_qsight_provider_piao_qsight_web/0102i120008f5675u72C4_C_900_504_Q90_Mtg_7.jpg_710x360_00fedbc1.jpg〇https://qimgs.qunarzz.com/piao_qsight_provider_piao_qsight_web/01050120008f568hf7BA0_C_900_504_Q90_Mtg_7.jpg_710x360_a6fb2669.jpg〇https://qimgs.qunarzz.com/piao_qsight_provider_piao_qsight_web/0102s120008f56f1e42CD_C_900_504_Q90_Mtg_7.jpg_710x360_c480237d.jpg〇https://qimgs.qunarzz.com/piao_qsight_provider_piao_qsight_web/0100d120008f5682vF941_C_900_504_Q90_Mtg_7.jpg_710x360_5fbdff02.jpg,"{""ret"": true, ""data"": {""tagList"": [{""tagType"": 3, ""tagScore"": 5, ""tagNum"": 1, ""tagName"": ""\u5dee\u8bc4""}, {""tagType"": 1, ""tagScore"": 5, ""tagNum"": 79, ""tagName"": ""\u597d\u8bc4""}, {""tagType"": 0, ""tagScore"": 5, ""tagNum"": 80, ""tagName"": ""\u5168\u90e8""}], ""commentList"": [{""author"": ""3*0"", ""content"": ""\u7528\u6237\u672a\u70b9\u8bc4\uff0c\u7cfb\u7edf\u9ed8\u8ba4\u597d\u8bc4\u3002"", ""date"": ""2024-11-06"", ""score"": 5, ""commentId"": ""238652586"", ""imgs"": [], ""userNickName"": ""3*0"", ""replyCityName"": """", ""cityName"": """"}, {""author"": ""r*1"", ""content"": ""\u7528\u6237\u672a\u70b9\u8bc4\uff0c\u7cfb\u7edf\u9ed8\u8ba4\u597d\u8bc4\u3002"", ""date"": ""2024-03-20"", ""score"": 5, ""commentId"": ""232535381"", ""imgs"": [], ""userNickName"": ""r*1"", ""replyCityName"": """", ""cityName"": """"}, {""author"": ""h*8"", ""content"": ""\u7528\u6237\u672a\u70b9\u8bc4\uff0c\u7cfb\u7edf\u9ed8\u8ba4\u597d\u8bc4\u3002"", ""date"": ""2024-03-19"", ""score"": 5, ""commentId"": ""232500935"", ""imgs"": [], ""userNickName"": ""h*8"", ""replyCityName"": """", ""cityName"": """"}, {""author"": ""l*6"", ""content"": ""\u7528\u6237\u672a\u70b9\u8bc4\uff0c\u7cfb\u7edf\u9ed8\u8ba4\u597d\u8bc4\u3002"", ""date"": ""2024-03-19"", ""score"": 5, ""commentId"": ""232489674"", ""imgs"": [], ""userNickName"": ""l*6"", ""replyCityName"": """", ""cityName"": """"}, {""author"": ""\u8087*\u53f6"", ""content"": ""\u7528\u6237\u672a\u70b9\u8bc4\uff0c\u7cfb\u7edf\u9ed8\u8ba4\u597d\u8bc4\u3002"", ""date"": ""2024-03-17"", ""score"": 5, ""commentId"": ""232392831"", ""imgs"": [], ""userNickName"": ""\u8087*\u53f6"", ""replyCityName"": """", ""cityName"": """"}, {""author"": ""\u53bb*\u6237"", ""content"": ""\u7528\u6237\u672a\u70b9\u8bc4\uff0c\u7cfb\u7edf\u9ed8\u8ba4\u597d\u8bc4\u3002"", ""date"": ""2024-03-14"", ""score"": 5, ""commentId"": ""232114612"", ""imgs"": [], ""userNickName"": ""\u53bb*\u6237"", ""replyCityName"": """", ""cityName"": """"}, {""author"": ""\u53bb*\u6237"", ""content"": ""\u7528\u6237\u672a\u70b9\u8bc4\uff0c\u7cfb\u7edf\u9ed8\u8ba4\u597d\u8bc4\u3002"", ""date"": ""2024-03-13"", ""score"": 5, ""commentId"": ""232004115"", ""imgs"": [], ""userNickName"": ""\u53bb*\u6237"", ""replyCityName"": """", ""cityName"": """"}, {""author"": ""\u6674*\u9f99"", ""content"": ""\u7528\u6237\u672a\u70b9\u8bc4\uff0c\u7cfb\u7edf\u9ed8\u8ba4\u597d\u8bc4\u3002"", ""date"": ""2024-02-26"", ""score"": 5, ""commentId"": ""231609870"", ""imgs"": [], ""userNickName"": ""\u6674*\u9f99"", ""replyCityName"": """", ""cityName"": """"}, {""author"": ""\u53bb*\u6237"", ""content"": ""\u7528\u6237\u672a\u70b9\u8bc4\uff0c\u7cfb\u7edf\u9ed8\u8ba4\u597d\u8bc4\u3002"", ""date"": ""2024-02-20"", ""score"": 5, ""commentId"": ""231506541"", ""imgs"": [], ""userNickName"": ""\u53bb*\u6237"", ""replyCityName"": """", ""cityName"": """"}, {""author"": ""\u53bb*\u6237"", ""content"": ""\u7528\u6237\u672a\u70b9\u8bc4\uff0c\u7cfb\u7edf\u9ed8\u8ba4\u597d\u8bc4\u3002"", ""date"": ""2024-02-20"", ""score"": 5, ""commentId"": ""231497812"", ""imgs"": [], ""userNickName"": ""\u53bb*\u6237"", ""replyCityName"": """", ""cityName"": """"}], ""score"": 5.0, ""commentCount"": 80}, ""statusCode"": 200}"
中山红博城,https://qimgs.qunarzz.com/piao_qsight_provider_piao_qsight_web/100w1f000001gwauz9D4D_C_900_504.jpg_280x200_bdd4a416.jpg,中山市,中山市,广东省中山市岐涌路61号,37,5.0,红木文化为主的古典建筑群,https://piao.qunar.com/ticket/detail_3203587516.html?st=a3clM0QlRTQlQjglQUQlRTUlQjElQjElRTUlQjglODIlMjZpZCUzRDUxMDE5NiUyNnR5cGUlM0QwJTI2aWR4JTNEMyUyNnF0JTNEJTI2YXBrJTNEMiUyNnNjJTNEV1dXJTI2dXIlM0QlRTQlQjglQUQlRTUlQjElQjElMjZsciUzRCVFNCVCOCVBRCVFNSVCMSVCMSUyNmZ0JTNEJTdCJTdE#from=mpl_search_suggest,54.0,4A景区,中山红博城是一个以红木文化为主的文化旅游城，是一个集岭南、江南、徽派、仿古建筑风格于一体的古典中式建筑群落，内部建设有会议展览中心、“千年走一回”博物馆群落、岭南文化街、岭南匠艺廊、红木家具展销中心、红博城酒店组团、红木产业总部大厦、隆都里新人文体验美食街区、非遗印象园等小景点。在多数人印象中，“博物馆”总是历史和传统的代名词。为了给参观者带来耳目一新的感受，增强体验性和互动性，红博城博物馆全面启用空间视错觉、光影特效、VR三维空间虚拟世界等声光电高端技术，集科普教育、文化体验、艺术欣赏为一体。数十件镇馆之宝，数千件珍稀名贵、存世经典的崖柏、黄花梨、乌木、孔雀石、景泰蓝工艺精品，精妙绝伦、鬼斧神工，每件都栩栩如生、巧夺天工。,1/1-12/31；周一至周日；08:45-18:00开园,https://qimgs.qunarzz.com/piao_qsight_provider_piao_qsight_web/100w1f000001gwauz9D4D_C_900_504.jpg_710x360_bf9a1806.jpg〇https://qimgs.qunarzz.com/piao_qsight_provider_piao_qsight_web/10080a0000004wysa2DDF_C_900_504_Q90_Mtg_7.jpg_710x360_b451fa41.jpg〇https://qimgs.qunarzz.com/piao_qsight_provider_piao_qsight_web/1lo5812000dt6moj3B2AE_C_900_504_Q90_Mtg_7.jpg_710x360_bcf7a7e3.jpg〇https://qimgs.qunarzz.com/piao_qsight_provider_piao_qsight_web/100d0a0000004wyqtA5DF_C_900_504_Q90_Mtg_7.jpg_710x360_9cda01f7.jpg〇https://qimgs.qunarzz.com/piao_qsight_provider_piao_qsight_web/1lo5h12000dt6mey3FCC2_C_900_504_Q90_Mtg_7.jpg_710x360_39a833c8.jpg〇https://qimgs.qunarzz.com/piao_qsight_provider_piao_qsight_web/1lo6r12000dt6mowz7077_C_900_504_Q90_Mtg_7.jpg_710x360_abe305c8.jpg〇https://qimgs.qunarzz.com/piao_qsight_provider_piao_qsight_web/1lo6l12000dt6m6i3C34A_C_900_504_Q90_Mtg_7.jpg_710x360_1e1f00ac.jpg〇https://qimgs.qunarzz.com/piao_qsight_provider_piao_qsight_web/1lo0s12000dt6mncp9E96_C_900_504_Q90_Mtg_7.jpg_710x360_2e8953c9.jpg〇https://qimgs.qunarzz.com/piao_qsight_provider_piao_qsight_web/1lo5l12000dt6lt9v87B3_C_900_504_Q90_Mtg_7.jpg_710x360_5595d2c1.jpg〇https://qimgs.qunarzz.com/piao_qsight_provider_piao_qsight_web/1lo6w12000dt6mmxf0B6A_C_900_504_Q90_Mtg_7.jpg_710x360_303b9476.jpg〇https://qimgs.qunarzz.com/piao_qsight_provider_piao_qsight_web/100w1f000001gwauz9D4D_C_900_504_Q90_Mtg_7.jpg_710x360_8d1e2001.jpg,"{""ret"": true, ""data"": {""tagList"": [{""tagType"": 1, ""tagScore"": 5, ""tagNum"": 37, ""tagName"": ""\u597d\u8bc4""}, {""tagType"": 0, ""tagScore"": 5, ""tagNum"": 37, ""tagName"": ""\u5168\u90e8""}], ""commentList"": [{""author"": ""\u53bb*\u6237"", ""content"": ""\u7528\u6237\u672a\u70b9\u8bc4\uff0c\u7cfb\u7edf\u9ed8\u8ba4\u597d\u8bc4\u3002"", ""date"": ""2024-11-07"", ""score"": 5, ""commentId"": ""238688618"", ""imgs"": [], ""userNickName"": ""\u53bb*\u6237"", ""replyCityName"": """", ""cityName"": """"}, {""author"": ""\u53bb*\u6237"", ""content"": ""\u7528\u6237\u672a\u70b9\u8bc4\uff0c\u7cfb\u7edf\u9ed8\u8ba4\u597d\u8bc4\u3002"", ""date"": ""2024-11-07"", ""score"": 5, ""commentId"": ""238677451"", ""imgs"": [], ""userNickName"": ""\u53bb*\u6237"", ""replyCityName"": """", ""cityName"": """"}, {""author"": ""n*6"", ""content"": ""\u7528\u6237\u672a\u70b9\u8bc4\uff0c\u7cfb\u7edf\u9ed8\u8ba4\u597d\u8bc4\u3002"", ""date"": ""2024-11-06"", ""score"": 5, ""commentId"": ""238651266"", ""imgs"": [], ""userNickName"": ""n*6"", ""replyCityName"": """", ""cityName"": """"}, {""author"": ""\u53bb*\u6237"", ""content"": ""\u7528\u6237\u672a\u70b9\u8bc4\uff0c\u7cfb\u7edf\u9ed8\u8ba4\u597d\u8bc4\u3002"", ""date"": ""2024-11-05"", ""score"": 5, ""commentId"": ""238555084"", ""imgs"": [], ""userNickName"": ""\u53bb*\u6237"", ""replyCityName"": """", ""cityName"": """"}, {""author"": ""\u6a31*\u82b1"", ""content"": ""\u7528\u6237\u672a\u70b9\u8bc4\uff0c\u7cfb\u7edf\u9ed8\u8ba4\u597d\u8bc4\u3002"", ""date"": ""2024-11-04"", ""score"": 5, ""commentId"": ""238437592"", ""imgs"": [], ""userNickName"": ""\u6a31*\u82b1"", ""replyCityName"": """", ""cityName"": """"}, {""author"": ""j*1"", ""content"": ""\u7528\u6237\u672a\u70b9\u8bc4\uff0c\u7cfb\u7edf\u9ed8\u8ba4\u597d\u8bc4\u3002"", ""date"": ""2024-11-03"", ""score"": 5, ""commentId"": ""238257434"", ""imgs"": [], ""userNickName"": ""j*1"", ""replyCityName"": """", ""cityName"": """"}, {""author"": ""\u53bb*\u6237"", ""content"": ""\u7528\u6237\u672a\u70b9\u8bc4\uff0c\u7cfb\u7edf\u9ed8\u8ba4\u597d\u8bc4\u3002"", ""date"": ""2024-10-18"", ""score"": 5, ""commentId"": ""237718856"", ""imgs"": [], ""userNickName"": ""\u53bb*\u6237"", ""replyCityName"": """", ""cityName"": """"}, {""author"": ""c*3"", ""content"": ""\u7528\u6237\u672a\u70b9\u8bc4\uff0c\u7cfb\u7edf\u9ed8\u8ba4\u597d\u8bc4\u3002"", ""date"": ""2024-10-17"", ""score"": 5, ""commentId"": ""237699650"", ""imgs"": [], ""userNickName"": ""c*3"", ""replyCityName"": """", ""cityName"": """"}, {""author"": ""x*6"", ""content"": ""\u7528\u6237\u672a\u70b9\u8bc4\uff0c\u7cfb\u7edf\u9ed8\u8ba4\u597d\u8bc4\u3002"", ""date"": ""2024-08-28"", ""score"": 5, ""commentId"": ""235937381"", ""imgs"": [], ""userNickName"": ""x*6"", ""replyCityName"": """", ""cityName"": """"}, {""author"": ""\u53bb*\u6237"", ""content"": ""\u7528\u6237\u672a\u70b9\u8bc4\uff0c\u7cfb\u7edf\u9ed8\u8ba4\u597d\u8bc4\u3002"", ""date"": ""2024-08-28"", ""score"": 5, ""commentId"": ""235937376"", ""imgs"": [], ""userNickName"": ""\u53bb*\u6237"", ""replyCityName"": """", ""cityName"": """"}], ""score"": 5.0, ""commentCount"": 37}, ""statusCode"": 200}"
中山詹园,https://qimgs.qunarzz.com/piao_qsight_provider_piao_qsight_web/0105812000f6sdfw7FF19_C_900_504.jpg_280x200_ec1e0a7c.jpg,中山市,中山市,广东省中山市南区街道北台村105国道旁,5455,4.8,古朴幽静的私家庭院,https://piao.qunar.com/ticket/detail_245146644.html?st=a3clM0QlRTQlQjglQUQlRTUlQjElQjElRTUlQjglODIlMjZpZCUzRDEwNjEyJTI2dHlwZSUzRDAlMjZpZHglM0QyJTI2cXQlM0QlMjZhcGslM0QyJTI2c2MlM0RXV1clMjZ1ciUzRCVFNCVCOCVBRCVFNSVCMSVCMSUyNmxyJTNEJUU0JUI4JUFEJUU1JUIxJUIxJTI2ZnQlM0QlN0IlN0Q%3D#from=mpl_search_suggest,50.0,4A景区,"中山詹园，又名中山大宅门，座落于中山市南区北台村，105国道旁，占地百亩，分为詹园祝寿、歧江廊桥、詹府种福三个区域,中山詹园建于1998年，由詹园主人黄远新亲自设计，并从苏州征调百名园林能工巧匠历时五年共同建成的。其建园初衷出于为母亲建造一处淡雅精致、颐养天年的静心居所，特以母亲的姓氏命名为詹园，后母亲感慰儿子的孝心，更为了让天下所有的人都来感受其儿子的孝行，建议主人把园区对外开放。詹园倚山而建，一水两岸，继承了中国古典私家园林的传统之余，更凸显着岭南水乡所独有的布局脉络，同时还吸收了西式园林的风格，水体和装修多呈几何形式。庭园布局潇洒，层次分明，建筑注重选址，造型洗练简洁，色调明朗，朴实素秀，构成一种通透典雅、轻盈畅朗的岭南格调。园内无论是明清古董、千年盆栽、钟乳奇石，还是宅门漏窗、匾额屏风、对联壁画，均由园主细心挑选布置，慷慨而陈，可谓精诚之至。詹园除了宏伟典雅的建筑、瑰丽多姿的花木、精湛雅致的茶艺，尚有多种令人目不暇接的艺术表演。",1/1-12/31；周一至周日；08:30-17:30开园；（17:30停止入园）,https://qimgs.qunarzz.com/piao_qsight_provider_piao_qsight_web/0105812000f6sdfw7FF19_C_900_504.jpg_710x360_2d75fd2f.jpg〇https://qimgs.qunarzz.com/piao_qsight_provider_piao_qsight_web/0105812000f6sdfw7FF19_C_900_504_Q90_Mtg_7.jpg_710x360_b29c1142.jpg〇https://imgs.qunarzz.com/sight/p0/1501/8b/8b71748d58a6f24e.water.jpg_710x360_639cab8f.jpg〇https://imgs.qunarzz.com/sight/p0/1501/d4/d4d9a10910bd5438.water.jpg_710x360_87eb082e.jpg〇https://imgs.qunarzz.com/sight/p0/201403/07/016091605bafad202973a96650db75c9.jpg_710x360_a2bb2556.jpg〇https://imgs.qunarzz.com/sight/p0/201403/07/a46e7efdd8c688cbd11022537ca836d1.jpg_710x360_38f7df22.jpg〇https://imgs.qunarzz.com/sight/p0/201403/07/7d34b5bcf1e7f07de4647a0a51e1effd.jpg_710x360_1df72a80.jpg〇https://imgs.qunarzz.com/sight/p0/1501/94/94a59fe79db5bf8a.water.jpg_710x360_61ff6d4b.jpg〇https://imgs.qunarzz.com/sight/p0/1505/77/774ba5dc9b4b6526.water.jpg_710x360_00f26baf.jpg〇https://imgs.qunarzz.com/sight/p0/1505/ed/ed04cfb28444def6.water.jpg_710x360_90a37503.jpg〇https://qimgs.qunarzz.com/piao_qsight_provider_piao_qsight_web/989532947b959b.jpg_710x360_bdc3bd7e.jpg〇https://qimgs.qunarzz.com/piao_qsight_provider_piao_qsight_web/edfe9d2cd17d1.jpg_710x360_c1b2c4f6.jpg〇https://qimgs.qunarzz.com/piao_qsight_provider_piao_qsight_web/69e90680c37727.jpg_710x360_f4db0764.jpg〇https://qimgs.qunarzz.com/piao_qsight_provider_piao_qsight_web/6ac414c7bd9860.jpg_710x360_90157255.jpg〇https://qimgs.qunarzz.com/piao_qsight_provider_piao_qsight_web/27c37e63077214.jpg_710x360_87685e49.jpg〇https://qimgs.qunarzz.com/piao_qsight_provider_piao_qsight_web/cbc2937160e0a5.jpg_710x360_9bc3ee29.jpg〇https://qimgs.qunarzz.com/piao_qsight_provider_piao_qsight_web/c2e97fea24378102.jpg_710x360_17495d20.jpg〇https://qimgs.qunarzz.com/piao_qsight_provider_piao_qsight_web/b8b5128d49493602.jpg_710x360_43ec1243.jpg〇https://qimgs.qunarzz.com/piao_qsight_provider_piao_qsight_web/99ac79507f1fcd02.jpg_710x360_48ffcbc2.jpg〇https://qimgs.qunarzz.com/piao_qsight_provider_piao_qsight_web/dcedb825edabb402.jpg_710x360_6fc14159.jpg〇https://qimgs.qunarzz.com/piao_qsight_provider_piao_qsight_web/5ff359c96c840502.jpg_710x360_037af9d9.jpg〇https://qimgs.qunarzz.com/piao_qsight_provider_piao_qsight_web/71fc32297f018d02.jpg_710x360_0ed6263d.jpg〇https://qimgs.qunarzz.com/piao_qsight_provider_piao_qsight_web/82e7ca05b8adda02.jpg_710x360_4dba09d6.jpg〇https://qimgs.qunarzz.com/piao_qsight_provider_piao_qsight_web/c217043d9f0eeb02.jpg_710x360_64b645b8.jpg〇https://qimgs.qunarzz.com/piao_qsight_provider_piao_qsight_web/2ec126d0271b3b02.jpg_710x360_e0db71f7.jpg〇https://qimgs.qunarzz.com/piao_qsight_provider_piao_qsight_web/e6e79d6ca374e202.jpg_710x360_5d3244ca.jpg〇https://qimgs.qunarzz.com/piao_qsight_provider_piao_qsight_web/ae3e52ef4097a502.jpg_710x360_aca35b27.jpg〇https://qimgs.qunarzz.com/piao_qsight_provider_piao_qsight_web/dda2ad247fa2af02.jpg_710x360_ffa6c94d.jpg〇https://qimgs.qunarzz.com/piao_qsight_provider_piao_qsight_web/aee8b1daf7f49302.jpg_710x360_762402a8.jpg〇https://qimgs.qunarzz.com/piao_qsight_provider_piao_qsight_web/d701bdaefcbf3002.jpg_710x360_879a59a0.jpg,"{""ret"": true, ""data"": {""tagList"": [{""tagType"": 3, ""tagScore"": 5, ""tagNum"": 19, ""tagName"": ""\u5dee\u8bc4""}, {""tagType"": 2, ""tagScore"": 5, ""tagNum"": 82, ""tagName"": ""\u4e2d\u8bc4""}, {""tagType"": 1, ""tagScore"": 5, ""tagNum"": 5186, ""tagName"": ""\u597d\u8bc4""}, {""tagType"": 0, ""tagScore"": 5, ""tagNum"": 5455, ""tagName"": ""\u5168\u90e8""}, {""tagType"": 99, ""tagScore"": 5, ""tagNum"": 255, ""tagName"": ""\u666f\u8272\u4e0d\u9519""}, {""tagType"": 99, ""tagScore"": 5, ""tagNum"": 223, ""tagName"": ""\u82cf\u5dde\u56ed\u6797""}, {""tagType"": 99, ""tagScore"": 5, ""tagNum"": 47, ""tagName"": ""\u6587\u5316\u5e95\u8574\u6df1\u539a""}], ""commentList"": [{""author"": ""\u59ae*\u5c06"", ""content"": ""\u7528\u6237\u672a\u70b9\u8bc4\uff0c\u7cfb\u7edf\u9ed8\u8ba4\u597d\u8bc4\u3002"", ""date"": ""2024-12-26"", ""score"": 5, ""commentId"": ""239380023"", ""imgs"": [], ""userNickName"": ""\u59ae*\u5c06"", ""replyCityName"": """", ""cityName"": """"}, {""author"": ""\u59ae*\u5c06"", ""content"": ""\u7528\u6237\u672a\u70b9\u8bc4\uff0c\u7cfb\u7edf\u9ed8\u8ba4\u597d\u8bc4\u3002"", ""date"": ""2024-12-26"", ""score"": 5, ""commentId"": ""239380013"", ""imgs"": [], ""userNickName"": ""\u59ae*\u5c06"", ""replyCityName"": """", ""cityName"": """"}, {""author"": ""\u53bb*\u6237"", ""content"": ""\u7528\u6237\u672a\u70b9\u8bc4\uff0c\u7cfb\u7edf\u9ed8\u8ba4\u597d\u8bc4\u3002"", ""date"": ""2024-12-25"", ""score"": 5, ""commentId"": ""239375943"", ""imgs"": [], ""userNickName"": ""\u53bb*\u6237"", ""replyCityName"": """", ""cityName"": """"}, {""author"": ""t*4"", ""content"": ""\u7528\u6237\u672a\u70b9\u8bc4\uff0c\u7cfb\u7edf\u9ed8\u8ba4\u597d\u8bc4\u3002"", ""date"": ""2024-12-25"", ""score"": 5, ""commentId"": ""239375149"", ""imgs"": [], ""userNickName"": ""t*4"", ""replyCityName"": """", ""cityName"": """"}, {""author"": ""\u53bb*\u6237"", ""content"": ""\u7528\u6237\u672a\u70b9\u8bc4\uff0c\u7cfb\u7edf\u9ed8\u8ba4\u597d\u8bc4\u3002"", ""date"": ""2024-12-25"", ""score"": 5, ""commentId"": ""239374361"", ""imgs"": [], ""userNickName"": ""\u53bb*\u6237"", ""replyCityName"": """", ""cityName"": """"}, {""author"": ""t*4"", ""content"": ""\u7528\u6237\u672a\u70b9\u8bc4\uff0c\u7cfb\u7edf\u9ed8\u8ba4\u597d\u8bc4\u3002"", ""date"": ""2024-12-25"", ""score"": 5, ""commentId"": ""239371198"", ""imgs"": [], ""userNickName"": ""t*4"", ""replyCityName"": """", ""cityName"": """"}, {""author"": ""m*2"", ""content"": ""\u7528\u6237\u672a\u70b9\u8bc4\uff0c\u7cfb\u7edf\u9ed8\u8ba4\u597d\u8bc4\u3002"", ""date"": ""2024-12-25"", ""score"": 5, ""commentId"": ""239363170"", ""imgs"": [], ""userNickName"": ""m*2"", ""replyCityName"": """", ""cityName"": """"}, {""author"": ""A*3"", ""content"": ""\u7528\u6237\u672a\u70b9\u8bc4\uff0c\u7cfb\u7edf\u9ed8\u8ba4\u597d\u8bc4\u3002"", ""date"": ""2024-12-24"", ""score"": 5, ""commentId"": ""239355401"", ""imgs"": [], ""userNickName"": ""A*3"", ""replyCityName"": """", ""cityName"": """"}, {""author"": ""\u53bb*\u6237"", ""content"": ""\u7528\u6237\u672a\u70b9\u8bc4\uff0c\u7cfb\u7edf\u9ed8\u8ba4\u597d\u8bc4\u3002"", ""date"": ""2024-12-24"", ""score"": 5, ""commentId"": ""239354930"", ""imgs"": [], ""userNickName"": ""\u53bb*\u6237"", ""replyCityName"": """", ""cityName"": """"}, {""author"": ""h*0"", ""content"": ""\u7528\u6237\u672a\u70b9\u8bc4\uff0c\u7cfb\u7edf\u9ed8\u8ba4\u597d\u8bc4\u3002"", ""date"": ""2024-12-24"", ""score"": 5, ""commentId"": ""239353796"", ""imgs"": [], ""userNickName"": ""h*0"", ""replyCityName"": """", ""cityName"": """"}], ""score"": 4.8, ""commentCount"": 5455}, ""statusCode"": 200}"
中山影视城,https://qimgs.qunarzz.com/piao_qsight_provider_piao_qsight_web/0104l120009ebfbx889DE_C_900_504.jpg_280x200_b9a38741.jpg,中山市,中山市,中山市南朗街道翠亨村中山影视城有限公司,2814,4.9,多国建筑群再现革命年代,https://piao.qunar.com/ticket/detail_2256687157.html?st=a3clM0QlRTQlQjglQUQlRTUlQjElQjElRTUlQjglODIlMjZpZCUzRDcwNDklMjZ0eXBlJTNEMCUyNmlkeCUzRDElMjZxdCUzRCUyNmFwayUzRDIlMjZzYyUzRFdXVyUyNnVyJTNEJUU0JUI4JUFEJUU1JUIxJUIxJTI2bHIlM0QlRTQlQjglQUQlRTUlQjElQjElMjZmdCUzRCU3QiU3RA%3D%3D#from=mpl_search_suggest,19.9,5A景区,中山城东濒珠江水，西傍五桂山，是新世纪集旅游观光、影视拍摄和爱国主义教育为一体的新主题文化旅游景点和中国南方知名的影视拍摄基地，先后获得“中国十大影视城””称号。中山城占地面积300亩，分为中国景区、日本景区、英国景区、美国景区和展览馆区五大部分。它沿着一代伟人孙中山先生的革命足迹，浓缩他在中国和世界各地从事革命活动的纪念地而建造起来的，集中反映了孙中山先生领导的中国民族、民主革命进程，同时又展现了以中山市为代表的地域文化，形成一个既有革命纪念意义又有历史文化品位的多*能综合文化旅游城。城内有南京中山陵、总统府、广州起义指挥部、黄埔军校、陆皓东烈士陵园、上海孙中山故居、日本孙中山故居、英国伦敦警察局、大教堂、美国唐人街同乡会馆、纽约孙中山住处、北京铁狮子胡同等18个再现孙中山先生革命历程的历史场景景点和中山近代名人馆、辛亥革命历史图片展览馆等共62个参观景点，漫步其中，能真切地了解孙中山先生波澜壮阔的革命一生和感受中山市丰富的历史文化内涵。中山城每天精心策划安排了十多场丰富多彩的节目表演，有集特技、烟火、效果等于一体的宏大的北伐军“岭南之战”的战争场面表演，有激烈的现代马战表演，在日本景区还有东瀛味浓郁的日本风情歌舞和剑道表演，以及展示多个民族风情的中国少数民族综艺表演等。在中山城内，荟萃20世纪初中西方建筑的四大景区，反映了多个国家的建筑风格和风土人情，提供了良好的拍摄场地，深受影视界青睐。短短一年多，已拍摄了中央电视台大型电视剧《孙中山》、《日出东方》、《走向共和》，上海电视制片厂的电影《风雨十二年》、香港凤凰卫视台的《回首辛亥革命》和香港亚视台的《赌道枭雄》等多部影视剧及众多的纪录片。,1/1-12/31；周一至周日；08:30-21:30开园；（21:00停止入园）,https://qimgs.qunarzz.com/piao_qsight_provider_piao_qsight_web/0104l120009ebfbx889DE_C_900_504.jpg_710x360_e9f0e5f2.jpg〇https://qimgs.qunarzz.com/piao_qsight_provider_piao_qsight_web/0105x120009ebfmb1BABF_C_900_504_Q90_Mtg_7.jpg_710x360_102e01f0.jpg〇https://qimgs.qunarzz.com/piao_qsight_provider_piao_qsight_web/350r14000000wydqs1337_C_900_504_Q90_Mtg_7.jpg_710x360_f283edff.jpg〇https://qimgs.qunarzz.com/piao_qsight_provider_piao_qsight_web/01072120009ebffg6BFCC_C_900_504_Q90_Mtg_7.jpg_710x360_22257d78.jpg〇https://qimgs.qunarzz.com/piao_qsight_provider_piao_qsight_web/0105o120009ebff1q84EE_C_900_504_Q90_Mtg_7.jpg_710x360_de9d8706.jpg〇https://qimgs.qunarzz.com/piao_qsight_provider_piao_qsight_web/01051120009ebfmb0EB37_C_900_504_Q90_Mtg_7.jpg_710x360_a1d67e3a.jpg〇https://qimgs.qunarzz.com/piao_qsight_provider_piao_qsight_web/350v14000000xb09qD249_C_900_504_Q90_Mtg_7.jpg_710x360_692389ed.jpg〇https://qimgs.qunarzz.com/piao_qsight_provider_piao_qsight_web/0105m120009ebfhv08056_C_900_504_Q90_Mtg_7.jpg_710x360_27e19280.jpg〇https://qimgs.qunarzz.com/piao_qsight_provider_piao_qsight_web/01011120009ebfmhrCCA4_C_900_504_Q90_Mtg_7.jpg_710x360_06ce40c9.jpg〇https://qimgs.qunarzz.com/piao_qsight_provider_piao_qsight_web/0101e120009ebfd3l9729_C_900_504_Q90_Mtg_7.jpg_710x360_ecdf87ee.jpg〇https://qimgs.qunarzz.com/piao_qsight_provider_piao_qsight_web/0104l120009ebfbx889DE_C_900_504_Q90_Mtg_7.jpg_710x360_aff921a0.jpg〇https://imgs.qunarzz.com/sight/p0/201403/07/496fa0c98395e9d9c52c384193cf9333.jpg_710x360_3f2818ac.jpg〇https://imgs.qunarzz.com/sight/p0/201403/07/b752918a9967e83f33213569abd1f2cf.jpg_710x360_be4d9972.jpg〇https://imgs.qunarzz.com/sight/p0/201403/07/93a15b889f05a36d35c61ca3a47a7f7d.jpg_710x360_277c5d91.jpg〇https://imgs.qunarzz.com/sight/p0/201403/07/71c839f6b59460b9c1d6f369e3f072a0.jpg_710x360_9730ea4a.jpg〇https://imgs.qunarzz.com/sight/p0/201403/07/9dea441003ca3d82faf79cf9f36cdabb.jpg_710x360_63a6c526.jpg〇https://qimgs.qunarzz.com/piao_qsight_provider_piao_qsight_web/74752f6f95fd01b5.jpg_710x360_7f629d67.jpg〇https://qimgs.qunarzz.com/piao_qsight_provider_piao_qsight_web/8d97c4cb813bc8b5.jpg_710x360_cd060690.jpg〇https://qimgs.qunarzz.com/piao_qsight_provider_piao_qsight_web/cc5056d8f4d6c.jpg_710x360_64dd4bcf.jpg〇https://qimgs.qunarzz.com/piao_qsight_provider_piao_qsight_web/5b48286f32cd7.jpg_710x360_61ba6042.jpg〇https://qimgs.qunarzz.com/piao_qsight_provider_piao_qsight_web/931730fd4d1b4a.jpg_710x360_7c842cc4.jpg〇https://qimgs.qunarzz.com/piao_qsight_provider_piao_qsight_web/b019bb7341879fb5.jpg_710x360_20312dac.jpg〇https://qimgs.qunarzz.com/piao_qsight_provider_piao_qsight_web/211d9de579b9b602.jpg_710x360_eba06652.jpg〇https://qimgs.qunarzz.com/piao_qsight_provider_piao_qsight_web/0734276b72f9e902.jpg_710x360_617814a3.jpg〇https://qimgs.qunarzz.com/piao_qsight_provider_piao_qsight_web/9c615b31bd546602.jpg_710x360_88d8a5d2.jpg〇https://qimgs.qunarzz.com/piao_qsight_provider_piao_qsight_web/0ae5ea195d8ab002.jpg_710x360_d113dd74.jpg〇https://qimgs.qunarzz.com/piao_qsight_provider_piao_qsight_web/7e1d536663531002.jpg_710x360_12859630.jpg〇https://qimgs.qunarzz.com/piao_qsight_provider_piao_qsight_web/052cb62fc155dc02.jpg_710x360_3d4a485b.jpg〇https://qimgs.qunarzz.com/piao_qsight_provider_piao_qsight_web/2b0a2922f7c04002.jpg_710x360_16169a2a.jpg〇https://qimgs.qunarzz.com/piao_qsight_provider_piao_qsight_web/0c051bd756b5f02.jpg_710x360_5f38afb7.jpg〇https://qimgs.qunarzz.com/piao_qsight_provider_piao_qsight_web/9afc258028f40702.jpg_710x360_92959f90.jpg〇https://qimgs.qunarzz.com/piao_qsight_provider_piao_qsight_web/1563304643264100n16000000zqp4sBFA9_D_640_10000.jpg_710x360_ddee5eaf.jpg〇https://qimgs.qunarzz.com/piao_qsight_provider_piao_qsight_web/1563304642583100m16000001010t5D5BC_D_640_10000.jpg_710x360_058cb80c.jpg〇https://qimgs.qunarzz.com/piao_qsight_provider_piao_qsight_web/1562873294108100c16000000zd2q134DD_D_640_10000.jpg_710x360_1adee7ac.jpg〇https://qimgs.qunarzz.com/piao_qsight_provider_piao_qsight_web/1562873293805100416000000z9ewe2A9E_D_640_10000.jpg_710x360_63e404fe.jpg〇https://qimgs.qunarzz.com/piao_qsight_provider_piao_qsight_web/1562873293503100p16000000z9jmsE684_D_640_10000.jpg_710x360_74b049e7.jpg,"{""ret"": true, ""data"": {""tagList"": [{""tagType"": 32, ""tagScore"": 5, ""tagNum"": 2, ""tagName"": ""\u670d\u52a1\u597d""}, {""tagType"": 16, ""tagScore"": 5, ""tagNum"": 5, ""tagName"": ""\u9760\u8c31""}, {""tagType"": 8, ""tagScore"": 5, ""tagNum"": 6, ""tagName"": ""\u4fbf\u5b9c""}, {""tagType"": 4, ""tagScore"": 5, ""tagNum"": 9, ""tagName"": ""\u53d6\u7968\u65b9\u4fbf""}, {""tagType"": 3, ""tagScore"": 5, ""tagNum"": 9, ""tagName"": ""\u5dee\u8bc4""}, {""tagType"": 2, ""tagScore"": 5, ""tagNum"": 48, ""tagName"": ""\u4e2d\u8bc4""}, {""tagType"": 1, ""tagScore"": 5, ""tagNum"": 2735, ""tagName"": ""\u597d\u8bc4""}, {""tagType"": 0, ""tagScore"": 5, ""tagNum"": 2814, ""tagName"": ""\u5168\u90e8""}], ""commentList"": [{""author"": ""t*8"", ""content"": ""\u6574\u4f53\u8fd8\u4e0d\u9519\uff0c\u7968\u4ef7\u5b9e\u60e0\uff0c\u4e0d\u8fc7\u56ed\u533a\u76f8\u5bf9\u6765\u8bf4\u8f83\u5c0f\uff0c\u901b\u901b\u8fd8\u662f\u53ef\u4ee5\uff0c\u4e5f\u4e0d\u8d35\u3002"", ""date"": ""2024-11-02"", ""score"": 5, ""commentId"": ""238131247"", ""imgs"": [{""small"": ""https://qimgs.qunarzz.com/mp_piao_0001/temp10311156972280694776file_1730560967000.jpg_120x120_cfc2dca8.jpg"", ""title"": """", ""big"": ""https://qimgs.qunarzz.com/mp_piao_0001/temp10311156972280694776file_1730560967000.jpg""}, {""small"": ""https://qimgs.qunarzz.com/mp_piao_0001/temp2111499526096424757file_1730560967000.jpg_120x120_48bf8c03.jpg"", ""title"": """", ""big"": ""https://qimgs.qunarzz.com/mp_piao_0001/temp2111499526096424757file_1730560967000.jpg""}, {""small"": ""https://qimgs.qunarzz.com/mp_piao_0001/temp9540755889054456889file_1730560967000.jpg_120x120_1a303ddf.jpg"", ""title"": """", ""big"": ""https://qimgs.qunarzz.com/mp_piao_0001/temp9540755889054456889file_1730560967000.jpg""}, {""small"": ""https://qimgs.qunarzz.com/mp_piao_0001/temp6198229951774219747file_1730560967000.jpg_120x120_6ff86e0c.jpg"", ""title"": """", ""big"": ""https://qimgs.qunarzz.com/mp_piao_0001/temp6198229951774219747file_1730560967000.jpg""}, {""small"": ""https://qimgs.qunarzz.com/mp_piao_0001/temp17397910795222095273file_1730560967000.jpg_120x120_d0ec6d9b.jpg"", ""title"": """", ""big"": ""https://qimgs.qunarzz.com/mp_piao_0001/temp17397910795222095273file_1730560967000.jpg""}, {""small"": ""https://qimgs.qunarzz.com/mp_piao_0001/temp11384129603341511365file_1730560967000.jpg_120x120_d703a9c0.jpg"", ""title"": """", ""big"": ""https://qimgs.qunarzz.com/mp_piao_0001/temp11384129603341511365file_1730560967000.jpg""}], ""userNickName"": ""t*8"", ""replyCityName"": """", ""cityName"": ""\u5e7f\u4e1c""}, {""author"": ""c*1"", ""content"": ""\u53f2\u4e0a\u6700\u5751\u6700\u5751\u6700\u5751\u7684\u666f\u70b9\uff01\u4e00\u8def\u4e0a\u770b\u5230\u5899\u58c1\u4e0a\u5e7f\u544a\u5199\u95e8\u7968\u662f\u00a515\uff0c\u770b\u5230\u5e73\u53f0\u4e0a\u5199\u665a\u4e0a\u6709\u8868\u6f14\u3002\u5728\u552e\u7968\u7a97\u53e3\u95ee\u8fc7\u767d\u5929\u7968\u4e0d\u80fd\u73a9\u5230\u665a\u4e0a\uff0c\u53c8\u770b\u89c1\u6709\u51e0\u4e2a\u4eba\u5750\u5728\u8fdb\u53e3\u5904\u7684\u82b1\u575b\u8fb9\uff0c\u4ee5\u4e3a\u4ed6\u4eec\u4e5f\u662f\u7b4916\u70b9\u624d\u8fdb\u56ed\u7684\u3002\u5c31\u51b3\u5b9a\u8fd8\u662f\u4e70\u665a\u4e0a\u7684\u8d35\u8d35\u8d35\u7968\u8fdb\u56ed\u3002\u7ed3\u679c\u8fdb\u56ed\u540e\u624d\u53d1\u73b0\u4e70\u65e5\u7968\u4e5f\u53ef\u4ee5\u572816\u70b9\u524d\u8fdb\u56ed\u73a9\u5230\u665a\u4e0a\uff0c\u800c\u4e14\u8d8a\u5f80\u56ed\u91cc\u9762\u8d70\u5c31\u8d8a\u50cf\u8352\u5e9f\u7684\u5efa\u7b51\uff0c\u5929\u53c8\u9ed1\u5f97\u5feb\uff0c\u771f\u7684\u6709\u70b9\u6050\u60e7\u611f\u3002\u56de\u5230\u4e2d\u5fc3\u5e7f\u573a\u60f3\u7b49\u665a\u4e0a\u770b\u8868\u6f14\uff0c\u597d\u5728\u95ee\u4e86\u5c0f\u5356\u90e8\u7684\u5458\u5de5\uff0c\u624d\u77e5\u9053\u5468\u516d\u65e5\u665a\u4e0a\u624d\u6709\u8868\u6f14\u3002"", ""date"": ""2024-11-30"", ""score"": 1, ""commentId"": ""239016417"", ""imgs"": [], ""userNickName"": ""c*1"", ""replyCityName"": """", ""cityName"": ""\u5e7f\u4e1c""}, {""author"": ""y*n"", ""content"": ""\u7528\u6237\u672a\u70b9\u8bc4\uff0c\u7cfb\u7edf\u9ed8\u8ba4\u597d\u8bc4\u3002"", ""date"": ""2024-12-25"", ""score"": 5, ""commentId"": ""239375760"", ""imgs"": [], ""userNickName"": ""y*n"", ""replyCityName"": """", ""cityName"": """"}, {""author"": ""\u53bb*\u6237"", ""content"": ""\u7528\u6237\u672a\u70b9\u8bc4\uff0c\u7cfb\u7edf\u9ed8\u8ba4\u597d\u8bc4\u3002"", ""date"": ""2024-12-25"", ""score"": 5, ""commentId"": ""239375261"", ""imgs"": [], ""userNickName"": ""\u53bb*\u6237"", ""replyCityName"": """", ""cityName"": """"}, {""author"": ""k*0"", ""content"": ""\u7528\u6237\u672a\u70b9\u8bc4\uff0c\u7cfb\u7edf\u9ed8\u8ba4\u597d\u8bc4\u3002"", ""date"": ""2024-12-25"", ""score"": 5, ""commentId"": ""239375183"", ""imgs"": [], ""userNickName"": ""k*0"", ""replyCityName"": """", ""cityName"": """"}, {""author"": ""\u53bb*\u6237"", ""content"": ""\u7528\u6237\u672a\u70b9\u8bc4\uff0c\u7cfb\u7edf\u9ed8\u8ba4\u597d\u8bc4\u3002"", ""date"": ""2024-12-24"", ""score"": 5, ""commentId"": ""239359146"", ""imgs"": [], ""userNickName"": ""\u53bb*\u6237"", ""replyCityName"": """", ""cityName"": """"}, {""author"": ""W*\u8303"", ""content"": ""\u7528\u6237\u672a\u70b9\u8bc4\uff0c\u7cfb\u7edf\u9ed8\u8ba4\u597d\u8bc4\u3002"", ""date"": ""2024-12-24"", ""score"": 5, ""commentId"": ""239359143"", ""imgs"": [], ""userNickName"": ""W*\u8303"", ""replyCityName"": """", ""cityName"": """"}, {""author"": ""1*4"", ""content"": ""\u7528\u6237\u672a\u70b9\u8bc4\uff0c\u7cfb\u7edf\u9ed8\u8ba4\u597d\u8bc4\u3002"", ""date"": ""2024-12-24"", ""score"": 5, ""commentId"": ""239357546"", ""imgs"": [], ""userNickName"": ""1*4"", ""replyCityName"": """", ""cityName"": """"}, {""author"": ""m*o"", ""content"": ""\u7528\u6237\u672a\u70b9\u8bc4\uff0c\u7cfb\u7edf\u9ed8\u8ba4\u597d\u8bc4\u3002"", ""date"": ""2024-12-24"", ""score"": 5, ""commentId"": ""239357227"", ""imgs"": [], ""userNickName"": ""m*o"", ""replyCityName"": """", ""cityName"": """"}, {""author"": ""\u53bb*\u6237"", ""content"": ""\u7528\u6237\u672a\u70b9\u8bc4\uff0c\u7cfb\u7edf\u9ed8\u8ba4\u597d\u8bc4\u3002"", ""date"": ""2024-12-24"", ""score"": 5, ""commentId"": ""239357189"", ""imgs"": [], ""userNickName"": ""\u53bb*\u6237"", ""replyCityName"": """", ""cityName"": """"}], ""score"": 4.9, ""commentCount"": 2814}, ""statusCode"": 200}"
小琅环洞,https://imgs.qunarzz.com/sight/p33/201211/07/8f47b1009c866e8493835fbb.jpg_280x200_c68ae3e9.jpg,中山市,中山市,广东省中山市三乡镇桥头村石屋仔山,1,4.0,松阴迟归鹤，钟声杂午鸡,https://piao.qunar.com/ticket/detail_2247652448.html?st=a3clM0QlRTQlQjglQUQlRTUlQjElQjElRTUlQjglODIlMjZpZCUzRDIyNjUlMjZ0eXBlJTNEMCUyNmlkeCUzRDU5JTI2cXQlM0QlMjZhcGslM0QyJTI2c2MlM0RXV1clMjZ1ciUzRCVFNCVCOCVBRCVFNSVCMSVCMSUyNmxyJTNEJUU0JUI4JUFEJUU1JUIxJUIxJTI2ZnQlM0QlN0IlN0Q%3D#from=mpl_search_suggest,-1.0,N/A,"小琅环洞位于三乡镇桥头村石屋仔山，洞口额上""小琅环""和左壁上的两首诗，刻于清代嘉庆乙亥年(1815年)。 洞额上横刻""小琅环""，用楷书阴刻而成，每字20厘米见方。上款：""嘉庆乙亥""，下款：""荫棠书""。 洞左壁竖刻两首诗，一首为：""好是蓬莱石，飞来枕一溪。地无烽火劫，洞有岭云栖。载酒看花笑，煎茶听鸟啼。天然山水意，壁上喜留题""。另一首为：""坐领此中趣，清幽俨鹿蹊。心随流水活，目极远峰低。松阴迟归鹤，钟声杂午鸡。徘徊忘日暮，牧笛下山西。""下款：""荫棠氏题""。两诗均用楷书阴刻而成，每字4厘米见方。 洞内有一泉眼，泉水清澈，长流不息。洞里面积15平方米，洞壁上还刻有""琴音""、""松风""、""石仙洞""等新旧石刻。",01/01-12/31；全天开放,https://imgs.qunarzz.com/sight/p33/201211/07/8f47b1009c866e8493835fbb.jpg_710x360_e0201f05.jpg〇https://qimgs.qunarzz.com/piao_qsight_provider_piao_qsight_web/b05cfe8dde1c9102.jpg_710x360_25bba593.jpg〇https://qimgs.qunarzz.com/piao_qsight_provider_piao_qsight_web/50171992250fdd02.jpg_710x360_fd2ea697.jpg〇https://qimgs.qunarzz.com/piao_qsight_provider_piao_qsight_web/1047621b287cfe02.jpg_710x360_740f8278.jpg〇https://qimgs.qunarzz.com/piao_qsight_provider_piao_qsight_web/6b00bdcac67d9402.jpg_710x360_ec594106.jpg〇https://qimgs.qunarzz.com/piao_qsight_provider_piao_qsight_web/cee5c654106ecc02.jpg_710x360_89cce328.jpg〇https://qimgs.qunarzz.com/piao_qsight_provider_piao_qsight_web/c23db0dcb11a7402.jpg_710x360_b542ab49.jpg〇https://qimgs.qunarzz.com/piao_qsight_provider_piao_qsight_web/8bb9d310ec08202.jpg_710x360_4f9d2b3d.jpg〇https://qimgs.qunarzz.com/piao_qsight_provider_piao_qsight_web/40ffeb42021ac202.jpg_710x360_6738031a.jpg,"{""ret"": true, ""data"": {""tagList"": [{""tagType"": 1, ""tagScore"": 5, ""tagNum"": 1, ""tagName"": ""\u597d\u8bc4""}, {""tagType"": 0, ""tagScore"": 5, ""tagNum"": 1, ""tagName"": ""\u5168\u90e8""}], ""commentList"": [{""author"": ""1*3"", ""content"": ""\u8fd8\u4e0d\u662f\u5b63\u8282\u5427\uff01\u6c34\u5f88\u5c11\uff0c\u6211\u633a\u559c\u6b22\u5927\u81ea\u7136\u7684\uff0c\u8fdc\u79bb\u57ce\u5e02\u7684\u55a7\u56a3\u3002"", ""date"": ""2018-03-28"", ""score"": 4, ""commentId"": ""205724728"", ""imgs"": [{""small"": ""https://imgs.qunarzz.com/piao/fusion/1803/e3/40ffeb42021ac202.jpg_120x120_5ac8f5d4.jpg"", ""title"": """", ""big"": ""https://imgs.qunarzz.com/piao/fusion/1803/e3/40ffeb42021ac202.jpg""}, {""small"": ""https://imgs.qunarzz.com/piao/fusion/1803/8a/8bb9d310ec08202.jpg_120x120_d0ee598e.jpg"", ""title"": """", ""big"": ""https://imgs.qunarzz.com/piao/fusion/1803/8a/8bb9d310ec08202.jpg""}, {""small"": ""https://imgs.qunarzz.com/piao/fusion/1803/8d/c23db0dcb11a7402.jpg_120x120_88cf3b2e.jpg"", ""title"": """", ""big"": ""https://imgs.qunarzz.com/piao/fusion/1803/8d/c23db0dcb11a7402.jpg""}, {""small"": ""https://imgs.qunarzz.com/piao/fusion/1803/4b/cee5c654106ecc02.jpg_120x120_4a3d3de9.jpg"", ""title"": """", ""big"": ""https://imgs.qunarzz.com/piao/fusion/1803/4b/cee5c654106ecc02.jpg""}, {""small"": ""https://imgs.qunarzz.com/piao/fusion/1803/ca/6b00bdcac67d9402.jpg_120x120_e01cec7f.jpg"", ""title"": """", ""big"": ""https://imgs.qunarzz.com/piao/fusion/1803/ca/6b00bdcac67d9402.jpg""}, {""small"": ""https://imgs.qunarzz.com/piao/fusion/1803/51/1047621b287cfe02.jpg_120x120_b27a2664.jpg"", ""title"": """", ""big"": ""https://imgs.qunarzz.com/piao/fusion/1803/51/1047621b287cfe02.jpg""}, {""small"": ""https://imgs.qunarzz.com/piao/fusion/1803/70/50171992250fdd02.jpg_120x120_60a352f8.jpg"", ""title"": """", ""big"": ""https://imgs.qunarzz.com/piao/fusion/1803/70/50171992250fdd02.jpg""}, {""small"": ""https://imgs.qunarzz.com/piao/fusion/1803/f5/b05cfe8dde1c9102.jpg_120x120_a343768b.jpg"", ""title"": """", ""big"": ""https://imgs.qunarzz.com/piao/fusion/1803/f5/b05cfe8dde1c9102.jpg""}], ""userNickName"": ""1*3"", ""replyCityName"": """", ""cityName"": """"}], ""score"": 4.0, ""commentCount"": 1}, ""statusCode"": 200}"
山泉活水泳池,https://imgs.qunarzz.com/sight/p0/201307/12/ea7b374a3c987657c8d65eac.jpg_280x200_3aa11933.jpg,中山市,中山市,广东省中山市大涌镇叠石村,1,4.0,让每一寸肌肤更贴近大自然,https://piao.qunar.com/ticket/detail_3370520965.html?st=a3clM0QlRTQlQjglQUQlRTUlQjElQjElRTUlQjglODIlMjZpZCUzRDE5MjAwOSUyNnR5cGUlM0QwJTI2aWR4JTNENTglMjZxdCUzRCUyNmFwayUzRDIlMjZzYyUzRFdXVyUyNnVyJTNEJUU0JUI4JUFEJUU1JUIxJUIxJTI2bHIlM0QlRTQlQjglQUQlRTUlQjElQjElMjZmdCUzRCU3QiU3RA%3D%3D#from=mpl_search_suggest,-1.0,N/A,山泉活水泳池是以卓旗山长流不息的天然山泉水为水源，经多次沉降，再经专业水处理设备消毒灭菌，达到游泳池水质标准，方可提供给客人浸泡。泉水清冽、水温约为20℃，那种冰凉，让你忘却疲惫，让每一寸肌肤更贴近大自然，零距离的享受鸟语花香的惬意与快乐，泳池四周树林葱郁。泳池面积近2000平方米，造型别致，内设商店、医务室、儿童水上游乐场等，并附设免费蒸气浴室。,暂无,https://imgs.qunarzz.com/sight/p0/201307/12/ea7b374a3c987657c8d65eac.jpg_710x360_9c5afc32.jpg〇https://imgs.qunarzz.com/sight/p0/201307/12/66fce9a0add90b20c8d65eac.jpg_710x360_a5ab0106.jpg,"{""ret"": true, ""data"": {""tagList"": [{""tagType"": 1, ""tagScore"": 5, ""tagNum"": 1, ""tagName"": ""\u597d\u8bc4""}, {""tagType"": 0, ""tagScore"": 5, ""tagNum"": 1, ""tagName"": ""\u5168\u90e8""}], ""commentList"": [{""author"": ""c*7"", ""content"": ""\u4e0d\u9519\u54e6\uff0c\u633a\u591a\u4eba\u7684\uff0c\u6c34\u5f88\u5e72\u51c0"", ""date"": ""2015-11-03"", ""score"": 4, ""commentId"": ""89139361"", ""imgs"": [], ""userNickName"": ""c*7"", ""replyCityName"": """", ""cityName"": """"}], ""score"": 4.0, ""commentCount"": 1}, ""statusCode"": 200}"
紫马岭公园,https://qimgs.qunarzz.com/piao_qsight_provider_piao_qsight_web/0104o120008a218l7DA69_C_900_504_Q90_Mtg_7.jpg_280x200_6e03ecd2.jpg,中山市,中山市,广东省中山市东区街道新鳌岭社区博爱六路,385,4.6,休闲健身眺望城市全景,https://piao.qunar.com/ticket/detail_630100124.html?st=a3clM0QlRTQlQjglQUQlRTUlQjElQjElRTUlQjglODIlMjZpZCUzRDQyODQlMjZ0eXBlJTNEMCUyNmlkeCUzRDglMjZxdCUzRCUyNmFwayUzRDIlMjZzYyUzRFdXVyUyNnVyJTNEJUU0JUI4JUFEJUU1JUIxJUIxJTI2bHIlM0QlRTQlQjglQUQlRTUlQjElQjElMjZmdCUzRCU3QiU3RA%3D%3D#from=mpl_search_suggest,8.0,N/A,紫马岭公园位于中山市中山四路南侧，占地88.5公顷，1992年7月破土兴建，1993年10月1日落成开放。紫马岭是“香山八景”之一的“天池芰荷”故址，空气清新，景色怡人，明清两代，是富家子弟跑马游乐的场地。公园四个入口，北门连接市区的主干道，是主入口，园内共有20多个景点和一个大型鸟区（“嘤鸣谷”就在其内），罗列有序。进入北门，象征中山市建设腾飞的“紫马奔腾”园雕迎面耸立，70米长的喷水池碧波荡漾，与彩灯辉映；象征中山市改革开放的巨型不锈钢荷花球高竖池中，银光闪耀。信步园内，摩崖园传神诗书，满目琳琅；百花园百花齐放，四季飘香；名园树木名人手栽立下光辉榜样；品荔园满园“妃子笑”，岭南佳果名扬；野趣园山林景色；锦鲤池溢彩流光；春园桃花怒放；水园游艇繁忙；荷花天池滴水观音，普施甘露；秋冬随时移世易，红绿有常；玫瑰园幽香远送；清芬园异卉迎人；“嘤鸣谷”鸟语花香；烧烤场频传笑语；一片祥和喜气扬，登“揽胜阁”，俯瞰满园景色，尽揽全市风光。,1/1-12/31；周一至周日；07:00-20:00开园,https://qimgs.qunarzz.com/piao_qsight_provider_piao_qsight_web/0104o120008a218l7DA69_C_900_504_Q90_Mtg_7.jpg_710x360_5c0a3d0c.jpg〇https://qimgs.qunarzz.com/piao_qsight_provider_piao_qsight_web/0b7a890317ca45f7.jpg_710x360_51ef192e.jpg〇https://qimgs.qunarzz.com/piao_qsight_provider_piao_qsight_web/18cd5782d3f136f7.jpg_710x360_51ffc6ca.jpg〇https://qimgs.qunarzz.com/piao_qsight_provider_piao_qsight_web/1557515999671100i14000000vy94s49D5_D_640_10000.jpg_710x360_8ee5bd94.jpg〇https://qimgs.qunarzz.com/piao_qsight_provider_piao_qsight_web/1557515999498100l14000000vzlm2AC60_D_640_10000.jpg_710x360_30324088.jpg〇https://qimgs.qunarzz.com/piao_qsight_provider_piao_qsight_web/1557515999340100s14000000w6b9a2615_D_640_10000.jpg_710x360_ea7c71eb.jpg〇https://qimgs.qunarzz.com/piao_qsight_provider_piao_qsight_web/1550178028182100m11000000r5breC173_D_640_10000.jpg_710x360_c26b2b2e.jpg〇https://qimgs.qunarzz.com/piao_qsight_provider_piao_qsight_web/1550178027845100t11000000qvzne9592_D_640_10000.jpg_710x360_265d850e.jpg〇https://qimgs.qunarzz.com/piao_qsight_provider_piao_qsight_web/1550178027602100f11000000qvymn672E_D_640_10000.jpg_710x360_0445667d.jpg〇https://qimgs.qunarzz.com/piao_qsight_provider_piao_qsight_web/1550178026568100u11000000qvwwl8FA1_D_640_10000.jpg_710x360_7417ff9f.jpg〇https://qimgs.qunarzz.com/piao_qsight_provider_piao_qsight_web/1550178026218100811000000qw4wvB898_D_640_10000.jpg_710x360_8eee7a60.jpg〇https://qimgs.qunarzz.com/piao_qsight_provider_piao_qsight_web/1550178025924100t11000000qvznb84B7_D_640_10000.jpg_710x360_8ce4c2af.jpg〇https://qimgs.qunarzz.com/piao_qsight_provider_piao_qsight_web/0dee1b10d3703102.jpg_710x360_ecf3f35c.jpg〇https://qimgs.qunarzz.com/piao_qsight_provider_piao_qsight_web/82df59feb33b0202.jpg_710x360_2095c2bc.jpg〇https://qimgs.qunarzz.com/piao_qsight_provider_piao_qsight_web/fa5f0153da74c002.jpg_710x360_fd5ea9b8.jpg〇https://qimgs.qunarzz.com/piao_qsight_provider_piao_qsight_web/c22c2cef9ee9802.jpg_710x360_8c4ca700.jpg〇https://qimgs.qunarzz.com/piao_qsight_provider_piao_qsight_web/d710b6f8bf991202.jpg_710x360_eab2b619.jpg〇https://qimgs.qunarzz.com/piao_qsight_provider_piao_qsight_web/f772313a1027b802.jpg_710x360_f5a212a7.jpg〇https://qimgs.qunarzz.com/piao_qsight_provider_piao_qsight_web/691a802d0596f302.jpg_710x360_739d1776.jpg〇https://qimgs.qunarzz.com/piao_qsight_provider_piao_qsight_web/952ce04c781c3f02.jpg_710x360_5b3e74a0.jpg〇https://qimgs.qunarzz.com/piao_qsight_provider_piao_qsight_web/51bff0b3ce300302.jpg_710x360_4776e5e5.jpg,"{""ret"": true, ""data"": {""tagList"": [{""tagType"": 32, ""tagScore"": 5, ""tagNum"": 1, ""tagName"": ""\u670d\u52a1\u597d""}, {""tagType"": 16, ""tagScore"": 5, ""tagNum"": 1, ""tagName"": ""\u9760\u8c31""}, {""tagType"": 8, ""tagScore"": 5, ""tagNum"": 1, ""tagName"": ""\u4fbf\u5b9c""}, {""tagType"": 4, ""tagScore"": 5, ""tagNum"": 2, ""tagName"": ""\u53d6\u7968\u65b9\u4fbf""}, {""tagType"": 3, ""tagScore"": 5, ""tagNum"": 1, ""tagName"": ""\u5dee\u8bc4""}, {""tagType"": 2, ""tagScore"": 5, ""tagNum"": 15, ""tagName"": ""\u4e2d\u8bc4""}, {""tagType"": 1, ""tagScore"": 5, ""tagNum"": 357, ""tagName"": ""\u597d\u8bc4""}, {""tagType"": 0, ""tagScore"": 5, ""tagNum"": 385, ""tagName"": ""\u5168\u90e8""}], ""commentList"": [{""author"": ""\u53bb*\u6237"", ""content"": ""\u7528\u6237\u672a\u70b9\u8bc4\uff0c\u7cfb\u7edf\u9ed8\u8ba4\u597d\u8bc4\u3002"", ""date"": ""2024-05-16"", ""score"": 5, ""commentId"": ""233553705"", ""imgs"": [], ""userNickName"": ""\u53bb*\u6237"", ""replyCityName"": """", ""cityName"": """"}, {""author"": ""\u53bb*\u6237"", ""content"": ""\u7528\u6237\u672a\u70b9\u8bc4\uff0c\u7cfb\u7edf\u9ed8\u8ba4\u597d\u8bc4\u3002"", ""date"": ""2023-05-19"", ""score"": 5, ""commentId"": ""225551374"", ""imgs"": [], ""userNickName"": ""\u53bb*\u6237"", ""replyCityName"": """", ""cityName"": """"}, {""author"": ""k*0"", ""content"": ""\u7528\u6237\u672a\u70b9\u8bc4\uff0c\u7cfb\u7edf\u9ed8\u8ba4\u597d\u8bc4\u3002"", ""date"": ""2023-03-11"", ""score"": 5, ""commentId"": ""224717300"", ""imgs"": [], ""userNickName"": ""k*0"", ""replyCityName"": """", ""cityName"": """"}, {""author"": ""a*1"", ""content"": ""\u7528\u6237\u672a\u70b9\u8bc4\uff0c\u7cfb\u7edf\u9ed8\u8ba4\u597d\u8bc4\u3002"", ""date"": ""2022-04-18"", ""score"": 5, ""commentId"": ""222284003"", ""imgs"": [], ""userNickName"": ""a*1"", ""replyCityName"": """", ""cityName"": """"}, {""author"": ""j*1"", ""content"": ""\u7528\u6237\u672a\u70b9\u8bc4\uff0c\u7cfb\u7edf\u9ed8\u8ba4\u597d\u8bc4\u3002"", ""date"": ""2022-04-05"", ""score"": 5, ""commentId"": ""222247900"", ""imgs"": [], ""userNickName"": ""j*1"", ""replyCityName"": """", ""cityName"": """"}, {""author"": ""a*7"", ""content"": ""\u7528\u6237\u672a\u70b9\u8bc4\uff0c\u7cfb\u7edf\u9ed8\u8ba4\u597d\u8bc4\u3002"", ""date"": ""2022-03-30"", ""score"": 5, ""commentId"": ""222226768"", ""imgs"": [], ""userNickName"": ""a*7"", ""replyCityName"": """", ""cityName"": """"}, {""author"": ""c*1"", ""content"": ""\u7528\u6237\u672a\u70b9\u8bc4\uff0c\u7cfb\u7edf\u9ed8\u8ba4\u597d\u8bc4\u3002"", ""date"": ""2022-03-29"", ""score"": 5, ""commentId"": ""222218880"", ""imgs"": [], ""userNickName"": ""c*1"", ""replyCityName"": """", ""cityName"": """"}, {""author"": ""a*7"", ""content"": ""\u7528\u6237\u672a\u70b9\u8bc4\uff0c\u7cfb\u7edf\u9ed8\u8ba4\u597d\u8bc4\u3002"", ""date"": ""2022-02-13"", ""score"": 5, ""commentId"": ""221855838"", ""imgs"": [], ""userNickName"": ""a*7"", ""replyCityName"": """", ""cityName"": """"}, {""author"": ""w*8"", ""content"": ""\u7528\u6237\u672a\u70b9\u8bc4\uff0c\u7cfb\u7edf\u9ed8\u8ba4\u597d\u8bc4\u3002"", ""date"": ""2021-11-17"", ""score"": 5, ""commentId"": ""221462755"", ""imgs"": [], ""userNickName"": ""w*8"", ""replyCityName"": """", ""cityName"": """"}, {""author"": ""e*0"", ""content"": ""\u7528\u6237\u672a\u70b9\u8bc4\uff0c\u7cfb\u7edf\u9ed8\u8ba4\u597d\u8bc4\u3002"", ""date"": ""2021-11-04"", ""score"": 5, ""commentId"": ""221277314"", ""imgs"": [], ""userNickName"": ""e*0"", ""replyCityName"": """", ""cityName"": """"}], ""score"": 4.6, ""commentCount"": 385}, ""statusCode"": 200}"
中山步行街,https://imgs.qunarzz.com/sight/p0/201403/11/3bb4a9f722bf42c09ccc30f2ff227464.jpg_280x200_747f7e24.jpg,中山市,中山市,广东省中山市中山市区孙文西路207号附近,-1,-1.0,旅游景象风格独特，一片迷人的文化气息,https://piao.qunar.com/ticket/detail_37546854.html?st=a3clM0QlRTQlQjglQUQlRTUlQjElQjElRTUlQjglODIlMjZpZCUzRDE4OTU0MSUyNnR5cGUlM0QwJTI2aWR4JTNENTclMjZxdCUzRCUyNmFwayUzRDIlMjZzYyUzRFdXVyUyNnVyJTNEJUU0JUI4JUFEJUU1JUIxJUIxJTI2bHIlM0QlRTQlQjglQUQlRTUlQjElQjElMjZmdCUzRCU3QiU3RA%3D%3D#from=mpl_search_suggest,-1.0,N/A,中山的步行街实为孙文西路，总长不过529米，却有上百年的历史。想着当年出海归来的人们欢喜着在这里交易、从这里归家，看着现在的人们在此休闲购物，人文的气息让这条铺满了石板的街道如此沉甸甸。从石岐河畔漫步到步行街，不过十米之遥，而景观大为不同，若是在晚上，那就更精彩了。岐江桥及其两岸的风景仿佛用霓虹灯堆砌起来的，再加上一旁的中恳广场，说是金碧辉煌根本不为过。转身进入步行街，则转入另一番风味。　步行街是以“西洋”风格的建筑组成。大多为有骑楼的两三层房屋。入口处还有一黄铜铸成的黄包车夫雕像，栩栩如生，引得不少游人停步留影。事实上，在步行街上还有真的黄包车夫，只要花上5元，就可以在悠长的步行街上体会一把，在步行街上，便是这休闲服的天下。事实上，不少人也是慕此名而来的。,暂无,https://imgs.qunarzz.com/sight/p0/201403/11/3bb4a9f722bf42c09ccc30f2ff227464.jpg_710x360_7162f306.jpg,"{""ret"": true, ""data"": {""tagList"": [{""tagType"": 0, ""tagScore"": 5, ""tagNum"": 0, ""tagName"": ""\u5168\u90e8""}], ""score"": 0.0, ""commentCount"": 0}, ""statusCode"": 200}"
酷酷乐奇果丛林,https://imgs.qunarzz.com/sight/p0/1701/95/9535286563213127a3.water.jpg_280x200_a8607446.jpg,中山市,中山市,中山市民众镇新平三村6队路旁（番中公路三宝沥大桥往广州方向300米）,10,4.3,满足青少年农游体验、科普、拓展训练的园林,https://piao.qunar.com/ticket/detail_897545085.html?st=a3clM0QlRTQlQjglQUQlRTUlQjElQjElRTUlQjglODIlMjZpZCUzRDQ2MTg3NCUyNnR5cGUlM0QwJTI2aWR4JTNENTYlMjZxdCUzRCUyNmFwayUzRDIlMjZzYyUzRFdXVyUyNnVyJTNEJUU0JUI4JUFEJUU1JUIxJUIxJTI2bHIlM0QlRTQlQjglQUQlRTUlQjElQjElMjZmdCUzRCU3QiU3RA%3D%3D#from=mpl_search_suggest,-1.0,N/A,"特色1：能满足现今青少年的农游体验、农业科普教育、素质拓展训练特色2：园区内视野开阔、布局合理酷酷乐奇果丛林休闲农业园位于中山市民众镇新平三村路旁（番中公路三宝沥大桥往广州方向200米）,项目占地面积320亩。园区内视野开阔、布局合理，规划建设了游客集散中心、土特产销售区、世界珍稀水果种植区、田园风情体验区，并设置了亚马逊河流探险、水上乐园、亲子农场、科普教育、农耕体验、特色渔家乐、奇果采摘、珍稀水果DIY、萌宠乐园、特色餐饮、健康膳食、体育拓展等诸多休闲娱乐活动。能满足现今青少年的农游体验、农业科普教育、素质拓展训练，市民的家庭亲子、乡郊休闲、健康养生等各类需求。",9:00-17:30,https://imgs.qunarzz.com/sight/p0/1701/95/9535286563213127a3.water.jpg_710x360_58ec098f.jpg〇https://imgs.qunarzz.com/sight/p0/1701/7d/7db5cfe521211d5fa3.water.jpg_710x360_3fb2592b.jpg,"{""ret"": true, ""data"": {""tagList"": [{""tagType"": 3, ""tagScore"": 5, ""tagNum"": 1, ""tagName"": ""\u5dee\u8bc4""}, {""tagType"": 2, ""tagScore"": 5, ""tagNum"": 1, ""tagName"": ""\u4e2d\u8bc4""}, {""tagType"": 1, ""tagScore"": 5, ""tagNum"": 8, ""tagName"": ""\u597d\u8bc4""}, {""tagType"": 0, ""tagScore"": 5, ""tagNum"": 10, ""tagName"": ""\u5168\u90e8""}], ""commentList"": [{""author"": ""q*n"", ""content"": ""\u79cb\u672b\u7684\u9ec4\u660f\u6765\u5f97\u603b\u662f\u5f88\u5feb\uff0c\u8fd8\u6ca1\u7b49\u5c71\u91ce\u4e0a\u88ab\u65e5\u5149\u84b8\u53d1\u8d77\u7684\u6c34\u6c14\u6d88\u6563\uff0e\u592a\u9633\u5c31\u843d\u8fdb\u4e86\u897f\u5c71\u3002\u4e8e\u662f\uff0c\u5c71\u8c37\u4e2d\u7684\u5c9a\u98ce\u5e26\u7740\u6d53\u91cd\u7684\u51c9\u610f\uff0c\u9a71\u8d76\u7740\u767d\u8272\u7684\u96fe\u6c14\uff0c\u5411\u5c71\u4e0b\u6e38\u8361\uff1b\u800c\u5c71\u5cf0\u7684\u9634\u5f71\uff0c\u66f4\u5feb\u5730\u5012\u538b\u5728\u6751\u5e84\u4e0a\uff0c\u9634\u5f71\u8d8a\u6765\u8d8a\u6d53\uff0c\u6e10\u6e10\u548c\u591c\u8272\u6df7\u4e3a\u4e00\u4f53\uff0c\u4f46\u4e0d\u4e45\uff0c\u53c8\u88ab\u6708\u4eae\u70db\u6210\u94f6\u7070\u8272\u4e86\u3002"", ""date"": ""2018-07-07"", ""score"": 4, ""commentId"": ""206782450"", ""imgs"": [], ""userNickName"": ""q*n"", ""replyCityName"": """", ""cityName"": """"}, {""author"": ""l*2"", ""content"": ""\u6e38\u620f\u8bbe\u65bd\u574f\u4e86\uff0c\u6ca1\u6709\u53ca\u65f6\u7ef4\u4fee\uff0c\u5bfc\u81f4\u5c0f\u5b69\u53d7\u4f24\uff01\u90e8\u5206\u6e38\u4e50\u573a\u7684\u5458\u5de5\u5c31\u50cf\u4ed6\u7684\u4e00\u6837\u6781\u4e0d\u8010\u70e6\u7684\u4e3a\u4f60\u5b8c\u6210\u4efb\u52a1\uff08\u63d0\u4f9b\u670d\u52a1\uff09\uff0c\u4e0d\u6109\u5feb\u7684\u7684\u4e00\u6b21\u6e38\u73a9\uff01\u4e5f\u4e0d\u60f3\u518d\u53bb\u4e86\uff01"", ""date"": ""2018-05-13"", ""score"": 1, ""commentId"": ""206189745"", ""imgs"": [], ""userNickName"": ""l*2"", ""replyCityName"": """", ""cityName"": """"}, {""author"": ""\u848b*\u6021"", ""content"": ""\u7528\u6237\u672a\u70b9\u8bc4\uff0c\u7cfb\u7edf\u9ed8\u8ba4\u597d\u8bc4\u3002"", ""date"": ""2018-05-17"", ""score"": 5, ""commentId"": ""206227316"", ""imgs"": [], ""userNickName"": ""\u848b*\u6021"", ""replyCityName"": """", ""cityName"": """"}, {""author"": ""g*9"", ""content"": ""\u7528\u6237\u672a\u70b9\u8bc4\uff0c\u7cfb\u7edf\u9ed8\u8ba4\u597d\u8bc4\u3002"", ""date"": ""2018-05-06"", ""score"": 5, ""commentId"": ""206079897"", ""imgs"": [], ""userNickName"": ""g*9"", ""replyCityName"": """", ""cityName"": """"}, {""author"": ""M*0"", ""content"": ""\u666f\u8272\u5f88\u4e0d\u9519\u5440\uff0c\u7279\u522b\u559c\u6b22\u8fd9\u91cc\uff0c\u5f88\u68d2"", ""date"": ""2018-05-08"", ""score"": 5, ""commentId"": ""206178057"", ""imgs"": [], ""userNickName"": ""M*0"", ""replyCityName"": """", ""cityName"": """"}, {""author"": ""y*6"", ""content"": ""\u7528\u6237\u672a\u70b9\u8bc4\uff0c\u7cfb\u7edf\u9ed8\u8ba4\u597d\u8bc4\u3002"", ""date"": ""2018-01-09"", ""score"": 5, ""commentId"": ""205105915"", ""imgs"": [], ""userNickName"": ""y*6"", ""replyCityName"": """", ""cityName"": """"}, {""author"": ""M*1"", ""content"": ""\u79cb\u672b\u7684\u9ec4\u660f\u6765\u5f97\u603b\u662f\u5f88\u5feb\uff0c\u8fd8\u6ca1\u7b49\u5c71\u91ce\u4e0a\u88ab\u65e5\u5149\u84b8\u53d1\u8d77\u7684\u6c34\u6c14\u6d88\u6563\uff0e\u592a\u9633\u5c31\u843d\u8fdb\u4e86\u897f\u5c71\u3002\u4e8e\u662f\uff0c\u5c71\u8c37\u4e2d\u7684\u5c9a\u98ce\u5e26\u7740\u6d53\u91cd\u7684\u51c9\u610f\uff0c\u9a71\u8d76\u7740\u767d\u8272\u7684\u96fe\u6c14\uff0c\u5411\u5c71\u4e0b\u6e38\u8361\uff1b\u800c\u5c71\u5cf0\u7684\u9634\u5f71\uff0c\u66f4\u5feb\u5730\u5012\u538b\u5728\u6751\u5e84\u4e0a\uff0c\u9634\u5f71\u8d8a\u6765\u8d8a\u6d53\uff0c\u6e10\u6e10\u548c\u591c\u8272\u6df7\u4e3a\u4e00\u4f53\uff0c\u4f46\u4e0d\u4e45\uff0c\u53c8\u88ab\u6708\u4eae\u70db\u6210\u94f6\u7070\u8272\u4e86\u3002"", ""date"": ""2017-04-13"", ""score"": 5, ""commentId"": ""205043648"", ""imgs"": [], ""userNickName"": ""M*1"", ""replyCityName"": """", ""cityName"": """"}, {""author"": ""d*g"", ""content"": ""\u7528\u6237\u672a\u70b9\u8bc4\uff0c\u7cfb\u7edf\u9ed8\u8ba4\u597d\u8bc4\u3002"", ""date"": ""2017-09-06"", ""score"": 5, ""commentId"": ""202267265"", ""imgs"": [], ""userNickName"": ""d*g"", ""replyCityName"": """", ""cityName"": """"}, {""author"": ""z*7"", ""content"": ""\u7528\u6237\u672a\u70b9\u8bc4\uff0c\u7cfb\u7edf\u9ed8\u8ba4\u597d\u8bc4\u3002"", ""date"": ""2017-08-29"", ""score"": 5, ""commentId"": ""202095359"", ""imgs"": [], ""userNickName"": ""z*7"", ""replyCityName"": """", ""cityName"": """"}, {""author"": ""\u4e50*8"", ""content"": ""\u633a\u4e0d\u9519\u7684\u3002\u559c\u6b22\u7684\u670b\u53cb\u53ef\u4ee5\u8bd5\u8bd5\u54e6"", ""date"": ""2016-12-14"", ""score"": 3, ""commentId"": ""203847469"", ""imgs"": [], ""userNickName"": ""\u4e50*8"", ""replyCityName"": """", ""cityName"": """"}], ""score"": 4.3, ""commentCount"": 10}, ""statusCode"": 200}"
中山黄圃海蚀遗址旅游区,https://imgs.qunarzz.com/sight/p0/1603/ec/ec3d18b6a9f3393f90.water.jpg_280x200_420de9df.jpg,中山市,中山市,广东省中山市黄圃镇观仙路1号,53,4.2,来广东海蚀遗址看沧海桑田变迁,https://piao.qunar.com/ticket/detail_2373239712.html?st=a3clM0QlRTQlQjglQUQlRTUlQjElQjElRTUlQjglODIlMjZpZCUzRDE5Mzk2NCUyNnR5cGUlM0QwJTI2aWR4JTNENTUlMjZxdCUzRCUyNmFwayUzRDIlMjZzYyUzRFdXVyUyNnVyJTNEJUU0JUI4JUFEJUU1JUIxJUIxJTI2bHIlM0QlRTQlQjglQUQlRTUlQjElQjElMjZmdCUzRCU3QiU3RA%3D%3D#from=mpl_search_suggest,-1.0,N/A,沿着黄圃镇 “观仙旅游带”，在油菜花和桃花丛中撒野、留下春日倩影，再小酌观仙坊的梅酒、品尝黄圃腊味，好不惬意。而且是广东为数不多的保存完整的海蚀遗址之一，有着非常独特的科学价值和美学价值。根据地质背景等研究，黄圃石岭山海蚀地形主要形成于晚全新世之前海侵时的古珠江口海湾中岛屿时期（距今约7000-2000年）。,01/01-12/31；9:00-17:30开园,https://imgs.qunarzz.com/sight/p0/1603/ec/ec3d18b6a9f3393f90.water.jpg_710x360_42a3a99c.jpg〇https://imgs.qunarzz.com/sight/p0/1601/1b/1bf3dea5cb3bc9f190.img.jpg_710x360_adca0168.jpg〇https://imgs.qunarzz.com/sight/p0/1601/13/136ff85ba6c7c63790.img.jpg_710x360_8e19bafe.jpg〇https://imgs.qunarzz.com/sight/p0/1601/25/2506a1614e8f158f90.img.jpg_710x360_3bdba778.jpg〇https://imgs.qunarzz.com/sight/p0/1601/5d/5de9f858bcb6090790.img.jpg_710x360_bd2dee28.jpg〇https://imgs.qunarzz.com/sight/p0/1601/3e/3e65958009a440d590.img.jpg_710x360_cc91794d.jpg〇https://imgs.qunarzz.com/sight/p0/1601/37/37db7d28502f6dcb90.img.jpg_710x360_27820f81.jpg〇https://imgs.qunarzz.com/sight/p0/1601/a5/a5a8cac5aaae6b090.img.jpg_710x360_50b4d958.jpg〇https://imgs.qunarzz.com/sight/p0/1601/5b/5b8611a967f9dabb90.img.jpg_710x360_0aa7f3dd.jpg〇https://imgs.qunarzz.com/sight/p0/1601/2f/2fc2376cd710d3df90.img.jpg_710x360_f453ccb0.jpg〇https://imgs.qunarzz.com/sight/p0/1601/1b/1be6c776f8ea58d90.img.jpg_710x360_d9af4da7.jpg〇https://imgs.qunarzz.com/sight/p0/1601/20/201e64499864d92090.img.jpg_710x360_7e1b40f0.jpg〇https://imgs.qunarzz.com/sight/p0/1601/7f/7f86e98f2a6b73cb90.img.jpg_710x360_8bacea51.jpg〇https://qimgs.qunarzz.com/piao_qsight_provider_piao_qsight_web/18143c3fe4200c02.jpg_710x360_ad6c7cd6.jpg〇https://qimgs.qunarzz.com/piao_qsight_provider_piao_qsight_web/36a089f16b9c5002.jpg_710x360_a050be6b.jpg〇https://qimgs.qunarzz.com/piao_qsight_provider_piao_qsight_web/b2e32de32145d502.jpg_710x360_1f94a334.jpg〇https://qimgs.qunarzz.com/piao_qsight_provider_piao_qsight_web/19634860c0815102.jpg_710x360_d77a95ad.jpg〇https://qimgs.qunarzz.com/piao_qsight_provider_piao_qsight_web/e9f28264b9392602.jpg_710x360_356d22f2.jpg〇https://qimgs.qunarzz.com/piao_qsight_provider_piao_qsight_web/7ce3deb851061302.jpg_710x360_5cb8ab10.jpg〇https://qimgs.qunarzz.com/piao_qsight_provider_piao_qsight_web/e6b6b8c70664d302.jpg_710x360_5a4c17bb.jpg〇https://qimgs.qunarzz.com/piao_qsight_provider_piao_qsight_web/428ae45653c4c602.jpg_710x360_fc4ed7ec.jpg〇https://qimgs.qunarzz.com/piao_qsight_provider_piao_qsight_web/de4d74af5dac7a02.jpg_710x360_f7b729b2.jpg〇https://qimgs.qunarzz.com/piao_qsight_provider_piao_qsight_web/7ef786addabe0302.jpg_710x360_49f90a34.jpg〇https://qimgs.qunarzz.com/piao_qsight_provider_piao_qsight_web/4e9cef583b2ba902.jpg_710x360_47429845.jpg〇https://qimgs.qunarzz.com/piao_qsight_provider_piao_qsight_web/a0aeebdff5e89502.jpg_710x360_c948a38e.jpg〇https://qimgs.qunarzz.com/piao_qsight_provider_piao_qsight_web/eb8b56fb971e9e02.jpg_710x360_e126bc18.jpg〇https://qimgs.qunarzz.com/piao_qsight_provider_piao_qsight_web/a0edc02373dae602.jpg_710x360_adb65687.jpg〇https://qimgs.qunarzz.com/piao_qsight_provider_piao_qsight_web/1c0c43ace5635d02.jpg_710x360_431ca705.jpg〇https://qimgs.qunarzz.com/piao_qsight_provider_piao_qsight_web/8b52cd41f14c9402.jpg_710x360_46b6cf9b.jpg〇https://qimgs.qunarzz.com/piao_qsight_provider_piao_qsight_web/4e9e91f3443ddd02.jpg_710x360_56afdffd.jpg〇https://qimgs.qunarzz.com/piao_qsight_provider_piao_qsight_web/513c162f4a959102.jpg_710x360_1ca215df.jpg〇https://qimgs.qunarzz.com/piao_qsight_provider_piao_qsight_web/8fdda1adcb4c56f7.jpg_710x360_85d0d314.jpg〇https://qimgs.qunarzz.com/piao_qsight_provider_piao_qsight_web/72296a10533a3ff7.jpg_710x360_c32126f0.jpg,"{""ret"": true, ""data"": {""tagList"": [{""tagType"": 4, ""tagScore"": 5, ""tagNum"": 1, ""tagName"": ""\u53d6\u7968\u65b9\u4fbf""}, {""tagType"": 3, ""tagScore"": 5, ""tagNum"": 2, ""tagName"": ""\u5dee\u8bc4""}, {""tagType"": 2, ""tagScore"": 5, ""tagNum"": 11, ""tagName"": ""\u4e2d\u8bc4""}, {""tagType"": 1, ""tagScore"": 5, ""tagNum"": 40, ""tagName"": ""\u597d\u8bc4""}, {""tagType"": 0, ""tagScore"": 5, ""tagNum"": 53, ""tagName"": ""\u5168\u90e8""}], ""commentList"": [{""author"": ""M*1"", ""content"": ""\u6e05\u6f3e\u6bdb\u6c0f\u8bd7\u4e66\u4f20\u5bb6\uff0c\u8d35\u800c\u4e0d\u5bcc\uff0c\u5386\u4ee3\u606a\u5b88\u201c\u8bd7\u4e66\u540d\u4e16\u3001\u6e05\u767d\u4f20\u5bb6\u201d\u7684\u4f20\u7edf\uff0c\u5386\u53f2\u4e0a\u8be5\u6751\u5171\u51fa\u8fc78\u540d\u5c1a\u4e66\u300183\u540d\u8fdb\u58eb\u3002\u771f\u6b63\u7684\u98ce\u6c34\u5b9d\u5730\u554a\uff01"", ""date"": ""2017-11-23"", ""score"": 5, ""commentId"": ""203897301"", ""imgs"": [{""small"": ""https://imgs.qunarzz.com/p/tts1/1712/27/513c162f4a959102.jpg_120x120_8118f475.jpg"", ""title"": """", ""big"": ""https://imgs.qunarzz.com/p/tts1/1712/27/513c162f4a959102.jpg""}, {""small"": ""https://imgs.qunarzz.com/p/tts2/1712/7c/4e9e91f3443ddd02.jpg_120x120_180026fa.jpg"", ""title"": """", ""big"": ""https://imgs.qunarzz.com/p/tts2/1712/7c/4e9e91f3443ddd02.jpg""}, {""small"": ""https://imgs.qunarzz.com/p/tts3/1712/9d/8b52cd41f14c9402.jpg_120x120_4e491f2f.jpg"", ""title"": """", ""big"": ""https://imgs.qunarzz.com/p/tts3/1712/9d/8b52cd41f14c9402.jpg""}], ""userNickName"": ""M*1"", ""replyCityName"": """", ""cityName"": """"}, {""author"": ""M*3"", ""content"": ""\u4e00\u4e2a\u5b89\u9759\u4e14\u4eba\u624d\u8f88\u51fa\u7684\u6751\u5e84\uff0c\u73af\u5883\u4e0d\u9519\u3002"", ""date"": ""2017-10-06"", ""score"": 5, ""commentId"": ""204225289"", ""imgs"": [{""small"": ""https://imgs.qunarzz.com/p/tts6/1712/43/a0aeebdff5e89502.jpg_120x120_798c618a.jpg"", ""title"": """", ""big"": ""https://imgs.qunarzz.com/p/tts6/1712/43/a0aeebdff5e89502.jpg""}, {""small"": ""https://imgs.qunarzz.com/p/tts7/1712/c2/4e9cef583b2ba902.jpg_120x120_ed82c8e2.jpg"", ""title"": """", ""big"": ""https://imgs.qunarzz.com/p/tts7/1712/c2/4e9cef583b2ba902.jpg""}, {""small"": ""https://imgs.qunarzz.com/p/tts1/1712/e8/7ef786addabe0302.jpg_120x120_20dfb4a0.jpg"", ""title"": """", ""big"": ""https://imgs.qunarzz.com/p/tts1/1712/e8/7ef786addabe0302.jpg""}], ""userNickName"": ""M*3"", ""replyCityName"": """", ""cityName"": """"}, {""author"": ""2*9"", ""content"": ""\u603b\u4f53\u6765\u8bf4\u8fd8\u4e0d\u9519\u3002\u5bf9\u4e8e\u4e86\u89e3\u76f8\u5173\u5386\u53f2\u6587\u5316\uff0c\u633a\u6709\u5e2e\u52a9\u7684\u3002\u95e8\u7968\u4ef7\u683c\u4e5f\u4e0d\u8d35\u3002"", ""date"": ""2017-08-13"", ""score"": 4, ""commentId"": ""204815148"", ""imgs"": [{""small"": ""https://imgs.qunarzz.com/p/tts0/1712/7f/de4d74af5dac7a02.jpg_120x120_bcf3cd2d.jpg"", ""title"": """", ""big"": ""https://imgs.qunarzz.com/p/tts0/1712/7f/de4d74af5dac7a02.jpg""}, {""small"": ""https://imgs.qunarzz.com/p/tts8/1712/e9/428ae45653c4c602.jpg_120x120_03e7a108.jpg"", ""title"": """", ""big"": ""https://imgs.qunarzz.com/p/tts8/1712/e9/428ae45653c4c602.jpg""}, {""small"": ""https://imgs.qunarzz.com/p/tts3/1712/af/e6b6b8c70664d302.jpg_120x120_bbad0a9f.jpg"", ""title"": """", ""big"": ""https://imgs.qunarzz.com/p/tts3/1712/af/e6b6b8c70664d302.jpg""}, {""small"": ""https://imgs.qunarzz.com/p/tts5/1712/2d/7ce3deb851061302.jpg_120x120_a9787089.jpg"", ""title"": """", ""big"": ""https://imgs.qunarzz.com/p/tts5/1712/2d/7ce3deb851061302.jpg""}], ""userNickName"": ""2*9"", ""replyCityName"": """", ""cityName"": """"}, {""author"": ""1*0"", ""content"": ""\u5176\u5b9e\u5728\u6751\u91cc\u8f6c\u4e0d\u8981\u95e8\u7968\uff0c\u53ea\u6709\u53bb\u7960\u5802\u7956\u5b85\u6545\u5c45\u624d\u8981\u7968\uff0c\u5c0f\u6751\u5e84\u98ce\u5149\u4e0d\u9519\u4e5f\u5e72\u51c0"", ""date"": ""2017-11-05"", ""score"": 4, ""commentId"": ""203927212"", ""imgs"": [{""small"": ""https://imgs.qunarzz.com/p/tts1/1712/11/1c0c43ace5635d02.jpg_120x120_d9c71dbc.jpg"", ""title"": """", ""big"": ""https://imgs.qunarzz.com/p/tts1/1712/11/1c0c43ace5635d02.jpg""}], ""userNickName"": ""1*0"", ""replyCityName"": """", ""cityName"": """"}, {""author"": ""M*2"", ""content"": ""\u975e\u5e38\u597d\u73a9\uff01\u975e\u5e38\u597d\u73a9\uff01\u975e\u5e38\u597d\u73a9\uff01"", ""date"": ""2017-11-04"", ""score"": 5, ""commentId"": ""203931840"", ""imgs"": [], ""userNickName"": ""M*2"", ""replyCityName"": """", ""cityName"": """"}, {""author"": ""\u534e*w"", ""content"": ""\u8fd8\u597d\u5427\uff0c\u6709\u4e00\u79cd\u72ec\u7acb\u7684\u611f\u89c9\u3002\u9002\u5408\u559c\u6b22\u5b89\u9759\u7684\u4eba"", ""date"": ""2017-10-06"", ""score"": 4, ""commentId"": ""204228028"", ""imgs"": [], ""userNickName"": ""\u534e*w"", ""replyCityName"": """", ""cityName"": """"}, {""author"": ""1*3"", ""content"": ""\u5bcc\u6709\u6587\u5316\u5e95\u8574\uff0c\u8fdb\u884c\u4e86\u4e00\u6b21\u5bfb\u6839\u4e4b\u65c5\u3002\u611f\u89c9\u7a7f\u8d8a\u5230\u524d\u51e0\u4e16\uff0c\u7b11\u770b\u98ce\u4e91\u53d8\u5e7b\uff0c\u620f\u5531\u4eba\u751f\u767e\u6001\u3002"", ""date"": ""2017-10-05"", ""score"": 5, ""commentId"": ""204252881"", ""imgs"": [], ""userNickName"": ""1*3"", ""replyCityName"": """", ""cityName"": """"}, {""author"": ""2*3"", ""content"": ""\u5c31\u662f\u4e00\u4e2a\u6751\u5e84\uff0c\u95e8\u7968\u592a\u8d35\uff0c\u53bb\u4e00\u6b21\u591f\u4e86"", ""date"": ""2017-10-05"", ""score"": 5, ""commentId"": ""204252879"", ""imgs"": [], ""userNickName"": ""2*3"", ""replyCityName"": """", ""cityName"": """"}, {""author"": ""_*6"", ""content"": ""\u4e00\u822c\uff0c\u5c31\u662f\u4e00\u4e2a\u516c\u56ed\uff0c\u4e00\u4e2a\u5c0f\u5c71\u4e18"", ""date"": ""2017-09-02"", ""score"": 3, ""commentId"": ""204702482"", ""imgs"": [], ""userNickName"": ""_*6"", ""replyCityName"": """", ""cityName"": """"}, {""author"": ""_*0"", ""content"": ""\u5982\u679c\u5bf9\u5386\u53f2\u4eba\u6587\u611f\u5174\u8da3\u53ef\u4ee5\u5446\u4e0a\u4e00\u6574\u5929 \u503c\u5f97\u4e00\u6e38"", ""date"": ""2017-07-17"", ""score"": 5, ""commentId"": ""204885194"", ""imgs"": [], ""userNickName"": ""_*0"", ""replyCityName"": """", ""cityName"": """"}], ""score"": 4.2, ""commentCount"": 53}, ""statusCode"": 200}"
雅居乐长江高尔夫球会,https://qimgs.qunarzz.com/piao_qsight_provider_piao_qsight_web/0104y1200092lt1ps2508_C_900_504.jpg_280x200_8bdfd755.jpg,中山市,中山市,广东省中山市景观路12号,40,4.4,融趣味、景观、挑战性于一体,https://piao.qunar.com/ticket/detail_4039811846.html?st=a3clM0QlRTQlQjglQUQlRTUlQjElQjElRTUlQjglODIlMjZpZCUzRDE5NzQ4MSUyNnR5cGUlM0QwJTI2aWR4JTNENTQlMjZxdCUzRCUyNmFwayUzRDIlMjZzYyUzRFdXVyUyNnVyJTNEJUU0JUI4JUFEJUU1JUIxJUIxJTI2bHIlM0QlRTQlQjglQUQlRTUlQjElQjElMjZmdCUzRCU3QiU3RA%3D%3D#from=mpl_search_suggest,-1.0,N/A,雅居乐长江高尔夫球会是雅居乐地产重点投资建设的项目，现已建成36。球会位于中山市著名的长江旅游风景区，球场依山而建，山水互相辉映，浑若天成，一草一木，均经过精雕细刻，精致无比。环抱着天然秀丽的长江水库，自然景观非常优美。球场分A、B两座球场，融趣味、景观、挑战性于一体。A区球场由极负盛名的美国JMP高尔夫设计集团规划，整个球场依山傍水、顺应自然，标准杆为72杆，全长7066码。其中A场后九洞为灯光球场，可让你的高尔夫球乐趣，延续至浩瀚的星空下；B区球场地势蜿蜒辽阔，由享负盛名的CurlyGolfCourse Architure&Planning的Mr.Lee Schmidt设计，标准杆72杆，全长7238码。A、B两座球场风格造型各具特色，而设计以至用料、施工、管理却一致的科学严谨。,7:00-18:00，打球时间:6:15-17:00,https://qimgs.qunarzz.com/piao_qsight_provider_piao_qsight_web/0104y1200092lt1ps2508_C_900_504.jpg_710x360_7f979e08.jpg〇https://qimgs.qunarzz.com/piao_qsight_provider_piao_qsight_web/0106x1200092lsjlg4DFA_C_900_504_Q90_Mtg_7.jpg_710x360_50ced26d.jpg〇https://qimgs.qunarzz.com/piao_qsight_provider_piao_qsight_web/010561200092lt6d0E7C8_C_900_504_Q90_Mtg_7.jpg_710x360_5c5e80c0.jpg〇https://qimgs.qunarzz.com/piao_qsight_provider_piao_qsight_web/0103m1200092lsmsl0E73_C_900_504_Q90_Mtg_7.jpg_710x360_a6eec5d5.jpg〇https://qimgs.qunarzz.com/piao_qsight_provider_piao_qsight_web/0104y1200092lt1ps2508_C_900_504_Q90_Mtg_7.jpg_710x360_2d08fbb3.jpg〇https://imgs.qunarzz.com/sight/p0/1604/a3/a389e7633116f5fb90.water.jpg_710x360_2f7bb0cf.jpg〇https://imgs.qunarzz.com/sight/p0/1604/bd/bd5a7eeb2b9873b290.water.jpg_710x360_b23b53f9.jpg〇https://imgs.qunarzz.com/sight/p0/1409/10/7b8843976ac47fe4904c01d5e8259e03.jpg_710x360_f835599b.jpg〇https://imgs.qunarzz.com/sight/p0/1409/10/c1b948dd7d1fc6846aa9fbd9f3a670da.jpg_710x360_bbeec8d3.jpg〇https://qimgs.qunarzz.com/piao_qsight_provider_piao_qsight_web/db844d2cf35a1402.jpg_710x360_1a6278e8.jpg〇https://qimgs.qunarzz.com/piao_qsight_provider_piao_qsight_web/a9d88660c2370c02.jpg_710x360_c227db07.jpg〇https://qimgs.qunarzz.com/piao_qsight_provider_piao_qsight_web/9fcabc8de241a902.jpg_710x360_5219ed3a.jpg〇https://qimgs.qunarzz.com/piao_qsight_provider_piao_qsight_web/7cbed42931f95602.jpg_710x360_88fe3596.jpg〇https://qimgs.qunarzz.com/piao_qsight_provider_piao_qsight_web/8363d11d1004e202.jpg_710x360_c65c3fd5.jpg〇https://qimgs.qunarzz.com/piao_qsight_provider_piao_qsight_web/f0e8ee133701f602.jpg_710x360_8a85d33e.jpg〇https://qimgs.qunarzz.com/piao_qsight_provider_piao_qsight_web/dcebf2f365801202.jpg_710x360_4f29c44d.jpg〇https://qimgs.qunarzz.com/piao_qsight_provider_piao_qsight_web/c56a0b034173ee02.jpg_710x360_c730d8cd.jpg〇https://qimgs.qunarzz.com/piao_qsight_provider_piao_qsight_web/5220fe4c6a300e02.jpg_710x360_420e7393.jpg〇https://qimgs.qunarzz.com/piao_qsight_provider_piao_qsight_web/ce1aed27d3950c02.jpg_710x360_10baf807.jpg〇https://qimgs.qunarzz.com/piao_qsight_provider_piao_qsight_web/50b78fc8abd86f02.jpg_710x360_2eb2e876.jpg〇https://qimgs.qunarzz.com/piao_qsight_provider_piao_qsight_web/89da83dfc95c502.jpg_710x360_e657b855.jpg〇https://qimgs.qunarzz.com/piao_qsight_provider_piao_qsight_web/84050feb0733702.jpg_710x360_530b2d15.jpg〇https://qimgs.qunarzz.com/piao_qsight_provider_piao_qsight_web/b815fc62038c7602.jpg_710x360_6dffb7f2.jpg〇https://qimgs.qunarzz.com/piao_qsight_provider_piao_qsight_web/d77b5c09df951402.jpg_710x360_44b905ae.jpg〇https://qimgs.qunarzz.com/piao_qsight_provider_piao_qsight_web/cc0439bb8c044102.jpg_710x360_765a1c30.jpg〇https://qimgs.qunarzz.com/piao_qsight_provider_piao_qsight_web/9fd6df348e7b5902.jpg_710x360_d4aae5cd.jpg〇https://qimgs.qunarzz.com/piao_qsight_provider_piao_qsight_web/9fbc0359ae111b423bfd7b7d27f8f88c.jpg_710x360_930739b6.jpg〇https://qimgs.qunarzz.com/piao_qsight_provider_piao_qsight_web/f63fe1f3408a0eff319ba97e822fd7f0.jpg_710x360_9695a2ae.jpg,"{""ret"": true, ""data"": {""tagList"": [{""tagType"": 2, ""tagScore"": 5, ""tagNum"": 2, ""tagName"": ""\u4e2d\u8bc4""}, {""tagType"": 1, ""tagScore"": 5, ""tagNum"": 36, ""tagName"": ""\u597d\u8bc4""}, {""tagType"": 0, ""tagScore"": 5, ""tagNum"": 40, ""tagName"": ""\u5168\u90e8""}], ""commentList"": [{""author"": ""3*2"", ""content"": ""\u6325\u6746\u5929\u5730\u95f4\uff0c\u6765\u4e2d\u5c71\u96c5\u5c45\u4e50\u957f\u6c5f\u9ad8\u5c14\u592b\u7403\u573a\u51fb\u7403\u662f\u5feb\u4e50\u53c8\u90c1\u95f7\u7684\u3002\u957f\u6c5f\u7684\u666f\u8272\u5f88\u597d\uff0c\u8349\u576a\u8272\u6cfd\u5f88\u6f02\u4eae\uff0c\u679c\u5cad\u4e5f\u4e0d\u9519\uff0c\u5c31\u662f\u7403\u901f\u6709\u70b9\u6162\u3002\u8d70\u5728\u957f\u6c5f\u7403\u573a\u7a7a\u6c14\u8d28\u91cf\u597d\uff0c\u4e0a\u4e0b\u5c71\u884c\u8d70\u611f\u89c9\u5f88\u597d\uff0c\u4eba\u6d41\u8d70\u4e8e\u5c71\u5730\u95f4\uff0c\u770b\u5929\u7a7a\u53d8\u6362\uff0c\u770b\u666f\u8272\u5b9c\u4eba\uff0c\u6325\u6746\u5c71\u6c34\u95f4\uff0c\u60ec\u610f\u4eba\u751f\uff01"", ""date"": ""2017-09-10"", ""score"": 4, ""commentId"": ""204647177"", ""imgs"": [{""small"": ""https://imgs.qunarzz.com/p/tts5/1712/e9/b815fc62038c7602.jpg_120x120_1449be7f.jpg"", ""title"": """", ""big"": ""https://imgs.qunarzz.com/p/tts5/1712/e9/b815fc62038c7602.jpg""}, {""small"": ""https://imgs.qunarzz.com/p/tts8/1712/98/84050feb0733702.jpg_120x120_a1352b46.jpg"", ""title"": """", ""big"": ""https://imgs.qunarzz.com/p/tts8/1712/98/84050feb0733702.jpg""}, {""small"": ""https://imgs.qunarzz.com/p/tts7/1712/69/89da83dfc95c502.jpg_120x120_9022e912.jpg"", ""title"": """", ""big"": ""https://imgs.qunarzz.com/p/tts7/1712/69/89da83dfc95c502.jpg""}, {""small"": ""https://imgs.qunarzz.com/p/tts5/1712/7f/50b78fc8abd86f02.jpg_120x120_513eb493.jpg"", ""title"": """", ""big"": ""https://imgs.qunarzz.com/p/tts5/1712/7f/50b78fc8abd86f02.jpg""}, {""small"": ""https://imgs.qunarzz.com/p/tts3/1712/d9/ce1aed27d3950c02.jpg_120x120_b4b9c65f.jpg"", ""title"": """", ""big"": ""https://imgs.qunarzz.com/p/tts3/1712/d9/ce1aed27d3950c02.jpg""}, {""small"": ""https://imgs.qunarzz.com/p/tts2/1712/57/5220fe4c6a300e02.jpg_120x120_7d6dabbb.jpg"", ""title"": """", ""big"": ""https://imgs.qunarzz.com/p/tts2/1712/57/5220fe4c6a300e02.jpg""}, {""small"": ""https://imgs.qunarzz.com/p/tts0/1712/32/c56a0b034173ee02.jpg_120x120_66998539.jpg"", ""title"": """", ""big"": ""https://imgs.qunarzz.com/p/tts0/1712/32/c56a0b034173ee02.jpg""}, {""small"": ""https://imgs.qunarzz.com/p/tts0/1712/d0/dcebf2f365801202.jpg_120x120_e0d4cf14.jpg"", ""title"": """", ""big"": ""https://imgs.qunarzz.com/p/tts0/1712/d0/dcebf2f365801202.jpg""}, {""small"": ""https://imgs.qunarzz.com/p/tts6/1712/aa/f0e8ee133701f602.jpg_120x120_eb03a537.jpg"", ""title"": """", ""big"": ""https://imgs.qunarzz.com/p/tts6/1712/aa/f0e8ee133701f602.jpg""}, {""small"": ""https://imgs.qunarzz.com/p/tts9/1712/2a/8363d11d1004e202.jpg_120x120_1220f4e4.jpg"", ""title"": """", ""big"": ""https://imgs.qunarzz.com/p/tts9/1712/2a/8363d11d1004e202.jpg""}], ""userNickName"": ""3*2"", ""replyCityName"": """", ""cityName"": """"}, {""author"": ""l*u"", ""content"": ""\u6325\u6746\u5929\u5730\u95f4\uff0c\u6765\u4e2d\u5c71\u96c5\u5c45\u4e50\u957f\u6c5f\u9ad8\u5c14\u592b\u7403\u573a\u51fb\u7403\u662f\u5feb\u4e50\u53c8\u90c1\u95f7\u7684\u3002\u957f\u6c5f\u7684\u666f\u8272\u5f88\u597d\uff0c\u8349\u576a\u8272\u6cfd\u5f88\u6f02\u4eae\uff0c\u679c\u5cad\u4e5f\u4e0d\u9519\uff0c\u5c31\u662f\u7403\u901f\u6709\u70b9\u6162\u3002\u8d70\u5728\u957f\u6c5f\u7403\u573a\u7a7a\u6c14\u8d28\u91cf\u597d\uff0c\u4e0a\u4e0b\u5c71\u884c\u8d70\u611f\u89c9\u5f88\u597d\uff0c\u4eba\u6d41\u8d70\u4e8e\u5c71\u5730\u95f4\uff0c\u770b\u5929\u7a7a\u53d8\u6362\uff0c\u770b\u666f\u8272\u5b9c\u4eba\uff0c\u6325\u6746\u5c71\u6c34\u95f4\uff0c\u60ec\u610f\u4eba\u751f\uff01"", ""date"": ""2017-09-10"", ""score"": 0, ""commentId"": ""216129603"", ""imgs"": [{""small"": ""https://img1.qunarzz.com/p/tts9/1712/2a/8363d11d1004e202.jpg_120x120_1220f4e4.jpg"", ""title"": """", ""big"": ""https://img1.qunarzz.com/p/tts9/1712/2a/8363d11d1004e202.jpg""}, {""small"": ""https://img1.qunarzz.com/p/tts6/1712/aa/f0e8ee133701f602.jpg_120x120_eb03a537.jpg"", ""title"": """", ""big"": ""https://img1.qunarzz.com/p/tts6/1712/aa/f0e8ee133701f602.jpg""}, {""small"": ""https://img1.qunarzz.com/p/tts0/1712/d0/dcebf2f365801202.jpg_120x120_e0d4cf14.jpg"", ""title"": """", ""big"": ""https://img1.qunarzz.com/p/tts0/1712/d0/dcebf2f365801202.jpg""}, {""small"": ""https://img1.qunarzz.com/p/tts0/1712/32/c56a0b034173ee02.jpg_120x120_66998539.jpg"", ""title"": """", ""big"": ""https://img1.qunarzz.com/p/tts0/1712/32/c56a0b034173ee02.jpg""}, {""small"": ""https://img1.qunarzz.com/p/tts2/1712/57/5220fe4c6a300e02.jpg_120x120_7d6dabbb.jpg"", ""title"": """", ""big"": ""https://img1.qunarzz.com/p/tts2/1712/57/5220fe4c6a300e02.jpg""}, {""small"": ""https://img1.qunarzz.com/p/tts3/1712/d9/ce1aed27d3950c02.jpg_120x120_b4b9c65f.jpg"", ""title"": """", ""big"": ""https://img1.qunarzz.com/p/tts3/1712/d9/ce1aed27d3950c02.jpg""}, {""small"": ""https://img1.qunarzz.com/p/tts5/1712/7f/50b78fc8abd86f02.jpg_120x120_513eb493.jpg"", ""title"": """", ""big"": ""https://img1.qunarzz.com/p/tts5/1712/7f/50b78fc8abd86f02.jpg""}, {""small"": ""https://img1.qunarzz.com/p/tts7/1712/69/89da83dfc95c502.jpg_120x120_9022e912.jpg"", ""title"": """", ""big"": ""https://img1.qunarzz.com/p/tts7/1712/69/89da83dfc95c502.jpg""}, {""small"": ""https://img1.qunarzz.com/p/tts8/1712/98/84050feb0733702.jpg_120x120_a1352b46.jpg"", ""title"": """", ""big"": ""https://img1.qunarzz.com/p/tts8/1712/98/84050feb0733702.jpg""}], ""userNickName"": ""l*u"", ""replyCityName"": """", ""cityName"": """"}, {""author"": ""M*8"", ""content"": ""\u9152\u5e97\u7684\u65c1\u8fb9\uff0c\u5bf9\u4e8e\u9ad8\u5c14\u592b\u4ff1\u4e50\u90e8\u8fd8\u4e0d\u591a\u7684\u4e2d\u5c71\uff0c\u5df2\u7ecf\u5f88\u597d\u4e86"", ""date"": ""2017-10-05"", ""score"": 5, ""commentId"": ""204252136"", ""imgs"": [], ""userNickName"": ""M*8"", ""replyCityName"": """", ""cityName"": """"}, {""author"": ""3*5"", ""content"": ""\u5357\u56fd\u666f\u8272\u5f88\u7f8e\uff0c\u6709\u5c71\u6709\u6c34\u7684\u5730\u65b9\uff0c\u7403\u573a\u7279\u522b\u597d\uff0c\u8d70\u4e2a\u4f11\u95f2\u7684\u597d\u5730\u65b9\uff01"", ""date"": ""2017-10-02"", ""score"": 5, ""commentId"": ""204353167"", ""imgs"": [], ""userNickName"": ""3*5"", ""replyCityName"": """", ""cityName"": """"}, {""author"": ""3*2"", ""content"": ""\u96c5\u5c45\u4e50\u957f\u6c5f\u9ad8\u5c14\u592b\u7403\u573a\u662f\u540e\u6765\u5efa\u6210\u7684\uff0c\u5927\u6982\u57281998\u5e74\u5427\uff0c\u4f46\u662f\u4ed6\u5730\u4f4d\u6bd4\u8f83\u9ad8\uff0c\u4e00\u822c\u8981\u4f1a\u5458\u624d\u53ef\u4ee5\u73a9\u3002\u7403\u573a\u6574\u4f53\u6bd4\u6e29\u6cc9\u8981\u9ad8\u6863\u4e9b\uff0c\u8fd9\u70b9\u5355\u4ece\u4f1a\u6240\u5c31\u770b\u5230\u5f88\u660e\u663e\u3002\u679c\u5cad\u4e0d\u9519\u7684\uff0c\u767d\u91d1\uff0c\u6548\u679c\u597d\uff01\uff01"", ""date"": ""2016-12-31"", ""score"": 4, ""commentId"": ""203882171"", ""imgs"": [{""small"": ""https://imgs.qunarzz.com/p/tts6/1712/33/9fd6df348e7b5902.jpg_120x120_8719ea7e.jpg"", ""title"": """", ""big"": ""https://imgs.qunarzz.com/p/tts6/1712/33/9fd6df348e7b5902.jpg""}, {""small"": ""https://imgs.qunarzz.com/p/tts2/1712/26/cc0439bb8c044102.jpg_120x120_c9d546f7.jpg"", ""title"": """", ""big"": ""https://imgs.qunarzz.com/p/tts2/1712/26/cc0439bb8c044102.jpg""}, {""small"": ""https://imgs.qunarzz.com/p/tts7/1712/f8/d77b5c09df951402.jpg_120x120_7d8fd20d.jpg"", ""title"": """", ""big"": ""https://imgs.qunarzz.com/p/tts7/1712/f8/d77b5c09df951402.jpg""}], ""userNickName"": ""3*2"", ""replyCityName"": """", ""cityName"": """"}, {""author"": ""1*5"", ""content"": ""\u73af\u5883\u8fd8\u662f\u5f88\u597d\u7684\uff0c\u4e0d\u8fc7\u5403\u7684\u4e1c\u897f\u90fd\u597d\u4e00\u822c\u7684\u3002"", ""date"": ""2017-09-02"", ""score"": 3, ""commentId"": ""204701675"", ""imgs"": [], ""userNickName"": ""1*5"", ""replyCityName"": """", ""cityName"": """"}, {""author"": ""l*u"", ""content"": ""\u96c5\u5c45\u4e50\u957f\u6c5f\u9ad8\u5c14\u592b\u7403\u573a\u662f\u540e\u6765\u5efa\u6210\u7684\uff0c\u5927\u6982\u57281998\u5e74\u5427\uff0c\u4f46\u662f\u4ed6\u5730\u4f4d\u6bd4\u8f83\u9ad8\uff0c\u4e00\u822c\u8981\u4f1a\u5458\u624d\u53ef\u4ee5\u73a9\u3002\u7403\u573a\u6574\u4f53\u6bd4\u6e29\u6cc9\u8981\u9ad8\u6863\u4e9b\uff0c\u8fd9\u70b9\u5355\u4ece\u4f1a\u6240\u5c31\u770b\u5230\u5f88\u660e\u663e\u3002\u679c\u5cad\u4e0d\u9519\u7684\uff0c\u767d\u91d1\uff0c\u6548\u679c\u597d\uff01\uff01"", ""date"": ""2016-12-31"", ""score"": 0, ""commentId"": ""216129601"", ""imgs"": [{""small"": ""https://img1.qunarzz.com/p/tts7/1712/f8/d77b5c09df951402.jpg_120x120_7d8fd20d.jpg"", ""title"": """", ""big"": ""https://img1.qunarzz.com/p/tts7/1712/f8/d77b5c09df951402.jpg""}, {""small"": ""https://img1.qunarzz.com/p/tts2/1712/26/cc0439bb8c044102.jpg_120x120_c9d546f7.jpg"", ""title"": """", ""big"": ""https://img1.qunarzz.com/p/tts2/1712/26/cc0439bb8c044102.jpg""}, {""small"": ""https://img1.qunarzz.com/p/tts6/1712/33/9fd6df348e7b5902.jpg_120x120_8719ea7e.jpg"", ""title"": """", ""big"": ""https://img1.qunarzz.com/p/tts6/1712/33/9fd6df348e7b5902.jpg""}], ""userNickName"": ""l*u"", ""replyCityName"": """", ""cityName"": """"}, {""author"": ""1*8"", ""content"": ""\u501a\u5c71\u508d\u6c34\uff0c\u98ce\u666f\u4f18\u7f8e\uff0c\u8bbe\u65bd\u9f50\u5168\uff0c\u670d\u52a1\u70ed\u60c5\u5468\u5230"", ""date"": ""2017-07-26"", ""score"": 5, ""commentId"": ""204865832"", ""imgs"": [], ""userNickName"": ""1*8"", ""replyCityName"": """", ""cityName"": """"}, {""author"": ""M*7"", ""content"": ""\u7a7a\u6c14\u597d\uff0c\u5728\u9644\u8fd1\u9152\u5e97\u4f4f\uff0c\u633a\u8212\u670d\uff0c\u65e9\u9910\u53ef\u4ee5\u770b\u7740\u522b\u4eba\u6253\u7403\u3002"", ""date"": ""2017-01-18"", ""score"": 4, ""commentId"": ""204965327"", ""imgs"": [{""small"": ""https://imgs.qunarzz.com/p/tts8/1801/50/9fcabc8de241a902.jpg_120x120_8d0fa46c.jpg"", ""title"": """", ""big"": ""https://imgs.qunarzz.com/p/tts8/1801/50/9fcabc8de241a902.jpg""}, {""small"": ""https://imgs.qunarzz.com/p/tts0/1801/8c/a9d88660c2370c02.jpg_120x120_4b7af0a5.jpg"", ""title"": """", ""big"": ""https://imgs.qunarzz.com/p/tts0/1801/8c/a9d88660c2370c02.jpg""}, {""small"": ""https://imgs.qunarzz.com/p/tts5/1801/9c/db844d2cf35a1402.jpg_120x120_2f90ba96.jpg"", ""title"": """", ""big"": ""https://imgs.qunarzz.com/p/tts5/1801/9c/db844d2cf35a1402.jpg""}], ""userNickName"": ""M*7"", ""replyCityName"": """", ""cityName"": """"}, {""author"": ""3*3"", ""content"": ""\u73af\u5883\u7279\u522b\u597d\uff0c\u503c\u5f97\u62e5\u6709\uff0c\u7279\u653e\u677e\uff0c\u5b89\u9759\u3002"", ""date"": ""2017-06-10"", ""score"": 5, ""commentId"": ""204999115"", ""imgs"": [], ""userNickName"": ""3*3"", ""replyCityName"": """", ""cityName"": """"}], ""score"": 4.4, ""commentCount"": 40}, ""statusCode"": 200}"
石博宇宙城,https://imgs.qunarzz.com/sight/p0/1503/4d/4dd10c20c69ae22a.img.jpg_280x200_40e44f20.jpg,中山市,中山市,中山市五桂山镇石鼓商业街5号,128,4.3,石文化的教科书,https://piao.qunar.com/ticket/detail_3946907479.html?st=a3clM0QlRTQlQjglQUQlRTUlQjElQjElRTUlQjglODIlMjZpZCUzRDE4NzE0OSUyNnR5cGUlM0QwJTI2aWR4JTNENTMlMjZxdCUzRCUyNmFwayUzRDIlMjZzYyUzRFdXVyUyNnVyJTNEJUU0JUI4JUFEJUU1JUIxJUIxJTI2bHIlM0QlRTQlQjglQUQlRTUlQjElQjElMjZmdCUzRCU3QiU3RA%3D%3D#from=mpl_search_suggest,-1.0,N/A,中山石博宇宙城，国内藏品品种全，价值高的石头博物馆。石博宇宙城位于风景秀丽的中山市五桂山生态保护区。是一家集科普、旅游、科研、文化传播于一体的综合性文化旅游企业、为中国观赏石协会副会长单位、广东省、中山市科普教育示范基地、中山市报业集团小记者实践基地。占地10亩，由10多个展厅组成。城内就是活生生的一本地球科学、宇宙科学的教科书。1.通过大量的新旧石器时代的出土石器去了解人类从猿人进化成人类的文明历程2.通过大量的动植物化石以穿越亿年时空的感觉去探索古生代的自然环境3.通过大量的独一无二的镇殿之宝感受大自然的鬼斧神工，无所不能之奇妙4.通过用逼真的天然石头堆砌而成的满汉全席去品尝食在中国的饮食文化5.通过史前飞碟化石去探寻UFO之谜6.通过大量的宝玉石去欣赏会唱歌的石头园区观赏藏品分区：1.大型奇石展区（观赏中国四大名石，陶冶情操）2.科普宇宙专题影视厅（了解地球，了解宇宙大世界）3.新旧石器时代展区：新旧石器文化、红山文化、良渚文化的精彩展示让您博古通今4.矿物标本晶石展区（科普石头在生活及工业应用）5.矿物晶体奇石展区（感受大自然的鬼斧神工）6.远古植物化石展区（探索亿年地球植物演变）7.满汉全席（108道菜）展区（科普宫廷饮食文化）8.天然夜明珠展区（会发光的石头）9.帝皇七星宝石展区（矿物界绝品，独一无二，无价之宝）10.远古海洋、陆地动物化石展区（探索亿年地球生物演变）11.远古鱼龙、鱼类化石展区（探索亿年地球生物演变，了解远古海洋霸主鱼龙）、12.神秘远古飞碟石展区（解读著名UFO事件，了解外太空）13.3D画展区：（不仅可以看，还可以玩，人与画面融为一体的奇妙效果）14.......,具体营业状态以当天开放情况为准,https://imgs.qunarzz.com/sight/p0/1503/4d/4dd10c20c69ae22a.img.jpg_710x360_9a60ad17.jpg〇https://imgs.qunarzz.com/sight/p0/201301/23/d6b9f374797b1a8ec8d65eac.jpg_710x360_8aec6ea0.jpg〇https://imgs.qunarzz.com/sight/p0/201405/09/98a9613169cc2ad2e7e353c02acdb2f4.jpg_710x360_a0dbdf45.jpg〇https://imgs.qunarzz.com/sight/p0/201405/09/24814b05cf80fa6c3360ae82eddbbbae.jpg_710x360_c471d463.jpg〇https://imgs.qunarzz.com/sight/p0/1503/37/379465737b9f93c5.img.jpg_710x360_ec10a7f3.jpg〇https://imgs.qunarzz.com/sight/p0/1503/a2/a27f631eab66ad11.img.jpg_710x360_4ec763f2.jpg〇https://imgs.qunarzz.com/sight/p0/1503/70/7051288d2d064ed9.img.jpg_710x360_7c1e7561.jpg〇https://imgs.qunarzz.com/sight/p0/1503/54/544596f0a73adbbe.img.jpg_710x360_7fb15ad5.jpg〇https://imgs.qunarzz.com/sight/p0/1503/5f/5f72a4e03874d0.img.jpg_710x360_49d25ea7.jpg〇https://imgs.qunarzz.com/sight/p0/1503/89/89c1249d499f89e.img.jpg_710x360_a4442924.jpg〇https://imgs.qunarzz.com/sight/p0/1503/cd/cd22f07371402724.img.jpg_710x360_f3f25211.jpg〇https://imgs.qunarzz.com/sight/p0/1503/33/33c097cc812410e4.img.jpg_710x360_dda5448f.jpg〇https://imgs.qunarzz.com/sight/p0/1503/3d/3dca1613ef261c02.img.jpg_710x360_fe809182.jpg〇https://qimgs.qunarzz.com/piao_qsight_provider_piao_qsight_web/593938efcbad3202.jpg_710x360_6286a53d.jpg〇https://qimgs.qunarzz.com/piao_qsight_provider_piao_qsight_web/9f36892224f0b302.jpg_710x360_221da2c8.jpg〇https://qimgs.qunarzz.com/piao_qsight_provider_piao_qsight_web/ac7192b4b43be02.jpg_710x360_f28f8af5.jpg〇https://qimgs.qunarzz.com/piao_qsight_provider_piao_qsight_web/c8a54f8f933cda02.jpg_710x360_b4543e87.jpg〇https://qimgs.qunarzz.com/piao_qsight_provider_piao_qsight_web/f5a48d0d1a7a602.jpg_710x360_d321ddad.jpg〇https://qimgs.qunarzz.com/piao_qsight_provider_piao_qsight_web/1ad6937fa8e76a02.jpg_710x360_305ca43e.jpg〇https://qimgs.qunarzz.com/piao_qsight_provider_piao_qsight_web/1afc43c558d42402.jpg_710x360_545a28c7.jpg〇https://qimgs.qunarzz.com/piao_qsight_provider_piao_qsight_web/c7a5a5605cbc6202.jpg_710x360_e5219c2b.jpg〇https://qimgs.qunarzz.com/piao_qsight_provider_piao_qsight_web/4233f3f94f703202.jpg_710x360_c1f5234e.jpg〇https://qimgs.qunarzz.com/piao_qsight_provider_piao_qsight_web/a73ec7d843f8f202.jpg_710x360_a499587d.jpg〇https://qimgs.qunarzz.com/piao_qsight_provider_piao_qsight_web/32185f53371fd702.jpg_710x360_7ad88682.jpg〇https://qimgs.qunarzz.com/piao_qsight_provider_piao_qsight_web/0b8f4bb2cba4fd02.jpg_710x360_4046f1bf.jpg〇https://qimgs.qunarzz.com/piao_qsight_provider_piao_qsight_web/66a5f7b3d87a9002.jpg_710x360_5d022705.jpg〇https://qimgs.qunarzz.com/piao_qsight_provider_piao_qsight_web/d9f5d04801660002.jpg_710x360_05261a4f.jpg〇https://qimgs.qunarzz.com/piao_qsight_provider_piao_qsight_web/453e91a829e92c02.jpg_710x360_ff8f8be7.jpg〇https://qimgs.qunarzz.com/piao_qsight_provider_piao_qsight_web/92f48f46d8349702.jpg_710x360_18ef4ae7.jpg〇https://qimgs.qunarzz.com/piao_qsight_provider_piao_qsight_web/2ebda3451d249702.jpg_710x360_8e4e852b.jpg〇https://qimgs.qunarzz.com/piao_qsight_provider_piao_qsight_web/bca51af899805502.jpg_710x360_9d204e79.jpg〇https://qimgs.qunarzz.com/piao_qsight_provider_piao_qsight_web/6b28c189157d0d02.jpg_710x360_74955453.jpg〇https://qimgs.qunarzz.com/piao_qsight_provider_piao_qsight_web/d91f9bfcf8d7602.jpg_710x360_4bedc694.jpg,"{""ret"": true, ""data"": {""tagList"": [{""tagType"": 2, ""tagScore"": 5, ""tagNum"": 2, ""tagName"": ""\u4e2d\u8bc4""}, {""tagType"": 1, ""tagScore"": 5, ""tagNum"": 125, ""tagName"": ""\u597d\u8bc4""}, {""tagType"": 0, ""tagScore"": 5, ""tagNum"": 128, ""tagName"": ""\u5168\u90e8""}], ""commentList"": [{""author"": ""_*6"", ""content"": ""\u8fd8\u4e0d\u9519\uff0c\u5b66\u5b66\u5386\u53f2\u4e5f\u662f\u4e0d\u9519\u7684\uff0c\u54c8\u54c8\u54c8"", ""date"": ""2017-08-28"", ""score"": 4, ""commentId"": ""204726572"", ""imgs"": [{""small"": ""https://imgs.qunarzz.com/p/tts6/1712/50/66a5f7b3d87a9002.jpg_120x120_e0b470ac.jpg"", ""title"": """", ""big"": ""https://imgs.qunarzz.com/p/tts6/1712/50/66a5f7b3d87a9002.jpg""}, {""small"": ""https://imgs.qunarzz.com/p/tts1/1712/1c/0b8f4bb2cba4fd02.jpg_120x120_32628c64.jpg"", ""title"": """", ""big"": ""https://imgs.qunarzz.com/p/tts1/1712/1c/0b8f4bb2cba4fd02.jpg""}, {""small"": ""https://imgs.qunarzz.com/p/tts2/1712/df/32185f53371fd702.jpg_120x120_08ae62e6.jpg"", ""title"": """", ""big"": ""https://imgs.qunarzz.com/p/tts2/1712/df/32185f53371fd702.jpg""}, {""small"": ""https://imgs.qunarzz.com/p/tts9/1712/94/a73ec7d843f8f202.jpg_120x120_e0a74917.jpg"", ""title"": """", ""big"": ""https://imgs.qunarzz.com/p/tts9/1712/94/a73ec7d843f8f202.jpg""}, {""small"": ""https://imgs.qunarzz.com/p/tts5/1712/18/4233f3f94f703202.jpg_120x120_7f0f91cc.jpg"", ""title"": """", ""big"": ""https://imgs.qunarzz.com/p/tts5/1712/18/4233f3f94f703202.jpg""}, {""small"": ""https://imgs.qunarzz.com/p/tts1/1712/95/02e0471dda60ee02.jpg_120x120_179e896b.jpg"", ""title"": """", ""big"": ""https://imgs.qunarzz.com/p/tts1/1712/95/02e0471dda60ee02.jpg""}, {""small"": ""https://imgs.qunarzz.com/p/tts7/1712/a8/c7a5a5605cbc6202.jpg_120x120_010fa0f5.jpg"", ""title"": """", ""big"": ""https://imgs.qunarzz.com/p/tts7/1712/a8/c7a5a5605cbc6202.jpg""}, {""small"": ""https://imgs.qunarzz.com/p/tts2/1712/58/1afc43c558d42402.jpg_120x120_74372700.jpg"", ""title"": """", ""big"": ""https://imgs.qunarzz.com/p/tts2/1712/58/1afc43c558d42402.jpg""}, {""small"": ""https://imgs.qunarzz.com/p/tts5/1712/d0/1ad6937fa8e76a02.jpg_120x120_2830fff8.jpg"", ""title"": """", ""big"": ""https://imgs.qunarzz.com/p/tts5/1712/d0/1ad6937fa8e76a02.jpg""}, {""small"": ""https://imgs.qunarzz.com/p/tts7/1712/ab/f5a48d0d1a7a602.jpg_120x120_0a9fd2cf.jpg"", ""title"": """", ""big"": ""https://imgs.qunarzz.com/p/tts7/1712/ab/f5a48d0d1a7a602.jpg""}, {""small"": ""https://imgs.qunarzz.com/p/tts2/1712/36/c8a54f8f933cda02.jpg_120x120_8af74d1e.jpg"", ""title"": """", ""big"": ""https://imgs.qunarzz.com/p/tts2/1712/36/c8a54f8f933cda02.jpg""}, {""small"": ""https://imgs.qunarzz.com/p/tts2/1712/1b/ac7192b4b43be02.jpg_120x120_71b34d72.jpg"", ""title"": """", ""big"": ""https://imgs.qunarzz.com/p/tts2/1712/1b/ac7192b4b43be02.jpg""}, {""small"": ""https://imgs.qunarzz.com/p/tts5/1712/c2/9f36892224f0b302.jpg_120x120_b3a99df0.jpg"", ""title"": """", ""big"": ""https://imgs.qunarzz.com/p/tts5/1712/c2/9f36892224f0b302.jpg""}, {""small"": ""https://imgs.qunarzz.com/p/tts6/1712/7a/593938efcbad3202.jpg_120x120_57bc462d.jpg"", ""title"": """", ""big"": ""https://imgs.qunarzz.com/p/tts6/1712/7a/593938efcbad3202.jpg""}, {""small"": ""https://imgs.qunarzz.com/p/tts3/1712/a7/5a8116fd58c3dc02.jpg_120x120_7ad8b3aa.jpg"", ""title"": """", ""big"": ""https://imgs.qunarzz.com/p/tts3/1712/a7/5a8116fd58c3dc02.jpg""}], ""userNickName"": ""_*6"", ""replyCityName"": """", ""cityName"": """"}, {""author"": ""z*4"", ""content"": ""\u7528\u6237\u672a\u70b9\u8bc4\uff0c\u7cfb\u7edf\u9ed8\u8ba4\u597d\u8bc4\u3002"", ""date"": ""2018-01-23"", ""score"": 5, ""commentId"": ""205174011"", ""imgs"": [], ""userNickName"": ""z*4"", ""replyCityName"": """", ""cityName"": """"}, {""author"": ""u*1"", ""content"": ""\u7528\u6237\u672a\u70b9\u8bc4\uff0c\u7cfb\u7edf\u9ed8\u8ba4\u597d\u8bc4\u3002"", ""date"": ""2018-01-01"", ""score"": 5, ""commentId"": ""204845258"", ""imgs"": [], ""userNickName"": ""u*1"", ""replyCityName"": """", ""cityName"": """"}, {""author"": ""l*8"", ""content"": ""\u7528\u6237\u672a\u70b9\u8bc4\uff0c\u7cfb\u7edf\u9ed8\u8ba4\u597d\u8bc4\u3002"", ""date"": ""2017-12-27"", ""score"": 5, ""commentId"": ""204693099"", ""imgs"": [], ""userNickName"": ""l*8"", ""replyCityName"": """", ""cityName"": """"}, {""author"": ""z*4"", ""content"": ""\u7528\u6237\u672a\u70b9\u8bc4\uff0c\u7cfb\u7edf\u9ed8\u8ba4\u597d\u8bc4\u3002"", ""date"": ""2017-12-25"", ""score"": 5, ""commentId"": ""204517739"", ""imgs"": [], ""userNickName"": ""z*4"", ""replyCityName"": """", ""cityName"": """"}, {""author"": ""v*9"", ""content"": ""\u7528\u6237\u672a\u70b9\u8bc4\uff0c\u7cfb\u7edf\u9ed8\u8ba4\u597d\u8bc4\u3002"", ""date"": ""2017-12-01"", ""score"": 5, ""commentId"": ""203785246"", ""imgs"": [], ""userNickName"": ""v*9"", ""replyCityName"": """", ""cityName"": """"}, {""author"": ""\u4e50*\u513f"", ""content"": ""\u7528\u6237\u672a\u70b9\u8bc4\uff0c\u7cfb\u7edf\u9ed8\u8ba4\u597d\u8bc4\u3002"", ""date"": ""2017-11-21"", ""score"": 5, ""commentId"": ""203687193"", ""imgs"": [], ""userNickName"": ""\u4e50*\u513f"", ""replyCityName"": """", ""cityName"": """"}, {""author"": ""g*9"", ""content"": ""\u7528\u6237\u672a\u70b9\u8bc4\uff0c\u7cfb\u7edf\u9ed8\u8ba4\u597d\u8bc4\u3002"", ""date"": ""2017-11-21"", ""score"": 5, ""commentId"": ""203684604"", ""imgs"": [], ""userNickName"": ""g*9"", ""replyCityName"": """", ""cityName"": """"}, {""author"": ""l*7"", ""content"": ""\u7528\u6237\u672a\u70b9\u8bc4\uff0c\u7cfb\u7edf\u9ed8\u8ba4\u597d\u8bc4\u3002"", ""date"": ""2017-11-14"", ""score"": 5, ""commentId"": ""203635773"", ""imgs"": [], ""userNickName"": ""l*7"", ""replyCityName"": """", ""cityName"": """"}, {""author"": ""k*6"", ""content"": ""\u7528\u6237\u672a\u70b9\u8bc4\uff0c\u7cfb\u7edf\u9ed8\u8ba4\u597d\u8bc4\u3002"", ""date"": ""2017-11-05"", ""score"": 5, ""commentId"": ""203456383"", ""imgs"": [], ""userNickName"": ""k*6"", ""replyCityName"": """", ""cityName"": """"}], ""score"": 4.3, ""commentCount"": 128}, ""statusCode"": 200}"
中山天和温泉度假村,https://imgs.qunarzz.com/sight/p0/201301/15/169b945aea18278693835fbb.png_280x200_5f326fc5.png,中山市,中山市,广东省中山市火炬开发区康乐大道26号,5,4.6,风格独特，温馨高雅的温泉之旅,https://piao.qunar.com/ticket/detail_1437666058.html?st=a3clM0QlRTQlQjglQUQlRTUlQjElQjElRTUlQjglODIlMjZpZCUzRDM1MDQxJTI2dHlwZSUzRDAlMjZpZHglM0Q1MiUyNnF0JTNEJTI2YXBrJTNEMiUyNnNjJTNEV1dXJTI2dXIlM0QlRTQlQjglQUQlRTUlQjElQjElMjZsciUzRCVFNCVCOCVBRCVFNSVCMSVCMSUyNmZ0JTNEJTdCJTdE#from=mpl_search_suggest,-1.0,N/A,中山聚龙湾度假村毗邻中山港码头南侧，占地总面积约15万平方米，建筑面积达9.6万平方米，度假村整体由露天温泉区、温泉别墅群、假日商务酒店及丽晶会娱乐会所四大主题构成。度假村现有100余个各级特色的露天温泉池，其中包括温泉别墅私家温泉41个，均引用深海CI-Na型咸水矿泉水，富含偏硅酸、氯化钠、氟、锂、锶、溴等多种有益人体矿物质、微量元素和其他有效成份。温泉别墅区是由41余幢别有风情的欧式独立别墅组成，客房均配有高速光纤宽带网络接入，酒店设计风格独特，装饰高雅。,暂无,https://imgs.qunarzz.com/sight/p0/201301/15/169b945aea18278693835fbb.png_710x360_e752f57b.png〇https://imgs.qunarzz.com/sight/p0/201301/15/97448e08d556becb93835fbb.png_710x360_64f902a8.png〇https://imgs.qunarzz.com/sight/p0/201301/15/a4642629886f33ae93835fbb.png_710x360_ff989e16.png〇https://imgs.qunarzz.com/sight/p0/201301/15/8b482e6659532f2993835fbb.png_710x360_7b52c590.png〇https://imgs.qunarzz.com/sight/p0/201301/15/964f891c9c43941a93835fbb.png_710x360_c09e0312.png〇https://imgs.qunarzz.com/sight/p0/201301/15/4ce7570af394e29b93835fbb.png_710x360_72cd6d30.png〇https://imgs.qunarzz.com/sight/p0/201301/15/961f28e2dac3627293835fbb.png_710x360_11d85cf4.png,"{""ret"": true, ""data"": {""tagList"": [{""tagType"": 32, ""tagScore"": 5, ""tagNum"": 1, ""tagName"": ""\u670d\u52a1\u597d""}, {""tagType"": 16, ""tagScore"": 5, ""tagNum"": 1, ""tagName"": ""\u9760\u8c31""}, {""tagType"": 8, ""tagScore"": 5, ""tagNum"": 1, ""tagName"": ""\u4fbf\u5b9c""}, {""tagType"": 4, ""tagScore"": 5, ""tagNum"": 1, ""tagName"": ""\u53d6\u7968\u65b9\u4fbf""}, {""tagType"": 2, ""tagScore"": 5, ""tagNum"": 1, ""tagName"": ""\u4e2d\u8bc4""}, {""tagType"": 1, ""tagScore"": 5, ""tagNum"": 4, ""tagName"": ""\u597d\u8bc4""}, {""tagType"": 0, ""tagScore"": 5, ""tagNum"": 5, ""tagName"": ""\u5168\u90e8""}], ""commentList"": [{""author"": ""y*6"", ""content"": ""\u8fd8\u884c\u5427\uff0c\u9762\u79ef\u4e0d\u592a\u5927\uff0c\u4f46\u9002\u5408\u4e00\u5bb6\u8001\u5c0f\u6e38\u73a9"", ""date"": ""2015-10-07"", ""score"": 5, ""commentId"": ""83258941"", ""imgs"": [], ""userNickName"": ""y*6"", ""replyCityName"": """", ""cityName"": """"}, {""author"": ""\u8fdc*\u5ce6"", ""content"": ""\u4e0d\u9519\uff0c\u4ef7\u683c\u5408\u7406\uff0c\u6027\u4ef7\u6bd4\u9ad8"", ""date"": ""2015-10-06"", ""score"": 5, ""commentId"": ""82919893"", ""imgs"": [], ""userNickName"": ""\u8fdc*\u5ce6"", ""replyCityName"": """", ""cityName"": """"}, {""author"": ""\u671d*\u54e5"", ""content"": ""\u81ea\u9a7e\u8f66\u53bb\u7684\uff0c\u53d6\u7968\u65b9\u4fbf\uff0c\u5165\u573a\u987a\u5229\uff0c\u73a9\u5f97\u5f00\u5fc3\u3002"", ""date"": ""2015-08-12"", ""score"": 5, ""commentId"": ""67243528"", ""imgs"": [], ""userNickName"": ""\u671d*\u54e5"", ""replyCityName"": """", ""cityName"": """"}, {""author"": ""v*8"", ""content"": ""\u73af\u5883\u4e00\u822c\uff0c\u670d\u52a1\u4e0d\u597d\uff0c\u536b\u751f\u5c24\u5176\u5dee"", ""date"": ""2015-05-29"", ""score"": 3, ""commentId"": ""51125829"", ""imgs"": [], ""userNickName"": ""v*8"", ""replyCityName"": """", ""cityName"": """"}, {""author"": ""h*e"", ""content"": ""\u73af\u5883\u4e0d\u9519\uff0c\u6e29\u6cc9\u6570\u91cf\u8f83\u591a\uff0c\u4ef7\u683c\u5b9e\u60e0\uff01"", ""date"": ""2015-02-28"", ""score"": 5, ""commentId"": ""33817314"", ""imgs"": [], ""userNickName"": ""h*e"", ""replyCityName"": """", ""cityName"": """"}], ""score"": 4.6, ""commentCount"": 5}, ""statusCode"": 200}"
中山德华湿地花海,https://imgs.qunarzz.com/sight/p0/1802/bc/bc3c56b3b2956b6ba3.img.jpg_280x200_fe0d9a3d.jpg,中山市,中山市,广东省中山市横栏镇新茂积兴围德华湿地花海农场,56,4.6,构建出错纵复杂的植物迷宫,https://piao.qunar.com/ticket/detail_2864562707.html?st=a3clM0QlRTQlQjglQUQlRTUlQjElQjElRTUlQjglODIlMjZpZCUzRDQ2NzQ2NiUyNnR5cGUlM0QwJTI2aWR4JTNENTElMjZxdCUzRCUyNmFwayUzRDIlMjZzYyUzRFdXVyUyNnVyJTNEJUU0JUI4JUFEJUU1JUIxJUIxJTI2bHIlM0QlRTQlQjglQUQlRTUlQjElQjElMjZmdCUzRCU3QiU3RA%3D%3D#from=mpl_search_suggest,-1.0,N/A,中山德华湿地公园近日建成投入使用，并栽培有300多亩香水莲、水生美人蕉、香蒲等水生植物，让市民在休闲娱乐中，感受水生植物的独特魅力。据悉，中山德华湿地公园占地面积600多亩，是一个集农业生态观光、休闲娱乐、农业生产、科普拓展、餐饮野炊等多*能于一体的综合性景区。公园有湿地植物观赏园、赏莲湖、机动游乐园、儿童乐园等近30个特色景点和休闲项目。在湿地公园的深处，竖着一根根2米多高的水泥柱，一些藤生植物和杜鹃花正在沿着柱子攀长。公园管理人员介绍，当这些植物经过约半年的生长爬到柱子顶端时，就会形成一道天然的绿色屏障，构建出错纵复杂的植物迷宫。该迷宫占地60多亩，是华南地区目前正在建设的最大的植物迷宫。作为引入民间资金建设的市级湿地公园，该公园将为中山以及周边城市居民提供一个以观赏水生植物为主的休闲观光、旅游度假、科普拓展、餐饮野炊于一体的生活基地。,景区暂时停业，详情请以景区公示为准；原开放时间:9:00-18:00，17:30停止入场。,https://imgs.qunarzz.com/sight/p0/1802/a7/a751b145f9b4e0dba3.img.jpg_710x360_0cd46b20.jpg〇https://imgs.qunarzz.com/sight/p0/1802/3e/3e8c2851e72e0037a3.img.jpg_710x360_5cf85c15.jpg〇https://imgs.qunarzz.com/sight/p0/1802/14/148829272ad9b51fa3.img.jpg_710x360_987840a4.jpg〇https://imgs.qunarzz.com/sight/p0/1802/5e/5eb0860f0fce60aca3.img.jpg_710x360_9b090ad4.jpg〇https://imgs.qunarzz.com/sight/p0/1802/d0/d0e7000ae09df7cca3.img.jpg_710x360_2bb40ca7.jpg〇https://imgs.qunarzz.com/sight/p0/1802/bc/bc3c56b3b2956b6ba3.img.jpg_710x360_59364c2d.jpg〇https://imgs.qunarzz.com/sight/p0/1802/e8/e80ccb4d947b6ba3a3.img.jpg_710x360_9ea410af.jpg〇https://qimgs.qunarzz.com/piao_qsight_provider_piao_qsight_web/f29eb6fcb37fd302.jpg_710x360_cd8adb6b.jpg〇https://qimgs.qunarzz.com/piao_qsight_provider_piao_qsight_web/5a5db6b68c2b5d02.jpg_710x360_21914011.jpg〇https://qimgs.qunarzz.com/piao_qsight_provider_piao_qsight_web/6ab765a4fdbc7102.jpg_710x360_8c40648b.jpg〇https://qimgs.qunarzz.com/piao_qsight_provider_piao_qsight_web/7903b0eccc041902.jpg_710x360_ff6eca10.jpg〇https://qimgs.qunarzz.com/piao_qsight_provider_piao_qsight_web/df814bcc6b5e3d02.jpg_710x360_09ab7f1d.jpg〇https://qimgs.qunarzz.com/piao_qsight_provider_piao_qsight_web/a60ecc89cd083a02.jpg_710x360_6a949528.jpg〇https://qimgs.qunarzz.com/piao_qsight_provider_piao_qsight_web/f29eb6fcb37fd302.jpg_710x360_cd8adb6b.jpg〇https://qimgs.qunarzz.com/piao_qsight_provider_piao_qsight_web/c2c1e6b07599cb02.jpg_710x360_55d9f2d8.jpg〇https://qimgs.qunarzz.com/piao_qsight_provider_piao_qsight_web/06c4458ad6d27202.jpg_710x360_e2ca80c8.jpg〇https://qimgs.qunarzz.com/piao_qsight_provider_piao_qsight_web/fd88ca2d880f3602.jpg_710x360_50313454.jpg〇https://qimgs.qunarzz.com/piao_qsight_provider_piao_qsight_web/c4c1d4c609de4302.jpg_710x360_b61a7976.jpg〇https://qimgs.qunarzz.com/piao_qsight_provider_piao_qsight_web/95d958ef3c83c502.jpg_710x360_d45d30ab.jpg〇https://qimgs.qunarzz.com/piao_qsight_provider_piao_qsight_web/99dbc37fb8848102.jpg_710x360_0059a8de.jpg〇https://qimgs.qunarzz.com/piao_qsight_provider_piao_qsight_web/4d21d1382e5bdc02.jpg_710x360_4d59878b.jpg〇https://qimgs.qunarzz.com/piao_qsight_provider_piao_qsight_web/02c36813107c2402.jpg_710x360_6f3494ff.jpg〇https://qimgs.qunarzz.com/piao_qsight_provider_piao_qsight_web/02c36813107c2402.jpg_710x360_6f3494ff.jpg,"{""ret"": true, ""data"": {""tagList"": [{""tagType"": 3, ""tagScore"": 5, ""tagNum"": 5, ""tagName"": ""\u5dee\u8bc4""}, {""tagType"": 2, ""tagScore"": 5, ""tagNum"": 1, ""tagName"": ""\u4e2d\u8bc4""}, {""tagType"": 1, ""tagScore"": 5, ""tagNum"": 50, ""tagName"": ""\u597d\u8bc4""}, {""tagType"": 0, ""tagScore"": 5, ""tagNum"": 56, ""tagName"": ""\u5168\u90e8""}], ""commentList"": [{""author"": ""2*2"", ""content"": ""\u6211\u4eec\u53bb\u7684\u65f6\u5019\u611f\u89c9\u4e0a\u5f88\u591a\u4e1c\u897f\u8fd8\u5728\u5efa\uff0c\u53ef\u80fd\u540e\u671f\u4f1a\u597d\u5427\uff01\u513f\u7ae5\u6e38\u4e50\u8bbe\u65bd\u6bd4\u8f83\u591a\uff0c\u9002\u5408\u5c0f\u5b69\u5b50\u53bb\uff0c\u82b1\u6d77\u8bf4\u5b9e\u8bdd\u4e0d\u591a\uff0c\u53ea\u6709\u4e00\u7247\u85b0\u8863\u8349\u82b1\u6d77\uff0c\u70ed\u6c14\u7403\u6211\u4eec\u53bb\u7684\u65f6\u5019\u6ca1\u770b\u5230\uff0c\u666f\u533a\u6bd4\u8f83\u5927\u4e0d\u8fc7\u770b\u7684\u4e1c\u897f\u4e0d\u7b97\u591a\u6240\u4ee5\u534a\u4e2a\u949f\u90fd\u4e0d\u7528\u5c31\u8d70\u5b8c\u4e86\uff01\u5c31\u95e8\u53e3\u591a\u4e00\u70b9\u4e1c\u897f\u770b\uff0c\u5176\u4ed6\u6ca1\u4ec0\u4e48\uff01\uff01"", ""date"": ""2018-05-12"", ""score"": 4, ""commentId"": ""206199055"", ""imgs"": [{""small"": ""https://imgs.qunarzz.com/p/tts2/1805/3d/95d958ef3c83c502.jpg_120x120_bab54525.jpg"", ""title"": """", ""big"": ""https://imgs.qunarzz.com/p/tts2/1805/3d/95d958ef3c83c502.jpg""}, {""small"": ""https://imgs.qunarzz.com/p/tts2/1805/bb/c4c1d4c609de4302.jpg_120x120_a6a5deb5.jpg"", ""title"": """", ""big"": ""https://imgs.qunarzz.com/p/tts2/1805/bb/c4c1d4c609de4302.jpg""}, {""small"": ""https://imgs.qunarzz.com/p/tts7/1805/1f/fd88ca2d880f3602.jpg_120x120_32d89bb9.jpg"", ""title"": """", ""big"": ""https://imgs.qunarzz.com/p/tts7/1805/1f/fd88ca2d880f3602.jpg""}, {""small"": ""https://imgs.qunarzz.com/p/tts7/1805/be/06c4458ad6d27202.jpg_120x120_69723fcd.jpg"", ""title"": """", ""big"": ""https://imgs.qunarzz.com/p/tts7/1805/be/06c4458ad6d27202.jpg""}, {""small"": ""https://imgs.qunarzz.com/p/tts9/1805/24/c2c1e6b07599cb02.jpg_120x120_42bc945b.jpg"", ""title"": """", ""big"": ""https://imgs.qunarzz.com/p/tts9/1805/24/c2c1e6b07599cb02.jpg""}, {""small"": ""https://imgs.qunarzz.com/p/tts7/1805/5a/f29eb6fcb37fd302.jpg_120x120_8f37c598.jpg"", ""title"": """", ""big"": ""https://imgs.qunarzz.com/p/tts7/1805/5a/f29eb6fcb37fd302.jpg""}, {""small"": ""https://imgs.qunarzz.com/p/tts1/1805/e5/a60ecc89cd083a02.jpg_120x120_59786a36.jpg"", ""title"": """", ""big"": ""https://imgs.qunarzz.com/p/tts1/1805/e5/a60ecc89cd083a02.jpg""}, {""small"": ""https://imgs.qunarzz.com/p/tts4/1805/36/df814bcc6b5e3d02.jpg_120x120_f2b37f66.jpg"", ""title"": """", ""big"": ""https://imgs.qunarzz.com/p/tts4/1805/36/df814bcc6b5e3d02.jpg""}, {""small"": ""https://imgs.qunarzz.com/p/tts3/1805/eb/7903b0eccc041902.jpg_120x120_5c12089b.jpg"", ""title"": """", ""big"": ""https://imgs.qunarzz.com/p/tts3/1805/eb/7903b0eccc041902.jpg""}, {""small"": ""https://imgs.qunarzz.com/p/tts3/1805/ba/6ab765a4fdbc7102.jpg_120x120_73cedab7.jpg"", ""title"": """", ""big"": ""https://imgs.qunarzz.com/p/tts3/1805/ba/6ab765a4fdbc7102.jpg""}, {""small"": ""https://imgs.qunarzz.com/p/tts0/1805/f6/5a5db6b68c2b5d02.jpg_120x120_807c6899.jpg"", ""title"": """", ""big"": ""https://imgs.qunarzz.com/p/tts0/1805/f6/5a5db6b68c2b5d02.jpg""}, {""small"": ""https://imgs.qunarzz.com/p/tts5/1805/5a/f29eb6fcb37fd302.jpg_120x120_878b4a8f.jpg"", ""title"": """", ""big"": ""https://imgs.qunarzz.com/p/tts5/1805/5a/f29eb6fcb37fd302.jpg""}], ""userNickName"": ""2*2"", ""replyCityName"": """", ""cityName"": """"}, {""author"": ""z*n"", ""content"": ""\u672c\u6765\u662f\u633a\u72b9\u8c6b\u8981\u4e0d\u8981\u53bb\u73a9\u7684\uff0c\u56e0\u4e3a\u6a2a\u680f\u8fd9\u4e2a\u5730\u65b9\u7a7a\u6c14\u672c\u9886\u4e45\u5c31\u4e0d\u597d\uff0c\u60f3\u5e26\u5b69\u5b50\u53bb\u7a7a\u6c14\u597d\u7684\u5730\u65b9\u73a9\u73a9\uff0c\u5230\u4e86\u95e8\u53e3\u770b\u597d\u50cf\u8fd8\u4e0d\u9519\u5c31\u4e70\u7968\u4e86\uff0c\u53ef\u662f\u8fdb\u5230\u91cc\u9762\u771f\u7684\u53ea\u662f\u95e8\u53e3\u8fd8\u4e0d\u9519\u800c\u5df2\uff0c\u91cc\u9762\u90fd\u662f\u4e9b\u5565\u554a\uff0c\u770b\u56fe\u7247\u5c31\u77e5\u9053\u4e86\uff0c\u5728\u95e8\u53e3\u4e70\u796840\uff0c\u6211\u8fd9\u8fb9\u5728\u53bb\u54ea\u513f\u4e7033.6\uff0c\u8fd9\u53ea\u662f\u95e8\u7968\uff0c\u91cc\u9762\u6240\u6709\u8bbe\u65bd\u73a9\u7684\u5168\u90fd\u8981\u6536\u94b1\uff0c\u4e70\u5957\u7968\u662f80\u4e00\u4eba\uff0c\u8fd9\u771f\u7684\u662f\u4e0d\u4f1a\u5728\u6765\u7b2c\u4e8c\u6b21\u4e86"", ""date"": ""2018-04-23"", ""score"": 1, ""commentId"": ""205911893"", ""imgs"": [{""small"": ""https://imgs.qunarzz.com/piao/fusion/1804/d6/02c36813107c2402.jpg_120x120_dcd56e75.jpg"", ""title"": """", ""big"": ""https://imgs.qunarzz.com/piao/fusion/1804/d6/02c36813107c2402.jpg""}, {""small"": ""https://imgs.qunarzz.com/piao/fusion/1804/a2/4d21d1382e5bdc02.jpg_120x120_e30a5e36.jpg"", ""title"": """", ""big"": ""https://imgs.qunarzz.com/piao/fusion/1804/a2/4d21d1382e5bdc02.jpg""}, {""small"": ""https://imgs.qunarzz.com/piao/fusion/1804/8a/99dbc37fb8848102.jpg_120x120_5ba3b24d.jpg"", ""title"": """", ""big"": ""https://imgs.qunarzz.com/piao/fusion/1804/8a/99dbc37fb8848102.jpg""}], ""userNickName"": ""z*n"", ""replyCityName"": """", ""cityName"": """"}, {""author"": ""w*8"", ""content"": ""\u4e0d\u8981\u53bb\u4e0d\u8981\u53bb\uff0c\u4ec0\u4e48\u90fd\u6ca1\u6709\uff0c\u82b1\u7684\u5f71\u5b50\u90fd\u6ca1\u770b\u5230"", ""date"": ""2019-04-10"", ""score"": 5, ""commentId"": ""210000586"", ""imgs"": [], ""userNickName"": ""w*8"", ""replyCityName"": """", ""cityName"": """"}, {""author"": ""z*n"", ""content"": ""\u672c\u6765\u662f\u633a\u72b9\u8c6b\u8981\u4e0d\u8981\u53bb\u73a9\u7684\uff0c\u56e0\u4e3a\u6a2a\u680f\u8fd9\u4e2a\u5730\u65b9\u7a7a\u6c14\u672c\u9886\u4e45\u5c31\u4e0d\u597d\uff0c\u60f3\u5e26\u5b69\u5b50\u53bb\u7a7a\u6c14\u597d\u7684\u5730\u65b9\u73a9\u73a9\uff0c\u5230\u4e86\u95e8\u53e3\u770b\u597d\u50cf\u8fd8\u4e0d\u9519\u5c31\u4e70\u7968\u4e86\uff0c\u53ef\u662f\u8fdb\u5230\u91cc\u9762\u771f\u7684\u53ea\u662f\u95e8\u53e3\u8fd8\u4e0d\u9519\u800c\u5df2\uff0c\u91cc\u9762\u90fd\u662f\u4e9b\u5565\u554a\uff0c\u770b\u56fe\u7247\u5c31\u77e5\u9053\u4e86\uff0c\u5728\u95e8\u53e3\u4e70\u796840\uff0c\u6211\u8fd9\u8fb9\u5728\u53bb\u54ea\u513f\u4e7033.6\uff0c\u8fd9\u53ea\u662f\u95e8\u7968\uff0c\u91cc\u9762\u6240\u6709\u8bbe\u65bd\u73a9\u7684\u5168\u90fd\u8981\u6536\u94b1\uff0c\u4e70\u5957\u7968\u662f80\u4e00\u4eba\uff0c\u8fd9\u771f\u7684\u662f\u4e0d\u4f1a\u5728\u6765\u7b2c\u4e8c\u6b21\u4e86"", ""date"": ""2018-04-23"", ""score"": 1, ""commentId"": ""205911894"", ""imgs"": [{""small"": ""https://imgs.qunarzz.com/piao/fusion/1804/d6/02c36813107c2402.jpg_120x120_dcd56e75.jpg"", ""title"": """", ""big"": ""https://imgs.qunarzz.com/piao/fusion/1804/d6/02c36813107c2402.jpg""}], ""userNickName"": ""z*n"", ""replyCityName"": """", ""cityName"": """"}, {""author"": ""e*2"", ""content"": ""\u7528\u6237\u672a\u70b9\u8bc4\uff0c\u7cfb\u7edf\u9ed8\u8ba4\u597d\u8bc4\u3002"", ""date"": ""2018-12-04"", ""score"": 5, ""commentId"": ""208686002"", ""imgs"": [], ""userNickName"": ""e*2"", ""replyCityName"": """", ""cityName"": """"}, {""author"": ""d*4"", ""content"": ""\u7528\u6237\u672a\u70b9\u8bc4\uff0c\u7cfb\u7edf\u9ed8\u8ba4\u597d\u8bc4\u3002"", ""date"": ""2018-11-14"", ""score"": 5, ""commentId"": ""208560431"", ""imgs"": [], ""userNickName"": ""d*4"", ""replyCityName"": """", ""cityName"": """"}, {""author"": ""x*7"", ""content"": ""\u7528\u6237\u672a\u70b9\u8bc4\uff0c\u7cfb\u7edf\u9ed8\u8ba4\u597d\u8bc4\u3002"", ""date"": ""2018-11-07"", ""score"": 5, ""commentId"": ""208520496"", ""imgs"": [], ""userNickName"": ""x*7"", ""replyCityName"": """", ""cityName"": """"}, {""author"": ""p*4"", ""content"": ""\u7528\u6237\u672a\u70b9\u8bc4\uff0c\u7cfb\u7edf\u9ed8\u8ba4\u597d\u8bc4\u3002"", ""date"": ""2018-11-07"", ""score"": 5, ""commentId"": ""208516837"", ""imgs"": [], ""userNickName"": ""p*4"", ""replyCityName"": """", ""cityName"": """"}, {""author"": ""m*4"", ""content"": ""\u7528\u6237\u672a\u70b9\u8bc4\uff0c\u7cfb\u7edf\u9ed8\u8ba4\u597d\u8bc4\u3002"", ""date"": ""2018-11-05"", ""score"": 5, ""commentId"": ""208464814"", ""imgs"": [], ""userNickName"": ""m*4"", ""replyCityName"": """", ""cityName"": """"}, {""author"": ""m*4"", ""content"": ""\u7528\u6237\u672a\u70b9\u8bc4\uff0c\u7cfb\u7edf\u9ed8\u8ba4\u597d\u8bc4\u3002"", ""date"": ""2018-11-05"", ""score"": 5, ""commentId"": ""208464789"", ""imgs"": [], ""userNickName"": ""m*4"", ""replyCityName"": """", ""cityName"": """"}], ""score"": 4.6, ""commentCount"": 56}, ""statusCode"": 200}"
岐江公园,https://qimgs.qunarzz.com/piao_qsight_provider_piao_qsight_web/100h14000000vx3eyC6AF_C_900_504.jpg_280x200_bab2709c.jpg,中山市,中山市,广东省中山市西区街道中山一路与大桥横街交叉口东200米,108,4.4,造船厂改建的获奖公园,https://piao.qunar.com/ticket/detail_2630721906.html?st=a3clM0QlRTQlQjglQUQlRTUlQjElQjElRTUlQjglODIlMjZpZCUzRDE4NzE1NCUyNnR5cGUlM0QwJTI2aWR4JTNENTAlMjZxdCUzRCUyNmFwayUzRDIlMjZzYyUzRFdXVyUyNnVyJTNEJUU0JUI4JUFEJUU1JUIxJUIxJTI2bHIlM0QlRTQlQjglQUQlRTUlQjElQjElMjZmdCUzRCU3QiU3RA%3D%3D#from=mpl_search_suggest,-1.0,N/A,岐江夜游的两岸工程由建设局主要负责，包括陆上灯光工程、喷泉景观等，岐江游将展现中山旅游的新面貌。无论是日游岐江还是夜游岐江，都有看头。白天，游客可品味中山的近现代历史文化和独特的空间绿化，夜晚，游客则置身波光留影中，体验景随灯动的情景。岐江无疑是休闲观光的绝佳去处。“岐江游”5公里左右的范围内，旅游资源高度集中，人文、历史等气氛浓厚，商业配套又非常充足；从专业的角度分析，岐江河80米宽的河面非常适合操作游船，游客坐在船上可近距离观赏江景。单从这一点来考虑，“岐江游”胜于“珠江游”更胜“黄浦江游”。从长远来看，“岐江游”项目将带动整个片区的发展。,1/1-12/31；周一至周日；全天开放,https://qimgs.qunarzz.com/piao_qsight_provider_piao_qsight_web/100h14000000vx3eyC6AF_C_900_504.jpg_710x360_12dc7efe.jpg〇https://qimgs.qunarzz.com/piao_qsight_provider_piao_qsight_web/0104u120006svhbvp6DAB_C_900_504_Q90_Mtg_7.jpg_710x360_d129ed11.jpg〇https://qimgs.qunarzz.com/piao_qsight_provider_piao_qsight_web/0100x1200082jxlp26110_C_900_504_Q90_Mtg_7.jpg_710x360_c710b00d.jpg〇https://qimgs.qunarzz.com/piao_qsight_provider_piao_qsight_web/100h14000000vx3eyC6AF_C_900_504_Q90_Mtg_7.jpg_710x360_cf253baf.jpg〇https://imgs.qunarzz.com/sight/p0/1501/23/235734d4f54997b8.water.jpg_710x360_1ef311cf.jpg〇https://imgs.qunarzz.com/sight/p0/1501/4b/4b0153b7060f7e6c.water.jpg_710x360_dc483542.jpg〇https://imgs.qunarzz.com/sight/p0/1501/71/716e6a7599aad95a.water.jpg_710x360_f8e60ed8.jpg〇https://imgs.qunarzz.com/sight/p0/1501/11/11a53d549b518a56.water.jpg_710x360_62426ce3.jpg〇https://imgs.qunarzz.com/sight/p0/1501/97/976983c4c3a88407.water.jpg_710x360_996b9675.jpg〇https://qimgs.qunarzz.com/piao_qsight_provider_piao_qsight_web/264bed0a78d7d.jpg_710x360_afc377d3.jpg〇https://qimgs.qunarzz.com/piao_qsight_provider_piao_qsight_web/c9f846c2a5d912.jpg_710x360_ef12af5c.jpg〇https://qimgs.qunarzz.com/piao_qsight_provider_piao_qsight_web/51918beb134a5b.jpg_710x360_4db0cf4d.jpg〇https://qimgs.qunarzz.com/piao_qsight_provider_piao_qsight_web/e75aa5e476da6a.jpg_710x360_d7d53350.jpg〇https://qimgs.qunarzz.com/piao_qsight_provider_piao_qsight_web/1a3c19fa2dfc8b02.jpg_710x360_70192cc2.jpg〇https://qimgs.qunarzz.com/piao_qsight_provider_piao_qsight_web/2b52c5031a1f9f02.jpg_710x360_ddf1621f.jpg〇https://qimgs.qunarzz.com/piao_qsight_provider_piao_qsight_web/3c5afbfbcc124802.jpg_710x360_42bcb1cc.jpg〇https://qimgs.qunarzz.com/piao_qsight_provider_piao_qsight_web/84d20cc1c8de0402.jpg_710x360_20ad4d8a.jpg〇https://qimgs.qunarzz.com/piao_qsight_provider_piao_qsight_web/cc0e0fa89be82402.jpg_710x360_c64e338e.jpg〇https://qimgs.qunarzz.com/piao_qsight_provider_piao_qsight_web/3c0feff2848c2602.jpg_710x360_d43ea31e.jpg〇https://qimgs.qunarzz.com/piao_qsight_provider_piao_qsight_web/454fb0b8bb6fcf02.jpg_710x360_09b1eaba.jpg〇https://qimgs.qunarzz.com/piao_qsight_provider_piao_qsight_web/0ddbde41aafe5402.jpg_710x360_e5faa233.jpg〇https://qimgs.qunarzz.com/piao_qsight_provider_piao_qsight_web/3866a2ed6534df02.jpg_710x360_3854c8c3.jpg〇https://qimgs.qunarzz.com/piao_qsight_provider_piao_qsight_web/256c99b85da6e002.jpg_710x360_07de0afb.jpg〇https://qimgs.qunarzz.com/piao_qsight_provider_piao_qsight_web/d33982b99b9f6b02.jpg_710x360_0a0d1054.jpg〇https://qimgs.qunarzz.com/piao_qsight_provider_piao_qsight_web/c07956c67d40cd02.jpg_710x360_b22d1241.jpg〇https://qimgs.qunarzz.com/piao_qsight_provider_piao_qsight_web/0448b33a5dd4db02.jpg_710x360_e8d4f951.jpg〇https://qimgs.qunarzz.com/piao_qsight_provider_piao_qsight_web/f37ff78fb122b702.jpg_710x360_e5734bb1.jpg〇https://qimgs.qunarzz.com/piao_qsight_provider_piao_qsight_web/9dbe8fe98767302.jpg_710x360_f38907b4.jpg〇https://qimgs.qunarzz.com/piao_qsight_provider_piao_qsight_web/797c0b7bd2b5b402.jpg_710x360_da3632a8.jpg,"{""ret"": true, ""data"": {""tagList"": [{""tagType"": 32, ""tagScore"": 5, ""tagNum"": 1, ""tagName"": ""\u670d\u52a1\u597d""}, {""tagType"": 16, ""tagScore"": 5, ""tagNum"": 2, ""tagName"": ""\u9760\u8c31""}, {""tagType"": 8, ""tagScore"": 5, ""tagNum"": 2, ""tagName"": ""\u4fbf\u5b9c""}, {""tagType"": 4, ""tagScore"": 5, ""tagNum"": 2, ""tagName"": ""\u53d6\u7968\u65b9\u4fbf""}, {""tagType"": 2, ""tagScore"": 5, ""tagNum"": 3, ""tagName"": ""\u4e2d\u8bc4""}, {""tagType"": 1, ""tagScore"": 5, ""tagNum"": 98, ""tagName"": ""\u597d\u8bc4""}, {""tagType"": 0, ""tagScore"": 5, ""tagNum"": 108, ""tagName"": ""\u5168\u90e8""}], ""commentList"": [{""author"": ""2*2"", ""content"": ""\u666f\u70b9\u73af\u5883\u4e0d\u9519\u6bd4\u8f83\u9002\u5408\u53bb\u62cd\u7167\u6216\u53bb\u6563\u6563\u6b65\uff0c\u8001\u4eba\u5c0f\u5b69\u90fd\u9002\u5408\u53bb\u6ca1\u6709\u4ec0\u4e48\u96be\u8d70\u7684\u8def\uff0c\u6211\u4eec\u53bb\u7684\u65f6\u4faf\u8fd8\u770b\u5230\u6709\u4eba\u5728\u62cd\u5a5a\u7167\uff0c\u7a7a\u6c14\u6bd4\u8f83\u6e05\u65b0\uff01\uff01\u9644\u8fd1\u8fd8\u6709\u4e00\u5c0f\u904d\u82b1\u6d77\u4e0e\u8349\u4e1b\uff01\uff01"", ""date"": ""2018-05-12"", ""score"": 5, ""commentId"": ""206200004"", ""imgs"": [{""small"": ""https://imgs.qunarzz.com/p/tts3/1805/e9/454fb0b8bb6fcf02.jpg_120x120_3feafd11.jpg"", ""title"": """", ""big"": ""https://imgs.qunarzz.com/p/tts3/1805/e9/454fb0b8bb6fcf02.jpg""}, {""small"": ""https://imgs.qunarzz.com/p/tts2/1805/fb/3c0feff2848c2602.jpg_120x120_c2bb52ea.jpg"", ""title"": """", ""big"": ""https://imgs.qunarzz.com/p/tts2/1805/fb/3c0feff2848c2602.jpg""}, {""small"": ""https://imgs.qunarzz.com/p/tts3/1805/61/cc0e0fa89be82402.jpg_120x120_3f963c0d.jpg"", ""title"": """", ""big"": ""https://imgs.qunarzz.com/p/tts3/1805/61/cc0e0fa89be82402.jpg""}, {""small"": ""https://imgs.qunarzz.com/p/tts8/1805/88/84d20cc1c8de0402.jpg_120x120_ee66fd78.jpg"", ""title"": """", ""big"": ""https://imgs.qunarzz.com/p/tts8/1805/88/84d20cc1c8de0402.jpg""}, {""small"": ""https://imgs.qunarzz.com/p/tts8/1805/1a/3c5afbfbcc124802.jpg_120x120_f60c3128.jpg"", ""title"": """", ""big"": ""https://imgs.qunarzz.com/p/tts8/1805/1a/3c5afbfbcc124802.jpg""}, {""small"": ""https://imgs.qunarzz.com/p/tts1/1805/a9/2b52c5031a1f9f02.jpg_120x120_eb6f6f48.jpg"", ""title"": """", ""big"": ""https://imgs.qunarzz.com/p/tts1/1805/a9/2b52c5031a1f9f02.jpg""}, {""small"": ""https://imgs.qunarzz.com/p/tts4/1805/e3/1a3c19fa2dfc8b02.jpg_120x120_e9a5d4a9.jpg"", ""title"": """", ""big"": ""https://imgs.qunarzz.com/p/tts4/1805/e3/1a3c19fa2dfc8b02.jpg""}], ""userNickName"": ""2*2"", ""replyCityName"": """", ""cityName"": """"}, {""author"": ""e*\u8336"", ""content"": ""\u5c90\u6c5f\u516c\u56ed\u4f4d\u4e8e\u5c90\u6c5f\u8fb9\uff0c\u5728\u8bbe\u8ba1\u4e0a\u9887\u5177\u7279\u8272\u5f97\u8fc7\u6cd5\u56fd\u8bbe\u8ba1\u5956\uff0c\u5728\u6cd5\u56fd\u7535\u89c6\u53f0\u64ad\u653e\u8fc7\u7eaa\u5f55\u7247\u3002\u5b83\u65e2\u4fdd\u7559\u65e7\u8239\u5382\u7684\u94c1\u8f68\uff0c\u6c34\u5854\uff0c\u53c8\u7ecf\u8fc7\u827a\u672f\u52a0\u5de5\uff0c\u5728\u591c\u665a\u589e\u6dfb\u8ff7\u4eba\u9b45\u529b\u3002\u7136\u800c\u767d\u5929\u7684\u516c\u56ed\u7eff\u5730\uff0c\u55b7\u6cc9\uff0c\u94c1\u6865\uff0c\u751a\u81f3\u8fd8\u6709\u8258\u53ef\u4ee5\u6500\u767b\u65e7\u8239\u4f55\u5904\u4e0d\u4ee4\u4eba\u9a7b\u8db3\u5462\uff0c\u6cb3\u8fb9\u6c34\u6ce2\u6fb9\u6fb9\uff0c\u8bc9\u8bf4\u8001\u8239\u5382\u6545\u4e8b\uff0c\u65b0\u9999\u5c71\u4eba\u7684\u594b\u6597\u3002\u6b64\u5904\u5efa\u8bae\u6e38\u5ba2\u4e00\u5b9a\u8981\u5230\u3002"", ""date"": ""2017-04-27"", ""score"": 5, ""commentId"": ""204951148"", ""imgs"": [{""small"": ""https://imgs.qunarzz.com/p/tts0/1801/1a/427c432d0b319202.jpg_120x120_9ed89892.jpg"", ""title"": """", ""big"": ""https://imgs.qunarzz.com/p/tts0/1801/1a/427c432d0b319202.jpg""}, {""small"": ""https://imgs.qunarzz.com/p/tts1/1801/68/6647df553b3e6902.jpg_120x120_97f40654.jpg"", ""title"": """", ""big"": ""https://imgs.qunarzz.com/p/tts1/1801/68/6647df553b3e6902.jpg""}, {""small"": ""https://imgs.qunarzz.com/p/tts3/1801/cf/664263c8d7c8c102.jpg_120x120_6ec2a246.jpg"", ""title"": """", ""big"": ""https://imgs.qunarzz.com/p/tts3/1801/cf/664263c8d7c8c102.jpg""}, {""small"": ""https://imgs.qunarzz.com/p/tts4/1801/95/69b50ec71cef2c02.jpg_120x120_2f31e59f.jpg"", ""title"": """", ""big"": ""https://imgs.qunarzz.com/p/tts4/1801/95/69b50ec71cef2c02.jpg""}, {""small"": ""https://imgs.qunarzz.com/p/tts5/1801/fd/3332db1660f32802.jpg_120x120_3f98eaeb.jpg"", ""title"": """", ""big"": ""https://imgs.qunarzz.com/p/tts5/1801/fd/3332db1660f32802.jpg""}, {""small"": ""https://imgs.qunarzz.com/p/tts4/1801/e5/aa510d2ba468c602.jpg_120x120_6e42f4c0.jpg"", ""title"": """", ""big"": ""https://imgs.qunarzz.com/p/tts4/1801/e5/aa510d2ba468c602.jpg""}, {""small"": ""https://imgs.qunarzz.com/p/tts1/1801/26/76cc03a824066402.jpg_120x120_c50ff934.jpg"", ""title"": """", ""big"": ""https://imgs.qunarzz.com/p/tts1/1801/26/76cc03a824066402.jpg""}, {""small"": ""https://imgs.qunarzz.com/p/tts3/1801/e5/4b1e608d19a69602.jpg_120x120_ad757236.jpg"", ""title"": """", ""big"": ""https://imgs.qunarzz.com/p/tts3/1801/e5/4b1e608d19a69602.jpg""}, {""small"": ""https://imgs.qunarzz.com/p/tts1/1801/16/797c0b7bd2b5b402.jpg_120x120_877cbd91.jpg"", ""title"": """", ""big"": ""https://imgs.qunarzz.com/p/tts1/1801/16/797c0b7bd2b5b402.jpg""}, {""small"": ""https://imgs.qunarzz.com/p/tts1/1801/97/9dbe8fe98767302.jpg_120x120_6e3e7063.jpg"", ""title"": """", ""big"": ""https://imgs.qunarzz.com/p/tts1/1801/97/9dbe8fe98767302.jpg""}], ""userNickName"": ""e*\u8336"", ""replyCityName"": """", ""cityName"": """"}, {""author"": ""k*1"", ""content"": ""\u6c34\u8d28\u592a\u96be\u95fb\uff0c\u591c\u8272\u8fd8\u53ef\u4ee5"", ""date"": ""2018-06-01"", ""score"": 5, ""commentId"": ""206440660"", ""imgs"": [], ""userNickName"": ""k*1"", ""replyCityName"": """", ""cityName"": """"}, {""author"": ""r*4"", ""content"": ""\u7528\u6237\u672a\u70b9\u8bc4\uff0c\u7cfb\u7edf\u9ed8\u8ba4\u597d\u8bc4\u3002"", ""date"": ""2018-05-06"", ""score"": 5, ""commentId"": ""206074580"", ""imgs"": [], ""userNickName"": ""r*4"", ""replyCityName"": """", ""cityName"": """"}, {""author"": ""x*a"", ""content"": ""\u4e2d\u5c71\u7684\u6bcd\u4eb2\u6cb3\uff0c\u9152\u5e97\u5c31\u5728\u5c90\u6c5f\u8fb9\uff0c\u8d70\u8d70\u770b\u770b\u3002\u8fd9\u91cc\u539f\u6765\u662f\u5de5\u5382\uff0c\u73b0\u5728\u6539\u5efa\u6210\u4e86\u4e3b\u9898\u516c\u56ed\uff0c\u8fd8\u662f\u975e\u5e38\u4e0d\u9519\u7684\uff0c\u4e00\u65e9\u4eba\u4e0d\u591a\uff0c\u5468\u56f4\u666f\u8272\u4e0d\u9519\u3002"", ""date"": ""2017-10-22"", ""score"": 5, ""commentId"": ""204020801"", ""imgs"": [{""small"": ""https://imgs.qunarzz.com/p/tts1/1712/51/0a8a65b3f4f32402.jpg_120x120_5f7b8387.jpg"", ""title"": """", ""big"": ""https://imgs.qunarzz.com/p/tts1/1712/51/0a8a65b3f4f32402.jpg""}, {""small"": ""https://imgs.qunarzz.com/p/tts6/1712/b1/2b330619ea147602.jpg_120x120_10a094fb.jpg"", ""title"": """", ""big"": ""https://imgs.qunarzz.com/p/tts6/1712/b1/2b330619ea147602.jpg""}, {""small"": ""https://imgs.qunarzz.com/p/tts7/1712/64/091d5f1101e56d02.jpg_120x120_c876c163.jpg"", ""title"": """", ""big"": ""https://imgs.qunarzz.com/p/tts7/1712/64/091d5f1101e56d02.jpg""}], ""userNickName"": ""x*a"", ""replyCityName"": """", ""cityName"": """"}, {""author"": ""M*6"", ""content"": ""\u516c\u56ed\u5f88\u5c0f\uff0c\u4f46\u662f\u5f88\u6709\u7279\u70b9\uff0c\u4e0d\u865a\u6b64\u884c"", ""date"": ""2018-06-14"", ""score"": 5, ""commentId"": ""206585821"", ""imgs"": [], ""userNickName"": ""M*6"", ""replyCityName"": """", ""cityName"": """"}, {""author"": ""k*h"", ""content"": ""\u4f4d\u4e8e\u4e2d\u5c71\u6b67\u6c5f\u8fb9\uff0c\u9644\u8fd1\u9152\u5e97\u6797\u7acb\uff0c\u6469\u5929\u8f6e\u5c31\u5728\u9644\u8fd1"", ""date"": ""2018-05-29"", ""score"": 5, ""commentId"": ""206437894"", ""imgs"": [], ""userNickName"": ""k*h"", ""replyCityName"": """", ""cityName"": """"}, {""author"": ""q*v"", ""content"": ""\u4e2d\u5c71\u7684\u6bcd\u4eb2\u6cb3\uff0c\u9152\u5e97\u5c31\u5728\u5c90\u6c5f\u8fb9\uff0c\u8d70\u8d70\u770b\u770b\u3002\u8fd9\u91cc\u539f\u6765\u662f\u5de5\u5382\uff0c\u73b0\u5728\u6539\u5efa\u6210\u4e86\u4e3b\u9898\u516c\u56ed\uff0c\u8fd8\u662f\u975e\u5e38\u4e0d\u9519\u7684\uff0c\u4e00\u65e9\u4eba\u4e0d\u591a\uff0c\u5468\u56f4\u666f\u8272\u4e0d\u9519\u3002"", ""date"": ""2017-10-22"", ""score"": 0, ""commentId"": ""216231556"", ""imgs"": [{""small"": ""https://img1.qunarzz.com/p/tts7/1712/64/091d5f1101e56d02.jpg_120x120_c876c163.jpg"", ""title"": """", ""big"": ""https://img1.qunarzz.com/p/tts7/1712/64/091d5f1101e56d02.jpg""}, {""small"": ""https://img1.qunarzz.com/p/tts6/1712/b1/2b330619ea147602.jpg_120x120_10a094fb.jpg"", ""title"": """", ""big"": ""https://img1.qunarzz.com/p/tts6/1712/b1/2b330619ea147602.jpg""}, {""small"": ""https://img1.qunarzz.com/p/tts1/1712/51/0a8a65b3f4f32402.jpg_120x120_5f7b8387.jpg"", ""title"": """", ""big"": ""https://img1.qunarzz.com/p/tts1/1712/51/0a8a65b3f4f32402.jpg""}], ""userNickName"": ""q*v"", ""replyCityName"": """", ""cityName"": """"}, {""author"": ""x*2"", ""content"": ""\u7528\u6237\u672a\u70b9\u8bc4\uff0c\u7cfb\u7edf\u9ed8\u8ba4\u597d\u8bc4\u3002"", ""date"": ""2018-03-21"", ""score"": 5, ""commentId"": ""205556148"", ""imgs"": [], ""userNickName"": ""x*2"", ""replyCityName"": """", ""cityName"": """"}, {""author"": ""\u9759*7"", ""content"": ""\u73af\u5883\u4f18\u7f8e\uff0c\u5c90\u6c5f\u6709\u5c0f\u9053\uff0c\u53ef\u4ee5\u65e9\u4e0a\u8dd1\u6b65\uff0c\u665a\u4e0a\u53ef\u4ee5\u6563\u6b65\uff0c\u5b9e\u5728\u592a\u5b8c\u7f8e\u4e86\uff01"", ""date"": ""2018-05-04"", ""score"": 5, ""commentId"": ""206132319"", ""imgs"": [], ""userNickName"": ""\u9759*7"", ""replyCityName"": """", ""cityName"": """"}], ""score"": 4.4, ""commentCount"": 108}, ""statusCode"": 200}"
伊泰莲娜DIY地带,https://imgs.qunarzz.com/sight/p0/201301/16/3aa53794a88c652d93835fbb.jpg_280x200_07d2bf3e.jpg,中山市,中山市,广东省中山市坦洲伊泰莲娜首饰工业城,5,4.8,集文化性、观赏性、参与、娱乐休闲为一体,https://piao.qunar.com/ticket/detail_3934963374.html?st=a3clM0QlRTQlQjglQUQlRTUlQjElQjElRTUlQjglODIlMjZpZCUzRDgxMDYlMjZ0eXBlJTNEMCUyNmlkeCUzRDQ5JTI2cXQlM0QlMjZhcGslM0QyJTI2c2MlM0RXV1clMjZ1ciUzRCVFNCVCOCVBRCVFNSVCMSVCMSUyNmxyJTNEJUU0JUI4JUFEJUU1JUIxJUIxJTI2ZnQlM0QlN0IlN0Q%3D#from=mpl_search_suggest,-1.0,N/A,DIY地带占地3000多平方米，共分六大部分——首饰景观区、DIY空间、爱神广场、梦工场、欧洲小街和食趣园。她巧妙将首饰的时尚文化、制造工艺及其自身观赏收藏价值和情感因素融于一体，并延伸出众多的DIY项目。DIY地带集文化性、观赏性、参与性、娱乐休闲为一体，是一个新型的工业旅……伊泰莲娜（集团）有限公司，是一家具有近40年历史，集研发、生产、销售于一体的跨国企业，总部设于香港。“伊泰莲娜”是英文“意大利”音译而来，因此伊泰莲娜秉承了意大利首饰的精细风格，而意大利首饰是整个欧洲首饰业的风向标。伊泰莲娜首饰工业城占地5万多平方米，员工达4000余人，也是2008北京奥运合金饰品特许生产商和销售商，同时也是奥地利水晶世家施华洛世奇（Swarovski）IB（配件品牌）计划合作伙伴，并将其独有的12切面仿水晶石精工镶嵌在伊泰莲娜每一件首饰上。目前伊泰莲娜在全球32个国家有销售网点，中国有600多个专柜。DIY地带作为全国工业旅游示范点，全国首家首饰文化主题公园，广东省创意（文化）产业园区和中小学生美育学工基地，坐落于中山坦洲伊泰莲娜首饰工业城，是伊泰莲娜（集团）有限公司跨行业发展的战略布局的又一举措。DIY地带占地3000多平方米，共分六大部分——首饰景观区、DIY空间、爱神广场、梦工场、欧洲小街和食趣园。她巧妙将首饰的时尚文化、制造工艺及其自身观赏收藏价值和情感因素融于一体，并延伸出众多的DIY项目。DIY地带集文化性、观赏性、参与性、娱乐休闲为一体，是一个新型的工业旅游景点。在这里，游客可以了解到首饰所涵藏的历史和文化，挖掘出首饰的深层内涵：并直接参与其中，亲自动手完成一件属于自己的首饰。独具匠心的经营理念和别出心裁的旅游项目无不让人耳目一新。文化特性已成为DIY。,01/01-12/31；09:00-17:30开园,https://imgs.qunarzz.com/sight/p0/201301/16/3aa53794a88c652d93835fbb.jpg_710x360_3627dacd.jpg〇https://imgs.qunarzz.com/sight/p0/201403/07/f0d996fe3450903b4e7309bd4ba21617.jpg_710x360_c5c950e0.jpg〇https://imgs.qunarzz.com/sight/p0/201403/07/2082e0097d9607aa804129c6c67ba2d3.jpg_710x360_93631e39.jpg〇https://imgs.qunarzz.com/sight/p0/201301/16/033467778888ae8893835fbb.jpg_710x360_993f9015.jpg〇https://imgs.qunarzz.com/sight/p0/201403/07/b3b3ed0097fd2d6b3fc4f4d9d4b7eb43.jpg_710x360_81c97e74.jpg〇https://imgs.qunarzz.com/sight/p0/201403/07/af40d68fadecd827d6472185dc9e4feb.jpg_710x360_4440efab.jpg,"{""ret"": true, ""data"": {""tagList"": [{""tagType"": 1, ""tagScore"": 5, ""tagNum"": 5, ""tagName"": ""\u597d\u8bc4""}, {""tagType"": 0, ""tagScore"": 5, ""tagNum"": 5, ""tagName"": ""\u5168\u90e8""}], ""commentList"": [{""author"": ""u*9"", ""content"": ""\u7528\u6237\u672a\u70b9\u8bc4\uff0c\u7cfb\u7edf\u9ed8\u8ba4\u597d\u8bc4\u3002"", ""date"": ""2017-08-30"", ""score"": 5, ""commentId"": ""202123534"", ""imgs"": [], ""userNickName"": ""u*9"", ""replyCityName"": """", ""cityName"": """"}, {""author"": ""f*2"", ""content"": ""\u7528\u6237\u672a\u70b9\u8bc4\uff0c\u7cfb\u7edf\u9ed8\u8ba4\u597d\u8bc4\u3002"", ""date"": ""2017-06-03"", ""score"": 5, ""commentId"": ""200945007"", ""imgs"": [], ""userNickName"": ""f*2"", ""replyCityName"": """", ""cityName"": """"}, {""author"": ""f*2"", ""content"": ""\u7528\u6237\u672a\u70b9\u8bc4\uff0c\u7cfb\u7edf\u9ed8\u8ba4\u597d\u8bc4\u3002"", ""date"": ""2017-06-03"", ""score"": 5, ""commentId"": ""200945001"", ""imgs"": [], ""userNickName"": ""f*2"", ""replyCityName"": """", ""cityName"": """"}, {""author"": ""l*g"", ""content"": ""\u7528\u6237\u672a\u70b9\u8bc4\uff0c\u7cfb\u7edf\u9ed8\u8ba4\u597d\u8bc4\u3002"", ""date"": ""2017-05-17"", ""score"": 5, ""commentId"": ""200703865"", ""imgs"": [], ""userNickName"": ""l*g"", ""replyCityName"": """", ""cityName"": """"}, {""author"": ""1*7"", ""content"": ""\u8bf4\u771f\u7684\uff0c\u5c31\u662f\u53c2\u89c2\u5de5\u5382\u7684\u5c55\u5385"", ""date"": ""2015-05-22"", ""score"": 4, ""commentId"": ""49685622"", ""imgs"": [], ""userNickName"": ""1*7"", ""replyCityName"": """", ""cityName"": """"}], ""score"": 4.8, ""commentCount"": 5}, ""statusCode"": 200}"
多宝欢乐园,https://imgs.qunarzz.com/sight/p0/201403/07/569a04db96bd2e978fbb719eb09817c7.jpg_280x200_db226feb.jpg,中山市,中山市,广东中山民众镇番中公路阳光大道口,1,5.0,一个令游客回归自然、享受假期的旅游胜地,https://piao.qunar.com/ticket/detail_83739946.html?st=a3clM0QlRTQlQjglQUQlRTUlQjElQjElRTUlQjglODIlMjZpZCUzRDgwMCUyNnR5cGUlM0QwJTI2aWR4JTNENDglMjZxdCUzRCUyNmFwayUzRDIlMjZzYyUzRFdXVyUyNnVyJTNEJUU0JUI4JUFEJUU1JUIxJUIxJTI2bHIlM0QlRTQlQjglQUQlRTUlQjElQjElMjZmdCUzRCU3QiU3RA%3D%3D#from=mpl_search_suggest,-1.0,N/A,多宝欢乐园占地面积达200多亩，是一个集旅游观赏、购物、科普教育、学习实践于一体的大型旅游观赏区、大型绿色农家田园，是一个令游客回归自然、享受假期的旅游胜地。多宝欢乐园主要有：警犬表演、千年巨贝、学工学农基地、唛兜猪跳水、美丽的情人湖、海底世界、科普长廊、打铊镙、百岁老龟、鸟学人语、西部牧场、猴子投篮、百米竞霸赛、幸运大转盘、母子情深、孔雀园、滚铁环、海底世界、开心套圈、放风筝、笨猪比赛、田园捉泥鳅、斗鸡、套鸭、骑马、肥鸭赛跑、田园耕作、龟一族、名犬天地、小鸟天堂、等项目。,暂无,https://imgs.qunarzz.com/sight/p0/201403/07/569a04db96bd2e978fbb719eb09817c7.jpg_710x360_e72a4ac1.jpg〇https://imgs.qunarzz.com/sight/p0/201403/07/f7c4bdb7dcaed632a1e7f3bcc1f061ee.jpg_710x360_63f74966.jpg〇https://imgs.qunarzz.com/sight/p0/201403/07/0b9bf1815bb45f2b7767a5c1820caf4f.jpg_710x360_4664438f.jpg〇https://imgs.qunarzz.com/sight/p0/201403/07/49fac2d6d7784f10163622bcd453b601.jpg_710x360_010c4e63.jpg〇https://imgs.qunarzz.com/sight/p0/201403/07/78d3c44add051e27d702ff2edc33c3f5.jpg_710x360_d87c4eca.jpg〇https://qimgs.qunarzz.com/piao_qsight_provider_piao_qsight_web/e92321285aedce37.jpg_710x360_4e814e0a.jpg,"{""ret"": true, ""data"": {""tagList"": [{""tagType"": 1, ""tagScore"": 5, ""tagNum"": 1, ""tagName"": ""\u597d\u8bc4""}, {""tagType"": 0, ""tagScore"": 5, ""tagNum"": 1, ""tagName"": ""\u5168\u90e8""}], ""commentList"": [{""author"": ""a*6"", ""content"": ""\u6587\u5316\u6df1\u523b\uff0c\u4f20\u627f\u6587\u5316\uff0c\u82b1\u5f0f\u591a\u6837\uff01"", ""date"": ""2015-01-12"", ""score"": 5, ""commentId"": ""29087240"", ""imgs"": [], ""userNickName"": ""a*6"", ""replyCityName"": """", ""cityName"": """"}], ""score"": 5.0, ""commentCount"": 1}, ""statusCode"": 200}"
树木园,https://imgs.qunarzz.com/sight/p0/1707/59/599f522911161e92a3.water.jpg_280x200_bc783be0.jpg,中山市,中山市,广东省中山市城区南郊,1,5.0,整个树木园主要以乡土树种主打,https://piao.qunar.com/ticket/detail_3120851834.html?st=a3clM0QlRTQlQjglQUQlRTUlQjElQjElRTUlQjglODIlMjZpZCUzRDQ2NTAzMyUyNnR5cGUlM0QwJTI2aWR4JTNENDclMjZxdCUzRCUyNmFwayUzRDIlMjZzYyUzRFdXVyUyNnVyJTNEJUU0JUI4JUFEJUU1JUIxJUIxJTI2bHIlM0QlRTQlQjglQUQlRTUlQjElQjElMjZmdCUzRCU3QiU3RA%3D%3D#from=mpl_search_suggest,-1.0,N/A,中山树木园位于中山市城区南郊，占地总面积1400多亩。树木园共分科普区、苗圃示范区、生态林建设示范区、科研管理区等4个*能区和19个小区。整个树木园主要以乡土树种主打。其中的乡土树种示范区，华南农业大学将广泛种植具有中山特色的树种，如土沉香、四药门花、黄桐、水松等。目前，全国共有各类植物园，包括树木园、标本园等100多个。但这些植物园的种类均不是以乡土树种为主，更不是以植物系统进化进行布局的，因此，中山树木园的建成将填补我国这方面的空白。,01/01-12/31；全天开放,https://imgs.qunarzz.com/sight/p0/1707/59/599f522911161e92a3.water.jpg_710x360_a5343935.jpg〇https://imgs.qunarzz.com/sight/p0/1707/b8/b80f8e37deddfd11a3.water.jpg_710x360_2c00ee04.jpg〇https://imgs.qunarzz.com/sight/p0/1707/6f/6fb01a4a78a06290a3.water.jpg_710x360_de65e723.jpg〇https://qimgs.qunarzz.com/piao_qsight_provider_piao_qsight_web/2fada3c96fd87b37.jpg_710x360_ad5d1412.jpg,"{""ret"": true, ""data"": {""tagList"": [{""tagType"": 1, ""tagScore"": 5, ""tagNum"": 1, ""tagName"": ""\u597d\u8bc4""}, {""tagType"": 0, ""tagScore"": 5, ""tagNum"": 1, ""tagName"": ""\u5168\u90e8""}], ""commentList"": [{""author"": ""\u843d*\u7238\uff08\u8be5\u7528\u6237\u5df2\u6ce8\u9500\uff09"", ""content"": ""\u8fdc\u79bb\u57ce\u5e02\u7684\u55a7\u56a3 \u542c\u542c\u9e1f\u8bed \u95fb\u95fb\u82b1\u9999\uff01\u5728\u8fd9\u91cc\u5ea6\u8fc7\u4e00\u4e2a\u4e0b\u5348\uff0c\u5f88\u9002\u5408\u4e2d\u5c71 \u8fd9\u5ea7\u6162\u8282\u594f\u7684\u57ce\u5e02\u3002"", ""date"": ""2022-03-31"", ""score"": 5, ""commentId"": ""222232268"", ""imgs"": [], ""userNickName"": ""\u843d*\u7238\uff08\u8be5\u7528\u6237\u5df2\u6ce8\u9500\uff09"", ""replyCityName"": """", ""cityName"": """"}], ""score"": 5.0, ""commentCount"": 1}, ""statusCode"": 200}"
利和广场,https://imgs.qunarzz.com/sight/p0/201301/16/3f4e90fbd2c642cc93835fbb.jpg_280x200_9ab7908e.jpg,中山市,中山市,广东省中山市东区银通街2号,1,5.0,商业地产、高端住宅、高端酒店,https://piao.qunar.com/ticket/detail_3476978980.html?st=a3clM0QlRTQlQjglQUQlRTUlQjElQjElRTUlQjglODIlMjZpZCUzRDMzNzIzJTI2dHlwZSUzRDAlMjZpZHglM0Q0NiUyNnF0JTNEJTI2YXBrJTNEMiUyNnNjJTNEV1dXJTI2dXIlM0QlRTQlQjglQUQlRTUlQjElQjElMjZsciUzRCVFNCVCOCVBRCVFNSVCMSVCMSUyNmZ0JTNEJTdCJTdE#from=mpl_search_suggest,-1.0,N/A,利和广场位于广东省中山市中山三路，也是珠江西岸的标志性建筑，东楼为中山市金融中心，西楼为希尔顿酒店、高端住宅、高端酒店及超大一站式消费中心为一体的城市综合体。,暂无,https://imgs.qunarzz.com/sight/p0/201301/16/3f4e90fbd2c642cc93835fbb.jpg_710x360_ec4228fc.jpg,"{""ret"": true, ""data"": {""tagList"": [{""tagType"": 1, ""tagScore"": 5, ""tagNum"": 1, ""tagName"": ""\u597d\u8bc4""}, {""tagType"": 0, ""tagScore"": 5, ""tagNum"": 1, ""tagName"": ""\u5168\u90e8""}], ""commentList"": [{""author"": ""\u7ffb*\u971e"", ""content"": ""\u4e2d\u5c71\u4e1c\u533a\uff0c\u5f88\u70ed\u95f9\uff0c\u5546\u573a\u5927\uff0c\u5468\u8fb9\u4e5f\u6709\u5f88\u591a\u5c0f\u5403\u5e97\u5496\u5561\u5e97\u7684\uff0c\u53ef\u4ee5\u597d\u597d\u800d\u800d"", ""date"": ""2015-08-17"", ""score"": 5, ""commentId"": ""68581744"", ""imgs"": [], ""userNickName"": ""\u7ffb*\u971e"", ""replyCityName"": """", ""cityName"": """"}], ""score"": 5.0, ""commentCount"": 1}, ""statusCode"": 200}"
中山3D魔幻艺术展,https://imgs.qunarzz.com/sight/p0/201312/19/9d44e224a4780634174cc0566b53a100.jpg_280x200_56eaba20.jpg,中山市,中山市,广东中山市石歧区兴中道6号假日广场2楼（百佳超市旁）,-1,-1.0,感受3D视觉盛宴，拍出独特奇异的照片,https://piao.qunar.com/ticket/detail_3399597857.html?st=a3clM0QlRTQlQjglQUQlRTUlQjElQjElRTUlQjglODIlMjZpZCUzRDE5MzMyMCUyNnR5cGUlM0QwJTI2aWR4JTNEMTY5JTI2cXQlM0QlMjZhcGslM0QyJTI2c2MlM0RXV1clMjZ1ciUzRCVFNCVCOCVBRCVFNSVCMSVCMSUyNmxyJTNEJUU0JUI4JUFEJUU1JUIxJUIxJTI2ZnQlM0QlN0IlN0Q%3D#from=mpl_search_suggest,-1.0,N/A,3D画是一种融合透视学、设计学、几何学及心理学的艺术形式。奇幻艺术打破立体绘制与二维视觉界限，将普通的平面介质变成3次元立体介质的视觉效果将传统绘画概念转变成全新的艺术形式。让观者视觉与平衡感产生“错觉”。这次展览有近60幅3D立体巨画，1500多平方米的展厅迷宫式地分布。在这里，每一幅画都是不完整的，缺少的那一部分，需要参观者亲自上阵，发挥自己的想象力，和画面中的内容一起摆各种POSE互动，而观众本身，就成了画的一部分。,暂无,https://imgs.qunarzz.com/sight/p0/201312/19/9d44e224a4780634174cc0566b53a100.jpg_710x360_e7dbc910.jpg〇https://imgs.qunarzz.com/sight/p0/201312/19/056ddcf483cc639bb950ddea2eea01ac.jpg_710x360_776c4b1a.jpg,"{""ret"": true, ""data"": {""tagList"": [{""tagType"": 0, ""tagScore"": 5, ""tagNum"": 0, ""tagName"": ""\u5168\u90e8""}], ""score"": 0.0, ""commentCount"": 0}, ""statusCode"": 200}"
立体魔方美式儿童学习聚乐部,https://imgs.qunarzz.com/sight/p0/1411/fd/c88a28b6d4760203995bf3d9fa8973b4.water.jpg_280x200_b5463208.jpg,中山市,中山市,广东省中山市小榄镇广源中路81号（上岛咖啡2楼）,-1,-1.0,寓教于乐的儿童乐园,https://piao.qunar.com/ticket/detail_2418766173.html?st=a3clM0QlRTQlQjglQUQlRTUlQjElQjElRTUlQjglODIlMjZpZCUzRDE5OTU3MyUyNnR5cGUlM0QwJTI2aWR4JTNEMTY4JTI2cXQlM0QlMjZhcGslM0QyJTI2c2MlM0RXV1clMjZ1ciUzRCVFNCVCOCVBRCVFNSVCMSVCMSUyNmxyJTNEJUU0JUI4JUFEJUU1JUIxJUIxJTI2ZnQlM0QlN0IlN0Q%3D#from=mpl_search_suggest,-1.0,N/A,立体魔方儿童学习聚乐部是一所专业的美式儿童教育机构，致力于帮助0-6岁儿童进行系统的体能训练、智力开发以及早期教育，让每一位宝宝从小学会自信、乐观、善于与人交往。 作为全球优质教育资源的整合者。电脑室全部采用美国苹果公司的大型台式电脑I Mac；阅读室采用美国苹果公司的ipad充当电子书3D播放技术……我们有着丰富举办各种Party经验，900平米超大空间，各种器材超级好玩，给宝宝一个惊喜，过一个不一样的生日。,暂无,https://imgs.qunarzz.com/sight/p0/1411/fd/c88a28b6d4760203995bf3d9fa8973b4.water.jpg_710x360_5553d394.jpg〇https://imgs.qunarzz.com/sight/p0/1411/a8/0c1fa3f77d8e60ebec4ba3a8a7518963.water.jpg_710x360_d7be49f9.jpg〇https://imgs.qunarzz.com/sight/p0/1411/53/6584ac9b116c34680f0e27244e78ac24.water.jpg_710x360_ff08ecc4.jpg,"{""ret"": true, ""data"": {""tagList"": [{""tagType"": 0, ""tagScore"": 5, ""tagNum"": 0, ""tagName"": ""\u5168\u90e8""}], ""score"": 0.0, ""commentCount"": 0}, ""statusCode"": 200}"
760攀岩馆(中山北站店),https://qimgs.qunarzz.com/piao_qsight_provider_piao_qsight_web/350a180000015aop10660_C_900_504.jpg_280x200_fad44b1e.jpg,中山市,中山市,广东中山市民盈西路12号b区B319,-1,-1.0,760攀岩馆坐落于城轨中山北站对面的760创意园区内，是集抱石区，12米大岩壁，儿童训练岩壁于一体的综合型攀岩基地。,https://piao.qunar.com/ticket/detail_4224261973.html?st=a3clM0QlRTQlQjglQUQlRTUlQjElQjElRTUlQjglODIlMjZpZCUzRDUwNDIzNiUyNnR5cGUlM0QwJTI2aWR4JTNEMTY3JTI2cXQlM0QlMjZhcGslM0QyJTI2c2MlM0RXV1clMjZ1ciUzRCVFNCVCOCVBRCVFNSVCMSVCMSUyNmxyJTNEJUU0JUI4JUFEJUU1JUIxJUIxJTI2ZnQlM0QlN0IlN0Q%3D#from=mpl_search_suggest,-1.0,N/A,760攀岩馆坐落于城轨中山北站对面的760创意园区内，是集抱石区，12米大岩壁，儿童训练岩壁于一体的综合型攀岩基地。,1/1-12/31；周二至周五；14:30-19:00开园,https://qimgs.qunarzz.com/piao_qsight_provider_piao_qsight_web/350a180000015aop10660_C_900_504.jpg_710x360_ede43e49.jpg〇https://qimgs.qunarzz.com/piao_qsight_provider_piao_qsight_web/350r1800000157sbcD378_C_900_504_Q90_Mtg_7.jpg_710x360_aafde01f.jpg〇https://qimgs.qunarzz.com/piao_qsight_provider_piao_qsight_web/350a180000015aop0163F_C_900_504_Q90_Mtg_7.jpg_710x360_bdd2e75d.jpg〇https://qimgs.qunarzz.com/piao_qsight_provider_piao_qsight_web/350h180000015axqeA600_C_900_504_Q90_Mtg_7.jpg_710x360_f9d9bda2.jpg〇https://qimgs.qunarzz.com/piao_qsight_provider_piao_qsight_web/350g180000015a21202FE_C_900_504_Q90_Mtg_7.jpg_710x360_d20d9faf.jpg〇https://qimgs.qunarzz.com/piao_qsight_provider_piao_qsight_web/3505180000015bvbj2F5B_C_900_504_Q90_Mtg_7.jpg_710x360_f1b5a3d5.jpg〇https://qimgs.qunarzz.com/piao_qsight_provider_piao_qsight_web/350i18000001586m3557C_C_900_504_Q90_Mtg_7.jpg_710x360_b5c1d4eb.jpg〇https://qimgs.qunarzz.com/piao_qsight_provider_piao_qsight_web/3507180000015q1pp4052_C_900_504_Q90_Mtg_7.jpg_710x360_e70ffd14.jpg〇https://qimgs.qunarzz.com/piao_qsight_provider_piao_qsight_web/35081800000159k508782_C_900_504_Q90_Mtg_7.jpg_710x360_32068487.jpg〇https://qimgs.qunarzz.com/piao_qsight_provider_piao_qsight_web/350t1800000159eukE481_C_900_504_Q90_Mtg_7.jpg_710x360_0f235c16.jpg〇https://qimgs.qunarzz.com/piao_qsight_provider_piao_qsight_web/350a180000015aop10660_C_900_504_Q90_Mtg_7.jpg_710x360_0c267055.jpg,"{""ret"": true, ""data"": {""tagList"": [{""tagType"": 0, ""tagScore"": 5, ""tagNum"": 0, ""tagName"": ""\u5168\u90e8""}], ""score"": 0.0, ""commentCount"": 0}, ""statusCode"": 200}"
中山市夏威夷水疗,https://imgs.qunarzz.com/sight/p0/201301/16/895e94f2a620f93293835fbb.jpg_280x200_33f61d3e.jpg,中山市,中山市,广东省中山市石岐区康华路东段,-1,-1.0,中山夏威夷水疗养生健康中心引进欧、日、台湾健康流行趋势，斥资引进十七大项、共一百多组水疗设备，全年温水设计，热带雨林景观,https://piao.qunar.com/ticket/detail_1120862093.html?st=a3clM0QlRTQlQjglQUQlRTUlQjElQjElRTUlQjglODIlMjZpZCUzRDM4NjYxJTI2dHlwZSUzRDAlMjZpZHglM0QxNjYlMjZxdCUzRCUyNmFwayUzRDIlMjZzYyUzRFdXVyUyNnVyJTNEJUU0JUI4JUFEJUU1JUIxJUIxJTI2bHIlM0QlRTQlQjglQUQlRTUlQjElQjElMjZmdCUzRCU3QiU3RA%3D%3D#from=mpl_search_suggest,-1.0,N/A,中山夏威夷水疗养生健康中心引进欧、日、台湾健康流行趋势，斥资引进十七大项、共一百多组水疗设备，全年温水设计，热带雨林景观，利用活氧及水的能量按摩全身所有穴位，帮助肌肉放松及促进血液循环，具有养生、复健、释放身心压力之绝佳。水疗池项目包括：立式浮浴、立式涌泉、瀑布灌顶按摩浴、鹅颈瀑布泉、强力按摩浴、气泡躺椅浴、按摩座椅浴、仰式全身按摩浴、情人按摩椅浴、强力冲击泉、脚底按摩健康步道、大型濂幕瀑布浴、灌顶落泉、旋涡涌泉浴、立式全身按摩池、超音波有氧池、雨林浴等。座落在石歧区康华路东段北侧。占地17亩，室内建筑面积为五千平方米。集运动、健身、水疗、养生、美容、塑身、餐饮。中山夏威夷水疗养生健康中心自开馆以来，分别联合珠海、深圳、广州、东莞、香港、澳门等各大旅行社，积极做好与外部旅游业交流，共同推动中山旅游业的发展，2005年10月22日曾一次接下800人次团体的好成绩。,暂无,https://imgs.qunarzz.com/sight/p0/201301/16/895e94f2a620f93293835fbb.jpg_710x360_5fadedfa.jpg〇https://imgs.qunarzz.com/sight/p0/201301/16/5df76b7b6cdfc0c193835fbb.jpg_710x360_e6559129.jpg〇https://imgs.qunarzz.com/sight/p0/201301/16/9ab299d4fdc5d07193835fbb.jpg_710x360_6794a4a7.jpg〇https://imgs.qunarzz.com/sight/p0/201301/16/45d6cc089500049a93835fbb.jpg_710x360_5e19d156.jpg,"{""ret"": true, ""data"": {""tagList"": [{""tagType"": 0, ""tagScore"": 5, ""tagNum"": 0, ""tagName"": ""\u5168\u90e8""}], ""score"": 0.0, ""commentCount"": 0}, ""statusCode"": 200}"
七彩天空儿童游乐园,https://mp-piao-admincp.qunarzz.com/mp_piao_admin_mp_piao_admin/admin/20217/30d54820c6727b9958d585769ab3c5c2.png_280x200_7ef61cce.png,中山市,中山市,中山市大涌镇南兴东路文市场正对面二楼,-1,-1.0,N/A,https://piao.qunar.com/ticket/detail_32410616.html?st=a3clM0QlRTQlQjglQUQlRTUlQjElQjElRTUlQjglODIlMjZpZCUzRDUzOTc1NSUyNnR5cGUlM0QwJTI2aWR4JTNEMTkyJTI2cXQlM0QlMjZhcGslM0QyJTI2c2MlM0RXV1clMjZ1ciUzRCVFNCVCOCVBRCVFNSVCMSVCMSUyNmxyJTNEJUU0JUI4JUFEJUU1JUIxJUIxJTI2ZnQlM0QlN0IlN0Q%3D#from=mpl_search_suggest,-1.0,N/A,N/A,1/1-12/31；周一至周日；10:00-22:00开园,https://mp-piao-admincp.qunarzz.com/mp_piao_admin_mp_piao_admin/admin/20217/30d54820c6727b9958d585769ab3c5c2.png_710x360_c2302e12.png,"{""ret"": true, ""data"": {""tagList"": [{""tagType"": 0, ""tagScore"": 5, ""tagNum"": 0, ""tagName"": ""\u5168\u90e8""}], ""score"": 0.0, ""commentCount"": 0}, ""statusCode"": 200}"
蝶影虫虫,https://mp-piao-admincp.qunarzz.com/mp_piao_admin_mp_piao_admin/admin/20217/30d54820c6727b9958d585769ab3c5c2.png_280x200_7ef61cce.png,中山市,中山市,中山市长江路天奕国际广场,-1,-1.0,N/A,https://piao.qunar.com/ticket/detail_2815464298.html?st=a3clM0QlRTQlQjglQUQlRTUlQjElQjElRTUlQjglODIlMjZpZCUzRDUzNjQ5NyUyNnR5cGUlM0QwJTI2aWR4JTNEMTkxJTI2cXQlM0QlMjZhcGslM0QyJTI2c2MlM0RXV1clMjZ1ciUzRCVFNCVCOCVBRCVFNSVCMSVCMSUyNmxyJTNEJUU0JUI4JUFEJUU1JUIxJUIxJTI2ZnQlM0QlN0IlN0Q%3D#from=mpl_search_suggest,-1.0,N/A,N/A,1/1-12/31；周一至周日；10:00-22:00开园,https://mp-piao-admincp.qunarzz.com/mp_piao_admin_mp_piao_admin/admin/20217/30d54820c6727b9958d585769ab3c5c2.png_710x360_c2302e12.png,"{""ret"": true, ""data"": {""tagList"": [{""tagType"": 0, ""tagScore"": 5, ""tagNum"": 0, ""tagName"": ""\u5168\u90e8""}], ""score"": 0.0, ""commentCount"": 0}, ""statusCode"": 200}"
中山潮空间运动街区,https://qimgs.qunarzz.com/piao_qsight_provider_piao_qsight_web/0103c12000a86no6iFC65_C_900_504.jpg_280x200_d08845d4.jpg,中山市,中山市,广东省中山市石岐区中山二路59号裕华花园广场美丽华商铺首层2卡,-1,-1.0,N/A,https://piao.qunar.com/ticket/detail_2668906451.html?st=a3clM0QlRTQlQjglQUQlRTUlQjElQjElRTUlQjglODIlMjZpZCUzRDUzOTQ4NyUyNnR5cGUlM0QwJTI2aWR4JTNEMTkwJTI2cXQlM0QlMjZhcGslM0QyJTI2c2MlM0RXV1clMjZ1ciUzRCVFNCVCOCVBRCVFNSVCMSVCMSUyNmxyJTNEJUU0JUI4JUFEJUU1JUIxJUIxJTI2ZnQlM0QlN0IlN0Q%3D#from=mpl_search_suggest,-1.0,N/A,N/A,具体营业状态以当天开放情况为准。,https://qimgs.qunarzz.com/piao_qsight_provider_piao_qsight_web/0103c12000a86no6iFC65_C_900_504.jpg_710x360_044145c9.jpg〇https://qimgs.qunarzz.com/piao_qsight_provider_piao_qsight_web/0100q12000a86noj85D02_C_900_504_Q90_Mtg_7.jpg_710x360_7be6afa2.jpg〇https://qimgs.qunarzz.com/piao_qsight_provider_piao_qsight_web/0105712000a86ntta53CE_C_900_504_Q90_Mtg_7.jpg_710x360_16b545b8.jpg〇https://qimgs.qunarzz.com/piao_qsight_provider_piao_qsight_web/0101d12000a86nq1r5C14_C_900_504_Q90_Mtg_7.jpg_710x360_f7f97798.jpg〇https://qimgs.qunarzz.com/piao_qsight_provider_piao_qsight_web/0105e12000a86ns7dD588_C_900_504_Q90_Mtg_7.jpg_710x360_6548fa73.jpg〇https://qimgs.qunarzz.com/piao_qsight_provider_piao_qsight_web/0103c12000a86no6iFC65_C_900_504_Q90_Mtg_7.jpg_710x360_ccb6675d.jpg,"{""ret"": true, ""data"": {""tagList"": [{""tagType"": 0, ""tagScore"": 5, ""tagNum"": 0, ""tagName"": ""\u5168\u90e8""}], ""score"": 0.0, ""commentCount"": 0}, ""statusCode"": 200}"
石岐区,https://mp-piao-admincp.qunarzz.com/mp_piao_admin_mp_piao_admin/admin/20217/30d54820c6727b9958d585769ab3c5c2.png_280x200_7ef61cce.png,中山市,中山市,N/A,-1,-1.0,石岐区属于中山市北部冲积平原与中南部丘陵相接地带，地势平缓。石岐山（烟墩山）、西山、月山居其中，莲峰山、迎阳山、员峰山环,https://piao.qunar.com/ticket/detail_3211757737.html?st=a3clM0QlRTQlQjglQUQlRTUlQjElQjElRTUlQjglODIlMjZpZCUzRDQxMjU5JTI2dHlwZSUzRDAlMjZpZHglM0QxODklMjZxdCUzRCUyNmFwayUzRDIlMjZzYyUzRFdXVyUyNnVyJTNEJUU0JUI4JUFEJUU1JUIxJUIxJTI2bHIlM0QlRTQlQjglQUQlRTUlQjElQjElMjZmdCUzRCU3QiU3RA%3D%3D#from=mpl_search_suggest,-1.0,N/A,石岐区属于中山市北部冲积平原与中南部丘陵相接地带，地势平缓。石岐山（烟墩山）、西山、月山居其中，莲峰山、迎阳山、员峰山环立78.8米，山地总面积近3平方公里。,暂无,https://qimgs.qunarzz.com/piao_qsight_provider_piao_qsight_web/temp5615468419453318853010741200092m8salAD6F_wmr.jpg_710x360_31d6bdee.jpg,"{""ret"": true, ""data"": {""tagList"": [{""tagType"": 0, ""tagScore"": 5, ""tagNum"": 0, ""tagName"": ""\u5168\u90e8""}], ""score"": 0.0, ""commentCount"": 0}, ""statusCode"": 200}"
【中山】哈利波特“魔法学院”奇妙夜经典音乐会,https://qimgs.qunarzz.com/piao_qsight_provider_piao_qsight_web/0106o12000g65hkju109F.webp_280x200_85cf787a.webp,中山市,中山市,中山二路3号华发广场5层25卡,-1,-1.0,N/A,https://piao.qunar.com/ticket/detail_2321560843.html?st=a3clM0QlRTQlQjglQUQlRTUlQjElQjElRTUlQjglODIlMjZpZCUzRDUzNDU2MiUyNnR5cGUlM0QwJTI2aWR4JTNEMTcwJTI2cXQlM0QlMjZhcGslM0QyJTI2c2MlM0RXV1clMjZ1ciUzRCVFNCVCOCVBRCVFNSVCMSVCMSUyNmxyJTNEJUU0JUI4JUFEJUU1JUIxJUIxJTI2ZnQlM0QlN0IlN0Q%3D#from=mpl_search_suggest,-1.0,N/A,N/A,12/7-12/7；周六；待定,https://qimgs.qunarzz.com/piao_qsight_provider_piao_qsight_web/0106o12000g65hkju109F.webp_710x360_d9f3c1ba.webp,"{""ret"": true, ""data"": {""tagList"": [{""tagType"": 0, ""tagScore"": 5, ""tagNum"": 0, ""tagName"": ""\u5168\u90e8""}], ""score"": 0.0, ""commentCount"": 0}, ""statusCode"": 200}"
中山猎刃综合体验馆,https://imgs.qunarzz.com/sight/p0/1710/86/864db86d8007ea13a3.img.jpg_280x200_a7732d5b.jpg,中山市,中山市,广东省中山市西区街道富华道32号天悦城广场6楼“猎刃综合体验馆”,-1,-1.0,室内反恐巷战，丛林模拟作战任你玩,https://piao.qunar.com/ticket/detail_3939746621.html?st=a3clM0QlRTQlQjglQUQlRTUlQjElQjElRTUlQjglODIlMjZpZCUzRDQ2NjYzOCUyNnR5cGUlM0QwJTI2aWR4JTNEMTg4JTI2cXQlM0QlMjZhcGslM0QyJTI2c2MlM0RXV1clMjZ1ciUzRCVFNCVCOCVBRCVFNSVCMSVCMSUyNmxyJTNEJUU0JUI4JUFEJUU1JUIxJUIxJTI2ZnQlM0QlN0IlN0Q%3D#from=mpl_search_suggest,-1.0,N/A,一直有人问，什么叫真人CS，简单点就叫打仗，模拟枪战。按场地类型又分室内CQB反恐巷战，和丛林模拟作战。中山西区富华道六楼的猎刃天悦城店就是目前中山最先进的模拟CQB战场，并采用国内目前最先进的对战平台，把真人版战斗的成绩与微信捆绑，既可以实现实时推送成绩，又可以累计战绩和军衔哦！,暂无,https://imgs.qunarzz.com/sight/p0/1710/86/864db86d8007ea13a3.img.jpg_710x360_513fa97c.jpg〇https://imgs.qunarzz.com/sight/p0/1710/58/5890927c05ba8f9a3.img.jpg_710x360_f5baf10e.jpg〇https://imgs.qunarzz.com/sight/p0/1710/77/778f08f29f1b35c9a3.img.jpg_710x360_5251fd67.jpg〇https://imgs.qunarzz.com/sight/p0/1710/42/4282a8a758d0019fa3.img.jpg_710x360_9a6a97e7.jpg〇https://imgs.qunarzz.com/sight/p0/1710/1b/1b2f32c0c91b3cb6a3.img.jpg_710x360_a6592bf8.jpg,"{""ret"": true, ""data"": {""tagList"": [{""tagType"": 0, ""tagScore"": 5, ""tagNum"": 0, ""tagName"": ""\u5168\u90e8""}], ""score"": 0.0, ""commentCount"": 0}, ""statusCode"": 200}"
爱儿乐婴幼儿SPA水育乐园,https://imgs.qunarzz.com/sight/p0/1504/45/458af3263713be46.water.jpg_280x200_15476a0a.jpg,中山市,中山市,中山市石岐区莲塘路20号首层1卡（机关一幼）,-1,-1.0,乐享儿童，释放家长,https://piao.qunar.com/ticket/detail_1050084008.html?st=a3clM0QlRTQlQjglQUQlRTUlQjElQjElRTUlQjglODIlMjZpZCUzRDIxNDg0MiUyNnR5cGUlM0QwJTI2aWR4JTNEMTg3JTI2cXQlM0QlMjZhcGslM0QyJTI2c2MlM0RXV1clMjZ1ciUzRCVFNCVCOCVBRCVFNSVCMSVCMSUyNmxyJTNEJUU0JUI4JUFEJUU1JUIxJUIxJTI2ZnQlM0QlN0IlN0Q%3D#from=mpl_search_suggest,-1.0,N/A,爱儿乐婴幼儿SPA水育乐园是一家专业的专门为0--6岁儿童提供游泳健身的场所，店内环境优雅，水质良好，能给宝宝带来游泳乐趣的同时，增强体质，得到锻炼。,暂无,https://imgs.qunarzz.com/sight/p0/1504/45/458af3263713be46.water.jpg_710x360_64c7ccc9.jpg〇https://imgs.qunarzz.com/sight/p0/1504/3f/3fa516e42de73243.water.jpg_710x360_6a0512a5.jpg〇https://imgs.qunarzz.com/sight/p0/1504/e7/e7dcfaa33d27bb0f.water.jpg_710x360_a42de38e.jpg〇https://imgs.qunarzz.com/sight/p0/1504/45/452b73ea019e9dd4.water.jpg_710x360_02e93217.jpg〇https://imgs.qunarzz.com/sight/p0/1504/f9/f9bf714b98c117e8.water.jpg_710x360_3178e9dc.jpg,"{""ret"": true, ""data"": {""tagList"": [{""tagType"": 0, ""tagScore"": 5, ""tagNum"": 0, ""tagName"": ""\u5168\u90e8""}], ""score"": 0.0, ""commentCount"": 0}, ""statusCode"": 200}"
中羽体育俱乐部,https://imgs.qunarzz.com/sight/p0/1504/be/becc5fe53df7a7f9.water.jpg_280x200_f10f707b.jpg,中山市,中山市,广东中山市西区翠沙路18号（新中医院旁）,-1,-1.0,综合20多项运动休闲设施,https://piao.qunar.com/ticket/detail_3569361714.html?st=a3clM0QlRTQlQjglQUQlRTUlQjElQjElRTUlQjglODIlMjZpZCUzRDIxNTEzNyUyNnR5cGUlM0QwJTI2aWR4JTNEMTg2JTI2cXQlM0QlMjZhcGslM0QyJTI2c2MlM0RXV1clMjZ1ciUzRCVFNCVCOCVBRCVFNSVCMSVCMSUyNmxyJTNEJUU0JUI4JUFEJUU1JUIxJUIxJTI2ZnQlM0QlN0IlN0Q%3D#from=mpl_search_suggest,-1.0,N/A,中羽体育俱乐部是在中山市体育局和中山市羽毛球协会的领导下兴建的，旨在满足中山市民对全民健身活动和体育休闲需求的体育场馆，总占地面积约32亩，综合20多项运动休闲设施，其中包括20多片国际级标准的羽毛球场、健身房、乒乓球馆、台球馆、室外网球场以及供运动员放松身心的水疗游区等设施。,暂无,https://imgs.qunarzz.com/sight/p0/1504/be/becc5fe53df7a7f9.water.jpg_710x360_e9677f31.jpg〇https://imgs.qunarzz.com/sight/p0/1504/1a/1a8c73b367a8ed46.water.jpg_710x360_362a27e0.jpg〇https://imgs.qunarzz.com/sight/p0/1504/49/49b3683ceaf3f8c6.water.jpg_710x360_3850a4be.jpg〇https://imgs.qunarzz.com/sight/p0/1504/9d/9d739d3e48c03fff.water.jpg_710x360_e870461e.jpg〇https://imgs.qunarzz.com/sight/p0/1504/86/863194f05c9db336.water.jpg_710x360_d3eb7a98.jpg,"{""ret"": true, ""data"": {""tagList"": [{""tagType"": 0, ""tagScore"": 5, ""tagNum"": 0, ""tagName"": ""\u5168\u90e8""}], ""score"": 0.0, ""commentCount"": 0}, ""statusCode"": 200}"
中山市体育场,https://imgs.qunarzz.com/sight/p0/1503/29/291c7d0bbbf4c96a.water.jpg_280x200_1c4358ed.jpg,中山市,中山市,广东省中山市东区兴中道28号,-1,-1.0,第一届世界女子足球锦标赛赛场之一,https://piao.qunar.com/ticket/detail_3053452221.html?st=a3clM0QlRTQlQjglQUQlRTUlQjElQjElRTUlQjglODIlMjZpZCUzRDIxMzQ4MSUyNnR5cGUlM0QwJTI2aWR4JTNEMTg1JTI2cXQlM0QlMjZhcGslM0QyJTI2c2MlM0RXV1clMjZ1ciUzRCVFNCVCOCVBRCVFNSVCMSVCMSUyNmxyJTNEJUU0JUI4JUFEJUU1JUIxJUIxJTI2ZnQlM0QlN0IlN0Q%3D#from=mpl_search_suggest,-1.0,N/A,座落在兴中道南道，与中山体育馆相互辉映。该场总投资2000多万元，占地68598平方米，建筑12180平方米，可容纳12000名观众。该场承办过全国田径大奖赛、全国甲B足球联赛、全国足协杯足球赛等大型体育赛事，坐落在中山市的政治文化中心兴中道的南段，与中山市体育馆相互辉映。该场于1990年9月28日奠基，1991年7月竣工，总投资2000多万元，其中香港知名人士、中山荣誉市民霍英东先生慷慨捐助700万港元。该工程建筑速度快，质量好。兴中体育...,暂无,https://imgs.qunarzz.com/sight/p0/1503/29/291c7d0bbbf4c96a.water.jpg_710x360_4e48585a.jpg〇https://imgs.qunarzz.com/sight/p0/1503/49/49ea57fe0f8cb0ca.water.jpg_710x360_320f8ff7.jpg〇https://imgs.qunarzz.com/sight/p0/1503/8c/8cfc1aff795a7167.water.jpg_710x360_a8e1891e.jpg〇https://imgs.qunarzz.com/sight/p0/1503/94/94b8af9122769655.water.jpg_710x360_da26c6c2.jpg〇https://imgs.qunarzz.com/sight/p0/1503/6b/6bab50ae4bda67d7.water.jpg_710x360_9b18ab33.jpg,"{""ret"": true, ""data"": {""tagList"": [{""tagType"": 0, ""tagScore"": 5, ""tagNum"": 0, ""tagName"": ""\u5168\u90e8""}], ""score"": 0.0, ""commentCount"": 0}, ""statusCode"": 200}"
虫林法则,https://mp-piao-admincp.qunarzz.com/mp_piao_admin_mp_piao_admin/admin/20217/30d54820c6727b9958d585769ab3c5c2.png_280x200_7ef61cce.png,中山市,中山市,中山市小榄镇北区北秀路43号百汇时代广场1号楼3F015,-1,-1.0,N/A,https://piao.qunar.com/ticket/detail_1639695907.html?st=a3clM0QlRTQlQjglQUQlRTUlQjElQjElRTUlQjglODIlMjZpZCUzRDUzOTIyMyUyNnR5cGUlM0QwJTI2aWR4JTNEMTg0JTI2cXQlM0QlMjZhcGslM0QyJTI2c2MlM0RXV1clMjZ1ciUzRCVFNCVCOCVBRCVFNSVCMSVCMSUyNmxyJTNEJUU0JUI4JUFEJUU1JUIxJUIxJTI2ZnQlM0QlN0IlN0Q%3D#from=mpl_search_suggest,-1.0,N/A,N/A,1/1-12/31；周一至周日；10:00-22:00开园,https://mp-piao-admincp.qunarzz.com/mp_piao_admin_mp_piao_admin/admin/20217/30d54820c6727b9958d585769ab3c5c2.png_710x360_c2302e12.png,"{""ret"": true, ""data"": {""tagList"": [{""tagType"": 0, ""tagScore"": 5, ""tagNum"": 0, ""tagName"": ""\u5168\u90e8""}], ""score"": 0.0, ""commentCount"": 0}, ""statusCode"": 200}"
中山乐其真人密室逃脱,https://imgs.qunarzz.com/sight/p0/1409/09/c9628635a7bb7ece95084e42b82e6dde.jpg_280x200_73141c7e.jpg,中山市,中山市,广东省中山市石岐区富康路20号1卡,-1,-1.0,生化危机主题的密室，特别的挑战,https://piao.qunar.com/ticket/detail_1034038238.html?st=a3clM0QlRTQlQjglQUQlRTUlQjElQjElRTUlQjglODIlMjZpZCUzRDE5NzM5MSUyNnR5cGUlM0QwJTI2aWR4JTNEMTgzJTI2cXQlM0QlMjZhcGslM0QyJTI2c2MlM0RXV1clMjZ1ciUzRCVFNCVCOCVBRCVFNSVCMSVCMSUyNmxyJTNEJUU0JUI4JUFEJUU1JUIxJUIxJTI2ZnQlM0QlN0IlN0Q%3D#from=mpl_search_suggest,-1.0,N/A,生化危机密室的特点是很多线索都在一念之间，但不是每个线索都能在当前的场景所用，所以关键是要发现每一个细微的线索以及分辨在当前场景的主次。进入他的房子才发现原来一切都是被精心设计好的机关探险家的告白考验着小伙伴们的逻辑、联想以及动手能力。抽象的图形，简单的文字甚至是桌面上的棋盘，似乎都在告诉小伙伴们要细心观察紧跟着快速动脑。,暂无,https://imgs.qunarzz.com/sight/p0/1409/09/c9628635a7bb7ece95084e42b82e6dde.jpg_710x360_2e7487e1.jpg〇https://imgs.qunarzz.com/sight/p0/1409/09/b5b056260f3d43259fd8d9e4292bcaaf.jpg_710x360_7ad55380.jpg〇https://imgs.qunarzz.com/sight/p0/1409/09/9378dc1d85994715ea95831eb99b4ac2.jpg_710x360_2cbcff9c.jpg〇https://imgs.qunarzz.com/sight/p0/1409/09/1f033cb711bc8bc0ccadfe9dddbed776.jpg_710x360_2b74560a.jpg〇https://imgs.qunarzz.com/sight/p0/1409/09/78db3f00d8234430580df1f04038e490.jpg_710x360_7a600755.jpg,"{""ret"": true, ""data"": {""tagList"": [{""tagType"": 0, ""tagScore"": 5, ""tagNum"": 0, ""tagName"": ""\u5168\u90e8""}], ""score"": 0.0, ""commentCount"": 0}, ""statusCode"": 200}"
中山童之梦少儿拓展培训基地,https://imgs.qunarzz.com/sight/p0/1504/19/192778a9d1c285dd.water.jpg_280x200_004b43d7.jpg,中山市,中山市,广东省中山市南朗镇大车村蒂峰公园入口,-1,-1.0,打造中山创新型体验训练式少儿拓展基地,https://piao.qunar.com/ticket/detail_3767621463.html?st=a3clM0QlRTQlQjglQUQlRTUlQjElQjElRTUlQjglODIlMjZpZCUzRDIxNDgzOCUyNnR5cGUlM0QwJTI2aWR4JTNEMTgyJTI2cXQlM0QlMjZhcGslM0QyJTI2c2MlM0RXV1clMjZ1ciUzRCVFNCVCOCVBRCVFNSVCMSVCMSUyNmxyJTNEJUU0JUI4JUFEJUU1JUIxJUIxJTI2ZnQlM0QlN0IlN0Q%3D#from=mpl_search_suggest,-1.0,N/A,童之梦少儿拓展基地面积40亩。将打造中山创新型体验训练式少儿拓展基地，在精彩纷呈的拓展项目游玩中融入素质训练、职业体验、军事拓展、科普实验、亲子烧烤、亲子旅游、开心农场、餐饮、购物、垂钓等*能区，成为城市级潮流童之梦少儿拓展基地——将用国际化视野诠释少儿拓展教育理念，从器具、文化、规模、管理层面达到高层次，伴随童之梦共同成长壮大。亲子互动空间、亲子活动娱乐平台，是中山家庭的欢乐世界。童之梦少儿拓展培训基地是集军事拓展、职业体验、素质训练、亲子沙龙、开心农场、社会公益、家庭文创教育等少儿学习的基地。基地以“让孩子在拓展中成长”为经营理念，针对 3-18岁少儿，形成拓展、休闲、社会实践、亲子互动、职业体验、素质训练核心产品线。童之梦少儿拓展培训基地整合核心产品线，为中山的孩子与父母营造一个共同成长的梦幻空间，一个不断激发孩子创想的欢乐世界。童之梦少儿拓展基地——将用国际化视野诠释少儿拓展教育理念，从器具、文化、规模、管理层面达到高层次，伴随童之梦共同成长壮大。,暂无,https://imgs.qunarzz.com/sight/p0/1504/19/192778a9d1c285dd.water.jpg_710x360_d9a5b1e8.jpg〇https://imgs.qunarzz.com/sight/p0/1504/5d/5d8435bb622605e4.water.jpg_710x360_31fc471b.jpg〇https://imgs.qunarzz.com/sight/p0/1504/b3/b35777c84276a64a.water.jpg_710x360_0c20023a.jpg〇https://imgs.qunarzz.com/sight/p0/1504/cb/cba424aaec7e25b8.water.jpg_710x360_7a76d429.jpg〇https://imgs.qunarzz.com/sight/p0/1504/27/2792b55fb4187fa5.water.jpg_710x360_6acce8ba.jpg〇https://imgs.qunarzz.com/sight/p0/1504/cd/cdaa8a74e47eff7f.water.jpg_710x360_2596cde6.jpg〇https://qimgs.qunarzz.com/piao_qsight_provider_piao_qsight_web/96c4d6786a2f30f7.jpg_710x360_c57feebf.jpg,"{""ret"": true, ""data"": {""tagList"": [{""tagType"": 0, ""tagScore"": 5, ""tagNum"": 0, ""tagName"": ""\u5168\u90e8""}], ""score"": 0.0, ""commentCount"": 0}, ""statusCode"": 200}"
幻彩欢乐世界,https://imgs.qunarzz.com/sight/p0/1505/77/772771a113a1d900.water.jpg_280x200_d799d7ee.jpg,中山市,中山市,广东省中山市石岐区兴中广场C座3楼,-1,-1.0,幻彩欢乐世界位于中山市兴中广场C段，隶属于中山市天伦游乐投资有限公司。公司目标打造中山休闲娱乐的指向性场所，开创中山娱乐,https://piao.qunar.com/ticket/detail_2486901648.html?st=a3clM0QlRTQlQjglQUQlRTUlQjElQjElRTUlQjglODIlMjZpZCUzRDIxNTczNCUyNnR5cGUlM0QwJTI2aWR4JTNEMTgxJTI2cXQlM0QlMjZhcGslM0QyJTI2c2MlM0RXV1clMjZ1ciUzRCVFNCVCOCVBRCVFNSVCMSVCMSUyNmxyJTNEJUU0JUI4JUFEJUU1JUIxJUIxJTI2ZnQlM0QlN0IlN0Q%3D#from=mpl_search_suggest,-1.0,N/A,幻彩欢乐世界位于中山市兴中广场C段，隶属于中山市天伦游乐投资有限公司。公司目标打造中山休闲娱乐的指向性场所，开创中山娱乐行业的新经营模式，吸引乡镇及周边城市；打造珠三角地区新景点，集休闲、时尚、游玩、购物于一体的新消费度假模式。公司的宗旨是“乐享天伦，Fun享幸福”. “幻彩欢乐世界”室内主题乐园以亲子欢乐同游的互动模式打造。,暂无,https://imgs.qunarzz.com/sight/p0/1505/77/772771a113a1d900.water.jpg_710x360_794134f9.jpg〇https://imgs.qunarzz.com/sight/p0/1505/b5/b53db2848db09300.water.jpg_710x360_82719172.jpg〇https://imgs.qunarzz.com/sight/p0/1505/c4/c43ccc1dc2a3b8a3.water.jpg_710x360_1171c55f.jpg〇https://imgs.qunarzz.com/sight/p0/1505/d4/d4b2a7239dc40ae1.water.jpg_710x360_58d0b13e.jpg〇https://imgs.qunarzz.com/sight/p0/1505/65/656e6ba0c449f5b0.water.jpg_710x360_4f86e9d7.jpg,"{""ret"": true, ""data"": {""tagList"": [{""tagType"": 0, ""tagScore"": 5, ""tagNum"": 0, ""tagName"": ""\u5168\u90e8""}], ""score"": 0.0, ""commentCount"": 0}, ""statusCode"": 200}"
孙文公园,https://imgs.qunarzz.com/sight/p0/201403/11/e0b5427aa8261d9375a57ce84d0c34c1.jpg_280x200_341c4012.jpg,中山市,中山市,广东省中山市中山市区兴中道,1,5.0,整个公园重点突出了“纪念”的主题,https://piao.qunar.com/ticket/detail_3285757982.html?st=a3clM0QlRTQlQjglQUQlRTUlQjElQjElRTUlQjglODIlMjZpZCUzRDE4OTUyMiUyNnR5cGUlM0QwJTI2aWR4JTNENDMlMjZxdCUzRCUyNmFwayUzRDIlMjZzYyUzRFdXVyUyNnVyJTNEJUU0JUI4JUFEJUU1JUIxJUIxJTI2bHIlM0QlRTQlQjglQUQlRTUlQjElQjElMjZmdCUzRCU3QiU3RA%3D%3D#from=mpl_search_suggest,-1.0,N/A,孙文纪念公园主要由两个平缓的山坡改建而成，分为革命纪念区和综合游览区两个不同的区域。纪念区以纪念孙中山先生的题材为主，设有孙中山先生铜像、喷水池以及松园、竹园、梅园和栽种了999株龙柏的龙柏山等景点。与纪念区遥遥相对的是游览区，这个游览区设有“香山”、“飞来石”、“一线天”、“水帘洞”、“观景阁”、“迎阳石”等景点。景点的布局紧紧围绕主题铺排。,01/01-12/31；全天开放,https://imgs.qunarzz.com/sight/p0/201403/11/e0b5427aa8261d9375a57ce84d0c34c1.jpg_710x360_f3bd54f4.jpg〇https://qimgs.qunarzz.com/piao_qsight_provider_piao_qsight_web/ffa316616b14ccf7.jpg_710x360_49abc56f.jpg〇https://qimgs.qunarzz.com/piao_qsight_provider_piao_qsight_web/6e7509a44ceaf8f7.jpg_710x360_a071d4a8.jpg〇https://qimgs.qunarzz.com/piao_qsight_provider_piao_qsight_web/5727efe679190af7.jpg_710x360_37be4f0f.jpg〇https://qimgs.qunarzz.com/piao_qsight_provider_piao_qsight_web/2c1d9677667dc7f7.jpg_710x360_9b214d3b.jpg〇https://qimgs.qunarzz.com/piao_qsight_provider_piao_qsight_web/0df9a9d6104948f7.jpg_710x360_f7709af9.jpg〇https://qimgs.qunarzz.com/piao_qsight_provider_piao_qsight_web/40bdef03b737f4f7.jpg_710x360_2ee8a7ca.jpg〇https://qimgs.qunarzz.com/piao_qsight_provider_piao_qsight_web/a03def26d32ce6f7.jpg_710x360_fe2b20d6.jpg〇https://qimgs.qunarzz.com/piao_qsight_provider_piao_qsight_web/690daba4159cdf7.jpg_710x360_d22e920e.jpg〇https://qimgs.qunarzz.com/piao_qsight_provider_piao_qsight_web/086e7a441772f5f7.jpg_710x360_ad5e625c.jpg〇https://qimgs.qunarzz.com/piao_qsight_provider_piao_qsight_web/20defe713b01e3f7.jpg_710x360_9c50f7b6.jpg〇https://qimgs.qunarzz.com/piao_qsight_provider_piao_qsight_web/4f82aa917726a1f7.jpg_710x360_6979fe1f.jpg〇https://qimgs.qunarzz.com/piao_qsight_provider_piao_qsight_web/53e1c641fc7fe7f7.jpg_710x360_fefb7523.jpg〇https://qimgs.qunarzz.com/piao_qsight_provider_piao_qsight_web/a8858356fdbb7bf7.jpg_710x360_ca784f3b.jpg〇https://qimgs.qunarzz.com/piao_qsight_provider_piao_qsight_web/c13b63d3b45dd5f7.jpg_710x360_df07a57f.jpg〇https://qimgs.qunarzz.com/piao_qsight_provider_piao_qsight_web/e7d4434defc293f7.jpg_710x360_b41d42b2.jpg〇https://qimgs.qunarzz.com/piao_qsight_provider_piao_qsight_web/354d41513a442ff7.jpg_710x360_61df4f65.jpg〇https://qimgs.qunarzz.com/piao_qsight_provider_piao_qsight_web/298f101e9facbdf7.jpg_710x360_91668a66.jpg〇https://qimgs.qunarzz.com/piao_qsight_provider_piao_qsight_web/785e1584e9cbbf7.jpg_710x360_6d66c453.jpg〇https://qimgs.qunarzz.com/piao_qsight_provider_piao_qsight_web/002b2882f1076af7.jpg_710x360_96b815b5.jpg〇https://qimgs.qunarzz.com/piao_qsight_provider_piao_qsight_web/45ec507a173b1cf7.jpg_710x360_b414c96b.jpg,"{""ret"": true, ""data"": {""tagList"": [{""tagType"": 1, ""tagScore"": 5, ""tagNum"": 1, ""tagName"": ""\u597d\u8bc4""}, {""tagType"": 0, ""tagScore"": 5, ""tagNum"": 1, ""tagName"": ""\u5168\u90e8""}], ""commentList"": [{""author"": ""t*7"", ""content"": ""\u7528\u6237\u672a\u70b9\u8bc4\uff0c\u7cfb\u7edf\u9ed8\u8ba4\u597d\u8bc4\u3002"", ""date"": ""2023-12-27"", ""score"": 5, ""commentId"": ""230854780"", ""imgs"": [], ""userNickName"": ""t*7"", ""replyCityName"": """", ""cityName"": """"}], ""score"": 5.0, ""commentCount"": 1}, ""statusCode"": 200}"
长江水世界,https://imgs.qunarzz.com/sight/p0/1804/57/570812106eff912ea3.img.jpg_280x200_fdfada70.jpg,中山市,中山市,广东省中山市东区街道长江三溪社区景观路1号,3128,4.7,深海主题水上乐园,https://piao.qunar.com/ticket/detail_3973178106.html?st=a3clM0QlRTQlQjglQUQlRTUlQjElQjElRTUlQjglODIlMjZpZCUzRDMzNzIxJTI2dHlwZSUzRDAlMjZpZHglM0Q0MiUyNnF0JTNEJTI2YXBrJTNEMiUyNnNjJTNEV1dXJTI2dXIlM0QlRTQlQjglQUQlRTUlQjElQjElMjZsciUzRCVFNCVCOCVBRCVFNSVCMSVCMSUyNmZ0JTNEJTdCJTdE#from=mpl_search_suggest,-1.0,N/A,位于中山市长江旅游风景区内，占地面积10万平方米，可同时容纳6000名游客。中山长江水世界依托长江水库常年丰富的天然水资源和周边优美的自然环境，在这里您可倾听海浪的声音，享受阳光的沐浴。中山长江水世界拥有先进的水上娱乐设备，爱琴海湾由扇状人造海和近2000平方米的银色人造沙滩组成，人造海浪可达1.5米高，86余米的海岸线让人们亲临海边，感受浩瀚无边的湛蓝海洋。巨大的造浪池内海浪汹涌，碧波滔天，左、右边浪、双边浪、突起浪、排浪、阶梯浪等等交错而来，置身大海感受跌宕起伏的海浪，汹涌滂沱的气势不言而喻，让您真正体验一把搏击海浪、欢畅淋漓的刺激痛快。总长度570米的从林漂流，游客可躺在特别设计的泳圈上沿河漂流，除有常规的水流加速设备外，丛林漂流还增加了人工造浪系统，故水流亦时急时缓。急处惊涛骇浪，波峰流转，势不可挡；缓处微澜不惊，河面如镜。两岸造型丰富奇特，花香四溢，身处其中，一边自由自在地欣赏溪河美景、丛林险奇，一边在流水戏舟中享受畅游之趣，流连于碧水绿荫之间，真可谓妙不可言。恍若水上童话城堡，被郁郁葱葱的绿意环抱着，有造型别致的树屋、各具特色的滑道伴随着精灵的欢笑，欢快旋转的水车、盛满水后就会将其倾泻而下的木制大水桶，吸引着无数的游客，传递着无尽的快乐。爱宝总动员有奇趣好玩的水上游乐设施，七彩闪耀的童话人物。无论是小宝贝，还是父辈祖辈的“大孩子们”，都能在童趣盎然的世界里倾情肆意的嬉戏。飞溅的水花，欢腾的旋律，满载的全是孩子们的欢笑声，带着纯真的快乐和萦绕在鼻尖的幸福气息，是儿童及家长亲水、嬉水的热点项目。为了满足不同游客需求，园内还特设绿氧泳池与休闲SPA与健身设施，另外飞越彩虹、深海漩涡、时空穿梭、巨浪飞舟等游玩设施。,05/15-06/30；周一至周五；11:00-18:00开园,https://imgs.qunarzz.com/sight/p0/1804/57/570812106eff912ea3.img.jpg_710x360_faab44a1.jpg〇https://imgs.qunarzz.com/sight/p0/1804/79/790f06ffb1460db2a3.img.jpg_710x360_f91fb6b8.jpg〇https://imgs.qunarzz.com/sight/p0/1804/f9/f917693d31bda64ca3.img.jpg_710x360_d5a0bbe2.jpg〇https://imgs.qunarzz.com/sight/p0/1804/15/15e65d08302c01e4a3.img.jpg_710x360_5164f371.jpg〇https://imgs.qunarzz.com/sight/p0/1804/dd/ddad5c2e09e2866da3.img.jpg_710x360_960bc6c0.jpg〇https://imgs.qunarzz.com/sight/p0/1804/e5/e57bb775f8f3960da3.img.jpg_710x360_562ce981.jpg〇https://imgs.qunarzz.com/sight/p0/201301/16/e1ecc934ddb7984693835fbb.jpg_710x360_b36c8407.jpg〇https://imgs.qunarzz.com/sight/p0/201301/16/d816fb95fcee6fc493835fbb.jpg_710x360_534ca9c5.jpg〇https://imgs.qunarzz.com/sight/p0/201301/16/2141795a173d124693835fbb.jpg_710x360_551290b8.jpg〇https://imgs.qunarzz.com/sight/p0/1507/11/f51bda1b658c5c56af3d5080b6c5b93e.water.jpg_710x360_213ec0a2.jpg〇https://imgs.qunarzz.com/sight/p0/1507/10/0fcc9f218676394551dca7f8a06ed03c.water.jpg_710x360_8028dd3a.jpg〇https://imgs.qunarzz.com/sight/p0/1507/5e/cd13ab967dd5b75f9578364106f3ea81.water.jpg_710x360_aaf605b5.jpg〇https://imgs.qunarzz.com/sight/p0/1507/83/4dd78458402bf66804f908f0aeecf07f.water.jpg_710x360_f31bf457.jpg〇https://imgs.qunarzz.com/sight/p0/1509/80/e5b417991959aec9a634314c261c55ab.water.jpg_710x360_32b0a66d.jpg〇https://imgs.qunarzz.com/sight/p0/1507/93/4de0b6c8d78365645f4021b55cf3f5fb.water.jpg_710x360_b10ec3d3.jpg,"{""ret"": true, ""data"": {""tagList"": [{""tagType"": 32, ""tagScore"": 5, ""tagNum"": 54, ""tagName"": ""\u670d\u52a1\u597d""}, {""tagType"": 16, ""tagScore"": 5, ""tagNum"": 70, ""tagName"": ""\u9760\u8c31""}, {""tagType"": 8, ""tagScore"": 5, ""tagNum"": 64, ""tagName"": ""\u4fbf\u5b9c""}, {""tagType"": 4, ""tagScore"": 5, ""tagNum"": 104, ""tagName"": ""\u53d6\u7968\u65b9\u4fbf""}, {""tagType"": 3, ""tagScore"": 5, ""tagNum"": 23, ""tagName"": ""\u5dee\u8bc4""}, {""tagType"": 2, ""tagScore"": 5, ""tagNum"": 49, ""tagName"": ""\u4e2d\u8bc4""}, {""tagType"": 1, ""tagScore"": 5, ""tagNum"": 2939, ""tagName"": ""\u597d\u8bc4""}, {""tagType"": 0, ""tagScore"": 5, ""tagNum"": 3128, ""tagName"": ""\u5168\u90e8""}], ""commentList"": [{""author"": ""q*8"", ""content"": ""\u975e\u5e38\u5dee\u522b\u53bb\u6d6a\u8d39\u94b1\uff0c\u91cc\u9762\u50a8\u7269\u67dc\u8fd8\u8981\u6536\u8d3940\u5757\u94b1\u4e00\u4e2a\uff0c\u6cf3\u88e450\u523060\u5143\uff0c\u6c34\u888b25\u5143\uff0c\u77ff\u6cc9\u6c348\u5143\uff0c\u67e0\u6aac\u6c3420\u5143\uff0c\u79df\u6e38\u6cf3\u570850\u5757\u94b1\u4e09\u4eba\u5750\u7684\u706b\u817f\u80a06\u5143\u4e00\u6839\uff0c\u7279\u522b\u96be\u5403\u4e0d\u65b0\u9c9c\u5403\u4e86\u80c3\u75db\u62c9\u809a\u5b50\uff0c\u505c\u8f66\u8d39\u8fd8\u5f97\u6536\u8d39\uff0c\u670d\u52a1\u6001\u5ea6\u5dee\uff0c"", ""date"": ""2024-07-08"", ""score"": 1, ""commentId"": ""234660204"", ""imgs"": [], ""userNickName"": ""q*8"", ""replyCityName"": """", ""cityName"": ""\u5e7f\u4e1c""}, {""author"": ""\u5fc3*\u98ce"", ""content"": ""\u7528\u6237\u672a\u70b9\u8bc4\uff0c\u7cfb\u7edf\u9ed8\u8ba4\u597d\u8bc4\u3002"", ""date"": ""2024-11-01"", ""score"": 5, ""commentId"": ""237986937"", ""imgs"": [], ""userNickName"": ""\u5fc3*\u98ce"", ""replyCityName"": """", ""cityName"": """"}, {""author"": ""\u53bb*\u6237"", ""content"": ""\u7528\u6237\u672a\u70b9\u8bc4\uff0c\u7cfb\u7edf\u9ed8\u8ba4\u597d\u8bc4\u3002"", ""date"": ""2024-11-01"", ""score"": 5, ""commentId"": ""237964320"", ""imgs"": [], ""userNickName"": ""\u53bb*\u6237"", ""replyCityName"": """", ""cityName"": """"}, {""author"": ""p*2"", ""content"": ""\u7528\u6237\u672a\u70b9\u8bc4\uff0c\u7cfb\u7edf\u9ed8\u8ba4\u597d\u8bc4\u3002"", ""date"": ""2024-10-17"", ""score"": 5, ""commentId"": ""237701542"", ""imgs"": [], ""userNickName"": ""p*2"", ""replyCityName"": """", ""cityName"": """"}, {""author"": ""x*2"", ""content"": ""\u7528\u6237\u672a\u70b9\u8bc4\uff0c\u7cfb\u7edf\u9ed8\u8ba4\u597d\u8bc4\u3002"", ""date"": ""2024-10-17"", ""score"": 5, ""commentId"": ""237700194"", ""imgs"": [], ""userNickName"": ""x*2"", ""replyCityName"": """", ""cityName"": """"}, {""author"": ""\u53bb*\u6237"", ""content"": ""\u7528\u6237\u672a\u70b9\u8bc4\uff0c\u7cfb\u7edf\u9ed8\u8ba4\u597d\u8bc4\u3002"", ""date"": ""2024-10-10"", ""score"": 5, ""commentId"": ""237573588"", ""imgs"": [], ""userNickName"": ""\u53bb*\u6237"", ""replyCityName"": """", ""cityName"": """"}, {""author"": ""\u53bb*\u6237"", ""content"": ""\u7528\u6237\u672a\u70b9\u8bc4\uff0c\u7cfb\u7edf\u9ed8\u8ba4\u597d\u8bc4\u3002"", ""date"": ""2024-09-30"", ""score"": 5, ""commentId"": ""237387180"", ""imgs"": [], ""userNickName"": ""\u53bb*\u6237"", ""replyCityName"": """", ""cityName"": """"}, {""author"": ""\u53bb*\u6237"", ""content"": ""\u7528\u6237\u672a\u70b9\u8bc4\uff0c\u7cfb\u7edf\u9ed8\u8ba4\u597d\u8bc4\u3002"", ""date"": ""2024-09-30"", ""score"": 5, ""commentId"": ""237385723"", ""imgs"": [], ""userNickName"": ""\u53bb*\u6237"", ""replyCityName"": """", ""cityName"": """"}, {""author"": ""a*7"", ""content"": ""\u7528\u6237\u672a\u70b9\u8bc4\uff0c\u7cfb\u7edf\u9ed8\u8ba4\u597d\u8bc4\u3002"", ""date"": ""2024-09-29"", ""score"": 5, ""commentId"": ""237373358"", ""imgs"": [], ""userNickName"": ""a*7"", ""replyCityName"": """", ""cityName"": """"}, {""author"": ""\u53bb*\u6237"", ""content"": ""\u7528\u6237\u672a\u70b9\u8bc4\uff0c\u7cfb\u7edf\u9ed8\u8ba4\u597d\u8bc4\u3002"", ""date"": ""2024-09-28"", ""score"": 5, ""commentId"": ""237341905"", ""imgs"": [], ""userNickName"": ""\u53bb*\u6237"", ""replyCityName"": """", ""cityName"": """"}], ""score"": 4.7, ""commentCount"": 3128}, ""statusCode"": 200}"
紫马岭动物园,https://qimgs.qunarzz.com/piao_qsight_provider_piao_qsight_web/0102a12000f6u990w2CA3_C_900_504.jpg_280x200_28841216.jpg,中山市,中山市,广东省中山市紫马岭公园内,63,4.7,动物种类多，亲子游玩胜地,https://piao.qunar.com/ticket/detail_3307511508.html?st=a3clM0QlRTQlQjglQUQlRTUlQjElQjElRTUlQjglODIlMjZpZCUzRDQ2ODA1NyUyNnR5cGUlM0QwJTI2aWR4JTNENDElMjZxdCUzRCUyNmFwayUzRDIlMjZzYyUzRFdXVyUyNnVyJTNEJUU0JUI4JUFEJUU1JUIxJUIxJTI2bHIlM0QlRTQlQjglQUQlRTUlQjElQjElMjZmdCUzRCU3QiU3RA%3D%3D#from=mpl_search_suggest,-1.0,N/A,紫马岭动物园位于紫马岭公园内，驯养的动物有30多种，1800余只。长颈鹿、鸵鸟、斑马外，环尾狐猴、小熊猫、湾鳄、扬子鳄、鳄龟等。,1/1-12/31；周一至周日；08:30-19:00开园；（17:30停止入园）,https://qimgs.qunarzz.com/piao_qsight_provider_piao_qsight_web/0102a12000f6u990w2CA3_C_900_504.jpg_710x360_75c63ee6.jpg〇https://qimgs.qunarzz.com/piao_qsight_provider_piao_qsight_web/0102a12000f6u990w2CA3_C_900_504_Q90_Mtg_7.jpg_710x360_3bffe6c9.jpg〇https://qimgs.qunarzz.com/piao_qsight_provider_piao_qsight_web/10010r000000hmk1i5D26_C_900_504_Q90_Mtg_7.jpg_710x360_b6dfcda3.jpg〇https://qimgs.qunarzz.com/piao_qsight_provider_piao_qsight_web/100j0r000000h95810B48_C_900_504_Q90_Mtg_7.jpg_710x360_0f70c3f6.jpg〇https://qimgs.qunarzz.com/piao_qsight_provider_piao_qsight_web/10070r000000hq3u0A3C5_C_900_504_Q90_Mtg_7.jpg_710x360_7b08d9a3.jpg〇https://qimgs.qunarzz.com/piao_qsight_provider_piao_qsight_web/10050r000000hc51s513A_C_900_504_Q90_Mtg_7.jpg_710x360_752f9e1e.jpg〇https://qimgs.qunarzz.com/piao_qsight_provider_piao_qsight_web/10050r000000hc51v01DF_C_900_504_Q90_Mtg_7.jpg_710x360_11dfb5f9.jpg〇https://qimgs.qunarzz.com/piao_qsight_provider_piao_qsight_web/10060r000000ha07f6BA6_C_900_504_Q90_Mtg_7.jpg_710x360_5b4f000b.jpg〇https://qimgs.qunarzz.com/piao_qsight_provider_piao_qsight_web/100m0x000000lnl2tB102_C_900_504_Q90_Mtg_7.jpg_710x360_2ee1b53e.jpg〇https://qimgs.qunarzz.com/piao_qsight_provider_piao_qsight_web/100u0x000000le69a4F56_C_900_504_Q90_Mtg_7.jpg_710x360_420d0a98.jpg〇https://qimgs.qunarzz.com/piao_qsight_provider_piao_qsight_web/10030r000000hbd1pD40D_C_900_504_Q90_Mtg_7.jpg_710x360_b7261c16.jpg〇https://imgs.qunarzz.com/sight/p0/1804/b7/b7a7357726f9d759a3.img.jpg_710x360_2fc23726.jpg〇https://imgs.qunarzz.com/sight/p0/1804/ea/eaabb781ecba7289a3.img.jpg_710x360_327c5828.jpg〇https://qimgs.qunarzz.com/piao_qsight_provider_piao_qsight_web/60cc4a68df916f10d621cfe6839a4f84.jpg_710x360_33c6f973.jpg〇https://qimgs.qunarzz.com/piao_qsight_provider_piao_qsight_web/34969ed27b151902.jpg_710x360_f11349f0.jpg,"{""ret"": true, ""data"": {""tagList"": [{""tagType"": 3, ""tagScore"": 5, ""tagNum"": 2, ""tagName"": ""\u5dee\u8bc4""}, {""tagType"": 2, ""tagScore"": 5, ""tagNum"": 2, ""tagName"": ""\u4e2d\u8bc4""}, {""tagType"": 1, ""tagScore"": 5, ""tagNum"": 58, ""tagName"": ""\u597d\u8bc4""}, {""tagType"": 0, ""tagScore"": 5, ""tagNum"": 63, ""tagName"": ""\u5168\u90e8""}], ""commentList"": [{""author"": ""\u53bb*\u6237"", ""content"": ""\u8bf7\u95ee\u73e0\u6d77\u73b0\u5728\u53bb\u9700\u898124\u5c0f\u65f6\u6838\u9178\u5417"", ""date"": ""2022-08-12"", ""score"": 4, ""commentId"": ""222761663"", ""imgs"": [], ""userNickName"": ""\u53bb*\u6237"", ""replyCityName"": """", ""cityName"": """"}, {""author"": ""\u53bb*\u6237"", ""content"": ""\u5e7f\u5dde\u52a8\u7269\u56ed\u624d20\uff0c50\u6211\u90fd\u5acc\u8d35"", ""date"": ""2022-03-11"", ""score"": 3, ""commentId"": ""222070327"", ""imgs"": [], ""userNickName"": ""\u53bb*\u6237"", ""replyCityName"": """", ""cityName"": """"}, {""author"": ""\u53bb*\u6237"", ""content"": ""\u95e8\u53e3\u4e7050\u4f60\u8fd9\u8fd8\u898186\u6211\u6655"", ""date"": ""2022-02-27"", ""score"": 1, ""commentId"": ""221916738"", ""imgs"": [], ""userNickName"": ""\u53bb*\u6237"", ""replyCityName"": """", ""cityName"": """"}, {""author"": ""o*9"", ""content"": ""\u7f8e\u56e2\u4e0a\u9762\u6709\u7968\u4ef7\uff0c\u8fd9\u91cc\u4e0d\u663e\u793a\u7968\u4ef7\uff1f"", ""date"": ""2021-04-30"", ""score"": 2, ""commentId"": ""218586913"", ""imgs"": [], ""userNickName"": ""o*9"", ""replyCityName"": """", ""cityName"": """"}, {""author"": ""e*9"", ""content"": ""\u8fd8\u884c\uff0c\u53bb\u5e74\u770b\u8fc7\u4e86\uff0c\u6253\u7b97\u660e\u5929\u518d\u53bb\u770b\u4e00\u4e0b\u3002\u5c31\u662f\u611f\u89c9\u52a8\u7269\u4eec\u592a\u53ef\u601c\u4e86"", ""date"": ""2021-02-19"", ""score"": 5, ""commentId"": ""217956916"", ""imgs"": [{""small"": ""https://mp-piao-admincp.qunarzz.com/mp_piao_admin_mp_piao_admin/fusion/20212/60cc4a68df916f10d621cfe6839a4f84.jpg_120x120_4e6fd4fa.jpg"", ""title"": """", ""big"": ""https://mp-piao-admincp.qunarzz.com/mp_piao_admin_mp_piao_admin/fusion/20212/60cc4a68df916f10d621cfe6839a4f84.jpg""}], ""userNickName"": ""e*9"", ""replyCityName"": """", ""cityName"": """"}, {""author"": ""d*4"", ""content"": ""\u7528\u6237\u672a\u70b9\u8bc4\uff0c\u7cfb\u7edf\u9ed8\u8ba4\u597d\u8bc4\u3002"", ""date"": ""2020-11-06"", ""score"": 5, ""commentId"": ""217227838"", ""imgs"": [], ""userNickName"": ""d*4"", ""replyCityName"": """", ""cityName"": """"}, {""author"": ""d*4"", ""content"": ""\u7528\u6237\u672a\u70b9\u8bc4\uff0c\u7cfb\u7edf\u9ed8\u8ba4\u597d\u8bc4\u3002"", ""date"": ""2020-11-06"", ""score"": 5, ""commentId"": ""217227822"", ""imgs"": [], ""userNickName"": ""d*4"", ""replyCityName"": """", ""cityName"": """"}, {""author"": ""z*6"", ""content"": ""\u7528\u6237\u672a\u70b9\u8bc4\uff0c\u7cfb\u7edf\u9ed8\u8ba4\u597d\u8bc4\u3002"", ""date"": ""2020-11-06"", ""score"": 5, ""commentId"": ""217221603"", ""imgs"": [], ""userNickName"": ""z*6"", ""replyCityName"": """", ""cityName"": """"}, {""author"": ""z*5"", ""content"": ""\u7528\u6237\u672a\u70b9\u8bc4\uff0c\u7cfb\u7edf\u9ed8\u8ba4\u597d\u8bc4\u3002"", ""date"": ""2020-11-06"", ""score"": 5, ""commentId"": ""217220872"", ""imgs"": [], ""userNickName"": ""z*5"", ""replyCityName"": """", ""cityName"": """"}, {""author"": ""z*5"", ""content"": ""\u7528\u6237\u672a\u70b9\u8bc4\uff0c\u7cfb\u7edf\u9ed8\u8ba4\u597d\u8bc4\u3002"", ""date"": ""2020-11-06"", ""score"": 5, ""commentId"": ""217220651"", ""imgs"": [], ""userNickName"": ""z*5"", ""replyCityName"": """", ""cityName"": """"}], ""score"": 4.7, ""commentCount"": 63}, ""statusCode"": 200}"
霖海泉舍温泉,https://qimgs.qunarzz.com/piao_qsight_provider_piao_qsight_web/0101u120008b2hro6F85D_C_900_504.jpg_280x200_9cd9829d.jpg,中山市,中山市,中山市南朗镇海情路18期海韵公寓霖海泉舍内,5,5.0,"12年超级滨海社区

与湾区发展同行

匠心铸就美好人居

敏捷集团与您一起

凭栏临风，阅览山海

用心发现生活之美",https://piao.qunar.com/ticket/detail_3104818785.html?st=a3clM0QlRTQlQjglQUQlRTUlQjElQjElRTUlQjglODIlMjZpZCUzRDUxNDYxOCUyNnR5cGUlM0QwJTI2aWR4JTNEMzklMjZxdCUzRCUyNmFwayUzRDIlMjZzYyUzRFdXVyUyNnVyJTNEJUU0JUI4JUFEJUU1JUIxJUIxJTI2bHIlM0QlRTQlQjglQUQlRTUlQjElQjElMjZmdCUzRCU3QiU3RA%3D%3D#from=mpl_search_suggest,-1.0,N/A,12年超级滨海社区与湾区发展同行匠心铸就美好人居敏捷集团与您一起凭栏临风，阅览山海用心发现生活之美,1/1-12/31；周一至周日；10:00-22:00开园；（21:30停止入园）,https://qimgs.qunarzz.com/piao_qsight_provider_piao_qsight_web/0101u120008b2hro6F85D_C_900_504.jpg_710x360_d4206272.jpg,"{""ret"": true, ""data"": {""tagList"": [{""tagType"": 1, ""tagScore"": 5, ""tagNum"": 5, ""tagName"": ""\u597d\u8bc4""}, {""tagType"": 0, ""tagScore"": 5, ""tagNum"": 5, ""tagName"": ""\u5168\u90e8""}], ""commentList"": [{""author"": ""n*1"", ""content"": ""\u7528\u6237\u672a\u70b9\u8bc4\uff0c\u7cfb\u7edf\u9ed8\u8ba4\u597d\u8bc4\u3002"", ""date"": ""2023-08-22"", ""score"": 5, ""commentId"": ""227591204"", ""imgs"": [], ""userNickName"": ""n*1"", ""replyCityName"": """", ""cityName"": """"}, {""author"": ""D*9"", ""content"": ""\u7528\u6237\u672a\u70b9\u8bc4\uff0c\u7cfb\u7edf\u9ed8\u8ba4\u597d\u8bc4\u3002"", ""date"": ""2023-04-11"", ""score"": 5, ""commentId"": ""225057729"", ""imgs"": [], ""userNickName"": ""D*9"", ""replyCityName"": """", ""cityName"": """"}, {""author"": ""\u53bb*\u6237"", ""content"": ""\u7528\u6237\u672a\u70b9\u8bc4\uff0c\u7cfb\u7edf\u9ed8\u8ba4\u597d\u8bc4\u3002"", ""date"": ""2023-04-08"", ""score"": 5, ""commentId"": ""225031028"", ""imgs"": [], ""userNickName"": ""\u53bb*\u6237"", ""replyCityName"": """", ""cityName"": """"}, {""author"": ""\u53bb*\u6237"", ""content"": ""\u7528\u6237\u672a\u70b9\u8bc4\uff0c\u7cfb\u7edf\u9ed8\u8ba4\u597d\u8bc4\u3002"", ""date"": ""2023-04-08"", ""score"": 5, ""commentId"": ""225030939"", ""imgs"": [], ""userNickName"": ""\u53bb*\u6237"", ""replyCityName"": """", ""cityName"": """"}, {""author"": ""\u5c0f*\u9521"", ""content"": ""\u7528\u6237\u672a\u70b9\u8bc4\uff0c\u7cfb\u7edf\u9ed8\u8ba4\u597d\u8bc4\u3002"", ""date"": ""2022-10-11"", ""score"": 5, ""commentId"": ""223525056"", ""imgs"": [], ""userNickName"": ""\u5c0f*\u9521"", ""replyCityName"": """", ""cityName"": """"}], ""score"": 5.0, ""commentCount"": 5}, ""statusCode"": 200}"
翠景水上乐园,https://qimgs.qunarzz.com/piao_qsight_provider_piao_qsight_web/0102r120009wpmkhw2D5D_C_900_504.jpg_280x200_25a2b1b1.jpg,中山市,中山市,广东省中山市新居路36号旁翠景康体园内,6,5.0,N/A,https://piao.qunar.com/ticket/detail_632526943.html?st=a3clM0QlRTQlQjglQUQlRTUlQjElQjElRTUlQjglODIlMjZpZCUzRDUxNzU0MCUyNnR5cGUlM0QwJTI2aWR4JTNEMzglMjZxdCUzRCUyNmFwayUzRDIlMjZzYyUzRFdXVyUyNnVyJTNEJUU0JUI4JUFEJUU1JUIxJUIxJTI2bHIlM0QlRTQlQjglQUQlRTUlQjElQjElMjZmdCUzRCU3QiU3RA%3D%3D#from=mpl_search_suggest,-1.0,N/A,N/A,1/1-12/31；周一至周五；14:00-22:00开园；（21:00停止入园）,https://qimgs.qunarzz.com/piao_qsight_provider_piao_qsight_web/0102r120009wpmkhw2D5D_C_900_504.jpg_710x360_f198661f.jpg〇https://qimgs.qunarzz.com/piao_qsight_provider_piao_qsight_web/0104j120009wpmc3827BD_C_900_504_Q90_Mtg_7.jpg_710x360_c639204d.jpg〇https://qimgs.qunarzz.com/piao_qsight_provider_piao_qsight_web/0101c120009wpm9j749E9_C_900_504_Q90_Mtg_7.jpg_710x360_79530b01.jpg〇https://qimgs.qunarzz.com/piao_qsight_provider_piao_qsight_web/01026120009wpm8xj4899_C_900_504_Q90_Mtg_7.jpg_710x360_d5f57d4d.jpg〇https://qimgs.qunarzz.com/piao_qsight_provider_piao_qsight_web/0103f120009wpmcg77FA3_C_900_504_Q90_Mtg_7.jpg_710x360_cc01ec5e.jpg〇https://qimgs.qunarzz.com/piao_qsight_provider_piao_qsight_web/0102r120009wpmkhw2D5D_C_900_504_Q90_Mtg_7.jpg_710x360_cf56e9d0.jpg,"{""ret"": true, ""data"": {""tagList"": [{""tagType"": 1, ""tagScore"": 5, ""tagNum"": 6, ""tagName"": ""\u597d\u8bc4""}, {""tagType"": 0, ""tagScore"": 5, ""tagNum"": 6, ""tagName"": ""\u5168\u90e8""}], ""commentList"": [{""author"": ""\u53bb*\u6237"", ""content"": ""\u7528\u6237\u672a\u70b9\u8bc4\uff0c\u7cfb\u7edf\u9ed8\u8ba4\u597d\u8bc4\u3002"", ""date"": ""2022-11-07"", ""score"": 5, ""commentId"": ""223775451"", ""imgs"": [], ""userNickName"": ""\u53bb*\u6237"", ""replyCityName"": """", ""cityName"": """"}, {""author"": ""\u53bb*\u6237"", ""content"": ""\u7528\u6237\u672a\u70b9\u8bc4\uff0c\u7cfb\u7edf\u9ed8\u8ba4\u597d\u8bc4\u3002"", ""date"": ""2022-11-04"", ""score"": 5, ""commentId"": ""223731185"", ""imgs"": [], ""userNickName"": ""\u53bb*\u6237"", ""replyCityName"": """", ""cityName"": """"}, {""author"": ""\u53bb*\u6237"", ""content"": ""\u7528\u6237\u672a\u70b9\u8bc4\uff0c\u7cfb\u7edf\u9ed8\u8ba4\u597d\u8bc4\u3002"", ""date"": ""2022-11-04"", ""score"": 5, ""commentId"": ""223730529"", ""imgs"": [], ""userNickName"": ""\u53bb*\u6237"", ""replyCityName"": """", ""cityName"": """"}, {""author"": ""\u53bb*\u6237"", ""content"": ""\u7528\u6237\u672a\u70b9\u8bc4\uff0c\u7cfb\u7edf\u9ed8\u8ba4\u597d\u8bc4\u3002"", ""date"": ""2022-11-03"", ""score"": 5, ""commentId"": ""223703554"", ""imgs"": [], ""userNickName"": ""\u53bb*\u6237"", ""replyCityName"": """", ""cityName"": """"}, {""author"": ""\u53bb*\u6237"", ""content"": ""\u7528\u6237\u672a\u70b9\u8bc4\uff0c\u7cfb\u7edf\u9ed8\u8ba4\u597d\u8bc4\u3002"", ""date"": ""2022-11-03"", ""score"": 5, ""commentId"": ""223703532"", ""imgs"": [], ""userNickName"": ""\u53bb*\u6237"", ""replyCityName"": """", ""cityName"": """"}, {""author"": ""\u53bb*\u6237"", ""content"": ""\u7528\u6237\u672a\u70b9\u8bc4\uff0c\u7cfb\u7edf\u9ed8\u8ba4\u597d\u8bc4\u3002"", ""date"": ""2022-11-02"", ""score"": 5, ""commentId"": ""223657736"", ""imgs"": [], ""userNickName"": ""\u53bb*\u6237"", ""replyCityName"": """", ""cityName"": """"}], ""score"": 5.0, ""commentCount"": 6}, ""statusCode"": 200}"
桐语小镇,https://qimgs.qunarzz.com/piao_qsight_provider_piao_qsight_web/35071c000001d1iol6D5C_C_900_504.jpg_280x200_269f9e9b.jpg,中山市,中山市,中山市小榄镇怡丰东路3号汇丰城3楼,3,5.0,桐语小镇位于中山市小榄镇汇丰城3楼，场馆面积3500平方米，内设40个职业体验项目。是新一代的儿童社会角色主题乐园，其全,https://piao.qunar.com/ticket/detail_3931275370.html?st=a3clM0QlRTQlQjglQUQlRTUlQjElQjElRTUlQjglODIlMjZpZCUzRDUwNTA0MiUyNnR5cGUlM0QwJTI2aWR4JTNEMzclMjZxdCUzRCUyNmFwayUzRDIlMjZzYyUzRFdXVyUyNnVyJTNEJUU0JUI4JUFEJUU1JUIxJUIxJTI2bHIlM0QlRTQlQjglQUQlRTUlQjElQjElMjZmdCUzRCU3QiU3RA%3D%3D#from=mpl_search_suggest,-1.0,N/A,桐语小镇位于中山市小榄镇汇丰城3楼，场馆面积3500平方米，内设40个职业体验项目。是新一代的儿童社会角色主题乐园，其全国新创的少儿育乐模式，通过主题体验设计、全面立体的角色游戏，培养志趣，发掘孩子动手能力、协调统筹、团队合作和战胜挫折等四大关键能力，让孩子受益。,1/1-12/31；周一至周五；10:00-14:00开园,https://qimgs.qunarzz.com/piao_qsight_provider_piao_qsight_web/35071c000001d1iol6D5C_C_900_504.jpg_710x360_8a076586.jpg〇https://qimgs.qunarzz.com/piao_qsight_provider_piao_qsight_web/350d1c000001cjcot7F69_C_900_504_Q90_Mtg_7.jpg_710x360_c2727108.jpg〇https://qimgs.qunarzz.com/piao_qsight_provider_piao_qsight_web/35021c000001crwka9AFC_C_900_504_Q90_Mtg_7.jpg_710x360_48a2f5e3.jpg〇https://qimgs.qunarzz.com/piao_qsight_provider_piao_qsight_web/35081c000001cl0yz82AD_C_900_504_Q90_Mtg_7.jpg_710x360_2d940169.jpg〇https://qimgs.qunarzz.com/piao_qsight_provider_piao_qsight_web/35051c000001cnc64FA22_C_900_504_Q90_Mtg_7.jpg_710x360_80bc2795.jpg〇https://qimgs.qunarzz.com/piao_qsight_provider_piao_qsight_web/35011c000001cxr8kEAC5_C_900_504_Q90_Mtg_7.jpg_710x360_972e80c1.jpg〇https://qimgs.qunarzz.com/piao_qsight_provider_piao_qsight_web/350u1c000001cksz07CEB_C_900_504_Q90_Mtg_7.jpg_710x360_9ca0fbe0.jpg〇https://qimgs.qunarzz.com/piao_qsight_provider_piao_qsight_web/350g1c000001climh48E2_C_900_504_Q90_Mtg_7.jpg_710x360_d8977191.jpg〇https://qimgs.qunarzz.com/piao_qsight_provider_piao_qsight_web/350b1c000001cn7ysFA81_C_900_504_Q90_Mtg_7.jpg_710x360_01c84aa0.jpg〇https://qimgs.qunarzz.com/piao_qsight_provider_piao_qsight_web/350h1c000001cmemb9172_C_900_504_Q90_Mtg_7.jpg_710x360_30a4301a.jpg〇https://qimgs.qunarzz.com/piao_qsight_provider_piao_qsight_web/35071c000001d1iol6D5C_C_900_504_Q90_Mtg_7.jpg_710x360_70b77094.jpg,"{""ret"": true, ""data"": {""tagList"": [{""tagType"": 1, ""tagScore"": 5, ""tagNum"": 3, ""tagName"": ""\u597d\u8bc4""}, {""tagType"": 0, ""tagScore"": 5, ""tagNum"": 3, ""tagName"": ""\u5168\u90e8""}], ""commentList"": [{""author"": ""\u53bb*\u6237"", ""content"": ""\u7528\u6237\u672a\u70b9\u8bc4\uff0c\u7cfb\u7edf\u9ed8\u8ba4\u597d\u8bc4\u3002"", ""date"": ""2023-06-27"", ""score"": 5, ""commentId"": ""226366206"", ""imgs"": [], ""userNickName"": ""\u53bb*\u6237"", ""replyCityName"": """", ""cityName"": """"}, {""author"": ""6*3"", ""content"": ""\u7528\u6237\u672a\u70b9\u8bc4\uff0c\u7cfb\u7edf\u9ed8\u8ba4\u597d\u8bc4\u3002"", ""date"": ""2022-01-18"", ""score"": 5, ""commentId"": ""221729179"", ""imgs"": [], ""userNickName"": ""6*3"", ""replyCityName"": """", ""cityName"": """"}, {""author"": ""j*0"", ""content"": ""\u7528\u6237\u672a\u70b9\u8bc4\uff0c\u7cfb\u7edf\u9ed8\u8ba4\u597d\u8bc4\u3002"", ""date"": ""2020-06-24"", ""score"": 5, ""commentId"": ""214698801"", ""imgs"": [], ""userNickName"": ""j*0"", ""replyCityName"": """", ""cityName"": """"}], ""score"": 5.0, ""commentCount"": 3}, ""statusCode"": 200}"
犁头尖山,https://qimgs.qunarzz.com/piao_qsight_provider_piao_qsight_web/0106a12000859t8vxD19F_C_900_504.jpg_280x200_04d113a0.jpg,中山市,中山市,中山市中山纪念中学校道(中山故居公园西北侧约150米),8,5.0,犁头尖山位于翠亨村北面，因形似犁头而得名，是翠亨的最 高峰；与金槟榔山、黄牛山共同助成翠亨村三面环山、一面临水的地理优势,https://piao.qunar.com/ticket/detail_632087196.html?st=a3clM0QlRTQlQjglQUQlRTUlQjElQjElRTUlQjglODIlMjZpZCUzRDUwOTgxOCUyNnR5cGUlM0QwJTI2aWR4JTNEMzYlMjZxdCUzRCUyNmFwayUzRDIlMjZzYyUzRFdXVyUyNnVyJTNEJUU0JUI4JUFEJUU1JUIxJUIxJTI2bHIlM0QlRTQlQjglQUQlRTUlQjElQjElMjZmdCUzRCU3QiU3RA%3D%3D#from=mpl_search_suggest,-1.0,5A景区,犁头尖山位于翠亨村北面，因形似犁头而得名，是翠亨的最 高峰；与金槟榔山、黄牛山共同助成翠亨村三面环山、一面临水的地理优势，登山可俯瞰孙中山故里旅游区之全貌、远眺至珠海市淇澳岛及素有“淇澳八景”之称的淇澳大桥。山上葬有孙中山祖父孙敬贤、父亲孙达成、兄长孙眉、亲侄孙昌和孙氏家族墓群，其墓群主要是以传统的圈椅式风格建造，保有翠亨村的墓葬特色。其中孙敬贤墓位于犁头尖山南锋，面朝珠江口，风水极佳，有土名“皇帝田”，建于清朝咸丰四年(1854年）。游客可于观景台后侧方沿着石阶路行至墓地瞻仰。犁头尖山登山步道全长2.6公里，步道制高点修建有一处观景台，海拔高度为97.4米，观景台配备有两台投币式望远镜，可供游客朋友们在天气晴好时，观赏到淇澳岛、唐家半岛夹着金星岛而成的“二龙戏珠”之格局，感受伶仃洋之浩然正气。翠亨村当地流传着描述“皇帝田”的歌谣：背倚屏风坐宝椅，面临方玉皇帝田。两旁湾拱又湾拱，如同万众共朝宗。上有楼台下有阁，一对鳌鱼生两角。金星明珠现异彩，安坐其中享人寰。,1/1-12/31；周一至周日；09:00-18:00开园,https://qimgs.qunarzz.com/piao_qsight_provider_piao_qsight_web/0106a12000859t8vxD19F_C_900_504.jpg_710x360_29a5235b.jpg〇https://qimgs.qunarzz.com/piao_qsight_provider_piao_qsight_web/0103l12000859t4ofD28B_C_900_504_Q90_Mtg_7.jpg_710x360_b31a47a7.jpg〇https://qimgs.qunarzz.com/piao_qsight_provider_piao_qsight_web/0102w12000859ta8iC29E_C_900_504_Q90_Mtg_7.jpg_710x360_a2e49c73.jpg〇https://qimgs.qunarzz.com/piao_qsight_provider_piao_qsight_web/0100312000859t8vy4F76_C_900_504_Q90_Mtg_7.jpg_710x360_1e677792.jpg〇https://qimgs.qunarzz.com/piao_qsight_provider_piao_qsight_web/0105b12000859t6roAFDA_C_900_504_Q90_Mtg_7.jpg_710x360_22bdc4f8.jpg〇https://qimgs.qunarzz.com/piao_qsight_provider_piao_qsight_web/0105i12000859t5frDAA1_C_900_504_Q90_Mtg_7.jpg_710x360_f026b768.jpg〇https://qimgs.qunarzz.com/piao_qsight_provider_piao_qsight_web/0101r12000859ta216F5B_C_900_504_Q90_Mtg_7.jpg_710x360_1aed144b.jpg〇https://qimgs.qunarzz.com/piao_qsight_provider_piao_qsight_web/0102012000859ta8h4D75_C_900_504_Q90_Mtg_7.jpg_710x360_61de5b98.jpg〇https://qimgs.qunarzz.com/piao_qsight_provider_piao_qsight_web/0102n12000859ta22F785_C_900_504_Q90_Mtg_7.jpg_710x360_8c1e126e.jpg〇https://qimgs.qunarzz.com/piao_qsight_provider_piao_qsight_web/0100j12000859t7ml0D79_C_900_504_Q90_Mtg_7.jpg_710x360_fbd62cf0.jpg〇https://qimgs.qunarzz.com/piao_qsight_provider_piao_qsight_web/0106a12000859t8vxD19F_C_900_504_Q90_Mtg_7.jpg_710x360_22587e5d.jpg,"{""ret"": true, ""data"": {""tagList"": [{""tagType"": 1, ""tagScore"": 5, ""tagNum"": 8, ""tagName"": ""\u597d\u8bc4""}, {""tagType"": 0, ""tagScore"": 5, ""tagNum"": 8, ""tagName"": ""\u5168\u90e8""}], ""commentList"": [{""author"": ""t*9"", ""content"": ""\u7528\u6237\u672a\u70b9\u8bc4\uff0c\u7cfb\u7edf\u9ed8\u8ba4\u597d\u8bc4\u3002"", ""date"": ""2024-08-20"", ""score"": 5, ""commentId"": ""235665555"", ""imgs"": [], ""userNickName"": ""t*9"", ""replyCityName"": """", ""cityName"": """"}, {""author"": ""w*7"", ""content"": ""\u7528\u6237\u672a\u70b9\u8bc4\uff0c\u7cfb\u7edf\u9ed8\u8ba4\u597d\u8bc4\u3002"", ""date"": ""2024-01-10"", ""score"": 5, ""commentId"": ""231005638"", ""imgs"": [], ""userNickName"": ""w*7"", ""replyCityName"": """", ""cityName"": """"}, {""author"": ""\u53bb*\u6237"", ""content"": ""\u7528\u6237\u672a\u70b9\u8bc4\uff0c\u7cfb\u7edf\u9ed8\u8ba4\u597d\u8bc4\u3002"", ""date"": ""2023-12-20"", ""score"": 5, ""commentId"": ""230763203"", ""imgs"": [], ""userNickName"": ""\u53bb*\u6237"", ""replyCityName"": """", ""cityName"": """"}, {""author"": ""\u68a6*\u52a8"", ""content"": ""\u7528\u6237\u672a\u70b9\u8bc4\uff0c\u7cfb\u7edf\u9ed8\u8ba4\u597d\u8bc4\u3002"", ""date"": ""2023-10-06"", ""score"": 5, ""commentId"": ""229287094"", ""imgs"": [], ""userNickName"": ""\u68a6*\u52a8"", ""replyCityName"": """", ""cityName"": """"}, {""author"": ""b*4"", ""content"": ""\u7528\u6237\u672a\u70b9\u8bc4\uff0c\u7cfb\u7edf\u9ed8\u8ba4\u597d\u8bc4\u3002"", ""date"": ""2023-09-01"", ""score"": 5, ""commentId"": ""227981237"", ""imgs"": [], ""userNickName"": ""b*4"", ""replyCityName"": """", ""cityName"": """"}, {""author"": ""\u65e0*\u4eba"", ""content"": ""\u7528\u6237\u672a\u70b9\u8bc4\uff0c\u7cfb\u7edf\u9ed8\u8ba4\u597d\u8bc4\u3002"", ""date"": ""2023-08-22"", ""score"": 5, ""commentId"": ""227577424"", ""imgs"": [], ""userNickName"": ""\u65e0*\u4eba"", ""replyCityName"": """", ""cityName"": """"}, {""author"": ""\u65e0*\u4eba"", ""content"": ""\u7528\u6237\u672a\u70b9\u8bc4\uff0c\u7cfb\u7edf\u9ed8\u8ba4\u597d\u8bc4\u3002"", ""date"": ""2023-08-21"", ""score"": 5, ""commentId"": ""227539455"", ""imgs"": [], ""userNickName"": ""\u65e0*\u4eba"", ""replyCityName"": """", ""cityName"": """"}, {""author"": ""\u53bb*\u6237"", ""content"": ""\u73af\u5883\u5f88\u8212\u670d\uff0c\u7a7a\u6c14\u5f88\u6e05\u65b0\uff0c\u4eba\u4e0d\u591a\uff0c\u503c\u5f97\u63a8\u8350"", ""date"": ""2021-08-10"", ""score"": 5, ""commentId"": ""220217834"", ""imgs"": [], ""userNickName"": ""\u53bb*\u6237"", ""replyCityName"": """", ""cityName"": """"}], ""score"": 5.0, ""commentCount"": 8}, ""statusCode"": 200}"
金斗湾水乡度假怡乐园,https://qimgs.qunarzz.com/piao_qsight_provider_piao_qsight_web/100k0a00000055rtq4614_C_900_504.jpg_280x200_922886b7.jpg,中山市,中山市,广东省中山市坦洲镇大兴路121号,72,4.5,内有千人烧烤场,https://piao.qunar.com/ticket/detail_2574671324.html?st=a3clM0QlRTQlQjglQUQlRTUlQjElQjElRTUlQjglODIlMjZpZCUzRDIwMTglMjZ0eXBlJTNEMCUyNmlkeCUzRDQ0JTI2cXQlM0QlMjZhcGslM0QyJTI2c2MlM0RXV1clMjZ1ciUzRCVFNCVCOCVBRCVFNSVCMSVCMSUyNmxyJTNEJUU0JUI4JUFEJUU1JUIxJUIxJTI2ZnQlM0QlN0IlN0Q%3D#from=mpl_search_suggest,-1.0,N/A,金斗弯水乡渡假怡乐园位于中山市坦洲镇，是一处以绿色、健康、快乐为特色，融娱乐、休闲、渡假、水乡田园游于一体的大型主题公园。这里毗邻珠海，与澳门隔水相望，地接神湾、三乡。怡乐园美丽、清纯而充满灵气，是一幅迷人的画卷中镶嵌了一个健康活力板块的乐园。它既有亭台楼阁、水桥流水的雅逸景观，又有刺激动感和新潮拔尖的游乐设施：造型宏伟的战国时期编钟演奏大殿、大型水上乐园、全国第二部自旋滑车、尖叫猩猩、天旋地转、飞龟等30多个项目让人大开眼界。并有各具风味的中餐厅、快餐厅，以及绿树成荫、歌舞升平。同时可容纳800多人烧烤场，既可欣赏民族风情表演亦可一尝特色美食。,1/1-12/31；周一至周日；09:00-18:00开园,https://qimgs.qunarzz.com/piao_qsight_provider_piao_qsight_web/100k0a00000055rtq4614_C_900_504.jpg_710x360_aef68ff0.jpg〇https://qimgs.qunarzz.com/piao_qsight_provider_piao_qsight_web/100k0a00000055rtq4614_C_900_504_Q90_Mtg_7.jpg_710x360_26b0ea9d.jpg〇https://imgs.qunarzz.com/sight/p0/201403/07/b5d0983019e229b3a768861da871200e.jpg_710x360_4a2128bb.jpg〇https://imgs.qunarzz.com/sight/p0/201403/07/a9c648e67bd5d29a75a0b8416322bbeb.jpg_710x360_0af616e3.jpg〇https://imgs.qunarzz.com/sight/p0/201403/07/5b7627f9fa3a98f3ad977e5333f6ecb8.jpg_710x360_c84fb30e.jpg〇https://qimgs.qunarzz.com/piao_qsight_provider_piao_qsight_web/513f684f9250da02.jpg_710x360_d818fbdd.jpg〇https://qimgs.qunarzz.com/piao_qsight_provider_piao_qsight_web/7b367b0dca22fe02.jpg_710x360_7fc6ef70.jpg〇https://qimgs.qunarzz.com/piao_qsight_provider_piao_qsight_web/b1c0b2c242d52302.jpg_710x360_91e74a9d.jpg〇https://qimgs.qunarzz.com/piao_qsight_provider_piao_qsight_web/fb898b112689aa02.jpg_710x360_d7b0ee34.jpg〇https://qimgs.qunarzz.com/piao_qsight_provider_piao_qsight_web/309281020b60902.jpg_710x360_250d71a8.jpg〇https://qimgs.qunarzz.com/piao_qsight_provider_piao_qsight_web/b32d81ec2e792002.jpg_710x360_03c981e8.jpg〇https://qimgs.qunarzz.com/piao_qsight_provider_piao_qsight_web/59af7b798060102.jpg_710x360_c0190122.jpg〇https://qimgs.qunarzz.com/piao_qsight_provider_piao_qsight_web/5cf8bd4b5067ff02.jpg_710x360_47f2ed99.jpg〇https://qimgs.qunarzz.com/piao_qsight_provider_piao_qsight_web/a691803feab810a579a6b4684c8a8dd6.jpg_710x360_949b264e.jpg〇https://qimgs.qunarzz.com/piao_qsight_provider_piao_qsight_web/ca75e7fd5a6a19c2a26bf17b43478821.jpg_710x360_f524482f.jpg〇https://qimgs.qunarzz.com/piao_qsight_provider_piao_qsight_web/1bf215ee8251ed37.jpg_710x360_3440a436.jpg〇https://qimgs.qunarzz.com/piao_qsight_provider_piao_qsight_web/c7c36707b78e5e.jpg_710x360_a09edcf2.jpg〇https://qimgs.qunarzz.com/piao_qsight_provider_piao_qsight_web/2553b04729d593.jpg_710x360_e19a4ac5.jpg〇https://qimgs.qunarzz.com/piao_qsight_provider_piao_qsight_web/431a6b9878c54a.jpg_710x360_2114b7c6.jpg〇https://qimgs.qunarzz.com/piao_qsight_provider_piao_qsight_web/53b676781254cc.jpg_710x360_ef9d78a9.jpg〇https://qimgs.qunarzz.com/piao_qsight_provider_piao_qsight_web/1a75730caf97d9.jpg_710x360_b79dc2aa.jpg〇https://qimgs.qunarzz.com/piao_qsight_provider_piao_qsight_web/19eede55f71dde.jpg_710x360_26e6c113.jpg〇https://qimgs.qunarzz.com/piao_qsight_provider_piao_qsight_web/19721ff847bf0a.jpg_710x360_a6e9169e.jpg〇https://qimgs.qunarzz.com/piao_qsight_provider_piao_qsight_web/a381aa2bb3ed36.jpg_710x360_1d7f0bd4.jpg,"{""ret"": true, ""data"": {""tagList"": [{""tagType"": 8, ""tagScore"": 5, ""tagNum"": 1, ""tagName"": ""\u4fbf\u5b9c""}, {""tagType"": 2, ""tagScore"": 5, ""tagNum"": 8, ""tagName"": ""\u4e2d\u8bc4""}, {""tagType"": 1, ""tagScore"": 5, ""tagNum"": 64, ""tagName"": ""\u597d\u8bc4""}, {""tagType"": 0, ""tagScore"": 5, ""tagNum"": 72, ""tagName"": ""\u5168\u90e8""}], ""commentList"": [{""author"": ""r*9"", ""content"": ""\u7528\u6237\u672a\u70b9\u8bc4\uff0c\u7cfb\u7edf\u9ed8\u8ba4\u597d\u8bc4\u3002"", ""date"": ""2019-10-15"", ""score"": 5, ""commentId"": ""212713419"", ""imgs"": [], ""userNickName"": ""r*9"", ""replyCityName"": """", ""cityName"": """"}, {""author"": ""d*7"", ""content"": ""\u7528\u6237\u672a\u70b9\u8bc4\uff0c\u7cfb\u7edf\u9ed8\u8ba4\u597d\u8bc4\u3002"", ""date"": ""2019-09-22"", ""score"": 5, ""commentId"": ""212409393"", ""imgs"": [], ""userNickName"": ""d*7"", ""replyCityName"": """", ""cityName"": """"}, {""author"": ""d*7"", ""content"": ""\u7528\u6237\u672a\u70b9\u8bc4\uff0c\u7cfb\u7edf\u9ed8\u8ba4\u597d\u8bc4\u3002"", ""date"": ""2019-09-22"", ""score"": 5, ""commentId"": ""212409378"", ""imgs"": [], ""userNickName"": ""d*7"", ""replyCityName"": """", ""cityName"": """"}, {""author"": ""p*3"", ""content"": ""\u7528\u6237\u672a\u70b9\u8bc4\uff0c\u7cfb\u7edf\u9ed8\u8ba4\u597d\u8bc4\u3002"", ""date"": ""2019-06-12"", ""score"": 5, ""commentId"": ""210866979"", ""imgs"": [], ""userNickName"": ""p*3"", ""replyCityName"": """", ""cityName"": """"}, {""author"": ""c*0"", ""content"": ""\u7528\u6237\u672a\u70b9\u8bc4\uff0c\u7cfb\u7edf\u9ed8\u8ba4\u597d\u8bc4\u3002"", ""date"": ""2019-06-03"", ""score"": 5, ""commentId"": ""210718191"", ""imgs"": [], ""userNickName"": ""c*0"", ""replyCityName"": """", ""cityName"": """"}, {""author"": ""c*0"", ""content"": ""\u7528\u6237\u672a\u70b9\u8bc4\uff0c\u7cfb\u7edf\u9ed8\u8ba4\u597d\u8bc4\u3002"", ""date"": ""2019-06-03"", ""score"": 5, ""commentId"": ""210718149"", ""imgs"": [], ""userNickName"": ""c*0"", ""replyCityName"": """", ""cityName"": """"}, {""author"": ""c*g"", ""content"": ""\u7528\u6237\u672a\u70b9\u8bc4\uff0c\u7cfb\u7edf\u9ed8\u8ba4\u597d\u8bc4\u3002"", ""date"": ""2019-06-01"", ""score"": 5, ""commentId"": ""210566613"", ""imgs"": [], ""userNickName"": ""c*g"", ""replyCityName"": """", ""cityName"": """"}, {""author"": ""x*5"", ""content"": ""\u7528\u6237\u672a\u70b9\u8bc4\uff0c\u7cfb\u7edf\u9ed8\u8ba4\u597d\u8bc4\u3002"", ""date"": ""2019-06-01"", ""score"": 5, ""commentId"": ""210563109"", ""imgs"": [], ""userNickName"": ""x*5"", ""replyCityName"": """", ""cityName"": """"}, {""author"": ""q*5"", ""content"": ""\u7528\u6237\u672a\u70b9\u8bc4\uff0c\u7cfb\u7edf\u9ed8\u8ba4\u597d\u8bc4\u3002"", ""date"": ""2019-06-01"", ""score"": 5, ""commentId"": ""210562872"", ""imgs"": [], ""userNickName"": ""q*5"", ""replyCityName"": """", ""cityName"": """"}, {""author"": ""q*5"", ""content"": ""\u7528\u6237\u672a\u70b9\u8bc4\uff0c\u7cfb\u7edf\u9ed8\u8ba4\u597d\u8bc4\u3002"", ""date"": ""2019-06-01"", ""score"": 5, ""commentId"": ""210562743"", ""imgs"": [], ""userNickName"": ""q*5"", ""replyCityName"": """", ""cityName"": """"}], ""score"": 4.5, ""commentCount"": 72}, ""statusCode"": 200}"
大湾飞行俱乐部,https://mp-piao-admincp.qunarzz.com/mp_piao_admin_mp_piao_admin/admin/20217/30d54820c6727b9958d585769ab3c5c2.png_280x200_7ef61cce.png,中山市,中山市,广东省中山市金三大道东中山三角机场内,-1,-1.0,N/A,https://piao.qunar.com/ticket/detail_2448731776.html?st=a3clM0QlRTQlQjglQUQlRTUlQjElQjElRTUlQjglODIlMjZpZCUzRDUzNTg3MyUyNnR5cGUlM0QwJTI2aWR4JTNEMzUlMjZxdCUzRCUyNmFwayUzRDIlMjZzYyUzRFdXVyUyNnVyJTNEJUU0JUI4JUFEJUU1JUIxJUIxJTI2bHIlM0QlRTQlQjglQUQlRTUlQjElQjElMjZmdCUzRCU3QiU3RA%3D%3D#from=mpl_search_suggest,580.0,N/A,N/A,1/1-12/31；周一至周日；06:00-19:00开园,https://mp-piao-admincp.qunarzz.com/mp_piao_admin_mp_piao_admin/admin/20217/30d54820c6727b9958d585769ab3c5c2.png_710x360_c2302e12.png,"{""ret"": true, ""data"": {""tagList"": [{""tagType"": 0, ""tagScore"": 5, ""tagNum"": 0, ""tagName"": ""\u5168\u90e8""}], ""score"": 0.0, ""commentCount"": 0}, ""statusCode"": 200}"
三只凤凰固定翼飞行体验俱乐部(广州中山店),https://qimgs.qunarzz.com/piao_qsight_provider_piao_qsight_web/0106l12000go4wzql389A_C_900_504.jpg_280x200_60f71494.jpg,中山市,中山市,广州中山三角镇三角通航机场,-1,-1.0,N/A,https://piao.qunar.com/ticket/detail_3524777028.html?st=a3clM0QlRTQlQjglQUQlRTUlQjElQjElRTUlQjglODIlMjZpZCUzRDUzNDcwNCUyNnR5cGUlM0QwJTI2aWR4JTNEMzMlMjZxdCUzRCUyNmFwayUzRDIlMjZzYyUzRFdXVyUyNnVyJTNEJUU0JUI4JUFEJUU1JUIxJUIxJTI2bHIlM0QlRTQlQjglQUQlRTUlQjElQjElMjZmdCUzRCU3QiU3RA%3D%3D#from=mpl_search_suggest,399.0,N/A,N/A,1/1-12/31；周一至周日；09:00-17:00开园；（17:00停止入园）,https://qimgs.qunarzz.com/piao_qsight_provider_piao_qsight_web/0106l12000go4wzql389A_C_900_504.jpg_710x360_5101a3ae.jpg,"{""ret"": true, ""data"": {""tagList"": [{""tagType"": 0, ""tagScore"": 5, ""tagNum"": 0, ""tagName"": ""\u5168\u90e8""}], ""score"": 0.0, ""commentCount"": 0}, ""statusCode"": 200}"
米果动物城(大信·新都汇B座店),https://qimgs.qunarzz.com/piao_qsight_provider_piao_qsight_web/0101q12000afm1ank99E2_C_900_504.jpg_280x200_75ad5aaa.jpg,中山市,中山市,中山市石岐区大信南路1~3号大信新都汇F4,-1,-1.0,N/A,https://piao.qunar.com/ticket/detail_3336552215.html?st=a3clM0QlRTQlQjglQUQlRTUlQjElQjElRTUlQjglODIlMjZpZCUzRDUzMDgwMCUyNnR5cGUlM0QwJTI2aWR4JTNEMzIlMjZxdCUzRCUyNmFwayUzRDIlMjZzYyUzRFdXVyUyNnVyJTNEJUU0JUI4JUFEJUU1JUIxJUIxJTI2bHIlM0QlRTQlQjglQUQlRTUlQjElQjElMjZmdCUzRCU3QiU3RA%3D%3D#from=mpl_search_suggest,62.0,N/A,N/A,1/1-12/31；周一至周五；12:30-21:00开园,https://qimgs.qunarzz.com/piao_qsight_provider_piao_qsight_web/0101q12000afm1ank99E2_C_900_504.jpg_710x360_918cfdd0.jpg〇https://qimgs.qunarzz.com/piao_qsight_provider_piao_qsight_web/0106r12000afm13kb2FBA_C_900_504_Q90_Mtg_7.jpg_710x360_8a0c9edb.jpg〇https://qimgs.qunarzz.com/piao_qsight_provider_piao_qsight_web/0105d12000afm1bt7C0F9_C_900_504_Q90_Mtg_7.jpg_710x360_6286b56b.jpg〇https://qimgs.qunarzz.com/piao_qsight_provider_piao_qsight_web/0102812000afm19pg298F_C_900_504_Q90_Mtg_7.jpg_710x360_d03d990f.jpg〇https://qimgs.qunarzz.com/piao_qsight_provider_piao_qsight_web/0100k12000afm13kc3324_C_900_504_Q90_Mtg_7.jpg_710x360_4809538f.jpg〇https://qimgs.qunarzz.com/piao_qsight_provider_piao_qsight_web/0104312000afm0o7b6262_C_900_504_Q90_Mtg_7.jpg_710x360_69744d36.jpg〇https://qimgs.qunarzz.com/piao_qsight_provider_piao_qsight_web/0104e12000afm1ano9777_C_900_504_Q90_Mtg_7.jpg_710x360_0adb561c.jpg〇https://qimgs.qunarzz.com/piao_qsight_provider_piao_qsight_web/0101r12000afm0wpi1D44_C_900_504_Q90_Mtg_7.jpg_710x360_a7d919a4.jpg〇https://qimgs.qunarzz.com/piao_qsight_provider_piao_qsight_web/0107112000afm1p15125B_C_900_504_Q90_Mtg_7.jpg_710x360_cc65d41d.jpg〇https://qimgs.qunarzz.com/piao_qsight_provider_piao_qsight_web/0106j12000afm18ex167C_C_900_504_Q90_Mtg_7.jpg_710x360_4fee3be2.jpg〇https://qimgs.qunarzz.com/piao_qsight_provider_piao_qsight_web/0101q12000afm1ank99E2_C_900_504_Q90_Mtg_7.jpg_710x360_321c087d.jpg,"{""ret"": true, ""data"": {""tagList"": [{""tagType"": 0, ""tagScore"": 5, ""tagNum"": 0, ""tagName"": ""\u5168\u90e8""}], ""score"": 0.0, ""commentCount"": 0}, ""statusCode"": 200}"
叠泉鳄鱼谷,https://qimgs.qunarzz.com/piao_qsight_provider_piao_qsight_web/CghzflW7H_iATdynAAA-FlXAIeA738_C_900_504.jpg_280x200_e742c64d.jpg,中山市,中山市,中山市西部沿海高速与丰收路交叉路口往西约130米,-1,-1.0,N/A,https://piao.qunar.com/ticket/detail_3366053804.html?st=a3clM0QlRTQlQjglQUQlRTUlQjElQjElRTUlQjglODIlMjZpZCUzRDUyNzY4OCUyNnR5cGUlM0QwJTI2aWR4JTNEMzElMjZxdCUzRCUyNmFwayUzRDIlMjZzYyUzRFdXVyUyNnVyJTNEJUU0JUI4JUFEJUU1JUIxJUIxJTI2bHIlM0QlRTQlQjglQUQlRTUlQjElQjElMjZmdCUzRCU3QiU3RA%3D%3D#from=mpl_search_suggest,18.0,N/A,N/A,暂无,https://qimgs.qunarzz.com/piao_qsight_provider_piao_qsight_web/CghzflW7H_iATdynAAA-FlXAIeA738_C_900_504.jpg_710x360_a48badde.jpg,"{""ret"": true, ""data"": {""tagList"": [{""tagType"": 0, ""tagScore"": 5, ""tagNum"": 0, ""tagName"": ""\u5168\u90e8""}], ""score"": 0.0, ""commentCount"": 0}, ""statusCode"": 200}"
红博城千年走一回时光隧道博物馆群落,https://imgs.qunarzz.com/sight/p0/1705/ef/efc9eced11124e00a3.img.jpg_280x200_cc5ea897.jpg,中山市,中山市,广东省中山市大涌红博城正门游客服务中心,19,4.9,别具特色红博城博物馆群落,https://piao.qunar.com/ticket/detail_3708641281.html?st=a3clM0QlRTQlQjglQUQlRTUlQjElQjElRTUlQjglODIlMjZpZCUzRDQ2MTAxMiUyNnR5cGUlM0QwJTI2aWR4JTNENDAlMjZxdCUzRCUyNmFwayUzRDIlMjZzYyUzRFdXVyUyNnVyJTNEJUU0JUI4JUFEJUU1JUIxJUIxJTI2bHIlM0QlRTQlQjglQUQlRTUlQjElQjElMjZmdCUzRCU3QiU3RA%3D%3D#from=mpl_search_suggest,-1.0,N/A,大涌红博城博物馆群落共分五大展馆。一至五号展馆形成单向人流参观动线，出入口、门厅、过厅及不同的公共空间是空间联系的咽喉，起人流集散、交通枢纽、空间过渡的作用。加上不同的内容及主题营造，通过布展向观众传播科学文化知识的机构。打造既具有思想性、科学性、知识性，又具有艺术感染力的精品展览，通过不同主题构成别具特色红博城博物馆群落。,暂无,https://imgs.qunarzz.com/sight/p0/1705/ef/efc9eced11124e00a3.img.jpg_710x360_f8961320.jpg〇https://imgs.qunarzz.com/sight/p0/1609/3c/3cb736937fd8f61ba3.img.jpg_710x360_ebb0c124.jpg〇https://imgs.qunarzz.com/sight/p0/1609/30/304ef6d1e7998e45a3.img.jpg_710x360_9a23263f.jpg〇https://imgs.qunarzz.com/sight/p0/1609/49/4937a56c959437c8a3.img.jpg_710x360_7c8791c6.jpg〇https://imgs.qunarzz.com/sight/p0/1609/a7/a7dc51c3cf448520a3.img.jpg_710x360_383e9920.jpg〇https://imgs.qunarzz.com/sight/p0/1609/a9/a93cb9a9adfd0edaa3.img.jpg_710x360_d0b05d82.jpg〇https://imgs.qunarzz.com/sight/p0/1609/76/7647ea9df8f907cda3.img.jpg_710x360_8e852f2e.jpg〇https://imgs.qunarzz.com/sight/p0/1609/4b/4b5d8dc8af0b1e9fa3.img.jpg_710x360_6d52886d.jpg〇https://qimgs.qunarzz.com/piao_qsight_provider_piao_qsight_web/b2cd1631ab868302.jpg_710x360_76cfbc28.jpg〇https://qimgs.qunarzz.com/piao_qsight_provider_piao_qsight_web/41da62007d8d9602.jpg_710x360_4af4307c.jpg〇https://qimgs.qunarzz.com/piao_qsight_provider_piao_qsight_web/deb91b8e13466902.jpg_710x360_f8e07f7c.jpg〇https://qimgs.qunarzz.com/piao_qsight_provider_piao_qsight_web/455d5a82b5447002.jpg_710x360_8eeaa5b9.jpg〇https://qimgs.qunarzz.com/piao_qsight_provider_piao_qsight_web/543e16b04f59e902.jpg_710x360_92be19ff.jpg〇https://qimgs.qunarzz.com/piao_qsight_provider_piao_qsight_web/ee301c8a12a7ad02.jpg_710x360_63fe75bf.jpg〇https://qimgs.qunarzz.com/piao_qsight_provider_piao_qsight_web/c6ee4d9a049dbd02.jpg_710x360_f84895c9.jpg,"{""ret"": true, ""data"": {""tagList"": [{""tagType"": 1, ""tagScore"": 5, ""tagNum"": 19, ""tagName"": ""\u597d\u8bc4""}, {""tagType"": 0, ""tagScore"": 5, ""tagNum"": 19, ""tagName"": ""\u5168\u90e8""}], ""commentList"": [{""author"": ""\u53bb*\u6237"", ""content"": ""\u7528\u6237\u672a\u70b9\u8bc4\uff0c\u7cfb\u7edf\u9ed8\u8ba4\u597d\u8bc4\u3002"", ""date"": ""2023-05-06"", ""score"": 5, ""commentId"": ""225367461"", ""imgs"": [], ""userNickName"": ""\u53bb*\u6237"", ""replyCityName"": """", ""cityName"": """"}, {""author"": ""w*9"", ""content"": ""\u7528\u6237\u672a\u70b9\u8bc4\uff0c\u7cfb\u7edf\u9ed8\u8ba4\u597d\u8bc4\u3002"", ""date"": ""2023-05-02"", ""score"": 5, ""commentId"": ""225318060"", ""imgs"": [], ""userNickName"": ""w*9"", ""replyCityName"": """", ""cityName"": """"}, {""author"": ""\u8d75*\u5ca9"", ""content"": ""\u7528\u6237\u672a\u70b9\u8bc4\uff0c\u7cfb\u7edf\u9ed8\u8ba4\u597d\u8bc4\u3002"", ""date"": ""2022-03-02"", ""score"": 5, ""commentId"": ""221929619"", ""imgs"": [], ""userNickName"": ""\u8d75*\u5ca9"", ""replyCityName"": """", ""cityName"": """"}, {""author"": ""B*2"", ""content"": ""\u7528\u6237\u672a\u70b9\u8bc4\uff0c\u7cfb\u7edf\u9ed8\u8ba4\u597d\u8bc4\u3002"", ""date"": ""2020-11-06"", ""score"": 5, ""commentId"": ""217244175"", ""imgs"": [], ""userNickName"": ""B*2"", ""replyCityName"": """", ""cityName"": """"}, {""author"": ""k*3"", ""content"": ""\u7528\u6237\u672a\u70b9\u8bc4\uff0c\u7cfb\u7edf\u9ed8\u8ba4\u597d\u8bc4\u3002"", ""date"": ""2020-10-16"", ""score"": 5, ""commentId"": ""216677864"", ""imgs"": [], ""userNickName"": ""k*3"", ""replyCityName"": """", ""cityName"": """"}, {""author"": ""k*a"", ""content"": ""\u7528\u6237\u672a\u70b9\u8bc4\uff0c\u7cfb\u7edf\u9ed8\u8ba4\u597d\u8bc4\u3002"", ""date"": ""2020-09-09"", ""score"": 5, ""commentId"": ""215733149"", ""imgs"": [], ""userNickName"": ""k*a"", ""replyCityName"": """", ""cityName"": """"}, {""author"": ""k*a"", ""content"": ""\u7528\u6237\u672a\u70b9\u8bc4\uff0c\u7cfb\u7edf\u9ed8\u8ba4\u597d\u8bc4\u3002"", ""date"": ""2020-09-09"", ""score"": 5, ""commentId"": ""215732804"", ""imgs"": [], ""userNickName"": ""k*a"", ""replyCityName"": """", ""cityName"": """"}, {""author"": ""e*1"", ""content"": ""\u7528\u6237\u672a\u70b9\u8bc4\uff0c\u7cfb\u7edf\u9ed8\u8ba4\u597d\u8bc4\u3002"", ""date"": ""2020-06-17"", ""score"": 5, ""commentId"": ""214668535"", ""imgs"": [], ""userNickName"": ""e*1"", ""replyCityName"": """", ""cityName"": """"}, {""author"": ""e*7"", ""content"": ""\u7528\u6237\u672a\u70b9\u8bc4\uff0c\u7cfb\u7edf\u9ed8\u8ba4\u597d\u8bc4\u3002"", ""date"": ""2019-10-31"", ""score"": 5, ""commentId"": ""212882816"", ""imgs"": [], ""userNickName"": ""e*7"", ""replyCityName"": """", ""cityName"": """"}, {""author"": ""\u5fd7*\u5b50"", ""content"": ""\u7ea2\u535a\u57ce\uff0c\u53e4\u5efa\u6c14\u52bf\u78c5\u7934\uff0c\u9664\u65c5\u6e38\u529f\u80fd\u8fd8\u6709\u6587\u5316\u5546\u4e1a\u65c5\u6e38\u7684\u4f53\u9a8c\uff0c\u7ea2\u6728\u5c55\u793a\u4e30\u5bcc\u591a\u5f69\uff0c\u4e8c\u5c42\u5de5\u827a\u54c1\u51e0\u767e\u5bb6\u5e97\uff0c\u7cbe\u54c1\u6797\u7acb\uff01\u535a\u7269\u9986\u7fa4\u6709\u4e94\u4e2a\u6536\u85cf\uff0c\u9986\u85cf\u54c1\u5f88\u6709\u5438\u773c\u529b\uff0c\u4e0a\u51e0\u5f20\u6f02\u4eae\u591c\u666f\u3002"", ""date"": ""2018-06-06"", ""score"": 5, ""commentId"": ""206495442"", ""imgs"": [{""small"": ""https://imgs.qunarzz.com/p/tts1/1806/f6/deb91b8e13466902.jpg_120x120_ecdad6eb.jpg"", ""title"": """", ""big"": ""https://imgs.qunarzz.com/p/tts1/1806/f6/deb91b8e13466902.jpg""}, {""small"": ""https://imgs.qunarzz.com/p/tts4/1806/d7/41da62007d8d9602.jpg_120x120_37352340.jpg"", ""title"": """", ""big"": ""https://imgs.qunarzz.com/p/tts4/1806/d7/41da62007d8d9602.jpg""}, {""small"": ""https://imgs.qunarzz.com/p/tts2/1806/57/b2cd1631ab868302.jpg_120x120_c932eb2d.jpg"", ""title"": """", ""big"": ""https://imgs.qunarzz.com/p/tts2/1806/57/b2cd1631ab868302.jpg""}], ""userNickName"": ""\u5fd7*\u5b50"", ""replyCityName"": """", ""cityName"": """"}], ""score"": 4.9, ""commentCount"": 19}, ""statusCode"": 200}"
中山公园,https://mp-piao-admincp.qunarzz.com/mp_piao_admin_mp_piao_admin/admin/20217/30d54820c6727b9958d585769ab3c5c2.png_280x200_7ef61cce.png,中山市,中山市,中山市公园大道9号,-1,-1.0,N/A,https://piao.qunar.com/ticket/detail_1922687806.html?st=a3clM0QlRTQlQjglQUQlRTUlQjElQjElRTUlQjglODIlMjZpZCUzRDUyNDI5OCUyNnR5cGUlM0QwJTI2aWR4JTNEODklMjZxdCUzRCUyNmFwayUzRDIlMjZzYyUzRFdXVyUyNnVyJTNEJUU0JUI4JUFEJUU1JUIxJUIxJTI2bHIlM0QlRTQlQjglQUQlRTUlQjElQjElMjZmdCUzRCU3QiU3RA%3D%3D#from=mpl_search_suggest,-1.0,N/A,N/A,暂无,https://mp-piao-admincp.qunarzz.com/mp_piao_admin_mp_piao_admin/admin/20217/30d54820c6727b9958d585769ab3c5c2.png_710x360_c2302e12.png,"{""ret"": true, ""data"": {""tagList"": [{""tagType"": 0, ""tagScore"": 5, ""tagNum"": 0, ""tagName"": ""\u5168\u90e8""}], ""score"": 0.0, ""commentCount"": 0}, ""statusCode"": 200}"
探花及第坊,https://imgs.qunarzz.com/sight/p0/201403/07/99d620bf1a19f78df1eba2898c153673.jpg_280x200_f7082590.jpg,中山市,中山市,广东省中山市沙溪镇龙瑞村,-1,-1.0,花岗石雕凿构筑，雕刻精美，保存完好,https://piao.qunar.com/ticket/detail_3251911799.html?st=a3clM0QlRTQlQjglQUQlRTUlQjElQjElRTUlQjglODIlMjZpZCUzRDk3MTclMjZ0eXBlJTNEMCUyNmlkeCUzRDg4JTI2cXQlM0QlMjZhcGslM0QyJTI2c2MlM0RXV1clMjZ1ciUzRCVFNCVCOCVBRCVFNSVCMSVCMSUyNmxyJTNEJUU0JUI4JUFEJUU1JUIxJUIxJTI2ZnQlM0QlN0IlN0Q%3D#from=mpl_search_suggest,-1.0,N/A,"探花及第""坊位于沙溪镇龙瑞村，为四柱三间三楼牌坊，用花岗石雕凿构筑。楼为歇山顶，三楼顶均用石雕斗拱承托，高约8米。 正、背面坊额竖刻：""钦点""二字。 正、背主间横匾同刻：""探花及第""四字，上款：""同治元年壬戌科一甲三名进士""，下款：""臣刘其昌立""。 正面左右横匾分别刻：""翘舒""、""秀出""。中柱对联刻：""肇建牌坊嗣后规模凭式廓，初元鼎甲维新气象庆承平""。 背面左右横匾分别刻：""剡日""、""擎天""，中柱对联刻：""凤翥鸾翔看此日仪光殿陛，龙韬豹略卜他年绩纪旗常。"" 牌坊柱下镶嵌抱鼓石，坊前附有石狮一对。1990年被公布为中山市文物保护单位。现牌坊保存完好。",暂无,https://imgs.qunarzz.com/sight/p0/201403/07/99d620bf1a19f78df1eba2898c153673.jpg_710x360_97549f56.jpg,"{""ret"": true, ""data"": {""tagList"": [{""tagType"": 0, ""tagScore"": 5, ""tagNum"": 0, ""tagName"": ""\u5168\u90e8""}], ""score"": 0.0, ""commentCount"": 0}, ""statusCode"": 200}"
卓旗山庄,https://imgs.qunarzz.com/sight/p0/1504/70/70b229487fcc3f43.water.jpg_280x200_f2cbb025.jpg,中山市,中山市,广东省中山市大涌镇叠石村,-1,-1.0,集休闲、娱乐、度假、观赏、文化于一体,https://piao.qunar.com/ticket/detail_2995780451.html?st=a3clM0QlRTQlQjglQUQlRTUlQjElQjElRTUlQjglODIlMjZpZCUzRDIxNTE4NyUyNnR5cGUlM0QwJTI2aWR4JTNEODclMjZxdCUzRCUyNmFwayUzRDIlMjZzYyUzRFdXVyUyNnVyJTNEJUU0JUI4JUFEJUU1JUIxJUIxJTI2bHIlM0QlRTQlQjglQUQlRTUlQjElQjElMjZmdCUzRCU3QiU3RA%3D%3D#from=mpl_search_suggest,-1.0,N/A,卓旗山庄位于中国红木雕刻艺术之乡——中山市大涌镇，是经中山市人民政府批准立项、娱乐、度假、观赏、文化于一体的旅游自然景点。,暂无,https://imgs.qunarzz.com/sight/p0/1504/70/70b229487fcc3f43.water.jpg_710x360_a6e88115.jpg〇https://imgs.qunarzz.com/sight/p0/1504/bc/bc6f2c935ec53b82.water.jpg_710x360_7c483ee0.jpg〇https://imgs.qunarzz.com/sight/p0/1504/e8/e868a18db532f6a7.water.jpg_710x360_28abdad3.jpg〇https://imgs.qunarzz.com/sight/p0/1504/18/182f5d5c32c5b8c6.water.jpg_710x360_c7f8ef77.jpg〇https://imgs.qunarzz.com/sight/p0/1504/b8/b8822855d9008059.water.jpg_710x360_d95f04d2.jpg,"{""ret"": true, ""data"": {""tagList"": [{""tagType"": 0, ""tagScore"": 5, ""tagNum"": 0, ""tagName"": ""\u5168\u90e8""}], ""score"": 0.0, ""commentCount"": 0}, ""statusCode"": 200}"
观龙楼,https://imgs.qunarzz.com/sight/p0/201301/21/9f7682890521545493835fbb.jpg_280x200_eeaa48e8.jpg,中山市,中山市,广东省中山市爱亨村东南面的牛头山顶,-1,-1.0,位于爱亨村东南面的牛头山顶。民国24年（1935年）孙科任中山纪念中学校董会主席时，与广东省农业厅商定建立孙中山故居农业,https://piao.qunar.com/ticket/detail_2503945317.html?st=a3clM0QlRTQlQjglQUQlRTUlQjElQjElRTUlQjglODIlMjZpZCUzRDIwNjUlMjZ0eXBlJTNEMCUyNmlkeCUzRDg2JTI2cXQlM0QlMjZhcGslM0QyJTI2c2MlM0RXV1clMjZ1ciUzRCVFNCVCOCVBRCVFNSVCMSVCMSUyNmxyJTNEJUU0JUI4JUFEJUU1JUIxJUIxJTI2ZnQlM0QlN0IlN0Q%3D#from=mpl_search_suggest,-1.0,N/A,位于爱亨村东南面的牛头山顶。民国24年（1935年）孙科任中山纪念中学校董会主席时，与广东省农业厅商定建立孙中山故居农业所而兴建的农业所办公室。1984年翠亨宾馆兴建时，将牛头山及这座楼房接管，辟为游览点。 这幢楼红墙绿瓦，门前两条石柱绕着两条龙，栩翎如生。这里凭高远望，可清楚望见唐家半岛和淇澳岛对峙的金星门（金星港），左、右两个岛成长条状，形似卧龙，正中的金星岛，娇小玲现，宛若一颗小珍珠。每当晨曦破晓时望过去，恰似一幅“二龙争珠”奇景,01/01-12/31；9:00-17:00开园,https://imgs.qunarzz.com/sight/p0/201301/21/9f7682890521545493835fbb.jpg_710x360_6a27d5df.jpg,"{""ret"": true, ""data"": {""tagList"": [{""tagType"": 0, ""tagScore"": 5, ""tagNum"": 0, ""tagName"": ""\u5168\u90e8""}], ""score"": 0.0, ""commentCount"": 0}, ""statusCode"": 200}"
中山科学馆,https://imgs.qunarzz.com/sight/p62/201211/02/18cd952dc5f8aefa93835fbb.jpg_280x200_322e49d3.jpg,中山市,中山市,中山东区兴中道8号,-1,-1.0,座落在中山市东区兴中道，1994年11月竣工落成。科学馆造型新颖、环境优雅、占地面积12300平方米，建筑面积达8000,https://piao.qunar.com/ticket/detail_1609115345.html?st=a3clM0QlRTQlQjglQUQlRTUlQjElQjElRTUlQjglODIlMjZpZCUzRDQzNjElMjZ0eXBlJTNEMCUyNmlkeCUzRDg1JTI2cXQlM0QlMjZhcGslM0QyJTI2c2MlM0RXV1clMjZ1ciUzRCVFNCVCOCVBRCVFNSVCMSVCMSUyNmxyJTNEJUU0JUI4JUFEJUU1JUIxJUIxJTI2ZnQlM0QlN0IlN0Q%3D#from=mpl_search_suggest,-1.0,N/A,座落在中山市东区兴中道，1994年11月竣工落成。科学馆造型新颖、环境优雅、占地面积12300平方米，建筑面积达8000平方米。馆内设有科技展览中心、经济技术信息中心、科技服务中心、科技培训中心、学术交流中心等机构、是我市科技人员进行科技交流活动的重要场所。,暂无,https://imgs.qunarzz.com/sight/p62/201211/02/18cd952dc5f8aefa93835fbb.jpg_710x360_1d31df60.jpg〇https://qimgs.qunarzz.com/piao_qsight_provider_piao_qsight_web/30bba448cd813bdac8d65eac.jpg_710x360_c5377d14.jpg,"{""ret"": true, ""data"": {""tagList"": [{""tagType"": 0, ""tagScore"": 5, ""tagNum"": 0, ""tagName"": ""\u5168\u90e8""}], ""score"": 0.0, ""commentCount"": 0}, ""statusCode"": 200}"
中鹰飞航营地,https://qimgs.qunarzz.com/piao_qsight_provider_piao_qsight_web/01044120008xf7o9o195F_C_900_504.jpg_280x200_3ef8a258.jpg,中山市,中山市,中山市三角镇通用机场内,-1,-1.0,中鹰飞航营地位于中山三角镇通用机场，是一家民营直升机机场和领先的航空教育营地，东侧为珠江入海口，机场半径15公里范围内地,https://piao.qunar.com/ticket/detail_104042760.html?st=a3clM0QlRTQlQjglQUQlRTUlQjElQjElRTUlQjglODIlMjZpZCUzRDUwOTkzMyUyNnR5cGUlM0QwJTI2aWR4JTNEMzQlMjZxdCUzRCUyNmFwayUzRDIlMjZzYyUzRFdXVyUyNnVyJTNEJUU0JUI4JUFEJUU1JUIxJUIxJTI2bHIlM0QlRTQlQjglQUQlRTUlQjElQjElMjZmdCUzRCU3QiU3RA%3D%3D#from=mpl_search_suggest,399.0,N/A,中鹰飞航营地位于中山三角镇通用机场，是一家民营直升机机场和领先的航空教育营地，东侧为珠江入海口，机场半径15公里范围内地势平坦。机场地处珠江水系，珠江支流及河涌纵横交错，地标明显。全年可飞行天数达330多天，净空条件、地形和气候条件均佳。,1/1-12/31；周一至周日；09:30-16:00开园,https://qimgs.qunarzz.com/piao_qsight_provider_piao_qsight_web/01044120008xf7o9o195F_C_900_504.jpg_710x360_e6fbedd2.jpg〇https://qimgs.qunarzz.com/piao_qsight_provider_piao_qsight_web/0104y120008xf802t36B7_C_900_504_Q90_Mtg_7.jpg_710x360_20b85ca4.jpg〇https://qimgs.qunarzz.com/piao_qsight_provider_piao_qsight_web/0106n120008xf7hme8E8C_C_900_504_Q90_Mtg_7.jpg_710x360_0872986a.jpg〇https://qimgs.qunarzz.com/piao_qsight_provider_piao_qsight_web/0104e120008xf7dzd0ABF_C_900_504_Q90_Mtg_7.jpg_710x360_4873e0dd.jpg〇https://qimgs.qunarzz.com/piao_qsight_provider_piao_qsight_web/0105f120008xf7p8b222B_C_900_504_Q90_Mtg_7.jpg_710x360_12fe8e77.jpg〇https://qimgs.qunarzz.com/piao_qsight_provider_piao_qsight_web/0104m120008xf7ifm246F_C_900_504_Q90_Mtg_7.jpg_710x360_8fd61dd4.jpg〇https://qimgs.qunarzz.com/piao_qsight_provider_piao_qsight_web/0102t120008xf7ifc42CE_C_900_504_Q90_Mtg_7.jpg_710x360_02833bd6.jpg〇https://qimgs.qunarzz.com/piao_qsight_provider_piao_qsight_web/01044120008xf7o9o195F_C_900_504_Q90_Mtg_7.jpg_710x360_147810c0.jpg〇https://qimgs.qunarzz.com/piao_qsight_provider_piao_qsight_web/0105f120008xf7d7e32A8_C_900_504_Q90_Mtg_7.jpg_710x360_d99b278b.jpg,"{""ret"": true, ""data"": {""tagList"": [{""tagType"": 0, ""tagScore"": 5, ""tagNum"": 0, ""tagName"": ""\u5168\u90e8""}], ""score"": 0.0, ""commentCount"": 0}, ""statusCode"": 200}"
金钟水库,https://qimgs.qunarzz.com/piao_qsight_provider_piao_qsight_web/0103l120006d3ub0w2428_C_900_504.jpg_280x200_e3eb38b6.jpg,中山市,中山市,广东省中山市南区街道新安村附近,-1,-1.0,风景秀美，适合骑行,https://piao.qunar.com/ticket/detail_2650690649.html?st=a3clM0QlRTQlQjglQUQlRTUlQjElQjElRTUlQjglODIlMjZpZCUzRDQ2NTA5NiUyNnR5cGUlM0QwJTI2aWR4JTNEODQlMjZxdCUzRCUyNmFwayUzRDIlMjZzYyUzRFdXVyUyNnVyJTNEJUU0JUI4JUFEJUU1JUIxJUIxJTI2bHIlM0QlRTQlQjglQUQlRTUlQjElQjElMjZmdCUzRCU3QiU3RA%3D%3D#from=mpl_search_suggest,-1.0,N/A,市民周末常去的休闲场所，骑行感受中山的美丽和悠闲，也是钓鱼爱好者的天堂。,1/1-12/31；周一至周日；全天开放,https://qimgs.qunarzz.com/piao_qsight_provider_piao_qsight_web/0103l120006d3ub0w2428_C_900_504.jpg_710x360_55581039.jpg〇https://qimgs.qunarzz.com/piao_qsight_provider_piao_qsight_web/0105q120006d7xm24AC91_C_900_504_Q90_Mtg_7.jpg_710x360_fb22b474.jpg〇https://qimgs.qunarzz.com/piao_qsight_provider_piao_qsight_web/0103l120006d3ub0w2428_C_900_504_Q90_Mtg_7.jpg_710x360_13ddabf9.jpg〇https://qimgs.qunarzz.com/piao_qsight_provider_piao_qsight_web/bac2d057005235b5.jpg_710x360_394a221c.jpg〇https://qimgs.qunarzz.com/piao_qsight_provider_piao_qsight_web/8cc333b6faf1f5f7.jpg_710x360_a0ba6ef2.jpg〇https://qimgs.qunarzz.com/piao_qsight_provider_piao_qsight_web/11f2780e3914c7f7.jpg_710x360_1e32937e.jpg〇https://qimgs.qunarzz.com/piao_qsight_provider_piao_qsight_web/8d652c0f5fb303b5.jpg_710x360_1f99a027.jpg〇https://qimgs.qunarzz.com/piao_qsight_provider_piao_qsight_web/12dbfdc0125b3f7.jpg_710x360_1ed1ad13.jpg〇https://qimgs.qunarzz.com/piao_qsight_provider_piao_qsight_web/9012463d56edb537.jpg_710x360_0b796ab5.jpg〇https://qimgs.qunarzz.com/piao_qsight_provider_piao_qsight_web/38bbd26dbaaeccb5.jpg_710x360_ba00c19a.jpg〇https://qimgs.qunarzz.com/piao_qsight_provider_piao_qsight_web/5c6dafd9d7e4b8b5.jpg_710x360_82fa3bc2.jpg〇https://qimgs.qunarzz.com/piao_qsight_provider_piao_qsight_web/1cdd1a26c98a2eb5.jpg_710x360_c76c6832.jpg〇https://qimgs.qunarzz.com/piao_qsight_provider_piao_qsight_web/ea9c8ef2c77d99b5.jpg_710x360_52ac50e6.jpg〇https://qimgs.qunarzz.com/piao_qsight_provider_piao_qsight_web/0a1019318c0e8cb5.jpg_710x360_25deac31.jpg〇https://qimgs.qunarzz.com/piao_qsight_provider_piao_qsight_web/24ebd197875a20b5.jpg_710x360_7625f1a3.jpg〇https://qimgs.qunarzz.com/piao_qsight_provider_piao_qsight_web/ffca1a2d64d86ab5.jpg_710x360_928258e2.jpg〇https://qimgs.qunarzz.com/piao_qsight_provider_piao_qsight_web/ad021aee71a50af7.jpg_710x360_161ec1e2.jpg〇https://qimgs.qunarzz.com/piao_qsight_provider_piao_qsight_web/b591cfe1ee9dcdf7.jpg_710x360_528e7b95.jpg〇https://qimgs.qunarzz.com/piao_qsight_provider_piao_qsight_web/f62b2c41ee8da1f7.jpg_710x360_2138e4d6.jpg〇https://qimgs.qunarzz.com/piao_qsight_provider_piao_qsight_web/628ebd5dedf491f7.jpg_710x360_3adc7ea2.jpg〇https://qimgs.qunarzz.com/piao_qsight_provider_piao_qsight_web/647b64e0c02348f7.jpg_710x360_7f98be9f.jpg〇https://qimgs.qunarzz.com/piao_qsight_provider_piao_qsight_web/7c7e4c7313e437f7.jpg_710x360_a1dca90a.jpg〇https://qimgs.qunarzz.com/piao_qsight_provider_piao_qsight_web/45414314b8eacf7.jpg_710x360_adbf8cb8.jpg,"{""ret"": true, ""data"": {""tagList"": [{""tagType"": 0, ""tagScore"": 5, ""tagNum"": 0, ""tagName"": ""\u5168\u90e8""}], ""score"": 0.0, ""commentCount"": 0}, ""statusCode"": 200}"
浦江世泽坊,https://imgs.qunarzz.com/sight/p0/201403/11/5f60206e413b924b546f709407643a39.jpg_280x200_fa51fcc7.jpg,中山市,中山市,广东省中山市中山市区火炬开发区濠头村,-1,-1.0,“浦江世泽”坊位于火炬高技术产业开发区濠头村，建于明代*九年(1636年)。据义门郑氏家谱记载：“*九年(1636年)丙,https://piao.qunar.com/ticket/detail_2658519464.html?st=a3clM0QlRTQlQjglQUQlRTUlQjElQjElRTUlQjglODIlMjZpZCUzRDE4OTU1OCUyNnR5cGUlM0QwJTI2aWR4JTNEODIlMjZxdCUzRCUyNmFwayUzRDIlMjZzYyUzRFdXVyUyNnVyJTNEJUU0JUI4JUFEJUU1JUIxJUIxJTI2bHIlM0QlRTQlQjglQUQlRTUlQjElQjElMjZmdCUzRCU3QiU3RA%3D%3D#from=mpl_search_suggest,-1.0,N/A,“浦江世泽”坊位于火炬高技术产业开发区濠头村，建于明代*九年(1636年)。据义门郑氏家谱记载：“*九年(1636年)丙子，邑侯虞国镇赠坊。曰：‘浦江世泽’，‘昭世褒崇‘。雍正八年(1730年)庚戌重修。”该牌坊是赠给纶□二祖祠的。　该牌坊为四柱三间三楼牌坊，以花岗石雕凿构筑。楼为歇山顶，三楼顶均用石雕斗拱承托，高约9米，柱下镶嵌抱鼓石。牌坊横匾原字样曾用水泥覆盖，改为“中山县濠头中学”，后得复原。现保存完整。,暂无,https://imgs.qunarzz.com/sight/p0/201403/11/5f60206e413b924b546f709407643a39.jpg_710x360_a41f05ed.jpg,"{""ret"": true, ""data"": {""tagList"": [{""tagType"": 0, ""tagScore"": 5, ""tagNum"": 0, ""tagName"": ""\u5168\u90e8""}], ""score"": 0.0, ""commentCount"": 0}, ""statusCode"": 200}"
长江旅游风景区,https://imgs.qunarzz.com/sight/p0/201301/17/c351dbef32c838b093835fbb.jpg_280x200_b9760051.jpg,中山市,中山市,广东省中山中山市区,-1,-1.0,长江旅游风景区坐落在风景秀丽的广东省中山市市区东南郊，是一个综合性旅游度假区。区内包括长江高尔夫球会、长江水库风景区、怡,https://piao.qunar.com/ticket/detail_731041370.html?st=a3clM0QlRTQlQjglQUQlRTUlQjElQjElRTUlQjglODIlMjZpZCUzRDMzNzIyJTI2dHlwZSUzRDAlMjZpZHglM0Q4MSUyNnF0JTNEJTI2YXBrJTNEMiUyNnNjJTNEV1dXJTI2dXIlM0QlRTQlQjglQUQlRTUlQjElQjElMjZsciUzRCVFNCVCOCVBRCVFNSVCMSVCMSUyNmZ0JTNEJTdCJTdE#from=mpl_search_suggest,-1.0,N/A,长江旅游风景区坐落在风景秀丽的广东省中山市市区东南郊，是一个综合性旅游度假区。区内包括长江高尔夫球会、长江水库风景区、怡景假日酒店、水上乐园、圣贤山庄及长江乐园。,暂无,https://imgs.qunarzz.com/sight/p0/201301/17/c351dbef32c838b093835fbb.jpg_710x360_8a37ea11.jpg,"{""ret"": true, ""data"": {""tagList"": [{""tagType"": 0, ""tagScore"": 5, ""tagNum"": 0, ""tagName"": ""\u5168\u90e8""}], ""score"": 0.0, ""commentCount"": 0}, ""statusCode"": 200}"
长洲村,https://imgs.qunarzz.com/sight/p70/201211/01/a6cd2166bdff3ebe93835fbb.jpg_280x200_b173fbff.jpg,中山市,中山市,广东省中山市西区长洲村,-1,-1.0,村落星罗棋布，拥有特殊的风俗习惯,https://piao.qunar.com/ticket/detail_1471009707.html?st=a3clM0QlRTQlQjglQUQlRTUlQjElQjElRTUlQjglODIlMjZpZCUzRDE0MTcxJTI2dHlwZSUzRDAlMjZpZHglM0Q4MCUyNnF0JTNEJTI2YXBrJTNEMiUyNnNjJTNEV1dXJTI2dXIlM0QlRTQlQjglQUQlRTUlQjElQjElMjZsciUzRCVFNCVCOCVBRCVFNSVCMSVCMSUyNmZ0JTNEJTdCJTdE#from=mpl_search_suggest,-1.0,N/A,端午节，全国各地都有赛龙舟的习俗，但是以前在中山西区长洲村，端午节比赛的不是龙舟，而是“仙艇”。在广东有句俗话，叫“十里不同音”，意思是说即使距离很近的村庄里的人，口音都不一样。民俗也和口音一样，在富裕的珠三角地区村落星罗棋布，每个村落都有自己特殊的风俗习惯。长洲扒仙艇，便是长洲特有的风俗习惯。由于时代变迁，长洲仙艇曾经销声匿迹六十余年。去年年底，在中山西区长洲文化艺术节上，为了庆祝长洲社区获得“全国先进文化社区”称号，长洲社区组织了一批传统文化活动。长洲仙艇由此得以“重出江湖”，让人“一睹真颜”，并且成为了文化艺术节的重头戏。,暂无,https://imgs.qunarzz.com/sight/p70/201211/01/a6cd2166bdff3ebe93835fbb.jpg_710x360_5b71cac7.jpg,"{""ret"": true, ""data"": {""tagList"": [{""tagType"": 0, ""tagScore"": 5, ""tagNum"": 0, ""tagName"": ""\u5168\u90e8""}], ""score"": 0.0, ""commentCount"": 0}, ""statusCode"": 200}"
阜峰文塔,https://imgs.qunarzz.com/sight/p93/201211/07/aa11d75e0bd8b9dd93835fbb.jpg_280x200_3a0a6c01.jpg,中山市,中山市,中山市石歧烟墩山,-1,-1.0,欣赏四周河山秀色，中山城区亦尽收眼帘,https://piao.qunar.com/ticket/detail_851200785.html?st=a3clM0QlRTQlQjglQUQlRTUlQjElQjElRTUlQjglODIlMjZpZCUzRDQzNzMlMjZ0eXBlJTNEMCUyNmlkeCUzRDc5JTI2cXQlM0QlMjZhcGslM0QyJTI2c2MlM0RXV1clMjZ1ciUzRCVFNCVCOCVBRCVFNSVCMSVCMSUyNmxyJTNEJUU0JUI4JUFEJUU1JUIxJUIxJTI2ZnQlM0QlN0IlN0Q%3D#from=mpl_search_suggest,-1.0,N/A,阜峰文塔建于明代万历三十六年（1608年）九月，知县蔡善继创建。该塔为七层八角形楼阁式砖结构塔，塔置平座，凌角牙砖与线砖相间叠涩出檐，高24.5米，原为空心塔，1952年重修时，把上三层改为实心。宝瓶状刹为铁铸。现该塔一至三层向外开放，游人沿级而上，每登一层，便可顺门户步出塔廊，欣赏四周河山秀色，中山城区亦尽收眼帘。,暂无,https://imgs.qunarzz.com/sight/p93/201211/07/aa11d75e0bd8b9dd93835fbb.jpg_710x360_938cb836.jpg〇https://qimgs.qunarzz.com/piao_qsight_provider_piao_qsight_web/43ebac7e74286377ffffffffc8d65eac.jpg_710x360_834e66cd.jpg〇https://qimgs.qunarzz.com/piao_qsight_provider_piao_qsight_web/4668cc905d958c78ddb12cfb.jpg_710x360_2d92c793.jpg〇https://qimgs.qunarzz.com/piao_qsight_provider_piao_qsight_web/9b2fac0b006720f7.jpg_710x360_55cfae77.jpg〇https://qimgs.qunarzz.com/piao_qsight_provider_piao_qsight_web/e20b7da41dbc6df7.jpg_710x360_0f04f789.jpg〇https://qimgs.qunarzz.com/piao_qsight_provider_piao_qsight_web/c4ce3598c9ed37f7.jpg_710x360_355004b5.jpg〇https://qimgs.qunarzz.com/piao_qsight_provider_piao_qsight_web/8abc325cb6e545f7.jpg_710x360_2ecc70e0.jpg〇https://qimgs.qunarzz.com/piao_qsight_provider_piao_qsight_web/f1440d79f0f433f7.jpg_710x360_b2d388df.jpg〇https://qimgs.qunarzz.com/piao_qsight_provider_piao_qsight_web/22737a71b5abd4f7.jpg_710x360_3f041a1d.jpg,"{""ret"": true, ""data"": {""tagList"": [{""tagType"": 0, ""tagScore"": 5, ""tagNum"": 0, ""tagName"": ""\u5168\u90e8""}], ""score"": 0.0, ""commentCount"": 0}, ""statusCode"": 200}"
西山寺,https://imgs.qunarzz.com/sight/p0/1501/ea/1f671347b876cd1e9ebc222f3aad68e9.water.jpg_280x200_6935bb36.jpg,中山市,中山市,广东省中山市孙文中路242号,-1,-1.0,读书人喜聚之地,https://piao.qunar.com/ticket/detail_966864700.html?st=a3clM0QlRTQlQjglQUQlRTUlQjElQjElRTUlQjglODIlMjZpZCUzRDE1ODMwJTI2dHlwZSUzRDAlMjZpZHglM0Q3OCUyNnF0JTNEJTI2YXBrJTNEMiUyNnNjJTNEV1dXJTI2dXIlM0QlRTQlQjglQUQlRTUlQjElQjElMjZsciUzRCVFNCVCOCVBRCVFNSVCMSVCMSUyNmZ0JTNEJTdCJTdE#from=mpl_search_suggest,-1.0,N/A,俗称西山寺，位于城区西山公园内，始建于明朝嘉靖年间，是读书人喜聚之地。清道光年间，邑人曾望颜曾在此攻读诗书，至咸丰六年（1856年）他任陕西巡抚署四川总督时，特募资将古寺加以扩建。由隐泉庵派僧人心恒为主持，历代相传，到1949年已传至十三代。 现寺内有伽兰殿、韦陀殿、大雄宝殿、准提殿、观音殿、六祖殿、地毅殿、塔殿等，颇为壮观。“文化大革命”期间，寺内文物散失，僧人撤走。但门前一副对联“红棉旧荫，福地重光”，横额“仁寿禅寺”（字体刚劲有力，笔力浑厚，相传是清代名书法家张玉堂用拳头写成的，后人称为“拳书”），幸得完好保留。1987年，中山市人民政府将古寺重新修建，1988年10月开放，供游客观赏。,01/01-12/31；全天开放,https://imgs.qunarzz.com/sight/p0/1501/ea/1f671347b876cd1e9ebc222f3aad68e9.water.jpg_710x360_9228d5e8.jpg〇https://imgs.qunarzz.com/sight/p0/1501/33/1392c905d6fceafc3a33a687342d06b2.water.jpg_710x360_8eef9d87.jpg〇https://imgs.qunarzz.com/sight/p0/1501/3c/c92d38b4fd1ce2a16ef3587fac9ae8f9.water.jpg_710x360_0448f83b.jpg〇https://imgs.qunarzz.com/sight/p0/1501/54/d0e1dd6d0fae87419d6e985df83ba82f.water.jpg_710x360_d917465a.jpg〇https://qimgs.qunarzz.com/piao_qsight_provider_piao_qsight_web/96d294ecf6a1afb5.jpg_710x360_1b651ed5.jpg〇https://qimgs.qunarzz.com/piao_qsight_provider_piao_qsight_web/41e384cbd427d9b5.jpg_710x360_727331db.jpg〇https://qimgs.qunarzz.com/piao_qsight_provider_piao_qsight_web/2573de2a8e5496f7.jpg_710x360_408e4022.jpg〇https://qimgs.qunarzz.com/piao_qsight_provider_piao_qsight_web/c6b8b96ccf75e2.jpg_710x360_1ed73dc7.jpg〇https://qimgs.qunarzz.com/piao_qsight_provider_piao_qsight_web/81a51b598c5937b5.jpg_710x360_7ecc8313.jpg〇https://qimgs.qunarzz.com/piao_qsight_provider_piao_qsight_web/71bae28ee8fceeb5.jpg_710x360_c9eb4a79.jpg〇https://qimgs.qunarzz.com/piao_qsight_provider_piao_qsight_web/5393053ee70ebab5.jpg_710x360_c66774b7.jpg〇https://qimgs.qunarzz.com/piao_qsight_provider_piao_qsight_web/dfe63fc61fbd84b5.jpg_710x360_a678db2d.jpg〇https://qimgs.qunarzz.com/piao_qsight_provider_piao_qsight_web/cf46320d06468bb5.jpg_710x360_145d3977.jpg〇https://qimgs.qunarzz.com/piao_qsight_provider_piao_qsight_web/41e0b4fa56f101b5.jpg_710x360_b41c5dc4.jpg〇https://qimgs.qunarzz.com/piao_qsight_provider_piao_qsight_web/660b854fe8b700b5.jpg_710x360_e799ceaa.jpg〇https://qimgs.qunarzz.com/piao_qsight_provider_piao_qsight_web/89acdcd56605eeb5.jpg_710x360_4b21b668.jpg〇https://qimgs.qunarzz.com/piao_qsight_provider_piao_qsight_web/5429360ec5085ff7.jpg_710x360_9cf3ca6f.jpg〇https://qimgs.qunarzz.com/piao_qsight_provider_piao_qsight_web/d7e57cb2156c46f7.jpg_710x360_961752ad.jpg〇https://qimgs.qunarzz.com/piao_qsight_provider_piao_qsight_web/89433ccee10454f7.jpg_710x360_2137902a.jpg〇https://qimgs.qunarzz.com/piao_qsight_provider_piao_qsight_web/7337763cd2f62bf7.jpg_710x360_3377a0ab.jpg〇https://qimgs.qunarzz.com/piao_qsight_provider_piao_qsight_web/487497d494381cf7.jpg_710x360_b75a31e8.jpg〇https://qimgs.qunarzz.com/piao_qsight_provider_piao_qsight_web/7ae096d0f6475d.jpg_710x360_d5c66147.jpg〇https://qimgs.qunarzz.com/piao_qsight_provider_piao_qsight_web/51044382e94b3b.jpg_710x360_30cfb3c1.jpg,"{""ret"": true, ""data"": {""tagList"": [{""tagType"": 0, ""tagScore"": 5, ""tagNum"": 0, ""tagName"": ""\u5168\u90e8""}], ""score"": 0.0, ""commentCount"": 0}, ""statusCode"": 200}"
悦和丰,https://qimgs.qunarzz.com/piao_qsight_provider_piao_qsight_web/0102o120009yag7c98951_C_900_504_Q90_Mtg_7.jpg_280x200_fcd6f843.jpg,中山市,中山市,广东省中山市新华中路23号,-1,-1.0,悦和丰欢乐世界是一个设备齐全，安全性能高的游乐园，各种刺激的机动游玩项目和浪漫的摩天轮，使这里不仅成为萌娃的欢乐天地，也,https://piao.qunar.com/ticket/detail_668841448.html?st=a3clM0QlRTQlQjglQUQlRTUlQjElQjElRTUlQjglODIlMjZpZCUzRDUxNjg4OCUyNnR5cGUlM0QwJTI2aWR4JTNENzclMjZxdCUzRCUyNmFwayUzRDIlMjZzYyUzRFdXVyUyNnVyJTNEJUU0JUI4JUFEJUU1JUIxJUIxJTI2bHIlM0QlRTQlQjglQUQlRTUlQjElQjElMjZmdCUzRCU3QiU3RA%3D%3D#from=mpl_search_suggest,-1.0,N/A,悦和丰欢乐世界是一个设备齐全，安全性能高的游乐园，各种刺激的机动游玩项目和浪漫的摩天轮，使这里不仅成为萌娃的欢乐天地，也可以是大人放松心情的栖息地、网红打卡点，情侣约会的好去处，满足你对快乐的所有幻想，让你一路欢笑，一路尖叫，炫酷嗨到爆！,具体营业状态以当天开放情况为准,https://qimgs.qunarzz.com/piao_qsight_provider_piao_qsight_web/0102o120009yag7c98951_C_900_504_Q90_Mtg_7.jpg_710x360_8e0d84ba.jpg〇https://qimgs.qunarzz.com/piao_qsight_provider_piao_qsight_web/0100u120009yagnt25D6B_C_900_504_Q90_Mtg_7.jpg_710x360_c454f3db.jpg〇https://qimgs.qunarzz.com/piao_qsight_provider_piao_qsight_web/0100s120009yaef7rDED4_C_900_504_Q90_Mtg_7.jpg_710x360_65d9256d.jpg〇https://qimgs.qunarzz.com/piao_qsight_provider_piao_qsight_web/0100b120009yaeau73D51_C_900_504_Q90_Mtg_7.jpg_710x360_893698b2.jpg〇https://imgs.qunarzz.com/sight/p0/2208/d3/d36f61f01668dc31a3.img.jpg_710x360_575e2b04.jpg〇https://imgs.qunarzz.com/sight/p0/2208/b9/b9a12a18b59b5ab1a3.img.jpg_710x360_0eee983b.jpg〇https://imgs.qunarzz.com/sight/p0/2208/70/7016d288c5841a77a3.img.jpg_710x360_3ad6e4eb.jpg,"{""ret"": true, ""data"": {""tagList"": [{""tagType"": 0, ""tagScore"": 5, ""tagNum"": 0, ""tagName"": ""\u5168\u90e8""}], ""score"": 0.0, ""commentCount"": 0}, ""statusCode"": 200}"
长江叠翠,https://imgs.qunarzz.com/sight/p67/201211/00/8bc30bad4cb8fc1393835fbb.jpg_280x200_1ee3dcea.jpg,中山市,中山市,长江水库游览区,1,1.0,莽莽群山，重峦叠嶂，一望无限的松林,https://piao.qunar.com/ticket/detail_1624452679.html?st=a3clM0QlRTQlQjglQUQlRTUlQjElQjElRTUlQjglODIlMjZpZCUzRDE5ODQlMjZ0eXBlJTNEMCUyNmlkeCUzRDc2JTI2cXQlM0QlMjZhcGslM0QyJTI2c2MlM0RXV1clMjZ1ciUzRCVFNCVCOCVBRCVFNSVCMSVCMSUyNmxyJTNEJUU0JUI4JUFEJUU1JUIxJUIxJTI2ZnQlM0QlN0IlN0Q%3D#from=mpl_search_suggest,-1.0,N/A,"长江叠翠是中山市新十景之一，指的是长江水库游览区，这里离中山城区中心石岐东南九公里，是建设在著名抗日游击根据地五桂山区北面的以水库为中心的游览区。水库1963年基本建成，它包括里面相连的6条大水坑，7处山梁山埔和一道拦库大坝，集水面积三十六 平方公里，库容达五千万立万。雄伟的水库大坝顶面宽6米多，长330米。往水库区里望， 莽莽群山，重峦叠嶂，一望无限的松林，郁郁葱葱，还有杉树、樟树、苦楝…等和许多叫不出名字的树木。一派生机，浓绿如绒如砌，倒映湖中，就是这里美景""叠翠""风韵之所在，往里面去，深谷平湖，谷内有谷，湖中有湖，晶莹清澈可鉴，游鱼可数。在湖内周边坡岭之间有企人石（望夫归）、宝鸭塘（宝鸭腾空）、长龙坑小瀑布（飞流千尺）、暗龙坑石廊（深涧怪石展览）等许多景点。",01/01-12/31；全天开放,https://imgs.qunarzz.com/sight/p67/201211/00/8bc30bad4cb8fc1393835fbb.jpg_710x360_ca4dd596.jpg,"{""ret"": true, ""data"": {""tagList"": [{""tagType"": 3, ""tagScore"": 5, ""tagNum"": 1, ""tagName"": ""\u5dee\u8bc4""}, {""tagType"": 0, ""tagScore"": 5, ""tagNum"": 1, ""tagName"": ""\u5168\u90e8""}], ""commentList"": [{""author"": ""l*4"", ""content"": ""\u8dd1\u4e86\u597d\u4e45\u5c01\u95ed\u4e86\u7684\uff0c\u3002\uff0c\uff0c\uff0c\uff0c"", ""date"": ""2018-04-02"", ""score"": 1, ""commentId"": ""205762006"", ""imgs"": [], ""userNickName"": ""l*4"", ""replyCityName"": """", ""cityName"": """"}], ""score"": 1.0, ""commentCount"": 1}, ""statusCode"": 200}"
【中山】小榄菊花会,https://qimgs.qunarzz.com/piao_qsight_provider_piao_qsight_web/35030y000000m77j0E8B5_C_900_504.jpg_280x200_fe01016e.jpg,中山市,中山市,广东省中山市小榄镇菊城御景花园,113,4.9,历史悠久的非遗菊艺,https://piao.qunar.com/ticket/detail_3880460789.html?st=a3clM0QlRTQlQjglQUQlRTUlQjElQjElRTUlQjglODIlMjZpZCUzRDQ2OTk1NyUyNnR5cGUlM0QwJTI2aWR4JTNEMTE5JTI2cXQlM0QlMjZhcGslM0QyJTI2c2MlM0RXV1clMjZ1ciUzRCVFNCVCOCVBRCVFNSVCMSVCMSUyNmxyJTNEJUU0JUI4JUFEJUU1JUIxJUIxJTI2ZnQlM0QlN0IlN0Q%3D#from=mpl_search_suggest,-1.0,N/A,"小榄镇位于珠江三角洲中部，是广东省中山市的重镇。小榄有""菊城""的美誉。菊花文化贯穿小榄的历史，初起有""菊试""、""菊社""等民间组织，后来逐渐演变成为每10年一度的""黄花会""。清代嘉庆甲戌年（1814年），有10个菊社联合举办大型菊花盛会，并相约以先人定居小榄时的甲戌年为一大盛会（即60年一届）。2018年小榄菊花会变身“菊花会嘉年华”，11月23日与大家见面。届时，小榄轻轨站、小榄车站及主要商圈均有旅游专车，园区大型停车场车位超过600个。今年菊花会将持续至12月10日，精彩不断；作为小榄菊花会的举办地，“小榄菊花文化湿地公园”全面升级，新建以菊花花瓣元素设计的大型入口广场，可容纳千人。主题花海区占地26亩，主扎作凤凰高达18米。中心广场以改革开放40周年为题，设有传统菊艺扎作“九龙吐珠”等大型菊艺景点，四周围绕以春夏秋冬对应的24节气为主题的四组小榄传统灯艺门楼。新增的“菊花文化展览馆”，集中展示菊花文化及知识。新增的“湖滨舞台”将不定期举办主题音乐、魔术表演等节目。占地200亩的草地休闲区，也将有小型音乐会和艺术表演。",11/29-12/18；周一至周日；待定,https://qimgs.qunarzz.com/piao_qsight_provider_piao_qsight_web/35030y000000m77j0E8B5_C_900_504.jpg_710x360_0b3e6701.jpg〇https://qimgs.qunarzz.com/piao_qsight_provider_piao_qsight_web/350b0y000000m9p7oFB90_C_900_504_Q90_Mtg_7.jpg_710x360_d4218cfa.jpg〇https://qimgs.qunarzz.com/piao_qsight_provider_piao_qsight_web/35020y000000m6v8qDE61_C_900_504_Q90_Mtg_7.jpg_710x360_b41edbcf.jpg〇https://qimgs.qunarzz.com/piao_qsight_provider_piao_qsight_web/35090y000000mfz66D1CA_C_900_504_Q90_Mtg_7.jpg_710x360_d61ac4a8.jpg〇https://qimgs.qunarzz.com/piao_qsight_provider_piao_qsight_web/35040y000000ltiyv0A39_C_900_504_Q90_Mtg_7.jpg_710x360_ff71b14b.jpg〇https://qimgs.qunarzz.com/piao_qsight_provider_piao_qsight_web/350n0y000000ltlnt4BDC_C_900_504_Q90_Mtg_7.jpg_710x360_acf58009.jpg〇https://qimgs.qunarzz.com/piao_qsight_provider_piao_qsight_web/35010y000000miel5E224_C_900_504_Q90_Mtg_7.jpg_710x360_e21c7b32.jpg〇https://qimgs.qunarzz.com/piao_qsight_provider_piao_qsight_web/350o0y000000m4bl36C77_C_900_504_Q90_Mtg_7.jpg_710x360_65d2d8a3.jpg〇https://qimgs.qunarzz.com/piao_qsight_provider_piao_qsight_web/35040y000000ltivkA75F_C_900_504_Q90_Mtg_7.jpg_710x360_caa522c3.jpg〇https://qimgs.qunarzz.com/piao_qsight_provider_piao_qsight_web/35020y000000meeleB55B_C_900_504_Q90_Mtg_7.jpg_710x360_3bb60922.jpg〇https://qimgs.qunarzz.com/piao_qsight_provider_piao_qsight_web/35030y000000m77j0E8B5_C_900_504_Q90_Mtg_7.jpg_710x360_3982fb2d.jpg〇https://imgs.qunarzz.com/sight/p0/1811/78/78b32a104fb60a48a3.img.jpg_710x360_a6662289.jpg,"{""ret"": true, ""data"": {""tagList"": [{""tagType"": 3, ""tagScore"": 5, ""tagNum"": 2, ""tagName"": ""\u5dee\u8bc4""}, {""tagType"": 1, ""tagScore"": 5, ""tagNum"": 111, ""tagName"": ""\u597d\u8bc4""}, {""tagType"": 0, ""tagScore"": 5, ""tagNum"": 113, ""tagName"": ""\u5168\u90e8""}], ""commentList"": [{""author"": ""s*4"", ""content"": ""\u7528\u6237\u672a\u70b9\u8bc4\uff0c\u7cfb\u7edf\u9ed8\u8ba4\u597d\u8bc4\u3002"", ""date"": ""2022-01-08"", ""score"": 5, ""commentId"": ""221698426"", ""imgs"": [], ""userNickName"": ""s*4"", ""replyCityName"": """", ""cityName"": """"}, {""author"": ""\u53bb*\u6237"", ""content"": ""\u7528\u6237\u672a\u70b9\u8bc4\uff0c\u7cfb\u7edf\u9ed8\u8ba4\u597d\u8bc4\u3002"", ""date"": ""2022-01-05"", ""score"": 5, ""commentId"": ""221689756"", ""imgs"": [], ""userNickName"": ""\u53bb*\u6237"", ""replyCityName"": """", ""cityName"": """"}, {""author"": ""\u53bb*\u6237"", ""content"": ""\u7528\u6237\u672a\u70b9\u8bc4\uff0c\u7cfb\u7edf\u9ed8\u8ba4\u597d\u8bc4\u3002"", ""date"": ""2022-01-05"", ""score"": 5, ""commentId"": ""221689741"", ""imgs"": [], ""userNickName"": ""\u53bb*\u6237"", ""replyCityName"": """", ""cityName"": """"}, {""author"": ""\u53bb*\u6237"", ""content"": ""\u7528\u6237\u672a\u70b9\u8bc4\uff0c\u7cfb\u7edf\u9ed8\u8ba4\u597d\u8bc4\u3002"", ""date"": ""2022-01-05"", ""score"": 5, ""commentId"": ""221689589"", ""imgs"": [], ""userNickName"": ""\u53bb*\u6237"", ""replyCityName"": """", ""cityName"": """"}, {""author"": ""t*6"", ""content"": ""\u7528\u6237\u672a\u70b9\u8bc4\uff0c\u7cfb\u7edf\u9ed8\u8ba4\u597d\u8bc4\u3002"", ""date"": ""2022-01-04"", ""score"": 5, ""commentId"": ""221683921"", ""imgs"": [], ""userNickName"": ""t*6"", ""replyCityName"": """", ""cityName"": """"}, {""author"": ""j*9"", ""content"": ""\u7528\u6237\u672a\u70b9\u8bc4\uff0c\u7cfb\u7edf\u9ed8\u8ba4\u597d\u8bc4\u3002"", ""date"": ""2022-01-04"", ""score"": 5, ""commentId"": ""221682961"", ""imgs"": [], ""userNickName"": ""j*9"", ""replyCityName"": """", ""cityName"": """"}, {""author"": ""m*z"", ""content"": ""\u7528\u6237\u672a\u70b9\u8bc4\uff0c\u7cfb\u7edf\u9ed8\u8ba4\u597d\u8bc4\u3002"", ""date"": ""2022-01-03"", ""score"": 5, ""commentId"": ""221676591"", ""imgs"": [], ""userNickName"": ""m*z"", ""replyCityName"": """", ""cityName"": """"}, {""author"": ""n*2"", ""content"": ""\u7528\u6237\u672a\u70b9\u8bc4\uff0c\u7cfb\u7edf\u9ed8\u8ba4\u597d\u8bc4\u3002"", ""date"": ""2022-01-03"", ""score"": 5, ""commentId"": ""221676491"", ""imgs"": [], ""userNickName"": ""n*2"", ""replyCityName"": """", ""cityName"": """"}, {""author"": ""l*1"", ""content"": ""\u7528\u6237\u672a\u70b9\u8bc4\uff0c\u7cfb\u7edf\u9ed8\u8ba4\u597d\u8bc4\u3002"", ""date"": ""2022-01-01"", ""score"": 5, ""commentId"": ""221670939"", ""imgs"": [], ""userNickName"": ""l*1"", ""replyCityName"": """", ""cityName"": """"}, {""author"": ""j*4"", ""content"": ""\u7528\u6237\u672a\u70b9\u8bc4\uff0c\u7cfb\u7edf\u9ed8\u8ba4\u597d\u8bc4\u3002"", ""date"": ""2022-01-01"", ""score"": 5, ""commentId"": ""221670845"", ""imgs"": [], ""userNickName"": ""j*4"", ""replyCityName"": """", ""cityName"": """"}], ""score"": 4.9, ""commentCount"": 113}, ""statusCode"": 200}"
【中山】小榄菊花会,https://qimgs.qunarzz.com/piao_qsight_provider_piao_qsight_web/35090y000000mfz66D1CA_C_900_504_Q90_Mtg_7.jpg_280x200_e5458171.jpg,中山市,中山市,广东省中山市小榄镇菊城御景花园,88,4.7,历史悠久的非遗菊艺,https://piao.qunar.com/ticket/detail_1927231925.html?st=a3clM0QlRTQlQjglQUQlRTUlQjElQjElRTUlQjglODIlMjZpZCUzRDQ2MTM3MyUyNnR5cGUlM0QwJTI2aWR4JTNEMTE4JTI2cXQlM0QlMjZhcGslM0QyJTI2c2MlM0RXV1clMjZ1ciUzRCVFNCVCOCVBRCVFNSVCMSVCMSUyNmxyJTNEJUU0JUI4JUFEJUU1JUIxJUIxJTI2ZnQlM0QlN0IlN0Q%3D#from=mpl_search_suggest,-1.0,N/A,本次菊花会是以追寻我们的年代为主题，会场面积约350亩，其中水区50亩，和往年菊花会有所不同，今年我们对菊花园进行大型的改造，阔宽河岸，增加了各种水生植物贯穿全园。园区有七彩花田区、造景区、中轴景区、广府艺墟区、美食区、灯光展等六大特色。,11/29-12/18；周一至周日；待定,https://qimgs.qunarzz.com/piao_qsight_provider_piao_qsight_web/35030y000000m77j0E8B5_C_900_504.jpg_710x360_0b3e6701.jpg〇https://qimgs.qunarzz.com/piao_qsight_provider_piao_qsight_web/350b0y000000m9p7oFB90_C_900_504_Q90_Mtg_7.jpg_710x360_d4218cfa.jpg〇https://qimgs.qunarzz.com/piao_qsight_provider_piao_qsight_web/35020y000000m6v8qDE61_C_900_504_Q90_Mtg_7.jpg_710x360_b41edbcf.jpg〇https://qimgs.qunarzz.com/piao_qsight_provider_piao_qsight_web/35090y000000mfz66D1CA_C_900_504_Q90_Mtg_7.jpg_710x360_d61ac4a8.jpg〇https://qimgs.qunarzz.com/piao_qsight_provider_piao_qsight_web/35040y000000ltiyv0A39_C_900_504_Q90_Mtg_7.jpg_710x360_ff71b14b.jpg〇https://qimgs.qunarzz.com/piao_qsight_provider_piao_qsight_web/350n0y000000ltlnt4BDC_C_900_504_Q90_Mtg_7.jpg_710x360_acf58009.jpg〇https://qimgs.qunarzz.com/piao_qsight_provider_piao_qsight_web/35010y000000miel5E224_C_900_504_Q90_Mtg_7.jpg_710x360_e21c7b32.jpg〇https://qimgs.qunarzz.com/piao_qsight_provider_piao_qsight_web/350o0y000000m4bl36C77_C_900_504_Q90_Mtg_7.jpg_710x360_65d2d8a3.jpg〇https://qimgs.qunarzz.com/piao_qsight_provider_piao_qsight_web/35040y000000ltivkA75F_C_900_504_Q90_Mtg_7.jpg_710x360_caa522c3.jpg〇https://qimgs.qunarzz.com/piao_qsight_provider_piao_qsight_web/35020y000000meeleB55B_C_900_504_Q90_Mtg_7.jpg_710x360_3bb60922.jpg〇https://qimgs.qunarzz.com/piao_qsight_provider_piao_qsight_web/35030y000000m77j0E8B5_C_900_504_Q90_Mtg_7.jpg_710x360_3982fb2d.jpg〇https://imgs.qunarzz.com/sight/p0/1711/3c/3cf9735aabaaf9cba3.img.jpg_710x360_1c73e081.jpg〇https://imgs.qunarzz.com/sight/p0/1711/6b/6b09001eb19fa2eea3.img.jpg_710x360_134766a0.jpg〇https://imgs.qunarzz.com/sight/p0/1711/1b/1b0fd74a2543f053a3.img.jpg_710x360_7191fee2.jpg〇https://imgs.qunarzz.com/sight/p0/1711/ac/ac7ff50f46ac32b8a3.img.jpg_710x360_4e397a8f.jpg〇https://imgs.qunarzz.com/sight/p0/1711/81/81f34088f005a2dea3.img.jpg_710x360_64fb96fc.jpg〇https://imgs.qunarzz.com/sight/p0/1711/c1/c19b79e496f2e0f3a3.img.jpg_710x360_9c36c931.jpg〇https://imgs.qunarzz.com/sight/p0/1711/c4/c442b91dac87d2cca3.img.jpg_710x360_da6916c0.jpg〇https://imgs.qunarzz.com/sight/p0/1711/df/dfead002fd083db6a3.img.jpg_710x360_255544f9.jpg〇https://imgs.qunarzz.com/sight/p0/1711/4f/4f6c140235a4c05ba3.img.jpg_710x360_c80f662c.jpg〇https://imgs.qunarzz.com/sight/p0/1711/1b/1b0fd74a2543f053a3.img.jpg_710x360_7191fee2.jpg〇https://imgs.qunarzz.com/sight/p0/1711/74/741be02c10bf7263a3.img.jpg_710x360_acc0fcf0.jpg〇https://imgs.qunarzz.com/sight/p0/1711/e1/e12b0f288909445aa3.img.jpg_710x360_401056a3.jpg〇https://imgs.qunarzz.com/sight/p0/1711/ef/efbf57a27a541bfda3.img.jpg_710x360_5cffde69.jpg〇https://imgs.qunarzz.com/sight/p0/1711/43/43cd18f440caf4b8a3.img.jpg_710x360_8bd3f990.jpg〇https://imgs.qunarzz.com/sight/p0/1711/a8/a8b2ffd728ab8f78a3.img.jpg_710x360_7dd54d2f.jpg〇https://imgs.qunarzz.com/sight/p0/1711/a5/a5e96d31a8441d10a3.img.jpg_710x360_8429cf53.jpg〇https://imgs.qunarzz.com/sight/p0/1711/e5/e5ffb1fd9483da08a3.img.jpg_710x360_425e49bb.jpg〇https://imgs.qunarzz.com/sight/p0/1711/aa/aa75fe833c229386a3.img.jpg_710x360_459a2073.jpg〇https://imgs.qunarzz.com/sight/p0/1711/ac/aca729f405ee0e2ba3.img.jpg_710x360_6e3c795b.jpg〇https://imgs.qunarzz.com/sight/p0/1711/80/8002d7bacc57111aa3.img.jpg_710x360_585173ab.jpg〇https://imgs.qunarzz.com/sight/p0/1711/33/337debc95dc3476ca3.img.jpg_710x360_c76d7f09.jpg,"{""ret"": true, ""data"": {""tagList"": [{""tagType"": 32, ""tagScore"": 5, ""tagNum"": 1, ""tagName"": ""\u670d\u52a1\u597d""}, {""tagType"": 16, ""tagScore"": 5, ""tagNum"": 1, ""tagName"": ""\u9760\u8c31""}, {""tagType"": 8, ""tagScore"": 5, ""tagNum"": 1, ""tagName"": ""\u4fbf\u5b9c""}, {""tagType"": 4, ""tagScore"": 5, ""tagNum"": 1, ""tagName"": ""\u53d6\u7968\u65b9\u4fbf""}, {""tagType"": 3, ""tagScore"": 5, ""tagNum"": 1, ""tagName"": ""\u5dee\u8bc4""}, {""tagType"": 2, ""tagScore"": 5, ""tagNum"": 9, ""tagName"": ""\u4e2d\u8bc4""}, {""tagType"": 1, ""tagScore"": 5, ""tagNum"": 78, ""tagName"": ""\u597d\u8bc4""}, {""tagType"": 0, ""tagScore"": 5, ""tagNum"": 88, ""tagName"": ""\u5168\u90e8""}], ""commentList"": [{""author"": ""\u6e05*\u5b98"", ""content"": ""\u7968\u4ef7\u4e0d\u592a\u4eb2\u6c11\uff0c\u53bb\u770b\u8981\u5e26\u4e0a\u5973\u751f\uff0c\u5e26\u4e0a\u5973\u751f\u53bb\u770b\u82b1\u662f\u91cd\u70b9\u3002\u83ca\u82b1\u4e1b\u4e2d\u7684\u5973\u4eba\u5e26\u7740\u4e00\u80a1\u6e05\u6d41\uff0c\u4e0d\u5a07\u67d4\uff0c\u4e0d\u8c04\u5a9a\uff0c\u53ea\u4e3a\u5bfb\u5f97\u9676\u6e0a\u660e\u7b14\u4e0b\u7684\u91c7\u83ca\u4e1c\u7bf1\u4e0b\u3002"", ""date"": ""2018-12-03"", ""score"": 4, ""commentId"": ""208722738"", ""imgs"": [{""small"": ""https://imgs.qunarzz.com/p/tts2/1812/b8/30b45d05ae875e02.jpg_120x120_642de110.jpg"", ""title"": """", ""big"": ""https://imgs.qunarzz.com/p/tts2/1812/b8/30b45d05ae875e02.jpg""}, {""small"": ""https://imgs.qunarzz.com/p/tts6/1812/d9/737f2d4bb6e98102.jpg_120x120_01b2b7f9.jpg"", ""title"": """", ""big"": ""https://imgs.qunarzz.com/p/tts6/1812/d9/737f2d4bb6e98102.jpg""}, {""small"": ""https://imgs.qunarzz.com/p/tts0/1812/cb/d4db5b97d0d10402.jpg_120x120_9fef24b5.jpg"", ""title"": """", ""big"": ""https://imgs.qunarzz.com/p/tts0/1812/cb/d4db5b97d0d10402.jpg""}, {""small"": ""https://imgs.qunarzz.com/p/tts0/1812/83/60f1a615b14eda02.jpg_120x120_138a32e0.jpg"", ""title"": """", ""big"": ""https://imgs.qunarzz.com/p/tts0/1812/83/60f1a615b14eda02.jpg""}, {""small"": ""https://imgs.qunarzz.com/p/tts5/1812/f9/3c3a6d35a7f38f02.jpg_120x120_bf29ac2c.jpg"", ""title"": """", ""big"": ""https://imgs.qunarzz.com/p/tts5/1812/f9/3c3a6d35a7f38f02.jpg""}, {""small"": ""https://imgs.qunarzz.com/p/tts3/1812/4f/ad4fe37be1d7d702.jpg_120x120_dc2575ff.jpg"", ""title"": """", ""big"": ""https://imgs.qunarzz.com/p/tts3/1812/4f/ad4fe37be1d7d702.jpg""}, {""small"": ""https://imgs.qunarzz.com/p/tts9/1812/a2/50416f354d401a02.jpg_120x120_628407d1.jpg"", ""title"": """", ""big"": ""https://imgs.qunarzz.com/p/tts9/1812/a2/50416f354d401a02.jpg""}, {""small"": ""https://imgs.qunarzz.com/p/tts1/1812/ee/2ef0923e1e722702.jpg_120x120_2e47fb7b.jpg"", ""title"": """", ""big"": ""https://imgs.qunarzz.com/p/tts1/1812/ee/2ef0923e1e722702.jpg""}, {""small"": ""https://imgs.qunarzz.com/p/tts0/1812/4b/04ccab816338ca02.jpg_120x120_55a0bd19.jpg"", ""title"": """", ""big"": ""https://imgs.qunarzz.com/p/tts0/1812/4b/04ccab816338ca02.jpg""}, {""small"": ""https://imgs.qunarzz.com/p/tts9/1812/44/ac2b42a5b260b02.jpg_120x120_be5c26fb.jpg"", ""title"": """", ""big"": ""https://imgs.qunarzz.com/p/tts9/1812/44/ac2b42a5b260b02.jpg""}, {""small"": ""https://imgs.qunarzz.com/p/tts9/1812/d4/b99db8d89c122302.jpg_120x120_dc9982f8.jpg"", ""title"": """", ""big"": ""https://imgs.qunarzz.com/p/tts9/1812/d4/b99db8d89c122302.jpg""}, {""small"": ""https://imgs.qunarzz.com/p/tts0/1812/a3/bc5bb9faeb2cb602.jpg_120x120_2508bb23.jpg"", ""title"": """", ""big"": ""https://imgs.qunarzz.com/p/tts0/1812/a3/bc5bb9faeb2cb602.jpg""}, {""small"": ""https://imgs.qunarzz.com/p/tts5/1812/e2/54f28037be87d302.jpg_120x120_78da75a4.jpg"", ""title"": """", ""big"": ""https://imgs.qunarzz.com/p/tts5/1812/e2/54f28037be87d302.jpg""}, {""small"": ""https://imgs.qunarzz.com/p/tts2/1812/8c/fcd4232ee0bb4e02.jpg_120x120_42b99540.jpg"", ""title"": """", ""big"": ""https://imgs.qunarzz.com/p/tts2/1812/8c/fcd4232ee0bb4e02.jpg""}, {""small"": ""https://imgs.qunarzz.com/p/tts6/1812/5c/a6168c33bc23602.jpg_120x120_f785d732.jpg"", ""title"": """", ""big"": ""https://imgs.qunarzz.com/p/tts6/1812/5c/a6168c33bc23602.jpg""}], ""userNickName"": ""\u6e05*\u5b98"", ""replyCityName"": """", ""cityName"": """"}, {""author"": ""M*2"", ""content"": ""\u611f\u89c9\u4e00\u822c   \u4e0d\u503c\u8fd9\u4e2a\u4ef7   "", ""date"": ""2018-12-08"", ""score"": 3, ""commentId"": ""208740384"", ""imgs"": [{""small"": ""https://imgs.qunarzz.com/p/tts6/1812/ce/e832cd41927b9d02.jpg_120x120_10f53d9a.jpg"", ""title"": """", ""big"": ""https://imgs.qunarzz.com/p/tts6/1812/ce/e832cd41927b9d02.jpg""}, {""small"": ""https://imgs.qunarzz.com/p/tts2/1812/b7/37a79726ab8f402.jpg_120x120_771f70dc.jpg"", ""title"": """", ""big"": ""https://imgs.qunarzz.com/p/tts2/1812/b7/37a79726ab8f402.jpg""}, {""small"": ""https://imgs.qunarzz.com/p/tts0/1812/bb/934653c354e71702.jpg_120x120_5544c98a.jpg"", ""title"": """", ""big"": ""https://imgs.qunarzz.com/p/tts0/1812/bb/934653c354e71702.jpg""}, {""small"": ""https://imgs.qunarzz.com/p/tts8/1812/d6/1af6b59215c202.jpg_120x120_59932af0.jpg"", ""title"": """", ""big"": ""https://imgs.qunarzz.com/p/tts8/1812/d6/1af6b59215c202.jpg""}, {""small"": ""https://imgs.qunarzz.com/p/tts7/1812/7f/c063b98850cc6602.jpg_120x120_d694054e.jpg"", ""title"": """", ""big"": ""https://imgs.qunarzz.com/p/tts7/1812/7f/c063b98850cc6602.jpg""}, {""small"": ""https://imgs.qunarzz.com/p/tts7/1812/1f/72509ebd36eb802.jpg_120x120_2f892d7d.jpg"", ""title"": """", ""big"": ""https://imgs.qunarzz.com/p/tts7/1812/1f/72509ebd36eb802.jpg""}], ""userNickName"": ""M*2"", ""replyCityName"": """", ""cityName"": """"}, {""author"": ""C*e"", ""content"": ""\u6ca1\u6709\u4ee5\u524d\u597d\u770b\uff0c\u83ca\u82b1\u54c1\u79cd\u4e5f\u6ca1\u6709\u4ee5\u524d\u591a\uff0c\u4ea4\u901a\u4e0d\u662f\u5f88\u65b9\u4fbf\uff0c\u4e00\u4e2a\u4eba55\u5143\u95e8\u7968\u6ee1\u8d35\u7684\u3002"", ""date"": ""2018-12-01"", ""score"": 3, ""commentId"": ""208678155"", ""imgs"": [{""small"": ""https://imgs.qunarzz.com/p/tts9/1812/4d/37d9b32b76dd5702.jpg_120x120_4e3c6494.jpg"", ""title"": """", ""big"": ""https://imgs.qunarzz.com/p/tts9/1812/4d/37d9b32b76dd5702.jpg""}, {""small"": ""https://imgs.qunarzz.com/p/tts2/1812/20/0a9d78e28ab72002.jpg_120x120_b64b439d.jpg"", ""title"": """", ""big"": ""https://imgs.qunarzz.com/p/tts2/1812/20/0a9d78e28ab72002.jpg""}, {""small"": ""https://imgs.qunarzz.com/p/tts6/1812/b8/425ee2de9c2a2c02.jpg_120x120_c60a4e4e.jpg"", ""title"": """", ""big"": ""https://imgs.qunarzz.com/p/tts6/1812/b8/425ee2de9c2a2c02.jpg""}, {""small"": ""https://imgs.qunarzz.com/p/tts2/1812/c0/1900d0d83344a902.jpg_120x120_307bef2e.jpg"", ""title"": """", ""big"": ""https://imgs.qunarzz.com/p/tts2/1812/c0/1900d0d83344a902.jpg""}, {""small"": ""https://imgs.qunarzz.com/p/tts4/1812/cd/b574ea50630f4102.jpg_120x120_693b39b2.jpg"", ""title"": """", ""big"": ""https://imgs.qunarzz.com/p/tts4/1812/cd/b574ea50630f4102.jpg""}, {""small"": ""https://imgs.qunarzz.com/p/tts2/1812/d2/dfd70bfb673aa502.jpg_120x120_17caf5da.jpg"", ""title"": """", ""big"": ""https://imgs.qunarzz.com/p/tts2/1812/d2/dfd70bfb673aa502.jpg""}], ""userNickName"": ""C*e"", ""replyCityName"": """", ""cityName"": """"}, {""author"": ""_*9"", ""content"": ""60\u5e74\u5927\u578b\u5c55\u300110\u5e74\u4e2d\u578b\u5c55\u3001\u6bcf\u5e74\u4e00\u6b21\u5c0f\u5c55\uff0c\u90a318\u5e74\u662f\u4ec0\u4e48\u5c55\uff0c\u7ec4\u59d4\u4f1a\u5e94\u8be5\u5728\u76f8\u5173\u5a92\u4f53\u7f51\u7edc\u544a\u4e4b\u5f53\u5e74\u5c55\u4f1a\u662f\u5c5e\u4ec0\u4e48\u7c7b\u578b\u5c55\uff0c\u6216\u8005\u6709\u4e2a\u5386\u5e74\u5c55\u4f1a\u662f\u4ec0\u4e48\u5c55\uff0c\u8ba9\u8fdc\u65b9\u6765\u53c2\u89c2\u7684\u7fa4\u4f17\u77e5\u90532018\u5e74\u662f\u4ec0\u4e48\u83ca\u5c55\uff0c\u5927\u578b\uff0c\u4e2d\u578b\u8fd8\u662f\u5c0f\u578b\u3002"", ""date"": ""2018-12-07"", ""score"": 3, ""commentId"": ""208722735"", ""imgs"": [], ""userNickName"": ""_*9"", ""replyCityName"": """", ""cityName"": """"}, {""author"": ""_*0"", ""content"": ""\u4e00\u822c\u822c\uff0c\u6ca1\u6709\u60f3\u8c61\u4e2d\u7684\u597d\u770b\u6709\u70b9\u65e0\u804a"", ""date"": ""2019-05-07"", ""score"": 5, ""commentId"": ""210359889"", ""imgs"": [], ""userNickName"": ""_*0"", ""replyCityName"": """", ""cityName"": """"}, {""author"": ""\u96c4*\u5fd7"", ""content"": ""\u4e00\u5e74\u4e00\u5ea6\u7684\u83ca\u82b1\u5c55\u975e\u5e38\u9860\u4eae\uff0c\u503c\u5f97\u4e00\u53bb\uff01\u4e00\u5e74\u4e00\u5ea6\u7684\u83ca\u82b1\u5c55\u975e\u5e38\u9860\u4eae\uff0c\u503c\u5f97\u4e00\u53bb\uff01\u4e00\u5e74\u4e00\u5ea6\u7684\u83ca\u82b1\u5c55\u975e\u5e38\u9860\u4eae\uff0c\u503c\u5f97\u4e00\u53bb\uff01"", ""date"": ""2018-12-27"", ""score"": 5, ""commentId"": ""208866097"", ""imgs"": [], ""userNickName"": ""\u96c4*\u5fd7"", ""replyCityName"": """", ""cityName"": """"}, {""author"": ""\u54c1*\u5e08"", ""content"": ""\u95e8\u7968\u8d35\uff0c\u91cc\u9762\u7a7a\u8361\u8361\u7684\u8fd9\u6b21\u83ca\u82b1\u5c55\u4e0d\u591f\u5927\u578b\u3002\u6ca1\u4ec0\u4e48\u5a31\u4e50\u8bbe\u65bd\u4eba\u6c14\u4f4e\u8ff7\uff0c\u53ea\u6709\u5c0f\u5c0f\u7684\u82b1\u6d77\u8ddf\u51e0\u53ea\u52a8\u7269\u83ca\u96d5\u6709\u70b9\u770b\u5934\u3002"", ""date"": ""2018-11-30"", ""score"": 3, ""commentId"": ""208677609"", ""imgs"": [], ""userNickName"": ""\u54c1*\u5e08"", ""replyCityName"": """", ""cityName"": """"}, {""author"": ""a*\u76c8"", ""content"": ""\u4e00\u5e74\u4e00\u5ea6\u7684\u83ca\u82b1\u4f1a\uff0c\u503c\u5f97\u53bb\u770b\u770b\uff01\u6362\u7968\u4e5f\u633a\u65b9\u4fbf\uff01"", ""date"": ""2018-12-05"", ""score"": 5, ""commentId"": ""208722736"", ""imgs"": [{""small"": ""https://imgs.qunarzz.com/p/tts2/1812/8d/cc59426a61845202.jpg_120x120_3909a58f.jpg"", ""title"": """", ""big"": ""https://imgs.qunarzz.com/p/tts2/1812/8d/cc59426a61845202.jpg""}], ""userNickName"": ""a*\u76c8"", ""replyCityName"": """", ""cityName"": """"}, {""author"": ""l*\u5091"", ""content"": ""\u4e00\u822c\u597d\u73a9\uff01\u6bd4\u4ee5\u524d\u7684\u9f99\u5c71\u516c\u56ed\u76f8\u6bd4\uff0c\u5dee\u592a\u591a\u4e86"", ""date"": ""2019-01-03"", ""score"": 5, ""commentId"": ""208912761"", ""imgs"": [], ""userNickName"": ""l*\u5091"", ""replyCityName"": """", ""cityName"": """"}, {""author"": ""M*0"", ""content"": ""\u4eca\u5e74\u5c55\u89bd\u6bd4\u53bb\u5e74\u8f03\u905c\u8272\uff0c\u4f46\u6709\u7a7a\u4e0d\u9632\u53bb\u770b\u770b\u3002"", ""date"": ""2018-12-29"", ""score"": 3, ""commentId"": ""208883608"", ""imgs"": [], ""userNickName"": ""M*0"", ""replyCityName"": """", ""cityName"": """"}], ""score"": 4.7, ""commentCount"": 88}, ""statusCode"": 200}"
观景亭,https://imgs.qunarzz.com/sight/p26/201211/07/6dd8561f12a0e79a93835fbb.jpg_280x200_e6ceb09a.jpg,中山市,中山市,N/A,-1,-1.0,处于闹中取静的观景亭，俯瞰温泉的一景一致，伴有古典乐器的演奏，让舒适在这里得到升华。,https://piao.qunar.com/ticket/detail_4179659716.html?st=a3clM0QlRTQlQjglQUQlRTUlQjElQjElRTUlQjglODIlMjZpZCUzRDE4Mjc2JTI2dHlwZSUzRDAlMjZpZHglM0QxMTclMjZxdCUzRCUyNmFwayUzRDIlMjZzYyUzRFdXVyUyNnVyJTNEJUU0JUI4JUFEJUU1JUIxJUIxJTI2bHIlM0QlRTQlQjglQUQlRTUlQjElQjElMjZmdCUzRCU3QiU3RA%3D%3D#from=mpl_search_suggest,-1.0,N/A,处于闹中取静的观景亭，俯瞰温泉的一景一致，伴有古典乐器的演奏，让舒适在这里得到升华。,暂无,https://imgs.qunarzz.com/sight/p26/201211/07/6dd8561f12a0e79a93835fbb.jpg_710x360_41462d0d.jpg,"{""ret"": true, ""data"": {""tagList"": [{""tagType"": 0, ""tagScore"": 5, ""tagNum"": 0, ""tagName"": ""\u5168\u90e8""}], ""score"": 0.0, ""commentCount"": 0}, ""statusCode"": 200}"
双美桥,https://imgs.qunarzz.com/sight/p0/201302/28/a5695f4c858a02e2c8d65eac.jpg_280x200_37d99f7c.jpg,中山市,中山市,广东省中山市小榄镇北街,-1,-1.0,双美桥位于小榄镇北街，建于明代洪武元年（1368年）。 该桥为单孔石桥，长18.5米，宽3.16米，高4.5米。桥为南北,https://piao.qunar.com/ticket/detail_3156362098.html?st=a3clM0QlRTQlQjglQUQlRTUlQjElQjElRTUlQjglODIlMjZpZCUzRDE1MjAlMjZ0eXBlJTNEMCUyNmlkeCUzRDgzJTI2cXQlM0QlMjZhcGslM0QyJTI2c2MlM0RXV1clMjZ1ciUzRCVFNCVCOCVBRCVFNSVCMSVCMSUyNmxyJTNEJUU0JUI4JUFEJUU1JUIxJUIxJTI2ZnQlM0QlN0IlN0Q%3D#from=mpl_search_suggest,-1.0,N/A,"双美桥位于小榄镇北街，建于明代洪武元年（1368年）。 该桥为单孔石桥，长18.5米，宽3.16米，高4.5米。桥为南北走向，南有8级步级，北有10级步级。东面上方石刻为""康熙伍拾伍年丙申孟冬吉旦岁进士何圣强重修""，下方石刻""双美桥""，上款：“嘉靖岁次辛酉”，下款：“孟秋吉旦重修”。西面石刻为“道光贰拾年岁次庚子十月十一日阖乡重修”。现该桥保存尚好，1990年被公布为中山市文物保护单位。",暂无,https://imgs.qunarzz.com/sight/p0/201302/28/a5695f4c858a02e2c8d65eac.jpg_710x360_b191062a.jpg,"{""ret"": true, ""data"": {""tagList"": [{""tagType"": 0, ""tagScore"": 5, ""tagNum"": 0, ""tagName"": ""\u5168\u90e8""}], ""score"": 0.0, ""commentCount"": 0}, ""statusCode"": 200}"
火炬国际会展中心,https://imgs.qunarzz.com/sight/p0/201301/18/9fc05467b082d92893835fbb.jpg_280x200_2378c8e7.jpg,中山市,中山市,广东省中山市市辖区康乐大道18号,-1,-1.0,中山火炬国际会展中心是中山市的国际会展中心。中山火炬国际会展中心是被认为到2009年1月为止。,https://piao.qunar.com/ticket/detail_2909061458.html?st=a3clM0QlRTQlQjglQUQlRTUlQjElQjElRTUlQjglODIlMjZpZCUzRDE4NjU0OSUyNnR5cGUlM0QwJTI2aWR4JTNEMTE2JTI2cXQlM0QlMjZhcGslM0QyJTI2c2MlM0RXV1clMjZ1ciUzRCVFNCVCOCVBRCVFNSVCMSVCMSUyNmxyJTNEJUU0JUI4JUFEJUU1JUIxJUIxJTI2ZnQlM0QlN0IlN0Q%3D#from=mpl_search_suggest,-1.0,N/A,中山火炬国际会展中心是中山市的国际会展中心。中山火炬国际会展中心是被认为到2009年1月为止。,暂无,https://imgs.qunarzz.com/sight/p0/201301/18/9fc05467b082d92893835fbb.jpg_710x360_27b6e137.jpg,"{""ret"": true, ""data"": {""tagList"": [{""tagType"": 0, ""tagScore"": 5, ""tagNum"": 0, ""tagName"": ""\u5168\u90e8""}], ""score"": 0.0, ""commentCount"": 0}, ""statusCode"": 200}"
杜婆桥,https://imgs.qunarzz.com/sight/p16/201211/06/462b229a3727898993835fbb.jpg_280x200_2a195867.jpg,中山市,中山市,广东省中山市沙溪镇涌边村,-1,-1.0,该桥西南、东北走向，现存主要清代建筑,https://piao.qunar.com/ticket/detail_3062478415.html?st=a3clM0QlRTQlQjglQUQlRTUlQjElQjElRTUlQjglODIlMjZpZCUzRDIyMDElMjZ0eXBlJTNEMCUyNmlkeCUzRDExNSUyNnF0JTNEJTI2YXBrJTNEMiUyNnNjJTNEV1dXJTI2dXIlM0QlRTQlQjglQUQlRTUlQjElQjElMjZsciUzRCVFNCVCOCVBRCVFNSVCMSVCMSUyNmZ0JTNEJTdCJTdE#from=mpl_search_suggest,-1.0,N/A,该桥为三孔石桥，长19.1米，宽2.5米，主桥用5条花岗石条铺成，花岗石桥礅。该桥西南、东北走向，各有7步级。因多次重修，现存结构主要为清代建筑.,暂无,https://imgs.qunarzz.com/sight/p16/201211/06/462b229a3727898993835fbb.jpg_710x360_9f97fbac.jpg,"{""ret"": true, ""data"": {""tagList"": [{""tagType"": 0, ""tagScore"": 5, ""tagNum"": 0, ""tagName"": ""\u5168\u90e8""}], ""score"": 0.0, ""commentCount"": 0}, ""statusCode"": 200}"
童诺迷你世界(中山店),https://qimgs.qunarzz.com/piao_qsight_provider_piao_qsight_web/350c1a00000194pyz755E_C_900_504.jpg_280x200_6692a15c.jpg,中山市,中山市,广东省中山市富华道10号西苑广场电脑城3楼,-1,-1.0,童诺迷你世界占地面积约6000平方米，内有包含消防员、警察、飞行员等50种儿童角色体验场馆。该乐园通过社会角色扮演来提高,https://piao.qunar.com/ticket/detail_2523888596.html?st=a3clM0QlRTQlQjglQUQlRTUlQjElQjElRTUlQjglODIlMjZpZCUzRDUwNTYxNyUyNnR5cGUlM0QwJTI2aWR4JTNEMTE0JTI2cXQlM0QlMjZhcGslM0QyJTI2c2MlM0RXV1clMjZ1ciUzRCVFNCVCOCVBRCVFNSVCMSVCMSUyNmxyJTNEJUU0JUI4JUFEJUU1JUIxJUIxJTI2ZnQlM0QlN0IlN0Q%3D#from=mpl_search_suggest,-1.0,N/A,童诺迷你世界占地面积约6000平方米，内有包含消防员、警察、飞行员等50种儿童角色体验场馆。该乐园通过社会角色扮演来提高孩子对现代社会的认知感，了解社会角色，感受社会生活，寻找梦想的乐园。,1/1-12/31；周一；不开放,https://qimgs.qunarzz.com/piao_qsight_provider_piao_qsight_web/350c1a00000194pyz755E_C_900_504.jpg_710x360_599e8488.jpg〇https://qimgs.qunarzz.com/piao_qsight_provider_piao_qsight_web/350k1a00000196aecE75E_C_900_504_Q90_Mtg_7.jpg_710x360_96c8e1e2.jpg〇https://qimgs.qunarzz.com/piao_qsight_provider_piao_qsight_web/35021a000001996pjA46A_C_900_504_Q90_Mtg_7.jpg_710x360_8b6b14f2.jpg〇https://qimgs.qunarzz.com/piao_qsight_provider_piao_qsight_web/350e1a00000194uuw9E9B_C_900_504_Q90_Mtg_7.jpg_710x360_6f81199a.jpg〇https://qimgs.qunarzz.com/piao_qsight_provider_piao_qsight_web/350j1a00000191lbi9539_C_900_504_Q90_Mtg_7.jpg_710x360_ad7a9589.jpg〇https://qimgs.qunarzz.com/piao_qsight_provider_piao_qsight_web/35031a00000193u1l7B14_C_900_504_Q90_Mtg_7.jpg_710x360_da3f3224.jpg〇https://qimgs.qunarzz.com/piao_qsight_provider_piao_qsight_web/35021a000001995mxC288_C_900_504_Q90_Mtg_7.jpg_710x360_eadf1168.jpg〇https://qimgs.qunarzz.com/piao_qsight_provider_piao_qsight_web/35051a00000194m1zD509_C_900_504_Q90_Mtg_7.jpg_710x360_4bc7885d.jpg〇https://qimgs.qunarzz.com/piao_qsight_provider_piao_qsight_web/35031a00000193u1kEB71_C_900_504_Q90_Mtg_7.jpg_710x360_6e1158bd.jpg〇https://qimgs.qunarzz.com/piao_qsight_provider_piao_qsight_web/35011a0000019f14n90CC_C_900_504_Q90_Mtg_7.jpg_710x360_94f75128.jpg〇https://qimgs.qunarzz.com/piao_qsight_provider_piao_qsight_web/350c1a00000194pyz755E_C_900_504_Q90_Mtg_7.jpg_710x360_4948d7eb.jpg,"{""ret"": true, ""data"": {""tagList"": [{""tagType"": 0, ""tagScore"": 5, ""tagNum"": 0, ""tagName"": ""\u5168\u90e8""}], ""score"": 0.0, ""commentCount"": 0}, ""statusCode"": 200}"
丰本农业科技园,https://imgs.qunarzz.com/sight/p48/201211/03/943bc5a613d968a093835fbb.jpg_280x200_c9385b4f.jpg,中山市,中山市,广东省中山市石岐银通街34号,-1,-1.0,"丰本农业科技园,是中山市新崛起的一家集“旅游、度假、休闲、娱乐、品尝、生产、科普”于一体的亮点景区。
该园位于民众镇“翡",https://piao.qunar.com/ticket/detail_3846570565.html?st=a3clM0QlRTQlQjglQUQlRTUlQjElQjElRTUlQjglODIlMjZpZCUzRDg3NjYlMjZ0eXBlJTNEMCUyNmlkeCUzRDExMyUyNnF0JTNEJTI2YXBrJTNEMiUyNnNjJTNEV1dXJTI2dXIlM0QlRTQlQjglQUQlRTUlQjElQjElMjZsciUzRCVFNCVCOCVBRCVFNSVCMSVCMSUyNmZ0JTNEJTdCJTdE#from=mpl_search_suggest,-1.0,N/A,"丰本农业科技园,是中山市新崛起的一家集“旅游、度假、休闲、娱乐、品尝、生产、科普”于一体的亮点景区。该园位于民众镇“翡翠长廊”大道的左侧。东临珠江入海口，南望中山巷，走京珠高速半小时车程分别可达广州市区和澳门，距深圳1小时车程，距香港60海里，水陆交通极为便利。丰本农业科技园郁郁葱葱、硕果累累，鸟语花香，散发出浓郁的岭南田园气息。科技园从世界各地引进、并培育了五十多种名优佳果、一年四季天天有鲜蔬鲜果，美洲百香果、日本柚子、夏威夷木瓜、美洲火龙果、无 核荔枝、无核黄皮、双季龙眼、台湾红香蕉、台湾青枣、地中海无花果、红光橙、树草莓、芒果、马来西亚杨桃、桑枣、泰国柠檬、枇杷、树菠萝……，应有尽有。园内有各种佳果种植展示园、温棚观赏园、绿茵环游河道、高新灌溉技术展示、科普文化长廊、科技活动室、乡村大舞台、童趣园、农乐园、游乐场、佳果品尝亭，另有丰富的假日休闲场地和项目，采摘佳果、荡舟、骑马、射击、射箭、垂钓、捕鱼、绿荫情侣小径……，科技园还配备田园风味十足的田园餐厅，可供600人同时用餐。丰本农业科技园2001年6月被评为“中山市科普教育基地”，2002年6月被评为“广东省科普教育基地”，是观光学习的理想乐园！",暂无,https://imgs.qunarzz.com/sight/p48/201211/03/943bc5a613d968a093835fbb.jpg_710x360_d155011f.jpg,"{""ret"": true, ""data"": {""tagList"": [{""tagType"": 0, ""tagScore"": 5, ""tagNum"": 0, ""tagName"": ""\u5168\u90e8""}], ""score"": 0.0, ""commentCount"": 0}, ""statusCode"": 200}"
郑观应故居,https://imgs.qunarzz.com/sight/p0/1711/ba/baee173dc96195cca3.water.jpg_280x200_d0740efb.jpg,中山市,中山市,广东中山市区三乡镇雍陌村,-1,-1.0,为硬山式砖木结构，前后两进,https://piao.qunar.com/ticket/detail_2487937631.html?st=a3clM0QlRTQlQjglQUQlRTUlQjElQjElRTUlQjglODIlMjZpZCUzRDE1NDc0JTI2dHlwZSUzRDAlMjZpZHglM0QxMTIlMjZxdCUzRCUyNmFwayUzRDIlMjZzYyUzRFdXVyUyNnVyJTNEJUU0JUI4JUFEJUU1JUIxJUIxJTI2bHIlM0QlRTQlQjglQUQlRTUlQjElQjElMjZmdCUzRCU3QiU3RA%3D%3D#from=mpl_search_suggest,-1.0,N/A,"郑观应故居位于三乡镇雍陌村。建于清光绪二十九年（1903年），坐北向南，为硬山式砖木结构，前后两进，中间天井加盖改为住房，面积约204.5平方米。该故居为郑观应于1903年出资为其父郑启华而建造。现故居门额镶嵌一块长2.35米、宽65厘米的石匾，楷书阴刻：“秀峰家塾”四字，落款：“光绪二十九年孟春立”。有灰雕、墙画。屋内保存有木雕镂空神楼、神台，并雕有人物、花鸟、狮子等，具有中山清代的雕刻艺术特色。屋内还存有：""奉旨出使暹罗查办事件""、""钦命广西分巡左江兵备道""两块木匾（已破损）。该故居现由郑福田代管和居住。现保存良好。 郑观应（1842—1922年），三乡雍陌人。原名官应，字正翔，号陶斋，别名杞忧生、慕雍山人、罗浮侍鹤山人。咸丰八年（1858年）放弃科举，到上海学商。此后二十年左右，先后在英商宝顺洋行、太古轮船公司担任买办，又自已经营贸易，投资轮船公司。光绪六年（1880年）后，先后由李鸿章札委为上海机器织布局总办、轮船招商局帮办、总办、上海电报局总办。早年虽厕身洋行，但关心时政，热心西学，为洋务派出力，而在思想上与洋务派又有分歧。中法战争期间，奉调赴粤会办湘军营务，曾只身深入暹罗与金边、西贡侦探敌情，反对李鸿章在上海议和。因受洋务派排斥和外国公司迫害，在经济和政治上受到打击，便注意研究财务，19世纪80至90年代初逐渐形成维新改良思想。",01/01-12/31；8:00-18:00开园,https://imgs.qunarzz.com/sight/p0/1711/ba/baee173dc96195cca3.water.jpg_710x360_2285fd2d.jpg〇https://qimgs.qunarzz.com/piao_qsight_provider_piao_qsight_web/4243f7bed28b5a37.jpg_710x360_f1501d32.jpg,"{""ret"": true, ""data"": {""tagList"": [{""tagType"": 0, ""tagScore"": 5, ""tagNum"": 0, ""tagName"": ""\u5168\u90e8""}], ""score"": 0.0, ""commentCount"": 0}, ""statusCode"": 200}"
中山港专线车,https://imgs.qunarzz.com/sight/p0/201307/09/fd582fb2aa8b406dc8d65eac.jpg_280x200_6abed2fd.jpg,中山市,中山市,广东省中山市中山港专线车,-1,-1.0,为出行的旅客提供了极大地方便,https://piao.qunar.com/ticket/detail_52156517.html?st=a3clM0QlRTQlQjglQUQlRTUlQjElQjElRTUlQjglODIlMjZpZCUzRDE5MTk2OCUyNnR5cGUlM0QwJTI2aWR4JTNEMTExJTI2cXQlM0QlMjZhcGslM0QyJTI2c2MlM0RXV1clMjZ1ciUzRCVFNCVCOCVBRCVFNSVCMSVCMSUyNmxyJTNEJUU0JUI4JUFEJUU1JUIxJUIxJTI2ZnQlM0QlN0IlN0Q%3D#from=mpl_search_suggest,-1.0,N/A,"中山港客运口岸座落于风景秀丽、繁荣富庶的著名侨乡--广东省中山市火炬高技术产业开发区内，地处横门水道南岸，与香港的水路航程仅49海里。客运口岸面积为28,286平方米，崭新的联检大楼和广场设施先进，环境优美、所处位置交通便利。1984年中山口岸经国务院批准为对外开放的国家一类口岸，1985年2月9日，中港客运联营有限公司正式开业，同日中山--香港客运航线开通首航。中港客运联营有限公司现由中山市岐江集团有限公司和香港珠江客运有限公司联合经营，由珠江船务(股份)有限公司作为香港总代理。公司经营中山至香港水路旅客运输，为各界人士公务、经商、探亲、旅游提供安全、快捷、舒适的交通条件，船上设有小卖部，有各种免税烟酒、精美食品等供旅客选购。公司兼营关前免税商场和珠江承运等业务。",暂无,https://imgs.qunarzz.com/sight/p0/201307/09/fd582fb2aa8b406dc8d65eac.jpg_710x360_8782ef17.jpg,"{""ret"": true, ""data"": {""tagList"": [{""tagType"": 0, ""tagScore"": 5, ""tagNum"": 0, ""tagName"": ""\u5168\u90e8""}], ""score"": 0.0, ""commentCount"": 0}, ""statusCode"": 200}"
古鹤石板路,https://imgs.qunarzz.com/sight/p0/201403/11/5824a70e77f30600c3d286d0468b7edd.jpg_280x200_e2df300c.jpg,中山市,中山市,广东省中山市中山市区三乡镇古鹤村,-1,-1.0,古鹤石板路位于三乡镇古鹤村。横贯古鹤村东西，该石板路始建于清代，民国十一年（1922年）重修，用花岗石条铺成，长约120,https://piao.qunar.com/ticket/detail_2341081839.html?st=a3clM0QlRTQlQjglQUQlRTUlQjElQjElRTUlQjglODIlMjZpZCUzRDE4OTUzNCUyNnR5cGUlM0QwJTI2aWR4JTNEMTEwJTI2cXQlM0QlMjZhcGslM0QyJTI2c2MlM0RXV1clMjZ1ciUzRCVFNCVCOCVBRCVFNSVCMSVCMSUyNmxyJTNEJUU0JUI4JUFEJUU1JUIxJUIxJTI2ZnQlM0QlN0IlN0Q%3D#from=mpl_search_suggest,-1.0,N/A,古鹤石板路位于三乡镇古鹤村。横贯古鹤村东西，该石板路始建于清代，民国十一年（1922年）重修，用花岗石条铺成，长约1200米，宽约2.5米，现两旁均保存有明、清两代古旧民居，是目前我市较完整的石板路。在村口石板路旁坚有四块高1.7米、宽60厘米的花岗石筑路碑记。,暂无,https://imgs.qunarzz.com/sight/p0/201403/11/5824a70e77f30600c3d286d0468b7edd.jpg_710x360_d513450b.jpg,"{""ret"": true, ""data"": {""tagList"": [{""tagType"": 0, ""tagScore"": 5, ""tagNum"": 0, ""tagName"": ""\u5168\u90e8""}], ""score"": 0.0, ""commentCount"": 0}, ""statusCode"": 200}"
泉林山庄樱花谷,https://mp-piao-admincp.qunarzz.com/mp_piao_admin_mp_piao_admin/admin/20217/30d54820c6727b9958d585769ab3c5c2.png_280x200_7ef61cce.png,中山市,中山市,广东省中山市三乡镇南龙村的泉林山庄樱花谷,-1,-1.0,N/A,https://piao.qunar.com/ticket/detail_3048490985.html?st=a3clM0QlRTQlQjglQUQlRTUlQjElQjElRTUlQjglODIlMjZpZCUzRDUyNDI2MCUyNnR5cGUlM0QwJTI2aWR4JTNEMTA5JTI2cXQlM0QlMjZhcGslM0QyJTI2c2MlM0RXV1clMjZ1ciUzRCVFNCVCOCVBRCVFNSVCMSVCMSUyNmxyJTNEJUU0JUI4JUFEJUU1JUIxJUIxJTI2ZnQlM0QlN0IlN0Q%3D#from=mpl_search_suggest,-1.0,N/A,N/A,暂无,https://mp-piao-admincp.qunarzz.com/mp_piao_admin_mp_piao_admin/admin/20217/30d54820c6727b9958d585769ab3c5c2.png_710x360_c2302e12.png,"{""ret"": true, ""data"": {""tagList"": [{""tagType"": 0, ""tagScore"": 5, ""tagNum"": 0, ""tagName"": ""\u5168\u90e8""}], ""score"": 0.0, ""commentCount"": 0}, ""statusCode"": 200}"
中山蝴蝶馆,https://imgs.qunarzz.com/sight/p59/201211/07/3f448941a845443593835fbb.jpg_280x200_41ee5ef8.jpg,中山市,中山市,广东省中山市沙朗金港大道金沙新城汇展中心三楼,-1,-1.0,定址于中山市沙朗金港大道金沙新城汇展中心三楼，展览馆面积2000余平方米、昆虫展览馆。体长245毫米，比书记载的180毫,https://piao.qunar.com/ticket/detail_4068354146.html?st=a3clM0QlRTQlQjglQUQlRTUlQjElQjElRTUlQjglODIlMjZpZCUzRDI3ODAlMjZ0eXBlJTNEMCUyNmlkeCUzRDEwOCUyNnF0JTNEJTI2YXBrJTNEMiUyNnNjJTNEV1dXJTI2dXIlM0QlRTQlQjglQUQlRTUlQjElQjElMjZsciUzRCVFNCVCOCVBRCVFNSVCMSVCMSUyNmZ0JTNEJTdCJTdE#from=mpl_search_suggest,-1.0,N/A,"定址于中山市沙朗金港大道金沙新城汇展中心三楼，展览馆面积2000余平方米、昆虫展览馆。体长245毫米，比书记载的180毫米还长65毫米；世界上罕见有翅膀的竹节虫，体长163毫米”记载还大的老爷蚊，展翅体长120毫米；新几内亚岛蝴蝶，展翅192毫米。以及珍贵品种“金裳凤蝶”、“中华虎凤蝶”、“中华枯叶蝶”特异昆虫“象鼻蝉(龙眼鸡)，有触角的蜻蜓等一百多种珍稀昆虫。现时展览了的中国蝴蝶标本600多种，占“中国蝴蝶志”记载的50%以上，以及展出外国蝴蝶、步甲虫、蛾等共1000多个品种，馆藏20000多号。为提高科普教育层次，特展出农业害虫近百种，并准备专版展出中山蝴蝶。展馆将通过交换购藏等方式增加更多的蝴蝶品种,丰富馆藏。另外，展馆还展出中国稀有蝶翅艺术画，这些画出自武汉著名蝴蝶采集家，收藏家刘敬槐先生花了十多年心血和三万只蝴蝶亲手创作而成，为中山蝴蝶馆锦上添花。",暂无,https://imgs.qunarzz.com/sight/p59/201211/07/3f448941a845443593835fbb.jpg_710x360_8dc28bab.jpg,"{""ret"": true, ""data"": {""tagList"": [{""tagType"": 0, ""tagScore"": 5, ""tagNum"": 0, ""tagName"": ""\u5168\u90e8""}], ""score"": 0.0, ""commentCount"": 0}, ""statusCode"": 200}"
鸦岗苑阁,https://imgs.qunarzz.com/sight/p0/201403/07/18487c7ca909b0141cd59451fcd26b5b.jpg_280x200_b7f5c769.jpg,中山市,中山市,广东省中山市区三乡鸦岗村,-1,-1.0,始建于道光年间，古朴典雅,https://piao.qunar.com/ticket/detail_644018991.html?st=a3clM0QlRTQlQjglQUQlRTUlQjElQjElRTUlQjglODIlMjZpZCUzRDM0MjklMjZ0eXBlJTNEMCUyNmlkeCUzRDEwNyUyNnF0JTNEJTI2YXBrJTNEMiUyNnNjJTNEV1dXJTI2dXIlM0QlRTQlQjglQUQlRTUlQjElQjElMjZsciUzRCVFNCVCOCVBRCVFNSVCMSVCMSUyNmZ0JTNEJTdCJTdE#from=mpl_search_suggest,-1.0,N/A,"又称聚星阁。位于三乡鸦岗村，始建于道光乙已年（1845年），清咸丰五年（1855年）和同治元年（1862年）重修，阁前置有同治元年(1862年)加建的四角亭一个。阁通高17.8米，一至四楼每楼面积4平方米，五楼2.5平方米，一层为""文武殿""设有道光二十五年（1845年）铁钟一座，咸丰五年（1855年）坤甸木刻镂孔浮雕神台一张；二层为""观音殿""；三层为""财帛殿""；四、五层为观光用。阁前四角亭内摆设有光绪二十五年（1845年）和民国26年（1937年）的汉白玉石香炉各一个。该阁占地面积约2500平方米，现周边辟作公园。四角亭有石刻对联：""文星高耀普照士林甲第科联共沐帝恩浩荡""，""武德威宣肃清岭海民康物阜咸沾圣泽汪洋""。",暂无,https://imgs.qunarzz.com/sight/p0/201403/07/18487c7ca909b0141cd59451fcd26b5b.jpg_710x360_a3a748d4.jpg,"{""ret"": true, ""data"": {""tagList"": [{""tagType"": 0, ""tagScore"": 5, ""tagNum"": 0, ""tagName"": ""\u5168\u90e8""}], ""score"": 0.0, ""commentCount"": 0}, ""statusCode"": 200}"
中国灯都盆景园,https://qimgs.qunarzz.com/piao_qsight_provider_piao_qsight_web/0105j12000cjj6r2hB956_C_900_504.png_280x200_c751f111.png,中山市,中山市,中山市古镇镇南方绿博园中心路1号,-1,-1.0,中国灯都盆景园园区占地200多亩，包含盆景交易中心、盆景拍卖中心、盆景科教中心、盆景展览中心以及盆景博物馆5大片区，是一,https://piao.qunar.com/ticket/detail_3313549118.html?st=a3clM0QlRTQlQjglQUQlRTUlQjElQjElRTUlQjglODIlMjZpZCUzRDUxMzc1MyUyNnR5cGUlM0QwJTI2aWR4JTNENzQlMjZxdCUzRCUyNmFwayUzRDIlMjZzYyUzRFdXVyUyNnVyJTNEJUU0JUI4JUFEJUU1JUIxJUIxJTI2bHIlM0QlRTQlQjglQUQlRTUlQjElQjElMjZmdCUzRCU3QiU3RA%3D%3D#from=mpl_search_suggest,-1.0,N/A,中国灯都盆景园园区占地200多亩，包含盆景交易中心、盆景拍卖中心、盆景科教中心、盆景展览中心以及盆景博物馆5大片区，是一个集盆景展示交易、科普教育和生态休闲为一体的好去处。,1/1-12/31；周一至周日；08:00-18:00开园,https://qimgs.qunarzz.com/piao_qsight_provider_piao_qsight_web/0105j12000cjj6r2hB956_C_900_504.png_710x360_8a05edbd.png,"{""ret"": true, ""data"": {""tagList"": [{""tagType"": 0, ""tagScore"": 5, ""tagNum"": 0, ""tagName"": ""\u5168\u90e8""}], ""score"": 0.0, ""commentCount"": 0}, ""statusCode"": 200}"
有戏世界沉浸式互动影城,https://qimgs.qunarzz.com/piao_qsight_provider_piao_qsight_web/01066120009tzhlkb189C_C_900_504.jpg_280x200_7deb2dfd.jpg,中山市,中山市,翠亨大道45号孙中山故里旅游区,-1,-1.0,"位于中山市南朗街道中山影视城内的有戏世界沉浸式互动影城即日起正式对外开放,该项目由广东声屏传媒股份有限公司携手深圳市思考",https://piao.qunar.com/ticket/detail_844772200.html?st=a3clM0QlRTQlQjglQUQlRTUlQjElQjElRTUlQjglODIlMjZpZCUzRDUxODI1OCUyNnR5cGUlM0QwJTI2aWR4JTNENzMlMjZxdCUzRCUyNmFwayUzRDIlMjZzYyUzRFdXVyUyNnVyJTNEJUU0JUI4JUFEJUU1JUIxJUIxJTI2bHIlM0QlRTQlQjglQUQlRTUlQjElQjElMjZmdCUzRCU3QiU3RA%3D%3D#from=mpl_search_suggest,-1.0,N/A,"位于中山市南朗街道中山影视城内的有戏世界沉浸式互动影城即日起正式对外开放,该项目由广东声屏传媒股份有限公司携手深圳市思考力文化传播有限公司共同打造，依托国家5A级旅游景区的多彩文化场景、宏大实景构建及完备游乐设施，由浅入深打造集文化体验、休闲度假、主题娱乐等丰富业态于一体的“元宇宙”沉浸式乐园。",1/1-12/31；周二至周日；14:00-19:00开园,https://qimgs.qunarzz.com/piao_qsight_provider_piao_qsight_web/01066120009tzhlkb189C_C_900_504.jpg_710x360_10b238d2.jpg〇https://qimgs.qunarzz.com/piao_qsight_provider_piao_qsight_web/0105i120009nd2zie5E1E_C_900_504_Q90_Mtg_7.jpg_710x360_17309cf4.jpg〇https://qimgs.qunarzz.com/piao_qsight_provider_piao_qsight_web/0106k120009tzhc15D04A_C_900_504_Q90_Mtg_7.jpg_710x360_bb5cfb30.jpg〇https://qimgs.qunarzz.com/piao_qsight_provider_piao_qsight_web/0100o120009tzhkd878F4_C_900_504_Q90_Mtg_7.jpg_710x360_5955d159.jpg〇https://qimgs.qunarzz.com/piao_qsight_provider_piao_qsight_web/0102d120009tzh92z9B49_C_900_504_Q90_Mtg_7.jpg_710x360_2d51536e.jpg〇https://qimgs.qunarzz.com/piao_qsight_provider_piao_qsight_web/0106g12000a5cmavk5D10_C_900_504_Q90_Mtg_7.jpg_710x360_85559ee6.jpg〇https://qimgs.qunarzz.com/piao_qsight_provider_piao_qsight_web/0102w120009tzhl2cC6BE_C_900_504_Q90_Mtg_7.jpg_710x360_bcdda748.jpg〇https://qimgs.qunarzz.com/piao_qsight_provider_piao_qsight_web/01046120009tzhax6E3EB_C_900_504_Q90_Mtg_7.jpg_710x360_8e440b61.jpg〇https://qimgs.qunarzz.com/piao_qsight_provider_piao_qsight_web/01066120009tzhlkb189C_C_900_504_Q90_Mtg_7.jpg_710x360_ca34447e.jpg,"{""ret"": true, ""data"": {""tagList"": [{""tagType"": 0, ""tagScore"": 5, ""tagNum"": 0, ""tagName"": ""\u5168\u90e8""}], ""score"": 0.0, ""commentCount"": 0}, ""statusCode"": 200}"
大象东方(悦盈新城店),https://qimgs.qunarzz.com/piao_qsight_provider_piao_qsight_web/100f0k000000bdmcyE6AA_C_900_504.jpg_280x200_a9514ede.jpg,中山市,中山市,广东省中山市永安一路9号,-1,-1.0,N/A,https://piao.qunar.com/ticket/detail_1776228875.html?st=a3clM0QlRTQlQjglQUQlRTUlQjElQjElRTUlQjglODIlMjZpZCUzRDQ3MjEzNCUyNnR5cGUlM0QwJTI2aWR4JTNENzIlMjZxdCUzRCUyNmFwayUzRDIlMjZzYyUzRFdXVyUyNnVyJTNEJUU0JUI4JUFEJUU1JUIxJUIxJTI2bHIlM0QlRTQlQjglQUQlRTUlQjElQjElMjZmdCUzRCU3QiU3RA%3D%3D#from=mpl_search_suggest,-1.0,N/A,N/A,具体营业状态以当天开放情况为准,https://qimgs.qunarzz.com/piao_qsight_provider_piao_qsight_web/100f0k000000bdmcyE6AA_C_900_504.jpg_710x360_fc5e722c.jpg〇https://qimgs.qunarzz.com/piao_qsight_provider_piao_qsight_web/100d0q000000ga2b0D5FC_C_900_504_Q90_Mtg_7.jpg_710x360_556a4b3d.jpg〇https://qimgs.qunarzz.com/piao_qsight_provider_piao_qsight_web/10030q000000gdb74B885_C_900_504_Q90_Mtg_7.jpg_710x360_19d2f36a.jpg〇https://qimgs.qunarzz.com/piao_qsight_provider_piao_qsight_web/10060r000000hd1w3CEC8_C_900_504_Q90_Mtg_7.jpg_710x360_5884d01e.jpg〇https://qimgs.qunarzz.com/piao_qsight_provider_piao_qsight_web/100p0q000000ga2y73AAE_C_900_504_Q90_Mtg_7.jpg_710x360_42cff566.jpg〇https://qimgs.qunarzz.com/piao_qsight_provider_piao_qsight_web/100u0r000000hcp6h1000_C_900_504_Q90_Mtg_7.jpg_710x360_de0c52cc.jpg〇https://qimgs.qunarzz.com/piao_qsight_provider_piao_qsight_web/100l0r000000hcvk82ECD_C_900_504_Q90_Mtg_7.jpg_710x360_e95cf704.jpg〇https://qimgs.qunarzz.com/piao_qsight_provider_piao_qsight_web/100e0r000000hff83A7D1_C_900_504_Q90_Mtg_7.jpg_710x360_4fe7fb6c.jpg〇https://qimgs.qunarzz.com/piao_qsight_provider_piao_qsight_web/100c0k000000bg2f586E3_C_900_504_Q90_Mtg_7.jpg_710x360_c2858f4c.jpg〇https://qimgs.qunarzz.com/piao_qsight_provider_piao_qsight_web/100f1f000001gqc6c4E46_C_900_504_Q90_Mtg_7.jpg_710x360_58730600.jpg〇https://qimgs.qunarzz.com/piao_qsight_provider_piao_qsight_web/100f0k000000bdmcyE6AA_C_900_504_Q90_Mtg_7.jpg_710x360_f1638281.jpg,"{""ret"": true, ""data"": {""tagList"": [{""tagType"": 0, ""tagScore"": 5, ""tagNum"": 0, ""tagName"": ""\u5168\u90e8""}], ""score"": 0.0, ""commentCount"": 0}, ""statusCode"": 200}"
中山奇遇时光乐园,https://qimgs.qunarzz.com/piao_qsight_provider_piao_qsight_web/1lo0a12000h9ce7utCDA4_C_900_504.jpg_280x200_b1db5237.jpg,中山市,中山市,中山市石岐街道岐港路奇遇时光乐园,-1,-1.0,N/A,https://piao.qunar.com/ticket/detail_1816050408.html?st=a3clM0QlRTQlQjglQUQlRTUlQjElQjElRTUlQjglODIlMjZpZCUzRDU0MDM4OSUyNnR5cGUlM0QwJTI2aWR4JTNENzElMjZxdCUzRCUyNmFwayUzRDIlMjZzYyUzRFdXVyUyNnVyJTNEJUU0JUI4JUFEJUU1JUIxJUIxJTI2bHIlM0QlRTQlQjglQUQlRTUlQjElQjElMjZmdCUzRCU3QiU3RA%3D%3D#from=mpl_search_suggest,-1.0,N/A,N/A,1/1-12/31；周一至周日；10:00-21:00开园,https://qimgs.qunarzz.com/piao_qsight_provider_piao_qsight_web/1lo0a12000h9ce7utCDA4_C_900_504.jpg_710x360_41e1272c.jpg〇https://qimgs.qunarzz.com/piao_qsight_provider_piao_qsight_web/1lo1612000h8q1fzbCEF2_C_900_504_Q90_Mtg_7.jpg_710x360_f8264471.jpg〇https://qimgs.qunarzz.com/piao_qsight_provider_piao_qsight_web/1lo6t12000h8pudfv28B7_C_900_504_Q90_Mtg_7.jpg_710x360_f8e42b53.jpg〇https://qimgs.qunarzz.com/piao_qsight_provider_piao_qsight_web/1lo0112000h8pl65a6162_C_900_504_Q90_Mtg_7.jpg_710x360_3a4d5656.jpg〇https://qimgs.qunarzz.com/piao_qsight_provider_piao_qsight_web/1lo6d12000h8pi0irAE5B_C_900_504_Q90_Mtg_7.jpg_710x360_eb2b76f0.jpg〇https://qimgs.qunarzz.com/piao_qsight_provider_piao_qsight_web/1lo2312000h8q1fzu000F_C_900_504_Q90_Mtg_7.jpg_710x360_c1cd6015.jpg〇https://qimgs.qunarzz.com/piao_qsight_provider_piao_qsight_web/1lo1612000h8pns871E42_C_900_504_Q90_Mtg_7.jpg_710x360_0302995c.jpg〇https://qimgs.qunarzz.com/piao_qsight_provider_piao_qsight_web/1lo6b12000h8pnuzbB770_C_900_504_Q90_Mtg_7.jpg_710x360_dfc2dd59.jpg〇https://qimgs.qunarzz.com/piao_qsight_provider_piao_qsight_web/1lo2312000h8phlur62EB_C_900_504_Q90_Mtg_7.jpg_710x360_35fb149e.jpg〇https://qimgs.qunarzz.com/piao_qsight_provider_piao_qsight_web/1lo2912000h8psb144430_C_900_504_Q90_Mtg_7.jpg_710x360_4be35599.jpg〇https://qimgs.qunarzz.com/piao_qsight_provider_piao_qsight_web/1lo0a12000h9ce7utCDA4_C_900_504_Q90_Mtg_7.jpg_710x360_131e5bc1.jpg,"{""ret"": true, ""data"": {""tagList"": [{""tagType"": 0, ""tagScore"": 5, ""tagNum"": 0, ""tagName"": ""\u5168\u90e8""}], ""score"": 0.0, ""commentCount"": 0}, ""statusCode"": 200}"
梦幻星空馆,https://qimgs.qunarzz.com/piao_qsight_provider_piao_qsight_web/temp5971642282010547639350r180000013okrx5660_wmr.jpg_280x200_c0d1615a.jpg,中山市,中山市,广东省中山市西区街道凤鸣路兴中广场C座5楼,-1,-1.0,N/A,https://piao.qunar.com/ticket/detail_277794591.html?st=a3clM0QlRTQlQjglQUQlRTUlQjElQjElRTUlQjglODIlMjZpZCUzRDUxMDAyNSUyNnR5cGUlM0QwJTI2aWR4JTNENzAlMjZxdCUzRCUyNmFwayUzRDIlMjZzYyUzRFdXVyUyNnVyJTNEJUU0JUI4JUFEJUU1JUIxJUIxJTI2bHIlM0QlRTQlQjglQUQlRTUlQjElQjElMjZmdCUzRCU3QiU3RA%3D%3D#from=mpl_search_suggest,-1.0,N/A,N/A,1/1-12/31；周六至周日；15:00-22:00开园；（21:30停止入园）,https://qimgs.qunarzz.com/piao_qsight_provider_piao_qsight_web/temp5971642282010547639350r180000013okrx5660_wmr.jpg_710x360_077ac778.jpg,"{""ret"": true, ""data"": {""tagList"": [{""tagType"": 0, ""tagScore"": 5, ""tagNum"": 0, ""tagName"": ""\u5168\u90e8""}], ""score"": 0.0, ""commentCount"": 0}, ""statusCode"": 200}"
祥农洲高新农业园,https://qimgs.qunarzz.com/piao_qsight_provider_piao_qsight_web/100e14000000wf80k9BAA_C_900_504.jpg_280x200_94ad74ce.jpg,中山市,中山市,中山市隆平路与沙古公路交叉路口往北约200米,-1,-1.0,古代园林的建筑风格,https://piao.qunar.com/ticket/detail_3200088571.html?st=a3clM0QlRTQlQjglQUQlRTUlQjElQjElRTUlQjglODIlMjZpZCUzRDUwOTc1MyUyNnR5cGUlM0QwJTI2aWR4JTNENjklMjZxdCUzRCUyNmFwayUzRDIlMjZzYyUzRFdXVyUyNnVyJTNEJUU0JUI4JUFEJUU1JUIxJUIxJTI2bHIlM0QlRTQlQjglQUQlRTUlQjElQjElMjZmdCUzRCU3QiU3RA%3D%3D#from=mpl_search_suggest,-1.0,N/A,祥农洲农业高新科技园区内有湿地公园、桃花岛、沉香岛、葵花岛等等，古代园林的建筑风格，随处可见的小岛和池塘。是亲子游、闺蜜游佳选。,1/1-12/31；周一至周日；09:00-18:00开园,https://qimgs.qunarzz.com/piao_qsight_provider_piao_qsight_web/100e14000000wf80k9BAA_C_900_504.jpg_710x360_80125cc9.jpg〇https://qimgs.qunarzz.com/piao_qsight_provider_piao_qsight_web/0100x1200084119jj4ACF_C_900_504_Q90_Mtg_7.png_710x360_a9a0f163.png〇https://qimgs.qunarzz.com/piao_qsight_provider_piao_qsight_web/010011200084118co9A68_C_900_504_Q90_Mtg_7.png_710x360_8bf2ddbe.png〇https://qimgs.qunarzz.com/piao_qsight_provider_piao_qsight_web/0101t12000841184n1336_C_900_504_Q90_Mtg_7.png_710x360_570f5504.png〇https://qimgs.qunarzz.com/piao_qsight_provider_piao_qsight_web/010691200084119jh8F2E_C_900_504_Q90_Mtg_7.jpg_710x360_fd0552c8.jpg〇https://qimgs.qunarzz.com/piao_qsight_provider_piao_qsight_web/100j14000000wbzjp9470_C_900_504_Q90_Mtg_7.jpg_710x360_876a1140.jpg〇https://qimgs.qunarzz.com/piao_qsight_provider_piao_qsight_web/0101t120008411c314855_C_900_504_Q90_Mtg_7.png_710x360_e98b069a.png〇https://qimgs.qunarzz.com/piao_qsight_provider_piao_qsight_web/0103l1200084119je0877_C_900_504_Q90_Mtg_7.png_710x360_67aa2b8c.png〇https://qimgs.qunarzz.com/piao_qsight_provider_piao_qsight_web/0103l120008411b2i68F1_C_900_504_Q90_Mtg_7.png_710x360_adbca3b8.png〇https://qimgs.qunarzz.com/piao_qsight_provider_piao_qsight_web/100914000000wevjjB6DC_C_900_504_Q90_Mtg_7.jpg_710x360_c67affbc.jpg〇https://qimgs.qunarzz.com/piao_qsight_provider_piao_qsight_web/100e14000000wf80k9BAA_C_900_504_Q90_Mtg_7.jpg_710x360_d4a65948.jpg,"{""ret"": true, ""data"": {""tagList"": [{""tagType"": 0, ""tagScore"": 5, ""tagNum"": 0, ""tagName"": ""\u5168\u90e8""}], ""score"": 0.0, ""commentCount"": 0}, ""statusCode"": 200}"
古镇文化公园,https://imgs.qunarzz.com/sight/p0/201403/10/7935897a352c131c12bb035d8c61edc3.jpg_280x200_dc2106a0.jpg,中山市,中山市,广东省中山市中山市区东兴中路5号,-1,-1.0,古镇文化公园位于广东省中山市市辖区古镇派出所斜对面 ，全天候开放的生活休闲场所。,https://piao.qunar.com/ticket/detail_588681364.html?st=a3clM0QlRTQlQjglQUQlRTUlQjElQjElRTUlQjglODIlMjZpZCUzRDE4NjUzNSUyNnR5cGUlM0QwJTI2aWR4JTNENjglMjZxdCUzRCUyNmFwayUzRDIlMjZzYyUzRFdXVyUyNnVyJTNEJUU0JUI4JUFEJUU1JUIxJUIxJTI2bHIlM0QlRTQlQjglQUQlRTUlQjElQjElMjZmdCUzRCU3QiU3RA%3D%3D#from=mpl_search_suggest,-1.0,N/A,古镇文化公园位于广东省中山市市辖区古镇派出所斜对面 ，全天候开放的生活休闲场所。,暂无,https://imgs.qunarzz.com/sight/p0/201403/10/7935897a352c131c12bb035d8c61edc3.jpg_710x360_6284a743.jpg,"{""ret"": true, ""data"": {""tagList"": [{""tagType"": 0, ""tagScore"": 5, ""tagNum"": 0, ""tagName"": ""\u5168\u90e8""}], ""score"": 0.0, ""commentCount"": 0}, ""statusCode"": 200}"
欣圃生态农场,https://qimgs.qunarzz.com/piao_qsight_provider_piao_qsight_web/0103m120008jb44d1ACA1_C_900_504.jpg_280x200_62fcda38.jpg,中山市,中山市,广东省中山市黄圃镇横档村原三村四队禾丰围,-1,-1.0,N/A,https://piao.qunar.com/ticket/detail_470558744.html?st=a3clM0QlRTQlQjglQUQlRTUlQjElQjElRTUlQjglODIlMjZpZCUzRDUyODQzOSUyNnR5cGUlM0QwJTI2aWR4JTNENjclMjZxdCUzRCUyNmFwayUzRDIlMjZzYyUzRFdXVyUyNnVyJTNEJUU0JUI4JUFEJUU1JUIxJUIxJTI2bHIlM0QlRTQlQjglQUQlRTUlQjElQjElMjZmdCUzRCU3QiU3RA%3D%3D#from=mpl_search_suggest,-1.0,N/A,N/A,具体营业状态以当天开放情况为准,https://qimgs.qunarzz.com/piao_qsight_provider_piao_qsight_web/0103m120008jb44d1ACA1_C_900_504.jpg_710x360_6f6de74a.jpg〇https://qimgs.qunarzz.com/piao_qsight_provider_piao_qsight_web/0103m120008jb44d1ACA1_C_900_504_Q90_Mtg_7.jpg_710x360_985ac966.jpg,"{""ret"": true, ""data"": {""tagList"": [{""tagType"": 0, ""tagScore"": 5, ""tagNum"": 0, ""tagName"": ""\u5168\u90e8""}], ""score"": 0.0, ""commentCount"": 0}, ""statusCode"": 200}"
广丰村水乡游,https://imgs.qunarzz.com/sight/p78/201211/02/7c41757e95967e4e93835fbb.jpg_280x200_be9be356.jpg,中山市,中山市,广东省中山市沙朗镇广丰村水乡游,1,3.0,"欣赏水乡,漫步橙园，自由采摘",https://piao.qunar.com/ticket/detail_2775242589.html?st=a3clM0QlRTQlQjglQUQlRTUlQjElQjElRTUlQjglODIlMjZpZCUzRDU5MzMlMjZ0eXBlJTNEMCUyNmlkeCUzRDY2JTI2cXQlM0QlMjZhcGslM0QyJTI2c2MlM0RXV1clMjZ1ciUzRCVFNCVCOCVBRCVFNSVCMSVCMSUyNmxyJTNEJUU0JUI4JUFEJUU1JUIxJUIxJTI2ZnQlM0QlN0IlN0Q%3D#from=mpl_search_suggest,-1.0,N/A,水乡旅游点位于城区之北三公里的广丰村。这里一派水乡田野气息。该游点的特色是提供游乐品尝服务。项目有：自由划，欣赏水乡；漫步橙园，自由采摘；提供鱼具，水塘垂钓，如果有兴趣还可到附近的餐厅下锅品尝自己钓到的鱼；品尝这里种植的鲜茉莉花茶，甘香之味，沁人肺俯；提供栽植园地，游客可亲手种植自己喜爱的果树花木，挂牌留念，来年再来收成；还可参观农舍，了解风土人情。 人称广丰水乡游为新的“桃花源”。,暂无,https://imgs.qunarzz.com/sight/p78/201211/02/7c41757e95967e4e93835fbb.jpg_710x360_fab69d71.jpg〇https://qimgs.qunarzz.com/piao_qsight_provider_piao_qsight_web/66b5a80b750f88.jpg_710x360_7e2d414c.jpg〇https://qimgs.qunarzz.com/piao_qsight_provider_piao_qsight_web/f57bcd178dbaed.jpg_710x360_c34653ba.jpg〇https://qimgs.qunarzz.com/piao_qsight_provider_piao_qsight_web/e1b1a4cf15886a.jpg_710x360_b7b45c1d.jpg,"{""ret"": true, ""data"": {""tagList"": [{""tagType"": 2, ""tagScore"": 5, ""tagNum"": 1, ""tagName"": ""\u4e2d\u8bc4""}, {""tagType"": 0, ""tagScore"": 5, ""tagNum"": 1, ""tagName"": ""\u5168\u90e8""}], ""commentList"": [{""author"": ""\u851a*\u601d"", ""content"": ""\u6625\u5929\u6765\u4e86 \u82b1\u513f\u5f88\u7f8e \uff0c\u5f88\u559c\u6b22\u8fd9\u6837\u4eab\u53d7\u5927\u81ea\u7136\u7684\u6e05\u65b0"", ""date"": ""2015-03-28"", ""score"": 3, ""commentId"": ""38200323"", ""imgs"": [{""small"": ""https://imgs.qunarzz.com/piao/fusion/1503/91/e1b1a4cf15886a.jpg_120x120_1311a874.jpg"", ""title"": """", ""big"": ""https://imgs.qunarzz.com/piao/fusion/1503/91/e1b1a4cf15886a.jpg""}, {""small"": ""https://imgs.qunarzz.com/piao/fusion/1503/6e/f57bcd178dbaed.jpg_120x120_3975ac66.jpg"", ""title"": """", ""big"": ""https://imgs.qunarzz.com/piao/fusion/1503/6e/f57bcd178dbaed.jpg""}, {""small"": ""https://imgs.qunarzz.com/piao/fusion/1503/7b/66b5a80b750f88.jpg_120x120_6b8707fb.jpg"", ""title"": """", ""big"": ""https://imgs.qunarzz.com/piao/fusion/1503/7b/66b5a80b750f88.jpg""}], ""userNickName"": ""\u851a*\u601d"", ""replyCityName"": """", ""cityName"": """"}], ""score"": 3.0, ""commentCount"": 1}, ""statusCode"": 200}"
新月城,https://imgs.qunarzz.com/sight/p0/201301/22/6359a2256380303fc8d65eac.jpg_280x200_e8c5a4bb.jpg,中山市,中山市,广东省中山市区近郊南区城南六路4号,2,3.0,给孩子一个独立日，让孩子尝尝做大人的滋味,https://piao.qunar.com/ticket/detail_3047262410.html?st=a3clM0QlRTQlQjglQUQlRTUlQjElQjElRTUlQjglODIlMjZpZCUzRDE4NzE0NSUyNnR5cGUlM0QwJTI2aWR4JTNENjUlMjZxdCUzRCUyNmFwayUzRDIlMjZzYyUzRFdXVyUyNnVyJTNEJUU0JUI4JUFEJUU1JUIxJUIxJTI2bHIlM0QlRTQlQjglQUQlRTUlQjElQjElMjZmdCUzRCU3QiU3RA%3D%3D#from=mpl_search_suggest,-1.0,N/A,新月城位于中山詹园旁，于2012年6月1日隆重开业！新月城是以“少儿体验教育”为特色的体验教育基地，占地达6000多平方米，在国际。新月城有60多个体验馆、上百种职业，让3—15岁儿童可以体验各种职业，通过模拟和体验成人的职业和角色，来了解、接触真实的世界，并从中感受工作乐趣。新月城并非孤立地从事各项工作的内容，而是将密切相关的工作联缀成为一个整体。比如，新月城的生活安全应急体验：火情发生时，消防员及时受理火灾报警，配备专业的消防车和灭火设备，奔赴火灾现场！险情发生时，急救员马上赶往急救现场，及时为伤员和包扎伤口，诊断伤情，酌情进行医疗处理。同时，电视台记者也随后赶到。馆内每种体验项目都有相应的设备、服装、道具，小朋友在这里就像是大人在现实世界里的生活一样，通过参与体验工作赚取一定的报酬，获得的报酬还可以在场馆里购物、娱乐。新月城开展了“六个一”工程，即寻找一种职业，扮演一个角色，获得一种认知，体会一种感受，养成一种品质，掌握一种能力。这一工程有助于孩子的素质培养，能帮助孩子树立正确的价值观和人生观，培养孩子一生受益的关键能力。体验过这种生活的孩子，集体荣誉感大大增强，各种能力得到锻炼，参与意识得到提高，能以主人翁的姿态投入到学习中去。新月城借鉴日本和台湾同类场馆的成*经验，并融入动漫元素，为少儿的教育和娱乐提供了绝佳的新场所，让孩子健康快乐成长。这里有先进科学的体验理念，美丽浪漫的欧式场馆，精彩好玩的体验活动，精巧可口的特色餐点，惊险刺激的探险活动。它以培养实践能力和创新精神为重点，关注孩子的兴趣特长，用新颖的主题和生动的形式，吸引孩子主动体验，帮助孩子能获取未来社会的生存能力。探索全新的教育、商业、旅游模式，通过体验+教育——寓教于乐的体验式教育模式，以寓教于乐的形式，让孩子在“体验教育基地”当家作主，健康成长，也借此为中国的少儿教育事业、文化产业、动漫产业和旅游事业尽一份绵薄之力！,01/01-12/31；10:00-15:00开园,https://imgs.qunarzz.com/sight/p0/201301/22/6359a2256380303fc8d65eac.jpg_710x360_49a87aa0.jpg,"{""ret"": true, ""data"": {""tagList"": [{""tagType"": 32, ""tagScore"": 5, ""tagNum"": 1, ""tagName"": ""\u670d\u52a1\u597d""}, {""tagType"": 16, ""tagScore"": 5, ""tagNum"": 1, ""tagName"": ""\u9760\u8c31""}, {""tagType"": 8, ""tagScore"": 5, ""tagNum"": 1, ""tagName"": ""\u4fbf\u5b9c""}, {""tagType"": 4, ""tagScore"": 5, ""tagNum"": 1, ""tagName"": ""\u53d6\u7968\u65b9\u4fbf""}, {""tagType"": 3, ""tagScore"": 5, ""tagNum"": 1, ""tagName"": ""\u5dee\u8bc4""}, {""tagType"": 1, ""tagScore"": 5, ""tagNum"": 1, ""tagName"": ""\u597d\u8bc4""}, {""tagType"": 0, ""tagScore"": 5, ""tagNum"": 2, ""tagName"": ""\u5168\u90e8""}], ""commentList"": [{""author"": ""e*8"", ""content"": ""\u4e0d\u9519\u7684\u4e00\u6b21\u4f53\u9a8c\uff0c\u4e0b\u6b21\u8fd8\u53bb\u54ea\u513f\u7f51\u8ba2\u7968\uff0c\u53d6\u7968\u65b9\u4fbf\uff0c\u6bd4\u7a97\u53e3\u4fbf\u5b9c\u597d\u591a\uff0c\u552e\u540e\u670d\u52a1\u8d85\u8d5e"", ""date"": ""2015-02-02"", ""score"": 5, ""commentId"": ""30824636"", ""imgs"": [{""small"": ""https://imgs.qunarzz.com/piao/fusion/1502/90/890f0643884111.jpg_120x120_7ced7b08.jpg"", ""title"": """", ""big"": ""https://imgs.qunarzz.com/piao/fusion/1502/90/890f0643884111.jpg""}, {""small"": ""https://imgs.qunarzz.com/piao/fusion/1502/c4/8e772d330545ee.jpg_120x120_9f2bf4ac.jpg"", ""title"": """", ""big"": ""https://imgs.qunarzz.com/piao/fusion/1502/c4/8e772d330545ee.jpg""}, {""small"": ""https://imgs.qunarzz.com/piao/fusion/1502/70/97937ef7158a04.jpg_120x120_52a69908.jpg"", ""title"": """", ""big"": ""https://imgs.qunarzz.com/piao/fusion/1502/70/97937ef7158a04.jpg""}], ""userNickName"": ""e*8"", ""replyCityName"": """", ""cityName"": """"}, {""author"": ""j*a"", ""content"": ""\u4e0d\u9760\u8c31\u554a\uff0c\u53bb\u4e86\uff0c\u7ed3\u679c\u5173\u95e8\u505c\u4e1a"", ""date"": ""2015-08-12"", ""score"": 1, ""commentId"": ""67102105"", ""imgs"": [], ""userNickName"": ""j*a"", ""replyCityName"": """", ""cityName"": """"}], ""score"": 3.0, ""commentCount"": 2}, ""statusCode"": 200}"
翠竹林漂流乐园,https://imgs.qunarzz.com/sight/p0/1410/15/34c73ec1bb17bf3d0c75533d31df12dd.jpg_280x200_b04b07c5.jpg,中山市,中山市,"中山市, 广东省",2,3.0,绿色、休闲、健康一体的欢乐圣地,https://piao.qunar.com/ticket/detail_138140507.html?st=a3clM0QlRTQlQjglQUQlRTUlQjElQjElRTUlQjglODIlMjZpZCUzRDMzOSUyNnR5cGUlM0QwJTI2aWR4JTNENjQlMjZxdCUzRCUyNmFwayUzRDIlMjZzYyUzRFdXVyUyNnVyJTNEJUU0JUI4JUFEJUU1JUIxJUIxJTI2bHIlM0QlRTQlQjglQUQlRTUlQjElQjElMjZmdCUzRCU3QiU3RA%3D%3D#from=mpl_search_suggest,-1.0,N/A,"中山翠竹林漂流乐园位于中山市五桂山城桂公路边，占地面积约33万平方米，交通便利。五桂山山峦连绵起伏，终年碧绿，拥有""五桂飘香""的美誉。闻名的五桂山矿泉水富含多种矿物质，晶莹透亮，清凉沁人。凭借得天独厚的天然山水资源，翠竹林漂流乐园匠心独运，依山绕水，营造出一个集""绿色、休闲、健康""一体的欢乐圣地，必将让你乘兴而来，满意而归。",具体营业状态以当天开放情况为准。,https://imgs.qunarzz.com/sight/p0/1410/15/34c73ec1bb17bf3d0c75533d31df12dd.jpg_710x360_9bd78bca.jpg〇https://imgs.qunarzz.com/sight/p0/1410/15/7d51dfdd038ba0dd2817e0af6b6efa30.jpg_710x360_4a064815.jpg〇https://imgs.qunarzz.com/sight/p0/1410/15/ff846f73755709735a6044577d9b86e0.jpg_710x360_9a3544dc.jpg,"{""ret"": true, ""data"": {""tagList"": [{""tagType"": 3, ""tagScore"": 5, ""tagNum"": 1, ""tagName"": ""\u5dee\u8bc4""}, {""tagType"": 1, ""tagScore"": 5, ""tagNum"": 1, ""tagName"": ""\u597d\u8bc4""}, {""tagType"": 0, ""tagScore"": 5, ""tagNum"": 2, ""tagName"": ""\u5168\u90e8""}], ""commentList"": [{""author"": ""\u53bb*\u6237"", ""content"": ""\u600e\u4e48\u6ca1\u5230\u6709\u7535\u8bdd\u6ca1\u6709\u7535\u8bdd\u7684\u5417\uff1f"", ""date"": ""2022-08-11"", ""score"": 1, ""commentId"": ""222752077"", ""imgs"": [], ""userNickName"": ""\u53bb*\u6237"", ""replyCityName"": """", ""cityName"": """"}, {""author"": ""c*6"", ""content"": ""\u529f\u80fd\u9f50\u5168\uff0c\u975e\u5e38\u4e0d\u9519\uff0c\u503c\u5f97\u5927\u5bb6\u7528\u7684\u597d\u4ea7\u54c1\u3002"", ""date"": ""2018-07-13"", ""score"": 5, ""commentId"": ""206789966"", ""imgs"": [], ""userNickName"": ""c*6"", ""replyCityName"": """", ""cityName"": """"}], ""score"": 3.0, ""commentCount"": 2}, ""statusCode"": 200}"
小榄镇人民公园,https://imgs.qunarzz.com/sight/p0/201403/11/d32ee1ea72cb6b12fed3f8688b65f580.jpg_280x200_c49e6afb.jpg,中山市,中山市,广东省中山市中山市区小榄镇,3,3.0,风景幽雅，竹木常青，休闲放松好去处,https://piao.qunar.com/ticket/detail_1995882495.html?st=a3clM0QlRTQlQjglQUQlRTUlQjElQjElRTUlQjglODIlMjZpZCUzRDE4OTUzNiUyNnR5cGUlM0QwJTI2aWR4JTNENjMlMjZxdCUzRCUyNmFwayUzRDIlMjZzYyUzRFdXVyUyNnVyJTNEJUU0JUI4JUFEJUU1JUIxJUIxJTI2bHIlM0QlRTQlQjglQUQlRTUlQjElQjElMjZmdCUzRCU3QiU3RA%3D%3D#from=mpl_search_suggest,-1.0,N/A,小揽镇人民公园位于广东省中山市小榄镇中心，风景幽雅，山上竹木常青，小揽镇人民公园山下园林处处。从宋朝开始， 这一带已成为园林风景区。明朝以后，当地民间还流传着一首描述小榄景色的顺口溜：“五松六路三岔水，一洞梅花十二桥，岁岁黄花不尽，诗坛酌酒赏花村。”1949年以后，人民政府将这一带辟为公园。园内建有凤凰台、凤液池、喷池和亭台楼阁，具有浓郁的岭南园林特色。公园山岗上是“小榄革命烈士陵园”，安葬着为革命和抗日而献出生命的60名革命烈士的遗骨，并刻有烈士的芳名和碑文，供后人瞻仰。,暂无,https://imgs.qunarzz.com/sight/p0/201403/11/d32ee1ea72cb6b12fed3f8688b65f580.jpg_710x360_bec3e500.jpg〇https://qimgs.qunarzz.com/piao_qsight_provider_piao_qsight_web/4143b13e65fb6fb6.jpg_710x360_d358e653.jpg,"{""ret"": true, ""data"": {""tagList"": [{""tagType"": 3, ""tagScore"": 5, ""tagNum"": 1, ""tagName"": ""\u5dee\u8bc4""}, {""tagType"": 2, ""tagScore"": 5, ""tagNum"": 1, ""tagName"": ""\u4e2d\u8bc4""}, {""tagType"": 1, ""tagScore"": 5, ""tagNum"": 1, ""tagName"": ""\u597d\u8bc4""}, {""tagType"": 0, ""tagScore"": 5, ""tagNum"": 3, ""tagName"": ""\u5168\u90e8""}], ""commentList"": [{""author"": ""W*6"", ""content"": ""\u5f88\u597d\u73a9\u7684\u5730\u65b9\uff0c\u6f2b\u6b65\u5176\u95f4\u5f88\u8212\u5fc3"", ""date"": ""2016-12-15"", ""score"": 5, ""commentId"": ""136064866"", ""imgs"": [], ""userNickName"": ""W*6"", ""replyCityName"": """", ""cityName"": """"}, {""author"": ""\u7cbe*\u4fa0"", ""content"": ""\u4eba\u6c11\u516c\u56ed\u662f\u4f20\u7edf\u7684\u83ca\u82b1\u5c55\u89c8\u5730\u3002\u4e2d\u5c71\u5c0f\u6984\u8001\u57ce\u91cc\u7684\u4f20\u7edf\u5cad\u5357\u6c34\u4e61\u53ef\u60dc\u6bd4\u8f83\u666e\u901a\u4e86\uff0c\u987a\u5fb7\u8bb8\u591a\u5730\u65b9\u90fd\u6bd4\u5b83\u6f02\u4eae\u3002\u4ffa\u591a\u6b21\u5149\u4e34\u6216\u8def\u8fc7\u5c0f\u6984\uff0c\u8fd9\u6b21\u7ec8\u4e8e\u7279\u610f\u627e\u6765\u7684\uff0c\u6709\u70b9\u5931\u671b\u4e86\uff0c\u53ea\u80fd\u8bf4\u5f88\u6734\u7d20\u5427\u3002"", ""date"": ""2016-07-25"", ""score"": 3, ""commentId"": ""123099094"", ""imgs"": [{""small"": ""https://imgs.qunarzz.com/piao/fusion/1607/f7/4143b13e65fb6fb6.jpg_120x120_70b172fb.jpg"", ""title"": """", ""big"": ""https://imgs.qunarzz.com/piao/fusion/1607/f7/4143b13e65fb6fb6.jpg""}], ""userNickName"": ""\u7cbe*\u4fa0"", ""replyCityName"": """", ""cityName"": """"}, {""author"": ""i*4"", ""content"": ""\u6709\u4eba\u53bb\u73a9\u8fc7\u5417\uff1f\u597d\u4e0d\u597d\u73a9\uff1f"", ""date"": ""2016-02-06"", ""score"": 1, ""commentId"": ""104675784"", ""imgs"": [], ""userNickName"": ""i*4"", ""replyCityName"": """", ""cityName"": """"}], ""score"": 3.0, ""commentCount"": 3}, ""statusCode"": 200}"
升平人瑞坊,https://imgs.qunarzz.com/sight/p0/1711/ba/baee173dc96195cca3.water.jpg_280x200_d0740efb.jpg,中山市,中山市,广东省中山市沙溪镇圣狮村,1,4.0,柱上石狮柱头，人物花卉雕刻,https://piao.qunar.com/ticket/detail_2666489539.html?st=a3clM0QlRTQlQjglQUQlRTUlQjElQjElRTUlQjglODIlMjZpZCUzRDcyMzIlMjZ0eXBlJTNEMCUyNmlkeCUzRDYxJTI2cXQlM0QlMjZhcGslM0QyJTI2c2MlM0RXV1clMjZ1ciUzRCVFNCVCOCVBRCVFNSVCMSVCMSUyNmxyJTNEJUU0JUI4JUFEJUU1JUIxJUIxJTI2ZnQlM0QlN0IlN0Q%3D#from=mpl_search_suggest,-1.0,N/A,"“升平人瑞”坊位于沙溪镇圣狮村，建于清代宣统二年（1910年），为四柱三间通天式牌坊，用花岗石雕凿构筑，高约6米。 坊上正面主间正中竖刻“圣旨”。主间横匾阴刻：“升平人瑞”四字，上款：“宣统二年冬月”，下款：“寿民阮维光立”。次间左右横匾阴刻：“戬谷”、“延厘”。中柱对联阴刻：“鹤算绵延大衍重围徵笃”，“龙章宠锡覃恩叨被庆遐龄”。 背面主间正中竖刻""恩荣""，主间横匾阴刻：“百岁流芳”四字，落款与正面相同。左右次间横匾阴刻：“五福”、“九如”。中柱对联阴刻：“椿树百年耆艾荣旌绥福履”、“竹林千叶瓣香普祝寿期颐”。 牌坊柱下镶抱鼓石，柱上石狮柱头，人物花卉雕刻。现保存完好。",暂无,https://imgs.qunarzz.com/sight/p0/1711/ba/baee173dc96195cca3.water.jpg_710x360_2285fd2d.jpg,"{""ret"": true, ""data"": {""tagList"": [{""tagType"": 1, ""tagScore"": 5, ""tagNum"": 1, ""tagName"": ""\u597d\u8bc4""}, {""tagType"": 0, ""tagScore"": 5, ""tagNum"": 1, ""tagName"": ""\u5168\u90e8""}], ""commentList"": [{""author"": ""w*0"", ""content"": ""\u4e0d\u9519 \u8fd8\u662f\u89c9\u5f97\u633a\u597d\u73a9\u7684 \u55ef"", ""date"": ""2015-06-04"", ""score"": 4, ""commentId"": ""52253571"", ""imgs"": [], ""userNickName"": ""w*0"", ""replyCityName"": """", ""cityName"": """"}], ""score"": 4.0, ""commentCount"": 1}, ""statusCode"": 200}"
多宝宠物乐园,https://imgs.qunarzz.com/sight/p0/1501/89/89f51d1969652a98.water.jpg_280x200_b5c2a92f.jpg,中山市,中山市,广东省中山市民众镇番中公路阳光大道口,-1,-1.0,拾回了当年的童心，怡情养性,https://piao.qunar.com/ticket/detail_1738647872.html?st=a3clM0QlRTQlQjglQUQlRTUlQjElQjElRTUlQjglODIlMjZpZCUzRDE5MTQxMiUyNnR5cGUlM0QwJTI2aWR4JTNEMTA0JTI2cXQlM0QlMjZhcGslM0QyJTI2c2MlM0RXV1clMjZ1ciUzRCVFNCVCOCVBRCVFNSVCMSVCMSUyNmxyJTNEJUU0JUI4JUFEJUU1JUIxJUIxJTI2ZnQlM0QlN0IlN0Q%3D#from=mpl_search_suggest,-1.0,N/A,多宝珍稀宠物旅游景园位于美丽的珠江三角洲---中山市民众镇，建园面积200多余亩，是一个以寄养、美容、医疗、培训、销售珍稀宠物的新景园，另提供宠物用品及配套售后服务，园内设有警犬表演、宠物时装秀、孔雀乐园、鳄鱼寨、龟一族、驼鸟园、西部牧场、戏鱼池、宠物天地、打砣骡、滚铁环、大脚板、农家田园、旅游休闲观赏区，园内还设有大型旅游餐厅可同时容纳800人用餐，景园内宠物品种多、质量优，是你快乐的选择！我园内经过多年的建设经营，景观越来越完善美丽，受到了游客们众口一致的赞美，不少游客因此闻讯远道而来，包括香港、澳门、台湾、深圳、广州等。究其原因，一是这里的各种景观趣味性强，二是和天真可爱的宠物们相处，乐而忘忧——儿童们找到了他们的乐园，大人们拾回了当年的童心，怡情养性，现代都市人缺少的就是这种心境。,9:30-14:30，16:30-21:30。,https://imgs.qunarzz.com/sight/p0/1501/89/89f51d1969652a98.water.jpg_710x360_96c08aec.jpg〇https://imgs.qunarzz.com/sight/p0/1501/eb/ebe24feb9dfe4281.water.jpg_710x360_342813a5.jpg〇https://imgs.qunarzz.com/sight/p0/1501/e9/e9fb2ad7002c5bb8.water.jpg_710x360_3e99d364.jpg〇https://imgs.qunarzz.com/sight/p0/1501/86/8656416c61f389af.water.jpg_710x360_36e5c679.jpg〇https://imgs.qunarzz.com/sight/p0/1501/23/23c6e813ff251ffe.water.jpg_710x360_361fffb7.jpg,"{""ret"": true, ""data"": {""tagList"": [{""tagType"": 0, ""tagScore"": 5, ""tagNum"": 0, ""tagName"": ""\u5168\u90e8""}], ""score"": 0.0, ""commentCount"": 0}, ""statusCode"": 200}"
金轩宝,https://imgs.qunarzz.com/sight/p0/1608/d0/d086bc9403aeb58da3.img.jpg_280x200_f05d4b47.jpg,中山市,中山市,广东省中山市火炬开发去宫花工业区17号之二,-1,-1.0,真材实料看得见,https://piao.qunar.com/ticket/detail_4171185307.html?st=a3clM0QlRTQlQjglQUQlRTUlQjElQjElRTUlQjglODIlMjZpZCUzRDQ2MDQ5MyUyNnR5cGUlM0QwJTI2aWR4JTNEMTAzJTI2cXQlM0QlMjZhcGslM0QyJTI2c2MlM0RXV1clMjZ1ciUzRCVFNCVCOCVBRCVFNSVCMSVCMSUyNmxyJTNEJUU0JUI4JUFEJUU1JUIxJUIxJTI2ZnQlM0QlN0IlN0Q%3D#from=mpl_search_suggest,-1.0,N/A,香港金轩宝（国际）食品公司成立于1988年，由有几十年行业经验的中国月饼大师亲自监制，座落于人杰地灵、经济发达、交通便利的广东省中山市火炬开发区内，拥有近1万平方面积的花园式厂房。公司主要从事烘焙类食品的研发、生产及销售，主营产品为月饼、蛋卷、杏仁饼等节令性产品。公司秉承传统、品质过硬，坚持100%手工制作，严格按照ISO9001-2000国际质量管理体系，HACCP食品安全体系进行管理，使产品不仅具有皮薄馅靓、真材实料、口感独特等特色，更使产品具有可靠的质量、卫生及安全保障。企业生产基地已通过出口卫生注册，获得中山市A级卫生企业称号、2008中国烘焙知名品牌、2008。金轩宝公司拥有一支富有激情和充满活力的中高层管理队伍，以海外市场为基点，大力拓展国内年轻市场，以香港时尚元素为基调，结合国内传统工艺，不断创造出引领潮流产品，金轩宝月饼将以其鲜明的产品特色，个性的卖点，高品质等行业利器，如朝日般冉冉升起，愿与您同步携手，共创辉煌！,01/01-12/31；09:00-18:00开园,https://imgs.qunarzz.com/sight/p0/1608/d0/d086bc9403aeb58da3.img.jpg_710x360_72aef345.jpg〇https://imgs.qunarzz.com/sight/p0/1608/85/85418c344cf45ce8a3.img.jpg_710x360_a24aa9c0.jpg〇https://imgs.qunarzz.com/sight/p0/1608/27/27db294278b831c3a3.img.jpg_710x360_dbe38720.jpg〇https://imgs.qunarzz.com/sight/p0/1608/92/92375e41c3e63f55a3.img.jpg_710x360_491df2e8.jpg〇https://imgs.qunarzz.com/sight/p0/1608/65/6511c5875df1ceeda3.img.jpg_710x360_9124ea44.jpg〇https://imgs.qunarzz.com/sight/p0/1608/a6/a614870939b7392ea3.img.jpg_710x360_519ceb36.jpg〇https://imgs.qunarzz.com/sight/p0/1608/2f/2facda2ff92d4340a3.img.jpg_710x360_9c0f0805.jpg〇https://imgs.qunarzz.com/sight/p0/1608/32/329e9ffb0420966da3.img.jpg_710x360_ec343339.jpg,"{""ret"": true, ""data"": {""tagList"": [{""tagType"": 0, ""tagScore"": 5, ""tagNum"": 0, ""tagName"": ""\u5168\u90e8""}], ""score"": 0.0, ""commentCount"": 0}, ""statusCode"": 200}"
妙妙屋儿童乐园,https://imgs.qunarzz.com/sight/p0/1411/6b/8137b4fdbfa4cce121d2ea7a156ad587.water.jpg_280x200_a423515a.jpg,中山市,中山市,广东省中山市东升镇世纪豪庭一楼（嘉荣购物广场）,-1,-1.0,儿童的游乐园,https://piao.qunar.com/ticket/detail_3189677613.html?st=a3clM0QlRTQlQjglQUQlRTUlQjElQjElRTUlQjglODIlMjZpZCUzRDE5OTM4MyUyNnR5cGUlM0QwJTI2aWR4JTNEMTA2JTI2cXQlM0QlMjZhcGslM0QyJTI2c2MlM0RXV1clMjZ1ciUzRCVFNCVCOCVBRCVFNSVCMSVCMSUyNmxyJTNEJUU0JUI4JUFEJUU1JUIxJUIxJTI2ZnQlM0QlN0IlN0Q%3D#from=mpl_search_suggest,-1.0,N/A,妙妙屋儿童乐园园内游乐项目丰富，如八爪鱼，地钢琴，椰子树，水床，七彩积木，波波池，动物转马，海盗船，声光电，S滑梯，空中滑翔等，另外还有DIY沙画区，海底漫步，弹珠游戏机，儿童投蓝机，翻斗乐坚持以开发儿童智力，培养其动手协调能力为出发点，以欢乐，健康，益智为游乐理念，让孩子们在游玩中度过金色的童年。,暂无,https://imgs.qunarzz.com/sight/p0/1411/6b/8137b4fdbfa4cce121d2ea7a156ad587.water.jpg_710x360_e17ca4e4.jpg〇https://imgs.qunarzz.com/sight/p0/1411/56/8a74c3b59d2340047a18c9d8274ad98d.water.jpg_710x360_d495468f.jpg〇https://imgs.qunarzz.com/sight/p0/1411/7d/8d935966e3ba7f5c8787df2f7e46e402.water.jpg_710x360_182e4cd9.jpg,"{""ret"": true, ""data"": {""tagList"": [{""tagType"": 0, ""tagScore"": 5, ""tagNum"": 0, ""tagName"": ""\u5168\u90e8""}], ""score"": 0.0, ""commentCount"": 0}, ""statusCode"": 200}"
白夜光影•星空展,https://imgs.qunarzz.com/sight/p0/1812/1a/1a2b8ed6e7c5de5aa3.img.jpg_280x200_4a5e47f1.jpg,中山市,中山市,广东省中山市东区利和广场4层408卡（美联英语对面),-1,-1.0,令人痴迷的魔法错觉，绚烂夺目的点点星光,https://piao.qunar.com/ticket/detail_648892393.html?st=a3clM0QlRTQlQjglQUQlRTUlQjElQjElRTUlQjglODIlMjZpZCUzRDQ3MDI2MiUyNnR5cGUlM0QwJTI2aWR4JTNEMTAyJTI2cXQlM0QlMjZhcGslM0QyJTI2c2MlM0RXV1clMjZ1ciUzRCVFNCVCOCVBRCVFNSVCMSVCMSUyNmxyJTNEJUU0JUI4JUFEJUU1JUIxJUIxJTI2ZnQlM0QlN0IlN0Q%3D#from=mpl_search_suggest,-1.0,N/A,绚烂美丽的星空场景，在浩瀚星空漫步的奇特体验。置身于此好似徜徉于宇宙之中！数以千计的星火在头顶闪耀，夺目耀眼的光色所营造的世界让你仿佛置身于梦幻极地。赶快带上家人、朋友一起走进浪漫梦幻之旅！令人痴迷的魔法错觉，绚烂夺目的点点星光，一定不能错过,"12月1日-次年2月28日周一-周四、周日10:00-22:00,21:30停止入场，周五、周六10:00-22:30,22:00停止入场；现暂时停业，具体开放时间请以景区当天公示为准。",https://imgs.qunarzz.com/sight/p0/1812/1a/1a2b8ed6e7c5de5aa3.img.jpg_710x360_0cf5c21a.jpg〇https://imgs.qunarzz.com/sight/p0/1812/db/dba4b963969492e7a3.img.jpg_710x360_033b72bc.jpg〇https://imgs.qunarzz.com/sight/p0/1812/19/19e5315607c994dba3.img.jpg_710x360_3f5422aa.jpg〇https://imgs.qunarzz.com/sight/p0/1812/1a/1a0d689400c514baa3.img.jpg_710x360_53a82a4a.jpg〇https://imgs.qunarzz.com/sight/p0/1812/e7/e79476129ad3fdc2a3.img.jpg_710x360_7294ef2d.jpg〇https://imgs.qunarzz.com/sight/p0/1812/fe/fe06b46f805b4ee9a3.img.jpg_710x360_b25691ab.jpg〇https://imgs.qunarzz.com/sight/p0/1812/a0/a0f8a4fb9806fdf6a3.img.jpg_710x360_fd82641c.jpg〇https://imgs.qunarzz.com/sight/p0/1812/59/59450921d49bd0cfa3.img.jpg_710x360_b0daf53c.jpg,"{""ret"": true, ""data"": {""tagList"": [{""tagType"": 0, ""tagScore"": 5, ""tagNum"": 0, ""tagName"": ""\u5168\u90e8""}], ""score"": 0.0, ""commentCount"": 0}, ""statusCode"": 200}"
月山公园,https://imgs.qunarzz.com/sight/p0/1711/ba/baee173dc96195cca3.water.jpg_280x200_d0740efb.jpg,中山市,中山市,广东省中山市孙文西路月山公园,-1,-1.0,月山公园位于市区孙文中路一个山丘上，建于民国23年(1934年)，占地面积2465平方米。内有凉亭、石狮、石山、牌坊、半,https://piao.qunar.com/ticket/detail_2145475382.html?st=a3clM0QlRTQlQjglQUQlRTUlQjElQjElRTUlQjglODIlMjZpZCUzRDExOTgwJTI2dHlwZSUzRDAlMjZpZHglM0QxMDElMjZxdCUzRCUyNmFwayUzRDIlMjZzYyUzRFdXVyUyNnVyJTNEJUU0JUI4JUFEJUU1JUIxJUIxJTI2bHIlM0QlRTQlQjglQUQlRTUlQjElQjElMjZmdCUzRCU3QiU3RA%3D%3D#from=mpl_search_suggest,-1.0,N/A,月山公园位于市区孙文中路一个山丘上，建于民国23年(1934年)，占地面积2465平方米。内有凉亭、石狮、石山、牌坊、半月台等，还有一批参天古榕。据历史记载，这一带原有8座小山峰，其中一座居中，呈弯月形，故称月山，即今月山公园所在。其余7座圆形小山：仁山、武山(西山)、寿山、丰山、盈山、福山、凤山分散在周围，统称为七星峰。古人匠心独运，给予命名为“七星伴月”。,暂无,https://imgs.qunarzz.com/sight/p0/1711/ba/baee173dc96195cca3.water.jpg_710x360_2285fd2d.jpg〇https://qimgs.qunarzz.com/piao_qsight_provider_piao_qsight_web/5d0a145a-daf7-478c-ae42-2b91256b5b81.jpg_710x360_1e3feee4.jpg〇https://qimgs.qunarzz.com/piao_qsight_provider_piao_qsight_web/5b8f3dc42dca0091570f96e979494bfa.jpg_710x360_05f3b5f8.jpg〇https://qimgs.qunarzz.com/piao_qsight_provider_piao_qsight_web/ca264f559ecd7cf7.jpg_710x360_598076d2.jpg〇https://qimgs.qunarzz.com/piao_qsight_provider_piao_qsight_web/16253352a8d81bf7.jpg_710x360_5b5f78a8.jpg〇https://qimgs.qunarzz.com/piao_qsight_provider_piao_qsight_web/d18c6d06b32789f7.jpg_710x360_94499b3f.jpg〇https://qimgs.qunarzz.com/piao_qsight_provider_piao_qsight_web/6eeac149628652f7.jpg_710x360_3c45d4b5.jpg〇https://qimgs.qunarzz.com/piao_qsight_provider_piao_qsight_web/48c3123370c116f7.jpg_710x360_c58c9208.jpg〇https://qimgs.qunarzz.com/piao_qsight_provider_piao_qsight_web/ad283a00af02d9f7.jpg_710x360_2b86fa49.jpg〇https://qimgs.qunarzz.com/piao_qsight_provider_piao_qsight_web/5c6482bf3b7b90f7.jpg_710x360_9c222ab1.jpg〇https://qimgs.qunarzz.com/piao_qsight_provider_piao_qsight_web/ff3ca85de0fc8ef7.jpg_710x360_5b0ef1f8.jpg〇https://qimgs.qunarzz.com/piao_qsight_provider_piao_qsight_web/e2c358e4ec31abf7.jpg_710x360_24b40861.jpg〇https://qimgs.qunarzz.com/piao_qsight_provider_piao_qsight_web/a85c94a30be0b7f7.jpg_710x360_416f1fd5.jpg,"{""ret"": true, ""data"": {""tagList"": [{""tagType"": 0, ""tagScore"": 5, ""tagNum"": 0, ""tagName"": ""\u5168\u90e8""}], ""score"": 0.0, ""commentCount"": 0}, ""statusCode"": 200}"
三丫苦泉,https://imgs.qunarzz.com/sight/p31/201211/00/00a8261d344a835893835fbb.jpg_280x200_854585da.jpg,中山市,中山市,广东省中山市温泉旅游区,-1,-1.0,泉水具有多重医药效果，适宜亚健康人群,https://piao.qunar.com/ticket/detail_1672672272.html?st=a3clM0QlRTQlQjglQUQlRTUlQjElQjElRTUlQjglODIlMjZpZCUzRDE5OTA1JTI2dHlwZSUzRDAlMjZpZHglM0QxMDAlMjZxdCUzRCUyNmFwayUzRDIlMjZzYyUzRFdXVyUyNnVyJTNEJUU0JUI4JUFEJUU1JUIxJUIxJTI2bHIlM0QlRTQlQjglQUQlRTUlQjElQjElMjZmdCUzRCU3QiU3RA%3D%3D#from=mpl_search_suggest,-1.0,N/A,三丫苦具清肝、清肺、祛风、除温、除炎止痛，理气通经之*效，对感冒、头痛、风湿骨痛颇有疗效，适宜亚健康人群。,暂无,https://imgs.qunarzz.com/sight/p31/201211/00/00a8261d344a835893835fbb.jpg_710x360_002a0ef6.jpg,"{""ret"": true, ""data"": {""tagList"": [{""tagType"": 0, ""tagScore"": 5, ""tagNum"": 0, ""tagName"": ""\u5168\u90e8""}], ""score"": 0.0, ""commentCount"": 0}, ""statusCode"": 200}"
奇妙昆虫艺术展,https://qimgs.qunarzz.com/piao_qsight_provider_piao_qsight_web/temp4006316733849826040350p1c000001cqo5dBB63_wmr.jpg_280x200_c1633b1e.jpg,中山市,中山市,中山市升平东路1号海港城四楼,-1,-1.0,"超1000+物种 数万只昆虫，0距离接触 森林生态100%还原，一个集合了看、玩、学的展览。
昆虫学院：由古力装饰和锐风",https://piao.qunar.com/ticket/detail_4117843969.html?st=a3clM0QlRTQlQjglQUQlRTUlQjElQjElRTUlQjglODIlMjZpZCUzRDUwNTcwMyUyNnR5cGUlM0QwJTI2aWR4JTNEOTklMjZxdCUzRCUyNmFwayUzRDIlMjZzYyUzRFdXVyUyNnVyJTNEJUU0JUI4JUFEJUU1JUIxJUIxJTI2bHIlM0QlRTQlQjglQUQlRTUlQjElQjElMjZmdCUzRCU3QiU3RA%3D%3D#from=mpl_search_suggest,-1.0,N/A,超1000+物种 数万只昆虫，0距离接触 森林生态100%还原，一个集合了看、玩、学的展览。昆虫学院：由古力装饰和锐风公关联手打造，致力让大家接触和了解全球各地奇妙的昆虫世界，游玩与研学相结合。,"1/1-12/31；周一至周四,周日；10:00-22:00开园",https://qimgs.qunarzz.com/piao_qsight_provider_piao_qsight_web/temp4006316733849826040350p1c000001cqo5dBB63_wmr.jpg_710x360_a760fde5.jpg,"{""ret"": true, ""data"": {""tagList"": [{""tagType"": 0, ""tagScore"": 5, ""tagNum"": 0, ""tagName"": ""\u5168\u90e8""}], ""score"": 0.0, ""commentCount"": 0}, ""statusCode"": 200}"
百龄流芳坊,https://imgs.qunarzz.com/sight/p55/201211/00/eb14d13c7d623dd293835fbb.jpg_280x200_2b61aad1.jpg,中山市,中山市,广东省中山市区黄圃镇镇一村,-1,-1.0,百龄流芳坊位于黄圃镇镇一村，建于清代道光十八年（1838年）。为四柱三间通天式牌坊，以花岗石雕凿构筑，高5米。正面主间上,https://piao.qunar.com/ticket/detail_2175543017.html?st=a3clM0QlRTQlQjglQUQlRTUlQjElQjElRTUlQjglODIlMjZpZCUzRDE1NDY0JTI2dHlwZSUzRDAlMjZpZHglM0Q5OCUyNnF0JTNEJTI2YXBrJTNEMiUyNnNjJTNEV1dXJTI2dXIlM0QlRTQlQjglQUQlRTUlQjElQjElMjZsciUzRCVFNCVCOCVBRCVFNSVCMSVCMSUyNmZ0JTNEJTdCJTdE#from=mpl_search_suggest,-1.0,N/A,百龄流芳坊位于黄圃镇镇一村，建于清代道光十八年（1838年）。为四柱三间通天式牌坊，以花岗石雕凿构筑，高5米。正面主间上竖刻“圣旨”（阳刻二字，下方横匾阳刻：“百龄流芳”四字，上款阴刻“道光戊戌”，下款阴刻“何高启立”。背面上竖刻“恩荣”（阳刻）二字，下方横匾阴刻：“升平人瑞”四字。牌坊柱下镶嵌抱鼓石。现保存尚好。,暂无,https://imgs.qunarzz.com/sight/p55/201211/00/eb14d13c7d623dd293835fbb.jpg_710x360_a6227242.jpg,"{""ret"": true, ""data"": {""tagList"": [{""tagType"": 0, ""tagScore"": 5, ""tagNum"": 0, ""tagName"": ""\u5168\u90e8""}], ""score"": 0.0, ""commentCount"": 0}, ""statusCode"": 200}"
中山港-香港往返客轮,https://imgs.qunarzz.com/sight/p0/201405/13/b37b7d95db89093fd3be359078193714.jpg_280x200_6a244fd7.jpg,中山市,中山市,中山市火炬开发区沿江东一路1号,-1,-1.0,中山港往返香港客轮,https://piao.qunar.com/ticket/detail_717104351.html?st=a3clM0QlRTQlQjglQUQlRTUlQjElQjElRTUlQjglODIlMjZpZCUzRDE5NDk5MiUyNnR5cGUlM0QwJTI2aWR4JTNEOTclMjZxdCUzRCUyNmFwayUzRDIlMjZzYyUzRFdXVyUyNnVyJTNEJUU0JUI4JUFEJUU1JUIxJUIxJTI2bHIlM0QlRTQlQjglQUQlRTUlQjElQjElMjZmdCUzRCU3QiU3RA%3D%3D#from=mpl_search_suggest,-1.0,N/A,"1984年中山口岸经国务院批准为对外开放的国家一类口岸，1985年2月9日，中港客运联营有限公司正式开业，同日中山--香港客运航线开通首航。中港客运联营有限公司现由中山公用事业集团股份有限公司和香港珠江客运有限公司联合经营，由珠江船务(股份)有限公司作为香港总代理。公司经营中山至香港水路旅客运输，为各界人士公务、经商、探亲、旅游提供安全、快捷、舒适的交通条件，船上设有小卖部，有各种免税烟酒、精美食品等供旅客选购。公司兼营关前免税商场和珠江承运等业务。公司拥有“中山”、“逸仙湖”、“翠亨湖”、“岐江”、“兴中”等五艘具现代化设备的豪华高速双体客轮，总客位1,761个，总马力19,320千瓦，每天中山至香港往来为22个单航次，客运高峰期可达32个单航次，整个航行时间为1小时30分。自1985年至2013年，已安全优质运送旅客2488万人次，其中：2002年客运量首次突破100万人次,2007年客运量达129.2万人次，创年运量的新高纪录。2004年12月，公司还开通了中山—香港国际机场航线，大大方便了世界各地来往中山及珠江西岸的宾客。",暂无,https://imgs.qunarzz.com/sight/p0/201405/13/b37b7d95db89093fd3be359078193714.jpg_710x360_248baef8.jpg〇https://imgs.qunarzz.com/sight/p0/201405/13/4aa0d486999bda6d272dae968bc173cd.jpg_710x360_6473d000.jpg〇https://imgs.qunarzz.com/sight/p0/201405/13/1b27df20892b34ea54ddedf4e59e9e54.jpg_710x360_2830815d.jpg〇https://imgs.qunarzz.com/sight/p0/201405/13/a97c9087491d60e95cf97052c83c6777.jpg_710x360_8ebdd92b.jpg〇https://imgs.qunarzz.com/sight/p0/201405/13/edc039449bafec28c9e6b1ae9378ddf7.jpg_710x360_039aebbe.jpg〇https://imgs.qunarzz.com/sight/p0/201405/13/ea1e0991037edce7371d7f4ef30bf621.jpg_710x360_b8723f81.jpg,"{""ret"": true, ""data"": {""tagList"": [{""tagType"": 0, ""tagScore"": 5, ""tagNum"": 0, ""tagName"": ""\u5168\u90e8""}], ""score"": 0.0, ""commentCount"": 0}, ""statusCode"": 200}"
岭南水乡,https://imgs.qunarzz.com/sight/p0/201403/07/78405c8666aea0cf0fe552ea5f5c2fa3.jpg_280x200_6d1df90a.jpg,中山市,中山市,广东省中山市民众镇新平路25号,27,3.8,两岸植被丰富、风景秀丽，民俗民风浓郁,https://piao.qunar.com/ticket/detail_2071313463.html?st=a3clM0QlRTQlQjglQUQlRTUlQjElQjElRTUlQjglODIlMjZpZCUzRDU5NjQlMjZ0eXBlJTNEMCUyNmlkeCUzRDYyJTI2cXQlM0QlMjZhcGslM0QyJTI2c2MlM0RXV1clMjZ1ciUzRCVFNCVCOCVBRCVFNSVCMSVCMSUyNmxyJTNEJUU0JUI4JUFEJUU1JUIxJUIxJTI2ZnQlM0QlN0IlN0Q%3D#from=mpl_search_suggest,-1.0,N/A,岭南水乡交通十分便利。水乡一切纯真自然，生态原始、水网交织、河道纵横、民风淳朴、小村落沿河涌自然分布。水乡风情浓郁；两岸植被丰富、风景秀丽，自然风光与农村民情达到和谐统一。景点有“红桥碧水”、“草荡潮音”、“水乡农榭”……等30多个景点，确实令人一种反璞归真。一方水土、养一方人，水乡河产丰富，依水而居的水乡人：捕鱼种植；日出而作、日落而息；家口有私人码头、私人船只；生活悠然自得。这里没有江南的小桥流水，只有草荡潮音，有大小不同的水闸调节水乡的水位和交通，使得水乡河道穿梭的船只安全往来。船只是水乡人水上主要交通工具，也是与外界贸易往来的纽带，有捕鱼网虾的；有送香蕉给蕉商的；有货物买卖的。水乡人满载着一个个希望，摇荡着对美好明天的憧憬，融入在大自然中。勾勒出岭南水乡的一份恬静、一份朴实。坐船游览时，小童在河里光着屁股游泳，大人在河里摸沙蚬，鸡鸣狗叫、瓜田李下，乡情扑面，似曾相识的感觉让人心动。,由于中山岭南水乡内部政策调整变更，景区暂时停业，详情请以景区公示为准。,https://imgs.qunarzz.com/sight/p0/201403/07/78405c8666aea0cf0fe552ea5f5c2fa3.jpg_710x360_dc7e03c6.jpg〇https://imgs.qunarzz.com/sight/p0/201403/07/7a015bfe56acd26506c4b58c9917b1bc.jpg_710x360_666e372c.jpg〇https://imgs.qunarzz.com/sight/p0/201403/07/3c6cb5b55b5bea1cebebb855fd182302.jpg_710x360_6bb8a639.jpg〇https://imgs.qunarzz.com/sight/p0/201403/07/9a925b16a8015669f53e223bd2ce101b.jpg_710x360_7167c86b.jpg〇https://imgs.qunarzz.com/sight/p0/201403/07/18a63fda3d5a42a20d578ab0cbf676c1.jpg_710x360_c0e01fb4.jpg〇https://qimgs.qunarzz.com/piao_qsight_provider_piao_qsight_web/364350e636f91b98caf57f28afb91f69.jpg_710x360_a6cec10f.jpg〇https://qimgs.qunarzz.com/piao_qsight_provider_piao_qsight_web/06d2e55ee7c3e837.jpg_710x360_3519b88e.jpg,"{""ret"": true, ""data"": {""tagList"": [{""tagType"": 3, ""tagScore"": 5, ""tagNum"": 4, ""tagName"": ""\u5dee\u8bc4""}, {""tagType"": 2, ""tagScore"": 5, ""tagNum"": 5, ""tagName"": ""\u4e2d\u8bc4""}, {""tagType"": 1, ""tagScore"": 5, ""tagNum"": 18, ""tagName"": ""\u597d\u8bc4""}, {""tagType"": 0, ""tagScore"": 5, ""tagNum"": 27, ""tagName"": ""\u5168\u90e8""}], ""commentList"": [{""author"": ""p*3"", ""content"": ""\u4eca\u5929\u53bb\u4e86 \u5012\u95ed\u4e86 \u770b\u91cc\u9762\u5728\u6316 \u4e71\u4e03\u516b\u7cdf\u7684\u6ce5\u5df4\u4e00\u5806 \u9644\u8fd1\u516c\u8def\u4e24\u8fb9\u90fd\u662f\u6c34\u6749 \u5f88\u6f02\u4eae \u5e94\u8be5\u6bd4\u5cad\u5357\u6c34\u4e61\u597d\u770b \u6536\u51e0\u5341\u5757\u95e8\u7968 \u4e0d\u5012\u95ed\u5c31\u795e\u5947\u4e86"", ""date"": ""2020-06-08"", ""score"": 1, ""commentId"": ""214636444"", ""imgs"": [], ""userNickName"": ""p*3"", ""replyCityName"": """", ""cityName"": """"}, {""author"": ""l*9"", ""content"": ""\u4f53\u9a8c\u611f\u53d7\u5cad\u5357\u4eba\u6c11\u7684\u98ce\u571f\u4eba\u60c5\uff0c\u519c\u5bb6\u751f\u6d3b\uff0c\u522b\u81f4\u7684\u6c34\u4e61\u7279\u8272\uff01"", ""date"": ""2017-07-21"", ""score"": 4, ""commentId"": ""204874608"", ""imgs"": [], ""userNickName"": ""l*9"", ""replyCityName"": """", ""cityName"": """"}, {""author"": ""2*3"", ""content"": ""\u5954\u7740\u611f\u53d7\u6c34\u4e61\u7279\u8272\u666f\u8272\u6765\u7684\uff0c\u8c01\u77e5\u9053\u5c31\u4e00\u676150\u7c73\u7684\u8d70\u5eca\uff0c\u6709\u51e0\u68f5\u8001\u8354\u679d\u6811\uff0c\u5f88\u9ad8\uff0c\u4e0a\u5348\u6709\u7af9\u5b50\u7ed9\u4f60\u5939\u5939\u8354\u679d\uff0c\u5982\u679c\u5939\u8354\u679d\uff0c\u8fd8\u80fd\u5446\u4e0a\u4e94\u5206\u949f\uff0c\u4e0d\u5939\u5c31\u4e00\u5206\u949f\uff0c\uff0c\u5c31\u6ca1\u5730\u65b9\u7684\u4e86\uff0c\u7136\u540e\u5c31\u5728\u6cb3\u8fb9\u6e38\u8239\u6cb3\u4e86\uff0c\u5c31\u4e00\u6761\u5927\u6c34\u6c9f\uff0c\u6ca1\u6709\u4efb\u4f55\u8bb2\u89e3\uff0c\u5230\u6e38\u8239\u7684\u7ec8\u70b9\u4e0b\u8239\u8bf4\u6709\u666f\u70b9\uff0c\u4e00\u68f5\u8bb8\u613f\u6811\uff0c\u4ec0\u4e48\u4e5f\u6ca1\u6709\u4e86\uff0c\u4e94\u5206\u949f\u90fd\u4e0d\u7528\u5927\u5bb6\u5c31\u5728\u7b49\u56de\u7a0b\u4e86\u3002"", ""date"": ""2016-11-12"", ""score"": 5, ""commentId"": ""203929592"", ""imgs"": [], ""userNickName"": ""2*3"", ""replyCityName"": """", ""cityName"": """"}, {""author"": ""_*7"", ""content"": ""\u98ce\u666f\u5f88\u8ff7\u4eba\uff0c\u6c14\u5019\u5f88\u8212\u670d\u3002\u8ba9\u4eba\u6d41\u8fde\u5fd8\u8fd4"", ""date"": ""2016-12-10"", ""score"": 5, ""commentId"": ""203899311"", ""imgs"": [], ""userNickName"": ""_*7"", ""replyCityName"": """", ""cityName"": """"}, {""author"": ""1*7"", ""content"": ""\u58a8\u7eff\u8272\u7684\u6eaa\u6d41\uff0c\u6321\u4e0d\u4f4f\u4eba\u4eec\u8981\u6392\u961f\u7b49\u6e38\u8239\u7684\u70ed\u60c5\uff0c\u72ec\u5177\u5cad\u5357\u6c34\u4e61\u7684\u9b45\u529b\u8fd8\u662f\u5438\u5f15\u4f17\u591a\u7684\u6e38\u5ba2\u524d\u5f80"", ""date"": ""2016-10-15"", ""score"": 3, ""commentId"": ""204024405"", ""imgs"": [], ""userNickName"": ""1*7"", ""replyCityName"": """", ""cityName"": """"}, {""author"": ""M*7"", ""content"": ""\u5f88\u597d\u73a9\u7684\u5730\u65b9\uff0c\u98ce\u666f\u5f88\u597d\uff0c\u4e5f\u5f88\u536b\u751f\uff0c\u8fd8\u4f1a\u518d\u6765"", ""date"": ""2016-09-24"", ""score"": 5, ""commentId"": ""204106444"", ""imgs"": [], ""userNickName"": ""M*7"", ""replyCityName"": """", ""cityName"": """"}, {""author"": ""\u665a*\u7167"", ""content"": ""\u597d\u5751\u7239\uff0c\u4e13\u95e8\u8dd1\u8fc7\u6765\u7684\uff0c\u95e8\u536b\u8bf4\u8fd9\u4e2a\u666f\u70b9\u53d6\u6d88\u4e86\uff0c\u767e\u5ea6\u4e5f\u4e0d\u6838\u5b9e\uff0c\u8fd8\u7b2c\u4e00\u63a8\u8350\uff01\u771f\u65e0\u8bed\uff01\uff01\uff01"", ""date"": ""2016-10-04"", ""score"": 1, ""commentId"": ""130136766"", ""imgs"": [], ""userNickName"": ""\u665a*\u7167"", ""replyCityName"": """", ""cityName"": """"}, {""author"": ""M*3"", ""content"": ""\u5f88\u6709\u6c5f\u5357\u6587\u5316\u7684\u98ce\u5473\uff0c\u6bd4\u8f83\u6f02\u4eae\u7684\u5c0f\u9547\uff0c\u62cd\u7167\u53d6\u666f\u7684\u597d\u5730\u65b9"", ""date"": ""2016-06-18"", ""score"": 4, ""commentId"": ""204493491"", ""imgs"": [], ""userNickName"": ""M*3"", ""replyCityName"": """", ""cityName"": """"}, {""author"": ""_*8"", ""content"": ""\u90fd\u503c\u5f97\u4e00\u53bb\uff0c\u73af\u5883\u6bd4\u8f83\u4f18\u7f8e\u5927\u5bb6\u53ef\u4ee5\u89c2\u8d4f\u4e00\u4e0b"", ""date"": ""2016-06-17"", ""score"": 5, ""commentId"": ""204499047"", ""imgs"": [], ""userNickName"": ""_*8"", ""replyCityName"": """", ""cityName"": """"}, {""author"": ""1*5"", ""content"": ""\u56e0\u4e3a\u5e7f\u4e1c\u73e0\u4e09\u89d2\u4e00\u5e26\u5df2\u7ecf\u6709\u4e0d\u5c11\u6c34\u4e61\u666f\u533a\uff0c\u800c\u4e14\u8bb8\u591a\u90fd\u662f\u514d\u8d39\u7684\uff0c\u4e2d\u5c71\u8fd9\u4e2a\u6536\u8d39\u7684\u5cad\u5357\u6c34\u4e61\u6e38\u5ba2\u663e\u5f97\u5f88\u51b7\u6e05\u4e86\uff0c\u666f\u533a\u8bbe\u65bd\u4e5f\u662f\u7f3a\u4e4f\u7ef4\u62a4\u7684\u6837\u5b50\u3002"", ""date"": ""2016-03-11"", ""score"": 3, ""commentId"": ""204726319"", ""imgs"": [], ""userNickName"": ""1*5"", ""replyCityName"": """", ""cityName"": """"}], ""score"": 3.8, ""commentCount"": 27}, ""statusCode"": 200}"
中山失恋博物馆,https://qimgs.qunarzz.com/piao_qsight_provider_piao_qsight_web/temp1422013150307453621635061800000159zt0273A_wmr.jpg_280x200_d0d331e4.jpg,中山市,中山市,中山市凤鸣路中天广场4层,-1,-1.0,中山失恋博物馆内展示了手写的情书，老式手机，在一起时聊天截图。以及戛然而止的爱情。,https://piao.qunar.com/ticket/detail_2290304060.html?st=a3clM0QlRTQlQjglQUQlRTUlQjElQjElRTUlQjglODIlMjZpZCUzRDUwNTc1MiUyNnR5cGUlM0QwJTI2aWR4JTNEOTYlMjZxdCUzRCUyNmFwayUzRDIlMjZzYyUzRFdXVyUyNnVyJTNEJUU0JUI4JUFEJUU1JUIxJUIxJTI2bHIlM0QlRTQlQjglQUQlRTUlQjElQjElMjZmdCUzRCU3QiU3RA%3D%3D#from=mpl_search_suggest,-1.0,N/A,中山失恋博物馆内展示了手写的情书，老式手机，在一起时聊天截图。以及戛然而止的爱情。,01/01-12/31；10:00-21:00开园,https://qimgs.qunarzz.com/piao_qsight_provider_piao_qsight_web/temp1422013150307453621635061800000159zt0273A_wmr.jpg_710x360_3ae0825f.jpg,"{""ret"": true, ""data"": {""tagList"": [{""tagType"": 0, ""tagScore"": 5, ""tagNum"": 0, ""tagName"": ""\u5168\u90e8""}], ""score"": 0.0, ""commentCount"": 0}, ""statusCode"": 200}"
中山星空失恋博物馆(石歧步行街总店),https://qimgs.qunarzz.com/piao_qsight_provider_piao_qsight_web/35061800000159zt0273A_C_900_504.jpg_280x200_bea9edec.jpg,中山市,中山市,广东省中山市石岐街道凤鸣路2号,-1,-1.0,中山星空失恋主题博物馆内展示了手写的情书，老式手机，在一起时聊天截图。以及戛然而止的爱情。,https://piao.qunar.com/ticket/detail_2612453998.html?st=a3clM0QlRTQlQjglQUQlRTUlQjElQjElRTUlQjglODIlMjZpZCUzRDUwNTYzMCUyNnR5cGUlM0QwJTI2aWR4JTNEOTUlMjZxdCUzRCUyNmFwayUzRDIlMjZzYyUzRFdXVyUyNnVyJTNEJUU0JUI4JUFEJUU1JUIxJUIxJTI2bHIlM0QlRTQlQjglQUQlRTUlQjElQjElMjZmdCUzRCU3QiU3RA%3D%3D#from=mpl_search_suggest,-1.0,N/A,中山星空失恋主题博物馆内展示了手写的情书，老式手机，在一起时聊天截图。以及戛然而止的爱情。,"全年，周一至周五:10:00-22:00，周末:10:00-22:30
具体营业状态以当天开放情况为准",https://qimgs.qunarzz.com/piao_qsight_provider_piao_qsight_web/35061800000159zt0273A_C_900_504.jpg_710x360_0dfcb9a9.jpg〇https://qimgs.qunarzz.com/piao_qsight_provider_piao_qsight_web/3507180000015q21g0842_C_900_504_Q90_Mtg_7.jpg_710x360_1f3c02b1.jpg〇https://qimgs.qunarzz.com/piao_qsight_provider_piao_qsight_web/350m180000015iraz737A_C_900_504_Q90_Mtg_7.jpg_710x360_30c4e054.jpg〇https://qimgs.qunarzz.com/piao_qsight_provider_piao_qsight_web/350u1800000159cds4135_C_900_504_Q90_Mtg_7.jpg_710x360_b0be309f.jpg〇https://qimgs.qunarzz.com/piao_qsight_provider_piao_qsight_web/350a180000015aoyv525A_C_900_504_Q90_Mtg_7.jpg_710x360_8ff8397a.jpg〇https://qimgs.qunarzz.com/piao_qsight_provider_piao_qsight_web/350g180000015a2b21841_C_900_504_Q90_Mtg_7.jpg_710x360_339b808f.jpg〇https://qimgs.qunarzz.com/piao_qsight_provider_piao_qsight_web/3505180000015bvqoD3CB_C_900_504_Q90_Mtg_7.jpg_710x360_19537ae9.jpg〇https://qimgs.qunarzz.com/piao_qsight_provider_piao_qsight_web/350p1800000158i6b36EF_C_900_504_Q90_Mtg_7.jpg_710x360_ea58158c.jpg〇https://qimgs.qunarzz.com/piao_qsight_provider_piao_qsight_web/350a180000015ap0tC8B8_C_900_504_Q90_Mtg_7.jpg_710x360_2eb55d95.jpg〇https://qimgs.qunarzz.com/piao_qsight_provider_piao_qsight_web/350p1800000158ibrECDD_C_900_504_Q90_Mtg_7.jpg_710x360_aea72fa5.jpg〇https://qimgs.qunarzz.com/piao_qsight_provider_piao_qsight_web/35061800000159zt0273A_C_900_504_Q90_Mtg_7.jpg_710x360_b0d2a612.jpg,"{""ret"": true, ""data"": {""tagList"": [{""tagType"": 0, ""tagScore"": 5, ""tagNum"": 0, ""tagName"": ""\u5168\u90e8""}], ""score"": 0.0, ""commentCount"": 0}, ""statusCode"": 200}"
逍遥谷野战拓展基地,https://imgs.qunarzz.com/sight/p0/201407/30/e034e17da7083ff0aa36b2cc3707a7e0.jpeg_280x200_46ecebc1.jpeg,中山市,中山市,广东省中山市三乡镇南龙村白水林山下,-1,-1.0,标准军事战术训练场,https://piao.qunar.com/ticket/detail_2333696627.html?st=a3clM0QlRTQlQjglQUQlRTUlQjElQjElRTUlQjglODIlMjZpZCUzRDE5NjI1OCUyNnR5cGUlM0QwJTI2aWR4JTNEOTQlMjZxdCUzRCUyNmFwayUzRDIlMjZzYyUzRFdXVyUyNnVyJTNEJUU0JUI4JUFEJUU1JUIxJUIxJTI2bHIlM0QlRTQlQjglQUQlRTUlQjElQjElMjZmdCUzRCU3QiU3RA%3D%3D#from=mpl_search_suggest,-1.0,N/A,逍遥谷野战拓展基地是依托了粤东南沿海的重要山脉、三百平方公里的五桂山五桂山系北宽26公里，南宽15公里，主峰海拔541.6米，属花岗岩地貌，南坡五公里长的断层崖雄伟险峻，北坡山脉青翠绵延起伏。景区四围有大磨山（341米）、石寨山（417米）、芋子排（496米）、马填岭（319米）、白坟头（254米）……，用望远镜可以眺望珠江三角洲好多城市，还可以看到澳门和香港的新机场，大有“一览众城小”的感觉。八十年代，邓小平曾徒步登越过五桂山，留下了“不走回头路”的名句。逍遥谷CS野战基地占地上百亩。标准军事战术训练场，场地内丛林密布，高地开阔地、沟壑、山丘自然分布，按照野战要求修建的野战工事、堑壕、掩体星罗棋布。场地：台军排环形防御阵地、丛林场地、障碍场地、地道场地、两山头攻坚场地。适宜行野战丛林搜索、丛林对抗、反恐战争、抢占高地夺旗战等战役。,9:00-18:00,https://imgs.qunarzz.com/sight/p0/201407/30/e034e17da7083ff0aa36b2cc3707a7e0.jpeg_710x360_fab2e078.jpeg〇https://imgs.qunarzz.com/sight/p0/201407/30/c1ee7ebb7fa4d8e5841521b5683849cd.jpg_710x360_abf90e20.jpg〇https://imgs.qunarzz.com/sight/p0/201407/30/7f5abf9fc675319e0e8f915026a2519e.jpeg_710x360_f519c187.jpeg,"{""ret"": true, ""data"": {""tagList"": [{""tagType"": 0, ""tagScore"": 5, ""tagNum"": 0, ""tagName"": ""\u5168\u90e8""}], ""score"": 0.0, ""commentCount"": 0}, ""statusCode"": 200}"
南山古香林,https://imgs.qunarzz.com/sight/p0/201403/07/a3d6f603531cc4b90c83a2943b9a8b92.jpg_280x200_4135554e.jpg,中山市,中山市,广东省中山市区内,-1,-1.0,古香古色古佛寺，美山美水美不胜收,https://piao.qunar.com/ticket/detail_1557565640.html?st=a3clM0QlRTQlQjglQUQlRTUlQjElQjElRTUlQjglODIlMjZpZCUzRDEyNjc0JTI2dHlwZSUzRDAlMjZpZHglM0Q5MyUyNnF0JTNEJTI2YXBrJTNEMiUyNnNjJTNEV1dXJTI2dXIlM0QlRTQlQjglQUQlRTUlQjElQjElMjZsciUzRCVFNCVCOCVBRCVFNSVCMSVCMSUyNmZ0JTNEJTdCJTdE#from=mpl_search_suggest,-1.0,N/A,南山古香林位于市区东南4公里。这一带群山起伏，林荫茂密，林中原有一座佛寺，相传建于明朝，清代重修，名为“南山古香林寺”，民国18年（1929年）重建，改名为“雪山古香林寺”。寺内有如来、观音、四大金刚、十八罗汉等佛像。寺外花园石景，古色古香。四方前来参拜者甚众。,01/01-12/31；全天开放,https://imgs.qunarzz.com/sight/p0/201403/07/a3d6f603531cc4b90c83a2943b9a8b92.jpg_710x360_47a4e783.jpg,"{""ret"": true, ""data"": {""tagList"": [{""tagType"": 0, ""tagScore"": 5, ""tagNum"": 0, ""tagName"": ""\u5168\u90e8""}], ""score"": 0.0, ""commentCount"": 0}, ""statusCode"": 200}"
得能湖公园,https://imgs.qunarzz.com/sight/p0/201403/10/2a25995e79177fcbe2595db5e631f2c0.jpg_280x200_a9550855.jpg,中山市,中山市,广东省中山市市辖区康乐大道20号,-1,-1.0,让人们尽享湖光山色之美景,https://piao.qunar.com/ticket/detail_2084862901.html?st=a3clM0QlRTQlQjglQUQlRTUlQjElQjElRTUlQjglODIlMjZpZCUzRDE4NjU0OCUyNnR5cGUlM0QwJTI2aWR4JTNEOTIlMjZxdCUzRCUyNmFwayUzRDIlMjZzYyUzRFdXVyUyNnVyJTNEJUU0JUI4JUFEJUU1JUIxJUIxJTI2bHIlM0QlRTQlQjglQUQlRTUlQjElQjElMjZmdCUzRCU3QiU3RA%3D%3D#from=mpl_search_suggest,-1.0,N/A,得能湖公园位于广东省中山市市辖区康乐大道20号。,暂无,https://imgs.qunarzz.com/sight/p0/201403/10/2a25995e79177fcbe2595db5e631f2c0.jpg_710x360_d6487f8a.jpg,"{""ret"": true, ""data"": {""tagList"": [{""tagType"": 0, ""tagScore"": 5, ""tagNum"": 0, ""tagName"": ""\u5168\u90e8""}], ""score"": 0.0, ""commentCount"": 0}, ""statusCode"": 200}"
杨殷故居,https://imgs.qunarzz.com/sight/p46/201211/06/3e7794f8478f368693835fbb.jpg_280x200_30fcfb7d.jpg,中山市,中山市,广东省中山市南朗镇翠亨村,-1,-1.0,富有中国古建筑形式的房子，壮严肃穆,https://piao.qunar.com/ticket/detail_295438821.html?st=a3clM0QlRTQlQjglQUQlRTUlQjElQjElRTUlQjglODIlMjZpZCUzRDE1MDE5JTI2dHlwZSUzRDAlMjZpZHglM0Q5MSUyNnF0JTNEJTI2YXBrJTNEMiUyNnNjJTNEV1dXJTI2dXIlM0QlRTQlQjglQUQlRTUlQjElQjElMjZsciUzRCVFNCVCOCVBRCVFNSVCMSVCMSUyNmZ0JTNEJTdCJTdE#from=mpl_search_suggest,-1.0,N/A,"杨殷烈士故居位于南朗镇翠亨村，沿翠亨村大道，在那平整的总理大街中段，一幢石脚青砖，富有中国古建筑形式的房子。故居建于清代咸丰年间，占地面积1420平方米，建筑面积280平方米，是三开间砖木结构平房。分正厅及两边各有耳房，厅的正中央安放着杨殷的大幅照片及全家合照，还竖有一幅杨殷生平事迹介绍。厅内陈设雅洁，壮严肃穆，左边耳房是杨殷寝室，结婚时所用过的大铁床、书桌、日字形木凳、木面盆架，现仍保存完整。1989年6月29日被广东省人民政府公布为省级重点文物保护单位。 杨殷于1892年8月12日诞生在翠亨一个小康户人家，在翠亨和石岐镇读完私塾及初中。1910年离开故乡到广州，就读于天主教创办的学校""圣心书院""。由于受到叔父杨鹤龄的反清爱国思想的影响，于1911年秋，在广州加入中国同盟会，跟随孙中山参加革命。1917年9月，杨殷被邀至大元帅府参军处工作，兼任孙中山卫队副官，后于1923年加入中国共产党。1926年任中共两广区委委员，1927年，广州起义爆发，任苏维埃政府代理主席，兼肃反委员会主席。1928年在党的第六次代表大会，被选为中共中央委员、政治局候补委员，中央常委及兼*军事部长。1929年8月24日，被叛徒白鑫出卖在上海被捕，同年8月30日于上海龙华英勇就义。时年37岁。",暂无,https://imgs.qunarzz.com/sight/p46/201211/06/3e7794f8478f368693835fbb.jpg_710x360_142fc35b.jpg〇https://qimgs.qunarzz.com/piao_qsight_provider_piao_qsight_web/4f32237a366478c116ed9e899f213111.jpg_710x360_771c0623.jpg,"{""ret"": true, ""data"": {""tagList"": [{""tagType"": 0, ""tagScore"": 5, ""tagNum"": 0, ""tagName"": ""\u5168\u90e8""}], ""score"": 0.0, ""commentCount"": 0}, ""statusCode"": 200}"
蝶影虫虫,https://qimgs.qunarzz.com/piao_qsight_provider_piao_qsight_web/temp4011072109092136410102r120009kjdjxd2EDC_wmr.jpg_280x200_f97ca2d8.jpg,中山市,中山市,广东省中山市东区中山六路1号天奕国际广场212卡之二 213卡,4,5.0,大自然的赠礼，观看昆虫。亲子乐园，融合玩乐于一体。,https://piao.qunar.com/ticket/detail_1989229574.html?st=a3clM0QlRTQlQjglQUQlRTUlQjElQjElRTUlQjglODIlMjZpZCUzRDUxNTc3NCUyNnR5cGUlM0QwJTI2aWR4JTNEMTM0JTI2cXQlM0QlMjZhcGslM0QyJTI2c2MlM0RXV1clMjZ1ciUzRCVFNCVCOCVBRCVFNSVCMSVCMSUyNmxyJTNEJUU0JUI4JUFEJUU1JUIxJUIxJTI2ZnQlM0QlN0IlN0Q%3D#from=mpl_search_suggest,-1.0,N/A,大自然的赠礼，观看昆虫。亲子乐园，融合玩乐于一体。,10:00-22:00,https://qimgs.qunarzz.com/piao_qsight_provider_piao_qsight_web/temp4011072109092136410102r120009kjdjxd2EDC_wmr.jpg_710x360_92d2a7f4.jpg,"{""ret"": true, ""data"": {""tagList"": [{""tagType"": 1, ""tagScore"": 5, ""tagNum"": 4, ""tagName"": ""\u597d\u8bc4""}, {""tagType"": 0, ""tagScore"": 5, ""tagNum"": 4, ""tagName"": ""\u5168\u90e8""}], ""commentList"": [{""author"": ""\u53bb*\u6237"", ""content"": ""\u7528\u6237\u672a\u70b9\u8bc4\uff0c\u7cfb\u7edf\u9ed8\u8ba4\u597d\u8bc4\u3002"", ""date"": ""2022-10-13"", ""score"": 5, ""commentId"": ""223545061"", ""imgs"": [], ""userNickName"": ""\u53bb*\u6237"", ""replyCityName"": """", ""cityName"": """"}, {""author"": ""j*3"", ""content"": ""\u7528\u6237\u672a\u70b9\u8bc4\uff0c\u7cfb\u7edf\u9ed8\u8ba4\u597d\u8bc4\u3002"", ""date"": ""2022-10-13"", ""score"": 5, ""commentId"": ""223543729"", ""imgs"": [], ""userNickName"": ""j*3"", ""replyCityName"": """", ""cityName"": """"}, {""author"": ""z*y"", ""content"": ""\u7528\u6237\u672a\u70b9\u8bc4\uff0c\u7cfb\u7edf\u9ed8\u8ba4\u597d\u8bc4\u3002"", ""date"": ""2022-08-16"", ""score"": 5, ""commentId"": ""222800098"", ""imgs"": [], ""userNickName"": ""z*y"", ""replyCityName"": """", ""cityName"": """"}, {""author"": ""\u53bb*\u6237"", ""content"": ""\u7528\u6237\u672a\u70b9\u8bc4\uff0c\u7cfb\u7edf\u9ed8\u8ba4\u597d\u8bc4\u3002"", ""date"": ""2022-08-01"", ""score"": 5, ""commentId"": ""222639228"", ""imgs"": [], ""userNickName"": ""\u53bb*\u6237"", ""replyCityName"": """", ""cityName"": """"}], ""score"": 5.0, ""commentCount"": 4}, ""statusCode"": 200}"
虫林法则,https://imgs.qunarzz.com/sight/p0/2203/d5/d582fc21bc21a9da3.img.png_280x200_bfc97868.png,中山市,中山市,中山市小榄百汇时代广场三楼3F014-016,2,5.0,"昆虫标本一次大饱眼福，500+昆虫品种，带你了解昆虫的世界~。“超燃”开启之旅
四、景区内单独收费的景点和项目",https://piao.qunar.com/ticket/detail_322385028.html?st=a3clM0QlRTQlQjglQUQlRTUlQjElQjElRTUlQjglODIlMjZpZCUzRDUxNDIyNSUyNnR5cGUlM0QwJTI2aWR4JTNEMTMzJTI2cXQlM0QlMjZhcGslM0QyJTI2c2MlM0RXV1clMjZ1ciUzRCVFNCVCOCVBRCVFNSVCMSVCMSUyNmxyJTNEJUU0JUI4JUFEJUU1JUIxJUIxJTI2ZnQlM0QlN0IlN0Q%3D#from=mpl_search_suggest,-1.0,N/A,昆虫标本一次大饱眼福，500+昆虫品种，带你了解昆虫的世界~。“超燃”开启之旅四、景区内单独收费的景点和项目,"1.全年:13:30-21:30
1)开放时间:13:30-21:30",https://imgs.qunarzz.com/sight/p0/2203/d5/d582fc21bc21a9da3.img.png_710x360_7a3789f7.png,"{""ret"": true, ""data"": {""tagList"": [{""tagType"": 1, ""tagScore"": 5, ""tagNum"": 2, ""tagName"": ""\u597d\u8bc4""}, {""tagType"": 0, ""tagScore"": 5, ""tagNum"": 2, ""tagName"": ""\u5168\u90e8""}], ""commentList"": [{""author"": ""\u53bb*\u6237"", ""content"": ""\u7528\u6237\u672a\u70b9\u8bc4\uff0c\u7cfb\u7edf\u9ed8\u8ba4\u597d\u8bc4\u3002"", ""date"": ""2022-09-14"", ""score"": 5, ""commentId"": ""223318451"", ""imgs"": [], ""userNickName"": ""\u53bb*\u6237"", ""replyCityName"": """", ""cityName"": """"}, {""author"": ""\u53bb*\u6237"", ""content"": ""\u7528\u6237\u672a\u70b9\u8bc4\uff0c\u7cfb\u7edf\u9ed8\u8ba4\u597d\u8bc4\u3002"", ""date"": ""2022-08-11"", ""score"": 5, ""commentId"": ""222742314"", ""imgs"": [], ""userNickName"": ""\u53bb*\u6237"", ""replyCityName"": """", ""cityName"": """"}], ""score"": 5.0, ""commentCount"": 2}, ""statusCode"": 200}"
云顶星河游乐王国,https://qimgs.qunarzz.com/piao_qsight_provider_piao_qsight_web/100n1f000001gpbrt74B3_C_900_504.jpg_280x200_22cbe33b.jpg,中山市,中山市,中山市古镇镇新兴大道东161号大信新都汇F1,204,4.7,刺激游乐项目与高科技结合,https://piao.qunar.com/ticket/detail_236468600.html?st=a3clM0QlRTQlQjglQUQlRTUlQjElQjElRTUlQjglODIlMjZpZCUzRDQ1MTg1NyUyNnR5cGUlM0QwJTI2aWR4JTNEMTMyJTI2cXQlM0QlMjZhcGslM0QyJTI2c2MlM0RXV1clMjZ1ciUzRCVFNCVCOCVBRCVFNSVCMSVCMSUyNmxyJTNEJUU0JUI4JUFEJUU1JUIxJUIxJTI2ZnQlM0QlN0IlN0Q%3D#from=mpl_search_suggest,-1.0,N/A,国内首家与商业综合体结合的高端主题乐园同时也是华南区设施丰富且拥有高科技影视项目的现代化主题乐园。,"1/1-12/31；周二至周四,周日；15:00-22:00开园",https://qimgs.qunarzz.com/piao_qsight_provider_piao_qsight_web/100n1f000001gpbrt74B3_C_900_504.jpg_710x360_b6f2f7e9.jpg〇https://qimgs.qunarzz.com/piao_qsight_provider_piao_qsight_web/0104h1200082qitr49BA5_C_900_504_Q90_Mtg_7.jpg_710x360_5cfd8792.jpg〇https://qimgs.qunarzz.com/piao_qsight_provider_piao_qsight_web/0101t1200082qixn349AC_C_900_504_Q90_Mtg_7.jpg_710x360_b1a376c9.jpg〇https://qimgs.qunarzz.com/piao_qsight_provider_piao_qsight_web/0105d1200082qitiv8191_C_900_504_Q90_Mtg_7.jpg_710x360_bdfc0434.jpg〇https://qimgs.qunarzz.com/piao_qsight_provider_piao_qsight_web/010691200082qixn868F8_C_900_504_Q90_Mtg_7.jpg_710x360_bc0801b3.jpg〇https://qimgs.qunarzz.com/piao_qsight_provider_piao_qsight_web/0105d1200082qiwo90AEF_C_900_504_Q90_Mtg_7.jpg_710x360_0b795c2f.jpg〇https://qimgs.qunarzz.com/piao_qsight_provider_piao_qsight_web/0104h1200082qiu71AFA6_C_900_504_Q90_Mtg_7.jpg_710x360_3fbacbc2.jpg〇https://qimgs.qunarzz.com/piao_qsight_provider_piao_qsight_web/10080w000000kc0l4106A_C_900_504_Q90_Mtg_7.jpg_710x360_596b38f5.jpg〇https://qimgs.qunarzz.com/piao_qsight_provider_piao_qsight_web/100o0w000000kanuwB208_C_900_504_Q90_Mtg_7.jpg_710x360_31113132.jpg〇https://qimgs.qunarzz.com/piao_qsight_provider_piao_qsight_web/100w0w000000khust9A48_C_900_504_Q90_Mtg_7.jpg_710x360_11de7c7a.jpg〇https://qimgs.qunarzz.com/piao_qsight_provider_piao_qsight_web/100n1f000001gpbrt74B3_C_900_504_Q90_Mtg_7.jpg_710x360_3a817a49.jpg〇https://imgs.qunarzz.com/sight/p0/1507/39/bff8072019754861f309acdc46fdde06.water.jpg_710x360_4360f229.jpg〇https://imgs.qunarzz.com/sight/p0/1507/40/64b06fa2e92e962a71031191b5966bde.water.jpg_710x360_5f211e3e.jpg〇https://imgs.qunarzz.com/sight/p0/1507/fd/5333a833869e2f1fdf7902b87801ef74.water.jpg_710x360_ca00482a.jpg〇https://imgs.qunarzz.com/sight/p0/1507/59/6c188ff84f4fe3a1622a96d07610ecf7.water.jpg_710x360_55ab2990.jpg〇https://imgs.qunarzz.com/sight/p0/1507/9a/f7ffdd87c57744f8566dcd7c9e9084fe.water.jpg_710x360_9ee25b2b.jpg〇https://imgs.qunarzz.com/sight/p0/1507/73/644392c7b00c35c388fdfcfd853ec94e.water.jpg_710x360_2477f84c.jpg〇https://imgs.qunarzz.com/sight/p0/1507/43/7e418bc79bea4c50b8b1c4a4de80b96e.water.jpg_710x360_e8f2d6d4.jpg〇https://imgs.qunarzz.com/sight/p0/1507/e6/e85ffdb9683560f0a08f0aea20942f03.water.jpg_710x360_856dcb14.jpg〇https://imgs.qunarzz.com/sight/p0/1507/13/5554c1c9e916022106e55acd6316ffba.water.jpg_710x360_48987b9c.jpg〇https://imgs.qunarzz.com/sight/p0/1507/ee/043bef3fddd56844ff67f1a3b26f6de5.water.jpg_710x360_8ba2352f.jpg〇https://qimgs.qunarzz.com/piao_qsight_provider_piao_qsight_web/13a2be9d44dd0137.jpg_710x360_f65de3d3.jpg,"{""ret"": true, ""data"": {""tagList"": [{""tagType"": 32, ""tagScore"": 5, ""tagNum"": 2, ""tagName"": ""\u670d\u52a1\u597d""}, {""tagType"": 16, ""tagScore"": 5, ""tagNum"": 3, ""tagName"": ""\u9760\u8c31""}, {""tagType"": 8, ""tagScore"": 5, ""tagNum"": 3, ""tagName"": ""\u4fbf\u5b9c""}, {""tagType"": 4, ""tagScore"": 5, ""tagNum"": 2, ""tagName"": ""\u53d6\u7968\u65b9\u4fbf""}, {""tagType"": 3, ""tagScore"": 5, ""tagNum"": 4, ""tagName"": ""\u5dee\u8bc4""}, {""tagType"": 2, ""tagScore"": 5, ""tagNum"": 9, ""tagName"": ""\u4e2d\u8bc4""}, {""tagType"": 1, ""tagScore"": 5, ""tagNum"": 191, ""tagName"": ""\u597d\u8bc4""}, {""tagType"": 0, ""tagScore"": 5, ""tagNum"": 204, ""tagName"": ""\u5168\u90e8""}], ""commentList"": [{""author"": ""\u53bb*\u6237"", ""content"": ""\u7528\u6237\u672a\u70b9\u8bc4\uff0c\u7cfb\u7edf\u9ed8\u8ba4\u597d\u8bc4\u3002"", ""date"": ""2023-08-16"", ""score"": 5, ""commentId"": ""227391682"", ""imgs"": [], ""userNickName"": ""\u53bb*\u6237"", ""replyCityName"": """", ""cityName"": """"}, {""author"": ""y*5"", ""content"": ""\u7528\u6237\u672a\u70b9\u8bc4\uff0c\u7cfb\u7edf\u9ed8\u8ba4\u597d\u8bc4\u3002"", ""date"": ""2023-06-01"", ""score"": 5, ""commentId"": ""225985093"", ""imgs"": [], ""userNickName"": ""y*5"", ""replyCityName"": """", ""cityName"": """"}, {""author"": ""\u53bb*\u6237"", ""content"": ""\u7528\u6237\u672a\u70b9\u8bc4\uff0c\u7cfb\u7edf\u9ed8\u8ba4\u597d\u8bc4\u3002"", ""date"": ""2023-03-31"", ""score"": 5, ""commentId"": ""224946757"", ""imgs"": [], ""userNickName"": ""\u53bb*\u6237"", ""replyCityName"": """", ""cityName"": """"}, {""author"": ""y*5"", ""content"": ""\u7528\u6237\u672a\u70b9\u8bc4\uff0c\u7cfb\u7edf\u9ed8\u8ba4\u597d\u8bc4\u3002"", ""date"": ""2022-09-28"", ""score"": 5, ""commentId"": ""223461927"", ""imgs"": [], ""userNickName"": ""y*5"", ""replyCityName"": """", ""cityName"": """"}, {""author"": ""t*5"", ""content"": ""\u7528\u6237\u672a\u70b9\u8bc4\uff0c\u7cfb\u7edf\u9ed8\u8ba4\u597d\u8bc4\u3002"", ""date"": ""2022-08-05"", ""score"": 5, ""commentId"": ""222681302"", ""imgs"": [], ""userNickName"": ""t*5"", ""replyCityName"": """", ""cityName"": """"}, {""author"": ""a*1"", ""content"": ""\u7528\u6237\u672a\u70b9\u8bc4\uff0c\u7cfb\u7edf\u9ed8\u8ba4\u597d\u8bc4\u3002"", ""date"": ""2022-03-07"", ""score"": 5, ""commentId"": ""222004548"", ""imgs"": [], ""userNickName"": ""a*1"", ""replyCityName"": """", ""cityName"": """"}, {""author"": ""y*5"", ""content"": ""\u7528\u6237\u672a\u70b9\u8bc4\uff0c\u7cfb\u7edf\u9ed8\u8ba4\u597d\u8bc4\u3002"", ""date"": ""2022-01-25"", ""score"": 5, ""commentId"": ""221752015"", ""imgs"": [], ""userNickName"": ""y*5"", ""replyCityName"": """", ""cityName"": """"}, {""author"": ""\u6731*\u7ea2"", ""content"": ""\u7528\u6237\u672a\u70b9\u8bc4\uff0c\u7cfb\u7edf\u9ed8\u8ba4\u597d\u8bc4\u3002"", ""date"": ""2021-12-21"", ""score"": 5, ""commentId"": ""221628837"", ""imgs"": [], ""userNickName"": ""\u6731*\u7ea2"", ""replyCityName"": """", ""cityName"": """"}, {""author"": ""e*0"", ""content"": ""\u7528\u6237\u672a\u70b9\u8bc4\uff0c\u7cfb\u7edf\u9ed8\u8ba4\u597d\u8bc4\u3002"", ""date"": ""2021-10-13"", ""score"": 5, ""commentId"": ""220906050"", ""imgs"": [], ""userNickName"": ""e*0"", ""replyCityName"": """", ""cityName"": """"}, {""author"": ""x*4"", ""content"": ""\u7528\u6237\u672a\u70b9\u8bc4\uff0c\u7cfb\u7edf\u9ed8\u8ba4\u597d\u8bc4\u3002"", ""date"": ""2021-09-15"", ""score"": 5, ""commentId"": ""220720200"", ""imgs"": [], ""userNickName"": ""x*4"", ""replyCityName"": """", ""cityName"": """"}], ""score"": 4.7, ""commentCount"": 204}, ""statusCode"": 200}"
老杨草莓园(丰收路店),https://qimgs.qunarzz.com/piao_qsight_provider_piao_qsight_web/0102f120008hwt2xb8C4C_C_900_504.jpg_280x200_5c2f3d32.jpg,中山市,中山市,三乡镇西山村丰收路18号,1,5.0,N/A,https://piao.qunar.com/ticket/detail_2091385453.html?st=a3clM0QlRTQlQjglQUQlRTUlQjElQjElRTUlQjglODIlMjZpZCUzRDUxMDUwOCUyNnR5cGUlM0QwJTI2aWR4JTNEMTMxJTI2cXQlM0QlMjZhcGslM0QyJTI2c2MlM0RXV1clMjZ1ciUzRCVFNCVCOCVBRCVFNSVCMSVCMSUyNmxyJTNEJUU0JUI4JUFEJUU1JUIxJUIxJTI2ZnQlM0QlN0IlN0Q%3D#from=mpl_search_suggest,-1.0,N/A,N/A,1/1-12/31；春季，冬季；09:00-18:00开园,https://qimgs.qunarzz.com/piao_qsight_provider_piao_qsight_web/0102f120008hwt2xb8C4C_C_900_504.jpg_710x360_ad7ed486.jpg〇https://qimgs.qunarzz.com/piao_qsight_provider_piao_qsight_web/0102f120008hwt2xb8C4C_C_900_504_Q90_Mtg_7.jpg_710x360_fcf44743.jpg,"{""ret"": true, ""data"": {""tagList"": [{""tagType"": 1, ""tagScore"": 5, ""tagNum"": 1, ""tagName"": ""\u597d\u8bc4""}, {""tagType"": 0, ""tagScore"": 5, ""tagNum"": 1, ""tagName"": ""\u5168\u90e8""}], ""commentList"": [{""author"": ""k*2"", ""content"": ""\u7528\u6237\u672a\u70b9\u8bc4\uff0c\u7cfb\u7edf\u9ed8\u8ba4\u597d\u8bc4\u3002"", ""date"": ""2022-03-08"", ""score"": 5, ""commentId"": ""222033237"", ""imgs"": [], ""userNickName"": ""k*2"", ""replyCityName"": """", ""cityName"": """"}], ""score"": 5.0, ""commentCount"": 1}, ""statusCode"": 200}"
云梯山花海,https://qimgs.qunarzz.com/piao_qsight_provider_piao_qsight_web/100p1f000001gpgtz3979_C_900_504.jpg_280x200_6a4956af.jpg,中山市,中山市,广东省中山市南朗镇合里村,3,5.0,四季有花、季季不同,https://piao.qunar.com/ticket/detail_2941823757.html?st=a3clM0QlRTQlQjglQUQlRTUlQjElQjElRTUlQjglODIlMjZpZCUzRDQ3MjM5NSUyNnR5cGUlM0QwJTI2aWR4JTNEMTMwJTI2cXQlM0QlMjZhcGslM0QyJTI2c2MlM0RXV1clMjZ1ciUzRCVFNCVCOCVBRCVFNSVCMSVCMSUyNmxyJTNEJUU0JUI4JUFEJUU1JUIxJUIxJTI2ZnQlM0QlN0IlN0Q%3D#from=mpl_search_suggest,-1.0,N/A,N/A,1/1-12/31；周一至周日；09:00-18:00开园,https://qimgs.qunarzz.com/piao_qsight_provider_piao_qsight_web/100p1f000001gpgtz3979_C_900_504.jpg_710x360_87d0655a.jpg〇https://qimgs.qunarzz.com/piao_qsight_provider_piao_qsight_web/100w11000000qg0ty7042_C_900_504_Q90_Mtg_7.jpg_710x360_f6f23bd7.jpg〇https://qimgs.qunarzz.com/piao_qsight_provider_piao_qsight_web/100i11000000q8t2r2100_C_900_504_Q90_Mtg_7.jpg_710x360_7c2f2d09.jpg〇https://qimgs.qunarzz.com/piao_qsight_provider_piao_qsight_web/100s11000000qgv7q560A_C_900_504_Q90_Mtg_7.jpg_710x360_cea33fbe.jpg〇https://qimgs.qunarzz.com/piao_qsight_provider_piao_qsight_web/100h11000000qbk6b492F_C_900_504_Q90_Mtg_7.jpg_710x360_b722fc04.jpg〇https://qimgs.qunarzz.com/piao_qsight_provider_piao_qsight_web/100211000000qh2hq5EC5_C_900_504_Q90_Mtg_7.jpg_710x360_2a23dfab.jpg〇https://qimgs.qunarzz.com/piao_qsight_provider_piao_qsight_web/100e11000000qcqlq6B59_C_900_504_Q90_Mtg_7.jpg_710x360_2d8962eb.jpg〇https://qimgs.qunarzz.com/piao_qsight_provider_piao_qsight_web/100511000000qchtnD983_C_900_504_Q90_Mtg_7.jpg_710x360_a9a9e6ca.jpg〇https://qimgs.qunarzz.com/piao_qsight_provider_piao_qsight_web/100t11000000qa1c2758F_C_900_504_Q90_Mtg_7.jpg_710x360_f5f17171.jpg〇https://qimgs.qunarzz.com/piao_qsight_provider_piao_qsight_web/100g11000000qaoi7B077_C_900_504_Q90_Mtg_7.jpg_710x360_9caa35c9.jpg〇https://qimgs.qunarzz.com/piao_qsight_provider_piao_qsight_web/100p1f000001gpgtz3979_C_900_504_Q90_Mtg_7.jpg_710x360_1d976b81.jpg,"{""ret"": true, ""data"": {""tagList"": [{""tagType"": 32, ""tagScore"": 5, ""tagNum"": 1, ""tagName"": ""\u670d\u52a1\u597d""}, {""tagType"": 16, ""tagScore"": 5, ""tagNum"": 1, ""tagName"": ""\u9760\u8c31""}, {""tagType"": 1, ""tagScore"": 5, ""tagNum"": 3, ""tagName"": ""\u597d\u8bc4""}, {""tagType"": 0, ""tagScore"": 5, ""tagNum"": 3, ""tagName"": ""\u5168\u90e8""}], ""commentList"": [{""author"": ""C*6"", ""content"": ""\u7528\u6237\u672a\u70b9\u8bc4\uff0c\u7cfb\u7edf\u9ed8\u8ba4\u597d\u8bc4\u3002"", ""date"": ""2023-04-04"", ""score"": 5, ""commentId"": ""224981742"", ""imgs"": [], ""userNickName"": ""C*6"", ""replyCityName"": """", ""cityName"": """"}, {""author"": ""e*4"", ""content"": ""\u975e\u5e38\u6ee1\u610f\u7684\u4e00\u6b21\u51fa\u884c\uff0c\u7ed9\u5bfc\u6e38\u70b9\u4e2a\u8d5e\u3002"", ""date"": ""2023-03-06"", ""score"": 5, ""commentId"": ""224647593"", ""imgs"": [], ""userNickName"": ""e*4"", ""replyCityName"": ""\u6e56\u5357"", ""cityName"": ""\u6e56\u5357""}, {""author"": ""\u53bb*\u6237"", ""content"": ""\u7b2c\u4e00\u6b21\u89c1\u5230\u8fd9\u4e48\u6f02\u4eae\u7684\u82b1\uff0c\u5f88\u68d2\uff0c\u4ef7\u683c\u53c8\u4e0d\u8d35\u503c\u5f97"", ""date"": ""2023-02-20"", ""score"": 5, ""commentId"": ""224200927"", ""imgs"": [], ""userNickName"": ""\u53bb*\u6237"", ""replyCityName"": ""\u6e56\u5357"", ""cityName"": ""\u6e56\u5357""}], ""score"": 5.0, ""commentCount"": 3}, ""statusCode"": 200}"
中山蹦床减压公园,https://qimgs.qunarzz.com/piao_qsight_provider_piao_qsight_web/0104h120009pxd544F7A1_C_900_504.jpg_280x200_a6630c78.jpg,中山市,中山市,广东省中山市中山二路84号苹果派教育城1楼（消防局正对面）,6,5.0,N/A,https://piao.qunar.com/ticket/detail_2604385704.html?st=a3clM0QlRTQlQjglQUQlRTUlQjElQjElRTUlQjglODIlMjZpZCUzRDUxNjE3MCUyNnR5cGUlM0QwJTI2aWR4JTNEMTI5JTI2cXQlM0QlMjZhcGslM0QyJTI2c2MlM0RXV1clMjZ1ciUzRCVFNCVCOCVBRCVFNSVCMSVCMSUyNmxyJTNEJUU0JUI4JUFEJUU1JUIxJUIxJTI2ZnQlM0QlN0IlN0Q%3D#from=mpl_search_suggest,-1.0,N/A,N/A,1/1-12/31；周一至周日；09:30-21:30开园,https://qimgs.qunarzz.com/piao_qsight_provider_piao_qsight_web/0104h120009pxd544F7A1_C_900_504.jpg_710x360_4160dc88.jpg〇https://qimgs.qunarzz.com/piao_qsight_provider_piao_qsight_web/0100b120009pxcvrv4F65_C_900_504_Q90_Mtg_7.jpg_710x360_ab7bcfac.jpg〇https://qimgs.qunarzz.com/piao_qsight_provider_piao_qsight_web/0104h120009pxd544F7A1_C_900_504_Q90_Mtg_7.jpg_710x360_5e392599.jpg,"{""ret"": true, ""data"": {""tagList"": [{""tagType"": 1, ""tagScore"": 5, ""tagNum"": 6, ""tagName"": ""\u597d\u8bc4""}, {""tagType"": 0, ""tagScore"": 5, ""tagNum"": 6, ""tagName"": ""\u5168\u90e8""}], ""commentList"": [{""author"": ""\u53bb*\u6237"", ""content"": ""\u7528\u6237\u672a\u70b9\u8bc4\uff0c\u7cfb\u7edf\u9ed8\u8ba4\u597d\u8bc4\u3002"", ""date"": ""2022-10-02"", ""score"": 5, ""commentId"": ""223484577"", ""imgs"": [], ""userNickName"": ""\u53bb*\u6237"", ""replyCityName"": """", ""cityName"": """"}, {""author"": ""\u53bb*\u6237"", ""content"": ""\u7528\u6237\u672a\u70b9\u8bc4\uff0c\u7cfb\u7edf\u9ed8\u8ba4\u597d\u8bc4\u3002"", ""date"": ""2022-09-21"", ""score"": 5, ""commentId"": ""223407767"", ""imgs"": [], ""userNickName"": ""\u53bb*\u6237"", ""replyCityName"": """", ""cityName"": """"}, {""author"": ""\u53bb*\u6237"", ""content"": ""\u7528\u6237\u672a\u70b9\u8bc4\uff0c\u7cfb\u7edf\u9ed8\u8ba4\u597d\u8bc4\u3002"", ""date"": ""2022-09-04"", ""score"": 5, ""commentId"": ""223110332"", ""imgs"": [], ""userNickName"": ""\u53bb*\u6237"", ""replyCityName"": """", ""cityName"": """"}, {""author"": ""\u53bb*\u6237"", ""content"": ""\u7528\u6237\u672a\u70b9\u8bc4\uff0c\u7cfb\u7edf\u9ed8\u8ba4\u597d\u8bc4\u3002"", ""date"": ""2022-09-03"", ""score"": 5, ""commentId"": ""223090774"", ""imgs"": [], ""userNickName"": ""\u53bb*\u6237"", ""replyCityName"": """", ""cityName"": """"}, {""author"": ""\u53bb*\u6237"", ""content"": ""\u7528\u6237\u672a\u70b9\u8bc4\uff0c\u7cfb\u7edf\u9ed8\u8ba4\u597d\u8bc4\u3002"", ""date"": ""2022-09-01"", ""score"": 5, ""commentId"": ""223052425"", ""imgs"": [], ""userNickName"": ""\u53bb*\u6237"", ""replyCityName"": """", ""cityName"": """"}, {""author"": ""\u53bb*\u6237"", ""content"": ""\u7528\u6237\u672a\u70b9\u8bc4\uff0c\u7cfb\u7edf\u9ed8\u8ba4\u597d\u8bc4\u3002"", ""date"": ""2022-09-01"", ""score"": 5, ""commentId"": ""223052230"", ""imgs"": [], ""userNickName"": ""\u53bb*\u6237"", ""replyCityName"": """", ""cityName"": """"}], ""score"": 5.0, ""commentCount"": 6}, ""statusCode"": 200}"
广骏生态农庄,https://qimgs.qunarzz.com/piao_qsight_provider_piao_qsight_web/100j0u000000j2kig1781_C_900_504.jpg_280x200_c25da57d.jpg,中山市,中山市,中山市六沙大道与六沙西一街交叉路口往南约220米,127,4.8,聚会和观光的理想去处,https://piao.qunar.com/ticket/detail_1972775576.html?st=a3clM0QlRTQlQjglQUQlRTUlQjElQjElRTUlQjglODIlMjZpZCUzRDQ2OTAzNSUyNnR5cGUlM0QwJTI2aWR4JTNEMTI4JTI2cXQlM0QlMjZhcGslM0QyJTI2c2MlM0RXV1clMjZ1ciUzRCVFNCVCOCVBRCVFNSVCMSVCMSUyNmxyJTNEJUU0JUI4JUFEJUU1JUIxJUIxJTI2ZnQlM0QlN0IlN0Q%3D#from=mpl_search_suggest,-1.0,N/A,广骏生态园座落于中山市横栏镇六沙村六沙大道，占地面积300亩，毗临西江边，是岭南传统的水乡，是传统农业种植、绿色生态保护区。本园得到政府部门支持，以农业资源与现代科技相结合模式，在保留原自然生态的同时，全力打造一家集农业观光、农业科普教育、采摘体验、拓展训练、休闲、游乐、聚会、美食于一体的大型生态园。园区于2016年开始筹备，分观光农业、游乐、拓展训练营、餐饮四大板块。观光农业板块包含：可能是广东省内品种齐全的岭南疏果百科园、花海、农田、菜园、果园、农具展馆、湿地……游乐板块包含：游泳场、游船、骑行、游乐场、田园抓鸡和捡鸡蛋、湿地钓小龙虾和抓鱼、捞鱼、宠盟动物园……拓展训练营板块包含：拓展营地、CS野战场、露营营地……餐饮板块包含：600餐位的大型农庄、800餐位的野炊、烧烤场……广骏生态园，期待您的光临！,暂无,https://qimgs.qunarzz.com/piao_qsight_provider_piao_qsight_web/100j0u000000j2kig1781_C_900_504.jpg_710x360_558acca5.jpg〇https://qimgs.qunarzz.com/piao_qsight_provider_piao_qsight_web/100v0u000000je3q2286F_C_900_504_Q90_Mtg_7.jpg_710x360_0c816c86.jpg〇https://qimgs.qunarzz.com/piao_qsight_provider_piao_qsight_web/100l0u000000j37xx89EF_C_900_504_Q90_Mtg_7.jpg_710x360_ef28d302.jpg〇https://qimgs.qunarzz.com/piao_qsight_provider_piao_qsight_web/100j0u000000j2kidE7E0_C_900_504_Q90_Mtg_7.jpg_710x360_cde36699.jpg〇https://qimgs.qunarzz.com/piao_qsight_provider_piao_qsight_web/100n0u000000j245v0048_C_900_504_Q90_Mtg_7.jpg_710x360_d6d69cab.jpg〇https://qimgs.qunarzz.com/piao_qsight_provider_piao_qsight_web/10050u000000j5k8k7B58_C_900_504_Q90_Mtg_7.jpg_710x360_a4a90d4a.jpg〇https://qimgs.qunarzz.com/piao_qsight_provider_piao_qsight_web/100g0u000000j3qvt9C46_C_900_504_Q90_Mtg_7.jpg_710x360_8829e0c8.jpg〇https://qimgs.qunarzz.com/piao_qsight_provider_piao_qsight_web/10060u000000j3odnAF90_C_900_504_Q90_Mtg_7.jpg_710x360_e3cd0a7b.jpg〇https://qimgs.qunarzz.com/piao_qsight_provider_piao_qsight_web/100w0u000000j938380A6_C_900_504_Q90_Mtg_7.jpg_710x360_97e2da0b.jpg〇https://qimgs.qunarzz.com/piao_qsight_provider_piao_qsight_web/100a0u000000j4dju0D20_C_900_504_Q90_Mtg_7.jpg_710x360_04e1543e.jpg〇https://qimgs.qunarzz.com/piao_qsight_provider_piao_qsight_web/100j0u000000j2kig1781_C_900_504_Q90_Mtg_7.jpg_710x360_fa35cf51.jpg〇https://imgs.qunarzz.com/sight/p0/1807/a9/a98fd7fa31c26e0ca3.img.jpg_710x360_6d3d097a.jpg〇https://imgs.qunarzz.com/sight/p0/1807/dd/dd1dd13c966b10e6a3.img.jpg_710x360_95eafef9.jpg〇https://imgs.qunarzz.com/sight/p0/1807/d0/d0f8b2323c730c23a3.img.jpg_710x360_d0d54edf.jpg〇https://imgs.qunarzz.com/sight/p0/1807/c8/c820850ed1150d7aa3.img.jpg_710x360_e49c04e0.jpg〇https://imgs.qunarzz.com/sight/p0/1807/17/17323d0a864c212fa3.img.jpg_710x360_771c0311.jpg〇https://imgs.qunarzz.com/sight/p0/1807/86/860f379dcb9ffed5a3.img.jpg_710x360_2c8f78d0.jpg〇https://imgs.qunarzz.com/sight/p0/1807/36/36b7cca46dedc9c8a3.img.jpg_710x360_d953d80e.jpg〇https://imgs.qunarzz.com/sight/p0/1807/c4/c458eef0e7d3efe6a3.img.jpg_710x360_fd332b11.jpg〇https://imgs.qunarzz.com/sight/p0/1807/8c/8cb59959a33d6c80a3.img.jpg_710x360_79f15eaa.jpg〇https://imgs.qunarzz.com/sight/p0/1807/f0/f010423419eddb9ea3.img.jpg_710x360_ca2a134c.jpg〇https://imgs.qunarzz.com/sight/p0/1807/6f/6f4bee787db0d74da3.img.jpg_710x360_cfa730ce.jpg〇https://imgs.qunarzz.com/sight/p0/1807/36/36688a3763ec5bb4a3.img.jpg_710x360_4280c061.jpg〇https://imgs.qunarzz.com/sight/p0/1807/cd/cde0fed36fc8d7b7a3.img.jpg_710x360_3054dd8e.jpg〇https://imgs.qunarzz.com/sight/p0/1807/41/41728693b139a493a3.img.jpg_710x360_4854a3a0.jpg〇https://imgs.qunarzz.com/sight/p0/1807/d3/d3683a92d9860d54a3.img.jpg_710x360_49d71a30.jpg〇https://imgs.qunarzz.com/sight/p0/1807/a8/a8507d7bc1242aea3.img.jpg_710x360_4686e475.jpg〇https://imgs.qunarzz.com/sight/p0/1807/87/873c761b3887e231a3.img.jpg_710x360_3eea8754.jpg〇https://imgs.qunarzz.com/sight/p0/1807/48/484ffee7e8881645a3.img.jpg_710x360_ef328230.jpg〇https://imgs.qunarzz.com/sight/p0/1807/b1/b14c84217825be22a3.img.jpg_710x360_8a15afcb.jpg〇https://imgs.qunarzz.com/sight/p0/1807/89/896ef6cbe9e08e65a3.img.jpg_710x360_98113172.jpg〇https://imgs.qunarzz.com/sight/p0/1807/d9/d9cf8cfb929eeda1a3.img.jpg_710x360_6a31bc73.jpg〇https://imgs.qunarzz.com/sight/p0/1807/a7/a71d7201c6f04d6ba3.img.jpg_710x360_28703c7d.jpg〇https://qimgs.qunarzz.com/piao_qsight_provider_piao_qsight_web/1552950371198100f12000000sagsyC395_D_640_10000.jpg_710x360_ad8e7107.jpg〇https://qimgs.qunarzz.com/piao_qsight_provider_piao_qsight_web/1552950370699100112000000snddcCA90_D_640_10000.jpg_710x360_87eae5f3.jpg〇https://qimgs.qunarzz.com/piao_qsight_provider_piao_qsight_web/1552950370433100h12000000sc0ob3DC9_D_640_10000.jpg_710x360_7f399463.jpg〇https://qimgs.qunarzz.com/piao_qsight_provider_piao_qsight_web/42b9a0d5b78be402.jpg_710x360_eeffbec8.jpg,"{""ret"": true, ""data"": {""tagList"": [{""tagType"": 3, ""tagScore"": 5, ""tagNum"": 3, ""tagName"": ""\u5dee\u8bc4""}, {""tagType"": 1, ""tagScore"": 5, ""tagNum"": 122, ""tagName"": ""\u597d\u8bc4""}, {""tagType"": 0, ""tagScore"": 5, ""tagNum"": 127, ""tagName"": ""\u5168\u90e8""}], ""commentList"": [{""author"": ""\u852c*\u6211"", ""content"": ""\u7528\u6237\u672a\u70b9\u8bc4\uff0c\u7cfb\u7edf\u9ed8\u8ba4\u597d\u8bc4\u3002"", ""date"": ""2021-06-01"", ""score"": 5, ""commentId"": ""219065921"", ""imgs"": [], ""userNickName"": ""\u852c*\u6211"", ""replyCityName"": """", ""cityName"": """"}, {""author"": ""m*5"", ""content"": ""\u7528\u6237\u672a\u70b9\u8bc4\uff0c\u7cfb\u7edf\u9ed8\u8ba4\u597d\u8bc4\u3002"", ""date"": ""2021-05-08"", ""score"": 5, ""commentId"": ""218742981"", ""imgs"": [], ""userNickName"": ""m*5"", ""replyCityName"": """", ""cityName"": """"}, {""author"": ""g*8"", ""content"": ""\u7528\u6237\u672a\u70b9\u8bc4\uff0c\u7cfb\u7edf\u9ed8\u8ba4\u597d\u8bc4\u3002"", ""date"": ""2021-05-06"", ""score"": 5, ""commentId"": ""218724701"", ""imgs"": [], ""userNickName"": ""g*8"", ""replyCityName"": """", ""cityName"": """"}, {""author"": ""p*5"", ""content"": ""\u7528\u6237\u672a\u70b9\u8bc4\uff0c\u7cfb\u7edf\u9ed8\u8ba4\u597d\u8bc4\u3002"", ""date"": ""2021-04-18"", ""score"": 5, ""commentId"": ""218460331"", ""imgs"": [], ""userNickName"": ""p*5"", ""replyCityName"": """", ""cityName"": """"}, {""author"": ""p*5"", ""content"": ""\u7528\u6237\u672a\u70b9\u8bc4\uff0c\u7cfb\u7edf\u9ed8\u8ba4\u597d\u8bc4\u3002"", ""date"": ""2021-04-18"", ""score"": 5, ""commentId"": ""218460127"", ""imgs"": [], ""userNickName"": ""p*5"", ""replyCityName"": """", ""cityName"": """"}, {""author"": ""a*\u83ca"", ""content"": ""\u7528\u6237\u672a\u70b9\u8bc4\uff0c\u7cfb\u7edf\u9ed8\u8ba4\u597d\u8bc4\u3002"", ""date"": ""2021-04-09"", ""score"": 5, ""commentId"": ""218381152"", ""imgs"": [], ""userNickName"": ""a*\u83ca"", ""replyCityName"": """", ""cityName"": """"}, {""author"": ""\u98ce*\u7403"", ""content"": ""\u7528\u6237\u672a\u70b9\u8bc4\uff0c\u7cfb\u7edf\u9ed8\u8ba4\u597d\u8bc4\u3002"", ""date"": ""2021-04-04"", ""score"": 5, ""commentId"": ""218339484"", ""imgs"": [], ""userNickName"": ""\u98ce*\u7403"", ""replyCityName"": """", ""cityName"": """"}, {""author"": ""\u7956*\u7237"", ""content"": ""\u7528\u6237\u672a\u70b9\u8bc4\uff0c\u7cfb\u7edf\u9ed8\u8ba4\u597d\u8bc4\u3002"", ""date"": ""2021-03-26"", ""score"": 5, ""commentId"": ""218277040"", ""imgs"": [], ""userNickName"": ""\u7956*\u7237"", ""replyCityName"": """", ""cityName"": """"}, {""author"": ""q*8"", ""content"": ""\u7528\u6237\u672a\u70b9\u8bc4\uff0c\u7cfb\u7edf\u9ed8\u8ba4\u597d\u8bc4\u3002"", ""date"": ""2021-03-24"", ""score"": 5, ""commentId"": ""218254841"", ""imgs"": [], ""userNickName"": ""q*8"", ""replyCityName"": """", ""cityName"": """"}, {""author"": ""j*6"", ""content"": ""\u7528\u6237\u672a\u70b9\u8bc4\uff0c\u7cfb\u7edf\u9ed8\u8ba4\u597d\u8bc4\u3002"", ""date"": ""2021-03-21"", ""score"": 5, ""commentId"": ""218213558"", ""imgs"": [], ""userNickName"": ""j*6"", ""replyCityName"": """", ""cityName"": """"}], ""score"": 4.8, ""commentCount"": 127}, ""statusCode"": 200}"
松鼠乐园(悦盈新城店),https://qimgs.qunarzz.com/piao_qsight_provider_piao_qsight_web/100w11000000rbwmj76F9_C_900_504.jpg_280x200_29c7a6e3.jpg,中山市,中山市,广东省中山市永安一路9号悦盈新城花园生活超市对面,22,5.0,N/A,https://piao.qunar.com/ticket/detail_158383233.html?st=a3clM0QlRTQlQjglQUQlRTUlQjElQjElRTUlQjglODIlMjZpZCUzRDQ3MjM5NCUyNnR5cGUlM0QwJTI2aWR4JTNEMTI3JTI2cXQlM0QlMjZhcGslM0QyJTI2c2MlM0RXV1clMjZ1ciUzRCVFNCVCOCVBRCVFNSVCMSVCMSUyNmxyJTNEJUU0JUI4JUFEJUU1JUIxJUIxJTI2ZnQlM0QlN0IlN0Q%3D#from=mpl_search_suggest,-1.0,N/A,N/A,具体营业状态以当天开放情况为准,https://qimgs.qunarzz.com/piao_qsight_provider_piao_qsight_web/100w11000000rbwmj76F9_C_900_504.jpg_710x360_8d8e39b0.jpg〇https://qimgs.qunarzz.com/piao_qsight_provider_piao_qsight_web/100511000000r8dmpDAF8_C_900_504_Q90_Mtg_7.jpg_710x360_ea0c0e54.jpg〇https://qimgs.qunarzz.com/piao_qsight_provider_piao_qsight_web/100a11000000r76yn3951_C_900_504_Q90_Mtg_7.jpg_710x360_a412b6e4.jpg〇https://qimgs.qunarzz.com/piao_qsight_provider_piao_qsight_web/100n11000000r4xkj95FD_C_900_504_Q90_Mtg_7.jpg_710x360_f2d52ecb.jpg〇https://qimgs.qunarzz.com/piao_qsight_provider_piao_qsight_web/100c11000000r8ilm3A03_C_900_504_Q90_Mtg_7.jpg_710x360_efafc3a5.jpg〇https://qimgs.qunarzz.com/piao_qsight_provider_piao_qsight_web/100q11000000r75sxD3AA_C_900_504_Q90_Mtg_7.jpg_710x360_f77ac094.jpg〇https://qimgs.qunarzz.com/piao_qsight_provider_piao_qsight_web/100r11000000r4albEA12_C_900_504_Q90_Mtg_7.jpg_710x360_94100819.jpg〇https://qimgs.qunarzz.com/piao_qsight_provider_piao_qsight_web/100i11000000r4ovpB0C5_C_900_504_Q90_Mtg_7.jpg_710x360_a0de40e5.jpg〇https://qimgs.qunarzz.com/piao_qsight_provider_piao_qsight_web/100g11000000r6kb9B686_C_900_504_Q90_Mtg_7.jpg_710x360_868eb206.jpg〇https://qimgs.qunarzz.com/piao_qsight_provider_piao_qsight_web/100j11000000r5dxh3D66_C_900_504_Q90_Mtg_7.jpg_710x360_b8442cd2.jpg〇https://qimgs.qunarzz.com/piao_qsight_provider_piao_qsight_web/100w11000000rbwmj76F9_C_900_504_Q90_Mtg_7.jpg_710x360_fbc6c611.jpg,"{""ret"": true, ""data"": {""tagList"": [{""tagType"": 1, ""tagScore"": 5, ""tagNum"": 22, ""tagName"": ""\u597d\u8bc4""}, {""tagType"": 0, ""tagScore"": 5, ""tagNum"": 22, ""tagName"": ""\u5168\u90e8""}], ""commentList"": [{""author"": ""\u53bb*\u6237"", ""content"": ""\u7528\u6237\u672a\u70b9\u8bc4\uff0c\u7cfb\u7edf\u9ed8\u8ba4\u597d\u8bc4\u3002"", ""date"": ""2022-11-22"", ""score"": 5, ""commentId"": ""223814500"", ""imgs"": [], ""userNickName"": ""\u53bb*\u6237"", ""replyCityName"": """", ""cityName"": """"}, {""author"": ""l*6"", ""content"": ""\u7528\u6237\u672a\u70b9\u8bc4\uff0c\u7cfb\u7edf\u9ed8\u8ba4\u597d\u8bc4\u3002"", ""date"": ""2022-01-04"", ""score"": 5, ""commentId"": ""221680892"", ""imgs"": [], ""userNickName"": ""l*6"", ""replyCityName"": """", ""cityName"": """"}, {""author"": ""n*0"", ""content"": ""\u7528\u6237\u672a\u70b9\u8bc4\uff0c\u7cfb\u7edf\u9ed8\u8ba4\u597d\u8bc4\u3002"", ""date"": ""2021-12-28"", ""score"": 5, ""commentId"": ""221651675"", ""imgs"": [], ""userNickName"": ""n*0"", ""replyCityName"": """", ""cityName"": """"}, {""author"": ""l*6"", ""content"": ""\u7528\u6237\u672a\u70b9\u8bc4\uff0c\u7cfb\u7edf\u9ed8\u8ba4\u597d\u8bc4\u3002"", ""date"": ""2021-11-16"", ""score"": 5, ""commentId"": ""221447942"", ""imgs"": [], ""userNickName"": ""l*6"", ""replyCityName"": """", ""cityName"": """"}, {""author"": ""y*2"", ""content"": ""\u7528\u6237\u672a\u70b9\u8bc4\uff0c\u7cfb\u7edf\u9ed8\u8ba4\u597d\u8bc4\u3002"", ""date"": ""2021-09-27"", ""score"": 5, ""commentId"": ""220788891"", ""imgs"": [], ""userNickName"": ""y*2"", ""replyCityName"": """", ""cityName"": """"}, {""author"": ""J*\u4f73"", ""content"": ""\u7528\u6237\u672a\u70b9\u8bc4\uff0c\u7cfb\u7edf\u9ed8\u8ba4\u597d\u8bc4\u3002"", ""date"": ""2021-09-18"", ""score"": 5, ""commentId"": ""220736681"", ""imgs"": [], ""userNickName"": ""J*\u4f73"", ""replyCityName"": """", ""cityName"": """"}, {""author"": ""h*u"", ""content"": ""\u7528\u6237\u672a\u70b9\u8bc4\uff0c\u7cfb\u7edf\u9ed8\u8ba4\u597d\u8bc4\u3002"", ""date"": ""2021-05-05"", ""score"": 5, ""commentId"": ""218700798"", ""imgs"": [], ""userNickName"": ""h*u"", ""replyCityName"": """", ""cityName"": """"}, {""author"": ""b*1"", ""content"": ""\u7528\u6237\u672a\u70b9\u8bc4\uff0c\u7cfb\u7edf\u9ed8\u8ba4\u597d\u8bc4\u3002"", ""date"": ""2021-05-05"", ""score"": 5, ""commentId"": ""218690063"", ""imgs"": [], ""userNickName"": ""b*1"", ""replyCityName"": """", ""cityName"": """"}, {""author"": ""5*7"", ""content"": ""\u7528\u6237\u672a\u70b9\u8bc4\uff0c\u7cfb\u7edf\u9ed8\u8ba4\u597d\u8bc4\u3002"", ""date"": ""2021-03-05"", ""score"": 5, ""commentId"": ""217999096"", ""imgs"": [], ""userNickName"": ""5*7"", ""replyCityName"": """", ""cityName"": """"}, {""author"": ""b*0"", ""content"": ""\u7528\u6237\u672a\u70b9\u8bc4\uff0c\u7cfb\u7edf\u9ed8\u8ba4\u597d\u8bc4\u3002"", ""date"": ""2020-11-25"", ""score"": 5, ""commentId"": ""217433741"", ""imgs"": [], ""userNickName"": ""b*0"", ""replyCityName"": """", ""cityName"": """"}], ""score"": 5.0, ""commentCount"": 22}, ""statusCode"": 200}"
华侨城格子空间,https://qimgs.qunarzz.com/piao_qsight_provider_piao_qsight_web/0104712000aasly50DA8D_C_900_504.jpg_280x200_c06c7403.jpg,中山市,中山市,中山市星晨路与岐港路交叉路口往北约210米,1,5.0,N/A,https://piao.qunar.com/ticket/detail_2643044461.html?st=a3clM0QlRTQlQjglQUQlRTUlQjElQjElRTUlQjglODIlMjZpZCUzRDUxOTk5MCUyNnR5cGUlM0QwJTI2aWR4JTNEMTI2JTI2cXQlM0QlMjZhcGslM0QyJTI2c2MlM0RXV1clMjZ1ciUzRCVFNCVCOCVBRCVFNSVCMSVCMSUyNmxyJTNEJUU0JUI4JUFEJUU1JUIxJUIxJTI2ZnQlM0QlN0IlN0Q%3D#from=mpl_search_suggest,-1.0,N/A,N/A,1/1-12/31；周一至周日；08:30-18:00开园,https://qimgs.qunarzz.com/piao_qsight_provider_piao_qsight_web/0104712000aasly50DA8D_C_900_504.jpg_710x360_269ed111.jpg〇https://qimgs.qunarzz.com/piao_qsight_provider_piao_qsight_web/0104112000aasluyg7675_C_900_504_Q90_Mtg_7.jpg_710x360_f6bb7514.jpg〇https://qimgs.qunarzz.com/piao_qsight_provider_piao_qsight_web/0100712000aaslrcu8110_C_900_504_Q90_Mtg_7.jpg_710x360_02e41eb5.jpg〇https://qimgs.qunarzz.com/piao_qsight_provider_piao_qsight_web/0104g12000aasm03xA447_C_900_504_Q90_Mtg_7.jpg_710x360_6440e71c.jpg〇https://qimgs.qunarzz.com/piao_qsight_provider_piao_qsight_web/0104a12000aaslury97C6_C_900_504_Q90_Mtg_7.jpg_710x360_4827a1a4.jpg〇https://qimgs.qunarzz.com/piao_qsight_provider_piao_qsight_web/0100h12000aasltds3B30_C_900_504_Q90_Mtg_7.jpg_710x360_a5d89a02.jpg〇https://qimgs.qunarzz.com/piao_qsight_provider_piao_qsight_web/0107112000aasltu624D4_C_900_504_Q90_Mtg_7.jpg_710x360_f191cc89.jpg〇https://qimgs.qunarzz.com/piao_qsight_provider_piao_qsight_web/0104h12000aaslt7rEB93_C_900_504_Q90_Mtg_7.jpg_710x360_148510f6.jpg〇https://qimgs.qunarzz.com/piao_qsight_provider_piao_qsight_web/0105b12000aasm03q4F7B_C_900_504_Q90_Mtg_7.jpg_710x360_5a6574f7.jpg〇https://qimgs.qunarzz.com/piao_qsight_provider_piao_qsight_web/0106s12000aaslz2d2DE0_C_900_504_Q90_Mtg_7.jpg_710x360_c314623b.jpg〇https://qimgs.qunarzz.com/piao_qsight_provider_piao_qsight_web/0104712000aasly50DA8D_C_900_504_Q90_Mtg_7.jpg_710x360_eaeb33d0.jpg,"{""ret"": true, ""data"": {""tagList"": [{""tagType"": 1, ""tagScore"": 5, ""tagNum"": 1, ""tagName"": ""\u597d\u8bc4""}, {""tagType"": 0, ""tagScore"": 5, ""tagNum"": 1, ""tagName"": ""\u5168\u90e8""}], ""commentList"": [{""author"": ""\u53bb*\u6237"", ""content"": ""\u7528\u6237\u672a\u70b9\u8bc4\uff0c\u7cfb\u7edf\u9ed8\u8ba4\u597d\u8bc4\u3002"", ""date"": ""2023-10-18"", ""score"": 5, ""commentId"": ""229445084"", ""imgs"": [], ""userNickName"": ""\u53bb*\u6237"", ""replyCityName"": """", ""cityName"": """"}], ""score"": 5.0, ""commentCount"": 1}, ""statusCode"": 200}"
6K帆鲨海洋乐园,https://imgs.qunarzz.com/sight/p0/1908/ca/cad813d7ed72e581a3.water.jpg_280x200_c7f102a7.jpg,中山市,中山市,中山市小榄镇兴裕路16号録咖商城3层,61,5.0,大型综合室内海洋乐园,https://piao.qunar.com/ticket/detail_3516297968.html?st=a3clM0QlRTQlQjglQUQlRTUlQjElQjElRTUlQjglODIlMjZpZCUzRDQ3NTI0NCUyNnR5cGUlM0QwJTI2aWR4JTNEMTI1JTI2cXQlM0QlMjZhcGslM0QyJTI2c2MlM0RXV1clMjZ1ciUzRCVFNCVCOCVBRCVFNSVCMSVCMSUyNmxyJTNEJUU0JUI4JUFEJUU1JUIxJUIxJTI2ZnQlM0QlN0IlN0Q%3D#from=mpl_search_suggest,-1.0,N/A,6K帆鲨海洋乐园正式进驻中山市小榄镇録咖商城，面积达2300平方米的这个室内海洋乐园在2019年2月1日正式对外开放。作为一个集奇趣海洋生物、零距离互动体验、少儿科学教育及网红海洋主题餐厅于一体的大型综合室内海洋乐园，将打造一个综性的科普性、体验性、趣味性极强的海洋乐园，为大家展示一个精妙绝伦的海底世界。,1/1-12/31；周一至周日；10:30-18:30开园,https://imgs.qunarzz.com/sight/p0/1908/ca/cad813d7ed72e581a3.water.jpg_710x360_42291ddd.jpg,"{""ret"": true, ""data"": {""tagList"": [{""tagType"": 1, ""tagScore"": 5, ""tagNum"": 61, ""tagName"": ""\u597d\u8bc4""}, {""tagType"": 0, ""tagScore"": 5, ""tagNum"": 61, ""tagName"": ""\u5168\u90e8""}], ""commentList"": [{""author"": ""\u53bb*\u6237"", ""content"": ""\u7528\u6237\u672a\u70b9\u8bc4\uff0c\u7cfb\u7edf\u9ed8\u8ba4\u597d\u8bc4\u3002"", ""date"": ""2022-11-23"", ""score"": 5, ""commentId"": ""223823566"", ""imgs"": [], ""userNickName"": ""\u53bb*\u6237"", ""replyCityName"": """", ""cityName"": """"}, {""author"": ""r*8"", ""content"": ""\u7528\u6237\u672a\u70b9\u8bc4\uff0c\u7cfb\u7edf\u9ed8\u8ba4\u597d\u8bc4\u3002"", ""date"": ""2022-11-13"", ""score"": 5, ""commentId"": ""223793969"", ""imgs"": [], ""userNickName"": ""r*8"", ""replyCityName"": """", ""cityName"": """"}, {""author"": ""\u53bb*\u6237"", ""content"": ""\u7528\u6237\u672a\u70b9\u8bc4\uff0c\u7cfb\u7edf\u9ed8\u8ba4\u597d\u8bc4\u3002"", ""date"": ""2022-11-06"", ""score"": 5, ""commentId"": ""223766465"", ""imgs"": [], ""userNickName"": ""\u53bb*\u6237"", ""replyCityName"": """", ""cityName"": """"}, {""author"": ""\u53bb*\u6237"", ""content"": ""\u7528\u6237\u672a\u70b9\u8bc4\uff0c\u7cfb\u7edf\u9ed8\u8ba4\u597d\u8bc4\u3002"", ""date"": ""2022-11-06"", ""score"": 5, ""commentId"": ""223765872"", ""imgs"": [], ""userNickName"": ""\u53bb*\u6237"", ""replyCityName"": """", ""cityName"": """"}, {""author"": ""z*0"", ""content"": ""\u7528\u6237\u672a\u70b9\u8bc4\uff0c\u7cfb\u7edf\u9ed8\u8ba4\u597d\u8bc4\u3002"", ""date"": ""2022-11-05"", ""score"": 5, ""commentId"": ""223738918"", ""imgs"": [], ""userNickName"": ""z*0"", ""replyCityName"": """", ""cityName"": """"}, {""author"": ""\u53bb*\u6237"", ""content"": ""\u7528\u6237\u672a\u70b9\u8bc4\uff0c\u7cfb\u7edf\u9ed8\u8ba4\u597d\u8bc4\u3002"", ""date"": ""2021-10-19"", ""score"": 5, ""commentId"": ""220935627"", ""imgs"": [], ""userNickName"": ""\u53bb*\u6237"", ""replyCityName"": """", ""cityName"": """"}, {""author"": ""\u53bb*\u6237"", ""content"": ""\u7528\u6237\u672a\u70b9\u8bc4\uff0c\u7cfb\u7edf\u9ed8\u8ba4\u597d\u8bc4\u3002"", ""date"": ""2021-10-19"", ""score"": 5, ""commentId"": ""220935449"", ""imgs"": [], ""userNickName"": ""\u53bb*\u6237"", ""replyCityName"": """", ""cityName"": """"}, {""author"": ""k*6"", ""content"": ""\u7528\u6237\u672a\u70b9\u8bc4\uff0c\u7cfb\u7edf\u9ed8\u8ba4\u597d\u8bc4\u3002"", ""date"": ""2021-05-10"", ""score"": 5, ""commentId"": ""218758825"", ""imgs"": [], ""userNickName"": ""k*6"", ""replyCityName"": """", ""cityName"": """"}, {""author"": ""b*2"", ""content"": ""\u7528\u6237\u672a\u70b9\u8bc4\uff0c\u7cfb\u7edf\u9ed8\u8ba4\u597d\u8bc4\u3002"", ""date"": ""2021-05-07"", ""score"": 5, ""commentId"": ""218735556"", ""imgs"": [], ""userNickName"": ""b*2"", ""replyCityName"": """", ""cityName"": """"}, {""author"": ""b*2"", ""content"": ""\u7528\u6237\u672a\u70b9\u8bc4\uff0c\u7cfb\u7edf\u9ed8\u8ba4\u597d\u8bc4\u3002"", ""date"": ""2021-05-07"", ""score"": 5, ""commentId"": ""218735546"", ""imgs"": [], ""userNickName"": ""b*2"", ""replyCityName"": """", ""cityName"": """"}], ""score"": 5.0, ""commentCount"": 61}, ""statusCode"": 200}"
中山南朗敏捷温泉海岸霖海泉舍,https://imgs.qunarzz.com/sight/p0/2011/57/570f5d865dec38a7a3.img.jpg_280x200_1e307999.jpg,中山市,中山市,中山市南朗镇海情路海韵公寓商铺40卡（霖海泉舍接待中心）,81,5.0,N/A,https://piao.qunar.com/ticket/detail_2532634111.html?st=a3clM0QlRTQlQjglQUQlRTUlQjElQjElRTUlQjglODIlMjZpZCUzRDUxMDI5OSUyNnR5cGUlM0QwJTI2aWR4JTNEMTI0JTI2cXQlM0QlMjZhcGslM0QyJTI2c2MlM0RXV1clMjZ1ciUzRCVFNCVCOCVBRCVFNSVCMSVCMSUyNmxyJTNEJUU0JUI4JUFEJUU1JUIxJUIxJTI2ZnQlM0QlN0IlN0Q%3D#from=mpl_search_suggest,-1.0,N/A,N/A,01/01-12/31；10:00-22:00开园,https://imgs.qunarzz.com/sight/p0/2011/57/570f5d865dec38a7a3.img.jpg_710x360_1a1aae2f.jpg〇https://imgs.qunarzz.com/sight/p0/2011/bf/bf46d9e3c420da27a3.img.jpg_710x360_94f5b83f.jpg〇https://imgs.qunarzz.com/sight/p0/2011/d8/d8b28567bbab15c4a3.img.jpg_710x360_d1061ee0.jpg〇https://imgs.qunarzz.com/sight/p0/2011/7e/7e66ee8c93ebc94da3.img.jpg_710x360_a5ec8e01.jpg〇https://imgs.qunarzz.com/sight/p0/2011/26/267d027d5610a2faa3.img.jpg_710x360_82977c9a.jpg,"{""ret"": true, ""data"": {""tagList"": [{""tagType"": 1, ""tagScore"": 5, ""tagNum"": 81, ""tagName"": ""\u597d\u8bc4""}, {""tagType"": 0, ""tagScore"": 5, ""tagNum"": 81, ""tagName"": ""\u5168\u90e8""}], ""commentList"": [{""author"": ""q*g"", ""content"": ""\u7528\u6237\u672a\u70b9\u8bc4\uff0c\u7cfb\u7edf\u9ed8\u8ba4\u597d\u8bc4\u3002"", ""date"": ""2024-01-02"", ""score"": 5, ""commentId"": ""230932964"", ""imgs"": [], ""userNickName"": ""q*g"", ""replyCityName"": """", ""cityName"": """"}, {""author"": ""j*a"", ""content"": ""\u7528\u6237\u672a\u70b9\u8bc4\uff0c\u7cfb\u7edf\u9ed8\u8ba4\u597d\u8bc4\u3002"", ""date"": ""2023-12-22"", ""score"": 5, ""commentId"": ""230796540"", ""imgs"": [], ""userNickName"": ""j*a"", ""replyCityName"": """", ""cityName"": """"}, {""author"": ""\u53bb*\u6237"", ""content"": ""\u975e\u5e38\u597d\uff0c\u73af\u5883\u512a\u7f8e\uff0c\u6703\u518d\u4f86"", ""date"": ""2023-12-24"", ""score"": 5, ""commentId"": ""230818802"", ""imgs"": [], ""userNickName"": ""\u53bb*\u6237"", ""replyCityName"": """", ""cityName"": ""\u4e2d\u56fd\u9999\u6e2f""}, {""author"": ""\u4f59*\u4f01"", ""content"": ""\u7528\u6237\u672a\u70b9\u8bc4\uff0c\u7cfb\u7edf\u9ed8\u8ba4\u597d\u8bc4\u3002"", ""date"": ""2023-07-05"", ""score"": 5, ""commentId"": ""226459279"", ""imgs"": [], ""userNickName"": ""\u4f59*\u4f01"", ""replyCityName"": """", ""cityName"": """"}, {""author"": ""\u4f59*\u4f01"", ""content"": ""\u7528\u6237\u672a\u70b9\u8bc4\uff0c\u7cfb\u7edf\u9ed8\u8ba4\u597d\u8bc4\u3002"", ""date"": ""2023-07-05"", ""score"": 5, ""commentId"": ""226459078"", ""imgs"": [], ""userNickName"": ""\u4f59*\u4f01"", ""replyCityName"": """", ""cityName"": """"}, {""author"": ""\u4f59*\u4f01"", ""content"": ""\u7528\u6237\u672a\u70b9\u8bc4\uff0c\u7cfb\u7edf\u9ed8\u8ba4\u597d\u8bc4\u3002"", ""date"": ""2023-07-05"", ""score"": 5, ""commentId"": ""226458165"", ""imgs"": [], ""userNickName"": ""\u4f59*\u4f01"", ""replyCityName"": """", ""cityName"": """"}, {""author"": ""\u54c8*\u54c8"", ""content"": ""\u7528\u6237\u672a\u70b9\u8bc4\uff0c\u7cfb\u7edf\u9ed8\u8ba4\u597d\u8bc4\u3002"", ""date"": ""2023-06-27"", ""score"": 5, ""commentId"": ""226368354"", ""imgs"": [], ""userNickName"": ""\u54c8*\u54c8"", ""replyCityName"": """", ""cityName"": """"}, {""author"": ""e*1"", ""content"": ""\u7528\u6237\u672a\u70b9\u8bc4\uff0c\u7cfb\u7edf\u9ed8\u8ba4\u597d\u8bc4\u3002"", ""date"": ""2023-06-01"", ""score"": 5, ""commentId"": ""225978748"", ""imgs"": [], ""userNickName"": ""e*1"", ""replyCityName"": """", ""cityName"": """"}, {""author"": ""\u53bb*\u6237"", ""content"": ""\u7528\u6237\u672a\u70b9\u8bc4\uff0c\u7cfb\u7edf\u9ed8\u8ba4\u597d\u8bc4\u3002"", ""date"": ""2023-05-02"", ""score"": 5, ""commentId"": ""225321499"", ""imgs"": [], ""userNickName"": ""\u53bb*\u6237"", ""replyCityName"": """", ""cityName"": """"}, {""author"": ""\u53bb*\u6237"", ""content"": ""\u7528\u6237\u672a\u70b9\u8bc4\uff0c\u7cfb\u7edf\u9ed8\u8ba4\u597d\u8bc4\u3002"", ""date"": ""2023-03-14"", ""score"": 5, ""commentId"": ""224756648"", ""imgs"": [], ""userNickName"": ""\u53bb*\u6237"", ""replyCityName"": """", ""cityName"": """"}], ""score"": 5.0, ""commentCount"": 81}, ""statusCode"": 200}"
悦来亲子王国,https://qimgs.qunarzz.com/piao_qsight_provider_piao_qsight_web/0102p1200082ocv2519C8_C_900_504.jpg_280x200_3ef383a6.jpg,中山市,中山市,广东省中山市南区永安一路9号悦盈新城悦盈广场2~3楼,114,4.9,参观大象东方蜡像馆,https://piao.qunar.com/ticket/detail_2005029417.html?st=a3clM0QlRTQlQjglQUQlRTUlQjElQjElRTUlQjglODIlMjZpZCUzRDQ2MDM2MiUyNnR5cGUlM0QwJTI2aWR4JTNEMTIzJTI2cXQlM0QlMjZhcGslM0QyJTI2c2MlM0RXV1clMjZ1ciUzRCVFNCVCOCVBRCVFNSVCMSVCMSUyNmxyJTNEJUU0JUI4JUFEJUU1JUIxJUIxJTI2ZnQlM0QlN0IlN0Q%3D#from=mpl_search_suggest,-1.0,N/A,悦来亲子王国坐落于中山市南区悦盈新城（树木园旁），是中山市悦来集团投资倾力打造的AAA级旅游景区，景区分为五大板块：松鼠王国、冰雪王国、大象东方蜡像馆、悦盈食街，是一个家庭亲子游乐王国,1/1-12/31；周一至周日；09:00-18:00开园,https://qimgs.qunarzz.com/piao_qsight_provider_piao_qsight_web/0102p1200082ocv2519C8_C_900_504.jpg_710x360_af111c1f.jpg〇https://qimgs.qunarzz.com/piao_qsight_provider_piao_qsight_web/0100x1200082ocuu1C202_C_900_504_Q90_Mtg_7.jpg_710x360_561857c6.jpg〇https://qimgs.qunarzz.com/piao_qsight_provider_piao_qsight_web/0103l1200082octxd6E3C_C_900_504_Q90_Mtg_7.jpg_710x360_6a9674f8.jpg〇https://qimgs.qunarzz.com/piao_qsight_provider_piao_qsight_web/0102p1200082ocv2519C8_C_900_504_Q90_Mtg_7.jpg_710x360_91301bbf.jpg〇https://imgs.qunarzz.com/sight/p0/2003/d9/d90afa3c1c4339dea3.water.jpg_710x360_e082a437.jpg〇https://imgs.qunarzz.com/sight/p0/1608/83/832776d606f2473f2e.water.jpg_710x360_4c5d55c9.jpg〇https://imgs.qunarzz.com/sight/p0/1608/33/33295a4f9f74ba572e.water.jpg_710x360_002be27c.jpg〇https://imgs.qunarzz.com/sight/p0/1608/85/85f2113d5b73d1962e.water.jpg_710x360_77174135.jpg〇https://imgs.qunarzz.com/sight/p0/1608/7b/7b40d1e3057ee4692e.water.jpg_710x360_ad8b5758.jpg〇https://imgs.qunarzz.com/sight/p0/1608/e1/e188b15057b33b2e.water.jpg_710x360_32ea5222.jpg〇https://imgs.qunarzz.com/sight/p0/1608/42/42c103f9736117b52e.water.jpg_710x360_bc91c4c1.jpg〇https://imgs.qunarzz.com/sight/p0/1608/9c/9c59058a00f690472e.water.jpg_710x360_b55da133.jpg〇https://imgs.qunarzz.com/sight/p0/1608/f2/f24ea299795999072e.water.jpg_710x360_9e6d4f29.jpg〇https://imgs.qunarzz.com/sight/p0/1608/52/523189d5b923669d2e.water.jpg_710x360_ad6369e2.jpg〇https://qimgs.qunarzz.com/piao_qsight_provider_piao_qsight_web/586cf884fb5c8502.jpg_710x360_6ce73f5a.jpg〇https://qimgs.qunarzz.com/piao_qsight_provider_piao_qsight_web/17eb238cb55fe102.jpg_710x360_43c09660.jpg〇https://qimgs.qunarzz.com/piao_qsight_provider_piao_qsight_web/0dd7b1dbe5e29302.jpg_710x360_42a0a010.jpg〇https://qimgs.qunarzz.com/piao_qsight_provider_piao_qsight_web/b6c00c8081475602.jpg_710x360_ba39b2ea.jpg〇https://qimgs.qunarzz.com/piao_qsight_provider_piao_qsight_web/cb842c5e5869b402.jpg_710x360_45ffa1ce.jpg〇https://qimgs.qunarzz.com/piao_qsight_provider_piao_qsight_web/652a929d82458e02.jpg_710x360_87dfdd22.jpg〇https://qimgs.qunarzz.com/piao_qsight_provider_piao_qsight_web/4b8a2521a5a5ee810421fb9abe6bf550.jpg_710x360_ca9a1a08.jpg,"{""ret"": true, ""data"": {""tagList"": [{""tagType"": 2, ""tagScore"": 5, ""tagNum"": 1, ""tagName"": ""\u4e2d\u8bc4""}, {""tagType"": 1, ""tagScore"": 5, ""tagNum"": 113, ""tagName"": ""\u597d\u8bc4""}, {""tagType"": 0, ""tagScore"": 5, ""tagNum"": 114, ""tagName"": ""\u5168\u90e8""}], ""commentList"": [{""author"": ""L*e"", ""content"": ""\u7528\u6237\u672a\u70b9\u8bc4\uff0c\u7cfb\u7edf\u9ed8\u8ba4\u597d\u8bc4\u3002"", ""date"": ""2022-11-04"", ""score"": 5, ""commentId"": ""223734108"", ""imgs"": [], ""userNickName"": ""L*e"", ""replyCityName"": """", ""cityName"": """"}, {""author"": ""w*o"", ""content"": ""\u7528\u6237\u672a\u70b9\u8bc4\uff0c\u7cfb\u7edf\u9ed8\u8ba4\u597d\u8bc4\u3002"", ""date"": ""2022-11-04"", ""score"": 5, ""commentId"": ""223726681"", ""imgs"": [], ""userNickName"": ""w*o"", ""replyCityName"": """", ""cityName"": """"}, {""author"": ""f*5"", ""content"": ""\u7528\u6237\u672a\u70b9\u8bc4\uff0c\u7cfb\u7edf\u9ed8\u8ba4\u597d\u8bc4\u3002"", ""date"": ""2022-09-02"", ""score"": 5, ""commentId"": ""223062680"", ""imgs"": [], ""userNickName"": ""f*5"", ""replyCityName"": """", ""cityName"": """"}, {""author"": ""\u6211*\u732b"", ""content"": ""\u7528\u6237\u672a\u70b9\u8bc4\uff0c\u7cfb\u7edf\u9ed8\u8ba4\u597d\u8bc4\u3002"", ""date"": ""2022-05-06"", ""score"": 5, ""commentId"": ""222327976"", ""imgs"": [], ""userNickName"": ""\u6211*\u732b"", ""replyCityName"": """", ""cityName"": """"}, {""author"": ""z*0"", ""content"": ""\u7528\u6237\u672a\u70b9\u8bc4\uff0c\u7cfb\u7edf\u9ed8\u8ba4\u597d\u8bc4\u3002"", ""date"": ""2022-02-07"", ""score"": 5, ""commentId"": ""221832269"", ""imgs"": [], ""userNickName"": ""z*0"", ""replyCityName"": """", ""cityName"": """"}, {""author"": ""\u53bb*\u6237"", ""content"": ""\u7528\u6237\u672a\u70b9\u8bc4\uff0c\u7cfb\u7edf\u9ed8\u8ba4\u597d\u8bc4\u3002"", ""date"": ""2021-11-03"", ""score"": 5, ""commentId"": ""221229907"", ""imgs"": [], ""userNickName"": ""\u53bb*\u6237"", ""replyCityName"": """", ""cityName"": """"}, {""author"": ""c*0"", ""content"": ""\u7528\u6237\u672a\u70b9\u8bc4\uff0c\u7cfb\u7edf\u9ed8\u8ba4\u597d\u8bc4\u3002"", ""date"": ""2021-11-03"", ""score"": 5, ""commentId"": ""221215332"", ""imgs"": [], ""userNickName"": ""c*0"", ""replyCityName"": """", ""cityName"": """"}, {""author"": ""s*a"", ""content"": ""\u7528\u6237\u672a\u70b9\u8bc4\uff0c\u7cfb\u7edf\u9ed8\u8ba4\u597d\u8bc4\u3002"", ""date"": ""2021-11-02"", ""score"": 5, ""commentId"": ""221146427"", ""imgs"": [], ""userNickName"": ""s*a"", ""replyCityName"": """", ""cityName"": """"}, {""author"": ""l*6"", ""content"": ""\u7528\u6237\u672a\u70b9\u8bc4\uff0c\u7cfb\u7edf\u9ed8\u8ba4\u597d\u8bc4\u3002"", ""date"": ""2021-11-02"", ""score"": 5, ""commentId"": ""221144184"", ""imgs"": [], ""userNickName"": ""l*6"", ""replyCityName"": """", ""cityName"": """"}, {""author"": ""\u5c0f*\u5988"", ""content"": ""\u7528\u6237\u672a\u70b9\u8bc4\uff0c\u7cfb\u7edf\u9ed8\u8ba4\u597d\u8bc4\u3002"", ""date"": ""2021-10-04"", ""score"": 5, ""commentId"": ""220840560"", ""imgs"": [], ""userNickName"": ""\u5c0f*\u5988"", ""replyCityName"": """", ""cityName"": """"}], ""score"": 4.9, ""commentCount"": 114}, ""statusCode"": 200}"
中山梵高星空艺术馆,https://imgs.qunarzz.com/sight/p0/1908/eb/ebe1534df23464c0a3.water.jpg_280x200_336244a9.jpg,中山市,中山市,中山市石岐区莲员东路2号大信新都汇二期四层4FB1A号商铺,23,5.0,有4D特效场景的拍照圣地,https://piao.qunar.com/ticket/detail_137958351.html?st=a3clM0QlRTQlQjglQUQlRTUlQjElQjElRTUlQjglODIlMjZpZCUzRDQ3NTU1MSUyNnR5cGUlM0QwJTI2aWR4JTNEMTIxJTI2cXQlM0QlMjZhcGslM0QyJTI2c2MlM0RXV1clMjZ1ciUzRCVFNCVCOCVBRCVFNSVCMSVCMSUyNmxyJTNEJUU0JUI4JUFEJUU1JUIxJUIxJTI2ZnQlM0QlN0IlN0Q%3D#from=mpl_search_suggest,-1.0,N/A,中山梵高星空艺术馆地处孙中山故乡——中山市石岐区。来这里可以感受到精致、不一样的创意4D展品。更有多款热门IP光影特效场景，颠覆现有艺术展览形式，让参观者进入奇幻新“视”界！,周日-周四:10:00-22:00(21:00停止验票进场)；周五-周六及国家法定假期:10:00-22:30(21:30停止验票进场)。,https://imgs.qunarzz.com/sight/p0/1908/eb/ebe1534df23464c0a3.water.jpg_710x360_5ebefe6f.jpg,"{""ret"": true, ""data"": {""tagList"": [{""tagType"": 1, ""tagScore"": 5, ""tagNum"": 23, ""tagName"": ""\u597d\u8bc4""}, {""tagType"": 0, ""tagScore"": 5, ""tagNum"": 23, ""tagName"": ""\u5168\u90e8""}], ""commentList"": [{""author"": ""l*\u679c"", ""content"": ""\u7528\u6237\u672a\u70b9\u8bc4\uff0c\u7cfb\u7edf\u9ed8\u8ba4\u597d\u8bc4\u3002"", ""date"": ""2020-12-20"", ""score"": 5, ""commentId"": ""217627210"", ""imgs"": [], ""userNickName"": ""l*\u679c"", ""replyCityName"": """", ""cityName"": """"}, {""author"": ""l*9"", ""content"": ""\u7528\u6237\u672a\u70b9\u8bc4\uff0c\u7cfb\u7edf\u9ed8\u8ba4\u597d\u8bc4\u3002"", ""date"": ""2020-12-18"", ""score"": 5, ""commentId"": ""217618709"", ""imgs"": [], ""userNickName"": ""l*9"", ""replyCityName"": """", ""cityName"": """"}, {""author"": ""z*0"", ""content"": ""\u7528\u6237\u672a\u70b9\u8bc4\uff0c\u7cfb\u7edf\u9ed8\u8ba4\u597d\u8bc4\u3002"", ""date"": ""2020-12-08"", ""score"": 5, ""commentId"": ""217548180"", ""imgs"": [], ""userNickName"": ""z*0"", ""replyCityName"": """", ""cityName"": """"}, {""author"": ""c*3"", ""content"": ""\u7528\u6237\u672a\u70b9\u8bc4\uff0c\u7cfb\u7edf\u9ed8\u8ba4\u597d\u8bc4\u3002"", ""date"": ""2020-11-04"", ""score"": 5, ""commentId"": ""217123066"", ""imgs"": [], ""userNickName"": ""c*3"", ""replyCityName"": """", ""cityName"": """"}, {""author"": ""e*0"", ""content"": ""\u7528\u6237\u672a\u70b9\u8bc4\uff0c\u7cfb\u7edf\u9ed8\u8ba4\u597d\u8bc4\u3002"", ""date"": ""2020-11-02"", ""score"": 5, ""commentId"": ""217005428"", ""imgs"": [], ""userNickName"": ""e*0"", ""replyCityName"": """", ""cityName"": """"}, {""author"": ""\u6728*\u4f9d"", ""content"": ""\u7528\u6237\u672a\u70b9\u8bc4\uff0c\u7cfb\u7edf\u9ed8\u8ba4\u597d\u8bc4\u3002"", ""date"": ""2020-11-01"", ""score"": 5, ""commentId"": ""216959521"", ""imgs"": [], ""userNickName"": ""\u6728*\u4f9d"", ""replyCityName"": """", ""cityName"": """"}, {""author"": ""y*1"", ""content"": ""\u7528\u6237\u672a\u70b9\u8bc4\uff0c\u7cfb\u7edf\u9ed8\u8ba4\u597d\u8bc4\u3002"", ""date"": ""2020-09-25"", ""score"": 5, ""commentId"": ""216114655"", ""imgs"": [], ""userNickName"": ""y*1"", ""replyCityName"": """", ""cityName"": """"}, {""author"": ""y*1"", ""content"": ""\u7528\u6237\u672a\u70b9\u8bc4\uff0c\u7cfb\u7edf\u9ed8\u8ba4\u597d\u8bc4\u3002"", ""date"": ""2020-09-25"", ""score"": 5, ""commentId"": ""216110654"", ""imgs"": [], ""userNickName"": ""y*1"", ""replyCityName"": """", ""cityName"": """"}, {""author"": ""x*2"", ""content"": ""\u7528\u6237\u672a\u70b9\u8bc4\uff0c\u7cfb\u7edf\u9ed8\u8ba4\u597d\u8bc4\u3002"", ""date"": ""2020-09-05"", ""score"": 5, ""commentId"": ""215676052"", ""imgs"": [], ""userNickName"": ""x*2"", ""replyCityName"": """", ""cityName"": """"}, {""author"": ""p*7"", ""content"": ""\u7528\u6237\u672a\u70b9\u8bc4\uff0c\u7cfb\u7edf\u9ed8\u8ba4\u597d\u8bc4\u3002"", ""date"": ""2020-09-01"", ""score"": 5, ""commentId"": ""215617604"", ""imgs"": [], ""userNickName"": ""p*7"", ""replyCityName"": """", ""cityName"": """"}], ""score"": 5.0, ""commentCount"": 23}, ""statusCode"": 200}"
星域部落萌宠乐园,https://qimgs.qunarzz.com/piao_qsight_provider_piao_qsight_web/0104k120009vmh5sd75B9_C_900_504.jpg_280x200_df0f7d4d.jpg,中山市,中山市,广东省中山市黄埔镇兴圃大道西98号凯隆广场2栋2层201,-1,-1.0,星域部落萌宠乐园位于中山市的凯隆广场，是适合亲子、情侣、朋友聚会撸宠的好地方。,https://piao.qunar.com/ticket/detail_2022743200.html?st=a3clM0QlRTQlQjglQUQlRTUlQjElQjElRTUlQjglODIlMjZpZCUzRDUxNzQxNCUyNnR5cGUlM0QwJTI2aWR4JTNEMTQ5JTI2cXQlM0QlMjZhcGslM0QyJTI2c2MlM0RXV1clMjZ1ciUzRCVFNCVCOCVBRCVFNSVCMSVCMSUyNmxyJTNEJUU0JUI4JUFEJUU1JUIxJUIxJTI2ZnQlM0QlN0IlN0Q%3D#from=mpl_search_suggest,-1.0,N/A,星域部落萌宠乐园位于中山市的凯隆广场，是适合亲子、情侣、朋友聚会撸宠的好地方。,1/1-12/31；周一至周日；10:00-22:00开园,https://qimgs.qunarzz.com/piao_qsight_provider_piao_qsight_web/0104k120009vmh5sd75B9_C_900_504.jpg_710x360_e4e178ef.jpg〇https://qimgs.qunarzz.com/piao_qsight_provider_piao_qsight_web/0104d120009vmhhuqC490_C_900_504_Q90_Mtg_7.jpg_710x360_863ca27d.jpg〇https://qimgs.qunarzz.com/piao_qsight_provider_piao_qsight_web/0101y120009vmhhoxB97F_C_900_504_Q90_Mtg_7.jpg_710x360_54d9378a.jpg〇https://qimgs.qunarzz.com/piao_qsight_provider_piao_qsight_web/0104k120009vmh5sd75B9_C_900_504_Q90_Mtg_7.jpg_710x360_0aa6ec8c.jpg,"{""ret"": true, ""data"": {""tagList"": [{""tagType"": 0, ""tagScore"": 5, ""tagNum"": 0, ""tagName"": ""\u5168\u90e8""}], ""score"": 0.0, ""commentCount"": 0}, ""statusCode"": 200}"
粤丰农场,https://mp-piao-admincp.qunarzz.com/mp_piao_admin_mp_piao_admin/admin/20217/30d54820c6727b9958d585769ab3c5c2.png_280x200_7ef61cce.png,中山市,中山市,中山市黄圃镇横档村口粤丰农场,-1,-1.0,N/A,https://piao.qunar.com/ticket/detail_1012522448.html?st=a3clM0QlRTQlQjglQUQlRTUlQjElQjElRTUlQjglODIlMjZpZCUzRDUxNTgyMCUyNnR5cGUlM0QwJTI2aWR4JTNEMTQ4JTI2cXQlM0QlMjZhcGslM0QyJTI2c2MlM0RXV1clMjZ1ciUzRCVFNCVCOCVBRCVFNSVCMSVCMSUyNmxyJTNEJUU0JUI4JUFEJUU1JUIxJUIxJTI2ZnQlM0QlN0IlN0Q%3D#from=mpl_search_suggest,-1.0,N/A,N/A,09:00-17:30,https://mp-piao-admincp.qunarzz.com/mp_piao_admin_mp_piao_admin/admin/20217/30d54820c6727b9958d585769ab3c5c2.png_710x360_c2302e12.png,"{""ret"": true, ""data"": {""tagList"": [{""tagType"": 0, ""tagScore"": 5, ""tagNum"": 0, ""tagName"": ""\u5168\u90e8""}], ""score"": 0.0, ""commentCount"": 0}, ""statusCode"": 200}"
菊城酒厂,https://imgs.qunarzz.com/sight/p0/1702/e0/e05271e403a806b6a3.water.jpg_280x200_84132189.jpg,中山市,中山市,广东省中山市小榄镇裕恒南路2号,-1,-1.0,让游客深刻体验古今酿造荼薇酒的差异变化,https://piao.qunar.com/ticket/detail_1332795523.html?st=a3clM0QlRTQlQjglQUQlRTUlQjElQjElRTUlQjglODIlMjZpZCUzRDQ2MjA1MCUyNnR5cGUlM0QwJTI2aWR4JTNEMTQ3JTI2cXQlM0QlMjZhcGslM0QyJTI2c2MlM0RXV1clMjZ1ciUzRCVFNCVCOCVBRCVFNSVCMSVCMSUyNmxyJTNEJUU0JUI4JUFEJUU1JUIxJUIxJTI2ZnQlM0QlN0IlN0Q%3D#from=mpl_search_suggest,-1.0,N/A,中山市小榄菊城酒厂是一家专门生产小榄荼薇酒和菊花酒的企业，于2013年初正式创立，总部位于广东省中山市小榄镇。主要产品有28度荼薇酒、33度荼薇酒、38度荼薇酒、33度菊花酒、38度菊花酒以及贵妃笑等。在2013年凭借作品《贵妃笑酒瓶》荣获“2013中山市旅游商品创意设计大赛”食品包装类第一名。菊城酒厂,暂无,https://imgs.qunarzz.com/sight/p0/1702/e0/e05271e403a806b6a3.water.jpg_710x360_d53f3884.jpg,"{""ret"": true, ""data"": {""tagList"": [{""tagType"": 0, ""tagScore"": 5, ""tagNum"": 0, ""tagName"": ""\u5168\u90e8""}], ""score"": 0.0, ""commentCount"": 0}, ""statusCode"": 200}"
帆鲨海洋文化馆,https://qimgs.qunarzz.com/piao_qsight_provider_piao_qsight_web/10061f000001gqvo0D9AA_C_900_504.jpg_280x200_7ce2d668.jpg,中山市,中山市,广东省中山市环镇北路小榄花卉市场3E15号(华侨中学围墙旁边),29,5.0,海洋生物众多，适合亲子游,https://piao.qunar.com/ticket/detail_2576489853.html?st=a3clM0QlRTQlQjglQUQlRTUlQjElQjElRTUlQjglODIlMjZpZCUzRDQ3MTEzNyUyNnR5cGUlM0QwJTI2aWR4JTNEMTIyJTI2cXQlM0QlMjZhcGslM0QyJTI2c2MlM0RXV1clMjZ1ciUzRCVFNCVCOCVBRCVFNSVCMSVCMSUyNmxyJTNEJUU0JUI4JUFEJUU1JUIxJUIxJTI2ZnQlM0QlN0IlN0Q%3D#from=mpl_search_suggest,-1.0,N/A,N/A,1/1-12/31；周六至周日；09:00-17:00开园,https://qimgs.qunarzz.com/piao_qsight_provider_piao_qsight_web/10061f000001gqvo0D9AA_C_900_504.jpg_710x360_b88b1afe.jpg〇https://qimgs.qunarzz.com/piao_qsight_provider_piao_qsight_web/100g0u000000it63mC999_C_900_504_Q90_Mtg_7.jpg_710x360_4693feb2.jpg〇https://qimgs.qunarzz.com/piao_qsight_provider_piao_qsight_web/100d0u000000iqzxp6AA3_C_900_504_Q90_Mtg_7.png_710x360_a86eebfb.png〇https://qimgs.qunarzz.com/piao_qsight_provider_piao_qsight_web/100a0u000000itsrdE577_C_900_504_Q90_Mtg_7.jpg_710x360_84f8ae60.jpg〇https://qimgs.qunarzz.com/piao_qsight_provider_piao_qsight_web/100u0u000000isg84A2A8_C_900_504_Q90_Mtg_7.jpg_710x360_4a85c9d8.jpg〇https://qimgs.qunarzz.com/piao_qsight_provider_piao_qsight_web/100p0u000000irlzdD4BD_C_900_504_Q90_Mtg_7.jpg_710x360_60753011.jpg〇https://qimgs.qunarzz.com/piao_qsight_provider_piao_qsight_web/100n0u000000irjdrA2D9_C_900_504_Q90_Mtg_7.jpg_710x360_df1c468d.jpg〇https://qimgs.qunarzz.com/piao_qsight_provider_piao_qsight_web/10040u000000irgl50163_C_900_504_Q90_Mtg_7.jpg_710x360_c9d24de9.jpg〇https://qimgs.qunarzz.com/piao_qsight_provider_piao_qsight_web/100v0u000000j3iybB7F1_C_900_504_Q90_Mtg_7.jpg_710x360_db86d91d.jpg〇https://qimgs.qunarzz.com/piao_qsight_provider_piao_qsight_web/100f0u000000ishxsBC13_C_900_504_Q90_Mtg_7.jpg_710x360_820d6c4c.jpg〇https://qimgs.qunarzz.com/piao_qsight_provider_piao_qsight_web/10061f000001gqvo0D9AA_C_900_504_Q90_Mtg_7.jpg_710x360_7b151e75.jpg,"{""ret"": true, ""data"": {""tagList"": [{""tagType"": 1, ""tagScore"": 5, ""tagNum"": 29, ""tagName"": ""\u597d\u8bc4""}, {""tagType"": 0, ""tagScore"": 5, ""tagNum"": 29, ""tagName"": ""\u5168\u90e8""}], ""commentList"": [{""author"": ""a*7"", ""content"": ""\u7528\u6237\u672a\u70b9\u8bc4\uff0c\u7cfb\u7edf\u9ed8\u8ba4\u597d\u8bc4\u3002"", ""date"": ""2021-11-01"", ""score"": 5, ""commentId"": ""221079354"", ""imgs"": [], ""userNickName"": ""a*7"", ""replyCityName"": """", ""cityName"": """"}, {""author"": ""q*2"", ""content"": ""\u7528\u6237\u672a\u70b9\u8bc4\uff0c\u7cfb\u7edf\u9ed8\u8ba4\u597d\u8bc4\u3002"", ""date"": ""2021-09-22"", ""score"": 5, ""commentId"": ""220764605"", ""imgs"": [], ""userNickName"": ""q*2"", ""replyCityName"": """", ""cityName"": """"}, {""author"": ""n*1"", ""content"": ""\u7528\u6237\u672a\u70b9\u8bc4\uff0c\u7cfb\u7edf\u9ed8\u8ba4\u597d\u8bc4\u3002"", ""date"": ""2021-06-01"", ""score"": 5, ""commentId"": ""219035256"", ""imgs"": [], ""userNickName"": ""n*1"", ""replyCityName"": """", ""cityName"": """"}, {""author"": ""u*0"", ""content"": ""\u7528\u6237\u672a\u70b9\u8bc4\uff0c\u7cfb\u7edf\u9ed8\u8ba4\u597d\u8bc4\u3002"", ""date"": ""2021-05-11"", ""score"": 5, ""commentId"": ""218776893"", ""imgs"": [], ""userNickName"": ""u*0"", ""replyCityName"": """", ""cityName"": """"}, {""author"": ""l*7"", ""content"": ""\u7528\u6237\u672a\u70b9\u8bc4\uff0c\u7cfb\u7edf\u9ed8\u8ba4\u597d\u8bc4\u3002"", ""date"": ""2021-04-14"", ""score"": 5, ""commentId"": ""218428622"", ""imgs"": [], ""userNickName"": ""l*7"", ""replyCityName"": """", ""cityName"": """"}, {""author"": ""\u5929*\u767d"", ""content"": ""\u7528\u6237\u672a\u70b9\u8bc4\uff0c\u7cfb\u7edf\u9ed8\u8ba4\u597d\u8bc4\u3002"", ""date"": ""2021-04-14"", ""score"": 5, ""commentId"": ""218424603"", ""imgs"": [], ""userNickName"": ""\u5929*\u767d"", ""replyCityName"": """", ""cityName"": """"}, {""author"": ""m*\u4ed4"", ""content"": ""\u7528\u6237\u672a\u70b9\u8bc4\uff0c\u7cfb\u7edf\u9ed8\u8ba4\u597d\u8bc4\u3002"", ""date"": ""2021-03-02"", ""score"": 5, ""commentId"": ""217987073"", ""imgs"": [], ""userNickName"": ""m*\u4ed4"", ""replyCityName"": """", ""cityName"": """"}, {""author"": ""o*7"", ""content"": ""\u7528\u6237\u672a\u70b9\u8bc4\uff0c\u7cfb\u7edf\u9ed8\u8ba4\u597d\u8bc4\u3002"", ""date"": ""2021-02-03"", ""score"": 5, ""commentId"": ""217905915"", ""imgs"": [], ""userNickName"": ""o*7"", ""replyCityName"": """", ""cityName"": """"}, {""author"": ""\u7cd6*\u68a8"", ""content"": ""\u7528\u6237\u672a\u70b9\u8bc4\uff0c\u7cfb\u7edf\u9ed8\u8ba4\u597d\u8bc4\u3002"", ""date"": ""2021-01-05"", ""score"": 5, ""commentId"": ""217720934"", ""imgs"": [], ""userNickName"": ""\u7cd6*\u68a8"", ""replyCityName"": """", ""cityName"": """"}, {""author"": ""\u7f8a*\u6e38"", ""content"": ""\u7528\u6237\u672a\u70b9\u8bc4\uff0c\u7cfb\u7edf\u9ed8\u8ba4\u597d\u8bc4\u3002"", ""date"": ""2020-12-01"", ""score"": 5, ""commentId"": ""217488520"", ""imgs"": [], ""userNickName"": ""\u7f8a*\u6e38"", ""replyCityName"": """", ""cityName"": """"}], ""score"": 5.0, ""commentCount"": 29}, ""statusCode"": 200}"
伟丰生态农场,https://qimgs.qunarzz.com/piao_qsight_provider_piao_qsight_web/350j1f000001g5hdwC829_C_900_504.jpg_280x200_4cdb35a6.jpg,中山市,中山市,广东省中山市民众镇新伦村南崛尾围,-1,-1.0,赏花摘果，游玩项目众多,https://piao.qunar.com/ticket/detail_3904178104.html?st=a3clM0QlRTQlQjglQUQlRTUlQjElQjElRTUlQjglODIlMjZpZCUzRDUxMjg3NSUyNnR5cGUlM0QwJTI2aWR4JTNEMTQ2JTI2cXQlM0QlMjZhcGslM0QyJTI2c2MlM0RXV1clMjZ1ciUzRCVFNCVCOCVBRCVFNSVCMSVCMSUyNmxyJTNEJUU0JUI4JUFEJUU1JUIxJUIxJTI2ZnQlM0QlN0IlN0Q%3D#from=mpl_search_suggest,-1.0,3A景区,中山市民众镇伟丰农场国内知名AAA旅游景区，位于广东省美丽乡村（自然生态类）——新伦村，景区沿河而建，四面环水，环境优美，是一个集生态农业、旅游观光、休闲度假、娱乐拓展、特色餐饮、健康养生于一体的农业生态旅游区。园内设有花卉观赏、有机蔬果品尝、户外拓展、儿童游乐、水上餐厅、野炊烧烤、小农夫实践体验等休闲游玩项目，让游客远离喧哗的都市，体验淳朴水乡的农家生活，享受回归田园的感觉。,暂无,https://qimgs.qunarzz.com/piao_qsight_provider_piao_qsight_web/350j1f000001g5hdwC829_C_900_504.jpg_710x360_450a5691.jpg〇https://qimgs.qunarzz.com/piao_qsight_provider_piao_qsight_web/01009120008gc9looF8C5_C_900_504_Q90_Mtg_7.jpg_710x360_6228aa6f.jpg〇https://qimgs.qunarzz.com/piao_qsight_provider_piao_qsight_web/0106j120008gc9ofhC1EE_C_900_504_Q90_Mtg_7.jpg_710x360_32e06c9f.jpg〇https://qimgs.qunarzz.com/piao_qsight_provider_piao_qsight_web/01053120008gc9k5gFD1B_C_900_504_Q90_Mtg_7.jpg_710x360_2b520cee.jpg〇https://qimgs.qunarzz.com/piao_qsight_provider_piao_qsight_web/0101e120008gc9jet0710_C_900_504_Q90_Mtg_7.jpg_710x360_a3324419.jpg〇https://qimgs.qunarzz.com/piao_qsight_provider_piao_qsight_web/0105i120008gc9kdh52B9_C_900_504_Q90_Mtg_7.jpg_710x360_5412e5ac.jpg〇https://qimgs.qunarzz.com/piao_qsight_provider_piao_qsight_web/0100i120008gc9p0fD6E8_C_900_504_Q90_Mtg_7.jpg_710x360_fbeb0d68.jpg〇https://qimgs.qunarzz.com/piao_qsight_provider_piao_qsight_web/0102y120008gc9p6kD70F_C_900_504_Q90_Mtg_7.jpg_710x360_e084e302.jpg〇https://qimgs.qunarzz.com/piao_qsight_provider_piao_qsight_web/01012120008gc9sc32FCE_C_900_504_Q90_Mtg_7.jpg_710x360_0fa8529e.jpg〇https://qimgs.qunarzz.com/piao_qsight_provider_piao_qsight_web/35021f000001gd1xxA575_C_900_504_Q90_Mtg_7.jpg_710x360_cbdbe9df.jpg〇https://qimgs.qunarzz.com/piao_qsight_provider_piao_qsight_web/350j1f000001g5hdwC829_C_900_504_Q90_Mtg_7.jpg_710x360_108139d2.jpg,"{""ret"": true, ""data"": {""tagList"": [{""tagType"": 0, ""tagScore"": 5, ""tagNum"": 0, ""tagName"": ""\u5168\u90e8""}], ""score"": 0.0, ""commentCount"": 0}, ""statusCode"": 200}"
小榄荼薇园,https://imgs.qunarzz.com/sight/p0/1702/9a/9a0538963fad5a0aa3.water.jpg_280x200_f83dabd2.jpg,中山市,中山市,广东省中山市小榄镇泰昌路88号,12,3.8,以荼薇花种植观赏为主题,https://piao.qunar.com/ticket/detail_1354200107.html?st=a3clM0QlRTQlQjglQUQlRTUlQjElQjElRTUlQjglODIlMjZpZCUzRDQ2MjExMiUyNnR5cGUlM0QwJTI2aWR4JTNEMTQ1JTI2cXQlM0QlMjZhcGslM0QyJTI2c2MlM0RXV1clMjZ1ciUzRCVFNCVCOCVBRCVFNSVCMSVCMSUyNmxyJTNEJUU0JUI4JUFEJUU1JUIxJUIxJTI2ZnQlM0QlN0IlN0Q%3D#from=mpl_search_suggest,-1.0,N/A,小榄荼薇园位于小榄镇泰昌路88号，总占地500多亩，以荼薇花种植观赏为主题，配以文化展览、展能培训、科普教育、亲子游园等项目，以国家4A旅游景区标准打造小榄特色的荼薇生态园品牌。    小榄荼薇园一期规划建设七大主题区域，包括：荼薇花种植观赏区、文化展览区、科普教育区、亲子游园区、展能体验区、特色商品展销区以及七彩花海区。其中七大主题区域中包含15个项目，包括：荼薇花田、特色手信街、舞台展示区、纪念孙中山诞辰150周年海外足迹展览、特色灯谜会、荼薇花科普教育基地、玉溪园、桑基鱼塘科普教育基地、七彩花海、缤纷灯光造型展示、动物卡通绿雕展示、帐篷露营体验区、野战运动、青少年体能培训和亲子游园区。(1)纪念孙中山诞辰150周年海外足迹展览2016年是孙中山先生诞辰150周年，为了纪念一代伟人孙中山先生，本园区计划收集孙中山在海外走过的足迹资料，整理设计成一条文化长廊，配合孙中山的造型像，让游客在瞻仰悼念孙中山先生的同时，通过观赏海外足迹展览，寻回孙中山先生在海外走过的足迹，感受和传承孙中山先生“天下为公”、“博爱奉献”的精神。（2）特色灯谜会       园区内特设有灯谜会，让游客可以感受传统项目的乐趣。灯谜会设有丰富奖品，游客可现场扫二维码参与自由猜灯谜赢奖品。(3)特色纪念品手信街,1/1-12/31；周一至周日；08:30-17:00开园,https://imgs.qunarzz.com/sight/p0/1702/9a/9a0538963fad5a0aa3.water.jpg_710x360_86e727ec.jpg,"{""ret"": true, ""data"": {""tagList"": [{""tagType"": 3, ""tagScore"": 5, ""tagNum"": 1, ""tagName"": ""\u5dee\u8bc4""}, {""tagType"": 1, ""tagScore"": 5, ""tagNum"": 9, ""tagName"": ""\u597d\u8bc4""}, {""tagType"": 0, ""tagScore"": 5, ""tagNum"": 12, ""tagName"": ""\u5168\u90e8""}], ""commentList"": [{""author"": ""\u82cf*\u513f"", ""content"": ""\u53bb\u8fc7\u51e0\u6b21\u5c0f\u6984\u837c\u8587\u56ed\u4e86\uff0c\u6bcf\u4e2a\u65f6\u8282\u90fd\u6709\u770b\u70b9\uff0c\u4e30\u6536\u65f6\u8282\u7684\u7389\u7c73\uff0c\u6625\u6696\u65f6\u8282\u7684\u6843\u82b1\uff0c\u8fd8\u6709\u837c\u8587\u82b1\uff0c\u90fd\u7f8e\u7f8e\u54d2\uff0c\u9002\u5408\u53bb\u6e9c\u8fbe\uff0c\u73af\u5883\u4e0d\u9519\uff0c\u9002\u5408\u9644\u8fd1\u4e00\u5bb6\u5927\u5c0f\u53bb\u8f6c\u8f6c\uff0c\u653e\u4e0b\u624b\u673a\uff0c\u4eb2\u8fd1\u5927\u81ea\u7136\uff0c\u5370\u8c61\u4e2d\u662f\u82b1\u5f00\u4e0d\u65ad\u7684\uff0c\u6bcf\u6b21\u53bb\u90fd\u6709\u60ca\u559c\u54e6"", ""date"": ""2017-08-05"", ""score"": 0, ""commentId"": ""216181790"", ""imgs"": [{""small"": ""https://img1.qunarzz.com/piao/fusion/1708/93/a0548c4485e21302.jpg_120x120_cf473da5.jpg"", ""title"": """", ""big"": ""https://img1.qunarzz.com/piao/fusion/1708/93/a0548c4485e21302.jpg""}, {""small"": ""https://img1.qunarzz.com/piao/fusion/1708/2e/c147f4bb4d141702.jpg_120x120_a007c509.jpg"", ""title"": """", ""big"": ""https://img1.qunarzz.com/piao/fusion/1708/2e/c147f4bb4d141702.jpg""}, {""small"": ""https://img1.qunarzz.com/piao/fusion/1708/43/ca0968a2999a6502.jpg_120x120_b2b21f06.jpg"", ""title"": """", ""big"": ""https://img1.qunarzz.com/piao/fusion/1708/43/ca0968a2999a6502.jpg""}, {""small"": ""https://img1.qunarzz.com/piao/fusion/1708/b6/89a94825b85b6a02.jpg_120x120_dd0cf800.jpg"", ""title"": """", ""big"": ""https://img1.qunarzz.com/piao/fusion/1708/b6/89a94825b85b6a02.jpg""}, {""small"": ""https://img1.qunarzz.com/piao/fusion/1708/aa/d2a5cc3bcda1f602.jpg_120x120_53179a82.jpg"", ""title"": """", ""big"": ""https://img1.qunarzz.com/piao/fusion/1708/aa/d2a5cc3bcda1f602.jpg""}, {""small"": ""https://img1.qunarzz.com/piao/fusion/1708/de/e707bf7fc73f1202.jpg_120x120_cd0b8f7a.jpg"", ""title"": """", ""big"": ""https://img1.qunarzz.com/piao/fusion/1708/de/e707bf7fc73f1202.jpg""}, {""small"": ""https://img1.qunarzz.com/piao/fusion/1708/51/aee5c5e954685202.jpg_120x120_13e7ef90.jpg"", ""title"": """", ""big"": ""https://img1.qunarzz.com/piao/fusion/1708/51/aee5c5e954685202.jpg""}, {""small"": ""https://img1.qunarzz.com/piao/fusion/1708/5a/96f2fbd54727e02.jpg_120x120_5391c8a2.jpg"", ""title"": """", ""big"": ""https://img1.qunarzz.com/piao/fusion/1708/5a/96f2fbd54727e02.jpg""}], ""userNickName"": ""\u82cf*\u513f"", ""replyCityName"": """", ""cityName"": """"}, {""author"": ""v*9"", ""content"": ""\u7528\u6237\u672a\u70b9\u8bc4\uff0c\u7cfb\u7edf\u9ed8\u8ba4\u597d\u8bc4\u3002"", ""date"": ""2018-05-28"", ""score"": 5, ""commentId"": ""206315075"", ""imgs"": [], ""userNickName"": ""v*9"", ""replyCityName"": """", ""cityName"": """"}, {""author"": ""h*9"", ""content"": ""\u7528\u6237\u672a\u70b9\u8bc4\uff0c\u7cfb\u7edf\u9ed8\u8ba4\u597d\u8bc4\u3002"", ""date"": ""2018-05-10"", ""score"": 5, ""commentId"": ""206164652"", ""imgs"": [], ""userNickName"": ""h*9"", ""replyCityName"": """", ""cityName"": """"}, {""author"": ""y*4"", ""content"": ""\u7528\u6237\u672a\u70b9\u8bc4\uff0c\u7cfb\u7edf\u9ed8\u8ba4\u597d\u8bc4\u3002"", ""date"": ""2018-05-06"", ""score"": 5, ""commentId"": ""206075107"", ""imgs"": [], ""userNickName"": ""y*4"", ""replyCityName"": """", ""cityName"": """"}, {""author"": ""y*4"", ""content"": ""\u7528\u6237\u672a\u70b9\u8bc4\uff0c\u7cfb\u7edf\u9ed8\u8ba4\u597d\u8bc4\u3002"", ""date"": ""2018-05-06"", ""score"": 5, ""commentId"": ""206075085"", ""imgs"": [], ""userNickName"": ""y*4"", ""replyCityName"": """", ""cityName"": """"}, {""author"": ""x*3"", ""content"": ""\u7528\u6237\u672a\u70b9\u8bc4\uff0c\u7cfb\u7edf\u9ed8\u8ba4\u597d\u8bc4\u3002"", ""date"": ""2018-03-23"", ""score"": 5, ""commentId"": ""205622556"", ""imgs"": [], ""userNickName"": ""x*3"", ""replyCityName"": """", ""cityName"": """"}, {""author"": ""x*3"", ""content"": ""\u7528\u6237\u672a\u70b9\u8bc4\uff0c\u7cfb\u7edf\u9ed8\u8ba4\u597d\u8bc4\u3002"", ""date"": ""2018-03-23"", ""score"": 5, ""commentId"": ""205622518"", ""imgs"": [], ""userNickName"": ""x*3"", ""replyCityName"": """", ""cityName"": """"}, {""author"": ""l*3"", ""content"": ""\u8fd8\u4e0d\u5982\u4e00\u4e2a\u516c\u56ed\u597d\u3002\u3002\u3002\u3002\u6765\u4e86\u4e00\u6b21\u7edd\u5bf9\u6ca1\u6709\u4e8c\u6b21\u3002\u3002\u3002"", ""date"": ""2018-02-20"", ""score"": 0, ""commentId"": ""216181792"", ""imgs"": [{""small"": ""https://img1.qunarzz.com/piao/fusion/1802/5f/be0481b671461f02.jpg_120x120_0d553dc9.jpg"", ""title"": """", ""big"": ""https://img1.qunarzz.com/piao/fusion/1802/5f/be0481b671461f02.jpg""}, {""small"": ""https://img1.qunarzz.com/piao/fusion/1802/88/18d5078f5ef36102.jpg_120x120_6df1fbdf.jpg"", ""title"": """", ""big"": ""https://img1.qunarzz.com/piao/fusion/1802/88/18d5078f5ef36102.jpg""}], ""userNickName"": ""l*3"", ""replyCityName"": """", ""cityName"": """"}, {""author"": ""\u67cf*\u68ee"", ""content"": ""\u7528\u6237\u672a\u70b9\u8bc4\uff0c\u7cfb\u7edf\u9ed8\u8ba4\u597d\u8bc4\u3002"", ""date"": ""2018-03-21"", ""score"": 5, ""commentId"": ""205557471"", ""imgs"": [], ""userNickName"": ""\u67cf*\u68ee"", ""replyCityName"": """", ""cityName"": """"}, {""author"": ""l*3"", ""content"": ""\u8fd8\u4e0d\u5982\u4e00\u4e2a\u516c\u56ed\u597d\u3002\u3002\u3002\u3002\u6765\u4e86\u4e00\u6b21\u7edd\u5bf9\u6ca1\u6709\u4e8c\u6b21\u3002\u3002\u3002"", ""date"": ""2018-02-20"", ""score"": 1, ""commentId"": ""205357931"", ""imgs"": [{""small"": ""https://imgs.qunarzz.com/piao/fusion/1802/88/18d5078f5ef36102.jpg_120x120_6df1fbdf.jpg"", ""title"": """", ""big"": ""https://imgs.qunarzz.com/piao/fusion/1802/88/18d5078f5ef36102.jpg""}, {""small"": ""https://imgs.qunarzz.com/piao/fusion/1802/5f/be0481b671461f02.jpg_120x120_0d553dc9.jpg"", ""title"": """", ""big"": ""https://imgs.qunarzz.com/piao/fusion/1802/5f/be0481b671461f02.jpg""}], ""userNickName"": ""l*3"", ""replyCityName"": """", ""cityName"": """"}], ""score"": 3.8, ""commentCount"": 12}, ""statusCode"": 200}"
华艺广场,https://qimgs.qunarzz.com/piao_qsight_provider_piao_qsight_web/350e1700000136be5F017_C_900_504.jpg_280x200_cd27fc72.jpg,中山市,中山市,广东省中山市中兴大道南1号,-1,-1.0,华艺广场景区位于“中国灯饰之都”、首批“中国特色小镇”中山市古镇镇，是集灯饰采购、行业会展、灯光艺术鉴赏、产业特色旅游于,https://piao.qunar.com/ticket/detail_3556010226.html?st=a3clM0QlRTQlQjglQUQlRTUlQjElQjElRTUlQjglODIlMjZpZCUzRDUxMDAzNyUyNnR5cGUlM0QwJTI2aWR4JTNEMTQ0JTI2cXQlM0QlMjZhcGslM0QyJTI2c2MlM0RXV1clMjZ1ciUzRCVFNCVCOCVBRCVFNSVCMSVCMSUyNmxyJTNEJUU0JUI4JUFEJUU1JUIxJUIxJTI2ZnQlM0QlN0IlN0Q%3D#from=mpl_search_suggest,-1.0,4A景区,华艺广场景区位于“中国灯饰之都”、首批“中国特色小镇”中山市古镇镇，是集灯饰采购、行业会展、灯光艺术鉴赏、产业特色旅游于一体的商贸文旅综合体。景区总建筑面积42万㎡，配套购物中心、会展中心、五星级酒店等多种业态。以创新“商贸+产业+旅游”模式，华艺广场于2018年获评成为中山市第三个、古镇镇   首  个“国家AAAA级旅游景区”。华艺广场景区以“灯饰+文化+创意”创新思路建设打造，承载灯饰历史文化体验、灯光艺术鉴赏、灯饰产业研学等多样化旅游体验。华艺广场着力打造的灯光艺术文化展、灯饰文化综合展览馆、灯具DIY研学游、光主题景观艺术装置等产业特色旅游项目或活动，将灯饰文化的科学性、艺术性、实用性、趣味性融于一体，吸引全国乃至全球游客前来参观体验。华艺国际灯饰广场华艺国际灯饰广场，20万㎡恢弘体量，分设水晶馆、欧美馆、中式馆、现代馆、进口馆、灯光定制馆、外贸馆七大主题灯饰馆，游客可前往参观，感受来自全球灯光的魅力，若有心仪灯饰，更可当场购买。华艺会展中心华艺会展中心具备42万㎡宏大体量，会展中心着力打造的灯饰文化综合展览馆，长期展出灯饰文化发展历程、古灯珍品、中国灯饰特色小镇沙盘、灯饰原创设计获奖作品。专业会展策划团队会定期策划灯饰行业、设计领域专业性展览。,1/1-12/31；周一至周日；09:00-22:30开园,https://qimgs.qunarzz.com/piao_qsight_provider_piao_qsight_web/350e1700000136be5F017_C_900_504.jpg_710x360_d47cada7.jpg〇https://qimgs.qunarzz.com/piao_qsight_provider_piao_qsight_web/350c19000001613odE351_C_900_504_Q90_Mtg_7.jpg_710x360_66edc7ae.jpg〇https://qimgs.qunarzz.com/piao_qsight_provider_piao_qsight_web/3501190000016bdswA9EF_C_900_504_Q90_Mtg_7.jpg_710x360_07d3fc79.jpg〇https://qimgs.qunarzz.com/piao_qsight_provider_piao_qsight_web/3507190000016f52f8147_C_900_504_Q90_Mtg_7.jpg_710x360_503a1701.jpg〇https://qimgs.qunarzz.com/piao_qsight_provider_piao_qsight_web/35051900000160yok8EA7_C_900_504_Q90_Mtg_7.jpg_710x360_508ec5ab.jpg〇https://qimgs.qunarzz.com/piao_qsight_provider_piao_qsight_web/350k1700000137qws8E13_C_900_504_Q90_Mtg_7.jpg_710x360_0bb8e360.jpg〇https://qimgs.qunarzz.com/piao_qsight_provider_piao_qsight_web/350i190000015xa0xC33F_C_900_504_Q90_Mtg_7.jpg_710x360_a3d4c88d.jpg〇https://qimgs.qunarzz.com/piao_qsight_provider_piao_qsight_web/3506190000015z2u3C304_C_900_504_Q90_Mtg_7.jpg_710x360_023b930a.jpg〇https://qimgs.qunarzz.com/piao_qsight_provider_piao_qsight_web/350g190000015z5fx1FE2_C_900_504_Q90_Mtg_7.jpg_710x360_3aaba84c.jpg〇https://qimgs.qunarzz.com/piao_qsight_provider_piao_qsight_web/350p190000015xl9c88FC_C_900_504_Q90_Mtg_7.jpg_710x360_4a9b5684.jpg〇https://qimgs.qunarzz.com/piao_qsight_provider_piao_qsight_web/350e1700000136be5F017_C_900_504_Q90_Mtg_7.jpg_710x360_25947097.jpg,"{""ret"": true, ""data"": {""tagList"": [{""tagType"": 0, ""tagScore"": 5, ""tagNum"": 0, ""tagName"": ""\u5168\u90e8""}], ""score"": 0.0, ""commentCount"": 0}, ""statusCode"": 200}"
中山水乡四季农业公园,https://imgs.qunarzz.com/sight/p0/1710/80/80f9ac1a760c1be6a3.img.png_280x200_29c29a78.png,中山市,中山市,中山市民众镇新平村（番中公路平三段）,11,4.8,体验丰富的特色农业项目,https://piao.qunar.com/ticket/detail_859885820.html?st=a3clM0QlRTQlQjglQUQlRTUlQjElQjElRTUlQjglODIlMjZpZCUzRDQ2NjYzOSUyNnR5cGUlM0QwJTI2aWR4JTNEMTQzJTI2cXQlM0QlMjZhcGslM0QyJTI2c2MlM0RXV1clMjZ1ciUzRCVFNCVCOCVBRCVFNSVCMSVCMSUyNmxyJTNEJUU0JUI4JUFEJUU1JUIxJUIxJTI2ZnQlM0QlN0IlN0Q%3D#from=mpl_search_suggest,-1.0,N/A,中山民众水乡四季农业公园，坐落于中山著各的岭南水乡一民众镇新平付下连丰围，规划用地约700多亩，地理位置优越，分别依靠S省道及民众镇的母亲河—三宝沥，水肺交通十分便制。与周边旅游项目的整合产生互补作用，丰富项目类型吸引了很多游客在未开园就先来观光。我们充分利用地理位置的优势，整合旅游资源，发展特色能游项目，吸引着内外地客源，从面带动起民众周边部分旅游景点。中山水乡四季公园的已建设开放的有农耕体验,1/1-12/31；周一至周日；09:00-17:30开园；（17:00停止入园）,https://imgs.qunarzz.com/sight/p0/1710/80/80f9ac1a760c1be6a3.img.png_710x360_cf9c1534.png〇https://imgs.qunarzz.com/sight/p0/1710/44/44cb4d2ff7ee0e13a3.img.png_710x360_9ee0dee9.png〇https://imgs.qunarzz.com/sight/p0/1710/b6/b6b1584afd0e8d82a3.img.png_710x360_cb4f7952.png〇https://imgs.qunarzz.com/sight/p0/1710/f9/f9afd232df3bb309a3.img.png_710x360_154588d4.png,"{""ret"": true, ""data"": {""tagList"": [{""tagType"": 1, ""tagScore"": 5, ""tagNum"": 11, ""tagName"": ""\u597d\u8bc4""}, {""tagType"": 0, ""tagScore"": 5, ""tagNum"": 11, ""tagName"": ""\u5168\u90e8""}], ""commentList"": [{""author"": ""M*2"", ""content"": ""\u76ee\u524d\u4ef7\u683c\u9002\u4e2d\u53ca\u6e38\u4e50\u8bbe\u65bd\u597d\uff0c\u95e8\u7968\u5305\u542b\u4e8690\u4ee5\u4e0a\u7684\u673a\u52a8\u6e38\u620f\uff0c\u4eba\u4e0d\u591a\uff0c\u5f88\u9002\u5408\u5e26\u5c0f\u5b69\u53bb\u3002"", ""date"": ""2018-05-02"", ""score"": 4, ""commentId"": ""206067120"", ""imgs"": [{""small"": ""https://imgs.qunarzz.com/p/tts4/1805/ed/1b6b9f7940c51202.jpg_120x120_870385d5.jpg"", ""title"": """", ""big"": ""https://imgs.qunarzz.com/p/tts4/1805/ed/1b6b9f7940c51202.jpg""}, {""small"": ""https://imgs.qunarzz.com/p/tts0/1805/12/9e181091d49e4002.jpg_120x120_38132cdd.jpg"", ""title"": """", ""big"": ""https://imgs.qunarzz.com/p/tts0/1805/12/9e181091d49e4002.jpg""}, {""small"": ""https://imgs.qunarzz.com/p/tts6/1805/eb/6662530362954702.jpg_120x120_116702ae.jpg"", ""title"": """", ""big"": ""https://imgs.qunarzz.com/p/tts6/1805/eb/6662530362954702.jpg""}, {""small"": ""https://imgs.qunarzz.com/p/tts3/1805/94/b88baaf841e86302.jpg_120x120_f97e73ff.jpg"", ""title"": """", ""big"": ""https://imgs.qunarzz.com/p/tts3/1805/94/b88baaf841e86302.jpg""}], ""userNickName"": ""M*2"", ""replyCityName"": """", ""cityName"": """"}, {""author"": ""s*g"", ""content"": ""\u4eba\u5c11\uff0c\u673a\u52a8\u6e38\u620f\u53ef\u4ee5\u65e0\u9650\u6b21\u73a9\uff0c\u6c34\u4e61\u9910\u5385\u7684\u51fa\u54c1\u4e0d\u9519\uff0c\u6709\u672c\u5730\u83dc\u7684\u5473\u9053\uff0c\u8fd8\u5728\u6269\u5efa\u4e2d\u3002\u4f46\u8fd8\u662f\u5f88\u503c\u5f97\u4e00\u53bb"", ""date"": ""2018-04-30"", ""score"": 5, ""commentId"": ""206033383"", ""imgs"": [{""small"": ""https://imgs.qunarzz.com/p/tts5/1805/54/e50ea8df6a8e9b02.jpg_120x120_ae460021.jpg"", ""title"": """", ""big"": ""https://imgs.qunarzz.com/p/tts5/1805/54/e50ea8df6a8e9b02.jpg""}, {""small"": ""https://imgs.qunarzz.com/p/tts0/1805/85/dc8c5ddd8f732502.jpg_120x120_43c263e7.jpg"", ""title"": """", ""big"": ""https://imgs.qunarzz.com/p/tts0/1805/85/dc8c5ddd8f732502.jpg""}, {""small"": ""https://imgs.qunarzz.com/p/tts3/1805/54/67bc8c13a85dc002.jpg_120x120_2e88016b.jpg"", ""title"": """", ""big"": ""https://imgs.qunarzz.com/p/tts3/1805/54/67bc8c13a85dc002.jpg""}], ""userNickName"": ""s*g"", ""replyCityName"": """", ""cityName"": """"}, {""author"": ""M*6"", ""content"": ""\u6709\u82b1\u770b\u6210\u4eba\u62cd\u7167\u7684\u597d\u53bb\u5904\uff0c\u5c0f\u5b69\u5b50\u73a9\u62d3\u5c55\u6e38\u620f\u5f88\u559c\u6b22\uff0c\u6709\u9a91\u9a6c\u7684\uff0c\u5c31\u662f\u592a\u8d35\uff0c\u4e00\u5927\u4e00\u5c0f\u4e0d\u6ee1\u4e00\u5708\u5c3150\u5143\u3002"", ""date"": ""2018-05-01"", ""score"": 5, ""commentId"": ""206067121"", ""imgs"": [], ""userNickName"": ""M*6"", ""replyCityName"": """", ""cityName"": """"}, {""author"": ""g*g"", ""content"": ""\u7528\u6237\u672a\u70b9\u8bc4\uff0c\u7cfb\u7edf\u9ed8\u8ba4\u597d\u8bc4\u3002"", ""date"": ""2018-04-11"", ""score"": 5, ""commentId"": ""205829160"", ""imgs"": [], ""userNickName"": ""g*g"", ""replyCityName"": """", ""cityName"": """"}, {""author"": ""t*4"", ""content"": ""\u7528\u6237\u672a\u70b9\u8bc4\uff0c\u7cfb\u7edf\u9ed8\u8ba4\u597d\u8bc4\u3002"", ""date"": ""2018-04-11"", ""score"": 5, ""commentId"": ""205827764"", ""imgs"": [], ""userNickName"": ""t*4"", ""replyCityName"": """", ""cityName"": """"}, {""author"": ""M*6"", ""content"": ""\u8fd8\u4e0d\u9519\u7684\u4e00\u4e2a\u4eb2\u5b50\u6e38\u53bb\u5904\uff0c\u673a\u52a8\u6e38\u620f\u542b\u5728\u5957\u9910\u91cc\u6bd4\u7d2b\u9a6c\u5cad\u5212\u7b97\u591a\u4e86\u3002\u5403\u996d\u7684\u5730\u65b9\u4e5f\u5f88\u5b9e\u60e0\u6ca1\u6709\u4e71\u5bb0\u4eba\u3002"", ""date"": ""2018-05-01"", ""score"": 5, ""commentId"": ""206067122"", ""imgs"": [], ""userNickName"": ""M*6"", ""replyCityName"": """", ""cityName"": """"}, {""author"": ""M*1"", ""content"": ""\u8fd8\u4e0d\u9519\uff0c\u5f88\u9002\u5408\u5e26\u5c0f\u670b\u53cb\u53bb\uff0c\u770b\u5230\u8fd8\u5728\u6269\u5efa"", ""date"": ""2018-04-15"", ""score"": 5, ""commentId"": ""205912203"", ""imgs"": [], ""userNickName"": ""M*1"", ""replyCityName"": """", ""cityName"": """"}, {""author"": ""M*5"", ""content"": ""\u73af\u5883\u5f88\u597d\uff0c\u8bbe\u65bd\u4e5f\u6bd4\u8f83\u65b0\uff0c\u9002\u5408\u5e26\u5c0f\u670b\u53cb\u53bb\u73a9"", ""date"": ""2018-04-02"", ""score"": 5, ""commentId"": ""205784947"", ""imgs"": [], ""userNickName"": ""M*5"", ""replyCityName"": """", ""cityName"": """"}, {""author"": ""1*9"", ""content"": ""\u73af\u5883\u5f88\u597d\uff0c\u5c0f\u5b69\u5b50\u6e38\u73a9\u4e0d\u9519\uff0c\u5395\u6240\u591a\u5f88\u65b9\u4fbf\u6e38\u5ba2\u3002"", ""date"": ""2018-03-25"", ""score"": 4, ""commentId"": ""205702681"", ""imgs"": [], ""userNickName"": ""1*9"", ""replyCityName"": """", ""cityName"": """"}, {""author"": ""n*2"", ""content"": ""\u7528\u6237\u672a\u70b9\u8bc4\uff0c\u7cfb\u7edf\u9ed8\u8ba4\u597d\u8bc4\u3002"", ""date"": ""2017-12-13"", ""score"": 5, ""commentId"": ""204004647"", ""imgs"": [], ""userNickName"": ""n*2"", ""replyCityName"": """", ""cityName"": """"}], ""score"": 4.8, ""commentCount"": 11}, ""statusCode"": 200}"
食出开心农场,https://imgs.qunarzz.com/sight/p0/1602/74/741c95563a6b17aa90.img.jpg_280x200_71f36046.jpg,中山市,中山市,中山市南朗镇横门围垦区大茅上围,3,5.0,科普、观光、教育、游玩,https://piao.qunar.com/ticket/detail_641902353.html?st=a3clM0QlRTQlQjglQUQlRTUlQjElQjElRTUlQjglODIlMjZpZCUzRDQ1NzMyNCUyNnR5cGUlM0QwJTI2aWR4JTNEMTQwJTI2cXQlM0QlMjZhcGslM0QyJTI2c2MlM0RXV1clMjZ1ciUzRCVFNCVCOCVBRCVFNSVCMSVCMSUyNmxyJTNEJUU0JUI4JUFEJUU1JUIxJUIxJTI2ZnQlM0QlN0IlN0Q%3D#from=mpl_search_suggest,-1.0,N/A,中山食出开心农场园区将大力发展都市休闲农业和高科技示范农业，立足建成市内领先、辐射全省的现代农业科技示范区，打造成为具备科普、观光、教育、游玩。,景区暂时停业，详情请以景区公示为准。原开放时间:9:00-17:30,https://mp-piao-admincp.qunarzz.com/mp_piao_admin_mp_piao_admin/admin/20217/30d54820c6727b9958d585769ab3c5c2.png_710x360_c2302e12.png,"{""ret"": true, ""data"": {""tagList"": [{""tagType"": 1, ""tagScore"": 5, ""tagNum"": 3, ""tagName"": ""\u597d\u8bc4""}, {""tagType"": 0, ""tagScore"": 5, ""tagNum"": 3, ""tagName"": ""\u5168\u90e8""}], ""commentList"": [{""author"": ""x*3"", ""content"": ""\u592a\u68d2\u5566\ud83d\ude0a\u4e0b\u6b21\u8fd8\u6765\u73a9\uff01"", ""date"": ""2018-10-02"", ""score"": 5, ""commentId"": ""208063726"", ""imgs"": [], ""userNickName"": ""x*3"", ""replyCityName"": """", ""cityName"": """"}, {""author"": ""y*4"", ""content"": ""\u7528\u6237\u672a\u70b9\u8bc4\uff0c\u7cfb\u7edf\u9ed8\u8ba4\u597d\u8bc4\u3002"", ""date"": ""2018-03-21"", ""score"": 5, ""commentId"": ""205558616"", ""imgs"": [], ""userNickName"": ""y*4"", ""replyCityName"": """", ""cityName"": """"}, {""author"": ""j*7"", ""content"": ""\u7528\u6237\u672a\u70b9\u8bc4\uff0c\u7cfb\u7edf\u9ed8\u8ba4\u597d\u8bc4\u3002"", ""date"": ""2018-03-20"", ""score"": 5, ""commentId"": ""205538401"", ""imgs"": [], ""userNickName"": ""j*7"", ""replyCityName"": """", ""cityName"": """"}], ""score"": 5.0, ""commentCount"": 3}, ""statusCode"": 200}"
泉林水上乐园,https://imgs.qunarzz.com/sight/p0/1804/5b/5bfba01b35c1c26ba3.img.jpg_280x200_68f1239a.jpg,中山市,中山市,广东省中山市三乡镇泉林欢乐世界,14,5.0,新增水上乐园项目，让你清爽一夏,https://piao.qunar.com/ticket/detail_2935194674.html?st=a3clM0QlRTQlQjglQUQlRTUlQjElQjElRTUlQjglODIlMjZpZCUzRDQ2ODAzMSUyNnR5cGUlM0QwJTI2aWR4JTNEMTM2JTI2cXQlM0QlMjZhcGslM0QyJTI2c2MlM0RXV1clMjZ1ciUzRCVFNCVCOCVBRCVFNSVCMSVCMSUyNmxyJTNEJUU0JUI4JUFEJUU1JUIxJUIxJTI2ZnQlM0QlN0IlN0Q%3D#from=mpl_search_suggest,-1.0,N/A,永远的新鲜是泉林旅游山庄带给游客们的另一大感受，为体现出“一步一景致”的景观氛围，你会看到一个更加容光焕发的泉林旅游山庄，各个游乐项目里里外外的面貌都焕然一新，各种标志牌更加美观趣致，新建的标志性喷泉景观，全方位的细致美化，塑造出了一个更美丽鲜亮的泉林旅游山庄。新增的水上乐园项目，让你清爽一夏！,07/01-08/31；10:00-21:00开园,https://imgs.qunarzz.com/sight/p0/1804/80/809d836b77660cdda3.img.jpg_710x360_4abdb9ea.jpg〇https://imgs.qunarzz.com/sight/p0/1806/2c/2cf6c0eea1e1c89ba3.img.jpg_710x360_44a9a12b.jpg〇https://imgs.qunarzz.com/sight/p0/1806/e4/e469ef5fa56667fea3.img.jpg_710x360_0d14a0d1.jpg〇https://imgs.qunarzz.com/sight/p0/1806/71/7121feb03187cedaa3.img.jpg_710x360_6ed7847f.jpg〇https://imgs.qunarzz.com/sight/p0/1806/16/168cf1bb5cac0085a3.img.jpg_710x360_e727e7b9.jpg〇https://imgs.qunarzz.com/sight/p0/1806/d2/d2be48d24810f89ba3.img.jpg_710x360_3e845320.jpg〇https://imgs.qunarzz.com/sight/p0/1804/41/413fb90c247537e8a3.img.jpg_710x360_72621b11.jpg〇https://imgs.qunarzz.com/sight/p0/1804/ae/ae754d02752e7f70a3.img.jpg_710x360_e0a3e804.jpg〇https://imgs.qunarzz.com/sight/p0/1804/33/33474600a10b18bea3.img.jpg_710x360_51a87b7c.jpg〇https://imgs.qunarzz.com/sight/p0/1804/b5/b5ab76c605dc871a3.img.jpg_710x360_1ff12d74.jpg〇https://imgs.qunarzz.com/sight/p0/1804/41/418d30f107a715efa3.img.jpg_710x360_0a5a947a.jpg〇https://imgs.qunarzz.com/sight/p0/1804/f5/f571ff2ebf5651eda3.img.jpg_710x360_1d8bfb6d.jpg〇https://imgs.qunarzz.com/sight/p0/1804/76/766cc2cff8aa32e7a3.img.jpg_710x360_73bcf031.jpg〇https://imgs.qunarzz.com/sight/p0/1804/a0/a0c41b896d58b5dda3.img.jpg_710x360_318dda3c.jpg〇https://imgs.qunarzz.com/sight/p0/1804/5b/5bfba01b35c1c26ba3.img.jpg_710x360_5826497d.jpg〇https://imgs.qunarzz.com/sight/p0/1804/b5/b5ab76c605dc871a3.img.jpg_710x360_1ff12d74.jpg〇https://imgs.qunarzz.com/sight/p0/1804/29/29fbd13e1b172d56a3.img.jpg_710x360_55ca81d8.jpg〇https://imgs.qunarzz.com/sight/p0/1804/83/834982497af2631fa3.img.jpg_710x360_a34d665f.jpg〇https://imgs.qunarzz.com/sight/p0/1804/43/4351334b2536a049a3.img.jpg_710x360_09434f2f.jpg,"{""ret"": true, ""data"": {""tagList"": [{""tagType"": 1, ""tagScore"": 5, ""tagNum"": 14, ""tagName"": ""\u597d\u8bc4""}, {""tagType"": 0, ""tagScore"": 5, ""tagNum"": 14, ""tagName"": ""\u5168\u90e8""}], ""commentList"": [{""author"": ""m*0"", ""content"": ""\u7528\u6237\u672a\u70b9\u8bc4\uff0c\u7cfb\u7edf\u9ed8\u8ba4\u597d\u8bc4\u3002"", ""date"": ""2021-06-15"", ""score"": 5, ""commentId"": ""219494376"", ""imgs"": [], ""userNickName"": ""m*0"", ""replyCityName"": """", ""cityName"": """"}, {""author"": ""q*5"", ""content"": ""\u7528\u6237\u672a\u70b9\u8bc4\uff0c\u7cfb\u7edf\u9ed8\u8ba4\u597d\u8bc4\u3002"", ""date"": ""2020-12-08"", ""score"": 5, ""commentId"": ""217547486"", ""imgs"": [], ""userNickName"": ""q*5"", ""replyCityName"": """", ""cityName"": """"}, {""author"": ""\u5ba3*\u5efa"", ""content"": ""\u7528\u6237\u672a\u70b9\u8bc4\uff0c\u7cfb\u7edf\u9ed8\u8ba4\u597d\u8bc4\u3002"", ""date"": ""2018-11-03"", ""score"": 5, ""commentId"": ""208369833"", ""imgs"": [], ""userNickName"": ""\u5ba3*\u5efa"", ""replyCityName"": """", ""cityName"": """"}, {""author"": ""j*7"", ""content"": ""\u7528\u6237\u672a\u70b9\u8bc4\uff0c\u7cfb\u7edf\u9ed8\u8ba4\u597d\u8bc4\u3002"", ""date"": ""2018-10-26"", ""score"": 5, ""commentId"": ""208263859"", ""imgs"": [], ""userNickName"": ""j*7"", ""replyCityName"": """", ""cityName"": """"}, {""author"": ""q*4"", ""content"": ""\u7528\u6237\u672a\u70b9\u8bc4\uff0c\u7cfb\u7edf\u9ed8\u8ba4\u597d\u8bc4\u3002"", ""date"": ""2018-09-25"", ""score"": 5, ""commentId"": ""207957528"", ""imgs"": [], ""userNickName"": ""q*4"", ""replyCityName"": """", ""cityName"": """"}, {""author"": ""r*5"", ""content"": ""\u7528\u6237\u672a\u70b9\u8bc4\uff0c\u7cfb\u7edf\u9ed8\u8ba4\u597d\u8bc4\u3002"", ""date"": ""2018-09-23"", ""score"": 5, ""commentId"": ""207922627"", ""imgs"": [], ""userNickName"": ""r*5"", ""replyCityName"": """", ""cityName"": """"}, {""author"": ""u*l"", ""content"": ""\u7528\u6237\u672a\u70b9\u8bc4\uff0c\u7cfb\u7edf\u9ed8\u8ba4\u597d\u8bc4\u3002"", ""date"": ""2018-09-19"", ""score"": 5, ""commentId"": ""207850534"", ""imgs"": [], ""userNickName"": ""u*l"", ""replyCityName"": """", ""cityName"": """"}, {""author"": ""m*5"", ""content"": ""\u7528\u6237\u672a\u70b9\u8bc4\uff0c\u7cfb\u7edf\u9ed8\u8ba4\u597d\u8bc4\u3002"", ""date"": ""2018-09-11"", ""score"": 5, ""commentId"": ""207677510"", ""imgs"": [], ""userNickName"": ""m*5"", ""replyCityName"": """", ""cityName"": """"}, {""author"": ""l*6"", ""content"": ""\u7528\u6237\u672a\u70b9\u8bc4\uff0c\u7cfb\u7edf\u9ed8\u8ba4\u597d\u8bc4\u3002"", ""date"": ""2018-09-11"", ""score"": 5, ""commentId"": ""207677503"", ""imgs"": [], ""userNickName"": ""l*6"", ""replyCityName"": """", ""cityName"": """"}, {""author"": ""j*9"", ""content"": ""\u7528\u6237\u672a\u70b9\u8bc4\uff0c\u7cfb\u7edf\u9ed8\u8ba4\u597d\u8bc4\u3002"", ""date"": ""2018-08-29"", ""score"": 5, ""commentId"": ""207435870"", ""imgs"": [], ""userNickName"": ""j*9"", ""replyCityName"": """", ""cityName"": """"}], ""score"": 5.0, ""commentCount"": 14}, ""statusCode"": 200}"
中山影视城-南京中山陵,https://qimgs.qunarzz.com/piao_qsight_provider_piao_qsight_web/0100d12000entvkzh9268_C_900_504.jpg_280x200_83eec7e4.jpg,中山市,中山市,中山市翠亨村中山城中国景区,-1,-1.0,N/A,https://piao.qunar.com/ticket/detail_1972102333.html?st=a3clM0QlRTQlQjglQUQlRTUlQjElQjElRTUlQjglODIlMjZpZCUzRDUzMDQzMiUyNnR5cGUlM0QwJTI2aWR4JTNEMTY0JTI2cXQlM0QlMjZhcGslM0QyJTI2c2MlM0RXV1clMjZ1ciUzRCVFNCVCOCVBRCVFNSVCMSVCMSUyNmxyJTNEJUU0JUI4JUFEJUU1JUIxJUIxJTI2ZnQlM0QlN0IlN0Q%3D#from=mpl_search_suggest,-1.0,N/A,N/A,暂无,https://qimgs.qunarzz.com/piao_qsight_provider_piao_qsight_web/0100d12000entvkzh9268_C_900_504.jpg_710x360_d2800263.jpg〇https://qimgs.qunarzz.com/piao_qsight_provider_piao_qsight_web/0101e12000entvsu089E3_C_900_504_Q90_Mtg_7.jpg_710x360_ba5e36c2.jpg〇https://qimgs.qunarzz.com/piao_qsight_provider_piao_qsight_web/0101712000entvnwkF4FC_C_900_504_Q90_Mtg_7.jpg_710x360_bbeda01b.jpg〇https://qimgs.qunarzz.com/piao_qsight_provider_piao_qsight_web/0101812000entw6e0E975_C_900_504_Q90_Mtg_7.jpg_710x360_7211154e.jpg〇https://qimgs.qunarzz.com/piao_qsight_provider_piao_qsight_web/0100m12000entw5uj8DC3_C_900_504_Q90_Mtg_7.jpg_710x360_8b121fe5.jpg〇https://qimgs.qunarzz.com/piao_qsight_provider_piao_qsight_web/0100d12000entvkzh9268_C_900_504_Q90_Mtg_7.jpg_710x360_4d08c972.jpg,"{""ret"": true, ""data"": {""tagList"": [{""tagType"": 0, ""tagScore"": 5, ""tagNum"": 0, ""tagName"": ""\u5168\u90e8""}], ""score"": 0.0, ""commentCount"": 0}, ""statusCode"": 200}"
南朗崖口天宇梦幻田园,https://qimgs.qunarzz.com/piao_qsight_provider_piao_qsight_web/10041f000001gp8xy083F_C_900_504.jpg_280x200_9391b25f.jpg,中山市,中山市,崖口村二顷六水乡人家海鲜餐厅西南侧120米,-1,-1.0,N/A,https://piao.qunar.com/ticket/detail_2842188982.html?st=a3clM0QlRTQlQjglQUQlRTUlQjElQjElRTUlQjglODIlMjZpZCUzRDQ3MTgwOSUyNnR5cGUlM0QwJTI2aWR4JTNEMTYzJTI2cXQlM0QlMjZhcGslM0QyJTI2c2MlM0RXV1clMjZ1ciUzRCVFNCVCOCVBRCVFNSVCMSVCMSUyNmxyJTNEJUU0JUI4JUFEJUU1JUIxJUIxJTI2ZnQlM0QlN0IlN0Q%3D#from=mpl_search_suggest,-1.0,N/A,N/A,1/1-12/31；周一至周日；09:00-18:00开园；（17:30停止入园）,https://qimgs.qunarzz.com/piao_qsight_provider_piao_qsight_web/10041f000001gp8xy083F_C_900_504.jpg_710x360_5faac65f.jpg〇https://qimgs.qunarzz.com/piao_qsight_provider_piao_qsight_web/100e0r000000gzq582814_C_900_504_Q90_Mtg_7.jpg_710x360_87b128e5.jpg〇https://qimgs.qunarzz.com/piao_qsight_provider_piao_qsight_web/100j0r000000gwhojECB4_C_900_504_Q90_Mtg_7.jpg_710x360_960e6909.jpg〇https://qimgs.qunarzz.com/piao_qsight_provider_piao_qsight_web/100a0r000000gyathD634_C_900_504_Q90_Mtg_7.jpg_710x360_d42a3b67.jpg〇https://qimgs.qunarzz.com/piao_qsight_provider_piao_qsight_web/10041f000001gp8xy083F_C_900_504_Q90_Mtg_7.jpg_710x360_c5455745.jpg,"{""ret"": true, ""data"": {""tagList"": [{""tagType"": 0, ""tagScore"": 5, ""tagNum"": 0, ""tagName"": ""\u5168\u90e8""}], ""score"": 0.0, ""commentCount"": 0}, ""statusCode"": 200}"
中山小榄海洋生物珊瑚科普展,https://imgs.qunarzz.com/sight/p0/1412/1d/8879191b80db6f25604dc39a949d8e5a.water.jpg_280x200_245da644.jpg,中山市,中山市,广东省中山市小榄镇民安中路121号。,-1,-1.0,亲近大自然，触摸大自然,https://piao.qunar.com/ticket/detail_529514712.html?st=a3clM0QlRTQlQjglQUQlRTUlQjElQjElRTUlQjglODIlMjZpZCUzRDE5OTk1MSUyNnR5cGUlM0QwJTI2aWR4JTNEMTYyJTI2cXQlM0QlMjZhcGslM0QyJTI2c2MlM0RXV1clMjZ1ciUzRCVFNCVCOCVBRCVFNSVCMSVCMSUyNmxyJTNEJUU0JUI4JUFEJUU1JUIxJUIxJTI2ZnQlM0QlN0IlN0Q%3D#from=mpl_search_suggest,-1.0,N/A,200多种生物、更引进可亲手触摸的海洋生物触摸区。小朋友学习与玩乐的场所。在这里，小朋友可以学习与玩乐相结合。既能增长知识、扩阔眼界，还能满足小朋友想玩的欲望。翠绿的水草、斑斓的珊瑚、活泼的鱼类，以往只能在电视、书本上看到的，现在你都有机会去亲眼、亲手接触它们。,暂无,https://imgs.qunarzz.com/sight/p0/1412/1d/8879191b80db6f25604dc39a949d8e5a.water.jpg_710x360_807d432a.jpg〇https://imgs.qunarzz.com/sight/p0/1412/e2/4418a871665a83253a63e77879f6e8fc.water.jpg_710x360_532ca269.jpg〇https://imgs.qunarzz.com/sight/p0/1412/a4/07c3b86252c972320c8bf2b2e65be94e.water.jpg_710x360_d45310ea.jpg〇https://imgs.qunarzz.com/sight/p0/1412/e3/d760c859828e4d549f9f585db3306493.water.jpg_710x360_bc2201a2.jpg〇https://imgs.qunarzz.com/sight/p0/1412/87/d5bcfb2eef6d6e231c267f755f48e626.water.jpg_710x360_df9cfa36.jpg,"{""ret"": true, ""data"": {""tagList"": [{""tagType"": 0, ""tagScore"": 5, ""tagNum"": 0, ""tagName"": ""\u5168\u90e8""}], ""score"": 0.0, ""commentCount"": 0}, ""statusCode"": 200}"
菊城金瓣,https://imgs.qunarzz.com/sight/p0/1707/e1/e186decdabee6332a3.water.jpg_280x200_83b370b8.jpg,中山市,中山市,广东省中山市小榄镇,-1,-1.0,中山市小榄镇的美称,https://piao.qunar.com/ticket/detail_1773303562.html?st=a3clM0QlRTQlQjglQUQlRTUlQjElQjElRTUlQjglODIlMjZpZCUzRDQ2NTMzOSUyNnR5cGUlM0QwJTI2aWR4JTNEMTYxJTI2cXQlM0QlMjZhcGslM0QyJTI2c2MlM0RXV1clMjZ1ciUzRCVFNCVCOCVBRCVFNSVCMSVCMSUyNmxyJTNEJUU0JUI4JUFEJUU1JUIxJUIxJTI2ZnQlM0QlN0IlN0Q%3D#from=mpl_search_suggest,-1.0,N/A,“菊城金瓣”是中山市小榄镇的美称。小榄镇的居民几乎家家户户都有花圃亭园阳台楼顶，以至街头巷尾，都有数不清品种名目的菊花种养。每到金秋季节，七彩纷呈的菊花到处盛放，金黄色的菊花更成主色调，形成名符其实的菊城金瓣。这里每年金秋季节的十至十一月，会在公园和主要大道举行一次小型菊展，有十万盆左右和上千种菊花品种。,01/01-12/31；全天开放,https://imgs.qunarzz.com/sight/p0/1707/e1/e186decdabee6332a3.water.jpg_710x360_95744af9.jpg,"{""ret"": true, ""data"": {""tagList"": [{""tagType"": 0, ""tagScore"": 5, ""tagNum"": 0, ""tagName"": ""\u5168\u90e8""}], ""score"": 0.0, ""commentCount"": 0}, ""statusCode"": 200}"
名彩水果世界,https://imgs.qunarzz.com/sight/p0/1510/36/36c5307cc317694e.water.jpg_280x200_2cb93f9d.jpg,中山市,中山市,广东省中山市民众镇新建村新联一队,1,1.0,大型农场式观光果园,https://piao.qunar.com/ticket/detail_1360206482.html?st=a3clM0QlRTQlQjglQUQlRTUlQjElQjElRTUlQjglODIlMjZpZCUzRDQ1NTcxNCUyNnR5cGUlM0QwJTI2aWR4JTNEMTYwJTI2cXQlM0QlMjZhcGslM0QyJTI2c2MlM0RXV1clMjZ1ciUzRCVFNCVCOCVBRCVFNSVCMSVCMSUyNmxyJTNEJUU0JUI4JUFEJUU1JUIxJUIxJTI2ZnQlM0QlN0IlN0Q%3D#from=mpl_search_suggest,-1.0,N/A,名彩水果世界位于民众镇新建村新联一队，是集农业、科普、绿色生态于一体的大型农场式观光果园，以创名优产品水果为目的、以体验农家乐为主题发展休闲旅游的旅游观光农业示范区基地。,暂无,https://imgs.qunarzz.com/sight/p0/1510/36/36c5307cc317694e.water.jpg_710x360_af59d2f1.jpg〇https://qimgs.qunarzz.com/piao_qsight_provider_piao_qsight_web/1dd0a1e481930737.jpg_710x360_6ee9760a.jpg,"{""ret"": true, ""data"": {""tagList"": [{""tagType"": 3, ""tagScore"": 5, ""tagNum"": 1, ""tagName"": ""\u5dee\u8bc4""}, {""tagType"": 0, ""tagScore"": 5, ""tagNum"": 1, ""tagName"": ""\u5168\u90e8""}], ""commentList"": [{""author"": ""w*4"", ""content"": ""\u6ca1\u52b2\uff0c\u4ec0\u4e48\u6c34\u679c\u90fd\u6ca1\u6709"", ""date"": ""2016-01-01"", ""score"": 1, ""commentId"": ""100255461"", ""imgs"": [], ""userNickName"": ""w*4"", ""replyCityName"": """", ""cityName"": """"}], ""score"": 1.0, ""commentCount"": 1}, ""statusCode"": 200}"
岐江游船,https://imgs.qunarzz.com/sight/p0/201306/07/58671ee136a1528ec8d65eac.jpg_280x200_b4ede5ac.jpg,中山市,中山市,中山市石岐区悦来南路五号5楼,207,4.7,乘船欣赏美丽的江景,https://piao.qunar.com/ticket/detail_1668560798.html?st=a3clM0QlRTQlQjglQUQlRTUlQjElQjElRTUlQjglODIlMjZpZCUzRDE5MTU5OCUyNnR5cGUlM0QwJTI2aWR4JTNEMTQyJTI2cXQlM0QlMjZhcGslM0QyJTI2c2MlM0RXV1clMjZ1ciUzRCVFNCVCOCVBRCVFNSVCMSVCMSUyNmxyJTNEJUU0JUI4JUFEJUU1JUIxJUIxJTI2ZnQlM0QlN0IlN0Q%3D#from=mpl_search_suggest,-1.0,N/A,中山岐江游中山岐江旅游有限公司成立于2010年11月。按照市委市政府开发建设旅游项目，推动旅游业升级转型，提升第三产业发展的战略，以及集团公司的发展规划部署，中山岐江旅游有限公司将打造成为一家提供全方位游船服务项目的专业旅游公司。“岐江游”5公里左右的范围内，旅游资源高度集中，人文、历史等气氛浓厚，商业配套又非常充足；从专业的角度分析，岐江河80米宽的河面非常适合操作游船，游客坐在船上可近距离观赏江景。单从这一点来考虑，“岐江游”胜于“珠江游”更胜“黄浦江游”。从长远来看，“岐江游”项目将带动整个片区的发展。一座城市的绝代风华。一座城市的深厚传统。当万年岐江水流转于此，见证香山历史演变的同时，当全城的目光紧紧聚焦，岐江游，就不仅仅是一条江的所在――城市的荣耀，城市的精华结晶，城市的形象窗口，都在这段传奇的岐江一一展现，无可比拟，也无可取代！岐江游，瞩目全城。,景区暂时停业，详情请以景区公示为准；原开放时间18:30-22:00。,https://imgs.qunarzz.com/sight/p0/201306/07/58671ee136a1528ec8d65eac.jpg_710x360_5e84fd66.jpg〇https://imgs.qunarzz.com/sight/p0/201306/07/bbbdc188e592c5d1c8d65eac.jpg_710x360_01ae5fbd.jpg〇https://imgs.qunarzz.com/sight/p0/201306/07/d0fc4c2bff98e9f5c8d65eac.jpg_710x360_01f55395.jpg〇https://imgs.qunarzz.com/sight/p0/201306/07/071d01d5329e27f8c8d65eac.jpg_710x360_cbb79d8a.jpg,"{""ret"": true, ""data"": {""tagList"": [{""tagType"": 32, ""tagScore"": 5, ""tagNum"": 4, ""tagName"": ""\u670d\u52a1\u597d""}, {""tagType"": 16, ""tagScore"": 5, ""tagNum"": 3, ""tagName"": ""\u9760\u8c31""}, {""tagType"": 8, ""tagScore"": 5, ""tagNum"": 4, ""tagName"": ""\u4fbf\u5b9c""}, {""tagType"": 4, ""tagScore"": 5, ""tagNum"": 4, ""tagName"": ""\u53d6\u7968\u65b9\u4fbf""}, {""tagType"": 3, ""tagScore"": 5, ""tagNum"": 2, ""tagName"": ""\u5dee\u8bc4""}, {""tagType"": 2, ""tagScore"": 5, ""tagNum"": 10, ""tagName"": ""\u4e2d\u8bc4""}, {""tagType"": 1, ""tagScore"": 5, ""tagNum"": 195, ""tagName"": ""\u597d\u8bc4""}, {""tagType"": 0, ""tagScore"": 5, ""tagNum"": 207, ""tagName"": ""\u5168\u90e8""}], ""commentList"": [{""author"": ""e*1"", ""content"": ""\u6574\u4f53\u6765\u8bf4\u8fd8\u662f\u5f88\u4e0d\u9519\u7684\u3002\u5f53\u591c\u5e55\u964d\u4e34\uff0c\u706f\u5149\u5c06\u5c90\u6c5f\u6cbf\u5cb8\u52fe\u52d2\u51fa\u7684\u6548\u679c\u503c\u5f97\u4e00\u770b\u3002\u6211\u4eec\u4e58\u5750\u7684\u662f\u5b59\u6587\u4e00\u53f7\uff0c\u7f6e\u8eab\u4e8e\u8239\u4e2d\u4f53\u4f1a\u7740\u98ce\u548c\u5149\u64e6\u8fc7\u8eab\u8fb9\u7684\u611f\u89c9\uff0c\u53c8\u6b63\u503c\u4e2d\u79cb\u4f73\u8282\uff0c\u70b9\u7f00\u4e86\u4e9b\u8bb8\u559c\u60a6\u7684\u6c14\u6c1b\u3002\u6709\u4e9b\u7f8e\u4e2d\u4e0d\u8db3\u7684\u662f\u8001\u57ce\u533a\u65f6\u9690\u65f6\u73b0\uff0c\u7834\u574f\u4e86\u6574\u4f53\u611f\u89c9\uff0c\u8239\u4e0a\u7684\u8bb2\u89e3\u5458\u4e5f\u4e0d\u592a\u7ed9\u529b\u3002"", ""date"": ""2017-10-07"", ""score"": 5, ""commentId"": ""204179715"", ""imgs"": [{""small"": ""https://imgs.qunarzz.com/p/tts8/1712/95/b80f6e8eb35de302.jpg_120x120_0e7d5f09.jpg"", ""title"": """", ""big"": ""https://imgs.qunarzz.com/p/tts8/1712/95/b80f6e8eb35de302.jpg""}, {""small"": ""https://imgs.qunarzz.com/p/tts3/1712/54/6d6033c28141dd02.jpg_120x120_6f981aaf.jpg"", ""title"": """", ""big"": ""https://imgs.qunarzz.com/p/tts3/1712/54/6d6033c28141dd02.jpg""}, {""small"": ""https://imgs.qunarzz.com/p/tts5/1712/ee/f1079d00bc9e8002.jpg_120x120_ef6850d0.jpg"", ""title"": """", ""big"": ""https://imgs.qunarzz.com/p/tts5/1712/ee/f1079d00bc9e8002.jpg""}, {""small"": ""https://imgs.qunarzz.com/p/tts2/1712/69/a7e59fd2deeef602.jpg_120x120_69c6d77c.jpg"", ""title"": """", ""big"": ""https://imgs.qunarzz.com/p/tts2/1712/69/a7e59fd2deeef602.jpg""}, {""small"": ""https://imgs.qunarzz.com/p/tts7/1712/e6/5277b3f40f2cf802.jpg_120x120_98b255cd.jpg"", ""title"": """", ""big"": ""https://imgs.qunarzz.com/p/tts7/1712/e6/5277b3f40f2cf802.jpg""}, {""small"": ""https://imgs.qunarzz.com/p/tts3/1712/e4/eb7bc1fd7cfcd502.jpg_120x120_c038fbbf.jpg"", ""title"": """", ""big"": ""https://imgs.qunarzz.com/p/tts3/1712/e4/eb7bc1fd7cfcd502.jpg""}, {""small"": ""https://imgs.qunarzz.com/p/tts4/1712/78/368589f44fa3ca02.jpg_120x120_5ec16452.jpg"", ""title"": """", ""big"": ""https://imgs.qunarzz.com/p/tts4/1712/78/368589f44fa3ca02.jpg""}, {""small"": ""https://imgs.qunarzz.com/p/tts5/1712/44/6a0c3f1598afb002.jpg_120x120_29ede2e5.jpg"", ""title"": """", ""big"": ""https://imgs.qunarzz.com/p/tts5/1712/44/6a0c3f1598afb002.jpg""}], ""userNickName"": ""e*1"", ""replyCityName"": """", ""cityName"": """"}, {""author"": ""w*m"", ""content"": ""\u7528\u6237\u672a\u70b9\u8bc4\uff0c\u7cfb\u7edf\u9ed8\u8ba4\u597d\u8bc4\u3002"", ""date"": ""2019-01-06"", ""score"": 5, ""commentId"": ""208909420"", ""imgs"": [], ""userNickName"": ""w*m"", ""replyCityName"": """", ""cityName"": """"}, {""author"": ""n*2"", ""content"": ""\u7528\u6237\u672a\u70b9\u8bc4\uff0c\u7cfb\u7edf\u9ed8\u8ba4\u597d\u8bc4\u3002"", ""date"": ""2019-01-02"", ""score"": 5, ""commentId"": ""208885448"", ""imgs"": [], ""userNickName"": ""n*2"", ""replyCityName"": """", ""cityName"": """"}, {""author"": ""r*5"", ""content"": ""\u7528\u6237\u672a\u70b9\u8bc4\uff0c\u7cfb\u7edf\u9ed8\u8ba4\u597d\u8bc4\u3002"", ""date"": ""2018-12-23"", ""score"": 5, ""commentId"": ""208806538"", ""imgs"": [], ""userNickName"": ""r*5"", ""replyCityName"": """", ""cityName"": """"}, {""author"": ""p*2"", ""content"": ""\u7528\u6237\u672a\u70b9\u8bc4\uff0c\u7cfb\u7edf\u9ed8\u8ba4\u597d\u8bc4\u3002"", ""date"": ""2018-12-23"", ""score"": 5, ""commentId"": ""208806226"", ""imgs"": [], ""userNickName"": ""p*2"", ""replyCityName"": """", ""cityName"": """"}, {""author"": ""m*6"", ""content"": ""\u7528\u6237\u672a\u70b9\u8bc4\uff0c\u7cfb\u7edf\u9ed8\u8ba4\u597d\u8bc4\u3002"", ""date"": ""2018-12-18"", ""score"": 5, ""commentId"": ""208784350"", ""imgs"": [], ""userNickName"": ""m*6"", ""replyCityName"": """", ""cityName"": """"}, {""author"": ""f*r"", ""content"": ""\u7528\u6237\u672a\u70b9\u8bc4\uff0c\u7cfb\u7edf\u9ed8\u8ba4\u597d\u8bc4\u3002"", ""date"": ""2018-12-11"", ""score"": 5, ""commentId"": ""208729775"", ""imgs"": [], ""userNickName"": ""f*r"", ""replyCityName"": """", ""cityName"": """"}, {""author"": ""d*7"", ""content"": ""\u7528\u6237\u672a\u70b9\u8bc4\uff0c\u7cfb\u7edf\u9ed8\u8ba4\u597d\u8bc4\u3002"", ""date"": ""2018-12-09"", ""score"": 5, ""commentId"": ""208720564"", ""imgs"": [], ""userNickName"": ""d*7"", ""replyCityName"": """", ""cityName"": """"}, {""author"": ""p*2"", ""content"": ""\u7528\u6237\u672a\u70b9\u8bc4\uff0c\u7cfb\u7edf\u9ed8\u8ba4\u597d\u8bc4\u3002"", ""date"": ""2018-11-27"", ""score"": 5, ""commentId"": ""208639438"", ""imgs"": [], ""userNickName"": ""p*2"", ""replyCityName"": """", ""cityName"": """"}, {""author"": ""a*9"", ""content"": ""\u7528\u6237\u672a\u70b9\u8bc4\uff0c\u7cfb\u7edf\u9ed8\u8ba4\u597d\u8bc4\u3002"", ""date"": ""2018-11-21"", ""score"": 5, ""commentId"": ""208599560"", ""imgs"": [], ""userNickName"": ""a*9"", ""replyCityName"": """", ""cityName"": """"}], ""score"": 4.7, ""commentCount"": 207}, ""statusCode"": 200}"
爱茵堡亲子乐园,https://imgs.qunarzz.com/sight/p0/1411/ae/64dec48316f035139099fface8551696.water.jpg_280x200_0c37f2cf.jpg,中山市,中山市,广东省中山市火炬开发区南祥路7号,1,5.0,让孩子们发散天真快乐的开心魔法乐园,https://piao.qunar.com/ticket/detail_3665106708.html?st=a3clM0QlRTQlQjglQUQlRTUlQjElQjElRTUlQjglODIlMjZpZCUzRDE5OTIwNCUyNnR5cGUlM0QwJTI2aWR4JTNEMTQxJTI2cXQlM0QlMjZhcGslM0QyJTI2c2MlM0RXV1clMjZ1ciUzRCVFNCVCOCVBRCVFNSVCMSVCMSUyNmxyJTNEJUU0JUI4JUFEJUU1JUIxJUIxJTI2ZnQlM0QlN0IlN0Q%3D#from=mpl_search_suggest,-1.0,N/A,爱茵堡青少年宫经中山市民政局批准成立，是培养青少年综合素质的专业化，规模化的大型社会公益性机构，爱茵堡亲子乐园是＂开发区妇联亲子教育基地＂是孩子们的开心魔法乐园。安全干净的环境，丰富有趣的游乐设施，可以让孩子在这里度过有趣、快乐的一天！,暂无,https://imgs.qunarzz.com/sight/p0/1411/ae/64dec48316f035139099fface8551696.water.jpg_710x360_7fa2af00.jpg,"{""ret"": true, ""data"": {""tagList"": [{""tagType"": 1, ""tagScore"": 5, ""tagNum"": 1, ""tagName"": ""\u597d\u8bc4""}, {""tagType"": 0, ""tagScore"": 5, ""tagNum"": 1, ""tagName"": ""\u5168\u90e8""}], ""commentList"": [{""author"": ""r*7"", ""content"": ""\u6211\u5c0f\u4f84\u5b50\u73a9\u5f97\u597d\u5f00\u5fc3\u554a\uff0c\u4e0b\u6b21\u5e26\u5c0f\u4f84\u5b50\u518d\u53bb\u8fc7"", ""date"": ""2015-07-04"", ""score"": 5, ""commentId"": ""57488406"", ""imgs"": [], ""userNickName"": ""r*7"", ""replyCityName"": """", ""cityName"": """"}], ""score"": 5.0, ""commentCount"": 1}, ""statusCode"": 200}"
罗三妹山,https://qimgs.qunarzz.com/piao_qsight_provider_piao_qsight_web/0105d1200082jtixh5687_C_900_504.jpg_280x200_6ab9db63.jpg,中山市,中山市,中山市三乡镇雍陌村,34,5.0,得名于孝女罗三妹,https://piao.qunar.com/ticket/detail_61459172.html?st=a3clM0QlRTQlQjglQUQlRTUlQjElQjElRTUlQjglODIlMjZpZCUzRDQ2NzMyNyUyNnR5cGUlM0QwJTI2aWR4JTNEMTM5JTI2cXQlM0QlMjZhcGslM0QyJTI2c2MlM0RXV1clMjZ1ciUzRCVFNCVCOCVBRCVFNSVCMSVCMSUyNmxyJTNEJUU0JUI4JUFEJUU1JUIxJUIxJTI2ZnQlM0QlN0IlN0Q%3D#from=mpl_search_suggest,-1.0,N/A,罗三妹山位于中山市三乡镇，中山温泉宾馆北，面积0.22平方公里，海拔98.8米。原名锣鼓山，又名罗仙姑山。因孝女罗三妹的传说而得名，更因为邓小平同志登山时所留下“不走回头路”的名言而名闻遐迩。,1/1-12/31；周一至周日；全天开放,https://qimgs.qunarzz.com/piao_qsight_provider_piao_qsight_web/0105d1200082jtixh5687_C_900_504.jpg_710x360_e4b258e2.jpg〇https://qimgs.qunarzz.com/piao_qsight_provider_piao_qsight_web/0105d1200082jtixh5687_C_900_504_Q90_Mtg_7.jpg_710x360_d0fe751c.jpg〇https://imgs.qunarzz.com/sight/p0/1802/82/829831216fd94793a3.water.jpg_710x360_1c3af6fb.jpg〇https://qimgs.qunarzz.com/piao_qsight_provider_piao_qsight_web/09059469e9087890b72bc37db53e5b26.jpg_710x360_85d58379.jpg〇https://qimgs.qunarzz.com/piao_qsight_provider_piao_qsight_web/5f26789b4195974b6abde796d37c0716.jpg_710x360_8d3b3c3e.jpg〇https://qimgs.qunarzz.com/piao_qsight_provider_piao_qsight_web/651d5695895b4d37.jpg_710x360_ced34a65.jpg,"{""ret"": true, ""data"": {""tagList"": [{""tagType"": 1, ""tagScore"": 5, ""tagNum"": 34, ""tagName"": ""\u597d\u8bc4""}, {""tagType"": 0, ""tagScore"": 5, ""tagNum"": 34, ""tagName"": ""\u5168\u90e8""}], ""commentList"": [{""author"": ""d*2"", ""content"": ""\u7528\u6237\u672a\u70b9\u8bc4\uff0c\u7cfb\u7edf\u9ed8\u8ba4\u597d\u8bc4\u3002"", ""date"": ""2023-08-29"", ""score"": 5, ""commentId"": ""227832356"", ""imgs"": [], ""userNickName"": ""d*2"", ""replyCityName"": """", ""cityName"": """"}, {""author"": ""\u53bb*\u6237"", ""content"": ""\u7528\u6237\u672a\u70b9\u8bc4\uff0c\u7cfb\u7edf\u9ed8\u8ba4\u597d\u8bc4\u3002"", ""date"": ""2023-05-30"", ""score"": 5, ""commentId"": ""225696523"", ""imgs"": [], ""userNickName"": ""\u53bb*\u6237"", ""replyCityName"": """", ""cityName"": """"}, {""author"": ""l*8"", ""content"": ""\u7528\u6237\u672a\u70b9\u8bc4\uff0c\u7cfb\u7edf\u9ed8\u8ba4\u597d\u8bc4\u3002"", ""date"": ""2023-05-05"", ""score"": 5, ""commentId"": ""225351263"", ""imgs"": [], ""userNickName"": ""l*8"", ""replyCityName"": """", ""cityName"": """"}, {""author"": ""f*5"", ""content"": ""\u7528\u6237\u672a\u70b9\u8bc4\uff0c\u7cfb\u7edf\u9ed8\u8ba4\u597d\u8bc4\u3002"", ""date"": ""2023-04-18"", ""score"": 5, ""commentId"": ""225150253"", ""imgs"": [], ""userNickName"": ""f*5"", ""replyCityName"": """", ""cityName"": """"}, {""author"": ""q*\u6237"", ""content"": ""\u7528\u6237\u672a\u70b9\u8bc4\uff0c\u7cfb\u7edf\u9ed8\u8ba4\u597d\u8bc4\u3002"", ""date"": ""2023-04-18"", ""score"": 5, ""commentId"": ""225131532"", ""imgs"": [], ""userNickName"": ""q*\u6237"", ""replyCityName"": """", ""cityName"": """"}, {""author"": ""u*5"", ""content"": ""\u7528\u6237\u672a\u70b9\u8bc4\uff0c\u7cfb\u7edf\u9ed8\u8ba4\u597d\u8bc4\u3002"", ""date"": ""2023-04-14"", ""score"": 5, ""commentId"": ""225101498"", ""imgs"": [], ""userNickName"": ""u*5"", ""replyCityName"": """", ""cityName"": """"}, {""author"": ""\u5411*\u68ee"", ""content"": ""\u7528\u6237\u672a\u70b9\u8bc4\uff0c\u7cfb\u7edf\u9ed8\u8ba4\u597d\u8bc4\u3002"", ""date"": ""2023-03-21"", ""score"": 5, ""commentId"": ""224824450"", ""imgs"": [], ""userNickName"": ""\u5411*\u68ee"", ""replyCityName"": """", ""cityName"": """"}, {""author"": ""t*0"", ""content"": ""\u7528\u6237\u672a\u70b9\u8bc4\uff0c\u7cfb\u7edf\u9ed8\u8ba4\u597d\u8bc4\u3002"", ""date"": ""2023-03-16"", ""score"": 5, ""commentId"": ""224777856"", ""imgs"": [], ""userNickName"": ""t*0"", ""replyCityName"": """", ""cityName"": """"}, {""author"": ""\u53bb*\u6237"", ""content"": ""\u7528\u6237\u672a\u70b9\u8bc4\uff0c\u7cfb\u7edf\u9ed8\u8ba4\u597d\u8bc4\u3002"", ""date"": ""2023-03-16"", ""score"": 5, ""commentId"": ""224774324"", ""imgs"": [], ""userNickName"": ""\u53bb*\u6237"", ""replyCityName"": """", ""cityName"": """"}, {""author"": ""j*8"", ""content"": ""\u7528\u6237\u672a\u70b9\u8bc4\uff0c\u7cfb\u7edf\u9ed8\u8ba4\u597d\u8bc4\u3002"", ""date"": ""2023-01-30"", ""score"": 5, ""commentId"": ""223972706"", ""imgs"": [], ""userNickName"": ""j*8"", ""replyCityName"": """", ""cityName"": """"}], ""score"": 5.0, ""commentCount"": 34}, ""statusCode"": 200}"
岐江游,https://imgs.qunarzz.com/sight/p0/1611/31/31cd2eac1eff5c0ba3.water.jpg_280x200_84e8efcb.jpg,中山市,中山市,广东省佛山市西区中山一路岐江公园内码头（喜来登酒店斜对面）,16,4.9,乘坐游船观赏岐江美景,https://piao.qunar.com/ticket/detail_1774434993.html?st=a3clM0QlRTQlQjglQUQlRTUlQjElQjElRTUlQjglODIlMjZpZCUzRDE5OTU3MiUyNnR5cGUlM0QwJTI2aWR4JTNEMTM4JTI2cXQlM0QlMjZhcGslM0QyJTI2c2MlM0RXV1clMjZ1ciUzRCVFNCVCOCVBRCVFNSVCMSVCMSUyNmxyJTNEJUU0JUI4JUFEJUU1JUIxJUIxJTI2ZnQlM0QlN0IlN0Q%3D#from=mpl_search_suggest,-1.0,N/A,中山岐江旅游有限公司，现有各式观光游船14艘，游船分中式、西式等各种风格。可承办公司庆典、婚礼寿宴、生日、商务推介、集体包船、专线旅游等众多服务形式的水上活动。游船宽敞舒适航行平稳，集观光、餐饮、娱乐、会议服务为一体，各具特色。并配有良好的现代化服务设施，物有所值，只要您所需要的，全为您准备，让你更省心省力。,景区暂时停业，详情请以景区公示为准；原开放时间18:30-22:00。,https://imgs.qunarzz.com/sight/p0/1611/31/31cd2eac1eff5c0ba3.water.jpg_710x360_182c85f2.jpg〇https://imgs.qunarzz.com/sight/p0/1611/dd/dde957c2c47ed80fa3.water.jpg_710x360_7d01366d.jpg〇https://imgs.qunarzz.com/sight/p0/1611/86/866fae73b40e24e5a3.water.jpg_710x360_465e4cf7.jpg〇https://imgs.qunarzz.com/sight/p0/1611/e4/e49116802301e759a3.water.jpg_710x360_12dc935b.jpg〇https://imgs.qunarzz.com/sight/p0/1611/a3/a334c89d0aa9a17da3.water.jpg_710x360_607decc3.jpg,"{""ret"": true, ""data"": {""tagList"": [{""tagType"": 32, ""tagScore"": 5, ""tagNum"": 1, ""tagName"": ""\u670d\u52a1\u597d""}, {""tagType"": 1, ""tagScore"": 5, ""tagNum"": 16, ""tagName"": ""\u597d\u8bc4""}, {""tagType"": 0, ""tagScore"": 5, ""tagNum"": 16, ""tagName"": ""\u5168\u90e8""}], ""commentList"": [{""author"": ""a*6"", ""content"": ""\u7528\u6237\u672a\u70b9\u8bc4\uff0c\u7cfb\u7edf\u9ed8\u8ba4\u597d\u8bc4\u3002"", ""date"": ""2018-06-25"", ""score"": 5, ""commentId"": ""206627891"", ""imgs"": [], ""userNickName"": ""a*6"", ""replyCityName"": """", ""cityName"": """"}, {""author"": ""x*2"", ""content"": ""\u7528\u6237\u672a\u70b9\u8bc4\uff0c\u7cfb\u7edf\u9ed8\u8ba4\u597d\u8bc4\u3002"", ""date"": ""2018-04-23"", ""score"": 5, ""commentId"": ""205904323"", ""imgs"": [], ""userNickName"": ""x*2"", ""replyCityName"": """", ""cityName"": """"}, {""author"": ""x*2"", ""content"": ""\u7528\u6237\u672a\u70b9\u8bc4\uff0c\u7cfb\u7edf\u9ed8\u8ba4\u597d\u8bc4\u3002"", ""date"": ""2018-04-23"", ""score"": 5, ""commentId"": ""205904312"", ""imgs"": [], ""userNickName"": ""x*2"", ""replyCityName"": """", ""cityName"": """"}, {""author"": ""y*8"", ""content"": ""\u7528\u6237\u672a\u70b9\u8bc4\uff0c\u7cfb\u7edf\u9ed8\u8ba4\u597d\u8bc4\u3002"", ""date"": ""2018-04-10"", ""score"": 5, ""commentId"": ""205816183"", ""imgs"": [], ""userNickName"": ""y*8"", ""replyCityName"": """", ""cityName"": """"}, {""author"": ""b*1"", ""content"": ""\u7528\u6237\u672a\u70b9\u8bc4\uff0c\u7cfb\u7edf\u9ed8\u8ba4\u597d\u8bc4\u3002"", ""date"": ""2018-03-24"", ""score"": 5, ""commentId"": ""205657063"", ""imgs"": [], ""userNickName"": ""b*1"", ""replyCityName"": """", ""cityName"": """"}, {""author"": ""h*6"", ""content"": ""\u7528\u6237\u672a\u70b9\u8bc4\uff0c\u7cfb\u7edf\u9ed8\u8ba4\u597d\u8bc4\u3002"", ""date"": ""2018-03-21"", ""score"": 5, ""commentId"": ""205572929"", ""imgs"": [], ""userNickName"": ""h*6"", ""replyCityName"": """", ""cityName"": """"}, {""author"": ""z*5"", ""content"": ""\u7528\u6237\u672a\u70b9\u8bc4\uff0c\u7cfb\u7edf\u9ed8\u8ba4\u597d\u8bc4\u3002"", ""date"": ""2018-01-31"", ""score"": 5, ""commentId"": ""205247240"", ""imgs"": [], ""userNickName"": ""z*5"", ""replyCityName"": """", ""cityName"": """"}, {""author"": ""t*4"", ""content"": ""\u7528\u6237\u672a\u70b9\u8bc4\uff0c\u7cfb\u7edf\u9ed8\u8ba4\u597d\u8bc4\u3002"", ""date"": ""2018-01-31"", ""score"": 5, ""commentId"": ""205237148"", ""imgs"": [], ""userNickName"": ""t*4"", ""replyCityName"": """", ""cityName"": """"}, {""author"": ""d*6"", ""content"": ""\u7528\u6237\u672a\u70b9\u8bc4\uff0c\u7cfb\u7edf\u9ed8\u8ba4\u597d\u8bc4\u3002"", ""date"": ""2018-01-30"", ""score"": 5, ""commentId"": ""205218373"", ""imgs"": [], ""userNickName"": ""d*6"", ""replyCityName"": """", ""cityName"": """"}, {""author"": ""\u5b64*\u4eae"", ""content"": ""\u4e0d\u662f\u8282\u5047\u65e5\u671f\u95f4\uff0c4\u4e2a\u5305\u8239\u4e86\ud83d\ude04\ud83d\ude04\ud83d\ude04\u5bfc\u6e38\u670d\u52a1\u6001\u5ea6\u5f88\u597d\ud83d\udc4d\ud83d\udc4d\ud83d\udc4d"", ""date"": ""2018-01-24"", ""score"": 4, ""commentId"": ""205186661"", ""imgs"": [], ""userNickName"": ""\u5b64*\u4eae"", ""replyCityName"": """", ""cityName"": """"}], ""score"": 4.9, ""commentCount"": 16}, ""statusCode"": 200}"
火线户外俱乐部,https://imgs.qunarzz.com/sight/p0/2108/bf/bfed63f28150feada3.img.jpg_280x200_c76847af.jpg,中山市,中山市,中山市南朗镇合里树坑村5号,2,5.0,没有驾驶证也可以开的山地越野四驱车，2分钟包教包会，全套护具。另外还有帅气的赛车服装租赁，拍个帅气的视频照片。,https://piao.qunar.com/ticket/detail_1366383342.html?st=a3clM0QlRTQlQjglQUQlRTUlQjElQjElRTUlQjglODIlMjZpZCUzRDUxMTYxMCUyNnR5cGUlM0QwJTI2aWR4JTNEMTM3JTI2cXQlM0QlMjZhcGslM0QyJTI2c2MlM0RXV1clMjZ1ciUzRCVFNCVCOCVBRCVFNSVCMSVCMSUyNmxyJTNEJUU0JUI4JUFEJUU1JUIxJUIxJTI2ZnQlM0QlN0IlN0Q%3D#from=mpl_search_suggest,-1.0,N/A,没有驾驶证也可以开的山地越野四驱车，2分钟包教包会，全套护具。另外还有帅气的赛车服装租赁，拍个帅气的视频照片。,1/1-12/31；周一至周日；08:30-20:30开园,https://imgs.qunarzz.com/sight/p0/2108/bf/bfed63f28150feada3.img.jpg_710x360_17d88bf8.jpg〇https://imgs.qunarzz.com/sight/p0/2108/ac/ac198ef17b62f2e4a3.img.jpg_710x360_204da0a9.jpg,"{""ret"": true, ""data"": {""tagList"": [{""tagType"": 1, ""tagScore"": 5, ""tagNum"": 2, ""tagName"": ""\u597d\u8bc4""}, {""tagType"": 0, ""tagScore"": 5, ""tagNum"": 2, ""tagName"": ""\u5168\u90e8""}], ""commentList"": [{""author"": ""\u6797*\u98de"", ""content"": ""\u7528\u6237\u672a\u70b9\u8bc4\uff0c\u7cfb\u7edf\u9ed8\u8ba4\u597d\u8bc4\u3002"", ""date"": ""2021-10-05"", ""score"": 5, ""commentId"": ""220851572"", ""imgs"": [], ""userNickName"": ""\u6797*\u98de"", ""replyCityName"": """", ""cityName"": """"}, {""author"": ""\u6797*\u98de"", ""content"": ""\u7528\u6237\u672a\u70b9\u8bc4\uff0c\u7cfb\u7edf\u9ed8\u8ba4\u597d\u8bc4\u3002"", ""date"": ""2021-10-05"", ""score"": 5, ""commentId"": ""220851558"", ""imgs"": [], ""userNickName"": ""\u6797*\u98de"", ""replyCityName"": """", ""cityName"": """"}], ""score"": 5.0, ""commentCount"": 2}, ""statusCode"": 200}"
梦幻丛林越野俱乐部(坦洲店),https://qimgs.qunarzz.com/piao_qsight_provider_piao_qsight_web/0104l120009djtgjv4FAF_C_900_504.jpg_280x200_e17467d8.jpg,中山市,中山市,梦幻丛林越野俱乐部,-1,-1.0,没有驾驶证也可以开的山地越野四驱车，2分钟包教包会，全套护具。另外还有越野服装，拍个帅气的视频照片。,https://piao.qunar.com/ticket/detail_142562203.html?st=a3clM0QlRTQlQjglQUQlRTUlQjElQjElRTUlQjglODIlMjZpZCUzRDUxMzU4OSUyNnR5cGUlM0QwJTI2aWR4JTNEMTU4JTI2cXQlM0QlMjZhcGslM0QyJTI2c2MlM0RXV1clMjZ1ciUzRCVFNCVCOCVBRCVFNSVCMSVCMSUyNmxyJTNEJUU0JUI4JUFEJUU1JUIxJUIxJTI2ZnQlM0QlN0IlN0Q%3D#from=mpl_search_suggest,-1.0,N/A,没有驾驶证也可以开的山地越野四驱车，2分钟包教包会，全套护具。另外还有越野服装，拍个帅气的视频照片。,1/1-12/31；周一至周日；08:00-20:00开园,https://qimgs.qunarzz.com/piao_qsight_provider_piao_qsight_web/0104l120009djtgjv4FAF_C_900_504.jpg_710x360_d78b2bca.jpg〇https://imgs.qunarzz.com/sight/p0/2201/a1/a18fcb0482dd66eea3.img.jpg_710x360_f4030b3e.jpg〇https://imgs.qunarzz.com/sight/p0/2201/c2/c2b9b7994a3dcfdca3.img.jpg_710x360_b030ac02.jpg〇https://imgs.qunarzz.com/sight/p0/2201/3d/3daa0b26194413cfa3.img.jpg_710x360_1c843eab.jpg〇https://imgs.qunarzz.com/sight/p0/2201/aa/aa25a628a81569f1a3.img.jpg_710x360_6d728a46.jpg,"{""ret"": true, ""data"": {""tagList"": [{""tagType"": 0, ""tagScore"": 5, ""tagNum"": 0, ""tagName"": ""\u5168\u90e8""}], ""score"": 0.0, ""commentCount"": 0}, ""statusCode"": 200}"
雨林探秘,https://qimgs.qunarzz.com/piao_qsight_provider_piao_qsight_web/0106v12000cjiy6jp5771_C_900_504.jpg_280x200_d6795547.jpg,中山市,中山市,广东省中山市东区博爱六路中山博览中心,-1,-1.0,超高科技完美重现，光与影交织的震撼与美丽。150㎡雨林探秘光影互动场景，以华丽的视觉盛宴感知雨林秘境。流水潺潺、奇花异草,https://piao.qunar.com/ticket/detail_3025072638.html?st=a3clM0QlRTQlQjglQUQlRTUlQjElQjElRTUlQjglODIlMjZpZCUzRDUxMTAyOCUyNnR5cGUlM0QwJTI2aWR4JTNEMTU3JTI2cXQlM0QlMjZhcGslM0QyJTI2c2MlM0RXV1clMjZ1ciUzRCVFNCVCOCVBRCVFNSVCMSVCMSUyNmxyJTNEJUU0JUI4JUFEJUU1JUIxJUIxJTI2ZnQlM0QlN0IlN0Q%3D#from=mpl_search_suggest,-1.0,N/A,超高科技完美重现，光与影交织的震撼与美丽。150㎡雨林探秘光影互动场景，以华丽的视觉盛宴感知雨林秘境。流水潺潺、奇花异草、树影婆娑，雨林的“居民们”近在咫尺，犹如置身雨林腹地,具体营业状态以当天开放情况为准,https://qimgs.qunarzz.com/piao_qsight_provider_piao_qsight_web/0106v12000cjiy6jp5771_C_900_504.jpg_710x360_3990672f.jpg〇https://imgs.qunarzz.com/sight/p0/2104/a2/a231cb98fd87b592a3.img.jpg_710x360_bccd80bc.jpg,"{""ret"": true, ""data"": {""tagList"": [{""tagType"": 0, ""tagScore"": 5, ""tagNum"": 0, ""tagName"": ""\u5168\u90e8""}], ""score"": 0.0, ""commentCount"": 0}, ""statusCode"": 200}"
中山桐语亲子乐园,https://mp-piao-admincp.qunarzz.com/mp_piao_admin_mp_piao_admin/admin/20217/30d54820c6727b9958d585769ab3c5c2.png_280x200_7ef61cce.png,中山市,中山市,中山市石岐区中山二路3号华发广场3层中山桐语亲子乐园,-1,-1.0,"桐语亲子乐园淘气堡包含项目：淘气堡 、海洋球、滑梯、蹦床、沙池、球乐堡、小积木等。


淘气堡是综合性极强的儿童乐园，是",https://piao.qunar.com/ticket/detail_410340943.html?st=a3clM0QlRTQlQjglQUQlRTUlQjElQjElRTUlQjglODIlMjZpZCUzRDUxMzQ0OCUyNnR5cGUlM0QwJTI2aWR4JTNEMTU2JTI2cXQlM0QlMjZhcGslM0QyJTI2c2MlM0RXV1clMjZ1ciUzRCVFNCVCOCVBRCVFNSVCMSVCMSUyNmxyJTNEJUU0JUI4JUFEJUU1JUIxJUIxJTI2ZnQlM0QlN0IlN0Q%3D#from=mpl_search_suggest,-1.0,N/A,桐语亲子乐园淘气堡包含项目：淘气堡 、海洋球、滑梯、蹦床、沙池、球乐堡、小积木等。淘气堡是综合性极强的儿童乐园，是针对儿童喜 欢钻、爬、滑、滚、晃、荡、跳、摇等天性设计的。能培养儿童的独立的个性、锻炼身体、开朗活泼，健康快乐。DIY手工可以提升孩子动手、动脑的能力，还能让孩子们在手工过程中探索不同的东西，学习到新的知识。好奇心是寻求知识的动力。桐语亲子手工益智手工区项目：橡皮泥，积木拼盘，沙画，彩泥、磁铁拼盘，轻黏土、陶艺，环保太空沙，串珠，淘矿等。,9/1-12/31；周一至周日；10:00-20:00开园；（19:00停止入园）,https://mp-piao-admincp.qunarzz.com/mp_piao_admin_mp_piao_admin/admin/20217/30d54820c6727b9958d585769ab3c5c2.png_710x360_c2302e12.png,"{""ret"": true, ""data"": {""tagList"": [{""tagType"": 0, ""tagScore"": 5, ""tagNum"": 0, ""tagName"": ""\u5168\u90e8""}], ""score"": 0.0, ""commentCount"": 0}, ""statusCode"": 200}"
天和温泉游乐场,https://imgs.qunarzz.com/sight/p0/201407/30/f1f1dccbf2a1a72f99d5bb34a961c085.jpg_280x200_3fe3a13e.jpg,中山市,中山市,广东省中山市火炬开发区康乐大道26号,1,1.0,亲子出游，朋友结伴游玩的理想场所,https://piao.qunar.com/ticket/detail_599057278.html?st=a3clM0QlRTQlQjglQUQlRTUlQjElQjElRTUlQjglODIlMjZpZCUzRDE5NjI1NyUyNnR5cGUlM0QwJTI2aWR4JTNEMTU5JTI2cXQlM0QlMjZhcGslM0QyJTI2c2MlM0RXV1clMjZ1ciUzRCVFNCVCOCVBRCVFNSVCMSVCMSUyNmxyJTNEJUU0JUI4JUFEJUU1JUIxJUIxJTI2ZnQlM0QlN0IlN0Q%3D#from=mpl_search_suggest,-1.0,N/A,天和温泉游乐场位于中山市火炬开发区康乐大道，天和温泉度假村内，与区内健康花城，一品御厨、国宾大酒店等建筑物相邻，交通十分便利。游乐场现已开放，太空漫步、碰碰车、丛林飞鼠、欢乐转马、大中小游乐场设施将近20个。开放儿童游泳池、标准游泳池、冲浪池，为广大市民提供一个亲子出游，朋友结伴游玩的理想场所。,暂无,https://imgs.qunarzz.com/sight/p0/201407/30/f1f1dccbf2a1a72f99d5bb34a961c085.jpg_710x360_b69996a6.jpg〇https://imgs.qunarzz.com/sight/p0/201407/30/92aeb914638e6b3619301e68d65a8921.jpg_710x360_b5bab9cf.jpg,"{""ret"": true, ""data"": {""tagList"": [{""tagType"": 3, ""tagScore"": 5, ""tagNum"": 1, ""tagName"": ""\u5dee\u8bc4""}, {""tagType"": 0, ""tagScore"": 5, ""tagNum"": 1, ""tagName"": ""\u5168\u90e8""}], ""commentList"": [{""author"": ""s*4"", ""content"": ""\u5f13\u7bad\u4e50\u7f8e\u96c5\u58eb\u5229\u997c\u5e72\u72ec\u5bb6\u5b9a\u5236\u6b63\u54c1\u65b0\u6b3e\u5973\u88c5"", ""date"": ""2018-10-03"", ""score"": 1, ""commentId"": ""208073669"", ""imgs"": [], ""userNickName"": ""s*4"", ""replyCityName"": """", ""cityName"": """"}], ""score"": 1.0, ""commentCount"": 1}, ""statusCode"": 200}"
幻境空间（中山店）,https://mp-piao-admincp.qunarzz.com/mp_piao_admin_mp_piao_admin/admin/20217/30d54820c6727b9958d585769ab3c5c2.png_280x200_7ef61cce.png,中山市,中山市,广东省中山市石岐街道大信南路与莲员东路交叉口东80米,-1,-1.0,N/A,https://piao.qunar.com/ticket/detail_3096964774.html?st=a3clM0QlRTQlQjglQUQlRTUlQjElQjElRTUlQjglODIlMjZpZCUzRDUyMTEyNiUyNnR5cGUlM0QwJTI2aWR4JTNEMTU1JTI2cXQlM0QlMjZhcGslM0QyJTI2c2MlM0RXV1clMjZ1ciUzRCVFNCVCOCVBRCVFNSVCMSVCMSUyNmxyJTNEJUU0JUI4JUFEJUU1JUIxJUIxJTI2ZnQlM0QlN0IlN0Q%3D#from=mpl_search_suggest,-1.0,N/A,N/A,暂无,https://mp-piao-admincp.qunarzz.com/mp_piao_admin_mp_piao_admin/admin/20217/30d54820c6727b9958d585769ab3c5c2.png_710x360_c2302e12.png,"{""ret"": true, ""data"": {""tagList"": [{""tagType"": 0, ""tagScore"": 5, ""tagNum"": 0, ""tagName"": ""\u5168\u90e8""}], ""score"": 0.0, ""commentCount"": 0}, ""statusCode"": 200}"
