景点名称,景点图片,city,county,景点地址,景点参观人数,景点评分,景点短语,景点链接,景点最低价格,景点等级,景点详细信息,景点开放时间,景点图片合集,json
金海湾国际高尔夫球会,https://imgs.qunarzz.com/sight/p0/201403/07/7c139136bf1ebfeee8ca812a1154130c.jpg_280x200_b6e5d4ea.jpg,揭阳市,惠来县,广东省揭阳市惠来县深圳高速公路仙庵金海湾植物园,1,3.0,有正规大场的风范,https://piao.qunar.com/ticket/detail_3964655913.html?st=a3clM0QlRTYlODMlQTAlRTYlOUQlQTUlRTUlOEUlQkYlMjZpZCUzRDE1MTQ2JTI2dHlwZSUzRDAlMjZpZHglM0Q4JTI2cXQlM0QlMjZhcGslM0QyJTI2c2MlM0RXV1clMjZ1ciUzRCVFNCVCOCVBRCVFNSVCMSVCMSUyNmxyJTNEJUU0JUI4JUFEJUU1JUIxJUIxJTI2ZnQlM0QlN0IlN0Q%3D#from=mpl_search_suggest,-1.0,N/A,新会所非常整洁舒服，有专卖店、餐厅、咖啡厅，更衣室空间足够，更衣柜大。这里的球场有狗腿，有直路，有水中果岭，有长短洞，大部分球道较平坦宽阔，果岭大部分都很大但斜度一般，有正规大场的风范。,暂无,https://imgs.qunarzz.com/sight/p0/201403/07/7c139136bf1ebfeee8ca812a1154130c.jpg_710x360_499aecc7.jpg〇https://imgs.qunarzz.com/sight/p0/1502/2e/2e69ba5c1038c1ce.water.jpg_710x360_ba4c81f4.jpg〇https://imgs.qunarzz.com/sight/p0/1502/10/107adaba9e6f8962.water.jpg_710x360_842a8815.jpg〇https://imgs.qunarzz.com/sight/p0/1502/b0/b02ac6029859db7b.water.jpg_710x360_3952bd98.jpg〇https://imgs.qunarzz.com/sight/p0/1502/77/77ffb7122c634087.water.jpg_710x360_be0da80b.jpg,"{""ret"": true, ""data"": {""tagList"": [{""tagType"": 2, ""tagScore"": 5, ""tagNum"": 1, ""tagName"": ""\u4e2d\u8bc4""}, {""tagType"": 0, ""tagScore"": 5, ""tagNum"": 1, ""tagName"": ""\u5168\u90e8""}], ""commentList"": [{""author"": ""\u5415*\u6d32"", ""content"": ""\u6709\u94b1\u4eba\u7684\u5929\u5802\u554a\uff01\uff01\uff01\uff01"", ""date"": ""2015-06-12"", ""score"": 3, ""commentId"": ""53824488"", ""imgs"": [], ""userNickName"": ""\u5415*\u6d32"", ""replyCityName"": """", ""cityName"": """"}], ""score"": 3.0, ""commentCount"": 1}, ""statusCode"": 200}"
靖海古堡,https://imgs.qunarzz.com/sight/p0/201403/11/4ab84fdf3ed2e4c283cc3a662a9521c7.jpg_280x200_22327447.jpg,揭阳市,惠来县,广东省揭阳市惠来县靖海镇资深村,2,4.0,靖海古堡位于惠来县靖海镇资深村，靖海镇古称靖海所。靖海所设于山地高处，城峘周长1500多米，高近5米。东北面城峘完整，有,https://piao.qunar.com/ticket/detail_4284332037.html?st=a3clM0QlRTYlODMlQTAlRTYlOUQlQTUlRTUlOEUlQkYlMjZpZCUzRDE4OTMzMiUyNnR5cGUlM0QwJTI2aWR4JTNENyUyNnF0JTNEJTI2YXBrJTNEMiUyNnNjJTNEV1dXJTI2dXIlM0QlRTQlQjglQUQlRTUlQjElQjElMjZsciUzRCVFNCVCOCVBRCVFNSVCMSVCMSUyNmZ0JTNEJTdCJTdE#from=mpl_search_suggest,-1.0,N/A,靖海古堡位于惠来县靖海镇资深村，靖海镇古称靖海所。靖海所设于山地高处，城峘周长1500多米，高近5米。东北面城峘完整，有瓮城及城楼，墙以石垒筑，上有城垛及望孔。靖海所历来是潮汕地区的军事要地，明代在附近筑有南北炮台及烽火台。,01/01-12/31；全天开放,https://imgs.qunarzz.com/sight/p0/201403/11/4ab84fdf3ed2e4c283cc3a662a9521c7.jpg_710x360_398111f6.jpg,"{""ret"": true, ""data"": {""tagList"": [{""tagType"": 2, ""tagScore"": 5, ""tagNum"": 1, ""tagName"": ""\u4e2d\u8bc4""}, {""tagType"": 1, ""tagScore"": 5, ""tagNum"": 1, ""tagName"": ""\u597d\u8bc4""}, {""tagType"": 0, ""tagScore"": 5, ""tagNum"": 2, ""tagName"": ""\u5168\u90e8""}], ""commentList"": [{""author"": ""x*4"", ""content"": ""\u8fd9\u4e5f\u53eb\u53e4\u5821\uff1f\u6211\u600e\u4e48\u4e0d\u77e5\u9053\u6211\u7684\u5bb6\u4e61\u6709\u4ec0\u4e48\u53e4\u5821\uff1f"", ""date"": ""2016-02-17"", ""score"": 5, ""commentId"": ""105975531"", ""imgs"": [], ""userNickName"": ""x*4"", ""replyCityName"": """", ""cityName"": """"}, {""author"": ""\u5415*\u6d32"", ""content"": ""\u6211\u4eec\u7684\u8001\u5bb6\u5efa\u7b51\u98ce\u683c\uff01\u53e4\u8001\u7684\u5bb6\uff01"", ""date"": ""2015-06-10"", ""score"": 3, ""commentId"": ""53503959"", ""imgs"": [], ""userNickName"": ""\u5415*\u6d32"", ""replyCityName"": """", ""cityName"": """"}], ""score"": 4.0, ""commentCount"": 2}, ""statusCode"": 200}"
世铿院,https://imgs.qunarzz.com/sight/p0/201301/18/559b614bdc16312393835fbb.jpg_280x200_36de464c.jpg,揭阳市,惠来县,广东省揭阳市惠来县葵潭镇玄武社区,1,3.0,世铿院位于惠来县葵潭镇玄武社区，由揭阳市政协名誉主席、香港慈云阁董事局永远主席林世铿先生投资兴建。该院于1995年动工兴,https://piao.qunar.com/ticket/detail_2369602559.html?st=a3clM0QlRTYlODMlQTAlRTYlOUQlQTUlRTUlOEUlQkYlMjZpZCUzRDM5MDY4JTI2dHlwZSUzRDAlMjZpZHglM0Q2JTI2cXQlM0QlMjZhcGslM0QyJTI2c2MlM0RXV1clMjZ1ciUzRCVFNCVCOCVBRCVFNSVCMSVCMSUyNmxyJTNEJUU0JUI4JUFEJUU1JUIxJUIxJTI2ZnQlM0QlN0IlN0Q%3D#from=mpl_search_suggest,-1.0,3A景区,世铿院位于惠来县葵潭镇玄武社区，由揭阳市政协名誉主席、香港慈云阁董事局永远主席林世铿先生投资兴建。该院于1995年动工兴建，2004底年竣工，占地面积100亩，建筑面积1万平方米，总投资1.6亿元。该院设计新颖，结构严谨，布局合理，景点错落有致，是传统建筑艺术与现代文化艺术的结晶，是旅游观光的一大胜地。世铿院分前后两部分。前部分有石雕九龙吐珠，八骏腾空，雕刻工艺堪称鬼斧神工，栩栩如生，活龙活现；四周规模壮观的280幅大理石碑林，雕刻着叶选平、马万琪、启*、沈鹏、孙轶青、关山月等全国各地以及港、澳、台地区领导、名人名家无偿赠送的278幅丹青墨宝，该院收藏名书名画共500多幅。后部分主建筑九院合一，厅堂画栋雕梁，金镶玉琢，石雕石柱，别具气派，极尽天工，厅堂及四厢刻有数百帧诗、词、联、匾额，东西长廊悬挂有匾额、楹联，琳琅满目，皆是珍品；屋顶分别雕塑有各类具有江南潮汕一带民居民俗的屏景，十八支竖立的大理石柱刻有十二肖像动物，各种动物形象逼真，呼之欲出；幽静的花圃，花树掩映，草木繁茂，富有生机；世铿先生及其慈母石雕像后面围墙壁之间的7幅石雕，刻录着林世铿先生从童年到成为杰出企业家的艰难创业历程。,01/01-12/31；8:00-17:30开园,https://imgs.qunarzz.com/sight/p0/201301/18/559b614bdc16312393835fbb.jpg_710x360_7890b179.jpg,"{""ret"": true, ""data"": {""tagList"": [{""tagType"": 2, ""tagScore"": 5, ""tagNum"": 1, ""tagName"": ""\u4e2d\u8bc4""}, {""tagType"": 0, ""tagScore"": 5, ""tagNum"": 1, ""tagName"": ""\u5168\u90e8""}], ""commentList"": [{""author"": ""\u5415*\u6d32"", ""content"": ""\u4e0d\u7528\u95e8\u7968\uff01\u5bb6\u79bb\u5f97\u8fd1\uff0c\u53ef\u4ee5\u53bb\u8d70\u8d70\uff01"", ""date"": ""2015-06-10"", ""score"": 3, ""commentId"": ""53503233"", ""imgs"": [], ""userNickName"": ""\u5415*\u6d32"", ""replyCityName"": """", ""cityName"": """"}], ""score"": 3.0, ""commentCount"": 1}, ""statusCode"": 200}"
客鸟尾,https://qimgs.qunarzz.com/piao_qsight_provider_piao_qsight_web/0101o12000f6rg3p1D84D_C_900_504.jpg_280x200_55a67011.jpg,揭阳市,惠来县,广东省揭阳市惠来县靖海镇,1,5.0,石笋千姿百态，栩栩如生,https://piao.qunar.com/ticket/detail_794928725.html?st=a3clM0QlRTYlODMlQTAlRTYlOUQlQTUlRTUlOEUlQkYlMjZpZCUzRDUxNzMzMiUyNnR5cGUlM0QwJTI2aWR4JTNENSUyNnF0JTNEJTI2YXBrJTNEMiUyNnNjJTNEV1dXJTI2dXIlM0QlRTQlQjglQUQlRTUlQjElQjElMjZsciUzRCVFNCVCOCVBRCVFNSVCMSVCMSUyNmZ0JTNEJTdCJTdE#from=mpl_search_suggest,-1.0,N/A,N/A,具体营业状态以当天开放情况为准,https://qimgs.qunarzz.com/piao_qsight_provider_piao_qsight_web/0101o12000f6rg3p1D84D_C_900_504.jpg_710x360_a7cc0f65.jpg〇https://qimgs.qunarzz.com/piao_qsight_provider_piao_qsight_web/0101o12000f6rg3p1D84D_C_900_504_Q90_Mtg_7.jpg_710x360_aba5a64d.jpg〇https://qimgs.qunarzz.com/piao_qsight_provider_piao_qsight_web/0105e120009ctokql62FE_C_900_504_Q90_Mtg_7.jpg_710x360_58741442.jpg〇https://qimgs.qunarzz.com/piao_qsight_provider_piao_qsight_web/010581200092ljbtb3CD7_C_900_504_Q90_Mtg_7.jpg_710x360_24aee04b.jpg,"{""ret"": true, ""data"": {""tagList"": [{""tagType"": 1, ""tagScore"": 5, ""tagNum"": 1, ""tagName"": ""\u597d\u8bc4""}, {""tagType"": 0, ""tagScore"": 5, ""tagNum"": 1, ""tagName"": ""\u5168\u90e8""}], ""commentList"": [{""author"": ""\u53bb*\u6237"", ""content"": ""\u5947\u77f3\uff0c\u602a\u6ee9\u3002\u731b\u6d6a\uff0c\u4e3d\u65e5\u3002\u90a3\u6d77\u5929\u4e00\u8272\uff0c\u4ee4\u4eba\u6d41\u8fde\u5fd8\u8fd4\uff01\u4e50\u5728\u5176\u4e2d\uff01"", ""date"": ""2022-08-28"", ""score"": 5, ""commentId"": ""222971101"", ""imgs"": [{""small"": ""https://imgs.qunarzz.com/piao/fusion/2208/53/87d69e316f46e302.jpg_120x120_ea179dea.jpg"", ""title"": """", ""big"": ""https://imgs.qunarzz.com/piao/fusion/2208/53/87d69e316f46e302.jpg""}, {""small"": ""https://imgs.qunarzz.com/piao/fusion/2208/ee/4ce344d9d333e602.jpg_120x120_fb375d5d.jpg"", ""title"": """", ""big"": ""https://imgs.qunarzz.com/piao/fusion/2208/ee/4ce344d9d333e602.jpg""}, {""small"": ""https://imgs.qunarzz.com/piao/fusion/2208/67/1a01e703be704602.jpg_120x120_7ef65ffa.jpg"", ""title"": """", ""big"": ""https://imgs.qunarzz.com/piao/fusion/2208/67/1a01e703be704602.jpg""}, {""small"": ""https://imgs.qunarzz.com/piao/fusion/2208/fb/d532dc7521b9f102.jpg_120x120_0f17affb.jpg"", ""title"": """", ""big"": ""https://imgs.qunarzz.com/piao/fusion/2208/fb/d532dc7521b9f102.jpg""}], ""userNickName"": ""\u53bb*\u6237"", ""replyCityName"": """", ""cityName"": ""\u5e7f\u4e1c""}], ""score"": 5.0, ""commentCount"": 1}, ""statusCode"": 200}"
八国风情旅游度假区,https://qimgs.qunarzz.com/piao_qsight_provider_piao_qsight_web/0104512000b0o8ks23360_C_900_504.jpg_280x200_4fea9d94.jpg,揭阳市,惠来县,广东省揭阳市惠来县大南山华侨管理区华南生态园,6,3.5,赏异域风情，感受华侨文化,https://piao.qunar.com/ticket/detail_2930472922.html?st=a3clM0QlRTYlODMlQTAlRTYlOUQlQTUlRTUlOEUlQkYlMjZpZCUzRDE4NzQzMSUyNnR5cGUlM0QwJTI2aWR4JTNENCUyNnF0JTNEJTI2YXBrJTNEMiUyNnNjJTNEV1dXJTI2dXIlM0QlRTQlQjglQUQlRTUlQjElQjElMjZsciUzRCVFNCVCOCVBRCVFNSVCMSVCMSUyNmZ0JTNEJTdCJTdE#from=mpl_search_suggest,-1.0,3A景区,八国风情旅游度假区”位于惠来县境内的揭阳市大南山华侨管理区辖区内，这里属亚热带气候，日照充足，雨量充沛。景区背靠大清山，濒临龙江河，经过近十年时间的休养生息，保护了自然的山林植被和水源，修复了历代久远的史迹，形成了生态良好丶人文浓郁的观光带。富有异国特色的“八国风情旅游度假区”，,1/1-12/31；周一至周日；08:00-16:00开园,https://qimgs.qunarzz.com/piao_qsight_provider_piao_qsight_web/0104512000b0o8ks23360_C_900_504.jpg_710x360_efe012d3.jpg〇https://qimgs.qunarzz.com/piao_qsight_provider_piao_qsight_web/0104512000b0o8ks23360_C_900_504_Q90_Mtg_7.jpg_710x360_3080a1fd.jpg〇https://qimgs.qunarzz.com/piao_qsight_provider_piao_qsight_web/e038b2211c74be70.jpg_710x360_0a8ab0a3.jpg〇https://qimgs.qunarzz.com/piao_qsight_provider_piao_qsight_web/a463e495ecad170.jpg_710x360_b2ecdf9b.jpg〇https://qimgs.qunarzz.com/piao_qsight_provider_piao_qsight_web/7e111d18eaf20170.jpg_710x360_964c8f3a.jpg〇https://qimgs.qunarzz.com/piao_qsight_provider_piao_qsight_web/82a5f69a4bd7e370.jpg_710x360_3e4a0be4.jpg〇https://qimgs.qunarzz.com/piao_qsight_provider_piao_qsight_web/eaa718486012e270.jpg_710x360_b6675808.jpg〇https://qimgs.qunarzz.com/piao_qsight_provider_piao_qsight_web/422cc4522c390f70.jpg_710x360_e00382e2.jpg〇https://qimgs.qunarzz.com/piao_qsight_provider_piao_qsight_web/a64f6ea197890770.jpg_710x360_d3dc25ff.jpg〇https://qimgs.qunarzz.com/piao_qsight_provider_piao_qsight_web/520fa253efdf3e70.jpg_710x360_8fb9a683.jpg〇https://qimgs.qunarzz.com/piao_qsight_provider_piao_qsight_web/026661b84a567.jpg_710x360_0153e83a.jpg〇https://qimgs.qunarzz.com/piao_qsight_provider_piao_qsight_web/92d70f92c414d5c8566a663b4bbb0cc8.jpg_710x360_e76ff255.jpg〇https://qimgs.qunarzz.com/piao_qsight_provider_piao_qsight_web/4ba680ad44000a37.jpg_710x360_3e41ab4a.jpg,"{""ret"": true, ""data"": {""tagList"": [{""tagType"": 3, ""tagScore"": 5, ""tagNum"": 2, ""tagName"": ""\u5dee\u8bc4""}, {""tagType"": 2, ""tagScore"": 5, ""tagNum"": 1, ""tagName"": ""\u4e2d\u8bc4""}, {""tagType"": 1, ""tagScore"": 5, ""tagNum"": 3, ""tagName"": ""\u597d\u8bc4""}, {""tagType"": 0, ""tagScore"": 5, ""tagNum"": 6, ""tagName"": ""\u5168\u90e8""}], ""commentList"": [{""author"": ""n*6"", ""content"": ""\u95e8\u796840\uff0c\u7136\u540e\u8fdb\u53bb\u4e00\u4e2a\u8336\u56ed\uff0c\u52a0\u98de\u673a\u5927\u70ae\u6a21\u578b\u7684\u519b\u4e8b\u8bad\u7ec3\u57fa\u5730\uff0c\u51e0\u5934\u5927\u8c61\u96d5\u5851\uff0c\u8fd8\u6709\u522b\u4eba\u5bb6\u7684\u5893\u5730\uff0c\u5475\u547540\u5757\u667a\u5546\u7a0e"", ""date"": ""2021-04-24"", ""score"": 1, ""commentId"": ""218524687"", ""imgs"": [], ""userNickName"": ""n*6"", ""replyCityName"": """", ""cityName"": """"}, {""author"": ""p*1"", ""content"": ""\u633a\u4e0d\u9519\u7684 \u4e4b\u524d\u6765\u8fc7\u51e0\u6b21 \u8fd9\u6b21\u6765\u65b0\u5efa\u4e86\u5f88\u591a\u666f\u70b9 \u8fdb\u53bb\u770b\u4e86\u56db\u9762\u4f5b  \u770b\u4e86\u534e\u4fa8\u7684\u4eba\u8df3\u821e   \u8fd8\u6709\u5f88\u591a\u52a8\u7269 \u5582\u4e86\u7334\u5b50\u5403\u4e1c\u897f \u5e78\u8fd0\u80fd\u770b\u5230\u5b54\u96c0\u5f00\u5c4f     \u57ce\u5e02\u4f4f\u4e45\u4e86 \u6765\u8fd9\u91cc\u8d70\u8d70\u6563\u6b65 \u7a7a\u6c14\u771f\u7684\u633a\u4e0d\u9519\u7684"", ""date"": ""2016-07-27"", ""score"": 5, ""commentId"": ""123213667"", ""imgs"": [{""small"": ""https://imgs.qunarzz.com/piao/fusion/1607/54/520fa253efdf3e70.jpg_120x120_26d33644.jpg"", ""title"": """", ""big"": ""https://imgs.qunarzz.com/piao/fusion/1607/54/520fa253efdf3e70.jpg""}, {""small"": ""https://imgs.qunarzz.com/piao/fusion/1607/ca/a64f6ea197890770.jpg_120x120_a70cf5a0.jpg"", ""title"": """", ""big"": ""https://imgs.qunarzz.com/piao/fusion/1607/ca/a64f6ea197890770.jpg""}, {""small"": ""https://imgs.qunarzz.com/piao/fusion/1607/8c/422cc4522c390f70.jpg_120x120_858bc48c.jpg"", ""title"": """", ""big"": ""https://imgs.qunarzz.com/piao/fusion/1607/8c/422cc4522c390f70.jpg""}, {""small"": ""https://imgs.qunarzz.com/piao/fusion/1607/b8/eaa718486012e270.jpg_120x120_1a5c3301.jpg"", ""title"": """", ""big"": ""https://imgs.qunarzz.com/piao/fusion/1607/b8/eaa718486012e270.jpg""}, {""small"": ""https://imgs.qunarzz.com/piao/fusion/1607/c5/82a5f69a4bd7e370.jpg_120x120_51cd7783.jpg"", ""title"": """", ""big"": ""https://imgs.qunarzz.com/piao/fusion/1607/c5/82a5f69a4bd7e370.jpg""}, {""small"": ""https://imgs.qunarzz.com/piao/fusion/1607/1f/7e111d18eaf20170.jpg_120x120_bfc8ab88.jpg"", ""title"": """", ""big"": ""https://imgs.qunarzz.com/piao/fusion/1607/1f/7e111d18eaf20170.jpg""}, {""small"": ""https://imgs.qunarzz.com/piao/fusion/1607/58/a463e495ecad170.jpg_120x120_fce85d00.jpg"", ""title"": """", ""big"": ""https://imgs.qunarzz.com/piao/fusion/1607/58/a463e495ecad170.jpg""}, {""small"": ""https://imgs.qunarzz.com/piao/fusion/1607/3f/e038b2211c74be70.jpg_120x120_5b3265e8.jpg"", ""title"": """", ""big"": ""https://imgs.qunarzz.com/piao/fusion/1607/3f/e038b2211c74be70.jpg""}], ""userNickName"": ""p*1"", ""replyCityName"": """", ""cityName"": """"}, {""author"": ""y*9"", ""content"": ""\u6211\u8fd9\u91cc\u7684\u4eba\uff01\u8bf7\u8bf4\u5fc3\u91cc\u8bdd\uff01\u5b83\u5f88\u597d\u73a9\u7684\u5c71\u6c34\u73af\u5883\u4e0a\u5f88\u81ea\u7136\uff01\u5728\u57ce\u5e02\u5446\u60ef\u4e86\uff0c\u6765\u519c\u6751\u73a9\u771f\u597d\uff01\u6211\u5f88\u4e86\u89e3\uff01\u5305\u4f60\u5de5\u4f5c\u5fc3\u60c5\u89e3\u653e\uff01\u6709\u7a7a\u6765\u6211\u8fd9\u91cc\u5927\u5357\u5c71\u4fa8\u533a\u534e\u77f3\u8def\u73a9\uff01\u4e0a\u6211\u5bb648\u53f7\u5bb6\u6765\uff01\u6211\u4fdd\u8bc1\u4f60\u73a9\u5f00\u5fc3\uff01\u6211\u662f\u5bfc\u6e38\u7684\u3002"", ""date"": ""2015-09-01"", ""score"": 5, ""commentId"": ""73454548"", ""imgs"": [{""small"": ""https://imgs.qunarzz.com/piao/fusion/1509/99/6af67410c6ad74.jpg_120x120_2b886a80.jpg"", ""title"": """", ""big"": ""https://imgs.qunarzz.com/piao/fusion/1509/99/6af67410c6ad74.jpg""}, {""small"": ""https://imgs.qunarzz.com/piao/fusion/1509/7f/c880a7cf8f5081.jpg_120x120_eda32a9b.jpg"", ""title"": """", ""big"": ""https://imgs.qunarzz.com/piao/fusion/1509/7f/c880a7cf8f5081.jpg""}, {""small"": ""https://imgs.qunarzz.com/piao/fusion/1509/e4/2ae65d91e9051b.jpg_120x120_eac796a3.jpg"", ""title"": """", ""big"": ""https://imgs.qunarzz.com/piao/fusion/1509/e4/2ae65d91e9051b.jpg""}, {""small"": ""https://imgs.qunarzz.com/piao/fusion/1509/63/c25eebe44419c0.jpg_120x120_3f603049.jpg"", ""title"": """", ""big"": ""https://imgs.qunarzz.com/piao/fusion/1509/63/c25eebe44419c0.jpg""}, {""small"": ""https://imgs.qunarzz.com/piao/fusion/1509/19/07e157f4e0520a.jpg_120x120_5bd81be6.jpg"", ""title"": """", ""big"": ""https://imgs.qunarzz.com/piao/fusion/1509/19/07e157f4e0520a.jpg""}, {""small"": ""https://imgs.qunarzz.com/piao/fusion/1509/64/e53a9839992cf5.jpg_120x120_689b27a7.jpg"", ""title"": """", ""big"": ""https://imgs.qunarzz.com/piao/fusion/1509/64/e53a9839992cf5.jpg""}, {""small"": ""https://imgs.qunarzz.com/piao/fusion/1509/d5/2d43b6b7c5d050.jpg_120x120_210eabf4.jpg"", ""title"": """", ""big"": ""https://imgs.qunarzz.com/piao/fusion/1509/d5/2d43b6b7c5d050.jpg""}, {""small"": ""https://imgs.qunarzz.com/piao/fusion/1509/c3/5f279206b6e19a.jpg_120x120_ab41ae73.jpg"", ""title"": """", ""big"": ""https://imgs.qunarzz.com/piao/fusion/1509/c3/5f279206b6e19a.jpg""}, {""small"": ""https://imgs.qunarzz.com/piao/fusion/1509/3b/d9bd8fe32504d2.jpg_120x120_a730cf4d.jpg"", ""title"": """", ""big"": ""https://imgs.qunarzz.com/piao/fusion/1509/3b/d9bd8fe32504d2.jpg""}], ""userNickName"": ""y*9"", ""replyCityName"": """", ""cityName"": """"}, {""author"": ""x*4"", ""content"": ""\u6211\u600e\u4e48\u6ca1\u89c9\u5f97\u8fd9\u91cc\u6709\u4ec0\u4e48\u597d\u73a9\u7684"", ""date"": ""2016-02-17"", ""score"": 5, ""commentId"": ""105975672"", ""imgs"": [], ""userNickName"": ""x*4"", ""replyCityName"": """", ""cityName"": """"}, {""author"": ""\u5415*\u6d32"", ""content"": ""\u5e26\u8d70\u4e00\u7247\u7eff\u8336\u2026\u2026\u2026\u2026\u2026\u2026\u2026"", ""date"": ""2015-06-10"", ""score"": 3, ""commentId"": ""53503434"", ""imgs"": [], ""userNickName"": ""\u5415*\u6d32"", ""replyCityName"": """", ""cityName"": """"}, {""author"": ""a*5"", ""content"": ""\u4e0a\u4e86\u5927\u5f53\uff0c\u5565\u90fd\u6ca1\u6709\u3002\u5343\u4e07\u522b\u53bb\uff0c\u6d6a\u8d39\u65f6\u95f4\u548c\u7cbe\u529b\u3002\u5c31\u8fd9\u4e00\u628a\u7834\u8336\u58f6\u3002"", ""date"": ""2015-02-21"", ""score"": 2, ""commentId"": ""32731473"", ""imgs"": [{""small"": ""https://imgs.qunarzz.com/piao/fusion/1502/88/026661b84a567.jpg_120x120_38463931.jpg"", ""title"": """", ""big"": ""https://imgs.qunarzz.com/piao/fusion/1502/88/026661b84a567.jpg""}], ""userNickName"": ""a*5"", ""replyCityName"": """", ""cityName"": """"}], ""score"": 3.5, ""commentCount"": 6}, ""statusCode"": 200}"
惠来海滨度假村,https://qimgs.qunarzz.com/piao_qsight_provider_piao_qsight_web/0105o120008qjc7sj77C5_C_900_504.jpg_280x200_62e6b09c.jpg,揭阳市,惠来县,广东省惠来县神泉镇华家沙滩,180,4.6,海水干净，沙子细腻,https://piao.qunar.com/ticket/detail_1487930666.html?st=a3clM0QlRTYlODMlQTAlRTYlOUQlQTUlRTUlOEUlQkYlMjZpZCUzRDE4NzQzNSUyNnR5cGUlM0QwJTI2aWR4JTNEMyUyNnF0JTNEJTI2YXBrJTNEMiUyNnNjJTNEV1dXJTI2dXIlM0QlRTQlQjglQUQlRTUlQjElQjElMjZsciUzRCVFNCVCOCVBRCVFNSVCMSVCMSUyNmZ0JTNEJTdCJTdE#from=mpl_search_suggest,-1.0,3A景区,惠来海滨度假村位于广东省惠来县神泉镇华家村至溪东村一带海滨。距深汕高速公路惠来出口12公里，交通十分方便。度假村规划面积2000亩，其中陆地面积680亩，沙滩320亩，海面面积1000亩。度假村由六大*能区组成：中心接待区将建设旅馆、餐厅、商务会所；康体运动区将建设配套海滨浴场、游艇观光；海滨休闲区将建设垂钓中心、露营营地、栈桥；海洋美食区将建成海鲜美食城；此外，还有古炮台游赏观光区和行政办公管理区。长约3000米的海滨浴场柔沙绵绵，水清滩缓，空气清新，环境优雅，可观大海、看日出、赏明月、避酷暑。纯天然无污染，是惠来县乃至广东省内不可多得的海滨浴场之一。它风光旖旎、看海听浪，把酒品茗，山、海、天浑然一色，可满足你视听全方位的感受，切身体会人与自然的完美结合。美丽的黄金沙滩，绵延数公里的海岸线，完善的休闲服务设施，形成一个旅游观光、休闲度假、商务洽商谈的绝佳胜地。,1/1-12/31；周一至周日；07:00-22:00开园,https://qimgs.qunarzz.com/piao_qsight_provider_piao_qsight_web/0105o120008qjc7sj77C5_C_900_504.jpg_710x360_37f501e9.jpg〇https://qimgs.qunarzz.com/piao_qsight_provider_piao_qsight_web/01059120008qjbvtw406B_C_900_504_Q90_Mtg_7.jpg_710x360_37654bd3.jpg〇https://qimgs.qunarzz.com/piao_qsight_provider_piao_qsight_web/0105o120008qjc7sj77C5_C_900_504_Q90_Mtg_7.jpg_710x360_fd6661b4.jpg〇https://qimgs.qunarzz.com/piao_qsight_provider_piao_qsight_web/d633aeecbc3a16f7.jpg_710x360_e80892b8.jpg〇https://qimgs.qunarzz.com/piao_qsight_provider_piao_qsight_web/c8ff7046a93db4b5.jpg_710x360_dd2676c2.jpg〇https://qimgs.qunarzz.com/piao_qsight_provider_piao_qsight_web/312c5337a0d15202.jpg_710x360_e9dfcfe5.jpg〇https://qimgs.qunarzz.com/piao_qsight_provider_piao_qsight_web/5709fd4459c9e402.jpg_710x360_25e19e86.jpg〇https://qimgs.qunarzz.com/piao_qsight_provider_piao_qsight_web/e85d5ab1ce1a6702.jpg_710x360_13785c5a.jpg〇https://qimgs.qunarzz.com/piao_qsight_provider_piao_qsight_web/76c81219b6477a02.jpg_710x360_f65a7919.jpg〇https://qimgs.qunarzz.com/piao_qsight_provider_piao_qsight_web/8e74643cb5255202.jpg_710x360_49a56f3f.jpg〇https://qimgs.qunarzz.com/piao_qsight_provider_piao_qsight_web/8472f1872baf8102.jpg_710x360_84768a2e.jpg〇https://qimgs.qunarzz.com/piao_qsight_provider_piao_qsight_web/3e8de02c4e117002.jpg_710x360_e4d1ced5.jpg〇https://qimgs.qunarzz.com/piao_qsight_provider_piao_qsight_web/e208ee02dc88d902.jpg_710x360_1f4fef8f.jpg〇https://qimgs.qunarzz.com/piao_qsight_provider_piao_qsight_web/bcfca5abc8387602.jpg_710x360_3120c1cf.jpg〇https://qimgs.qunarzz.com/piao_qsight_provider_piao_qsight_web/e6c9face60c6e802.jpg_710x360_2b554680.jpg〇https://qimgs.qunarzz.com/piao_qsight_provider_piao_qsight_web/7dbbc76fa655d102.jpg_710x360_362ad94f.jpg〇https://qimgs.qunarzz.com/piao_qsight_provider_piao_qsight_web/203ea382efdf0602.jpg_710x360_bc6f927b.jpg〇https://qimgs.qunarzz.com/piao_qsight_provider_piao_qsight_web/6b948bd334a1e202.jpg_710x360_be1c81d5.jpg〇https://qimgs.qunarzz.com/piao_qsight_provider_piao_qsight_web/1a81edaebb266902.jpg_710x360_fa207300.jpg〇https://qimgs.qunarzz.com/piao_qsight_provider_piao_qsight_web/78ef2318c6866202.jpg_710x360_4bc743a1.jpg〇https://qimgs.qunarzz.com/piao_qsight_provider_piao_qsight_web/bc42b5653a86ed02.jpg_710x360_5fe4fc61.jpg〇https://qimgs.qunarzz.com/piao_qsight_provider_piao_qsight_web/6610defb5fe3669a.jpg_710x360_35c07cd1.jpg〇https://qimgs.qunarzz.com/piao_qsight_provider_piao_qsight_web/2bdf91ed8650de9a.jpg_710x360_22f72b74.jpg,"{""ret"": true, ""data"": {""tagList"": [{""tagType"": 3, ""tagScore"": 5, ""tagNum"": 6, ""tagName"": ""\u5dee\u8bc4""}, {""tagType"": 2, ""tagScore"": 5, ""tagNum"": 9, ""tagName"": ""\u4e2d\u8bc4""}, {""tagType"": 1, ""tagScore"": 5, ""tagNum"": 160, ""tagName"": ""\u597d\u8bc4""}, {""tagType"": 0, ""tagScore"": 5, ""tagNum"": 180, ""tagName"": ""\u5168\u90e8""}], ""commentList"": [{""author"": ""f*0"", ""content"": ""\u7528\u6237\u672a\u70b9\u8bc4\uff0c\u7cfb\u7edf\u9ed8\u8ba4\u597d\u8bc4\u3002"", ""date"": ""2024-11-09"", ""score"": 5, ""commentId"": ""238705507"", ""imgs"": [], ""userNickName"": ""f*0"", ""replyCityName"": """", ""cityName"": """"}, {""author"": ""\u53bb*\u6237"", ""content"": ""\u7528\u6237\u672a\u70b9\u8bc4\uff0c\u7cfb\u7edf\u9ed8\u8ba4\u597d\u8bc4\u3002"", ""date"": ""2024-11-07"", ""score"": 5, ""commentId"": ""238682048"", ""imgs"": [], ""userNickName"": ""\u53bb*\u6237"", ""replyCityName"": """", ""cityName"": """"}, {""author"": ""a*6"", ""content"": ""\u7528\u6237\u672a\u70b9\u8bc4\uff0c\u7cfb\u7edf\u9ed8\u8ba4\u597d\u8bc4\u3002"", ""date"": ""2024-11-06"", ""score"": 5, ""commentId"": ""238641889"", ""imgs"": [], ""userNickName"": ""a*6"", ""replyCityName"": """", ""cityName"": """"}, {""author"": ""p*5"", ""content"": ""\u7528\u6237\u672a\u70b9\u8bc4\uff0c\u7cfb\u7edf\u9ed8\u8ba4\u597d\u8bc4\u3002"", ""date"": ""2024-11-06"", ""score"": 5, ""commentId"": ""238641323"", ""imgs"": [], ""userNickName"": ""p*5"", ""replyCityName"": """", ""cityName"": """"}, {""author"": ""a*7"", ""content"": ""\u7528\u6237\u672a\u70b9\u8bc4\uff0c\u7cfb\u7edf\u9ed8\u8ba4\u597d\u8bc4\u3002"", ""date"": ""2024-11-06"", ""score"": 5, ""commentId"": ""238641050"", ""imgs"": [], ""userNickName"": ""a*7"", ""replyCityName"": """", ""cityName"": """"}, {""author"": ""c*5"", ""content"": ""\u7528\u6237\u672a\u70b9\u8bc4\uff0c\u7cfb\u7edf\u9ed8\u8ba4\u597d\u8bc4\u3002"", ""date"": ""2024-11-06"", ""score"": 5, ""commentId"": ""238640595"", ""imgs"": [], ""userNickName"": ""c*5"", ""replyCityName"": """", ""cityName"": """"}, {""author"": ""a*7"", ""content"": ""\u7528\u6237\u672a\u70b9\u8bc4\uff0c\u7cfb\u7edf\u9ed8\u8ba4\u597d\u8bc4\u3002"", ""date"": ""2024-11-06"", ""score"": 5, ""commentId"": ""238638639"", ""imgs"": [], ""userNickName"": ""a*7"", ""replyCityName"": """", ""cityName"": """"}, {""author"": ""z*1"", ""content"": ""\u7528\u6237\u672a\u70b9\u8bc4\uff0c\u7cfb\u7edf\u9ed8\u8ba4\u597d\u8bc4\u3002"", ""date"": ""2024-11-05"", ""score"": 5, ""commentId"": ""238588660"", ""imgs"": [], ""userNickName"": ""z*1"", ""replyCityName"": """", ""cityName"": """"}, {""author"": ""\u53bb*\u6237"", ""content"": ""\u7528\u6237\u672a\u70b9\u8bc4\uff0c\u7cfb\u7edf\u9ed8\u8ba4\u597d\u8bc4\u3002"", ""date"": ""2024-11-05"", ""score"": 5, ""commentId"": ""238575935"", ""imgs"": [], ""userNickName"": ""\u53bb*\u6237"", ""replyCityName"": """", ""cityName"": """"}, {""author"": ""a*n"", ""content"": ""\u7528\u6237\u672a\u70b9\u8bc4\uff0c\u7cfb\u7edf\u9ed8\u8ba4\u597d\u8bc4\u3002"", ""date"": ""2024-11-05"", ""score"": 5, ""commentId"": ""238563044"", ""imgs"": [], ""userNickName"": ""a*n"", ""replyCityName"": """", ""cityName"": """"}], ""score"": 4.6, ""commentCount"": 180}, ""statusCode"": 200}"
金狮嘴喉,https://mp-piao-admincp.qunarzz.com/mp_piao_admin_mp_piao_admin/admin/20217/30d54820c6727b9958d585769ab3c5c2.png_280x200_7ef61cce.png,揭阳市,惠来县,广东省揭阳市惠来县西瀛妈祖南侧,4,5.0,N/A,https://piao.qunar.com/ticket/detail_4057925987.html?st=a3clM0QlRTYlODMlQTAlRTYlOUQlQTUlRTUlOEUlQkYlMjZpZCUzRDUyMjE1NiUyNnR5cGUlM0QwJTI2aWR4JTNEMiUyNnF0JTNEJTI2YXBrJTNEMiUyNnNjJTNEV1dXJTI2dXIlM0QlRTQlQjglQUQlRTUlQjElQjElMjZsciUzRCVFNCVCOCVBRCVFNSVCMSVCMSUyNmZ0JTNEJTdCJTdE#from=mpl_search_suggest,27.0,N/A,N/A,1/1-12/31；周一至周日；09:00-20:00开园,https://mp-piao-admincp.qunarzz.com/mp_piao_admin_mp_piao_admin/admin/20217/30d54820c6727b9958d585769ab3c5c2.png_710x360_c2302e12.png,"{""ret"": true, ""data"": {""tagList"": [{""tagType"": 1, ""tagScore"": 5, ""tagNum"": 4, ""tagName"": ""\u597d\u8bc4""}, {""tagType"": 0, ""tagScore"": 5, ""tagNum"": 4, ""tagName"": ""\u5168\u90e8""}], ""commentList"": [{""author"": ""S*7"", ""content"": ""\u7528\u6237\u672a\u70b9\u8bc4\uff0c\u7cfb\u7edf\u9ed8\u8ba4\u597d\u8bc4\u3002"", ""date"": ""2024-04-21"", ""score"": 5, ""commentId"": ""233020611"", ""imgs"": [], ""userNickName"": ""S*7"", ""replyCityName"": """", ""cityName"": """"}, {""author"": ""\u53bb*\u6237"", ""content"": ""\u7528\u6237\u672a\u70b9\u8bc4\uff0c\u7cfb\u7edf\u9ed8\u8ba4\u597d\u8bc4\u3002"", ""date"": ""2024-03-15"", ""score"": 5, ""commentId"": ""232228927"", ""imgs"": [], ""userNickName"": ""\u53bb*\u6237"", ""replyCityName"": """", ""cityName"": """"}, {""author"": ""\u6211*\u4e86"", ""content"": ""\u7528\u6237\u672a\u70b9\u8bc4\uff0c\u7cfb\u7edf\u9ed8\u8ba4\u597d\u8bc4\u3002"", ""date"": ""2024-03-13"", ""score"": 5, ""commentId"": ""232021978"", ""imgs"": [], ""userNickName"": ""\u6211*\u4e86"", ""replyCityName"": """", ""cityName"": """"}, {""author"": ""\u53bb*\u6237"", ""content"": ""\u7528\u6237\u672a\u70b9\u8bc4\uff0c\u7cfb\u7edf\u9ed8\u8ba4\u597d\u8bc4\u3002"", ""date"": ""2024-01-12"", ""score"": 5, ""commentId"": ""231019547"", ""imgs"": [], ""userNickName"": ""\u53bb*\u6237"", ""replyCityName"": """", ""cityName"": """"}], ""score"": 5.0, ""commentCount"": 4}, ""statusCode"": 200}"
惠来滨荷湾旅游景区,https://qimgs.qunarzz.com/piao_qsight_provider_piao_qsight_web/0100c12000f6pwdej6B1C_C_900_504.jpg_280x200_5b03466c.jpg,揭阳市,惠来县,广东省揭阳市惠来县前詹镇沟疏村S235,161,5.0,N/A,https://piao.qunar.com/ticket/detail_1333847892.html?st=a3clM0QlRTYlODMlQTAlRTYlOUQlQTUlRTUlOEUlQkYlMjZpZCUzRDUxMjAxMSUyNnR5cGUlM0QwJTI2aWR4JTNEMSUyNnF0JTNEJTI2YXBrJTNEMiUyNnNjJTNEV1dXJTI2dXIlM0QlRTQlQjglQUQlRTUlQjElQjElMjZsciUzRCVFNCVCOCVBRCVFNSVCMSVCMSUyNmZ0JTNEJTdCJTdE#from=mpl_search_suggest,27.0,N/A,N/A,1/1-12/31；周一至周日；09:00-22:00开园,https://qimgs.qunarzz.com/piao_qsight_provider_piao_qsight_web/0100c12000f6pwdej6B1C_C_900_504.jpg_710x360_c486e239.jpg〇https://qimgs.qunarzz.com/piao_qsight_provider_piao_qsight_web/0100c12000f6pwdej6B1C_C_900_504_Q90_Mtg_7.jpg_710x360_7a8c24df.jpg〇https://qimgs.qunarzz.com/piao_qsight_provider_piao_qsight_web/0103v12000ah5cyzcBE1F_C_900_504_Q90_Mtg_7.jpg_710x360_0851cf43.jpg〇https://qimgs.qunarzz.com/piao_qsight_provider_piao_qsight_web/0102l120008t0zei3FD54_C_900_504_Q90_Mtg_7.jpg_710x360_c8e7fe79.jpg〇https://qimgs.qunarzz.com/piao_qsight_provider_piao_qsight_web/0106u120008t0z44h8803_C_900_504_Q90_Mtg_7.jpg_710x360_453532ae.jpg〇https://qimgs.qunarzz.com/piao_qsight_provider_piao_qsight_web/0106t12000ah5d2tyD6FE_C_900_504_Q90_Mtg_7.jpg_710x360_cae241b9.jpg〇https://qimgs.qunarzz.com/piao_qsight_provider_piao_qsight_web/0103l120008t0zfgh3A92_C_900_504_Q90_Mtg_7.jpg_710x360_f18a8790.jpg〇https://qimgs.qunarzz.com/piao_qsight_provider_piao_qsight_web/0100f120008t0zc2401B8_C_900_504_Q90_Mtg_7.jpg_710x360_ef84fecb.jpg〇https://qimgs.qunarzz.com/piao_qsight_provider_piao_qsight_web/01063120008t0zhr98BC1_C_900_504_Q90_Mtg_7.jpg_710x360_fff4c963.jpg〇https://qimgs.qunarzz.com/piao_qsight_provider_piao_qsight_web/0100t120008t0zei1C61A_C_900_504_Q90_Mtg_7.jpg_710x360_b059a239.jpg,"{""ret"": true, ""data"": {""tagList"": [{""tagType"": 1, ""tagScore"": 5, ""tagNum"": 161, ""tagName"": ""\u597d\u8bc4""}, {""tagType"": 0, ""tagScore"": 5, ""tagNum"": 161, ""tagName"": ""\u5168\u90e8""}], ""commentList"": [{""author"": ""\u53bb*\u6237"", ""content"": ""\u7528\u6237\u672a\u70b9\u8bc4\uff0c\u7cfb\u7edf\u9ed8\u8ba4\u597d\u8bc4\u3002"", ""date"": ""2024-12-26"", ""score"": 5, ""commentId"": ""239385564"", ""imgs"": [], ""userNickName"": ""\u53bb*\u6237"", ""replyCityName"": """", ""cityName"": """"}, {""author"": ""\u53bb*\u6237"", ""content"": ""\u7528\u6237\u672a\u70b9\u8bc4\uff0c\u7cfb\u7edf\u9ed8\u8ba4\u597d\u8bc4\u3002"", ""date"": ""2024-12-24"", ""score"": 5, ""commentId"": ""239338039"", ""imgs"": [], ""userNickName"": ""\u53bb*\u6237"", ""replyCityName"": """", ""cityName"": """"}, {""author"": ""\u53bb*\u6237"", ""content"": ""\u7528\u6237\u672a\u70b9\u8bc4\uff0c\u7cfb\u7edf\u9ed8\u8ba4\u597d\u8bc4\u3002"", ""date"": ""2024-12-24"", ""score"": 5, ""commentId"": ""239338030"", ""imgs"": [], ""userNickName"": ""\u53bb*\u6237"", ""replyCityName"": """", ""cityName"": """"}, {""author"": ""\u53bb*\u6237"", ""content"": ""\u7528\u6237\u672a\u70b9\u8bc4\uff0c\u7cfb\u7edf\u9ed8\u8ba4\u597d\u8bc4\u3002"", ""date"": ""2024-12-24"", ""score"": 5, ""commentId"": ""239337971"", ""imgs"": [], ""userNickName"": ""\u53bb*\u6237"", ""replyCityName"": """", ""cityName"": """"}, {""author"": ""\u53bb*\u6237"", ""content"": ""\u7528\u6237\u672a\u70b9\u8bc4\uff0c\u7cfb\u7edf\u9ed8\u8ba4\u597d\u8bc4\u3002"", ""date"": ""2024-12-24"", ""score"": 5, ""commentId"": ""239337959"", ""imgs"": [], ""userNickName"": ""\u53bb*\u6237"", ""replyCityName"": """", ""cityName"": """"}, {""author"": ""\u9759*y"", ""content"": ""\u7528\u6237\u672a\u70b9\u8bc4\uff0c\u7cfb\u7edf\u9ed8\u8ba4\u597d\u8bc4\u3002"", ""date"": ""2024-12-24"", ""score"": 5, ""commentId"": ""239337936"", ""imgs"": [], ""userNickName"": ""\u9759*y"", ""replyCityName"": """", ""cityName"": """"}, {""author"": ""\u53bb*\u6237"", ""content"": ""\u7528\u6237\u672a\u70b9\u8bc4\uff0c\u7cfb\u7edf\u9ed8\u8ba4\u597d\u8bc4\u3002"", ""date"": ""2024-12-24"", ""score"": 5, ""commentId"": ""239337932"", ""imgs"": [], ""userNickName"": ""\u53bb*\u6237"", ""replyCityName"": """", ""cityName"": """"}, {""author"": ""\u53bb*\u6237"", ""content"": ""\u7528\u6237\u672a\u70b9\u8bc4\uff0c\u7cfb\u7edf\u9ed8\u8ba4\u597d\u8bc4\u3002"", ""date"": ""2024-12-24"", ""score"": 5, ""commentId"": ""239337930"", ""imgs"": [], ""userNickName"": ""\u53bb*\u6237"", ""replyCityName"": """", ""cityName"": """"}, {""author"": ""\u9759*y"", ""content"": ""\u7528\u6237\u672a\u70b9\u8bc4\uff0c\u7cfb\u7edf\u9ed8\u8ba4\u597d\u8bc4\u3002"", ""date"": ""2024-12-24"", ""score"": 5, ""commentId"": ""239337928"", ""imgs"": [], ""userNickName"": ""\u9759*y"", ""replyCityName"": """", ""cityName"": """"}, {""author"": ""\u53bb*\u6237"", ""content"": ""\u7528\u6237\u672a\u70b9\u8bc4\uff0c\u7cfb\u7edf\u9ed8\u8ba4\u597d\u8bc4\u3002"", ""date"": ""2024-12-23"", ""score"": 5, ""commentId"": ""239326091"", ""imgs"": [], ""userNickName"": ""\u53bb*\u6237"", ""replyCityName"": """", ""cityName"": """"}], ""score"": 5.0, ""commentCount"": 161}, ""statusCode"": 200}"
古榕抱石,https://imgs.qunarzz.com/sight/p0/201403/11/9f6b3557806e314d3ff8a50c5d06732e.jpg_280x200_0c70edfc.jpg,揭阳市,惠来县,广东省揭阳市惠来县城北部,-1,-1.0,古榕抱石而生，木石结缘，蔚为奇观,https://piao.qunar.com/ticket/detail_2190387174.html?st=a3clM0QlRTYlODMlQTAlRTYlOUQlQTUlRTUlOEUlQkYlMjZpZCUzRDE4OTM1MSUyNnR5cGUlM0QwJTI2aWR4JTNEMTAlMjZxdCUzRCUyNmFwayUzRDIlMjZzYyUzRFdXVyUyNnVyJTNEJUU0JUI4JUFEJUU1JUIxJUIxJTI2bHIlM0QlRTQlQjglQUQlRTUlQjElQjElMjZmdCUzRCU3QiU3RA%3D%3D#from=mpl_search_suggest,-1.0,N/A,在惠来县城北部。有古榕抱石而生，榕则虬枝劲干，石则苔痕斑驳， 木石结缘，蔚为奇观。石上曾有一祠 奉祀九子母神，明代又于其旁建榕石 庵，此庵几百年间历经沧桑，几度兴 废，解放后，已是庙宇颓败，几将倒塌，近年，由华侨捐助重建新寺，称“榕石永福 寺”，现有大雄宝殿、东西阁、*德祠、祖师庙等，规模宏伟，远胜旧寺，数十身贴 金佛像，神态俨然；绿瓦朱扉，金碧辉煌，成为又一旅游胜地。,暂无,https://imgs.qunarzz.com/sight/p0/201403/11/9f6b3557806e314d3ff8a50c5d06732e.jpg_710x360_4f36fa36.jpg,"{""ret"": true, ""data"": {""tagList"": [{""tagType"": 0, ""tagScore"": 5, ""tagNum"": 0, ""tagName"": ""\u5168\u90e8""}], ""score"": 0.0, ""commentCount"": 0}, ""statusCode"": 200}"
龙翔谷生态园,https://qimgs.qunarzz.com/piao_qsight_provider_piao_qsight_web/temp135584612858806505190102h12000afd3fi7FDF9_wmr.jpg_280x200_36a66133.jpg,揭阳市,惠来县,广东省揭阳市惠来县238国道北50米,-1,-1.0,龙翔谷生态园旅游度假区是一家集种植、研学旅行、军事拓展、亲子农庄、民俗文化、休闲娱乐、温泉养生、森林康养、旅游观观等为一,https://piao.qunar.com/ticket/detail_68358221.html?st=a3clM0QlRTYlODMlQTAlRTYlOUQlQTUlRTUlOEUlQkYlMjZpZCUzRDUxODk3OSUyNnR5cGUlM0QwJTI2aWR4JTNEOSUyNnF0JTNEJTI2YXBrJTNEMiUyNnNjJTNEV1dXJTI2dXIlM0QlRTQlQjglQUQlRTUlQjElQjElMjZsciUzRCVFNCVCOCVBRCVFNSVCMSVCMSUyNmZ0JTNEJTdCJTdE#from=mpl_search_suggest,-1.0,N/A,龙翔谷生态园旅游度假区是一家集种植、研学旅行、军事拓展、亲子农庄、民俗文化、休闲娱乐、温泉养生、森林康养、旅游观观等为一体的综合性旅游景区，地理位置优越，交通便利，是您出行及休养的理想场所。,具体营业状态以当天开放情况为准,https://qimgs.qunarzz.com/piao_qsight_provider_piao_qsight_web/temp135584612858806505190102h12000afd3fi7FDF9_wmr.jpg_710x360_ccec2e13.jpg,"{""ret"": true, ""data"": {""tagList"": [{""tagType"": 0, ""tagScore"": 5, ""tagNum"": 0, ""tagName"": ""\u5168\u90e8""}], ""score"": 0.0, ""commentCount"": 0}, ""statusCode"": 200}"
揭阳学宫,https://qimgs.qunarzz.com/piao_qsight_provider_piao_qsight_web/100t1f000001gqdtm5B89_C_900_504.jpg_280x200_bd6c1182.jpg,揭阳市,揭东区,广东省揭阳市榕城区韩祠路7号,-1,-1.0,浓缩了千年儒家文化精髓,https://piao.qunar.com/ticket/detail_243733113.html?st=a3clM0QlRTYlOEYlQUQlRTQlQjglOUMlRTUlOEMlQkElMjZpZCUzRDQxNjYlMjZ0eXBlJTNEMCUyNmlkeCUzRDglMjZxdCUzRCUyNmFwayUzRDIlMjZzYyUzRFdXVyUyNnVyJTNEJUU0JUI4JUFEJUU1JUIxJUIxJTI2bHIlM0QlRTQlQjglQUQlRTUlQjElQjElMjZmdCUzRCU3QiU3RA%3D%3D#from=mpl_search_suggest,-1.0,N/A,揭阳学宫又称“孔庙”、“文庙”、“红学”。位于揭阳市区韩祠路口东侧。初创于宋绍兴十年（1140年），清嘉庆七年（1579年），光绪二年（1876年）重修。揭阳学宫的主要建筑物有照壁、棂星门、泮地、大成门、大成殿、东西斋、祟圣祠、尊经阁等。整座庙字占地5526平方米，是广东现存同类建筑规模景大、具清代建筑风格。大革命时期，揭阳学宫是革命活动的场所。1925年5月和10月、二次东征时曾在此办公。1927年秋天，南昌起义部队到达揭阳时，周恩来、贺龙、叶挺等领导人也曾在学官明伦堂召开军事会议。1975年，学宫被列为广东省重点文物保护单位，1978年”。,1/1-12/31；周一；不开放,https://qimgs.qunarzz.com/piao_qsight_provider_piao_qsight_web/100t1f000001gqdtm5B89_C_900_504.jpg_710x360_cf3a9ba5.jpg〇https://qimgs.qunarzz.com/piao_qsight_provider_piao_qsight_web/0104l120008k4sc3uF6CE_C_900_504_Q90_Mtg_7.jpg_710x360_3288c2ba.jpg〇https://qimgs.qunarzz.com/piao_qsight_provider_piao_qsight_web/01054120008k4s6qm453B_C_900_504_Q90_Mtg_7.jpg_710x360_1ec37fa7.jpg〇https://qimgs.qunarzz.com/piao_qsight_provider_piao_qsight_web/0101j120008ibpoe51C39_C_900_504_Q90_Mtg_7.jpg_710x360_585fe327.jpg〇https://qimgs.qunarzz.com/piao_qsight_provider_piao_qsight_web/100d12000000rkro249AA_C_900_504_Q90_Mtg_7.jpg_710x360_7b502fa5.jpg〇https://qimgs.qunarzz.com/piao_qsight_provider_piao_qsight_web/0104n120008ibpoz76F03_C_900_504_Q90_Mtg_7.jpg_710x360_41fc06ce.jpg〇https://qimgs.qunarzz.com/piao_qsight_provider_piao_qsight_web/100l12000000rmex0D2CE_C_900_504_Q90_Mtg_7.jpg_710x360_c23ec308.jpg〇https://qimgs.qunarzz.com/piao_qsight_provider_piao_qsight_web/1007190000016jhyu0C09_C_900_504_Q90_Mtg_7.jpg_710x360_b8d2fea0.jpg〇https://qimgs.qunarzz.com/piao_qsight_provider_piao_qsight_web/100t1f000001gqdtm5B89_C_900_504_Q90_Mtg_7.jpg_710x360_f8b3cb03.jpg〇https://qimgs.qunarzz.com/piao_qsight_provider_piao_qsight_web/28b899f2-bb30-4c3f-9f59-a02f492ab218.jpg_710x360_f99a49e3.jpg〇https://qimgs.qunarzz.com/piao_qsight_provider_piao_qsight_web/ce6adc8f-59a4-4e61-bd9b-d0a796807f25.jpg_710x360_560dd7ac.jpg〇https://qimgs.qunarzz.com/piao_qsight_provider_piao_qsight_web/14305909d6ea3fb5.jpg_710x360_88875d78.jpg〇https://qimgs.qunarzz.com/piao_qsight_provider_piao_qsight_web/f90e32bea1b36eb5.jpg_710x360_a5a46853.jpg〇https://qimgs.qunarzz.com/piao_qsight_provider_piao_qsight_web/62f9eeef733f6db5.jpg_710x360_77d1e2c2.jpg〇https://qimgs.qunarzz.com/piao_qsight_provider_piao_qsight_web/698943a369b9a8b5.jpg_710x360_3f57d6b3.jpg〇https://qimgs.qunarzz.com/piao_qsight_provider_piao_qsight_web/48012d4ed73f0ab5.jpg_710x360_6b6f3fcf.jpg〇https://qimgs.qunarzz.com/piao_qsight_provider_piao_qsight_web/81a91f833ae0efb5.jpg_710x360_2e31ddfb.jpg〇https://qimgs.qunarzz.com/piao_qsight_provider_piao_qsight_web/a76d36666b35a7b5.jpg_710x360_3f1aca32.jpg〇https://qimgs.qunarzz.com/piao_qsight_provider_piao_qsight_web/916d8e9e79266bb5.jpg_710x360_b06beedf.jpg〇https://qimgs.qunarzz.com/piao_qsight_provider_piao_qsight_web/856ab98027215b5.jpg_710x360_fa712672.jpg〇https://qimgs.qunarzz.com/piao_qsight_provider_piao_qsight_web/034508d6f83bdbb5.jpg_710x360_4f13c441.jpg〇https://qimgs.qunarzz.com/piao_qsight_provider_piao_qsight_web/3be59fde3ec5acb5.jpg_710x360_135091de.jpg〇https://qimgs.qunarzz.com/piao_qsight_provider_piao_qsight_web/dee6f27c977c7cb5.jpg_710x360_47cd15fd.jpg〇https://qimgs.qunarzz.com/piao_qsight_provider_piao_qsight_web/6387befb417307b5.jpg_710x360_811627be.jpg〇https://qimgs.qunarzz.com/piao_qsight_provider_piao_qsight_web/cf3b5f4cb20b7bb5.jpg_710x360_defc193c.jpg〇https://qimgs.qunarzz.com/piao_qsight_provider_piao_qsight_web/486b296267f808b5.jpg_710x360_a1f9192a.jpg〇https://qimgs.qunarzz.com/piao_qsight_provider_piao_qsight_web/52915bdca4720db5.jpg_710x360_1d81a297.jpg〇https://qimgs.qunarzz.com/piao_qsight_provider_piao_qsight_web/23799a896f174b5.jpg_710x360_c8a876a9.jpg〇https://qimgs.qunarzz.com/piao_qsight_provider_piao_qsight_web/3996da0c99da09b5.jpg_710x360_dcb16bf5.jpg,"{""ret"": true, ""data"": {""tagList"": [{""tagType"": 0, ""tagScore"": 5, ""tagNum"": 0, ""tagName"": ""\u5168\u90e8""}], ""score"": 0.0, ""commentCount"": 0}, ""statusCode"": 200}"
揭阳市市外桃园旅游区,https://mp-piao-admincp.qunarzz.com/mp_piao_admin_mp_piao_admin/admin/20217/30d54820c6727b9958d585769ab3c5c2.png_280x200_7ef61cce.png,揭阳市,揭东区,广东省揭阳市揭东区云路镇732乡道市外桃园旅游度假区,-1,-1.0,N/A,https://piao.qunar.com/ticket/detail_3404639331.html?st=a3clM0QlRTYlOEYlQUQlRTQlQjglOUMlRTUlOEMlQkElMjZpZCUzRDUyNTI0OCUyNnR5cGUlM0QwJTI2aWR4JTNENyUyNnF0JTNEJTI2YXBrJTNEMiUyNnNjJTNEV1dXJTI2dXIlM0QlRTQlQjglQUQlRTUlQjElQjElMjZsciUzRCVFNCVCOCVBRCVFNSVCMSVCMSUyNmZ0JTNEJTdCJTdE#from=mpl_search_suggest,-1.0,N/A,N/A,暂无,https://mp-piao-admincp.qunarzz.com/mp_piao_admin_mp_piao_admin/admin/20217/30d54820c6727b9958d585769ab3c5c2.png_710x360_c2302e12.png,"{""ret"": true, ""data"": {""tagList"": [{""tagType"": 0, ""tagScore"": 5, ""tagNum"": 0, ""tagName"": ""\u5168\u90e8""}], ""score"": 0.0, ""commentCount"": 0}, ""statusCode"": 200}"
埔田农业观光区,https://imgs.qunarzz.com/sight/p0/201403/07/fd6661eaa5a83594380daca7cf2a86e6.jpg_280x200_eeead9cf.jpg,揭阳市,揭东区,广东省揭东县埔田镇,1,3.0,"整个风景区环境清新,气候宜人，风景秀丽",https://piao.qunar.com/ticket/detail_1071321426.html?st=a3clM0QlRTYlOEYlQUQlRTQlQjglOUMlRTUlOEMlQkElMjZpZCUzRDEwMTA3JTI2dHlwZSUzRDAlMjZpZHglM0Q2JTI2cXQlM0QlMjZhcGslM0QyJTI2c2MlM0RXV1clMjZ1ciUzRCVFNCVCOCVBRCVFNSVCMSVCMSUyNmxyJTNEJUU0JUI4JUFEJUU1JUIxJUIxJTI2ZnQlM0QlN0IlN0Q%3D#from=mpl_search_suggest,-1.0,N/A,埔田生态农业观光风景区位于揭东埔田镇，主要景观有“千亩竹林”、“万亩蕉园”，主要景点有“*视察埔田竹笋基地”、“*视察埔田香蕉基础”。风景区内竹林、香蕉连片开发，成片种植，满山遍野，气势磅礴，尤为壮观。其中香蕉种到海拔近４００米的山顶上，在全国是很罕见的。９５年１２月３０日，**亲临视察竹笋、香蕉基地，给予高度评价。是广大都市人回归自然，返璞归真、旅游观光的好去处。,1/1-12/31；周一至周日；全天开放,https://imgs.qunarzz.com/sight/p0/201403/07/fd6661eaa5a83594380daca7cf2a86e6.jpg_710x360_c0aa18ed.jpg,"{""ret"": true, ""data"": {""tagList"": [{""tagType"": 2, ""tagScore"": 5, ""tagNum"": 1, ""tagName"": ""\u4e2d\u8bc4""}, {""tagType"": 0, ""tagScore"": 5, ""tagNum"": 1, ""tagName"": ""\u5168\u90e8""}], ""commentList"": [{""author"": ""\u5415*\u6d32"", ""content"": ""\u6e05\u65b0\u7684\u611f\u89c9\uff01\u878d\u5165\u5927\u81ea\u7136\uff01\uff01\uff01"", ""date"": ""2015-06-10"", ""score"": 3, ""commentId"": ""53503476"", ""imgs"": [], ""userNickName"": ""\u5415*\u6d32"", ""replyCityName"": """", ""cityName"": """"}], ""score"": 3.0, ""commentCount"": 1}, ""statusCode"": 200}"
念恩山旅游景区,https://qimgs.qunarzz.com/piao_qsight_provider_piao_qsight_web/10071f000001h6xs0614F_C_900_504.jpg_280x200_6be333b1.jpg,揭阳市,揭东区,揭阳市揭东区埔田镇老龙村,26,4.5,万亩竹林和蕉林,https://piao.qunar.com/ticket/detail_1230772218.html?st=a3clM0QlRTYlOEYlQUQlRTQlQjglOUMlRTUlOEMlQkElMjZpZCUzRDQ2OTg2MiUyNnR5cGUlM0QwJTI2aWR4JTNENSUyNnF0JTNEJTI2YXBrJTNEMiUyNnNjJTNEV1dXJTI2dXIlM0QlRTQlQjglQUQlRTUlQjElQjElMjZsciUzRCVFNCVCOCVBRCVFNSVCMSVCMSUyNmZ0JTNEJTdCJTdE#from=mpl_search_suggest,-1.0,N/A,广东省揭阳市念恩山景区位于具有“中国竹笋之乡”，中国特色小镇，广东省休闲农业与乡村旅游示范镇--埔田镇。总占地面积3000多亩，距离高速路口（埔田出口）2公里，交通十分便捷。景区距离揭阳市区约10公里，厦深高铁潮汕站10公里。地处揭阳市、丰顺县和潮州市的几何三角中心位置。距离揭阳、潮州、汕头三市均在30公里内。地理环境优越。山势高耸，山峰海拔约200米，山峦呈围合之势。北面群山连绵不绝，森林气息浓郁，生态环境优越。建设入口景观区、主题景观区、综合服务区、游艺区、动物园区、烧烤区、木屋别墅区、生态水上养生区、桃花栈道景观区、爱国教育基地区、山顶观光区等项目及其他配套。规划范围内山水绿野相映成趣，景色秀丽，田园风光淳朴，气候温和，雨量充沛，土壤肥沃。念恩主题雕塑：像是母亲柔美的双手将刚出生的小孩捧起，小孩在这温暖中沉睡着...世间重的恩情便是父母的养育之恩！工作之余，不妨带父母来这里旅游观光。,具体营业状态以当天开放情况为准,https://qimgs.qunarzz.com/piao_qsight_provider_piao_qsight_web/10071f000001h6xs0614F_C_900_504.jpg_710x360_a2b3bc1c.jpg〇https://qimgs.qunarzz.com/piao_qsight_provider_piao_qsight_web/100713000000u1zdk1B10_C_900_504_Q90_Mtg_7.jpg_710x360_82e717c8.jpg〇https://qimgs.qunarzz.com/piao_qsight_provider_piao_qsight_web/100d14000000vwjiy4971_C_900_504_Q90_Mtg_7.jpg_710x360_d8273109.jpg〇https://qimgs.qunarzz.com/piao_qsight_provider_piao_qsight_web/100f14000000vy1j634BC_C_900_504_Q90_Mtg_7.jpg_710x360_d4762378.jpg〇https://qimgs.qunarzz.com/piao_qsight_provider_piao_qsight_web/100b14000000w0esq7549_C_900_504_Q90_Mtg_7.jpg_710x360_50a2089e.jpg〇https://qimgs.qunarzz.com/piao_qsight_provider_piao_qsight_web/0106o120008ink0741539_C_900_504_Q90_Mtg_7.jpg_710x360_da5bb56d.jpg〇https://qimgs.qunarzz.com/piao_qsight_provider_piao_qsight_web/01001120008injd7jD7CB_C_900_504_Q90_Mtg_7.jpg_710x360_9ac53fd7.jpg〇https://qimgs.qunarzz.com/piao_qsight_provider_piao_qsight_web/100f14000000vy1j724DB_C_900_504_Q90_Mtg_7.jpg_710x360_7cf08588.jpg〇https://qimgs.qunarzz.com/piao_qsight_provider_piao_qsight_web/100r14000000vwg0d1572_C_900_504_Q90_Mtg_7.jpg_710x360_c256278b.jpg〇https://qimgs.qunarzz.com/piao_qsight_provider_piao_qsight_web/100s13000000ts6dk1C46_C_900_504_Q90_Mtg_7.jpg_710x360_84778bbe.jpg〇https://qimgs.qunarzz.com/piao_qsight_provider_piao_qsight_web/10071f000001h6xs0614F_C_900_504_Q90_Mtg_7.jpg_710x360_6c89c1f6.jpg〇https://imgs.qunarzz.com/sight/p0/1811/ea/ea69d945106ad935a3.img.jpg_710x360_f88f4e87.jpg〇https://imgs.qunarzz.com/sight/p0/1811/f5/f574ec7d9a564428a3.img.jpg_710x360_5743bc1d.jpg〇https://imgs.qunarzz.com/sight/p0/1811/ca/ca2a6b8491f5f8faa3.img.jpg_710x360_a0fbb8ea.jpg〇https://imgs.qunarzz.com/sight/p0/1811/5a/5a807265fcec0d67a3.img.jpg_710x360_8a4669f8.jpg〇https://imgs.qunarzz.com/sight/p0/1811/b3/b30fc83bc0efcbaca3.img.jpg_710x360_a10b168f.jpg〇https://imgs.qunarzz.com/sight/p0/1811/62/624da1746e24af60a3.img.jpg_710x360_503c9e83.jpg〇https://imgs.qunarzz.com/sight/p0/1811/b0/b0dcc7ca6f9897ea3.img.jpg_710x360_c40724fc.jpg,"{""ret"": true, ""data"": {""tagList"": [{""tagType"": 3, ""tagScore"": 5, ""tagNum"": 3, ""tagName"": ""\u5dee\u8bc4""}, {""tagType"": 1, ""tagScore"": 5, ""tagNum"": 23, ""tagName"": ""\u597d\u8bc4""}, {""tagType"": 0, ""tagScore"": 5, ""tagNum"": 26, ""tagName"": ""\u5168\u90e8""}], ""commentList"": [{""author"": ""\u7d2b*\u5b9d"", ""content"": ""\u7528\u6237\u672a\u70b9\u8bc4\uff0c\u7cfb\u7edf\u9ed8\u8ba4\u597d\u8bc4\u3002"", ""date"": ""2023-11-14"", ""score"": 5, ""commentId"": ""230287599"", ""imgs"": [], ""userNickName"": ""\u7d2b*\u5b9d"", ""replyCityName"": """", ""cityName"": """"}, {""author"": ""u*0"", ""content"": ""\u7528\u6237\u672a\u70b9\u8bc4\uff0c\u7cfb\u7edf\u9ed8\u8ba4\u597d\u8bc4\u3002"", ""date"": ""2022-11-01"", ""score"": 5, ""commentId"": ""223630567"", ""imgs"": [], ""userNickName"": ""u*0"", ""replyCityName"": """", ""cityName"": """"}, {""author"": ""j*o"", ""content"": ""\u7528\u6237\u672a\u70b9\u8bc4\uff0c\u7cfb\u7edf\u9ed8\u8ba4\u597d\u8bc4\u3002"", ""date"": ""2022-03-15"", ""score"": 5, ""commentId"": ""222142197"", ""imgs"": [], ""userNickName"": ""j*o"", ""replyCityName"": """", ""cityName"": """"}, {""author"": ""j*o"", ""content"": ""\u7528\u6237\u672a\u70b9\u8bc4\uff0c\u7cfb\u7edf\u9ed8\u8ba4\u597d\u8bc4\u3002"", ""date"": ""2022-03-15"", ""score"": 5, ""commentId"": ""222142171"", ""imgs"": [], ""userNickName"": ""j*o"", ""replyCityName"": """", ""cityName"": """"}, {""author"": ""\u679c*\u6cb9"", ""content"": ""\u7528\u6237\u672a\u70b9\u8bc4\uff0c\u7cfb\u7edf\u9ed8\u8ba4\u597d\u8bc4\u3002"", ""date"": ""2020-01-23"", ""score"": 5, ""commentId"": ""213976446"", ""imgs"": [], ""userNickName"": ""\u679c*\u6cb9"", ""replyCityName"": """", ""cityName"": """"}, {""author"": ""h*4"", ""content"": ""\u7528\u6237\u672a\u70b9\u8bc4\uff0c\u7cfb\u7edf\u9ed8\u8ba4\u597d\u8bc4\u3002"", ""date"": ""2020-01-13"", ""score"": 5, ""commentId"": ""213861464"", ""imgs"": [], ""userNickName"": ""h*4"", ""replyCityName"": """", ""cityName"": """"}, {""author"": ""p*0"", ""content"": ""\u7528\u6237\u672a\u70b9\u8bc4\uff0c\u7cfb\u7edf\u9ed8\u8ba4\u597d\u8bc4\u3002"", ""date"": ""2020-01-06"", ""score"": 5, ""commentId"": ""213809828"", ""imgs"": [], ""userNickName"": ""p*0"", ""replyCityName"": """", ""cityName"": """"}, {""author"": ""o*0"", ""content"": ""\u7528\u6237\u672a\u70b9\u8bc4\uff0c\u7cfb\u7edf\u9ed8\u8ba4\u597d\u8bc4\u3002"", ""date"": ""2019-12-25"", ""score"": 5, ""commentId"": ""213731302"", ""imgs"": [], ""userNickName"": ""o*0"", ""replyCityName"": """", ""cityName"": """"}, {""author"": ""o*0"", ""content"": ""\u7528\u6237\u672a\u70b9\u8bc4\uff0c\u7cfb\u7edf\u9ed8\u8ba4\u597d\u8bc4\u3002"", ""date"": ""2019-12-25"", ""score"": 5, ""commentId"": ""213731271"", ""imgs"": [], ""userNickName"": ""o*0"", ""replyCityName"": """", ""cityName"": """"}, {""author"": ""o*8"", ""content"": ""\u7528\u6237\u672a\u70b9\u8bc4\uff0c\u7cfb\u7edf\u9ed8\u8ba4\u597d\u8bc4\u3002"", ""date"": ""2019-10-03"", ""score"": 5, ""commentId"": ""212612554"", ""imgs"": [], ""userNickName"": ""o*8"", ""replyCityName"": """", ""cityName"": """"}], ""score"": 4.5, ""commentCount"": 26}, ""statusCode"": 200}"
玉湖山生态园,https://qimgs.qunarzz.com/piao_qsight_provider_piao_qsight_web/100a1f000001grk6t23DE_C_900_504.jpg_280x200_5a41bd3f.jpg,揭阳市,揭东区,揭阳市揭东区玉湖镇郑厝村林场,8,4.5,游乐设施完善的生态乐园,https://piao.qunar.com/ticket/detail_1013180764.html?st=a3clM0QlRTYlOEYlQUQlRTQlQjglOUMlRTUlOEMlQkElMjZpZCUzRDQ3MDExMSUyNnR5cGUlM0QwJTI2aWR4JTNENCUyNnF0JTNEJTI2YXBrJTNEMiUyNnNjJTNEV1dXJTI2dXIlM0QlRTQlQjglQUQlRTUlQjElQjElMjZsciUzRCVFNCVCOCVBRCVFNSVCMSVCMSUyNmZ0JTNEJTdCJTdE#from=mpl_search_suggest,-1.0,N/A,"玉湖山生态茶园位于揭阳市揭东区玉湖镇，占地面积二千亩，其中原生态森林和湖面约一千五百亩，有机茶园五百亩，景区森林覆盖率达百分之九十，负离子含量高达五万个以上，是名副其实的“天然氧吧”。景区常年山泉涓涓、洁净清澈，是康养旅游的好地方。景区一期配套有：茶吧、山水乐园、山泉泳池、峡谷探险、溯溪观瀑、儿童乐园、制茶体验、农业教育、餐饮、垂钓、划船等项目。着力打造集生态观光、森林康养、农业教育、招展游乐为一体的“体验式生态乐园”。来自玉湖山活泉水，天然无污染 ，适合家庭亲子游泳。是全天候、生态节能的度假天堂。无边际泳池之假山瀑布在潮汕地区开创假山瀑布，源源不断的活泉水注入水池，天然矿物质滋养肌肤。丰富游乐设施：滑梯，喷泉，儿童嬉戏区...齐聚室外场馆。让你在游乐的王国里成为自己的国王。跌水瀑布于群山环绕间， 野花点缀，蝴蝶齐飞,素有“蝴蝶谷”之称。草木繁茂，苍翠葱郁，是夏季乘凉好地。走近跌水，响声震耳欲聋。伴随巨响声所溅起的细水珠，形成翻腾的云雾，向周围弥漫，人在其间，犹如置身于仙境，可以忘怀一切烦忧。与孩童在吊床与吊椅之间，讲述童话里的故事，探秘大自然的神奇，了解自然世界的奥妙。惊险刺激，铸就一颗勇敢的心。索桥融入于玉湖山水之中，游客走在上面，既可以看到周边的美景，还可以俯瞰脚下的山水流淌，花草树木，聆听山间鸟语花香。",1/1-12/31；周一至周日；09:00-17:30开园,https://qimgs.qunarzz.com/piao_qsight_provider_piao_qsight_web/100a1f000001grk6t23DE_C_900_504.jpg_710x360_2ff275d2.jpg〇https://qimgs.qunarzz.com/piao_qsight_provider_piao_qsight_web/100213000000tseqyA744_C_900_504_Q90_Mtg_7.jpg_710x360_edb45cd0.jpg〇https://qimgs.qunarzz.com/piao_qsight_provider_piao_qsight_web/100l13000000tlhtf15E7_C_900_504_Q90_Mtg_7.jpg_710x360_5cfec94b.jpg〇https://qimgs.qunarzz.com/piao_qsight_provider_piao_qsight_web/100h13000000tmwgoF639_C_900_504_Q90_Mtg_7.jpg_710x360_3290a66c.jpg〇https://qimgs.qunarzz.com/piao_qsight_provider_piao_qsight_web/100q13000000tmm9jEF40_C_900_504_Q90_Mtg_7.jpg_710x360_a18e9a41.jpg〇https://qimgs.qunarzz.com/piao_qsight_provider_piao_qsight_web/100a1f000001grk6t23DE_C_900_504_Q90_Mtg_7.jpg_710x360_5e2aa8e5.jpg〇https://imgs.qunarzz.com/sight/p0/1812/d2/d2fe56f670bc0a1ba3.img.jpg_710x360_b8ec4d56.jpg〇https://imgs.qunarzz.com/sight/p0/1812/5b/5bb54b95370b1ac3a3.img.jpg_710x360_a0a8f108.jpg〇https://imgs.qunarzz.com/sight/p0/1812/37/37174ee1d3abe9aba3.img.jpg_710x360_8418fd30.jpg〇https://imgs.qunarzz.com/sight/p0/1812/c8/c8b8bb7efb498e66a3.img.jpg_710x360_db914182.jpg〇https://imgs.qunarzz.com/sight/p0/1812/a1/a10501a77c879103a3.img.jpg_710x360_1a14faf7.jpg〇https://imgs.qunarzz.com/sight/p0/1812/1b/1b8802c4f2018cd5a3.img.jpg_710x360_8c6ed1f2.jpg〇https://imgs.qunarzz.com/sight/p0/1812/82/82353566c4e6c760a3.img.jpg_710x360_f525ecbc.jpg〇https://imgs.qunarzz.com/sight/p0/1812/cb/cb30e393c7eed6d7a3.img.jpg_710x360_3275c301.jpg,"{""ret"": true, ""data"": {""tagList"": [{""tagType"": 3, ""tagScore"": 5, ""tagNum"": 1, ""tagName"": ""\u5dee\u8bc4""}, {""tagType"": 1, ""tagScore"": 5, ""tagNum"": 7, ""tagName"": ""\u597d\u8bc4""}, {""tagType"": 0, ""tagScore"": 5, ""tagNum"": 8, ""tagName"": ""\u5168\u90e8""}], ""commentList"": [{""author"": ""i*2"", ""content"": ""\u7528\u6237\u672a\u70b9\u8bc4\uff0c\u7cfb\u7edf\u9ed8\u8ba4\u597d\u8bc4\u3002"", ""date"": ""2021-01-08"", ""score"": 5, ""commentId"": ""217743286"", ""imgs"": [], ""userNickName"": ""i*2"", ""replyCityName"": """", ""cityName"": """"}, {""author"": ""n*3"", ""content"": ""\u7528\u6237\u672a\u70b9\u8bc4\uff0c\u7cfb\u7edf\u9ed8\u8ba4\u597d\u8bc4\u3002"", ""date"": ""2020-06-01"", ""score"": 5, ""commentId"": ""214514333"", ""imgs"": [], ""userNickName"": ""n*3"", ""replyCityName"": """", ""cityName"": """"}, {""author"": ""n*3"", ""content"": ""\u7528\u6237\u672a\u70b9\u8bc4\uff0c\u7cfb\u7edf\u9ed8\u8ba4\u597d\u8bc4\u3002"", ""date"": ""2020-06-01"", ""score"": 5, ""commentId"": ""214514329"", ""imgs"": [], ""userNickName"": ""n*3"", ""replyCityName"": """", ""cityName"": """"}, {""author"": ""w*9"", ""content"": ""\u7528\u6237\u672a\u70b9\u8bc4\uff0c\u7cfb\u7edf\u9ed8\u8ba4\u597d\u8bc4\u3002"", ""date"": ""2019-12-03"", ""score"": 5, ""commentId"": ""213553784"", ""imgs"": [], ""userNickName"": ""w*9"", ""replyCityName"": """", ""cityName"": """"}, {""author"": ""v*6"", ""content"": ""\u7528\u6237\u672a\u70b9\u8bc4\uff0c\u7cfb\u7edf\u9ed8\u8ba4\u597d\u8bc4\u3002"", ""date"": ""2019-11-26"", ""score"": 5, ""commentId"": ""213491080"", ""imgs"": [], ""userNickName"": ""v*6"", ""replyCityName"": """", ""cityName"": """"}, {""author"": ""v*6"", ""content"": ""\u7528\u6237\u672a\u70b9\u8bc4\uff0c\u7cfb\u7edf\u9ed8\u8ba4\u597d\u8bc4\u3002"", ""date"": ""2019-11-26"", ""score"": 5, ""commentId"": ""213491069"", ""imgs"": [], ""userNickName"": ""v*6"", ""replyCityName"": """", ""cityName"": """"}, {""author"": ""j*1"", ""content"": ""\u6ca1\u6709\u4eba\u6253\u7406\u7684\u8352\u5e9f\u533a\uff0c\u5982\u679c\u662f\u514d\u8d39\u7684\uff0c\u6216\u8bb8\u8fd8\u4f1a\u591a\u51e0\u4e2a\u6e38\u5ba2\u3002\u53bb\u7684\u662f\u5468\u65e5\uff0c\u6ca1\u89c1\u5230\u4e00\u4e2a\u6e38\u5ba2\uff0c\u6211\u4eec\u4e09\u4eba\u5305\u573a\u4e86\u3002\u6e38\u4e50\u8bbe\u65bd\u51e0\u4e4e\u6ca1\u5f00\uff0c\u9664\u4e86\u6e38\u6cf3\u6709\u4e00\u4e2a\u552e\u7968\u5916\uff0c\u5176\u5b83\u8bbe\u65bd\u90fd\u5173\u95ed\u3002\u73af\u5883\u4e00\u822c\uff0c\u6ca1\u53ef\u73a9\u666f\u70b9\uff0c\u5f3a\u70c8\u4e0d\u5efa\u8bae\u53bb\uff01\uff01\uff01\uff01\uff01"", ""date"": ""2019-07-04"", ""score"": 1, ""commentId"": ""211061492"", ""imgs"": [], ""userNickName"": ""j*1"", ""replyCityName"": """", ""cityName"": """"}, {""author"": ""j*1"", ""content"": ""\u7528\u6237\u672a\u70b9\u8bc4\uff0c\u7cfb\u7edf\u9ed8\u8ba4\u597d\u8bc4\u3002"", ""date"": ""2019-07-24"", ""score"": 5, ""commentId"": ""211307831"", ""imgs"": [], ""userNickName"": ""j*1"", ""replyCityName"": """", ""cityName"": """"}], ""score"": 4.5, ""commentCount"": 8}, ""statusCode"": 200}"
念恩山旅游景区,https://qimgs.qunarzz.com/piao_qsight_provider_piao_qsight_web/10071f000001h6xs0614F_C_900_504.jpg_280x200_6be333b1.jpg,揭阳市,揭东区,揭阳市揭东区埔田镇老龙村,10,5.0,万亩竹林和蕉林,https://piao.qunar.com/ticket/detail_2295627147.html?st=a3clM0QlRTYlOEYlQUQlRTQlQjglOUMlRTUlOEMlQkElMjZpZCUzRDUwNDYxNyUyNnR5cGUlM0QwJTI2aWR4JTNEMyUyNnF0JTNEJTI2YXBrJTNEMiUyNnNjJTNEV1dXJTI2dXIlM0QlRTQlQjglQUQlRTUlQjElQjElMjZsciUzRCVFNCVCOCVBRCVFNSVCMSVCMSUyNmZ0JTNEJTdCJTdE#from=mpl_search_suggest,-1.0,N/A,念恩山旅游景区位于揭东区埔田镇老龙村，山势高耸，北面群山连绵不绝，森林气息浓郁，生态环境优越。区内田园风光淳朴，有万亩竹林、蕉林的独特风光，满山遍野，气势磅礴，尤为壮观。,具体营业状态以当天开放情况为准,https://qimgs.qunarzz.com/piao_qsight_provider_piao_qsight_web/10071f000001h6xs0614F_C_900_504.jpg_710x360_a2b3bc1c.jpg〇https://qimgs.qunarzz.com/piao_qsight_provider_piao_qsight_web/100713000000u1zdk1B10_C_900_504_Q90_Mtg_7.jpg_710x360_82e717c8.jpg〇https://qimgs.qunarzz.com/piao_qsight_provider_piao_qsight_web/100d14000000vwjiy4971_C_900_504_Q90_Mtg_7.jpg_710x360_d8273109.jpg〇https://qimgs.qunarzz.com/piao_qsight_provider_piao_qsight_web/100f14000000vy1j634BC_C_900_504_Q90_Mtg_7.jpg_710x360_d4762378.jpg〇https://qimgs.qunarzz.com/piao_qsight_provider_piao_qsight_web/100b14000000w0esq7549_C_900_504_Q90_Mtg_7.jpg_710x360_50a2089e.jpg〇https://qimgs.qunarzz.com/piao_qsight_provider_piao_qsight_web/0106o120008ink0741539_C_900_504_Q90_Mtg_7.jpg_710x360_da5bb56d.jpg〇https://qimgs.qunarzz.com/piao_qsight_provider_piao_qsight_web/01001120008injd7jD7CB_C_900_504_Q90_Mtg_7.jpg_710x360_9ac53fd7.jpg〇https://qimgs.qunarzz.com/piao_qsight_provider_piao_qsight_web/100f14000000vy1j724DB_C_900_504_Q90_Mtg_7.jpg_710x360_7cf08588.jpg〇https://qimgs.qunarzz.com/piao_qsight_provider_piao_qsight_web/100r14000000vwg0d1572_C_900_504_Q90_Mtg_7.jpg_710x360_c256278b.jpg〇https://qimgs.qunarzz.com/piao_qsight_provider_piao_qsight_web/100s13000000ts6dk1C46_C_900_504_Q90_Mtg_7.jpg_710x360_84778bbe.jpg〇https://qimgs.qunarzz.com/piao_qsight_provider_piao_qsight_web/10071f000001h6xs0614F_C_900_504_Q90_Mtg_7.jpg_710x360_6c89c1f6.jpg,"{""ret"": true, ""data"": {""tagList"": [{""tagType"": 1, ""tagScore"": 5, ""tagNum"": 10, ""tagName"": ""\u597d\u8bc4""}, {""tagType"": 0, ""tagScore"": 5, ""tagNum"": 10, ""tagName"": ""\u5168\u90e8""}], ""commentList"": [{""author"": ""\u53bb*\u6237"", ""content"": ""\u7528\u6237\u672a\u70b9\u8bc4\uff0c\u7cfb\u7edf\u9ed8\u8ba4\u597d\u8bc4\u3002"", ""date"": ""2023-06-03"", ""score"": 5, ""commentId"": ""226094498"", ""imgs"": [], ""userNickName"": ""\u53bb*\u6237"", ""replyCityName"": """", ""cityName"": """"}, {""author"": ""\u53bb*\u6237"", ""content"": ""\u7528\u6237\u672a\u70b9\u8bc4\uff0c\u7cfb\u7edf\u9ed8\u8ba4\u597d\u8bc4\u3002"", ""date"": ""2023-04-18"", ""score"": 5, ""commentId"": ""225149560"", ""imgs"": [], ""userNickName"": ""\u53bb*\u6237"", ""replyCityName"": """", ""cityName"": """"}, {""author"": ""\u5c0f*a"", ""content"": ""\u7528\u6237\u672a\u70b9\u8bc4\uff0c\u7cfb\u7edf\u9ed8\u8ba4\u597d\u8bc4\u3002"", ""date"": ""2023-02-27"", ""score"": 5, ""commentId"": ""224482035"", ""imgs"": [], ""userNickName"": ""\u5c0f*a"", ""replyCityName"": """", ""cityName"": """"}, {""author"": ""W*A"", ""content"": ""\u7528\u6237\u672a\u70b9\u8bc4\uff0c\u7cfb\u7edf\u9ed8\u8ba4\u597d\u8bc4\u3002"", ""date"": ""2023-02-24"", ""score"": 5, ""commentId"": ""224328324"", ""imgs"": [], ""userNickName"": ""W*A"", ""replyCityName"": """", ""cityName"": """"}, {""author"": ""k*1"", ""content"": ""\u7528\u6237\u672a\u70b9\u8bc4\uff0c\u7cfb\u7edf\u9ed8\u8ba4\u597d\u8bc4\u3002"", ""date"": ""2021-03-20"", ""score"": 5, ""commentId"": ""218203285"", ""imgs"": [], ""userNickName"": ""k*1"", ""replyCityName"": """", ""cityName"": """"}, {""author"": ""f*5"", ""content"": ""\u7528\u6237\u672a\u70b9\u8bc4\uff0c\u7cfb\u7edf\u9ed8\u8ba4\u597d\u8bc4\u3002"", ""date"": ""2021-03-20"", ""score"": 5, ""commentId"": ""218203199"", ""imgs"": [], ""userNickName"": ""f*5"", ""replyCityName"": """", ""cityName"": """"}, {""author"": ""t*1"", ""content"": ""\u7528\u6237\u672a\u70b9\u8bc4\uff0c\u7cfb\u7edf\u9ed8\u8ba4\u597d\u8bc4\u3002"", ""date"": ""2021-03-10"", ""score"": 5, ""commentId"": ""218027475"", ""imgs"": [], ""userNickName"": ""t*1"", ""replyCityName"": """", ""cityName"": """"}, {""author"": ""i*4"", ""content"": ""\u7528\u6237\u672a\u70b9\u8bc4\uff0c\u7cfb\u7edf\u9ed8\u8ba4\u597d\u8bc4\u3002"", ""date"": ""2020-12-17"", ""score"": 5, ""commentId"": ""217614394"", ""imgs"": [], ""userNickName"": ""i*4"", ""replyCityName"": """", ""cityName"": """"}, {""author"": ""m*1"", ""content"": ""\u7528\u6237\u672a\u70b9\u8bc4\uff0c\u7cfb\u7edf\u9ed8\u8ba4\u597d\u8bc4\u3002"", ""date"": ""2020-11-10"", ""score"": 5, ""commentId"": ""217302458"", ""imgs"": [], ""userNickName"": ""m*1"", ""replyCityName"": """", ""cityName"": """"}, {""author"": ""T*_"", ""content"": ""\u7528\u6237\u672a\u70b9\u8bc4\uff0c\u7cfb\u7edf\u9ed8\u8ba4\u597d\u8bc4\u3002"", ""date"": ""2020-11-08"", ""score"": 5, ""commentId"": ""217290987"", ""imgs"": [], ""userNickName"": ""T*_"", ""replyCityName"": """", ""cityName"": """"}], ""score"": 5.0, ""commentCount"": 10}, ""statusCode"": 200}"
万竹园,https://qimgs.qunarzz.com/piao_qsight_provider_piao_qsight_web/0105b12000f6q0rfjF1DC_C_900_504.jpg_280x200_86ed1280.jpg,揭阳市,揭东区,广东省揭阳市揭东区埔田镇庵后村X114(汕昆高速埔田出口处),110,4.1,田园风光，水乐园刺激有趣,https://piao.qunar.com/ticket/detail_3744877697.html?st=a3clM0QlRTYlOEYlQUQlRTQlQjglOUMlRTUlOEMlQkElMjZpZCUzRDM5MDc5JTI2dHlwZSUzRDAlMjZpZHglM0QyJTI2cXQlM0QlMjZhcGslM0QyJTI2c2MlM0RXV1clMjZ1ciUzRCVFNCVCOCVBRCVFNSVCMSVCMSUyNmxyJTNEJUU0JUI4JUFEJUU1JUIxJUIxJTI2ZnQlM0QlN0IlN0Q%3D#from=mpl_search_suggest,39.78,N/A,万竹园生态旅游景区，位于荣获“中国竹笋之乡”美称的揭东县埔田镇，汕梅高速公路埔田出入口处，潮汕三市国道直达景区，交通便利，环境优雅，被评为国家AAA级旅游景区、国民旅游休闲示范单位、农业旅游示范基地、爱国主义教育基地。万竹园以方圆八万亩竹林、蕉林生态环境为依托，以珍稀林木、园林景观、生态自然、休闲旅游为主体，配套粤东首家大型水上乐园、丰富的儿童游乐、动物观赏表演、少数民族特技表演、潮汕传统休闲*夫茶亭、特色餐饮服务等，动静结合，湖光山色，田野风情，是人们返璞归真、回归自然、旅游观光。万竹园始终以生态、环保为已任，以优质服务为宗旨，以大众消费为方针，热诚欢迎八方游客的光临。,1/1-12/31；周一至周日；全天开放,https://qimgs.qunarzz.com/piao_qsight_provider_piao_qsight_web/0105b12000f6q0rfjF1DC_C_900_504.jpg_710x360_72d4590e.jpg〇https://qimgs.qunarzz.com/piao_qsight_provider_piao_qsight_web/0105b12000f6q0rfjF1DC_C_900_504_Q90_Mtg_7.jpg_710x360_879cf561.jpg〇https://qimgs.qunarzz.com/piao_qsight_provider_piao_qsight_web/0105e120009zvkkgv57A6_C_900_504_Q90_Mtg_7.jpg_710x360_bd12e4a3.jpg〇https://imgs.qunarzz.com/sight/p0/1606/27/27f437c96836214ce2.water.jpg_710x360_fe6b1eb5.jpg〇https://imgs.qunarzz.com/sight/p0/1606/f0/f0e59a8cf740ff7ce2.water.jpg_710x360_e59f026b.jpg〇https://imgs.qunarzz.com/sight/p0/1606/7d/7dc47b1e101720f0e2.water.jpg_710x360_abb3bb7f.jpg〇https://imgs.qunarzz.com/sight/p0/1606/22/22c05701311b7f86e2.water.jpg_710x360_9c439ff1.jpg〇https://imgs.qunarzz.com/sight/p0/1606/f8/f855763cd0a91de8e2.water.jpg_710x360_7c56ddfb.jpg〇https://imgs.qunarzz.com/sight/p0/1606/1f/1f5513db6643fbfe2.water.jpg_710x360_643c0f46.jpg〇https://imgs.qunarzz.com/sight/p0/1606/5c/5cccbc38cf96d89e2.water.jpg_710x360_63e63eb5.jpg,"{""ret"": true, ""data"": {""tagList"": [{""tagType"": 32, ""tagScore"": 5, ""tagNum"": 1, ""tagName"": ""\u670d\u52a1\u597d""}, {""tagType"": 16, ""tagScore"": 5, ""tagNum"": 1, ""tagName"": ""\u9760\u8c31""}, {""tagType"": 8, ""tagScore"": 5, ""tagNum"": 3, ""tagName"": ""\u4fbf\u5b9c""}, {""tagType"": 4, ""tagScore"": 5, ""tagNum"": 5, ""tagName"": ""\u53d6\u7968\u65b9\u4fbf""}, {""tagType"": 3, ""tagScore"": 5, ""tagNum"": 3, ""tagName"": ""\u5dee\u8bc4""}, {""tagType"": 2, ""tagScore"": 5, ""tagNum"": 15, ""tagName"": ""\u4e2d\u8bc4""}, {""tagType"": 1, ""tagScore"": 5, ""tagNum"": 86, ""tagName"": ""\u597d\u8bc4""}, {""tagType"": 0, ""tagScore"": 5, ""tagNum"": 110, ""tagName"": ""\u5168\u90e8""}], ""commentList"": [{""author"": ""M*5"", ""content"": ""\u7528\u6237\u672a\u70b9\u8bc4\uff0c\u7cfb\u7edf\u9ed8\u8ba4\u597d\u8bc4\u3002"", ""date"": ""2024-10-31"", ""score"": 5, ""commentId"": ""237909252"", ""imgs"": [], ""userNickName"": ""M*5"", ""replyCityName"": """", ""cityName"": """"}, {""author"": ""k*9"", ""content"": ""\u7528\u6237\u672a\u70b9\u8bc4\uff0c\u7cfb\u7edf\u9ed8\u8ba4\u597d\u8bc4\u3002"", ""date"": ""2024-06-03"", ""score"": 5, ""commentId"": ""234138678"", ""imgs"": [], ""userNickName"": ""k*9"", ""replyCityName"": """", ""cityName"": """"}, {""author"": ""\u53bb*\u6237"", ""content"": ""\u7528\u6237\u672a\u70b9\u8bc4\uff0c\u7cfb\u7edf\u9ed8\u8ba4\u597d\u8bc4\u3002"", ""date"": ""2024-03-19"", ""score"": 5, ""commentId"": ""232520932"", ""imgs"": [], ""userNickName"": ""\u53bb*\u6237"", ""replyCityName"": """", ""cityName"": """"}, {""author"": ""\u53bb*\u6237"", ""content"": ""\u7528\u6237\u672a\u70b9\u8bc4\uff0c\u7cfb\u7edf\u9ed8\u8ba4\u597d\u8bc4\u3002"", ""date"": ""2024-03-18"", ""score"": 5, ""commentId"": ""232467213"", ""imgs"": [], ""userNickName"": ""\u53bb*\u6237"", ""replyCityName"": """", ""cityName"": """"}, {""author"": ""\u53bb*\u6237"", ""content"": ""\u7528\u6237\u672a\u70b9\u8bc4\uff0c\u7cfb\u7edf\u9ed8\u8ba4\u597d\u8bc4\u3002"", ""date"": ""2024-03-18"", ""score"": 5, ""commentId"": ""232450265"", ""imgs"": [], ""userNickName"": ""\u53bb*\u6237"", ""replyCityName"": """", ""cityName"": """"}, {""author"": ""G*\u6881"", ""content"": ""\u7528\u6237\u672a\u70b9\u8bc4\uff0c\u7cfb\u7edf\u9ed8\u8ba4\u597d\u8bc4\u3002"", ""date"": ""2024-03-17"", ""score"": 5, ""commentId"": ""232395752"", ""imgs"": [], ""userNickName"": ""G*\u6881"", ""replyCityName"": """", ""cityName"": """"}, {""author"": ""n*a"", ""content"": ""\u7528\u6237\u672a\u70b9\u8bc4\uff0c\u7cfb\u7edf\u9ed8\u8ba4\u597d\u8bc4\u3002"", ""date"": ""2024-03-17"", ""score"": 5, ""commentId"": ""232394711"", ""imgs"": [], ""userNickName"": ""n*a"", ""replyCityName"": """", ""cityName"": """"}, {""author"": ""G*\u6881"", ""content"": ""\u7528\u6237\u672a\u70b9\u8bc4\uff0c\u7cfb\u7edf\u9ed8\u8ba4\u597d\u8bc4\u3002"", ""date"": ""2024-03-17"", ""score"": 5, ""commentId"": ""232394488"", ""imgs"": [], ""userNickName"": ""G*\u6881"", ""replyCityName"": """", ""cityName"": """"}, {""author"": ""w*5"", ""content"": ""\u7528\u6237\u672a\u70b9\u8bc4\uff0c\u7cfb\u7edf\u9ed8\u8ba4\u597d\u8bc4\u3002"", ""date"": ""2024-03-16"", ""score"": 5, ""commentId"": ""232322140"", ""imgs"": [], ""userNickName"": ""w*5"", ""replyCityName"": """", ""cityName"": """"}, {""author"": ""v*0"", ""content"": ""\u7528\u6237\u672a\u70b9\u8bc4\uff0c\u7cfb\u7edf\u9ed8\u8ba4\u597d\u8bc4\u3002"", ""date"": ""2024-03-16"", ""score"": 5, ""commentId"": ""232303439"", ""imgs"": [], ""userNickName"": ""v*0"", ""replyCityName"": """", ""cityName"": """"}], ""score"": 4.1, ""commentCount"": 110}, ""statusCode"": 200}"
市外桃园旅游区(原宝山湖),https://qimgs.qunarzz.com/piao_qsight_provider_piao_qsight_web/10011f000001h355907E0_C_900_504.jpg_280x200_2d0b1c46.jpg,揭阳市,揭东区,广东省揭阳市揭东区云路镇宝山果林场,281,4.9,自然山水融合潮汕文化,https://piao.qunar.com/ticket/detail_649467084.html?st=a3clM0QlRTYlOEYlQUQlRTQlQjglOUMlRTUlOEMlQkElMjZpZCUzRDQ2ODE1MCUyNnR5cGUlM0QwJTI2aWR4JTNEMSUyNnF0JTNEJTI2YXBrJTNEMiUyNnNjJTNEV1dXJTI2dXIlM0QlRTQlQjglQUQlRTUlQjElQjElMjZsciUzRCVFNCVCOCVBRCVFNSVCMSVCMSUyNmZ0JTNEJTdCJTdE#from=mpl_search_suggest,48.0,3A景区,宝山湖立足于潮汕文化宣传及自然山水保护，致力创建集自然观光、休闲度假、商务接待、文化体验及健康养老等*能于一体的综合性旅游区。宝山湖总规划面积约6.464平方公里，拟打造旅游综合服务区、潮汕文化风情体验区、福禄湖滨水休闲娱乐区、宝峰户外探秘露营区、山林健康疗养度假区等*能区。目前景区已建成有关楼、逃禅竹院、复古亭、知青林场、岁寒居、浮桥、恐龙园、许愿廊和登山游步道等景点。,1/1-12/31；周一至周日；08:30-17:30开园,https://qimgs.qunarzz.com/piao_qsight_provider_piao_qsight_web/10011f000001h355907E0_C_900_504.jpg_710x360_04ea6059.jpg〇https://qimgs.qunarzz.com/piao_qsight_provider_piao_qsight_web/350n190000016b2xe6C0A_C_900_504_Q90_Mtg_7.jpg_710x360_8b53d513.jpg〇https://qimgs.qunarzz.com/piao_qsight_provider_piao_qsight_web/350i16000000ysydeEF84_C_900_504_Q90_Mtg_7.jpg_710x360_74618f03.jpg〇https://qimgs.qunarzz.com/piao_qsight_provider_piao_qsight_web/3504190000016b0ui5FDC_C_900_504_Q90_Mtg_7.jpg_710x360_13cd0b75.jpg〇https://qimgs.qunarzz.com/piao_qsight_provider_piao_qsight_web/0105x120009sotuj58D4D_C_900_504_Q90_Mtg_7.jpg_710x360_fd2286d9.jpg〇https://qimgs.qunarzz.com/piao_qsight_provider_piao_qsight_web/350v190000016n2ciBD88_C_900_504_Q90_Mtg_7.jpg_710x360_c0926385.jpg〇https://qimgs.qunarzz.com/piao_qsight_provider_piao_qsight_web/350p190000016b6arD05F_C_900_504_Q90_Mtg_7.jpg_710x360_1b989eb9.jpg〇https://qimgs.qunarzz.com/piao_qsight_provider_piao_qsight_web/100p0s000000hu6enF73E_C_900_504_Q90_Mtg_7.jpg_710x360_f88f2c2f.jpg〇https://qimgs.qunarzz.com/piao_qsight_provider_piao_qsight_web/100m0s000000i4fh146D8_C_900_504_Q90_Mtg_7.jpg_710x360_3b90f151.jpg〇https://qimgs.qunarzz.com/piao_qsight_provider_piao_qsight_web/10040s000000hu10i5D7D_C_900_504_Q90_Mtg_7.jpg_710x360_c7c7e1b8.jpg〇https://qimgs.qunarzz.com/piao_qsight_provider_piao_qsight_web/10011f000001h355907E0_C_900_504_Q90_Mtg_7.jpg_710x360_06c9f865.jpg〇https://imgs.qunarzz.com/sight/p0/1805/65/650a0eded0ee5ff1a3.img.png_710x360_eeb97d8a.png〇https://imgs.qunarzz.com/sight/p0/1805/ff/ffeac9d283658655a3.img.png_710x360_b1f5d17b.png〇https://imgs.qunarzz.com/sight/p0/1805/34/345a02e83db4cc1ea3.img.png_710x360_a3e75a69.png〇https://qimgs.qunarzz.com/piao_qsight_provider_piao_qsight_web/35da3080ac0fba02.jpg_710x360_cc31ffc2.jpg〇https://qimgs.qunarzz.com/piao_qsight_provider_piao_qsight_web/cd243523e5c9f102.jpg_710x360_4e676f39.jpg〇https://qimgs.qunarzz.com/piao_qsight_provider_piao_qsight_web/97abc4a68a275f042a69c4b29004ed86.jpg_710x360_68759fb9.jpg〇https://qimgs.qunarzz.com/piao_qsight_provider_piao_qsight_web/1420115540abb898399b77cec6429660.jpg_710x360_55ea63e6.jpg,"{""ret"": true, ""data"": {""tagList"": [{""tagType"": 16, ""tagScore"": 5, ""tagNum"": 1, ""tagName"": ""\u9760\u8c31""}, {""tagType"": 8, ""tagScore"": 5, ""tagNum"": 1, ""tagName"": ""\u4fbf\u5b9c""}, {""tagType"": 4, ""tagScore"": 5, ""tagNum"": 2, ""tagName"": ""\u53d6\u7968\u65b9\u4fbf""}, {""tagType"": 3, ""tagScore"": 5, ""tagNum"": 5, ""tagName"": ""\u5dee\u8bc4""}, {""tagType"": 2, ""tagScore"": 5, ""tagNum"": 2, ""tagName"": ""\u4e2d\u8bc4""}, {""tagType"": 1, ""tagScore"": 5, ""tagNum"": 273, ""tagName"": ""\u597d\u8bc4""}, {""tagType"": 0, ""tagScore"": 5, ""tagNum"": 281, ""tagName"": ""\u5168\u90e8""}], ""commentList"": [{""author"": ""r*8"", ""content"": ""\u7528\u6237\u672a\u70b9\u8bc4\uff0c\u7cfb\u7edf\u9ed8\u8ba4\u597d\u8bc4\u3002"", ""date"": ""2024-07-11"", ""score"": 5, ""commentId"": ""234757444"", ""imgs"": [], ""userNickName"": ""r*8"", ""replyCityName"": """", ""cityName"": """"}, {""author"": ""w*0"", ""content"": ""\u7528\u6237\u672a\u70b9\u8bc4\uff0c\u7cfb\u7edf\u9ed8\u8ba4\u597d\u8bc4\u3002"", ""date"": ""2024-06-26"", ""score"": 5, ""commentId"": ""234491589"", ""imgs"": [], ""userNickName"": ""w*0"", ""replyCityName"": """", ""cityName"": """"}, {""author"": ""s*9"", ""content"": ""\u7528\u6237\u672a\u70b9\u8bc4\uff0c\u7cfb\u7edf\u9ed8\u8ba4\u597d\u8bc4\u3002"", ""date"": ""2024-06-03"", ""score"": 5, ""commentId"": ""234125708"", ""imgs"": [], ""userNickName"": ""s*9"", ""replyCityName"": """", ""cityName"": """"}, {""author"": ""\u72ec*\u82b1"", ""content"": ""\u7528\u6237\u672a\u70b9\u8bc4\uff0c\u7cfb\u7edf\u9ed8\u8ba4\u597d\u8bc4\u3002"", ""date"": ""2024-06-02"", ""score"": 5, ""commentId"": ""233999291"", ""imgs"": [], ""userNickName"": ""\u72ec*\u82b1"", ""replyCityName"": """", ""cityName"": """"}, {""author"": ""\u72ec*\u82b1"", ""content"": ""\u7528\u6237\u672a\u70b9\u8bc4\uff0c\u7cfb\u7edf\u9ed8\u8ba4\u597d\u8bc4\u3002"", ""date"": ""2024-06-02"", ""score"": 5, ""commentId"": ""233998017"", ""imgs"": [], ""userNickName"": ""\u72ec*\u82b1"", ""replyCityName"": """", ""cityName"": """"}, {""author"": ""\u742a*\u5174"", ""content"": ""\u7528\u6237\u672a\u70b9\u8bc4\uff0c\u7cfb\u7edf\u9ed8\u8ba4\u597d\u8bc4\u3002"", ""date"": ""2024-03-17"", ""score"": 5, ""commentId"": ""232387200"", ""imgs"": [], ""userNickName"": ""\u742a*\u5174"", ""replyCityName"": """", ""cityName"": """"}, {""author"": ""\u53bb*\u6237"", ""content"": ""\u7528\u6237\u672a\u70b9\u8bc4\uff0c\u7cfb\u7edf\u9ed8\u8ba4\u597d\u8bc4\u3002"", ""date"": ""2024-03-16"", ""score"": 5, ""commentId"": ""232313259"", ""imgs"": [], ""userNickName"": ""\u53bb*\u6237"", ""replyCityName"": """", ""cityName"": """"}, {""author"": ""s*2"", ""content"": ""\u7528\u6237\u672a\u70b9\u8bc4\uff0c\u7cfb\u7edf\u9ed8\u8ba4\u597d\u8bc4\u3002"", ""date"": ""2024-03-16"", ""score"": 5, ""commentId"": ""232312944"", ""imgs"": [], ""userNickName"": ""s*2"", ""replyCityName"": """", ""cityName"": """"}, {""author"": ""\u53bb*\u6237"", ""content"": ""\u90a3\u91cc\u6211\u89c9\u5f97\u722c\u5c71\u5c31\u884c\uff0c\u6574\u4e2a\u4eba\u7d2f\u6b7b\u4e86\uff0c\u5efa\u8bae\u4e0d\u8981\u53bb"", ""date"": ""2024-02-14"", ""score"": 2, ""commentId"": ""231427172"", ""imgs"": [], ""userNickName"": ""\u53bb*\u6237"", ""replyCityName"": """", ""cityName"": ""\u5e7f\u4e1c""}, {""author"": ""C*\u7136"", ""content"": ""\u7528\u6237\u672a\u70b9\u8bc4\uff0c\u7cfb\u7edf\u9ed8\u8ba4\u597d\u8bc4\u3002"", ""date"": ""2023-10-18"", ""score"": 5, ""commentId"": ""229444376"", ""imgs"": [], ""userNickName"": ""C*\u7136"", ""replyCityName"": """", ""cityName"": """"}], ""score"": 4.9, ""commentCount"": 281}, ""statusCode"": 200}"
翁梅斋墓,https://imgs.qunarzz.com/sight/p0/201403/11/2c20e57eae814b5a88a1e9fe2883e33d.jpg_280x200_abc99750.jpg,揭阳市,揭东区,广东省揭阳市揭东县桑浦铁场南坡,-1,-1.0,位于揭东县桑浦铁场南坡，原来占地 150亩。 墓主为明嘉靖年间兵部尚书翁万达之父翁玉（号梅斋）。墓区分主墓区和继母区， ,https://piao.qunar.com/ticket/detail_2729873305.html?st=a3clM0QlRTYlOEYlQUQlRTQlQjglOUMlRTUlOEMlQkElMjZpZCUzRDE4OTMxNSUyNnR5cGUlM0QwJTI2aWR4JTNEOSUyNnF0JTNEJTI2YXBrJTNEMiUyNnNjJTNEV1dXJTI2dXIlM0QlRTQlQjglQUQlRTUlQjElQjElMjZsciUzRCVFNCVCOCVBRCVFNSVCMSVCMSUyNmZ0JTNEJTdCJTdE#from=mpl_search_suggest,-1.0,N/A,位于揭东县桑浦铁场南坡，原来占地 150亩。 墓主为明嘉靖年间兵部尚书翁万达之父翁玉（号梅斋）。墓区分主墓区和继母区， 建有四亭五坊，置列石兽、华表、石翁仲， 墓碑为宰辅严嵩撰文，礼部尚书徐阶书丹，盛瑞明篆额，文字简洁明丽，书法端庄秀 美，篆书古朴典雅，兼之参与者位尊职高，故此碑有学者以为堪称“三绝”。这是罕见的巨型陵墓，营建工程达三年之久。,暂无,https://imgs.qunarzz.com/sight/p0/201403/11/2c20e57eae814b5a88a1e9fe2883e33d.jpg_710x360_2d5f8326.jpg,"{""ret"": true, ""data"": {""tagList"": [{""tagType"": 0, ""tagScore"": 5, ""tagNum"": 0, ""tagName"": ""\u5168\u90e8""}], ""score"": 0.0, ""commentCount"": 0}, ""statusCode"": 200}"
吉祥寺,https://qimgs.qunarzz.com/piao_qsight_provider_piao_qsight_web/ca6719758ed8e8423c5909dc3516a563.jpg_280x200_5509a66a.jpg,揭阳市,揭东区,广东省揭阳市揭东县,-1,-1.0,揭阳市揭东县吉祥寺，位于汕揭公路206国道旁，与汕头市金平区莲塘交界附近的地都镇乌美村，是汕头、揭阳、潮州、潮阳鼎立汇聚,https://piao.qunar.com/ticket/detail_3429755349.html?st=a3clM0QlRTYlOEYlQUQlRTQlQjglOUMlRTUlOEMlQkElMjZpZCUzRDE4NjY4NyUyNnR5cGUlM0QwJTI2aWR4JTNEMTAlMjZxdCUzRCUyNmFwayUzRDIlMjZzYyUzRFdXVyUyNnVyJTNEJUU0JUI4JUFEJUU1JUIxJUIxJTI2bHIlM0QlRTQlQjglQUQlRTUlQjElQjElMjZmdCUzRCU3QiU3RA%3D%3D#from=mpl_search_suggest,-1.0,N/A,揭阳市揭东县吉祥寺，位于汕揭公路206国道旁，与汕头市金平区莲塘交界附近的地都镇乌美村，是汕头、揭阳、潮州、潮阳鼎立汇聚之桑浦山南麓，面临榕、韩、练三江交汇之侧畔，可谓外三江之要冲，便四市之交通。相传创建于北宋(960—1127)，1988年春起重建，现初具规模。住持释明兴(耀志)胸怀大志，规划宏图，把它变成一座宏伟壮观的大丛林 　据乡老所述，这千年古刹原在小坑西北山麓，坐东北向西南，一进二厅二伙巷，毁于清代。1988年春开始移今址重修。现寺坐北向南，面向公路，依山而建。占地50万平方米，已建筑面积3千平方米。进门，平地开阔，筑有300多平方米莲花池，内竖瓷制观音站像和莲花。东侧筑有二层大楼(下层为五观音堂)、思恩堂、延生堂等。西侧筑有四单三层大楼(居士楼)。从右向左登石阶而上，就到达山腰上劈山而建念佛堂(原称大雄宝殿)和两侧的文殊殿(原观音阁)、普贤殿(原地藏阁)、文昌阁、客堂、僧舍等。主殿堂石木结构，立石柱36根。前廊壁肚有8幅“降龙伏虎”、“劝世积善孝道”图。殿内诸佛、菩萨巍巍金身，妙相庄严。玻璃橱内，供奉高大的袒胸露乳的弥勒佛坐像。内面正中敬奉释迦牟尼佛坐像，左奉药师佛坐像，右供阿弥陀佛坐像，共三如来，皆高3.2米、宽1.5米，十分高大。墙边有观世音菩萨、善财童子、龙女、仙童。后墙两角供奉骑狮的文殊菩萨、骑象的普贤菩萨。前墙两角各奉韦驮菩萨、紧那罗王菩萨，都是护法菩萨，披盔带甲，手提金刚杵和宝剑，威风凛凛。屋脊上嵌瓷“双龙戏珠”，后垂脊嵌“双凤朝牡丹”，前垂脊竖着四大天王塑像。,01/01-12/31；6:30-18:00开园,https://qimgs.qunarzz.com/piao_qsight_provider_piao_qsight_web/ca6719758ed8e8423c5909dc3516a563.jpg_710x360_057757df.jpg〇https://qimgs.qunarzz.com/piao_qsight_provider_piao_qsight_web/d24bda282f684f50447e3dbb14e53fe0.jpg_710x360_fdc8787a.jpg〇https://qimgs.qunarzz.com/piao_qsight_provider_piao_qsight_web/71d937bb6f82287e0ef5cb22902e2957.jpg_710x360_2b8faec1.jpg〇https://qimgs.qunarzz.com/piao_qsight_provider_piao_qsight_web/f0fb0213a05478cf57f83e2f432dbcf6.jpg_710x360_5f7d61bc.jpg〇https://qimgs.qunarzz.com/piao_qsight_provider_piao_qsight_web/dee4067ad106560f20f126c976c5c39e.jpg_710x360_ed0ee989.jpg〇https://qimgs.qunarzz.com/piao_qsight_provider_piao_qsight_web/91cb468087ebc29ded3f215e8ccd15b0.jpg_710x360_3ca358aa.jpg〇https://qimgs.qunarzz.com/piao_qsight_provider_piao_qsight_web/8936ed7fa81927b5.jpg_710x360_9ed6cf92.jpg〇https://qimgs.qunarzz.com/piao_qsight_provider_piao_qsight_web/571810ff0a940cb5.jpg_710x360_d9c5936e.jpg〇https://qimgs.qunarzz.com/piao_qsight_provider_piao_qsight_web/5933e4785fa127b5.jpg_710x360_f6857841.jpg〇https://qimgs.qunarzz.com/piao_qsight_provider_piao_qsight_web/59c921223d31b737.jpg_710x360_2ecef1a7.jpg〇https://qimgs.qunarzz.com/piao_qsight_provider_piao_qsight_web/d26ec218714f6b5.jpg_710x360_a602d483.jpg〇https://qimgs.qunarzz.com/piao_qsight_provider_piao_qsight_web/a2d263ddb0412eb5.jpg_710x360_e3399d4a.jpg〇https://qimgs.qunarzz.com/piao_qsight_provider_piao_qsight_web/7892bb19e54279b5.jpg_710x360_7593b00e.jpg〇https://qimgs.qunarzz.com/piao_qsight_provider_piao_qsight_web/b5c4acf6a637f4b5.jpg_710x360_bafbffaf.jpg〇https://qimgs.qunarzz.com/piao_qsight_provider_piao_qsight_web/78fd3efb902296b5.jpg_710x360_4a5d90f4.jpg〇https://qimgs.qunarzz.com/piao_qsight_provider_piao_qsight_web/8a37e4e4c0b197b5.jpg_710x360_d5d29515.jpg〇https://qimgs.qunarzz.com/piao_qsight_provider_piao_qsight_web/39a19f93696c6db5.jpg_710x360_6f93b8c2.jpg〇https://qimgs.qunarzz.com/piao_qsight_provider_piao_qsight_web/8aa7821e99999b5.jpg_710x360_78e2c8de.jpg〇https://qimgs.qunarzz.com/piao_qsight_provider_piao_qsight_web/49d9f02de3d5b6b5.jpg_710x360_b6277ffa.jpg,"{""ret"": true, ""data"": {""tagList"": [{""tagType"": 0, ""tagScore"": 5, ""tagNum"": 0, ""tagName"": ""\u5168\u90e8""}], ""score"": 0.0, ""commentCount"": 0}, ""statusCode"": 200}"
大鹿农业公园,https://qimgs.qunarzz.com/piao_qsight_provider_piao_qsight_web/0100o12000augmkxw2EE9_C_900_504.jpg_280x200_9232dcd2.jpg,揭阳市,揭西县,广东省揭阳市揭西县桃源路与朝阳大道交叉口西南2200米,4,5.0,大鹿农业公园位于揭阳市揭西县京溪园镇大鹿村。大鹿农场是以种植彩化苗术为主，集引进、产销、体验园艺于一体的生态农场，依原生,https://piao.qunar.com/ticket/detail_2163138155.html?st=a3clM0QlRTYlOEYlQUQlRTglQTUlQkYlRTUlOEUlQkYlMjZpZCUzRDUxNDQzMSUyNnR5cGUlM0QwJTI2aWR4JTNENCUyNnF0JTNEJTI2YXBrJTNEMiUyNnNjJTNEV1dXJTI2dXIlM0QlRTQlQjglQUQlRTUlQjElQjElMjZsciUzRCVFNCVCOCVBRCVFNSVCMSVCMSUyNmZ0JTNEJTdCJTdE#from=mpl_search_suggest,26.3,N/A,大鹿农业公园位于揭阳市揭西县京溪园镇大鹿村。大鹿农场是以种植彩化苗术为主，集引进、产销、体验园艺于一体的生态农场，依原生地貌，以合理的布局和精致景观努力打造一个以生态农业为主题的农业公园。园区共布置集桃花、情人谷、彩田花园、红枫树，黄花风铃木、紫薇花、香茶花、金茶花、有机茶、百果园，儿童世界，樱花走道，莫问壶，爱心长廊，紫滕长廊，瞭望台，采茶、制茶、品茶等几十个可供观赏、照相的主题园区。,1/1-12/31；周一至周日；08:00-17:30开园；（17:00停止入园）,https://qimgs.qunarzz.com/piao_qsight_provider_piao_qsight_web/0100o12000augmkxw2EE9_C_900_504.jpg_710x360_a648e075.jpg〇https://qimgs.qunarzz.com/piao_qsight_provider_piao_qsight_web/0100o12000augmkxw2EE9_C_900_504_Q90_Mtg_7.jpg_710x360_a72961b1.jpg,"{""ret"": true, ""data"": {""tagList"": [{""tagType"": 1, ""tagScore"": 5, ""tagNum"": 4, ""tagName"": ""\u597d\u8bc4""}, {""tagType"": 0, ""tagScore"": 5, ""tagNum"": 4, ""tagName"": ""\u5168\u90e8""}], ""commentList"": [{""author"": ""u*9"", ""content"": ""\u7528\u6237\u672a\u70b9\u8bc4\uff0c\u7cfb\u7edf\u9ed8\u8ba4\u597d\u8bc4\u3002"", ""date"": ""2024-11-05"", ""score"": 5, ""commentId"": ""238546574"", ""imgs"": [], ""userNickName"": ""u*9"", ""replyCityName"": """", ""cityName"": """"}, {""author"": ""\u53bb*\u6237"", ""content"": ""\u7528\u6237\u672a\u70b9\u8bc4\uff0c\u7cfb\u7edf\u9ed8\u8ba4\u597d\u8bc4\u3002"", ""date"": ""2024-11-03"", ""score"": 5, ""commentId"": ""238275433"", ""imgs"": [], ""userNickName"": ""\u53bb*\u6237"", ""replyCityName"": """", ""cityName"": """"}, {""author"": ""l*5"", ""content"": ""\u7528\u6237\u672a\u70b9\u8bc4\uff0c\u7cfb\u7edf\u9ed8\u8ba4\u597d\u8bc4\u3002"", ""date"": ""2024-04-08"", ""score"": 5, ""commentId"": ""232817168"", ""imgs"": [], ""userNickName"": ""l*5"", ""replyCityName"": """", ""cityName"": """"}, {""author"": ""\u53bb*\u6237"", ""content"": ""\u7528\u6237\u672a\u70b9\u8bc4\uff0c\u7cfb\u7edf\u9ed8\u8ba4\u597d\u8bc4\u3002"", ""date"": ""2024-04-08"", ""score"": 5, ""commentId"": ""232816600"", ""imgs"": [], ""userNickName"": ""\u53bb*\u6237"", ""replyCityName"": """", ""cityName"": """"}], ""score"": 5.0, ""commentCount"": 4}, ""statusCode"": 200}"
黄满寨瀑布,https://qimgs.qunarzz.com/piao_qsight_provider_piao_qsight_web/1lo4h12000b2vz8ph39CC_C_900_504.png_280x200_79f810b5.png,揭阳市,揭西县,广东省揭阳市揭西县京溪园镇粗坑村,3304,4.8,遍布山林间的壮观瀑布群,https://piao.qunar.com/ticket/detail_2422993810.html?st=a3clM0QlRTYlOEYlQUQlRTglQTUlQkYlRTUlOEUlQkYlMjZpZCUzRDE5NjA0NyUyNnR5cGUlM0QwJTI2aWR4JTNEMyUyNnF0JTNEJTI2YXBrJTNEMiUyNnNjJTNEV1dXJTI2dXIlM0QlRTQlQjglQUQlRTUlQjElQjElMjZsciUzRCVFNCVCOCVBRCVFNSVCMSVCMSUyNmZ0JTNEJTdCJTdE#from=mpl_search_suggest,85.0,4A景区,黄满寨瀑布旅游区位于广东省揭阳市揭西县，这里四季如春，年平均气温21.5℃左右。旅游区总面积约7000亩。黄满寨瀑布宽80米、落差50多米， 三股水流分别从顶端飞悬而下，盛水时节，更是连成一片，十分壮观。而瀑下潭水碧清，潭边的海龟石、海龙石等景观栩栩如生。从飞瀑断崖处远望，岩石若水洗，层叠似铁关，溪水深碧，偶尔在阳光照耀下，蜿蜒不知所踪。而据说在下游，还有一个三叠瀑布，水流在三个落差各6米的断崖处唱阳关三叠。弃车登山间小路，沿着溪流逶迤前行，越岭穿竹林，便可在豁然开朗之间听到一片水声，来到瀑布的顶端。,1/1-12/31；周一至周日；08:30-17:00开园；（17:00停止入园）,https://qimgs.qunarzz.com/piao_qsight_provider_piao_qsight_web/1lo4h12000b2vz8ph39CC_C_900_504.png_710x360_0d063d06.png〇https://qimgs.qunarzz.com/piao_qsight_provider_piao_qsight_web/1lo0312000b2vz5ahA78C_C_900_504_Q90_Mtg_7.jpg_710x360_57758ddd.jpg〇https://qimgs.qunarzz.com/piao_qsight_provider_piao_qsight_web/1lo2112000b2vzoj28B99_C_900_504_Q90_Mtg_7.jpg_710x360_654e5ace.jpg〇https://qimgs.qunarzz.com/piao_qsight_provider_piao_qsight_web/1lo6712000b2vzn3n03B0_C_900_504_Q90_Mtg_7.jpg_710x360_f10ac0b3.jpg〇https://qimgs.qunarzz.com/piao_qsight_provider_piao_qsight_web/1lo0p12000b2vzsahC767_C_900_504_Q90_Mtg_7.jpg_710x360_ed66b988.jpg〇https://qimgs.qunarzz.com/piao_qsight_provider_piao_qsight_web/1lo5u12000b2vzpgkFA65_C_900_504_Q90_Mtg_7.jpg_710x360_58016e43.jpg〇https://qimgs.qunarzz.com/piao_qsight_provider_piao_qsight_web/1lo1p12000b2vzsca278B_C_900_504_Q90_Mtg_7.jpg_710x360_1d379116.jpg〇https://qimgs.qunarzz.com/piao_qsight_provider_piao_qsight_web/1lo6k12000b2vznp9F491_C_900_504_Q90_Mtg_7.png_710x360_f84a9564.png〇https://qimgs.qunarzz.com/piao_qsight_provider_piao_qsight_web/1lo2i12000b2vzzav0354_C_900_504_Q90_Mtg_7.png_710x360_1b40f3f1.png〇https://qimgs.qunarzz.com/piao_qsight_provider_piao_qsight_web/1lo3b12000b2vzcij9803_C_900_504_Q90_Mtg_7.jpg_710x360_02b8984e.jpg〇https://qimgs.qunarzz.com/piao_qsight_provider_piao_qsight_web/1lo4h12000b2vz8ph39CC_C_900_504_Q90_Mtg_7.png_710x360_5c15a46d.png〇https://imgs.qunarzz.com/sight/p0/1510/d7/d7fdc0f31b09020190.water.jpg_710x360_6976629a.jpg〇https://imgs.qunarzz.com/sight/p0/201407/18/1adc3a09805b97640cdf3a349659e573.jpg_710x360_d7612132.jpg〇https://imgs.qunarzz.com/sight/p0/201407/18/331f9a4320f9a8a4aaaecf0e409cc944.jpg_710x360_3762e982.jpg〇https://imgs.qunarzz.com/sight/p0/201407/18/554549cddd147888d4b677740163af27.jpg_710x360_63f6814f.jpg〇https://imgs.qunarzz.com/sight/p0/201407/18/099edac58969fac274f69791e715267c.jpg_710x360_f61eb8bb.jpg〇https://qimgs.qunarzz.com/piao_qsight_provider_piao_qsight_web/b3915838bd18b4b5.jpg_710x360_c2877130.jpg〇https://qimgs.qunarzz.com/piao_qsight_provider_piao_qsight_web/5780e2003153e5a59d98a7741241e68a.jpg_710x360_c3a249f9.jpg〇https://qimgs.qunarzz.com/piao_qsight_provider_piao_qsight_web/2f1c1c2d08fb572d0b5ada4fdf601ff2.jpg_710x360_cee7cd69.jpg〇https://qimgs.qunarzz.com/piao_qsight_provider_piao_qsight_web/f97a289c16098f1ac11ad746200069f1.jpg_710x360_bf154677.jpg〇https://qimgs.qunarzz.com/piao_qsight_provider_piao_qsight_web/20d65d77d800f3e4c7bc89a31a281156.jpg_710x360_5a206e7c.jpg〇https://qimgs.qunarzz.com/piao_qsight_provider_piao_qsight_web/2511d6e95eef04eb5eed9fda52c0971b.jpg_710x360_bb25746c.jpg〇https://qimgs.qunarzz.com/piao_qsight_provider_piao_qsight_web/fc716616404d37c98107972123f5fde1.jpg_710x360_270e5293.jpg〇https://qimgs.qunarzz.com/piao_qsight_provider_piao_qsight_web/4824b5fd2541b710c02d16c823e672c6.jpg_710x360_dc5caf83.jpg〇https://qimgs.qunarzz.com/piao_qsight_provider_piao_qsight_web/8d906a215e22bbc2f0e871c31fd069e1.jpg_710x360_12020f8d.jpg〇https://qimgs.qunarzz.com/piao_qsight_provider_piao_qsight_web/2fdf6d9b883ba6bcdc0dbb55c35b7eb9.jpg_710x360_f220a49b.jpg〇https://qimgs.qunarzz.com/piao_qsight_provider_piao_qsight_web/3c5a6994be7108be3eb736c478902668.jpg_710x360_07a152f6.jpg〇https://qimgs.qunarzz.com/piao_qsight_provider_piao_qsight_web/eb279af370eadccf01eeba36e39f07a8.jpg_710x360_d15e439f.jpg〇https://qimgs.qunarzz.com/piao_qsight_provider_piao_qsight_web/82d912b5897ffc27907dfc33b1d86251.jpg_710x360_6142ac65.jpg〇https://qimgs.qunarzz.com/piao_qsight_provider_piao_qsight_web/df792317cde68e25fa51175cd77fb9b4.jpg_710x360_aa660c22.jpg〇https://qimgs.qunarzz.com/piao_qsight_provider_piao_qsight_web/a10ae0679b54440addd4b7560105e81c.jpg_710x360_8d06d616.jpg〇https://qimgs.qunarzz.com/piao_qsight_provider_piao_qsight_web/788c7a70fee2fa56714ac9d04494eb03.jpg_710x360_8607edcf.jpg〇https://qimgs.qunarzz.com/piao_qsight_provider_piao_qsight_web/9a5ee138d511ea8579a0c4fd1ee137a6.jpg_710x360_e7d0446f.jpg〇https://qimgs.qunarzz.com/piao_qsight_provider_piao_qsight_web/719f0fe4bd6af2cc2ed9912e9c9eb96c.jpg_710x360_032af165.jpg〇https://qimgs.qunarzz.com/piao_qsight_provider_piao_qsight_web/6c8ab736f5e1cfec92c96cdaaa33adbc.jpg_710x360_a6f40dc5.jpg〇https://qimgs.qunarzz.com/piao_qsight_provider_piao_qsight_web/8fde70fb680e9fbdcdffb6ef2170fbf8.jpg_710x360_499217bd.jpg,"{""ret"": true, ""data"": {""tagList"": [{""tagType"": 32, ""tagScore"": 5, ""tagNum"": 20, ""tagName"": ""\u670d\u52a1\u597d""}, {""tagType"": 16, ""tagScore"": 5, ""tagNum"": 26, ""tagName"": ""\u9760\u8c31""}, {""tagType"": 8, ""tagScore"": 5, ""tagNum"": 17, ""tagName"": ""\u4fbf\u5b9c""}, {""tagType"": 4, ""tagScore"": 5, ""tagNum"": 50, ""tagName"": ""\u53d6\u7968\u65b9\u4fbf""}, {""tagType"": 3, ""tagScore"": 5, ""tagNum"": 16, ""tagName"": ""\u5dee\u8bc4""}, {""tagType"": 2, ""tagScore"": 5, ""tagNum"": 19, ""tagName"": ""\u4e2d\u8bc4""}, {""tagType"": 1, ""tagScore"": 5, ""tagNum"": 3158, ""tagName"": ""\u597d\u8bc4""}, {""tagType"": 0, ""tagScore"": 5, ""tagNum"": 3304, ""tagName"": ""\u5168\u90e8""}], ""commentList"": [{""author"": ""\u6dd8*\u8389"", ""content"": ""\u76f8\u5f53\u4e0d\u9519\u7684\u7011\u5e03\u7fa4\uff0c\u8d70\u8def\u4e0d\u7d2f\uff0c\u5e26\u4e00\u5bb6\u8001\u5c0f\u6765\u7684\uff0c\u5168\u7a0b\u6e38\u73a9\u5dee\u4e0d\u591a2-3\u5c0f\u65f6\uff0c\u7011\u5e03\u6c34\u91cf\u5f88\u5927\uff0c\u666f\u8272\u5f88\u7f8e\uff01"", ""date"": ""2024-10-04"", ""score"": 5, ""commentId"": ""237494438"", ""imgs"": [{""small"": ""https://qimgs.qunarzz.com/mp_piao_0001/temp2091768888255189541file_1728025258000.jpg_120x120_4867e939.jpg"", ""title"": """", ""big"": ""https://qimgs.qunarzz.com/mp_piao_0001/temp2091768888255189541file_1728025258000.jpg""}, {""small"": ""https://qimgs.qunarzz.com/mp_piao_0001/temp11977129542964331830file_1728025258000.jpg_120x120_fff59c32.jpg"", ""title"": """", ""big"": ""https://qimgs.qunarzz.com/mp_piao_0001/temp11977129542964331830file_1728025258000.jpg""}, {""small"": ""https://qimgs.qunarzz.com/mp_piao_0001/temp7741364720190504249file_1728025258000.jpg_120x120_41128e2d.jpg"", ""title"": """", ""big"": ""https://qimgs.qunarzz.com/mp_piao_0001/temp7741364720190504249file_1728025258000.jpg""}, {""small"": ""https://qimgs.qunarzz.com/mp_piao_0001/temp6495676305484032774file_1728025258000.jpg_120x120_e706862c.jpg"", ""title"": """", ""big"": ""https://qimgs.qunarzz.com/mp_piao_0001/temp6495676305484032774file_1728025258000.jpg""}, {""small"": ""https://qimgs.qunarzz.com/mp_piao_0001/temp3112078936958621949file_1728025258000.jpg_120x120_c7ede003.jpg"", ""title"": """", ""big"": ""https://qimgs.qunarzz.com/mp_piao_0001/temp3112078936958621949file_1728025258000.jpg""}], ""userNickName"": ""\u6dd8*\u8389"", ""replyCityName"": """", ""cityName"": ""\u5e7f\u4e1c""}, {""author"": ""\u54c1*7"", ""content"": ""\u7528\u6237\u672a\u70b9\u8bc4\uff0c\u7cfb\u7edf\u9ed8\u8ba4\u597d\u8bc4\u3002"", ""date"": ""2024-12-26"", ""score"": 5, ""commentId"": ""239385565"", ""imgs"": [], ""userNickName"": ""\u54c1*7"", ""replyCityName"": """", ""cityName"": """"}, {""author"": ""\u53bb*\u6237"", ""content"": ""\u7528\u6237\u672a\u70b9\u8bc4\uff0c\u7cfb\u7edf\u9ed8\u8ba4\u597d\u8bc4\u3002"", ""date"": ""2024-12-26"", ""score"": 5, ""commentId"": ""239385455"", ""imgs"": [], ""userNickName"": ""\u53bb*\u6237"", ""replyCityName"": """", ""cityName"": """"}, {""author"": ""\u53bb*\u6237"", ""content"": ""\u7528\u6237\u672a\u70b9\u8bc4\uff0c\u7cfb\u7edf\u9ed8\u8ba4\u597d\u8bc4\u3002"", ""date"": ""2024-12-25"", ""score"": 5, ""commentId"": ""239360254"", ""imgs"": [], ""userNickName"": ""\u53bb*\u6237"", ""replyCityName"": """", ""cityName"": """"}, {""author"": ""-*\u5b9d"", ""content"": ""\u7528\u6237\u672a\u70b9\u8bc4\uff0c\u7cfb\u7edf\u9ed8\u8ba4\u597d\u8bc4\u3002"", ""date"": ""2024-12-23"", ""score"": 5, ""commentId"": ""239326595"", ""imgs"": [], ""userNickName"": ""-*\u5b9d"", ""replyCityName"": """", ""cityName"": """"}, {""author"": ""a*1"", ""content"": ""\u7528\u6237\u672a\u70b9\u8bc4\uff0c\u7cfb\u7edf\u9ed8\u8ba4\u597d\u8bc4\u3002"", ""date"": ""2024-12-22"", ""score"": 5, ""commentId"": ""239319522"", ""imgs"": [], ""userNickName"": ""a*1"", ""replyCityName"": """", ""cityName"": """"}, {""author"": ""a*1"", ""content"": ""\u7528\u6237\u672a\u70b9\u8bc4\uff0c\u7cfb\u7edf\u9ed8\u8ba4\u597d\u8bc4\u3002"", ""date"": ""2024-12-22"", ""score"": 5, ""commentId"": ""239318981"", ""imgs"": [], ""userNickName"": ""a*1"", ""replyCityName"": """", ""cityName"": """"}, {""author"": ""n*8"", ""content"": ""\u7528\u6237\u672a\u70b9\u8bc4\uff0c\u7cfb\u7edf\u9ed8\u8ba4\u597d\u8bc4\u3002"", ""date"": ""2024-12-17"", ""score"": 5, ""commentId"": ""239261667"", ""imgs"": [], ""userNickName"": ""n*8"", ""replyCityName"": """", ""cityName"": """"}, {""author"": ""\u6d1b*\u6d1b"", ""content"": ""\u7528\u6237\u672a\u70b9\u8bc4\uff0c\u7cfb\u7edf\u9ed8\u8ba4\u597d\u8bc4\u3002"", ""date"": ""2024-12-16"", ""score"": 5, ""commentId"": ""239238071"", ""imgs"": [], ""userNickName"": ""\u6d1b*\u6d1b"", ""replyCityName"": """", ""cityName"": """"}, {""author"": ""\u53bb*\u6237"", ""content"": ""\u7528\u6237\u672a\u70b9\u8bc4\uff0c\u7cfb\u7edf\u9ed8\u8ba4\u597d\u8bc4\u3002"", ""date"": ""2024-12-15"", ""score"": 5, ""commentId"": ""239237440"", ""imgs"": [], ""userNickName"": ""\u53bb*\u6237"", ""replyCityName"": """", ""cityName"": """"}], ""score"": 4.8, ""commentCount"": 3304}, ""statusCode"": 200}"
大洋国际生态旅游区,https://qimgs.qunarzz.com/piao_qsight_provider_piao_qsight_web/100d1f000001goqs1C5F5_C_900_504.jpg_280x200_d6776dde.jpg,揭阳市,揭西县,广东省揭阳市揭西县五经富镇大洋村Y501乡道,160,5.0,云雾缭绕的高山盆地度假区,https://piao.qunar.com/ticket/detail_3743668305.html?st=a3clM0QlRTYlOEYlQUQlRTglQTUlQkYlRTUlOEUlQkYlMjZpZCUzRDQ3MDQ5NyUyNnR5cGUlM0QwJTI2aWR4JTNEMiUyNnF0JTNEJTI2YXBrJTNEMiUyNnNjJTNEV1dXJTI2dXIlM0QlRTQlQjglQUQlRTUlQjElQjElMjZsciUzRCVFNCVCOCVBRCVFNSVCMSVCMSUyNmZ0JTNEJTdCJTdE#from=mpl_search_suggest,55.0,4A景区,大洋度假区地处大洋乡海拔600-1000米的高山盆地之中，这里山清水秀、空气清新。高海拔和亚热带气候的特点，使这里经常云雾缭绕，恰似仙境。,1/1-12/31；周一至周日；08:00-18:30开园,https://qimgs.qunarzz.com/piao_qsight_provider_piao_qsight_web/100d1f000001goqs1C5F5_C_900_504.jpg_710x360_13bf5af5.jpg〇https://qimgs.qunarzz.com/piao_qsight_provider_piao_qsight_web/100h0p000000fy6nm43C5_C_900_504_Q90_Mtg_7.jpg_710x360_3758c1ab.jpg〇https://qimgs.qunarzz.com/piao_qsight_provider_piao_qsight_web/3503170000011qaav325E_C_900_504_Q90_Mtg_7.jpg_710x360_f042ef8d.jpg〇https://qimgs.qunarzz.com/piao_qsight_provider_piao_qsight_web/10020p000000g3wfeB71A_C_900_504_Q90_Mtg_7.jpg_710x360_208be4a4.jpg〇https://qimgs.qunarzz.com/piao_qsight_provider_piao_qsight_web/350l170000011oq2m8605_C_900_504_Q90_Mtg_7.jpg_710x360_45e84ba0.jpg〇https://qimgs.qunarzz.com/piao_qsight_provider_piao_qsight_web/10080p000000fx1u299C4_C_900_504_Q90_Mtg_7.jpg_710x360_f546fefb.jpg〇https://qimgs.qunarzz.com/piao_qsight_provider_piao_qsight_web/3502170000011vmyw1FA2_C_900_504_Q90_Mtg_7.jpg_710x360_55401408.jpg〇https://qimgs.qunarzz.com/piao_qsight_provider_piao_qsight_web/100r0p000000fva8uF4C3_C_900_504_Q90_Mtg_7.jpg_710x360_3be00bb5.jpg〇https://qimgs.qunarzz.com/piao_qsight_provider_piao_qsight_web/100i0p000000fvmwm1BD8_C_900_504_Q90_Mtg_7.jpg_710x360_d5aa03a1.jpg〇https://qimgs.qunarzz.com/piao_qsight_provider_piao_qsight_web/350l170000011oq2j15A2_C_900_504_Q90_Mtg_7.jpg_710x360_36d9ed51.jpg〇https://qimgs.qunarzz.com/piao_qsight_provider_piao_qsight_web/100d1f000001goqs1C5F5_C_900_504_Q90_Mtg_7.jpg_710x360_d48ba4d4.jpg,"{""ret"": true, ""data"": {""tagList"": [{""tagType"": 1, ""tagScore"": 5, ""tagNum"": 160, ""tagName"": ""\u597d\u8bc4""}, {""tagType"": 0, ""tagScore"": 5, ""tagNum"": 160, ""tagName"": ""\u5168\u90e8""}], ""commentList"": [{""author"": ""\u4f5b*\u6708"", ""content"": ""\u7528\u6237\u672a\u70b9\u8bc4\uff0c\u7cfb\u7edf\u9ed8\u8ba4\u597d\u8bc4\u3002"", ""date"": ""2024-12-17"", ""score"": 5, ""commentId"": ""239266951"", ""imgs"": [], ""userNickName"": ""\u4f5b*\u6708"", ""replyCityName"": """", ""cityName"": """"}, {""author"": ""\u53bb*\u6237"", ""content"": ""\u7528\u6237\u672a\u70b9\u8bc4\uff0c\u7cfb\u7edf\u9ed8\u8ba4\u597d\u8bc4\u3002"", ""date"": ""2024-12-04"", ""score"": 5, ""commentId"": ""239093149"", ""imgs"": [], ""userNickName"": ""\u53bb*\u6237"", ""replyCityName"": """", ""cityName"": """"}, {""author"": ""\u53bb*\u6237"", ""content"": ""\u7528\u6237\u672a\u70b9\u8bc4\uff0c\u7cfb\u7edf\u9ed8\u8ba4\u597d\u8bc4\u3002"", ""date"": ""2024-11-04"", ""score"": 5, ""commentId"": ""238464039"", ""imgs"": [], ""userNickName"": ""\u53bb*\u6237"", ""replyCityName"": """", ""cityName"": """"}, {""author"": ""\u53bb*\u6237"", ""content"": ""\u7528\u6237\u672a\u70b9\u8bc4\uff0c\u7cfb\u7edf\u9ed8\u8ba4\u597d\u8bc4\u3002"", ""date"": ""2024-11-04"", ""score"": 5, ""commentId"": ""238463581"", ""imgs"": [], ""userNickName"": ""\u53bb*\u6237"", ""replyCityName"": """", ""cityName"": """"}, {""author"": ""q*7"", ""content"": ""\u7528\u6237\u672a\u70b9\u8bc4\uff0c\u7cfb\u7edf\u9ed8\u8ba4\u597d\u8bc4\u3002"", ""date"": ""2024-11-03"", ""score"": 5, ""commentId"": ""238284927"", ""imgs"": [], ""userNickName"": ""q*7"", ""replyCityName"": """", ""cityName"": """"}, {""author"": ""a*6"", ""content"": ""\u7528\u6237\u672a\u70b9\u8bc4\uff0c\u7cfb\u7edf\u9ed8\u8ba4\u597d\u8bc4\u3002"", ""date"": ""2024-11-02"", ""score"": 5, ""commentId"": ""238127567"", ""imgs"": [], ""userNickName"": ""a*6"", ""replyCityName"": """", ""cityName"": """"}, {""author"": ""a*6"", ""content"": ""\u7528\u6237\u672a\u70b9\u8bc4\uff0c\u7cfb\u7edf\u9ed8\u8ba4\u597d\u8bc4\u3002"", ""date"": ""2024-11-02"", ""score"": 5, ""commentId"": ""238127375"", ""imgs"": [], ""userNickName"": ""a*6"", ""replyCityName"": """", ""cityName"": """"}, {""author"": ""\u53bb*\u6237"", ""content"": ""\u7528\u6237\u672a\u70b9\u8bc4\uff0c\u7cfb\u7edf\u9ed8\u8ba4\u597d\u8bc4\u3002"", ""date"": ""2024-11-02"", ""score"": 5, ""commentId"": ""238119350"", ""imgs"": [], ""userNickName"": ""\u53bb*\u6237"", ""replyCityName"": """", ""cityName"": """"}, {""author"": ""\u53bb*\u6237"", ""content"": ""\u7528\u6237\u672a\u70b9\u8bc4\uff0c\u7cfb\u7edf\u9ed8\u8ba4\u597d\u8bc4\u3002"", ""date"": ""2024-11-02"", ""score"": 5, ""commentId"": ""238119232"", ""imgs"": [], ""userNickName"": ""\u53bb*\u6237"", ""replyCityName"": """", ""cityName"": """"}, {""author"": ""\u53bb*\u6237"", ""content"": ""\u7528\u6237\u672a\u70b9\u8bc4\uff0c\u7cfb\u7edf\u9ed8\u8ba4\u597d\u8bc4\u3002"", ""date"": ""2024-06-02"", ""score"": 5, ""commentId"": ""234012372"", ""imgs"": [], ""userNickName"": ""\u53bb*\u6237"", ""replyCityName"": """", ""cityName"": """"}], ""score"": 5.0, ""commentCount"": 160}, ""statusCode"": 200}"
京明温泉度假村,https://qimgs.qunarzz.com/piao_qsight_provider_piao_qsight_web/100j1f000001gpqkk8378_C_900_504.jpg_280x200_2495321c.jpg,揭阳市,揭西县,广东省揭阳市揭西县京溪园镇新洪村,235,4.6,山高云绕的茶园绿洲,https://piao.qunar.com/ticket/detail_2588073470.html?st=a3clM0QlRTYlOEYlQUQlRTglQTUlQkYlRTUlOEUlQkYlMjZpZCUzRDM4MTcyJTI2dHlwZSUzRDAlMjZpZHglM0QxJTI2cXQlM0QlMjZhcGslM0QyJTI2c2MlM0RXV1clMjZ1ciUzRCVFNCVCOCVBRCVFNSVCMSVCMSUyNmxyJTNEJUU0JUI4JUFEJUU1JUIxJUIxJTI2ZnQlM0QlN0IlN0Q%3D#from=mpl_search_suggest,36.8,4A景区,度假村是一个集生态茶园、旅游观光、休闲度假于一体的综合性旅游景区。京明温泉度假村占地总面积11172亩。2200亩生态优质茶园整齐地点缀在山峦之间，是一道亮丽的绿色风景线，现代化的茶叶加工厂，幽雅的茶馆，令人叹为观止的大自然风光、宁静的环境、清新的空气，七泓碧湖，像一串串珍珠环绕群山之中。京明茶园地处粤东地区，北靠莲花山脉，南濒南海，北回归线贯穿而过，是世界上少有的北回归线绿洲之一。这里四季如春，雨量充沛，山高云绕，泉清水洌。茶园占地二千多亩，均属宜茶地带。大片茶林，经霜受露，承载时空，焕发着勃勃生机，散发着沁人芬芳，临风摇舞，丰姿绰约。,1/1-12/31；周一至周日；08:30-17:00开园,https://qimgs.qunarzz.com/piao_qsight_provider_piao_qsight_web/100j1f000001gpqkk8378_C_900_504.jpg_710x360_bc31d294.jpg〇https://qimgs.qunarzz.com/piao_qsight_provider_piao_qsight_web/350g160000010i2427890_C_900_504_Q90_Mtg_7.jpg_710x360_98acd3e3.jpg〇https://qimgs.qunarzz.com/piao_qsight_provider_piao_qsight_web/3505160000010jvfc7EF6_C_900_504_Q90_Mtg_7.jpg_710x360_b055444d.jpg〇https://qimgs.qunarzz.com/piao_qsight_provider_piao_qsight_web/350e160000010k445E7EF_C_900_504_Q90_Mtg_7.jpg_710x360_5a2060d7.jpg〇https://qimgs.qunarzz.com/piao_qsight_provider_piao_qsight_web/350q160000010inlk5070_C_900_504_Q90_Mtg_7.jpg_710x360_f78219ab.jpg〇https://qimgs.qunarzz.com/piao_qsight_provider_piao_qsight_web/0105z12000agjwxhc527E_C_900_504_Q90_Mtg_7.jpg_710x360_ece08575.jpg〇https://qimgs.qunarzz.com/piao_qsight_provider_piao_qsight_web/350u160000010hc355AE0_C_900_504_Q90_Mtg_7.jpg_710x360_9714327f.jpg〇https://qimgs.qunarzz.com/piao_qsight_provider_piao_qsight_web/3505160000010jvfd8E13_C_900_504_Q90_Mtg_7.jpg_710x360_95f347a5.jpg〇https://qimgs.qunarzz.com/piao_qsight_provider_piao_qsight_web/350f160000010hdttBC11_C_900_504_Q90_Mtg_7.jpg_710x360_3e8d86b8.jpg〇https://qimgs.qunarzz.com/piao_qsight_provider_piao_qsight_web/350c160000010k0al41D7_C_900_504_Q90_Mtg_7.jpg_710x360_ef892ce7.jpg〇https://qimgs.qunarzz.com/piao_qsight_provider_piao_qsight_web/100j1f000001gpqkk8378_C_900_504_Q90_Mtg_7.jpg_710x360_ecea1711.jpg〇https://imgs.qunarzz.com/sight/p0/201402/20/a9a39761a62ada32579d851b58cada98.jpg_710x360_90a42111.jpg〇https://imgs.qunarzz.com/sight/p0/201402/20/33908053b493b3e0faf8c51c6ffbbc37.jpg_710x360_078eae66.jpg〇https://imgs.qunarzz.com/sight/p0/201402/20/330be0c564dd949934c950ce67b29d73.jpg_710x360_a5fc9209.jpg〇https://imgs.qunarzz.com/sight/p0/201402/20/28efdca3a4ace40329b550f04b1ed632.jpg_710x360_2688b365.jpg〇https://imgs.qunarzz.com/sight/p0/201301/17/665dd7e504b612ce93835fbb.jpg_710x360_c8ddcd4e.jpg,"{""ret"": true, ""data"": {""tagList"": [{""tagType"": 3, ""tagScore"": 5, ""tagNum"": 3, ""tagName"": ""\u5dee\u8bc4""}, {""tagType"": 2, ""tagScore"": 5, ""tagNum"": 10, ""tagName"": ""\u4e2d\u8bc4""}, {""tagType"": 1, ""tagScore"": 5, ""tagNum"": 216, ""tagName"": ""\u597d\u8bc4""}, {""tagType"": 0, ""tagScore"": 5, ""tagNum"": 235, ""tagName"": ""\u5168\u90e8""}], ""commentList"": [{""author"": ""c*3"", ""content"": ""\u7528\u6237\u672a\u70b9\u8bc4\uff0c\u7cfb\u7edf\u9ed8\u8ba4\u597d\u8bc4\u3002"", ""date"": ""2024-12-10"", ""score"": 5, ""commentId"": ""239168967"", ""imgs"": [], ""userNickName"": ""c*3"", ""replyCityName"": """", ""cityName"": """"}, {""author"": ""\u53bb*\u6237"", ""content"": ""\u7528\u6237\u672a\u70b9\u8bc4\uff0c\u7cfb\u7edf\u9ed8\u8ba4\u597d\u8bc4\u3002"", ""date"": ""2024-11-15"", ""score"": 5, ""commentId"": ""238785400"", ""imgs"": [], ""userNickName"": ""\u53bb*\u6237"", ""replyCityName"": """", ""cityName"": """"}, {""author"": ""V*a"", ""content"": ""\u7528\u6237\u672a\u70b9\u8bc4\uff0c\u7cfb\u7edf\u9ed8\u8ba4\u597d\u8bc4\u3002"", ""date"": ""2024-11-07"", ""score"": 5, ""commentId"": ""238687396"", ""imgs"": [], ""userNickName"": ""V*a"", ""replyCityName"": """", ""cityName"": """"}, {""author"": ""\u53bb*\u6237"", ""content"": ""\u7528\u6237\u672a\u70b9\u8bc4\uff0c\u7cfb\u7edf\u9ed8\u8ba4\u597d\u8bc4\u3002"", ""date"": ""2024-09-17"", ""score"": 5, ""commentId"": ""236887888"", ""imgs"": [], ""userNickName"": ""\u53bb*\u6237"", ""replyCityName"": """", ""cityName"": """"}, {""author"": ""\u53bb*\u6237"", ""content"": ""\u7528\u6237\u672a\u70b9\u8bc4\uff0c\u7cfb\u7edf\u9ed8\u8ba4\u597d\u8bc4\u3002"", ""date"": ""2024-09-17"", ""score"": 5, ""commentId"": ""236887699"", ""imgs"": [], ""userNickName"": ""\u53bb*\u6237"", ""replyCityName"": """", ""cityName"": """"}, {""author"": ""h*7"", ""content"": ""\u7528\u6237\u672a\u70b9\u8bc4\uff0c\u7cfb\u7edf\u9ed8\u8ba4\u597d\u8bc4\u3002"", ""date"": ""2024-03-26"", ""score"": 5, ""commentId"": ""232668556"", ""imgs"": [], ""userNickName"": ""h*7"", ""replyCityName"": """", ""cityName"": """"}, {""author"": ""y*4"", ""content"": ""\u7528\u6237\u672a\u70b9\u8bc4\uff0c\u7cfb\u7edf\u9ed8\u8ba4\u597d\u8bc4\u3002"", ""date"": ""2024-03-15"", ""score"": 5, ""commentId"": ""232190038"", ""imgs"": [], ""userNickName"": ""y*4"", ""replyCityName"": """", ""cityName"": """"}, {""author"": ""\u53bb*\u6237"", ""content"": ""\u7528\u6237\u672a\u70b9\u8bc4\uff0c\u7cfb\u7edf\u9ed8\u8ba4\u597d\u8bc4\u3002"", ""date"": ""2024-01-31"", ""score"": 5, ""commentId"": ""231236192"", ""imgs"": [], ""userNickName"": ""\u53bb*\u6237"", ""replyCityName"": """", ""cityName"": """"}, {""author"": ""\u5434*\u7fa4"", ""content"": ""\u7528\u6237\u672a\u70b9\u8bc4\uff0c\u7cfb\u7edf\u9ed8\u8ba4\u597d\u8bc4\u3002"", ""date"": ""2024-01-28"", ""score"": 5, ""commentId"": ""231160077"", ""imgs"": [], ""userNickName"": ""\u5434*\u7fa4"", ""replyCityName"": """", ""cityName"": """"}, {""author"": ""\u53bb*\u6237"", ""content"": ""\u7528\u6237\u672a\u70b9\u8bc4\uff0c\u7cfb\u7edf\u9ed8\u8ba4\u597d\u8bc4\u3002"", ""date"": ""2023-11-15"", ""score"": 5, ""commentId"": ""230313613"", ""imgs"": [], ""userNickName"": ""\u53bb*\u6237"", ""replyCityName"": """", ""cityName"": """"}], ""score"": 4.6, ""commentCount"": 235}, ""statusCode"": 200}"
大洋云雾山庄,https://imgs.qunarzz.com/sight/p0/1411/7c/adb77d584d9d88d5ac10b93ef816fd92.water.jpg_280x200_2d7d877b.jpg,揭阳市,揭西县,广东省揭阳市揭西县五经富镇大洋乡大洋旅游度假区,3,5.0,三坑一潭、百丈悬崖、云湖夜月，三叠听泉,https://piao.qunar.com/ticket/detail_408794502.html?st=a3clM0QlRTYlOEYlQUQlRTglQTUlQkYlRTUlOEUlQkYlMjZpZCUzRDE5OTYxMCUyNnR5cGUlM0QwJTI2aWR4JTNEMTAlMjZxdCUzRCUyNmFwayUzRDIlMjZzYyUzRFdXVyUyNnVyJTNEJUU0JUI4JUFEJUU1JUIxJUIxJTI2bHIlM0QlRTQlQjglQUQlRTUlQjElQjElMjZmdCUzRCU3QiU3RA%3D%3D#from=mpl_search_suggest,-1.0,N/A,大洋云雾山庄建于2012年初，位于有“长寿乡”之称的揭西县大洋海拔700多米的高山上，这里山清水秀、云雾缭绕、满山茶园，距县城40公里，地理位置得天独厚、环境优雅。早在上世纪20年代，就有英、美、法等国的传教士、商人在这里兴建避暑山庄、别墅等。度假区长年平均气温18-20度左右，拥有16000多亩如画茶园、高山流水、空气清新、云雾缭绕、仿似仙境，被誉为“中国云顶”，是岭南地区著名的避暑圣地，是您休闲度假的理想选择。,暂无,https://imgs.qunarzz.com/sight/p0/1411/7c/adb77d584d9d88d5ac10b93ef816fd92.water.jpg_710x360_0fcc0c72.jpg〇https://imgs.qunarzz.com/sight/p0/1411/c5/0859760df5e8bc976eef76ffe907da3e.water.jpg_710x360_85daa7d5.jpg〇https://imgs.qunarzz.com/sight/p0/1411/54/fe127cf972dd1ea7854cee9ae2e6bb7c.water.jpg_710x360_5a6b0086.jpg〇https://imgs.qunarzz.com/sight/p0/1411/94/1c15ccb32583e008f39ffacfd9c7ed63.water.jpg_710x360_0346b27b.jpg〇https://imgs.qunarzz.com/sight/p0/1411/bd/6e34dad952337f1af53b987a68977019.water.jpg_710x360_4bc33038.jpg,"{""ret"": true, ""data"": {""tagList"": [{""tagType"": 1, ""tagScore"": 5, ""tagNum"": 3, ""tagName"": ""\u597d\u8bc4""}, {""tagType"": 0, ""tagScore"": 5, ""tagNum"": 3, ""tagName"": ""\u5168\u90e8""}], ""commentList"": [{""author"": ""m*5"", ""content"": ""\u7528\u6237\u672a\u70b9\u8bc4\uff0c\u7cfb\u7edf\u9ed8\u8ba4\u597d\u8bc4\u3002"", ""date"": ""2020-01-22"", ""score"": 5, ""commentId"": ""213972662"", ""imgs"": [], ""userNickName"": ""m*5"", ""replyCityName"": """", ""cityName"": """"}, {""author"": ""b*4"", ""content"": ""\u7528\u6237\u672a\u70b9\u8bc4\uff0c\u7cfb\u7edf\u9ed8\u8ba4\u597d\u8bc4\u3002"", ""date"": ""2020-01-14"", ""score"": 5, ""commentId"": ""213876576"", ""imgs"": [], ""userNickName"": ""b*4"", ""replyCityName"": """", ""cityName"": """"}, {""author"": ""\u6e05*\u8336"", ""content"": ""\u5f88\u597d\uff0c\u5b69\u5b50\u53bb\u7684\uff0c\u5f88\u597d\u73a9\u3002\u8ba2\u7968\u65b9\u4fbf"", ""date"": ""2018-05-15"", ""score"": 5, ""commentId"": ""206254943"", ""imgs"": [], ""userNickName"": ""\u6e05*\u8336"", ""replyCityName"": """", ""cityName"": """"}], ""score"": 5.0, ""commentCount"": 3}, ""statusCode"": 200}"
大北山森林公园-京明度假村,https://qimgs.qunarzz.com/piao_qsight_provider_piao_qsight_web/0104t1200092lprqj5D70_C_900_504.jpg_280x200_9ff5b4b9.jpg,揭阳市,揭西县,广东省揭阳市揭西县南山镇大北山森林公园度假村内,185,5.0,集休闲、商务、观光为一体,https://piao.qunar.com/ticket/detail_3504245243.html?st=a3clM0QlRTYlOEYlQUQlRTglQTUlQkYlRTUlOEUlQkYlMjZpZCUzRDE5OTI1MCUyNnR5cGUlM0QwJTI2aWR4JTNEOSUyNnF0JTNEJTI2YXBrJTNEMiUyNnNjJTNEV1dXJTI2dXIlM0QlRTQlQjglQUQlRTUlQjElQjElMjZsciUzRCVFNCVCOCVBRCVFNSVCMSVCMSUyNmZ0JTNEJTdCJTdE#from=mpl_search_suggest,-1.0,N/A,揭阳大北山森林公园京明度假村位于揭西县南山镇，地处榕江发源地，海拔700多米的大北山国家森林公园内，森林公园总面积5.2万亩，园内植物有148科700多种，园内主要景观有十八湾瀑布、龙潭崆瀑布、九县岽、天子壁、贼营石壁凿诗、北山日出、北山枫林、福建松柏树以及毛竹园、茶园风光等。现存的革命旧址红军寮、潮汕人民抗征队后方医院、司令部及红军纪念馆等又为大北山森林公园添上了红色旅游的色彩。揭阳大北山森林公园京明度假村拥有各式豪华客房276间，设有中、西餐厅、茶艺馆、棋牌室、桑拿健身等项目，中餐厅可同时容纳800多人用餐。国际会议中心有大、小会议室10间，拥有同声传输系统、自动摄相系统等先进会务设施。度假村座拥天然氧吧，尽收湖光山色，可为观光休闲旅游。,1/1-12/31；周一至周日；08:00-18:00开园,https://qimgs.qunarzz.com/piao_qsight_provider_piao_qsight_web/0104t1200092lprqj5D70_C_900_504.jpg_710x360_5bd02c77.jpg〇https://qimgs.qunarzz.com/piao_qsight_provider_piao_qsight_web/0104t1200092lprqj5D70_C_900_504_Q90_Mtg_7.jpg_710x360_2e18a87e.jpg〇https://imgs.qunarzz.com/sight/p0/1411/e4/8849256d01e2612409f7a968fb7fe909.water.jpg_710x360_2a443191.jpg〇https://imgs.qunarzz.com/sight/p0/1411/cf/b9c7816781b785e806d089b29c150aee.water.jpg_710x360_18b208e5.jpg〇https://imgs.qunarzz.com/sight/p0/1411/f3/fe700713178152c119c27bd6874bdbec.water.jpg_710x360_431ad3a0.jpg〇https://imgs.qunarzz.com/sight/p0/1411/6a/65a4cff1c9b6b7c395498fa6749a8c7b.water.jpg_710x360_605141b1.jpg〇https://imgs.qunarzz.com/sight/p0/1411/12/6780c7fdaee47b5d26ccba3facdb01b1.water.jpg_710x360_08c089d0.jpg〇https://imgs.qunarzz.com/sight/p0/1411/e6/ba7f718a587d72aa647d564f0bf8c489.water.jpg_710x360_ef97152e.jpg〇https://imgs.qunarzz.com/sight/p0/1411/a0/18ed85aa8ead01f2fb373e9ec1a6d644.water.jpg_710x360_25eb8b95.jpg〇https://imgs.qunarzz.com/sight/p0/1411/4e/74fd740e0d9c04f6af3c3e8df6178c69.water.jpg_710x360_d17590de.jpg〇https://imgs.qunarzz.com/sight/p0/1411/6a/5ecadda6fd0da8967b7610ac75aed884.water.jpg_710x360_02613d5d.jpg〇https://imgs.qunarzz.com/sight/p0/1411/4b/442f2ab9c238734f396420a5364d27f0.water.jpg_710x360_173a9d04.jpg〇https://qimgs.qunarzz.com/piao_qsight_provider_piao_qsight_web/8af9f07bea2055cad6da930ae219fcd1.jpg_710x360_52b068a5.jpg,"{""ret"": true, ""data"": {""tagList"": [{""tagType"": 1, ""tagScore"": 5, ""tagNum"": 185, ""tagName"": ""\u597d\u8bc4""}, {""tagType"": 0, ""tagScore"": 5, ""tagNum"": 185, ""tagName"": ""\u5168\u90e8""}], ""commentList"": [{""author"": ""f*0"", ""content"": ""\u7528\u6237\u672a\u70b9\u8bc4\uff0c\u7cfb\u7edf\u9ed8\u8ba4\u597d\u8bc4\u3002"", ""date"": ""2024-09-25"", ""score"": 5, ""commentId"": ""237232332"", ""imgs"": [], ""userNickName"": ""f*0"", ""replyCityName"": """", ""cityName"": """"}, {""author"": ""d*8"", ""content"": ""\u7528\u6237\u672a\u70b9\u8bc4\uff0c\u7cfb\u7edf\u9ed8\u8ba4\u597d\u8bc4\u3002"", ""date"": ""2024-07-26"", ""score"": 5, ""commentId"": ""235018683"", ""imgs"": [], ""userNickName"": ""d*8"", ""replyCityName"": """", ""cityName"": """"}, {""author"": ""\u53bb*\u6237"", ""content"": ""\u7528\u6237\u672a\u70b9\u8bc4\uff0c\u7cfb\u7edf\u9ed8\u8ba4\u597d\u8bc4\u3002"", ""date"": ""2024-07-11"", ""score"": 5, ""commentId"": ""234765611"", ""imgs"": [], ""userNickName"": ""\u53bb*\u6237"", ""replyCityName"": """", ""cityName"": """"}, {""author"": ""s*t"", ""content"": ""\u7528\u6237\u672a\u70b9\u8bc4\uff0c\u7cfb\u7edf\u9ed8\u8ba4\u597d\u8bc4\u3002"", ""date"": ""2024-05-08"", ""score"": 5, ""commentId"": ""233426805"", ""imgs"": [], ""userNickName"": ""s*t"", ""replyCityName"": """", ""cityName"": """"}, {""author"": ""x*3"", ""content"": ""\u7528\u6237\u672a\u70b9\u8bc4\uff0c\u7cfb\u7edf\u9ed8\u8ba4\u597d\u8bc4\u3002"", ""date"": ""2024-04-17"", ""score"": 5, ""commentId"": ""232958338"", ""imgs"": [], ""userNickName"": ""x*3"", ""replyCityName"": """", ""cityName"": """"}, {""author"": ""y*0"", ""content"": ""\u7528\u6237\u672a\u70b9\u8bc4\uff0c\u7cfb\u7edf\u9ed8\u8ba4\u597d\u8bc4\u3002"", ""date"": ""2024-03-29"", ""score"": 5, ""commentId"": ""232704747"", ""imgs"": [], ""userNickName"": ""y*0"", ""replyCityName"": """", ""cityName"": """"}, {""author"": ""\u53bb*\u6237"", ""content"": ""\u7528\u6237\u672a\u70b9\u8bc4\uff0c\u7cfb\u7edf\u9ed8\u8ba4\u597d\u8bc4\u3002"", ""date"": ""2024-03-28"", ""score"": 5, ""commentId"": ""232697509"", ""imgs"": [], ""userNickName"": ""\u53bb*\u6237"", ""replyCityName"": """", ""cityName"": """"}, {""author"": ""\u53bb*\u6237"", ""content"": ""\u7528\u6237\u672a\u70b9\u8bc4\uff0c\u7cfb\u7edf\u9ed8\u8ba4\u597d\u8bc4\u3002"", ""date"": ""2024-03-18"", ""score"": 5, ""commentId"": ""232414293"", ""imgs"": [], ""userNickName"": ""\u53bb*\u6237"", ""replyCityName"": """", ""cityName"": """"}, {""author"": ""b*6"", ""content"": ""\u7528\u6237\u672a\u70b9\u8bc4\uff0c\u7cfb\u7edf\u9ed8\u8ba4\u597d\u8bc4\u3002"", ""date"": ""2023-12-10"", ""score"": 5, ""commentId"": ""230651322"", ""imgs"": [], ""userNickName"": ""b*6"", ""replyCityName"": """", ""cityName"": """"}, {""author"": ""\u53bb*\u6237"", ""content"": ""\u7528\u6237\u672a\u70b9\u8bc4\uff0c\u7cfb\u7edf\u9ed8\u8ba4\u597d\u8bc4\u3002"", ""date"": ""2023-12-10"", ""score"": 5, ""commentId"": ""230651120"", ""imgs"": [], ""userNickName"": ""\u53bb*\u6237"", ""replyCityName"": """", ""cityName"": """"}], ""score"": 5.0, ""commentCount"": 185}, ""statusCode"": 200}"
揭阳市乾隆水上乐园,https://qimgs.qunarzz.com/piao_qsight_provider_piao_qsight_web/0103412000apikwgfEEA5_C_900_504_Q90_Mtg_7.jpg_280x200_7f391cba.jpg,揭阳市,揭西县,广东省揭阳市揭西县X098,-1,-1.0,揭阳市乾隆水上乐园位于揭西县河婆镇，是揭西县目前 大温泉水乐园。项目总占地面积80多亩，停车位300个，园区同时可容纳5,https://piao.qunar.com/ticket/detail_2886013079.html?st=a3clM0QlRTYlOEYlQUQlRTglQTUlQkYlRTUlOEUlQkYlMjZpZCUzRDUxOTA1NCUyNnR5cGUlM0QwJTI2aWR4JTNEOCUyNnF0JTNEJTI2YXBrJTNEMiUyNnNjJTNEV1dXJTI2dXIlM0QlRTQlQjglQUQlRTUlQjElQjElMjZsciUzRCVFNCVCOCVBRCVFNSVCMSVCMSUyNmZ0JTNEJTdCJTdE#from=mpl_search_suggest,20.0,N/A,揭阳市乾隆水上乐园位于揭西县河婆镇，是揭西县目前 大温泉水乐园。项目总占地面积80多亩，停车位300个，园区同时可容纳500多人，男女宾更衣柜共304个，淋浴间男宾15个，女宾14个。园区水质富含硫磺，大汤池两个（蘑菇泡池、水疗池），石板浴房一间，在满足大众的基础上我们更有特色浴房10间（河婆房、梅州房、 潮州房、汕头房、揭阳房、深圳房、广州房、上海房、北京房、乾隆房）尊享私人泡汤体验。泡汤休息之余可以在我们室内恒温标准泳池（长50m，宽21m）尽情畅游一起增强体质免疫病毒。 我们还有小朋友喜欢的水上游玩项目（小水寨 、小滑板、八爪鱼、小冲天等）在戏水声中，欢度全家人的快乐时光。,08/26-08/31；周一至周日；13:00-21:00开园,https://qimgs.qunarzz.com/piao_qsight_provider_piao_qsight_web/0105j12000apil3skBA3B_C_900_504.jpg_710x360_c18068a6.jpg〇https://qimgs.qunarzz.com/piao_qsight_provider_piao_qsight_web/0104b12000apilbeg5DEA_C_900_504_Q90_Mtg_7.jpg_710x360_48936b09.jpg〇https://qimgs.qunarzz.com/piao_qsight_provider_piao_qsight_web/0101n12000apil8k38594_C_900_504_Q90_Mtg_7.jpg_710x360_deb0f37b.jpg〇https://qimgs.qunarzz.com/piao_qsight_provider_piao_qsight_web/0103812000apilap149DD_C_900_504_Q90_Mtg_7.jpg_710x360_3eb86b20.jpg〇https://qimgs.qunarzz.com/piao_qsight_provider_piao_qsight_web/0100812000apil8bt19C9_C_900_504_Q90_Mtg_7.jpg_710x360_1e246b47.jpg〇https://qimgs.qunarzz.com/piao_qsight_provider_piao_qsight_web/0105h12000apil2s96998_C_900_504_Q90_Mtg_7.jpg_710x360_84e360c0.jpg〇https://qimgs.qunarzz.com/piao_qsight_provider_piao_qsight_web/0105012000apilb1b1F31_C_900_504_Q90_Mtg_7.jpg_710x360_639d580e.jpg〇https://qimgs.qunarzz.com/piao_qsight_provider_piao_qsight_web/0102u12000apil0ok856B_C_900_504_Q90_Mtg_7.jpg_710x360_fb4cc4d6.jpg〇https://qimgs.qunarzz.com/piao_qsight_provider_piao_qsight_web/0103412000apikwgfEEA5_C_900_504_Q90_Mtg_7.jpg_710x360_617f2d43.jpg〇https://qimgs.qunarzz.com/piao_qsight_provider_piao_qsight_web/0105h12000apil0of368D_C_900_504_Q90_Mtg_7.jpg_710x360_7d28bc67.jpg〇https://qimgs.qunarzz.com/piao_qsight_provider_piao_qsight_web/0105j12000apil3skBA3B_C_900_504_Q90_Mtg_7.jpg_710x360_2d7fcf48.jpg〇https://imgs.qunarzz.com/sight/p0/2302/5e/5e267000db15d568a3.img.jpg_710x360_5fde2e51.jpg〇https://imgs.qunarzz.com/sight/p0/2302/78/78f1cade801806b3a3.img.jpg_710x360_c0d6f1f0.jpg〇https://imgs.qunarzz.com/sight/p0/2302/71/71b568042c6b14e2a3.img.jpg_710x360_ee28235b.jpg〇https://imgs.qunarzz.com/sight/p0/2302/2a/2a49e06d0eb92bb0a3.img.jpg_710x360_ecb1736f.jpg〇https://imgs.qunarzz.com/sight/p0/2302/6f/6fcfe504a61a350ca3.img.jpg_710x360_f7702219.jpg〇https://imgs.qunarzz.com/sight/p0/2302/62/621d3e54293f2066a3.img.jpg_710x360_95879031.jpg〇https://imgs.qunarzz.com/sight/p0/2302/2a/2a49e06d0eb92bb0a3.img.jpg_710x360_ecb1736f.jpg,"{""ret"": true, ""data"": {""tagList"": [{""tagType"": 0, ""tagScore"": 5, ""tagNum"": 0, ""tagName"": ""\u5168\u90e8""}], ""score"": 0.0, ""commentCount"": 0}, ""statusCode"": 200}"
京明温泉度假村动物观赏园,https://qimgs.qunarzz.com/piao_qsight_provider_piao_qsight_web/0106y12000ax90cugC76C_C_900_504.jpg_280x200_8eb557e0.jpg,揭阳市,揭西县,广东省揭阳市揭西县京明温泉度假村内,2,4.0,让人捧腹大笑的动物表演,https://piao.qunar.com/ticket/detail_3402395053.html?st=a3clM0QlRTYlOEYlQUQlRTglQTUlQkYlRTUlOEUlQkYlMjZpZCUzRDE5OTY1MiUyNnR5cGUlM0QwJTI2aWR4JTNENyUyNnF0JTNEJTI2YXBrJTNEMiUyNnNjJTNEV1dXJTI2dXIlM0QlRTQlQjglQUQlRTUlQjElQjElMjZsciUzRCVFNCVCOCVBRCVFNSVCMSVCMSUyNmZ0JTNEJTdCJTdE#from=mpl_search_suggest,36.8,N/A,京明温泉度假村动物观赏园内有一个动物表演场。京明动物表演团每天演出四场。这个动物表演团，不是外请的专业团体。训练表演动物的是动物园员工。参加表演的动物，本身就是就是动物园自己的动物。这些表演有：老虎骑马、猴子骑山羊等很多表演让您捧腹大笑！,1/1-12/31；周一至周日；09:00-17:00开园,https://qimgs.qunarzz.com/piao_qsight_provider_piao_qsight_web/0106y12000ax90cugC76C_C_900_504.jpg_710x360_4e8e988a.jpg〇https://qimgs.qunarzz.com/piao_qsight_provider_piao_qsight_web/0105f12000b07r679ADD0_C_900_504_Q90_Mtg_7.jpg_710x360_0ba3a7d2.jpg〇https://qimgs.qunarzz.com/piao_qsight_provider_piao_qsight_web/0106y12000ax90cugC76C_C_900_504_Q90_Mtg_7.jpg_710x360_2bc78503.jpg〇https://imgs.qunarzz.com/sight/p0/1611/de/dee8200e10c40a48a3.water.jpg_710x360_3fde05c8.jpg〇https://imgs.qunarzz.com/sight/p0/1611/4d/4db3acfdf3b997efa3.water.jpg_710x360_85068c2e.jpg〇https://imgs.qunarzz.com/sight/p0/1611/24/24cdd0af09389e91a3.water.jpg_710x360_e691c595.jpg〇https://imgs.qunarzz.com/sight/p0/1611/7f/7fdff23b85e9ce2ea3.water.jpg_710x360_df88b97d.jpg〇https://qimgs.qunarzz.com/piao_qsight_provider_piao_qsight_web/aa81682ed4100cc25287e44dd8ee0094.jpg_710x360_85ab2a7f.jpg〇https://qimgs.qunarzz.com/piao_qsight_provider_piao_qsight_web/676fe142f57bc1f7.jpg_710x360_01983845.jpg,"{""ret"": true, ""data"": {""tagList"": [{""tagType"": 2, ""tagScore"": 5, ""tagNum"": 1, ""tagName"": ""\u4e2d\u8bc4""}, {""tagType"": 1, ""tagScore"": 5, ""tagNum"": 1, ""tagName"": ""\u597d\u8bc4""}, {""tagType"": 0, ""tagScore"": 5, ""tagNum"": 2, ""tagName"": ""\u5168\u90e8""}], ""commentList"": [{""author"": ""r*5"", ""content"": ""\u4e0d\u9519\uff0c\u73a9\u5f97\u5f88\u5f00\u5fc3\uff0c\u91cc\u9762\u73af\u5883\u90fd\u5f88\u597d\uff0c\u7a7a\u6c14\u4e5f\u5f88\u6e05\u65b0\uff0c\u5f88\u9002\u5408\u5e26\u670b\u53cb\u4eb2\u4eba\u4e00\u8d77\u53bb\uff0c\u53ef\u4ee5\u4e00\u8d77\u62cd\u76f8\u4e00\u8d77\u8ba8\u8bba\uff0c\u91cc\u9762\u7684\u52a8\u7269\u90fd\u7279\u522b\u53ef\u7231\uff0c\u8fd8\u4f1a\u8868\u6f14\uff0c\u8868\u6f14\u7684\u7279\u522b\u597d\uff0c\u8ddf\u9a6c\u620f\u56e2\u7684\u4e00\u6837\uff0c\u8fd8\u542c\u5f97\u61c2\u4eba\u8bdd\uff0c\u53eb\u5b83\u4eec\u5e72\u561b\u90fd\u542c\u5f97\u61c2\uff0c\u771f\u7684\u5f88\u597d\u73a9\uff0c\u6709\u673a\u4f1a\u4e00\u5b9a\u518d\u5e26\u670b\u53cb\u5bb6\u4eba\u4e00\u8d77\u53bb\u3002"", ""date"": ""2016-02-04"", ""score"": 5, ""commentId"": ""104477589"", ""imgs"": [{""small"": ""https://imgs.qunarzz.com/piao/fusion/1602/ec/3ac8d283ab98e4f7.jpg_120x120_f6c7757d.jpg"", ""title"": """", ""big"": ""https://imgs.qunarzz.com/piao/fusion/1602/ec/3ac8d283ab98e4f7.jpg""}], ""userNickName"": ""r*5"", ""replyCityName"": """", ""cityName"": """"}, {""author"": ""\u5415*\u6d32"", ""content"": ""\u4e0d\u7528\u95e8\u7968\u7684\u52a8\u7269\u56ed\u53bb\u54ea\u627e\uff1f"", ""date"": ""2015-06-10"", ""score"": 3, ""commentId"": ""53503623"", ""imgs"": [], ""userNickName"": ""\u5415*\u6d32"", ""replyCityName"": """", ""cityName"": """"}], ""score"": 4.0, ""commentCount"": 2}, ""statusCode"": 200}"
樱山花谷,https://qimgs.qunarzz.com/piao_qsight_provider_piao_qsight_web/0103x12000av6fh0u26B9_C_900_504.jpg_280x200_ac0c0953.jpg,揭阳市,揭西县,广东省揭阳市揭西县京溪园镇曾大寮村委湳池村,18,5.0,揭西樱山花谷景区位于揭西县京溪园镇，是粤东第一个以樱花为主题的特色乡村休闲旅游项目。景区基地园区规划面积300亩，计划投,https://piao.qunar.com/ticket/detail_1793196063.html?st=a3clM0QlRTYlOEYlQUQlRTglQTUlQkYlRTUlOEUlQkYlMjZpZCUzRDUxMDYyNSUyNnR5cGUlM0QwJTI2aWR4JTNENiUyNnF0JTNEJTI2YXBrJTNEMiUyNnNjJTNEV1dXJTI2dXIlM0QlRTQlQjglQUQlRTUlQjElQjElMjZsciUzRCVFNCVCOCVBRCVFNSVCMSVCMSUyNmZ0JTNEJTdCJTdE#from=mpl_search_suggest,178.0,N/A,揭西樱山花谷景区位于揭西县京溪园镇，是粤东第一个以樱花为主题的特色乡村休闲旅游项目。景区基地园区规划面积300亩，计划投资2000万元；目前种植面积120亩，共种植了中国红、富贵樱和小乔等多个品种樱花共1200余株，以及100余种受国家保护的珍稀木兰，20余种月季、玫瑰等花卉，并配套乡愁体验、儿童乐园、休闲垂钓等*能区，目前已初具规模。,1/1-12/31；周一至周日；08:00-17:00开园；（17:00停止入园）,https://qimgs.qunarzz.com/piao_qsight_provider_piao_qsight_web/0103x12000av6fh0u26B9_C_900_504.jpg_710x360_98220ead.jpg〇https://qimgs.qunarzz.com/piao_qsight_provider_piao_qsight_web/0103712000av6fjlg47CB_C_900_504_Q90_Mtg_7.jpg_710x360_3b3a4d4d.jpg〇https://qimgs.qunarzz.com/piao_qsight_provider_piao_qsight_web/0104c12000av6f6x5D06C_C_900_504_Q90_Mtg_7.jpg_710x360_f29cc6fb.jpg〇https://qimgs.qunarzz.com/piao_qsight_provider_piao_qsight_web/0104z12000av6fjli0623_C_900_504_Q90_Mtg_7.jpg_710x360_5b24155e.jpg〇https://qimgs.qunarzz.com/piao_qsight_provider_piao_qsight_web/0106l12000av6fdm017FC_C_900_504_Q90_Mtg_7.jpg_710x360_25d13fae.jpg〇https://qimgs.qunarzz.com/piao_qsight_provider_piao_qsight_web/0103x12000av6fh0u26B9_C_900_504_Q90_Mtg_7.jpg_710x360_5d0faca2.jpg〇https://qimgs.qunarzz.com/piao_qsight_provider_piao_qsight_web/0357350376ec9818073fe646a5547197.jpg_710x360_42024b58.jpg,"{""ret"": true, ""data"": {""tagList"": [{""tagType"": 1, ""tagScore"": 5, ""tagNum"": 18, ""tagName"": ""\u597d\u8bc4""}, {""tagType"": 0, ""tagScore"": 5, ""tagNum"": 18, ""tagName"": ""\u5168\u90e8""}], ""commentList"": [{""author"": ""r*8"", ""content"": ""\u7528\u6237\u672a\u70b9\u8bc4\uff0c\u7cfb\u7edf\u9ed8\u8ba4\u597d\u8bc4\u3002"", ""date"": ""2024-06-14"", ""score"": 5, ""commentId"": ""234327637"", ""imgs"": [], ""userNickName"": ""r*8"", ""replyCityName"": """", ""cityName"": """"}, {""author"": ""p*3"", ""content"": ""\u7528\u6237\u672a\u70b9\u8bc4\uff0c\u7cfb\u7edf\u9ed8\u8ba4\u597d\u8bc4\u3002"", ""date"": ""2023-04-19"", ""score"": 5, ""commentId"": ""225164158"", ""imgs"": [], ""userNickName"": ""p*3"", ""replyCityName"": """", ""cityName"": """"}, {""author"": ""p*3"", ""content"": ""\u7528\u6237\u672a\u70b9\u8bc4\uff0c\u7cfb\u7edf\u9ed8\u8ba4\u597d\u8bc4\u3002"", ""date"": ""2023-04-19"", ""score"": 5, ""commentId"": ""225163482"", ""imgs"": [], ""userNickName"": ""p*3"", ""replyCityName"": """", ""cityName"": """"}, {""author"": ""w*2"", ""content"": ""\u7528\u6237\u672a\u70b9\u8bc4\uff0c\u7cfb\u7edf\u9ed8\u8ba4\u597d\u8bc4\u3002"", ""date"": ""2023-04-19"", ""score"": 5, ""commentId"": ""225155454"", ""imgs"": [], ""userNickName"": ""w*2"", ""replyCityName"": """", ""cityName"": """"}, {""author"": ""w*2"", ""content"": ""\u7528\u6237\u672a\u70b9\u8bc4\uff0c\u7cfb\u7edf\u9ed8\u8ba4\u597d\u8bc4\u3002"", ""date"": ""2023-04-19"", ""score"": 5, ""commentId"": ""225155267"", ""imgs"": [], ""userNickName"": ""w*2"", ""replyCityName"": """", ""cityName"": """"}, {""author"": ""s*2"", ""content"": ""\u7528\u6237\u672a\u70b9\u8bc4\uff0c\u7cfb\u7edf\u9ed8\u8ba4\u597d\u8bc4\u3002"", ""date"": ""2023-04-09"", ""score"": 5, ""commentId"": ""225039346"", ""imgs"": [], ""userNickName"": ""s*2"", ""replyCityName"": """", ""cityName"": """"}, {""author"": ""h*6"", ""content"": ""\u7528\u6237\u672a\u70b9\u8bc4\uff0c\u7cfb\u7edf\u9ed8\u8ba4\u597d\u8bc4\u3002"", ""date"": ""2023-04-05"", ""score"": 5, ""commentId"": ""225013832"", ""imgs"": [], ""userNickName"": ""h*6"", ""replyCityName"": """", ""cityName"": """"}, {""author"": ""n*2"", ""content"": ""\u7528\u6237\u672a\u70b9\u8bc4\uff0c\u7cfb\u7edf\u9ed8\u8ba4\u597d\u8bc4\u3002"", ""date"": ""2023-04-04"", ""score"": 5, ""commentId"": ""224997385"", ""imgs"": [], ""userNickName"": ""n*2"", ""replyCityName"": """", ""cityName"": """"}, {""author"": ""\u53bb*\u6237"", ""content"": ""\u7528\u6237\u672a\u70b9\u8bc4\uff0c\u7cfb\u7edf\u9ed8\u8ba4\u597d\u8bc4\u3002"", ""date"": ""2023-04-02"", ""score"": 5, ""commentId"": ""224964520"", ""imgs"": [], ""userNickName"": ""\u53bb*\u6237"", ""replyCityName"": """", ""cityName"": """"}, {""author"": ""\u53bb*\u6237"", ""content"": ""\u7528\u6237\u672a\u70b9\u8bc4\uff0c\u7cfb\u7edf\u9ed8\u8ba4\u597d\u8bc4\u3002"", ""date"": ""2022-11-04"", ""score"": 5, ""commentId"": ""223725256"", ""imgs"": [], ""userNickName"": ""\u53bb*\u6237"", ""replyCityName"": """", ""cityName"": """"}], ""score"": 5.0, ""commentCount"": 18}, ""statusCode"": 200}"
龙山温泉度假村,https://imgs.qunarzz.com/sight/p0/1506/46/467345d23e64fef2.water.jpg_280x200_b765a69b.jpg,揭阳市,揭西县,揭阳市揭西县龙湖村517乡道和602乡道交界处,4,5.0,纯天然硫磺温泉水,https://piao.qunar.com/ticket/detail_3970256812.html?st=a3clM0QlRTYlOEYlQUQlRTglQTUlQkYlRTUlOEUlQkYlMjZpZCUzRDQ1MDg1OSUyNnR5cGUlM0QwJTI2aWR4JTNENSUyNnF0JTNEJTI2YXBrJTNEMiUyNnNjJTNEV1dXJTI2dXIlM0QlRTQlQjglQUQlRTUlQjElQjElMjZsciUzRCVFNCVCOCVBRCVFNSVCMSVCMSUyNmZ0JTNEJTdCJTdE#from=mpl_search_suggest,168.0,N/A,富含丰富矿物质的纯天然硫磺温泉水，保证水流不循环，安全卫生。93年开业至今已有22年历史，备受揭阳市内外游客的好评。2014年，龙山温泉分三期全新改造升级，现已开张试业。温泉项目内含露天温泉池和温泉酒店套房。露天温泉池包括药浴池、小鱼池、红酒池、冰池、按摩池、石板温泉、温泉游泳池等丰富多样的露天温泉池；温泉酒店套房包括情侣套房、家庭套房、日式庭院套房等多种多样的套房。这里环境清幽，温泉项目多样，适合亲子，家庭出游，在闲暇的时光，跟家人一起感受大自然的美好，一起放松身心，陶冶情操。未来，我们还将配套KTV，潮汕客家特色餐厅等各种各样的特色配套服务，欢迎各位游客前来游玩。,具体开放时间以现场公示为准,https://imgs.qunarzz.com/sight/p0/1506/46/467345d23e64fef2.water.jpg_710x360_902cf1bd.jpg〇https://imgs.qunarzz.com/sight/p0/1506/68/683fe027728f8340.water.jpg_710x360_fa35db0e.jpg〇https://imgs.qunarzz.com/sight/p0/1506/8a/8a6e66ab4dacf671.water.jpg_710x360_a7a79b06.jpg〇https://imgs.qunarzz.com/sight/p0/1506/fb/fb0e2d2e199d4bbf.water.jpg_710x360_97195a72.jpg〇https://imgs.qunarzz.com/sight/p0/1506/b0/b05c1c2f089178e3.water.jpg_710x360_8d3a301f.jpg,"{""ret"": true, ""data"": {""tagList"": [{""tagType"": 1, ""tagScore"": 5, ""tagNum"": 4, ""tagName"": ""\u597d\u8bc4""}, {""tagType"": 0, ""tagScore"": 5, ""tagNum"": 4, ""tagName"": ""\u5168\u90e8""}], ""commentList"": [{""author"": ""\u6bd4*\u6bd4"", ""content"": ""\u7528\u6237\u672a\u70b9\u8bc4\uff0c\u7cfb\u7edf\u9ed8\u8ba4\u597d\u8bc4\u3002"", ""date"": ""2022-11-22"", ""score"": 5, ""commentId"": ""223814424"", ""imgs"": [], ""userNickName"": ""\u6bd4*\u6bd4"", ""replyCityName"": """", ""cityName"": """"}, {""author"": ""d*4"", ""content"": ""\u73af\u5883\u4e0d\u9519\uff0c\u5173\u952e\u662f\u4ef7\u683c\u624d25\u5706\u3002"", ""date"": ""2018-02-23"", ""score"": 5, ""commentId"": ""205373787"", ""imgs"": [], ""userNickName"": ""d*4"", ""replyCityName"": """", ""cityName"": """"}, {""author"": ""r*5"", ""content"": ""\u4e0d\u9519\uff0c\u6ce1\u6e29\u6cc9\u597d\u8212\u670d\uff0c\u5bf9\u8eab\u4f53\u5f88\u597d"", ""date"": ""2016-02-04"", ""score"": 5, ""commentId"": ""104476827"", ""imgs"": [], ""userNickName"": ""r*5"", ""replyCityName"": """", ""cityName"": """"}, {""author"": ""l*4"", ""content"": ""\u54c7\uff0c\u6ce1\u6e29\u6cc9\uff0c\u6691\u5047\u8d70\u8d77\uff0c\u68d2\u68d2\u55d2"", ""date"": ""2015-10-20"", ""score"": 5, ""commentId"": ""86399935"", ""imgs"": [], ""userNickName"": ""l*4"", ""replyCityName"": """", ""cityName"": """"}], ""score"": 5.0, ""commentCount"": 4}, ""statusCode"": 200}"
胜龙汇度假温泉游泳中心,https://mp-piao-admincp.qunarzz.com/mp_piao_admin_mp_piao_admin/admin/20217/30d54820c6727b9958d585769ab3c5c2.png_280x200_7ef61cce.png,揭阳市,揭西县, 五经富镇汤边崇德路168号 ,-1,-1.0,N/A,https://piao.qunar.com/ticket/detail_3279926414.html?st=a3clM0QlRTYlOEYlQUQlRTglQTUlQkYlRTUlOEUlQkYlMjZpZCUzRDUxMDY1MSUyNnR5cGUlM0QwJTI2aWR4JTNEMTUlMjZxdCUzRCUyNmFwayUzRDIlMjZzYyUzRFdXVyUyNnVyJTNEJUU0JUI4JUFEJUU1JUIxJUIxJTI2bHIlM0QlRTQlQjglQUQlRTUlQjElQjElMjZmdCUzRCU3QiU3RA%3D%3D#from=mpl_search_suggest,-1.0,N/A,N/A,1/1-12/31；周一；12:00-2:00开园,https://mp-piao-admincp.qunarzz.com/mp_piao_admin_mp_piao_admin/admin/20217/30d54820c6727b9958d585769ab3c5c2.png_710x360_c2302e12.png,"{""ret"": true, ""data"": {""tagList"": [{""tagType"": 0, ""tagScore"": 5, ""tagNum"": 0, ""tagName"": ""\u5168\u90e8""}], ""score"": 0.0, ""commentCount"": 0}, ""statusCode"": 200}"
揭西希桥酒店,https://imgs.qunarzz.com/sight/p0/1411/51/95fa1bb4d2961c637b25e75289b73e41.water.jpg_280x200_7f078943.jpg,揭阳市,揭西县,广东省揭阳市揭西县河婆镇河婆街道（揭西一中对面）,1,3.0,丰富的娱乐休闲设施，动静咸宜,https://piao.qunar.com/ticket/detail_4004937724.html?st=a3clM0QlRTYlOEYlQUQlRTglQTUlQkYlRTUlOEUlQkYlMjZpZCUzRDE5OTYxMSUyNnR5cGUlM0QwJTI2aWR4JTNEMTMlMjZxdCUzRCUyNmFwayUzRDIlMjZzYyUzRFdXVyUyNnVyJTNEJUU0JUI4JUFEJUU1JUIxJUIxJTI2bHIlM0QlRTQlQjglQUQlRTUlQjElQjElMjZmdCUzRCU3QiU3RA%3D%3D#from=mpl_search_suggest,-1.0,N/A,揭西希桥酒店隶属于深圳京明洋旅游投资集团，是按照五星级酒店标准打造的商务型酒店，坐落在绿色盎然、风景秀丽、客里潮乡美丽的揭西县城河婆。揭西希桥酒店开业于2012年初，是一座*能齐全、设备完善、品位高尚、集团连锁的品牌酒店，占地面积200多亩，总建筑面积7万平方米，有各类客房350间，设有中西餐厅、健身娱乐中心、会议中心、商务中心和茶艺休闲中心。酒店有深圳酒楼和康桥西餐厅两个餐厅，位于副楼一楼的中餐厅装修风格高贵典雅极具文化品位。中餐厅以经营粤菜为主，菜式是综合当地的特色，融汇出来的符合中国人口味与特色的客家菜，由专门从香港聘请来的名厨主理，从食材选用，到各种烹饪加工工序，菜肴出品、严格的控制中进行。酒楼餐饮的菜式注重饮食营养与科学结合。烹饪师潜心研制，积极创新款新品，推动了新派美食的发展。在餐饮行业中率先提出绿色环保概念，并推崇无添加剂、无色素、无味精等健康养生饮食理念，凭借食材用料的精选，养生疗效的搭配，出品的精致考究、一流的服务和严谨的经营规范，在粤东餐饮行业中独树一帜。,暂无,https://imgs.qunarzz.com/sight/p0/1411/51/95fa1bb4d2961c637b25e75289b73e41.water.jpg_710x360_3e16a523.jpg〇https://imgs.qunarzz.com/sight/p0/1411/bf/85f9e210a4da796d3820bdbae643a3e1.water.jpg_710x360_363014d2.jpg〇https://imgs.qunarzz.com/sight/p0/1411/80/1e2a122e09d658b0653b6b80c57849c6.water.jpg_710x360_ff811359.jpg〇https://imgs.qunarzz.com/sight/p0/1411/59/58f573d013b63ba018ea4454ea817b17.water.jpg_710x360_2d1de5f5.jpg〇https://imgs.qunarzz.com/sight/p0/1411/ae/f87be9e74af9f71ebdf9b9ef8388fb1a.water.jpg_710x360_d33b4743.jpg〇https://imgs.qunarzz.com/sight/p0/1411/8d/805b51f396f3f3b0671463b70c4a35eb.water.jpg_710x360_df3fb28c.jpg〇https://imgs.qunarzz.com/sight/p0/1411/42/dca209c94d44542f9b83d6d4f64dcf7c.water.jpg_710x360_e9f9d14b.jpg〇https://imgs.qunarzz.com/sight/p0/1411/a8/59d8855d109240720d94ba45a4733da2.water.jpg_710x360_90aceb6f.jpg,"{""ret"": true, ""data"": {""tagList"": [{""tagType"": 2, ""tagScore"": 5, ""tagNum"": 1, ""tagName"": ""\u4e2d\u8bc4""}, {""tagType"": 0, ""tagScore"": 5, ""tagNum"": 1, ""tagName"": ""\u5168\u90e8""}], ""commentList"": [{""author"": ""\u5415*\u6d32"", ""content"": ""\u770b\u8d77\u6765\u9ad8\u6863\uff01\uff01\uff01\uff01\uff01\uff01\uff01"", ""date"": ""2015-06-10"", ""score"": 3, ""commentId"": ""53503815"", ""imgs"": [], ""userNickName"": ""\u5415*\u6d32"", ""replyCityName"": """", ""cityName"": """"}], ""score"": 3.0, ""commentCount"": 1}, ""statusCode"": 200}"
智力坊欢乐谷,https://mp-piao-admincp.qunarzz.com/mp_piao_admin_mp_piao_admin/admin/20217/30d54820c6727b9958d585769ab3c5c2.png_280x200_7ef61cce.png,揭阳市,榕城区,揭阳市榕城区风景花园南侧约180米,-1,-1.0,N/A,https://piao.qunar.com/ticket/detail_763681040.html?st=a3clM0QlRTYlQTYlOTUlRTUlOUYlOEUlRTUlOEMlQkElMjZpZCUzRDUzODU1OSUyNnR5cGUlM0QwJTI2aWR4JTNEMTQlMjZxdCUzRCUyNmFwayUzRDIlMjZzYyUzRFdXVyUyNnVyJTNEJUU0JUI4JUFEJUU1JUIxJUIxJTI2bHIlM0QlRTQlQjglQUQlRTUlQjElQjElMjZmdCUzRCU3QiU3RA%3D%3D#from=mpl_search_suggest,-1.0,N/A,N/A,1/1-12/31；周一至周日；09:00-21:00开园,https://mp-piao-admincp.qunarzz.com/mp_piao_admin_mp_piao_admin/admin/20217/30d54820c6727b9958d585769ab3c5c2.png_710x360_c2302e12.png,"{""ret"": true, ""data"": {""tagList"": [{""tagType"": 0, ""tagScore"": 5, ""tagNum"": 0, ""tagName"": ""\u5168\u90e8""}], ""score"": 0.0, ""commentCount"": 0}, ""statusCode"": 200}"
盛香,https://qimgs.qunarzz.com/piao_qsight_provider_piao_qsight_web/temp165921668970485582030ww4d120008yi0fx01643_wmr.jpg_280x200_4c66b7ea.jpg,揭阳市,榕城区,广州省揭阳市榕城区梅云神港公园工业区,-1,-1.0,揭阳市榕城区林长兴食品厂座落在终年清澈恬静，拥有园林式现代化工业厂房四千平方米，配备多套进口全自动生产设备及现代化检验设,https://piao.qunar.com/ticket/detail_4249777148.html?st=a3clM0QlRTYlQTYlOTUlRTUlOUYlOEUlRTUlOEMlQkElMjZpZCUzRDQ1NzgwOCUyNnR5cGUlM0QwJTI2aWR4JTNEMTMlMjZxdCUzRCUyNmFwayUzRDIlMjZzYyUzRFdXVyUyNnVyJTNEJUU0JUI4JUFEJUU1JUIxJUIxJTI2bHIlM0QlRTQlQjglQUQlRTUlQjElQjElMjZmdCUzRCU3QiU3RA%3D%3D#from=mpl_search_suggest,-1.0,N/A,揭阳市榕城区林长兴食品厂座落在终年清澈恬静，拥有园林式现代化工业厂房四千平方米，配备多套进口全自动生产设备及现代化检验设备，主要生产泰式酥肉松、海苔酥肉松、猪肉干、手撕肉条、肉脯等肉制品。由国内资深技师指导，选料考究，工艺独特，严格按照食品安全管理体系要求全面实行过程监控，产品营养丰富、香酥甜美、别具风味。,暂无,https://qimgs.qunarzz.com/piao_qsight_provider_piao_qsight_web/temp165921668970485582030ww4d120008yi0fx01643_wmr.jpg_710x360_d1e27a3a.jpg,"{""ret"": true, ""data"": {""tagList"": [{""tagType"": 0, ""tagScore"": 5, ""tagNum"": 0, ""tagName"": ""\u5168\u90e8""}], ""score"": 0.0, ""commentCount"": 0}, ""statusCode"": 200}"
天竺岩寺,https://imgs.qunarzz.com/sight/p0/201301/18/a53b8572e18d3f5f93835fbb.jpg_280x200_19ec0de8.jpg,揭阳市,揭西县,广东省揭阳市揭西县,-1,-1.0,天竺岩寺位于广东省揭阳市揭西县。,https://piao.qunar.com/ticket/detail_3277349818.html?st=a3clM0QlRTYlOEYlQUQlRTglQTUlQkYlRTUlOEUlQkYlMjZpZCUzRDE4NjQ4MiUyNnR5cGUlM0QwJTI2aWR4JTNEMTclMjZxdCUzRCUyNmFwayUzRDIlMjZzYyUzRFdXVyUyNnVyJTNEJUU0JUI4JUFEJUU1JUIxJUIxJTI2bHIlM0QlRTQlQjglQUQlRTUlQjElQjElMjZmdCUzRCU3QiU3RA%3D%3D#from=mpl_search_suggest,-1.0,N/A,天竺岩寺位于广东省揭阳市揭西县。,暂无,https://imgs.qunarzz.com/sight/p0/201301/18/a53b8572e18d3f5f93835fbb.jpg_710x360_e1d434f1.jpg〇https://qimgs.qunarzz.com/piao_qsight_provider_piao_qsight_web/33a7ad3b3a59a237.jpg_710x360_0ffe6073.jpg,"{""ret"": true, ""data"": {""tagList"": [{""tagType"": 0, ""tagScore"": 5, ""tagNum"": 0, ""tagName"": ""\u5168\u90e8""}], ""score"": 0.0, ""commentCount"": 0}, ""statusCode"": 200}"
广东大洋高尔夫俱乐部,https://qimgs.qunarzz.com/piao_qsight_provider_piao_qsight_web/100e0p000000fpzeo7A31_C_900_504.jpg_280x200_85a5c58d.jpg,揭阳市,揭西县,广东省揭阳市揭西县五经富镇,-1,-1.0,广东大洋高尔夫俱乐部位于中国广东省揭西县大洋乡，座落于海拔800-1000米的高山，占地2500亩，全长6741码，为国,https://piao.qunar.com/ticket/detail_2274104242.html?st=a3clM0QlRTYlOEYlQUQlRTglQTUlQkYlRTUlOEUlQkYlMjZpZCUzRDM0OTclMjZ0eXBlJTNEMCUyNmlkeCUzRDE2JTI2cXQlM0QlMjZhcGslM0QyJTI2c2MlM0RXV1clMjZ1ciUzRCVFNCVCOCVBRCVFNSVCMSVCMSUyNmxyJTNEJUU0JUI4JUFEJUU1JUIxJUIxJTI2ZnQlM0QlN0IlN0Q%3D#from=mpl_search_suggest,-1.0,N/A,广东大洋高尔夫俱乐部位于中国广东省揭西县大洋乡，座落于海拔800-1000米的高山，占地2500亩，全长6741码，为国际标准18洞，72杆高尔夫球场。大洋高尔夫俱乐部由澳洲著名设计师罗杰大卫先生设计。球会有广东省惟一的高山球场，海拔800米以上。球会设施：高尔夫球场、高尔夫练习场、度假村、卡丁车场、火焰山、万寿山等。,1/1-12/31；周一至周日；09:00-22:00开园,https://qimgs.qunarzz.com/piao_qsight_provider_piao_qsight_web/100e0p000000fpzeo7A31_C_900_504.jpg_710x360_1072f60a.jpg〇https://imgs.qunarzz.com/sight/p0/1504/8c/8cb912651156c034.water.jpg_710x360_5f31f40c.jpg〇https://imgs.qunarzz.com/sight/p0/1504/40/401a39adbeef80c7.water.jpg_710x360_be1b0e7a.jpg〇https://imgs.qunarzz.com/sight/p0/1504/d8/d83fc412158b7ff0.water.jpg_710x360_774b4131.jpg〇https://imgs.qunarzz.com/sight/p0/1504/a5/a5e4ef54346e6e2d.water.jpg_710x360_e2c83486.jpg〇https://qimgs.qunarzz.com/piao_qsight_provider_piao_qsight_web/24b5023192de0237.jpg_710x360_2fbd932b.jpg〇https://qimgs.qunarzz.com/piao_qsight_provider_piao_qsight_web/55789ae14ab6a537.jpg_710x360_f3aa30e9.jpg〇https://qimgs.qunarzz.com/piao_qsight_provider_piao_qsight_web/35063042b4f71437.jpg_710x360_140d879e.jpg〇https://qimgs.qunarzz.com/piao_qsight_provider_piao_qsight_web/61d728c90cae1537.jpg_710x360_633cf8da.jpg〇https://qimgs.qunarzz.com/piao_qsight_provider_piao_qsight_web/fb35813a1b970237.jpg_710x360_876cb149.jpg,"{""ret"": true, ""data"": {""tagList"": [{""tagType"": 0, ""tagScore"": 5, ""tagNum"": 0, ""tagName"": ""\u5168\u90e8""}], ""score"": 0.0, ""commentCount"": 0}, ""statusCode"": 200}"
清港湾水上乐园,https://qimgs.qunarzz.com/piao_qsight_provider_piao_qsight_web/0100712000f3ftkvt129B_C_900_504.jpg_280x200_a46a9a34.jpg,揭阳市,榕城区,广东省揭阳市榕城区榕东路(东方首府东侧),-1,-1.0,N/A,https://piao.qunar.com/ticket/detail_850049259.html?st=a3clM0QlRTYlQTYlOTUlRTUlOUYlOEUlRTUlOEMlQkElMjZpZCUzRDUzMDgxNSUyNnR5cGUlM0QwJTI2aWR4JTNEMTIlMjZxdCUzRCUyNmFwayUzRDIlMjZzYyUzRFdXVyUyNnVyJTNEJUU0JUI4JUFEJUU1JUIxJUIxJTI2bHIlM0QlRTQlQjglQUQlRTUlQjElQjElMjZmdCUzRCU3QiU3RA%3D%3D#from=mpl_search_suggest,-1.0,N/A,N/A,1/1-12/31；周一至周日；12:00-18:00开园,https://qimgs.qunarzz.com/piao_qsight_provider_piao_qsight_web/0100712000f3ftkvt129B_C_900_504.jpg_710x360_3972c1da.jpg〇https://qimgs.qunarzz.com/piao_qsight_provider_piao_qsight_web/0102i12000f3fsyj97056_C_900_504_Q90_Mtg_7.jpg_710x360_e3396ae5.jpg〇https://qimgs.qunarzz.com/piao_qsight_provider_piao_qsight_web/0100612000f3ftkvoB0F1_C_900_504_Q90_Mtg_7.jpg_710x360_b43266a2.jpg〇https://qimgs.qunarzz.com/piao_qsight_provider_piao_qsight_web/0106q12000f3fuigx57A6_C_900_504_Q90_Mtg_7.png_710x360_0a81793f.png〇https://qimgs.qunarzz.com/piao_qsight_provider_piao_qsight_web/0101u12000f3ftlv34B6C_C_900_504_Q90_Mtg_7.jpg_710x360_6dcc7216.jpg〇https://qimgs.qunarzz.com/piao_qsight_provider_piao_qsight_web/0107412000f3fsquyDC8A_C_900_504_Q90_Mtg_7.jpg_710x360_c338820b.jpg〇https://qimgs.qunarzz.com/piao_qsight_provider_piao_qsight_web/0101t12000f3ft75rC7D0_C_900_504_Q90_Mtg_7.jpg_710x360_2de5e09b.jpg〇https://qimgs.qunarzz.com/piao_qsight_provider_piao_qsight_web/0102l12000f3fsq1w87FF_C_900_504_Q90_Mtg_7.jpg_710x360_baf75df1.jpg〇https://qimgs.qunarzz.com/piao_qsight_provider_piao_qsight_web/0104412000f3ftgitE7DF_C_900_504_Q90_Mtg_7.jpg_710x360_5517651e.jpg〇https://qimgs.qunarzz.com/piao_qsight_provider_piao_qsight_web/0100712000f3ftkvt129B_C_900_504_Q90_Mtg_7.jpg_710x360_57def8a7.jpg,"{""ret"": true, ""data"": {""tagList"": [{""tagType"": 0, ""tagScore"": 5, ""tagNum"": 0, ""tagName"": ""\u5168\u90e8""}], ""score"": 0.0, ""commentCount"": 0}, ""statusCode"": 200}"
桂竹园,https://imgs.qunarzz.com/sight/p0/201403/11/473b861e1dc643fcfd6c974ce057403a.jpg_280x200_4698c87e.jpg,揭阳市,榕城区,广东省揭阳市榕城区仙桥镇紫峰山南,2,2.0,紫峰苍郁、绿荫掩映，清幽别致,https://piao.qunar.com/ticket/detail_1742612964.html?st=a3clM0QlRTYlQTYlOTUlRTUlOUYlOEUlRTUlOEMlQkElMjZpZCUzRDE4OTM1MCUyNnR5cGUlM0QwJTI2aWR4JTNEMTElMjZxdCUzRCUyNmFwayUzRDIlMjZzYyUzRFdXVyUyNnVyJTNEJUU0JUI4JUFEJUU1JUIxJUIxJTI2bHIlM0QlRTQlQjglQUQlRTUlQjElQjElMjZmdCUzRCU3QiU3RA%3D%3D#from=mpl_search_suggest,-1.0,N/A,位于广东省揭阳市榕城区仙桥镇紫峰山南，池揭公路之北，紫峰苍郁、绿荫掩映，清幽别致。拾级半山，东侧为“仙湖古寺”，西边有室，一巨石天然成顶，中可容百余人，即桂竹园岩（传说迷离的“仙脚迹”便在此）。由此岩北行百余米，可见丁日昌墓，墓西为水流河水库，三面屏山，清可鉴人。水库半山有莲花亭，沿亭上向天螺峰，即到己三墓地（己三姓陈，名首，号光烈，元代清官，死于任上，后人以其袍靴葬于此地）。距水流河北千米便是龙珠马寺，寺内之龙泉洞泉水长流不息，曲饶岩前，山后松茂竹修，风传雅韵，令游人驻足忘返。,暂无,https://imgs.qunarzz.com/sight/p0/201403/11/473b861e1dc643fcfd6c974ce057403a.jpg_710x360_0dd5864a.jpg,"{""ret"": true, ""data"": {""tagList"": [{""tagType"": 3, ""tagScore"": 5, ""tagNum"": 1, ""tagName"": ""\u5dee\u8bc4""}, {""tagType"": 2, ""tagScore"": 5, ""tagNum"": 1, ""tagName"": ""\u4e2d\u8bc4""}, {""tagType"": 0, ""tagScore"": 5, ""tagNum"": 2, ""tagName"": ""\u5168\u90e8""}], ""commentList"": [{""author"": ""c*2"", ""content"": ""\u6211\u65e9\u4e0a\u53bb\u7684\u5230\u8def\u53e3\u90fd\u627e\u4e0d\u5230\uff0c\u95ee\u65c1\u8fb9\u7684\u4eba\u8bf4\u8fd9\u91cc\u90a3\u6709\u5730\u65b9\u73a9\uff01"", ""date"": ""2017-10-08"", ""score"": 1, ""commentId"": ""203019973"", ""imgs"": [], ""userNickName"": ""c*2"", ""replyCityName"": """", ""cityName"": """"}, {""author"": ""\u5415*\u6d32"", ""content"": ""\u9752\u5c71\u7eff\u8349\uff01\u5e26\u5c0f\u5b69\u6765\u8e0f\u9752\uff01\uff01\uff01"", ""date"": ""2015-06-10"", ""score"": 3, ""commentId"": ""53503266"", ""imgs"": [], ""userNickName"": ""\u5415*\u6d32"", ""replyCityName"": """", ""cityName"": """"}], ""score"": 2.0, ""commentCount"": 2}, ""statusCode"": 200}"
双溪明月,https://imgs.qunarzz.com/sight/p0/201403/11/20b569c3691324e184bac5ab4c226c5a.jpg_280x200_0d52ada8.jpg,揭阳市,榕城区,广东省揭阳市榕城区炮台镇西南2公里,1,3.0,双溪明月俗称双溪嘴，为揭阳古八景之一，水深江阔，景色迷人，每逢中秋之夜，两溪涨潮相激，当月出于桑浦山石龟之尖，影落南北河,https://piao.qunar.com/ticket/detail_2405409462.html?st=a3clM0QlRTYlQTYlOTUlRTUlOUYlOEUlRTUlOEMlQkElMjZpZCUzRDE4OTMyMiUyNnR5cGUlM0QwJTI2aWR4JTNEMTAlMjZxdCUzRCUyNmFwayUzRDIlMjZzYyUzRFdXVyUyNnVyJTNEJUU0JUI4JUFEJUU1JUIxJUIxJTI2bHIlM0QlRTQlQjglQUQlRTUlQjElQjElMjZmdCUzRCU3QiU3RA%3D%3D#from=mpl_search_suggest,-1.0,N/A,双溪明月俗称双溪嘴，为揭阳古八景之一，水深江阔，景色迷人，每逢中秋之夜，两溪涨潮相激，当月出于桑浦山石龟之尖，影落南北河合流之处，泛舟游此，但觉天在水下，月现双影，随波跳荡，令人心旷神怡。 　　明代天启年间为防倭寇侵犯，于此处填下巨石七堆以阻贼船，名为七星石。清代卓伯先有诗曰：“南溪水接北溪流，影落银蟾缟夜秋，我欲弄潮吹玉笛，徘徊如泛海中洲”。,暂无,https://imgs.qunarzz.com/sight/p0/201403/11/20b569c3691324e184bac5ab4c226c5a.jpg_710x360_10494a9f.jpg〇https://qimgs.qunarzz.com/piao_qsight_provider_piao_qsight_web/2622a069afd02dca8e46bcf537241b06.jpg_710x360_55a12adb.jpg〇https://qimgs.qunarzz.com/piao_qsight_provider_piao_qsight_web/6e487b8e46a3f087856dfd371cf784c7.jpg_710x360_edbc6c8e.jpg〇https://qimgs.qunarzz.com/piao_qsight_provider_piao_qsight_web/46938791813b9237.jpg_710x360_f7f90d23.jpg,"{""ret"": true, ""data"": {""tagList"": [{""tagType"": 2, ""tagScore"": 5, ""tagNum"": 1, ""tagName"": ""\u4e2d\u8bc4""}, {""tagType"": 0, ""tagScore"": 5, ""tagNum"": 1, ""tagName"": ""\u5168\u90e8""}], ""commentList"": [{""author"": ""\u5415*\u6d32"", ""content"": ""\u63ed\u9633\u822c\u7684\u6842\u6797\u5c71\u6c34\uff01\uff01\uff01\uff01"", ""date"": ""2015-06-10"", ""score"": 3, ""commentId"": ""53503494"", ""imgs"": [], ""userNickName"": ""\u5415*\u6d32"", ""replyCityName"": """", ""cityName"": """"}], ""score"": 3.0, ""commentCount"": 1}, ""statusCode"": 200}"
进贤门城楼,https://imgs.qunarzz.com/sight/p0/201403/11/533233dee5acf823000001b23c54bd69.jpg_280x200_f8750f30.jpg,揭阳市,榕城区,广东省揭阳市榕城区进贤门大道,-1,-1.0,进贤门位于原揭阳古城东、北二城门之间，始建于明代天启元年（公元1622年），进贤门城楼始建于明天启元年，距今已达388年,https://piao.qunar.com/ticket/detail_1004956934.html?st=a3clM0QlRTYlQTYlOTUlRTUlOUYlOEUlRTUlOEMlQkElMjZpZCUzRDE4OTI5NyUyNnR5cGUlM0QwJTI2aWR4JTNEOSUyNnF0JTNEJTI2YXBrJTNEMiUyNnNjJTNEV1dXJTI2dXIlM0QlRTQlQjglQUQlRTUlQjElQjElMjZsciUzRCVFNCVCOCVBRCVFNSVCMSVCMSUyNmZ0JTNEJTdCJTdE#from=mpl_search_suggest,-1.0,N/A,进贤门位于原揭阳古城东、北二城门之间，始建于明代天启元年（公元1622年），进贤门城楼始建于明天启元年，距今已达388年。揭阳原有东、西、南、北四门，进贤门为第五城门，这在古代城池建筑格局中实属罕见。因此门通抵学宫，取增进贤士之意，故称“进贤门”。 已有380年历史的进贤门是揭阳古城的标志性建筑，在揭阳“古八景”中被称作“谯楼晓角”。,01/01-12/31；全天开放,https://imgs.qunarzz.com/sight/p0/201403/11/533233dee5acf823000001b23c54bd69.jpg_710x360_de2c2ac7.jpg〇https://qimgs.qunarzz.com/piao_qsight_provider_piao_qsight_web/326016ad6c292fb5.jpg_710x360_ae1009a9.jpg〇https://qimgs.qunarzz.com/piao_qsight_provider_piao_qsight_web/5197d2fef0915cb5.jpg_710x360_309c2875.jpg〇https://qimgs.qunarzz.com/piao_qsight_provider_piao_qsight_web/cf5af79c380c00b5.jpg_710x360_f0dbf041.jpg〇https://qimgs.qunarzz.com/piao_qsight_provider_piao_qsight_web/435cecadbcfb1537.jpg_710x360_8654a89f.jpg,"{""ret"": true, ""data"": {""tagList"": [{""tagType"": 0, ""tagScore"": 5, ""tagNum"": 0, ""tagName"": ""\u5168\u90e8""}], ""score"": 0.0, ""commentCount"": 0}, ""statusCode"": 200}"
黄岐山,https://imgs.qunarzz.com/sight/p0/201403/11/81ab3c0cdb26338f8f88671200c620d9.jpg_280x200_cc4c14aa.jpg,揭阳市,榕城区,广东省揭阳市榕城区东北4公里,3,4.0,融山石林水及名胜古迹于一体，极具特色,https://piao.qunar.com/ticket/detail_3220498288.html?st=a3clM0QlRTYlQTYlOTUlRTUlOUYlOEUlRTUlOEMlQkElMjZpZCUzRDE4OTMxOCUyNnR5cGUlM0QwJTI2aWR4JTNEOCUyNnF0JTNEJTI2YXBrJTNEMiUyNnNjJTNEV1dXJTI2dXIlM0QlRTQlQjglQUQlRTUlQjElQjElMjZsciUzRCVFNCVCOCVBRCVFNSVCMSVCMSUyNmZ0JTNEJTdCJTdE#from=mpl_search_suggest,-1.0,N/A,黄岐山位于揭阳市区北4公里，市区晓翠路一直延伸到公园大门前，榕江北河从山下缓缓流过，  主峰海拔293.1米，总面积1180公顷。黄岐山是揭阳历史文化名城的一个象征，自古以“黄歧夕翠”列为揭阳八景之一。山上有九庵十八岩，山颠有歧山塔，山中有月容墓、侣云寺、卧云洞等名胜古迹，有“海滨邹鲁”摩崖石刻等二十余处。还有珍稀罕见的古槐、风景秀丽的水库和岭南佳果。是一处以山、石、林、水和名胜古迹为特点的自然风景区。包括3个主要景区和8个主要景点。著名八景是：宝塔远眺、石室访泉、古亭春色、侣云钟声、栖凤卧云、竺岗晚翠、上界晨光、百鸟朝凤。登上黄岐山，俯瞰榕江，如彩练萦绕，远眺平畴，尽收眼底，看红日西沉，百鸟归巢，余辉返照，景色动人，更显“黄岐夕翠”之美，一派南国风光，使人流连忘返。黄岐山森林公园是一方融山、石、林、水及名胜古迹于一体、极具地方特色的自然风景区。,暂无,https://imgs.qunarzz.com/sight/p0/201403/11/81ab3c0cdb26338f8f88671200c620d9.jpg_710x360_a5e03aa4.jpg,"{""ret"": true, ""data"": {""tagList"": [{""tagType"": 2, ""tagScore"": 5, ""tagNum"": 1, ""tagName"": ""\u4e2d\u8bc4""}, {""tagType"": 1, ""tagScore"": 5, ""tagNum"": 2, ""tagName"": ""\u597d\u8bc4""}, {""tagType"": 0, ""tagScore"": 5, ""tagNum"": 3, ""tagName"": ""\u5168\u90e8""}], ""commentList"": [{""author"": ""q*7"", ""content"": ""\u98ce\u666f\u53ef\u4ee5\uff5e\u722c\u4e0a\u53bb\u8d39\u70b9\u529b\u6c14\uff5e\u5c31\u662f\u5c71\u4e0a\u4e1c\u897f\u6709\u70b9\u8d35\uff5e\u6700\u597d\u5728\u5c71\u4e0b\u4e70"", ""date"": ""2017-02-03"", ""score"": 4, ""commentId"": ""139732405"", ""imgs"": [{""small"": ""https://imgs.qunarzz.com/piao/fusion/1702/c9/3bbe8a4e6fabdc02.jpg_120x120_001d794f.jpg"", ""title"": """", ""big"": ""https://imgs.qunarzz.com/piao/fusion/1702/c9/3bbe8a4e6fabdc02.jpg""}, {""small"": ""https://imgs.qunarzz.com/piao/fusion/1702/bc/e80353009c86de02.jpg_120x120_40f76d8e.jpg"", ""title"": """", ""big"": ""https://imgs.qunarzz.com/piao/fusion/1702/bc/e80353009c86de02.jpg""}, {""small"": ""https://imgs.qunarzz.com/piao/fusion/1702/e5/223e483e785c8402.jpg_120x120_df59d5b9.jpg"", ""title"": """", ""big"": ""https://imgs.qunarzz.com/piao/fusion/1702/e5/223e483e785c8402.jpg""}, {""small"": ""https://imgs.qunarzz.com/piao/fusion/1702/89/fafe4290843cfc02.jpg_120x120_8c389835.jpg"", ""title"": """", ""big"": ""https://imgs.qunarzz.com/piao/fusion/1702/89/fafe4290843cfc02.jpg""}, {""small"": ""https://imgs.qunarzz.com/piao/fusion/1702/b7/146228651e2a3102.jpg_120x120_7decdd79.jpg"", ""title"": """", ""big"": ""https://imgs.qunarzz.com/piao/fusion/1702/b7/146228651e2a3102.jpg""}, {""small"": ""https://imgs.qunarzz.com/piao/fusion/1702/f7/142d4e7bd0003402.jpg_120x120_625754a4.jpg"", ""title"": """", ""big"": ""https://imgs.qunarzz.com/piao/fusion/1702/f7/142d4e7bd0003402.jpg""}, {""small"": ""https://imgs.qunarzz.com/piao/fusion/1702/e8/630ef4a64c751802.jpg_120x120_b18147c5.jpg"", ""title"": """", ""big"": ""https://imgs.qunarzz.com/piao/fusion/1702/e8/630ef4a64c751802.jpg""}], ""userNickName"": ""q*7"", ""replyCityName"": """", ""cityName"": """"}, {""author"": ""\u5415*\u6d32"", ""content"": ""\u9752\u5c71\u7eff\u6c34\uff01\u540d\u80dc\u53e4\u8ff9\uff01\uff01\uff01\uff01"", ""date"": ""2015-06-10"", ""score"": 3, ""commentId"": ""53503392"", ""imgs"": [], ""userNickName"": ""\u5415*\u6d32"", ""replyCityName"": """", ""cityName"": """"}, {""author"": ""q*8"", ""content"": ""\u5f88\u597d\u73a9\u73af\u5883\u5f88\u597d\uff0c\u7a7a\u6c14\u4e5f\u597d\u3002\u3002"", ""date"": ""2014-12-31"", ""score"": 5, ""commentId"": ""28614837"", ""imgs"": [], ""userNickName"": ""q*8"", ""replyCityName"": """", ""cityName"": """"}], ""score"": 4.0, ""commentCount"": 3}, ""statusCode"": 200}"
阳美玉都旅游景区,https://imgs.qunarzz.com/sight/p0/201301/16/cc15dbe9d9c336b593835fbb.jpg_280x200_f176c03a.jpg,揭阳市,榕城区,广东省揭阳市榕城区阳美路阳美玉都,2,2.0,为中国玉器发展打造了一个大平台,https://piao.qunar.com/ticket/detail_3206948004.html?st=a3clM0QlRTYlQTYlOTUlRTUlOUYlOEUlRTUlOEMlQkElMjZpZCUzRDM4MTczJTI2dHlwZSUzRDAlMjZpZHglM0Q3JTI2cXQlM0QlMjZhcGslM0QyJTI2c2MlM0RXV1clMjZ1ciUzRCVFNCVCOCVBRCVFNSVCMSVCMSUyNmxyJTNEJUU0JUI4JUFEJUU1JUIxJUIxJTI2ZnQlM0QlN0IlN0Q%3D#from=mpl_search_suggest,-1.0,4A景区,阳美村，素以“金玉之乡”著称，自1905年起，村民就从事玉器加工生产贸易，迄今已有近百年的历史。全村总人口2800人，共600多户，有大小玉器加工生产贸易企业400多家，专业从事玉器加工生产贸易达到1500多人。拥有大型油锯玉机，中型夹钻刨光机，小型雕刻机等先进的加工生产设备，拥有玉器雕琢工艺，玉器鉴赏，贸易水平较高的技术人才。加工玉器的原材料来自于缅甸--缅北、中国—新疆的和田等著名玉石产地的优质玉石和无瑕白玉石，产品有翡翠龙带钩、紫色玉观音、翡翠玉镯、戒指、戒面、鸡心、玉佩、玉坠、仿古飞禽走兽、玉香笼等数千多个品种，设计款式繁多，潜心研究、雕琢精细，加工贸易形成一条龙作业，产品销往中国各地以及东南亚国家和地区。阳美玉都，汇集了南北玉雕工艺大全，这一独具特色的技艺和“奇、巧、精、特”的产品特色。据揭阳市东山区委书记章俊杰先生所述：阳美玉都以展销活动、经贸合作和精品拍卖相结合的原则，通过酒店挂星牌、商贸签约仪式、座谈会、玉器与经济发展关系论坛、玉器精品展销等系列活动，进一步弘扬中华玉器文化，为中国玉器发展打造了一个大平台。,暂无,https://imgs.qunarzz.com/sight/p0/201301/16/cc15dbe9d9c336b593835fbb.jpg_710x360_396b4879.jpg〇https://imgs.qunarzz.com/sight/p0/201402/14/dee7cc704b89b70be96a3f0f6b425a48.jpg_710x360_d54e59fa.jpg〇https://imgs.qunarzz.com/sight/p0/201402/14/3c4202f591d0fc865520c1ac60f9bd6c.jpg_710x360_fef3e086.jpg〇https://imgs.qunarzz.com/sight/p0/201402/14/b161596bf286f8138bfc43dca97e878c.jpg_710x360_13f48104.jpg〇https://imgs.qunarzz.com/sight/p0/201402/14/2185002bf2bafc5f26e0f0b5ce1f00bf.jpg_710x360_03a2ba2d.jpg,"{""ret"": true, ""data"": {""tagList"": [{""tagType"": 3, ""tagScore"": 5, ""tagNum"": 1, ""tagName"": ""\u5dee\u8bc4""}, {""tagType"": 2, ""tagScore"": 5, ""tagNum"": 1, ""tagName"": ""\u4e2d\u8bc4""}, {""tagType"": 0, ""tagScore"": 5, ""tagNum"": 2, ""tagName"": ""\u5168\u90e8""}], ""commentList"": [{""author"": ""g*6"", ""content"": ""\u63ed\u9633\u9633\u7f8e\u4e5f\u662f\u666f\u533a\uff1f\u7b11\u6b7b\u6211\u4e86"", ""date"": ""2022-02-06"", ""score"": 1, ""commentId"": ""221831899"", ""imgs"": [], ""userNickName"": ""g*6"", ""replyCityName"": """", ""cityName"": """"}, {""author"": ""\u5415*\u6d32"", ""content"": ""\u4e0d\u7528\u95e8\u7968\u7684\uff01\u4e07\u7af9\u56ed\u5c31\u8981\u95e8\u7968\uff01"", ""date"": ""2015-06-10"", ""score"": 3, ""commentId"": ""53503125"", ""imgs"": [], ""userNickName"": ""\u5415*\u6d32"", ""replyCityName"": """", ""cityName"": """"}], ""score"": 2.0, ""commentCount"": 2}, ""statusCode"": 200}"
榕江西湖公园,https://qimgs.qunarzz.com/piao_qsight_provider_piao_qsight_web/100o1f000001gp5qy4EF0_C_900_504.jpg_280x200_c8baaa0e.jpg,揭阳市,榕城区,广东省揭阳市榕城区望江北路,2,4.0,有大小湖塘20多个,https://piao.qunar.com/ticket/detail_1263678930.html?st=a3clM0QlRTYlQTYlOTUlRTUlOUYlOEUlRTUlOEMlQkElMjZpZCUzRDI1NjAlMjZ0eXBlJTNEMCUyNmlkeCUzRDYlMjZxdCUzRCUyNmFwayUzRDIlMjZzYyUzRFdXVyUyNnVyJTNEJUU0JUI4JUFEJUU1JUIxJUIxJTI2bHIlM0QlRTQlQjglQUQlRTUlQjElQjElMjZmdCUzRCU3QiU3RA%3D%3D#from=mpl_search_suggest,-1.0,N/A,建于1958年，在榕城西南，傍依榕江南河，园内西湖岸柳垂荫，碧波荡漾。湖中有两层湖心亭，九曲桥由亭向左右伸展，如龙卧波，桥下游艇穿梭，锦鳞来去，令人神怡。依栏远眺，一湖景致尽收眼底。桥头的“双象戏水”大型雕塑，高6．6米，大象长鼻高扬，仰天喷水，小象则天真嬉戏，依偎在旁。园中并有少年宫、游泳池、儿童乐园等，并辟有百花圃，群卉竞放，姹紫嫣红。,1/1-12/31；周一至周日；全天开放,https://qimgs.qunarzz.com/piao_qsight_provider_piao_qsight_web/100o1f000001gp5qy4EF0_C_900_504.jpg_710x360_d075620c.jpg〇https://qimgs.qunarzz.com/piao_qsight_provider_piao_qsight_web/100o1f000001gp5qy4EF0_C_900_504_Q90_Mtg_7.jpg_710x360_cdb0df8c.jpg〇https://qimgs.qunarzz.com/piao_qsight_provider_piao_qsight_web/98e24d41-5d94-4f1b-b51b-398ff71894e6.jpg_710x360_910e87cd.jpg〇https://qimgs.qunarzz.com/piao_qsight_provider_piao_qsight_web/5f44748f-6472-4eb5-83e8-4c0801ffe864.jpeg_710x360_3982c03d.jpeg〇https://qimgs.qunarzz.com/piao_qsight_provider_piao_qsight_web/8505fafde701a4b5.jpg_710x360_ecff6966.jpg〇https://qimgs.qunarzz.com/piao_qsight_provider_piao_qsight_web/866e852c23799ab5.jpg_710x360_f62468be.jpg〇https://qimgs.qunarzz.com/piao_qsight_provider_piao_qsight_web/cc37dbb25f43da37.jpg_710x360_785f8673.jpg〇https://qimgs.qunarzz.com/piao_qsight_provider_piao_qsight_web/454a3b73b2f1ee37.jpg_710x360_b1855b10.jpg〇https://qimgs.qunarzz.com/piao_qsight_provider_piao_qsight_web/9cb7651e12e803b5.jpg_710x360_4ecf7d6f.jpg〇https://qimgs.qunarzz.com/piao_qsight_provider_piao_qsight_web/89bfed76a2cc70b5.jpg_710x360_86169d61.jpg〇https://qimgs.qunarzz.com/piao_qsight_provider_piao_qsight_web/a954aaf199ec30b5.jpg_710x360_8d1dbb5e.jpg〇https://qimgs.qunarzz.com/piao_qsight_provider_piao_qsight_web/85145bf50a78eb5.jpg_710x360_9bd89ec0.jpg〇https://qimgs.qunarzz.com/piao_qsight_provider_piao_qsight_web/c55dc59a680720b5.jpg_710x360_21b30a3b.jpg〇https://qimgs.qunarzz.com/piao_qsight_provider_piao_qsight_web/2a2e385ebad430b5.jpg_710x360_d987a8de.jpg〇https://qimgs.qunarzz.com/piao_qsight_provider_piao_qsight_web/6c3fb5fadf1d01b5.jpg_710x360_efb49533.jpg〇https://qimgs.qunarzz.com/piao_qsight_provider_piao_qsight_web/188d8ab1e04b71b5.jpg_710x360_14ca7288.jpg〇https://qimgs.qunarzz.com/piao_qsight_provider_piao_qsight_web/7999d31b8c75c7b5.jpg_710x360_c9c51fab.jpg〇https://qimgs.qunarzz.com/piao_qsight_provider_piao_qsight_web/5f0e3f5d42009db5.jpg_710x360_fdf0c53b.jpg〇https://qimgs.qunarzz.com/piao_qsight_provider_piao_qsight_web/dff4b63ba31b0fb5.jpg_710x360_7ebb20c3.jpg〇https://qimgs.qunarzz.com/piao_qsight_provider_piao_qsight_web/a616ac8918623b5.jpg_710x360_8fc02974.jpg〇https://qimgs.qunarzz.com/piao_qsight_provider_piao_qsight_web/75b2347865bb29b5.jpg_710x360_21b58df8.jpg〇https://qimgs.qunarzz.com/piao_qsight_provider_piao_qsight_web/263d9303e354dd37.jpg_710x360_47802511.jpg,"{""ret"": true, ""data"": {""tagList"": [{""tagType"": 2, ""tagScore"": 5, ""tagNum"": 1, ""tagName"": ""\u4e2d\u8bc4""}, {""tagType"": 1, ""tagScore"": 5, ""tagNum"": 1, ""tagName"": ""\u597d\u8bc4""}, {""tagType"": 0, ""tagScore"": 5, ""tagNum"": 2, ""tagName"": ""\u5168\u90e8""}], ""commentList"": [{""author"": ""r*9"", ""content"": ""\u54a6\uff1f\u4f60\u6ca1\u9886\u8865\u8d34\u7684\u4e48\uff1f\u6bcf\u4e00\u4f4d\u8fdb\u53bb\u6e38\u73a9\u7684\u6e38\u5ba2\u6309\u4eba\u5934\u6bcf\u4eba\u6bcf\u65e5\u51ed\u8eab\u4efd\u8bc1\u53ef\u4ee5\u988650\u5757\u94b1\u7684\u8865\u8d34\u54e9"", ""date"": ""2019-02-13"", ""score"": 5, ""commentId"": ""209279010"", ""imgs"": [], ""userNickName"": ""r*9"", ""replyCityName"": """", ""cityName"": """"}, {""author"": ""\u5415*\u6d32"", ""content"": ""\u4e0d\u7528\u94b1\uff01\u4e0d\u53bb\u767d\u4e0d\u53bb\uff01\uff01\uff01"", ""date"": ""2015-06-10"", ""score"": 3, ""commentId"": ""53503311"", ""imgs"": [], ""userNickName"": ""\u5415*\u6d32"", ""replyCityName"": """", ""cityName"": """"}], ""score"": 4.0, ""commentCount"": 2}, ""statusCode"": 200}"
揭阳城隍庙,https://qimgs.qunarzz.com/piao_qsight_provider_piao_qsight_web/0100s1200092ma06hB84B_C_900_504.jpg_280x200_3e7ac2ef.jpg,揭阳市,榕城区,广东省揭阳市榕城区中山路谢家围15号,1,5.0,经历多次地震巍然不动，研究古建筑的标本,https://piao.qunar.com/ticket/detail_4188888252.html?st=a3clM0QlRTYlQTYlOTUlRTUlOUYlOEUlRTUlOEMlQkElMjZpZCUzRDE4OTMyOSUyNnR5cGUlM0QwJTI2aWR4JTNENSUyNnF0JTNEJTI2YXBrJTNEMiUyNnNjJTNEV1dXJTI2dXIlM0QlRTQlQjglQUQlRTUlQjElQjElMjZsciUzRCVFNCVCOCVBRCVFNSVCMSVCMSUyNmZ0JTNEJTdCJTdE#from=mpl_search_suggest,-1.0,N/A,位于揭阳东门城隍街，建于宋绍兴十年（1140年），明洪武二年（1369年）县丞许德重建。为省级重点保护文物单位。揭阳城隍庙建筑融合了明清建筑风格和潮汕地方传统工艺特色。主体建筑为木、石承载结构，力学结构科学严谨。大殿四壁仅仅起着防护作用。建筑结构防震性能很高，历经明代以来几十次地震，巍然不动，成了今人研究古代建筑的标本。,具体营业状态以当天开放情况为准,https://qimgs.qunarzz.com/piao_qsight_provider_piao_qsight_web/0100s1200092ma06hB84B_C_900_504.jpg_710x360_213c8b7e.jpg〇https://qimgs.qunarzz.com/piao_qsight_provider_piao_qsight_web/0101a1200092m9pl08D6D_C_900_504_Q90_Mtg_7.jpg_710x360_1ffd553e.jpg〇https://qimgs.qunarzz.com/piao_qsight_provider_piao_qsight_web/010121200092m9u7o1F0E_C_900_504_Q90_Mtg_7.jpg_710x360_f01aed01.jpg〇https://qimgs.qunarzz.com/piao_qsight_provider_piao_qsight_web/0100s1200092ma06hB84B_C_900_504_Q90_Mtg_7.jpg_710x360_1a3d2424.jpg〇https://qimgs.qunarzz.com/piao_qsight_provider_piao_qsight_web/daea6cc4e445cf9b18c9a5349b9dbf9b.jpg_710x360_03a9da63.jpg,"{""ret"": true, ""data"": {""tagList"": [{""tagType"": 1, ""tagScore"": 5, ""tagNum"": 1, ""tagName"": ""\u597d\u8bc4""}, {""tagType"": 0, ""tagScore"": 5, ""tagNum"": 1, ""tagName"": ""\u5168\u90e8""}], ""commentList"": [{""author"": ""l*2"", ""content"": ""\u521d\u4e00\u53bb\u7684\uff0c\u9999\u706b\u65fa\u76db\uff0c\u5f88\u70ed\u95f9\u3002\u9644\u8fd1\u666f\u70b9\u4e5f\u591a\u3002"", ""date"": ""2015-01-08"", ""score"": 5, ""commentId"": ""28941655"", ""imgs"": [], ""userNickName"": ""l*2"", ""replyCityName"": """", ""cityName"": """"}], ""score"": 5.0, ""commentCount"": 1}, ""statusCode"": 200}"
高乐餐饮·动力星球亲子乐园,https://qimgs.qunarzz.com/piao_qsight_provider_piao_qsight_web/0102z12000fhn4ale0764_C_900_504.jpg_280x200_25748df1.jpg,揭阳市,榕城区,东升街道莲花大道以西市公路勘察设计院隔壁,-1,-1.0,N/A,https://piao.qunar.com/ticket/detail_816847556.html?st=a3clM0QlRTYlQTYlOTUlRTUlOUYlOEUlRTUlOEMlQkElMjZpZCUzRDUzNDEzMCUyNnR5cGUlM0QwJTI2aWR4JTNEMyUyNnF0JTNEJTI2YXBrJTNEMiUyNnNjJTNEV1dXJTI2dXIlM0QlRTQlQjglQUQlRTUlQjElQjElMjZsciUzRCVFNCVCOCVBRCVFNSVCMSVCMSUyNmZ0JTNEJTdCJTdE#from=mpl_search_suggest,108.8,N/A,N/A,暂无,https://qimgs.qunarzz.com/piao_qsight_provider_piao_qsight_web/0102z12000fhn4ale0764_C_900_504.jpg_710x360_306722fa.jpg,"{""ret"": true, ""data"": {""tagList"": [{""tagType"": 0, ""tagScore"": 5, ""tagNum"": 0, ""tagName"": ""\u5168\u90e8""}], ""score"": 0.0, ""commentCount"": 0}, ""statusCode"": 200}"
空港花海,https://qimgs.qunarzz.com/piao_qsight_provider_piao_qsight_web/0105i120009zwj3xq6E92_C_900_504.jpg_280x200_0e775a55.jpg,揭阳市,榕城区,广东省揭阳市空港经济区欧厝村,21,4.3,以花为主题的浪漫好去处,https://piao.qunar.com/ticket/detail_1763125808.html?st=a3clM0QlRTYlQTYlOTUlRTUlOUYlOEUlRTUlOEMlQkElMjZpZCUzRDIxNTMwNSUyNnR5cGUlM0QwJTI2aWR4JTNEMiUyNnF0JTNEJTI2YXBrJTNEMiUyNnNjJTNEV1dXJTI2dXIlM0QlRTQlQjglQUQlRTUlQjElQjElMjZsciUzRCVFNCVCOCVBRCVFNSVCMSVCMSUyNmZ0JTNEJTdCJTdE#from=mpl_search_suggest,590.0,N/A,揭阳空港花海，是情侣游玩，浪漫约会的好去处，景色美不胜收！是有情人终成眷属！假日休息之余，也可与家人走进这自然美丽芬芳的花海，一起远离城市喧哗。来这舒缓压力，放松心情，感受自然的美好与舒适！,1/1-12/31；周一至周日；08:30-17:30开园,https://qimgs.qunarzz.com/piao_qsight_provider_piao_qsight_web/0105i120009zwj3xq6E92_C_900_504.jpg_710x360_05bc475b.jpg〇https://qimgs.qunarzz.com/piao_qsight_provider_piao_qsight_web/0105i120009zwj3xq6E92_C_900_504_Q90_Mtg_7.jpg_710x360_31054339.jpg〇https://imgs.qunarzz.com/sight/p0/1504/47/47bef739b3efb49c.water.jpg_710x360_72e1fe3e.jpg〇https://imgs.qunarzz.com/sight/p0/1504/53/53fc26ddc9585f91.water.jpg_710x360_ccb57bee.jpg〇https://imgs.qunarzz.com/sight/p0/1504/e3/e37238c8d16b3aae.water.jpg_710x360_90a52d48.jpg〇https://imgs.qunarzz.com/sight/p0/1504/5d/5d4baec8593f821.water.jpg_710x360_a6ad3138.jpg〇https://imgs.qunarzz.com/sight/p0/1504/54/54542af0eb711e3.water.jpg_710x360_e88924cd.jpg〇https://qimgs.qunarzz.com/piao_qsight_provider_piao_qsight_web/1b5c472919b4810f3354b635f670e36c.jpg_710x360_2a94da6d.jpg〇https://qimgs.qunarzz.com/piao_qsight_provider_piao_qsight_web/c55aea106bfcdf37.jpg_710x360_e951cebd.jpg,"{""ret"": true, ""data"": {""tagList"": [{""tagType"": 3, ""tagScore"": 5, ""tagNum"": 2, ""tagName"": ""\u5dee\u8bc4""}, {""tagType"": 2, ""tagScore"": 5, ""tagNum"": 1, ""tagName"": ""\u4e2d\u8bc4""}, {""tagType"": 1, ""tagScore"": 5, ""tagNum"": 18, ""tagName"": ""\u597d\u8bc4""}, {""tagType"": 0, ""tagScore"": 5, ""tagNum"": 21, ""tagName"": ""\u5168\u90e8""}], ""commentList"": [{""author"": ""\u53bb*\u6237"", ""content"": ""\u7528\u6237\u672a\u70b9\u8bc4\uff0c\u7cfb\u7edf\u9ed8\u8ba4\u597d\u8bc4\u3002"", ""date"": ""2023-06-01"", ""score"": 5, ""commentId"": ""225893860"", ""imgs"": [], ""userNickName"": ""\u53bb*\u6237"", ""replyCityName"": """", ""cityName"": """"}, {""author"": ""\u53bb*\u6237"", ""content"": ""\u7528\u6237\u672a\u70b9\u8bc4\uff0c\u7cfb\u7edf\u9ed8\u8ba4\u597d\u8bc4\u3002"", ""date"": ""2023-05-09"", ""score"": 5, ""commentId"": ""225418451"", ""imgs"": [], ""userNickName"": ""\u53bb*\u6237"", ""replyCityName"": """", ""cityName"": """"}, {""author"": ""p*2"", ""content"": ""\u7528\u6237\u672a\u70b9\u8bc4\uff0c\u7cfb\u7edf\u9ed8\u8ba4\u597d\u8bc4\u3002"", ""date"": ""2022-06-03"", ""score"": 5, ""commentId"": ""222410560"", ""imgs"": [], ""userNickName"": ""p*2"", ""replyCityName"": """", ""cityName"": """"}, {""author"": ""p*2"", ""content"": ""\u7528\u6237\u672a\u70b9\u8bc4\uff0c\u7cfb\u7edf\u9ed8\u8ba4\u597d\u8bc4\u3002"", ""date"": ""2022-06-03"", ""score"": 5, ""commentId"": ""222409816"", ""imgs"": [], ""userNickName"": ""p*2"", ""replyCityName"": """", ""cityName"": """"}, {""author"": ""y*7"", ""content"": ""\u5168\u662f\u6ce5\u5df4\u54e6\uff0c\u5c31\u4e24\u5757\u82b1\uff0c\u7adf\u7136\u662f\u82b1\u6d77"", ""date"": ""2022-05-04"", ""score"": 1, ""commentId"": ""222315362"", ""imgs"": [], ""userNickName"": ""y*7"", ""replyCityName"": """", ""cityName"": """"}, {""author"": ""\u53bb*\u6237"", ""content"": ""\u7528\u6237\u672a\u70b9\u8bc4\uff0c\u7cfb\u7edf\u9ed8\u8ba4\u597d\u8bc4\u3002"", ""date"": ""2022-03-19"", ""score"": 5, ""commentId"": ""222179785"", ""imgs"": [], ""userNickName"": ""\u53bb*\u6237"", ""replyCityName"": """", ""cityName"": """"}, {""author"": ""w*5"", ""content"": ""\u6211\u8fd8\u6ca1\u53bb\u8fc7\uff0c\u4eca\u5929\u6253\u7b97\u53bb\u8d70\u8d70"", ""date"": ""2021-07-06"", ""score"": 2, ""commentId"": ""219730313"", ""imgs"": [], ""userNickName"": ""w*5"", ""replyCityName"": """", ""cityName"": """"}, {""author"": ""l*3"", ""content"": ""\u7528\u6237\u672a\u70b9\u8bc4\uff0c\u7cfb\u7edf\u9ed8\u8ba4\u597d\u8bc4\u3002"", ""date"": ""2021-03-20"", ""score"": 5, ""commentId"": ""218198883"", ""imgs"": [], ""userNickName"": ""l*3"", ""replyCityName"": """", ""cityName"": """"}, {""author"": ""M*8"", ""content"": ""\u597d\u82b1\u597d\u666f\u597d\u5fc3\u60c5\uff0c\u8fd9\u91cc\u662f\u89c2\u82b1\u6e38\u73a9\u7684\u597d\u5730\u65b9."", ""date"": ""2017-08-20"", ""score"": 5, ""commentId"": ""204776089"", ""imgs"": [], ""userNickName"": ""M*8"", ""replyCityName"": """", ""cityName"": """"}, {""author"": ""M*5"", ""content"": ""\u4e00\u4e2a\u89c2\u8d4f\u9c9c\u82b1\u7684\u597d\u5730\u65b9\uff0c\u9002\u5408\u6563\u6b65"", ""date"": ""2017-07-30"", ""score"": 5, ""commentId"": ""204852393"", ""imgs"": [], ""userNickName"": ""M*5"", ""replyCityName"": """", ""cityName"": """"}], ""score"": 4.3, ""commentCount"": 21}, ""statusCode"": 200}"
空港威龙水上乐园,https://qimgs.qunarzz.com/piao_qsight_provider_piao_qsight_web/3506170000011gdgk040C_C_900_504.jpg_280x200_daf50862.jpg,揭阳市,榕城区,广东省揭阳市空港经济区进贤大道中段十九号,41,4.8,水上乐园的娱乐体验约起吧,https://piao.qunar.com/ticket/detail_4159975031.html?st=a3clM0QlRTYlQTYlOTUlRTUlOUYlOEUlRTUlOEMlQkElMjZpZCUzRDQ1MTgyMSUyNnR5cGUlM0QwJTI2aWR4JTNEMSUyNnF0JTNEJTI2YXBrJTNEMiUyNnNjJTNEV1dXJTI2dXIlM0QlRTQlQjglQUQlRTUlQjElQjElMjZsciUzRCVFNCVCOCVBRCVFNSVCMSVCMSUyNmZ0JTNEJTdCJTdE#from=mpl_search_suggest,89.0,N/A,内含大型水上乐园区，烧烤露营区，儿童乐园，汽车影院，露天歌舞艺术表演区，大型生态花海等。,1/1-12/31；周一至周日；09:30-18:00开园；（21:30停止入园）,https://qimgs.qunarzz.com/piao_qsight_provider_piao_qsight_web/3506170000011gdgk040C_C_900_504.jpg_710x360_531d9b7c.jpg〇https://qimgs.qunarzz.com/piao_qsight_provider_piao_qsight_web/3506170000011gdgm64D2_C_900_504_Q90_Mtg_7.jpg_710x360_58381d1e.jpg〇https://qimgs.qunarzz.com/piao_qsight_provider_piao_qsight_web/350n170000011eta60D12_C_900_504_Q90_Mtg_7.jpg_710x360_b32dd29b.jpg〇https://qimgs.qunarzz.com/piao_qsight_provider_piao_qsight_web/350r170000011e6af1179_C_900_504_Q90_Mtg_7.jpg_710x360_e09b36d6.jpg〇https://qimgs.qunarzz.com/piao_qsight_provider_piao_qsight_web/3506170000011gdgk040C_C_900_504_Q90_Mtg_7.jpg_710x360_a38f9971.jpg〇https://qimgs.qunarzz.com/piao_qsight_provider_piao_qsight_web/61e6ea2b64a76e02.jpg_710x360_7f3669b6.jpg〇https://qimgs.qunarzz.com/piao_qsight_provider_piao_qsight_web/2a44e12484a14f02.jpg_710x360_2ff3eda7.jpg〇https://qimgs.qunarzz.com/piao_qsight_provider_piao_qsight_web/c083bac13409c7f7.jpg_710x360_355f104f.jpg,"{""ret"": true, ""data"": {""tagList"": [{""tagType"": 3, ""tagScore"": 5, ""tagNum"": 1, ""tagName"": ""\u5dee\u8bc4""}, {""tagType"": 1, ""tagScore"": 5, ""tagNum"": 40, ""tagName"": ""\u597d\u8bc4""}, {""tagType"": 0, ""tagScore"": 5, ""tagNum"": 41, ""tagName"": ""\u5168\u90e8""}], ""commentList"": [{""author"": ""\u53bb*\u6237"", ""content"": ""\u7528\u6237\u672a\u70b9\u8bc4\uff0c\u7cfb\u7edf\u9ed8\u8ba4\u597d\u8bc4\u3002"", ""date"": ""2024-09-10"", ""score"": 5, ""commentId"": ""236564853"", ""imgs"": [], ""userNickName"": ""\u53bb*\u6237"", ""replyCityName"": """", ""cityName"": """"}, {""author"": ""\u521d*n"", ""content"": ""\u7528\u6237\u672a\u70b9\u8bc4\uff0c\u7cfb\u7edf\u9ed8\u8ba4\u597d\u8bc4\u3002"", ""date"": ""2023-08-16"", ""score"": 5, ""commentId"": ""227370026"", ""imgs"": [], ""userNickName"": ""\u521d*n"", ""replyCityName"": """", ""cityName"": """"}, {""author"": ""\u53bb*\u6237"", ""content"": ""\u7528\u6237\u672a\u70b9\u8bc4\uff0c\u7cfb\u7edf\u9ed8\u8ba4\u597d\u8bc4\u3002"", ""date"": ""2023-08-08"", ""score"": 5, ""commentId"": ""227145423"", ""imgs"": [], ""userNickName"": ""\u53bb*\u6237"", ""replyCityName"": """", ""cityName"": """"}, {""author"": ""\u53bb*\u6237"", ""content"": ""\u7528\u6237\u672a\u70b9\u8bc4\uff0c\u7cfb\u7edf\u9ed8\u8ba4\u597d\u8bc4\u3002"", ""date"": ""2023-08-08"", ""score"": 5, ""commentId"": ""227145331"", ""imgs"": [], ""userNickName"": ""\u53bb*\u6237"", ""replyCityName"": """", ""cityName"": """"}, {""author"": ""\u53bb*\u6237"", ""content"": ""\u7528\u6237\u672a\u70b9\u8bc4\uff0c\u7cfb\u7edf\u9ed8\u8ba4\u597d\u8bc4\u3002"", ""date"": ""2023-08-08"", ""score"": 5, ""commentId"": ""227145187"", ""imgs"": [], ""userNickName"": ""\u53bb*\u6237"", ""replyCityName"": """", ""cityName"": """"}, {""author"": ""g*5"", ""content"": ""\u90fd\u6ca1\u5f00\u95e8   \u5bb3\u4eba\u767d\u8dd1\u4e00\u8d9f"", ""date"": ""2020-07-28"", ""score"": 2, ""commentId"": ""215332089"", ""imgs"": [], ""userNickName"": ""g*5"", ""replyCityName"": """", ""cityName"": """"}, {""author"": ""o*8"", ""content"": ""\u4eb2\u4eec\uff0c\u8fd9\u4e2a\u6c34\u4e0a\u4e50\u56ed\u6709\u6ca1\u6709\u5f00\u4e1a\u7684\u554a"", ""date"": ""2020-06-11"", ""score"": 5, ""commentId"": ""214648302"", ""imgs"": [], ""userNickName"": ""o*8"", ""replyCityName"": """", ""cityName"": """"}, {""author"": ""\u5b9d*6"", ""content"": ""\u7528\u6237\u672a\u70b9\u8bc4\uff0c\u7cfb\u7edf\u9ed8\u8ba4\u597d\u8bc4\u3002"", ""date"": ""2019-11-04"", ""score"": 5, ""commentId"": ""213103120"", ""imgs"": [], ""userNickName"": ""\u5b9d*6"", ""replyCityName"": """", ""cityName"": """"}, {""author"": ""b*0"", ""content"": ""\u7528\u6237\u672a\u70b9\u8bc4\uff0c\u7cfb\u7edf\u9ed8\u8ba4\u597d\u8bc4\u3002"", ""date"": ""2019-11-02"", ""score"": 5, ""commentId"": ""212925692"", ""imgs"": [], ""userNickName"": ""b*0"", ""replyCityName"": """", ""cityName"": """"}, {""author"": ""H*\u751f"", ""content"": ""\u7528\u6237\u672a\u70b9\u8bc4\uff0c\u7cfb\u7edf\u9ed8\u8ba4\u597d\u8bc4\u3002"", ""date"": ""2019-10-23"", ""score"": 5, ""commentId"": ""212796666"", ""imgs"": [], ""userNickName"": ""H*\u751f"", ""replyCityName"": """", ""cityName"": """"}], ""score"": 4.8, ""commentCount"": 41}, ""statusCode"": 200}"
壹号工场文化创意园,https://mp-piao-admincp.qunarzz.com/mp_piao_admin_mp_piao_admin/admin/20217/30d54820c6727b9958d585769ab3c5c2.png_280x200_7ef61cce.png,揭阳市,普宁市,广东省揭阳市普宁市华翔路壹号工场文化创意园华翔路8号,-1,-1.0,N/A,https://piao.qunar.com/ticket/detail_779605603.html?st=a3clM0QlRTYlOTklQUUlRTUlQUUlODElRTUlQjglODIlMjZpZCUzRDUyNTQxNSUyNnR5cGUlM0QwJTI2aWR4JTNEMTMlMjZxdCUzRCUyNmFwayUzRDIlMjZzYyUzRFdXVyUyNnVyJTNEJUU0JUI4JUFEJUU1JUIxJUIxJTI2bHIlM0QlRTQlQjglQUQlRTUlQjElQjElMjZmdCUzRCU3QiU3RA%3D%3D#from=mpl_search_suggest,-1.0,N/A,N/A,暂无,https://mp-piao-admincp.qunarzz.com/mp_piao_admin_mp_piao_admin/admin/20217/30d54820c6727b9958d585769ab3c5c2.png_710x360_c2302e12.png,"{""ret"": true, ""data"": {""tagList"": [{""tagType"": 0, ""tagScore"": 5, ""tagNum"": 0, ""tagName"": ""\u5168\u90e8""}], ""score"": 0.0, ""commentCount"": 0}, ""statusCode"": 200}"
壹号工场文化创意园,https://qimgs.qunarzz.com/piao_qsight_provider_piao_qsight_web/0107312000a051cupC430_C_900_504.jpg_280x200_e3445f08.jpg,揭阳市,普宁市,广东省揭阳市普宁市华翔路壹号工场文化创意园华翔路8号,-1,-1.0,N/A,https://piao.qunar.com/ticket/detail_2541111641.html?st=a3clM0QlRTYlOTklQUUlRTUlQUUlODElRTUlQjglODIlMjZpZCUzRDUyOTcwMiUyNnR5cGUlM0QwJTI2aWR4JTNEMTIlMjZxdCUzRCUyNmFwayUzRDIlMjZzYyUzRFdXVyUyNnVyJTNEJUU0JUI4JUFEJUU1JUIxJUIxJTI2bHIlM0QlRTQlQjglQUQlRTUlQjElQjElMjZmdCUzRCU3QiU3RA%3D%3D#from=mpl_search_suggest,-1.0,N/A,N/A,暂无,https://qimgs.qunarzz.com/piao_qsight_provider_piao_qsight_web/0107312000a051cupC430_C_900_504.jpg_710x360_fc46e3ed.jpg〇https://qimgs.qunarzz.com/piao_qsight_provider_piao_qsight_web/0102512000a051iix73FD_C_900_504_Q90_Mtg_7.jpg_710x360_820f3825.jpg〇https://qimgs.qunarzz.com/piao_qsight_provider_piao_qsight_web/0104g12000a0524dg64AD_C_900_504_Q90_Mtg_7.jpg_710x360_07c19472.jpg〇https://qimgs.qunarzz.com/piao_qsight_provider_piao_qsight_web/0107312000a051cupC430_C_900_504_Q90_Mtg_7.jpg_710x360_b1a7c859.jpg,"{""ret"": true, ""data"": {""tagList"": [{""tagType"": 0, ""tagScore"": 5, ""tagNum"": 0, ""tagName"": ""\u5168\u90e8""}], ""score"": 0.0, ""commentCount"": 0}, ""statusCode"": 200}"
康迪水上乐园,https://qimgs.qunarzz.com/piao_qsight_provider_piao_qsight_web/temp176967210881724706980104e12000bpki6d58FE2_wmr.jpg_280x200_f83c4982.jpg,揭阳市,普宁市,广东省揭阳市普宁市华东村宫前坛铺洋片,-1,-1.0,N/A,https://piao.qunar.com/ticket/detail_1970090339.html?st=a3clM0QlRTYlOTklQUUlRTUlQUUlODElRTUlQjglODIlMjZpZCUzRDUyMTEyOSUyNnR5cGUlM0QwJTI2aWR4JTNEMTElMjZxdCUzRCUyNmFwayUzRDIlMjZzYyUzRFdXVyUyNnVyJTNEJUU0JUI4JUFEJUU1JUIxJUIxJTI2bHIlM0QlRTQlQjglQUQlRTUlQjElQjElMjZmdCUzRCU3QiU3RA%3D%3D#from=mpl_search_suggest,-1.0,N/A,N/A,05/30-08/31；周一至周日；13:00-22:00开园；（21:30停止入园）,https://qimgs.qunarzz.com/piao_qsight_provider_piao_qsight_web/temp176967210881724706980104e12000bpki6d58FE2_wmr.jpg_710x360_0a4825b8.jpg,"{""ret"": true, ""data"": {""tagList"": [{""tagType"": 0, ""tagScore"": 5, ""tagNum"": 0, ""tagName"": ""\u5168\u90e8""}], ""score"": 0.0, ""commentCount"": 0}, ""statusCode"": 200}"
揭阳楼,https://qimgs.qunarzz.com/piao_qsight_provider_piao_qsight_web/temp7267151506514415829100h1900000164y0s0FFA_wmr.jpg_280x200_09324dbf.jpg,揭阳市,榕城区,广东省揭阳市榕城区东升街道沙港社区沿江中路193号,-1,-1.0,N/A,https://piao.qunar.com/ticket/detail_2597584526.html?st=a3clM0QlRTYlQTYlOTUlRTUlOUYlOEUlRTUlOEMlQkElMjZpZCUzRDUyMzM5OCUyNnR5cGUlM0QwJTI2aWR4JTNENCUyNnF0JTNEJTI2YXBrJTNEMiUyNnNjJTNEV1dXJTI2dXIlM0QlRTQlQjglQUQlRTUlQjElQjElMjZsciUzRCVFNCVCOCVBRCVFNSVCMSVCMSUyNmZ0JTNEJTdCJTdE#from=mpl_search_suggest,1680.0,N/A,N/A,暂无,https://qimgs.qunarzz.com/piao_qsight_provider_piao_qsight_web/temp7267151506514415829100h1900000164y0s0FFA_wmr.jpg_710x360_60cdb402.jpg,"{""ret"": true, ""data"": {""tagList"": [{""tagType"": 0, ""tagScore"": 5, ""tagNum"": 0, ""tagName"": ""\u5168\u90e8""}], ""score"": 0.0, ""commentCount"": 0}, ""statusCode"": 200}"
小熊猫成长乐园,https://mp-piao-admincp.qunarzz.com/mp_piao_admin_mp_piao_admin/admin/20217/30d54820c6727b9958d585769ab3c5c2.png_280x200_7ef61cce.png,揭阳市,普宁市,广东省揭阳市普宁市中山路尾,-1,-1.0,N/A,https://piao.qunar.com/ticket/detail_516875553.html?st=a3clM0QlRTYlOTklQUUlRTUlQUUlODElRTUlQjglODIlMjZpZCUzRDUyNjAwNSUyNnR5cGUlM0QwJTI2aWR4JTNEMTQlMjZxdCUzRCUyNmFwayUzRDIlMjZzYyUzRFdXVyUyNnVyJTNEJUU0JUI4JUFEJUU1JUIxJUIxJTI2bHIlM0QlRTQlQjglQUQlRTUlQjElQjElMjZmdCUzRCU3QiU3RA%3D%3D#from=mpl_search_suggest,-1.0,N/A,N/A,暂无,https://mp-piao-admincp.qunarzz.com/mp_piao_admin_mp_piao_admin/admin/20217/30d54820c6727b9958d585769ab3c5c2.png_710x360_c2302e12.png,"{""ret"": true, ""data"": {""tagList"": [{""tagType"": 0, ""tagScore"": 5, ""tagNum"": 0, ""tagName"": ""\u5168\u90e8""}], ""score"": 0.0, ""commentCount"": 0}, ""statusCode"": 200}"
普宁真人cs野战拓展俱乐部,https://imgs.qunarzz.com/sight/p0/1411/bc/34d8446a137556b37f48e884c266663e.water.jpg_280x200_276a3eb8.jpg,揭阳市,普宁市,广东省普宁市大南山镇三坑水库管理处旁,-1,-1.0,普宁一家真人CS/CF镭射野战发起者,https://piao.qunar.com/ticket/detail_786405983.html?st=a3clM0QlRTYlOTklQUUlRTUlQUUlODElRTUlQjglODIlMjZpZCUzRDE5ODk4MSUyNnR5cGUlM0QwJTI2aWR4JTNEMTAlMjZxdCUzRCUyNmFwayUzRDIlMjZzYyUzRFdXVyUyNnVyJTNEJUU0JUI4JUFEJUU1JUIxJUIxJTI2bHIlM0QlRTQlQjglQUQlRTUlQjElQjElMjZmdCUzRCU3QiU3RA%3D%3D#from=mpl_search_suggest,-1.0,N/A,CS/CF镭射野战发起者。俱乐部提供场地，装备，迷彩服，饮用水，有专业教官提供技术指导。战役有攻防战，歼灭战，夺旗战，人质战...等等。,每天8:00-12:00、14:00-18:00、19:00-23:00,https://imgs.qunarzz.com/sight/p0/1411/bc/34d8446a137556b37f48e884c266663e.water.jpg_710x360_d12d186a.jpg〇https://imgs.qunarzz.com/sight/p0/1411/64/f205ea52be7c02e64c00e00bc530cb10.water.jpg_710x360_591d26de.jpg〇https://imgs.qunarzz.com/sight/p0/1411/25/7da54232b46f5325cd999777692e0c1f.water.jpg_710x360_b894f7c6.jpg〇https://imgs.qunarzz.com/sight/p0/1411/21/13989bd408dc1b7e966830d3c2f18836.water.jpg_710x360_36827a9d.jpg〇https://imgs.qunarzz.com/sight/p0/1411/21/eefa930a8d4eb5da8eca4fa0e0c07160.water.jpg_710x360_b5053b3d.jpg,"{""ret"": true, ""data"": {""tagList"": [{""tagType"": 0, ""tagScore"": 5, ""tagNum"": 0, ""tagName"": ""\u5168\u90e8""}], ""score"": 0.0, ""commentCount"": 0}, ""statusCode"": 200}"
海梦城科幻海洋世界,https://mp-piao-admincp.qunarzz.com/mp_piao_admin_mp_piao_admin/admin/20217/30d54820c6727b9958d585769ab3c5c2.png_280x200_7ef61cce.png,揭阳市,普宁市,普宁市环城南路与236省道交叉口西南口城南广场万泰新天地,-1,-1.0,N/A,https://piao.qunar.com/ticket/detail_565021273.html?st=a3clM0QlRTYlOTklQUUlRTUlQUUlODElRTUlQjglODIlMjZpZCUzRDQ3MzY0MCUyNnR5cGUlM0QwJTI2aWR4JTNEOSUyNnF0JTNEJTI2YXBrJTNEMiUyNnNjJTNEV1dXJTI2dXIlM0QlRTQlQjglQUQlRTUlQjElQjElMjZsciUzRCVFNCVCOCVBRCVFNSVCMSVCMSUyNmZ0JTNEJTdCJTdE#from=mpl_search_suggest,-1.0,N/A,N/A,"景区暂时停业，详情请以景区公示为准；原开放时间:8月1日-12月31日周一-周四9:30-18:00,17:00停止入场；周五-周日9:30-22:00,21:00停止入场。",https://mp-piao-admincp.qunarzz.com/mp_piao_admin_mp_piao_admin/admin/20217/30d54820c6727b9958d585769ab3c5c2.png_710x360_c2302e12.png,"{""ret"": true, ""data"": {""tagList"": [{""tagType"": 0, ""tagScore"": 5, ""tagNum"": 0, ""tagName"": ""\u5168\u90e8""}], ""score"": 0.0, ""commentCount"": 0}, ""statusCode"": 200}"
大鹿农业园,https://qimgs.qunarzz.com/piao_qsight_provider_piao_qsight_web/temp145982036051013828360100o12000augmkxw2EE9_wmr.jpg_280x200_da86a1d0.jpg,揭阳市,普宁市,广东省揭阳市普宁市大南山街道利泰大道飞鹅岭,-1,-1.0,利泰飞鹅岭农业公园位于普宁市大南山街道飞鹅岭，毗邻三坑水库，由广东利泰农业开发有限公司投资兴建。园区占地面积2015亩，,https://piao.qunar.com/ticket/detail_1644581229.html?st=a3clM0QlRTYlOTklQUUlRTUlQUUlODElRTUlQjglODIlMjZpZCUzRDUxNDQzMCUyNnR5cGUlM0QwJTI2aWR4JTNEOCUyNnF0JTNEJTI2YXBrJTNEMiUyNnNjJTNEV1dXJTI2dXIlM0QlRTQlQjglQUQlRTUlQjElQjElMjZsciUzRCVFNCVCOCVBRCVFNSVCMSVCMSUyNmZ0JTNEJTdCJTdE#from=mpl_search_suggest,-1.0,N/A,利泰飞鹅岭农业公园位于普宁市大南山街道飞鹅岭，毗邻三坑水库，由广东利泰农业开发有限公司投资兴建。园区占地面积2015亩，处小尖峰海拔高度412.8米。这里四季常青、气候温和、雨水充沛，年平均气温21.3℃，年平均降雨量2100多毫米，森林覆盖率达91.5%以上。结合大南山腹地良好的自然风貌和秀美的山水风光，园区充分将生态景观、休闲农业旅游观光、潮汕地域文化和健康主题等多元化元素融入其中，秉承“倡绿色，造环境，建美好利泰；积厚德，耕福岭，守健康之源”的理念，致力于将利泰飞鹅岭农业公园于打造“一场一峰一天地，一湖一园一世界”的森林氧吧、世外桃源。利泰飞鹅岭农业公园分为生态观光区、设施农业区和游客活动中心三大板块。其中生态观光区包括飞鹅湖、铭心园等景点；设施农业区建有农植观光园、科普长廊、文心游步道、祠堂等观光点；游客活动中心位于利泰文化广场，包括水上舞台、游乐场、室内及户外体育场馆等多种活动场地。近年来，通过不断地开发建设，利泰飞鹅岭农业公园的水、电、路、通讯等基础设施日臻完善，交通、食宿、休闲、娱乐、购物、停车等旅游设施一应俱全，旅游服务*能明显提高，形成了集生态和农旅观光、休闲娱乐、健康养生、文化传承于一体的特色景区。2019年，被广东省农业农村厅评为“AAAA级广东农业公园”。,06:30-23:30,https://qimgs.qunarzz.com/piao_qsight_provider_piao_qsight_web/temp145982036051013828360100o12000augmkxw2EE9_wmr.jpg_710x360_0522be00.jpg,"{""ret"": true, ""data"": {""tagList"": [{""tagType"": 0, ""tagScore"": 5, ""tagNum"": 0, ""tagName"": ""\u5168\u90e8""}], ""score"": 0.0, ""commentCount"": 0}, ""statusCode"": 200}"
万泰汇购物中心梦幻雨屋,https://imgs.qunarzz.com/sight/p0/1706/97/97cc52576824b84da3.water.jpg_280x200_de29b995.jpg,揭阳市,普宁市,广东省普宁市万泰汇购物中心广场,-1,-1.0,雨屋”是美国纽约现代艺术博物馆生态主题展览的一部分，设在馆中一个100平方米左右的昏暗房间里。屋内，大雨持续不断，但是屋,https://piao.qunar.com/ticket/detail_1720976024.html?st=a3clM0QlRTYlOTklQUUlRTUlQUUlODElRTUlQjglODIlMjZpZCUzRDQ2NDkxNiUyNnR5cGUlM0QwJTI2aWR4JTNENyUyNnF0JTNEJTI2YXBrJTNEMiUyNnNjJTNEV1dXJTI2dXIlM0QlRTQlQjglQUQlRTUlQjElQjElMjZsciUzRCVFNCVCOCVBRCVFNSVCMSVCMSUyNmZ0JTNEJTdCJTdE#from=mpl_search_suggest,-1.0,N/A,雨屋”是美国纽约现代艺术博物馆生态主题展览的一部分，设在馆中一个100平方米左右的昏暗房间里。屋内，大雨持续不断，但是屋中的雨和屋外的雨却完全不同，因为不管人走到哪里，都不会被淋湿，就好像是雨在躲着人一样。,暂无,https://imgs.qunarzz.com/sight/p0/1706/97/97cc52576824b84da3.water.jpg_710x360_d8463355.jpg,"{""ret"": true, ""data"": {""tagList"": [{""tagType"": 0, ""tagScore"": 5, ""tagNum"": 0, ""tagName"": ""\u5168\u90e8""}], ""score"": 0.0, ""commentCount"": 0}, ""statusCode"": 200}"
金兰港温泉大酒店,https://imgs.qunarzz.com/sight/p0/201303/14/4ef0adb1bd2fbee3c8d65eac.png_280x200_7a1be589.png,揭阳市,普宁市,广东省揭阳普宁市流沙东埔服装加工区,-1,-1.0,让你惬意享受，一份舒适，一份宁静,https://piao.qunar.com/ticket/detail_349404212.html?st=a3clM0QlRTYlOTklQUUlRTUlQUUlODElRTUlQjglODIlMjZpZCUzRDE4NzQ3NiUyNnR5cGUlM0QwJTI2aWR4JTNENiUyNnF0JTNEJTI2YXBrJTNEMiUyNnNjJTNEV1dXJTI2dXIlM0QlRTQlQjglQUQlRTUlQjElQjElMjZsciUzRCVFNCVCOCVBRCVFNSVCMSVCMSUyNmZ0JTNEJTdCJTdE#from=mpl_search_suggest,-1.0,N/A,金兰港温泉大酒店创办于2011年8月，是由国际著名品牌管理公司与金兰港（国际）温泉酒店有限公司强强联合、倾力打造，奉献给普宁人民的一份大礼。总投资过亿元，营业面积2万余平米，是一家集温泉 KTV娱乐、桑拿保健按摩、水疗SPA、商务客房、中西美食、美容纤体于一体的航母式大规模温泉酒店。酒店内部设有大型温泉池，可同时容纳数百名游客，同时配备了水上安全设备，金兰港室内还设有豪华木桶温泉。,暂无,https://imgs.qunarzz.com/sight/p0/201303/14/4ef0adb1bd2fbee3c8d65eac.png_710x360_85747d84.png,"{""ret"": true, ""data"": {""tagList"": [{""tagType"": 0, ""tagScore"": 5, ""tagNum"": 0, ""tagName"": ""\u5168\u90e8""}], ""score"": 0.0, ""commentCount"": 0}, ""statusCode"": 200}"
普宁3D艺术馆,https://imgs.qunarzz.com/sight/p0/1410/17/f7784292e755dea865312197ea8dc48c.jpg_280x200_e5d9f899.jpg,揭阳市,普宁市,广东省普宁市流沙环市北路普宁广场万泰汇购物中心负一层,2,2.5,体验一场全新的视觉震撼之旅,https://piao.qunar.com/ticket/detail_2296410221.html?st=a3clM0QlRTYlOTklQUUlRTUlQUUlODElRTUlQjglODIlMjZpZCUzRDE5ODQyNyUyNnR5cGUlM0QwJTI2aWR4JTNENSUyNnF0JTNEJTI2YXBrJTNEMiUyNnNjJTNEV1dXJTI2dXIlM0QlRTQlQjglQUQlRTUlQjElQjElMjZsciUzRCVFNCVCOCVBRCVFNSVCMSVCMSUyNmZ0JTNEJTdCJTdE#from=mpl_search_suggest,-1.0,N/A,风靡全球，势不可挡影像零距离互动大狂欢，全新的视觉盛宴，3D艺术打破以往大家对美术欣赏既有的印象，展览中展现二维与三维空间相互激荡出的3D立体虚实艺术之美，更是鼓励民众互动拍照，大秀KUSO的创新展览。50件大胆、创意的作品将邀请您走入幻视艺术世界中，体验一场全新的视觉震撼之旅。3D魔幻艺术展览包括世界名画，立体魔幻，无疆界动物，大冒险，搞笑主题等不同风格的3D立体巨画，每件画作有多种拍摄角度，观众可以自由发挥拍出各种创意照片。,10:00-22:30,https://imgs.qunarzz.com/sight/p0/1410/17/f7784292e755dea865312197ea8dc48c.jpg_710x360_54cb20cd.jpg〇https://imgs.qunarzz.com/sight/p0/1410/17/26856c266c3dd77cde6878533470b4ee.jpg_710x360_27b0e000.jpg〇https://imgs.qunarzz.com/sight/p0/1410/17/46e091782609c7d299ef12dcd7259b82.jpg_710x360_4c50adfd.jpg〇https://imgs.qunarzz.com/sight/p0/1410/17/7f4d8543e7efd27c02650dec872dfd01.jpg_710x360_c6a86be6.jpg,"{""ret"": true, ""data"": {""tagList"": [{""tagType"": 3, ""tagScore"": 5, ""tagNum"": 1, ""tagName"": ""\u5dee\u8bc4""}, {""tagType"": 1, ""tagScore"": 5, ""tagNum"": 1, ""tagName"": ""\u597d\u8bc4""}, {""tagType"": 0, ""tagScore"": 5, ""tagNum"": 2, ""tagName"": ""\u5168\u90e8""}], ""commentList"": [{""author"": ""t*7"", ""content"": ""\u9a97\u4eba\u7684\uff0c\u6ca1\u6709\u8fd9\u4e2a\u5730\u65b9\uff0c\u627e\u4e0d\u5230\uff0c\u90fd\u8bf4\u6ca1\u6709\uff0c\u5730\u5740\u9519\u8bef\u274c"", ""date"": ""2016-10-17"", ""score"": 1, ""commentId"": ""131525784"", ""imgs"": [], ""userNickName"": ""t*7"", ""replyCityName"": """", ""cityName"": """"}, {""author"": ""f*1"", ""content"": ""\u8fd9\u91cc\u9762\u771f\u7684\u4e0d\u7528\u95e8\u7968\u5417\uff1f"", ""date"": ""2015-09-29"", ""score"": 4, ""commentId"": ""80649577"", ""imgs"": [], ""userNickName"": ""f*1"", ""replyCityName"": """", ""cityName"": """"}], ""score"": 2.5, ""commentCount"": 2}, ""statusCode"": 200}"
德安里,https://qimgs.qunarzz.com/piao_qsight_provider_piao_qsight_web/01056120008qix33jA50F_C_900_504.jpg_280x200_36c44962.jpg,揭阳市,普宁市,广东省揭阳市普宁市洪阳镇沿河西路32-33号,74,4.4,始建于清朝的古建筑群,https://piao.qunar.com/ticket/detail_2271183633.html?st=a3clM0QlRTYlOTklQUUlRTUlQUUlODElRTUlQjglODIlMjZpZCUzRDM5MDY1JTI2dHlwZSUzRDAlMjZpZHglM0Q0JTI2cXQlM0QlMjZhcGslM0QyJTI2c2MlM0RXV1clMjZ1ciUzRCVFNCVCOCVBRCVFNSVCMSVCMSUyNmxyJTNEJUU0JUI4JUFEJUU1JUIxJUIxJTI2ZnQlM0QlN0IlN0Q%3D#from=mpl_search_suggest,-1.0,N/A,方耀故居即德安里，在普宁市洪阳镇区东南，为清朝广东水师提督方耀府第。始建于清同治七年（1868年），陆续用二十年时间建成，包括老寨、中寨和新德安里，及绍园。老寨建筑格局为“百鸟朝凰”，中寨和新德安里为“四马拖车”，三寨相连，房屋773间，外置护寨河，总面积4万多平方米，是广东省内罕见的大型府第式建筑组群。德安里位于广东省普宁市洪阳镇区东南，为清朝广东水师提督方耀府第，始建于清同治七年(1868)，陆续用20年时间建成，分“老寨”、“中寨”和“新德安里”三部分。 　　建筑格局老寨俗称“百鸟朝凰”，中寨与新德安里为“四马拖车”，三寨相连，房屋773间，外置护寨河，占地面积4万多平方米。,1/1-12/31；周一至周二；不开放,https://qimgs.qunarzz.com/piao_qsight_provider_piao_qsight_web/01056120008qix33jA50F_C_900_504.jpg_710x360_ed2f8404.jpg〇https://qimgs.qunarzz.com/piao_qsight_provider_piao_qsight_web/0104b120008qixkhv3F8C_C_900_504_Q90_Mtg_7.jpg_710x360_4299390b.jpg〇https://qimgs.qunarzz.com/piao_qsight_provider_piao_qsight_web/0101d120008qixc8d16E7_C_900_504_Q90_Mtg_7.jpg_710x360_5fcbc89c.jpg〇https://qimgs.qunarzz.com/piao_qsight_provider_piao_qsight_web/0103b120008qixkgyAED0_C_900_504_Q90_Mtg_7.jpg_710x360_ac272a71.jpg〇https://qimgs.qunarzz.com/piao_qsight_provider_piao_qsight_web/0100o120008qix5d9C713_C_900_504_Q90_Mtg_7.jpg_710x360_90892d12.jpg〇https://qimgs.qunarzz.com/piao_qsight_provider_piao_qsight_web/01066120008qix2qo5ED6_C_900_504_Q90_Mtg_7.jpg_710x360_4c4e6035.jpg〇https://qimgs.qunarzz.com/piao_qsight_provider_piao_qsight_web/0103u120008qix3pk1CC5_C_900_504_Q90_Mtg_7.jpg_710x360_569ba213.jpg〇https://qimgs.qunarzz.com/piao_qsight_provider_piao_qsight_web/0104n120008qixkapD656_C_900_504_Q90_Mtg_7.jpg_710x360_88ba7042.jpg〇https://qimgs.qunarzz.com/piao_qsight_provider_piao_qsight_web/0100n120008qixisb4D9E_C_900_504_Q90_Mtg_7.jpg_710x360_e22527c9.jpg〇https://qimgs.qunarzz.com/piao_qsight_provider_piao_qsight_web/01056120008qix33jA50F_C_900_504_Q90_Mtg_7.jpg_710x360_dd180c4e.jpg〇https://qimgs.qunarzz.com/piao_qsight_provider_piao_qsight_web/0101g120008qixf3h80A8_C_900_504_Q90_Mtg_7.jpg_710x360_c1b7c0d4.jpg,"{""ret"": true, ""data"": {""tagList"": [{""tagType"": 3, ""tagScore"": 5, ""tagNum"": 2, ""tagName"": ""\u5dee\u8bc4""}, {""tagType"": 2, ""tagScore"": 5, ""tagNum"": 7, ""tagName"": ""\u4e2d\u8bc4""}, {""tagType"": 1, ""tagScore"": 5, ""tagNum"": 64, ""tagName"": ""\u597d\u8bc4""}, {""tagType"": 0, ""tagScore"": 5, ""tagNum"": 74, ""tagName"": ""\u5168\u90e8""}], ""commentList"": [{""author"": ""o*p"", ""content"": ""\u6bd4\u8f83\u6709\u7279\u8272\u7684\u56f4\u5c4b\u5efa\u7b51\uff0c\u5343\u4e07\u4e0d\u8981\u5403\u95e8\u53e3\u7684\u8001\u725b\u8089\u5e97\uff0c\u9ed1\u5e97\u4e00\u4e2a\uff0c\u4e13\u5bb0\u5916\u5730\u4eba\uff01"", ""date"": ""2021-08-21"", ""score"": 5, ""commentId"": ""220445915"", ""imgs"": [], ""userNickName"": ""o*p"", ""replyCityName"": """", ""cityName"": """"}, {""author"": ""\u65bd*1"", ""content"": ""\u8fd9\u6837\u5c0f\u6c14\u7684\u5546\u5bb6\uff0c\u5e94\u8be5\u628a\u4ed6\u62c9\u9ed1\u3002\u5fb7\u5b89\u91cc\u90a3\u91cc\u660e\u660e\u662f\u661f\u671f\u4e00\uff0c\u4e8c\u95ed\u9986\u7684\uff0c\u4f46\u4ed6\u4eec\u8fd8\u5728\u552e\u5356\u95e8\u7968\uff0c\u7b80\u76f4\u662f\u8bd3\u9a97\u987e\u5ba2\u3002\u5b9e\u5728\u592a\u4e0d\u9760\u8c31\u4e86\u3002\u53bb\u54ea\u513f\u4e5f\u592a\u4e0d\u9760\u8c31\u4e86\uff0c\u660e\u660e\u6ca1\u6709\u4fe1\u7528\u7684\u5546\u5bb6\uff0c\u60f3\u4e00\u9897\u5fc3\u90fd\u4e0d\u6253\u7684\uff0c\u4f60\u4eec\u5374\u8981\u6253\u4e00\u9897\u661f\u624d\u80fd\u53d1\u8868\u8bc4\u8bba\u3002"", ""date"": ""2019-11-09"", ""score"": 1, ""commentId"": ""213337122"", ""imgs"": [], ""userNickName"": ""\u65bd*1"", ""replyCityName"": """", ""cityName"": """"}, {""author"": ""x*4"", ""content"": ""\u7528\u6237\u672a\u70b9\u8bc4\uff0c\u7cfb\u7edf\u9ed8\u8ba4\u597d\u8bc4\u3002"", ""date"": ""2020-04-16"", ""score"": 5, ""commentId"": ""214389852"", ""imgs"": [], ""userNickName"": ""x*4"", ""replyCityName"": """", ""cityName"": """"}, {""author"": ""z*5"", ""content"": ""\u7528\u6237\u672a\u70b9\u8bc4\uff0c\u7cfb\u7edf\u9ed8\u8ba4\u597d\u8bc4\u3002"", ""date"": ""2020-02-23"", ""score"": 5, ""commentId"": ""214353946"", ""imgs"": [], ""userNickName"": ""z*5"", ""replyCityName"": """", ""cityName"": """"}, {""author"": ""j*2"", ""content"": ""\u7528\u6237\u672a\u70b9\u8bc4\uff0c\u7cfb\u7edf\u9ed8\u8ba4\u597d\u8bc4\u3002"", ""date"": ""2020-02-01"", ""score"": 5, ""commentId"": ""214185331"", ""imgs"": [], ""userNickName"": ""j*2"", ""replyCityName"": """", ""cityName"": """"}, {""author"": ""j*2"", ""content"": ""\u7528\u6237\u672a\u70b9\u8bc4\uff0c\u7cfb\u7edf\u9ed8\u8ba4\u597d\u8bc4\u3002"", ""date"": ""2020-02-01"", ""score"": 5, ""commentId"": ""214185314"", ""imgs"": [], ""userNickName"": ""j*2"", ""replyCityName"": """", ""cityName"": """"}, {""author"": ""o*0"", ""content"": ""\u7528\u6237\u672a\u70b9\u8bc4\uff0c\u7cfb\u7edf\u9ed8\u8ba4\u597d\u8bc4\u3002"", ""date"": ""2020-01-15"", ""score"": 5, ""commentId"": ""213890998"", ""imgs"": [], ""userNickName"": ""o*0"", ""replyCityName"": """", ""cityName"": """"}, {""author"": ""t*6"", ""content"": ""\u8fd9\u7b97\u662f\u7b2c\u4e09\u6b21\u53bb\u4e86\uff0c\u4f46\u662f\u7b2c\u4e00\u6b21\u901b\u5f97\u8fd9\u4e48\u6df1\u5165\u3002\u56e0\u4e3a\u662f\u5468\u56db\uff0c\u4eba\u5f88\u5c11\uff0c\u53c8\u6709\u4e00\u4e2a\u597d\u201c\u5bfc\u6e38\u201d\uff0c\u4e8e\u662f\u56db\u5904\u6e38\u8d70\u62cd\u7167\u3002\u5f88\u591a\u6b8b\u65e7\u7684\u623f\u5c4b\u85cf\u5728\u6df1\u5904\u88ab\u9057\u5fd8\uff0c\u623f\u5c4b\u7684\u6728\u8d28\u96d5\u523b\u5f88\u591a\u4e5f\u5df2\u88ab\u65f6\u5149\u6b98\u98df\uff0c\u5f53\u5e74\u7684\u5bcc\u8d35\u4eba\u5bb6\u5728\u8fd9\u91cc\u7684\u751f\u6d3b\uff0c\u6211\u4eec\u5f97\u5f88\u7528\u529b\u7684\u53bb\u60f3\u8c61\u3002\u6574\u4e2a\u5efa\u7b51\u7fa4\u5e76\u6ca1\u6709\u5f97\u5230\u5f88\u597d\u7684\u4fdd\u62a4\uff0c\u53ea\u4e0d\u8fc7\u662f\u5f00\u53d1\u51fa\u4e00\u90e8\u5206\u6210\u4e3a\u5c55\u9986\u3001\u53e4\u73a9\u57ce\u3001\u5b66\u793e\u548c\u5404\u79cd\u534f\u4f1a\u2026\u2026\u884c\u8d70\u5176\u4e2d\uff0c\u548c\u5c55\u9986\u7684\u7ba1\u7406\u4eba\u5458\u804a\u5929\uff0c\u5b66\u4e60\u5230\u4e86\u76c6\u683d\u548c\u8d4f\u77f3\u7684\u77e5\u8bc6\u3002\u548c\u5de5\u827a\u54c1\u5320\u4eba\u804a\u5929\uff0c\u4ed6\u5728\u7528\u6728\u6599\u505a\u4e00\u4e2a\u732a\u516b\u6212\u7684\u4e5d\u9f7f\u9489\u8019\u3002\u6709\u7834\u8d25\u7684\u9662\u5b50\uff0c\u6709\u6574\u9f50\u5212\u4e00\u7684\u5c55\u5385\uff0c\u6709\u65b0\u9020\u7684\u5de5\u827a\u54c1\uff0c\u4e5f\u6709\u6c89\u5bc2\u4e86\u8bb8\u591a\u5e74\u7684\u65e7\u65f6\u5668\u76bf\u2026\u53bb\u770b\u53e4\u57ce\u53e4\u9547\u53e4\u6751\u53e4\u5efa\u7b51\uff0c\u8fd8\u662f\u8981\u6162\u6162\u54c1\uff0c\u624d\u61c2\u3002"", ""date"": ""2018-04-27"", ""score"": 5, ""commentId"": ""206034425"", ""imgs"": [{""small"": ""https://imgs.qunarzz.com/p/tts8/1805/38/b318300c31d37502.jpg_120x120_b3802c7a.jpg"", ""title"": """", ""big"": ""https://imgs.qunarzz.com/p/tts8/1805/38/b318300c31d37502.jpg""}, {""small"": ""https://imgs.qunarzz.com/p/tts5/1805/33/94437777ddf9a602.jpg_120x120_d8e5e879.jpg"", ""title"": """", ""big"": ""https://imgs.qunarzz.com/p/tts5/1805/33/94437777ddf9a602.jpg""}, {""small"": ""https://imgs.qunarzz.com/p/tts5/1805/a8/e0b8b343d9a80902.jpg_120x120_41450385.jpg"", ""title"": """", ""big"": ""https://imgs.qunarzz.com/p/tts5/1805/a8/e0b8b343d9a80902.jpg""}, {""small"": ""https://imgs.qunarzz.com/p/tts1/1805/92/81ebddb1ba962402.jpg_120x120_3df91355.jpg"", ""title"": """", ""big"": ""https://imgs.qunarzz.com/p/tts1/1805/92/81ebddb1ba962402.jpg""}, {""small"": ""https://imgs.qunarzz.com/p/tts2/1805/7e/5c471caf83916e02.jpg_120x120_9f216835.jpg"", ""title"": """", ""big"": ""https://imgs.qunarzz.com/p/tts2/1805/7e/5c471caf83916e02.jpg""}, {""small"": ""https://imgs.qunarzz.com/p/tts3/1805/4c/b8a591b18893fa02.jpg_120x120_e0f8c439.jpg"", ""title"": """", ""big"": ""https://imgs.qunarzz.com/p/tts3/1805/4c/b8a591b18893fa02.jpg""}, {""small"": ""https://imgs.qunarzz.com/p/tts1/1805/51/029b2d57a7202.jpg_120x120_91218827.jpg"", ""title"": """", ""big"": ""https://imgs.qunarzz.com/p/tts1/1805/51/029b2d57a7202.jpg""}, {""small"": ""https://imgs.qunarzz.com/p/tts8/1805/96/34c1411d00bb0f02.jpg_120x120_bfbfb66b.jpg"", ""title"": """", ""big"": ""https://imgs.qunarzz.com/p/tts8/1805/96/34c1411d00bb0f02.jpg""}, {""small"": ""https://imgs.qunarzz.com/p/tts6/1805/1b/f1d59d3e7cc40002.jpg_120x120_4d37a1de.jpg"", ""title"": """", ""big"": ""https://imgs.qunarzz.com/p/tts6/1805/1b/f1d59d3e7cc40002.jpg""}, {""small"": ""https://imgs.qunarzz.com/p/tts2/1805/ff/6f9ec0792fb7e102.jpg_120x120_2dd9c02d.jpg"", ""title"": """", ""big"": ""https://imgs.qunarzz.com/p/tts2/1805/ff/6f9ec0792fb7e102.jpg""}, {""small"": ""https://imgs.qunarzz.com/p/tts4/1805/56/f8ee8dd4dd637602.jpg_120x120_3a07e378.jpg"", ""title"": """", ""big"": ""https://imgs.qunarzz.com/p/tts4/1805/56/f8ee8dd4dd637602.jpg""}, {""small"": ""https://imgs.qunarzz.com/p/tts3/1805/3e/2f7635ede3b10002.jpg_120x120_41066a62.jpg"", ""title"": """", ""big"": ""https://imgs.qunarzz.com/p/tts3/1805/3e/2f7635ede3b10002.jpg""}, {""small"": ""https://imgs.qunarzz.com/p/tts7/1805/c9/e80dbf60d2145902.jpg_120x120_934b5dae.jpg"", ""title"": """", ""big"": ""https://imgs.qunarzz.com/p/tts7/1805/c9/e80dbf60d2145902.jpg""}, {""small"": ""https://imgs.qunarzz.com/p/tts5/1805/b2/45aaa2c4c354de02.jpg_120x120_d38dddfc.jpg"", ""title"": """", ""big"": ""https://imgs.qunarzz.com/p/tts5/1805/b2/45aaa2c4c354de02.jpg""}, {""small"": ""https://imgs.qunarzz.com/p/tts7/1805/28/11178aaa05ef2002.jpg_120x120_94feadd8.jpg"", ""title"": """", ""big"": ""https://imgs.qunarzz.com/p/tts7/1805/28/11178aaa05ef2002.jpg""}], ""userNickName"": ""t*6"", ""replyCityName"": """", ""cityName"": """"}, {""author"": ""k*5"", ""content"": ""\u7528\u6237\u672a\u70b9\u8bc4\uff0c\u7cfb\u7edf\u9ed8\u8ba4\u597d\u8bc4\u3002"", ""date"": ""2019-10-23"", ""score"": 5, ""commentId"": ""212797475"", ""imgs"": [], ""userNickName"": ""k*5"", ""replyCityName"": """", ""cityName"": """"}, {""author"": ""z*6"", ""content"": ""\u7528\u6237\u672a\u70b9\u8bc4\uff0c\u7cfb\u7edf\u9ed8\u8ba4\u597d\u8bc4\u3002"", ""date"": ""2019-08-26"", ""score"": 5, ""commentId"": ""211752636"", ""imgs"": [], ""userNickName"": ""z*6"", ""replyCityName"": """", ""cityName"": """"}], ""score"": 4.4, ""commentCount"": 74}, ""statusCode"": 200}"
南溪镇十里桃花农业生态园,https://qimgs.qunarzz.com/piao_qsight_provider_piao_qsight_web/temp175106405256812838490105x1200096bzijp475D_wmr.jpg_280x200_e9923a82.jpg,揭阳市,普宁市,南溪镇北溪村,-1,-1.0,N/A,https://piao.qunar.com/ticket/detail_2795426603.html?st=a3clM0QlRTYlOTklQUUlRTUlQUUlODElRTUlQjglODIlMjZpZCUzRDUxNDE2NSUyNnR5cGUlM0QwJTI2aWR4JTNEMyUyNnF0JTNEJTI2YXBrJTNEMiUyNnNjJTNEV1dXJTI2dXIlM0QlRTQlQjglQUQlRTUlQjElQjElMjZsciUzRCVFNCVCOCVBRCVFNSVCMSVCMSUyNmZ0JTNEJTdCJTdE#from=mpl_search_suggest,35.0,N/A,N/A,1/1-12/31；周一至周日；09:00-21:00开园,https://qimgs.qunarzz.com/piao_qsight_provider_piao_qsight_web/temp175106405256812838490105x1200096bzijp475D_wmr.jpg_710x360_1253f263.jpg,"{""ret"": true, ""data"": {""tagList"": [{""tagType"": 0, ""tagScore"": 5, ""tagNum"": 0, ""tagName"": ""\u5168\u90e8""}], ""score"": 0.0, ""commentCount"": 0}, ""statusCode"": 200}"
盘龙湾温泉度假村,https://qimgs.qunarzz.com/piao_qsight_provider_piao_qsight_web/1lo4t12000bvlgexaEDAB_C_900_504.jpg_280x200_f933e1b1.jpg,揭阳市,普宁市,广东省揭阳市普宁市云落镇109县道,1057,4.8,边泡温泉边看精彩水上表演,https://piao.qunar.com/ticket/detail_3448289078.html?st=a3clM0QlRTYlOTklQUUlRTUlQUUlODElRTUlQjglODIlMjZpZCUzRDM1MjI3JTI2dHlwZSUzRDAlMjZpZHglM0QxJTI2cXQlM0QlMjZhcGslM0QyJTI2c2MlM0RXV1clMjZ1ciUzRCVFNCVCOCVBRCVFNSVCMSVCMSUyNmxyJTNEJUU0JUI4JUFEJUU1JUIxJUIxJTI2ZnQlM0QlN0IlN0Q%3D#from=mpl_search_suggest,75.0,N/A,盘龙湾温泉度假村结合第四代温泉设计理念进行整体规划，并保持原生态自然风貌，合理开发地热资源，全力打造粤东地区超大规模、综合型旅游度假胜地，是您进行商务接待、休闲度假、观光游览、健康养生。盘龙湾温泉度假村是普宁市旅游发展规划的重点项目，项目占地面积80万平方米。规划有温泉度假中心、五星级酒店及会议中心、高级商务会所、水上游乐园、生态农庄、高尔夫球练习场运动健身区等六大*能区。首期开发项目有：日式温泉度假中心、温泉别墅、农家风味餐厅、咖啡厅、休息厅、保健理疗、养生泡浴区等，其中以温泉养生泡浴作为目前主导产品，园内设有强身健体中药浴、娱乐天地童乐泉、美肤“亲亲鱼”、温泉SPA、温泉石板浴、温泉泡蛋池、瀑布池和景观池等40多个特色项目，此外还设有精彩的水上舞台节目表演，使人们置身于温泉中，又能享受精妙绝伦的节目表演，使人心旷神怡，别有情趣。,1/1-12/31；周一至周日；15:00-23:30开园,https://qimgs.qunarzz.com/piao_qsight_provider_piao_qsight_web/1lo4t12000bvlgexaEDAB_C_900_504.jpg_710x360_9ab50c02.jpg〇https://qimgs.qunarzz.com/piao_qsight_provider_piao_qsight_web/1lo0912000bpdx2l9629B_C_900_504_Q90_Mtg_7.jpg_710x360_84e227e1.jpg〇https://qimgs.qunarzz.com/piao_qsight_provider_piao_qsight_web/1lo3r12000bpdx4jo4DBC_C_900_504_Q90_Mtg_7.jpg_710x360_1b54e9f3.jpg〇https://qimgs.qunarzz.com/piao_qsight_provider_piao_qsight_web/100u1f000001gqanxC58D_C_900_504_Q90_Mtg_7.jpg_710x360_455bf10b.jpg〇https://qimgs.qunarzz.com/piao_qsight_provider_piao_qsight_web/1lo1312000epvq1ax2448_C_900_504_Q90_Mtg_7.jpg_710x360_92f39919.jpg〇https://qimgs.qunarzz.com/piao_qsight_provider_piao_qsight_web/1lo3m12000bpdx5msC9B5_C_900_504_Q90_Mtg_7.jpg_710x360_0f6a2e2b.jpg〇https://qimgs.qunarzz.com/piao_qsight_provider_piao_qsight_web/1lo0412000epvqc6a688C_C_900_504_Q90_Mtg_7.jpg_710x360_3dedd754.jpg〇https://qimgs.qunarzz.com/piao_qsight_provider_piao_qsight_web/1lo4k12000bpdx5nq740A_C_900_504_Q90_Mtg_7.jpg_710x360_96b1457f.jpg〇https://qimgs.qunarzz.com/piao_qsight_provider_piao_qsight_web/1lo6m12000bpdxfl3692A_C_900_504_Q90_Mtg_7.jpg_710x360_46269cf2.jpg〇https://qimgs.qunarzz.com/piao_qsight_provider_piao_qsight_web/10070q000000gsk5t45E6_C_900_504_Q90_Mtg_7.jpg_710x360_7c561519.jpg〇https://qimgs.qunarzz.com/piao_qsight_provider_piao_qsight_web/1lo4t12000bvlgexaEDAB_C_900_504_Q90_Mtg_7.jpg_710x360_cff21070.jpg〇https://imgs.qunarzz.com/sight/p0/201301/05/64bc430b2341808d93835fbb.png_710x360_66db5312.png〇https://imgs.qunarzz.com/sight/p0/201301/05/8e32ff3be378d0a193835fbb.png_710x360_89b6f0d0.png〇https://imgs.qunarzz.com/sight/p0/201301/05/eb664b6c22bdac4f93835fbb.png_710x360_0a3c94c9.png〇https://imgs.qunarzz.com/sight/p0/201301/05/bde9f669d4dea0e893835fbb.png_710x360_525dd42e.png,"{""ret"": true, ""data"": {""tagList"": [{""tagType"": 32, ""tagScore"": 5, ""tagNum"": 13, ""tagName"": ""\u670d\u52a1\u597d""}, {""tagType"": 16, ""tagScore"": 5, ""tagNum"": 14, ""tagName"": ""\u9760\u8c31""}, {""tagType"": 8, ""tagScore"": 5, ""tagNum"": 12, ""tagName"": ""\u4fbf\u5b9c""}, {""tagType"": 4, ""tagScore"": 5, ""tagNum"": 16, ""tagName"": ""\u53d6\u7968\u65b9\u4fbf""}, {""tagType"": 3, ""tagScore"": 5, ""tagNum"": 2, ""tagName"": ""\u5dee\u8bc4""}, {""tagType"": 2, ""tagScore"": 5, ""tagNum"": 19, ""tagName"": ""\u4e2d\u8bc4""}, {""tagType"": 1, ""tagScore"": 5, ""tagNum"": 1020, ""tagName"": ""\u597d\u8bc4""}, {""tagType"": 0, ""tagScore"": 5, ""tagNum"": 1057, ""tagName"": ""\u5168\u90e8""}], ""commentList"": [{""author"": ""y*6"", ""content"": ""\u7528\u6237\u672a\u70b9\u8bc4\uff0c\u7cfb\u7edf\u9ed8\u8ba4\u597d\u8bc4\u3002"", ""date"": ""2024-12-22"", ""score"": 5, ""commentId"": ""239317170"", ""imgs"": [], ""userNickName"": ""y*6"", ""replyCityName"": """", ""cityName"": """"}, {""author"": ""\u53bb*\u6237"", ""content"": ""\u7528\u6237\u672a\u70b9\u8bc4\uff0c\u7cfb\u7edf\u9ed8\u8ba4\u597d\u8bc4\u3002"", ""date"": ""2024-12-17"", ""score"": 5, ""commentId"": ""239259672"", ""imgs"": [], ""userNickName"": ""\u53bb*\u6237"", ""replyCityName"": """", ""cityName"": """"}, {""author"": ""\u8c6a*3"", ""content"": ""\u7528\u6237\u672a\u70b9\u8bc4\uff0c\u7cfb\u7edf\u9ed8\u8ba4\u597d\u8bc4\u3002"", ""date"": ""2024-12-11"", ""score"": 5, ""commentId"": ""239199197"", ""imgs"": [], ""userNickName"": ""\u8c6a*3"", ""replyCityName"": """", ""cityName"": """"}, {""author"": ""\u53bb*\u6237"", ""content"": ""\u7528\u6237\u672a\u70b9\u8bc4\uff0c\u7cfb\u7edf\u9ed8\u8ba4\u597d\u8bc4\u3002"", ""date"": ""2024-12-11"", ""score"": 5, ""commentId"": ""239199167"", ""imgs"": [], ""userNickName"": ""\u53bb*\u6237"", ""replyCityName"": """", ""cityName"": """"}, {""author"": ""\u53bb*\u6237"", ""content"": ""\u7528\u6237\u672a\u70b9\u8bc4\uff0c\u7cfb\u7edf\u9ed8\u8ba4\u597d\u8bc4\u3002"", ""date"": ""2024-12-04"", ""score"": 5, ""commentId"": ""239102493"", ""imgs"": [], ""userNickName"": ""\u53bb*\u6237"", ""replyCityName"": """", ""cityName"": """"}, {""author"": ""o*4"", ""content"": ""\u7528\u6237\u672a\u70b9\u8bc4\uff0c\u7cfb\u7edf\u9ed8\u8ba4\u597d\u8bc4\u3002"", ""date"": ""2024-11-03"", ""score"": 5, ""commentId"": ""238290296"", ""imgs"": [], ""userNickName"": ""o*4"", ""replyCityName"": """", ""cityName"": """"}, {""author"": ""o*4"", ""content"": ""\u7528\u6237\u672a\u70b9\u8bc4\uff0c\u7cfb\u7edf\u9ed8\u8ba4\u597d\u8bc4\u3002"", ""date"": ""2024-11-03"", ""score"": 5, ""commentId"": ""238289681"", ""imgs"": [], ""userNickName"": ""o*4"", ""replyCityName"": """", ""cityName"": """"}, {""author"": ""x*0"", ""content"": ""\u7528\u6237\u672a\u70b9\u8bc4\uff0c\u7cfb\u7edf\u9ed8\u8ba4\u597d\u8bc4\u3002"", ""date"": ""2024-11-02"", ""score"": 5, ""commentId"": ""238035858"", ""imgs"": [], ""userNickName"": ""x*0"", ""replyCityName"": """", ""cityName"": """"}, {""author"": ""\u7389*y"", ""content"": ""\u7528\u6237\u672a\u70b9\u8bc4\uff0c\u7cfb\u7edf\u9ed8\u8ba4\u597d\u8bc4\u3002"", ""date"": ""2024-10-17"", ""score"": 5, ""commentId"": ""237706341"", ""imgs"": [], ""userNickName"": ""\u7389*y"", ""replyCityName"": """", ""cityName"": """"}, {""author"": ""g*6"", ""content"": ""\u7528\u6237\u672a\u70b9\u8bc4\uff0c\u7cfb\u7edf\u9ed8\u8ba4\u597d\u8bc4\u3002"", ""date"": ""2024-10-16"", ""score"": 5, ""commentId"": ""237665648"", ""imgs"": [], ""userNickName"": ""g*6"", ""replyCityName"": """", ""cityName"": """"}], ""score"": 4.8, ""commentCount"": 1057}, ""statusCode"": 200}"
粗坑村,https://imgs.qunarzz.com/sight/p24/201211/04/8ce9c07b2e04ab6593835fbb.jpg_280x200_6cbe8ee3.jpg,揭阳市,揭西县,揭阳市揭西县近粗坑学校,2,4.0,该村有始建于1804年，至今已有200多年历史的苏州园林式古民居。它的建筑风格既呈现巍峨庄重严肃的宫殿式格局，又融进潮汕,https://piao.qunar.com/ticket/detail_2570750948.html?st=a3clM0QlRTYlOEYlQUQlRTglQTUlQkYlRTUlOEUlQkYlMjZpZCUzRDM1NzklMjZ0eXBlJTNEMCUyNmlkeCUzRDEyJTI2cXQlM0QlMjZhcGslM0QyJTI2c2MlM0RXV1clMjZ1ciUzRCVFNCVCOCVBRCVFNSVCMSVCMSUyNmxyJTNEJUU0JUI4JUFEJUU1JUIxJUIxJTI2ZnQlM0QlN0IlN0Q%3D#from=mpl_search_suggest,-1.0,N/A,该村有始建于1804年，至今已有200多年历史的苏州园林式古民居。它的建筑风格既呈现巍峨庄重严肃的宫殿式格局，又融进潮汕“四点金”、“下山虎”的建筑特点，还继承了客家人围拢屋的传统，同时也巧妙地运用了苏州园林优雅的格调”、“三壁联珠”、“乐善处”。具有“四马拖车”、“九厅十八井”的建筑格局。当地党政及村委会决定多方筹措资金，对该建筑物进行修复，包装成旅游景点，以发展特色旅游拉动当地经济发展,1/1-12/31；周一至周日；全天开放,https://imgs.qunarzz.com/sight/p24/201211/04/8ce9c07b2e04ab6593835fbb.jpg_710x360_f43f8d89.jpg,"{""ret"": true, ""data"": {""tagList"": [{""tagType"": 2, ""tagScore"": 5, ""tagNum"": 1, ""tagName"": ""\u4e2d\u8bc4""}, {""tagType"": 1, ""tagScore"": 5, ""tagNum"": 1, ""tagName"": ""\u597d\u8bc4""}, {""tagType"": 0, ""tagScore"": 5, ""tagNum"": 2, ""tagName"": ""\u5168\u90e8""}], ""commentList"": [{""author"": ""k*6"", ""content"": ""\u7528\u6237\u672a\u70b9\u8bc4\uff0c\u7cfb\u7edf\u9ed8\u8ba4\u597d\u8bc4\u3002"", ""date"": ""2021-12-23"", ""score"": 5, ""commentId"": ""221641082"", ""imgs"": [], ""userNickName"": ""k*6"", ""replyCityName"": """", ""cityName"": """"}, {""author"": ""\u5415*\u6d32"", ""content"": ""\u8fd9\u666f\u70b9\u5728\u54ea\u91cc\uff01\uff01\uff1f\uff1f\uff1f"", ""date"": ""2015-06-10"", ""score"": 3, ""commentId"": ""53503992"", ""imgs"": [], ""userNickName"": ""\u5415*\u6d32"", ""replyCityName"": """", ""cityName"": """"}], ""score"": 4.0, ""commentCount"": 2}, ""statusCode"": 200}"
揭西石内河,https://imgs.qunarzz.com/sight/p0/201301/11/39b34a84dcfedfec93835fbb.png_280x200_f3c210a3.png,揭阳市,揭西县,广东省揭阳市揭西县坪上镇石内路八号,10,4.2,顺流而下，时时有惊无险,https://piao.qunar.com/ticket/detail_2917860362.html?st=a3clM0QlRTYlOEYlQUQlRTglQTUlQkYlRTUlOEUlQkYlMjZpZCUzRDM1NTEyJTI2dHlwZSUzRDAlMjZpZHglM0QxMSUyNnF0JTNEJTI2YXBrJTNEMiUyNnNjJTNEV1dXJTI2dXIlM0QlRTQlQjglQUQlRTUlQjElQjElMjZsciUzRCVFNCVCOCVBRCVFNSVCMSVCMSUyNmZ0JTNEJTdCJTdE#from=mpl_search_suggest,-1.0,N/A,揭西石内河漂流是广东省旅游局推荐的百家生态保健旅游点之一，位于粤东揭西县城东南约7.5公里。漂流全长约4.5公里，漂流时间约2小时。置身于天然氧吧，在清山绿水中乘坐着双人充气船，顺流而下，错落起伏，时时有惊，处处无险，急流险滩将给你带来不同的感受，引发无穷的乐趣。石内河还有另一番世界奇观冰臼群，距今有三百万年以前大冰川遗迹。是中国地质研究所的韩同林教授发现的。整条河都躺着千姿百态的奇臼怪石，既奥妙又神奇。予人遐想与启迪。数量之多和保存之完好，在国内外实属罕见，是科研宝库，更是旅游胜地。,景区暂时停业，详情请以景区公示为准。原开放时间:夏季9:00-16:00；开漂时间:10:00、13:00、15:00,https://imgs.qunarzz.com/sight/p0/201301/11/39b34a84dcfedfec93835fbb.png_710x360_ce496327.png〇https://imgs.qunarzz.com/sight/p0/201301/11/b7ff767050136e9a93835fbb.png_710x360_7c0ddadd.png〇https://imgs.qunarzz.com/sight/p0/201301/11/cc95fb9ba62f3b6493835fbb.png_710x360_b2dd8a61.png〇https://imgs.qunarzz.com/sight/p0/201301/11/195d30c24e7fba8393835fbb.png_710x360_a0a4244e.png〇https://imgs.qunarzz.com/sight/p0/201301/11/53489c240c758fda93835fbb.png_710x360_b76c5317.png,"{""ret"": true, ""data"": {""tagList"": [{""tagType"": 32, ""tagScore"": 5, ""tagNum"": 2, ""tagName"": ""\u670d\u52a1\u597d""}, {""tagType"": 16, ""tagScore"": 5, ""tagNum"": 2, ""tagName"": ""\u9760\u8c31""}, {""tagType"": 8, ""tagScore"": 5, ""tagNum"": 2, ""tagName"": ""\u4fbf\u5b9c""}, {""tagType"": 4, ""tagScore"": 5, ""tagNum"": 3, ""tagName"": ""\u53d6\u7968\u65b9\u4fbf""}, {""tagType"": 2, ""tagScore"": 5, ""tagNum"": 4, ""tagName"": ""\u4e2d\u8bc4""}, {""tagType"": 1, ""tagScore"": 5, ""tagNum"": 6, ""tagName"": ""\u597d\u8bc4""}, {""tagType"": 0, ""tagScore"": 5, ""tagNum"": 10, ""tagName"": ""\u5168\u90e8""}], ""commentList"": [{""author"": ""p*9"", ""content"": ""\u600e\u4e48\u5df2\u7ecf\u5012\u95ed\u4e86\ud83d\ude0a\uff0c\u4e0d\u6765\u8fd8\u4e0d\u77e5\u9053"", ""date"": ""2017-08-14"", ""score"": 5, ""commentId"": ""201855751"", ""imgs"": [], ""userNickName"": ""p*9"", ""replyCityName"": """", ""cityName"": """"}, {""author"": ""w*8"", ""content"": ""\u6709\u60ca\u65e0\u9669\uff0c\u4e24\u4eba\u5750\u7a33\uff0c\u4e0d\u4f1a\u7ffb\u8239\u3002\u592a\u9633\u592a\u8fa3\u65f6\u8981\u6ce8\u610f\u9632\u6652\uff0c\u8239\u88ab\u6fc0\u6d41\u51b2\u5230\u5cb8\u8fb9\u65f6\u6ce8\u610f\u5cb8\u4e0a\u7684\u4e1c\u897f\uff01..I..."", ""date"": ""2016-08-22"", ""score"": 5, ""commentId"": ""126198221"", ""imgs"": [{""small"": ""https://imgs.qunarzz.com/piao/fusion/1608/72/6e667a372780a402.jpg_120x120_b63194a6.jpg"", ""title"": """", ""big"": ""https://imgs.qunarzz.com/piao/fusion/1608/72/6e667a372780a402.jpg""}], ""userNickName"": ""w*8"", ""replyCityName"": """", ""cityName"": """"}, {""author"": ""y*7"", ""content"": ""\u539f\u751f\u6001\uff0c\u670d\u52a1\u5468\u5230\u3002\u4ef7\u683c\u4fbf\u5b9c\u3002"", ""date"": ""2016-09-20"", ""score"": 3, ""commentId"": ""128870550"", ""imgs"": [], ""userNickName"": ""y*7"", ""replyCityName"": """", ""cityName"": """"}, {""author"": ""f*9"", ""content"": ""\u633a\u4e0d\u9519\u7684\uff0c\u552e\u7968\u963f\u59e8\u4eba\u597d\u597d"", ""date"": ""2016-06-12"", ""score"": 5, ""commentId"": ""118727341"", ""imgs"": [], ""userNickName"": ""f*9"", ""replyCityName"": """", ""cityName"": """"}, {""author"": ""f*9"", ""content"": ""\u633a\u4e0d\u9519\u7684\u4f53\u9a8c\uff0c\u552e\u7968\u963f\u59e8\u4eba\u5f88\u597d\uff01"", ""date"": ""2016-06-12"", ""score"": 5, ""commentId"": ""118727329"", ""imgs"": [], ""userNickName"": ""f*9"", ""replyCityName"": """", ""cityName"": """"}, {""author"": ""c*7"", ""content"": ""\u7b2c\u4e00\u6b21\u53bb\u73a9\uff01\u611f\u89c9\u4e0d\u600e\u4e48\u6837\uff01\u4e0d\u8fc7\u53bb\u6f02\u6d41\u7684\u8fc7\u7a0b\u8fd8\u662f\u5f88\u523a\u6fc0\u7684\uff01\u6ca1\u53bb\u8fc7\u7684\u53ef\u4ee5\u53bb\u73a9\u73a9\uff01\u7f51\u4e0a\u9884\u5b9a\u4f1a\u4fbf\u5b9c\uff0c\u5efa\u8bae\u4e0d\u8981\u4f11\u5047\u65e5\u53bb\uff0c\u6700\u597d\u662f\u4f11\u5047\u65e5\u524d\u4e00\u5929\u8ba2\uff01"", ""date"": ""2015-11-09"", ""score"": 3, ""commentId"": ""90199366"", ""imgs"": [], ""userNickName"": ""c*7"", ""replyCityName"": """", ""cityName"": """"}, {""author"": ""c*g"", ""content"": ""\u4e00\u822c\uff0c\u4e00\u70b9\u90fd\u4e0d\u591f\u523a\u6fc0\uff0c\u8fd8\u6ca1\u6709\u4e30\u987a\u7684\u597d\u73a9"", ""date"": ""2015-08-03"", ""score"": 3, ""commentId"": ""63794524"", ""imgs"": [{""small"": ""https://imgs.qunarzz.com/piao/fusion/1508/5c/e51df900b3dd8.jpg_120x120_d607c807.jpg"", ""title"": """", ""big"": ""https://imgs.qunarzz.com/piao/fusion/1508/5c/e51df900b3dd8.jpg""}], ""userNickName"": ""c*g"", ""replyCityName"": """", ""cityName"": """"}, {""author"": ""j*3"", ""content"": ""\u73a9\u5f97\u5f88\u5f00\u5fc3\uff0c\u4e0b\u6b21\u8fd8\u8981\u5728\u7f51\u8d2d\u7968\uff0c\u5f88\u65b9\u4fbf!"", ""date"": ""2015-06-20"", ""score"": 5, ""commentId"": ""55111620"", ""imgs"": [], ""userNickName"": ""j*3"", ""replyCityName"": """", ""cityName"": """"}, {""author"": ""s*2"", ""content"": ""\u4e0d\u9519\u3002\u3002\u3002\u3002\u3002\u3002\u3002\u3002\u503c\u5f97\u53bb"", ""date"": ""2015-04-17"", ""score"": 5, ""commentId"": ""41833080"", ""imgs"": [], ""userNickName"": ""s*2"", ""replyCityName"": """", ""cityName"": """"}, {""author"": ""\u5415*\u6d32"", ""content"": ""\u6cb3\u6c34\u6e05\u6f88\u89c1\u5e95\uff01\u5fc3\u60c5\u6021\u7136\u5f00\u9614\uff01"", ""date"": ""2015-06-10"", ""score"": 3, ""commentId"": ""53502993"", ""imgs"": [], ""userNickName"": ""\u5415*\u6d32"", ""replyCityName"": """", ""cityName"": """"}], ""score"": 4.2, ""commentCount"": 10}, ""statusCode"": 200}"
利泰飞鹅岭农业公园,https://qimgs.qunarzz.com/piao_qsight_provider_piao_qsight_web/0103z120009ddl09gBADB_C_900_504.jpg_280x200_69adc52b.jpg,揭阳市,普宁市,广东省揭阳市普宁市大南山街道利泰大道飞鹅岭,-1,-1.0,利泰飞鹅岭农业公园位于普宁市大南山街道飞鹅岭，毗邻三坑水库，由广东利泰农业开发有限公司投资兴建。 园区占地面积2015亩,https://piao.qunar.com/ticket/detail_2701695322.html?st=a3clM0QlRTYlOTklQUUlRTUlQUUlODElRTUlQjglODIlMjZpZCUzRDUxNDY0OSUyNnR5cGUlM0QwJTI2aWR4JTNEMiUyNnF0JTNEJTI2YXBrJTNEMiUyNnNjJTNEV1dXJTI2dXIlM0QlRTQlQjglQUQlRTUlQjElQjElMjZsciUzRCVFNCVCOCVBRCVFNSVCMSVCMSUyNmZ0JTNEJTdCJTdE#from=mpl_search_suggest,27.5,N/A,利泰飞鹅岭农业公园位于普宁市大南山街道飞鹅岭，毗邻三坑水库，由广东利泰农业开发有限公司投资兴建。 园区占地面积2015亩，高处小尖峰海拔高度412.8米，分为生态观光区、设施农业区和游客活动中心三区域。 这里四季常青、气候温和、雨水充沛，年平均气温21.3℃，年平均降雨量2100多毫米，森林覆盖率达91.5%以上，是休闲农业旅游观光的胜地,1/1-12/31；周一至周日；09:00-22:00开园,https://qimgs.qunarzz.com/piao_qsight_provider_piao_qsight_web/0103z120009ddl09gBADB_C_900_504.jpg_710x360_fa5ff139.jpg〇https://qimgs.qunarzz.com/piao_qsight_provider_piao_qsight_web/0103p120009ddkwuv0547_C_900_504_Q90_Mtg_7.jpg_710x360_9a8d85c5.jpg〇https://qimgs.qunarzz.com/piao_qsight_provider_piao_qsight_web/0102e120009ddkw00EE06_C_900_504_Q90_Mtg_7.jpg_710x360_17a47752.jpg〇https://qimgs.qunarzz.com/piao_qsight_provider_piao_qsight_web/01042120009ddkr4340D1_C_900_504_Q90_Mtg_7.png_710x360_abd1bc15.png〇https://qimgs.qunarzz.com/piao_qsight_provider_piao_qsight_web/0102s120009ddl0vx06D0_C_900_504_Q90_Mtg_7.jpg_710x360_968f8c10.jpg〇https://qimgs.qunarzz.com/piao_qsight_provider_piao_qsight_web/0106h120009ddkuk34645_C_900_504_Q90_Mtg_7.jpg_710x360_a47fe39a.jpg〇https://qimgs.qunarzz.com/piao_qsight_provider_piao_qsight_web/0103z120009ddl09gBADB_C_900_504_Q90_Mtg_7.jpg_710x360_19a300a6.jpg,"{""ret"": true, ""data"": {""tagList"": [{""tagType"": 0, ""tagScore"": 5, ""tagNum"": 0, ""tagName"": ""\u5168\u90e8""}], ""score"": 0.0, ""commentCount"": 0}, ""statusCode"": 200}"
