景点名称,景点图片,city,county,景点地址,景点参观人数,景点评分,景点短语,景点链接,景点最低价格,景点等级,景点详细信息,景点开放时间,景点图片合集,json
紫霞山庄,https://imgs.qunarzz.com/sight/p0/201303/29/d5710a10a9e18e58c8d65eac.jpg_280x200_5d1177bb.jpg,河源市,紫金县,广东省河源市紫金县古竹镇越王山旅游区,-1,-1.0,河源越王山景区紫霞山庄座落于紫金县古竹镇越王山旅游风景区内，山庄内的特点乡村度假屋临水而建，设施齐备，支持无线wifi上,https://piao.qunar.com/ticket/detail_4045235718.html?st=a3clM0QlRTclQjQlQUIlRTklODclOTElRTUlOEUlQkYlMjZpZCUzRDE4ODExNSUyNnR5cGUlM0QwJTI2aWR4JTNENiUyNnF0JTNEJTI2YXBrJTNEMiUyNnNjJTNEV1dXJTI2dXIlM0QlRTQlQjglQUQlRTUlQjElQjElMjZsciUzRCVFNCVCOCVBRCVFNSVCMSVCMSUyNmZ0JTNEJTdCJTdE#from=mpl_search_suggest,-1.0,N/A,河源越王山景区紫霞山庄座落于紫金县古竹镇越王山旅游风景区内，山庄内的特点乡村度假屋临水而建，设施齐备，支持无线wifi上网，房内装饰风格淳朴自然，简单雅致。每间客房都可以观赏到越王山独特的丹霞地貌美景，美丽自然山水景色，山水相融。此外，越王湖上的中餐厅供应各种当地特色美食，亦可举办露天草坪自助烧烤晚会。,暂无,https://imgs.qunarzz.com/sight/p0/201303/29/d5710a10a9e18e58c8d65eac.jpg_710x360_b072ee0c.jpg,"{""ret"": true, ""data"": {""tagList"": [{""tagType"": 0, ""tagScore"": 5, ""tagNum"": 0, ""tagName"": ""\u5168\u90e8""}], ""score"": 0.0, ""commentCount"": 0}, ""statusCode"": 200}"
九和温泉,https://qimgs.qunarzz.com/piao_qsight_provider_piao_qsight_web/temp39794255729538509950103b120008g0582022F2_wmr.jpg_280x200_d2860fd6.jpg,河源市,紫金县,广东省河源市紫金县157县道粮丰农家饭店西南70米,-1,-1.0,自流水温78℃－90℃,https://piao.qunar.com/ticket/detail_2239022733.html?st=a3clM0QlRTclQjQlQUIlRTklODclOTElRTUlOEUlQkYlMjZpZCUzRDUyMzIwOSUyNnR5cGUlM0QwJTI2aWR4JTNENCUyNnF0JTNEJTI2YXBrJTNEMiUyNnNjJTNEV1dXJTI2dXIlM0QlRTQlQjglQUQlRTUlQjElQjElMjZsciUzRCVFNCVCOCVBRCVFNSVCMSVCMSUyNmZ0JTNEJTdCJTdE#from=mpl_search_suggest,-1.0,N/A,N/A,1/1-12/31；周一至周日；08:00-23:59开园,https://qimgs.qunarzz.com/piao_qsight_provider_piao_qsight_web/temp39794255729538509950103b120008g0582022F2_wmr.jpg_710x360_9374ede1.jpg,"{""ret"": true, ""data"": {""tagList"": [{""tagType"": 0, ""tagScore"": 5, ""tagNum"": 0, ""tagName"": ""\u5168\u90e8""}], ""score"": 0.0, ""commentCount"": 0}, ""statusCode"": 200}"
河源越王山风景区,https://qimgs.qunarzz.com/piao_qsight_provider_piao_qsight_web/0102d120009kjqbj84FD3_C_900_504.jpg_280x200_d9980024.jpg,河源市,紫金县,广东省河源市江东新区古竹镇留洞村,304,5.0,山体险峻，主峰四面绝壁,https://piao.qunar.com/ticket/detail_1141805648.html?st=a3clM0QlRTclQjQlQUIlRTklODclOTElRTUlOEUlQkYlMjZpZCUzRDM1NDA3JTI2dHlwZSUzRDAlMjZpZHglM0QyJTI2cXQlM0QlMjZhcGslM0QyJTI2c2MlM0RXV1clMjZ1ciUzRCVFNCVCOCVBRCVFNSVCMSVCMSUyNmxyJTNEJUU0JUI4JUFEJUU1JUIxJUIxJTI2ZnQlM0QlN0IlN0Q%3D#from=mpl_search_suggest,28.0,N/A,越王山风景区位于河源市紫金县古竹镇的东江河畔，方圆两平方公里。越王山属丹霞地貌，由数十个石山组成，险峻而秀美。主峰海拔316米，四面绝壁，谷底及山脚植被茂盛，一片苍翠。从远处看，主峰屹立于群山的簇拥之中，如一位大王在士兵的护卫之下，巡视东江两岸广阔的土地。这是一座具有王者气派的雄伟大山。越王山的名字，本身就已经是一个故事。传说项羽刘邦争霸天下时，龙川县令赵佗奉病重的南海郡尉任嚣之召，顺江南下番禺。船经古竹，见越王山拔地而起，气势磅礴，素有大志的赵佗心里一动，便上山游览。在一道悬崖峭壁之下，赵佗放眼四野，豪气顿发，他面对石壁冷静地分析了天下大势，觉得时机已经成熟，于是立志称王。之后，他受任嚣之托行使南海郡尉的职权，还吞并了象郡和桂林郡。现在的越王山上还有乾坤石、面壁岩、古寨门、打铁场等遗迹。以赵佗的传奇故事为依托，越王山也便有了一系列与越王有关的历史遗迹，让后人在攀登越王山的同时，跨越时空，遥想这位传奇的南越王的故事与足迹。越王山的传说只是山的一种依托，就是体验那种壁虎一样附在石壁上的刺激项目。越王山借助天然的地形之利，设置了天然岩壁攀岩，我们去到的时候，刚好有人在山上攀岩，一片黑压压的山石中，一个小点在慢慢向上蠕动，身体随着长长的绳索悬在半山中，悠悠荡荡。,1/1-12/31；周一至周日；08:00-18:00开园,https://qimgs.qunarzz.com/piao_qsight_provider_piao_qsight_web/0102d120009kjqbj84FD3_C_900_504.jpg_710x360_95a690a0.jpg〇https://qimgs.qunarzz.com/piao_qsight_provider_piao_qsight_web/0102d120009kjqbj84FD3_C_900_504_Q90_Mtg_7.jpg_710x360_9757e9b1.jpg〇https://imgs.qunarzz.com/sight/p0/201301/16/bde51f30afba838893835fbb.png_710x360_96c7cdf9.png〇https://imgs.qunarzz.com/sight/p0/201301/16/27d559bdab9289b893835fbb.png_710x360_ea0b34b0.png〇https://imgs.qunarzz.com/sight/p0/201301/16/d9c269d8b44f992c93835fbb.png_710x360_3398f7db.png〇https://imgs.qunarzz.com/sight/p0/201301/16/e0274ff262c78fe493835fbb.png_710x360_efc1b0b4.png,"{""ret"": true, ""data"": {""tagList"": [{""tagType"": 3, ""tagScore"": 5, ""tagNum"": 1, ""tagName"": ""\u5dee\u8bc4""}, {""tagType"": 2, ""tagScore"": 5, ""tagNum"": 1, ""tagName"": ""\u4e2d\u8bc4""}, {""tagType"": 1, ""tagScore"": 5, ""tagNum"": 301, ""tagName"": ""\u597d\u8bc4""}, {""tagType"": 0, ""tagScore"": 5, ""tagNum"": 304, ""tagName"": ""\u5168\u90e8""}], ""commentList"": [{""author"": ""d*2"", ""content"": ""\u7528\u6237\u672a\u70b9\u8bc4\uff0c\u7cfb\u7edf\u9ed8\u8ba4\u597d\u8bc4\u3002"", ""date"": ""2024-12-18"", ""score"": 5, ""commentId"": ""239286810"", ""imgs"": [], ""userNickName"": ""d*2"", ""replyCityName"": """", ""cityName"": """"}, {""author"": ""\u9c81*\u6668"", ""content"": ""\u7528\u6237\u672a\u70b9\u8bc4\uff0c\u7cfb\u7edf\u9ed8\u8ba4\u597d\u8bc4\u3002"", ""date"": ""2024-12-09"", ""score"": 5, ""commentId"": ""239154092"", ""imgs"": [], ""userNickName"": ""\u9c81*\u6668"", ""replyCityName"": """", ""cityName"": """"}, {""author"": ""\u9c81*\u6668"", ""content"": ""\u7528\u6237\u672a\u70b9\u8bc4\uff0c\u7cfb\u7edf\u9ed8\u8ba4\u597d\u8bc4\u3002"", ""date"": ""2024-12-09"", ""score"": 5, ""commentId"": ""239154033"", ""imgs"": [], ""userNickName"": ""\u9c81*\u6668"", ""replyCityName"": """", ""cityName"": """"}, {""author"": ""\u9c81*\u6668"", ""content"": ""\u7528\u6237\u672a\u70b9\u8bc4\uff0c\u7cfb\u7edf\u9ed8\u8ba4\u597d\u8bc4\u3002"", ""date"": ""2024-12-09"", ""score"": 5, ""commentId"": ""239153204"", ""imgs"": [], ""userNickName"": ""\u9c81*\u6668"", ""replyCityName"": """", ""cityName"": """"}, {""author"": ""\u53bb*\u6237"", ""content"": ""\u7528\u6237\u672a\u70b9\u8bc4\uff0c\u7cfb\u7edf\u9ed8\u8ba4\u597d\u8bc4\u3002"", ""date"": ""2024-12-07"", ""score"": 5, ""commentId"": ""239128771"", ""imgs"": [], ""userNickName"": ""\u53bb*\u6237"", ""replyCityName"": """", ""cityName"": """"}, {""author"": ""K*\u61d2"", ""content"": ""\u7528\u6237\u672a\u70b9\u8bc4\uff0c\u7cfb\u7edf\u9ed8\u8ba4\u597d\u8bc4\u3002"", ""date"": ""2024-12-04"", ""score"": 5, ""commentId"": ""239098877"", ""imgs"": [], ""userNickName"": ""K*\u61d2"", ""replyCityName"": """", ""cityName"": """"}, {""author"": ""\u94f6*\u5e08"", ""content"": ""\u7528\u6237\u672a\u70b9\u8bc4\uff0c\u7cfb\u7edf\u9ed8\u8ba4\u597d\u8bc4\u3002"", ""date"": ""2024-12-03"", ""score"": 5, ""commentId"": ""239065055"", ""imgs"": [], ""userNickName"": ""\u94f6*\u5e08"", ""replyCityName"": """", ""cityName"": """"}, {""author"": ""m*8"", ""content"": ""\u7528\u6237\u672a\u70b9\u8bc4\uff0c\u7cfb\u7edf\u9ed8\u8ba4\u597d\u8bc4\u3002"", ""date"": ""2024-12-02"", ""score"": 5, ""commentId"": ""239046891"", ""imgs"": [], ""userNickName"": ""m*8"", ""replyCityName"": """", ""cityName"": """"}, {""author"": ""\u53bb*\u6237"", ""content"": ""\u7528\u6237\u672a\u70b9\u8bc4\uff0c\u7cfb\u7edf\u9ed8\u8ba4\u597d\u8bc4\u3002"", ""date"": ""2024-11-25"", ""score"": 5, ""commentId"": ""238937313"", ""imgs"": [], ""userNickName"": ""\u53bb*\u6237"", ""replyCityName"": """", ""cityName"": """"}, {""author"": ""\u53bb*\u6237"", ""content"": ""\u7528\u6237\u672a\u70b9\u8bc4\uff0c\u7cfb\u7edf\u9ed8\u8ba4\u597d\u8bc4\u3002"", ""date"": ""2024-11-23"", ""score"": 5, ""commentId"": ""238900855"", ""imgs"": [], ""userNickName"": ""\u53bb*\u6237"", ""replyCityName"": """", ""cityName"": """"}], ""score"": 5.0, ""commentCount"": 304}, ""statusCode"": 200}"
河源御临门温泉度假村,https://qimgs.qunarzz.com/piao_qsight_provider_piao_qsight_web/10011f000001h37024715_C_900_504.jpg_280x200_067a2de3.jpg,河源市,紫金县,河源市紫金县九和镇幸福村,327,4.6,别具巴厘岛风情,https://piao.qunar.com/ticket/detail_3550673877.html?st=a3clM0QlRTclQjQlQUIlRTklODclOTElRTUlOEUlQkYlMjZpZCUzRDE0Nzg3JTI2dHlwZSUzRDAlMjZpZHglM0QxJTI2cXQlM0QlMjZhcGslM0QyJTI2c2MlM0RXV1clMjZ1ciUzRCVFNCVCOCVBRCVFNSVCMSVCMSUyNmxyJTNEJUU0JUI4JUFEJUU1JUIxJUIxJTI2ZnQlM0QlN0IlN0Q%3D#from=mpl_search_suggest,118.0,4A景区,御临门温泉度假村是河源市首家按五星级建造的高级温泉度假村，景区是按照国家AAAA标准规划的，建筑风格是巴厘岛风情和客家文化的结合。是在河源市原著名的九和温泉的基础上建造的，温泉经由广东省地质勘探局鉴定：温泉出水口温度高达86℃，含有丰富的矿物质和微量元素。度假村拥有201间装修精美豪华的客房和别墅，每个房间均有宽带网的接线口；其他设施包括：中、西餐厅，会议、宴会中心和健康中心。度假村座落在河源紫金县九和镇，距离河源市区一小时的车程，距离广州市三个半小时的车程，深圳市三个小时车程。,1/1-12/31；周一至周日；08:30-22:00开园,https://qimgs.qunarzz.com/piao_qsight_provider_piao_qsight_web/10011f000001h37024715_C_900_504.jpg_710x360_843198b4.jpg〇https://qimgs.qunarzz.com/piao_qsight_provider_piao_qsight_web/01019120008jkit1i9EE9_C_900_504_Q90_Mtg_7.jpg_710x360_ba57960c.jpg〇https://qimgs.qunarzz.com/piao_qsight_provider_piao_qsight_web/10010s000000i8fy5E4F0_C_900_504_Q90_Mtg_7.jpg_710x360_03e76b45.jpg〇https://qimgs.qunarzz.com/piao_qsight_provider_piao_qsight_web/100d0s000000hu1d2DBDF_C_900_504_Q90_Mtg_7.jpg_710x360_2134087d.jpg〇https://qimgs.qunarzz.com/piao_qsight_provider_piao_qsight_web/10030s000000hx8vpF133_C_900_504_Q90_Mtg_7.jpg_710x360_54a7a90d.jpg〇https://qimgs.qunarzz.com/piao_qsight_provider_piao_qsight_web/10011f000001h37024715_C_900_504_Q90_Mtg_7.jpg_710x360_b6f827b1.jpg〇https://imgs.qunarzz.com/sight/p0/1511/8e/8e6246a91a68c4b490.water.jpg_710x360_fa5b29d5.jpg〇https://imgs.qunarzz.com/sight/p0/1511/83/830ed5fd05041efa90.water.jpg_710x360_7efc4126.jpg〇https://imgs.qunarzz.com/sight/p0/1511/66/664c9157ee65c7690.water.jpg_710x360_0c181746.jpg〇https://imgs.qunarzz.com/sight/p0/1511/28/289004c56976066090.water.jpg_710x360_56ced975.jpg〇https://imgs.qunarzz.com/sight/p0/1411/98/5d66446b37247881c86a3ab469117938.water.jpg_710x360_c7a2d2db.jpg〇https://qimgs.qunarzz.com/piao_qsight_provider_piao_qsight_web/dddb3c8aa56ded02.jpg_710x360_d144320b.jpg〇https://qimgs.qunarzz.com/piao_qsight_provider_piao_qsight_web/a6a1837c372dff02.jpg_710x360_400261e1.jpg〇https://qimgs.qunarzz.com/piao_qsight_provider_piao_qsight_web/54a00b5e8e9f3602.jpg_710x360_2025e86f.jpg〇https://qimgs.qunarzz.com/piao_qsight_provider_piao_qsight_web/0e1cf0e243217a02.jpg_710x360_522726c1.jpg〇https://qimgs.qunarzz.com/piao_qsight_provider_piao_qsight_web/dfc864b8fc777102.jpg_710x360_f9253744.jpg〇https://qimgs.qunarzz.com/piao_qsight_provider_piao_qsight_web/dbbb4c2e61564a02.jpg_710x360_dd26981d.jpg〇https://qimgs.qunarzz.com/piao_qsight_provider_piao_qsight_web/037a84d9e2525302.jpg_710x360_207fec62.jpg〇https://qimgs.qunarzz.com/piao_qsight_provider_piao_qsight_web/cef545803b811402.jpg_710x360_96b9b618.jpg〇https://qimgs.qunarzz.com/piao_qsight_provider_piao_qsight_web/fc52e8c9c0df6102.jpg_710x360_a883c540.jpg〇https://qimgs.qunarzz.com/piao_qsight_provider_piao_qsight_web/119504022860b102.jpg_710x360_502b7e6b.jpg〇https://qimgs.qunarzz.com/piao_qsight_provider_piao_qsight_web/2448e352aa130302.jpg_710x360_462406ca.jpg〇https://qimgs.qunarzz.com/piao_qsight_provider_piao_qsight_web/f943b5cbd4d89002.jpg_710x360_cd457e63.jpg〇https://qimgs.qunarzz.com/piao_qsight_provider_piao_qsight_web/47380b5b07ccbb02.jpg_710x360_91f509c5.jpg〇https://qimgs.qunarzz.com/piao_qsight_provider_piao_qsight_web/1ef115b48484fd02.jpg_710x360_8b98695d.jpg〇https://qimgs.qunarzz.com/piao_qsight_provider_piao_qsight_web/d359e47675464002.jpg_710x360_82eb7bca.jpg〇https://qimgs.qunarzz.com/piao_qsight_provider_piao_qsight_web/e2fa9c609e88d02.jpg_710x360_fa733633.jpg〇https://qimgs.qunarzz.com/piao_qsight_provider_piao_qsight_web/887614e004833b02.jpg_710x360_8a01276b.jpg〇https://qimgs.qunarzz.com/piao_qsight_provider_piao_qsight_web/06f7e135e089e202.jpg_710x360_d044aaf5.jpg〇https://qimgs.qunarzz.com/piao_qsight_provider_piao_qsight_web/e866e71aa410ac02.jpg_710x360_72a0cb1d.jpg〇https://qimgs.qunarzz.com/piao_qsight_provider_piao_qsight_web/6e45d636ede10102.jpg_710x360_5cef5237.jpg,"{""ret"": true, ""data"": {""tagList"": [{""tagType"": 32, ""tagScore"": 5, ""tagNum"": 8, ""tagName"": ""\u670d\u52a1\u597d""}, {""tagType"": 16, ""tagScore"": 5, ""tagNum"": 12, ""tagName"": ""\u9760\u8c31""}, {""tagType"": 8, ""tagScore"": 5, ""tagNum"": 7, ""tagName"": ""\u4fbf\u5b9c""}, {""tagType"": 4, ""tagScore"": 5, ""tagNum"": 12, ""tagName"": ""\u53d6\u7968\u65b9\u4fbf""}, {""tagType"": 3, ""tagScore"": 5, ""tagNum"": 4, ""tagName"": ""\u5dee\u8bc4""}, {""tagType"": 2, ""tagScore"": 5, ""tagNum"": 11, ""tagName"": ""\u4e2d\u8bc4""}, {""tagType"": 1, ""tagScore"": 5, ""tagNum"": 297, ""tagName"": ""\u597d\u8bc4""}, {""tagType"": 0, ""tagScore"": 5, ""tagNum"": 327, ""tagName"": ""\u5168\u90e8""}], ""commentList"": [{""author"": ""\u53bb*\u6237"", ""content"": ""\u7528\u6237\u672a\u70b9\u8bc4\uff0c\u7cfb\u7edf\u9ed8\u8ba4\u597d\u8bc4\u3002"", ""date"": ""2024-12-13"", ""score"": 5, ""commentId"": ""239209481"", ""imgs"": [], ""userNickName"": ""\u53bb*\u6237"", ""replyCityName"": """", ""cityName"": """"}, {""author"": ""\u53bb*\u6237"", ""content"": ""\u7528\u6237\u672a\u70b9\u8bc4\uff0c\u7cfb\u7edf\u9ed8\u8ba4\u597d\u8bc4\u3002"", ""date"": ""2024-11-05"", ""score"": 5, ""commentId"": ""238581266"", ""imgs"": [], ""userNickName"": ""\u53bb*\u6237"", ""replyCityName"": """", ""cityName"": """"}, {""author"": ""\u53bb*\u6237"", ""content"": ""\u7528\u6237\u672a\u70b9\u8bc4\uff0c\u7cfb\u7edf\u9ed8\u8ba4\u597d\u8bc4\u3002"", ""date"": ""2024-11-04"", ""score"": 5, ""commentId"": ""238467088"", ""imgs"": [], ""userNickName"": ""\u53bb*\u6237"", ""replyCityName"": """", ""cityName"": """"}, {""author"": ""\u53bb*\u6237"", ""content"": ""\u7528\u6237\u672a\u70b9\u8bc4\uff0c\u7cfb\u7edf\u9ed8\u8ba4\u597d\u8bc4\u3002"", ""date"": ""2024-11-04"", ""score"": 5, ""commentId"": ""238436875"", ""imgs"": [], ""userNickName"": ""\u53bb*\u6237"", ""replyCityName"": """", ""cityName"": """"}, {""author"": ""\u53bb*\u6237"", ""content"": ""\u7528\u6237\u672a\u70b9\u8bc4\uff0c\u7cfb\u7edf\u9ed8\u8ba4\u597d\u8bc4\u3002"", ""date"": ""2024-11-03"", ""score"": 5, ""commentId"": ""238298196"", ""imgs"": [], ""userNickName"": ""\u53bb*\u6237"", ""replyCityName"": """", ""cityName"": """"}, {""author"": ""d*0"", ""content"": ""\u7528\u6237\u672a\u70b9\u8bc4\uff0c\u7cfb\u7edf\u9ed8\u8ba4\u597d\u8bc4\u3002"", ""date"": ""2024-11-03"", ""score"": 5, ""commentId"": ""238245214"", ""imgs"": [], ""userNickName"": ""d*0"", ""replyCityName"": """", ""cityName"": """"}, {""author"": ""d*0"", ""content"": ""\u7528\u6237\u672a\u70b9\u8bc4\uff0c\u7cfb\u7edf\u9ed8\u8ba4\u597d\u8bc4\u3002"", ""date"": ""2024-11-03"", ""score"": 5, ""commentId"": ""238243676"", ""imgs"": [], ""userNickName"": ""d*0"", ""replyCityName"": """", ""cityName"": """"}, {""author"": ""u*0"", ""content"": ""\u7528\u6237\u672a\u70b9\u8bc4\uff0c\u7cfb\u7edf\u9ed8\u8ba4\u597d\u8bc4\u3002"", ""date"": ""2024-10-31"", ""score"": 5, ""commentId"": ""237929540"", ""imgs"": [], ""userNickName"": ""u*0"", ""replyCityName"": """", ""cityName"": """"}, {""author"": ""\u8046*8"", ""content"": ""\u7528\u6237\u672a\u70b9\u8bc4\uff0c\u7cfb\u7edf\u9ed8\u8ba4\u597d\u8bc4\u3002"", ""date"": ""2024-10-17"", ""score"": 5, ""commentId"": ""237712772"", ""imgs"": [], ""userNickName"": ""\u8046*8"", ""replyCityName"": """", ""cityName"": """"}, {""author"": ""y*7"", ""content"": ""\u7528\u6237\u672a\u70b9\u8bc4\uff0c\u7cfb\u7edf\u9ed8\u8ba4\u597d\u8bc4\u3002"", ""date"": ""2024-10-16"", ""score"": 5, ""commentId"": ""237670453"", ""imgs"": [], ""userNickName"": ""y*7"", ""replyCityName"": """", ""cityName"": """"}], ""score"": 4.6, ""commentCount"": 327}, ""statusCode"": 200}"
瀚杨农博温泉酒店,https://qimgs.qunarzz.com/piao_qsight_provider_piao_qsight_web/temp3174081917722521562100a1f000001grn6v406F_wmr.jpg_280x200_df19a73d.jpg,河源市,紫金县,河源市紫金县九和镇向阳村1号,-1,-1.0,N/A,https://piao.qunar.com/ticket/detail_3639838981.html?st=a3clM0QlRTclQjQlQUIlRTklODclOTElRTUlOEUlQkYlMjZpZCUzRDQ3MTEyNSUyNnR5cGUlM0QwJTI2aWR4JTNENSUyNnF0JTNEJTI2YXBrJTNEMiUyNnNjJTNEV1dXJTI2dXIlM0QlRTQlQjglQUQlRTUlQjElQjElMjZsciUzRCVFNCVCOCVBRCVFNSVCMSVCMSUyNmZ0JTNEJTdCJTdE#from=mpl_search_suggest,-1.0,N/A,N/A,1/1-12/31；周一至周日；08:00-23:30开园,https://qimgs.qunarzz.com/piao_qsight_provider_piao_qsight_web/temp3174081917722521562100a1f000001grn6v406F_wmr.jpg_710x360_22ea0f2c.jpg,"{""ret"": true, ""data"": {""tagList"": [{""tagType"": 0, ""tagScore"": 5, ""tagNum"": 0, ""tagName"": ""\u5168\u90e8""}], ""score"": 0.0, ""commentCount"": 0}, ""statusCode"": 200}"
河源biubiu卡丁车运动馆,https://qimgs.qunarzz.com/piao_qsight_provider_piao_qsight_web/350j1a0000018dq234C64_C_900_504.jpg_280x200_ae87a4d1.jpg,河源市,紫金县,广东省河源市紫金县黄村镇临江镇红地源工业区梧峰大道铭成酒店旁,2,5.0,河源biubiu运动馆位于河源市紫金县，是一家融入休闲性、娱乐性、舒适性、竞技性的大型综合场馆。场内占地面积约10000,https://piao.qunar.com/ticket/detail_860758961.html?st=a3clM0QlRTclQjQlQUIlRTklODclOTElRTUlOEUlQkYlMjZpZCUzRDQ3NjMyOSUyNnR5cGUlM0QwJTI2aWR4JTNEMyUyNnF0JTNEJTI2YXBrJTNEMiUyNnNjJTNEV1dXJTI2dXIlM0QlRTQlQjglQUQlRTUlQjElQjElMjZsciUzRCVFNCVCOCVBRCVFNSVCMSVCMSUyNmZ0JTNEJTdCJTdE#from=mpl_search_suggest,-1.0,N/A,河源biubiu运动馆位于河源市紫金县，是一家融入休闲性、娱乐性、舒适性、竞技性的大型综合场馆。场内占地面积约10000平方米，拥有各种适合个人、家庭的休闲娱乐项目，更是私人生日聚会、主题节日派对、企业团建等活动的好选择。,1/1-12/31；周一至周日；13:30-23:59开园,https://qimgs.qunarzz.com/piao_qsight_provider_piao_qsight_web/350j1a0000018dq234C64_C_900_504.jpg_710x360_6a6689d3.jpg〇https://qimgs.qunarzz.com/piao_qsight_provider_piao_qsight_web/350w1a0000018k8rd0A0B_C_900_504_Q90_Mtg_7.jpg_710x360_12f3d38d.jpg〇https://qimgs.qunarzz.com/piao_qsight_provider_piao_qsight_web/350p1a0000018dcaq5FE6_C_900_504_Q90_Mtg_7.jpg_710x360_8e3c98ff.jpg〇https://qimgs.qunarzz.com/piao_qsight_provider_piao_qsight_web/350o1a0000018d1v14439_C_900_504_Q90_Mtg_7.jpg_710x360_646c5760.jpg〇https://qimgs.qunarzz.com/piao_qsight_provider_piao_qsight_web/35011a0000018r4t6340C_C_900_504_Q90_Mtg_7.jpg_710x360_93714961.jpg〇https://qimgs.qunarzz.com/piao_qsight_provider_piao_qsight_web/35051a0000018gpqa438D_C_900_504_Q90_Mtg_7.jpg_710x360_5d8418bb.jpg〇https://qimgs.qunarzz.com/piao_qsight_provider_piao_qsight_web/10051f000001gsq7g7969_C_900_504_Q90_Mtg_7.jpg_710x360_b355ce58.jpg〇https://qimgs.qunarzz.com/piao_qsight_provider_piao_qsight_web/350q1a0000018fhyu0347_C_900_504_Q90_Mtg_7.jpg_710x360_e2cc2beb.jpg〇https://qimgs.qunarzz.com/piao_qsight_provider_piao_qsight_web/35051a0000018gpqb33EC_C_900_504_Q90_Mtg_7.jpg_710x360_39fdb439.jpg〇https://qimgs.qunarzz.com/piao_qsight_provider_piao_qsight_web/35051a0000018gpqc23CB_C_900_504_Q90_Mtg_7.jpg_710x360_b09117d7.jpg〇https://qimgs.qunarzz.com/piao_qsight_provider_piao_qsight_web/350j1a0000018dq234C64_C_900_504_Q90_Mtg_7.jpg_710x360_2641ccd2.jpg,"{""ret"": true, ""data"": {""tagList"": [{""tagType"": 1, ""tagScore"": 5, ""tagNum"": 2, ""tagName"": ""\u597d\u8bc4""}, {""tagType"": 0, ""tagScore"": 5, ""tagNum"": 2, ""tagName"": ""\u5168\u90e8""}], ""commentList"": [{""author"": ""l*9"", ""content"": ""\u7528\u6237\u672a\u70b9\u8bc4\uff0c\u7cfb\u7edf\u9ed8\u8ba4\u597d\u8bc4\u3002"", ""date"": ""2021-06-02"", ""score"": 5, ""commentId"": ""219186476"", ""imgs"": [], ""userNickName"": ""l*9"", ""replyCityName"": """", ""cityName"": """"}, {""author"": ""\u9498*\u80dc"", ""content"": ""\u7528\u6237\u672a\u70b9\u8bc4\uff0c\u7cfb\u7edf\u9ed8\u8ba4\u597d\u8bc4\u3002"", ""date"": ""2020-10-06"", ""score"": 5, ""commentId"": ""216603544"", ""imgs"": [], ""userNickName"": ""\u9498*\u80dc"", ""replyCityName"": """", ""cityName"": """"}], ""score"": 5.0, ""commentCount"": 2}, ""statusCode"": 200}"
九连山新河漂流,https://imgs.qunarzz.com/sight/p0/201301/16/787fe0246aa73baf93835fbb.jpg_280x200_8abfb3b7.jpg,河源市,连平县,河源市连平县田源镇河头风景区,21,4.9,漂流河段长2.5公里,https://piao.qunar.com/ticket/detail_2321533555.html?st=a3clM0QlRTglQkYlOUUlRTUlQjklQjMlRTUlOEUlQkYlMjZpZCUzRDM4NjQ4JTI2dHlwZSUzRDAlMjZpZHglM0QzJTI2cXQlM0QlMjZhcGslM0QyJTI2c2MlM0RXV1clMjZ1ciUzRCVFNCVCOCVBRCVFNSVCMSVCMSUyNmxyJTNEJUU0JUI4JUFEJUU1JUIxJUIxJTI2ZnQlM0QlN0IlN0Q%3D#from=mpl_search_suggest,-1.0,N/A,新河漂流景区位于连平县田源镇新河村河头自然村，田源镇河头片，漂流河段全长2.5公里，落差达48米。那里滩潭交错，森林覆盖率达98%，良好生态以及优质的漂流资源令人心旷神怡。河道弯曲如银链伸延，水流湍急似飞龙腾跃。让您置身一个“船到山前疑无路，潭过湾转又一滩”的意境。穿行群山，古藤时可触及，仿佛置身“秋千”世界。急在仙境飘，缓在画中游，山色水影，犹如人间仙境，置身其中犹如穿越时空的隧道。漂流河段2.5公里，其中小溪河道1.3公里，大河河道1.2公里，大小河道完善结合，和谐相拥。全程落差48米，动中取静，动静皆宜，既自由、浪漫，又能让您亲身体验驾驭的乐趣，感受挑战大自然的每一个精彩片断。,6/1-8/31；夏季；10:00-17:00开园；（16:30停止入园）,https://imgs.qunarzz.com/sight/p0/201301/16/787fe0246aa73baf93835fbb.jpg_710x360_027d63ac.jpg〇https://imgs.qunarzz.com/sight/p0/201301/17/628dc54ce07cf4cf93835fbb.jpg_710x360_ca7ca775.jpg〇https://imgs.qunarzz.com/sight/p0/201301/17/8dd0a2a1d39a633d93835fbb.jpg_710x360_cf782518.jpg〇https://imgs.qunarzz.com/sight/p0/201301/17/4b8bc770193857c393835fbb.jpg_710x360_3382c382.jpg,"{""ret"": true, ""data"": {""tagList"": [{""tagType"": 1, ""tagScore"": 5, ""tagNum"": 21, ""tagName"": ""\u597d\u8bc4""}, {""tagType"": 0, ""tagScore"": 5, ""tagNum"": 21, ""tagName"": ""\u5168\u90e8""}], ""commentList"": [{""author"": ""\u55e1*\u55e1"", ""content"": ""\u7528\u6237\u672a\u70b9\u8bc4\uff0c\u7cfb\u7edf\u9ed8\u8ba4\u597d\u8bc4\u3002"", ""date"": ""2017-11-06"", ""score"": 5, ""commentId"": ""203501217"", ""imgs"": [], ""userNickName"": ""\u55e1*\u55e1"", ""replyCityName"": """", ""cityName"": """"}, {""author"": ""s*5"", ""content"": ""\u7528\u6237\u672a\u70b9\u8bc4\uff0c\u7cfb\u7edf\u9ed8\u8ba4\u597d\u8bc4\u3002"", ""date"": ""2017-11-03"", ""score"": 5, ""commentId"": ""203370206"", ""imgs"": [], ""userNickName"": ""s*5"", ""replyCityName"": """", ""cityName"": """"}, {""author"": ""T*a"", ""content"": ""\u7528\u6237\u672a\u70b9\u8bc4\uff0c\u7cfb\u7edf\u9ed8\u8ba4\u597d\u8bc4\u3002"", ""date"": ""2017-11-03"", ""score"": 5, ""commentId"": ""203367881"", ""imgs"": [], ""userNickName"": ""T*a"", ""replyCityName"": """", ""cityName"": """"}, {""author"": ""k*1"", ""content"": ""\u7528\u6237\u672a\u70b9\u8bc4\uff0c\u7cfb\u7edf\u9ed8\u8ba4\u597d\u8bc4\u3002"", ""date"": ""2017-09-26"", ""score"": 5, ""commentId"": ""202796142"", ""imgs"": [], ""userNickName"": ""k*1"", ""replyCityName"": """", ""cityName"": """"}, {""author"": ""\u59ff*1"", ""content"": ""\u7528\u6237\u672a\u70b9\u8bc4\uff0c\u7cfb\u7edf\u9ed8\u8ba4\u597d\u8bc4\u3002"", ""date"": ""2017-09-19"", ""score"": 5, ""commentId"": ""202623431"", ""imgs"": [], ""userNickName"": ""\u59ff*1"", ""replyCityName"": """", ""cityName"": """"}, {""author"": ""i*6"", ""content"": ""\u7528\u6237\u672a\u70b9\u8bc4\uff0c\u7cfb\u7edf\u9ed8\u8ba4\u597d\u8bc4\u3002"", ""date"": ""2017-08-29"", ""score"": 5, ""commentId"": ""202094272"", ""imgs"": [], ""userNickName"": ""i*6"", ""replyCityName"": """", ""cityName"": """"}, {""author"": ""t*2"", ""content"": ""\u7528\u6237\u672a\u70b9\u8bc4\uff0c\u7cfb\u7edf\u9ed8\u8ba4\u597d\u8bc4\u3002"", ""date"": ""2017-08-22"", ""score"": 5, ""commentId"": ""201978167"", ""imgs"": [], ""userNickName"": ""t*2"", ""replyCityName"": """", ""cityName"": """"}, {""author"": ""h*5"", ""content"": ""\u7528\u6237\u672a\u70b9\u8bc4\uff0c\u7cfb\u7edf\u9ed8\u8ba4\u597d\u8bc4\u3002"", ""date"": ""2017-08-22"", ""score"": 5, ""commentId"": ""201962242"", ""imgs"": [], ""userNickName"": ""h*5"", ""replyCityName"": """", ""cityName"": """"}, {""author"": ""h*5"", ""content"": ""\u7528\u6237\u672a\u70b9\u8bc4\uff0c\u7cfb\u7edf\u9ed8\u8ba4\u597d\u8bc4\u3002"", ""date"": ""2017-08-22"", ""score"": 5, ""commentId"": ""201962227"", ""imgs"": [], ""userNickName"": ""h*5"", ""replyCityName"": """", ""cityName"": """"}, {""author"": ""h*5"", ""content"": ""\u7528\u6237\u672a\u70b9\u8bc4\uff0c\u7cfb\u7edf\u9ed8\u8ba4\u597d\u8bc4\u3002"", ""date"": ""2017-08-22"", ""score"": 5, ""commentId"": ""201961959"", ""imgs"": [], ""userNickName"": ""h*5"", ""replyCityName"": """", ""cityName"": """"}], ""score"": 4.9, ""commentCount"": 21}, ""statusCode"": 200}"
九连山原始森林度假村,https://imgs.qunarzz.com/sight/p0/201303/13/620c2d745d85a0f5c8d65eac.jpg_280x200_de5c9fdd.jpg,河源市,连平县,广东省河源市连平县田源镇河头风景区,1,5.0,无山不绿，有水皆清，四季飘香，万壑鸟鸣,https://piao.qunar.com/ticket/detail_2538657722.html?st=a3clM0QlRTglQkYlOUUlRTUlQjklQjMlRTUlOEUlQkYlMjZpZCUzRDE4NzQxNyUyNnR5cGUlM0QwJTI2aWR4JTNEMiUyNnF0JTNEJTI2YXBrJTNEMiUyNnNjJTNEV1dXJTI2dXIlM0QlRTQlQjglQUQlRTUlQjElQjElMjZsciUzRCVFNCVCOCVBRCVFNSVCMSVCMSUyNmZ0JTNEJTdCJTdE#from=mpl_search_suggest,-1.0,N/A,九连山原始森林度假村是珠海经济特区日达有限公司按四星级标准投资兴建的大型综合绿色度假村。位于广东省河源市北部，九连山腹地连平县境内，距珠江三角洲城市广州、深圳、珠海等地以及港澳地区约在200-300公里范围内，地处亚热带季风气候区，气候温和，适游期长达11个月。而且由于山峰周围都是茂密的原始次生阔叶林和部分原始森林，使得其内空气负离子含量特别高，富含植物精气，是天然修身养性的大氧吧。九连山原始森林度假村会所集冷水泳池、热水泳池、桑拿、按摩、健身、戏水等十多项目于一体。泳池总面积达100000余平方米，其中天然泳池有5000平方米，采用的是山上留下的自然水在无人游泳情况下达到直接饮用标准。商务会所是您商旅中必不可缺少的一部分。,景区暂时停业，详情请以景区公示为准。原开放时间:全天开放,https://imgs.qunarzz.com/sight/p0/201303/13/620c2d745d85a0f5c8d65eac.jpg_710x360_8648de65.jpg〇https://qimgs.qunarzz.com/piao_qsight_provider_piao_qsight_web/a5e0eb360460ba9a.jpg_710x360_fcd4cbd2.jpg〇https://qimgs.qunarzz.com/piao_qsight_provider_piao_qsight_web/073c8dd5da97e8f7.jpg_710x360_f5821fcd.jpg,"{""ret"": true, ""data"": {""tagList"": [{""tagType"": 1, ""tagScore"": 5, ""tagNum"": 1, ""tagName"": ""\u597d\u8bc4""}, {""tagType"": 0, ""tagScore"": 5, ""tagNum"": 1, ""tagName"": ""\u5168\u90e8""}], ""commentList"": [{""author"": ""b*6"", ""content"": ""\u7528\u6237\u672a\u70b9\u8bc4\uff0c\u7cfb\u7edf\u9ed8\u8ba4\u597d\u8bc4\u3002"", ""date"": ""2017-08-16"", ""score"": 5, ""commentId"": ""201892912"", ""imgs"": [], ""userNickName"": ""b*6"", ""replyCityName"": """", ""cityName"": """"}], ""score"": 5.0, ""commentCount"": 1}, ""statusCode"": 200}"
圣迹苍岩,https://qimgs.qunarzz.com/piao_qsight_provider_piao_qsight_web/0103312000ate2cqv46EC_C_900_504.jpg_280x200_b500f70f.jpg,河源市,连平县,广东省河源市连平县X183,6,5.0,石钟乳千姿百态，巧夺天工,https://piao.qunar.com/ticket/detail_4025777026.html?st=a3clM0QlRTglQkYlOUUlRTUlQjklQjMlRTUlOEUlQkYlMjZpZCUzRDk1MzElMjZ0eXBlJTNEMCUyNmlkeCUzRDElMjZxdCUzRCUyNmFwayUzRDIlMjZzYyUzRFdXVyUyNnVyJTNEJUU0JUI4JUFEJUU1JUIxJUIxJTI2bHIlM0QlRTQlQjglQUQlRTUlQjElQjElMjZmdCUzRCU3QiU3RA%3D%3D#from=mpl_search_suggest,30.0,N/A,圣迹苍岩旅游区座落在广东省连平县重点生态保护区内，风景如画，素以优美的田园景色著称。景区的旅游事业迅速发展。现已建成以生态文化为主题，集观光农业、休闲度假、客家风情、美食购物于一体，环境优美，品位高雅，动静结合。景区主要由田园风光、圣迹苍岩溶洞、四季珍稀果园三部分组成。这里小河蜿蜒于山间盆地，河水清清，两岸枫柳婆娑，峰林高矮连绵，交辉相映，此景此色，此情此态，犹如桂林山水、阳朔漓江的宿影，加上周围的小桥、流水、人家、田野、牧牛、古树构成了陶渊明笔下美妙的田园风光，世外桃园。圣迹苍岩溶洞是连平八大美景之首，其特色可概括为旱洞、通天、地下河，洞内通天奇观、石笋、石钟乳千姿百态，惟妙惟俏，置身其中，犹如进入神奇的艺术宫殿。地下河中的空气负离子含量高达28000个/立方厘米，且常年温度保持在21℃左右，能助你脏腑呼换清新的氧气，达到保健身体的效应，使人真正感受到大自然的眯味。引进北国辽南的巨峰型葡萄品种，2001年在此举办广东省首届葡萄节。2005年初已将其改造成为四季珍稀果园，保留部分葡萄、水蜜桃、水仙桃，划分区域分别配种上珍珠番石榴、大果甜杨桃、砂糖桔、皇帝柑、朱柑、鸡心黄皮等各种名贵水果，一年四季游客均可品尝到新鲜水果。,1/1-12/31；周一至周日；9:00-17:00开园,https://qimgs.qunarzz.com/piao_qsight_provider_piao_qsight_web/0103312000ate2cqv46EC_C_900_504.jpg_710x360_d9731615.jpg〇https://qimgs.qunarzz.com/piao_qsight_provider_piao_qsight_web/0102u12000ate20jdDC1E_C_900_504_Q90_Mtg_7.jpg_710x360_040060c6.jpg〇https://qimgs.qunarzz.com/piao_qsight_provider_piao_qsight_web/0101312000athcx1fF265_C_900_504_Q90_Mtg_7.jpg_710x360_02973a09.jpg〇https://qimgs.qunarzz.com/piao_qsight_provider_piao_qsight_web/0102712000ate2cqu4527_C_900_504_Q90_Mtg_7.jpg_710x360_ffea8d8d.jpg〇https://qimgs.qunarzz.com/piao_qsight_provider_piao_qsight_web/0103312000ate2cqv46EC_C_900_504_Q90_Mtg_7.jpg_710x360_7b8e590d.jpg〇https://imgs.qunarzz.com/sight/p0/201403/07/31d4270c4435edb34f262aa5a0dfedf5.jpg_710x360_33a30c5b.jpg〇https://imgs.qunarzz.com/sight/p0/201403/07/aad47e3c3dd3d435a41378d6a2fecce1.jpg_710x360_ce07c39e.jpg〇https://imgs.qunarzz.com/sight/p0/201403/07/bae4201034ec0d007cf848b50fa400e7.jpg_710x360_ee201b84.jpg〇https://imgs.qunarzz.com/sight/p0/201403/07/7a2284441198fd1f7490204fee74fc93.jpg_710x360_710c8c34.jpg〇https://qimgs.qunarzz.com/piao_qsight_provider_piao_qsight_web/3ded6a15c152ba9a.jpg_710x360_9c16811b.jpg〇https://qimgs.qunarzz.com/piao_qsight_provider_piao_qsight_web/7a571143e63ed89a.jpg_710x360_a0dcaa5d.jpg,"{""ret"": true, ""data"": {""tagList"": [{""tagType"": 1, ""tagScore"": 5, ""tagNum"": 6, ""tagName"": ""\u597d\u8bc4""}, {""tagType"": 0, ""tagScore"": 5, ""tagNum"": 6, ""tagName"": ""\u5168\u90e8""}], ""commentList"": [{""author"": ""z*\u66e6"", ""content"": ""\u7528\u6237\u672a\u70b9\u8bc4\uff0c\u7cfb\u7edf\u9ed8\u8ba4\u597d\u8bc4\u3002"", ""date"": ""2023-10-31"", ""score"": 5, ""commentId"": ""229694253"", ""imgs"": [], ""userNickName"": ""z*\u66e6"", ""replyCityName"": """", ""cityName"": """"}, {""author"": ""\u53bb*\u6237"", ""content"": ""\u7528\u6237\u672a\u70b9\u8bc4\uff0c\u7cfb\u7edf\u9ed8\u8ba4\u597d\u8bc4\u3002"", ""date"": ""2023-10-31"", ""score"": 5, ""commentId"": ""229679420"", ""imgs"": [], ""userNickName"": ""\u53bb*\u6237"", ""replyCityName"": """", ""cityName"": """"}, {""author"": ""p*8"", ""content"": ""\u7528\u6237\u672a\u70b9\u8bc4\uff0c\u7cfb\u7edf\u9ed8\u8ba4\u597d\u8bc4\u3002"", ""date"": ""2023-09-26"", ""score"": 5, ""commentId"": ""229110622"", ""imgs"": [], ""userNickName"": ""p*8"", ""replyCityName"": """", ""cityName"": """"}, {""author"": ""p*8"", ""content"": ""\u7528\u6237\u672a\u70b9\u8bc4\uff0c\u7cfb\u7edf\u9ed8\u8ba4\u597d\u8bc4\u3002"", ""date"": ""2023-09-26"", ""score"": 5, ""commentId"": ""229110079"", ""imgs"": [], ""userNickName"": ""p*8"", ""replyCityName"": """", ""cityName"": """"}, {""author"": ""\u53bb*\u6237"", ""content"": ""\u7528\u6237\u672a\u70b9\u8bc4\uff0c\u7cfb\u7edf\u9ed8\u8ba4\u597d\u8bc4\u3002"", ""date"": ""2023-09-05"", ""score"": 5, ""commentId"": ""228134140"", ""imgs"": [], ""userNickName"": ""\u53bb*\u6237"", ""replyCityName"": """", ""cityName"": """"}, {""author"": ""\u53bb*\u6237"", ""content"": ""\u7528\u6237\u672a\u70b9\u8bc4\uff0c\u7cfb\u7edf\u9ed8\u8ba4\u597d\u8bc4\u3002"", ""date"": ""2023-09-05"", ""score"": 5, ""commentId"": ""228133878"", ""imgs"": [], ""userNickName"": ""\u53bb*\u6237"", ""replyCityName"": """", ""cityName"": """"}], ""score"": 5.0, ""commentCount"": 6}, ""statusCode"": 200}"
九连山温泉度假山庄,https://imgs.qunarzz.com/sight/p0/201310/28/bef373de3b03dfb1c8d65eac.jpg_280x200_bdd3f3c4.jpg,河源市,和平县,广东省河源市和平县热水镇,-1,-1.0,设施齐全，风景优美，是休闲度假的好去处,https://piao.qunar.com/ticket/detail_3451089063.html?st=a3clM0QlRTUlOTIlOEMlRTUlQjklQjMlRTUlOEUlQkYlMjZpZCUzRDM4MzE1JTI2dHlwZSUzRDAlMjZpZHglM0Q3JTI2cXQlM0QlMjZhcGslM0QyJTI2c2MlM0RXV1clMjZ1ciUzRCVFNCVCOCVBRCVFNSVCMSVCMSUyNmxyJTNEJUU0JUI4JUFEJUU1JUIxJUIxJTI2ZnQlM0QlN0IlN0Q%3D#from=mpl_search_suggest,-1.0,N/A,九连山温泉度假山庄现有客家别墅16栋，标准客房53间，并有餐厅、露天温泉、沙滩 排球、灯光篮球场等配套实施，九连山温泉度假山庄的标准客房全部按照古客家风格装饰，个中的古朴格调，演绎出宜居新理念。温泉为媒，建设“和谐之都”。,暂无,https://imgs.qunarzz.com/sight/p0/201310/28/bef373de3b03dfb1c8d65eac.jpg_710x360_b47c8483.jpg〇https://imgs.qunarzz.com/sight/p0/201310/28/71230d6e2c231f54c8d65eac.jpg_710x360_269a03e9.jpg〇https://imgs.qunarzz.com/sight/p0/201310/28/42b3fe5cced262a1c8d65eac.jpg_710x360_c3aebfb0.jpg〇https://imgs.qunarzz.com/sight/p0/201310/28/4357bcd113739b29c8d65eac.jpg_710x360_2e57268c.jpg〇https://imgs.qunarzz.com/sight/p0/201310/28/de2d52e082c116d6c8d65eac.jpg_710x360_78f7cd0a.jpg〇https://imgs.qunarzz.com/sight/p0/201310/28/4c92b2441d81e8b1c8d65eac.jpg_710x360_dbcfeb12.jpg,"{""ret"": true, ""data"": {""tagList"": [{""tagType"": 0, ""tagScore"": 5, ""tagNum"": 0, ""tagName"": ""\u5168\u90e8""}], ""score"": 0.0, ""commentCount"": 0}, ""statusCode"": 200}"
林寨古村,https://imgs.qunarzz.com/sight/p0/201301/11/edad0b152f4eb35f93835fbb.png_280x200_74f50953.png,河源市,和平县,广东省河源市和平县林寨镇林寨古村落,23,4.6,星如棋布的客家四角楼见证了风雨沧桑,https://piao.qunar.com/ticket/detail_3304270880.html?st=a3clM0QlRTUlOTIlOEMlRTUlQjklQjMlRTUlOEUlQkYlMjZpZCUzRDM3MTUwJTI2dHlwZSUzRDAlMjZpZHglM0Q1JTI2cXQlM0QlMjZhcGslM0QyJTI2c2MlM0RXV1clMjZ1ciUzRCVFNCVCOCVBRCVFNSVCMSVCMSUyNmxyJTNEJUU0JUI4JUFEJUU1JUIxJUIxJTI2ZnQlM0QlN0IlN0Q%3D#from=mpl_search_suggest,-1.0,N/A,林寨古村悠悠二千多年历史，遗存着古巷、古井、古墙、古道、古寺、古亭、古桥、古树等独特的“老八古”。这里蕴含神韵，人杰地灵，俊材辈出，曾孕育清嘉庆庚辰科状元陈继昌、清光绪两广巡抚陈琼润等多人，林寨乡间有盛演粤剧、赛龙舟、舞龙舞狮、席床生日等习俗，这里是典型的客家文化之乡。林寨古村，村廓城墙环成船形，立有东、西、南、北四门，门前有五口池塘，两边有护城河，四周碧水绕环，这里自古以来水上运输较为发达，船艇可通东江，是东江上游小有名气的客家水乡。林寨古村地势低洼，常遭水浸，为避水患和匪盗之扰，乡间房屋多为木石建筑。自明朝后期起，建有280多幢古民居，其中核心区就建有24幢较为出名四角楼，其规模之大、数量之多、艺术之精湛，文化底蕴之厚重，这在全国实属罕见。令人叹为观止、是蕴含中国历史文化底蕴的国学讲堂、是让游人震撼的摄影乐园。林寨古村民风纯朴，村民秉承“崇文重义、恪守纲常、诚信经商、敬祖睦宗、铭恩乡梓”之祖训，几百户人家和睦相处，村落布局合理，巷街纵错有致，有两条石街贯穿全村，交通极为方便，排水导污设计精良，村內学堂塾馆、花街当铺、神庙宗祠、水井马厩、戏台广场，一应俱全，旧时村内有三个广场，北门校场是习武练*之地，西门是农贸加工场，东门广场可容数千观众，世代是乡人娱乐之所。,8:00-18:00,https://imgs.qunarzz.com/sight/p0/201301/11/edad0b152f4eb35f93835fbb.png_710x360_25c04394.png〇https://imgs.qunarzz.com/sight/p0/201301/11/1319c0a04cb9337093835fbb.png_710x360_eb076aeb.png〇https://imgs.qunarzz.com/sight/p0/201301/11/dab7efa8f40fb84893835fbb.png_710x360_5e829bcd.png〇https://imgs.qunarzz.com/sight/p0/201301/11/f9965eb9edfd746593835fbb.png_710x360_b538e306.png,"{""ret"": true, ""data"": {""tagList"": [{""tagType"": 2, ""tagScore"": 5, ""tagNum"": 1, ""tagName"": ""\u4e2d\u8bc4""}, {""tagType"": 1, ""tagScore"": 5, ""tagNum"": 22, ""tagName"": ""\u597d\u8bc4""}, {""tagType"": 0, ""tagScore"": 5, ""tagNum"": 23, ""tagName"": ""\u5168\u90e8""}], ""commentList"": [{""author"": ""a*7"", ""content"": ""30\u5143\u7684\u9580\u7968\u8d85\u503c\ud83d\ude00\uff0c\u4f86\u4e86\u624d\u77e5\u9053\u5ee3\u6771\u7684\u5927\u5b85\u9580\u4e0d\u4f46\u6709\u571f\u8c6a\u5473\uff0c\u66f4\u6709\u66f8\u9999\u5473! \u91cd\u9ede\u662f\u4fdd\u7559\u4e86\u539f\u6c41\u539f\u5473\u6545\u8272\u6545\u9999\u7684\u611f\u89ba! \u590f\u5929\u4f86\u6709\u7a3b\u7530\u4e00\u5b9a\u5f88\u597d\u770b! \u671f\u5f85\u3002\u3002\u3002"", ""date"": ""2019-02-16"", ""score"": 5, ""commentId"": ""209297979"", ""imgs"": [{""small"": ""https://imgs.qunarzz.com/piao/fusion/1902/52/3596516cc2558702.jpg_120x120_a5ccab16.jpg"", ""title"": """", ""big"": ""https://imgs.qunarzz.com/piao/fusion/1902/52/3596516cc2558702.jpg""}, {""small"": ""https://imgs.qunarzz.com/piao/fusion/1902/c9/faa47e9faca1bd02.jpg_120x120_c2ed5cd3.jpg"", ""title"": """", ""big"": ""https://imgs.qunarzz.com/piao/fusion/1902/c9/faa47e9faca1bd02.jpg""}, {""small"": ""https://imgs.qunarzz.com/piao/fusion/1902/bf/ebb8ac9143738502.jpg_120x120_24624c3b.jpg"", ""title"": """", ""big"": ""https://imgs.qunarzz.com/piao/fusion/1902/bf/ebb8ac9143738502.jpg""}, {""small"": ""https://imgs.qunarzz.com/piao/fusion/1902/78/eac8247825c50302.jpg_120x120_1b2de385.jpg"", ""title"": """", ""big"": ""https://imgs.qunarzz.com/piao/fusion/1902/78/eac8247825c50302.jpg""}, {""small"": ""https://imgs.qunarzz.com/piao/fusion/1902/a5/03a6557f30d26e02.jpg_120x120_ab0b0a4a.jpg"", ""title"": """", ""big"": ""https://imgs.qunarzz.com/piao/fusion/1902/a5/03a6557f30d26e02.jpg""}, {""small"": ""https://imgs.qunarzz.com/piao/fusion/1902/b2/62ad2e4f0fd62202.jpg_120x120_4dddf6c5.jpg"", ""title"": """", ""big"": ""https://imgs.qunarzz.com/piao/fusion/1902/b2/62ad2e4f0fd62202.jpg""}, {""small"": ""https://imgs.qunarzz.com/piao/fusion/1902/28/0459a76b4969d02.jpg_120x120_11ab8db2.jpg"", ""title"": """", ""big"": ""https://imgs.qunarzz.com/piao/fusion/1902/28/0459a76b4969d02.jpg""}, {""small"": ""https://imgs.qunarzz.com/piao/fusion/1902/38/b2d6e72b2e8a4e02.jpg_120x120_8663ae20.jpg"", ""title"": """", ""big"": ""https://imgs.qunarzz.com/piao/fusion/1902/38/b2d6e72b2e8a4e02.jpg""}, {""small"": ""https://imgs.qunarzz.com/piao/fusion/1902/c5/fb10c4718c3a7202.jpg_120x120_9b9a2cdf.jpg"", ""title"": """", ""big"": ""https://imgs.qunarzz.com/piao/fusion/1902/c5/fb10c4718c3a7202.jpg""}], ""userNickName"": ""a*7"", ""replyCityName"": """", ""cityName"": """"}, {""author"": ""1*7"", ""content"": ""\u975e\u5e38\u6f02\u4eae \u5b81\u9759\u7684\u53e4\u6751 \u795e\u79d8\u7684\u5efa\u7b51"", ""date"": ""2017-09-18"", ""score"": 5, ""commentId"": ""204576069"", ""imgs"": [], ""userNickName"": ""1*7"", ""replyCityName"": """", ""cityName"": """"}, {""author"": ""_*2"", ""content"": ""\u4e0d\u9519\uff0c\u98ce\u666f\u5f88\u7f8e\uff0c\u4e0b\u6b21\u6709\u673a\u4f1a\u518d\u53bb"", ""date"": ""2017-08-13"", ""score"": 5, ""commentId"": ""204815141"", ""imgs"": [], ""userNickName"": ""_*2"", ""replyCityName"": """", ""cityName"": """"}, {""author"": ""M*0"", ""content"": ""\u8fd9\u91cc\u7684\u98ce\u666f\u975e\u5e38\u7f8e\uff0c\u53e4\u9999\u53e4\u8272\uff0c\u503c\u5f97\u4e00\u6e38\uff01"", ""date"": ""2017-07-31"", ""score"": 5, ""commentId"": ""204850085"", ""imgs"": [], ""userNickName"": ""M*0"", ""replyCityName"": """", ""cityName"": """"}, {""author"": ""2*5"", ""content"": ""\u5efa\u7b51\u5404\u5f0f\u5404\u6837\uff0c\u90fd\u6709\u81ea\u5df1\u7684\u7279\u70b9\uff0c\u5f88\u6709\u827a\u672f\u4ef7\u503c\u3002"", ""date"": ""2017-06-17"", ""score"": 4, ""commentId"": ""204951628"", ""imgs"": [], ""userNickName"": ""2*5"", ""replyCityName"": """", ""cityName"": """"}, {""author"": ""1*9"", ""content"": ""\u4e0d\u9519\u7684\u4e00\u4e2a\u53e4\u6751\u5be8\uff0c\u4fdd\u62a4\u5f97\u5f88\u597d\uff01"", ""date"": ""2017-05-23"", ""score"": 3, ""commentId"": ""205078862"", ""imgs"": [], ""userNickName"": ""1*9"", ""replyCityName"": """", ""cityName"": """"}, {""author"": ""1*1"", ""content"": ""\u5927\u5730\u4e3b\u7684\u623f\u5b50\uff0c\u53e4\u65f6\u5019\u786e\u5b9e\u4e0d\u540c\u3002"", ""date"": ""2017-03-25"", ""score"": 5, ""commentId"": ""204959606"", ""imgs"": [], ""userNickName"": ""1*1"", ""replyCityName"": """", ""cityName"": """"}, {""author"": ""1*9"", ""content"": ""\u53e4\u6751\u3001\u53e4\u5be8\u3001\u53e4\u97f5\u3001\u53e4\u6587\u5316\uff0c\u597d\uff01"", ""date"": ""2016-11-03"", ""score"": 4, ""commentId"": ""203951945"", ""imgs"": [], ""userNickName"": ""1*9"", ""replyCityName"": """", ""cityName"": """"}, {""author"": ""1*2"", ""content"": ""\u53e4\u9999\u53e4\u8272\u53c8\u5145\u6ee1\u519c\u6751\u6c14\u606f\u503c\u5f97\u4e00\u6e38\u53bb\uff0c\u53bb\u7684\u65f6\u5019\u4e0b\u5927\u96e8\uff0c\u96e8\u4f1e\u53c8\u6389\u5728\u6c34\u7530\u91cc\u65e0\u6cd5\u53d6\u56de\uff0c\u8fd8\u597d\u9047\u5230\u8d35\u4eba\uff0c\u53e4\u6751\u91cc\u7684\u963f\u5a46\u9001\u6765\u96e8\u4f1e\u7ed9\u6211\uff0c\u592a\u611f\u52a8\u4e86\uff0c\u592a\u611f\u6fc0\u5a46\u5a46\uff0c\u5728\u8fd9\u91cc\u518d\u6b21\u81f4\u8c22\u597d\u5fc3\u5a46\u5a46\uff0c\u597d\u4eba\u4e00\u751f\u5e73\u5b89\u2026\u2026"", ""date"": ""2016-07-15"", ""score"": 5, ""commentId"": ""204370037"", ""imgs"": [], ""userNickName"": ""1*2"", ""replyCityName"": """", ""cityName"": """"}, {""author"": ""1*9"", ""content"": ""\u8fd9\u4e2a\u6751\u843d\u786e\u5b9e\u4e0d\u9519\uff0c\u540d\u7b26\u5176\u5b9e\u7684\u53e4\u6751\u3002"", ""date"": ""2016-10-15"", ""score"": 4, ""commentId"": ""204024370"", ""imgs"": [], ""userNickName"": ""1*9"", ""replyCityName"": """", ""cityName"": """"}], ""score"": 4.6, ""commentCount"": 23}, ""statusCode"": 200}"
龙川温泉度假村,https://mp-piao-admincp.qunarzz.com/mp_piao_admin_mp_piao_admin/admin/20217/30d54820c6727b9958d585769ab3c5c2.png_280x200_7ef61cce.png,河源市,和平县,广东省河源市和平县贝墩镇强新村339省道亚孚石化加油站旁,-1,-1.0,N/A,https://piao.qunar.com/ticket/detail_1284513496.html?st=a3clM0QlRTUlOTIlOEMlRTUlQjklQjMlRTUlOEUlQkYlMjZpZCUzRDUyNTcwNCUyNnR5cGUlM0QwJTI2aWR4JTNEOCUyNnF0JTNEJTI2YXBrJTNEMiUyNnNjJTNEV1dXJTI2dXIlM0QlRTQlQjglQUQlRTUlQjElQjElMjZsciUzRCVFNCVCOCVBRCVFNSVCMSVCMSUyNmZ0JTNEJTdCJTdE#from=mpl_search_suggest,-1.0,N/A,N/A,暂无,https://mp-piao-admincp.qunarzz.com/mp_piao_admin_mp_piao_admin/admin/20217/30d54820c6727b9958d585769ab3c5c2.png_710x360_c2302e12.png,"{""ret"": true, ""data"": {""tagList"": [{""tagType"": 0, ""tagScore"": 5, ""tagNum"": 0, ""tagName"": ""\u5168\u90e8""}], ""score"": 0.0, ""commentCount"": 0}, ""statusCode"": 200}"
和平热水漂流,https://qimgs.qunarzz.com/piao_qsight_provider_piao_qsight_web/0105s120008xmw9dv52BC_C_900_504.jpg_280x200_1fb5d911.jpg,河源市,和平县,河源市和平县热水镇南湖村热龙温泉度假村,43,4.9,”，全程约6.5公里。两岸风光秀丽，群山环绕，悬崖壁立。途经著名的高桥潭、石槽潭、仙人潭、千层石潭、双靴潭、思姑潭以及九,https://piao.qunar.com/ticket/detail_2859815800.html?st=a3clM0QlRTUlOTIlOEMlRTUlQjklQjMlRTUlOEUlQkYlMjZpZCUzRDE4JTI2dHlwZSUzRDAlMjZpZHglM0Q0JTI2cXQlM0QlMjZhcGslM0QyJTI2c2MlM0RXV1clMjZ1ciUzRCVFNCVCOCVBRCVFNSVCMSVCMSUyNmxyJTNEJUU0JUI4JUFEJUU1JUIxJUIxJTI2ZnQlM0QlN0IlN0Q%3D#from=mpl_search_suggest,-1.0,N/A,”，全程约6.5公里。两岸风光秀丽，群山环绕，悬崖壁立。途经著名的高桥潭、石槽潭、仙人潭、千层石潭、双靴潭、思姑潭以及九重屏滩、大槽滩、小槽滩、鲤鱼上水滩、跃龙滩等28个潭和27个滩。时而峰回路转、时而险象环生。漂流两岸同时分布着中国著名的民间建筑风格之一的“客家围龙屋”，游客乘着皮筏竹排，逍遥自在的欣赏着两岸的天然美景，领略着具有民俗特色的古代民居、高山水车、古代造纸、古代印刷，聆听着名潭古滩的美丽动人的传说，亲身品味着“博击急流险滩、溶入青山绿水”、“荡舟清波上、人在画中游”的人生乐趣，真是既惊险刺激又趣味无穷。水秀梦境在全长3.2公里热水河好山好水的秀美风光中，通过光、电、影、声梦幻飘渺的灵动组合，将文化创新、时尚运动、历险探奇、刺激浪漫融汇在一条天籁的河流上。,1/1-12/31；周一至周日；11:00-16:00开园,https://qimgs.qunarzz.com/piao_qsight_provider_piao_qsight_web/0105s120008xmw9dv52BC_C_900_504.jpg_710x360_bad1d483.jpg〇https://qimgs.qunarzz.com/piao_qsight_provider_piao_qsight_web/0102m120008xmsywzD0D0_C_900_504_Q90_Mtg_7.jpg_710x360_c9d7170f.jpg〇https://qimgs.qunarzz.com/piao_qsight_provider_piao_qsight_web/01017120008xmwatf4D5A_C_900_504_Q90_Mtg_7.jpg_710x360_c3b78e83.jpg〇https://qimgs.qunarzz.com/piao_qsight_provider_piao_qsight_web/0105s120008xmw9dv52BC_C_900_504_Q90_Mtg_7.jpg_710x360_bdadb8d3.jpg〇https://qimgs.qunarzz.com/piao_qsight_provider_piao_qsight_web/b1fda0b6023ac4b7213a9cdb.jpg_710x360_39f5a6bf.jpg,"{""ret"": true, ""data"": {""tagList"": [{""tagType"": 32, ""tagScore"": 5, ""tagNum"": 1, ""tagName"": ""\u670d\u52a1\u597d""}, {""tagType"": 4, ""tagScore"": 5, ""tagNum"": 1, ""tagName"": ""\u53d6\u7968\u65b9\u4fbf""}, {""tagType"": 3, ""tagScore"": 5, ""tagNum"": 1, ""tagName"": ""\u5dee\u8bc4""}, {""tagType"": 2, ""tagScore"": 5, ""tagNum"": 1, ""tagName"": ""\u4e2d\u8bc4""}, {""tagType"": 1, ""tagScore"": 5, ""tagNum"": 41, ""tagName"": ""\u597d\u8bc4""}, {""tagType"": 0, ""tagScore"": 5, ""tagNum"": 43, ""tagName"": ""\u5168\u90e8""}], ""commentList"": [{""author"": ""b*6"", ""content"": ""\u7528\u6237\u672a\u70b9\u8bc4\uff0c\u7cfb\u7edf\u9ed8\u8ba4\u597d\u8bc4\u3002"", ""date"": ""2023-11-01"", ""score"": 5, ""commentId"": ""229778093"", ""imgs"": [], ""userNickName"": ""b*6"", ""replyCityName"": """", ""cityName"": """"}, {""author"": ""a*5"", ""content"": ""\u7528\u6237\u672a\u70b9\u8bc4\uff0c\u7cfb\u7edf\u9ed8\u8ba4\u597d\u8bc4\u3002"", ""date"": ""2023-11-01"", ""score"": 5, ""commentId"": ""229759656"", ""imgs"": [], ""userNickName"": ""a*5"", ""replyCityName"": """", ""cityName"": """"}, {""author"": ""a*5"", ""content"": ""\u7528\u6237\u672a\u70b9\u8bc4\uff0c\u7cfb\u7edf\u9ed8\u8ba4\u597d\u8bc4\u3002"", ""date"": ""2023-10-31"", ""score"": 5, ""commentId"": ""229686332"", ""imgs"": [], ""userNickName"": ""a*5"", ""replyCityName"": """", ""cityName"": """"}, {""author"": ""\u53bb*\u6237"", ""content"": ""\u7528\u6237\u672a\u70b9\u8bc4\uff0c\u7cfb\u7edf\u9ed8\u8ba4\u597d\u8bc4\u3002"", ""date"": ""2023-09-15"", ""score"": 5, ""commentId"": ""228658659"", ""imgs"": [], ""userNickName"": ""\u53bb*\u6237"", ""replyCityName"": """", ""cityName"": """"}, {""author"": ""\u4e00*\u5fc6"", ""content"": ""\u7528\u6237\u672a\u70b9\u8bc4\uff0c\u7cfb\u7edf\u9ed8\u8ba4\u597d\u8bc4\u3002"", ""date"": ""2023-08-01"", ""score"": 5, ""commentId"": ""226960681"", ""imgs"": [], ""userNickName"": ""\u4e00*\u5fc6"", ""replyCityName"": """", ""cityName"": """"}, {""author"": ""\u53bb*\u6237"", ""content"": ""\u7528\u6237\u672a\u70b9\u8bc4\uff0c\u7cfb\u7edf\u9ed8\u8ba4\u597d\u8bc4\u3002"", ""date"": ""2022-08-17"", ""score"": 5, ""commentId"": ""222824001"", ""imgs"": [], ""userNickName"": ""\u53bb*\u6237"", ""replyCityName"": """", ""cityName"": """"}, {""author"": ""i*4"", ""content"": ""\u7528\u6237\u672a\u70b9\u8bc4\uff0c\u7cfb\u7edf\u9ed8\u8ba4\u597d\u8bc4\u3002"", ""date"": ""2021-09-01"", ""score"": 5, ""commentId"": ""220645492"", ""imgs"": [], ""userNickName"": ""i*4"", ""replyCityName"": """", ""cityName"": """"}, {""author"": ""i*1"", ""content"": ""\u7528\u6237\u672a\u70b9\u8bc4\uff0c\u7cfb\u7edf\u9ed8\u8ba4\u597d\u8bc4\u3002"", ""date"": ""2021-08-18"", ""score"": 5, ""commentId"": ""220379951"", ""imgs"": [], ""userNickName"": ""i*1"", ""replyCityName"": """", ""cityName"": """"}, {""author"": ""i*1"", ""content"": ""\u7528\u6237\u672a\u70b9\u8bc4\uff0c\u7cfb\u7edf\u9ed8\u8ba4\u597d\u8bc4\u3002"", ""date"": ""2021-08-18"", ""score"": 5, ""commentId"": ""220377154"", ""imgs"": [], ""userNickName"": ""i*1"", ""replyCityName"": """", ""cityName"": """"}, {""author"": ""b*7"", ""content"": ""\u7528\u6237\u672a\u70b9\u8bc4\uff0c\u7cfb\u7edf\u9ed8\u8ba4\u597d\u8bc4\u3002"", ""date"": ""2021-07-20"", ""score"": 5, ""commentId"": ""219911007"", ""imgs"": [], ""userNickName"": ""b*7"", ""replyCityName"": """", ""cityName"": """"}], ""score"": 4.9, ""commentCount"": 43}, ""statusCode"": 200}"
连平上坪鹰嘴蜜桃采摘,https://imgs.qunarzz.com/sight/p0/1410/23/34b048a7961b0183bbd4632a05677ef9.jpg_280x200_c11584a1.jpg,河源市,连平县,广东省河源市连平县上坪镇小水村,-1,-1.0,中国鹰嘴蜜桃之乡的绿色水果、桃之佳品,https://piao.qunar.com/ticket/detail_3503384234.html?st=a3clM0QlRTglQkYlOUUlRTUlQjklQjMlRTUlOEUlQkYlMjZpZCUzRDE5ODQ5MyUyNnR5cGUlM0QwJTI2aWR4JTNENCUyNnF0JTNEJTI2YXBrJTNEMiUyNnNjJTNEV1dXJTI2dXIlM0QlRTQlQjglQUQlRTUlQjElQjElMjZsciUzRCVFNCVCOCVBRCVFNSVCMSVCMSUyNmZ0JTNEJTdCJTdE#from=mpl_search_suggest,-1.0,N/A,广东省河源市连平县上坪镇“鹰嘴蜜桃”以其色泽鲜亮、果大肉嫩、味甜爽脆闻名，远销珠三角大中城市，声名日隆，供不应求”之一。2005年11月，连平县被中国特产之乡推荐暨宣传活动组织委员会确认为“中国鹰嘴蜜桃之乡”。上坪镇“鹰嘴蜜桃”，”。 上坪镇依靠特殊的地理环境、自然气候和丰富的水土资源，大力发展水果种植业，其中，上坪蜜桃基地种植面积达30000亩，形成了“十里桃花，万亩桃园；三月赏花，七月品果”的壮观景象，是闻名全省的农业产业化观光旅游基地。阳春三月，万亩桃花争奇斗艳，漫山遍野，美不胜收！火红七月，万亩桃树硕果累累，绿色的，红色的，挂满了枝头，让人目不暇接，叹为观止！ 现在，提到连平上坪，人们的脑海中自然而然会浮现出蜜桃的影子，鹰嘴蜜桃无形中已成为该镇的形象代言。,暂无,https://imgs.qunarzz.com/sight/p0/1410/23/34b048a7961b0183bbd4632a05677ef9.jpg_710x360_fa797735.jpg〇https://imgs.qunarzz.com/sight/p0/1410/23/a1b061b13e74878e02a8bb064a502677.jpg_710x360_2b91c7e3.jpg〇https://imgs.qunarzz.com/sight/p0/1410/23/e5efd394e921be3d5f0f5c71d3ae7913.jpg_710x360_44e9e440.jpg〇https://imgs.qunarzz.com/sight/p0/1410/22/67e372590c709a315d5107369363ab81.jpg_710x360_3cda033d.jpg,"{""ret"": true, ""data"": {""tagList"": [{""tagType"": 0, ""tagScore"": 5, ""tagNum"": 0, ""tagName"": ""\u5168\u90e8""}], ""score"": 0.0, ""commentCount"": 0}, ""statusCode"": 200}"
和平温泉之都,https://imgs.qunarzz.com/sight/p0/201403/10/b2f6a23a6d041c5a75167005b2f5c4d8.jpg_280x200_ea214cb9.jpg,河源市,和平县,广东省河源市和平县热水镇南湖村,-1,-1.0,纯天然优质温泉，岭南养生名汤,https://piao.qunar.com/ticket/detail_3752240059.html?st=a3clM0QlRTUlOTIlOEMlRTUlQjklQjMlRTUlOEUlQkYlMjZpZCUzRDM4MTgwJTI2dHlwZSUzRDAlMjZpZHglM0Q2JTI2cXQlM0QlMjZhcGslM0QyJTI2c2MlM0RXV1clMjZ1ciUzRCVFNCVCOCVBRCVFNSVCMSVCMSUyNmxyJTNEJUU0JUI4JUFEJUU1JUIxJUIxJTI2ZnQlM0QlN0IlN0Q%3D#from=mpl_search_suggest,-1.0,4A景区,和平温泉之都以九连山下恬静优美的生态优势，打造一个小桥流水人家度假胜地，为粤港澳游客构建一个集游玩、养生、避暑为一体的度假天堂。该景区热龙温泉度假村拥有丰富的温泉资源，温泉水储量异常丰富，日出水量达10000立方米，是多种温度共存的多点温泉群。温泉水富含60多种对人体健康有益的微量元素，是已开发利用的温泉中少见的纯天然、无污染优质温泉”。温泉亲亲鱼一般生长在25-40°的温水中，体长在2－4厘米之间。当这群小鱼吸啄皮肤时，不会有丝毫的痛痒，只会有极为惬意的感觉，它们象一群尽职的医生在各个部位为您按摩，让人体毛孔通畅，排出体内垃圾和毒素，同时能更好地吸收温泉中地各种矿物质，加速人体新陈代谢，达到美容养颜，保健身体的*效。,暂无,https://imgs.qunarzz.com/sight/p0/201403/10/b2f6a23a6d041c5a75167005b2f5c4d8.jpg_710x360_0370200e.jpg〇https://imgs.qunarzz.com/sight/p0/201403/10/ea58150c4bf95fc7d67d4175f37c3eca.jpg_710x360_2f37969d.jpg〇https://imgs.qunarzz.com/sight/p0/201403/10/77412dfa64bfbebb3c7d1c0e46c188c7.jpg_710x360_0b250e6e.jpg〇https://imgs.qunarzz.com/sight/p0/201403/10/d661c70d41334859193a1b066395b43b.jpg_710x360_af5c574b.jpg〇https://imgs.qunarzz.com/sight/p0/201403/10/1dd28789c4ce4d5f5e862366fc2d81c8.jpg_710x360_1ca4f03a.jpg,"{""ret"": true, ""data"": {""tagList"": [{""tagType"": 0, ""tagScore"": 5, ""tagNum"": 0, ""tagName"": ""\u5168\u90e8""}], ""score"": 0.0, ""commentCount"": 0}, ""statusCode"": 200}"
5D水秀梦境夜间漂流,https://imgs.qunarzz.com/sight/p0/1706/c9/c952d723d5417405a3.water.jpg_280x200_e9d758cf.jpg,河源市,和平县,广东省河源市和平县热水镇,-1,-1.0,时尚娱乐新项目,https://piao.qunar.com/ticket/detail_2905305390.html?st=a3clM0QlRTUlOTIlOEMlRTUlQjklQjMlRTUlOEUlQkYlMjZpZCUzRDE5ODQ1MCUyNnR5cGUlM0QwJTI2aWR4JTNEOSUyNnF0JTNEJTI2YXBrJTNEMiUyNnNjJTNEV1dXJTI2dXIlM0QlRTQlQjglQUQlRTUlQjElQjElMjZsciUzRCVFNCVCOCVBRCVFNSVCMSVCMSUyNmZ0JTNEJTdCJTdE#from=mpl_search_suggest,-1.0,N/A,水秀梦境由上海广播电视台精心策划制作，运用高科技的手段，通过光、电、影、声梦幻飘渺的灵动组合，将文化创新、时尚运动、历险探奇、刺激浪漫融汇在一条天籁的河流上。 在全长3.2公里热水河好山好水的秀美风光中，经过全新创意理念、生态环保科技、灯光特效制作、影音内容打造、自然景观与新媒体技术相结合等多方面艺术与技术手段的集成，华丽呈现一场极具高科技手段、整合视、听、嗅、味、触5D全体验的互动时尚娱乐大水秀。项目投资1.2亿元。,暂无,https://imgs.qunarzz.com/sight/p0/1706/c9/c952d723d5417405a3.water.jpg_710x360_d185391c.jpg〇https://imgs.qunarzz.com/sight/p0/1706/ba/ba354946e0a03bbfa3.water.jpg_710x360_dd28ec05.jpg〇https://imgs.qunarzz.com/sight/p0/1706/3f/3f75d9a86b3fb338a3.water.jpg_710x360_842ae3a2.jpg〇https://qimgs.qunarzz.com/piao_qsight_provider_piao_qsight_web/d153bd1dc20651f7.jpg_710x360_f1f35397.jpg,"{""ret"": true, ""data"": {""tagList"": [{""tagType"": 0, ""tagScore"": 5, ""tagNum"": 0, ""tagName"": ""\u5168\u90e8""}], ""score"": 0.0, ""commentCount"": 0}, ""statusCode"": 200}"
热龙温泉度假村,https://mp-piao-admincp.qunarzz.com/mp_piao_admin_mp_piao_admin/admin/20217/30d54820c6727b9958d585769ab3c5c2.png_280x200_7ef61cce.png,河源市,和平县,广东省河源市和平县和平大道与平安大道交叉路口往北约50米,-1,-1.0,N/A,https://piao.qunar.com/ticket/detail_2102574247.html?st=a3clM0QlRTUlOTIlOEMlRTUlQjklQjMlRTUlOEUlQkYlMjZpZCUzRDUzODgzNiUyNnR5cGUlM0QwJTI2aWR4JTNEMyUyNnF0JTNEJTI2YXBrJTNEMiUyNnNjJTNEV1dXJTI2dXIlM0QlRTQlQjglQUQlRTUlQjElQjElMjZsciUzRCVFNCVCOCVBRCVFNSVCMSVCMSUyNmZ0JTNEJTdCJTdE#from=mpl_search_suggest,88.0,N/A,N/A,1/1-12/31；周一至周日；08:00-23:30开园,https://mp-piao-admincp.qunarzz.com/mp_piao_admin_mp_piao_admin/admin/20217/30d54820c6727b9958d585769ab3c5c2.png_710x360_c2302e12.png,"{""ret"": true, ""data"": {""tagList"": [{""tagType"": 0, ""tagScore"": 5, ""tagNum"": 0, ""tagName"": ""\u5168\u90e8""}], ""score"": 0.0, ""commentCount"": 0}, ""statusCode"": 200}"
荣佳国韵温泉,https://qimgs.qunarzz.com/piao_qsight_provider_piao_qsight_web/01056120008oy50wy9BCB_C_900_504.jpg_280x200_97652ffc.jpg,河源市,和平县,"广东省河源市和平县大坝镇汤湖村,近粤赣高速",180,4.8,内有亲亲鱼疗,https://piao.qunar.com/ticket/detail_1555994154.html?st=a3clM0QlRTUlOTIlOEMlRTUlQjklQjMlRTUlOEUlQkYlMjZpZCUzRDMzNjI3JTI2dHlwZSUzRDAlMjZpZHglM0QyJTI2cXQlM0QlMjZhcGslM0QyJTI2c2MlM0RXV1clMjZ1ciUzRCVFNCVCOCVBRCVFNSVCMSVCMSUyNmxyJTNEJUU0JUI4JUFEJUU1JUIxJUIxJTI2ZnQlM0QlN0IlN0Q%3D#from=mpl_search_suggest,66.4,N/A,天上人间温泉度假村占地500余亩，就以仙为主，竭诚把度假村打造成人间仙境。仙女池、仙浴池、笑八仙池、九龙池、太上老君养生药浴区等几十个大大小小温泉浴池遍布景区，水帘洞、水晶宫、蟠桃园、荷花河等景点点缀其间，天庭的蟠桃节、鹊桥相会、各路神仙聚会等活动适时举行，处处洋溢的仙文化陶冶凡人的情操，足以让八方嘉宾在辛劳之余尽情体验神仙般的乐趣，优哉游哉，不亦乐乎。除此之外，度假村还拥有各类客房、餐厅、会议室、游泳池、嬉水池、纯天然蒸汽房、动感水疗、健身房和供应当地特产的商场等配套设施和周全的服务。天上人间的核心产品——露天温泉区，还有老君炼丹庐、水晶宫、九龙潭、水帘洞、蟠桃园、荷花河、伊甸园等以神话为概念打造的景观点。置身其中，仙女区的玫瑰花赏心悦目，银河里鱼戏荷花情趣盎然，水帘洞前漂亮的瀑布感动着视听，林间悦耳的鸟鸣声不绝于耳，仙乐区轻轻的音乐徐徐入耳，笑八仙区的娱乐节目让人开怀欢笑，伊甸园的奇花异草芳香扑鼻。无论从视、听、臭、触的哪个感官角度去体验，天上人间都能给您世外桃源般的惬意与快乐！,1/1-12/31；周一至周日；08:00-23:59开园,https://qimgs.qunarzz.com/piao_qsight_provider_piao_qsight_web/01056120008oy50wy9BCB_C_900_504.jpg_710x360_e3fe5697.jpg〇https://qimgs.qunarzz.com/piao_qsight_provider_piao_qsight_web/0104v120008oy52lv34A3_C_900_504_Q90_Mtg_7.jpg_710x360_e38ec1ff.jpg〇https://qimgs.qunarzz.com/piao_qsight_provider_piao_qsight_web/0105b120008oy59tdDF13_C_900_504_Q90_Mtg_7.jpg_710x360_1e29c6d1.jpg〇https://qimgs.qunarzz.com/piao_qsight_provider_piao_qsight_web/0103d120008oy4zj62816_C_900_504_Q90_Mtg_7.jpg_710x360_19deb992.jpg〇https://qimgs.qunarzz.com/piao_qsight_provider_piao_qsight_web/0101a120008oy52g4E2F2_C_900_504_Q90_Mtg_7.jpg_710x360_5f237020.jpg〇https://qimgs.qunarzz.com/piao_qsight_provider_piao_qsight_web/0100b120008oy5aj17C0C_C_900_504_Q90_Mtg_7.jpg_710x360_4565adff.jpg〇https://qimgs.qunarzz.com/piao_qsight_provider_piao_qsight_web/0100w120008oy53u27F8C_C_900_504_Q90_Mtg_7.jpg_710x360_0feec68f.jpg〇https://qimgs.qunarzz.com/piao_qsight_provider_piao_qsight_web/0106i120008oy50p8599D_C_900_504_Q90_Mtg_7.jpg_710x360_2c730393.jpg〇https://qimgs.qunarzz.com/piao_qsight_provider_piao_qsight_web/0104h120008oy4wu8A6AE_C_900_504_Q90_Mtg_7.jpg_710x360_7e823db8.jpg〇https://qimgs.qunarzz.com/piao_qsight_provider_piao_qsight_web/01057120008oy5ld95010_C_900_504_Q90_Mtg_7.jpg_710x360_3acf390d.jpg〇https://qimgs.qunarzz.com/piao_qsight_provider_piao_qsight_web/01056120008oy50wy9BCB_C_900_504_Q90_Mtg_7.jpg_710x360_eeed67fd.jpg〇https://imgs.qunarzz.com/sight/p0/201301/15/9dc052b2ab00a5a893835fbb.png_710x360_1b700b50.png〇https://imgs.qunarzz.com/sight/p0/201212/24/fc6c2c74c2ba7cc193835fbb.png_710x360_2f9242b6.png〇https://imgs.qunarzz.com/sight/p0/201212/24/2aa582e6bfc6c84293835fbb.png_710x360_ff7cad80.png〇https://imgs.qunarzz.com/sight/p0/201212/24/1ee205da7eb68a7893835fbb.png_710x360_836ff264.png,"{""ret"": true, ""data"": {""tagList"": [{""tagType"": 32, ""tagScore"": 5, ""tagNum"": 5, ""tagName"": ""\u670d\u52a1\u597d""}, {""tagType"": 16, ""tagScore"": 5, ""tagNum"": 4, ""tagName"": ""\u9760\u8c31""}, {""tagType"": 8, ""tagScore"": 5, ""tagNum"": 3, ""tagName"": ""\u4fbf\u5b9c""}, {""tagType"": 4, ""tagScore"": 5, ""tagNum"": 5, ""tagName"": ""\u53d6\u7968\u65b9\u4fbf""}, {""tagType"": 3, ""tagScore"": 5, ""tagNum"": 7, ""tagName"": ""\u5dee\u8bc4""}, {""tagType"": 2, ""tagScore"": 5, ""tagNum"": 2, ""tagName"": ""\u4e2d\u8bc4""}, {""tagType"": 1, ""tagScore"": 5, ""tagNum"": 170, ""tagName"": ""\u597d\u8bc4""}, {""tagType"": 0, ""tagScore"": 5, ""tagNum"": 180, ""tagName"": ""\u5168\u90e8""}], ""commentList"": [{""author"": ""Y*e"", ""content"": ""\u7528\u6237\u672a\u70b9\u8bc4\uff0c\u7cfb\u7edf\u9ed8\u8ba4\u597d\u8bc4\u3002"", ""date"": ""2024-11-05"", ""score"": 5, ""commentId"": ""238581654"", ""imgs"": [], ""userNickName"": ""Y*e"", ""replyCityName"": """", ""cityName"": """"}, {""author"": ""m*6"", ""content"": ""\u7528\u6237\u672a\u70b9\u8bc4\uff0c\u7cfb\u7edf\u9ed8\u8ba4\u597d\u8bc4\u3002"", ""date"": ""2024-11-05"", ""score"": 5, ""commentId"": ""238538758"", ""imgs"": [], ""userNickName"": ""m*6"", ""replyCityName"": """", ""cityName"": """"}, {""author"": ""\u53bb*\u6237"", ""content"": ""\u7528\u6237\u672a\u70b9\u8bc4\uff0c\u7cfb\u7edf\u9ed8\u8ba4\u597d\u8bc4\u3002"", ""date"": ""2024-11-01"", ""score"": 5, ""commentId"": ""237942760"", ""imgs"": [], ""userNickName"": ""\u53bb*\u6237"", ""replyCityName"": """", ""cityName"": """"}, {""author"": ""k*2"", ""content"": ""\u7528\u6237\u672a\u70b9\u8bc4\uff0c\u7cfb\u7edf\u9ed8\u8ba4\u597d\u8bc4\u3002"", ""date"": ""2024-09-20"", ""score"": 5, ""commentId"": ""237021989"", ""imgs"": [], ""userNickName"": ""k*2"", ""replyCityName"": """", ""cityName"": """"}, {""author"": ""t*9"", ""content"": ""\u7528\u6237\u672a\u70b9\u8bc4\uff0c\u7cfb\u7edf\u9ed8\u8ba4\u597d\u8bc4\u3002"", ""date"": ""2024-01-04"", ""score"": 5, ""commentId"": ""230947270"", ""imgs"": [], ""userNickName"": ""t*9"", ""replyCityName"": """", ""cityName"": """"}, {""author"": ""t*9"", ""content"": ""\u7528\u6237\u672a\u70b9\u8bc4\uff0c\u7cfb\u7edf\u9ed8\u8ba4\u597d\u8bc4\u3002"", ""date"": ""2024-01-04"", ""score"": 5, ""commentId"": ""230947268"", ""imgs"": [], ""userNickName"": ""t*9"", ""replyCityName"": """", ""cityName"": """"}, {""author"": ""w*y"", ""content"": ""\u7528\u6237\u672a\u70b9\u8bc4\uff0c\u7cfb\u7edf\u9ed8\u8ba4\u597d\u8bc4\u3002"", ""date"": ""2023-12-10"", ""score"": 5, ""commentId"": ""230644959"", ""imgs"": [], ""userNickName"": ""w*y"", ""replyCityName"": """", ""cityName"": """"}, {""author"": ""u*e"", ""content"": ""\u7528\u6237\u672a\u70b9\u8bc4\uff0c\u7cfb\u7edf\u9ed8\u8ba4\u597d\u8bc4\u3002"", ""date"": ""2023-11-14"", ""score"": 5, ""commentId"": ""230277097"", ""imgs"": [], ""userNickName"": ""u*e"", ""replyCityName"": """", ""cityName"": """"}, {""author"": ""\u9648*\u4f3a"", ""content"": ""\u7528\u6237\u672a\u70b9\u8bc4\uff0c\u7cfb\u7edf\u9ed8\u8ba4\u597d\u8bc4\u3002"", ""date"": ""2023-02-25"", ""score"": 5, ""commentId"": ""224385517"", ""imgs"": [], ""userNickName"": ""\u9648*\u4f3a"", ""replyCityName"": """", ""cityName"": """"}, {""author"": ""l*9"", ""content"": ""\u7528\u6237\u672a\u70b9\u8bc4\uff0c\u7cfb\u7edf\u9ed8\u8ba4\u597d\u8bc4\u3002"", ""date"": ""2023-02-19"", ""score"": 5, ""commentId"": ""224184421"", ""imgs"": [], ""userNickName"": ""l*9"", ""replyCityName"": """", ""cityName"": """"}], ""score"": 4.8, ""commentCount"": 180}, ""statusCode"": 200}"
客天下绿色庄园,https://qimgs.qunarzz.com/piao_qsight_provider_piao_qsight_web/0103g120009277v0yF66E_C_900_504.jpg_280x200_2f2372e3.jpg,河源市,源城区,河源市源城区高埔岗客天下大道1号,1,5.0,田园花海位于国家4A级景区——河源客天下国际旅游度假区内，距离河源市中心仅40分钟车程；依托于悠久的客家农耕文化底蕴和优,https://piao.qunar.com/ticket/detail_750128089.html?st=a3clM0QlRTYlQkElOTAlRTUlOUYlOEUlRTUlOEMlQkElMjZpZCUzRDUxNzkwOCUyNnR5cGUlM0QwJTI2aWR4JTNEMTklMjZxdCUzRCUyNmFwayUzRDIlMjZzYyUzRFdXVyUyNnVyJTNEJUU0JUI4JUFEJUU1JUIxJUIxJTI2bHIlM0QlRTQlQjglQUQlRTUlQjElQjElMjZmdCUzRCU3QiU3RA%3D%3D#from=mpl_search_suggest,-1.0,N/A,田园花海位于国家4A级景区——河源客天下国际旅游度假区内，距离河源市中心仅40分钟车程；依托于悠久的客家农耕文化底蕴和优美的花卉草木自然风光，打造集生态旅游、生态农业示范、生态产品生产、研学科普，团队拓展为一体的多*能共融的自然乐园。田园花海配套设有，花海观光区、野炊烧烤区、休闲娱乐区、垂钓场等，是公司团体团建、亲子出游、休闲活动的理想场地。,1/1-12/31；周一至周日；09:00-18:00开园,https://qimgs.qunarzz.com/piao_qsight_provider_piao_qsight_web/0103g120009277v0yF66E_C_900_504.jpg_710x360_758ed790.jpg〇https://qimgs.qunarzz.com/piao_qsight_provider_piao_qsight_web/01054120009277swc6424_C_900_504_Q90_Mtg_7.jpg_710x360_4b7708e1.jpg〇https://qimgs.qunarzz.com/piao_qsight_provider_piao_qsight_web/010211200092780d2DE4F_C_900_504_Q90_Mtg_7.jpg_710x360_eb282ce7.jpg〇https://qimgs.qunarzz.com/piao_qsight_provider_piao_qsight_web/010151200092780d14C4E_C_900_504_Q90_Mtg_7.jpg_710x360_3cc3bad4.jpg〇https://qimgs.qunarzz.com/piao_qsight_provider_piao_qsight_web/0105t120009277has62C3_C_900_504_Q90_Mtg_7.jpg_710x360_bb71eff0.jpg〇https://qimgs.qunarzz.com/piao_qsight_provider_piao_qsight_web/0103t1200092780d42CEC_C_900_504_Q90_Mtg_7.jpg_710x360_3d94cb3d.jpg〇https://qimgs.qunarzz.com/piao_qsight_provider_piao_qsight_web/0103g120009277v0yF66E_C_900_504_Q90_Mtg_7.jpg_710x360_742c6b64.jpg,"{""ret"": true, ""data"": {""tagList"": [{""tagType"": 1, ""tagScore"": 5, ""tagNum"": 1, ""tagName"": ""\u597d\u8bc4""}, {""tagType"": 0, ""tagScore"": 5, ""tagNum"": 1, ""tagName"": ""\u5168\u90e8""}], ""commentList"": [{""author"": ""c*8"", ""content"": ""\u7528\u6237\u672a\u70b9\u8bc4\uff0c\u7cfb\u7edf\u9ed8\u8ba4\u597d\u8bc4\u3002"", ""date"": ""2023-04-04"", ""score"": 5, ""commentId"": ""224997870"", ""imgs"": [], ""userNickName"": ""c*8"", ""replyCityName"": """", ""cityName"": """"}], ""score"": 5.0, ""commentCount"": 1}, ""statusCode"": 200}"
客天下绿色庄园,https://imgs.qunarzz.com/sight/p0/1703/c7/c775761af797dfcda3.img.jpg_280x200_720ed3da.jpg,河源市,源城区,龙源大道1号客天下温泉小镇内,75,5.0,花花世界,https://piao.qunar.com/ticket/detail_1320365400.html?st=a3clM0QlRTYlQkElOTAlRTUlOUYlOEUlRTUlOEMlQkElMjZpZCUzRDQ2Mjg5NCUyNnR5cGUlM0QwJTI2aWR4JTNEMTglMjZxdCUzRCUyNmFwayUzRDIlMjZzYyUzRFdXVyUyNnVyJTNEJUU0JUI4JUFEJUU1JUIxJUIxJTI2bHIlM0QlRTQlQjglQUQlRTUlQjElQjElMjZmdCUzRCU3QiU3RA%3D%3D#from=mpl_search_suggest,-1.0,N/A,这是一个“很花的地方”，花得出奇，花得离谱，自己情不自禁地陶醉在这一片花海的美景中，于是，蠢蠢欲动，出发的心情更加坚定了。背上行囊，约上三五知己，说走就走，让自己不再错过这片风景。这一天阳光真好，天气晴朗。和朋友们来到花海，心情也是美美哒。醉蝶谷绿色庄园的大门处处洋溢着春天的气息，绿色的门墙在阳光下显得更加的醒目。,1/1-12/31；周一至周日；08:00-18:00开园,https://imgs.qunarzz.com/sight/p0/1703/c7/c775761af797dfcda3.img.jpg_710x360_d9fe396a.jpg〇https://imgs.qunarzz.com/sight/p0/1703/70/701ddbaefb2980eba3.img.jpg_710x360_2390cbb0.jpg〇https://imgs.qunarzz.com/sight/p0/1703/aa/aa671edd37d40d8ba3.img.jpg_710x360_89b7bfe4.jpg〇https://imgs.qunarzz.com/sight/p0/1703/94/943b516812126101a3.img.jpg_710x360_325dab7f.jpg〇https://qimgs.qunarzz.com/piao_qsight_provider_piao_qsight_web/17da66be336ef4b5.jpg_710x360_8db9f566.jpg〇https://qimgs.qunarzz.com/piao_qsight_provider_piao_qsight_web/e4e829243c7ae3b5.jpg_710x360_774ce1ae.jpg〇https://qimgs.qunarzz.com/piao_qsight_provider_piao_qsight_web/8ec49883cd616fb5.jpg_710x360_e8999bec.jpg〇https://qimgs.qunarzz.com/piao_qsight_provider_piao_qsight_web/5b217d503c437b5.jpg_710x360_f0636f50.jpg〇https://qimgs.qunarzz.com/piao_qsight_provider_piao_qsight_web/dba6794257429ab5.jpg_710x360_a6e7c8ea.jpg〇https://qimgs.qunarzz.com/piao_qsight_provider_piao_qsight_web/8e01d6ea152f02b5.jpg_710x360_79def19b.jpg〇https://qimgs.qunarzz.com/piao_qsight_provider_piao_qsight_web/9f9669614ca68db5.jpg_710x360_7ed35923.jpg〇https://qimgs.qunarzz.com/piao_qsight_provider_piao_qsight_web/ed962f9e9b3ca7b5.jpg_710x360_26ccb991.jpg〇https://qimgs.qunarzz.com/piao_qsight_provider_piao_qsight_web/61d1012579254437.jpg_710x360_c27911d3.jpg,"{""ret"": true, ""data"": {""tagList"": [{""tagType"": 1, ""tagScore"": 5, ""tagNum"": 75, ""tagName"": ""\u597d\u8bc4""}, {""tagType"": 0, ""tagScore"": 5, ""tagNum"": 75, ""tagName"": ""\u5168\u90e8""}], ""commentList"": [{""author"": ""\u53bb*\u6237"", ""content"": ""\u7528\u6237\u672a\u70b9\u8bc4\uff0c\u7cfb\u7edf\u9ed8\u8ba4\u597d\u8bc4\u3002"", ""date"": ""2024-11-01"", ""score"": 5, ""commentId"": ""237941959"", ""imgs"": [], ""userNickName"": ""\u53bb*\u6237"", ""replyCityName"": """", ""cityName"": """"}, {""author"": ""b*1"", ""content"": ""\u7528\u6237\u672a\u70b9\u8bc4\uff0c\u7cfb\u7edf\u9ed8\u8ba4\u597d\u8bc4\u3002"", ""date"": ""2024-01-22"", ""score"": 5, ""commentId"": ""231097409"", ""imgs"": [], ""userNickName"": ""b*1"", ""replyCityName"": """", ""cityName"": """"}, {""author"": ""\u53bb*\u6237"", ""content"": ""\u7528\u6237\u672a\u70b9\u8bc4\uff0c\u7cfb\u7edf\u9ed8\u8ba4\u597d\u8bc4\u3002"", ""date"": ""2023-12-22"", ""score"": 5, ""commentId"": ""230791990"", ""imgs"": [], ""userNickName"": ""\u53bb*\u6237"", ""replyCityName"": """", ""cityName"": """"}, {""author"": ""\u53bb*\u6237"", ""content"": ""\u7528\u6237\u672a\u70b9\u8bc4\uff0c\u7cfb\u7edf\u9ed8\u8ba4\u597d\u8bc4\u3002"", ""date"": ""2023-11-13"", ""score"": 5, ""commentId"": ""230258782"", ""imgs"": [], ""userNickName"": ""\u53bb*\u6237"", ""replyCityName"": """", ""cityName"": """"}, {""author"": ""\u6d69*z"", ""content"": ""\u7528\u6237\u672a\u70b9\u8bc4\uff0c\u7cfb\u7edf\u9ed8\u8ba4\u597d\u8bc4\u3002"", ""date"": ""2023-11-05"", ""score"": 5, ""commentId"": ""230125873"", ""imgs"": [], ""userNickName"": ""\u6d69*z"", ""replyCityName"": """", ""cityName"": """"}, {""author"": ""\u53bb*\u6237"", ""content"": ""\u7528\u6237\u672a\u70b9\u8bc4\uff0c\u7cfb\u7edf\u9ed8\u8ba4\u597d\u8bc4\u3002"", ""date"": ""2023-10-28"", ""score"": 5, ""commentId"": ""229573794"", ""imgs"": [], ""userNickName"": ""\u53bb*\u6237"", ""replyCityName"": """", ""cityName"": """"}, {""author"": ""z*5"", ""content"": ""\u7528\u6237\u672a\u70b9\u8bc4\uff0c\u7cfb\u7edf\u9ed8\u8ba4\u597d\u8bc4\u3002"", ""date"": ""2023-10-22"", ""score"": 5, ""commentId"": ""229498022"", ""imgs"": [], ""userNickName"": ""z*5"", ""replyCityName"": """", ""cityName"": """"}, {""author"": ""l*9"", ""content"": ""\u7528\u6237\u672a\u70b9\u8bc4\uff0c\u7cfb\u7edf\u9ed8\u8ba4\u597d\u8bc4\u3002"", ""date"": ""2023-10-17"", ""score"": 5, ""commentId"": ""229434084"", ""imgs"": [], ""userNickName"": ""l*9"", ""replyCityName"": """", ""cityName"": """"}, {""author"": ""\u5199*\u4e66"", ""content"": ""\u7528\u6237\u672a\u70b9\u8bc4\uff0c\u7cfb\u7edf\u9ed8\u8ba4\u597d\u8bc4\u3002"", ""date"": ""2023-08-11"", ""score"": 5, ""commentId"": ""227226563"", ""imgs"": [], ""userNickName"": ""\u5199*\u4e66"", ""replyCityName"": """", ""cityName"": """"}, {""author"": ""\u6708*\u6728"", ""content"": ""\u7528\u6237\u672a\u70b9\u8bc4\uff0c\u7cfb\u7edf\u9ed8\u8ba4\u597d\u8bc4\u3002"", ""date"": ""2023-07-24"", ""score"": 5, ""commentId"": ""226743029"", ""imgs"": [], ""userNickName"": ""\u6708*\u6728"", ""replyCityName"": """", ""cityName"": """"}], ""score"": 5.0, ""commentCount"": 75}, ""statusCode"": 200}"
河源市博物馆,https://qimgs.qunarzz.com/piao_qsight_provider_piao_qsight_web/0104t1200095g20caD594_C_900_504.jpg_280x200_68ab2f4d.jpg,河源市,源城区,广东省河源市源城区南提路龟峰塔下,234,5.0,国家4A级旅游景区,https://piao.qunar.com/ticket/detail_2242325825.html?st=a3clM0QlRTYlQkElOTAlRTUlOUYlOEUlRTUlOEMlQkElMjZpZCUzRDkyMjYlMjZ0eXBlJTNEMCUyNmlkeCUzRDE3JTI2cXQlM0QlMjZhcGslM0QyJTI2c2MlM0RXV1clMjZ1ciUzRCVFNCVCOCVBRCVFNSVCMSVCMSUyNmxyJTNEJUU0JUI4JUFEJUU1JUIxJUIxJTI2ZnQlM0QlN0IlN0Q%3D#from=mpl_search_suggest,-1.0,N/A,"河源市博物馆位于市区城南龟峰山下，东江之畔。馆南端连接龟峰山，山上有广东省文物保护单位--龟峰塔及其附属文物""龟峰庙""。全馆占地面积1.8万平方米（含龟峰塔保护范围1.4万平方米），建筑面积1700平方米，停车场2500平方米。馆内四季常绿，有""情侣树""、""百子榕""、""恐龙雕塑""、""龟峰山歌台""、""碑廊""等奇树异景。博物馆于1994年正式开放，属地方性博物馆，主要业务负责市内外野外考古，文物征集、鉴定、收藏、陈列展览和研究。常设展览有：《河源市出土恐龙化石展》、《河源市历史文物展》、《阮啸仙烈士图片展》、《菊石化石展》、《邓禹先生捐赠文物展》。2000年6月被中共河源市委、河源市人民政府授予""文明单位""；2003年5月被广东省科学技术厅、中共广东省委宣传部、广东省教育厅、广东省旅游局、广东省科学技术协会联合命名""广东省青少年科普教育基地""。现馆藏文物2万多件，其中一级文物3件，多为本市出土和征集。自1996年3，已抢救发掘6000多枚恐龙蛋化石。特别是1999年7月以来，市区北郊连续发现三处恐龙化石点，已初步修出七具以上的恐龙化石个体，还发现了恐龙足印化石六组100多个，使河源市成为集恐龙蛋、恐龙骨骼和恐龙足印化石""三位一体""的""恐龙之乡""。河源市博物馆距市政府1500米，有10路旅游专线公共汽车，每5分钟开出一趟。进入景区沿途都是水泥公路，有路灯设施，通讯、旅游环境良好,已成为市区旅游的主要景点。",1/1-12/31；周二至周日；09:00-17:30开园；（17:00停止入园）,https://qimgs.qunarzz.com/piao_qsight_provider_piao_qsight_web/0104t1200095g20caD594_C_900_504.jpg_710x360_6fa9560c.jpg〇https://qimgs.qunarzz.com/piao_qsight_provider_piao_qsight_web/350v1d000001exy96407E_C_900_504_Q90_Mtg_7.jpg_710x360_2c57d5c2.jpg〇https://qimgs.qunarzz.com/piao_qsight_provider_piao_qsight_web/0106u1200095g1zpjA62E_C_900_504_Q90_Mtg_7.jpg_710x360_1f61244f.jpg〇https://qimgs.qunarzz.com/piao_qsight_provider_piao_qsight_web/0106j1200095g2b8yAAF4_C_900_504_Q90_Mtg_7.jpg_710x360_1aba86d3.jpg〇https://qimgs.qunarzz.com/piao_qsight_provider_piao_qsight_web/0100e1200095g1felB301_C_900_504_Q90_Mtg_7.jpg_710x360_eb8b9a04.jpg〇https://qimgs.qunarzz.com/piao_qsight_provider_piao_qsight_web/010501200095g1xi10D59_C_900_504_Q90_Mtg_7.jpg_710x360_124dfeb3.jpg〇https://qimgs.qunarzz.com/piao_qsight_provider_piao_qsight_web/0100v1200095g1v76FBFC_C_900_504_Q90_Mtg_7.jpg_710x360_002a06aa.jpg〇https://qimgs.qunarzz.com/piao_qsight_provider_piao_qsight_web/010701200095g1s6h2802_C_900_504_Q90_Mtg_7.jpg_710x360_d15b0385.jpg〇https://qimgs.qunarzz.com/piao_qsight_provider_piao_qsight_web/0102r1200095g1w2d0DC0_C_900_504_Q90_Mtg_7.jpg_710x360_95f406a7.jpg〇https://qimgs.qunarzz.com/piao_qsight_provider_piao_qsight_web/010461200095g121g5560_C_900_504_Q90_Mtg_7.jpg_710x360_044395e7.jpg〇https://qimgs.qunarzz.com/piao_qsight_provider_piao_qsight_web/0104t1200095g20caD594_C_900_504_Q90_Mtg_7.jpg_710x360_a16cf8fc.jpg〇https://imgs.qunarzz.com/sight/p0/2203/22/221ee44ebe03451aa3.water.jpg_710x360_da6ec5fb.jpg〇https://imgs.qunarzz.com/sight/p0/2203/1b/1bd8a06d339efce1a3.water.jpg_710x360_2d8ec105.jpg〇https://imgs.qunarzz.com/sight/p0/2203/89/89456b603aa0306fa3.water.jpg_710x360_09fae98c.jpg〇https://imgs.qunarzz.com/sight/p0/1612/15/15219ae2a90a37a6a3.water.jpg_710x360_6469d474.jpg,"{""ret"": true, ""data"": {""tagList"": [{""tagType"": 32, ""tagScore"": 5, ""tagNum"": 1, ""tagName"": ""\u670d\u52a1\u597d""}, {""tagType"": 8, ""tagScore"": 5, ""tagNum"": 1, ""tagName"": ""\u4fbf\u5b9c""}, {""tagType"": 1, ""tagScore"": 5, ""tagNum"": 234, ""tagName"": ""\u597d\u8bc4""}, {""tagType"": 0, ""tagScore"": 5, ""tagNum"": 234, ""tagName"": ""\u5168\u90e8""}], ""commentList"": [{""author"": ""d*7"", ""content"": ""\u7528\u6237\u672a\u70b9\u8bc4\uff0c\u7cfb\u7edf\u9ed8\u8ba4\u597d\u8bc4\u3002"", ""date"": ""2024-12-25"", ""score"": 5, ""commentId"": ""239377076"", ""imgs"": [], ""userNickName"": ""d*7"", ""replyCityName"": """", ""cityName"": """"}, {""author"": ""n*5"", ""content"": ""\u7528\u6237\u672a\u70b9\u8bc4\uff0c\u7cfb\u7edf\u9ed8\u8ba4\u597d\u8bc4\u3002"", ""date"": ""2024-12-23"", ""score"": 5, ""commentId"": ""239334368"", ""imgs"": [], ""userNickName"": ""n*5"", ""replyCityName"": """", ""cityName"": """"}, {""author"": ""W*8"", ""content"": ""\u7528\u6237\u672a\u70b9\u8bc4\uff0c\u7cfb\u7edf\u9ed8\u8ba4\u597d\u8bc4\u3002"", ""date"": ""2024-12-18"", ""score"": 5, ""commentId"": ""239274147"", ""imgs"": [], ""userNickName"": ""W*8"", ""replyCityName"": """", ""cityName"": """"}, {""author"": ""\u53bb*\u6237"", ""content"": ""\u7528\u6237\u672a\u70b9\u8bc4\uff0c\u7cfb\u7edf\u9ed8\u8ba4\u597d\u8bc4\u3002"", ""date"": ""2024-12-10"", ""score"": 5, ""commentId"": ""239162080"", ""imgs"": [], ""userNickName"": ""\u53bb*\u6237"", ""replyCityName"": """", ""cityName"": """"}, {""author"": ""\u53bb*\u6237"", ""content"": ""\u7528\u6237\u672a\u70b9\u8bc4\uff0c\u7cfb\u7edf\u9ed8\u8ba4\u597d\u8bc4\u3002"", ""date"": ""2024-12-10"", ""score"": 5, ""commentId"": ""239161198"", ""imgs"": [], ""userNickName"": ""\u53bb*\u6237"", ""replyCityName"": """", ""cityName"": """"}, {""author"": ""\u53bb*\u6237"", ""content"": ""\u7528\u6237\u672a\u70b9\u8bc4\uff0c\u7cfb\u7edf\u9ed8\u8ba4\u597d\u8bc4\u3002"", ""date"": ""2024-12-10"", ""score"": 5, ""commentId"": ""239160740"", ""imgs"": [], ""userNickName"": ""\u53bb*\u6237"", ""replyCityName"": """", ""cityName"": """"}, {""author"": ""\u53bb*\u6237"", ""content"": ""\u7528\u6237\u672a\u70b9\u8bc4\uff0c\u7cfb\u7edf\u9ed8\u8ba4\u597d\u8bc4\u3002"", ""date"": ""2024-12-02"", ""score"": 5, ""commentId"": ""239043317"", ""imgs"": [], ""userNickName"": ""\u53bb*\u6237"", ""replyCityName"": """", ""cityName"": """"}, {""author"": ""\u53bb*\u6237"", ""content"": ""\u7528\u6237\u672a\u70b9\u8bc4\uff0c\u7cfb\u7edf\u9ed8\u8ba4\u597d\u8bc4\u3002"", ""date"": ""2024-11-27"", ""score"": 5, ""commentId"": ""238974071"", ""imgs"": [], ""userNickName"": ""\u53bb*\u6237"", ""replyCityName"": """", ""cityName"": """"}, {""author"": ""\u53bb*\u6237"", ""content"": ""\u7528\u6237\u672a\u70b9\u8bc4\uff0c\u7cfb\u7edf\u9ed8\u8ba4\u597d\u8bc4\u3002"", ""date"": ""2024-11-26"", ""score"": 5, ""commentId"": ""238942844"", ""imgs"": [], ""userNickName"": ""\u53bb*\u6237"", ""replyCityName"": """", ""cityName"": """"}, {""author"": ""\u53bb*\u6237"", ""content"": ""\u7528\u6237\u672a\u70b9\u8bc4\uff0c\u7cfb\u7edf\u9ed8\u8ba4\u597d\u8bc4\u3002"", ""date"": ""2024-11-20"", ""score"": 5, ""commentId"": ""238866408"", ""imgs"": [], ""userNickName"": ""\u53bb*\u6237"", ""replyCityName"": """", ""cityName"": """"}], ""score"": 5.0, ""commentCount"": 234}, ""statusCode"": 200}"
山谷乐园,https://qimgs.qunarzz.com/piao_qsight_provider_piao_qsight_web/1lo6912000etye1huF03E_C_900_504.jpg_280x200_3b23b096.jpg,河源市,源城区,河源市源城区埔前镇Y152,-1,-1.0,N/A,https://piao.qunar.com/ticket/detail_3036720305.html?st=a3clM0QlRTYlQkElOTAlRTUlOUYlOEUlRTUlOEMlQkElMjZpZCUzRDUyODI1MCUyNnR5cGUlM0QwJTI2aWR4JTNEMTYlMjZxdCUzRCUyNmFwayUzRDIlMjZzYyUzRFdXVyUyNnVyJTNEJUU0JUI4JUFEJUU1JUIxJUIxJTI2bHIlM0QlRTQlQjglQUQlRTUlQjElQjElMjZmdCUzRCU3QiU3RA%3D%3D#from=mpl_search_suggest,178.0,N/A,N/A,1/1-12/31；周一至周日；08:00-23:30开园,https://qimgs.qunarzz.com/piao_qsight_provider_piao_qsight_web/1lo6912000etye1huF03E_C_900_504.jpg_710x360_fd5b4fc7.jpg〇https://qimgs.qunarzz.com/piao_qsight_provider_piao_qsight_web/1lo4o12000etydfgq94AB_C_900_504_Q90_Mtg_7.jpg_710x360_273fafe0.jpg〇https://qimgs.qunarzz.com/piao_qsight_provider_piao_qsight_web/1lo2v12000etycux30376_C_900_504_Q90_Mtg_7.jpg_710x360_4bc60691.jpg〇https://qimgs.qunarzz.com/piao_qsight_provider_piao_qsight_web/1lo5212000ev2hvrv554B_C_900_504_Q90_Mtg_7.jpg_710x360_0f0e306d.jpg〇https://qimgs.qunarzz.com/piao_qsight_provider_piao_qsight_web/1lo2112000ev2hztfB87D_C_900_504_Q90_Mtg_7.jpg_710x360_6b6e9f37.jpg〇https://qimgs.qunarzz.com/piao_qsight_provider_piao_qsight_web/1lo0812000etydfgg85F3_C_900_504_Q90_Mtg_7.jpg_710x360_5ea56ce7.jpg〇https://qimgs.qunarzz.com/piao_qsight_provider_piao_qsight_web/1lo3z12000etye53085AB_C_900_504_Q90_Mtg_7.jpg_710x360_505239ec.jpg〇https://qimgs.qunarzz.com/piao_qsight_provider_piao_qsight_web/1lo2812000etye6ur172E_C_900_504_Q90_Mtg_7.jpg_710x360_01fdc4a7.jpg〇https://qimgs.qunarzz.com/piao_qsight_provider_piao_qsight_web/1lo6612000etye6a7C514_C_900_504_Q90_Mtg_7.jpg_710x360_9542d213.jpg〇https://qimgs.qunarzz.com/piao_qsight_provider_piao_qsight_web/1lo0112000ev2iiqd6DA5_C_900_504_Q90_Mtg_7.jpg_710x360_7eaf9e58.jpg〇https://qimgs.qunarzz.com/piao_qsight_provider_piao_qsight_web/1lo6912000etye1huF03E_C_900_504_Q90_Mtg_7.jpg_710x360_ef8b8f07.jpg,"{""ret"": true, ""data"": {""tagList"": [{""tagType"": 0, ""tagScore"": 5, ""tagNum"": 0, ""tagName"": ""\u5168\u90e8""}], ""score"": 0.0, ""commentCount"": 0}, ""statusCode"": 200}"
河源首届大型3D画展,https://imgs.qunarzz.com/sight/p0/201404/22/ba63ee2599f195cdfa573092cfc0722e.jpg_280x200_a2d3a71e.jpg,河源市,源城区,广东河源市泰宝百货3楼（河源市区新风路与永和西路交汇处）,-1,-1.0,3D大型奇幻之旅,https://piao.qunar.com/ticket/detail_2618547155.html?st=a3clM0QlRTYlQkElOTAlRTUlOUYlOEUlRTUlOEMlQkElMjZpZCUzRDE5NDY1NCUyNnR5cGUlM0QwJTI2aWR4JTNEMzAlMjZxdCUzRCUyNmFwayUzRDIlMjZzYyUzRFdXVyUyNnVyJTNEJUU0JUI4JUFEJUU1JUIxJUIxJTI2bHIlM0QlRTQlQjglQUQlRTUlQjElQjElMjZmdCUzRCU3QiU3RA%3D%3D#from=mpl_search_suggest,-1.0,N/A,3D魔幻艺术画展将于4月25号强势登陆河源！前所未有的视觉震撼，点爆您的眼球，朋友、情侣、亲子、家庭、团体共享的艺术盛宴，带你玩转边看边互动的3D魔幻世界！零距离接触神奇的3D画，奇妙的立体感观，来吧，一起走进这神奇的魔幻之旅吧！本次3D、3D画展览，不同于传统的画展展览，3D画不仅能带来视觉上的震撼，还能让您成为画中的主人公，既是观众又是画的创作者。画展以艺术鉴赏、科普教育、环境保护、亲子互动为核心，通过3D立体画与实景展示相结合，为广大观众提供全新的全方位的心灵感受！展览共设儿童主题、名画主题、搞笑主题、魔幻主题、错觉主题、道具主题、恐怖主题等七大主题，同时增强了互动环节，以创新的光、影结合的展示效果给您带来不一样的观展体验，让您有意想不到的收获！让您乐在其中……,暂无,https://imgs.qunarzz.com/sight/p0/201404/22/ba63ee2599f195cdfa573092cfc0722e.jpg_710x360_00621cce.jpg〇https://imgs.qunarzz.com/sight/p0/201404/22/bd0432c8dc1e2c5248007661055b5835.jpg_710x360_6bf0a933.jpg,"{""ret"": true, ""data"": {""tagList"": [{""tagType"": 0, ""tagScore"": 5, ""tagNum"": 0, ""tagName"": ""\u5168\u90e8""}], ""score"": 0.0, ""commentCount"": 0}, ""statusCode"": 200}"
东兴旺果场,https://imgs.qunarzz.com/sight/p0/1604/19/19580ec625ee75c990.water.jpg_280x200_c04b3fd7.jpg,河源市,源城区,广东省河源市源城区埔前镇坪围村,1,1.0,生产培育的水果品质优良、安全又营养,https://piao.qunar.com/ticket/detail_861075488.html?st=a3clM0QlRTYlQkElOTAlRTUlOUYlOEUlRTUlOEMlQkElMjZpZCUzRDQ1ODA2MSUyNnR5cGUlM0QwJTI2aWR4JTNEMjklMjZxdCUzRCUyNmFwayUzRDIlMjZzYyUzRFdXVyUyNnVyJTNEJUU0JUI4JUFEJUU1JUIxJUIxJTI2bHIlM0QlRTQlQjglQUQlRTUlQjElQjElMjZmdCUzRCU3QiU3RA%3D%3D#from=mpl_search_suggest,-1.0,N/A,东兴旺果场位于拥有200多平方公里原生态植被的桂山山脉脚下，水源质优，空气清新，总占地面积约1000亩。果场严格执行无公害农产品国家标准，生态无污染，符合无公害水果产地环境要求，生产培育的水果品质优良、安全又营养。让你吃得放心的安全农产品、主要栽培皇帝柑又称“贡柑”。皇帝柑乃是橙与橘的自然杂交种，具有橙与橘的双重优点，被中国果品流通协会授予“中华名果”、“GG中国柑土”等荣誉称号，有重要的经济价值。纯正贡柑果形靓丽、果色金黄、皮薄核少、肉脆化渣、清甜香蜜、高糖低酸、风味浓郁，它集中了橙类外形美和柑橘肉质细嫩、易剥皮的双重优点。,8:00-20:00,https://imgs.qunarzz.com/sight/p0/1604/19/19580ec625ee75c990.water.jpg_710x360_accda776.jpg〇https://imgs.qunarzz.com/sight/p0/1604/63/636338b823f625c090.water.jpg_710x360_025fc280.jpg〇https://imgs.qunarzz.com/sight/p0/1604/ce/ce38d2d9fb02b93890.water.jpg_710x360_feed9dd2.jpg〇https://imgs.qunarzz.com/sight/p0/1604/d8/d8ccf3e8c90ceb4090.water.jpg_710x360_eaa7d8e7.jpg,"{""ret"": true, ""data"": {""tagList"": [{""tagType"": 3, ""tagScore"": 5, ""tagNum"": 1, ""tagName"": ""\u5dee\u8bc4""}, {""tagType"": 0, ""tagScore"": 5, ""tagNum"": 1, ""tagName"": ""\u5168\u90e8""}], ""commentList"": [{""author"": ""\u8bf4*\u8d70"", ""content"": ""\u4e00\u4e2a\u679c\u56ed\u6536300\uff0c\u60f3\u94b1\u60f3\u75af\uff0c\u94f6\u884c\u5927\u628a\uff0c\u4f60\u5e72\u561b\u4e0d\u53bb\u62a2\uff0c\u795e\u7ecf\u75c5"", ""date"": ""2016-06-04"", ""score"": 1, ""commentId"": ""118000174"", ""imgs"": [], ""userNickName"": ""\u8bf4*\u8d70"", ""replyCityName"": """", ""cityName"": """"}], ""score"": 1.0, ""commentCount"": 1}, ""statusCode"": 200}"
恐龙岛水乐园,https://qimgs.qunarzz.com/piao_qsight_provider_piao_qsight_web/1lo3a12000etyfk5yA798_C_900_504.jpg_280x200_cd9434f6.jpg,河源市,源城区,河源市源城区山谷南路东与河陂路交叉口西北200米,-1,-1.0,N/A,https://piao.qunar.com/ticket/detail_2044732097.html?st=a3clM0QlRTYlQkElOTAlRTUlOUYlOEUlRTUlOEMlQkElMjZpZCUzRDUyODM3MSUyNnR5cGUlM0QwJTI2aWR4JTNEMjclMjZxdCUzRCUyNmFwayUzRDIlMjZzYyUzRFdXVyUyNnVyJTNEJUU0JUI4JUFEJUU1JUIxJUIxJTI2bHIlM0QlRTQlQjglQUQlRTUlQjElQjElMjZmdCUzRCU3QiU3RA%3D%3D#from=mpl_search_suggest,-1.0,N/A,N/A,1/1-12/31；周一至周日；08:00-23:30开园,https://qimgs.qunarzz.com/piao_qsight_provider_piao_qsight_web/1lo3a12000etyfk5yA798_C_900_504.jpg_710x360_c46560b7.jpg〇https://qimgs.qunarzz.com/piao_qsight_provider_piao_qsight_web/1lo0d12000ev2i3nx05B5_C_900_504_Q90_Mtg_7.jpg_710x360_86e413ad.jpg〇https://qimgs.qunarzz.com/piao_qsight_provider_piao_qsight_web/1lo4a12000ev2qlrf724D_C_900_504_Q90_Mtg_7.jpg_710x360_bcee35fa.jpg〇https://qimgs.qunarzz.com/piao_qsight_provider_piao_qsight_web/1lo2s12000ev2qcvwC503_C_900_504_Q90_Mtg_7.jpg_710x360_f7d26a2f.jpg〇https://qimgs.qunarzz.com/piao_qsight_provider_piao_qsight_web/1lo5m12000etyem9815B2_C_900_504_Q90_Mtg_7.jpg_710x360_cb99a279.jpg〇https://qimgs.qunarzz.com/piao_qsight_provider_piao_qsight_web/1lo3e12000ev2qlrdF2F1_C_900_504_Q90_Mtg_7.jpg_710x360_24dc0fcd.jpg〇https://qimgs.qunarzz.com/piao_qsight_provider_piao_qsight_web/1lo4k12000etyfeocCF35_C_900_504_Q90_Mtg_7.jpg_710x360_e5030038.jpg〇https://qimgs.qunarzz.com/piao_qsight_provider_piao_qsight_web/1lo5g12000etyfignB597_C_900_504_Q90_Mtg_7.jpg_710x360_2f178980.jpg〇https://qimgs.qunarzz.com/piao_qsight_provider_piao_qsight_web/1lo4812000ev2id2qC70B_C_900_504_Q90_Mtg_7.jpg_710x360_ebf6e4f5.jpg〇https://qimgs.qunarzz.com/piao_qsight_provider_piao_qsight_web/1lo2112000etyfama4F3C_C_900_504_Q90_Mtg_7.jpg_710x360_05618d27.jpg〇https://qimgs.qunarzz.com/piao_qsight_provider_piao_qsight_web/1lo3a12000etyfk5yA798_C_900_504_Q90_Mtg_7.jpg_710x360_ed7296b0.jpg,"{""ret"": true, ""data"": {""tagList"": [{""tagType"": 0, ""tagScore"": 5, ""tagNum"": 0, ""tagName"": ""\u5168\u90e8""}], ""score"": 0.0, ""commentCount"": 0}, ""statusCode"": 200}"
河源和平热龙温泉,https://qimgs.qunarzz.com/piao_qsight_provider_piao_qsight_web/100b0q000000gebpjA6D5_C_900_504.jpg_280x200_3bfe2c34.jpg,河源市,和平县,河源市和平县热水镇南湖村,259,4.6,养生温泉，滋润身心,https://piao.qunar.com/ticket/detail_1104133635.html?st=a3clM0QlRTUlOTIlOEMlRTUlQjklQjMlRTUlOEUlQkYlMjZpZCUzRDU2NTglMjZ0eXBlJTNEMCUyNmlkeCUzRDElMjZxdCUzRCUyNmFwayUzRDIlMjZzYyUzRFdXVyUyNnVyJTNEJUU0JUI4JUFEJUU1JUIxJUIxJTI2bHIlM0QlRTQlQjglQUQlRTUlQjElQjElMjZmdCUzRCU3QiU3RA%3D%3D#from=mpl_search_suggest,88.0,4A景区,热龙温泉度假村地处革命老区和平县热水镇，地下温泉储水量异常丰富，日出水量超过6000立方米，泉水温度高达88摄氏度，水质清澈、晶莹爽滑，富含偏硅酸等几十种对人体健康有益的微量矿物质元素，温泉水呈偏碱性，PH值为7.42，对防治心血管病，风湿性关节炎、心肌炎、肌肉劳损等疾病具有特殊疗效。在水温、供水量、无污染的药疗性的温泉之一，被誉为“广东温泉之冠”。,1/1-12/31；周一至周日；08:00-23:00开园,https://qimgs.qunarzz.com/piao_qsight_provider_piao_qsight_web/100b0q000000gebpjA6D5_C_900_504.jpg_710x360_aa0f0e0a.jpg〇https://qimgs.qunarzz.com/piao_qsight_provider_piao_qsight_web/100i0q000000gbk8b0FC5_C_900_504_Q90_Mtg_7.jpg_710x360_ba7540e7.jpg〇https://qimgs.qunarzz.com/piao_qsight_provider_piao_qsight_web/10060r000000hd4bjF17A_C_900_504_Q90_Mtg_7.jpg_710x360_1948dc05.jpg〇https://qimgs.qunarzz.com/piao_qsight_provider_piao_qsight_web/100a0q000000gdbi3D696_C_900_504_Q90_Mtg_7.jpg_710x360_7f5de595.jpg〇https://qimgs.qunarzz.com/piao_qsight_provider_piao_qsight_web/100b1f000001gslyk2B2B_C_900_504_Q90_Mtg_7.jpg_710x360_0545a456.jpg〇https://qimgs.qunarzz.com/piao_qsight_provider_piao_qsight_web/100m0q000000gl31m1671_C_900_504_Q90_Mtg_7.jpg_710x360_8d377efc.jpg〇https://qimgs.qunarzz.com/piao_qsight_provider_piao_qsight_web/100p0r000000hb8y91540_C_900_504_Q90_Mtg_7.jpg_710x360_f3da75a3.jpg〇https://qimgs.qunarzz.com/piao_qsight_provider_piao_qsight_web/100e0r000000hfm8aDB94_C_900_504_Q90_Mtg_7.jpg_710x360_c68ba8a4.jpg〇https://qimgs.qunarzz.com/piao_qsight_provider_piao_qsight_web/100i0q000000gaejlE0EB_C_900_504_Q90_Mtg_7.jpg_710x360_c1f423fa.jpg〇https://qimgs.qunarzz.com/piao_qsight_provider_piao_qsight_web/100i0r000000hbm473B70_C_900_504_Q90_Mtg_7.jpg_710x360_08819d51.jpg〇https://qimgs.qunarzz.com/piao_qsight_provider_piao_qsight_web/100b0q000000gebpjA6D5_C_900_504_Q90_Mtg_7.jpg_710x360_c31b16af.jpg〇https://imgs.qunarzz.com/sight/p0/201403/07/559ae27d7f391945b24821d2ce665aaf.jpg_710x360_87b3adb5.jpg〇https://imgs.qunarzz.com/sight/p0/201403/07/4ddd133bf2cece659ca224eaf487c1a6.jpg_710x360_bf695e7e.jpg〇https://imgs.qunarzz.com/sight/p0/201403/07/c4e9ce5c58654c1bf2adec29d3c7e14d.jpg_710x360_9c60e0f9.jpg〇https://imgs.qunarzz.com/sight/p0/201403/07/4f8b016084f703459ff2ce051b70ad49.jpg_710x360_b7839c63.jpg〇https://imgs.qunarzz.com/sight/p0/201403/07/cda330fb001c065c378647afac5a9b42.jpg_710x360_874268f9.jpg〇https://imgs.qunarzz.com/sight/p0/1507/12/a391f54aff3fed516ed5c050957aa403.water.jpg_710x360_3f7ca956.jpg〇https://imgs.qunarzz.com/sight/p0/1507/e7/b842b0b5374fb72ed829e04716913181.water.jpg_710x360_ded0deb9.jpg〇https://imgs.qunarzz.com/sight/p0/1507/55/25938942f49e32b2a2e6375b1db9cd39.water.jpg_710x360_88c1c2b1.jpg〇https://imgs.qunarzz.com/sight/p0/1507/90/a22c3b65de11ec9521f011f8752588c1.water.jpg_710x360_718bf327.jpg〇https://imgs.qunarzz.com/sight/p0/1507/f5/a3055d8ecc463f5635d9fb5107b0d330.water.jpg_710x360_4f9f71ae.jpg〇https://imgs.qunarzz.com/sight/p0/1507/ce/bd135282bf7e86c18e514f661428f6b8.water.jpg_710x360_3f457229.jpg〇https://qimgs.qunarzz.com/piao_qsight_provider_piao_qsight_web/70549cd3178d4e02.jpg_710x360_319e04f8.jpg〇https://qimgs.qunarzz.com/piao_qsight_provider_piao_qsight_web/0b000b6da0f62a02.jpg_710x360_f7d460b6.jpg〇https://qimgs.qunarzz.com/piao_qsight_provider_piao_qsight_web/930876fd1d1b0902.jpg_710x360_8e5c966d.jpg〇https://qimgs.qunarzz.com/piao_qsight_provider_piao_qsight_web/455a813221149802.jpg_710x360_831f9c11.jpg〇https://qimgs.qunarzz.com/piao_qsight_provider_piao_qsight_web/06d638014cbf5002.jpg_710x360_57fdcfb1.jpg〇https://qimgs.qunarzz.com/piao_qsight_provider_piao_qsight_web/d84452cfe9d83c02.jpg_710x360_4fe56ffd.jpg〇https://qimgs.qunarzz.com/piao_qsight_provider_piao_qsight_web/4055b977c8629c02.jpg_710x360_2701603d.jpg〇https://qimgs.qunarzz.com/piao_qsight_provider_piao_qsight_web/dd18996fe7136102.jpg_710x360_5618e7c1.jpg〇https://qimgs.qunarzz.com/piao_qsight_provider_piao_qsight_web/ce25ebc7fceb9c02.jpg_710x360_ade0b4e7.jpg〇https://qimgs.qunarzz.com/piao_qsight_provider_piao_qsight_web/4905422770ed6f02.jpg_710x360_e9c7d808.jpg〇https://qimgs.qunarzz.com/piao_qsight_provider_piao_qsight_web/f889524837419202.jpg_710x360_8a65705e.jpg〇https://qimgs.qunarzz.com/piao_qsight_provider_piao_qsight_web/52ce579401267102.jpg_710x360_c806c39f.jpg〇https://qimgs.qunarzz.com/piao_qsight_provider_piao_qsight_web/13c1fc58d1827602.jpg_710x360_f140d17d.jpg〇https://qimgs.qunarzz.com/piao_qsight_provider_piao_qsight_web/23dc6dd9c7736502.jpg_710x360_8ff6d60f.jpg〇https://qimgs.qunarzz.com/piao_qsight_provider_piao_qsight_web/5069d83ded405e02.jpg_710x360_13a6dfca.jpg〇https://qimgs.qunarzz.com/piao_qsight_provider_piao_qsight_web/7180f23dec3fc302.jpg_710x360_215b5821.jpg〇https://qimgs.qunarzz.com/piao_qsight_provider_piao_qsight_web/730dc82bf57b1702.jpg_710x360_9b51bc40.jpg〇https://qimgs.qunarzz.com/piao_qsight_provider_piao_qsight_web/842d7c2e161ecf02.jpg_710x360_44ba7841.jpg〇https://qimgs.qunarzz.com/piao_qsight_provider_piao_qsight_web/8dad65c0df4c2002.jpg_710x360_c0fcce9b.jpg〇https://qimgs.qunarzz.com/piao_qsight_provider_piao_qsight_web/015c0cd3af5eec02.jpg_710x360_3022da10.jpg,"{""ret"": true, ""data"": {""tagList"": [{""tagType"": 32, ""tagScore"": 5, ""tagNum"": 1, ""tagName"": ""\u670d\u52a1\u597d""}, {""tagType"": 16, ""tagScore"": 5, ""tagNum"": 3, ""tagName"": ""\u9760\u8c31""}, {""tagType"": 8, ""tagScore"": 5, ""tagNum"": 4, ""tagName"": ""\u4fbf\u5b9c""}, {""tagType"": 4, ""tagScore"": 5, ""tagNum"": 3, ""tagName"": ""\u53d6\u7968\u65b9\u4fbf""}, {""tagType"": 3, ""tagScore"": 5, ""tagNum"": 3, ""tagName"": ""\u5dee\u8bc4""}, {""tagType"": 2, ""tagScore"": 5, ""tagNum"": 8, ""tagName"": ""\u4e2d\u8bc4""}, {""tagType"": 1, ""tagScore"": 5, ""tagNum"": 240, ""tagName"": ""\u597d\u8bc4""}, {""tagType"": 0, ""tagScore"": 5, ""tagNum"": 259, ""tagName"": ""\u5168\u90e8""}], ""commentList"": [{""author"": ""y*2"", ""content"": ""\u7528\u6237\u672a\u70b9\u8bc4\uff0c\u7cfb\u7edf\u9ed8\u8ba4\u597d\u8bc4\u3002"", ""date"": ""2024-12-26"", ""score"": 5, ""commentId"": ""239379150"", ""imgs"": [], ""userNickName"": ""y*2"", ""replyCityName"": """", ""cityName"": """"}, {""author"": ""f*2"", ""content"": ""\u7528\u6237\u672a\u70b9\u8bc4\uff0c\u7cfb\u7edf\u9ed8\u8ba4\u597d\u8bc4\u3002"", ""date"": ""2024-11-03"", ""score"": 5, ""commentId"": ""238297760"", ""imgs"": [], ""userNickName"": ""f*2"", ""replyCityName"": """", ""cityName"": """"}, {""author"": ""L*y"", ""content"": ""\u7528\u6237\u672a\u70b9\u8bc4\uff0c\u7cfb\u7edf\u9ed8\u8ba4\u597d\u8bc4\u3002"", ""date"": ""2024-03-17"", ""score"": 5, ""commentId"": ""232405952"", ""imgs"": [], ""userNickName"": ""L*y"", ""replyCityName"": """", ""cityName"": """"}, {""author"": ""x*6"", ""content"": ""\u7528\u6237\u672a\u70b9\u8bc4\uff0c\u7cfb\u7edf\u9ed8\u8ba4\u597d\u8bc4\u3002"", ""date"": ""2024-03-17"", ""score"": 5, ""commentId"": ""232399579"", ""imgs"": [], ""userNickName"": ""x*6"", ""replyCityName"": """", ""cityName"": """"}, {""author"": ""z*k"", ""content"": ""\u7528\u6237\u672a\u70b9\u8bc4\uff0c\u7cfb\u7edf\u9ed8\u8ba4\u597d\u8bc4\u3002"", ""date"": ""2024-03-14"", ""score"": 5, ""commentId"": ""232114617"", ""imgs"": [], ""userNickName"": ""z*k"", ""replyCityName"": """", ""cityName"": """"}, {""author"": ""\u53bb*\u6237"", ""content"": ""\u7528\u6237\u672a\u70b9\u8bc4\uff0c\u7cfb\u7edf\u9ed8\u8ba4\u597d\u8bc4\u3002"", ""date"": ""2024-02-21"", ""score"": 5, ""commentId"": ""231529022"", ""imgs"": [], ""userNickName"": ""\u53bb*\u6237"", ""replyCityName"": """", ""cityName"": """"}, {""author"": ""s*7"", ""content"": ""\u7528\u6237\u672a\u70b9\u8bc4\uff0c\u7cfb\u7edf\u9ed8\u8ba4\u597d\u8bc4\u3002"", ""date"": ""2024-01-16"", ""score"": 5, ""commentId"": ""231055468"", ""imgs"": [], ""userNickName"": ""s*7"", ""replyCityName"": """", ""cityName"": """"}, {""author"": ""x*0"", ""content"": ""\u7528\u6237\u672a\u70b9\u8bc4\uff0c\u7cfb\u7edf\u9ed8\u8ba4\u597d\u8bc4\u3002"", ""date"": ""2024-01-07"", ""score"": 5, ""commentId"": ""230968400"", ""imgs"": [], ""userNickName"": ""x*0"", ""replyCityName"": """", ""cityName"": """"}, {""author"": ""y*0"", ""content"": ""\u7528\u6237\u672a\u70b9\u8bc4\uff0c\u7cfb\u7edf\u9ed8\u8ba4\u597d\u8bc4\u3002"", ""date"": ""2023-06-02"", ""score"": 5, ""commentId"": ""226067287"", ""imgs"": [], ""userNickName"": ""y*0"", ""replyCityName"": """", ""cityName"": """"}, {""author"": ""L*i"", ""content"": ""\u7528\u6237\u672a\u70b9\u8bc4\uff0c\u7cfb\u7edf\u9ed8\u8ba4\u597d\u8bc4\u3002"", ""date"": ""2023-03-29"", ""score"": 5, ""commentId"": ""224934611"", ""imgs"": [], ""userNickName"": ""L*i"", ""replyCityName"": """", ""cityName"": """"}], ""score"": 4.6, ""commentCount"": 259}, ""statusCode"": 200}"
百鸟园,https://imgs.qunarzz.com/sight/p86/201211/01/05fb823ed656924893835fbb.jpg_280x200_5fe0ba3b.jpg,河源市,源城区,广东省河源市源城区,1,5.0,环境清静，鸟语花香，人鸟同乐，佳趣天成,https://piao.qunar.com/ticket/detail_61080058.html?st=a3clM0QlRTYlQkElOTAlRTUlOUYlOEUlRTUlOEMlQkElMjZpZCUzRDI2MDcxJTI2dHlwZSUzRDAlMjZpZHglM0QyNSUyNnF0JTNEJTI2YXBrJTNEMiUyNnNjJTNEV1dXJTI2dXIlM0QlRTQlQjglQUQlRTUlQjElQjElMjZsciUzRCVFNCVCOCVBRCVFNSVCMSVCMSUyNmZ0JTNEJTdCJTdE#from=mpl_search_suggest,-1.0,N/A,总占地1000多平方米，网内放养近百种品种， 2000余只各式各样的鸟类，这里环境清静，鸟语花香，有广东第二小鸟天堂之称，这自然环抱的百鸟园中， 可以尽情欣赏五彩斑阑的珍奇鸟类，聆听悦耳的鸟鸣，更可以尽情亲手喂鸟的乐趣，人鸟同乐，佳趣天成，百鸟园的绿荫、清风、鸟鸣为人们提供了净荡尘嚣的好去处，置身其中，在休闲中享受人与自然和谐的欢乐,暂无,https://imgs.qunarzz.com/sight/p86/201211/01/05fb823ed656924893835fbb.jpg_710x360_8b6c5cc4.jpg,"{""ret"": true, ""data"": {""tagList"": [{""tagType"": 1, ""tagScore"": 5, ""tagNum"": 1, ""tagName"": ""\u597d\u8bc4""}, {""tagType"": 0, ""tagScore"": 5, ""tagNum"": 1, ""tagName"": ""\u5168\u90e8""}], ""commentList"": [{""author"": ""x*5"", ""content"": ""\u65e9\u4e0a\u5446\u5728\u8fd9\u90fd\u4e0d\u60f3\u56de\u53bb\u4e86\uff0c\u90a3\u4e2a\u8212\u670d\uff0c\u7a7a\u6c14\u597d\uff0c\u73af\u5883\u4e5f\u7f8e"", ""date"": ""2015-07-01"", ""score"": 5, ""commentId"": ""57006570"", ""imgs"": [], ""userNickName"": ""x*5"", ""replyCityName"": """", ""cityName"": """"}], ""score"": 5.0, ""commentCount"": 1}, ""statusCode"": 200}"
逸境温泉,https://imgs.qunarzz.com/sight/p0/2110/26/26f6a4a849b5264ea3.img.jpg_280x200_7f4b2b95.jpg,河源市,源城区,河源市越王大道123号希尔顿逸林酒店一楼,11,5.0,N/A,https://piao.qunar.com/ticket/detail_2813779921.html?st=a3clM0QlRTYlQkElOTAlRTUlOUYlOEUlRTUlOEMlQkElMjZpZCUzRDUxMjM0MiUyNnR5cGUlM0QwJTI2aWR4JTNEMjQlMjZxdCUzRCUyNmFwayUzRDIlMjZzYyUzRFdXVyUyNnVyJTNEJUU0JUI4JUFEJUU1JUIxJUIxJTI2bHIlM0QlRTQlQjglQUQlRTUlQjElQjElMjZmdCUzRCU3QiU3RA%3D%3D#from=mpl_search_suggest,-1.0,N/A,N/A,具体营业状态以当天开放情况为准,https://imgs.qunarzz.com/sight/p0/2110/26/26f6a4a849b5264ea3.img.jpg_710x360_5bfeac2e.jpg〇https://imgs.qunarzz.com/sight/p0/2110/82/8287204204294e6da3.img.jpg_710x360_a9d20ce2.jpg〇https://imgs.qunarzz.com/sight/p0/2110/24/2472774f500ccffea3.img.jpg_710x360_777d8ba2.jpg〇https://imgs.qunarzz.com/sight/p0/2110/7c/7c31f3c1e0d5471a3.img.jpg_710x360_46e9e1c6.jpg,"{""ret"": true, ""data"": {""tagList"": [{""tagType"": 1, ""tagScore"": 5, ""tagNum"": 11, ""tagName"": ""\u597d\u8bc4""}, {""tagType"": 0, ""tagScore"": 5, ""tagNum"": 11, ""tagName"": ""\u5168\u90e8""}], ""commentList"": [{""author"": ""\u53bb*\u6237"", ""content"": ""\u7528\u6237\u672a\u70b9\u8bc4\uff0c\u7cfb\u7edf\u9ed8\u8ba4\u597d\u8bc4\u3002"", ""date"": ""2024-01-31"", ""score"": 5, ""commentId"": ""231241748"", ""imgs"": [], ""userNickName"": ""\u53bb*\u6237"", ""replyCityName"": """", ""cityName"": """"}, {""author"": ""\u53bb*\u6237"", ""content"": ""\u7528\u6237\u672a\u70b9\u8bc4\uff0c\u7cfb\u7edf\u9ed8\u8ba4\u597d\u8bc4\u3002"", ""date"": ""2023-12-29"", ""score"": 5, ""commentId"": ""230882768"", ""imgs"": [], ""userNickName"": ""\u53bb*\u6237"", ""replyCityName"": """", ""cityName"": """"}, {""author"": ""p*6"", ""content"": ""\u7528\u6237\u672a\u70b9\u8bc4\uff0c\u7cfb\u7edf\u9ed8\u8ba4\u597d\u8bc4\u3002"", ""date"": ""2023-12-26"", ""score"": 5, ""commentId"": ""230842605"", ""imgs"": [], ""userNickName"": ""p*6"", ""replyCityName"": """", ""cityName"": """"}, {""author"": ""a*8"", ""content"": ""\u7528\u6237\u672a\u70b9\u8bc4\uff0c\u7cfb\u7edf\u9ed8\u8ba4\u597d\u8bc4\u3002"", ""date"": ""2023-12-26"", ""score"": 5, ""commentId"": ""230835817"", ""imgs"": [], ""userNickName"": ""a*8"", ""replyCityName"": """", ""cityName"": """"}, {""author"": ""\u559d*\u94c1"", ""content"": ""\u7528\u6237\u672a\u70b9\u8bc4\uff0c\u7cfb\u7edf\u9ed8\u8ba4\u597d\u8bc4\u3002"", ""date"": ""2023-12-15"", ""score"": 5, ""commentId"": ""230703559"", ""imgs"": [], ""userNickName"": ""\u559d*\u94c1"", ""replyCityName"": """", ""cityName"": """"}, {""author"": ""p*2"", ""content"": ""\u7528\u6237\u672a\u70b9\u8bc4\uff0c\u7cfb\u7edf\u9ed8\u8ba4\u597d\u8bc4\u3002"", ""date"": ""2023-11-04"", ""score"": 5, ""commentId"": ""230061546"", ""imgs"": [], ""userNickName"": ""p*2"", ""replyCityName"": """", ""cityName"": """"}, {""author"": ""C*\u83b9"", ""content"": ""\u7528\u6237\u672a\u70b9\u8bc4\uff0c\u7cfb\u7edf\u9ed8\u8ba4\u597d\u8bc4\u3002"", ""date"": ""2023-09-05"", ""score"": 5, ""commentId"": ""228116745"", ""imgs"": [], ""userNickName"": ""C*\u83b9"", ""replyCityName"": """", ""cityName"": """"}, {""author"": ""q*1"", ""content"": ""\u7528\u6237\u672a\u70b9\u8bc4\uff0c\u7cfb\u7edf\u9ed8\u8ba4\u597d\u8bc4\u3002"", ""date"": ""2023-07-23"", ""score"": 5, ""commentId"": ""226707585"", ""imgs"": [], ""userNickName"": ""q*1"", ""replyCityName"": """", ""cityName"": """"}, {""author"": ""m*1"", ""content"": ""\u7528\u6237\u672a\u70b9\u8bc4\uff0c\u7cfb\u7edf\u9ed8\u8ba4\u597d\u8bc4\u3002"", ""date"": ""2023-07-23"", ""score"": 5, ""commentId"": ""226701274"", ""imgs"": [], ""userNickName"": ""m*1"", ""replyCityName"": """", ""cityName"": """"}, {""author"": ""w*3"", ""content"": ""\u7528\u6237\u672a\u70b9\u8bc4\uff0c\u7cfb\u7edf\u9ed8\u8ba4\u597d\u8bc4\u3002"", ""date"": ""2022-06-28"", ""score"": 5, ""commentId"": ""222457571"", ""imgs"": [], ""userNickName"": ""w*3"", ""replyCityName"": """", ""cityName"": """"}], ""score"": 5.0, ""commentCount"": 11}, ""statusCode"": 200}"
链如云冰雪大世界,https://qimgs.qunarzz.com/piao_qsight_provider_piao_qsight_web/100e1f000001gszuu2E9C_C_900_504.jpg_280x200_64e4e1c7.jpg,河源市,源城区,广东省河源市源城区巴伐利亚庄园DD乐园内,18,5.0,任何季节都可以来到巴伐利亚赏冰雪,https://piao.qunar.com/ticket/detail_3939178110.html?st=a3clM0QlRTYlQkElOTAlRTUlOUYlOEUlRTUlOEMlQkElMjZpZCUzRDQ3MDI2MCUyNnR5cGUlM0QwJTI2aWR4JTNEMjMlMjZxdCUzRCUyNmFwayUzRDIlMjZzYyUzRFdXVyUyNnVyJTNEJUU0JUI4JUFEJUU1JUIxJUIxJTI2bHIlM0QlRTQlQjglQUQlRTUlQjElQjElMjZmdCUzRCU3QiU3RA%3D%3D#from=mpl_search_suggest,-1.0,N/A,这里是漫雪纷飞的白色世界，这里是童真童趣的童话乐园，这里是冰雪文化的完美呈现；巴伐利亚冰雪大世界，打造四季冰雪概念，将冰雪景观，娱乐项目，丰富活动，能够在一年四季充分展现。让游客不再受到季节和时间的限制，随时都可以来到巴伐利亚赏冰乐雪,具体营业状态以当天开放情况为准,https://qimgs.qunarzz.com/piao_qsight_provider_piao_qsight_web/100e1f000001gszuu2E9C_C_900_504.jpg_710x360_bfd773a5.jpg〇https://qimgs.qunarzz.com/piao_qsight_provider_piao_qsight_web/100p10000000p2t5u52A9_C_900_504_Q90_Mtg_7.jpg_710x360_9a142c12.jpg〇https://qimgs.qunarzz.com/piao_qsight_provider_piao_qsight_web/100a10000000p4zye0F29_C_900_504_Q90_Mtg_7.jpg_710x360_60bf1047.jpg〇https://qimgs.qunarzz.com/piao_qsight_provider_piao_qsight_web/100k10000000p7uwrC24C_C_900_504_Q90_Mtg_7.jpg_710x360_496412c0.jpg〇https://qimgs.qunarzz.com/piao_qsight_provider_piao_qsight_web/100j10000000p36x77CCE_C_900_504_Q90_Mtg_7.jpg_710x360_7204fbca.jpg〇https://qimgs.qunarzz.com/piao_qsight_provider_piao_qsight_web/100a10000000p4zydFF08_C_900_504_Q90_Mtg_7.jpg_710x360_c9ba6a15.jpg〇https://qimgs.qunarzz.com/piao_qsight_provider_piao_qsight_web/100d10000000p274eBE3D_C_900_504_Q90_Mtg_7.jpg_710x360_8e13aaeb.jpg〇https://qimgs.qunarzz.com/piao_qsight_provider_piao_qsight_web/100e10000000p6fepAFC7_C_900_504_Q90_Mtg_7.jpg_710x360_d77c8be1.jpg〇https://qimgs.qunarzz.com/piao_qsight_provider_piao_qsight_web/100m10000000pd28xCCFA_C_900_504_Q90_Mtg_7.jpg_710x360_687bde70.jpg〇https://qimgs.qunarzz.com/piao_qsight_provider_piao_qsight_web/100p10000000p2t5rC284_C_900_504_Q90_Mtg_7.jpg_710x360_88e3fb57.jpg〇https://qimgs.qunarzz.com/piao_qsight_provider_piao_qsight_web/100e1f000001gszuu2E9C_C_900_504_Q90_Mtg_7.jpg_710x360_0fd5291f.jpg〇https://imgs.qunarzz.com/sight/p0/1812/4e/4eaa64733557e0f7a3.img.jpg_710x360_7c0c0475.jpg〇https://imgs.qunarzz.com/sight/p0/1812/65/659739672abba4d2a3.img.jpg_710x360_105fdbb5.jpg〇https://imgs.qunarzz.com/sight/p0/1812/7c/7c1a26b5f24e354fa3.img.jpg_710x360_3661d005.jpg〇https://imgs.qunarzz.com/sight/p0/1812/d8/d819bd568fdec004a3.img.jpg_710x360_a8b5f9db.jpg〇https://imgs.qunarzz.com/sight/p0/1812/7b/7b4316d28ff95b59a3.img.jpg_710x360_675a3cbb.jpg〇https://qimgs.qunarzz.com/piao_qsight_provider_piao_qsight_web/d5927123c8ffa302.jpg_710x360_8e533298.jpg,"{""ret"": true, ""data"": {""tagList"": [{""tagType"": 1, ""tagScore"": 5, ""tagNum"": 18, ""tagName"": ""\u597d\u8bc4""}, {""tagType"": 0, ""tagScore"": 5, ""tagNum"": 18, ""tagName"": ""\u5168\u90e8""}], ""commentList"": [{""author"": ""d*9"", ""content"": ""\u7528\u6237\u672a\u70b9\u8bc4\uff0c\u7cfb\u7edf\u9ed8\u8ba4\u597d\u8bc4\u3002"", ""date"": ""2024-11-03"", ""score"": 5, ""commentId"": ""238252119"", ""imgs"": [], ""userNickName"": ""d*9"", ""replyCityName"": """", ""cityName"": """"}, {""author"": ""h*2"", ""content"": ""\u7528\u6237\u672a\u70b9\u8bc4\uff0c\u7cfb\u7edf\u9ed8\u8ba4\u597d\u8bc4\u3002"", ""date"": ""2024-10-16"", ""score"": 5, ""commentId"": ""237645545"", ""imgs"": [], ""userNickName"": ""h*2"", ""replyCityName"": """", ""cityName"": """"}, {""author"": ""\u53bb*\u6237"", ""content"": ""\u7528\u6237\u672a\u70b9\u8bc4\uff0c\u7cfb\u7edf\u9ed8\u8ba4\u597d\u8bc4\u3002"", ""date"": ""2024-06-02"", ""score"": 5, ""commentId"": ""234009684"", ""imgs"": [], ""userNickName"": ""\u53bb*\u6237"", ""replyCityName"": """", ""cityName"": """"}, {""author"": ""u*9"", ""content"": ""\u7528\u6237\u672a\u70b9\u8bc4\uff0c\u7cfb\u7edf\u9ed8\u8ba4\u597d\u8bc4\u3002"", ""date"": ""2024-06-02"", ""score"": 5, ""commentId"": ""233929785"", ""imgs"": [], ""userNickName"": ""u*9"", ""replyCityName"": """", ""cityName"": """"}, {""author"": ""c*8"", ""content"": ""\u7528\u6237\u672a\u70b9\u8bc4\uff0c\u7cfb\u7edf\u9ed8\u8ba4\u597d\u8bc4\u3002"", ""date"": ""2021-12-29"", ""score"": 5, ""commentId"": ""221663227"", ""imgs"": [], ""userNickName"": ""c*8"", ""replyCityName"": """", ""cityName"": """"}, {""author"": ""s*1"", ""content"": ""\u7528\u6237\u672a\u70b9\u8bc4\uff0c\u7cfb\u7edf\u9ed8\u8ba4\u597d\u8bc4\u3002"", ""date"": ""2019-09-16"", ""score"": 5, ""commentId"": ""212241988"", ""imgs"": [], ""userNickName"": ""s*1"", ""replyCityName"": """", ""cityName"": """"}, {""author"": ""s*1"", ""content"": ""\u7528\u6237\u672a\u70b9\u8bc4\uff0c\u7cfb\u7edf\u9ed8\u8ba4\u597d\u8bc4\u3002"", ""date"": ""2019-09-16"", ""score"": 5, ""commentId"": ""212241946"", ""imgs"": [], ""userNickName"": ""s*1"", ""replyCityName"": """", ""cityName"": """"}, {""author"": ""v*1"", ""content"": ""\u7528\u6237\u672a\u70b9\u8bc4\uff0c\u7cfb\u7edf\u9ed8\u8ba4\u597d\u8bc4\u3002"", ""date"": ""2019-09-03"", ""score"": 5, ""commentId"": ""211903430"", ""imgs"": [], ""userNickName"": ""v*1"", ""replyCityName"": """", ""cityName"": """"}, {""author"": ""\u54d7*\u7c7d"", ""content"": ""\u7528\u6237\u672a\u70b9\u8bc4\uff0c\u7cfb\u7edf\u9ed8\u8ba4\u597d\u8bc4\u3002"", ""date"": ""2019-08-27"", ""score"": 5, ""commentId"": ""211767412"", ""imgs"": [], ""userNickName"": ""\u54d7*\u7c7d"", ""replyCityName"": """", ""cityName"": """"}, {""author"": ""a*5"", ""content"": ""\u7528\u6237\u672a\u70b9\u8bc4\uff0c\u7cfb\u7edf\u9ed8\u8ba4\u597d\u8bc4\u3002"", ""date"": ""2019-08-23"", ""score"": 5, ""commentId"": ""211702892"", ""imgs"": [], ""userNickName"": ""a*5"", ""replyCityName"": """", ""cityName"": """"}], ""score"": 5.0, ""commentCount"": 18}, ""statusCode"": 200}"
途乐户外俱乐部,https://imgs.qunarzz.com/sight/p0/2107/4d/4dac437e6b781d16a3.img.jpg_280x200_35ca51a3.jpg,河源市,源城区,广东省河源市源城区悠宕房车营地酒店附近,-1,-1.0,没有驾驶证也可以开的山地越野车，2分钟包教包会，全套护具头盔。帅气的骑行服装，拍个帅气的视频照片。,https://piao.qunar.com/ticket/detail_5723157.html?st=a3clM0QlRTYlQkElOTAlRTUlOUYlOEUlRTUlOEMlQkElMjZpZCUzRDUxMTQ4MyUyNnR5cGUlM0QwJTI2aWR4JTNEMjglMjZxdCUzRCUyNmFwayUzRDIlMjZzYyUzRFdXVyUyNnVyJTNEJUU0JUI4JUFEJUU1JUIxJUIxJTI2bHIlM0QlRTQlQjglQUQlRTUlQjElQjElMjZmdCUzRCU3QiU3RA%3D%3D#from=mpl_search_suggest,-1.0,N/A,没有驾驶证也可以开的山地越野车，2分钟包教包会，全套护具头盔。帅气的骑行服装，拍个帅气的视频照片。,开放时间:9:00-23:00,https://imgs.qunarzz.com/sight/p0/2107/4d/4dac437e6b781d16a3.img.jpg_710x360_b56e42aa.jpg〇https://imgs.qunarzz.com/sight/p0/2107/bd/bd5685a775e5ec0ca3.img.jpg_710x360_1d67f1dd.jpg〇https://imgs.qunarzz.com/sight/p0/2107/78/78d8aa9c32af703fa3.img.jpg_710x360_972241d3.jpg〇https://imgs.qunarzz.com/sight/p0/2107/e7/e7d318660697a276a3.img.jpg_710x360_3033d8d9.jpg〇https://imgs.qunarzz.com/sight/p0/2107/81/81f4308dcc4f98eda3.img.jpg_710x360_792d577c.jpg,"{""ret"": true, ""data"": {""tagList"": [{""tagType"": 0, ""tagScore"": 5, ""tagNum"": 0, ""tagName"": ""\u5168\u90e8""}], ""score"": 0.0, ""commentCount"": 0}, ""statusCode"": 200}"
桃花水母大剧院,https://imgs.qunarzz.com/sight/p0/1511/35/35e66bbfc08d8a5c90.img.jpg_280x200_e068d82a.jpg,河源市,源城区,广东省河源市源城区越王大道139号,9,5.0,欣赏各类演出、陶冶情操的艺术殿堂,https://piao.qunar.com/ticket/detail_2153666528.html?st=a3clM0QlRTYlQkElOTAlRTUlOUYlOEUlRTUlOEMlQkElMjZpZCUzRDQ1NTk1OCUyNnR5cGUlM0QwJTI2aWR4JTNEMjIlMjZxdCUzRCUyNmFwayUzRDIlMjZzYyUzRFdXVyUyNnVyJTNEJUU0JUI4JUFEJUU1JUIxJUIxJTI2bHIlM0QlRTQlQjglQUQlRTUlQjElQjElMjZmdCUzRCU3QiU3RA%3D%3D#from=mpl_search_suggest,-1.0,N/A,“桃花水母大剧院”投资2亿余元建设，里面*能齐全、设备先进(依托声光电系统、三维舞台、空中飞翔和多媒体数字影像等现代特效技术)，外观酷似万绿湖中“桃花水母 ”的国家甲等标准大剧院。大剧院位于河源市商业中心越王广场，占地面积约6200㎡，建筑面积约16000 ㎡，座位约1200个。剧院选用世界一流品牌的灯光音响设施，能够满足多种现代艺术表演形式和*能需要。舞台演出区设置有双向旋转台、乐池升降台、推拉、平移台，配备LED屏、数字投影机、远程追光灯等声光、视频设施，剧院将充分利用高科技的声、光等舞美设计和手段，让观众体验一场美轮美奂的视听盛宴，这里将上演《桃花水母》等文化旅游系列剧目，成为承接中外艺术团体商业演出的文化高地。,无演出时10:00-18:00，有演出时10:00-演出结束。,https://imgs.qunarzz.com/sight/p0/1511/35/35e66bbfc08d8a5c90.img.jpg_710x360_cf49d14c.jpg〇https://qimgs.qunarzz.com/piao_qsight_provider_piao_qsight_web/357a687f53bf3491db3397288808b561.jpg_710x360_200ce836.jpg〇https://qimgs.qunarzz.com/piao_qsight_provider_piao_qsight_web/5db3ce128b17bb37.jpg_710x360_a0f4dc95.jpg,"{""ret"": true, ""data"": {""tagList"": [{""tagType"": 16, ""tagScore"": 5, ""tagNum"": 1, ""tagName"": ""\u9760\u8c31""}, {""tagType"": 4, ""tagScore"": 5, ""tagNum"": 1, ""tagName"": ""\u53d6\u7968\u65b9\u4fbf""}, {""tagType"": 1, ""tagScore"": 5, ""tagNum"": 9, ""tagName"": ""\u597d\u8bc4""}, {""tagType"": 0, ""tagScore"": 5, ""tagNum"": 9, ""tagName"": ""\u5168\u90e8""}], ""commentList"": [{""author"": ""o*9"", ""content"": ""\u7528\u6237\u672a\u70b9\u8bc4\uff0c\u7cfb\u7edf\u9ed8\u8ba4\u597d\u8bc4\u3002"", ""date"": ""2018-01-02"", ""score"": 5, ""commentId"": ""204861578"", ""imgs"": [], ""userNickName"": ""o*9"", ""replyCityName"": """", ""cityName"": """"}, {""author"": ""o*1"", ""content"": ""\u7528\u6237\u672a\u70b9\u8bc4\uff0c\u7cfb\u7edf\u9ed8\u8ba4\u597d\u8bc4\u3002"", ""date"": ""2017-08-22"", ""score"": 5, ""commentId"": ""201960509"", ""imgs"": [], ""userNickName"": ""o*1"", ""replyCityName"": """", ""cityName"": """"}, {""author"": ""\u4f60*\u73b0"", ""content"": ""\u7528\u6237\u672a\u70b9\u8bc4\uff0c\u7cfb\u7edf\u9ed8\u8ba4\u597d\u8bc4\u3002"", ""date"": ""2017-06-28"", ""score"": 5, ""commentId"": ""201253235"", ""imgs"": [], ""userNickName"": ""\u4f60*\u73b0"", ""replyCityName"": """", ""cityName"": """"}, {""author"": ""q*6"", ""content"": ""\u5728\u6843\u82b1\u6c34\u6bcd\u5267\u9662\u6b23\u8d4f\u4e86\u300a\u6c99\u6e7e\u5f80\u4e8b\u300b\u821e\u5267??\u5267\u573a\u4e0d\u9519\uff0c\u7537\u5973\u4e3b\u89d2\u5f88\u6491\u573a\uff0c\u867d\u7136\u6709\u201c\u4e2d\u573a\u4f11\u606f\u5341\u5206\u949f\u201d\u8fd9\u79cd\u4ee4\u4eba\u51fa\u620f\u7684\u8bbe\u5b9a\uff0c\u8fd8\u6709\u5c0f\u5b69\u54ed\uff0c\u6697\u706f\u65f6\u4e00\u76f4\u4eae\u7740\u624b\u673a\u5c4f\u5e55\u7684\u89c2\u4f17\u7b49\uff0c\u4f46\u90fd\u4e0d\u5f71\u54cd\u6f14\u5458\u4eec\u51fa\u8272\u4e13\u4e1a\u7684\u8868\u6f14\uff0c\u5927\u90e8\u5206\u89c2\u4f17\u5f88\u70ed\u60c5\u3002"", ""date"": ""2016-04-12"", ""score"": 5, ""commentId"": ""112620468"", ""imgs"": [{""small"": ""https://imgs.qunarzz.com/piao/fusion/1604/8c/7ba57c248bbc69f7.jpg_120x120_59940031.jpg"", ""title"": """", ""big"": ""https://imgs.qunarzz.com/piao/fusion/1604/8c/7ba57c248bbc69f7.jpg""}, {""small"": ""https://imgs.qunarzz.com/piao/fusion/1604/9e/f7b778a8752ddbf7.jpg_120x120_dd1ec212.jpg"", ""title"": """", ""big"": ""https://imgs.qunarzz.com/piao/fusion/1604/9e/f7b778a8752ddbf7.jpg""}], ""userNickName"": ""q*6"", ""replyCityName"": """", ""cityName"": """"}, {""author"": ""l*8"", ""content"": ""\u5267\u9662\u975e\u5e38\u6f02\u4eae\uff0c\u6cb3\u6e90\u4e00\u5927\u9753\u4e3d\u7684\u98ce\u666f\uff0c\u5c0f\u670b\u53cb\u770b\u5f97\u975e\u5e38\u5f00\u5fc3\uff0c\u5f88\u559c\u6b22\u54e6\u3002"", ""date"": ""2016-05-08"", ""score"": 5, ""commentId"": ""115525923"", ""imgs"": [{""small"": ""https://imgs.qunarzz.com/piao/fusion/1605/e3/151cdb94bbb666f7.jpg_120x120_fd058d43.jpg"", ""title"": """", ""big"": ""https://imgs.qunarzz.com/piao/fusion/1605/e3/151cdb94bbb666f7.jpg""}, {""small"": ""https://imgs.qunarzz.com/piao/fusion/1605/d1/a0375636f56ad4f7.jpg_120x120_f9ee80c1.jpg"", ""title"": """", ""big"": ""https://imgs.qunarzz.com/piao/fusion/1605/d1/a0375636f56ad4f7.jpg""}], ""userNickName"": ""l*8"", ""replyCityName"": """", ""cityName"": """"}, {""author"": ""d*g"", ""content"": ""\u975e\u5e38\u4e0d\u9519\u7684\u6f14\u51fa\uff0c\u7269\u8d85\u6240\u503c\uff0c\u97f3\u54cd\u6548\u679c\u4e5f\u8d85\u7ea7\u68d2"", ""date"": ""2016-07-26"", ""score"": 5, ""commentId"": ""123182038"", ""imgs"": [], ""userNickName"": ""d*g"", ""replyCityName"": """", ""cityName"": """"}, {""author"": ""l*8"", ""content"": ""\u5267\u9662\u975e\u5e38\u6f02\u4eae\uff0c\u6cb3\u6e90\u4e00\u5927\u9753\u4e3d\u7684\u98ce\u666f\uff0c\u5c0f\u670b\u53cb\u770b\u5f97\u975e\u5e38\u5f00\u5fc3\uff0c\u671f\u5f85\u6691\u5047\u6765\u6843\u82b1\u6c34\u6bcd\u5927\u5267\u9662\u770b\u66f4\u7cbe\u5f69\u7684\u8868\u6f14"", ""date"": ""2016-05-08"", ""score"": 5, ""commentId"": ""115526421"", ""imgs"": [{""small"": ""https://imgs.qunarzz.com/piao/fusion/1605/af/c8cdee2425f629f7.jpg_120x120_faeac598.jpg"", ""title"": """", ""big"": ""https://imgs.qunarzz.com/piao/fusion/1605/af/c8cdee2425f629f7.jpg""}], ""userNickName"": ""l*8"", ""replyCityName"": """", ""cityName"": """"}, {""author"": ""l*8"", ""content"": ""\u5267\u9662\u975e\u5e38\u6f02\u4eae\uff0c\u6cb3\u6e90\u4e00\u5927\u9753\u4e3d\u7684\u98ce\u666f\uff0c\u5c0f\u670b\u53cb\u770b\u5f97\u975e\u5e38\u5f00\u5fc3\uff0c\u5f88\u559c\u6b22\u54e6\u3002"", ""date"": ""2016-05-08"", ""score"": 5, ""commentId"": ""115526154"", ""imgs"": [{""small"": ""https://imgs.qunarzz.com/piao/fusion/1605/5b/b2859f816cf833f7.jpg_120x120_df95ec19.jpg"", ""title"": """", ""big"": ""https://imgs.qunarzz.com/piao/fusion/1605/5b/b2859f816cf833f7.jpg""}], ""userNickName"": ""l*8"", ""replyCityName"": """", ""cityName"": """"}, {""author"": ""r*1"", ""content"": ""\u5e2e\u7238\u7238\u5988\u5988\u8d2d\u4e70\u7684\uff0c\u4ed6\u4eec\u56de\u6765\u8bf4\u6548\u679c\u975e\u5e38\u68d2\u5462\uff01\u8fd8\u8bf4\u4e0b\u661f\u671f\u8fd8\u8981\u53bb\u770b\u6c99\u6e7e\u5f80\u4e8b"", ""date"": ""2016-04-03"", ""score"": 5, ""commentId"": ""111403236"", ""imgs"": [], ""userNickName"": ""r*1"", ""replyCityName"": """", ""cityName"": """"}], ""score"": 5.0, ""commentCount"": 9}, ""statusCode"": 200}"
桂山大峡谷漂流,https://qimgs.qunarzz.com/piao_qsight_provider_piao_qsight_web/100f0g00000087qq040A1_C_900_504.jpg_280x200_e93ee61f.jpg,河源市,源城区,新丰江国家森林公园桂山风景区内,140,4.7,四季如春，漂流资源得天独厚,https://piao.qunar.com/ticket/detail_2893000790.html?st=a3clM0QlRTYlQkElOTAlRTUlOUYlOEUlRTUlOEMlQkElMjZpZCUzRDE5MTMzMiUyNnR5cGUlM0QwJTI2aWR4JTNEMjElMjZxdCUzRCUyNmFwayUzRDIlMjZzYyUzRFdXVyUyNnVyJTNEJUU0JUI4JUFEJUU1JUIxJUIxJTI2bHIlM0QlRTQlQjglQUQlRTUlQjElQjElMjZmdCUzRCU3QiU3RA%3D%3D#from=mpl_search_suggest,-1.0,N/A,夏日酷暑，清凉桂山。位于风光秀丽的万绿湖桂山旅游区内的桂山大峡谷漂流，2010年以全新的面貌对外开放了。旅游区距市区约18公里，四季如春，漂流资源得天独厚，是原生态无紫外线的大峡谷探险漂流。两面峡谷青山汇成峡谷之水，水质达国家一级标准。桂山大峡谷漂流亦称大峡谷探险漂流，峡谷河上面有九缸十八潭，漂流河中有十八险滩十九潭。此次建成的漂流河道分四个区域：“象鼻山”、“情侣潭”、“跃马扬鞭”、“雾里看花”，全长约4公里，漂流全程约60分钟，落差80多米。沿河两岸，大面积森林不仅提供了清冽甘美的山水，还产生大量的空气负离子，凉风袭来，令人身心俱爽。穿梭于原始森林的峡谷中，任凭两岸绿色在眼前掠过，迎风扑浪，欢声笑语中将夹杂着你的惊呼尖叫声，这是桂山大峡谷漂流带给你的无穷乐趣和享受。心情在此得以释放，心灵在此得到放飞。,"04/16-10/31；周一至周日；11:00-12:00,14:30-16:30开园",https://qimgs.qunarzz.com/piao_qsight_provider_piao_qsight_web/100f0g00000087qq040A1_C_900_504.jpg_710x360_ab78d831.jpg〇https://imgs.qunarzz.com/sight/p0/201402/18/64f239576e3231ff1c9430dcec1e362a.jpg_710x360_f866cc7a.jpg〇https://imgs.qunarzz.com/sight/p0/201402/18/58ea8f9be493655bbc93dbb47eb2e944.jpg_710x360_9885ba92.jpg〇https://imgs.qunarzz.com/sight/p0/201402/18/f34ccb3cae3462e7e309341cc44fda29.jpg_710x360_1cbce30e.jpg〇https://imgs.qunarzz.com/sight/p0/201402/18/f4aff0e5692d4fc1e642503b424f20fa.jpg_710x360_68749e62.jpg〇https://qimgs.qunarzz.com/piao_qsight_provider_piao_qsight_web/fced99edf343bb02.jpg_710x360_b6ed39a5.jpg〇https://qimgs.qunarzz.com/piao_qsight_provider_piao_qsight_web/db8d2c5cd5278b02.jpg_710x360_0d633bff.jpg〇https://qimgs.qunarzz.com/piao_qsight_provider_piao_qsight_web/405a8074a24fb302.jpg_710x360_8aa6e7aa.jpg〇https://qimgs.qunarzz.com/piao_qsight_provider_piao_qsight_web/34d241d7b0354b.jpg_710x360_0d3a3ee0.jpg〇https://qimgs.qunarzz.com/piao_qsight_provider_piao_qsight_web/a0794f8e9c2c91.jpg_710x360_d8b1c468.jpg〇https://qimgs.qunarzz.com/piao_qsight_provider_piao_qsight_web/92964e7618c727.jpg_710x360_09cf92a7.jpg〇https://qimgs.qunarzz.com/piao_qsight_provider_piao_qsight_web/32cf76c1b753fa.jpg_710x360_fb982696.jpg〇https://qimgs.qunarzz.com/piao_qsight_provider_piao_qsight_web/f1e17dfd1c808d.jpg_710x360_5446adc9.jpg〇https://qimgs.qunarzz.com/piao_qsight_provider_piao_qsight_web/817591f525eef6.jpg_710x360_ebfa69c0.jpg〇https://qimgs.qunarzz.com/piao_qsight_provider_piao_qsight_web/639cffe156f378ed604d27b86672d47a.jpg_710x360_90ad34ca.jpg,"{""ret"": true, ""data"": {""tagList"": [{""tagType"": 16, ""tagScore"": 5, ""tagNum"": 2, ""tagName"": ""\u9760\u8c31""}, {""tagType"": 4, ""tagScore"": 5, ""tagNum"": 1, ""tagName"": ""\u53d6\u7968\u65b9\u4fbf""}, {""tagType"": 3, ""tagScore"": 5, ""tagNum"": 4, ""tagName"": ""\u5dee\u8bc4""}, {""tagType"": 2, ""tagScore"": 5, ""tagNum"": 4, ""tagName"": ""\u4e2d\u8bc4""}, {""tagType"": 1, ""tagScore"": 5, ""tagNum"": 130, ""tagName"": ""\u597d\u8bc4""}, {""tagType"": 0, ""tagScore"": 5, ""tagNum"": 140, ""tagName"": ""\u5168\u90e8""}], ""commentList"": [{""author"": ""\u98ce*\u96e8"", ""content"": ""\u7528\u6237\u672a\u70b9\u8bc4\uff0c\u7cfb\u7edf\u9ed8\u8ba4\u597d\u8bc4\u3002"", ""date"": ""2024-09-17"", ""score"": 5, ""commentId"": ""236907603"", ""imgs"": [], ""userNickName"": ""\u98ce*\u96e8"", ""replyCityName"": """", ""cityName"": """"}, {""author"": ""\u53bb*\u6237"", ""content"": ""\u7528\u6237\u672a\u70b9\u8bc4\uff0c\u7cfb\u7edf\u9ed8\u8ba4\u597d\u8bc4\u3002"", ""date"": ""2024-09-10"", ""score"": 5, ""commentId"": ""236550804"", ""imgs"": [], ""userNickName"": ""\u53bb*\u6237"", ""replyCityName"": """", ""cityName"": """"}, {""author"": ""u*5"", ""content"": ""\u7528\u6237\u672a\u70b9\u8bc4\uff0c\u7cfb\u7edf\u9ed8\u8ba4\u597d\u8bc4\u3002"", ""date"": ""2024-08-06"", ""score"": 5, ""commentId"": ""235282264"", ""imgs"": [], ""userNickName"": ""u*5"", ""replyCityName"": """", ""cityName"": """"}, {""author"": ""\u6d3b*\u8304"", ""content"": ""\u7528\u6237\u672a\u70b9\u8bc4\uff0c\u7cfb\u7edf\u9ed8\u8ba4\u597d\u8bc4\u3002"", ""date"": ""2023-10-24"", ""score"": 5, ""commentId"": ""229528737"", ""imgs"": [], ""userNickName"": ""\u6d3b*\u8304"", ""replyCityName"": """", ""cityName"": """"}, {""author"": ""u*1"", ""content"": ""\u7528\u6237\u672a\u70b9\u8bc4\uff0c\u7cfb\u7edf\u9ed8\u8ba4\u597d\u8bc4\u3002"", ""date"": ""2023-09-09"", ""score"": 5, ""commentId"": ""228330608"", ""imgs"": [], ""userNickName"": ""u*1"", ""replyCityName"": """", ""cityName"": """"}, {""author"": ""y*1"", ""content"": ""\u7528\u6237\u672a\u70b9\u8bc4\uff0c\u7cfb\u7edf\u9ed8\u8ba4\u597d\u8bc4\u3002"", ""date"": ""2023-08-26"", ""score"": 5, ""commentId"": ""227745139"", ""imgs"": [], ""userNickName"": ""y*1"", ""replyCityName"": """", ""cityName"": """"}, {""author"": ""y*1"", ""content"": ""\u7528\u6237\u672a\u70b9\u8bc4\uff0c\u7cfb\u7edf\u9ed8\u8ba4\u597d\u8bc4\u3002"", ""date"": ""2023-08-26"", ""score"": 5, ""commentId"": ""227744886"", ""imgs"": [], ""userNickName"": ""y*1"", ""replyCityName"": """", ""cityName"": """"}, {""author"": ""\u53bb*\u6237"", ""content"": ""\u7528\u6237\u672a\u70b9\u8bc4\uff0c\u7cfb\u7edf\u9ed8\u8ba4\u597d\u8bc4\u3002"", ""date"": ""2023-08-04"", ""score"": 5, ""commentId"": ""227030866"", ""imgs"": [], ""userNickName"": ""\u53bb*\u6237"", ""replyCityName"": """", ""cityName"": """"}, {""author"": ""n*2"", ""content"": ""\u7528\u6237\u672a\u70b9\u8bc4\uff0c\u7cfb\u7edf\u9ed8\u8ba4\u597d\u8bc4\u3002"", ""date"": ""2023-07-31"", ""score"": 5, ""commentId"": ""226908557"", ""imgs"": [], ""userNickName"": ""n*2"", ""replyCityName"": """", ""cityName"": """"}, {""author"": ""\u53bb*\u6237"", ""content"": ""\u7528\u6237\u672a\u70b9\u8bc4\uff0c\u7cfb\u7edf\u9ed8\u8ba4\u597d\u8bc4\u3002"", ""date"": ""2023-07-31"", ""score"": 5, ""commentId"": ""226908518"", ""imgs"": [], ""userNickName"": ""\u53bb*\u6237"", ""replyCityName"": """", ""cityName"": """"}], ""score"": 4.7, ""commentCount"": 140}, ""statusCode"": 200}"
野趣沟漂流,https://qimgs.qunarzz.com/piao_qsight_provider_piao_qsight_web/0106n120009jgdap9CB00_C_900_504.jpg_280x200_8948f7b7.jpg,河源市,源城区,广东省河源市源城区桂山旅游大道10公里处野趣沟风景区内,63,4.9,以野性之谜解读生态文化，展示自然魅力,https://piao.qunar.com/ticket/detail_1031707361.html?st=a3clM0QlRTYlQkElOTAlRTUlOUYlOEUlRTUlOEMlQkElMjZpZCUzRDE5MTY4MCUyNnR5cGUlM0QwJTI2aWR4JTNEMjAlMjZxdCUzRCUyNmFwayUzRDIlMjZzYyUzRFdXVyUyNnVyJTNEJUU0JUI4JUFEJUU1JUIxJUIxJTI2bHIlM0QlRTQlQjglQUQlRTUlQjElQjElMjZmdCUzRCU3QiU3RA%3D%3D#from=mpl_search_suggest,-1.0,N/A,野趣沟旅游风景区位于风光秀丽的万绿湖畔，距市区约6公里。旅游区依山傍水，面临万绿湖，资源得天独厚，是国内首创野趣旅游。野趣沟风景区素有“中华第二沟”、广东九寨沟之美誉的国家森林公园、生态示范园——野趣沟旅游区位于碧波万顷的万绿湖畔。旅游区风景优美，春夏百花齐放，百泉争流，风光秀丽；秋日遍野红枫，冬至古梅团簇。河源野趣沟的主要项目有：野漂，漂流分为野鸭湖启航区、峻野勇士漂、林荫逍遥漂、岩洞神秘漂。漂流落差大，水势湍急，飞漂直下！让您充分感受穿梭时空隧道的“惊心动魄”；野浴：天然山泉水浴池面积达1500㎡，浴池四面环山，风景如画，山中有池，池中有岛。在浴池中畅游，充分感受人和自然的融合；烧烤、野营：在野鸭湖上垂钓或到山溪中摸螺，再配上佐料在烧烤炉上烤着吃，特有一番风味。在野鸭湖的大坝上搭个帐篷，露营在山野之中，在大自然的环抱里体会野趣沟山水闲情，与家人、友人、情人一起领略难忘的野趣纵情之夜；溯溪、森林攀爬探险：溯溪穿越于飞瀑流泉之间，攀爬穿越于原始森林，高低起伏，妙趣横生，不但能给您带来无限的快乐，更是一个煅练和提升个人意志、团队合作精神的理想场所；树鹿、浪女石、夫妻树、野汉石、浪女石：大自然的鬼斧神工，形神兼备，让你联想翩翩。其中让专家无法解读的千年不解之迷“天书石”，更是期待有缘人前来解开千年之谜；瀑布群：从70余米高的峭壁直泻而下的响水瀑布，流云溅雨，水雾挟带着一股清幽的森林气息扑面而来；通天河瀑布在一线天中飞流直下，奇潭随处可见，右山石间长满了巴蕉、古藤、兰花，是您感受大自然神其奥妙和寻找大自然瑰宝的天堂；野趣特色餐厅：推出客家竹筒饭套餐，利用新鲜竹筒加纯净的山泉水蒸饭，将竹子的所有营养与碳水化合物巧妙结合，是客家人特有的饮食方式。竹筒饭清香扑鼻，入口甘甜，有清肝明目之*效。还有竹筒豆腐、竹筒汤、竹香鸭、竹笋、上树鸡等特色菜肴；度假山庄地处枫树林，冬暖夏凉，景色迷人。度假村设施健全，装饰高档而不失古朴之美，配有多*能会议厅，可高质量接待80人的中小型会议，是旅游观光，休闲度假，商务会晤的理想场所。,1/1-12/31；周一至周日；13:30-17:00开园；（16:47停止入园）,https://qimgs.qunarzz.com/piao_qsight_provider_piao_qsight_web/0106n120009jgdap9CB00_C_900_504.jpg_710x360_cc7bd3c0.jpg〇https://qimgs.qunarzz.com/piao_qsight_provider_piao_qsight_web/01014120009jgd2p74E73_C_900_504_Q90_Mtg_7.jpg_710x360_fe928886.jpg〇https://qimgs.qunarzz.com/piao_qsight_provider_piao_qsight_web/0100d120009jgd7900B8E_C_900_504_Q90_Mtg_7.jpg_710x360_1d93eb67.jpg〇https://qimgs.qunarzz.com/piao_qsight_provider_piao_qsight_web/0100h120009jgd6956284_C_900_504_Q90_Mtg_7.jpg_710x360_d6e25394.jpg〇https://qimgs.qunarzz.com/piao_qsight_provider_piao_qsight_web/01029120009jgdbah0372_C_900_504_Q90_Mtg_7.jpg_710x360_33bd8d98.jpg〇https://qimgs.qunarzz.com/piao_qsight_provider_piao_qsight_web/0100m120009jgd9q052DE_C_900_504_Q90_Mtg_7.jpg_710x360_5e109383.jpg〇https://qimgs.qunarzz.com/piao_qsight_provider_piao_qsight_web/0102b120009jgd9kc3B90_C_900_504_Q90_Mtg_7.jpg_710x360_44dea8b1.jpg〇https://qimgs.qunarzz.com/piao_qsight_provider_piao_qsight_web/0106n120009jgdap9CB00_C_900_504_Q90_Mtg_7.jpg_710x360_1c866709.jpg〇https://qimgs.qunarzz.com/piao_qsight_provider_piao_qsight_web/aac95ab1eceaf442.jpg_710x360_7e15d8b7.jpg〇https://qimgs.qunarzz.com/piao_qsight_provider_piao_qsight_web/ace188c222a7db42.jpg_710x360_17dce6d3.jpg〇https://qimgs.qunarzz.com/piao_qsight_provider_piao_qsight_web/e06a04a015247c704641d6ed512bcf0a.jpg_710x360_34780b82.jpg,"{""ret"": true, ""data"": {""tagList"": [{""tagType"": 32, ""tagScore"": 5, ""tagNum"": 2, ""tagName"": ""\u670d\u52a1\u597d""}, {""tagType"": 16, ""tagScore"": 5, ""tagNum"": 4, ""tagName"": ""\u9760\u8c31""}, {""tagType"": 8, ""tagScore"": 5, ""tagNum"": 3, ""tagName"": ""\u4fbf\u5b9c""}, {""tagType"": 4, ""tagScore"": 5, ""tagNum"": 4, ""tagName"": ""\u53d6\u7968\u65b9\u4fbf""}, {""tagType"": 1, ""tagScore"": 5, ""tagNum"": 63, ""tagName"": ""\u597d\u8bc4""}, {""tagType"": 0, ""tagScore"": 5, ""tagNum"": 63, ""tagName"": ""\u5168\u90e8""}], ""commentList"": [{""author"": ""u*9"", ""content"": ""\u7528\u6237\u672a\u70b9\u8bc4\uff0c\u7cfb\u7edf\u9ed8\u8ba4\u597d\u8bc4\u3002"", ""date"": ""2024-03-26"", ""score"": 5, ""commentId"": ""232659910"", ""imgs"": [], ""userNickName"": ""u*9"", ""replyCityName"": """", ""cityName"": """"}, {""author"": ""v*8"", ""content"": ""\u7528\u6237\u672a\u70b9\u8bc4\uff0c\u7cfb\u7edf\u9ed8\u8ba4\u597d\u8bc4\u3002"", ""date"": ""2024-03-14"", ""score"": 5, ""commentId"": ""232104558"", ""imgs"": [], ""userNickName"": ""v*8"", ""replyCityName"": """", ""cityName"": """"}, {""author"": ""a*3"", ""content"": ""\u7528\u6237\u672a\u70b9\u8bc4\uff0c\u7cfb\u7edf\u9ed8\u8ba4\u597d\u8bc4\u3002"", ""date"": ""2023-06-02"", ""score"": 5, ""commentId"": ""226010400"", ""imgs"": [], ""userNickName"": ""a*3"", ""replyCityName"": """", ""cityName"": """"}, {""author"": ""l*6"", ""content"": ""\u7528\u6237\u672a\u70b9\u8bc4\uff0c\u7cfb\u7edf\u9ed8\u8ba4\u597d\u8bc4\u3002"", ""date"": ""2023-06-01"", ""score"": 5, ""commentId"": ""225897020"", ""imgs"": [], ""userNickName"": ""l*6"", ""replyCityName"": """", ""cityName"": """"}, {""author"": ""z*0"", ""content"": ""\u7528\u6237\u672a\u70b9\u8bc4\uff0c\u7cfb\u7edf\u9ed8\u8ba4\u597d\u8bc4\u3002"", ""date"": ""2023-05-30"", ""score"": 5, ""commentId"": ""225725024"", ""imgs"": [], ""userNickName"": ""z*0"", ""replyCityName"": """", ""cityName"": """"}, {""author"": ""\u53bb*\u6237"", ""content"": ""\u7528\u6237\u672a\u70b9\u8bc4\uff0c\u7cfb\u7edf\u9ed8\u8ba4\u597d\u8bc4\u3002"", ""date"": ""2023-05-27"", ""score"": 5, ""commentId"": ""225637236"", ""imgs"": [], ""userNickName"": ""\u53bb*\u6237"", ""replyCityName"": """", ""cityName"": """"}, {""author"": ""\u53bb*\u6237"", ""content"": ""\u7528\u6237\u672a\u70b9\u8bc4\uff0c\u7cfb\u7edf\u9ed8\u8ba4\u597d\u8bc4\u3002"", ""date"": ""2022-11-06"", ""score"": 5, ""commentId"": ""223766696"", ""imgs"": [], ""userNickName"": ""\u53bb*\u6237"", ""replyCityName"": """", ""cityName"": """"}, {""author"": ""n*5"", ""content"": ""\u7528\u6237\u672a\u70b9\u8bc4\uff0c\u7cfb\u7edf\u9ed8\u8ba4\u597d\u8bc4\u3002"", ""date"": ""2022-11-04"", ""score"": 5, ""commentId"": ""223715761"", ""imgs"": [], ""userNickName"": ""n*5"", ""replyCityName"": """", ""cityName"": """"}, {""author"": ""\u53bb*\u6237"", ""content"": ""\u7528\u6237\u672a\u70b9\u8bc4\uff0c\u7cfb\u7edf\u9ed8\u8ba4\u597d\u8bc4\u3002"", ""date"": ""2022-11-03"", ""score"": 5, ""commentId"": ""223678758"", ""imgs"": [], ""userNickName"": ""\u53bb*\u6237"", ""replyCityName"": """", ""cityName"": """"}, {""author"": ""l*1"", ""content"": ""\u7528\u6237\u672a\u70b9\u8bc4\uff0c\u7cfb\u7edf\u9ed8\u8ba4\u597d\u8bc4\u3002"", ""date"": ""2022-09-25"", ""score"": 5, ""commentId"": ""223440245"", ""imgs"": [], ""userNickName"": ""l*1"", ""replyCityName"": """", ""cityName"": """"}], ""score"": 4.9, ""commentCount"": 63}, ""statusCode"": 200}"
新丰江音乐喷泉,https://imgs.qunarzz.com/sight/p0/201403/07/9d535ba43c52e99f978e0cdaf6a82300.jpg_280x200_cf40ce4d.jpg,河源市,源城区,广东省河源市源城区新江三路新丰江中心,1,4.0,亚洲一座著名的喷泉,https://piao.qunar.com/ticket/detail_1527648304.html?st=a3clM0QlRTYlQkElOTAlRTUlOUYlOEUlRTUlOEMlQkElMjZpZCUzRDY0MSUyNnR5cGUlM0QwJTI2aWR4JTNEMjYlMjZxdCUzRCUyNmFwayUzRDIlMjZzYyUzRFdXVyUyNnVyJTNEJUU0JUI4JUFEJUU1JUIxJUIxJTI2bHIlM0QlRTQlQjglQUQlRTUlQjElQjElMjZmdCUzRCU3QiU3RA%3D%3D#from=mpl_search_suggest,-1.0,N/A,河源新丰江音乐喷泉，位于市区河源大桥与珠河大桥之间的新丰江中心，由河源市人民政府筹资兴建，市建设委员会组织实施。于1998年10月1日动工，1999年2月6日竣工。 喷泉集声、光、水、色于一体，由主喷和副喷两部分组成。主喷169米的水柱直冲云霄，气势雄伟，蔚然壮观，显示出欲与天公试比高的气派；副喷由1068个喷嘴、618盏水下彩灯组成，在欢快愉悦的乐曲中，通过直喷、水帘、水浪、水松、内抛、摇摆、编网等8种水型，不断组合成数十个变幻莫测、绚丽多姿的喷泉景观，有似流金溢彩、火树银花，有如孔雀开屏、彩虹饮涧。,01/01-12/31；20:00-20:30开园,https://imgs.qunarzz.com/sight/p0/201403/07/9d535ba43c52e99f978e0cdaf6a82300.jpg_710x360_ca5afb10.jpg〇https://qimgs.qunarzz.com/piao_qsight_provider_piao_qsight_web/8ae9dc5c62a5bf.jpg_710x360_079be004.jpg〇https://qimgs.qunarzz.com/piao_qsight_provider_piao_qsight_web/121a509e33154b02.jpg_710x360_8e7d9f09.jpg〇https://qimgs.qunarzz.com/piao_qsight_provider_piao_qsight_web/c49afe848e51dd48314779a2f136132c.jpg_710x360_eb07da46.jpg〇https://qimgs.qunarzz.com/piao_qsight_provider_piao_qsight_web/cdefa4878e9bf88233634a2e544aba41.jpg_710x360_54c2fed4.jpg〇https://qimgs.qunarzz.com/piao_qsight_provider_piao_qsight_web/134b4972c0d23437.jpg_710x360_a9803ce5.jpg〇https://qimgs.qunarzz.com/piao_qsight_provider_piao_qsight_web/ec2d629f1b28e9b5.jpg_710x360_5678d21b.jpg〇https://qimgs.qunarzz.com/piao_qsight_provider_piao_qsight_web/eb1566f0990cab5.jpg_710x360_31b0a79f.jpg〇https://qimgs.qunarzz.com/piao_qsight_provider_piao_qsight_web/47a63de27399e2b5.jpg_710x360_175453e0.jpg〇https://qimgs.qunarzz.com/piao_qsight_provider_piao_qsight_web/4059fac044933bb5.jpg_710x360_4e3868e4.jpg〇https://qimgs.qunarzz.com/piao_qsight_provider_piao_qsight_web/5d0fac7089767bb5.jpg_710x360_8a806c50.jpg〇https://qimgs.qunarzz.com/piao_qsight_provider_piao_qsight_web/1c370d09a395ddb5.jpg_710x360_83b6e15b.jpg〇https://qimgs.qunarzz.com/piao_qsight_provider_piao_qsight_web/1d604b33aa2b33b5.jpg_710x360_a6de683f.jpg〇https://qimgs.qunarzz.com/piao_qsight_provider_piao_qsight_web/414b8b3954083cb5.jpg_710x360_fe25b087.jpg,"{""ret"": true, ""data"": {""tagList"": [{""tagType"": 1, ""tagScore"": 5, ""tagNum"": 1, ""tagName"": ""\u597d\u8bc4""}, {""tagType"": 0, ""tagScore"": 5, ""tagNum"": 1, ""tagName"": ""\u5168\u90e8""}], ""commentList"": [{""author"": ""\u7cbe*\u4fa0"", ""content"": ""\u4e3a\u4e86\u6536\u770b\u5973\u6392\u5927\u5956\u8d5b\u4e2d\u53e4\u5927\u6218\uff0c\u653e\u5f03\u4e86\u89c2\u8d4f\u6bcf\u665a8\u70b9\u5f00\u59cb\u7684\u97f3\u4e50\u55b7\u6cc9\uff08\u5e73\u65f620\u5206\u949f\uff0c\u8282\u5047\u65e530\u5206\u949f\uff09\u3002\u5f53\u6211\u540e\u6765\u53bb\u901b\u591c\u8857\u65f6\uff0c\u7ea69\u70b9\u53bb\u5230\u5e7f\u573a\uff0c\u5374\u53d1\u73b0\u97f3\u4e50\u55b7\u6cc9\u4ecd\u5728\u8868\u6f14\uff0c\u53ef\u60dc\u6211\u53ea\u5174\u594b\u5730\u9676\u9189\u4e8610\u5206\u949f\u4fbf\u7ed3\u675f\u4e86\uff0c\u8be2\u95ee\u4fdd\u5b89\u624d\u5f97\u77e5\uff0c\u539f\u6765\u5f53\u665a\u6b63\u597d\u6709\u9886\u5bfc\u6765\u89c6\u5bdf\u624d\u4e34\u65f6\u52a0\u6f14\u7684\uff0c\u6211\u624d\u5f97\u4ee5\u6cbe\u4e86\u5149\u3002"", ""date"": ""2016-09-14"", ""score"": 4, ""commentId"": ""128422353"", ""imgs"": [{""small"": ""https://imgs.qunarzz.com/piao/fusion/1609/7b/121a509e33154b02.jpg_120x120_7a815591.jpg"", ""title"": """", ""big"": ""https://imgs.qunarzz.com/piao/fusion/1609/7b/121a509e33154b02.jpg""}], ""userNickName"": ""\u7cbe*\u4fa0"", ""replyCityName"": """", ""cityName"": """"}], ""score"": 4.0, ""commentCount"": 1}, ""statusCode"": 200}"
自然领地悠乐园(客天下店),https://qimgs.qunarzz.com/piao_qsight_provider_piao_qsight_web/1lo0912000frl7e1cC8B6_C_900_504.jpg_280x200_fd99b445.jpg,河源市,源城区,河源市源城区高埔岗街道客天下大道1号,11,5.0,N/A,https://piao.qunar.com/ticket/detail_3477273328.html?st=a3clM0QlRTYlQkElOTAlRTUlOUYlOEUlRTUlOEMlQkElMjZpZCUzRDUzMTY0NiUyNnR5cGUlM0QwJTI2aWR4JTNENiUyNnF0JTNEJTI2YXBrJTNEMiUyNnNjJTNEV1dXJTI2dXIlM0QlRTQlQjglQUQlRTUlQjElQjElMjZsciUzRCVFNCVCOCVBRCVFNSVCMSVCMSUyNmZ0JTNEJTdCJTdE#from=mpl_search_suggest,29.9,N/A,N/A,1/1-12/31；周一至周日；10:00-22:00开园,https://qimgs.qunarzz.com/piao_qsight_provider_piao_qsight_web/1lo0912000frl7e1cC8B6_C_900_504.jpg_710x360_6af267ef.jpg〇https://qimgs.qunarzz.com/piao_qsight_provider_piao_qsight_web/1lo3b12000frl8qp27C60_C_900_504_Q90_Mtg_7.jpg_710x360_9acc264a.jpg〇https://qimgs.qunarzz.com/piao_qsight_provider_piao_qsight_web/1lo1712000frl4s65D9CE_C_900_504_Q90_Mtg_7.jpg_710x360_7eba6364.jpg〇https://qimgs.qunarzz.com/piao_qsight_provider_piao_qsight_web/1lo2j12000frl6rx54AA0_C_900_504_Q90_Mtg_7.jpg_710x360_318c0442.jpg〇https://qimgs.qunarzz.com/piao_qsight_provider_piao_qsight_web/1lo3312000frl4zj85DC8_C_900_504_Q90_Mtg_7.jpg_710x360_04f1e653.jpg〇https://qimgs.qunarzz.com/piao_qsight_provider_piao_qsight_web/1lo2312000frl4s67F066_C_900_504_Q90_Mtg_7.jpg_710x360_82dd8761.jpg〇https://qimgs.qunarzz.com/piao_qsight_provider_piao_qsight_web/1lo6f12000frl9mts0848_C_900_504_Q90_Mtg_7.jpg_710x360_408dfce9.jpg〇https://qimgs.qunarzz.com/piao_qsight_provider_piao_qsight_web/1lo1q12000frl74zv8A62_C_900_504_Q90_Mtg_7.jpg_710x360_30e03704.jpg〇https://qimgs.qunarzz.com/piao_qsight_provider_piao_qsight_web/1lo3w12000frl0tdw6214_C_900_504_Q90_Mtg_7.jpg_710x360_0faa59f1.jpg〇https://qimgs.qunarzz.com/piao_qsight_provider_piao_qsight_web/1lo1612000frl0oanDF4C_C_900_504_Q90_Mtg_7.jpg_710x360_b77c00e7.jpg〇https://qimgs.qunarzz.com/piao_qsight_provider_piao_qsight_web/1lo0912000frl7e1cC8B6_C_900_504_Q90_Mtg_7.jpg_710x360_fb3a97b2.jpg,"{""ret"": true, ""data"": {""tagList"": [{""tagType"": 1, ""tagScore"": 5, ""tagNum"": 11, ""tagName"": ""\u597d\u8bc4""}, {""tagType"": 0, ""tagScore"": 5, ""tagNum"": 11, ""tagName"": ""\u5168\u90e8""}], ""commentList"": [{""author"": ""\u53bb*\u6237"", ""content"": ""\u60a0\u4e50\u56ed\u521a\u521a\u5f00\u4e1a\uff0c\u5728\u5ba2\u5929\u4e0b\u666f\u533a\u91cc\uff0c\u8bbe\u5907\u5f88\u65b0\uff0c\u6709\u9732\u8425\u5730\uff0c\u4eb2\u5b50\u4e50\u56ed\uff0c\u65e0\u52a8\u529b\u4e50\u56ed\uff0c\u6c34\u4e50\u56ed\uff0c\u8fd8\u6709\u5404\u79cd\u6253\u5361\u70b9\u3002"", ""date"": ""2024-10-10"", ""score"": 5, ""commentId"": ""237581305"", ""imgs"": [{""small"": ""https://qimgs.qunarzz.com/mp_piao_0001/temp6641808368303171507file_1728554993000.jpg_120x120_419f5bb2.jpg"", ""title"": """", ""big"": ""https://qimgs.qunarzz.com/mp_piao_0001/temp6641808368303171507file_1728554993000.jpg""}, {""small"": ""https://qimgs.qunarzz.com/mp_piao_0001/temp12640473691623926242file_1728554993000.jpg_120x120_d63b7a38.jpg"", ""title"": """", ""big"": ""https://qimgs.qunarzz.com/mp_piao_0001/temp12640473691623926242file_1728554993000.jpg""}, {""small"": ""https://qimgs.qunarzz.com/mp_piao_0001/temp15733142836953919678file_1728554993000.jpg_120x120_3674eb11.jpg"", ""title"": """", ""big"": ""https://qimgs.qunarzz.com/mp_piao_0001/temp15733142836953919678file_1728554993000.jpg""}, {""small"": ""https://qimgs.qunarzz.com/mp_piao_0001/temp10430127124040372744file_1728554993000.jpg_120x120_152845b3.jpg"", ""title"": """", ""big"": ""https://qimgs.qunarzz.com/mp_piao_0001/temp10430127124040372744file_1728554993000.jpg""}, {""small"": ""https://qimgs.qunarzz.com/mp_piao_0001/temp5372743100380716606file_1728554993000.jpg_120x120_620bfc8e.jpg"", ""title"": """", ""big"": ""https://qimgs.qunarzz.com/mp_piao_0001/temp5372743100380716606file_1728554993000.jpg""}, {""small"": ""https://qimgs.qunarzz.com/mp_piao_0001/temp3138562177495086053file_1728554993000.jpg_120x120_9e232ef8.jpg"", ""title"": """", ""big"": ""https://qimgs.qunarzz.com/mp_piao_0001/temp3138562177495086053file_1728554993000.jpg""}], ""userNickName"": ""\u53bb*\u6237"", ""replyCityName"": """", ""cityName"": ""\u5e7f\u4e1c""}, {""author"": ""g*1"", ""content"": ""\u7528\u6237\u672a\u70b9\u8bc4\uff0c\u7cfb\u7edf\u9ed8\u8ba4\u597d\u8bc4\u3002"", ""date"": ""2024-11-05"", ""score"": 5, ""commentId"": ""238576390"", ""imgs"": [], ""userNickName"": ""g*1"", ""replyCityName"": """", ""cityName"": """"}, {""author"": ""\u53bb*\u6237"", ""content"": ""\u7528\u6237\u672a\u70b9\u8bc4\uff0c\u7cfb\u7edf\u9ed8\u8ba4\u597d\u8bc4\u3002"", ""date"": ""2024-11-05"", ""score"": 5, ""commentId"": ""238563747"", ""imgs"": [], ""userNickName"": ""\u53bb*\u6237"", ""replyCityName"": """", ""cityName"": """"}, {""author"": ""b*5"", ""content"": ""\u7528\u6237\u672a\u70b9\u8bc4\uff0c\u7cfb\u7edf\u9ed8\u8ba4\u597d\u8bc4\u3002"", ""date"": ""2024-11-04"", ""score"": 5, ""commentId"": ""238465548"", ""imgs"": [], ""userNickName"": ""b*5"", ""replyCityName"": """", ""cityName"": """"}, {""author"": ""s*z"", ""content"": ""\u7528\u6237\u672a\u70b9\u8bc4\uff0c\u7cfb\u7edf\u9ed8\u8ba4\u597d\u8bc4\u3002"", ""date"": ""2024-11-04"", ""score"": 5, ""commentId"": ""238460367"", ""imgs"": [], ""userNickName"": ""s*z"", ""replyCityName"": """", ""cityName"": """"}, {""author"": ""t*4"", ""content"": ""\u7528\u6237\u672a\u70b9\u8bc4\uff0c\u7cfb\u7edf\u9ed8\u8ba4\u597d\u8bc4\u3002"", ""date"": ""2024-11-04"", ""score"": 5, ""commentId"": ""238400534"", ""imgs"": [], ""userNickName"": ""t*4"", ""replyCityName"": """", ""cityName"": """"}, {""author"": ""t*4"", ""content"": ""\u7528\u6237\u672a\u70b9\u8bc4\uff0c\u7cfb\u7edf\u9ed8\u8ba4\u597d\u8bc4\u3002"", ""date"": ""2024-11-04"", ""score"": 5, ""commentId"": ""238399396"", ""imgs"": [], ""userNickName"": ""t*4"", ""replyCityName"": """", ""cityName"": """"}, {""author"": ""\u5feb*B"", ""content"": ""\u7528\u6237\u672a\u70b9\u8bc4\uff0c\u7cfb\u7edf\u9ed8\u8ba4\u597d\u8bc4\u3002"", ""date"": ""2024-11-04"", ""score"": 5, ""commentId"": ""238324052"", ""imgs"": [], ""userNickName"": ""\u5feb*B"", ""replyCityName"": """", ""cityName"": """"}, {""author"": ""\u5feb*B"", ""content"": ""\u7528\u6237\u672a\u70b9\u8bc4\uff0c\u7cfb\u7edf\u9ed8\u8ba4\u597d\u8bc4\u3002"", ""date"": ""2024-11-04"", ""score"": 5, ""commentId"": ""238323898"", ""imgs"": [], ""userNickName"": ""\u5feb*B"", ""replyCityName"": """", ""cityName"": """"}, {""author"": ""n*0"", ""content"": ""\u7528\u6237\u672a\u70b9\u8bc4\uff0c\u7cfb\u7edf\u9ed8\u8ba4\u597d\u8bc4\u3002"", ""date"": ""2024-11-03"", ""score"": 5, ""commentId"": ""238297004"", ""imgs"": [], ""userNickName"": ""n*0"", ""replyCityName"": """", ""cityName"": """"}], ""score"": 5.0, ""commentCount"": 11}, ""statusCode"": 200}"
新丰江国家森林公园桂山风景区,https://qimgs.qunarzz.com/piao_qsight_provider_piao_qsight_web/100d0q000000gajc45993_C_900_504.jpg_280x200_29109e67.jpg,河源市,源城区,河源市东源县桂山大道18公里处,1242,4.7,登山道欣赏瀑布美景,https://piao.qunar.com/ticket/detail_512237289.html?st=a3clM0QlRTYlQkElOTAlRTUlOUYlOEUlRTUlOEMlQkElMjZpZCUzRDEwODU5JTI2dHlwZSUzRDAlMjZpZHglM0Q1JTI2cXQlM0QlMjZhcGslM0QyJTI2c2MlM0RXV1clMjZ1ciUzRCVFNCVCOCVBRCVFNSVCMSVCMSUyNmxyJTNEJUU0JUI4JUFEJUU1JUIxJUIxJTI2ZnQlM0QlN0IlN0Q%3D#from=mpl_search_suggest,46.0,N/A,"桂山是河源独特的山峰，它面对着万绿湖，整个风景区依山环水抱，自然风光十分优美，是人们体验野趣的好去处。桂山风景区树木终年常绿，四季花开果熟，素有“植物王国、动物乐园、旅游天堂”之称。桂山风景区景点多以生态保护、山水闲情为主题,景区共分五大*能区,其中包括十八里花溪、花果山、首创的生态刺激原始森林漂流和深山里的世外桃源寺庙桂山寺以及新建的河源第一座玻璃吊桥等著名景点闻名。",1/1-12/31；周一至周日；08:00-17:00开园；（17:00停止入园）,https://qimgs.qunarzz.com/piao_qsight_provider_piao_qsight_web/100d0q000000gajc45993_C_900_504.jpg_710x360_a7e11d5a.jpg〇https://qimgs.qunarzz.com/piao_qsight_provider_piao_qsight_web/0102f120008wemtbt669D_C_900_504_Q90_Mtg_7.jpg_710x360_d9a452ad.jpg〇https://qimgs.qunarzz.com/piao_qsight_provider_piao_qsight_web/0105x120008wemvp2EC81_C_900_504_Q90_Mtg_7.jpg_710x360_87d8eabb.jpg〇https://qimgs.qunarzz.com/piao_qsight_provider_piao_qsight_web/01051120008wemtbgF5B3_C_900_504_Q90_Mtg_7.jpg_710x360_231a4e62.jpg〇https://qimgs.qunarzz.com/piao_qsight_provider_piao_qsight_web/10070r000000htj5p8537_C_900_504_Q90_Mtg_7.jpg_710x360_938db8af.jpg〇https://qimgs.qunarzz.com/piao_qsight_provider_piao_qsight_web/0101f120008wemtaw9E7A_C_900_504_Q90_Mtg_7.jpg_710x360_c8946057.jpg〇https://qimgs.qunarzz.com/piao_qsight_provider_piao_qsight_web/01037120008wemxg5FD26_C_900_504_Q90_Mtg_7.jpg_710x360_691f8616.jpg〇https://qimgs.qunarzz.com/piao_qsight_provider_piao_qsight_web/01060120008wemwhx47E4_C_900_504_Q90_Mtg_7.jpg_710x360_d5e98681.jpg〇https://qimgs.qunarzz.com/piao_qsight_provider_piao_qsight_web/0103d120008wemwot6265_C_900_504_Q90_Mtg_7.jpg_710x360_a1046efa.jpg〇https://qimgs.qunarzz.com/piao_qsight_provider_piao_qsight_web/01023120008wems723258_C_900_504_Q90_Mtg_7.jpg_710x360_6c392900.jpg〇https://qimgs.qunarzz.com/piao_qsight_provider_piao_qsight_web/100d0q000000gajc45993_C_900_504_Q90_Mtg_7.jpg_710x360_f6e24cfe.jpg〇https://imgs.qunarzz.com/sight/p0/2005/f7/f708bcbd2b6c0b92a3.img.jpg_710x360_65f0e485.jpg〇https://imgs.qunarzz.com/sight/p0/2005/60/60e798cd3436c898a3.img.jpg_710x360_fb6cb14b.jpg〇https://imgs.qunarzz.com/sight/p0/2005/2a/2ac1b6ff92540210a3.img.jpg_710x360_af7444ae.jpg〇https://imgs.qunarzz.com/sight/p0/2005/68/68306568fa9234bda3.img.jpg_710x360_544f70a2.jpg〇https://imgs.qunarzz.com/sight/p0/2005/b4/b4df2902a4a42d1aa3.img.jpg_710x360_917c45fe.jpg〇https://imgs.qunarzz.com/sight/p0/2005/38/389c9583ef48592ca3.img.jpg_710x360_357a36b6.jpg〇https://imgs.qunarzz.com/sight/p0/2005/3c/3cb6196b00f21f54a3.img.jpg_710x360_e1f34b2b.jpg〇https://imgs.qunarzz.com/sight/p0/2005/a4/a457add0f5e7f87aa3.img.jpg_710x360_b31a5ef9.jpg〇https://imgs.qunarzz.com/sight/p0/2005/12/12138c12f52dfe9a3.img.jpg_710x360_376bc817.jpg〇https://imgs.qunarzz.com/sight/p0/2005/67/67ce3673ae27a3fa3.img.jpg_710x360_b579520f.jpg〇https://imgs.qunarzz.com/sight/p0/2005/e3/e3006c7a029ae8a8a3.img.jpg_710x360_0e747254.jpg〇https://imgs.qunarzz.com/sight/p0/2005/63/63dc4b513be14741a3.img.jpg_710x360_521fb0b9.jpg〇https://imgs.qunarzz.com/sight/p0/2005/bb/bb5df4c1d19f2921a3.img.jpg_710x360_c2f71ae6.jpg〇https://imgs.qunarzz.com/sight/p0/2005/47/478c6b1bafb9e153a3.img.jpg_710x360_4079787f.jpg〇https://imgs.qunarzz.com/sight/p0/2005/4e/4e0d6ecf0a96e75aa3.img.jpg_710x360_5f4b9380.jpg〇https://imgs.qunarzz.com/sight/p0/2005/c0/c095ccd5f40f7d7ca3.img.jpg_710x360_6212e5ac.jpg〇https://imgs.qunarzz.com/sight/p0/2005/f1/f1b30f992751540fa3.img.jpg_710x360_5b91ad75.jpg〇https://imgs.qunarzz.com/sight/p0/2005/af/af026a9a085d8045a3.img.jpg_710x360_9974db4f.jpg〇https://imgs.qunarzz.com/sight/p0/1805/e6/e64bdd459b01ccdaa3.water.jpg_710x360_b29af6f1.jpg〇https://imgs.qunarzz.com/sight/p0/1501/9d/9dd21b903c42908d.water.jpg_710x360_c0b792b7.jpg〇https://imgs.qunarzz.com/sight/p0/201301/17/6e15edd2233a795693835fbb.jpg_710x360_9ff18429.jpg〇https://imgs.qunarzz.com/sight/p0/1501/41/4110e8fab4cea5d6.water.jpg_710x360_0686393c.jpg〇https://imgs.qunarzz.com/sight/p0/1501/13/13b4c322513cdf0d.water.jpg_710x360_9125b710.jpg〇https://imgs.qunarzz.com/sight/p0/1505/a2/a220e17475cf22bc.water.jpg_710x360_3bfa0d29.jpg〇https://qimgs.qunarzz.com/piao_qsight_provider_piao_qsight_web/a52b5d0fa28192b5.jpg_710x360_c1c00bd8.jpg〇https://qimgs.qunarzz.com/piao_qsight_provider_piao_qsight_web/3271bbf01fe1a5b5.jpg_710x360_7a0a41e1.jpg〇https://qimgs.qunarzz.com/piao_qsight_provider_piao_qsight_web/0a82161dec1b73b5.jpg_710x360_8f25ebea.jpg〇https://qimgs.qunarzz.com/piao_qsight_provider_piao_qsight_web/74e21dcdf56247b5.jpg_710x360_0fb58f39.jpg〇https://qimgs.qunarzz.com/piao_qsight_provider_piao_qsight_web/e94ffc2d59a089b5.jpg_710x360_e6dea048.jpg〇https://qimgs.qunarzz.com/piao_qsight_provider_piao_qsight_web/e34ca72f8af6bdb5.jpg_710x360_83d65a2a.jpg〇https://qimgs.qunarzz.com/piao_qsight_provider_piao_qsight_web/3bd41f60d0886be959eb79f5584f60e5.jpg_710x360_8a067834.jpg〇https://qimgs.qunarzz.com/piao_qsight_provider_piao_qsight_web/9dd2d6912e69d86964718ad1239f65b7.jpg_710x360_a5eaa1b7.jpg〇https://qimgs.qunarzz.com/piao_qsight_provider_piao_qsight_web/1557515582312100g14000000w20w9A8CA_D_640_10000.jpg_710x360_7ab6625b.jpg〇https://qimgs.qunarzz.com/piao_qsight_provider_piao_qsight_web/1557515581799100k14000000w5iiq0508_D_640_10000.jpg_710x360_db1481a5.jpg〇https://qimgs.qunarzz.com/piao_qsight_provider_piao_qsight_web/1557515581312100o14000000w06ae76FD_D_640_10000.jpg_710x360_921e8381.jpg〇https://qimgs.qunarzz.com/piao_qsight_provider_piao_qsight_web/1557515580963100q14000000w2mdt08EE_D_640_10000.jpg_710x360_b9ae99f6.jpg〇https://qimgs.qunarzz.com/piao_qsight_provider_piao_qsight_web/1557515580664100o14000000w06ac163F_D_640_10000.jpg_710x360_5bfd4333.jpg〇https://qimgs.qunarzz.com/piao_qsight_provider_piao_qsight_web/1557515580244100314000000w3279EBC0_D_640_10000.jpg_710x360_01a6498c.jpg〇https://qimgs.qunarzz.com/piao_qsight_provider_piao_qsight_web/e7baed3a3261ce02.jpg_710x360_27b26cf8.jpg〇https://qimgs.qunarzz.com/piao_qsight_provider_piao_qsight_web/353924463dc0a202.jpg_710x360_58ed9495.jpg〇https://qimgs.qunarzz.com/piao_qsight_provider_piao_qsight_web/85904d98a9880902.jpg_710x360_bfa9d44e.jpg〇https://qimgs.qunarzz.com/piao_qsight_provider_piao_qsight_web/41fd9c860018a202.jpg_710x360_022872c1.jpg〇https://qimgs.qunarzz.com/piao_qsight_provider_piao_qsight_web/62130615ebe46c02.jpg_710x360_8aa6efac.jpg〇https://qimgs.qunarzz.com/piao_qsight_provider_piao_qsight_web/82d1ac45a081cc02.jpg_710x360_e57b3633.jpg,"{""ret"": true, ""data"": {""tagList"": [{""tagType"": 32, ""tagScore"": 5, ""tagNum"": 6, ""tagName"": ""\u670d\u52a1\u597d""}, {""tagType"": 16, ""tagScore"": 5, ""tagNum"": 8, ""tagName"": ""\u9760\u8c31""}, {""tagType"": 8, ""tagScore"": 5, ""tagNum"": 9, ""tagName"": ""\u4fbf\u5b9c""}, {""tagType"": 4, ""tagScore"": 5, ""tagNum"": 12, ""tagName"": ""\u53d6\u7968\u65b9\u4fbf""}, {""tagType"": 3, ""tagScore"": 5, ""tagNum"": 20, ""tagName"": ""\u5dee\u8bc4""}, {""tagType"": 2, ""tagScore"": 5, ""tagNum"": 26, ""tagName"": ""\u4e2d\u8bc4""}, {""tagType"": 1, ""tagScore"": 5, ""tagNum"": 1170, ""tagName"": ""\u597d\u8bc4""}, {""tagType"": 0, ""tagScore"": 5, ""tagNum"": 1242, ""tagName"": ""\u5168\u90e8""}], ""commentList"": [{""author"": ""a*5"", ""content"": ""\u7528\u6237\u672a\u70b9\u8bc4\uff0c\u7cfb\u7edf\u9ed8\u8ba4\u597d\u8bc4\u3002"", ""date"": ""2024-11-05"", ""score"": 5, ""commentId"": ""238549502"", ""imgs"": [], ""userNickName"": ""a*5"", ""replyCityName"": """", ""cityName"": """"}, {""author"": ""\u53bb*\u6237"", ""content"": ""\u7528\u6237\u672a\u70b9\u8bc4\uff0c\u7cfb\u7edf\u9ed8\u8ba4\u597d\u8bc4\u3002"", ""date"": ""2024-11-04"", ""score"": 5, ""commentId"": ""238397383"", ""imgs"": [], ""userNickName"": ""\u53bb*\u6237"", ""replyCityName"": """", ""cityName"": """"}, {""author"": ""\u4e07*X"", ""content"": ""\u7528\u6237\u672a\u70b9\u8bc4\uff0c\u7cfb\u7edf\u9ed8\u8ba4\u597d\u8bc4\u3002"", ""date"": ""2024-11-03"", ""score"": 5, ""commentId"": ""238286026"", ""imgs"": [], ""userNickName"": ""\u4e07*X"", ""replyCityName"": """", ""cityName"": """"}, {""author"": ""\u53bb*\u6237"", ""content"": ""\u7528\u6237\u672a\u70b9\u8bc4\uff0c\u7cfb\u7edf\u9ed8\u8ba4\u597d\u8bc4\u3002"", ""date"": ""2024-11-02"", ""score"": 5, ""commentId"": ""238112119"", ""imgs"": [], ""userNickName"": ""\u53bb*\u6237"", ""replyCityName"": """", ""cityName"": """"}, {""author"": ""o*8"", ""content"": ""\u7528\u6237\u672a\u70b9\u8bc4\uff0c\u7cfb\u7edf\u9ed8\u8ba4\u597d\u8bc4\u3002"", ""date"": ""2024-09-10"", ""score"": 5, ""commentId"": ""236560356"", ""imgs"": [], ""userNickName"": ""o*8"", ""replyCityName"": """", ""cityName"": """"}, {""author"": ""p*j"", ""content"": ""\u7528\u6237\u672a\u70b9\u8bc4\uff0c\u7cfb\u7edf\u9ed8\u8ba4\u597d\u8bc4\u3002"", ""date"": ""2024-09-09"", ""score"": 5, ""commentId"": ""236494057"", ""imgs"": [], ""userNickName"": ""p*j"", ""replyCityName"": """", ""cityName"": """"}, {""author"": ""\u53bb*\u6237"", ""content"": ""\u7528\u6237\u672a\u70b9\u8bc4\uff0c\u7cfb\u7edf\u9ed8\u8ba4\u597d\u8bc4\u3002"", ""date"": ""2024-09-09"", ""score"": 5, ""commentId"": ""236491382"", ""imgs"": [], ""userNickName"": ""\u53bb*\u6237"", ""replyCityName"": """", ""cityName"": """"}, {""author"": ""\u53bb*\u6237"", ""content"": ""\u7528\u6237\u672a\u70b9\u8bc4\uff0c\u7cfb\u7edf\u9ed8\u8ba4\u597d\u8bc4\u3002"", ""date"": ""2024-08-13"", ""score"": 5, ""commentId"": ""235474333"", ""imgs"": [], ""userNickName"": ""\u53bb*\u6237"", ""replyCityName"": """", ""cityName"": """"}, {""author"": ""\u53bb*\u6237"", ""content"": ""\u7528\u6237\u672a\u70b9\u8bc4\uff0c\u7cfb\u7edf\u9ed8\u8ba4\u597d\u8bc4\u3002"", ""date"": ""2024-08-13"", ""score"": 5, ""commentId"": ""235474321"", ""imgs"": [], ""userNickName"": ""\u53bb*\u6237"", ""replyCityName"": """", ""cityName"": """"}, {""author"": ""\u53bb*\u6237"", ""content"": ""\u7528\u6237\u672a\u70b9\u8bc4\uff0c\u7cfb\u7edf\u9ed8\u8ba4\u597d\u8bc4\u3002"", ""date"": ""2024-08-13"", ""score"": 5, ""commentId"": ""235474313"", ""imgs"": [], ""userNickName"": ""\u53bb*\u6237"", ""replyCityName"": """", ""cityName"": """"}], ""score"": 4.7, ""commentCount"": 1242}, ""statusCode"": 200}"
河源恐龙博物馆,https://qimgs.qunarzz.com/piao_qsight_provider_piao_qsight_web/0101s12000f6t2y7aAE23_C_900_504.jpg_280x200_f5b1c877.jpg,河源市,源城区,广东省河源市源城区南堤路,2396,5.0,恐龙蛋数获吉尼斯世界纪录,https://piao.qunar.com/ticket/detail_131933397.html?st=a3clM0QlRTYlQkElOTAlRTUlOUYlOEUlRTUlOEMlQkElMjZpZCUzRDE5MzQ2MyUyNnR5cGUlM0QwJTI2aWR4JTNENCUyNnF0JTNEJTI2YXBrJTNEMiUyNnNjJTNEV1dXJTI2dXIlM0QlRTQlQjglQUQlRTUlQjElQjElMjZsciUzRCVFNCVCOCVBRCVFNSVCMSVCMSUyNmZ0JTNEJTdCJTdE#from=mpl_search_suggest,27.0,N/A,河源恐龙博物馆位于位于河源市区东江河畔和宋代龟峰塔的山旁侧边，占地3000平方米，建筑面积8300平方米，总投资6300万元，河源恐龙博物馆布展突出恐龙文化和客家文化。河源恐龙博物馆外观设计新颖独特，如同一粒苏醒的种子。河源恐龙博物馆内展览采用声、光、电等高科技陈列手段，大型油画与雕塑，图文并茂，充分展现了河源丰富的自然和历史文化遗产的风貌。河源恐龙博物馆负一层为恐龙化石发掘、修复现场场景及临时展厅。一层展览以恐龙为主题，分《恐龙产房》、《恐龙足迹》、《恐龙故乡》三个展厅及对媒体3D影视厅，分别展出河源恐龙博物馆获得世界吉尼斯记录证书的15000多枚各种恐龙蛋化石、黄氏河源龙正型标本及在河源市发现的恐龙足迹化石，体现了河源市“三位一体”的独特恐龙化石资源。河源恐龙博物馆大厅展出让人震撼的“九龙组合”：一具长20米、高8米的大型蜥脚类恐龙骨骼，三条翼龙及活动生效仿真霸王龙、窃蛋龙等恐龙模型，让人疑似闯进了亿万年前的侏罗纪公园。河源恐龙博物馆二层展览则以客家古邑为主题，分《东讲文明之光》、《岭南文明发祥地》、《古邑历代萃珍》、《古邑客家风华》四个展厅，分别展出河源市出土和征集的各朝代珍贵文物，重大考古发掘、国家和省级非物质文化遗产及人文历史，其中有由河源市出土的国家一级文物明代三彩陶罐，以及客家刺绣、家具、农耕用具等。,1/1-12/31；周二至周日；09:00-17:30开园；（17:00停止入园）,https://qimgs.qunarzz.com/piao_qsight_provider_piao_qsight_web/0101s12000f6t2y7aAE23_C_900_504.jpg_710x360_e34e42b1.jpg〇https://qimgs.qunarzz.com/piao_qsight_provider_piao_qsight_web/0101s12000f6t2y7aAE23_C_900_504_Q90_Mtg_7.jpg_710x360_28b5b99e.jpg〇https://qimgs.qunarzz.com/piao_qsight_provider_piao_qsight_web/100n1f000001gpago2AD3_C_900_504_Q90_Mtg_7.jpg_710x360_46c021f7.jpg〇https://qimgs.qunarzz.com/piao_qsight_provider_piao_qsight_web/0105q1200095g6nw15BEC_C_900_504_Q90_Mtg_7.jpg_710x360_2d955603.jpg〇https://qimgs.qunarzz.com/piao_qsight_provider_piao_qsight_web/0100y1200095g6kqw47C7_C_900_504_Q90_Mtg_7.jpg_710x360_e9adab2c.jpg〇https://qimgs.qunarzz.com/piao_qsight_provider_piao_qsight_web/0103g1200095g6o8nAE75_C_900_504_Q90_Mtg_7.jpg_710x360_219488d7.jpg〇https://qimgs.qunarzz.com/piao_qsight_provider_piao_qsight_web/100a1c000001d1fjk9EDE_C_900_504_Q90_Mtg_7.jpg_710x360_58b6c0ed.jpg〇https://qimgs.qunarzz.com/piao_qsight_provider_piao_qsight_web/0101j1200095g6lwe2C5F_C_900_504_Q90_Mtg_7.jpg_710x360_12b8f34e.jpg〇https://qimgs.qunarzz.com/piao_qsight_provider_piao_qsight_web/0100x1200095g5werDB4E_C_900_504_Q90_Mtg_7.jpg_710x360_529e2ebc.jpg〇https://qimgs.qunarzz.com/piao_qsight_provider_piao_qsight_web/0106l1200095g6kc9348F_C_900_504_Q90_Mtg_7.jpg_710x360_dc8504e5.jpg〇https://qimgs.qunarzz.com/piao_qsight_provider_piao_qsight_web/010371200095g6kjc8DDA_C_900_504_Q90_Mtg_7.jpg_710x360_915e6162.jpg〇https://imgs.qunarzz.com/sight/p0/2203/94/94cd68a3e01abf71a3.water.jpg_710x360_403f0440.jpg〇https://imgs.qunarzz.com/sight/p0/201401/08/23492f26d824075c301a4d32f7946f96.jpg_710x360_37ab8c10.jpg〇https://imgs.qunarzz.com/sight/p0/201401/08/cd90da280202373ed6436a1b3f1678e1.jpg_710x360_cc84be01.jpg,"{""ret"": true, ""data"": {""tagList"": [{""tagType"": 32, ""tagScore"": 5, ""tagNum"": 2, ""tagName"": ""\u670d\u52a1\u597d""}, {""tagType"": 16, ""tagScore"": 5, ""tagNum"": 1, ""tagName"": ""\u9760\u8c31""}, {""tagType"": 8, ""tagScore"": 5, ""tagNum"": 1, ""tagName"": ""\u4fbf\u5b9c""}, {""tagType"": 4, ""tagScore"": 5, ""tagNum"": 5, ""tagName"": ""\u53d6\u7968\u65b9\u4fbf""}, {""tagType"": 3, ""tagScore"": 5, ""tagNum"": 1, ""tagName"": ""\u5dee\u8bc4""}, {""tagType"": 2, ""tagScore"": 5, ""tagNum"": 2, ""tagName"": ""\u4e2d\u8bc4""}, {""tagType"": 1, ""tagScore"": 5, ""tagNum"": 2393, ""tagName"": ""\u597d\u8bc4""}, {""tagType"": 0, ""tagScore"": 5, ""tagNum"": 2396, ""tagName"": ""\u5168\u90e8""}], ""commentList"": [{""author"": ""y*g"", ""content"": ""\u53d6\u7968\u65b9\u4fbf\uff0c\u5c31\u5728\u5927\u95e8\u53f3\u4fa7\u673a\u5668\u91cc\u626b\u7801\u5c31\u53ef\u4ee5\u51fa\u7968\u3002\u6bd4\u5728\u95e8\u53e3\u4e70\u7968\u4fbf\u5b9c\u4e00\u70b9\u70b9\uff0c\u786e\u5b9a\u4e86\u65e5\u671f\u51fa\u6e38\u7684\u53ef\u4ee5\u63d0\u524d\u4e70\u7701\u4e00\u70b9"", ""date"": ""2024-09-10"", ""score"": 5, ""commentId"": ""236571889"", ""imgs"": [], ""userNickName"": ""y*g"", ""replyCityName"": """", ""cityName"": ""\u5e7f\u4e1c""}, {""author"": ""q*3"", ""content"": ""\u7528\u6237\u672a\u70b9\u8bc4\uff0c\u7cfb\u7edf\u9ed8\u8ba4\u597d\u8bc4\u3002"", ""date"": ""2024-12-25"", ""score"": 5, ""commentId"": ""239374238"", ""imgs"": [], ""userNickName"": ""q*3"", ""replyCityName"": """", ""cityName"": """"}, {""author"": ""c*4"", ""content"": ""\u7528\u6237\u672a\u70b9\u8bc4\uff0c\u7cfb\u7edf\u9ed8\u8ba4\u597d\u8bc4\u3002"", ""date"": ""2024-12-24"", ""score"": 5, ""commentId"": ""239358870"", ""imgs"": [], ""userNickName"": ""c*4"", ""replyCityName"": """", ""cityName"": """"}, {""author"": ""e*l"", ""content"": ""\u7528\u6237\u672a\u70b9\u8bc4\uff0c\u7cfb\u7edf\u9ed8\u8ba4\u597d\u8bc4\u3002"", ""date"": ""2024-12-24"", ""score"": 5, ""commentId"": ""239356971"", ""imgs"": [], ""userNickName"": ""e*l"", ""replyCityName"": """", ""cityName"": """"}, {""author"": ""c*4"", ""content"": ""\u7528\u6237\u672a\u70b9\u8bc4\uff0c\u7cfb\u7edf\u9ed8\u8ba4\u597d\u8bc4\u3002"", ""date"": ""2024-12-24"", ""score"": 5, ""commentId"": ""239356858"", ""imgs"": [], ""userNickName"": ""c*4"", ""replyCityName"": """", ""cityName"": """"}, {""author"": ""b*6"", ""content"": ""\u7528\u6237\u672a\u70b9\u8bc4\uff0c\u7cfb\u7edf\u9ed8\u8ba4\u597d\u8bc4\u3002"", ""date"": ""2024-12-24"", ""score"": 5, ""commentId"": ""239353178"", ""imgs"": [], ""userNickName"": ""b*6"", ""replyCityName"": """", ""cityName"": """"}, {""author"": ""b*6"", ""content"": ""\u7528\u6237\u672a\u70b9\u8bc4\uff0c\u7cfb\u7edf\u9ed8\u8ba4\u597d\u8bc4\u3002"", ""date"": ""2024-12-24"", ""score"": 5, ""commentId"": ""239349514"", ""imgs"": [], ""userNickName"": ""b*6"", ""replyCityName"": """", ""cityName"": """"}, {""author"": ""b*6"", ""content"": ""\u7528\u6237\u672a\u70b9\u8bc4\uff0c\u7cfb\u7edf\u9ed8\u8ba4\u597d\u8bc4\u3002"", ""date"": ""2024-12-24"", ""score"": 5, ""commentId"": ""239343522"", ""imgs"": [], ""userNickName"": ""b*6"", ""replyCityName"": """", ""cityName"": """"}, {""author"": ""e*l"", ""content"": ""\u7528\u6237\u672a\u70b9\u8bc4\uff0c\u7cfb\u7edf\u9ed8\u8ba4\u597d\u8bc4\u3002"", ""date"": ""2024-12-24"", ""score"": 5, ""commentId"": ""239342548"", ""imgs"": [], ""userNickName"": ""e*l"", ""replyCityName"": """", ""cityName"": """"}, {""author"": ""s*y"", ""content"": ""\u7528\u6237\u672a\u70b9\u8bc4\uff0c\u7cfb\u7edf\u9ed8\u8ba4\u597d\u8bc4\u3002"", ""date"": ""2024-12-24"", ""score"": 5, ""commentId"": ""239339344"", ""imgs"": [], ""userNickName"": ""s*y"", ""replyCityName"": """", ""cityName"": """"}], ""score"": 5.0, ""commentCount"": 2396}, ""statusCode"": 200}"
巴伐利亚庄园,https://imgs.qunarzz.com/sight/p0/2003/5d/5d4c9cb99f90198ca3.img.jpg_280x200_3c9dbfc3.jpg,河源市,源城区,广东省河源市源城区高埔岗街道大水井社区龙源大道1号(万洞旅游区),3201,4.8,欣赏色彩斑斓的欧式建筑,https://piao.qunar.com/ticket/detail_3762582323.html?st=a3clM0QlRTYlQkElOTAlRTUlOUYlOEUlRTUlOEMlQkElMjZpZCUzRDQ1MjA2MSUyNnR5cGUlM0QwJTI2aWR4JTNEMyUyNnF0JTNEJTI2YXBrJTNEMiUyNnNjJTNEV1dXJTI2dXIlM0QlRTQlQjglQUQlRTUlQjElQjElMjZsciUzRCVFNCVCOCVBRCVFNSVCMSVCMSUyNmZ0JTNEJTdCJTdE#from=mpl_search_suggest,66.0,4A景区,巴伐利亚庄园巴伐利亚庄园位于中国河源市源城区，总占地面积约10.4平方公里，是中国经济特区、先行示范区，是由深圳市人民政府和广东省发改委2012年推荐的“双转移”重点示范项目。庄园按照“一园、两区”规划建设六大小镇，分别是旅游度假区、旅居生活区。项目相继获得中国旅居养老示范基地试点单位、广东省养老服务示范基地、广东省劳模疗休养定点接待单位、深圳市劳模疗休养基地、深圳市经济特区异地（河源）养老创新基地等五十多项荣誉。河源巴伐利亚庄园是国家旅游度假区拥有得天独厚的自然资源毗邻华南第一大湖——万绿湖七寨湖、桂山、野趣沟等周围大量的天然生态景区让空气和水的质量常年保持在国家I级标准河源巴伐利亚庄园涵盖极为丰富的文旅配套约1万㎡的花仟谷约1.5万㎡的福源寺约2.1万㎡的黑森林乐园约3万㎡的国医国药温泉约1200亩的体育公园拥有1350㎡宽境千人宴会厅拥有近2000个房间的九大品牌酒店群等项目建设体现动、静、乐、三大空间的兼顾营造全年龄段的健康休闲娱乐空间不用走出家门就能将规模宏大的文旅产业新城囊括怀中,1/1-12/31；周一至周日；全天开放,https://qimgs.qunarzz.com/piao_qsight_provider_piao_qsight_web/010341200093suwj9BC20_C_900_504.jpg_710x360_807d3e47.jpg〇https://qimgs.qunarzz.com/piao_qsight_provider_piao_qsight_web/010481200097prqhn92DB_C_900_504_Q90_Mtg_7.jpg_710x360_69a7f02c.jpg〇https://qimgs.qunarzz.com/piao_qsight_provider_piao_qsight_web/0104c1200097prpl420C0_C_900_504_Q90_Mtg_7.jpg_710x360_13e64d70.jpg〇https://qimgs.qunarzz.com/piao_qsight_provider_piao_qsight_web/010521200097prp9h150D_C_900_504_Q90_Mtg_7.jpg_710x360_616d7302.jpg〇https://qimgs.qunarzz.com/piao_qsight_provider_piao_qsight_web/0104f1200093smne6315D_C_900_504_Q90_Mtg_7.jpg_710x360_ebe93203.jpg〇https://qimgs.qunarzz.com/piao_qsight_provider_piao_qsight_web/010621200097ps91z41E8_C_900_504_Q90_Mtg_7.jpg_710x360_801f2108.jpg〇https://qimgs.qunarzz.com/piao_qsight_provider_piao_qsight_web/010121200093smhaa0E16_C_900_504_Q90_Mtg_7.jpg_710x360_26f82791.jpg〇https://qimgs.qunarzz.com/piao_qsight_provider_piao_qsight_web/0100t1200093sm7mv3EB2_C_900_504_Q90_Mtg_7.jpg_710x360_35cb1019.jpg〇https://qimgs.qunarzz.com/piao_qsight_provider_piao_qsight_web/010351200097prjc1AC11_C_900_504_Q90_Mtg_7.jpg_710x360_dcbc3579.jpg〇https://qimgs.qunarzz.com/piao_qsight_provider_piao_qsight_web/0103x1200093smk1tAF96_C_900_504_Q90_Mtg_7.jpg_710x360_ee04381f.jpg〇https://qimgs.qunarzz.com/piao_qsight_provider_piao_qsight_web/010341200093suwj9BC20_C_900_504_Q90_Mtg_7.jpg_710x360_b5b25e3f.jpg〇https://imgs.qunarzz.com/sight/p0/2004/36/36ccb95c64f105d3a3.img.jpg_710x360_aebf50c6.jpg〇https://imgs.qunarzz.com/sight/p0/2004/20/20df6cfeb4edc42da3.img.jpg_710x360_3bc17a77.jpg〇https://imgs.qunarzz.com/sight/p0/2004/42/42502ac90b0c3727a3.img.jpg_710x360_dbe28f51.jpg〇https://imgs.qunarzz.com/sight/p0/2004/f4/f4825c8f34e23e21a3.img.jpg_710x360_f33370ea.jpg〇https://imgs.qunarzz.com/sight/p0/2004/50/50cfec0ac809f384a3.img.jpg_710x360_3cdc3ca8.jpg〇https://imgs.qunarzz.com/sight/p0/2004/5f/5f8cfe94f3947c33a3.img.jpg_710x360_c160325c.jpg〇https://imgs.qunarzz.com/sight/p0/2004/cf/cfe02cabd6478762a3.img.jpg_710x360_eeff8564.jpg〇https://imgs.qunarzz.com/sight/p0/2004/c8/c8f2e282635f6fc0a3.img.jpg_710x360_0c872d96.jpg〇https://imgs.qunarzz.com/sight/p0/2004/c8/c8f2e282635f6fc0a3.img.jpg_710x360_0c872d96.jpg〇https://imgs.qunarzz.com/sight/p0/2004/c8/c8f2e282635f6fc0a3.img.jpg_710x360_0c872d96.jpg〇https://imgs.qunarzz.com/sight/p0/2004/c8/c8f2e282635f6fc0a3.img.jpg_710x360_0c872d96.jpg〇https://imgs.qunarzz.com/sight/p0/2004/40/4010f26d94cb04e4a3.img.jpg_710x360_c4e80b18.jpg〇https://imgs.qunarzz.com/sight/p0/2004/ec/ec231ca8b7586faa3.img.jpg_710x360_4c2a6f8e.jpg〇https://imgs.qunarzz.com/sight/p0/2004/a8/a8c1a4da9327a22a3.img.jpg_710x360_3be67bd1.jpg〇https://imgs.qunarzz.com/sight/p0/2004/c3/c3ffc2fe2d642ae6a3.img.jpg_710x360_67ad5fa5.jpg〇https://imgs.qunarzz.com/sight/p0/2004/ff/ff6754db6ca9a3a7a3.img.jpg_710x360_7398c4ef.jpg〇https://imgs.qunarzz.com/sight/p0/2004/41/41187f2d5bf82e30a3.img.jpg_710x360_6736bf54.jpg〇https://imgs.qunarzz.com/sight/p0/2004/3a/3a3bca56a4904d86a3.img.jpg_710x360_be6f30dc.jpg〇https://imgs.qunarzz.com/sight/p0/2004/82/8219644bae623d7a3.img.jpg_710x360_eb6b2e5a.jpg〇https://imgs.qunarzz.com/sight/p0/2004/38/383c4e88bff85e65a3.img.jpg_710x360_1f1adcfc.jpg〇https://imgs.qunarzz.com/sight/p0/2004/a1/a120d969bd3be17a3.img.png_710x360_582ebb4f.png〇https://imgs.qunarzz.com/sight/p0/2004/cb/cb9817f17e3d6994a3.img.jpg_710x360_17d58329.jpg〇https://imgs.qunarzz.com/sight/p0/2004/d9/d96aff0fbf6bb5aca3.img.jpg_710x360_e907784b.jpg〇https://imgs.qunarzz.com/sight/p0/2004/89/89afa5fc28e975c7a3.img.jpg_710x360_5c84deaf.jpg〇https://imgs.qunarzz.com/sight/p0/2004/fe/fe80268e0d0f3119a3.img.jpg_710x360_e070ddff.jpg〇https://imgs.qunarzz.com/sight/p0/2004/4b/4b3d924659b3ce0da3.img.jpg_710x360_085fc643.jpg〇https://imgs.qunarzz.com/sight/p0/2003/db/db6886a0234a9182a3.img.jpg_710x360_1cab0dbf.jpg〇https://imgs.qunarzz.com/sight/p0/2003/7b/7b5ed77231a8e43ca3.img.jpg_710x360_994934ac.jpg〇https://imgs.qunarzz.com/sight/p0/2003/ee/ee3a60540de542f9a3.img.jpg_710x360_af10a554.jpg〇https://imgs.qunarzz.com/sight/p0/1703/28/28510077c36deddaa3.water.jpg_710x360_26a39793.jpg〇https://imgs.qunarzz.com/sight/p0/2003/ee/ee3a60540de542f9a3.img.jpg_710x360_af10a554.jpg〇https://imgs.qunarzz.com/sight/p0/2003/e4/e4ee091900dff4dea3.img.jpg_710x360_31c2b74b.jpg〇https://imgs.qunarzz.com/sight/p0/1705/10/10729d8818d48247a3.img.jpg_710x360_cf171f22.jpg〇https://imgs.qunarzz.com/sight/p0/2003/e4/e4ee091900dff4dea3.img.jpg_710x360_31c2b74b.jpg〇https://imgs.qunarzz.com/sight/p0/2003/cd/cdc390dc4b243ed8a3.img.jpg_710x360_1f88684f.jpg〇https://imgs.qunarzz.com/sight/p0/2003/cd/cdc390dc4b243ed8a3.img.jpg_710x360_1f88684f.jpg〇https://imgs.qunarzz.com/sight/p0/2003/5d/5d4c9cb99f90198ca3.img.jpg_710x360_8f3df3ac.jpg〇https://imgs.qunarzz.com/sight/p0/2003/5d/5d4c9cb99f90198ca3.img.jpg_710x360_8f3df3ac.jpg〇https://imgs.qunarzz.com/sight/p0/2003/69/69afed11dbbdc3a1a3.img.jpg_710x360_0a13656a.jpg〇https://imgs.qunarzz.com/sight/p0/2003/69/69afed11dbbdc3a1a3.img.jpg_710x360_0a13656a.jpg〇https://imgs.qunarzz.com/sight/p0/2003/4d/4d79a2cce5c063b6a3.img.jpg_710x360_6852f790.jpg〇https://imgs.qunarzz.com/sight/p0/2003/4d/4d79a2cce5c063b6a3.img.jpg_710x360_6852f790.jpg〇https://imgs.qunarzz.com/sight/p0/2003/ec/ecde32a532d1cbe3a3.img.jpg_710x360_22475a77.jpg〇https://imgs.qunarzz.com/sight/p0/2003/fe/fe277f29fa6b52cfa3.img.jpg_710x360_778bda2d.jpg〇https://imgs.qunarzz.com/sight/p0/2003/99/99479c8a66591ee9a3.img.png_710x360_25ee7911.png〇https://imgs.qunarzz.com/sight/p0/2003/3a/3a3bca56a4904d86a3.img.jpg_710x360_2c65fa36.jpg〇https://imgs.qunarzz.com/sight/p0/2003/ac/ace8357335744ccfa3.img.jpg_710x360_c32ef70f.jpg〇https://imgs.qunarzz.com/sight/p0/2003/34/34a414a34c989c5fa3.img.jpg_710x360_6b0419a1.jpg〇https://imgs.qunarzz.com/sight/p0/2003/3d/3df890522cf4a079a3.img.jpg_710x360_1939b4e6.jpg〇https://imgs.qunarzz.com/sight/p0/1705/4d/4d155337d91906dfa3.img.jpg_710x360_9188300c.jpg〇https://imgs.qunarzz.com/sight/p0/1705/63/63ba0f9dc10c37e1a3.img.jpg_710x360_9b6f36fc.jpg〇https://imgs.qunarzz.com/sight/p0/1703/f4/f447b23423e0f4c3a3.water.jpg_710x360_161986e6.jpg〇https://imgs.qunarzz.com/sight/p0/2003/38/3800b186673387fea3.img.jpg_710x360_38654760.jpg〇https://imgs.qunarzz.com/sight/p0/2003/80/80a8954af062d240a3.img.jpg_710x360_4a138dcb.jpg〇https://imgs.qunarzz.com/sight/p0/1705/85/85983e8a1c883711a3.img.jpg_710x360_6119eb03.jpg〇https://imgs.qunarzz.com/sight/p0/1705/c3/c3eefc13bf2bf9e8a3.img.jpg_710x360_f9916a16.jpg〇https://imgs.qunarzz.com/sight/p0/1705/b5/b5a63e433284e809a3.img.jpg_710x360_719af589.jpg〇https://imgs.qunarzz.com/sight/p0/1705/9c/9c9e91caa00ebd7fa3.img.jpg_710x360_8829a005.jpg〇https://imgs.qunarzz.com/sight/p0/1705/26/26fd9f0f2c1a8ba3a3.img.jpg_710x360_90cdfee2.jpg〇https://imgs.qunarzz.com/sight/p0/1703/db/db20a9bdb91d23fa3.water.jpg_710x360_8c554bd4.jpg〇https://imgs.qunarzz.com/sight/p0/2003/fa/fa76cbec9182e468a3.img.jpg_710x360_c36f8425.jpg〇https://imgs.qunarzz.com/sight/p0/2003/d4/d4632cdd9be1fd53a3.img.jpg_710x360_46194c26.jpg〇https://imgs.qunarzz.com/sight/p0/1705/66/667644c64dd5c496a3.img.jpg_710x360_51e5f33c.jpg〇https://imgs.qunarzz.com/sight/p0/1705/7c/7cf64dcfe87e1fb2a3.img.jpg_710x360_13a9a2b1.jpg〇https://imgs.qunarzz.com/sight/p0/1705/1e/1e0614bc56ef84f8a3.img.jpg_710x360_b70a5f48.jpg〇https://imgs.qunarzz.com/sight/p0/2003/17/1755ebca0f3b38f0a3.img.jpg_710x360_6ef22b32.jpg〇https://imgs.qunarzz.com/sight/p0/2003/2b/2b56d69399593acda3.img.jpg_710x360_1c7b272b.jpg〇https://imgs.qunarzz.com/sight/p0/1705/fc/fcb201333b5ee0f8a3.img.jpg_710x360_94cdb1b1.jpg〇https://imgs.qunarzz.com/sight/p0/1705/7a/7a7365e1611d8453a3.img.jpg_710x360_577dd1bb.jpg〇https://imgs.qunarzz.com/sight/p0/2003/12/128c8712654fd8a8a3.img.jpg_710x360_dba08ad4.jpg〇https://imgs.qunarzz.com/sight/p0/2003/89/89afa5fc28e975c7a3.img.jpg_710x360_a9c45d28.jpg〇https://imgs.qunarzz.com/sight/p0/1705/74/74fce10b22422257a3.img.jpg_710x360_8f94891f.jpg〇https://imgs.qunarzz.com/sight/p0/2003/c8/c80b68a5db86adca3.img.jpg_710x360_3f1ff255.jpg〇https://imgs.qunarzz.com/sight/p0/1705/1b/1b5101db619ffb63a3.img.jpg_710x360_d7735cc1.jpg〇https://imgs.qunarzz.com/sight/p0/2003/28/2882327bc69f32bea3.img.jpg_710x360_37c53dfd.jpg〇https://imgs.qunarzz.com/sight/p0/1709/41/41471bc6eae43e1da3.water.jpg_710x360_2427fae6.jpg〇https://imgs.qunarzz.com/sight/p0/1705/7a/7a7365e1611d8453a3.img.jpg_710x360_577dd1bb.jpg〇https://imgs.qunarzz.com/sight/p0/2003/fe/fed52484b91b335aa3.img.jpg_710x360_731e1cc5.jpg〇https://imgs.qunarzz.com/sight/p0/1705/74/74fce10b22422257a3.img.jpg_710x360_8f94891f.jpg〇https://imgs.qunarzz.com/sight/p0/2003/db/db6886a0234a9182a3.img.jpg_710x360_1cab0dbf.jpg〇https://imgs.qunarzz.com/sight/p0/1705/1b/1b5101db619ffb63a3.img.jpg_710x360_d7735cc1.jpg〇https://imgs.qunarzz.com/sight/p0/2003/7b/7b5ed77231a8e43ca3.img.jpg_710x360_994934ac.jpg〇https://imgs.qunarzz.com/sight/p0/1703/1b/1b7744256ab13518a3.water.jpg_710x360_f36ed388.jpg〇https://qimgs.qunarzz.com/piao_qsight_provider_piao_qsight_web/957104f184b1f4b5.jpg_710x360_7e1c44c3.jpg〇https://qimgs.qunarzz.com/piao_qsight_provider_piao_qsight_web/e4122bd7894514b5.jpg_710x360_138c96cc.jpg〇https://qimgs.qunarzz.com/piao_qsight_provider_piao_qsight_web/fcdaa1427612d7b5.jpg_710x360_0773b2fb.jpg〇https://qimgs.qunarzz.com/piao_qsight_provider_piao_qsight_web/64825b2b7dc4dbb5.jpg_710x360_6a6ffa87.jpg〇https://qimgs.qunarzz.com/piao_qsight_provider_piao_qsight_web/5f4affcb91130302.jpg_710x360_ce653b94.jpg〇https://qimgs.qunarzz.com/piao_qsight_provider_piao_qsight_web/16ac49ff-d759-48e5-bd91-61e6abc67377.jpg_710x360_2ad64969.jpg〇https://qimgs.qunarzz.com/piao_qsight_provider_piao_qsight_web/1dbdce80-8a04-4fc6-ba28-c2ed964b9405.jpg_710x360_f3dd3279.jpg〇https://qimgs.qunarzz.com/piao_qsight_provider_piao_qsight_web/f1d5aaad-9c5c-4bee-ab5e-9b2c8e318e30.jpg_710x360_64c1b506.jpg〇https://qimgs.qunarzz.com/piao_qsight_provider_piao_qsight_web/149fb796-9ba5-4d6f-a75d-681ec2f9983b.jpg_710x360_cd336d57.jpg〇https://qimgs.qunarzz.com/piao_qsight_provider_piao_qsight_web/ab223b76-0bb5-436f-bd9c-ffbdca1941d0.jpg_710x360_6fb03443.jpg〇https://qimgs.qunarzz.com/piao_qsight_provider_piao_qsight_web/ff024d5c499012ee90eb708d986deae6.jpg_710x360_033c32b4.jpg〇https://qimgs.qunarzz.com/piao_qsight_provider_piao_qsight_web/2a6b4643e2fc6e02.jpg_710x360_7f99f33a.jpg〇https://qimgs.qunarzz.com/piao_qsight_provider_piao_qsight_web/2c5a70a0c2637702.jpg_710x360_a5f53a94.jpg〇https://qimgs.qunarzz.com/piao_qsight_provider_piao_qsight_web/be1a663917078202.jpg_710x360_5be4db1d.jpg〇https://qimgs.qunarzz.com/piao_qsight_provider_piao_qsight_web/2c5a70a0c2637702.jpg_710x360_a5f53a94.jpg〇https://qimgs.qunarzz.com/piao_qsight_provider_piao_qsight_web/2a6b4643e2fc6e02.jpg_710x360_7f99f33a.jpg〇https://qimgs.qunarzz.com/piao_qsight_provider_piao_qsight_web/c63281e6a444e7480e30cd1539016868.jpg_710x360_f1544bcf.jpg〇https://qimgs.qunarzz.com/piao_qsight_provider_piao_qsight_web/10a01a4a4692de260e5f2d14875ea1c8.jpg_710x360_93159b22.jpg〇https://qimgs.qunarzz.com/piao_qsight_provider_piao_qsight_web/070e3c5786a89202.jpg_710x360_413f8798.jpg〇https://qimgs.qunarzz.com/piao_qsight_provider_piao_qsight_web/5f0274d9451b8002.jpg_710x360_173f237c.jpg,"{""ret"": true, ""data"": {""tagList"": [{""tagType"": 32, ""tagScore"": 5, ""tagNum"": 6, ""tagName"": ""\u670d\u52a1\u597d""}, {""tagType"": 16, ""tagScore"": 5, ""tagNum"": 13, ""tagName"": ""\u9760\u8c31""}, {""tagType"": 8, ""tagScore"": 5, ""tagNum"": 16, ""tagName"": ""\u4fbf\u5b9c""}, {""tagType"": 4, ""tagScore"": 5, ""tagNum"": 22, ""tagName"": ""\u53d6\u7968\u65b9\u4fbf""}, {""tagType"": 3, ""tagScore"": 5, ""tagNum"": 26, ""tagName"": ""\u5dee\u8bc4""}, {""tagType"": 2, ""tagScore"": 5, ""tagNum"": 42, ""tagName"": ""\u4e2d\u8bc4""}, {""tagType"": 1, ""tagScore"": 5, ""tagNum"": 3081, ""tagName"": ""\u597d\u8bc4""}, {""tagType"": 0, ""tagScore"": 5, ""tagNum"": 3201, ""tagName"": ""\u5168\u90e8""}], ""commentList"": [{""author"": ""r*4"", ""content"": ""\u7528\u6237\u672a\u70b9\u8bc4\uff0c\u7cfb\u7edf\u9ed8\u8ba4\u597d\u8bc4\u3002"", ""date"": ""2024-12-26"", ""score"": 5, ""commentId"": ""239378037"", ""imgs"": [], ""userNickName"": ""r*4"", ""replyCityName"": """", ""cityName"": """"}, {""author"": ""\u59da*\u767d"", ""content"": ""\u7528\u6237\u672a\u70b9\u8bc4\uff0c\u7cfb\u7edf\u9ed8\u8ba4\u597d\u8bc4\u3002"", ""date"": ""2024-12-17"", ""score"": 5, ""commentId"": ""239269918"", ""imgs"": [], ""userNickName"": ""\u59da*\u767d"", ""replyCityName"": """", ""cityName"": """"}, {""author"": ""\u59da*\u767d"", ""content"": ""\u7528\u6237\u672a\u70b9\u8bc4\uff0c\u7cfb\u7edf\u9ed8\u8ba4\u597d\u8bc4\u3002"", ""date"": ""2024-12-17"", ""score"": 5, ""commentId"": ""239269891"", ""imgs"": [], ""userNickName"": ""\u59da*\u767d"", ""replyCityName"": """", ""cityName"": """"}, {""author"": ""\u5218*\u9c7c"", ""content"": ""\u7528\u6237\u672a\u70b9\u8bc4\uff0c\u7cfb\u7edf\u9ed8\u8ba4\u597d\u8bc4\u3002"", ""date"": ""2024-12-16"", ""score"": 5, ""commentId"": ""239243884"", ""imgs"": [], ""userNickName"": ""\u5218*\u9c7c"", ""replyCityName"": """", ""cityName"": """"}, {""author"": ""\u5c11*\u5317"", ""content"": ""\u7528\u6237\u672a\u70b9\u8bc4\uff0c\u7cfb\u7edf\u9ed8\u8ba4\u597d\u8bc4\u3002"", ""date"": ""2024-12-15"", ""score"": 5, ""commentId"": ""239228526"", ""imgs"": [], ""userNickName"": ""\u5c11*\u5317"", ""replyCityName"": """", ""cityName"": """"}, {""author"": ""j*5"", ""content"": ""\u7528\u6237\u672a\u70b9\u8bc4\uff0c\u7cfb\u7edf\u9ed8\u8ba4\u597d\u8bc4\u3002"", ""date"": ""2024-12-10"", ""score"": 5, ""commentId"": ""239177112"", ""imgs"": [], ""userNickName"": ""j*5"", ""replyCityName"": """", ""cityName"": """"}, {""author"": ""g*a"", ""content"": ""\u7528\u6237\u672a\u70b9\u8bc4\uff0c\u7cfb\u7edf\u9ed8\u8ba4\u597d\u8bc4\u3002"", ""date"": ""2024-12-10"", ""score"": 5, ""commentId"": ""239169677"", ""imgs"": [], ""userNickName"": ""g*a"", ""replyCityName"": """", ""cityName"": """"}, {""author"": ""\u53bb*\u6237"", ""content"": ""\u7528\u6237\u672a\u70b9\u8bc4\uff0c\u7cfb\u7edf\u9ed8\u8ba4\u597d\u8bc4\u3002"", ""date"": ""2024-12-10"", ""score"": 5, ""commentId"": ""239165381"", ""imgs"": [], ""userNickName"": ""\u53bb*\u6237"", ""replyCityName"": """", ""cityName"": """"}, {""author"": ""h*0"", ""content"": ""\u7528\u6237\u672a\u70b9\u8bc4\uff0c\u7cfb\u7edf\u9ed8\u8ba4\u597d\u8bc4\u3002"", ""date"": ""2024-11-27"", ""score"": 5, ""commentId"": ""238976926"", ""imgs"": [], ""userNickName"": ""h*0"", ""replyCityName"": """", ""cityName"": """"}, {""author"": ""h*0"", ""content"": ""\u7528\u6237\u672a\u70b9\u8bc4\uff0c\u7cfb\u7edf\u9ed8\u8ba4\u597d\u8bc4\u3002"", ""date"": ""2024-11-27"", ""score"": 5, ""commentId"": ""238970760"", ""imgs"": [], ""userNickName"": ""h*0"", ""replyCityName"": """", ""cityName"": """"}], ""score"": 4.8, ""commentCount"": 3201}, ""statusCode"": 200}"
河源客天下国际旅游度假区,https://qimgs.qunarzz.com/piao_qsight_provider_piao_qsight_web/0100j120008xcspzyCCBD_C_900_504.jpg_280x200_1f52ea4d.jpg,河源市,源城区,广东省河源市源城区高埔岗街道大水井社区客天下大道1号,1228,4.9,有各国沐浴文化的温泉乐园,https://piao.qunar.com/ticket/detail_2650303707.html?st=a3clM0QlRTYlQkElOTAlRTUlOUYlOEUlRTUlOEMlQkElMjZpZCUzRDcwNCUyNnR5cGUlM0QwJTI2aWR4JTNEMiUyNnF0JTNEJTI2YXBrJTNEMiUyNnNjJTNEV1dXJTI2dXIlM0QlRTQlQjglQUQlRTUlQjElQjElMjZsciUzRCVFNCVCOCVBRCVFNSVCMSVCMSUyNmZ0JTNEJTdCJTdE#from=mpl_search_suggest,68.2,4A景区,河源客天下水晶温泉宫是以“沐浴文化”为主题的综合性温泉度假区，背依青山，环抱温池，以矿物质温泉为根，以博大精深的岭南文化为本，融会不同的温泉风情理念，让您尽享各式温泉体验。沐浴青山间，赏翠绿湖景，各种异域风情、中式古风浴区，感受别样温泉滋养体验。广州、深圳、东莞、惠州等地距离景区2小时左右车程，享欢乐亲子时光。,1/1-12/31；周一至周日；全天开放,https://qimgs.qunarzz.com/piao_qsight_provider_piao_qsight_web/0100j120008xcspzyCCBD_C_900_504.jpg_710x360_3daaf683.jpg〇https://qimgs.qunarzz.com/piao_qsight_provider_piao_qsight_web/350e160000010h96b2762_C_900_504_Q90_Mtg_7.jpg_710x360_1a2db976.jpg〇https://qimgs.qunarzz.com/piao_qsight_provider_piao_qsight_web/350p1a0000018vi9n758B_C_900_504_Q90_Mtg_7.jpg_710x360_9ccd1ed8.jpg〇https://qimgs.qunarzz.com/piao_qsight_provider_piao_qsight_web/1lo3z12000drdlkp3FA59_C_900_504_Q90_Mtg_7.jpg_710x360_1625ceac.jpg〇https://qimgs.qunarzz.com/piao_qsight_provider_piao_qsight_web/3505160000010h0gj0318_C_900_504_Q90_Mtg_7.jpg_710x360_58500241.jpg〇https://qimgs.qunarzz.com/piao_qsight_provider_piao_qsight_web/1lo1312000drdklm849FA_C_900_504_Q90_Mtg_7.jpg_710x360_0a49cae8.jpg〇https://qimgs.qunarzz.com/piao_qsight_provider_piao_qsight_web/350m160000010nw3816A7_C_900_504_Q90_Mtg_7.jpg_710x360_daf25ca3.jpg〇https://qimgs.qunarzz.com/piao_qsight_provider_piao_qsight_web/1lo2y12000drdk4bdD231_C_900_504_Q90_Mtg_7.jpg_710x360_56cb3457.jpg〇https://qimgs.qunarzz.com/piao_qsight_provider_piao_qsight_web/1lo7412000drdjef53901_C_900_504_Q90_Mtg_7.jpg_710x360_412a6d54.jpg〇https://qimgs.qunarzz.com/piao_qsight_provider_piao_qsight_web/1lo5l12000drdjf4a6058_C_900_504_Q90_Mtg_7.jpg_710x360_f2c4cb2d.jpg〇https://qimgs.qunarzz.com/piao_qsight_provider_piao_qsight_web/0100j120008xcspzyCCBD_C_900_504_Q90_Mtg_7.jpg_710x360_184bf0b2.jpg〇https://imgs.qunarzz.com/sight/p0/1911/28/28d9f1b5031a4e2a3.img.jpg_710x360_ea5ec896.jpg〇https://imgs.qunarzz.com/sight/p0/1911/6d/6d97f56842e12e36a3.img.jpg_710x360_c5c89568.jpg〇https://imgs.qunarzz.com/sight/p0/1911/d4/d45909af991dde0fa3.img.jpg_710x360_331cd883.jpg〇https://imgs.qunarzz.com/sight/p0/1911/69/6902a5cfc6349142a3.img.jpg_710x360_6b16742e.jpg〇https://imgs.qunarzz.com/sight/p0/1911/d7/d7976ccc8137e92aa3.img.jpg_710x360_23688823.jpg〇https://imgs.qunarzz.com/sight/p0/1911/3c/3cd36963540e6a1ea3.img.jpg_710x360_695fa428.jpg〇https://imgs.qunarzz.com/sight/p0/1911/e8/e83e7d3c6ea9d437a3.img.jpg_710x360_1e2c5314.jpg〇https://imgs.qunarzz.com/sight/p0/1911/2c/2c99a3fd5dfc8934a3.img.jpg_710x360_9174fdb4.jpg〇https://imgs.qunarzz.com/sight/p0/1911/8e/8e01f6092e5560f3a3.img.jpg_710x360_1f6e4670.jpg〇https://imgs.qunarzz.com/sight/p0/1911/2b/2be135ea1283220ca3.img.jpg_710x360_383b3726.jpg〇https://imgs.qunarzz.com/sight/p0/201310/24/625847d0a2aee94bc8d65eac.jpg_710x360_5cb79042.jpg〇https://imgs.qunarzz.com/sight/p0/201403/07/2a2eb3d355e11c0fe6befacfaedc9723.jpg_710x360_cdb61151.jpg〇https://imgs.qunarzz.com/sight/p0/201403/07/050b16074dd2cbe9b7a6aaa19710e2c0.jpg_710x360_63b550dd.jpg〇https://imgs.qunarzz.com/sight/p0/201403/07/65a21dacc8a66ced2a2075d85eec49d6.jpg_710x360_cb738972.jpg〇https://imgs.qunarzz.com/sight/p0/201403/07/80e16cf78d7464f0495aa4cb5b8b8864.jpg_710x360_8f4c66ce.jpg〇https://imgs.qunarzz.com/sight/p0/201403/07/48162461e2f2c681f5915c6af059ff21.jpg_710x360_eb620057.jpg〇https://qimgs.qunarzz.com/piao_qsight_provider_piao_qsight_web/bcd8ac58f1bd14dc17815a3b41d9cfaf.jpg_710x360_7ee1b582.jpg〇https://qimgs.qunarzz.com/piao_qsight_provider_piao_qsight_web/b81dc78f6ebecc21a617125831b113e5.jpg_710x360_a4c3171e.jpg〇https://qimgs.qunarzz.com/piao_qsight_provider_piao_qsight_web/d854970c230074d47fb2126dca71d06e.jpg_710x360_b7bbdee7.jpg〇https://qimgs.qunarzz.com/piao_qsight_provider_piao_qsight_web/f0be798de169c0112b27572ca8a445e1.jpg_710x360_d5867a5a.jpg〇https://qimgs.qunarzz.com/piao_qsight_provider_piao_qsight_web/866999bc91059da9322367d39e5dbc5a.jpg_710x360_cf191365.jpg〇https://qimgs.qunarzz.com/piao_qsight_provider_piao_qsight_web/1562181171312100116000000z7tjqB6E7_D_640_10000.jpg_710x360_0cfa7bb4.jpg〇https://qimgs.qunarzz.com/piao_qsight_provider_piao_qsight_web/1562181171013100t16000000yuy0707A5_D_640_10000.jpg_710x360_1020ce13.jpg〇https://qimgs.qunarzz.com/piao_qsight_provider_piao_qsight_web/1562181170879100g16000000yvl5r53E7_D_640_10000.jpg_710x360_4f972ef0.jpg〇https://qimgs.qunarzz.com/piao_qsight_provider_piao_qsight_web/1562181170765100w16000000z0xhv9748_D_640_10000.jpg_710x360_912fac64.jpg〇https://qimgs.qunarzz.com/piao_qsight_provider_piao_qsight_web/1562181170452100r16000000ytbgbECBD_D_640_10000.jpg_710x360_351b1211.jpg〇https://qimgs.qunarzz.com/piao_qsight_provider_piao_qsight_web/1562181170321100f16000000yuwz0847B_D_640_10000.jpg_710x360_9c4fa020.jpg〇https://qimgs.qunarzz.com/piao_qsight_provider_piao_qsight_web/1562181170050100v16000000z5xzf7191_D_640_10000.jpg_710x360_b32e712e.jpg〇https://qimgs.qunarzz.com/piao_qsight_provider_piao_qsight_web/1562181169800100q16000000yw6nj12A4_D_640_10000.jpg_710x360_c6d40037.jpg〇https://qimgs.qunarzz.com/piao_qsight_provider_piao_qsight_web/1562181169447100e16000000yxn9a35DA_D_640_10000.jpg_710x360_0c883f53.jpg〇https://qimgs.qunarzz.com/piao_qsight_provider_piao_qsight_web/1560106834952100k15000000xntno06FB_D_640_10000.jpg_710x360_2e9754c8.jpg〇https://qimgs.qunarzz.com/piao_qsight_provider_piao_qsight_web/1560106834803100j15000000xj5o3837C_D_640_10000.jpg_710x360_b2d300da.jpg〇https://qimgs.qunarzz.com/piao_qsight_provider_piao_qsight_web/1560106834415100115000000xwkey52FE_D_640_10000.jpg_710x360_91db1bb2.jpg〇https://qimgs.qunarzz.com/piao_qsight_provider_piao_qsight_web/1549331118435100n11000000qcr3n4DE0_D_640_10000.jpg_710x360_39279873.jpg〇https://qimgs.qunarzz.com/piao_qsight_provider_piao_qsight_web/5fbaf7a298818002.jpg_710x360_edb1c6ad.jpg〇https://qimgs.qunarzz.com/piao_qsight_provider_piao_qsight_web/e163377e05805602.jpg_710x360_75d7142f.jpg,"{""ret"": true, ""data"": {""tagList"": [{""tagType"": 32, ""tagScore"": 5, ""tagNum"": 11, ""tagName"": ""\u670d\u52a1\u597d""}, {""tagType"": 16, ""tagScore"": 5, ""tagNum"": 10, ""tagName"": ""\u9760\u8c31""}, {""tagType"": 8, ""tagScore"": 5, ""tagNum"": 10, ""tagName"": ""\u4fbf\u5b9c""}, {""tagType"": 4, ""tagScore"": 5, ""tagNum"": 14, ""tagName"": ""\u53d6\u7968\u65b9\u4fbf""}, {""tagType"": 3, ""tagScore"": 5, ""tagNum"": 13, ""tagName"": ""\u5dee\u8bc4""}, {""tagType"": 2, ""tagScore"": 5, ""tagNum"": 16, ""tagName"": ""\u4e2d\u8bc4""}, {""tagType"": 1, ""tagScore"": 5, ""tagNum"": 1188, ""tagName"": ""\u597d\u8bc4""}, {""tagType"": 0, ""tagScore"": 5, ""tagNum"": 1228, ""tagName"": ""\u5168\u90e8""}], ""commentList"": [{""author"": ""i*3"", ""content"": ""\u9152\u5e97\u5916\u89c2\u3001\u5927\u5385\u65f6\u5c1a\uff0c\u7b2c\u4e00\u5370\u8c61\u5176\u5b9e\u633a\u597d\u7684\u3002\u4e0a\u4e48\u770b\u623f\u95f4\u591f\u5927\uff0c\u4f46\u536b\u751f\u5f88\u4e00\u822c\u3002\u56e0\u4e3a\u6389\u4e86\u4e1c\u897f\u8db4\u5728\u5730\u4e0a\u627e\uff0c\u7ed3\u679c\u770b\u5230\u5e8a\u5e95\u6709\u4e24\u4e2a\u8fd8\u6b8b\u7559\u996e\u6599\u7684\u74f6\u5b50\u3002\u4eb2\u5b50\u623f\u5e10\u7bf7\u91cc\u9762\u5730\u57ab\u4ec0\u4e48\u7684\u8d85\u7ea7\u810f\uff0c\u6839\u672c\u4e0d\u80fd\u8ba9\u5c0f\u5b69\u94bb\u8fdb\u53bb\u3002\u6c34\u4e0a\u4e16\u754c\u5ba3\u4f20\u5f88\u597d\uff0c\u4f46\u662f\u5c31\u5f00\u4e86\u4e00\u4e24\u4e2a\u9879\u76ee\uff0c\u5c31\u4e00\u4e2a\u51b2\u6d6a\u6c60\u548c\u5c0f\u5b69\u73a9\u7684\u6c60\u5b50\uff0c\u8ba9\u4eba\u5931\u671b\u548c\u4e0d\u723d\u3002\u4e0d\u8fc7\u6e29\u6cc9\u8fd8\u53ef\u4ee5\u7684\uff0c\u5927\u5927\u5c0f\u5c0f10\u51e020\u4e2a\u8fd8\u662f\u6709\u5427\uff01\u4f46\u4e0d\u662f\u9694\u4e00\u70b9\u8ddd\u79bb\u5c31\u6709\u6c34\u559d\uff0c\u6e34\u6b7b\u4e86\uff01\u4f30\u8ba1\u5e0c\u671b\u4f60\u5728\u5c0f\u5546\u5e97\u6d88\u8d39\u5427\uff01\u51c6\u4e5d\u70b9\u53bb\u5230\u9910\u5385\u65e9\u9910\u4e5f\u6240\u5269\u65e0\u51e0\u4e86\uff0c\u8bf4\u6765\u592a\u665a\u4e86\u3002\u603b\u7684\u6765\u8bf4\u6027\u4ef7\u6bd4\u4e0d\u592a\u9ad8\u3002"", ""date"": ""2024-10-02"", ""score"": 3, ""commentId"": ""237467935"", ""imgs"": [], ""userNickName"": ""i*3"", ""replyCityName"": """", ""cityName"": ""\u5e7f\u4e1c""}, {""author"": ""c*1"", ""content"": ""\u7528\u6237\u672a\u70b9\u8bc4\uff0c\u7cfb\u7edf\u9ed8\u8ba4\u597d\u8bc4\u3002"", ""date"": ""2024-12-17"", ""score"": 5, ""commentId"": ""239257331"", ""imgs"": [], ""userNickName"": ""c*1"", ""replyCityName"": """", ""cityName"": """"}, {""author"": ""T*I"", ""content"": ""\u7528\u6237\u672a\u70b9\u8bc4\uff0c\u7cfb\u7edf\u9ed8\u8ba4\u597d\u8bc4\u3002"", ""date"": ""2024-12-11"", ""score"": 5, ""commentId"": ""239183759"", ""imgs"": [], ""userNickName"": ""T*I"", ""replyCityName"": """", ""cityName"": """"}, {""author"": ""\u9e23*\u4ed4"", ""content"": ""\u73af\u5883\u4e0d\u9519\uff0c\u516c\u5bd3\u4f4f\u7684\u53ef\u4ee5\uff0c\u5c31\u662f\u623f\u95f4\u7684\u7a7a\u8c03\u6696\u6c14\u597d\u50cf\u4e0d\u592a\u591f\uff0c\u6e29\u6cc9\u597d\u51e0\u4e2a\u9986\u90fd\u6ca1\u5f00\u3002"", ""date"": ""2024-01-28"", ""score"": 5, ""commentId"": ""231167616"", ""imgs"": [{""small"": ""https://qimgs.qunarzz.com/mp_piao_0001/temp5329953783216757856file_1706435942000.jpg_120x120_2358b81a.jpg"", ""title"": """", ""big"": ""https://qimgs.qunarzz.com/mp_piao_0001/temp5329953783216757856file_1706435942000.jpg""}, {""small"": ""https://qimgs.qunarzz.com/mp_piao_0001/temp9004879420999722020file_1706435942000.jpg_120x120_9202e0da.jpg"", ""title"": """", ""big"": ""https://qimgs.qunarzz.com/mp_piao_0001/temp9004879420999722020file_1706435942000.jpg""}, {""small"": ""https://qimgs.qunarzz.com/mp_piao_0001/temp4545612002401907958file_1706435942000.jpg_120x120_5d676383.jpg"", ""title"": """", ""big"": ""https://qimgs.qunarzz.com/mp_piao_0001/temp4545612002401907958file_1706435942000.jpg""}, {""small"": ""https://qimgs.qunarzz.com/mp_piao_0001/temp6957992642313294170file_1706435942000.jpg_120x120_8794e698.jpg"", ""title"": """", ""big"": ""https://qimgs.qunarzz.com/mp_piao_0001/temp6957992642313294170file_1706435942000.jpg""}], ""userNickName"": ""\u9e23*\u4ed4"", ""replyCityName"": """", ""cityName"": ""\u5e7f\u4e1c""}, {""author"": ""n*3"", ""content"": ""\u7528\u6237\u672a\u70b9\u8bc4\uff0c\u7cfb\u7edf\u9ed8\u8ba4\u597d\u8bc4\u3002"", ""date"": ""2024-11-05"", ""score"": 5, ""commentId"": ""238587228"", ""imgs"": [], ""userNickName"": ""n*3"", ""replyCityName"": """", ""cityName"": """"}, {""author"": ""\u53bb*\u6237"", ""content"": ""\u7528\u6237\u672a\u70b9\u8bc4\uff0c\u7cfb\u7edf\u9ed8\u8ba4\u597d\u8bc4\u3002"", ""date"": ""2024-11-04"", ""score"": 5, ""commentId"": ""238454271"", ""imgs"": [], ""userNickName"": ""\u53bb*\u6237"", ""replyCityName"": """", ""cityName"": """"}, {""author"": ""\u53bb*\u6237"", ""content"": ""\u7528\u6237\u672a\u70b9\u8bc4\uff0c\u7cfb\u7edf\u9ed8\u8ba4\u597d\u8bc4\u3002"", ""date"": ""2024-11-03"", ""score"": 5, ""commentId"": ""238279047"", ""imgs"": [], ""userNickName"": ""\u53bb*\u6237"", ""replyCityName"": """", ""cityName"": """"}, {""author"": ""\u53bb*\u6237"", ""content"": ""\u7528\u6237\u672a\u70b9\u8bc4\uff0c\u7cfb\u7edf\u9ed8\u8ba4\u597d\u8bc4\u3002"", ""date"": ""2024-11-02"", ""score"": 5, ""commentId"": ""238126856"", ""imgs"": [], ""userNickName"": ""\u53bb*\u6237"", ""replyCityName"": """", ""cityName"": """"}, {""author"": ""\u53bb*\u6237"", ""content"": ""\u7528\u6237\u672a\u70b9\u8bc4\uff0c\u7cfb\u7edf\u9ed8\u8ba4\u597d\u8bc4\u3002"", ""date"": ""2024-11-02"", ""score"": 5, ""commentId"": ""238126419"", ""imgs"": [], ""userNickName"": ""\u53bb*\u6237"", ""replyCityName"": """", ""cityName"": """"}, {""author"": ""\u53bb*\u6237"", ""content"": ""\u7528\u6237\u672a\u70b9\u8bc4\uff0c\u7cfb\u7edf\u9ed8\u8ba4\u597d\u8bc4\u3002"", ""date"": ""2024-11-02"", ""score"": 5, ""commentId"": ""238111941"", ""imgs"": [], ""userNickName"": ""\u53bb*\u6237"", ""replyCityName"": """", ""cityName"": """"}], ""score"": 4.9, ""commentCount"": 1228}, ""statusCode"": 200}"
河源恐龙文博园,https://qimgs.qunarzz.com/piao_qsight_provider_piao_qsight_web/0104p1200095iguqv36E2_C_900_504.jpg_280x200_f40fe06a.jpg,河源市,源城区,广东省河源市源城区南堤路35号,1465,5.0,国家4A级旅游景区,https://piao.qunar.com/ticket/detail_2878162769.html?st=a3clM0QlRTYlQkElOTAlRTUlOUYlOEUlRTUlOEMlQkElMjZpZCUzRDUxNDI5MCUyNnR5cGUlM0QwJTI2aWR4JTNEMSUyNnF0JTNEJTI2YXBrJTNEMiUyNnNjJTNEV1dXJTI2dXIlM0QlRTQlQjglQUQlRTUlQjElQjElMjZsciUzRCVFNCVCOCVBRCVFNSVCMSVCMSUyNmZ0JTNEJTdCJTdE#from=mpl_search_suggest,27.0,4A景区,河源恐龙文博园是集 河源市博物馆、河源恐龙博物馆、龟峰塔一体的文化园区。河源市博物馆管辖的河源恐龙博物馆是河源市爱国主义教育基地、广东省科普教育基地、广东省青少年科技教育基地、全国科普教育基地，2013年4月与中科院合作共建了“中国古动物馆恐龙蛋馆”。       该馆位于河源市区滨江大道龟峰公园内，与河源市博物馆毗邻，北靠龟峰山，山上有全国重点文物保护单位宋代龟峰塔及明代的龟峰古刹，山下四周建有主体高48米，全长338米，总跨度800米的大型梦幻恐龙雕塑墙，以及高9米的恐龙主体雕塑和10组钢铁恐龙创意雕塑。       该馆于2010年11月26日正式对外开放，建筑面积8300平方米，展览面积3100平方米，以恐龙为主题，主要展出获得世界吉尼斯纪录证书的17000多枚各种恐龙蛋化石、10多具恐龙骨骼化石个体及众多恐龙足迹化石模型，体现了河源市作为“中华恐龙之乡”的丰富恐龙化石资源。,1/1-12/31；周二至周日；09:00-17:30开园；（17:00停止入园）,https://qimgs.qunarzz.com/piao_qsight_provider_piao_qsight_web/0104p1200095iguqv36E2_C_900_504.jpg_710x360_4d49f663.jpg〇https://qimgs.qunarzz.com/piao_qsight_provider_piao_qsight_web/0101c1200095igxn47837_C_900_504_Q90_Mtg_7.jpg_710x360_b66b6a05.jpg〇https://qimgs.qunarzz.com/piao_qsight_provider_piao_qsight_web/0105h1200095igwyt82C4_C_900_504_Q90_Mtg_7.jpg_710x360_a896eb8b.jpg〇https://qimgs.qunarzz.com/piao_qsight_provider_piao_qsight_web/010701200095igw1i44C3_C_900_504_Q90_Mtg_7.jpg_710x360_f96b03b8.jpg〇https://qimgs.qunarzz.com/piao_qsight_provider_piao_qsight_web/0101z1200095igrh27199_C_900_504_Q90_Mtg_7.jpg_710x360_5eb16edf.jpg〇https://qimgs.qunarzz.com/piao_qsight_provider_piao_qsight_web/0104s1200095igxmc7FA5_C_900_504_Q90_Mtg_7.jpg_710x360_5f65cc6e.jpg〇https://qimgs.qunarzz.com/piao_qsight_provider_piao_qsight_web/010071200095igwz3A97A_C_900_504_Q90_Mtg_7.jpg_710x360_0b5e063e.jpg〇https://qimgs.qunarzz.com/piao_qsight_provider_piao_qsight_web/0104p1200095iguqv36E2_C_900_504_Q90_Mtg_7.jpg_710x360_259bae83.jpg〇https://imgs.qunarzz.com/sight/p0/2203/31/316805a2b3a74e45a3.water.jpg_710x360_94b10ec2.jpg〇https://imgs.qunarzz.com/sight/p0/2203/81/8196dc83c6ec523a3.water.jpg_710x360_3de8bc7e.jpg〇https://imgs.qunarzz.com/sight/p0/2203/22/221ee44ebe03451aa3.water.jpg_710x360_da6ec5fb.jpg〇https://imgs.qunarzz.com/sight/p0/2203/1b/1bd8a06d339efce1a3.water.jpg_710x360_2d8ec105.jpg〇https://imgs.qunarzz.com/sight/p0/2203/21/215f798493c337bfa3.water.jpg_710x360_8ff9c684.jpg〇https://imgs.qunarzz.com/sight/p0/2203/b6/b63c19cb4a664a84a3.water.jpg_710x360_791adabe.jpg〇https://imgs.qunarzz.com/sight/p0/2203/89/89456b603aa0306fa3.water.jpg_710x360_09fae98c.jpg,"{""ret"": true, ""data"": {""tagList"": [{""tagType"": 32, ""tagScore"": 5, ""tagNum"": 1, ""tagName"": ""\u670d\u52a1\u597d""}, {""tagType"": 16, ""tagScore"": 5, ""tagNum"": 1, ""tagName"": ""\u9760\u8c31""}, {""tagType"": 8, ""tagScore"": 5, ""tagNum"": 1, ""tagName"": ""\u4fbf\u5b9c""}, {""tagType"": 4, ""tagScore"": 5, ""tagNum"": 1, ""tagName"": ""\u53d6\u7968\u65b9\u4fbf""}, {""tagType"": 1, ""tagScore"": 5, ""tagNum"": 1465, ""tagName"": ""\u597d\u8bc4""}, {""tagType"": 0, ""tagScore"": 5, ""tagNum"": 1465, ""tagName"": ""\u5168\u90e8""}], ""commentList"": [{""author"": ""\u53bb*\u6237"", ""content"": ""\u7528\u6237\u672a\u70b9\u8bc4\uff0c\u7cfb\u7edf\u9ed8\u8ba4\u597d\u8bc4\u3002"", ""date"": ""2024-12-25"", ""score"": 5, ""commentId"": ""239367881"", ""imgs"": [], ""userNickName"": ""\u53bb*\u6237"", ""replyCityName"": """", ""cityName"": """"}, {""author"": ""\u53bb*\u6237"", ""content"": ""\u7528\u6237\u672a\u70b9\u8bc4\uff0c\u7cfb\u7edf\u9ed8\u8ba4\u597d\u8bc4\u3002"", ""date"": ""2024-12-25"", ""score"": 5, ""commentId"": ""239364504"", ""imgs"": [], ""userNickName"": ""\u53bb*\u6237"", ""replyCityName"": """", ""cityName"": """"}, {""author"": ""n*5"", ""content"": ""\u7528\u6237\u672a\u70b9\u8bc4\uff0c\u7cfb\u7edf\u9ed8\u8ba4\u597d\u8bc4\u3002"", ""date"": ""2024-12-24"", ""score"": 5, ""commentId"": ""239357918"", ""imgs"": [], ""userNickName"": ""n*5"", ""replyCityName"": """", ""cityName"": """"}, {""author"": ""c*9"", ""content"": ""\u7528\u6237\u672a\u70b9\u8bc4\uff0c\u7cfb\u7edf\u9ed8\u8ba4\u597d\u8bc4\u3002"", ""date"": ""2024-12-11"", ""score"": 5, ""commentId"": ""239198455"", ""imgs"": [], ""userNickName"": ""c*9"", ""replyCityName"": """", ""cityName"": """"}, {""author"": ""\u98ce*\u53f6"", ""content"": ""\u7528\u6237\u672a\u70b9\u8bc4\uff0c\u7cfb\u7edf\u9ed8\u8ba4\u597d\u8bc4\u3002"", ""date"": ""2024-12-11"", ""score"": 5, ""commentId"": ""239192609"", ""imgs"": [], ""userNickName"": ""\u98ce*\u53f6"", ""replyCityName"": """", ""cityName"": """"}, {""author"": ""\u98ce*\u53f6"", ""content"": ""\u7528\u6237\u672a\u70b9\u8bc4\uff0c\u7cfb\u7edf\u9ed8\u8ba4\u597d\u8bc4\u3002"", ""date"": ""2024-12-11"", ""score"": 5, ""commentId"": ""239191623"", ""imgs"": [], ""userNickName"": ""\u98ce*\u53f6"", ""replyCityName"": """", ""cityName"": """"}, {""author"": ""\u98ce*\u53f6"", ""content"": ""\u7528\u6237\u672a\u70b9\u8bc4\uff0c\u7cfb\u7edf\u9ed8\u8ba4\u597d\u8bc4\u3002"", ""date"": ""2024-12-11"", ""score"": 5, ""commentId"": ""239188805"", ""imgs"": [], ""userNickName"": ""\u98ce*\u53f6"", ""replyCityName"": """", ""cityName"": """"}, {""author"": ""s*1"", ""content"": ""\u7528\u6237\u672a\u70b9\u8bc4\uff0c\u7cfb\u7edf\u9ed8\u8ba4\u597d\u8bc4\u3002"", ""date"": ""2024-12-10"", ""score"": 5, ""commentId"": ""239172483"", ""imgs"": [], ""userNickName"": ""s*1"", ""replyCityName"": """", ""cityName"": """"}, {""author"": ""s*1"", ""content"": ""\u7528\u6237\u672a\u70b9\u8bc4\uff0c\u7cfb\u7edf\u9ed8\u8ba4\u597d\u8bc4\u3002"", ""date"": ""2024-12-10"", ""score"": 5, ""commentId"": ""239164956"", ""imgs"": [], ""userNickName"": ""s*1"", ""replyCityName"": """", ""cityName"": """"}, {""author"": ""s*1"", ""content"": ""\u7528\u6237\u672a\u70b9\u8bc4\uff0c\u7cfb\u7edf\u9ed8\u8ba4\u597d\u8bc4\u3002"", ""date"": ""2024-12-10"", ""score"": 5, ""commentId"": ""239164475"", ""imgs"": [], ""userNickName"": ""s*1"", ""replyCityName"": """", ""cityName"": """"}], ""score"": 5.0, ""commentCount"": 1465}, ""statusCode"": 200}"
野趣沟,https://qimgs.qunarzz.com/piao_qsight_provider_piao_qsight_web/10041f000001gp7oiB6BB_C_900_504.jpg_280x200_f510cd0d.jpg,河源市,源城区,河源市源城区桂山旅游大道10公里处野趣沟森林公园野鸭湖娱乐区内,1273,4.8,观自然美景玩趣味项目,https://piao.qunar.com/ticket/detail_2611401691.html?st=a3clM0QlRTYlQkElOTAlRTUlOUYlOEUlRTUlOEMlQkElMjZpZCUzRDEzMTE4JTI2dHlwZSUzRDAlMjZpZHglM0QxMyUyNnF0JTNEJTI2YXBrJTNEMiUyNnNjJTNEV1dXJTI2dXIlM0QlRTQlQjglQUQlRTUlQjElQjElMjZsciUzRCVFNCVCOCVBRCVFNSVCMSVCMSUyNmZ0JTNEJTdCJTdE#from=mpl_search_suggest,45.0,N/A,野趣沟位于大桂山主峰北部源城辖区内的箩坑，面临万绿湖，处在桂山旅游大道的中段，距市区约10公里景区总面积5平方公里。野趣沟旅游区根据资源情况，并避免与附近景区的近距离重复，选定开发主题为“野趣”。这一主题的表现特征为天然性、趣味性和参与性。具体地说，就是依托良好的生态环境，对奇特的自然景观包括奇石、怪树、清潭等，进行趣味性的资源整合，设置让游客亲身体验的参与性强的野趣项目，使游客在回归自然中松驰紧张的心情，满足其追求快乐的心理。实质上，野趣旅游是生态旅游的深化和具体化，是生态旅游的一个新的特色品种，是质的升华。野趣沟规划为四个*能区，即以停车场、游客中心等设施构成的游客接待区；以人工湖为依托的以玩水为主要内容的野鸭湖娱乐区；以沿途趣味性景观和约300米变化多端的杉木路构成的狐狸坳步行区；以野猪林和赏绿观瀑为主的响水坪休闲区。,1/1-12/31；周一至周日；08:30-17:30开园；（17:00停止入园）,https://qimgs.qunarzz.com/piao_qsight_provider_piao_qsight_web/10041f000001gp7oiB6BB_C_900_504.jpg_710x360_6a82db67.jpg〇https://qimgs.qunarzz.com/piao_qsight_provider_piao_qsight_web/350712000000sbqt0AA30_C_900_504_Q90_Mtg_7.jpg_710x360_c4010f46.jpg〇https://qimgs.qunarzz.com/piao_qsight_provider_piao_qsight_web/0101k120009jgcxpl2E6D_C_900_504_Q90_Mtg_7.jpg_710x360_49a6af52.jpg〇https://qimgs.qunarzz.com/piao_qsight_provider_piao_qsight_web/0104u120009jgcxep6710_C_900_504_Q90_Mtg_7.jpg_710x360_215a264e.jpg〇https://qimgs.qunarzz.com/piao_qsight_provider_piao_qsight_web/0104z120009jgd0qeA6DB_C_900_504_Q90_Mtg_7.jpg_710x360_48bb2eef.jpg〇https://qimgs.qunarzz.com/piao_qsight_provider_piao_qsight_web/350h12000000rwmsqB007_C_900_504_Q90_Mtg_7.jpg_710x360_32df14eb.jpg〇https://qimgs.qunarzz.com/piao_qsight_provider_piao_qsight_web/0102u120009jgcuog4CBD_C_900_504_Q90_Mtg_7.jpg_710x360_f606bd63.jpg〇https://qimgs.qunarzz.com/piao_qsight_provider_piao_qsight_web/0102g120009jgd04z3C2B_C_900_504_Q90_Mtg_7.jpg_710x360_2cf8c4d1.jpg〇https://qimgs.qunarzz.com/piao_qsight_provider_piao_qsight_web/01026120009jgd2b2BD2F_C_900_504_Q90_Mtg_7.jpg_710x360_0efaf3f8.jpg〇https://qimgs.qunarzz.com/piao_qsight_provider_piao_qsight_web/350112000000s7zhc6A34_C_900_504_Q90_Mtg_7.jpg_710x360_e45ef94f.jpg〇https://qimgs.qunarzz.com/piao_qsight_provider_piao_qsight_web/10041f000001gp7oiB6BB_C_900_504_Q90_Mtg_7.jpg_710x360_81039a3d.jpg〇https://qimgs.qunarzz.com/piao_qsight_provider_piao_qsight_web/e9cdb67fe7afaa02.jpg_710x360_20e18945.jpg〇https://qimgs.qunarzz.com/piao_qsight_provider_piao_qsight_web/286f04c237daa602.jpg_710x360_1c22d50a.jpg〇https://qimgs.qunarzz.com/piao_qsight_provider_piao_qsight_web/d4e70d23bca9c02.jpg_710x360_31f12c3c.jpg〇https://qimgs.qunarzz.com/piao_qsight_provider_piao_qsight_web/b0b824c961676002.jpg_710x360_b55ffdab.jpg〇https://qimgs.qunarzz.com/piao_qsight_provider_piao_qsight_web/dfc0dcd9d5432c02.jpg_710x360_e3cb8250.jpg〇https://qimgs.qunarzz.com/piao_qsight_provider_piao_qsight_web/b7a868662bfebdc72b844fb70aaa80bd.jpg_710x360_e3833007.jpg〇https://qimgs.qunarzz.com/piao_qsight_provider_piao_qsight_web/211c10f5f080e3c93d02dc9f248cc2a2.jpg_710x360_01960598.jpg〇https://qimgs.qunarzz.com/piao_qsight_provider_piao_qsight_web/201ed407fc766da25e86d3c207cda666.jpg_710x360_ced65016.jpg〇https://qimgs.qunarzz.com/piao_qsight_provider_piao_qsight_web/a06aad67b9927328f1a6697e81cff3f2.jpg_710x360_cd9c62ad.jpg〇https://qimgs.qunarzz.com/piao_qsight_provider_piao_qsight_web/e8dd3512cf6a54701b9e4ed33b5d4088.jpg_710x360_8dd27e51.jpg〇https://qimgs.qunarzz.com/piao_qsight_provider_piao_qsight_web/1558206769981100t14000000w7h7gA83A_D_640_10000.jpg_710x360_81cf9d9e.jpg〇https://qimgs.qunarzz.com/piao_qsight_provider_piao_qsight_web/1558206769735100114000000wkcr41CF3_D_640_10000.jpg_710x360_129336e0.jpg〇https://qimgs.qunarzz.com/piao_qsight_provider_piao_qsight_web/1558206769596100o14000000w69rs706D_D_640_10000.jpg_710x360_7178d5ba.jpg〇https://qimgs.qunarzz.com/piao_qsight_provider_piao_qsight_web/1558206769303100s14000000web2t274B_D_640_10000.jpg_710x360_725978bc.jpg〇https://qimgs.qunarzz.com/piao_qsight_provider_piao_qsight_web/1554405553860100u13000000tjjgmFB01_D_640_10000.jpg_710x360_8df49627.jpg〇https://qimgs.qunarzz.com/piao_qsight_provider_piao_qsight_web/1554405553464100w13000000tplof1A29_D_640_10000.jpg_710x360_91cfb4ae.jpg〇https://qimgs.qunarzz.com/piao_qsight_provider_piao_qsight_web/1554405553161100q13000000tkuus567C_D_640_10000.jpg_710x360_58a2aa30.jpg〇https://qimgs.qunarzz.com/piao_qsight_provider_piao_qsight_web/1554405552741100113000000twhqs4187_D_640_10000.jpg_710x360_d7c58541.jpg〇https://qimgs.qunarzz.com/piao_qsight_provider_piao_qsight_web/985c52f3db6e4502.jpg_710x360_09c87470.jpg〇https://qimgs.qunarzz.com/piao_qsight_provider_piao_qsight_web/74d75b45efd7d102.jpg_710x360_0868ed67.jpg,"{""ret"": true, ""data"": {""tagList"": [{""tagType"": 32, ""tagScore"": 5, ""tagNum"": 12, ""tagName"": ""\u670d\u52a1\u597d""}, {""tagType"": 16, ""tagScore"": 5, ""tagNum"": 20, ""tagName"": ""\u9760\u8c31""}, {""tagType"": 8, ""tagScore"": 5, ""tagNum"": 18, ""tagName"": ""\u4fbf\u5b9c""}, {""tagType"": 4, ""tagScore"": 5, ""tagNum"": 26, ""tagName"": ""\u53d6\u7968\u65b9\u4fbf""}, {""tagType"": 3, ""tagScore"": 5, ""tagNum"": 3, ""tagName"": ""\u5dee\u8bc4""}, {""tagType"": 2, ""tagScore"": 5, ""tagNum"": 13, ""tagName"": ""\u4e2d\u8bc4""}, {""tagType"": 1, ""tagScore"": 5, ""tagNum"": 1232, ""tagName"": ""\u597d\u8bc4""}, {""tagType"": 0, ""tagScore"": 5, ""tagNum"": 1273, ""tagName"": ""\u5168\u90e8""}], ""commentList"": [{""author"": ""\u51ac*\u5b50"", ""content"": ""3\u6708\u4efd\u53bb\uff0c\u5929\u6c14\u4e0d\u70ed\uff0c\u6c34\u4e0a\u4e50\u56ed\u6ca1\u6709\u5f00\uff0c\u4e0d\u8fc7\u6ce1\u6ce1\u6e29\u6cc9\u8fd8\u662f\u4e0d\u9519\u7684\uff0c\u4eba\u4e0d\u591a\uff0c\u4e0d\u62e5\u6324\uff0c\u8fd8\u633a\u81ea\u5728\u7684\uff0c\u8fd9\u4e2a\u9152\u5e97\u5230\u6e29\u6cc9\u548c\u81ea\u52a9\u65e9\u9910\u5730\u65b9\u8fd8\u9700\u8981\u8d70100\u7c73\uff0c\u4e0d\u662f\u540c\u4e00\u680b\u697c\u3002"", ""date"": ""2023-03-19"", ""score"": 5, ""commentId"": ""224809079"", ""imgs"": [{""small"": ""https://mp-piao-admincp.qunarzz.com/mp_piao_admin_mp_piao_admin/fusion/20233/f636ba0c68179df5fdf696be97b79b84.jpg_120x120_67bf7dc7.jpg"", ""title"": """", ""big"": ""https://mp-piao-admincp.qunarzz.com/mp_piao_admin_mp_piao_admin/fusion/20233/f636ba0c68179df5fdf696be97b79b84.jpg""}, {""small"": ""https://mp-piao-admincp.qunarzz.com/mp_piao_admin_mp_piao_admin/fusion/20233/a98b4167c974c52cbdb6390a6f87c2cc.jpg_120x120_a32731d7.jpg"", ""title"": """", ""big"": ""https://mp-piao-admincp.qunarzz.com/mp_piao_admin_mp_piao_admin/fusion/20233/a98b4167c974c52cbdb6390a6f87c2cc.jpg""}, {""small"": ""https://mp-piao-admincp.qunarzz.com/mp_piao_admin_mp_piao_admin/fusion/20233/bf13d6b51ba1cbeb8b99525fbb75ebc0.jpg_120x120_509122c2.jpg"", ""title"": """", ""big"": ""https://mp-piao-admincp.qunarzz.com/mp_piao_admin_mp_piao_admin/fusion/20233/bf13d6b51ba1cbeb8b99525fbb75ebc0.jpg""}, {""small"": ""https://mp-piao-admincp.qunarzz.com/mp_piao_admin_mp_piao_admin/fusion/20233/f39aad155256ec418d11ab53a254bff7.jpg_120x120_5286cc34.jpg"", ""title"": """", ""big"": ""https://mp-piao-admincp.qunarzz.com/mp_piao_admin_mp_piao_admin/fusion/20233/f39aad155256ec418d11ab53a254bff7.jpg""}, {""small"": ""https://mp-piao-admincp.qunarzz.com/mp_piao_admin_mp_piao_admin/fusion/20233/129e99649de8e5687bb44c73714da4a8.jpg_120x120_26699617.jpg"", ""title"": """", ""big"": ""https://mp-piao-admincp.qunarzz.com/mp_piao_admin_mp_piao_admin/fusion/20233/129e99649de8e5687bb44c73714da4a8.jpg""}, {""small"": ""https://mp-piao-admincp.qunarzz.com/mp_piao_admin_mp_piao_admin/fusion/20233/04db0cb663e640ed5fd7d071f35888a9.jpg_120x120_d1528b8c.jpg"", ""title"": """", ""big"": ""https://mp-piao-admincp.qunarzz.com/mp_piao_admin_mp_piao_admin/fusion/20233/04db0cb663e640ed5fd7d071f35888a9.jpg""}, {""small"": ""https://mp-piao-admincp.qunarzz.com/mp_piao_admin_mp_piao_admin/fusion/20233/681cafbfc329299e28779ae6dfe3a733.jpg_120x120_1f6e0740.jpg"", ""title"": """", ""big"": ""https://mp-piao-admincp.qunarzz.com/mp_piao_admin_mp_piao_admin/fusion/20233/681cafbfc329299e28779ae6dfe3a733.jpg""}, {""small"": ""https://mp-piao-admincp.qunarzz.com/mp_piao_admin_mp_piao_admin/fusion/20233/eb5ba81349ce4cbd8ed826146cb6ef26.jpg_120x120_ff5aa309.jpg"", ""title"": """", ""big"": ""https://mp-piao-admincp.qunarzz.com/mp_piao_admin_mp_piao_admin/fusion/20233/eb5ba81349ce4cbd8ed826146cb6ef26.jpg""}], ""userNickName"": ""\u51ac*\u5b50"", ""replyCityName"": """", ""cityName"": ""\u5e7f\u4e1c""}, {""author"": ""\u53bb*\u6237"", ""content"": ""\u91ce\u8da3\u6c9f\uff0c\u5bb6\u5ead\u51fa\u884c\u7279\u522b\u5408\u9002\uff0c\u6b65\u884c\u4e0a\u5c71\uff0c\u89c2\u5149\u8f66\u4e0b\u5c71\u7279\u522b\u5408\u9002\u3002\u670d\u52a1\u533a\u5c0f\u5356\u94fa\u8fde\u5f00\u6c34\u90fd\u6ca1\u6709\uff0c\u8bf4\u8981\u8ddf\u5979\u4e70\u65b9\u4fbf\u9762\uff0c\u624d\u6709\u5f00\u6c34\u51b2\uff0c\u8fd9\u6837\u7684\u670d\u52a1\u6001\u5ea6\u662f\u516c\u53f8\u884c\u4e3a\u8fd8\u662f\u4e2a\u4eba\u884c\u4e3a\uff1f"", ""date"": ""2024-08-25"", ""score"": 3, ""commentId"": ""235864549"", ""imgs"": [], ""userNickName"": ""\u53bb*\u6237"", ""replyCityName"": """", ""cityName"": ""\u5e7f\u4e1c""}, {""author"": ""\u53bb*\u6237"", ""content"": ""\u7528\u6237\u672a\u70b9\u8bc4\uff0c\u7cfb\u7edf\u9ed8\u8ba4\u597d\u8bc4\u3002"", ""date"": ""2024-12-18"", ""score"": 5, ""commentId"": ""239274896"", ""imgs"": [], ""userNickName"": ""\u53bb*\u6237"", ""replyCityName"": """", ""cityName"": """"}, {""author"": ""b*3"", ""content"": ""\u7528\u6237\u672a\u70b9\u8bc4\uff0c\u7cfb\u7edf\u9ed8\u8ba4\u597d\u8bc4\u3002"", ""date"": ""2024-12-12"", ""score"": 5, ""commentId"": ""239207813"", ""imgs"": [], ""userNickName"": ""b*3"", ""replyCityName"": """", ""cityName"": """"}, {""author"": ""\u53bb*\u6237"", ""content"": ""\u7528\u6237\u672a\u70b9\u8bc4\uff0c\u7cfb\u7edf\u9ed8\u8ba4\u597d\u8bc4\u3002"", ""date"": ""2024-12-10"", ""score"": 5, ""commentId"": ""239170834"", ""imgs"": [], ""userNickName"": ""\u53bb*\u6237"", ""replyCityName"": """", ""cityName"": """"}, {""author"": ""\u53bb*\u6237"", ""content"": ""\u7528\u6237\u672a\u70b9\u8bc4\uff0c\u7cfb\u7edf\u9ed8\u8ba4\u597d\u8bc4\u3002"", ""date"": ""2024-12-10"", ""score"": 5, ""commentId"": ""239170498"", ""imgs"": [], ""userNickName"": ""\u53bb*\u6237"", ""replyCityName"": """", ""cityName"": """"}, {""author"": ""h*2"", ""content"": ""\u7528\u6237\u672a\u70b9\u8bc4\uff0c\u7cfb\u7edf\u9ed8\u8ba4\u597d\u8bc4\u3002"", ""date"": ""2024-12-10"", ""score"": 5, ""commentId"": ""239161553"", ""imgs"": [], ""userNickName"": ""h*2"", ""replyCityName"": """", ""cityName"": """"}, {""author"": ""c*9"", ""content"": ""\u7528\u6237\u672a\u70b9\u8bc4\uff0c\u7cfb\u7edf\u9ed8\u8ba4\u597d\u8bc4\u3002"", ""date"": ""2024-12-10"", ""score"": 5, ""commentId"": ""239157074"", ""imgs"": [], ""userNickName"": ""c*9"", ""replyCityName"": """", ""cityName"": """"}, {""author"": ""c*9"", ""content"": ""\u7528\u6237\u672a\u70b9\u8bc4\uff0c\u7cfb\u7edf\u9ed8\u8ba4\u597d\u8bc4\u3002"", ""date"": ""2024-12-10"", ""score"": 5, ""commentId"": ""239157072"", ""imgs"": [], ""userNickName"": ""c*9"", ""replyCityName"": """", ""cityName"": """"}, {""author"": ""\u53bb*\u6237"", ""content"": ""\u7528\u6237\u672a\u70b9\u8bc4\uff0c\u7cfb\u7edf\u9ed8\u8ba4\u597d\u8bc4\u3002"", ""date"": ""2024-12-03"", ""score"": 5, ""commentId"": ""239078833"", ""imgs"": [], ""userNickName"": ""\u53bb*\u6237"", ""replyCityName"": """", ""cityName"": """"}], ""score"": 4.8, ""commentCount"": 1273}, ""statusCode"": 200}"
客天下梦幻冰雪乐园,https://qimgs.qunarzz.com/piao_qsight_provider_piao_qsight_web/0102012000clkbnib53F4_C_900_504.jpg_280x200_823f2dac.jpg,河源市,源城区,广东省河源市源城区高埔岗客天下大道1号国际大酒店1楼,102,5.0,让您一次过足玩雪瘾，尽情体验恐龙冰雪乐趣,https://piao.qunar.com/ticket/detail_1238221624.html?st=a3clM0QlRTYlQkElOTAlRTUlOUYlOEUlRTUlOEMlQkElMjZpZCUzRDQ2NzQ0NCUyNnR5cGUlM0QwJTI2aWR4JTNEMTIlMjZxdCUzRCUyNmFwayUzRDIlMjZzYyUzRFdXVyUyNnVyJTNEJUU0JUI4JUFEJUU1JUIxJUIxJTI2bHIlM0QlRTQlQjglQUQlRTUlQjElQjElMjZmdCUzRCU3QiU3RA%3D%3D#from=mpl_search_suggest,119.0,N/A,价值108元河源客天下恐龙冰雪乐园门票1张。用冰雕的恐龙您见过吗？客天下恐龙主题冰雪乐园带您开眼界！园内设有恐龙冰雕文化观赏区、恐龙冰雕艺术雕刻体验区、恐龙雪上游乐活动区以及室内飘雪乐园区，还有惊险刺激的恐龙冰上过山车、恐龙大隧道、冰雪急速滑道、飞天恐龙大滑道等，让您一次过足玩雪瘾，尽情体验恐龙冰雪乐趣！,1/1-12/31；周一至周日；10:00-18:00开园,https://qimgs.qunarzz.com/piao_qsight_provider_piao_qsight_web/0102012000clkbnib53F4_C_900_504.jpg_710x360_ca723da5.jpg〇https://qimgs.qunarzz.com/piao_qsight_provider_piao_qsight_web/0106q12000clkbufnF5A4_C_900_504_Q90_Mtg_7.jpg_710x360_6f532106.jpg〇https://qimgs.qunarzz.com/piao_qsight_provider_piao_qsight_web/0106y12000clkc0ep041B_C_900_504_Q90_Mtg_7.jpg_710x360_031a3844.jpg〇https://qimgs.qunarzz.com/piao_qsight_provider_piao_qsight_web/0102012000clkbnib53F4_C_900_504_Q90_Mtg_7.jpg_710x360_6584c42f.jpg〇https://imgs.qunarzz.com/sight/p0/1802/ac/ac0dbffcd44669f3a3.img.jpg_710x360_32720925.jpg〇https://imgs.qunarzz.com/sight/p0/1802/7d/7db1202d2a98d09ea3.img.jpg_710x360_c6552701.jpg〇https://imgs.qunarzz.com/sight/p0/1802/55/55aecbb3eff15a4ba3.img.jpg_710x360_41c1ad3d.jpg〇https://imgs.qunarzz.com/sight/p0/1802/98/9814fb2526001bb1a3.img.jpg_710x360_2f478f52.jpg〇https://imgs.qunarzz.com/sight/p0/1802/25/25d98b50fc4f85a2a3.img.jpg_710x360_7b787e07.jpg〇https://imgs.qunarzz.com/sight/p0/1802/9f/9f5c283e7d96b8d8a3.img.jpg_710x360_bd9ebc73.jpg〇https://imgs.qunarzz.com/sight/p0/1802/24/24f5999b92b4ebffa3.img.jpg_710x360_75b29275.jpg〇https://imgs.qunarzz.com/sight/p0/1802/90/90896cf2aad20970a3.img.jpg_710x360_c15404e7.jpg〇https://qimgs.qunarzz.com/piao_qsight_provider_piao_qsight_web/0608a5998cbf920c38e317387c7b663f.jpg_710x360_b85dd78c.jpg〇https://qimgs.qunarzz.com/piao_qsight_provider_piao_qsight_web/2dccc7b7213fcf3b33f7a9940558b83f.jpg_710x360_8096d82d.jpg〇https://qimgs.qunarzz.com/piao_qsight_provider_piao_qsight_web/65a1b583d2603ff3a3.img.jpg_710x360_c327817f.jpg,"{""ret"": true, ""data"": {""tagList"": [{""tagType"": 3, ""tagScore"": 5, ""tagNum"": 1, ""tagName"": ""\u5dee\u8bc4""}, {""tagType"": 1, ""tagScore"": 5, ""tagNum"": 101, ""tagName"": ""\u597d\u8bc4""}, {""tagType"": 0, ""tagScore"": 5, ""tagNum"": 102, ""tagName"": ""\u5168\u90e8""}], ""commentList"": [{""author"": ""\u53bb*\u6237"", ""content"": ""\u7528\u6237\u672a\u70b9\u8bc4\uff0c\u7cfb\u7edf\u9ed8\u8ba4\u597d\u8bc4\u3002"", ""date"": ""2024-11-05"", ""score"": 5, ""commentId"": ""238582077"", ""imgs"": [], ""userNickName"": ""\u53bb*\u6237"", ""replyCityName"": """", ""cityName"": """"}, {""author"": ""n*0"", ""content"": ""\u7528\u6237\u672a\u70b9\u8bc4\uff0c\u7cfb\u7edf\u9ed8\u8ba4\u597d\u8bc4\u3002"", ""date"": ""2024-11-03"", ""score"": 5, ""commentId"": ""238275931"", ""imgs"": [], ""userNickName"": ""n*0"", ""replyCityName"": """", ""cityName"": """"}, {""author"": ""\u53bb*\u6237"", ""content"": ""\u7528\u6237\u672a\u70b9\u8bc4\uff0c\u7cfb\u7edf\u9ed8\u8ba4\u597d\u8bc4\u3002"", ""date"": ""2024-10-16"", ""score"": 5, ""commentId"": ""237669062"", ""imgs"": [], ""userNickName"": ""\u53bb*\u6237"", ""replyCityName"": """", ""cityName"": """"}, {""author"": ""\u53bb*\u6237"", ""content"": ""\u7528\u6237\u672a\u70b9\u8bc4\uff0c\u7cfb\u7edf\u9ed8\u8ba4\u597d\u8bc4\u3002"", ""date"": ""2024-08-01"", ""score"": 5, ""commentId"": ""235157172"", ""imgs"": [], ""userNickName"": ""\u53bb*\u6237"", ""replyCityName"": """", ""cityName"": """"}, {""author"": ""\u53bb*\u6237"", ""content"": ""\u7528\u6237\u672a\u70b9\u8bc4\uff0c\u7cfb\u7edf\u9ed8\u8ba4\u597d\u8bc4\u3002"", ""date"": ""2024-03-15"", ""score"": 5, ""commentId"": ""232225796"", ""imgs"": [], ""userNickName"": ""\u53bb*\u6237"", ""replyCityName"": """", ""cityName"": """"}, {""author"": ""p*a"", ""content"": ""\u7528\u6237\u672a\u70b9\u8bc4\uff0c\u7cfb\u7edf\u9ed8\u8ba4\u597d\u8bc4\u3002"", ""date"": ""2024-03-15"", ""score"": 5, ""commentId"": ""232214610"", ""imgs"": [], ""userNickName"": ""p*a"", ""replyCityName"": """", ""cityName"": """"}, {""author"": ""m*1"", ""content"": ""\u7528\u6237\u672a\u70b9\u8bc4\uff0c\u7cfb\u7edf\u9ed8\u8ba4\u597d\u8bc4\u3002"", ""date"": ""2024-03-07"", ""score"": 5, ""commentId"": ""231832115"", ""imgs"": [], ""userNickName"": ""m*1"", ""replyCityName"": """", ""cityName"": """"}, {""author"": ""u*3"", ""content"": ""\u7528\u6237\u672a\u70b9\u8bc4\uff0c\u7cfb\u7edf\u9ed8\u8ba4\u597d\u8bc4\u3002"", ""date"": ""2023-09-05"", ""score"": 5, ""commentId"": ""228155165"", ""imgs"": [], ""userNickName"": ""u*3"", ""replyCityName"": """", ""cityName"": """"}, {""author"": ""l*i"", ""content"": ""\u7528\u6237\u672a\u70b9\u8bc4\uff0c\u7cfb\u7edf\u9ed8\u8ba4\u597d\u8bc4\u3002"", ""date"": ""2023-06-02"", ""score"": 5, ""commentId"": ""226060009"", ""imgs"": [], ""userNickName"": ""l*i"", ""replyCityName"": """", ""cityName"": """"}, {""author"": ""\u53bb*\u6237"", ""content"": ""\u7528\u6237\u672a\u70b9\u8bc4\uff0c\u7cfb\u7edf\u9ed8\u8ba4\u597d\u8bc4\u3002"", ""date"": ""2023-04-26"", ""score"": 5, ""commentId"": ""225232352"", ""imgs"": [], ""userNickName"": ""\u53bb*\u6237"", ""replyCityName"": """", ""cityName"": """"}], ""score"": 5.0, ""commentCount"": 102}, ""statusCode"": 200}"
岳顶天池,https://imgs.qunarzz.com/sight/p36/201211/09/4c531d67f3e5fc7393835fbb.jpg_280x200_668345fe.jpg,河源市,龙川县,广东省河源市龙川县田心镇东江村霍山,-1,-1.0,南岳山原有霍山、天柱山、衡山等名，元代始称为“小南岳”。山的主峰距县城约4公里，海拔408米。岳麓为众山环绕，列峙拱卫；,https://piao.qunar.com/ticket/detail_564198960.html?st=a3clM0QlRTklQkUlOTklRTUlQjclOUQlRTUlOEUlQkYlMjZpZCUzRDE5Nzk4JTI2dHlwZSUzRDAlMjZpZHglM0Q5JTI2cXQlM0QlMjZhcGslM0QyJTI2c2MlM0RXV1clMjZ1ciUzRCVFNCVCOCVBRCVFNSVCMSVCMSUyNmxyJTNEJUU0JUI4JUFEJUU1JUIxJUIxJTI2ZnQlM0QlN0IlN0Q%3D#from=mpl_search_suggest,-1.0,N/A,南岳山原有霍山、天柱山、衡山等名，元代始称为“小南岳”。山的主峰距县城约4公里，海拔408米。岳麓为众山环绕，列峙拱卫；中有弧峰峻起，嵯峨耸秀，俨如飞鸾；因神采特异，佳景天成。自古以来，即为旅游胜地，列为县境名山之首。《汉书、武帝纪》记有武帝于元封五年（前106）冬南巡，至江陵而东，登潜之天柱山，始设潜县的记载。今岳顶古刹西门首，尚嵌有“汉帝敕封”碑刻一方。据传，武帝曾亲植凌霄树，碧桃花，以志此狩；明进士吴兰所作《南岳山碑记》犹见及之。古刹正门首，嵌有*元老、著名书法大师于佑任书题“小南岳”的石刻，为胜迹增色殊多。岳顶面积约1815平方米。古建筑南岳祠，始建于汉代，历代皆有修葺，今尚存砖木结构庙宇式小瓦房16间。有前后殿、三宫殿、观音殿等。庙迎面垒有石坝，长约百米，高约3-4米不等。东西端各建有门楼，东门楼较宽敞，为进庙必经之路。门出口衔接百步阶，踏步120阶，条石铺砌，垂直高度约18米。仰视陡立如梯，拾级而上，如置身于天空，据碑记：此阶为明代万历年间王仲方合家建砌。入东门楼偏右，即是名胜“天池”。池约7米见方，水深约2米，每逢旱涝之年，不溢不涸。传说亘古池中潜卧一龙，兴云作雨，为百姓解除旱魅，后得道升天留下此池，享有奇胜美名。登岳顶者，无不先睹为快。80年代初，对池加以淘涤，周围砌有挡污墙。池水波涟映碧，晶莹如镜，游鱼戏水，秀色可餐，此为“岳顶天池”。昔列县中“八景”之首。风貌不减当年。,暂无,https://imgs.qunarzz.com/sight/p36/201211/09/4c531d67f3e5fc7393835fbb.jpg_710x360_82b107b4.jpg,"{""ret"": true, ""data"": {""tagList"": [{""tagType"": 0, ""tagScore"": 5, ""tagNum"": 0, ""tagName"": ""\u5168\u90e8""}], ""score"": 0.0, ""commentCount"": 0}, ""statusCode"": 200}"
巴伐利亚国潮不夜城,https://mp-piao-admincp.qunarzz.com/mp_piao_admin_mp_piao_admin/admin/20217/30d54820c6727b9958d585769ab3c5c2.png_280x200_7ef61cce.png,河源市,源城区,河源市源城区高埔岗街道万洞村中国河源巴伐利亚庄园内,-1,-1.0,N/A,https://piao.qunar.com/ticket/detail_2400554142.html?st=a3clM0QlRTYlQkElOTAlRTUlOUYlOEUlRTUlOEMlQkElMjZpZCUzRDUzNjY2OSUyNnR5cGUlM0QwJTI2aWR4JTNENDQlMjZxdCUzRCUyNmFwayUzRDIlMjZzYyUzRFdXVyUyNnVyJTNEJUU0JUI4JUFEJUU1JUIxJUIxJTI2bHIlM0QlRTQlQjglQUQlRTUlQjElQjElMjZmdCUzRCU3QiU3RA%3D%3D#from=mpl_search_suggest,-1.0,N/A,N/A,04/30-05/05；周一至周日；17:00-22:00开园；（21:30停止入园）,https://mp-piao-admincp.qunarzz.com/mp_piao_admin_mp_piao_admin/admin/20217/30d54820c6727b9958d585769ab3c5c2.png_710x360_c2302e12.png,"{""ret"": true, ""data"": {""tagList"": [{""tagType"": 0, ""tagScore"": 5, ""tagNum"": 0, ""tagName"": ""\u5168\u90e8""}], ""score"": 0.0, ""commentCount"": 0}, ""statusCode"": 200}"
中国古动物馆恐龙蛋馆,https://imgs.qunarzz.com/sight/p0/1503/b0/b03a24c2f297101.water.jpg_280x200_17dbda59.jpg,河源市,源城区,广东省台山市源城区滨江大道旁龟峰塔下,-1,-1.0,恐龙来袭，见证奇迹的时刻,https://piao.qunar.com/ticket/detail_3635625067.html?st=a3clM0QlRTYlQkElOTAlRTUlOUYlOEUlRTUlOEMlQkElMjZpZCUzRDIxNDQ5MiUyNnR5cGUlM0QwJTI2aWR4JTNENDMlMjZxdCUzRCUyNmFwayUzRDIlMjZzYyUzRFdXVyUyNnVyJTNEJUU0JUI4JUFEJUU1JUIxJUIxJTI2bHIlM0QlRTQlQjglQUQlRTUlQjElQjElMjZmdCUzRCU3QiU3RA%3D%3D#from=mpl_search_suggest,-1.0,N/A,河源恐龙博物馆位于市区滨江大道旁龟峰公园内。坐西朝东，北靠龟峰山， 山上有全国重点文物保护单位——龟峰塔。 该馆外观设计新颖独特，如同苏醒的种子，盘旋于龟峰山麓，与龟峰塔交映 相辉，阴阳协调。馆内分负一层及地上三层，建筑面积8300平方米。负一层为恐龙化石发掘、修复现场场景及临时展厅。一层展览以恐龙文化为主题，分《恐龙产房》、《恐龙足迹》、《恐龙故乡》三个展厅及多媒体3D影视厅，分别展出我市出土的16000多枚各种恐龙蛋化石、11具黄氏河源龙正型标本及霸王龙、巨龙类标本和在我市发现的恐龙足迹化石，大堂13具恐龙模型栩栩如生，还有长20米、高8米的大型蜥脚类恐龙，有会活动叫声仿真的霸王龙，还有迎宾、盖章会下蛋的卡通龙。 二层展览以客家古邑文化为主题，分《东江文明之光》、《岭南文明发祥地》、《古邑历代萃珍》、《古邑客家风华》四个展厅，分别展出我市出土和征集的珍贵文物，重大考古发掘、国家和省级非物质文化遗产及人文历史；三楼设临时展厅，办公室、资料室及会议室。 该馆采用智能系统调节室内空气、温度和湿度。馆内外配有游客休闲区、服务部等人性化配套设施。整个展览采用电、光、声等高科技陈列手段，图文并茂，大型油画与雕塑，充分反映了河源自然和历史文化遗产。,暂无,https://imgs.qunarzz.com/sight/p0/1503/b0/b03a24c2f297101.water.jpg_710x360_8483aecb.jpg〇https://imgs.qunarzz.com/sight/p0/1503/ce/cebc881d35ce0ca1.water.jpg_710x360_94d02613.jpg〇https://imgs.qunarzz.com/sight/p0/1503/8c/8c766dde2ef5124e.water.jpg_710x360_21869769.jpg〇https://imgs.qunarzz.com/sight/p0/1503/93/9303f4503807e7df.water.jpg_710x360_cc0486dd.jpg〇https://imgs.qunarzz.com/sight/p0/1503/69/69e6271f1bfbd88f.water.jpg_710x360_26abaa8e.jpg,"{""ret"": true, ""data"": {""tagList"": [{""tagType"": 0, ""tagScore"": 5, ""tagNum"": 0, ""tagName"": ""\u5168\u90e8""}], ""score"": 0.0, ""commentCount"": 0}, ""statusCode"": 200}"
河源文化广场,https://qimgs.qunarzz.com/piao_qsight_provider_piao_qsight_web/10081c000001d0axl5CFD_C_900_504.jpg_280x200_5b337008.jpg,河源市,源城区,广东省河源市源城区旺业街与沿江东路交汇处东100米,-1,-1.0,N/A,https://piao.qunar.com/ticket/detail_404275938.html?st=a3clM0QlRTYlQkElOTAlRTUlOUYlOEUlRTUlOEMlQkElMjZpZCUzRDUyOTEwOSUyNnR5cGUlM0QwJTI2aWR4JTNENDIlMjZxdCUzRCUyNmFwayUzRDIlMjZzYyUzRFdXVyUyNnVyJTNEJUU0JUI4JUFEJUU1JUIxJUIxJTI2bHIlM0QlRTQlQjglQUQlRTUlQjElQjElMjZmdCUzRCU3QiU3RA%3D%3D#from=mpl_search_suggest,-1.0,N/A,N/A,暂无,https://qimgs.qunarzz.com/piao_qsight_provider_piao_qsight_web/10081c000001d0axl5CFD_C_900_504.jpg_710x360_5b923024.jpg〇https://qimgs.qunarzz.com/piao_qsight_provider_piao_qsight_web/10081c000001d0axl5CFD_C_900_504_Q90_Mtg_7.jpg_710x360_fe24c463.jpg,"{""ret"": true, ""data"": {""tagList"": [{""tagType"": 0, ""tagScore"": 5, ""tagNum"": 0, ""tagName"": ""\u5168\u90e8""}], ""score"": 0.0, ""commentCount"": 0}, ""statusCode"": 200}"
高空速降,https://imgs.qunarzz.com/sight/p0/201303/07/bfba5b1771d77974c8d65eac.jpg_280x200_d199a99f.jpg,河源市,源城区,广东省河源市源城区高空速降,-1,-1.0,有惊无险在万绿湖上飞飘，体现仙乐飘飘,https://piao.qunar.com/ticket/detail_2468357078.html?st=a3clM0QlRTYlQkElOTAlRTUlOUYlOEUlRTUlOEMlQkElMjZpZCUzRDI0OTMxJTI2dHlwZSUzRDAlMjZpZHglM0Q0MSUyNnF0JTNEJTI2YXBrJTNEMiUyNnNjJTNEV1dXJTI2dXIlM0QlRTQlQjglQUQlRTUlQjElQjElMjZsciUzRCVFNCVCOCVBRCVFNSVCMSVCMSUyNmZ0JTNEJTdCJTdE#from=mpl_search_suggest,-1.0,N/A,"百分百的安全，可以让你挑战自己的勇气，让你在瞬息万变中体验成*的喜悦，长达320米索道让你有惊无险在万绿湖上飞飘，体现仙乐飘飘,瞬间你就能飞到助你梦想成真的愿望岛。",暂无,https://imgs.qunarzz.com/sight/p0/201303/07/bfba5b1771d77974c8d65eac.jpg_710x360_c3430199.jpg,"{""ret"": true, ""data"": {""tagList"": [{""tagType"": 0, ""tagScore"": 5, ""tagNum"": 0, ""tagName"": ""\u5168\u90e8""}], ""score"": 0.0, ""commentCount"": 0}, ""statusCode"": 200}"
河源弗莱滑翔伞飞行俱乐部,https://qimgs.qunarzz.com/piao_qsight_provider_piao_qsight_web/350v160000010f3yg8509_C_900_504.jpg_280x200_78a58ffa.jpg,河源市,源城区,河源市东源县金银碗飞行基地,8,5.0,欧洲品牌，专业教练，体验滑翔伞运动文化,https://piao.qunar.com/ticket/detail_2598652001.html?st=a3clM0QlRTYlQkElOTAlRTUlOUYlOEUlRTUlOEMlQkElMjZpZCUzRDQ2ODg2MCUyNnR5cGUlM0QwJTI2aWR4JTNEMTQlMjZxdCUzRCUyNmFwayUzRDIlMjZzYyUzRFdXVyUyNnVyJTNEJUU0JUI4JUFEJUU1JUIxJUIxJTI2bHIlM0QlRTQlQjglQUQlRTUlQjElQjElMjZmdCUzRCU3QiU3RA%3D%3D#from=mpl_search_suggest,799.0,N/A,弗莱滑翔伞飞行俱乐部专业致力滑翔伞运动文化开发与发展，专业从事滑翔伞运动培训，带飞体验，航空运动赛事组织，欧洲品牌，专业教练团队。,1/1-12/31；周一至周日；09:00-17:00开园；（17:00停止入园）,https://qimgs.qunarzz.com/piao_qsight_provider_piao_qsight_web/350v160000010f3yg8509_C_900_504.jpg_710x360_eaac826c.jpg〇https://qimgs.qunarzz.com/piao_qsight_provider_piao_qsight_web/350t16000001043z7FB9D_C_900_504_Q90_Mtg_7.jpg_710x360_aa2cf1be.jpg〇https://qimgs.qunarzz.com/piao_qsight_provider_piao_qsight_web/350p1600000103709CE9D_C_900_504_Q90_Mtg_7.jpg_710x360_cdd8bfad.jpg〇https://qimgs.qunarzz.com/piao_qsight_provider_piao_qsight_web/350v160000010f3yg8509_C_900_504_Q90_Mtg_7.jpg_710x360_e284c6c3.jpg〇https://imgs.qunarzz.com/sight/p0/1806/68/68b8edb12250210aa3.img.jpg_710x360_e651f7c3.jpg〇https://imgs.qunarzz.com/sight/p0/1806/95/95c79c0851a43e86a3.img.jpg_710x360_3d9be00b.jpg〇https://imgs.qunarzz.com/sight/p0/1806/98/98d09426fcfb50e6a3.img.jpg_710x360_a36235ef.jpg〇https://imgs.qunarzz.com/sight/p0/1806/a3/a31500299cbec59fa3.img.jpg_710x360_b3262f36.jpg〇https://imgs.qunarzz.com/sight/p0/1806/8a/8a27b7b8a28a616a3.img.jpg_710x360_2663c21c.jpg,"{""ret"": true, ""data"": {""tagList"": [{""tagType"": 1, ""tagScore"": 5, ""tagNum"": 8, ""tagName"": ""\u597d\u8bc4""}, {""tagType"": 0, ""tagScore"": 5, ""tagNum"": 8, ""tagName"": ""\u5168\u90e8""}], ""commentList"": [{""author"": ""h*2"", ""content"": ""\u7528\u6237\u672a\u70b9\u8bc4\uff0c\u7cfb\u7edf\u9ed8\u8ba4\u597d\u8bc4\u3002"", ""date"": ""2023-11-15"", ""score"": 5, ""commentId"": ""230297022"", ""imgs"": [], ""userNickName"": ""h*2"", ""replyCityName"": """", ""cityName"": """"}, {""author"": ""0*0"", ""content"": ""\u7528\u6237\u672a\u70b9\u8bc4\uff0c\u7cfb\u7edf\u9ed8\u8ba4\u597d\u8bc4\u3002"", ""date"": ""2023-01-31"", ""score"": 5, ""commentId"": ""223975683"", ""imgs"": [], ""userNickName"": ""0*0"", ""replyCityName"": """", ""cityName"": """"}, {""author"": ""q*5"", ""content"": ""\u7528\u6237\u672a\u70b9\u8bc4\uff0c\u7cfb\u7edf\u9ed8\u8ba4\u597d\u8bc4\u3002"", ""date"": ""2023-01-31"", ""score"": 5, ""commentId"": ""223975654"", ""imgs"": [], ""userNickName"": ""q*5"", ""replyCityName"": """", ""cityName"": """"}, {""author"": ""H*a"", ""content"": ""\u7528\u6237\u672a\u70b9\u8bc4\uff0c\u7cfb\u7edf\u9ed8\u8ba4\u597d\u8bc4\u3002"", ""date"": ""2022-05-05"", ""score"": 5, ""commentId"": ""222316994"", ""imgs"": [], ""userNickName"": ""H*a"", ""replyCityName"": """", ""cityName"": """"}, {""author"": ""q*8"", ""content"": ""\u7528\u6237\u672a\u70b9\u8bc4\uff0c\u7cfb\u7edf\u9ed8\u8ba4\u597d\u8bc4\u3002"", ""date"": ""2021-12-03"", ""score"": 5, ""commentId"": ""221580052"", ""imgs"": [], ""userNickName"": ""q*8"", ""replyCityName"": """", ""cityName"": """"}, {""author"": ""u*7"", ""content"": ""\u7528\u6237\u672a\u70b9\u8bc4\uff0c\u7cfb\u7edf\u9ed8\u8ba4\u597d\u8bc4\u3002"", ""date"": ""2021-11-02"", ""score"": 5, ""commentId"": ""221151777"", ""imgs"": [], ""userNickName"": ""u*7"", ""replyCityName"": """", ""cityName"": """"}, {""author"": ""a*8"", ""content"": ""\u7528\u6237\u672a\u70b9\u8bc4\uff0c\u7cfb\u7edf\u9ed8\u8ba4\u597d\u8bc4\u3002"", ""date"": ""2021-10-15"", ""score"": 5, ""commentId"": ""220919716"", ""imgs"": [], ""userNickName"": ""a*8"", ""replyCityName"": """", ""cityName"": """"}, {""author"": ""y*2"", ""content"": ""\u7528\u6237\u672a\u70b9\u8bc4\uff0c\u7cfb\u7edf\u9ed8\u8ba4\u597d\u8bc4\u3002"", ""date"": ""2020-09-13"", ""score"": 5, ""commentId"": ""215791060"", ""imgs"": [], ""userNickName"": ""y*2"", ""replyCityName"": """", ""cityName"": """"}], ""score"": 5.0, ""commentCount"": 8}, ""statusCode"": 200}"
文化广场水上乐园,https://qimgs.qunarzz.com/piao_qsight_provider_piao_qsight_web/0102k12000ckmnpah39A9_C_900_504.jpg_280x200_055a5704.jpg,河源市,源城区,河源市源城区沿江东路河源文化广场,-1,-1.0,N/A,https://piao.qunar.com/ticket/detail_1793089730.html?st=a3clM0QlRTYlQkElOTAlRTUlOUYlOEUlRTUlOEMlQkElMjZpZCUzRDUzMDA5NyUyNnR5cGUlM0QwJTI2aWR4JTNENDAlMjZxdCUzRCUyNmFwayUzRDIlMjZzYyUzRFdXVyUyNnVyJTNEJUU0JUI4JUFEJUU1JUIxJUIxJTI2bHIlM0QlRTQlQjglQUQlRTUlQjElQjElMjZmdCUzRCU3QiU3RA%3D%3D#from=mpl_search_suggest,-1.0,N/A,N/A,暂无,https://qimgs.qunarzz.com/piao_qsight_provider_piao_qsight_web/0102k12000ckmnpah39A9_C_900_504.jpg_710x360_538e8d49.jpg,"{""ret"": true, ""data"": {""tagList"": [{""tagType"": 0, ""tagScore"": 5, ""tagNum"": 0, ""tagName"": ""\u5168\u90e8""}], ""score"": 0.0, ""commentCount"": 0}, ""statusCode"": 200}"
晚芳亭,https://imgs.qunarzz.com/sight/p0/201302/27/6ccc0c5b9fc3b301c8d65eac.jpg_280x200_0d027b83.jpg,河源市,源城区,广东省河源市源城区晚芳亭,-1,-1.0,风光尽收眼底，气势恢宏，令人遐想联翩,https://piao.qunar.com/ticket/detail_1424957430.html?st=a3clM0QlRTYlQkElOTAlRTUlOUYlOEUlRTUlOEMlQkElMjZpZCUzRDIwMzEwJTI2dHlwZSUzRDAlMjZpZHglM0QzOSUyNnF0JTNEJTI2YXBrJTNEMiUyNnNjJTNEV1dXJTI2dXIlM0QlRTQlQjglQUQlRTUlQjElQjElMjZsciUzRCVFNCVCOCVBRCVFNSVCMSVCMSUyNmZ0JTNEJTdCJTdE#from=mpl_search_suggest,-1.0,N/A,"登上晚芳亭,万绿湖风光尽收眼底,蓝绿无垠,水天一色,意境雄伟,气吞山河,其恢宏的气势 令人遐想联翩。如此之仙境，人生聚之一次已足矣！",暂无,https://imgs.qunarzz.com/sight/p0/201302/27/6ccc0c5b9fc3b301c8d65eac.jpg_710x360_ef89f254.jpg〇https://imgs.qunarzz.com/sight/p0/201302/27/890c821e61bf7536c8d65eac.jpg_710x360_cd04fc6b.jpg〇https://imgs.qunarzz.com/sight/p0/201302/27/b90792a41695b36cc8d65eac.jpg_710x360_8b5ff4a8.jpg,"{""ret"": true, ""data"": {""tagList"": [{""tagType"": 0, ""tagScore"": 5, ""tagNum"": 0, ""tagName"": ""\u5168\u90e8""}], ""score"": 0.0, ""commentCount"": 0}, ""statusCode"": 200}"
河源龙源温泉度假城,https://mp-piao-admincp.qunarzz.com/mp_piao_admin_mp_piao_admin/admin/20217/30d54820c6727b9958d585769ab3c5c2.png_280x200_7ef61cce.png,河源市,源城区,广东省河源市源城区高浦岗客天下大道1号,-1,-1.0,N/A,https://piao.qunar.com/ticket/detail_3373547121.html?st=a3clM0QlRTYlQkElOTAlRTUlOUYlOEUlRTUlOEMlQkElMjZpZCUzRDUyNDI4MyUyNnR5cGUlM0QwJTI2aWR4JTNEMzglMjZxdCUzRCUyNmFwayUzRDIlMjZzYyUzRFdXVyUyNnVyJTNEJUU0JUI4JUFEJUU1JUIxJUIxJTI2bHIlM0QlRTQlQjglQUQlRTUlQjElQjElMjZmdCUzRCU3QiU3RA%3D%3D#from=mpl_search_suggest,-1.0,N/A,N/A,暂无,https://mp-piao-admincp.qunarzz.com/mp_piao_admin_mp_piao_admin/admin/20217/30d54820c6727b9958d585769ab3c5c2.png_710x360_c2302e12.png,"{""ret"": true, ""data"": {""tagList"": [{""tagType"": 0, ""tagScore"": 5, ""tagNum"": 0, ""tagName"": ""\u5168\u90e8""}], ""score"": 0.0, ""commentCount"": 0}, ""statusCode"": 200}"
七星阵,https://imgs.qunarzz.com/sight/p0/201302/22/63330d45872c3fcac8d65eac.jpg_280x200_4c3e341e.jpg,河源市,源城区,广东省河源市源城区,-1,-1.0,"七星阵由世颗天星组成,专破幻邪之术,抵御凶神恶煞。在七星的天璇、天枢星的延长线上有一个北斗宫，住着一个魁星，专司下界人文",https://piao.qunar.com/ticket/detail_2990306426.html?st=a3clM0QlRTYlQkElOTAlRTUlOUYlOEUlRTUlOEMlQkElMjZpZCUzRDIxMDMyJTI2dHlwZSUzRDAlMjZpZHglM0QzNyUyNnF0JTNEJTI2YXBrJTNEMiUyNnNjJTNEV1dXJTI2dXIlM0QlRTQlQjglQUQlRTUlQjElQjElMjZsciUzRCVFNCVCOCVBRCVFNSVCMSVCMSUyNmZ0JTNEJTdCJTdE#from=mpl_search_suggest,-1.0,N/A,"七星阵由世颗天星组成,专破幻邪之术,抵御凶神恶煞。在七星的天璇、天枢星的延长线上有一个北斗宫，住着一个魁星，专司下界人文。缘花缘书中所说的百花仙子等一百个才女为北斗魁星钦定。",暂无,https://imgs.qunarzz.com/sight/p0/201302/22/63330d45872c3fcac8d65eac.jpg_710x360_e7f35186.jpg,"{""ret"": true, ""data"": {""tagList"": [{""tagType"": 0, ""tagScore"": 5, ""tagNum"": 0, ""tagName"": ""\u5168\u90e8""}], ""score"": 0.0, ""commentCount"": 0}, ""statusCode"": 200}"
巨人国,https://imgs.qunarzz.com/sight/p92/201211/05/f89e35154371b0dd93835fbb.jpg_280x200_6808d798.jpg,河源市,源城区,广东省河源市东源县新港镇港中路17号,-1,-1.0,"以此预卜财运,祈福吉祥",https://piao.qunar.com/ticket/detail_3060986260.html?st=a3clM0QlRTYlQkElOTAlRTUlOUYlOEUlRTUlOEMlQkElMjZpZCUzRDE5MDY4JTI2dHlwZSUzRDAlMjZpZHglM0QzNiUyNnF0JTNEJTI2YXBrJTNEMiUyNnNjJTNEV1dXJTI2dXIlM0QlRTQlQjglQUQlRTUlQjElQjElMjZsciUzRCVFNCVCOCVBRCVFNSVCMSVCMSUyNmZ0JTNEJTdCJTdE#from=mpl_search_suggest,-1.0,N/A,"觅远古先人的足迹,感受一下刀耕种的处代,旋转的澡盆,滚动的石磨,那堵石壁绵绵的述说, 似乎还能听到古人沉重的叹息---探手触动神秘的奇石,大声唤来吉祥之米,相传古人就以此预卜财运,祈福吉祥",暂无,https://imgs.qunarzz.com/sight/p92/201211/05/f89e35154371b0dd93835fbb.jpg_710x360_a5cb0034.jpg,"{""ret"": true, ""data"": {""tagList"": [{""tagType"": 0, ""tagScore"": 5, ""tagNum"": 0, ""tagName"": ""\u5168\u90e8""}], ""score"": 0.0, ""commentCount"": 0}, ""statusCode"": 200}"
巴伐利亚庄园家源剧场,https://qimgs.qunarzz.com/piao_qsight_provider_piao_qsight_web/0105p120009a4bcaxB5B1_C_900_504.jpg_280x200_3ed911ec.jpg,河源市,源城区,河源市源城区高埔岗龙源大道1号万洞旅游区巴伐利亚庄园内,-1,-1.0,土楼全景剧场秀,https://piao.qunar.com/ticket/detail_274907592.html?st=a3clM0QlRTYlQkElOTAlRTUlOUYlOEUlRTUlOEMlQkElMjZpZCUzRDUyMDI1NiUyNnR5cGUlM0QwJTI2aWR4JTNEMzUlMjZxdCUzRCUyNmFwayUzRDIlMjZzYyUzRFdXVyUyNnVyJTNEJUU0JUI4JUFEJUU1JUIxJUIxJTI2bHIlM0QlRTQlQjglQUQlRTUlQjElQjElMjZmdCUzRCU3QiU3RA%3D%3D#from=mpl_search_suggest,-1.0,N/A,N/A,1/1-12/31；周一；不开放,https://qimgs.qunarzz.com/piao_qsight_provider_piao_qsight_web/0105p120009a4bcaxB5B1_C_900_504.jpg_710x360_916bb0ad.jpg〇https://qimgs.qunarzz.com/piao_qsight_provider_piao_qsight_web/0106h120009a4bhde08A0_C_900_504_Q90_Mtg_7.jpg_710x360_05de3d9b.jpg〇https://qimgs.qunarzz.com/piao_qsight_provider_piao_qsight_web/01058120009a4beyk3B7C_C_900_504_Q90_Mtg_7.jpg_710x360_962fa414.jpg〇https://qimgs.qunarzz.com/piao_qsight_provider_piao_qsight_web/0100p120009a4biluA2C3_C_900_504_Q90_Mtg_7.jpg_710x360_107a5427.jpg〇https://qimgs.qunarzz.com/piao_qsight_provider_piao_qsight_web/0103g120009a4bb08479B_C_900_504_Q90_Mtg_7.jpg_710x360_33cbe0ea.jpg〇https://qimgs.qunarzz.com/piao_qsight_provider_piao_qsight_web/0104z120009a4awubB192_C_900_504_Q90_Mtg_7.jpg_710x360_6b0e5b5e.jpg〇https://qimgs.qunarzz.com/piao_qsight_provider_piao_qsight_web/0102y120009a4bca6320A_C_900_504_Q90_Mtg_7.jpg_710x360_5862c00e.jpg〇https://qimgs.qunarzz.com/piao_qsight_provider_piao_qsight_web/0101v120009a4bcmk5853_C_900_504_Q90_Mtg_7.jpg_710x360_e7183309.jpg〇https://qimgs.qunarzz.com/piao_qsight_provider_piao_qsight_web/0105m120009a4axve9DF6_C_900_504_Q90_Mtg_7.jpg_710x360_82786a2e.jpg〇https://qimgs.qunarzz.com/piao_qsight_provider_piao_qsight_web/01007120009a4bhi87894_C_900_504_Q90_Mtg_7.jpg_710x360_b69347a4.jpg〇https://qimgs.qunarzz.com/piao_qsight_provider_piao_qsight_web/0105p120009a4bcaxB5B1_C_900_504_Q90_Mtg_7.jpg_710x360_4458ff2d.jpg,"{""ret"": true, ""data"": {""tagList"": [{""tagType"": 0, ""tagScore"": 5, ""tagNum"": 0, ""tagName"": ""\u5168\u90e8""}], ""score"": 0.0, ""commentCount"": 0}, ""statusCode"": 200}"
天后宫,https://imgs.qunarzz.com/sight/p0/201301/16/336b805ef8c2680693835fbb.jpg_280x200_cec19ba3.jpg,河源市,源城区,广东省河源市源城区106乡道,-1,-1.0,河源天后宫主祀观音和天后妈祖,https://piao.qunar.com/ticket/detail_1209145295.html?st=a3clM0QlRTYlQkElOTAlRTUlOUYlOEUlRTUlOEMlQkElMjZpZCUzRDMyNzE4JTI2dHlwZSUzRDAlMjZpZHglM0QzNCUyNnF0JTNEJTI2YXBrJTNEMiUyNnNjJTNEV1dXJTI2dXIlM0QlRTQlQjglQUQlRTUlQjElQjElMjZsciUzRCVFNCVCOCVBRCVFNSVCMSVCMSUyNmZ0JTNEJTdCJTdE#from=mpl_search_suggest,-1.0,N/A,河源天后宫的历史与妈祖河源天后宫，已有过千年历史，原建于新丰江水库内，因建坝被水淹没而改建于坝外；后再东移五百米，在现在的地方，即大坝东新丰江南。庙建于八十年代末，但追溯起来已过千年了。在历史上，不少人认为妈祖就是观音的化身。,01/01-12/31；6:00-19:00开园,https://imgs.qunarzz.com/sight/p0/201301/16/336b805ef8c2680693835fbb.jpg_710x360_65c3da7e.jpg,"{""ret"": true, ""data"": {""tagList"": [{""tagType"": 0, ""tagScore"": 5, ""tagNum"": 0, ""tagName"": ""\u5168\u90e8""}], ""score"": 0.0, ""commentCount"": 0}, ""statusCode"": 200}"
龙骨乐园,https://qimgs.qunarzz.com/piao_qsight_provider_piao_qsight_web/1lo0s12000etyeenl8815_C_900_504.jpg_280x200_3c469646.jpg,河源市,源城区,河源市源城区山谷南路东与河陂路交叉口西北200米,1,5.0,N/A,https://piao.qunar.com/ticket/detail_964129310.html?st=a3clM0QlRTYlQkElOTAlRTUlOUYlOEUlRTUlOEMlQkElMjZpZCUzRDUyODI5NCUyNnR5cGUlM0QwJTI2aWR4JTNEMTUlMjZxdCUzRCUyNmFwayUzRDIlMjZzYyUzRFdXVyUyNnVyJTNEJUU0JUI4JUFEJUU1JUIxJUIxJTI2bHIlM0QlRTQlQjglQUQlRTUlQjElQjElMjZmdCUzRCU3QiU3RA%3D%3D#from=mpl_search_suggest,108.0,N/A,N/A,1/1-12/31；周一至周日；08:00-23:30开园,https://qimgs.qunarzz.com/piao_qsight_provider_piao_qsight_web/1lo0s12000etyeenl8815_C_900_504.jpg_710x360_ed1a9fe8.jpg〇https://qimgs.qunarzz.com/piao_qsight_provider_piao_qsight_web/1lo2812000etyelfz460E_C_900_504_Q90_Mtg_7.jpg_710x360_d849c74d.jpg〇https://qimgs.qunarzz.com/piao_qsight_provider_piao_qsight_web/1lo2j12000etyetnwC25C_C_900_504_Q90_Mtg_7.jpg_710x360_32cc5f2c.jpg〇https://qimgs.qunarzz.com/piao_qsight_provider_piao_qsight_web/1lo1r12000etyf19pAF13_C_900_504_Q90_Mtg_7.jpg_710x360_732ca064.jpg〇https://qimgs.qunarzz.com/piao_qsight_provider_piao_qsight_web/1lo2n12000etyf2pg9ECC_C_900_504_Q90_Mtg_7.jpg_710x360_eb397329.jpg〇https://qimgs.qunarzz.com/piao_qsight_provider_piao_qsight_web/1lo0k12000etye9zzB824_C_900_504_Q90_Mtg_7.jpg_710x360_0ca3fccd.jpg〇https://qimgs.qunarzz.com/piao_qsight_provider_piao_qsight_web/1lo1j12000etyeyse2BED_C_900_504_Q90_Mtg_7.jpg_710x360_7b6106a3.jpg〇https://qimgs.qunarzz.com/piao_qsight_provider_piao_qsight_web/1lo4a12000etyetnk63AF_C_900_504_Q90_Mtg_7.jpg_710x360_f5b7b202.jpg〇https://qimgs.qunarzz.com/piao_qsight_provider_piao_qsight_web/1lo0s12000etyeenl8815_C_900_504_Q90_Mtg_7.jpg_710x360_08b2298d.jpg,"{""ret"": true, ""data"": {""tagList"": [{""tagType"": 1, ""tagScore"": 5, ""tagNum"": 1, ""tagName"": ""\u597d\u8bc4""}, {""tagType"": 0, ""tagScore"": 5, ""tagNum"": 1, ""tagName"": ""\u5168\u90e8""}], ""commentList"": [{""author"": ""\u80ed*\u8102"", ""content"": ""\u7528\u6237\u672a\u70b9\u8bc4\uff0c\u7cfb\u7edf\u9ed8\u8ba4\u597d\u8bc4\u3002"", ""date"": ""2024-11-27"", ""score"": 5, ""commentId"": ""238979918"", ""imgs"": [], ""userNickName"": ""\u80ed*\u8102"", ""replyCityName"": """", ""cityName"": """"}], ""score"": 5.0, ""commentCount"": 1}, ""statusCode"": 200}"
鳄湖,https://imgs.qunarzz.com/sight/p0/201303/29/2d20d826b448c9f6c8d65eac.jpg_280x200_b933833a.jpg,河源市,源城区,广东省河源市老市区的上下城之间,-1,-1.0,鳄湖共有12公顷的水面。虽然比不上大家闺秀般的杭州西湖，也算得上小家碧玉了；虽然没有杭州西湖深厚的历史文化沉积，却也处处,https://piao.qunar.com/ticket/detail_2746014236.html?st=a3clM0QlRTYlQkElOTAlRTUlOUYlOEUlRTUlOEMlQkElMjZpZCUzRDE4ODExMCUyNnR5cGUlM0QwJTI2aWR4JTNEMzMlMjZxdCUzRCUyNmFwayUzRDIlMjZzYyUzRFdXVyUyNnVyJTNEJUU0JUI4JUFEJUU1JUIxJUIxJTI2bHIlM0QlRTQlQjglQUQlRTUlQjElQjElMjZmdCUzRCU3QiU3RA%3D%3D#from=mpl_search_suggest,-1.0,N/A,鳄湖共有12公顷的水面。虽然比不上大家闺秀般的杭州西湖，也算得上小家碧玉了；虽然没有杭州西湖深厚的历史文化沉积，却也处处闪耀着客家文化的亮点。鳄湖青曲”是河源老八景之一，几经整治，鳄湖现在更加清波荡漾，湖四周花香树茂，垂柳夹岸，成为商业旺区一道旖旎的风景。,暂无,https://imgs.qunarzz.com/sight/p0/201303/29/2d20d826b448c9f6c8d65eac.jpg_710x360_22d40496.jpg〇https://qimgs.qunarzz.com/piao_qsight_provider_piao_qsight_web/71513e73-7730-476b-b5bd-37ca0d26138f.jpg_710x360_c9300173.jpg〇https://qimgs.qunarzz.com/piao_qsight_provider_piao_qsight_web/daf2bfe78dacc88f20d6929d1f856a2e.jpg_710x360_9d394250.jpg〇https://qimgs.qunarzz.com/piao_qsight_provider_piao_qsight_web/5fb466494e27f4ccd17896bfb45cdfb9.jpg_710x360_ada60bfc.jpg〇https://qimgs.qunarzz.com/piao_qsight_provider_piao_qsight_web/fc7d6a48d6b0b437.jpg_710x360_94d2087e.jpg〇https://qimgs.qunarzz.com/piao_qsight_provider_piao_qsight_web/9926fd5ff8eb30f7.jpg_710x360_3aaa2179.jpg〇https://qimgs.qunarzz.com/piao_qsight_provider_piao_qsight_web/d3e85e5a59e6a9.jpg_710x360_7287541b.jpg,"{""ret"": true, ""data"": {""tagList"": [{""tagType"": 0, ""tagScore"": 5, ""tagNum"": 0, ""tagName"": ""\u5168\u90e8""}], ""score"": 0.0, ""commentCount"": 0}, ""statusCode"": 200}"
园中园,https://qimgs.qunarzz.com/piao_qsight_provider_piao_qsight_web/08af3267ab876c37.jpg_280x200_f4aad38f.jpg,河源市,源城区,广东省河源市源城区园中园,-1,-1.0,河源的一座绿色大观园,https://piao.qunar.com/ticket/detail_2213441216.html?st=a3clM0QlRTYlQkElOTAlRTUlOUYlOEUlRTUlOEMlQkElMjZpZCUzRDc1NjklMjZ0eXBlJTNEMCUyNmlkeCUzRDMyJTI2cXQlM0QlMjZhcGslM0QyJTI2c2MlM0RXV1clMjZ1ciUzRCVFNCVCOCVBRCVFNSVCMSVCMSUyNmxyJTNEJUU0JUI4JUFEJUU1JUIxJUIxJTI2ZnQlM0QlN0IlN0Q%3D#from=mpl_search_suggest,-1.0,N/A,园中园位于距河源市区南约18公里、205国道旁，总面积约1500亩。是一个以大自然为主体、以种养为基础。以果树为依托，集生产经营、科研培训、观光旅游于一体的绿色企业，是河源市“三高”农业的典型示范基地，”、绿色大观园。,01/01-12/31；全天开放,https://qimgs.qunarzz.com/piao_qsight_provider_piao_qsight_web/08af3267ab876c37.jpg_710x360_e1163ba5.jpg,"{""ret"": true, ""data"": {""tagList"": [{""tagType"": 0, ""tagScore"": 5, ""tagNum"": 0, ""tagName"": ""\u5168\u90e8""}], ""score"": 0.0, ""commentCount"": 0}, ""statusCode"": 200}"
福源果场火龙果美食节,https://imgs.qunarzz.com/sight/p0/201310/15/e894650b43fab230c8d65eac.jpg_280x200_99156fa9.jpg,河源市,源城区,广东省河源市源城区埔前镇上村,-1,-1.0,品火龙果，游火龙果园，别样的休闲之旅,https://piao.qunar.com/ticket/detail_4167539879.html?st=a3clM0QlRTYlQkElOTAlRTUlOUYlOEUlRTUlOEMlQkElMjZpZCUzRDE5Mjc2MSUyNnR5cGUlM0QwJTI2aWR4JTNEMzElMjZxdCUzRCUyNmFwayUzRDIlMjZzYyUzRFdXVyUyNnVyJTNEJUU0JUI4JUFEJUU1JUIxJUIxJTI2bHIlM0QlRTQlQjglQUQlRTUlQjElQjElMjZmdCUzRCU3QiU3RA%3D%3D#from=mpl_search_suggest,-1.0,N/A,福源生态果场位于源城区埔前镇上村塘角岭，占地面积1000亩。主要栽培早熟枇杷、红肉蜜柚、柠檬、杨梅、红肉火龙果等优良水果。火龙果，又名青龙果、红龙果、吉祥果，英文Pitaya，拉丁名Hylocereusundatus，仙人掌科三角柱属。巴西、墨西哥等中美洲热带沙漠地区，属典型的热带植物。火龙果营养丰富、*能独特，它含有一般植物少有的植物性白蛋白及花青素，丰富的维生素和水溶性膳纤维。火龙果富含维生素C，可以消除氧自由基，具有美白皮肤的作用；火龙果中芝麻状的种子有促进胃肠消化的*能；火龙果果实和茎的汁对肿瘤的生长、病毒感染及免疫反应抑制等病症表现出了积极作用。,暂无,https://imgs.qunarzz.com/sight/p0/201310/15/e894650b43fab230c8d65eac.jpg_710x360_8047926d.jpg〇https://imgs.qunarzz.com/sight/p0/201310/15/d3db61a78ef2597ac8d65eac.jpg_710x360_3cbfd54f.jpg〇https://imgs.qunarzz.com/sight/p0/201310/15/7f23a77137d8c272c8d65eac.jpg_710x360_e3e0d120.jpg〇https://imgs.qunarzz.com/sight/p0/201310/15/cbae277497767431c8d65eac.jpg_710x360_5de0757b.jpg〇https://imgs.qunarzz.com/sight/p0/201310/15/c5206f0ca7c1b1fdc8d65eac.jpg_710x360_0287cde2.jpg,"{""ret"": true, ""data"": {""tagList"": [{""tagType"": 0, ""tagScore"": 5, ""tagNum"": 0, ""tagName"": ""\u5168\u90e8""}], ""score"": 0.0, ""commentCount"": 0}, ""statusCode"": 200}"
龙川九龙湾漂流,https://imgs.qunarzz.com/sight/p93/201211/01/46d22765dac90ef693835fbb.jpg_280x200_e63a4623.jpg,河源市,龙川县,广东省河源市龙川县,-1,-1.0,九龙湾旅游区，源之枫树坝下河流至黎咀河的矿泉山庄。全程十三公里，是广东著名的漂流胜地。有位澳门游客幽默地说：“在此漂流可,https://piao.qunar.com/ticket/detail_89158383.html?st=a3clM0QlRTklQkUlOTklRTUlQjclOUQlRTUlOEUlQkYlMjZpZCUzRDE0MTI5JTI2dHlwZSUzRDAlMjZpZHglM0Q4JTI2cXQlM0QlMjZhcGslM0QyJTI2c2MlM0RXV1clMjZ1ciUzRCVFNCVCOCVBRCVFNSVCMSVCMSUyNmxyJTNEJUU0JUI4JUFEJUU1JUIxJUIxJTI2ZnQlM0QlN0IlN0Q%3D#from=mpl_search_suggest,-1.0,N/A,九龙湾旅游区，源之枫树坝下河流至黎咀河的矿泉山庄。全程十三公里，是广东著名的漂流胜地。有位澳门游客幽默地说：“在此漂流可漂到珠海、漂到澳门。”九龙湾，九曲成九湾，一湾一龙潭。顺流而下依次为：天龙潭、银龙潭、白龙潭、紫龙潭、黄龙潭、地龙潭、青龙潭、赤龙潭、金龙潭。它集天地之灵气，仰造化之神*，一湾一新景、九曲藏千画。翠竹夹江，奇峰如削，山青水碧，江水如练，水天一色，鱼跃江波，风光如画。九龙湾漂流的终点是黎咀，在黎咀梅子坑的一个石洞里，从地下3000多米深处喷出清清的矿泉水。如玉树琼花，似飞珠溅玉，翻银滚雪，晶莹剔透，清冽可鉴。这就是与世界著名的法国维希矿泉齐名的“龙川霍山牌矿泉水”。其内含20多种有益人体的微量元素。此水饮之甘爽，胃痛即止，浴之清滑，犹似玉液。护肤除疾，健身壮体，人们称之为能治百病的仙水。王蒙来此饮用后，挥笔写下“龙川有矿泉，饮之何陶然，洗去尘与土，还我美少年”的诗句。,暂无,https://imgs.qunarzz.com/sight/p93/201211/01/46d22765dac90ef693835fbb.jpg_710x360_80c39186.jpg,"{""ret"": true, ""data"": {""tagList"": [{""tagType"": 0, ""tagScore"": 5, ""tagNum"": 0, ""tagName"": ""\u5168\u90e8""}], ""score"": 0.0, ""commentCount"": 0}, ""statusCode"": 200}"
河源越王井,https://mp-piao-admincp.qunarzz.com/mp_piao_admin_mp_piao_admin/admin/20217/30d54820c6727b9958d585769ab3c5c2.png_280x200_7ef61cce.png,河源市,龙川县,广东省龙川县佗城镇中山街光孝寺内,-1,-1.0,N/A,https://piao.qunar.com/ticket/detail_4092883088.html?st=a3clM0QlRTklQkUlOTklRTUlQjclOUQlRTUlOEUlQkYlMjZpZCUzRDUyMzg4MSUyNnR5cGUlM0QwJTI2aWR4JTNENyUyNnF0JTNEJTI2YXBrJTNEMiUyNnNjJTNEV1dXJTI2dXIlM0QlRTQlQjglQUQlRTUlQjElQjElMjZsciUzRCVFNCVCOCVBRCVFNSVCMSVCMSUyNmZ0JTNEJTdCJTdE#from=mpl_search_suggest,-1.0,N/A,N/A,暂无,https://mp-piao-admincp.qunarzz.com/mp_piao_admin_mp_piao_admin/admin/20217/30d54820c6727b9958d585769ab3c5c2.png_710x360_c2302e12.png,"{""ret"": true, ""data"": {""tagList"": [{""tagType"": 0, ""tagScore"": 5, ""tagNum"": 0, ""tagName"": ""\u5168\u90e8""}], ""score"": 0.0, ""commentCount"": 0}, ""statusCode"": 200}"
龙川温泉度假村,https://qimgs.qunarzz.com/piao_qsight_provider_piao_qsight_web/100v0y000000m7s5q7521_C_900_504.jpg_280x200_a0c22a9c.jpg,河源市,龙川县,广东省河源市龙川县205国道附近塔西村,1,4.0,面积4000亩,https://piao.qunar.com/ticket/detail_2692133784.html?st=a3clM0QlRTklQkUlOTklRTUlQjclOUQlRTUlOEUlQkYlMjZpZCUzRDQ2MzYxNyUyNnR5cGUlM0QwJTI2aWR4JTNENCUyNnF0JTNEJTI2YXBrJTNEMiUyNnNjJTNEV1dXJTI2dXIlM0QlRTQlQjglQUQlRTUlQjElQjElMjZsciUzRCVFNCVCOCVBRCVFNSVCMSVCMSUyNmZ0JTNEJTdCJTdE#from=mpl_search_suggest,-1.0,N/A,"龙川合溪温泉为龙川八景之一，在佗城镇塔西村，温泉线长约1公里，宽约0.5公里，主要有3处喷水点，A泉眼的泉水40m  3/小时，B、C泉眼的泉水流量为30m  3/小时，是广东的名温泉。早在秦汉就被发现了，到了唐、宋就更盛名了。苏东坡曾为其题词""合溪温水汇成河”。这里的温泉水质独特，常年温度约83摄氏度。经地质部门验证属含硫矿及多种矿物质的天然温矿泉，对人体具有治疗保健作用。",1/1-12/31；周一至周日；14:00-22:00开园,https://qimgs.qunarzz.com/piao_qsight_provider_piao_qsight_web/100v0y000000m7s5q7521_C_900_504.jpg_710x360_6a794282.jpg〇https://imgs.qunarzz.com/sight/p0/1705/94/948748904b1d67dfa3.water.jpg_710x360_4a755140.jpg〇https://imgs.qunarzz.com/sight/p0/1705/e9/e97fec5683ad14aba3.water.jpg_710x360_43c30fee.jpg〇https://imgs.qunarzz.com/sight/p0/1705/80/80f4df4f0df623f3a3.water.jpg_710x360_837fc537.jpg,"{""ret"": true, ""data"": {""tagList"": [{""tagType"": 1, ""tagScore"": 5, ""tagNum"": 1, ""tagName"": ""\u597d\u8bc4""}, {""tagType"": 0, ""tagScore"": 5, ""tagNum"": 1, ""tagName"": ""\u5168\u90e8""}], ""commentList"": [{""author"": ""w*2"", ""content"": ""\u73af\u5883\u4e00\u822c \u8fd8\u6ca1\u6709\u5f00\u53d1\u5b8c\u6bd5\u5427\u2026\u2026"", ""date"": ""2017-11-09"", ""score"": 4, ""commentId"": ""203606110"", ""imgs"": [], ""userNickName"": ""w*2"", ""replyCityName"": """", ""cityName"": """"}], ""score"": 4.0, ""commentCount"": 1}, ""statusCode"": 200}"
嶅山溪谷生态旅游区,https://qimgs.qunarzz.com/piao_qsight_provider_piao_qsight_web/0101a1200094z9mfi8D21_C_900_504.jpg_280x200_54c9588b.jpg,河源市,龙川县,广东省河源市龙川县佗城镇塔西村上西山红星林场,4,5.0,态旅游区,https://piao.qunar.com/ticket/detail_2569743320.html?st=a3clM0QlRTklQkUlOTklRTUlQjclOUQlRTUlOEUlQkYlMjZpZCUzRDUxMjI1OCUyNnR5cGUlM0QwJTI2aWR4JTNEMyUyNnF0JTNEJTI2YXBrJTNEMiUyNnNjJTNEV1dXJTI2dXIlM0QlRTQlQjglQUQlRTUlQjElQjElMjZsciUzRCVFNCVCOCVBRCVFNSVCMSVCMSUyNmZ0JTNEJTdCJTdE#from=mpl_search_suggest,46.0,N/A,嶅山溪谷生态旅游区位于广东省河源市龙川县嶅山南面、龙川县和东源县交界处，海拔1175米，景区面积2.5平方公里，生态覆盖面达98%，属原始森林，是水源涵养区。嶅山龙潭具有深厚的历史文化故事，据记载，循州因嶅山藏有龙分注于川而得名龙川。另又有记载，元朝陈友谅将军曾避难于嶅山山脉中，故有嶅山倒插竹故事，诗人苏东坡曾吟诗“嶅顶峰高积雪多......”，被列为龙川古八景之一。,1/1-12/31；周一至周日；08:30-18:30开园；（17:00停止入园）,https://qimgs.qunarzz.com/piao_qsight_provider_piao_qsight_web/0101a1200094z9mfi8D21_C_900_504.jpg_710x360_a828bc3e.jpg〇https://qimgs.qunarzz.com/piao_qsight_provider_piao_qsight_web/0106i1200094z94nbCC22_C_900_504_Q90_Mtg_7.jpg_710x360_b992bd27.jpg〇https://qimgs.qunarzz.com/piao_qsight_provider_piao_qsight_web/0101q1200094za83jB8ED_C_900_504_Q90_Mtg_7.jpg_710x360_49bc4804.jpg〇https://qimgs.qunarzz.com/piao_qsight_provider_piao_qsight_web/0101a1200094z9mfi8D21_C_900_504_Q90_Mtg_7.jpg_710x360_0e2d48c8.jpg,"{""ret"": true, ""data"": {""tagList"": [{""tagType"": 1, ""tagScore"": 5, ""tagNum"": 4, ""tagName"": ""\u597d\u8bc4""}, {""tagType"": 0, ""tagScore"": 5, ""tagNum"": 4, ""tagName"": ""\u5168\u90e8""}], ""commentList"": [{""author"": ""o*7"", ""content"": ""\u7528\u6237\u672a\u70b9\u8bc4\uff0c\u7cfb\u7edf\u9ed8\u8ba4\u597d\u8bc4\u3002"", ""date"": ""2024-09-24"", ""score"": 5, ""commentId"": ""237155959"", ""imgs"": [], ""userNickName"": ""o*7"", ""replyCityName"": """", ""cityName"": """"}, {""author"": ""\u53bb*\u6237"", ""content"": ""\u7528\u6237\u672a\u70b9\u8bc4\uff0c\u7cfb\u7edf\u9ed8\u8ba4\u597d\u8bc4\u3002"", ""date"": ""2022-10-19"", ""score"": 5, ""commentId"": ""223566288"", ""imgs"": [], ""userNickName"": ""\u53bb*\u6237"", ""replyCityName"": """", ""cityName"": """"}, {""author"": ""z*2"", ""content"": ""\u7528\u6237\u672a\u70b9\u8bc4\uff0c\u7cfb\u7edf\u9ed8\u8ba4\u597d\u8bc4\u3002"", ""date"": ""2022-08-25"", ""score"": 5, ""commentId"": ""222922577"", ""imgs"": [], ""userNickName"": ""z*2"", ""replyCityName"": """", ""cityName"": """"}, {""author"": ""p*e"", ""content"": ""\u7528\u6237\u672a\u70b9\u8bc4\uff0c\u7cfb\u7edf\u9ed8\u8ba4\u597d\u8bc4\u3002"", ""date"": ""2022-04-12"", ""score"": 5, ""commentId"": ""222270171"", ""imgs"": [], ""userNickName"": ""p*e"", ""replyCityName"": """", ""cityName"": """"}], ""score"": 5.0, ""commentCount"": 4}, ""statusCode"": 200}"
知青部落龙飞度假村,https://imgs.qunarzz.com/sight/p0/1501/21/06d158cffa095b5ca6c0e08c3a474240.water.jpg_280x200_ebda2321.jpg,河源市,龙川县,广东省河源市龙川县通衢镇旺茂村,-1,-1.0,多元化AAAA级旅游度假村,https://piao.qunar.com/ticket/detail_2186517274.html?st=a3clM0QlRTklQkUlOTklRTUlQjclOUQlRTUlOEUlQkYlMjZpZCUzRDIwMDQ5NCUyNnR5cGUlM0QwJTI2aWR4JTNENSUyNnF0JTNEJTI2YXBrJTNEMiUyNnNjJTNEV1dXJTI2dXIlM0QlRTQlQjglQUQlRTUlQjElQjElMjZsciUzRCVFNCVCOCVBRCVFNSVCMSVCMSUyNmZ0JTNEJTdCJTdE#from=mpl_search_suggest,-1.0,4A景区,规划总面积为366公顷，总建筑面积达到9000平方米，停车场面积将达到1800平方米，分三年共三期总投资1.5亿元人民币建设，划分为四个*能区：住宿区、餐饮区、知青风情园区和田园区。河源龙川龙飞度假村是一家集餐饮、客房、会议、休闲、娱乐、中医药文化养生于一体的AAAA级旅游度假村，位于美丽的世外桃源龙川县玳瑁山，距离龙川火车站约15分钟车程，远离都市的喧闹，静享片刻安宁，是您休闲度假的明智选择，方寸之间，尽得其所，来吧，朋友。,01/01-12/31；全天开放,https://imgs.qunarzz.com/sight/p0/1501/21/06d158cffa095b5ca6c0e08c3a474240.water.jpg_710x360_ba2eccb2.jpg〇https://imgs.qunarzz.com/sight/p0/1611/dc/dcc74ace0dc540c3a3.water.jpg_710x360_f6521b40.jpg〇https://imgs.qunarzz.com/sight/p0/1611/83/83709d558a280701a3.water.jpg_710x360_d38822ba.jpg〇https://imgs.qunarzz.com/sight/p0/1611/7a/7a460548e02e42f1a3.water.jpg_710x360_c174411f.jpg〇https://imgs.qunarzz.com/sight/p0/1611/37/37caaa8d35c2b90aa3.water.jpg_710x360_97a3eb27.jpg〇https://imgs.qunarzz.com/sight/p0/1611/31/3164c5e2f1f87d93a3.water.jpg_710x360_488e5cab.jpg〇https://qimgs.qunarzz.com/piao_qsight_provider_piao_qsight_web/614671d9aaebc5f7.jpg_710x360_bf33872f.jpg,"{""ret"": true, ""data"": {""tagList"": [{""tagType"": 0, ""tagScore"": 5, ""tagNum"": 0, ""tagName"": ""\u5168\u90e8""}], ""score"": 0.0, ""commentCount"": 0}, ""statusCode"": 200}"
河源佗城,https://qimgs.qunarzz.com/piao_qsight_provider_piao_qsight_web/0104212000f6rcd977E0C_C_900_504.jpg_280x200_bdb88ab1.jpg,河源市,龙川县,广东省河源市龙川县佗城镇百岁街,162,4.5,历史名城，古迹颇多,https://piao.qunar.com/ticket/detail_4086974745.html?st=a3clM0QlRTklQkUlOTklRTUlQjclOUQlRTUlOEUlQkYlMjZpZCUzRDM3Mzg4JTI2dHlwZSUzRDAlMjZpZHglM0QyJTI2cXQlM0QlMjZhcGslM0QyJTI2c2MlM0RXV1clMjZ1ciUzRCVFNCVCOCVBRCVFNSVCMSVCMSUyNmxyJTNEJUU0JUI4JUFEJUU1JUIxJUIxJTI2ZnQlM0QlN0IlN0Q%3D#from=mpl_search_suggest,18.0,4A景区,佗城景区位于广东省东北部的“千年古县”—龙川县佗城镇。佗城，原称龙川城，是在公元前214年，秦始皇平定南越后，设县治所所在地。为纪念首任县令后为“南越王”的赵佗，故称为佗城。佗城是“世界客家古邑、岭南文化名城”，”，至今已有2225年历史，素有“秦朝古镇，汉唐名城”的美称，是广东省首批历史文化名城。佗城虽经历千年沧桑，但至今仍保存有秦朝时期的越王井、赵佗故居；唐代的正相塔；宋代的越王庙、古城墙、循州治所；明代的城隍庙；清代的学宫、考棚等100多处文物古迹。仅有四万人口的佗城镇，就有179个姓，其中二千多人的佗城村就有140个姓，是全国罕见的。佗城又是全国学宫与考棚共存的四个地方（广东龙川、河北定州、安徽绩溪、云南建水）之一。佗城有历史记载的姓氏古祠堂89间，现仍存48间，誉为“中华姓氏古祠堂博物馆”。 佗城景区是“岭南客家之源，赵佗兴王之地，科举文化之窗”。,1/1-12/31；周一至周日；08:30-17:30开园,https://qimgs.qunarzz.com/piao_qsight_provider_piao_qsight_web/0104212000f6rcd977E0C_C_900_504.jpg_710x360_f4a79eec.jpg〇https://qimgs.qunarzz.com/piao_qsight_provider_piao_qsight_web/0104212000f6rcd977E0C_C_900_504_Q90_Mtg_7.jpg_710x360_7d1d3f97.jpg〇https://imgs.qunarzz.com/sight/p0/201301/15/a4643ff50850de0993835fbb.png_710x360_3d97f9a5.png〇https://imgs.qunarzz.com/sight/p0/201301/15/1878cd13899d3e6093835fbb.png_710x360_3e882912.png〇https://imgs.qunarzz.com/sight/p0/201301/15/c09491b5122f363293835fbb.png_710x360_8fae54a5.png〇https://imgs.qunarzz.com/sight/p0/201301/15/405730a255690b5f93835fbb.jpg_710x360_64a56011.jpg〇https://imgs.qunarzz.com/sight/p0/201301/15/35e0340272c8d94e93835fbb.jpg_710x360_ec157666.jpg,"{""ret"": true, ""data"": {""tagList"": [{""tagType"": 32, ""tagScore"": 5, ""tagNum"": 3, ""tagName"": ""\u670d\u52a1\u597d""}, {""tagType"": 16, ""tagScore"": 5, ""tagNum"": 3, ""tagName"": ""\u9760\u8c31""}, {""tagType"": 8, ""tagScore"": 5, ""tagNum"": 5, ""tagName"": ""\u4fbf\u5b9c""}, {""tagType"": 4, ""tagScore"": 5, ""tagNum"": 6, ""tagName"": ""\u53d6\u7968\u65b9\u4fbf""}, {""tagType"": 3, ""tagScore"": 5, ""tagNum"": 2, ""tagName"": ""\u5dee\u8bc4""}, {""tagType"": 2, ""tagScore"": 5, ""tagNum"": 10, ""tagName"": ""\u4e2d\u8bc4""}, {""tagType"": 1, ""tagScore"": 5, ""tagNum"": 143, ""tagName"": ""\u597d\u8bc4""}, {""tagType"": 0, ""tagScore"": 5, ""tagNum"": 162, ""tagName"": ""\u5168\u90e8""}], ""commentList"": [{""author"": ""f*2"", ""content"": ""\u7528\u6237\u672a\u70b9\u8bc4\uff0c\u7cfb\u7edf\u9ed8\u8ba4\u597d\u8bc4\u3002"", ""date"": ""2024-10-23"", ""score"": 5, ""commentId"": ""237796632"", ""imgs"": [], ""userNickName"": ""f*2"", ""replyCityName"": """", ""cityName"": """"}, {""author"": ""q*9"", ""content"": ""\u4e0d\u5efa\u8bae\u53bb\uff0c\u4e0d\u503c\u8fd9\u4e2a\u4ef7\u94b1\u3002"", ""date"": ""2024-10-06"", ""score"": 2, ""commentId"": ""237522120"", ""imgs"": [], ""userNickName"": ""q*9"", ""replyCityName"": """", ""cityName"": ""\u5e7f\u4e1c""}, {""author"": ""l*1"", ""content"": ""\u7528\u6237\u672a\u70b9\u8bc4\uff0c\u7cfb\u7edf\u9ed8\u8ba4\u597d\u8bc4\u3002"", ""date"": ""2024-03-16"", ""score"": 5, ""commentId"": ""232298752"", ""imgs"": [], ""userNickName"": ""l*1"", ""replyCityName"": """", ""cityName"": """"}, {""author"": ""\u5927*\u54e5"", ""content"": ""\u7528\u6237\u672a\u70b9\u8bc4\uff0c\u7cfb\u7edf\u9ed8\u8ba4\u597d\u8bc4\u3002"", ""date"": ""2024-03-15"", ""score"": 5, ""commentId"": ""232162862"", ""imgs"": [], ""userNickName"": ""\u5927*\u54e5"", ""replyCityName"": """", ""cityName"": """"}, {""author"": ""c*0"", ""content"": ""\u7528\u6237\u672a\u70b9\u8bc4\uff0c\u7cfb\u7edf\u9ed8\u8ba4\u597d\u8bc4\u3002"", ""date"": ""2024-03-14"", ""score"": 5, ""commentId"": ""232091611"", ""imgs"": [], ""userNickName"": ""c*0"", ""replyCityName"": """", ""cityName"": """"}, {""author"": ""1*n"", ""content"": ""\u7528\u6237\u672a\u70b9\u8bc4\uff0c\u7cfb\u7edf\u9ed8\u8ba4\u597d\u8bc4\u3002"", ""date"": ""2024-03-07"", ""score"": 5, ""commentId"": ""231827670"", ""imgs"": [], ""userNickName"": ""1*n"", ""replyCityName"": """", ""cityName"": """"}, {""author"": ""1*n"", ""content"": ""\u7528\u6237\u672a\u70b9\u8bc4\uff0c\u7cfb\u7edf\u9ed8\u8ba4\u597d\u8bc4\u3002"", ""date"": ""2024-03-07"", ""score"": 5, ""commentId"": ""231825791"", ""imgs"": [], ""userNickName"": ""1*n"", ""replyCityName"": """", ""cityName"": """"}, {""author"": ""L*0"", ""content"": ""\u7528\u6237\u672a\u70b9\u8bc4\uff0c\u7cfb\u7edf\u9ed8\u8ba4\u597d\u8bc4\u3002"", ""date"": ""2024-03-06"", ""score"": 5, ""commentId"": ""231803159"", ""imgs"": [], ""userNickName"": ""L*0"", ""replyCityName"": """", ""cityName"": """"}, {""author"": ""L*0"", ""content"": ""\u7528\u6237\u672a\u70b9\u8bc4\uff0c\u7cfb\u7edf\u9ed8\u8ba4\u597d\u8bc4\u3002"", ""date"": ""2024-03-06"", ""score"": 5, ""commentId"": ""231800914"", ""imgs"": [], ""userNickName"": ""L*0"", ""replyCityName"": """", ""cityName"": """"}, {""author"": ""\u60f3*L"", ""content"": ""\u7528\u6237\u672a\u70b9\u8bc4\uff0c\u7cfb\u7edf\u9ed8\u8ba4\u597d\u8bc4\u3002"", ""date"": ""2024-02-09"", ""score"": 5, ""commentId"": ""231359299"", ""imgs"": [], ""userNickName"": ""\u60f3*L"", ""replyCityName"": """", ""cityName"": """"}], ""score"": 4.5, ""commentCount"": 162}, ""statusCode"": 200}"
恐龙水世界,https://imgs.qunarzz.com/sight/p0/1803/7c/7c9e846e72853c2fa3.water.jpg_280x200_668471c4.jpg,河源市,源城区,广东省河源市源城区高埔岗龙源大道1号（客天下水晶温泉）,65,5.0,设备的参与性和互动性非常强,https://piao.qunar.com/ticket/detail_2919662552.html?st=a3clM0QlRTYlQkElOTAlRTUlOUYlOEUlRTUlOEMlQkElMjZpZCUzRDQ2NzYyMiUyNnR5cGUlM0QwJTI2aWR4JTNEMTElMjZxdCUzRCUyNmFwayUzRDIlMjZzYyUzRFdXVyUyNnVyJTNEJUU0JUI4JUFEJUU1JUIxJUIxJTI2bHIlM0QlRTQlQjglQUQlRTUlQjElQjElMjZmdCUzRCU3QiU3RA%3D%3D#from=mpl_search_suggest,68.0,N/A,恐龙欢乐水世界位于广东省河源市，于2016年8月9日正式开业。由海山游乐提供设计及设备制造安装服务，占地面积约3万平方米，可同时接待8000人游玩，分为亲子合家欢、阳光海岸、尖叫地带三大特色园区。其中，尖叫地带由超级大喇叭、彩虹滑梯、竞技滑梯、冲天回旋等大型水上游乐设备组成，设备的参与性和互动性非常强，具有很强的接待能力，让游客可以多次参与，获取刺激和畅快的独特体验。,暂无,https://imgs.qunarzz.com/sight/p0/1803/7c/7c9e846e72853c2fa3.water.jpg_710x360_c4264e60.jpg〇https://qimgs.qunarzz.com/piao_qsight_provider_piao_qsight_web/6e366ba3df7b7802.jpg_710x360_195e312e.jpg〇https://qimgs.qunarzz.com/piao_qsight_provider_piao_qsight_web/fc76c65e14bcf002.jpg_710x360_fdacd359.jpg,"{""ret"": true, ""data"": {""tagList"": [{""tagType"": 1, ""tagScore"": 5, ""tagNum"": 65, ""tagName"": ""\u597d\u8bc4""}, {""tagType"": 0, ""tagScore"": 5, ""tagNum"": 65, ""tagName"": ""\u5168\u90e8""}], ""commentList"": [{""author"": ""k*2"", ""content"": ""\u7528\u6237\u672a\u70b9\u8bc4\uff0c\u7cfb\u7edf\u9ed8\u8ba4\u597d\u8bc4\u3002"", ""date"": ""2024-09-20"", ""score"": 5, ""commentId"": ""237015503"", ""imgs"": [], ""userNickName"": ""k*2"", ""replyCityName"": """", ""cityName"": """"}, {""author"": ""h*n"", ""content"": ""\u7528\u6237\u672a\u70b9\u8bc4\uff0c\u7cfb\u7edf\u9ed8\u8ba4\u597d\u8bc4\u3002"", ""date"": ""2024-08-20"", ""score"": 5, ""commentId"": ""235682200"", ""imgs"": [], ""userNickName"": ""h*n"", ""replyCityName"": """", ""cityName"": """"}, {""author"": ""n*j"", ""content"": ""\u7528\u6237\u672a\u70b9\u8bc4\uff0c\u7cfb\u7edf\u9ed8\u8ba4\u597d\u8bc4\u3002"", ""date"": ""2024-08-19"", ""score"": 5, ""commentId"": ""235642542"", ""imgs"": [], ""userNickName"": ""n*j"", ""replyCityName"": """", ""cityName"": """"}, {""author"": ""F*y"", ""content"": ""\u7528\u6237\u672a\u70b9\u8bc4\uff0c\u7cfb\u7edf\u9ed8\u8ba4\u597d\u8bc4\u3002"", ""date"": ""2024-08-14"", ""score"": 5, ""commentId"": ""235491158"", ""imgs"": [], ""userNickName"": ""F*y"", ""replyCityName"": """", ""cityName"": """"}, {""author"": ""v*8"", ""content"": ""\u7528\u6237\u672a\u70b9\u8bc4\uff0c\u7cfb\u7edf\u9ed8\u8ba4\u597d\u8bc4\u3002"", ""date"": ""2024-08-12"", ""score"": 5, ""commentId"": ""235434994"", ""imgs"": [], ""userNickName"": ""v*8"", ""replyCityName"": """", ""cityName"": """"}, {""author"": ""g*0"", ""content"": ""\u7528\u6237\u672a\u70b9\u8bc4\uff0c\u7cfb\u7edf\u9ed8\u8ba4\u597d\u8bc4\u3002"", ""date"": ""2024-08-06"", ""score"": 5, ""commentId"": ""235271598"", ""imgs"": [], ""userNickName"": ""g*0"", ""replyCityName"": """", ""cityName"": """"}, {""author"": ""m*5"", ""content"": ""\u7528\u6237\u672a\u70b9\u8bc4\uff0c\u7cfb\u7edf\u9ed8\u8ba4\u597d\u8bc4\u3002"", ""date"": ""2024-05-05"", ""score"": 5, ""commentId"": ""233285819"", ""imgs"": [], ""userNickName"": ""m*5"", ""replyCityName"": """", ""cityName"": """"}, {""author"": ""\u53bb*\u6237"", ""content"": ""\u7528\u6237\u672a\u70b9\u8bc4\uff0c\u7cfb\u7edf\u9ed8\u8ba4\u597d\u8bc4\u3002"", ""date"": ""2024-04-16"", ""score"": 5, ""commentId"": ""232928713"", ""imgs"": [], ""userNickName"": ""\u53bb*\u6237"", ""replyCityName"": """", ""cityName"": """"}, {""author"": ""\u53bb*\u6237"", ""content"": ""\u7528\u6237\u672a\u70b9\u8bc4\uff0c\u7cfb\u7edf\u9ed8\u8ba4\u597d\u8bc4\u3002"", ""date"": ""2024-03-29"", ""score"": 5, ""commentId"": ""232699858"", ""imgs"": [], ""userNickName"": ""\u53bb*\u6237"", ""replyCityName"": """", ""cityName"": """"}, {""author"": ""\u53bb*\u6237"", ""content"": ""\u7528\u6237\u672a\u70b9\u8bc4\uff0c\u7cfb\u7edf\u9ed8\u8ba4\u597d\u8bc4\u3002"", ""date"": ""2024-03-25"", ""score"": 5, ""commentId"": ""232644022"", ""imgs"": [], ""userNickName"": ""\u53bb*\u6237"", ""replyCityName"": """", ""cityName"": """"}], ""score"": 5.0, ""commentCount"": 65}, ""statusCode"": 200}"
客天下恐龙丛林乐园,https://qimgs.qunarzz.com/piao_qsight_provider_piao_qsight_web/01049120009f5wxn26591_C_900_504.jpg_280x200_ad413480.jpg,河源市,源城区,广东省河源市源城区龙源大道1号客天下国际旅游度假区国际大酒店二楼,9,5.0,每个人都有一个侏罗纪的探险梦，心中早已对这个远古世纪心生向往，如今你是否还沉浸在那令人震撼的恐龙帝国里，还在好奇那不朽的,https://piao.qunar.com/ticket/detail_1388569668.html?st=a3clM0QlRTYlQkElOTAlRTUlOUYlOEUlRTUlOEMlQkElMjZpZCUzRDUxNTA2MyUyNnR5cGUlM0QwJTI2aWR4JTNEMTAlMjZxdCUzRCUyNmFwayUzRDIlMjZzYyUzRFdXVyUyNnVyJTNEJUU0JUI4JUFEJUU1JUIxJUIxJTI2bHIlM0QlRTQlQjglQUQlRTUlQjElQjElMjZmdCUzRCU3QiU3RA%3D%3D#from=mpl_search_suggest,68.0,N/A,每个人都有一个侏罗纪的探险梦，心中早已对这个远古世纪心生向往，如今你是否还沉浸在那令人震撼的恐龙帝国里，还在好奇那不朽的巨龙传奇，来河源客天下恐龙丛林乐园，开启一场华丽的冒险旅行。,1/1-12/31；周一至周日；09:00-18:00开园,https://qimgs.qunarzz.com/piao_qsight_provider_piao_qsight_web/01049120009f5wxn26591_C_900_504.jpg_710x360_3edc9a0b.jpg〇https://qimgs.qunarzz.com/piao_qsight_provider_piao_qsight_web/0103n120009f5x0jt9B6B_C_900_504_Q90_Mtg_7.jpg_710x360_a0cba80a.jpg〇https://qimgs.qunarzz.com/piao_qsight_provider_piao_qsight_web/0101t120009f5wprm6786_C_900_504_Q90_Mtg_7.jpg_710x360_d129605e.jpg〇https://qimgs.qunarzz.com/piao_qsight_provider_piao_qsight_web/0102v120009f5wza7FB14_C_900_504_Q90_Mtg_7.jpg_710x360_238f3d68.jpg〇https://qimgs.qunarzz.com/piao_qsight_provider_piao_qsight_web/01002120009f5wrb6B4F8_C_900_504_Q90_Mtg_7.jpg_710x360_b7a81b11.jpg〇https://qimgs.qunarzz.com/piao_qsight_provider_piao_qsight_web/01049120009f5wxn26591_C_900_504_Q90_Mtg_7.jpg_710x360_e4f08e49.jpg,"{""ret"": true, ""data"": {""tagList"": [{""tagType"": 1, ""tagScore"": 5, ""tagNum"": 9, ""tagName"": ""\u597d\u8bc4""}, {""tagType"": 0, ""tagScore"": 5, ""tagNum"": 9, ""tagName"": ""\u5168\u90e8""}], ""commentList"": [{""author"": ""\u53bb*\u6237"", ""content"": ""\u7528\u6237\u672a\u70b9\u8bc4\uff0c\u7cfb\u7edf\u9ed8\u8ba4\u597d\u8bc4\u3002"", ""date"": ""2024-11-04"", ""score"": 5, ""commentId"": ""238310814"", ""imgs"": [], ""userNickName"": ""\u53bb*\u6237"", ""replyCityName"": """", ""cityName"": """"}, {""author"": ""o*5"", ""content"": ""\u7528\u6237\u672a\u70b9\u8bc4\uff0c\u7cfb\u7edf\u9ed8\u8ba4\u597d\u8bc4\u3002"", ""date"": ""2023-11-01"", ""score"": 5, ""commentId"": ""229739336"", ""imgs"": [], ""userNickName"": ""o*5"", ""replyCityName"": """", ""cityName"": """"}, {""author"": ""\u53bb*\u6237"", ""content"": ""\u7528\u6237\u672a\u70b9\u8bc4\uff0c\u7cfb\u7edf\u9ed8\u8ba4\u597d\u8bc4\u3002"", ""date"": ""2023-09-28"", ""score"": 5, ""commentId"": ""229149286"", ""imgs"": [], ""userNickName"": ""\u53bb*\u6237"", ""replyCityName"": """", ""cityName"": """"}, {""author"": ""\u53bb*\u6237"", ""content"": ""\u7528\u6237\u672a\u70b9\u8bc4\uff0c\u7cfb\u7edf\u9ed8\u8ba4\u597d\u8bc4\u3002"", ""date"": ""2023-09-12"", ""score"": 5, ""commentId"": ""228469928"", ""imgs"": [], ""userNickName"": ""\u53bb*\u6237"", ""replyCityName"": """", ""cityName"": """"}, {""author"": ""j*6"", ""content"": ""\u7528\u6237\u672a\u70b9\u8bc4\uff0c\u7cfb\u7edf\u9ed8\u8ba4\u597d\u8bc4\u3002"", ""date"": ""2023-09-12"", ""score"": 5, ""commentId"": ""228469875"", ""imgs"": [], ""userNickName"": ""j*6"", ""replyCityName"": """", ""cityName"": """"}, {""author"": ""\u53bb*\u6237"", ""content"": ""\u7528\u6237\u672a\u70b9\u8bc4\uff0c\u7cfb\u7edf\u9ed8\u8ba4\u597d\u8bc4\u3002"", ""date"": ""2023-08-15"", ""score"": 5, ""commentId"": ""227323433"", ""imgs"": [], ""userNickName"": ""\u53bb*\u6237"", ""replyCityName"": """", ""cityName"": """"}, {""author"": ""A*3"", ""content"": ""\u7528\u6237\u672a\u70b9\u8bc4\uff0c\u7cfb\u7edf\u9ed8\u8ba4\u597d\u8bc4\u3002"", ""date"": ""2023-02-19"", ""score"": 5, ""commentId"": ""224181572"", ""imgs"": [], ""userNickName"": ""A*3"", ""replyCityName"": """", ""cityName"": """"}, {""author"": ""s*p"", ""content"": ""\u7528\u6237\u672a\u70b9\u8bc4\uff0c\u7cfb\u7edf\u9ed8\u8ba4\u597d\u8bc4\u3002"", ""date"": ""2022-11-05"", ""score"": 5, ""commentId"": ""223755635"", ""imgs"": [], ""userNickName"": ""s*p"", ""replyCityName"": """", ""cityName"": """"}, {""author"": ""a*1"", ""content"": ""\u7528\u6237\u672a\u70b9\u8bc4\uff0c\u7cfb\u7edf\u9ed8\u8ba4\u597d\u8bc4\u3002"", ""date"": ""2022-09-18"", ""score"": 5, ""commentId"": ""223371084"", ""imgs"": [], ""userNickName"": ""a*1"", ""replyCityName"": """", ""cityName"": """"}], ""score"": 5.0, ""commentCount"": 9}, ""statusCode"": 200}"
巴伐利亚庄园黑森林乐园,https://qimgs.qunarzz.com/piao_qsight_provider_piao_qsight_web/0105o120009a4adm0E81D_C_900_504.jpg_280x200_09b1ba37.jpg,河源市,源城区,河源市源城区高埔岗万洞旅游区巴伐利亚庄园内,136,5.0,黑森林乐园是您休闲旅游放松的好去处。,https://piao.qunar.com/ticket/detail_2221125668.html?st=a3clM0QlRTYlQkElOTAlRTUlOUYlOEUlRTUlOEMlQkElMjZpZCUzRDUxNTczOCUyNnR5cGUlM0QwJTI2aWR4JTNEOCUyNnF0JTNEJTI2YXBrJTNEMiUyNnNjJTNEV1dXJTI2dXIlM0QlRTQlQjglQUQlRTUlQjElQjElMjZsciUzRCVFNCVCOCVBRCVFNSVCMSVCMSUyNmZ0JTNEJTdCJTdE#from=mpl_search_suggest,66.0,N/A,黑森林乐园是您休闲旅游放松的好去处。,1/1-12/31；周一至周日；09:00-18:00开园,https://qimgs.qunarzz.com/piao_qsight_provider_piao_qsight_web/0105o120009a4adm0E81D_C_900_504.jpg_710x360_3d33a226.jpg〇https://qimgs.qunarzz.com/piao_qsight_provider_piao_qsight_web/0102w120009a4a9dl1BA1_C_900_504_Q90_Mtg_7.jpg_710x360_ccaa3515.jpg〇https://qimgs.qunarzz.com/piao_qsight_provider_piao_qsight_web/0104r120009a4afzu9891_C_900_504_Q90_Mtg_7.jpg_710x360_f1401ce4.jpg〇https://qimgs.qunarzz.com/piao_qsight_provider_piao_qsight_web/0102d120009a4a4v356BA_C_900_504_Q90_Mtg_7.jpg_710x360_9c588590.jpg〇https://qimgs.qunarzz.com/piao_qsight_provider_piao_qsight_web/0102c120009a4a6zc2064_C_900_504_Q90_Mtg_7.jpg_710x360_bb4c0c4d.jpg〇https://qimgs.qunarzz.com/piao_qsight_provider_piao_qsight_web/0102e120009a4a39gA396_C_900_504_Q90_Mtg_7.jpg_710x360_107e2302.jpg〇https://qimgs.qunarzz.com/piao_qsight_provider_piao_qsight_web/0104i120009a4ajv113A9_C_900_504_Q90_Mtg_7.jpg_710x360_c32f5ecc.jpg〇https://qimgs.qunarzz.com/piao_qsight_provider_piao_qsight_web/01015120009a4aod75538_C_900_504_Q90_Mtg_7.jpg_710x360_031da45c.jpg〇https://qimgs.qunarzz.com/piao_qsight_provider_piao_qsight_web/01001120009a4afnb8652_C_900_504_Q90_Mtg_7.jpg_710x360_91eeba2b.jpg〇https://qimgs.qunarzz.com/piao_qsight_provider_piao_qsight_web/0105t120009a4akwz095F_C_900_504_Q90_Mtg_7.jpg_710x360_447c11c2.jpg〇https://qimgs.qunarzz.com/piao_qsight_provider_piao_qsight_web/0105o120009a4adm0E81D_C_900_504_Q90_Mtg_7.jpg_710x360_a4689c2e.jpg〇https://imgs.qunarzz.com/piao_qsight_web_piao_qsight_web/0105o120009a4adm0E81D_R_1600_10000.jpg_710x360_159c692f.jpg,"{""ret"": true, ""data"": {""tagList"": [{""tagType"": 1, ""tagScore"": 5, ""tagNum"": 136, ""tagName"": ""\u597d\u8bc4""}, {""tagType"": 0, ""tagScore"": 5, ""tagNum"": 136, ""tagName"": ""\u5168\u90e8""}], ""commentList"": [{""author"": ""o*7"", ""content"": ""\u7528\u6237\u672a\u70b9\u8bc4\uff0c\u7cfb\u7edf\u9ed8\u8ba4\u597d\u8bc4\u3002"", ""date"": ""2024-11-25"", ""score"": 5, ""commentId"": ""238936477"", ""imgs"": [], ""userNickName"": ""o*7"", ""replyCityName"": """", ""cityName"": """"}, {""author"": ""\u53bb*\u6237"", ""content"": ""\u7528\u6237\u672a\u70b9\u8bc4\uff0c\u7cfb\u7edf\u9ed8\u8ba4\u597d\u8bc4\u3002"", ""date"": ""2024-11-23"", ""score"": 5, ""commentId"": ""238905418"", ""imgs"": [], ""userNickName"": ""\u53bb*\u6237"", ""replyCityName"": """", ""cityName"": """"}, {""author"": ""l*n"", ""content"": ""\u7528\u6237\u672a\u70b9\u8bc4\uff0c\u7cfb\u7edf\u9ed8\u8ba4\u597d\u8bc4\u3002"", ""date"": ""2024-11-18"", ""score"": 5, ""commentId"": ""238818479"", ""imgs"": [], ""userNickName"": ""l*n"", ""replyCityName"": """", ""cityName"": """"}, {""author"": ""x*6"", ""content"": ""\u7528\u6237\u672a\u70b9\u8bc4\uff0c\u7cfb\u7edf\u9ed8\u8ba4\u597d\u8bc4\u3002"", ""date"": ""2024-11-06"", ""score"": 5, ""commentId"": ""238648849"", ""imgs"": [], ""userNickName"": ""x*6"", ""replyCityName"": """", ""cityName"": """"}, {""author"": ""\u53bb*\u6237"", ""content"": ""\u7528\u6237\u672a\u70b9\u8bc4\uff0c\u7cfb\u7edf\u9ed8\u8ba4\u597d\u8bc4\u3002"", ""date"": ""2024-11-05"", ""score"": 5, ""commentId"": ""238580358"", ""imgs"": [], ""userNickName"": ""\u53bb*\u6237"", ""replyCityName"": """", ""cityName"": """"}, {""author"": ""\u5468*\u9645"", ""content"": ""\u7528\u6237\u672a\u70b9\u8bc4\uff0c\u7cfb\u7edf\u9ed8\u8ba4\u597d\u8bc4\u3002"", ""date"": ""2024-11-05"", ""score"": 5, ""commentId"": ""238559843"", ""imgs"": [], ""userNickName"": ""\u5468*\u9645"", ""replyCityName"": """", ""cityName"": """"}, {""author"": ""\u53bb*\u6237"", ""content"": ""\u7528\u6237\u672a\u70b9\u8bc4\uff0c\u7cfb\u7edf\u9ed8\u8ba4\u597d\u8bc4\u3002"", ""date"": ""2024-11-05"", ""score"": 5, ""commentId"": ""238556684"", ""imgs"": [], ""userNickName"": ""\u53bb*\u6237"", ""replyCityName"": """", ""cityName"": """"}, {""author"": ""a*8"", ""content"": ""\u7528\u6237\u672a\u70b9\u8bc4\uff0c\u7cfb\u7edf\u9ed8\u8ba4\u597d\u8bc4\u3002"", ""date"": ""2024-11-05"", ""score"": 5, ""commentId"": ""238518705"", ""imgs"": [], ""userNickName"": ""a*8"", ""replyCityName"": """", ""cityName"": """"}, {""author"": ""R*g"", ""content"": ""\u7528\u6237\u672a\u70b9\u8bc4\uff0c\u7cfb\u7edf\u9ed8\u8ba4\u597d\u8bc4\u3002"", ""date"": ""2024-11-04"", ""score"": 5, ""commentId"": ""238455601"", ""imgs"": [], ""userNickName"": ""R*g"", ""replyCityName"": """", ""cityName"": """"}, {""author"": ""k*7"", ""content"": ""\u7528\u6237\u672a\u70b9\u8bc4\uff0c\u7cfb\u7edf\u9ed8\u8ba4\u597d\u8bc4\u3002"", ""date"": ""2024-11-04"", ""score"": 5, ""commentId"": ""238400499"", ""imgs"": [], ""userNickName"": ""k*7"", ""replyCityName"": """", ""cityName"": """"}], ""score"": 5.0, ""commentCount"": 136}, ""statusCode"": 200}"
花仟谷欢乐田园(巴伐利亚店),https://qimgs.qunarzz.com/piao_qsight_provider_piao_qsight_web/1lo5i12000g94m3p84771_C_900_504.jpg_280x200_b642d360.jpg,河源市,源城区,广东省河源市源城区巴登大道(福源寺斜对面),51,5.0,N/A,https://piao.qunar.com/ticket/detail_167753406.html?st=a3clM0QlRTYlQkElOTAlRTUlOUYlOEUlRTUlOEMlQkElMjZpZCUzRDUyMjE3MyUyNnR5cGUlM0QwJTI2aWR4JTNENyUyNnF0JTNEJTI2YXBrJTNEMiUyNnNjJTNEV1dXJTI2dXIlM0QlRTQlQjglQUQlRTUlQjElQjElMjZsciUzRCVFNCVCOCVBRCVFNSVCMSVCMSUyNmZ0JTNEJTdCJTdE#from=mpl_search_suggest,39.9,N/A,N/A,1/1-12/31；周一至周日；09:00-21:00开园,https://qimgs.qunarzz.com/piao_qsight_provider_piao_qsight_web/1lo5i12000g94m3p84771_C_900_504.jpg_710x360_e1130016.jpg〇https://qimgs.qunarzz.com/piao_qsight_provider_piao_qsight_web/1lo1z12000g94n2js61AB_C_900_504_Q90_Mtg_7.jpg_710x360_2cb2cfee.jpg〇https://qimgs.qunarzz.com/piao_qsight_provider_piao_qsight_web/1lo2h12000g94mjeo8B6E_C_900_504_Q90_Mtg_7.jpg_710x360_ab576e6d.jpg〇https://qimgs.qunarzz.com/piao_qsight_provider_piao_qsight_web/1lo2112000g94lv4m3B33_C_900_504_Q90_Mtg_7.jpg_710x360_b2d06400.jpg〇https://qimgs.qunarzz.com/piao_qsight_provider_piao_qsight_web/1lo0g12000g94kcawA684_C_900_504_Q90_Mtg_7.jpg_710x360_d4f5544c.jpg〇https://qimgs.qunarzz.com/piao_qsight_provider_piao_qsight_web/1lo5i12000g94m3p84771_C_900_504_Q90_Mtg_7.jpg_710x360_7e03f7d2.jpg〇https://qimgs.qunarzz.com/piao_qsight_provider_piao_qsight_web/1lo5t12000bnjyein55F4_C_900_504_Q90_Mtg_7.jpg_710x360_15852be4.jpg〇https://qimgs.qunarzz.com/piao_qsight_provider_piao_qsight_web/1lo4n12000bnjyirk6897_C_900_504_Q90_Mtg_7.jpg_710x360_5f0379cb.jpg〇https://qimgs.qunarzz.com/piao_qsight_provider_piao_qsight_web/1lo7312000bnjyl2m0E21_C_900_504_Q90_Mtg_7.jpg_710x360_fa9964f1.jpg〇https://qimgs.qunarzz.com/piao_qsight_provider_piao_qsight_web/1lo0p12000bnjyeb93B2C_C_900_504_Q90_Mtg_7.jpg_710x360_b1dfffaa.jpg〇https://qimgs.qunarzz.com/piao_qsight_provider_piao_qsight_web/1lo3s12000bnjyhko7F95_C_900_504_Q90_Mtg_7.jpg_710x360_9b51ca9e.jpg,"{""ret"": true, ""data"": {""tagList"": [{""tagType"": 16, ""tagScore"": 5, ""tagNum"": 1, ""tagName"": ""\u9760\u8c31""}, {""tagType"": 4, ""tagScore"": 5, ""tagNum"": 1, ""tagName"": ""\u53d6\u7968\u65b9\u4fbf""}, {""tagType"": 1, ""tagScore"": 5, ""tagNum"": 51, ""tagName"": ""\u597d\u8bc4""}, {""tagType"": 0, ""tagScore"": 5, ""tagNum"": 51, ""tagName"": ""\u5168\u90e8""}], ""commentList"": [{""author"": ""c*\u751c"", ""content"": ""\u7528\u6237\u672a\u70b9\u8bc4\uff0c\u7cfb\u7edf\u9ed8\u8ba4\u597d\u8bc4\u3002"", ""date"": ""2024-11-06"", ""score"": 5, ""commentId"": ""238654005"", ""imgs"": [], ""userNickName"": ""c*\u751c"", ""replyCityName"": """", ""cityName"": """"}, {""author"": ""\u53bb*\u6237"", ""content"": ""\u7528\u6237\u672a\u70b9\u8bc4\uff0c\u7cfb\u7edf\u9ed8\u8ba4\u597d\u8bc4\u3002"", ""date"": ""2024-11-05"", ""score"": 5, ""commentId"": ""238584845"", ""imgs"": [], ""userNickName"": ""\u53bb*\u6237"", ""replyCityName"": """", ""cityName"": """"}, {""author"": ""n*6"", ""content"": ""\u7528\u6237\u672a\u70b9\u8bc4\uff0c\u7cfb\u7edf\u9ed8\u8ba4\u597d\u8bc4\u3002"", ""date"": ""2024-11-04"", ""score"": 5, ""commentId"": ""238447461"", ""imgs"": [], ""userNickName"": ""n*6"", ""replyCityName"": """", ""cityName"": """"}, {""author"": ""w*7"", ""content"": ""\u7528\u6237\u672a\u70b9\u8bc4\uff0c\u7cfb\u7edf\u9ed8\u8ba4\u597d\u8bc4\u3002"", ""date"": ""2024-11-04"", ""score"": 5, ""commentId"": ""238436789"", ""imgs"": [], ""userNickName"": ""w*7"", ""replyCityName"": """", ""cityName"": """"}, {""author"": ""\u53bb*\u6237"", ""content"": ""\u7528\u6237\u672a\u70b9\u8bc4\uff0c\u7cfb\u7edf\u9ed8\u8ba4\u597d\u8bc4\u3002"", ""date"": ""2024-11-04"", ""score"": 5, ""commentId"": ""238427420"", ""imgs"": [], ""userNickName"": ""\u53bb*\u6237"", ""replyCityName"": """", ""cityName"": """"}, {""author"": ""e*4"", ""content"": ""\u7528\u6237\u672a\u70b9\u8bc4\uff0c\u7cfb\u7edf\u9ed8\u8ba4\u597d\u8bc4\u3002"", ""date"": ""2024-11-04"", ""score"": 5, ""commentId"": ""238424974"", ""imgs"": [], ""userNickName"": ""e*4"", ""replyCityName"": """", ""cityName"": """"}, {""author"": ""\u53bb*\u6237"", ""content"": ""\u7528\u6237\u672a\u70b9\u8bc4\uff0c\u7cfb\u7edf\u9ed8\u8ba4\u597d\u8bc4\u3002"", ""date"": ""2024-11-04"", ""score"": 5, ""commentId"": ""238408881"", ""imgs"": [], ""userNickName"": ""\u53bb*\u6237"", ""replyCityName"": """", ""cityName"": """"}, {""author"": ""j*2"", ""content"": ""\u7528\u6237\u672a\u70b9\u8bc4\uff0c\u7cfb\u7edf\u9ed8\u8ba4\u597d\u8bc4\u3002"", ""date"": ""2024-11-04"", ""score"": 5, ""commentId"": ""238405680"", ""imgs"": [], ""userNickName"": ""j*2"", ""replyCityName"": """", ""cityName"": """"}, {""author"": ""p*8"", ""content"": ""\u7528\u6237\u672a\u70b9\u8bc4\uff0c\u7cfb\u7edf\u9ed8\u8ba4\u597d\u8bc4\u3002"", ""date"": ""2024-11-04"", ""score"": 5, ""commentId"": ""238400431"", ""imgs"": [], ""userNickName"": ""p*8"", ""replyCityName"": """", ""cityName"": """"}, {""author"": ""b*1"", ""content"": ""\u7528\u6237\u672a\u70b9\u8bc4\uff0c\u7cfb\u7edf\u9ed8\u8ba4\u597d\u8bc4\u3002"", ""date"": ""2024-11-03"", ""score"": 5, ""commentId"": ""238298651"", ""imgs"": [], ""userNickName"": ""b*1"", ""replyCityName"": """", ""cityName"": """"}], ""score"": 5.0, ""commentCount"": 51}, ""statusCode"": 200}"
水坑生态旅游娱乐区,https://imgs.qunarzz.com/sight/p0/1409/24/35479476e146e7a5b23d23d4a2a72af7.jpg_280x200_c2293dea.jpg,河源市,龙川县,广东省河源龙川县水坑生态旅游娱乐区,-1,-1.0,景色瑰丽，被誉为城市人的“世外桃源”,https://piao.qunar.com/ticket/detail_651674834.html?st=a3clM0QlRTklQkUlOTklRTUlQjclOUQlRTUlOEUlQkYlMjZpZCUzRDEzMzkwJTI2dHlwZSUzRDAlMjZpZHglM0Q2JTI2cXQlM0QlMjZhcGslM0QyJTI2c2MlM0RXV1clMjZ1ciUzRCVFNCVCOCVBRCVFNSVCMSVCMSUyNmxyJTNEJUU0JUI4JUFEJUU1JUIxJUIxJTI2ZnQlM0QlN0IlN0Q%3D#from=mpl_search_suggest,-1.0,N/A,水坑生态旅游娱乐区是以自然生态为依托和独立的创意，开发建设成为颇受人们钟爱的游乐休闲圣地，被誉为城市人的“世外桃源”。进入水坑，就似投入大自然的怀抱，使您变得年轻，忘却了烦恼。景区内青山滴翠，一片绿海，方圆50平方公里内绝无污染，让人陶醉。这里鸟语花香，空气清新，令人留连；清澈甘甜的溪水，惹人顿足，清得可见鱼虾追戏，甘得沁人心脾。景区内有深厚的文化内涵，蕴藏着神奇的故事传说，到处是独立的摩崖石刻。主要有：“栈云观廊”，“卓峰传奇”，“万绿麒麟”，“清溪猎奇”，“碧池赏美”，“登高访古”，“景阳揽胜”，“观音寺庙”等八大景观；还有“娱乐中心”、“三潭印月游泳场”等参与性游乐场所，是人们远离喧嚣闹市，游览观光、游假休闲。,暂无,https://imgs.qunarzz.com/sight/p0/1409/24/35479476e146e7a5b23d23d4a2a72af7.jpg_710x360_d144c320.jpg〇https://imgs.qunarzz.com/sight/p0/1409/24/6c2703a13ef52aa269d4a5ad6cabb56a.jpg_710x360_30a7953c.jpg,"{""ret"": true, ""data"": {""tagList"": [{""tagType"": 0, ""tagScore"": 5, ""tagNum"": 0, ""tagName"": ""\u5168\u90e8""}], ""score"": 0.0, ""commentCount"": 0}, ""statusCode"": 200}"
客天下温泉小镇,https://qimgs.qunarzz.com/piao_qsight_provider_piao_qsight_web/0103v120009277v9t8EB0_C_900_504.jpg_280x200_c4da4ed2.jpg,河源市,源城区,广东省河源市源城区高埔岗客天下大道,1,5.0,N/A,https://piao.qunar.com/ticket/detail_3177303614.html?st=a3clM0QlRTYlQkElOTAlRTUlOUYlOEUlRTUlOEMlQkElMjZpZCUzRDUzMTAyMSUyNnR5cGUlM0QwJTI2aWR4JTNEOSUyNnF0JTNEJTI2YXBrJTNEMiUyNnNjJTNEV1dXJTI2dXIlM0QlRTQlQjglQUQlRTUlQjElQjElMjZsciUzRCVFNCVCOCVBRCVFNSVCMSVCMSUyNmZ0JTNEJTdCJTdE#from=mpl_search_suggest,68.2,N/A,N/A,1/1-12/31；周一至周日；13:00-22:00开园,https://qimgs.qunarzz.com/piao_qsight_provider_piao_qsight_web/0103v120009277v9t8EB0_C_900_504.jpg_710x360_f7a5cbd7.jpg〇https://qimgs.qunarzz.com/piao_qsight_provider_piao_qsight_web/0106012000927824h2A86_C_900_504_Q90_Mtg_7.jpg_710x360_2d6a05ff.jpg〇https://qimgs.qunarzz.com/piao_qsight_provider_piao_qsight_web/0103m1200092786n20485_C_900_504_Q90_Mtg_7.jpg_710x360_1698cd95.jpg〇https://qimgs.qunarzz.com/piao_qsight_provider_piao_qsight_web/01044120009277zha64F5_C_900_504_Q90_Mtg_7.jpg_710x360_8470526f.jpg〇https://qimgs.qunarzz.com/piao_qsight_provider_piao_qsight_web/0103v120009277v9t8EB0_C_900_504_Q90_Mtg_7.jpg_710x360_2e7c8f3d.jpg,"{""ret"": true, ""data"": {""tagList"": [{""tagType"": 1, ""tagScore"": 5, ""tagNum"": 1, ""tagName"": ""\u597d\u8bc4""}, {""tagType"": 0, ""tagScore"": 5, ""tagNum"": 1, ""tagName"": ""\u5168\u90e8""}], ""commentList"": [{""author"": ""\u53bb*\u6237"", ""content"": ""\u7528\u6237\u672a\u70b9\u8bc4\uff0c\u7cfb\u7edf\u9ed8\u8ba4\u597d\u8bc4\u3002"", ""date"": ""2024-11-05"", ""score"": 5, ""commentId"": ""238587118"", ""imgs"": [], ""userNickName"": ""\u53bb*\u6237"", ""replyCityName"": """", ""cityName"": """"}], ""score"": 5.0, ""commentCount"": 1}, ""statusCode"": 200}"
柳溪书院,https://imgs.qunarzz.com/sight/p38/201211/08/4bd254c48bf9e64293835fbb.jpg_280x200_ca734268.jpg,河源市,东源县,广东省河源市东源县南园古村,-1,-1.0,柳树成荫、碧水环绕，故称“柳溪书院”,https://piao.qunar.com/ticket/detail_3065182359.html?st=a3clM0QlRTQlQjglOUMlRTYlQkElOTAlRTUlOEUlQkYlMjZpZCUzRDIzNDI0JTI2dHlwZSUzRDAlMjZpZHglM0QzMyUyNnF0JTNEJTI2YXBrJTNEMiUyNnNjJTNEV1dXJTI2dXIlM0QlRTQlQjglQUQlRTUlQjElQjElMjZsciUzRCVFNCVCOCVBRCVFNSVCMSVCMSUyNmZ0JTNEJTdCJTdE#from=mpl_search_suggest,-1.0,N/A,柳溪书院建于清朝道光元年（1824年），至今180年历史，是仙塘潘氏三股出资同造，三股分别为：十三世潘存谦一股，十八世潘应芳和潘应杨兄弟合一股，十九世潘湘澜一股。书院门外有一溪流，柳树成荫、碧水环绕，故称“柳溪书院”。,暂无,https://imgs.qunarzz.com/sight/p38/201211/08/4bd254c48bf9e64293835fbb.jpg_710x360_31ed8d1b.jpg,"{""ret"": true, ""data"": {""tagList"": [{""tagType"": 0, ""tagScore"": 5, ""tagNum"": 0, ""tagName"": ""\u5168\u90e8""}], ""score"": 0.0, ""commentCount"": 0}, ""statusCode"": 200}"
原生态体验区,https://imgs.qunarzz.com/sight/p46/201211/07/544ba83588477c3c93835fbb.jpg_280x200_48429753.jpg,河源市,东源县,N/A,-1,-1.0,"万绿谷原生态体验区,首期迎溪而上的古石道、原木栈道、奇树怪石、清澈的山溪水、成群结队、种类奇多的山坑鱼，陪您逆流而上。沿",https://piao.qunar.com/ticket/detail_54562819.html?st=a3clM0QlRTQlQjglOUMlRTYlQkElOTAlRTUlOEUlQkYlMjZpZCUzRDIxNDAzJTI2dHlwZSUzRDAlMjZpZHglM0QzMiUyNnF0JTNEJTI2YXBrJTNEMiUyNnNjJTNEV1dXJTI2dXIlM0QlRTQlQjglQUQlRTUlQjElQjElMjZsciUzRCVFNCVCOCVBRCVFNSVCMSVCMSUyNmZ0JTNEJTdCJTdE#from=mpl_search_suggest,-1.0,N/A,"万绿谷原生态体验区,首期迎溪而上的古石道、原木栈道、奇树怪石、清澈的山溪水、成群结队、种类奇多的山坑鱼，陪您逆流而上。沿途设置与众不同的原始体验项目，如：神奇的满归泉、姻缘同心锁、倒树屋、机关阵、体验场、闯九关、空中走廊、土鸡赛跑、套土鸡、抓土鸡蛋、冰泉浴等项目。",暂无,https://imgs.qunarzz.com/sight/p46/201211/07/544ba83588477c3c93835fbb.jpg_710x360_f9858831.jpg,"{""ret"": true, ""data"": {""tagList"": [{""tagType"": 0, ""tagScore"": 5, ""tagNum"": 0, ""tagName"": ""\u5168\u90e8""}], ""score"": 0.0, ""commentCount"": 0}, ""statusCode"": 200}"
杨梅寨,https://imgs.qunarzz.com/sight/p63/201211/06/bf3509158152c2d493835fbb.jpg_280x200_216e5a63.jpg,河源市,东源县,广东省河源市新港镇港中路17号新丰江国家森林公园内,-1,-1.0,去寻找和享受初恋般又甜又酸的感觉,https://piao.qunar.com/ticket/detail_715724530.html?st=a3clM0QlRTQlQjglOUMlRTYlQkElOTAlRTUlOEUlQkYlMjZpZCUzRDE3Njg2JTI2dHlwZSUzRDAlMjZpZHglM0QzMSUyNnF0JTNEJTI2YXBrJTNEMiUyNnNjJTNEV1dXJTI2dXIlM0QlRTQlQjglQUQlRTUlQjElQjElMjZsciUzRCVFNCVCOCVBRCVFNSVCMSVCMSUyNmZ0JTNEJTdCJTdE#from=mpl_search_suggest,-1.0,N/A,俗语说：“望梅止渴”，人们一听到杨梅就会流口水，这有点像爱情，每个人都向往，但是杨梅吃到嘴里又甜又酸，有点像初恋的感觉。情侣们总喜欢走入这片杨梅林。走进杨梅林，走进爱情的迷宫，去寻找和享受初恋般又甜又酸的感觉。经过多年的精心培育以及在万绿湖良好生态环境的熏陶下，龙凤岛的杨梅林长得格外的茂盛。杨梅林中修了林荫道，四周点缀了花卉奇松，碧绿的湖水与绿中透红的梅林融为一体，相得益彰，成为一座充满乡间韵味，充甜蜜与和谐的“杨梅寨”！ 每年五月，杨梅林内茂密的枝头挂满累累的硕果，吸引大量的游客前往观赏和采摘。,暂无,https://imgs.qunarzz.com/sight/p63/201211/06/bf3509158152c2d493835fbb.jpg_710x360_682c2976.jpg,"{""ret"": true, ""data"": {""tagList"": [{""tagType"": 0, ""tagScore"": 5, ""tagNum"": 0, ""tagName"": ""\u5168\u90e8""}], ""score"": 0.0, ""commentCount"": 0}, ""statusCode"": 200}"
万绿湖•镜花缘游览区,https://qimgs.qunarzz.com/piao_qsight_provider_piao_qsight_web/350o0t000000ia6kcA786_C_900_504.jpg_280x200_d221f52f.jpg,河源市,东源县,河源市东源县新港镇港中路17号,2978,4.8,三面环水，花繁林密,https://piao.qunar.com/ticket/detail_833816872.html?st=a3clM0QlRTQlQjglOUMlRTYlQkElOTAlRTUlOEUlQkYlMjZpZCUzRDcxOTQlMjZ0eXBlJTNEMCUyNmlkeCUzRDYlMjZxdCUzRCUyNmFwayUzRDIlMjZzYyUzRFdXVyUyNnVyJTNEJUU0JUI4JUFEJUU1JUIxJUIxJTI2bHIlM0QlRTQlQjglQUQlRTUlQjElQjElMjZmdCUzRCU3QiU3RA%3D%3D#from=mpl_search_suggest,34.6,N/A,"清代李汝珍在所著《镜花缘》中讲述百花仙子被贬凡间的故事，河源与百花仙子有不解之缘，是百花仙子降生之地，而镜花缘景区优美的自然风光恰恰与书中描写的景致有许多不谋而合之处，于是景区取名“镜花缘”，融情入景，再现“百花仙子之故乡,镜花水月之梦境”，向游人展现出一个如真似幻、美景如画的世外桃源景象。镜花缘景区依托万绿湖奇秀的自然风光和丰富的动植物资源，重点突出自然生态、园林、森林、奇石异洞等景观，以《镜花缘》中描述的仙境美景，奇闻趣事为主线，设置了百花广场、百花路、绿香亭、入梦岩、凝翠谷、红颜洞、泣红亭、女儿国、高空飞降等景点和项目，是一个融观光旅游、湖滨度假、森林度假、康体旅游、会议旅游、专项特色刺激型旅游产品为一体的综合性旅游区。百花仙子广场：这位飘飘欲飞的就是总司天下名花的百花仙子。百花仙子被贬入凡尘后，降生在河源，塑像是按小说中所描写的百花仙子形象设计的。",1/1-12/31；周一至周日；08:30-17:00开园,https://qimgs.qunarzz.com/piao_qsight_provider_piao_qsight_web/350o0t000000ia6kcA786_C_900_504.jpg_710x360_841c9f3d.jpg〇https://qimgs.qunarzz.com/piao_qsight_provider_piao_qsight_web/350t0t000000ibe0eB540_C_900_504_Q90_Mtg_7.jpg_710x360_e6aaca49.jpg〇https://qimgs.qunarzz.com/piao_qsight_provider_piao_qsight_web/35060t000000ibynf3965_C_900_504_Q90_Mtg_7.jpg_710x360_8279f974.jpg〇https://qimgs.qunarzz.com/piao_qsight_provider_piao_qsight_web/100f1f000001gqajr18C0_C_900_504_Q90_Mtg_7.jpg_710x360_f8161e11.jpg〇https://qimgs.qunarzz.com/piao_qsight_provider_piao_qsight_web/0104212000a5cjroi13F0_C_900_504_Q90_Mtg_7.jpg_710x360_262fa399.jpg〇https://qimgs.qunarzz.com/piao_qsight_provider_piao_qsight_web/35010t000000io9k4C08B_C_900_504_Q90_Mtg_7.jpg_710x360_d08ef063.jpg〇https://qimgs.qunarzz.com/piao_qsight_provider_piao_qsight_web/35030t000000id2i6A647_C_900_504_Q90_Mtg_7.jpg_710x360_4d52456b.jpg〇https://qimgs.qunarzz.com/piao_qsight_provider_piao_qsight_web/35030t000000id2idCFB6_C_900_504_Q90_Mtg_7.jpg_710x360_da637d8a.jpg〇https://qimgs.qunarzz.com/piao_qsight_provider_piao_qsight_web/350o0t000000ia6k69DB6_C_900_504_Q90_Mtg_7.jpg_710x360_62ebbbb5.jpg〇https://qimgs.qunarzz.com/piao_qsight_provider_piao_qsight_web/350i0t000000ia5qwFB94_C_900_504_Q90_Mtg_7.jpg_710x360_a8429213.jpg〇https://qimgs.qunarzz.com/piao_qsight_provider_piao_qsight_web/350o0t000000ia6kcA786_C_900_504_Q90_Mtg_7.jpg_710x360_b491b311.jpg〇https://imgs.qunarzz.com/sight/p0/1509/ee/ee3ea9636638ac67.water.jpg_710x360_f25ebda7.jpg〇https://imgs.qunarzz.com/sight/p0/1509/e1/e1cf1fd86d5d9bd5.water.jpg_710x360_b9f99e40.jpg〇https://imgs.qunarzz.com/sight/p0/1509/b3/b315f828a2230d00.water.jpg_710x360_9190fcc4.jpg〇https://imgs.qunarzz.com/sight/p0/1509/d7/d70ad4185749d36a.water.jpg_710x360_6dc850ff.jpg〇https://imgs.qunarzz.com/sight/p0/1509/e2/e27a6ef9e09a7481.water.jpg_710x360_232ddba6.jpg〇https://imgs.qunarzz.com/sight/p0/1505/ad/adef50e554b73f1a.water.jpg_710x360_88361531.jpg〇https://imgs.qunarzz.com/sight/p0/1509/87/879d23e1e02fc6e8.water.jpg_710x360_8cfd10d3.jpg〇https://imgs.qunarzz.com/sight/p0/1505/9a/9ae10f3299f613f4.water.jpg_710x360_10fb0746.jpg〇https://imgs.qunarzz.com/sight/p0/1505/bd/bd9ce1d7ece48f0d.water.jpg_710x360_8f1715a9.jpg〇https://imgs.qunarzz.com/sight/p0/1505/4e/4e3ef85a9837ca4e.water.jpg_710x360_c3a70556.jpg〇https://imgs.qunarzz.com/sight/p0/1505/9d/9d03f81c41ddb54d.water.jpg_710x360_e7341fb7.jpg〇https://imgs.qunarzz.com/sight/p0/1505/26/26b27e6464c929e7.water.jpg_710x360_6905ef75.jpg〇https://imgs.qunarzz.com/sight/p0/1505/bd/bd2e5eb4ed6b92a0.water.jpg_710x360_c08f8b67.jpg〇https://imgs.qunarzz.com/sight/p0/1505/93/93a83f5714b388c3.water.jpg_710x360_89374a73.jpg〇https://imgs.qunarzz.com/sight/p0/1505/d4/d4c0d521d832522.water.jpg_710x360_b82a5c7a.jpg〇https://imgs.qunarzz.com/sight/p0/1505/1a/1a02dc573678b877.water.jpg_710x360_156fcee4.jpg〇https://qimgs.qunarzz.com/piao_qsight_provider_piao_qsight_web/45ac5b25ff078b.jpg_710x360_34610cf2.jpg〇https://qimgs.qunarzz.com/piao_qsight_provider_piao_qsight_web/8268495779dc3af7.jpg_710x360_5a1b268c.jpg〇https://qimgs.qunarzz.com/piao_qsight_provider_piao_qsight_web/7eccfccdfef7ef7.jpg_710x360_0ae57455.jpg〇https://qimgs.qunarzz.com/piao_qsight_provider_piao_qsight_web/d4f032c3d5dd79f7.jpg_710x360_6bb5f05a.jpg〇https://qimgs.qunarzz.com/piao_qsight_provider_piao_qsight_web/81df123ca42b2.jpg_710x360_000036d6.jpg〇https://qimgs.qunarzz.com/piao_qsight_provider_piao_qsight_web/5b7d9927e4421602.jpg_710x360_f1bbf57c.jpg〇https://qimgs.qunarzz.com/piao_qsight_provider_piao_qsight_web/54d9517201acb802.jpg_710x360_0f1ead8f.jpg〇https://qimgs.qunarzz.com/piao_qsight_provider_piao_qsight_web/86a7badb035cf702.jpg_710x360_c1daa8af.jpg〇https://qimgs.qunarzz.com/piao_qsight_provider_piao_qsight_web/c39844932f0d6e02.jpg_710x360_f6e2ae58.jpg〇https://qimgs.qunarzz.com/piao_qsight_provider_piao_qsight_web/13d2a7983f11bc8adf14e19344457e7d.jpg_710x360_be69088b.jpg〇https://qimgs.qunarzz.com/piao_qsight_provider_piao_qsight_web/6430601b7e7ffb1492d0cca521bcd346.jpg_710x360_11ed29ef.jpg〇https://qimgs.qunarzz.com/piao_qsight_provider_piao_qsight_web/cf6a7d851a2567318afbbe6ce9d68b87.jpg_710x360_b0a2053d.jpg〇https://qimgs.qunarzz.com/piao_qsight_provider_piao_qsight_web/1562180927517100p16000000ysu79CC38_D_640_10000.jpg_710x360_bf731d3d.jpg〇https://qimgs.qunarzz.com/piao_qsight_provider_piao_qsight_web/1562180927222100t16000000ytr5yFD85_D_640_10000.jpg_710x360_916aa8f5.jpg〇https://qimgs.qunarzz.com/piao_qsight_provider_piao_qsight_web/1558207323127100f14000000wcldc7731_D_640_10000.jpg_710x360_238c1616.jpg〇https://qimgs.qunarzz.com/piao_qsight_provider_piao_qsight_web/1558207322806100214000000wjnj49855_D_640_10000.jpg_710x360_6485d8e8.jpg〇https://qimgs.qunarzz.com/piao_qsight_provider_piao_qsight_web/1558207322586100d14000000wb3d9FC1E_D_640_10000.jpg_710x360_f32800c2.jpg〇https://qimgs.qunarzz.com/piao_qsight_provider_piao_qsight_web/1558207322392100d14000000wb3d80C3F_D_640_10000.jpg_710x360_b8c332a8.jpg〇https://qimgs.qunarzz.com/piao_qsight_provider_piao_qsight_web/1558207322278100d14000000wb3d71A54_D_640_10000.jpg_710x360_e08d4b2d.jpg〇https://qimgs.qunarzz.com/piao_qsight_provider_piao_qsight_web/1558207321936100814000000wcrog11E8_D_640_10000.jpg_710x360_76741734.jpg,"{""ret"": true, ""data"": {""tagList"": [{""tagType"": 3, ""tagScore"": 5, ""tagNum"": 15, ""tagName"": ""\u5dee\u8bc4""}, {""tagType"": 2, ""tagScore"": 5, ""tagNum"": 43, ""tagName"": ""\u4e2d\u8bc4""}, {""tagType"": 1, ""tagScore"": 5, ""tagNum"": 2852, ""tagName"": ""\u597d\u8bc4""}, {""tagType"": 0, ""tagScore"": 5, ""tagNum"": 2978, ""tagName"": ""\u5168\u90e8""}, {""tagType"": 99, ""tagScore"": 5, ""tagNum"": 159, ""tagName"": ""\u666f\u8272\u4e0d\u9519""}, {""tagType"": 99, ""tagScore"": 5, ""tagNum"": 17, ""tagName"": ""\u6e38\u6e56\u8d4f\u666f""}, {""tagType"": 99, ""tagScore"": 5, ""tagNum"": 14, ""tagName"": ""\u7535\u74f6\u8f66\u65b9\u4fbf""}], ""commentList"": [{""author"": ""L*d"", ""content"": ""\u6027\u4ef7\u6bd4\u4e0d\u9ad8\uff0c\u4e0d\u592a\u63a8\u8350\u7684\u666f\u70b9"", ""date"": ""2024-02-12"", ""score"": 2, ""commentId"": ""231391056"", ""imgs"": [{""small"": ""https://qimgs.qunarzz.com/mp_piao_0001/temp5834280619311647976file_1707748409000.jpg_120x120_df7c27af.jpg"", ""title"": """", ""big"": ""https://qimgs.qunarzz.com/mp_piao_0001/temp5834280619311647976file_1707748409000.jpg""}, {""small"": ""https://qimgs.qunarzz.com/mp_piao_0001/temp3153486320468024043file_1707748409000.jpg_120x120_2c6434f1.jpg"", ""title"": """", ""big"": ""https://qimgs.qunarzz.com/mp_piao_0001/temp3153486320468024043file_1707748409000.jpg""}, {""small"": ""https://qimgs.qunarzz.com/mp_piao_0001/temp1941353226290339779file_1707748409000.jpg_120x120_8a7117ac.jpg"", ""title"": """", ""big"": ""https://qimgs.qunarzz.com/mp_piao_0001/temp1941353226290339779file_1707748409000.jpg""}, {""small"": ""https://qimgs.qunarzz.com/mp_piao_0001/temp3785672406302554089file_1707748409000.jpg_120x120_f906bbd8.jpg"", ""title"": """", ""big"": ""https://qimgs.qunarzz.com/mp_piao_0001/temp3785672406302554089file_1707748409000.jpg""}, {""small"": ""https://qimgs.qunarzz.com/mp_piao_0001/temp7903125459019115797file_1707748409000.jpg_120x120_58912d49.jpg"", ""title"": """", ""big"": ""https://qimgs.qunarzz.com/mp_piao_0001/temp7903125459019115797file_1707748409000.jpg""}, {""small"": ""https://qimgs.qunarzz.com/mp_piao_0001/temp3120708566166248964file_1707748409000.jpg_120x120_05cd927b.jpg"", ""title"": """", ""big"": ""https://qimgs.qunarzz.com/mp_piao_0001/temp3120708566166248964file_1707748409000.jpg""}], ""userNickName"": ""L*d"", ""replyCityName"": """", ""cityName"": ""\u5e7f\u4e1c""}, {""author"": ""\u53bb*\u6237"", ""content"": ""\u7528\u6237\u672a\u70b9\u8bc4\uff0c\u7cfb\u7edf\u9ed8\u8ba4\u597d\u8bc4\u3002"", ""date"": ""2024-12-24"", ""score"": 5, ""commentId"": ""239357391"", ""imgs"": [], ""userNickName"": ""\u53bb*\u6237"", ""replyCityName"": """", ""cityName"": """"}, {""author"": ""\u53bb*\u6237"", ""content"": ""\u7528\u6237\u672a\u70b9\u8bc4\uff0c\u7cfb\u7edf\u9ed8\u8ba4\u597d\u8bc4\u3002"", ""date"": ""2024-12-24"", ""score"": 5, ""commentId"": ""239351613"", ""imgs"": [], ""userNickName"": ""\u53bb*\u6237"", ""replyCityName"": """", ""cityName"": """"}, {""author"": ""\u53bb*\u6237"", ""content"": ""\u7528\u6237\u672a\u70b9\u8bc4\uff0c\u7cfb\u7edf\u9ed8\u8ba4\u597d\u8bc4\u3002"", ""date"": ""2024-12-24"", ""score"": 5, ""commentId"": ""239348303"", ""imgs"": [], ""userNickName"": ""\u53bb*\u6237"", ""replyCityName"": """", ""cityName"": """"}, {""author"": ""v*0"", ""content"": ""\u7528\u6237\u672a\u70b9\u8bc4\uff0c\u7cfb\u7edf\u9ed8\u8ba4\u597d\u8bc4\u3002"", ""date"": ""2024-12-24"", ""score"": 5, ""commentId"": ""239346027"", ""imgs"": [], ""userNickName"": ""v*0"", ""replyCityName"": """", ""cityName"": """"}, {""author"": ""\u53bb*\u6237"", ""content"": ""\u7528\u6237\u672a\u70b9\u8bc4\uff0c\u7cfb\u7edf\u9ed8\u8ba4\u597d\u8bc4\u3002"", ""date"": ""2024-12-22"", ""score"": 5, ""commentId"": ""239321874"", ""imgs"": [], ""userNickName"": ""\u53bb*\u6237"", ""replyCityName"": """", ""cityName"": """"}, {""author"": ""\u5927*\u7f57"", ""content"": ""\u7528\u6237\u672a\u70b9\u8bc4\uff0c\u7cfb\u7edf\u9ed8\u8ba4\u597d\u8bc4\u3002"", ""date"": ""2024-12-13"", ""score"": 5, ""commentId"": ""239211905"", ""imgs"": [], ""userNickName"": ""\u5927*\u7f57"", ""replyCityName"": """", ""cityName"": """"}, {""author"": ""s*1"", ""content"": ""\u7528\u6237\u672a\u70b9\u8bc4\uff0c\u7cfb\u7edf\u9ed8\u8ba4\u597d\u8bc4\u3002"", ""date"": ""2024-12-11"", ""score"": 5, ""commentId"": ""239192604"", ""imgs"": [], ""userNickName"": ""s*1"", ""replyCityName"": """", ""cityName"": """"}, {""author"": ""s*1"", ""content"": ""\u7528\u6237\u672a\u70b9\u8bc4\uff0c\u7cfb\u7edf\u9ed8\u8ba4\u597d\u8bc4\u3002"", ""date"": ""2024-12-11"", ""score"": 5, ""commentId"": ""239189262"", ""imgs"": [], ""userNickName"": ""s*1"", ""replyCityName"": """", ""cityName"": """"}, {""author"": ""\u53bb*\u6237"", ""content"": ""\u7528\u6237\u672a\u70b9\u8bc4\uff0c\u7cfb\u7edf\u9ed8\u8ba4\u597d\u8bc4\u3002"", ""date"": ""2024-12-10"", ""score"": 5, ""commentId"": ""239170467"", ""imgs"": [], ""userNickName"": ""\u53bb*\u6237"", ""replyCityName"": """", ""cityName"": """"}], ""score"": 4.8, ""commentCount"": 2978}, ""statusCode"": 200}"
万绿湖·万绿谷度假区,https://qimgs.qunarzz.com/piao_qsight_provider_piao_qsight_web/35040u000000j8qepE555_C_900_504.jpg_280x200_da312d46.jpg,河源市,东源县,河源市东源县新回龙镇880乡道东星村万绿湖畔,370,4.8,赏湖光山色，探险秘境地区,https://piao.qunar.com/ticket/detail_2554761554.html?st=a3clM0QlRTQlQjglOUMlRTYlQkElOTAlRTUlOEUlQkYlMjZpZCUzRDEzODgzJTI2dHlwZSUzRDAlMjZpZHglM0Q1JTI2cXQlM0QlMjZhcGslM0QyJTI2c2MlM0RXV1clMjZ1ciUzRCVFNCVCOCVBRCVFNSVCMSVCMSUyNmxyJTNEJUU0JUI4JUFEJUU1JUIxJUIxJTI2ZnQlM0QlN0IlN0Q%3D#from=mpl_search_suggest,23.0,N/A,拥有尘封了半个世纪旷世胜景与完好的原生态社会风貌保。万绿谷休闲度假旅游区分为叶屋坪湖边渔家度假区和原生态体险区。 叶屋坪湖边渔家度假区设立在万绿湖罕有的广阔湖滩平地和天然草地上，背枕大南山，面临万绿湖，首期建设有高尚后现代客家风格的渔家度假别墅，周围配有田园菜地、牧场、稻田、钓鱼场、野趣烧烤场、沙滩排球、野外账篷区、划船、划竹排、干塘抓鱼、摸虾、骑牛、天然泳场、旱塘捕鱼等项目。同时设有完善的商务会议设施与独具特色的打饾肆餐厅。原生态体验区隐逸于茫茫天子山脉中，连绵3.5公里，集俏、隐、幽、奇、险、古、拙于一体。游览区内奇峰怪石，美潭跌水、原始森林、古树奇花等塑造了千姿百态、异趣横生的、争奇斗艳的自然形态，显示了大自然鬼斧神工的杰作。设有山寨大门、生态环保木栈道、马蹄路、神奇的满归泉、姻缘同心锁、树屋、机关阵、练武场、土鸡赛跑、套土鸡、抓土鸡蛋、冰泉谷等，以原生态自然景色为主导，使游客置身其中，深度参与和体验，释放原始野性、融入自然。,1/1-12/31；周一至周日；09:00-17:30开园,https://qimgs.qunarzz.com/piao_qsight_provider_piao_qsight_web/35040u000000j8qepE555_C_900_504.jpg_710x360_19a63592.jpg〇https://qimgs.qunarzz.com/piao_qsight_provider_piao_qsight_web/1lo6c12000d44lz4gEB7B_C_900_504_Q90_Mtg_7.jpg_710x360_c36f292d.jpg〇https://qimgs.qunarzz.com/piao_qsight_provider_piao_qsight_web/350m0u000000jj4ueB030_C_900_504_Q90_Mtg_7.jpg_710x360_1e203333.jpg〇https://qimgs.qunarzz.com/piao_qsight_provider_piao_qsight_web/350e0u000000jci0p977C_C_900_504_Q90_Mtg_7.jpg_710x360_b00fdb3d.jpg〇https://qimgs.qunarzz.com/piao_qsight_provider_piao_qsight_web/1lo0u12000d44lt1a1B7E_C_900_504_Q90_Mtg_7.jpg_710x360_91e24f2c.jpg〇https://qimgs.qunarzz.com/piao_qsight_provider_piao_qsight_web/1lo0c12000d44lmjpB809_C_900_504_Q90_Mtg_7.jpg_710x360_01710ee6.jpg〇https://qimgs.qunarzz.com/piao_qsight_provider_piao_qsight_web/35060u000000jadex2B8A_C_900_504_Q90_Mtg_7.jpg_710x360_c66800b6.jpg〇https://qimgs.qunarzz.com/piao_qsight_provider_piao_qsight_web/1lo5s12000d44lmcs5D47_C_900_504_Q90_Mtg_7.jpg_710x360_84afffac.jpg〇https://qimgs.qunarzz.com/piao_qsight_provider_piao_qsight_web/1lo5g12000d44lz4e7975_C_900_504_Q90_Mtg_7.jpg_710x360_31be7ec9.jpg〇https://qimgs.qunarzz.com/piao_qsight_provider_piao_qsight_web/1lo0i12000d44lunzDBB4_C_900_504_Q90_Mtg_7.jpg_710x360_516c70c3.jpg〇https://qimgs.qunarzz.com/piao_qsight_provider_piao_qsight_web/35040u000000j8qepE555_C_900_504_Q90_Mtg_7.jpg_710x360_a2a9585d.jpg〇https://imgs.qunarzz.com/sight/p0/201403/07/1c5e8019af29519e69a454313d003a2c.jpg_710x360_7594f68e.jpg〇https://imgs.qunarzz.com/sight/p0/201403/07/0e552618b5e4e5e82bbda05d31fe2d30.jpg_710x360_d19e47f0.jpg〇https://imgs.qunarzz.com/sight/p0/201403/07/b874aa45195da8457f98bc76e4c72f1d.jpg_710x360_6fe19f32.jpg〇https://imgs.qunarzz.com/sight/p0/201403/07/08ae403f509e258ab4f5fa6879359353.jpg_710x360_76b714a7.jpg〇https://imgs.qunarzz.com/sight/p0/201403/07/28b2df5dff1bab46f03d5bb203a07cb5.jpg_710x360_1183ee45.jpg〇https://imgs.qunarzz.com/sight/p0/201403/07/a9d0cc26e7e94451ec04576a925ffe45.jpg_710x360_1b67f0d9.jpg〇https://imgs.qunarzz.com/sight/p0/201403/07/2d2bf0bd0b4ad1abb652f23afb222c09.jpg_710x360_4099435e.jpg〇https://imgs.qunarzz.com/sight/p94/201211/08/544ba83588477c3c93835fbb.jpg_710x360_b645083a.jpg〇https://qimgs.qunarzz.com/piao_qsight_provider_piao_qsight_web/7a60cc852d8f7e.jpg_710x360_9465285a.jpg〇https://qimgs.qunarzz.com/piao_qsight_provider_piao_qsight_web/75b4e03195d22d.jpg_710x360_fbe5de63.jpg〇https://qimgs.qunarzz.com/piao_qsight_provider_piao_qsight_web/19761a5bfdc4f8.jpg_710x360_2b022ae5.jpg〇https://qimgs.qunarzz.com/piao_qsight_provider_piao_qsight_web/1549333005269100n11000000qdi0k0C38_D_640_10000.jpg_710x360_d2cb0205.jpg〇https://qimgs.qunarzz.com/piao_qsight_provider_piao_qsight_web/1549333005066100911000000qgudg242E_D_640_10000.jpg_710x360_4af7ae2f.jpg〇https://qimgs.qunarzz.com/piao_qsight_provider_piao_qsight_web/1549333004783100a11000000qfregD371_D_640_10000.jpg_710x360_904c3171.jpg〇https://qimgs.qunarzz.com/piao_qsight_provider_piao_qsight_web/1549333004419100k11000000qimcu696F_D_640_10000.jpg_710x360_b119952d.jpg〇https://qimgs.qunarzz.com/piao_qsight_provider_piao_qsight_web/1549333004287100711000000qv4gc172F_D_640_10000.jpg_710x360_1423b33f.jpg〇https://qimgs.qunarzz.com/piao_qsight_provider_piao_qsight_web/1549333004016100911000000qgudf344F_D_640_10000.jpg_710x360_75e594d0.jpg〇https://qimgs.qunarzz.com/piao_qsight_provider_piao_qsight_web/1549333003602100j11000000qdyd802AB_D_640_10000.jpg_710x360_d90a625e.jpg〇https://qimgs.qunarzz.com/piao_qsight_provider_piao_qsight_web/f302c02579694402.jpg_710x360_aca73838.jpg〇https://qimgs.qunarzz.com/piao_qsight_provider_piao_qsight_web/abfa9111c4317502.jpg_710x360_89adadc0.jpg〇https://qimgs.qunarzz.com/piao_qsight_provider_piao_qsight_web/378d6cc33b6bdb02.jpg_710x360_a7d14b9e.jpg〇https://qimgs.qunarzz.com/piao_qsight_provider_piao_qsight_web/6273a862ec8ce202.jpg_710x360_0e241d16.jpg〇https://qimgs.qunarzz.com/piao_qsight_provider_piao_qsight_web/db78b3128efb3b02.jpg_710x360_a2bf8328.jpg〇https://qimgs.qunarzz.com/piao_qsight_provider_piao_qsight_web/c717e56bd610b202.jpg_710x360_fdfdeceb.jpg〇https://qimgs.qunarzz.com/piao_qsight_provider_piao_qsight_web/f6fdd42b030f7402.jpg_710x360_875c1c33.jpg〇https://qimgs.qunarzz.com/piao_qsight_provider_piao_qsight_web/0985cf6759cf2002.jpg_710x360_fe21ebb1.jpg〇https://qimgs.qunarzz.com/piao_qsight_provider_piao_qsight_web/912d1219c16b6d02.jpg_710x360_fba17461.jpg〇https://qimgs.qunarzz.com/piao_qsight_provider_piao_qsight_web/8185f9724af3d102.jpg_710x360_e101b70e.jpg,"{""ret"": true, ""data"": {""tagList"": [{""tagType"": 32, ""tagScore"": 5, ""tagNum"": 1, ""tagName"": ""\u670d\u52a1\u597d""}, {""tagType"": 16, ""tagScore"": 5, ""tagNum"": 2, ""tagName"": ""\u9760\u8c31""}, {""tagType"": 8, ""tagScore"": 5, ""tagNum"": 1, ""tagName"": ""\u4fbf\u5b9c""}, {""tagType"": 4, ""tagScore"": 5, ""tagNum"": 2, ""tagName"": ""\u53d6\u7968\u65b9\u4fbf""}, {""tagType"": 3, ""tagScore"": 5, ""tagNum"": 3, ""tagName"": ""\u5dee\u8bc4""}, {""tagType"": 2, ""tagScore"": 5, ""tagNum"": 5, ""tagName"": ""\u4e2d\u8bc4""}, {""tagType"": 1, ""tagScore"": 5, ""tagNum"": 357, ""tagName"": ""\u597d\u8bc4""}, {""tagType"": 0, ""tagScore"": 5, ""tagNum"": 370, ""tagName"": ""\u5168\u90e8""}], ""commentList"": [{""author"": ""b*3"", ""content"": ""\u7528\u6237\u672a\u70b9\u8bc4\uff0c\u7cfb\u7edf\u9ed8\u8ba4\u597d\u8bc4\u3002"", ""date"": ""2024-12-12"", ""score"": 5, ""commentId"": ""239205032"", ""imgs"": [], ""userNickName"": ""b*3"", ""replyCityName"": """", ""cityName"": """"}, {""author"": ""\u53bb*\u6237"", ""content"": ""\u7528\u6237\u672a\u70b9\u8bc4\uff0c\u7cfb\u7edf\u9ed8\u8ba4\u597d\u8bc4\u3002"", ""date"": ""2024-11-06"", ""score"": 5, ""commentId"": ""238592275"", ""imgs"": [], ""userNickName"": ""\u53bb*\u6237"", ""replyCityName"": """", ""cityName"": """"}, {""author"": ""\u53bb*\u6237"", ""content"": ""\u7528\u6237\u672a\u70b9\u8bc4\uff0c\u7cfb\u7edf\u9ed8\u8ba4\u597d\u8bc4\u3002"", ""date"": ""2024-11-06"", ""score"": 5, ""commentId"": ""238592247"", ""imgs"": [], ""userNickName"": ""\u53bb*\u6237"", ""replyCityName"": """", ""cityName"": """"}, {""author"": ""p*9"", ""content"": ""\u7528\u6237\u672a\u70b9\u8bc4\uff0c\u7cfb\u7edf\u9ed8\u8ba4\u597d\u8bc4\u3002"", ""date"": ""2024-11-04"", ""score"": 5, ""commentId"": ""238441379"", ""imgs"": [], ""userNickName"": ""p*9"", ""replyCityName"": """", ""cityName"": """"}, {""author"": ""p*9"", ""content"": ""\u7528\u6237\u672a\u70b9\u8bc4\uff0c\u7cfb\u7edf\u9ed8\u8ba4\u597d\u8bc4\u3002"", ""date"": ""2024-11-04"", ""score"": 5, ""commentId"": ""238440476"", ""imgs"": [], ""userNickName"": ""p*9"", ""replyCityName"": """", ""cityName"": """"}, {""author"": ""\u5c0f*\u6d8c"", ""content"": ""\u7528\u6237\u672a\u70b9\u8bc4\uff0c\u7cfb\u7edf\u9ed8\u8ba4\u597d\u8bc4\u3002"", ""date"": ""2024-11-03"", ""score"": 5, ""commentId"": ""238293737"", ""imgs"": [], ""userNickName"": ""\u5c0f*\u6d8c"", ""replyCityName"": """", ""cityName"": """"}, {""author"": ""\u5c0f*\u6d8c"", ""content"": ""\u7528\u6237\u672a\u70b9\u8bc4\uff0c\u7cfb\u7edf\u9ed8\u8ba4\u597d\u8bc4\u3002"", ""date"": ""2024-11-03"", ""score"": 5, ""commentId"": ""238288982"", ""imgs"": [], ""userNickName"": ""\u5c0f*\u6d8c"", ""replyCityName"": """", ""cityName"": """"}, {""author"": ""\u53bb*\u6237"", ""content"": ""\u7528\u6237\u672a\u70b9\u8bc4\uff0c\u7cfb\u7edf\u9ed8\u8ba4\u597d\u8bc4\u3002"", ""date"": ""2024-09-24"", ""score"": 5, ""commentId"": ""237205098"", ""imgs"": [], ""userNickName"": ""\u53bb*\u6237"", ""replyCityName"": """", ""cityName"": """"}, {""author"": ""\u54c8*\u5e0c"", ""content"": ""\u7528\u6237\u672a\u70b9\u8bc4\uff0c\u7cfb\u7edf\u9ed8\u8ba4\u597d\u8bc4\u3002"", ""date"": ""2024-09-18"", ""score"": 5, ""commentId"": ""236937844"", ""imgs"": [], ""userNickName"": ""\u54c8*\u5e0c"", ""replyCityName"": """", ""cityName"": """"}, {""author"": ""\u53bb*\u6237"", ""content"": ""\u7528\u6237\u672a\u70b9\u8bc4\uff0c\u7cfb\u7edf\u9ed8\u8ba4\u597d\u8bc4\u3002"", ""date"": ""2024-09-15"", ""score"": 5, ""commentId"": ""236790020"", ""imgs"": [], ""userNickName"": ""\u53bb*\u6237"", ""replyCityName"": """", ""cityName"": """"}], ""score"": 4.8, ""commentCount"": 370}, ""statusCode"": 200}"
新丰江水库大坝,https://imgs.qunarzz.com/sight/p0/201303/05/4893f093ae55a3c8c8d65eac.jpg_280x200_c5e6c4b0.jpg,河源市,东源县,广东省河源市东源县,1,2.0,将工业水利、山水观光、休闲娱乐融为一体,https://piao.qunar.com/ticket/detail_2606329729.html?st=a3clM0QlRTQlQjglOUMlRTYlQkElOTAlRTUlOEUlQkYlMjZpZCUzRDQxOSUyNnR5cGUlM0QwJTI2aWR4JTNEMTUlMjZxdCUzRCUyNmFwayUzRDIlMjZzYyUzRFdXVyUyNnVyJTNEJUU0JUI4JUFEJUU1JUIxJUIxJTI2bHIlM0QlRTQlQjglQUQlRTUlQjElQjElMjZmdCUzRCU3QiU3RA%3D%3D#from=mpl_search_suggest,-1.0,N/A,新丰江大坝旅游区位于河源市西南部美丽的黄金水道上游距市中心3公里。整个旅游区占地面积138.9平方公里包括了大坝、水库、电站厂房、园林及取景观光等景点。景区以大坝、厂房为主线突出工业旅游特色以生态保护、绿色环保为主题。从大坝、水库厂房、园林等路线展开了一系列休闲旅游项目把工业水利、山水观光、亲水度假、休闲娱乐融为一体。大坝风景区交通利市区3路专线公交车直达景区配套设施齐全是集观光、度假、休闲、健身、会议、接待、美食、购物为一体的综合性旅游景区。,01/01-12/31；8:00-17:30开园,https://imgs.qunarzz.com/sight/p0/201303/05/4893f093ae55a3c8c8d65eac.jpg_710x360_55200756.jpg〇https://qimgs.qunarzz.com/piao_qsight_provider_piao_qsight_web/67a57c7bc9c813e545cf8147dfc1f5a7.jpg_710x360_c8274821.jpg〇https://qimgs.qunarzz.com/piao_qsight_provider_piao_qsight_web/6327b7ba260614b5.jpg_710x360_29237c67.jpg〇https://qimgs.qunarzz.com/piao_qsight_provider_piao_qsight_web/df5097abe46b5b5.jpg_710x360_79ce16a6.jpg〇https://qimgs.qunarzz.com/piao_qsight_provider_piao_qsight_web/850f05b70a8774b5.jpg_710x360_9f697111.jpg〇https://qimgs.qunarzz.com/piao_qsight_provider_piao_qsight_web/8f7dd32342842cb5.jpg_710x360_54867374.jpg〇https://qimgs.qunarzz.com/piao_qsight_provider_piao_qsight_web/a2ecbaa878780b5.jpg_710x360_5450a647.jpg〇https://qimgs.qunarzz.com/piao_qsight_provider_piao_qsight_web/3082ca687c94a4b5.jpg_710x360_cdec2f09.jpg〇https://qimgs.qunarzz.com/piao_qsight_provider_piao_qsight_web/4f1c83812c63f9b5.jpg_710x360_cd2d82dd.jpg〇https://qimgs.qunarzz.com/piao_qsight_provider_piao_qsight_web/76d797ae09a5f6b5.jpg_710x360_81964e25.jpg〇https://qimgs.qunarzz.com/piao_qsight_provider_piao_qsight_web/479914109298b4b5.jpg_710x360_771202f2.jpg〇https://qimgs.qunarzz.com/piao_qsight_provider_piao_qsight_web/bcddd18a631786b5.jpg_710x360_e72aeac0.jpg〇https://qimgs.qunarzz.com/piao_qsight_provider_piao_qsight_web/44129ae42fed32b5.jpg_710x360_c5b76c7a.jpg〇https://qimgs.qunarzz.com/piao_qsight_provider_piao_qsight_web/8743fc5f0e1d08b5.jpg_710x360_25be6fc3.jpg〇https://qimgs.qunarzz.com/piao_qsight_provider_piao_qsight_web/2a4cff6f4fa47b5.jpg_710x360_9a8924c0.jpg〇https://qimgs.qunarzz.com/piao_qsight_provider_piao_qsight_web/dfac711afc4866b5.jpg_710x360_7a57df00.jpg〇https://qimgs.qunarzz.com/piao_qsight_provider_piao_qsight_web/3a07fb31120abab5.jpg_710x360_04fc09c0.jpg〇https://qimgs.qunarzz.com/piao_qsight_provider_piao_qsight_web/0582911488a2b9b5.jpg_710x360_a39d6708.jpg〇https://qimgs.qunarzz.com/piao_qsight_provider_piao_qsight_web/05c484a99c762eb5.jpg_710x360_c9e09ccf.jpg〇https://qimgs.qunarzz.com/piao_qsight_provider_piao_qsight_web/aa432793eb961cb5.jpg_710x360_e11b196d.jpg〇https://qimgs.qunarzz.com/piao_qsight_provider_piao_qsight_web/0cd401408e1a95b5.jpg_710x360_13bf8e5c.jpg,"{""ret"": true, ""data"": {""tagList"": [{""tagType"": 3, ""tagScore"": 5, ""tagNum"": 1, ""tagName"": ""\u5dee\u8bc4""}, {""tagType"": 0, ""tagScore"": 5, ""tagNum"": 1, ""tagName"": ""\u5168\u90e8""}], ""commentList"": [{""author"": ""k*8"", ""content"": ""\u8f66\u4e0a\u53bb\u8fd8\u8981\u505c\u8f66\u8d3910\u5143\uff0c\u95e8\u796820\u51431\u4f4d\u6ca1\u4ec0\u4e48\u4eba\u53bb\uff0c\u5c31\u662f\u4e00\u6c34\u5e93\u2026"", ""date"": ""2016-06-23"", ""score"": 2, ""commentId"": ""119904646"", ""imgs"": [{""small"": ""https://imgs.qunarzz.com/piao/fusion/1606/e5/4654cbea47fce19a.jpg_120x120_5d6cb304.jpg"", ""title"": """", ""big"": ""https://imgs.qunarzz.com/piao/fusion/1606/e5/4654cbea47fce19a.jpg""}], ""userNickName"": ""k*8"", ""replyCityName"": """", ""cityName"": """"}], ""score"": 2.0, ""commentCount"": 1}, ""statusCode"": 200}"
南园古村,https://imgs.qunarzz.com/sight/p0/1611/5b/5b78c9dcb0574edfa3.water.jpg_280x200_23e79ec0.jpg,河源市,东源县,广东省河源市东源县仙塘医院附近,16,4.3,南中国现存具有代表性的客家古村落,https://piao.qunar.com/ticket/detail_662164280.html?st=a3clM0QlRTQlQjglOUMlRTYlQkElOTAlRTUlOEUlQkYlMjZpZCUzRDcxMTYlMjZ0eXBlJTNEMCUyNmlkeCUzRDE0JTI2cXQlM0QlMjZhcGslM0QyJTI2c2MlM0RXV1clMjZ1ciUzRCVFNCVCOCVBRCVFNSVCMSVCMSUyNmxyJTNEJUU0JUI4JUFEJUU1JUIxJUIxJTI2ZnQlM0QlN0IlN0Q%3D#from=mpl_search_suggest,-1.0,N/A,，位于中国河源仙塘镇红光村，由红光村委独立出资、历史悠久、文化底蕴深厚，据古书记载：自唐开元二十六年! （公元738）建村以来，至今已有1200多年历史。“南园位于河源市区东北方向，居禾溪约中枢之地；东江水傍南园而过，甘泉滋润，仙气缭绕；其龙脉发源于碣砑山，绕行向西复自西而南，盘旋起伏，气势雄伟，绵垣不绝”数平方公里福地神龙环抱有情。是一个典型的“纳上水于村中，聚水如聚财”的风水宝地，整个村落尤似聚宝盆。南园民居古建筑共有30多座，有客家围龙屋、雕楼、书院等其中多以府第式结构为主，讲究风水布局、主次对称、外型堂皇美观，多采用青砖灰瓦，雕梁画栋，工艺精湛，所体现的特色是：取材便利，楼体坚固牢靠、规模大、结构封闭一体，同时还体现了阴阳思想和儒道治家思想。具有代表性的就有“大夫第”、“新衙门”、“老衙门”“古炮楼遗址”、“柳溪书院”等。这里深院老宅，幽深古井，私人炮楼……村内山环水绕，人杰地灵。自唐至清，先后走出12位七品以上的仕官，名流富贾达百人，构成欣欣向荣，富甲一方的官宦家族完整体系，在古建筑群中回忆客家人2200年历史画卷；千年的历史，千年的文化底蕴，“此地万物中和；风水好；并可开百世不迁之族”。,1/1-12/31；周一至周日；08:30-17:00开园；（17:00停止入园）,https://imgs.qunarzz.com/sight/p0/1611/5b/5b78c9dcb0574edfa3.water.jpg_710x360_9d9b367c.jpg〇https://imgs.qunarzz.com/sight/p0/1611/3f/3fa368fc0ca98ab3a3.water.jpg_710x360_e20e2327.jpg〇https://imgs.qunarzz.com/sight/p0/1611/15/15792e92ec25b5cda3.water.jpg_710x360_06026a58.jpg〇https://qimgs.qunarzz.com/piao_qsight_provider_piao_qsight_web/9937fa10e69c38beffffffffc8d65eac.jpg_710x360_1bf0e316.jpg〇https://qimgs.qunarzz.com/piao_qsight_provider_piao_qsight_web/1ce27ec400be5d02.jpg_710x360_01898c90.jpg〇https://qimgs.qunarzz.com/piao_qsight_provider_piao_qsight_web/a4d3d635412ad902.jpg_710x360_cd6cfb24.jpg〇https://qimgs.qunarzz.com/piao_qsight_provider_piao_qsight_web/32ea4c24c8e61502.jpg_710x360_7fece28b.jpg〇https://qimgs.qunarzz.com/piao_qsight_provider_piao_qsight_web/a67099b736deef02.jpg_710x360_ad25b4e7.jpg〇https://qimgs.qunarzz.com/piao_qsight_provider_piao_qsight_web/aa2578a460408402.jpg_710x360_d059f2d8.jpg〇https://qimgs.qunarzz.com/piao_qsight_provider_piao_qsight_web/b30675a62aa4cd02.jpg_710x360_999bb042.jpg〇https://qimgs.qunarzz.com/piao_qsight_provider_piao_qsight_web/a573ea08fe06eb02.jpg_710x360_ad5e32b7.jpg〇https://qimgs.qunarzz.com/piao_qsight_provider_piao_qsight_web/590ecf4682619102.jpg_710x360_ac70c3dc.jpg〇https://qimgs.qunarzz.com/piao_qsight_provider_piao_qsight_web/38d218ec6a47dfcb1d1174a365b6fbac.jpg_710x360_05a9900d.jpg〇https://qimgs.qunarzz.com/piao_qsight_provider_piao_qsight_web/12b15b3a4422cb37.jpg_710x360_40020114.jpg〇https://qimgs.qunarzz.com/piao_qsight_provider_piao_qsight_web/35cbf8bad9b3e4e8ffffffffc8d65eac.jpg_710x360_af51fc14.jpg,"{""ret"": true, ""data"": {""tagList"": [{""tagType"": 3, ""tagScore"": 5, ""tagNum"": 2, ""tagName"": ""\u5dee\u8bc4""}, {""tagType"": 2, ""tagScore"": 5, ""tagNum"": 2, ""tagName"": ""\u4e2d\u8bc4""}, {""tagType"": 1, ""tagScore"": 5, ""tagNum"": 12, ""tagName"": ""\u597d\u8bc4""}, {""tagType"": 0, ""tagScore"": 5, ""tagNum"": 16, ""tagName"": ""\u5168\u90e8""}], ""commentList"": [{""author"": ""q*1"", ""content"": ""\u514d\u8d39\u7684\u666f\u70b9\uff0c\u8fd9\u4e24\u5e74\u4fee\u6574\u540e\u66f4\u6709\u97f5\u5473\u4e86\uff0c\u6709\u67f3\u6eaa\u4e66\u9662\u3001\u8001\u8859\u95e8\u3001\u65b0\u8859\u95e8\uff0c\u53e4\u70ae\u697c\u8fd8\u6709\u5927\u5927\u7684\u5ead\u9662\uff0c\u8fd8\u6709\u4e00\u4e2a\u5730\u9053\u4e00\u6837\u7684\u6392\u6c34\u6c9f\uff0c\u6162\u6162\u8d70\u53ef\u4ee5\u901b\u4e24\u4e2a\u5c0f\u65f6\u5de6\u53f3\uff0c\u662f\u4e2a\u62cd\u7167\u7684\u5723\u5730\uff0c\u665a\u4e0a\u8d70\u8d70\u66f4\u5f3a\u7edd\u7f8e\uff0c\u4e00\u5b9a\u8981\u53bb\u53e4\u70ae\u697c\u90a3\u91cc\u62cd\u5662"", ""date"": ""2024-10-09"", ""score"": 5, ""commentId"": ""237571579"", ""imgs"": [], ""userNickName"": ""q*1"", ""replyCityName"": """", ""cityName"": ""\u5e7f\u4e1c""}, {""author"": ""l*5"", ""content"": ""\u7528\u6237\u672a\u70b9\u8bc4\uff0c\u7cfb\u7edf\u9ed8\u8ba4\u597d\u8bc4\u3002"", ""date"": ""2023-03-04"", ""score"": 5, ""commentId"": ""224593808"", ""imgs"": [], ""userNickName"": ""l*5"", ""replyCityName"": """", ""cityName"": """"}, {""author"": ""\u9f99*\u54e5"", ""content"": ""\u7528\u6237\u672a\u70b9\u8bc4\uff0c\u7cfb\u7edf\u9ed8\u8ba4\u597d\u8bc4\u3002"", ""date"": ""2022-01-31"", ""score"": 5, ""commentId"": ""221782150"", ""imgs"": [], ""userNickName"": ""\u9f99*\u54e5"", ""replyCityName"": """", ""cityName"": """"}, {""author"": ""\u5fd7*\u832b"", ""content"": ""\u8ddf\u8607\u5bb6\u570d\u666f\u9ede\u540c\u4e00\u5929\u53bb\u7684\u3002\u5f88\u5947\u602a\u6211\u5dee\u9ede\u8981\u5fd8\u8a18\u81ea\u5df1\u53bb\u904e\u9019\u500b\u5730\u65b9\uff0c\u96d6\u7136\u662f\u4e00\u5e74\u591a\u524d\uff0c\u4f46\u8607\u5bb6\u570d\u7d66\u6211\u7684\u5370\u8c61\u537b\u9bae\u6d3b\uff0c\u5357\u5712\u53e4\u6751\u6de1\u5fd8\u3002\u53bb\u4e4b\u524d\u7a7f\u904e\u4e86\u4e00\u500b\u9435\u9053\u6d1e\uff0c\u6cbf\u8457\u4e00\u689d\u5c0f\u8def\u66f2\u6298\u524d\u884c\uff0c\u6700\u5f8c\u5728\u5730\u5716\u7684\u6307\u5f15\u4e0b\u5230\u9054\u3002\u4e0d\u7b97\u592a\u5927\u7684\u4e00\u500b\u6751\u5b50\uff0c\u4e00\u4e9b\u65b0\u5efa\u7bc9\uff0c\u96dc\u8457\u820a\u5efa\u7bc9\u3002\u9019\u5c31\u662f\u6240\u8b02\u5357\u5712\u53e4\u6751\u3002\u67f3\u6eaa\u66f8\u9662\uff0c\u56db\u4e16\u4e8c\u54c1\uff0c\u9084\u6709\u4e00\u4e9b\u8a18\u4e0d\u592a\u6e05\u724c\u533e\u4e0a\u540d\u5b57\u7684\u623f\u5b50\uff0c\u5750\u843d\u5728\u56db\u8655\u3002\u73fe\u5728\u56de\u770b\u7576\u65f6\u7684\u7167\u7247\uff0c\u7121\u4e00\u4f8b\u5916\u90fd\u986f\u5f97\u660f\u6697\u3002\u77e5\u9053\u662f\u7531\u65bc\u90a3\u5929\u525b\u597d\u5929\u6c23\u9670\u96e8\u3002"", ""date"": ""2016-08-09"", ""score"": 3, ""commentId"": ""204260246"", ""imgs"": [{""small"": ""https://imgs.qunarzz.com/p/tts1/1712/40/590ecf4682619102.jpg_120x120_4e24ab43.jpg"", ""title"": """", ""big"": ""https://imgs.qunarzz.com/p/tts1/1712/40/590ecf4682619102.jpg""}, {""small"": ""https://imgs.qunarzz.com/p/tts6/1712/c9/a573ea08fe06eb02.jpg_120x120_7d5e8ec8.jpg"", ""title"": """", ""big"": ""https://imgs.qunarzz.com/p/tts6/1712/c9/a573ea08fe06eb02.jpg""}, {""small"": ""https://imgs.qunarzz.com/p/tts1/1712/fd/b30675a62aa4cd02.jpg_120x120_a775d008.jpg"", ""title"": """", ""big"": ""https://imgs.qunarzz.com/p/tts1/1712/fd/b30675a62aa4cd02.jpg""}, {""small"": ""https://imgs.qunarzz.com/p/tts7/1712/76/aa2578a460408402.jpg_120x120_f1719f94.jpg"", ""title"": """", ""big"": ""https://imgs.qunarzz.com/p/tts7/1712/76/aa2578a460408402.jpg""}, {""small"": ""https://imgs.qunarzz.com/p/tts7/1712/d1/a67099b736deef02.jpg_120x120_6f8048dd.jpg"", ""title"": """", ""big"": ""https://imgs.qunarzz.com/p/tts7/1712/d1/a67099b736deef02.jpg""}, {""small"": ""https://imgs.qunarzz.com/p/tts1/1712/ca/32ea4c24c8e61502.jpg_120x120_a56ab36d.jpg"", ""title"": """", ""big"": ""https://imgs.qunarzz.com/p/tts1/1712/ca/32ea4c24c8e61502.jpg""}, {""small"": ""https://imgs.qunarzz.com/p/tts2/1712/de/a4d3d635412ad902.jpg_120x120_31438ef1.jpg"", ""title"": """", ""big"": ""https://imgs.qunarzz.com/p/tts2/1712/de/a4d3d635412ad902.jpg""}, {""small"": ""https://imgs.qunarzz.com/p/tts8/1712/e8/1ce27ec400be5d02.jpg_120x120_ca248d3a.jpg"", ""title"": """", ""big"": ""https://imgs.qunarzz.com/p/tts8/1712/e8/1ce27ec400be5d02.jpg""}], ""userNickName"": ""\u5fd7*\u832b"", ""replyCityName"": """", ""cityName"": """"}, {""author"": ""c*7"", ""content"": ""\u7528\u6237\u672a\u70b9\u8bc4\uff0c\u7cfb\u7edf\u9ed8\u8ba4\u597d\u8bc4\u3002"", ""date"": ""2017-07-26"", ""score"": 5, ""commentId"": ""201601912"", ""imgs"": [], ""userNickName"": ""c*7"", ""replyCityName"": """", ""cityName"": """"}, {""author"": ""\u534e*w"", ""content"": ""\u7834\u8d25\u7684\u65e7\u5b85\uff0c\u4e5f\u4e0d\u82b1\u70b9\u94b1\u7ffb\u65b0\u4e00\u4e0b"", ""date"": ""2017-09-18"", ""score"": 3, ""commentId"": ""204575214"", ""imgs"": [], ""userNickName"": ""\u534e*w"", ""replyCityName"": """", ""cityName"": """"}, {""author"": ""s*o"", ""content"": ""\u4e70\u95e8\u7968\u503c\u5f97\uff0c\u53ef\u4ee5\u770b\u5ba2\u5bb6\u5a5a\u5e86\u9986\u548c\u4e66\u9662\u91cc\u9762\u3002\u8ddf\u5728\u5916\u9762\u8d70\u9a6c\u89c2\u82b1\u5b8c\u5168\u4e0d\u4e00\u6837\u3002"", ""date"": ""2017-08-27"", ""score"": 5, ""commentId"": ""204732762"", ""imgs"": [], ""userNickName"": ""s*o"", ""replyCityName"": """", ""cityName"": """"}, {""author"": ""M*9"", ""content"": ""\u53ef\u4ee5\uff0c\u5bfc\u6e38\u4e0d\u9519\uff0c\u5efa\u7b51\u539f\u751f\u6001\u81ea\u7136"", ""date"": ""2017-06-13"", ""score"": 5, ""commentId"": ""204979038"", ""imgs"": [], ""userNickName"": ""M*9"", ""replyCityName"": """", ""cityName"": """"}, {""author"": ""M*2"", ""content"": ""\u8fd9\u91cc\u503c\u5f97\u53bb\u628a\uff0c\u56e0\u4e3a\u6211\u751f\u6d3b\u5728\u8fd9\u91cc\uff0c\u5df2\u7ecf\u4e60\u60ef\u4e86\u3002"", ""date"": ""2017-05-29"", ""score"": 5, ""commentId"": ""205065365"", ""imgs"": [], ""userNickName"": ""M*2"", ""replyCityName"": """", ""cityName"": """"}, {""author"": ""3*3"", ""content"": ""\u5f88\u7f8e\uff0c\u5bfc\u6e38\u4e0d\u9519\uff0c\u5efa\u7b51\u539f\u751f\u6001\uff0c\u9002\u5408\u4f11\u95f2\u6e38\u73a9\uff0c\u503c\u5f97\u6e38\u73a9\u3002"", ""date"": ""2017-02-11"", ""score"": 5, ""commentId"": ""204990751"", ""imgs"": [], ""userNickName"": ""3*3"", ""replyCityName"": """", ""cityName"": """"}], ""score"": 4.3, ""commentCount"": 16}, ""statusCode"": 200}"
东江野战俱乐部,https://imgs.qunarzz.com/sight/p0/201403/07/b996aad5ea2aaf66cc2a9b2f2b972c60.jpg_280x200_cf49f0f2.jpg,河源市,东源县,广东省河源市东源县仙塘镇东方红村,16,4.7,感受野外狂野运动，体验军营生活,https://piao.qunar.com/ticket/detail_2675895022.html?st=a3clM0QlRTQlQjglOUMlRTYlQkElOTAlRTUlOEUlQkYlMjZpZCUzRDgzMzglMjZ0eXBlJTNEMCUyNmlkeCUzRDEzJTI2cXQlM0QlMjZhcGslM0QyJTI2c2MlM0RXV1clMjZ1ciUzRCVFNCVCOCVBRCVFNSVCMSVCMSUyNmxyJTNEJUU0JUI4JUFEJUU1JUIxJUIxJTI2ZnQlM0QlN0IlN0Q%3D#from=mpl_search_suggest,-1.0,N/A,东江军体素质培训基地（东江野战俱乐部）座落在河源东源县东方红村，总占地面积16万平方米，地理位置优越，距市区仅7公里，依傍在东江河畔，毗邻大学城，交通便利，东江军体素质培训基地（东江野战俱乐部）集国防教育、团队拓展、军事娱乐、学生军训、野战、娱乐休闲等为一体。以“塑造团队精神、建立成*团队”为信念，成为企业军事训练、户外拓展训练的理想场所。从普通的户外拓展训练到贯以军事主题的军事拓展训练，逼真的模拟野战游戏及更精彩的团队拓展项目，改变企业整体精神面貌，提高领导才能，增强凝聚力，打造健全的企业团队精神，有效地组织团队，创造出惊人的奇迹。按照教育要面向世界、面向未来、面向现代化的要求，围绕国家人才培养的长远战略目标和国防后备力量建设的需要，为广大青少年学生军训提供一个相对封闭的较大型的集中训练基地，对学生进行逼真、安全、专业、生动和有效的军事教育。通过爱国主义教育课程，图片展览，多媒体播放革命电影等多种教育方式，结合国防史、建军史、革命史集中课程。区内环境优美，军营氛围浓厚，更是您繁忙工作之余，三五邀约，回归大自然，感受野外狂野运动，体验军营生活，放松心情。,9:00-17:00,https://imgs.qunarzz.com/sight/p0/201403/07/b996aad5ea2aaf66cc2a9b2f2b972c60.jpg_710x360_5a6e0ad9.jpg〇https://imgs.qunarzz.com/sight/p6/201211/07/d840720a2970086193835fbb.jpg_710x360_af06a743.jpg〇https://imgs.qunarzz.com/sight/p0/201403/07/2755fdf898b5ba2b0b7c05da8e8d0eb5.jpg_710x360_cb11eb2f.jpg〇https://imgs.qunarzz.com/sight/p0/201403/07/da6081d44f57178b077ce0facd745f17.jpg_710x360_8e12f4dc.jpg〇https://qimgs.qunarzz.com/piao_qsight_provider_piao_qsight_web/eca5b686a8639a37.jpg_710x360_942cc624.jpg,"{""ret"": true, ""data"": {""tagList"": [{""tagType"": 32, ""tagScore"": 5, ""tagNum"": 1, ""tagName"": ""\u670d\u52a1\u597d""}, {""tagType"": 16, ""tagScore"": 5, ""tagNum"": 1, ""tagName"": ""\u9760\u8c31""}, {""tagType"": 8, ""tagScore"": 5, ""tagNum"": 1, ""tagName"": ""\u4fbf\u5b9c""}, {""tagType"": 4, ""tagScore"": 5, ""tagNum"": 1, ""tagName"": ""\u53d6\u7968\u65b9\u4fbf""}, {""tagType"": 1, ""tagScore"": 5, ""tagNum"": 16, ""tagName"": ""\u597d\u8bc4""}, {""tagType"": 0, ""tagScore"": 5, ""tagNum"": 16, ""tagName"": ""\u5168\u90e8""}], ""commentList"": [{""author"": ""\u7070*\u53f6"", ""content"": ""\u7528\u6237\u672a\u70b9\u8bc4\uff0c\u7cfb\u7edf\u9ed8\u8ba4\u597d\u8bc4\u3002"", ""date"": ""2019-08-21"", ""score"": 5, ""commentId"": ""211666635"", ""imgs"": [], ""userNickName"": ""\u7070*\u53f6"", ""replyCityName"": """", ""cityName"": """"}, {""author"": ""f*2"", ""content"": ""\u7528\u6237\u672a\u70b9\u8bc4\uff0c\u7cfb\u7edf\u9ed8\u8ba4\u597d\u8bc4\u3002"", ""date"": ""2019-06-03"", ""score"": 5, ""commentId"": ""210714335"", ""imgs"": [], ""userNickName"": ""f*2"", ""replyCityName"": """", ""cityName"": """"}, {""author"": ""f*2"", ""content"": ""\u7528\u6237\u672a\u70b9\u8bc4\uff0c\u7cfb\u7edf\u9ed8\u8ba4\u597d\u8bc4\u3002"", ""date"": ""2019-06-03"", ""score"": 5, ""commentId"": ""210714173"", ""imgs"": [], ""userNickName"": ""f*2"", ""replyCityName"": """", ""cityName"": """"}, {""author"": ""k*5"", ""content"": ""\u7528\u6237\u672a\u70b9\u8bc4\uff0c\u7cfb\u7edf\u9ed8\u8ba4\u597d\u8bc4\u3002"", ""date"": ""2019-06-03"", ""score"": 5, ""commentId"": ""210703260"", ""imgs"": [], ""userNickName"": ""k*5"", ""replyCityName"": """", ""cityName"": """"}, {""author"": ""\u90ed*8"", ""content"": ""\u7528\u6237\u672a\u70b9\u8bc4\uff0c\u7cfb\u7edf\u9ed8\u8ba4\u597d\u8bc4\u3002"", ""date"": ""2019-01-31"", ""score"": 5, ""commentId"": ""209078216"", ""imgs"": [], ""userNickName"": ""\u90ed*8"", ""replyCityName"": """", ""cityName"": """"}, {""author"": ""\u6234*\u5e73"", ""content"": ""\u7528\u6237\u672a\u70b9\u8bc4\uff0c\u7cfb\u7edf\u9ed8\u8ba4\u597d\u8bc4\u3002"", ""date"": ""2018-12-18"", ""score"": 5, ""commentId"": ""208783905"", ""imgs"": [], ""userNickName"": ""\u6234*\u5e73"", ""replyCityName"": """", ""cityName"": """"}, {""author"": ""\u6234*\u5e73"", ""content"": ""\u7528\u6237\u672a\u70b9\u8bc4\uff0c\u7cfb\u7edf\u9ed8\u8ba4\u597d\u8bc4\u3002"", ""date"": ""2018-12-18"", ""score"": 5, ""commentId"": ""208783903"", ""imgs"": [], ""userNickName"": ""\u6234*\u5e73"", ""replyCityName"": """", ""cityName"": """"}, {""author"": ""x*8"", ""content"": ""\u7528\u6237\u672a\u70b9\u8bc4\uff0c\u7cfb\u7edf\u9ed8\u8ba4\u597d\u8bc4\u3002"", ""date"": ""2018-11-28"", ""score"": 5, ""commentId"": ""208649280"", ""imgs"": [], ""userNickName"": ""x*8"", ""replyCityName"": """", ""cityName"": """"}, {""author"": ""\u534e*w"", ""content"": ""\u5730\u65b9\u771f\u7684\u70b9\u504f\uff0c\u4e0d\u8fc7\u73a9\u7684\u5f88\u5f00\u5fc3\u3002"", ""date"": ""2017-09-17"", ""score"": 4, ""commentId"": ""204591404"", ""imgs"": [], ""userNickName"": ""\u534e*w"", ""replyCityName"": """", ""cityName"": """"}, {""author"": ""\u534e*w"", ""content"": ""\u573a\u5730\u8bbe\u8ba1\u8fd8\u5f97\u884c\uff0c\u5f88\u597d\u73a9\u3002\u5c31\u662f\u914d\u67aa\u5f69\u5f39\u624d40\u53d1\uff0c\u5c11\u4e86\u70b9\u3002\u4e00\u4e0b\u5b50\u5c31\u6253\u5b8c\uff0c\u91cd\u65b0\u8d2d\u4e70\u5f39\u532335\u5143\u4e5f\u662f40\u53d1\uff0c\u592a\u8d35\u4e86\u3002"", ""date"": ""2017-02-25"", ""score"": 4, ""commentId"": ""204933860"", ""imgs"": [], ""userNickName"": ""\u534e*w"", ""replyCityName"": """", ""cityName"": """"}], ""score"": 4.7, ""commentCount"": 16}, ""statusCode"": 200}"
河源万绿谷空中漂流,https://imgs.qunarzz.com/sight/p0/1608/15/15890ff21efe9a97a3.water.jpg_280x200_a8e12beb.jpg,河源市,东源县,河源市东源县新回龙镇东星村万绿谷旅游区,429,4.9,“中国漂流的世纪杰作”,https://piao.qunar.com/ticket/detail_3562742277.html?st=a3clM0QlRTQlQjglOUMlRTYlQkElOTAlRTUlOEUlQkYlMjZpZCUzRDE5MTQ0NiUyNnR5cGUlM0QwJTI2aWR4JTNEMTIlMjZxdCUzRCUyNmFwayUzRDIlMjZzYyUzRFdXVyUyNnVyJTNEJUU0JUI4JUFEJUU1JUIxJUIxJTI2bHIlM0QlRTQlQjglQUQlRTUlQjElQjElMjZmdCUzRCU3QiU3RA%3D%3D#from=mpl_search_suggest,-1.0,N/A,比邻全国著名风景区万绿湖，距惠河高速公路市区出口26公里，广州180公里，深圳190公里，东莞170公里，交通极为便利，地理位置得天独厚。 万绿谷空中漂流凭借天子山山脉延绵起伏，水源充沛的资源优势，前卫的国际漂流航道设计理念，打造出一条宛如高铁飞舟，刺激绝伦的漂流，被誉为中国漂流的世纪杰作。 漂流全程3公里，约90分钟”落差80米，落差长度300多米，漂流沿途集瀑布、碧潭、奇石、密林、珍稀植物于一体，尘封千年的旷世胜景叹为观止，有惊无险，巅峰体验。,04/30-10/07；周一至周日；14:00-16:00开园,https://imgs.qunarzz.com/sight/p0/1608/15/15890ff21efe9a97a3.water.jpg_710x360_f8f7a350.jpg〇https://imgs.qunarzz.com/sight/p0/1608/85/85b4d3267debb256a3.water.jpg_710x360_4cc78767.jpg〇https://imgs.qunarzz.com/sight/p0/1608/34/340d4760171feabda3.water.jpg_710x360_0fe5fcab.jpg〇https://imgs.qunarzz.com/sight/p0/1608/61/61803b1208be111aa3.water.jpg_710x360_48283bc5.jpg〇https://imgs.qunarzz.com/sight/p0/1608/eb/ebd8e107e8fd86dfa3.water.jpg_710x360_fc671b61.jpg〇https://imgs.qunarzz.com/sight/p0/1608/ad/ad88345ef0f22978a3.water.jpg_710x360_10614fb2.jpg〇https://imgs.qunarzz.com/sight/p0/1608/ad/adfc57854d48cde0a3.water.jpg_710x360_50b6befc.jpg〇https://imgs.qunarzz.com/sight/p0/201306/05/fd201089276577a4c8d65eac.jpg_710x360_075a6d8e.jpg〇https://imgs.qunarzz.com/sight/p0/201306/05/75256bdd074d21b1c8d65eac.jpg_710x360_7740f59a.jpg〇https://imgs.qunarzz.com/sight/p0/201306/05/b01171ee9ecb7d9bc8d65eac.jpg_710x360_968bf8f1.jpg〇https://qimgs.qunarzz.com/piao_qsight_provider_piao_qsight_web/29c30d8ee68deb02.jpg_710x360_c496a458.jpg〇https://qimgs.qunarzz.com/piao_qsight_provider_piao_qsight_web/ce31c4fd31641302.jpg_710x360_d147c130.jpg〇https://qimgs.qunarzz.com/piao_qsight_provider_piao_qsight_web/f0525e471c096c02.jpg_710x360_242dce43.jpg〇https://qimgs.qunarzz.com/piao_qsight_provider_piao_qsight_web/47d8003f02d16202.jpg_710x360_f38f3a6b.jpg〇https://qimgs.qunarzz.com/piao_qsight_provider_piao_qsight_web/4c50b506b3fc4002.jpg_710x360_746e27b2.jpg〇https://qimgs.qunarzz.com/piao_qsight_provider_piao_qsight_web/57e5ea030277a302.jpg_710x360_55ea7b11.jpg〇https://qimgs.qunarzz.com/piao_qsight_provider_piao_qsight_web/a98a129a28b88902.jpg_710x360_9e40d747.jpg〇https://qimgs.qunarzz.com/piao_qsight_provider_piao_qsight_web/d9bcbd8808ce0f02.jpg_710x360_925d4dfb.jpg〇https://qimgs.qunarzz.com/piao_qsight_provider_piao_qsight_web/38b77bd9ddb8ad02.jpg_710x360_7eb984c3.jpg〇https://qimgs.qunarzz.com/piao_qsight_provider_piao_qsight_web/c263815ce1e9499a.jpg_710x360_fabfea1c.jpg〇https://qimgs.qunarzz.com/piao_qsight_provider_piao_qsight_web/2b7366df899b639a.jpg_710x360_988e7a3c.jpg〇https://qimgs.qunarzz.com/piao_qsight_provider_piao_qsight_web/cce9af0753ba639a.jpg_710x360_89949fcc.jpg〇https://qimgs.qunarzz.com/piao_qsight_provider_piao_qsight_web/9e9812e704df9e9a.jpg_710x360_01b2e814.jpg〇https://qimgs.qunarzz.com/piao_qsight_provider_piao_qsight_web/887b19fa145eaf9a.jpg_710x360_823b681a.jpg〇https://qimgs.qunarzz.com/piao_qsight_provider_piao_qsight_web/3be2f6febc1061.jpg_710x360_e1239e68.jpg〇https://qimgs.qunarzz.com/piao_qsight_provider_piao_qsight_web/548686cf55b234.jpg_710x360_bcd63cdf.jpg〇https://qimgs.qunarzz.com/piao_qsight_provider_piao_qsight_web/871f9e109e3968.jpg_710x360_58eea221.jpg〇https://qimgs.qunarzz.com/piao_qsight_provider_piao_qsight_web/66dc6d13f35d0f3cf0ddcd4e10aeea50.jpg_710x360_393ffc0c.jpg〇https://qimgs.qunarzz.com/piao_qsight_provider_piao_qsight_web/553ddc1bb257cba69e4e804fcbd2ce57.jpg_710x360_29e1d09f.jpg〇https://qimgs.qunarzz.com/piao_qsight_provider_piao_qsight_web/db8493a47ac29037.jpg_710x360_661ce242.jpg,"{""ret"": true, ""data"": {""tagList"": [{""tagType"": 32, ""tagScore"": 5, ""tagNum"": 4, ""tagName"": ""\u670d\u52a1\u597d""}, {""tagType"": 16, ""tagScore"": 5, ""tagNum"": 6, ""tagName"": ""\u9760\u8c31""}, {""tagType"": 8, ""tagScore"": 5, ""tagNum"": 3, ""tagName"": ""\u4fbf\u5b9c""}, {""tagType"": 4, ""tagScore"": 5, ""tagNum"": 7, ""tagName"": ""\u53d6\u7968\u65b9\u4fbf""}, {""tagType"": 3, ""tagScore"": 5, ""tagNum"": 3, ""tagName"": ""\u5dee\u8bc4""}, {""tagType"": 2, ""tagScore"": 5, ""tagNum"": 1, ""tagName"": ""\u4e2d\u8bc4""}, {""tagType"": 1, ""tagScore"": 5, ""tagNum"": 419, ""tagName"": ""\u597d\u8bc4""}, {""tagType"": 0, ""tagScore"": 5, ""tagNum"": 429, ""tagName"": ""\u5168\u90e8""}], ""commentList"": [{""author"": ""q*9"", ""content"": ""\u7528\u6237\u672a\u70b9\u8bc4\uff0c\u7cfb\u7edf\u9ed8\u8ba4\u597d\u8bc4\u3002"", ""date"": ""2024-11-06"", ""score"": 5, ""commentId"": ""238592594"", ""imgs"": [], ""userNickName"": ""q*9"", ""replyCityName"": """", ""cityName"": """"}, {""author"": ""g*g"", ""content"": ""\u523a\u6fc0\uff0c\u4f11\u95f2\u900d\u9065\uff0c\u503c\u5f97\u63a8\u8350"", ""date"": ""2024-08-07"", ""score"": 5, ""commentId"": ""235322981"", ""imgs"": [{""small"": ""https://qimgs.qunarzz.com/mp_piao_0001/temp12835361301408229028file_1723013668000.jpg_120x120_4a390ebe.jpg"", ""title"": """", ""big"": ""https://qimgs.qunarzz.com/mp_piao_0001/temp12835361301408229028file_1723013668000.jpg""}], ""userNickName"": ""g*g"", ""replyCityName"": """", ""cityName"": ""\u5e7f\u4e1c""}, {""author"": ""g*3"", ""content"": ""\u7528\u6237\u672a\u70b9\u8bc4\uff0c\u7cfb\u7edf\u9ed8\u8ba4\u597d\u8bc4\u3002"", ""date"": ""2024-09-26"", ""score"": 5, ""commentId"": ""237290276"", ""imgs"": [], ""userNickName"": ""g*3"", ""replyCityName"": """", ""cityName"": """"}, {""author"": ""z*8"", ""content"": ""\u7528\u6237\u672a\u70b9\u8bc4\uff0c\u7cfb\u7edf\u9ed8\u8ba4\u597d\u8bc4\u3002"", ""date"": ""2024-09-25"", ""score"": 5, ""commentId"": ""237248689"", ""imgs"": [], ""userNickName"": ""z*8"", ""replyCityName"": """", ""cityName"": """"}, {""author"": ""z*8"", ""content"": ""\u7528\u6237\u672a\u70b9\u8bc4\uff0c\u7cfb\u7edf\u9ed8\u8ba4\u597d\u8bc4\u3002"", ""date"": ""2024-09-25"", ""score"": 5, ""commentId"": ""237246561"", ""imgs"": [], ""userNickName"": ""z*8"", ""replyCityName"": """", ""cityName"": """"}, {""author"": ""\u53bb*\u6237"", ""content"": ""\u7528\u6237\u672a\u70b9\u8bc4\uff0c\u7cfb\u7edf\u9ed8\u8ba4\u597d\u8bc4\u3002"", ""date"": ""2024-09-20"", ""score"": 5, ""commentId"": ""237031673"", ""imgs"": [], ""userNickName"": ""\u53bb*\u6237"", ""replyCityName"": """", ""cityName"": """"}, {""author"": ""\u53bb*\u6237"", ""content"": ""\u7528\u6237\u672a\u70b9\u8bc4\uff0c\u7cfb\u7edf\u9ed8\u8ba4\u597d\u8bc4\u3002"", ""date"": ""2024-09-20"", ""score"": 5, ""commentId"": ""237031126"", ""imgs"": [], ""userNickName"": ""\u53bb*\u6237"", ""replyCityName"": """", ""cityName"": """"}, {""author"": ""\u53bb*\u6237"", ""content"": ""\u7528\u6237\u672a\u70b9\u8bc4\uff0c\u7cfb\u7edf\u9ed8\u8ba4\u597d\u8bc4\u3002"", ""date"": ""2024-09-20"", ""score"": 5, ""commentId"": ""237030635"", ""imgs"": [], ""userNickName"": ""\u53bb*\u6237"", ""replyCityName"": """", ""cityName"": """"}, {""author"": ""\u53bb*\u6237"", ""content"": ""\u7528\u6237\u672a\u70b9\u8bc4\uff0c\u7cfb\u7edf\u9ed8\u8ba4\u597d\u8bc4\u3002"", ""date"": ""2024-09-20"", ""score"": 5, ""commentId"": ""237030529"", ""imgs"": [], ""userNickName"": ""\u53bb*\u6237"", ""replyCityName"": """", ""cityName"": """"}, {""author"": ""\u53bb*\u6237"", ""content"": ""\u7528\u6237\u672a\u70b9\u8bc4\uff0c\u7cfb\u7edf\u9ed8\u8ba4\u597d\u8bc4\u3002"", ""date"": ""2024-09-16"", ""score"": 5, ""commentId"": ""236841276"", ""imgs"": [], ""userNickName"": ""\u53bb*\u6237"", ""replyCityName"": """", ""cityName"": """"}], ""score"": 4.9, ""commentCount"": 429}, ""statusCode"": 200}"
美思威尔顿水上乐园,https://qimgs.qunarzz.com/piao_qsight_provider_piao_qsight_web/01040120009ikw0um27B1_C_900_504.jpg_280x200_7cebe256.jpg,河源市,东源县,广东省河源市东源县美思威尔顿酒店大堂下B1楼B区,1,5.0,河源·万绿湖美思威尔顿酒店依山傍水，占地278亩，集住宿、餐饮、娱乐、旅游、商务、会议为一体，将现代客家风情建筑与原生态,https://piao.qunar.com/ticket/detail_3271671273.html?st=a3clM0QlRTQlQjglOUMlRTYlQkElOTAlRTUlOEUlQkYlMjZpZCUzRDUxNTg3NSUyNnR5cGUlM0QwJTI2aWR4JTNEMTElMjZxdCUzRCUyNmFwayUzRDIlMjZzYyUzRFdXVyUyNnVyJTNEJUU0JUI4JUFEJUU1JUIxJUIxJTI2bHIlM0QlRTQlQjglQUQlRTUlQjElQjElMjZmdCUzRCU3QiU3RA%3D%3D#from=mpl_search_suggest,-1.0,N/A,河源·万绿湖美思威尔顿酒店依山傍水，占地278亩，集住宿、餐饮、娱乐、旅游、商务、会议为一体，将现代客家风情建筑与原生态自然美景相结合，呈现出古朴、庄重、壮观的艺术风格。水上乐园设施丰富，乐趣繁多，适合情侣亲子家庭游玩。,1/1-12/31；周一至周日；07:00-19:00开园,https://qimgs.qunarzz.com/piao_qsight_provider_piao_qsight_web/01040120009ikw0um27B1_C_900_504.jpg_710x360_8276251b.jpg〇https://qimgs.qunarzz.com/piao_qsight_provider_piao_qsight_web/01001120009ikvvuj65EA_C_900_504_Q90_Mtg_7.jpg_710x360_d4498750.jpg〇https://qimgs.qunarzz.com/piao_qsight_provider_piao_qsight_web/01040120009ikw0um27B1_C_900_504_Q90_Mtg_7.jpg_710x360_2c1bedfd.jpg,"{""ret"": true, ""data"": {""tagList"": [{""tagType"": 1, ""tagScore"": 5, ""tagNum"": 1, ""tagName"": ""\u597d\u8bc4""}, {""tagType"": 0, ""tagScore"": 5, ""tagNum"": 1, ""tagName"": ""\u5168\u90e8""}], ""commentList"": [{""author"": ""\u53bb*\u6237"", ""content"": ""\u7528\u6237\u672a\u70b9\u8bc4\uff0c\u7cfb\u7edf\u9ed8\u8ba4\u597d\u8bc4\u3002"", ""date"": ""2022-09-06"", ""score"": 5, ""commentId"": ""223158241"", ""imgs"": [], ""userNickName"": ""\u53bb*\u6237"", ""replyCityName"": """", ""cityName"": """"}], ""score"": 5.0, ""commentCount"": 1}, ""statusCode"": 200}"
东江画廊风景区,https://qimgs.qunarzz.com/piao_qsight_provider_piao_qsight_web/010731200094120wo18AC_C_900_504.jpg_280x200_0900e66a.jpg,河源市,东源县,广东省河源市东源县,17,4.1,赏田园风光，领略客家风情,https://piao.qunar.com/ticket/detail_1005149124.html?st=a3clM0QlRTQlQjglOUMlRTYlQkElOTAlRTUlOEUlQkYlMjZpZCUzRDE0OTI0JTI2dHlwZSUzRDAlMjZpZHglM0QxMCUyNnF0JTNEJTI2YXBrJTNEMiUyNnNjJTNEV1dXJTI2dXIlM0QlRTQlQjglQUQlRTUlQjElQjElMjZsciUzRCVFNCVCOCVBRCVFNSVCMSVCMSUyNmZ0JTNEJTdCJTdE#from=mpl_search_suggest,-1.0,4A景区,东江画廊风景区旅游开发以广东三大河流之一的东江为主线，以“农业生态、客家民俗”为主题，以东江及其两岸如画的风景为依托，走科技农业与旅游开发相结合的新路子，东江画廊风景区按照“统一规划、统一管理、突出重点、分步开发”原则，构建仙塘客家风情画卷（客家民俗微缩景区、风情文化表演，苏家围），农业生态画卷（农业科技园、绿竹长廊、农产品展销街），山水风光画卷（东江两岸得天独厚景观），人文历史画卷（东江革命史展馆、阮啸仙纪念馆、恐龙世界博物馆）。,具体营业状态以当天开放情况为准,https://qimgs.qunarzz.com/piao_qsight_provider_piao_qsight_web/010731200094120wo18AC_C_900_504.jpg_710x360_c9b51190.jpg〇https://qimgs.qunarzz.com/piao_qsight_provider_piao_qsight_web/0100f1200094119shF70E_C_900_504_Q90_Mtg_7.jpg_710x360_7fb4919b.jpg〇https://qimgs.qunarzz.com/piao_qsight_provider_piao_qsight_web/0104s120009412a2p1DE9_C_900_504_Q90_Mtg_7.jpg_710x360_8476ff66.jpg〇https://qimgs.qunarzz.com/piao_qsight_provider_piao_qsight_web/0106c120009412b1iA407_C_900_504_Q90_Mtg_7.jpg_710x360_8ce210c9.jpg〇https://qimgs.qunarzz.com/piao_qsight_provider_piao_qsight_web/010731200094120wo18AC_C_900_504_Q90_Mtg_7.jpg_710x360_68ff4dba.jpg〇https://imgs.qunarzz.com/sight/p0/201408/04/5020b926052912b8dc349409059807e9.jpg_710x360_c6fb920d.jpg〇https://imgs.qunarzz.com/sight/p0/201408/04/09c70d95eff279e5e043f382b8a0cd44.jpg_710x360_f343a1ac.jpg〇https://imgs.qunarzz.com/sight/p0/201408/04/a84d2f0f0f6299f16ca2fd6257ab98cd.jpg_710x360_5c4cde63.jpg〇https://imgs.qunarzz.com/sight/p0/201408/04/63e96dcbfacdc2b6f43fa973b8c73a51.jpg_710x360_4d23b355.jpg〇https://qimgs.qunarzz.com/piao_qsight_provider_piao_qsight_web/7f1f2704dc8ec502.jpg_710x360_64112a4a.jpg〇https://qimgs.qunarzz.com/piao_qsight_provider_piao_qsight_web/532b0b5903535c02.jpg_710x360_72d47ed1.jpg〇https://qimgs.qunarzz.com/piao_qsight_provider_piao_qsight_web/ee5f8dab22224302.jpg_710x360_b271680f.jpg〇https://qimgs.qunarzz.com/piao_qsight_provider_piao_qsight_web/9aad22bf651fb2.jpg_710x360_4f06b904.jpg〇https://qimgs.qunarzz.com/piao_qsight_provider_piao_qsight_web/f3d5bb2b07e52d.jpg_710x360_8610e233.jpg〇https://qimgs.qunarzz.com/piao_qsight_provider_piao_qsight_web/67fc3e78677fcc79c41ea41c30413d93.jpg_710x360_35b352cd.jpg〇https://qimgs.qunarzz.com/piao_qsight_provider_piao_qsight_web/67e5e9de63fa5737.jpg_710x360_03f81102.jpg〇https://qimgs.qunarzz.com/piao_qsight_provider_piao_qsight_web/f5e9608d5df6a19a.jpg_710x360_a0033d79.jpg〇https://qimgs.qunarzz.com/piao_qsight_provider_piao_qsight_web/c802db953ff9b49a.jpg_710x360_9918c818.jpg〇https://qimgs.qunarzz.com/piao_qsight_provider_piao_qsight_web/c4fbde4e169da09a.jpg_710x360_b45a05cd.jpg,"{""ret"": true, ""data"": {""tagList"": [{""tagType"": 2, ""tagScore"": 5, ""tagNum"": 5, ""tagName"": ""\u4e2d\u8bc4""}, {""tagType"": 1, ""tagScore"": 5, ""tagNum"": 11, ""tagName"": ""\u597d\u8bc4""}, {""tagType"": 0, ""tagScore"": 5, ""tagNum"": 17, ""tagName"": ""\u5168\u90e8""}], ""commentList"": [{""author"": ""2*1"", ""content"": ""\u661f\u671f\u516d\u53bb\u7684\uff0c\u539f\u4ee5\u4e3a\u4f1a\u5f88\u591a\u4eba\uff0c\u4e3a\u6628\u665a\u9519\u8fc7\u4e86\u8ba2\u7968\u800c\u61ca\u607c\uff0c\u4f46\u53bb\u5230\u666f\u70b9\u540e\u5374\u53d1\u73b0\u53e6\u4e00\u79cd\u666f\u8c61\uff0c\u666f\u533a\u7684\u62db\u724c\u5feb\u88ab\u91ce\u8349\u6321\u4f4f\u4e86\uff0c\u6e38\u5ba2\u4e2d\u5fc3\u7a7a\u65e0\u4e00\u4eba\uff0c\u5230\u552e\u7968\u5904\u8be2\u95ee\uff0c\u8bf4\u662f\u8981\u51d1\u591f8\u4e2a\u4eba\u624d\u5f00\u8239\uff0c\u7b49\u4e86\u5feb20\u5206\u949f\u624d\u52c9\u5f3a\u591f\u4eba\uff0c\u4e0a\u8239\u540e\u53d1\u73b0\u8239\u4e0a\u7684\u73af\u5883\u5012\u662f\u4e0d\u9519\uff0c\u4e0a\u4e0b\u5c4b\uff0c\u6709\u7a7a\u8c03\uff0c\u4e5f\u6709\u5ba2\u5bb6\u59b9\u5b50\u8868\u6f14\uff0c\u53ea\u53ef\u60dc\u624d\u4e24\u4e2a\u4eba\uff0c\u800c\u4e14\u8349\u8349\u6536\u573a\uff0c\u7531\u4e8e\u4eba\u5c11\uff0c\u8239\u4e0a\u663e\u5f97\u6709\u70b9\u51b7\u6e05\uff0c\u6765\u56de\u4e00\u4e2a\u5c0f\u65f6\u5c31\u7ed3\u675f\u4e86\uff0c\u4f18\u60e0\u4ef7\u95e8\u7968\u8fd8\u898168\u5143\uff0c\u6709\u4e9b\u4e0d\u503c\u3002"", ""date"": ""2017-07-30"", ""score"": 3, ""commentId"": ""204852274"", ""imgs"": [{""small"": ""https://imgs.qunarzz.com/p/tts2/1801/2d/ee5f8dab22224302.jpg_120x120_520eb082.jpg"", ""title"": """", ""big"": ""https://imgs.qunarzz.com/p/tts2/1801/2d/ee5f8dab22224302.jpg""}, {""small"": ""https://imgs.qunarzz.com/p/tts2/1801/a1/532b0b5903535c02.jpg_120x120_cf80b204.jpg"", ""title"": """", ""big"": ""https://imgs.qunarzz.com/p/tts2/1801/a1/532b0b5903535c02.jpg""}, {""small"": ""https://imgs.qunarzz.com/p/tts0/1801/87/7f1f2704dc8ec502.jpg_120x120_af6de622.jpg"", ""title"": """", ""big"": ""https://imgs.qunarzz.com/p/tts0/1801/87/7f1f2704dc8ec502.jpg""}], ""userNickName"": ""2*1"", ""replyCityName"": """", ""cityName"": """"}, {""author"": ""1*7"", ""content"": ""5\u5206\uff0c\u73af\u5883\u5f88\u597d\uff0c\u6e29\u6cc9\u6c60\u8d85\u591a,\u6837\u5f0f\u4e5f\u8d85\u591a\uff0c\u5f88\u591a\u8fd8\u662f\u5ba4\u5185\u7684\uff0c\u76f8\u6bd4\u73e0\u6d77\u7684\u5fa1\u6e29\u6cc9\u8981\u597d\u5f88\u591a\uff0c\u6c34\u4e0a\u4e50\u56ed\u4e5f\u975e\u5e38\u597d\uff0c\u5929\u4e0d\u51c9\u53bb\u5c0f\u5b69\u5927\u4eba\u90fd\u4f1a\u5f88hi"", ""date"": ""2017-09-17"", ""score"": 5, ""commentId"": ""204591440"", ""imgs"": [], ""userNickName"": ""1*7"", ""replyCityName"": """", ""cityName"": """"}, {""author"": ""M*0"", ""content"": ""\u73af\u5883\u4f18\u7f8e\u7edd\u4f26\u3002\u7a7a\u6c14\u6e05\u65b0\u81ea\u7136\u559c\u6b22"", ""date"": ""2017-10-18"", ""score"": 5, ""commentId"": ""204035272"", ""imgs"": [], ""userNickName"": ""M*0"", ""replyCityName"": """", ""cityName"": """"}, {""author"": ""M*0"", ""content"": ""\u73af\u5883\u4f18\u7f8e\u7edd\u4f26\uff0c\u7a7a\u6c14\u6e05\u65b0\u81ea\u7136\u559c\u6b22\u2764\ufe0f"", ""date"": ""2017-08-30"", ""score"": 5, ""commentId"": ""204716494"", ""imgs"": [], ""userNickName"": ""M*0"", ""replyCityName"": """", ""cityName"": """"}, {""author"": ""M*0"", ""content"": ""\u4e1c\u6c5f\u4e24\u5cb8\u98ce\u666f\u867d\u8bf4\u6bd4\u4e0d\u4e0a\u4e07\u7eff\u6e56\uff0c\u4f46\u5ba2\u5bb6\u59b9\u5b50\u7684\u98ce\u60c5\u8868\u6f14\u5f88\u662f\u7cbe\u5f69\uff0c\u503c\u5f97\u53bb\u770b\u4e00\u770b"", ""date"": ""2017-07-11"", ""score"": 4, ""commentId"": ""204893643"", ""imgs"": [], ""userNickName"": ""M*0"", ""replyCityName"": """", ""cityName"": """"}, {""author"": ""E*7"", ""content"": ""\u5728\u767e\u91cc\u753b\u5eca\u7684\u4e1c\u5cb8\u5c31\u662f\u89c4\u6a21\u8fbe60000\u591a\u4ea9\u7684\u7eff\u7af9\u957f\u5eca,\u60a0\u60a0\u4e1c\u6c5f\u6c34,\u767e\u91cc\u7eff\u7af9\u7f8e,\u5728\u6e05\u6f88\u7518\u7f8e\u7684\u4e1c\u6c5f\u6c34\u7684\u6ecb\u6da6\u4e0b\uff0c\u7eff\u7af9\u957f\u5eca\u66f4\u7ed9\u8fd9\u5357\u56fd\u7684\u753b\u91cc\u6c34\u4e61\u6d82\u62b9\u4e86\u4e00\u7b14\u6e05\u79c0\u3001\u4eae\u6d01\u7684\u8272\u5f69"", ""date"": ""2016-11-21"", ""score"": 5, ""commentId"": ""203916542"", ""imgs"": [], ""userNickName"": ""E*7"", ""replyCityName"": """", ""cityName"": """"}, {""author"": ""1*7"", ""content"": ""\u98ce\u666f\u4e00\u822c\uff0c\u5b9e\u5728\u4e0d\u80fd\u79f0\u4f5c\u753b\u5eca\u3002\u4f46\u6e38\u8239\u8fd8\u53ef\u4ee5\u3002"", ""date"": ""2017-02-25"", ""score"": 3, ""commentId"": ""204933866"", ""imgs"": [], ""userNickName"": ""1*7"", ""replyCityName"": """", ""cityName"": """"}, {""author"": ""2*5"", ""content"": ""\u4e1c\u6c5f\u753b\u5eca\u662f\u96c6\u5ba2\u5bb6\u98ce\u60c5\u3001\u7530\u56ed\u98ce\u5149\u3001\u79d1\u666e\u6559\u80b2\u3001\u519c\u4e1a\u79d1\u6280\u3001\u4f11\u95f2\u5a31\u4e50\u4e8e\u4e00\u4f53\u7684\u5168\u65b0\u65c5\u6e38\u98ce\u666f\u533a\u3002"", ""date"": ""2016-12-27"", ""score"": 5, ""commentId"": ""203811335"", ""imgs"": [], ""userNickName"": ""2*5"", ""replyCityName"": """", ""cityName"": """"}, {""author"": ""1*7"", ""content"": ""\u4e1c\u6c5f\u753b\u5eca\u8fd9\u91cc\u7684\u9910\u9986\u90fd\u5728\u8239\u4e0a\uff0c\u6e38\u5ba2\u5728\u5403\u996d\u7684\u540c\u65f6\u4e5f\u80fd\u611f\u53d7\u5b83\u7684\u6447\u6643\uff0c\u8ba9\u6574\u4e2a\u7528\u9910\u8fc7\u7a0b\u4e2d\u5145\u6ee1\u4e50\u8da3\u3002"", ""date"": ""2016-10-11"", ""score"": 3, ""commentId"": ""204032285"", ""imgs"": [], ""userNickName"": ""1*7"", ""replyCityName"": """", ""cityName"": """"}, {""author"": ""2*1"", ""content"": ""\u4e1c\u6c5f\u753b\u5eca\u4f4d\u4e8e\u6cb3\u6e90\u5e02\u4e1c\u6e90\u53bf\u5883\u5185\u4e1c\u6c5f\u6d41\u57df\uff0c\u5168\u957f\u7ea676\u516c\u91cc\u3002\u5728\u8fd9\u91cc\u53ef\u4ee5\u6b23\u8d4f\u5230\u4e1c\u6c5f\u53ca\u4e24\u5cb8\u53e4\u6734\u3001\u79c0\u7f8e\u7684\u81ea\u7136\u98ce\u5149\uff0c\u4e86\u89e3\u4e1c\u6c5f\u5ba2\u5bb6\u4f20\u7edf\u996e\u98df\u6587\u5316\u3002"", ""date"": ""2016-03-27"", ""score"": 5, ""commentId"": ""204708503"", ""imgs"": [], ""userNickName"": ""2*1"", ""replyCityName"": """", ""cityName"": """"}], ""score"": 4.1, ""commentCount"": 17}, ""statusCode"": 200}"
biubiu风之谷营地,https://qimgs.qunarzz.com/piao_qsight_provider_piao_qsight_web/0101n12000d0h0dr4252E_C_900_504.jpg_280x200_b9d3f74b.jpg,河源市,东源县,河源市东源县新港镇斗背村破头小组叶塘坪02号,-1,-1.0,N/A,https://piao.qunar.com/ticket/detail_669068002.html?st=a3clM0QlRTQlQjglOUMlRTYlQkElOTAlRTUlOEUlQkYlMjZpZCUzRDUyNjU4MyUyNnR5cGUlM0QwJTI2aWR4JTNEOSUyNnF0JTNEJTI2YXBrJTNEMiUyNnNjJTNEV1dXJTI2dXIlM0QlRTQlQjglQUQlRTUlQjElQjElMjZsciUzRCVFNCVCOCVBRCVFNSVCMSVCMSUyNmZ0JTNEJTdCJTdE#from=mpl_search_suggest,48.0,N/A,N/A,1/1-12/31；周一至周日；09:00-23:59开园,https://qimgs.qunarzz.com/piao_qsight_provider_piao_qsight_web/0101n12000d0h0dr4252E_C_900_504.jpg_710x360_7e0d365c.jpg〇https://qimgs.qunarzz.com/piao_qsight_provider_piao_qsight_web/0106g12000d0h0cwh036C_C_900_504_Q90_Mtg_7.jpg_710x360_8d466615.jpg〇https://qimgs.qunarzz.com/piao_qsight_provider_piao_qsight_web/0106q12000d0h0j8t69F8_C_900_504_Q90_Mtg_7.jpg_710x360_0cf0156a.jpg〇https://qimgs.qunarzz.com/piao_qsight_provider_piao_qsight_web/0102a12000d0h005x4F7B_C_900_504_Q90_Mtg_7.jpg_710x360_b6a0f253.jpg〇https://qimgs.qunarzz.com/piao_qsight_provider_piao_qsight_web/0104s12000d0h0j0yE223_C_900_504_Q90_Mtg_7.jpg_710x360_7e198f21.jpg〇https://qimgs.qunarzz.com/piao_qsight_provider_piao_qsight_web/0106912000d0h0gbs7E69_C_900_504_Q90_Mtg_7.jpg_710x360_1915c3a5.jpg〇https://qimgs.qunarzz.com/piao_qsight_provider_piao_qsight_web/0102q12000d0h0a124870_C_900_504_Q90_Mtg_7.jpg_710x360_9f87a985.jpg〇https://qimgs.qunarzz.com/piao_qsight_provider_piao_qsight_web/0105812000d0h0ghg9AD1_C_900_504_Q90_Mtg_7.jpg_710x360_ed938a00.jpg〇https://qimgs.qunarzz.com/piao_qsight_provider_piao_qsight_web/0106u12000d0h0fhq0B0A_C_900_504_Q90_Mtg_7.jpg_710x360_a94faee8.jpg〇https://qimgs.qunarzz.com/piao_qsight_provider_piao_qsight_web/0101n12000d0h0dr4252E_C_900_504_Q90_Mtg_7.jpg_710x360_6ef6bf98.jpg,"{""ret"": true, ""data"": {""tagList"": [{""tagType"": 0, ""tagScore"": 5, ""tagNum"": 0, ""tagName"": ""\u5168\u90e8""}], ""score"": 0.0, ""commentCount"": 0}, ""statusCode"": 200}"
云溪温泉,https://qimgs.qunarzz.com/piao_qsight_provider_piao_qsight_web/100a1f000001grm81726D_C_900_504.jpg_280x200_9c2cb0c5.jpg,河源市,东源县,河源市东源县康禾镇若坝村，近康禾乡政府,24,5.0,休闲娱乐养生的好去处~,https://piao.qunar.com/ticket/detail_1558030211.html?st=a3clM0QlRTQlQjglOUMlRTYlQkElOTAlRTUlOEUlQkYlMjZpZCUzRDQ2NzU4NyUyNnR5cGUlM0QwJTI2aWR4JTNEOCUyNnF0JTNEJTI2YXBrJTNEMiUyNnNjJTNEV1dXJTI2dXIlM0QlRTQlQjglQUQlRTUlQjElQjElMjZsciUzRCVFNCVCOCVBRCVFNSVCMSVCMSUyNmZ0JTNEJTdCJTdE#from=mpl_search_suggest,599.0,N/A,"广东康泉十八国际生态健康旅游城是以医疗、预防、保健、康复、养生、养老、旅游、生态农业、健康文化创新等为经营核心，以开发健康旅游度假公寓、高端养老中心、高端养生酒店、康疗级温泉公园、温泉康疗中心、国际健康管理中心、医疗中心、中医药治疗康复中心、中医药养生园、康体运动公园、生态农业园、高科技农业园、宗教文化禅修中心、健康文化创新产业园等为项目内容，逐步开发建设，推向市场，完善产业链，形成独有健康产业系统的健康综合体。它座落于河源市东源县康禾镇省级自然保护区旁，四周群山环抱，溪水淙淙，天然动植物品种丰富，空气纯净清新，负氧离子浓度高。尤为珍贵的是拥有丰富的高品质温泉，十八眼自然喷涌的天然温泉浑然天成，平均水温83°C,水质清澈无腐蚀，含多种微量元素，尤其含偏硅酸和氡离子。云溪度假村是广东康泉十八国际生态健康旅游城一期当中首先建成开放的体验性项目，共包含四个部分：云溪客栈、云峰居木屋别墅、润峰高尔夫培训中心、露营房车营地。",1/1-12/31；周一至周日；09:00-23:00开园,https://qimgs.qunarzz.com/piao_qsight_provider_piao_qsight_web/100a1f000001grm81726D_C_900_504.jpg_710x360_f7ef633f.jpg〇https://qimgs.qunarzz.com/piao_qsight_provider_piao_qsight_web/100w0m000000dkmuuD1CE_C_900_504_Q90_Mtg_7.jpg_710x360_e9d5205b.jpg〇https://qimgs.qunarzz.com/piao_qsight_provider_piao_qsight_web/100v0m000000dpzb15BC4_C_900_504_Q90_Mtg_7.jpg_710x360_57bbb2d8.jpg〇https://qimgs.qunarzz.com/piao_qsight_provider_piao_qsight_web/100a1f000001grm81726D_C_900_504_Q90_Mtg_7.jpg_710x360_e365265c.jpg〇https://imgs.qunarzz.com/sight/p0/1802/15/15b9f1d99dc6b3f1a3.img.png_710x360_2b76346e.png〇https://imgs.qunarzz.com/sight/p0/1802/83/83f30b9acee8894fa3.img.png_710x360_a1b90c79.png,"{""ret"": true, ""data"": {""tagList"": [{""tagType"": 1, ""tagScore"": 5, ""tagNum"": 24, ""tagName"": ""\u597d\u8bc4""}, {""tagType"": 0, ""tagScore"": 5, ""tagNum"": 24, ""tagName"": ""\u5168\u90e8""}], ""commentList"": [{""author"": ""\u53bb*\u6237"", ""content"": ""\u7528\u6237\u672a\u70b9\u8bc4\uff0c\u7cfb\u7edf\u9ed8\u8ba4\u597d\u8bc4\u3002"", ""date"": ""2024-11-05"", ""score"": 5, ""commentId"": ""238540579"", ""imgs"": [], ""userNickName"": ""\u53bb*\u6237"", ""replyCityName"": """", ""cityName"": """"}, {""author"": ""y*5"", ""content"": ""\u7528\u6237\u672a\u70b9\u8bc4\uff0c\u7cfb\u7edf\u9ed8\u8ba4\u597d\u8bc4\u3002"", ""date"": ""2024-11-03"", ""score"": 5, ""commentId"": ""238248574"", ""imgs"": [], ""userNickName"": ""y*5"", ""replyCityName"": """", ""cityName"": """"}, {""author"": ""u*8"", ""content"": ""\u7528\u6237\u672a\u70b9\u8bc4\uff0c\u7cfb\u7edf\u9ed8\u8ba4\u597d\u8bc4\u3002"", ""date"": ""2024-03-09"", ""score"": 5, ""commentId"": ""231867270"", ""imgs"": [], ""userNickName"": ""u*8"", ""replyCityName"": """", ""cityName"": """"}, {""author"": ""u*2"", ""content"": ""\u7528\u6237\u672a\u70b9\u8bc4\uff0c\u7cfb\u7edf\u9ed8\u8ba4\u597d\u8bc4\u3002"", ""date"": ""2024-03-08"", ""score"": 5, ""commentId"": ""231841210"", ""imgs"": [], ""userNickName"": ""u*2"", ""replyCityName"": """", ""cityName"": """"}, {""author"": ""\u53bb*\u6237"", ""content"": ""\u7528\u6237\u672a\u70b9\u8bc4\uff0c\u7cfb\u7edf\u9ed8\u8ba4\u597d\u8bc4\u3002"", ""date"": ""2024-03-07"", ""score"": 5, ""commentId"": ""231823549"", ""imgs"": [], ""userNickName"": ""\u53bb*\u6237"", ""replyCityName"": """", ""cityName"": """"}, {""author"": ""\u53bb*\u6237"", ""content"": ""\u7528\u6237\u672a\u70b9\u8bc4\uff0c\u7cfb\u7edf\u9ed8\u8ba4\u597d\u8bc4\u3002"", ""date"": ""2024-03-06"", ""score"": 5, ""commentId"": ""231805792"", ""imgs"": [], ""userNickName"": ""\u53bb*\u6237"", ""replyCityName"": """", ""cityName"": """"}, {""author"": ""\u53bb*\u6237"", ""content"": ""\u7528\u6237\u672a\u70b9\u8bc4\uff0c\u7cfb\u7edf\u9ed8\u8ba4\u597d\u8bc4\u3002"", ""date"": ""2024-03-05"", ""score"": 5, ""commentId"": ""231789696"", ""imgs"": [], ""userNickName"": ""\u53bb*\u6237"", ""replyCityName"": """", ""cityName"": """"}, {""author"": ""s*7"", ""content"": ""\u7528\u6237\u672a\u70b9\u8bc4\uff0c\u7cfb\u7edf\u9ed8\u8ba4\u597d\u8bc4\u3002"", ""date"": ""2024-02-09"", ""score"": 5, ""commentId"": ""231361029"", ""imgs"": [], ""userNickName"": ""s*7"", ""replyCityName"": """", ""cityName"": """"}, {""author"": ""p*6"", ""content"": ""\u7528\u6237\u672a\u70b9\u8bc4\uff0c\u7cfb\u7edf\u9ed8\u8ba4\u597d\u8bc4\u3002"", ""date"": ""2023-07-23"", ""score"": 5, ""commentId"": ""226712779"", ""imgs"": [], ""userNickName"": ""p*6"", ""replyCityName"": """", ""cityName"": """"}, {""author"": ""h*2"", ""content"": ""\u7528\u6237\u672a\u70b9\u8bc4\uff0c\u7cfb\u7edf\u9ed8\u8ba4\u597d\u8bc4\u3002"", ""date"": ""2023-06-01"", ""score"": 5, ""commentId"": ""225881367"", ""imgs"": [], ""userNickName"": ""h*2"", ""replyCityName"": """", ""cityName"": """"}], ""score"": 5.0, ""commentCount"": 24}, ""statusCode"": 200}"
紫海印象,https://imgs.qunarzz.com/sight/p0/1703/84/84d81e07e3d4e119a3.water.jpg_280x200_bd3a93a0.jpg,河源市,东源县,广东省东源县康禾镇康泉十八旅游区内,-1,-1.0,让心情在花的世界里放飞,https://piao.qunar.com/ticket/detail_2588409306.html?st=a3clM0QlRTQlQjglOUMlRTYlQkElOTAlRTUlOEUlQkYlMjZpZCUzRDQ2MjUwNyUyNnR5cGUlM0QwJTI2aWR4JTNEMzAlMjZxdCUzRCUyNmFwayUzRDIlMjZzYyUzRFdXVyUyNnVyJTNEJUU0JUI4JUFEJUU1JUIxJUIxJTI2bHIlM0QlRTQlQjglQUQlRTUlQjElQjElMjZmdCUzRCU3QiU3RA%3D%3D#from=mpl_search_suggest,-1.0,N/A,东源紫海印象旅游发展有限公司位于东源县康禾镇康泉十八温泉旅游度假区内，2017年元旦开始试营业，预计3月8日正式开业，园区占地总面积3000余亩 ，园区花卉种类繁多：薰衣草、冰岛虞美人、孔雀草、蓝蝶鼠尾草、粉蝶鼠尾草、林下鼠尾草、醉蝶、千日红、波斯菊、黑心菊、万寿菊、翠菊、松果菊、金鸡菊、向日葵、马鞭草、花葵草、百日草、桃花等几十种。园区包括游乐项目有：鸽子广场、孔雀东南飞、钢丝表演、小蜜蜂、环球飞车、笼中摩托车表演、碰碰车、恐怖城、卡丁车、儿童水上乐园、旋转木马、鸟艺表演等十几种。另外，建有连体LOVE雕塑及音符摆件、灯塔摆件、艾菲尔铁塔、心形拱门等等。一样的花海，不一样的紫海印象；青山绿水秀，花海十里游；聆听花开的声音，放慢忙碌的脚步，让灵魂在紫色的芬芳里畅游，让心情在花的世界里放飞！远离城市喧嚣，漫步百花深处，紫海印象将以健全的服务设施和游客至上的经营理念，为您打造出一个集休闲观光，美食娱乐的为一体的旅游度假胜地！,暂无,https://imgs.qunarzz.com/sight/p0/1703/84/84d81e07e3d4e119a3.water.jpg_710x360_d2e8c5cf.jpg〇https://imgs.qunarzz.com/sight/p0/1703/6f/6f0f56bae45a319ca3.water.jpg_710x360_eb53a8cb.jpg,"{""ret"": true, ""data"": {""tagList"": [{""tagType"": 0, ""tagScore"": 5, ""tagNum"": 0, ""tagName"": ""\u5168\u90e8""}], ""score"": 0.0, ""commentCount"": 0}, ""statusCode"": 200}"
霍山风景区,https://qimgs.qunarzz.com/piao_qsight_provider_piao_qsight_web/10091f000001gsq0c3A53_C_900_504.jpg_280x200_5491c321.jpg,河源市,龙川县,河源市龙川县田心镇东江村,461,4.9,悬崖玻璃栈道绵长而又惊险,https://piao.qunar.com/ticket/detail_2164245151.html?st=a3clM0QlRTklQkUlOTklRTUlQjclOUQlRTUlOEUlQkYlMjZpZCUzRDE2MTEwJTI2dHlwZSUzRDAlMjZpZHglM0QxJTI2cXQlM0QlMjZhcGslM0QyJTI2c2MlM0RXV1clMjZ1ciUzRCVFNCVCOCVBRCVFNSVCMSVCMSUyNmxyJTNEJUU0JUI4JUFEJUU1JUIxJUIxJTI2ZnQlM0QlN0IlN0Q%3D#from=mpl_search_suggest,44.0,4A景区,霍山，位于广东省龙川县中部，距县城20公里处，交通便利。以其险峻的丹崖赤壁和奇岩秀石早已闻名遐迩，是广东七大名山之一。有险峻峰峦三百七十二，著名者计有四十八峰、二十七岩、十三奇石、十一泉池、八大洞府。其中有：酒瓮凌云、雄狮吼龙、太乙仙岩、横岩傲雾、一线曙光、吊谷上棚、地下花园、船头观日、砻衣接佛、玉麟玩月等十大胜景。真是千岩竞秀、万壑争流、峰峰异态、处处奇观。故千百年来许多文人墨客、高僧道士纷至沓来。,1/1-12/31；周一至周日；08:00-17:30开园,https://qimgs.qunarzz.com/piao_qsight_provider_piao_qsight_web/10091f000001gsq0c3A53_C_900_504.jpg_710x360_a3382256.jpg〇https://qimgs.qunarzz.com/piao_qsight_provider_piao_qsight_web/100311000000r66417EE2_C_900_504_Q90_Mtg_7.jpg_710x360_712d21dc.jpg〇https://qimgs.qunarzz.com/piao_qsight_provider_piao_qsight_web/0101o120009d1qamlE296_C_900_504_Q90_Mtg_7.jpg_710x360_f66ce13d.jpg〇https://qimgs.qunarzz.com/piao_qsight_provider_piao_qsight_web/100q11000000r5q99227B_C_900_504_Q90_Mtg_7.jpg_710x360_62c3d733.jpg〇https://qimgs.qunarzz.com/piao_qsight_provider_piao_qsight_web/10091f000001gsq0c3A53_C_900_504_Q90_Mtg_7.jpg_710x360_cb5b34bd.jpg〇https://imgs.qunarzz.com/sight/p0/201403/07/fdccb429785f0af83ac4b63ba4b19222.jpg_710x360_ca77bcc0.jpg〇https://imgs.qunarzz.com/sight/p0/201403/07/5852ae24043e288249cc612c99805209.jpg_710x360_65270329.jpg〇https://imgs.qunarzz.com/sight/p0/201403/07/b9405b3915066d473bc2bc95a11c92b4.jpg_710x360_ce7ac65d.jpg〇https://imgs.qunarzz.com/sight/p0/201403/07/9fd6b5d7e7f0f86ea8713659d57b8625.jpg_710x360_7d6df7ac.jpg,"{""ret"": true, ""data"": {""tagList"": [{""tagType"": 4, ""tagScore"": 5, ""tagNum"": 1, ""tagName"": ""\u53d6\u7968\u65b9\u4fbf""}, {""tagType"": 3, ""tagScore"": 5, ""tagNum"": 8, ""tagName"": ""\u5dee\u8bc4""}, {""tagType"": 2, ""tagScore"": 5, ""tagNum"": 3, ""tagName"": ""\u4e2d\u8bc4""}, {""tagType"": 1, ""tagScore"": 5, ""tagNum"": 450, ""tagName"": ""\u597d\u8bc4""}, {""tagType"": 0, ""tagScore"": 5, ""tagNum"": 461, ""tagName"": ""\u5168\u90e8""}], ""commentList"": [{""author"": ""f*5"", ""content"": ""\u7528\u6237\u672a\u70b9\u8bc4\uff0c\u7cfb\u7edf\u9ed8\u8ba4\u597d\u8bc4\u3002"", ""date"": ""2024-12-03"", ""score"": 5, ""commentId"": ""239069166"", ""imgs"": [], ""userNickName"": ""f*5"", ""replyCityName"": """", ""cityName"": """"}, {""author"": ""\u53bb*\u6237"", ""content"": ""\u7528\u6237\u672a\u70b9\u8bc4\uff0c\u7cfb\u7edf\u9ed8\u8ba4\u597d\u8bc4\u3002"", ""date"": ""2024-12-03"", ""score"": 5, ""commentId"": ""239065722"", ""imgs"": [], ""userNickName"": ""\u53bb*\u6237"", ""replyCityName"": """", ""cityName"": """"}, {""author"": ""v*n"", ""content"": ""\u7528\u6237\u672a\u70b9\u8bc4\uff0c\u7cfb\u7edf\u9ed8\u8ba4\u597d\u8bc4\u3002"", ""date"": ""2024-11-30"", ""score"": 5, ""commentId"": ""239012956"", ""imgs"": [], ""userNickName"": ""v*n"", ""replyCityName"": """", ""cityName"": """"}, {""author"": ""k*1"", ""content"": ""\u7528\u6237\u672a\u70b9\u8bc4\uff0c\u7cfb\u7edf\u9ed8\u8ba4\u597d\u8bc4\u3002"", ""date"": ""2024-11-26"", ""score"": 5, ""commentId"": ""238959561"", ""imgs"": [], ""userNickName"": ""k*1"", ""replyCityName"": """", ""cityName"": """"}, {""author"": ""\u53bb*\u6237"", ""content"": ""\u7528\u6237\u672a\u70b9\u8bc4\uff0c\u7cfb\u7edf\u9ed8\u8ba4\u597d\u8bc4\u3002"", ""date"": ""2024-11-19"", ""score"": 5, ""commentId"": ""238849679"", ""imgs"": [], ""userNickName"": ""\u53bb*\u6237"", ""replyCityName"": """", ""cityName"": """"}, {""author"": ""\u8c22*w"", ""content"": ""\u7528\u6237\u672a\u70b9\u8bc4\uff0c\u7cfb\u7edf\u9ed8\u8ba4\u597d\u8bc4\u3002"", ""date"": ""2024-11-19"", ""score"": 5, ""commentId"": ""238848876"", ""imgs"": [], ""userNickName"": ""\u8c22*w"", ""replyCityName"": """", ""cityName"": """"}, {""author"": ""z*2"", ""content"": ""\u7528\u6237\u672a\u70b9\u8bc4\uff0c\u7cfb\u7edf\u9ed8\u8ba4\u597d\u8bc4\u3002"", ""date"": ""2024-11-09"", ""score"": 5, ""commentId"": ""238706431"", ""imgs"": [], ""userNickName"": ""z*2"", ""replyCityName"": """", ""cityName"": """"}, {""author"": ""z*2"", ""content"": ""\u7528\u6237\u672a\u70b9\u8bc4\uff0c\u7cfb\u7edf\u9ed8\u8ba4\u597d\u8bc4\u3002"", ""date"": ""2024-11-09"", ""score"": 5, ""commentId"": ""238706430"", ""imgs"": [], ""userNickName"": ""z*2"", ""replyCityName"": """", ""cityName"": """"}, {""author"": ""\u53bb*\u6237"", ""content"": ""\u7528\u6237\u672a\u70b9\u8bc4\uff0c\u7cfb\u7edf\u9ed8\u8ba4\u597d\u8bc4\u3002"", ""date"": ""2024-11-06"", ""score"": 5, ""commentId"": ""238628489"", ""imgs"": [], ""userNickName"": ""\u53bb*\u6237"", ""replyCityName"": """", ""cityName"": """"}, {""author"": ""\u53bb*\u6237"", ""content"": ""\u7528\u6237\u672a\u70b9\u8bc4\uff0c\u7cfb\u7edf\u9ed8\u8ba4\u597d\u8bc4\u3002"", ""date"": ""2024-11-06"", ""score"": 5, ""commentId"": ""238627363"", ""imgs"": [], ""userNickName"": ""\u53bb*\u6237"", ""replyCityName"": """", ""cityName"": """"}], ""score"": 4.9, ""commentCount"": 461}, ""statusCode"": 200}"
老衙门,https://imgs.qunarzz.com/sight/p41/201211/00/b59c24bb95aacd7693835fbb.jpg_280x200_68902156.jpg,河源市,东源县,广东省河源市东源县南园古村,-1,-1.0,老衙门的木雕图案也是这座建筑的一大特色,https://piao.qunar.com/ticket/detail_2611845320.html?st=a3clM0QlRTQlQjglOUMlRTYlQkElOTAlRTUlOEUlQkYlMjZpZCUzRDIwNjM2JTI2dHlwZSUzRDAlMjZpZHglM0QyOCUyNnF0JTNEJTI2YXBrJTNEMiUyNnNjJTNEV1dXJTI2dXIlM0QlRTQlQjglQUQlRTUlQjElQjElMjZsciUzRCVFNCVCOCVBRCVFNSVCMSVCMSUyNmZ0JTNEJTdCJTdE#from=mpl_search_suggest,-1.0,N/A,建筑结构和规模 老衙门建于清朝乾隆辛末年（1751年），距今有243年的历史，为三进式府第建筑，面积达2000平方米，由斗门进入。主体分上、中、下厅，另处还有左右巷及两边的厢房，共有40间房，12个天井，11个厅，2条巷。 老衙门由斗门进入，斗门和围墙连在一起，里面有三个门；由正门进去是前、中、后三个厅，及每个厅侧边的两间主人房；还有左门和右门，从左、右两个门进入里面是左巷和右巷，两条巷子把主体建筑和两边的厢房隔开，所以就有一列左厢房和一列右厢房。两列厢房尾部又向横向伸展，形成一个密实的整体。 建筑特色 老衙门的主人是仙塘潘氏十二世――潘世拔，官至江浙温台盐运使副使，乾隆年间带职还乡，老衙门就是他当年回乡之后建的。这幢面积达2000平方米的建筑除了担当其办公场所之余又作为居家住所，所以在*能的设计及雕刻的图案上都与普通的民居建筑有一定的具别，由斗门进入的左侧房子是“点灯房”值班的衙差在这里看护，除了夜晚打更之外还有保卫和传讯的*能，所以斗门上面还有一层楼阁，可以观察更远距离的情况。点灯向外的墙面有一个四方空心的窗户，专门留给衙差了解外面的情况，如夜晚有人敲鼓喊冤就可以从这个窗子伸出盏灯，看清来者何人，再向里面禀报。这是其它客家民居建筑所不具备的设置，也是老衙门的特色之一。 第二，老衙门作为官府公堂，代表当时的朝庭，具有一定的权威性，所以它的地板就与普通的客家民居不同。一般的客家民居，无论主人再有钱，都只能用青砖作为地板。但是老衙门前厅和中厅的地板是用淡红色的花岗岩石铺砌而成的。上厅的地板是普通的青砖，因为后厅只作为供奉祖先的场所。三个厅堂用两种不同的材料做地板，正是由于老衙门的*能决定的，这也是老衙门的又一特色。 第三，老衙门的木雕图案也有其独特之处。龙凤和花虫鸟草是客家民居木雕图案的主要构件，而这里的前厅屏风上面木雕就非常另类：刻的是一位官员意气风发地站着，其前面一只半跪着的猴子双手向他呈上仙桃，“灵猴献桃”寓意官程更加坦荡亨通。中厅屋梁上的木雕图案以龙为之，附以腾云衬托，而未见有凤，因为龙是皇帝的象征，是权力的代表，这样的木雕主题就非常突出。老衙门的木雕图案也是这座建筑的一大特色。,暂无,https://imgs.qunarzz.com/sight/p41/201211/00/b59c24bb95aacd7693835fbb.jpg_710x360_2e15b789.jpg,"{""ret"": true, ""data"": {""tagList"": [{""tagType"": 0, ""tagScore"": 5, ""tagNum"": 0, ""tagName"": ""\u5168\u90e8""}], ""score"": 0.0, ""commentCount"": 0}, ""statusCode"": 200}"
客家民俗博物馆,https://imgs.qunarzz.com/sight/p19/201211/00/6946b129fdf453c693835fbb.jpg_280x200_bfd3b4d1.jpg,河源市,东源县,广东省河源市东源县仙塘镇,-1,-1.0,依托一座古老的“府第式”民居而设立,https://piao.qunar.com/ticket/detail_3946061921.html?st=a3clM0QlRTQlQjglOUMlRTYlQkElOTAlRTUlOEUlQkYlMjZpZCUzRDI0OTQ2JTI2dHlwZSUzRDAlMjZpZHglM0QyNyUyNnF0JTNEJTI2YXBrJTNEMiUyNnNjJTNEV1dXJTI2dXIlM0QlRTQlQjglQUQlRTUlQjElQjElMjZsciUzRCVFNCVCOCVBRCVFNSVCMSVCMSUyNmZ0JTNEJTdCJTdE#from=mpl_search_suggest,-1.0,N/A,位于东源县仙塘镇，距市区12公里，依托一座古老的“府第式”民居----锁头独角楼而设立。,暂无,https://imgs.qunarzz.com/sight/p19/201211/00/6946b129fdf453c693835fbb.jpg_710x360_ea56eeca.jpg〇https://imgs.qunarzz.com/sight/p0/1604/18/184aaa961f1beb3c90.water.jpg_710x360_4f6129bd.jpg〇https://imgs.qunarzz.com/sight/p0/1604/74/74176653dafc183890.water.jpg_710x360_e32b43d6.jpg〇https://imgs.qunarzz.com/sight/p0/1604/eb/ebea75e2217fbed790.water.jpg_710x360_c5b49e6d.jpg〇https://imgs.qunarzz.com/sight/p0/1604/99/9934268d5c08e7cc90.water.jpg_710x360_ad36d346.jpg,"{""ret"": true, ""data"": {""tagList"": [{""tagType"": 0, ""tagScore"": 5, ""tagNum"": 0, ""tagName"": ""\u5168\u90e8""}], ""score"": 0.0, ""commentCount"": 0}, ""statusCode"": 200}"
民族风情表演俱乐部,https://imgs.qunarzz.com/sight/p40/201211/03/9e68b6c86dd0bba093835fbb.jpg_280x200_9a886e6b.jpg,河源市,东源县,广东省河源市新港镇港中路17号新丰江国家森林公园内,-1,-1.0,欢迎来到民族风情表演俱乐部。这里别有一翻风味，每天客家姑娘盛装具有民族特色的服装表演具有客家特色的舞蹈。他们能歌善舞、热,https://piao.qunar.com/ticket/detail_11745137.html?st=a3clM0QlRTQlQjglOUMlRTYlQkElOTAlRTUlOEUlQkYlMjZpZCUzRDIwNTA3JTI2dHlwZSUzRDAlMjZpZHglM0QyNiUyNnF0JTNEJTI2YXBrJTNEMiUyNnNjJTNEV1dXJTI2dXIlM0QlRTQlQjglQUQlRTUlQjElQjElMjZsciUzRCVFNCVCOCVBRCVFNSVCMSVCMSUyNmZ0JTNEJTdCJTdE#from=mpl_search_suggest,-1.0,N/A,欢迎来到民族风情表演俱乐部。这里别有一翻风味，每天客家姑娘盛装具有民族特色的服装表演具有客家特色的舞蹈。他们能歌善舞、热情好客，看客家歌舞表演，甚至会乐不思蜀。表演厅的建筑也独具特色，其材料主要是竹子，对于客家人来说，它象征着步步高升、好运连来。将这份吉祥赐予来往的每一位游客。,暂无,https://imgs.qunarzz.com/sight/p40/201211/03/9e68b6c86dd0bba093835fbb.jpg_710x360_cbb44fa9.jpg,"{""ret"": true, ""data"": {""tagList"": [{""tagType"": 0, ""tagScore"": 5, ""tagNum"": 0, ""tagName"": ""\u5168\u90e8""}], ""score"": 0.0, ""commentCount"": 0}, ""statusCode"": 200}"
叶屋坪湖边渔家度假区,https://imgs.qunarzz.com/sight/p85/201211/06/6c2747b3efe3f0b993835fbb.jpg_280x200_759eb81f.jpg,河源市,东源县,广东省河源市东源县880乡道,-1,-1.0,湖滩广阔天然草地，背枕大南山身临万绿湖,https://piao.qunar.com/ticket/detail_3190310548.html?st=a3clM0QlRTQlQjglOUMlRTYlQkElOTAlRTUlOEUlQkYlMjZpZCUzRDIyNjU0JTI2dHlwZSUzRDAlMjZpZHglM0QyNSUyNnF0JTNEJTI2YXBrJTNEMiUyNnNjJTNEV1dXJTI2dXIlM0QlRTQlQjglQUQlRTUlQjElQjElMjZsciUzRCVFNCVCOCVBRCVFNSVCMSVCMSUyNmZ0JTNEJTdCJTdE#from=mpl_search_suggest,-1.0,N/A,叶屋坪湖边渔家度假度假区设立在万绿湖罕有的广阔湖滩和天然草地上，背枕大南山身临万绿湖。首期建设有8栋共22套高尚后现代客家风格的渔家度假别墅，配套有商务会议室与打饾肆餐厅，周围还设有田园菜地、牧场、稻田、钓鱼场、野趣烧烤场、沙滩排球、野外帐篷区、划船、划竹排、干塘抓鱼、摸虾、骑牛、天然泳场、乡村卡拉OK、烟花汇演等项目。房号房名房型房价执行价平日周末1—A大舅家豪华双人房8804386161—B二舅家豪华大床房8804386162—A大伯家豪华双人房8804386162—B二伯家豪华双人房8804386163—A三叔公家大叔房豪华双人房8804386163—B三叔公房助理房2080104014563—C主房3—D二叔房豪华双人房8804386164—A四哥家豪华双人房8804386164—B四叔家豪华双人房8804386165—A五哥家豪华双人房8804386165—B五婶家豪华双人房8804386166—A伯公家大姑房豪华双人房8804386166—B细叔房豪华双人房8804386166—C伯公房豪华套房12806408966—D细姑房豪华双人房8804386167—A七叔家豪华双人房8804386167—B七哥家豪华双人房8804386168—A1姐婆家姐婆房豪华大床房178089012468—A2细舅房豪华双人房8—B1姑爷家姑爷房豪华大床房178089012468—B2老表房豪华双人房,暂无,https://imgs.qunarzz.com/sight/p85/201211/06/6c2747b3efe3f0b993835fbb.jpg_710x360_c29ae515.jpg,"{""ret"": true, ""data"": {""tagList"": [{""tagType"": 0, ""tagScore"": 5, ""tagNum"": 0, ""tagName"": ""\u5168\u90e8""}], ""score"": 0.0, ""commentCount"": 0}, ""statusCode"": 200}"
奇松,https://imgs.qunarzz.com/sight/p32/201211/06/2af645bbf3aa788193835fbb.jpg_280x200_0d6c2eed.jpg,河源市,东源县,广东省河源市新港镇港中路17号新丰江国家森林公园内,-1,-1.0,植被丰茂而且形态独特,https://piao.qunar.com/ticket/detail_3681730459.html?st=a3clM0QlRTQlQjglOUMlRTYlQkElOTAlRTUlOEUlQkYlMjZpZCUzRDIwNDQ3JTI2dHlwZSUzRDAlMjZpZHglM0QyMyUyNnF0JTNEJTI2YXBrJTNEMiUyNnNjJTNEV1dXJTI2dXIlM0QlRTQlQjglQUQlRTUlQjElQjElMjZsciUzRCVFNCVCOCVBRCVFNSVCMSVCMSUyNmZ0JTNEJTdCJTdE#from=mpl_search_suggest,-1.0,N/A,龙凤岛上植被十分的繁茂而且奇特，极具观赏性，沿着登山路共分布有９棵奇松，传说中龙有九子，而关于龙之原形说有一种龙为树神说即龙之原形是松，传说中的龙，原是树神的化身。中国人对龙的崇拜，是树神崇拜的曲折反映，龙是树神，是植物之神。龙的原型是四季常青的‘松’。松、龙不仅在外部形象上惊人地相似，而且‘龙’的其他属性，与松也同样惊人地相似。传说将科学无法解释的现象用传说轻而易举地得以解释，并同时给了游人一个颇有传奇色彩的心灵寄托。每棵松都有一个美丽的传说：有一松，其形状如一只仙鹤引颈高亢，故名仙鹤松，据说是百花仙子的座椅所变。在仙鹤松的左边有一棵松，其躯杆弯曲成360度的圆，从这个圆的中心望去，湖光山色美不胜收。因圆如满月故名为“水月松”。是当年百花仙子对镜梳妆的地方，也是百花仙子和金童恩爱的见证。,暂无,https://imgs.qunarzz.com/sight/p32/201211/06/2af645bbf3aa788193835fbb.jpg_710x360_dbf6fa0a.jpg,"{""ret"": true, ""data"": {""tagList"": [{""tagType"": 0, ""tagScore"": 5, ""tagNum"": 0, ""tagName"": ""\u5168\u90e8""}], ""score"": 0.0, ""commentCount"": 0}, ""statusCode"": 200}"
凤求凰,https://imgs.qunarzz.com/sight/p27/201211/03/f9d63ed491af29ca93835fbb.jpg_280x200_a84a0784.jpg,河源市,东源县,广东省河源市新港镇港中路17号新丰江国家森林公园内,-1,-1.0,两树下端分离，上端却互相交织缠绕在一起，如一对拥吻的情侣，故称“凤求凰”。怎样长成不得而知，也无须探究。只知道龙凤岛上，,https://piao.qunar.com/ticket/detail_3995157471.html?st=a3clM0QlRTQlQjglOUMlRTYlQkElOTAlRTUlOEUlQkYlMjZpZCUzRDI2NjEzJTI2dHlwZSUzRDAlMjZpZHglM0QyMiUyNnF0JTNEJTI2YXBrJTNEMiUyNnNjJTNEV1dXJTI2dXIlM0QlRTQlQjglQUQlRTUlQjElQjElMjZsciUzRCVFNCVCOCVBRCVFNSVCMSVCMSUyNmZ0JTNEJTdCJTdE#from=mpl_search_suggest,-1.0,N/A,两树下端分离，上端却互相交织缠绕在一起，如一对拥吻的情侣，故称“凤求凰”。怎样长成不得而知，也无须探究。只知道龙凤岛上，连植物都是如此恩爱重情，可见龙凤岛爱情吉祥的确不虚。大家不妨在凤求凰前祈福，求个爱情福愿，有情人终成眷属、家庭幸福、爱情甜蜜。,暂无,https://imgs.qunarzz.com/sight/p27/201211/03/f9d63ed491af29ca93835fbb.jpg_710x360_57d039fb.jpg,"{""ret"": true, ""data"": {""tagList"": [{""tagType"": 0, ""tagScore"": 5, ""tagNum"": 0, ""tagName"": ""\u5168\u90e8""}], ""score"": 0.0, ""commentCount"": 0}, ""statusCode"": 200}"
古炮楼,https://imgs.qunarzz.com/sight/p93/201211/02/62e323d87cd7c1f493835fbb.jpg_280x200_335c0940.jpg,河源市,东源县,广东省河源市东源县南园古村,-1,-1.0,古村落整个防御系统的关键环节,https://piao.qunar.com/ticket/detail_3030230951.html?st=a3clM0QlRTQlQjglOUMlRTYlQkElOTAlRTUlOEUlQkYlMjZpZCUzRDE3ODI4JTI2dHlwZSUzRDAlMjZpZHglM0QyMSUyNnF0JTNEJTI2YXBrJTNEMiUyNnNjJTNEV1dXJTI2dXIlM0QlRTQlQjglQUQlRTUlQjElQjElMjZsciUzRCVFNCVCOCVBRCVFNSVCMSVCMSUyNmZ0JTNEJTdCJTdE#from=mpl_search_suggest,-1.0,N/A,"古炮楼遗址由主楼、地道、典当行遗址和古井组成。高七层，墙身厚度达到80厘米，本地称为“粽墙”。墙身的材料不单是沙、石灰和黄泥，还加入了炒过之后的糯米粉、红糖与沙、石灰和黄泥一起搅拌作成材料建成，使墙身更结实坚固、韧性更大。这座炮楼与新衙门建于同一时期，距今近两百年的历史。炮楼处于新衙门东北角的土坡上，把新衙门和老衙门连为一体。现在所看到的炮楼遗址只有三层，拆毁之前的炮楼有七层高，是“回”字形的楼层结构，中间是一个天井，四周由厚墙和木板砌成。每层楼设有“军火间”还有士兵休息的地方。炮楼里面布置有24门大炮，数百支枪，分布在炮楼四周大小不同的枪炮眼上，t望窗和枪眼遍布四周。 炮楼的北面是潘氏的典当行遗址。它是由潘氏十五世潘宝忠开设的，与新衙门建于同一时期。典当行和古井都隶属炮楼的一部分。典当行外门的门框是青石材料，坚固无比！每一道门都有几层保护，有门竖拦、门板、门竖栓、门横栓等等，外墙上有一排排的枪眼。 古井由炮楼的外墙包围着，在炮楼里面。古井挖于明朝的万历年间，距今有四百多年的历史，古井也是整个炮楼防御系统的一个重要组成部分，因为它使潘家人被敌人围攻时保证了村子里面几百户人家的用水需要,从而抵御了敌人的封锁。 地道设在炮楼里面，连接新衙门，长13米，四周由大青石板砌成，里面拾阶而上，结构牢靠。地道的入口在新衙门左边一条巷子尾部，出口有两个，一个设在炮楼里，另外一个出口在炮楼外面，仅容一个人进出，易守难攻。潘氏族人可以从新衙门地道出口直接上到炮楼，人力的支援、弹药的补充、粮食的供应都是由地道输送到炮楼里面，是古村落整个防御系统的关键环节。",暂无,https://imgs.qunarzz.com/sight/p93/201211/02/62e323d87cd7c1f493835fbb.jpg_710x360_4c4ca806.jpg,"{""ret"": true, ""data"": {""tagList"": [{""tagType"": 0, ""tagScore"": 5, ""tagNum"": 0, ""tagName"": ""\u5168\u90e8""}], ""score"": 0.0, ""commentCount"": 0}, ""statusCode"": 200}"
永思堂,https://imgs.qunarzz.com/sight/p85/201211/05/cc041487c210787293835fbb.jpg_280x200_06fc8053.jpg,河源市,东源县,广东省河源市东源县义合镇苏家围村,-1,-1.0,一直是苏家围人举行祭祀、议事的地方,https://piao.qunar.com/ticket/detail_480307514.html?st=a3clM0QlRTQlQjglOUMlRTYlQkElOTAlRTUlOEUlQkYlMjZpZCUzRDIxMzc2JTI2dHlwZSUzRDAlMjZpZHglM0QyOSUyNnF0JTNEJTI2YXBrJTNEMiUyNnNjJTNEV1dXJTI2dXIlM0QlRTQlQjglQUQlRTUlQjElQjElMjZsciUzRCVFNCVCOCVBRCVFNSVCMSVCMSUyNmZ0JTNEJTdCJTdE#from=mpl_search_suggest,-1.0,N/A,永思堂―――苏家围至今保存的18座古民居中，建于1481年，是为纪念苏家围八世祖苏东山而建，故又称东山苏公祠，一直是苏家围人举行祭祀、议事的地方。古代的官宅建筑式样和大小规模是有讲究的，苏东山曾任广西桂林府推官，这座永思堂就是根据他的官职按朱元璋颁布的官宅府第式建筑风格而建。堂屋主体为三幢，它没有我们常见的正对厅堂的大门，而是在两边开有侧门。据说，这是府第式客家民居的特点，因为客家人认为正对厅堂开门不吉利，古人在建筑上对阴阳风水的讲究从此可见一斑。永思堂已经历了500多年的风雨，至今仍然保存得相当完整，这与它坚固的建筑结构分不开，也与它历史上的影响力和地位分不开。据说在1947年秋，*196师师长葛先才率军路过义合，不顾军旅疲劳直奔永思堂，回去后即令：“烧杀以壮军威不得在苏围，奸淫以供军乐不得在义合”。,暂无,https://imgs.qunarzz.com/sight/p85/201211/05/cc041487c210787293835fbb.jpg_710x360_70826192.jpg,"{""ret"": true, ""data"": {""tagList"": [{""tagType"": 0, ""tagScore"": 5, ""tagNum"": 0, ""tagName"": ""\u5168\u90e8""}], ""score"": 0.0, ""commentCount"": 0}, ""statusCode"": 200}"
河源美思威尔顿,https://imgs.qunarzz.com/sight/p0/1411/1c/eb594aa62b2b9061104ab923ac497e3d.water.jpg_280x200_b8576c5e.jpg,河源市,东源县,广东省河源市东源县新港镇港建路9号（近万绿湖码头）,-1,-1.0,享受舒适温泉，欣赏客家建筑,https://piao.qunar.com/ticket/detail_2652275096.html?st=a3clM0QlRTQlQjglOUMlRTYlQkElOTAlRTUlOEUlQkYlMjZpZCUzRDE5OTAxNSUyNnR5cGUlM0QwJTI2aWR4JTNEMjAlMjZxdCUzRCUyNmFwayUzRDIlMjZzYyUzRFdXVyUyNnVyJTNEJUU0JUI4JUFEJUU1JUIxJUIxJTI2bHIlM0QlRTQlQjglQUQlRTUlQjElQjElMjZmdCUzRCU3QiU3RA%3D%3D#from=mpl_search_suggest,-1.0,N/A,酒店依山傍水，座落在国家AAAA级旅游风景区万绿湖畔边，独有客家围屋风情建筑大楼，是粤东地区一家铂金五星级酒店。作为中国少有的现代客家风情建筑，酒店借鉴了客家民居的外观，正面采用对称形式，而侧面则成为高低错落的不对称形状，屋宇参差、院落重叠，无论从哪个角度来观察都呈现出古朴、庄重、壮观的艺术风格。整个建筑群布局规整、条理井然、主次分明、和谐统一，将客家建筑的特色充分的融入。,暂无,https://imgs.qunarzz.com/sight/p0/1411/1c/eb594aa62b2b9061104ab923ac497e3d.water.jpg_710x360_b8ae80ee.jpg〇https://imgs.qunarzz.com/sight/p0/1411/25/0aae877e6d68f5d4778fbef50e19d7a4.water.jpg_710x360_9cf3d428.jpg〇https://imgs.qunarzz.com/sight/p0/1411/65/2db4042838fb2469bf118b1881ad2049.water.jpg_710x360_dfa1698c.jpg〇https://imgs.qunarzz.com/sight/p0/1411/77/db6e54c7c583d4b8d3bacb992ea92b09.water.jpg_710x360_997b3dac.jpg〇https://imgs.qunarzz.com/sight/p0/1411/ec/f6018b4bf14a25bce92981492d45c8c9.water.jpg_710x360_4cd1877b.jpg,"{""ret"": true, ""data"": {""tagList"": [{""tagType"": 0, ""tagScore"": 5, ""tagNum"": 0, ""tagName"": ""\u5168\u90e8""}], ""score"": 0.0, ""commentCount"": 0}, ""statusCode"": 200}"
镜花缘开心乐园,https://qimgs.qunarzz.com/piao_qsight_provider_piao_qsight_web/1lo6i12000bqfzyew2120_C_900_504.jpg_280x200_40a173f9.jpg,河源市,东源县,广东省河源市东源县新港镇仙缘桥镜花缘旅游区,-1,-1.0,镜花缘开心乐园位于河源万绿湖镜花缘内，地理位置优越，园区设多人秋千、冲天小摆锤、精灵小滚筒、海盗船、七彩滑梯、快乐沙池、,https://piao.qunar.com/ticket/detail_1285089684.html?st=a3clM0QlRTQlQjglOUMlRTYlQkElOTAlRTUlOEUlQkYlMjZpZCUzRDUxOTg0NiUyNnR5cGUlM0QwJTI2aWR4JTNEMTklMjZxdCUzRCUyNmFwayUzRDIlMjZzYyUzRFdXVyUyNnVyJTNEJUU0JUI4JUFEJUU1JUIxJUIxJTI2bHIlM0QlRTQlQjglQUQlRTUlQjElQjElMjZmdCUzRCU3QiU3RA%3D%3D#from=mpl_search_suggest,-1.0,N/A,镜花缘开心乐园位于河源万绿湖镜花缘内，地理位置优越，园区设多人秋千、冲天小摆锤、精灵小滚筒、海盗船、七彩滑梯、快乐沙池、森林高空魔网、丛林攀爬等等游乐项目，是周末休闲娱乐、亲子的好去处。,1/1-12/31；周一至周日；09:30-18:00开园,https://qimgs.qunarzz.com/piao_qsight_provider_piao_qsight_web/1lo6i12000bqfzyew2120_C_900_504.jpg_710x360_87a7c326.jpg〇https://qimgs.qunarzz.com/piao_qsight_provider_piao_qsight_web/1lo6i12000bqg01ftC2C2_C_900_504_Q90_Mtg_7.jpg_710x360_f0d06ba8.jpg〇https://qimgs.qunarzz.com/piao_qsight_provider_piao_qsight_web/1lo2c12000bqg01qn93FF_C_900_504_Q90_Mtg_7.jpg_710x360_d0e28c73.jpg〇https://qimgs.qunarzz.com/piao_qsight_provider_piao_qsight_web/1lo2512000bqg01gvE6E5_C_900_504_Q90_Mtg_7.jpg_710x360_530fd127.jpg〇https://qimgs.qunarzz.com/piao_qsight_provider_piao_qsight_web/1lo6k12000bqg058r9B20_C_900_504_Q90_Mtg_7.jpg_710x360_afa3ce2c.jpg〇https://qimgs.qunarzz.com/piao_qsight_provider_piao_qsight_web/1lo3t12000bqg0dd7A108_C_900_504_Q90_Mtg_7.jpg_710x360_a64d7261.jpg〇https://qimgs.qunarzz.com/piao_qsight_provider_piao_qsight_web/1lo3d12000bqg01sw61E8_C_900_504_Q90_Mtg_7.jpg_710x360_383365d7.jpg〇https://qimgs.qunarzz.com/piao_qsight_provider_piao_qsight_web/1lo3612000bqg08o77A3A_C_900_504_Q90_Mtg_7.jpg_710x360_d925fa34.jpg〇https://qimgs.qunarzz.com/piao_qsight_provider_piao_qsight_web/1lo1u12000bqfzz2sEA32_C_900_504_Q90_Mtg_7.jpg_710x360_9c035d5f.jpg〇https://qimgs.qunarzz.com/piao_qsight_provider_piao_qsight_web/1lo6i12000bqfzyew2120_C_900_504_Q90_Mtg_7.jpg_710x360_1fda99e0.jpg,"{""ret"": true, ""data"": {""tagList"": [{""tagType"": 0, ""tagScore"": 5, ""tagNum"": 0, ""tagName"": ""\u5168\u90e8""}], ""score"": 0.0, ""commentCount"": 0}, ""statusCode"": 200}"
大夫第,https://imgs.qunarzz.com/sight/p56/201211/07/4af2c3255599c88793835fbb.jpg_280x200_6f805fc1.jpg,河源市,东源县,广东省河源市东源县,-1,-1.0,一种身份的标榜、一个家庭的显赫,https://piao.qunar.com/ticket/detail_1126751316.html?st=a3clM0QlRTQlQjglOUMlRTYlQkElOTAlRTUlOEUlQkYlMjZpZCUzRDI0NjIzJTI2dHlwZSUzRDAlMjZpZHglM0QxOCUyNnF0JTNEJTI2YXBrJTNEMiUyNnNjJTNEV1dXJTI2dXIlM0QlRTQlQjglQUQlRTUlQjElQjElMjZsciUzRCVFNCVCOCVBRCVFNSVCMSVCMSUyNmZ0JTNEJTdCJTdE#from=mpl_search_suggest,-1.0,N/A,大夫第建于清朝同治元年（1862年），直到光绪十年（1884年）才建成，历时二十二年，至今有110年的历史。大夫第也是府第式的客家民居建筑，但它只有左巷和左厢房，右巷和右厢房因为土地归属问题而无法建起。所以它的总面积只有1200平方米，不设斗门，取而代之的是与正门对称的门楼。,暂无,https://imgs.qunarzz.com/sight/p56/201211/07/4af2c3255599c88793835fbb.jpg_710x360_a257cadf.jpg,"{""ret"": true, ""data"": {""tagList"": [{""tagType"": 0, ""tagScore"": 5, ""tagNum"": 0, ""tagName"": ""\u5168\u90e8""}], ""score"": 0.0, ""commentCount"": 0}, ""statusCode"": 200}"
河源星光漫步水上乐园,https://qimgs.qunarzz.com/piao_qsight_provider_piao_qsight_web/1lo5012000etgthieEA10_C_900_504.png_280x200_3f26f063.png,河源市,东源县,河源市东源县深业路东源县第三小学西北侧约130米,-1,-1.0,有超大面积随你任意畅游，现场设有多种水上玩乐设施；还设有三条滑道，根本不用担心要排长队，在这体验玩水新花样，打卡水上温和,https://piao.qunar.com/ticket/detail_2904057227.html?st=a3clM0QlRTQlQjglOUMlRTYlQkElOTAlRTUlOEUlQkYlMjZpZCUzRDUyODIzNyUyNnR5cGUlM0QwJTI2aWR4JTNEMTclMjZxdCUzRCUyNmFwayUzRDIlMjZzYyUzRFdXVyUyNnVyJTNEJUU0JUI4JUFEJUU1JUIxJUIxJTI2bHIlM0QlRTQlQjglQUQlRTUlQjElQjElMjZmdCUzRCU3QiU3RA%3D%3D#from=mpl_search_suggest,-1.0,N/A,有超大面积随你任意畅游，现场设有多种水上玩乐设施；还设有三条滑道，根本不用担心要排长队，在这体验玩水新花样，打卡水上温和版的“速度与激情”！带上朋友家人一起去尽情嗨玩吧！一起在水上乐园happy一夏天,07/01-08/31；周一至周日；10:00-22:00开园；（21:30停止入园）,https://qimgs.qunarzz.com/piao_qsight_provider_piao_qsight_web/1lo5012000etgthieEA10_C_900_504.png_710x360_9e9b22b8.png〇https://qimgs.qunarzz.com/piao_qsight_provider_piao_qsight_web/1lo2y12000etgtkn154E7_C_900_504_Q90_Mtg_7.png_710x360_488f05d0.png〇https://qimgs.qunarzz.com/piao_qsight_provider_piao_qsight_web/1lo3q12000etgsluc0133_C_900_504_Q90_Mtg_7.png_710x360_4d6bb310.png〇https://qimgs.qunarzz.com/piao_qsight_provider_piao_qsight_web/1lo5012000etgthieEA10_C_900_504_Q90_Mtg_7.png_710x360_9200685a.png,"{""ret"": true, ""data"": {""tagList"": [{""tagType"": 0, ""tagScore"": 5, ""tagNum"": 0, ""tagName"": ""\u5168\u90e8""}], ""score"": 0.0, ""commentCount"": 0}, ""statusCode"": 200}"
东江小寨,https://qimgs.qunarzz.com/piao_qsight_provider_piao_qsight_web/1lo2p12000c8xb7rm92B5_C_900_504.jpg_280x200_ec0949f9.jpg,河源市,东源县,东源县仙塘镇观塘村到吉小组-“东江画廊”碧道旁,-1,-1.0,N/A,https://piao.qunar.com/ticket/detail_635415427.html?st=a3clM0QlRTQlQjglOUMlRTYlQkElOTAlRTUlOEUlQkYlMjZpZCUzRDUyMjc2OSUyNnR5cGUlM0QwJTI2aWR4JTNEMTYlMjZxdCUzRCUyNmFwayUzRDIlMjZzYyUzRFdXVyUyNnVyJTNEJUU0JUI4JUFEJUU1JUIxJUIxJTI2bHIlM0QlRTQlQjglQUQlRTUlQjElQjElMjZmdCUzRCU3QiU3RA%3D%3D#from=mpl_search_suggest,-1.0,N/A,N/A,1/1-12/31；周一至周日；09:00-22:00开园,https://qimgs.qunarzz.com/piao_qsight_provider_piao_qsight_web/1lo2p12000c8xb7rm92B5_C_900_504.jpg_710x360_44b82dff.jpg〇https://qimgs.qunarzz.com/piao_qsight_provider_piao_qsight_web/1lo1a12000c8xbjogE363_C_900_504_Q90_Mtg_7.jpg_710x360_49444249.jpg〇https://qimgs.qunarzz.com/piao_qsight_provider_piao_qsight_web/1lo1p12000c8xb2fhE4BF_C_900_504_Q90_Mtg_7.jpg_710x360_b0ad3279.jpg〇https://qimgs.qunarzz.com/piao_qsight_provider_piao_qsight_web/1lo5i12000c8xb9gbEEFC_C_900_504_Q90_Mtg_7.jpg_710x360_16f678c3.jpg〇https://qimgs.qunarzz.com/piao_qsight_provider_piao_qsight_web/1lo2612000c8xb9427261_C_900_504_Q90_Mtg_7.jpg_710x360_bd1d526c.jpg〇https://qimgs.qunarzz.com/piao_qsight_provider_piao_qsight_web/1lo2p12000c8xb7rm92B5_C_900_504_Q90_Mtg_7.jpg_710x360_52e0ccda.jpg,"{""ret"": true, ""data"": {""tagList"": [{""tagType"": 0, ""tagScore"": 5, ""tagNum"": 0, ""tagName"": ""\u5168\u90e8""}], ""score"": 0.0, ""commentCount"": 0}, ""statusCode"": 200}"
万绿湖美思威尔顿酒店汤泉,https://qimgs.qunarzz.com/piao_qsight_provider_piao_qsight_web/01001120009l1o5md987A_C_900_504.jpg_280x200_088049ab.jpg,河源市,东源县,广东省河源市东源县新港镇港建路9号,19,4.8,N/A,https://piao.qunar.com/ticket/detail_2914110391.html?st=a3clM0QlRTQlQjglOUMlRTYlQkElOTAlRTUlOEUlQkYlMjZpZCUzRDQ3MzU3OSUyNnR5cGUlM0QwJTI2aWR4JTNENCUyNnF0JTNEJTI2YXBrJTNEMiUyNnNjJTNEV1dXJTI2dXIlM0QlRTQlQjglQUQlRTUlQjElQjElMjZsciUzRCVFNCVCOCVBRCVFNSVCMSVCMSUyNmZ0JTNEJTdCJTdE#from=mpl_search_suggest,68.0,N/A,N/A,1/1-12/31；周一至周日；16:30-23:59开园；（22:30停止入园）,https://qimgs.qunarzz.com/piao_qsight_provider_piao_qsight_web/01001120009l1o5md987A_C_900_504.jpg_710x360_6ad6b349.jpg〇https://qimgs.qunarzz.com/piao_qsight_provider_piao_qsight_web/0103w120009l1o4y610CC_C_900_504_Q90_Mtg_7.jpg_710x360_4d85e801.jpg〇https://qimgs.qunarzz.com/piao_qsight_provider_piao_qsight_web/0101m120009l1oajy7D57_C_900_504_Q90_Mtg_7.jpg_710x360_104b2495.jpg〇https://qimgs.qunarzz.com/piao_qsight_provider_piao_qsight_web/01001120009l1o5md987A_C_900_504_Q90_Mtg_7.jpg_710x360_8a2dd653.jpg〇https://imgs.qunarzz.com/piao_qsight_web_piao_qsight_web/0104m1200093gx27gD0CA_R_1600_10000.jpg_710x360_35cf7d8a.jpg,"{""ret"": true, ""data"": {""tagList"": [{""tagType"": 3, ""tagScore"": 5, ""tagNum"": 1, ""tagName"": ""\u5dee\u8bc4""}, {""tagType"": 1, ""tagScore"": 5, ""tagNum"": 18, ""tagName"": ""\u597d\u8bc4""}, {""tagType"": 0, ""tagScore"": 5, ""tagNum"": 19, ""tagName"": ""\u5168\u90e8""}], ""commentList"": [{""author"": ""9*7"", ""content"": ""\u7528\u6237\u672a\u70b9\u8bc4\uff0c\u7cfb\u7edf\u9ed8\u8ba4\u597d\u8bc4\u3002"", ""date"": ""2024-05-06"", ""score"": 5, ""commentId"": ""233386413"", ""imgs"": [], ""userNickName"": ""9*7"", ""replyCityName"": """", ""cityName"": """"}, {""author"": ""\u53bb*\u6237"", ""content"": ""\u7528\u6237\u672a\u70b9\u8bc4\uff0c\u7cfb\u7edf\u9ed8\u8ba4\u597d\u8bc4\u3002"", ""date"": ""2024-01-02"", ""score"": 5, ""commentId"": ""230932693"", ""imgs"": [], ""userNickName"": ""\u53bb*\u6237"", ""replyCityName"": """", ""cityName"": """"}, {""author"": ""\u53bb*\u6237"", ""content"": ""\u7528\u6237\u672a\u70b9\u8bc4\uff0c\u7cfb\u7edf\u9ed8\u8ba4\u597d\u8bc4\u3002"", ""date"": ""2024-01-02"", ""score"": 5, ""commentId"": ""230932573"", ""imgs"": [], ""userNickName"": ""\u53bb*\u6237"", ""replyCityName"": """", ""cityName"": """"}, {""author"": ""\u4e2d*\u6069"", ""content"": ""\u7528\u6237\u672a\u70b9\u8bc4\uff0c\u7cfb\u7edf\u9ed8\u8ba4\u597d\u8bc4\u3002"", ""date"": ""2023-11-02"", ""score"": 5, ""commentId"": ""229849075"", ""imgs"": [], ""userNickName"": ""\u4e2d*\u6069"", ""replyCityName"": """", ""cityName"": """"}, {""author"": ""\u53bb*\u6237"", ""content"": ""\u7528\u6237\u672a\u70b9\u8bc4\uff0c\u7cfb\u7edf\u9ed8\u8ba4\u597d\u8bc4\u3002"", ""date"": ""2023-06-27"", ""score"": 5, ""commentId"": ""226356011"", ""imgs"": [], ""userNickName"": ""\u53bb*\u6237"", ""replyCityName"": """", ""cityName"": """"}, {""author"": ""o*3"", ""content"": ""\u7528\u6237\u672a\u70b9\u8bc4\uff0c\u7cfb\u7edf\u9ed8\u8ba4\u597d\u8bc4\u3002"", ""date"": ""2023-06-01"", ""score"": 5, ""commentId"": ""225868992"", ""imgs"": [], ""userNickName"": ""o*3"", ""replyCityName"": """", ""cityName"": """"}, {""author"": ""\u4e3a*\u4e3a"", ""content"": ""\u7528\u6237\u672a\u70b9\u8bc4\uff0c\u7cfb\u7edf\u9ed8\u8ba4\u597d\u8bc4\u3002"", ""date"": ""2023-05-30"", ""score"": 5, ""commentId"": ""225683871"", ""imgs"": [], ""userNickName"": ""\u4e3a*\u4e3a"", ""replyCityName"": """", ""cityName"": """"}, {""author"": ""\u4e3a*\u4e3a"", ""content"": ""\u7528\u6237\u672a\u70b9\u8bc4\uff0c\u7cfb\u7edf\u9ed8\u8ba4\u597d\u8bc4\u3002"", ""date"": ""2023-05-30"", ""score"": 5, ""commentId"": ""225682372"", ""imgs"": [], ""userNickName"": ""\u4e3a*\u4e3a"", ""replyCityName"": """", ""cityName"": """"}, {""author"": ""\u53bb*\u6237"", ""content"": ""\u7528\u6237\u672a\u70b9\u8bc4\uff0c\u7cfb\u7edf\u9ed8\u8ba4\u597d\u8bc4\u3002"", ""date"": ""2023-05-15"", ""score"": 5, ""commentId"": ""225481238"", ""imgs"": [], ""userNickName"": ""\u53bb*\u6237"", ""replyCityName"": """", ""cityName"": """"}, {""author"": ""\u53bb*\u6237"", ""content"": ""\u7528\u6237\u672a\u70b9\u8bc4\uff0c\u7cfb\u7edf\u9ed8\u8ba4\u597d\u8bc4\u3002"", ""date"": ""2023-03-04"", ""score"": 5, ""commentId"": ""224603008"", ""imgs"": [], ""userNickName"": ""\u53bb*\u6237"", ""replyCityName"": """", ""cityName"": """"}], ""score"": 4.8, ""commentCount"": 19}, ""statusCode"": 200}"
九里湖畔,https://imgs.qunarzz.com/sight/p0/1801/e8/e823ae17e331b3b4a3.water.jpg_280x200_043370ca.jpg,河源市,东源县,广东省河源市东源县桂山风景旅游区内,-1,-1.0,山青水秀，空气清新,https://piao.qunar.com/ticket/detail_1483730918.html?st=a3clM0QlRTQlQjglOUMlRTYlQkElOTAlRTUlOEUlQkYlMjZpZCUzRDQ2NzI3NCUyNnR5cGUlM0QwJTI2aWR4JTNEMjQlMjZxdCUzRCUyNmFwayUzRDIlMjZzYyUzRFdXVyUyNnVyJTNEJUU0JUI4JUFEJUU1JUIxJUIxJTI2bHIlM0QlRTQlQjglQUQlRTUlQjElQjElMjZmdCUzRCU3QiU3RA%3D%3D#from=mpl_search_suggest,-1.0,N/A,九里湖畔只是万绿湖中的一处新开发出来的景点。于东源县新港镇界内，在万绿湖似鹿角一样的水系中划出一弯水域，环绕该水域修有一绿道，长4.5公里，故名九里湖畔。因这里山青水秀，空气清新，吸引了一些市民前往或步行或骑自行车进行有氧运动。,暂无,https://imgs.qunarzz.com/sight/p0/1801/e8/e823ae17e331b3b4a3.water.jpg_710x360_c049bf83.jpg,"{""ret"": true, ""data"": {""tagList"": [{""tagType"": 0, ""tagScore"": 5, ""tagNum"": 0, ""tagName"": ""\u5168\u90e8""}], ""score"": 0.0, ""commentCount"": 0}, ""statusCode"": 200}"
万绿湖风景区,https://qimgs.qunarzz.com/piao_qsight_provider_piao_qsight_web/100a1f000001grjseA728_C_900_504.jpg_280x200_a52be099.jpg,河源市,东源县,河源市东源县新港镇港中路17号,7541,4.8,因这里四季皆绿而得名,https://piao.qunar.com/ticket/detail_1471372243.html?st=a3clM0QlRTQlQjglOUMlRTYlQkElOTAlRTUlOEUlQkYlMjZpZCUzRDkxMTAlMjZ0eXBlJTNEMCUyNmlkeCUzRDMlMjZxdCUzRCUyNmFwayUzRDIlMjZzYyUzRFdXVyUyNnVyJTNEJUU0JUI4JUFEJUU1JUIxJUIxJTI2bHIlM0QlRTQlQjglQUQlRTUlQjElQjElMjZmdCUzRCU3QiU3RA%3D%3D#from=mpl_search_suggest,175.0,4A景区,万绿湖——，因处处是绿，四季皆绿而得名。她集水域壮美、水质纯美、水色秀美、水性恬美于一身，全国罕见。内设有新丰江国家森林公园与河源新港镇省级自然保护区，被誉为地球北回归线“沙漠腰带的东三奇”之一。370平方公里浩淼碧水，1100平方公里延绵青山，360多个绿色岛屿在蓝天、白云、朝霞、夕阳的映衬下，展现出一幅幅迷人的山水画卷。眼见峰峦叠翠、飞瀑扬波；倾听松涛拍岸、鸟语蝉鸣；体验纯真、天然野趣，万绿湖呈现给您的是一个镜花水月般的人间仙境，一个回归大自然的理想乐园。,1/1-12/31；周一至周日；08:30-16:00开园；（15:00停止入园）,https://qimgs.qunarzz.com/piao_qsight_provider_piao_qsight_web/100a1f000001grjseA728_C_900_504.jpg_710x360_035031de.jpg〇https://qimgs.qunarzz.com/piao_qsight_provider_piao_qsight_web/01061120008an8abu0C7B_C_900_504_Q90_Mtg_7.jpg_710x360_2a182b4b.jpg〇https://qimgs.qunarzz.com/piao_qsight_provider_piao_qsight_web/0104j120008jvx0dj05DD_C_900_504_Q90_Mtg_7.jpg_710x360_ece67cec.jpg〇https://qimgs.qunarzz.com/piao_qsight_provider_piao_qsight_web/0103y120008jvx28d803E_C_900_504_Q90_Mtg_7.jpg_710x360_eecdc3c2.jpg〇https://qimgs.qunarzz.com/piao_qsight_provider_piao_qsight_web/01070120008jvx1haD523_C_900_504_Q90_Mtg_7.jpg_710x360_e74bc04f.jpg〇https://qimgs.qunarzz.com/piao_qsight_provider_piao_qsight_web/0102u12000as6j1b9E727_C_900_504_Q90_Mtg_7.jpg_710x360_4416a507.jpg〇https://qimgs.qunarzz.com/piao_qsight_provider_piao_qsight_web/01049120008an1gfaBD0A_C_900_504_Q90_Mtg_7.jpg_710x360_2d4bf6af.jpg〇https://qimgs.qunarzz.com/piao_qsight_provider_piao_qsight_web/100l10000000od80eA8B4_C_900_504_Q90_Mtg_7.jpg_710x360_167c7bf1.jpg〇https://qimgs.qunarzz.com/piao_qsight_provider_piao_qsight_web/0104j120008jvwwkv70B0_C_900_504_Q90_Mtg_7.jpg_710x360_1c7d9f40.jpg〇https://qimgs.qunarzz.com/piao_qsight_provider_piao_qsight_web/100t10000000od3t5910D_C_900_504_Q90_Mtg_7.jpg_710x360_8f4fdf02.jpg〇https://qimgs.qunarzz.com/piao_qsight_provider_piao_qsight_web/100a1f000001grjseA728_C_900_504_Q90_Mtg_7.jpg_710x360_79cdc464.jpg〇https://imgs.qunarzz.com/sight/p0/201405/22/93a640ebbbe9e6a409e7f88e21676ab9.jpg_710x360_59409a15.jpg〇https://imgs.qunarzz.com/sight/p78/201211/09/381e751833b9987a93835fbb.jpg_710x360_68dabb7e.jpg〇https://imgs.qunarzz.com/sight/p0/201405/22/69a5aeebe4e63e40b98010ca9bbe2213.jpg_710x360_aa8b069f.jpg〇https://imgs.qunarzz.com/sight/p0/201405/22/d16c31b4a9d2dbe099cbef7be1a4e1d4.jpg_710x360_401fac34.jpg〇https://imgs.qunarzz.com/sight/p0/201405/22/238218c3ee6c3a29ebf7cfb1f0f6c82b.jpg_710x360_0e31b54a.jpg〇https://imgs.qunarzz.com/sight/p0/201405/22/fe623af4742db5493d439649e34d1319.jpg_710x360_adb18965.jpg〇https://qimgs.qunarzz.com/piao_qsight_provider_piao_qsight_web/c4820c5f4c7771b5.jpg_710x360_6b4ae1c3.jpg〇https://qimgs.qunarzz.com/piao_qsight_provider_piao_qsight_web/7c3fef6f782e39f7.jpg_710x360_c50c3ba2.jpg〇https://qimgs.qunarzz.com/piao_qsight_provider_piao_qsight_web/40648ded91415816ffffffffc8d65eac.jpg_710x360_0fb3b5ed.jpg〇https://qimgs.qunarzz.com/piao_qsight_provider_piao_qsight_web/84bd6fa6267adb.jpg_710x360_fa77916c.jpg〇https://qimgs.qunarzz.com/piao_qsight_provider_piao_qsight_web/968664c43eece69affffffffc8d65eac.jpg_710x360_57c57e35.jpg〇https://qimgs.qunarzz.com/piao_qsight_provider_piao_qsight_web/1d34e220c04169b5.jpg_710x360_e3043f98.jpg〇https://qimgs.qunarzz.com/piao_qsight_provider_piao_qsight_web/33f61c3a6c76ed02.jpg_710x360_7175e288.jpg〇https://qimgs.qunarzz.com/piao_qsight_provider_piao_qsight_web/6068ec0d6d4beb02.jpg_710x360_60d49142.jpg〇https://qimgs.qunarzz.com/piao_qsight_provider_piao_qsight_web/0706e4ef8fa4f602.jpg_710x360_391c3631.jpg〇https://qimgs.qunarzz.com/piao_qsight_provider_piao_qsight_web/42d33bb558a0e702.jpg_710x360_418b2e9f.jpg〇https://qimgs.qunarzz.com/piao_qsight_provider_piao_qsight_web/d13b3e9b0a525c2f0dfd3858b62f5715.jpg_710x360_c3c71d54.jpg〇https://qimgs.qunarzz.com/piao_qsight_provider_piao_qsight_web/1041f863d57b66915ab31c6d793ff26b.jpg_710x360_8e98f464.jpg〇https://qimgs.qunarzz.com/piao_qsight_provider_piao_qsight_web/c7e4d8effd871e36f4ac09b08f72d91c.jpg_710x360_110adef1.jpg〇https://qimgs.qunarzz.com/piao_qsight_provider_piao_qsight_web/3408a541f4f8bfe027e774dd7eefa52a.jpg_710x360_eaa17c4d.jpg〇https://qimgs.qunarzz.com/piao_qsight_provider_piao_qsight_web/fb435ec5b691c0e5d1e5474ecbd34a9b.jpg_710x360_9580c5ff.jpg〇https://qimgs.qunarzz.com/piao_qsight_provider_piao_qsight_web/f2e147a18c64232eb61bb6a4c77cb959.jpg_710x360_8f009c05.jpg〇https://qimgs.qunarzz.com/piao_qsight_provider_piao_qsight_web/d89463ca828618ab753e392430127128.jpg_710x360_fe88f081.jpg〇https://qimgs.qunarzz.com/piao_qsight_provider_piao_qsight_web/d47d81f022846dd389f351df1294a0af.jpg_710x360_50d78f59.jpg〇https://qimgs.qunarzz.com/piao_qsight_provider_piao_qsight_web/1562094222123100b15000000yv3mf4FB9_D_640_10000.jpg_710x360_0cd72d76.jpg〇https://qimgs.qunarzz.com/piao_qsight_provider_piao_qsight_web/1562094221340100p15000000yruf8024A_D_640_10000.jpg_710x360_4cf9770d.jpg,"{""ret"": true, ""data"": {""tagList"": [{""tagType"": 3, ""tagScore"": 5, ""tagNum"": 45, ""tagName"": ""\u5dee\u8bc4""}, {""tagType"": 2, ""tagScore"": 5, ""tagNum"": 130, ""tagName"": ""\u4e2d\u8bc4""}, {""tagType"": 1, ""tagScore"": 5, ""tagNum"": 7176, ""tagName"": ""\u597d\u8bc4""}, {""tagType"": 0, ""tagScore"": 5, ""tagNum"": 7541, ""tagName"": ""\u5168\u90e8""}, {""tagType"": 99, ""tagScore"": 5, ""tagNum"": 472, ""tagName"": ""\u666f\u8272\u4e0d\u9519""}, {""tagType"": 99, ""tagScore"": 5, ""tagNum"": 181, ""tagName"": ""\u6e38\u8239\u8d4f\u666f""}, {""tagType"": 99, ""tagScore"": 5, ""tagNum"": 30, ""tagName"": ""\u955c\u82b1\u7f18""}], ""commentList"": [{""author"": ""x*6"", ""content"": ""\u666f\u533a\u633a\u6ee1\u610f\u7684\uff0c\u5230\u7684\u65f6\u5019\u6bd4\u8f83\u65e9\uff0c\u670b\u53cb\u5fd8\u5e26\u4f1e\u4e86\u3002\u6e38\u5ba2\u4e2d\u5fc3\u6709\u79df\u501f\u4f1e\u7684\u5730\u65b9\uff0c\u5de5\u4f5c\u4eba\u5458\u5f88\u70ed\u60c5\u3002\u8239\u4e0a\u6709\u5bfc\u6e38\uff0c\u4ecb\u7ecd\u4e07\u7eff\u6e56\u7684\u98ce\u666f\u5f88\u8d34\u5fc3\u3002\u5168\u7a0b3\u4e2a\u5c0f\u65f6\u5de6\u53f3\uff0c\u6e38\u73a9\u65f6\u95f4\u504f\u7d27\u5f20\uff0c\u7b2c\u4e8c\u4e2a\u5c9b\u4e0a\u8282\u76ee\u8868\u6f14\u6ca1\u770b\u5b8c\u6709\u70b9\u53ef\u60dc\u3002\u73b0\u5728\u51ac\u5929\uff0c\u6c34\u4f4d\u504f\u4f4e\uff0c\u4e5f\u5f88\u6f02\u4eae\uff0c\u4e07\u7eff\u6e56\u7684\u9c7c\u4e5f\u5f88\u597d\u5403\uff0c\u6ca1\u4ec0\u4e48\u8165\u5473\u3002"", ""date"": ""2024-02-05"", ""score"": 5, ""commentId"": ""231324869"", ""imgs"": [{""small"": ""https://qimgs.qunarzz.com/mp_piao_0001/temp7880357857615302687file_1707115039000.jpg_120x120_08b79f63.jpg"", ""title"": """", ""big"": ""https://qimgs.qunarzz.com/mp_piao_0001/temp7880357857615302687file_1707115039000.jpg""}, {""small"": ""https://qimgs.qunarzz.com/mp_piao_0001/temp6620846572251953087file_1707115039000.jpg_120x120_d198f61c.jpg"", ""title"": """", ""big"": ""https://qimgs.qunarzz.com/mp_piao_0001/temp6620846572251953087file_1707115039000.jpg""}, {""small"": ""https://qimgs.qunarzz.com/mp_piao_0001/temp5556750676078187266file_1707115039000.jpg_120x120_493e6f4b.jpg"", ""title"": """", ""big"": ""https://qimgs.qunarzz.com/mp_piao_0001/temp5556750676078187266file_1707115039000.jpg""}, {""small"": ""https://qimgs.qunarzz.com/mp_piao_0001/temp7749731899898332767file_1707115039000.jpg_120x120_5355b0c5.jpg"", ""title"": """", ""big"": ""https://qimgs.qunarzz.com/mp_piao_0001/temp7749731899898332767file_1707115039000.jpg""}], ""userNickName"": ""x*6"", ""replyCityName"": """", ""cityName"": ""\u5e7f\u4e1c""}, {""author"": ""v*6"", ""content"": ""\u7528\u6237\u672a\u70b9\u8bc4\uff0c\u7cfb\u7edf\u9ed8\u8ba4\u597d\u8bc4\u3002"", ""date"": ""2024-12-25"", ""score"": 5, ""commentId"": ""239372704"", ""imgs"": [], ""userNickName"": ""v*6"", ""replyCityName"": """", ""cityName"": """"}, {""author"": ""\u53bb*\u6237"", ""content"": ""\u7528\u6237\u672a\u70b9\u8bc4\uff0c\u7cfb\u7edf\u9ed8\u8ba4\u597d\u8bc4\u3002"", ""date"": ""2024-12-25"", ""score"": 5, ""commentId"": ""239367889"", ""imgs"": [], ""userNickName"": ""\u53bb*\u6237"", ""replyCityName"": """", ""cityName"": """"}, {""author"": ""\u53bb*\u6237"", ""content"": ""\u7528\u6237\u672a\u70b9\u8bc4\uff0c\u7cfb\u7edf\u9ed8\u8ba4\u597d\u8bc4\u3002"", ""date"": ""2024-12-24"", ""score"": 5, ""commentId"": ""239351485"", ""imgs"": [], ""userNickName"": ""\u53bb*\u6237"", ""replyCityName"": """", ""cityName"": """"}, {""author"": ""t*e"", ""content"": ""\u7528\u6237\u672a\u70b9\u8bc4\uff0c\u7cfb\u7edf\u9ed8\u8ba4\u597d\u8bc4\u3002"", ""date"": ""2024-12-23"", ""score"": 5, ""commentId"": ""239330485"", ""imgs"": [], ""userNickName"": ""t*e"", ""replyCityName"": """", ""cityName"": """"}, {""author"": ""\u8461*\u72d7"", ""content"": ""\u7528\u6237\u672a\u70b9\u8bc4\uff0c\u7cfb\u7edf\u9ed8\u8ba4\u597d\u8bc4\u3002"", ""date"": ""2024-12-19"", ""score"": 5, ""commentId"": ""239291578"", ""imgs"": [], ""userNickName"": ""\u8461*\u72d7"", ""replyCityName"": """", ""cityName"": """"}, {""author"": ""M*\u8c2d"", ""content"": ""\u7528\u6237\u672a\u70b9\u8bc4\uff0c\u7cfb\u7edf\u9ed8\u8ba4\u597d\u8bc4\u3002"", ""date"": ""2024-12-18"", ""score"": 5, ""commentId"": ""239281441"", ""imgs"": [], ""userNickName"": ""M*\u8c2d"", ""replyCityName"": """", ""cityName"": """"}, {""author"": ""u*1"", ""content"": ""\u7528\u6237\u672a\u70b9\u8bc4\uff0c\u7cfb\u7edf\u9ed8\u8ba4\u597d\u8bc4\u3002"", ""date"": ""2024-12-18"", ""score"": 5, ""commentId"": ""239280050"", ""imgs"": [], ""userNickName"": ""u*1"", ""replyCityName"": """", ""cityName"": """"}, {""author"": ""L*z"", ""content"": ""\u7528\u6237\u672a\u70b9\u8bc4\uff0c\u7cfb\u7edf\u9ed8\u8ba4\u597d\u8bc4\u3002"", ""date"": ""2024-12-17"", ""score"": 5, ""commentId"": ""239265603"", ""imgs"": [], ""userNickName"": ""L*z"", ""replyCityName"": """", ""cityName"": """"}, {""author"": ""t*8"", ""content"": ""\u7528\u6237\u672a\u70b9\u8bc4\uff0c\u7cfb\u7edf\u9ed8\u8ba4\u597d\u8bc4\u3002"", ""date"": ""2024-12-17"", ""score"": 5, ""commentId"": ""239264563"", ""imgs"": [], ""userNickName"": ""t*8"", ""replyCityName"": """", ""cityName"": """"}], ""score"": 4.8, ""commentCount"": 7541}, ""statusCode"": 200}"
黄龙岩畲族风情旅游区,https://qimgs.qunarzz.com/piao_qsight_provider_piao_qsight_web/0101c12000au16qz8036A_C_900_504.jpg_280x200_2cd2030f.jpg,河源市,东源县,广东省河源市东源县漳溪畲族乡上蓝村黄龙岩畲族风情旅游区附近,188,4.8,溶洞奇特，植物种类众多,https://piao.qunar.com/ticket/detail_4253566658.html?st=a3clM0QlRTQlQjglOUMlRTYlQkElOTAlRTUlOEUlQkYlMjZpZCUzRDE1MzM3JTI2dHlwZSUzRDAlMjZpZHglM0QyJTI2cXQlM0QlMjZhcGslM0QyJTI2c2MlM0RXV1clMjZ1ciUzRCVFNCVCOCVBRCVFNSVCMSVCMSUyNmxyJTNEJUU0JUI4JUFEJUU1JUIxJUIxJTI2ZnQlM0QlN0IlN0Q%3D#from=mpl_search_suggest,48.0,4A景区,"黄龙岩畲族风情旅游区位于距河源市区59公里的东源县漳溪畲族乡高嶂山脉，占地约20平方公里，由高嶂山、狮型地水库和黄龙岩洞、侧身岩、燕岩石等七个溶洞以及畲族文化展览厅、畲族风情表演等项目组成。黄龙岩溶洞深60米，洞内面积约3900平方米，以幽、深、奇、险而素有""地下龙宫""之称。碧波荡漾的狮型地水库和""禾雀花""等许多岭南罕见的奇花异草也是景区内一道绚丽的风景。景区内的畲族图腾展厅和畲族风情表演可让人领略到独特的畲族风情文化。",1/1-12/31；周一至周日；08:30-17:30开园；（17:00停止入园）,https://qimgs.qunarzz.com/piao_qsight_provider_piao_qsight_web/0101c12000au16qz8036A_C_900_504.jpg_710x360_e3cb3de2.jpg〇https://qimgs.qunarzz.com/piao_qsight_provider_piao_qsight_web/0102a12000au16t1776B0_C_900_504_Q90_Mtg_7.jpg_710x360_19fadadf.jpg〇https://qimgs.qunarzz.com/piao_qsight_provider_piao_qsight_web/0103d12000au16pek2E02_C_900_504_Q90_Mtg_7.jpg_710x360_f9c16834.jpg〇https://qimgs.qunarzz.com/piao_qsight_provider_piao_qsight_web/0101o12000b9wo3rf0CDC_C_900_504_Q90_Mtg_7.jpg_710x360_7ea6785e.jpg〇https://qimgs.qunarzz.com/piao_qsight_provider_piao_qsight_web/0100512000au1797s746F_C_900_504_Q90_Mtg_7.jpg_710x360_5793a986.jpg〇https://qimgs.qunarzz.com/piao_qsight_provider_piao_qsight_web/0101c12000au16qz8036A_C_900_504_Q90_Mtg_7.jpg_710x360_401f2225.jpg〇https://imgs.qunarzz.com/sight/p0/201403/07/e03ef5a6d53fc1e1f9053029cc7b36d3.jpg_710x360_f9fd7e5b.jpg〇https://imgs.qunarzz.com/sight/p0/201403/07/dce4c0db163806db0956f06a21b76007.jpg_710x360_1f8fbe69.jpg〇https://imgs.qunarzz.com/sight/p0/201403/07/0d69113f4958c9134b290c7becf21b84.jpg_710x360_7263c745.jpg〇https://qimgs.qunarzz.com/piao_qsight_provider_piao_qsight_web/1558033317181100i14000000w57lu4D66_D_640_10000.jpg_710x360_9bfc47e4.jpg〇https://qimgs.qunarzz.com/piao_qsight_provider_piao_qsight_web/1558033316945100214000000wdgz77EC8_D_640_10000.jpg_710x360_22f7c94d.jpg〇https://qimgs.qunarzz.com/piao_qsight_provider_piao_qsight_web/1558033316672100c14000000w91az9D18_D_640_10000.jpg_710x360_29256c84.jpg〇https://qimgs.qunarzz.com/piao_qsight_provider_piao_qsight_web/08cee9bda4f52e02.jpg_710x360_8b74a335.jpg〇https://qimgs.qunarzz.com/piao_qsight_provider_piao_qsight_web/182c31e6942a7302.jpg_710x360_f15896c9.jpg〇https://qimgs.qunarzz.com/piao_qsight_provider_piao_qsight_web/e58f3714352d3302.jpg_710x360_da163fc4.jpg〇https://qimgs.qunarzz.com/piao_qsight_provider_piao_qsight_web/e11af5ba82d54b02.jpg_710x360_99808ab4.jpg〇https://qimgs.qunarzz.com/piao_qsight_provider_piao_qsight_web/e6c7fbec194e9602.jpg_710x360_822e1fa8.jpg〇https://qimgs.qunarzz.com/piao_qsight_provider_piao_qsight_web/efd020ab9b594a02.jpg_710x360_51e0dfe3.jpg〇https://qimgs.qunarzz.com/piao_qsight_provider_piao_qsight_web/248559cd2c5ce702.jpg_710x360_c244d0b0.jpg〇https://qimgs.qunarzz.com/piao_qsight_provider_piao_qsight_web/4a0d9b28f5898702.jpg_710x360_f8b76dca.jpg〇https://qimgs.qunarzz.com/piao_qsight_provider_piao_qsight_web/300225e9a22b9502.jpg_710x360_a82eb20f.jpg〇https://qimgs.qunarzz.com/piao_qsight_provider_piao_qsight_web/05fe8947686b5d02.jpg_710x360_d08cda3f.jpg〇https://qimgs.qunarzz.com/piao_qsight_provider_piao_qsight_web/1e18caf8b9b8f902.jpg_710x360_4841106e.jpg〇https://qimgs.qunarzz.com/piao_qsight_provider_piao_qsight_web/4a27459153e00002.jpg_710x360_7a4d8cac.jpg〇https://qimgs.qunarzz.com/piao_qsight_provider_piao_qsight_web/463bd4c22b50b302.jpg_710x360_4a65f04f.jpg〇https://qimgs.qunarzz.com/piao_qsight_provider_piao_qsight_web/66f7b9502511902.jpg_710x360_1968cd80.jpg〇https://qimgs.qunarzz.com/piao_qsight_provider_piao_qsight_web/d03ee7c22b04b502.jpg_710x360_4c9fcdaa.jpg〇https://qimgs.qunarzz.com/piao_qsight_provider_piao_qsight_web/abc6450f5776f302.jpg_710x360_f5514880.jpg〇https://qimgs.qunarzz.com/piao_qsight_provider_piao_qsight_web/fe9e583877037c02.jpg_710x360_a34e70be.jpg,"{""ret"": true, ""data"": {""tagList"": [{""tagType"": 3, ""tagScore"": 5, ""tagNum"": 1, ""tagName"": ""\u5dee\u8bc4""}, {""tagType"": 2, ""tagScore"": 5, ""tagNum"": 8, ""tagName"": ""\u4e2d\u8bc4""}, {""tagType"": 1, ""tagScore"": 5, ""tagNum"": 177, ""tagName"": ""\u597d\u8bc4""}, {""tagType"": 0, ""tagScore"": 5, ""tagNum"": 188, ""tagName"": ""\u5168\u90e8""}], ""commentList"": [{""author"": ""\u53bb*\u6237"", ""content"": ""\u7528\u6237\u672a\u70b9\u8bc4\uff0c\u7cfb\u7edf\u9ed8\u8ba4\u597d\u8bc4\u3002"", ""date"": ""2024-12-03"", ""score"": 5, ""commentId"": ""239067709"", ""imgs"": [], ""userNickName"": ""\u53bb*\u6237"", ""replyCityName"": """", ""cityName"": """"}, {""author"": ""j*7"", ""content"": ""\u7528\u6237\u672a\u70b9\u8bc4\uff0c\u7cfb\u7edf\u9ed8\u8ba4\u597d\u8bc4\u3002"", ""date"": ""2024-11-17"", ""score"": 5, ""commentId"": ""238806209"", ""imgs"": [], ""userNickName"": ""j*7"", ""replyCityName"": """", ""cityName"": """"}, {""author"": ""\u53bb*\u6237"", ""content"": ""\u7528\u6237\u672a\u70b9\u8bc4\uff0c\u7cfb\u7edf\u9ed8\u8ba4\u597d\u8bc4\u3002"", ""date"": ""2024-11-04"", ""score"": 5, ""commentId"": ""238409026"", ""imgs"": [], ""userNickName"": ""\u53bb*\u6237"", ""replyCityName"": """", ""cityName"": """"}, {""author"": ""k*1"", ""content"": ""\u7528\u6237\u672a\u70b9\u8bc4\uff0c\u7cfb\u7edf\u9ed8\u8ba4\u597d\u8bc4\u3002"", ""date"": ""2024-11-03"", ""score"": 5, ""commentId"": ""238278262"", ""imgs"": [], ""userNickName"": ""k*1"", ""replyCityName"": """", ""cityName"": """"}, {""author"": ""c*0"", ""content"": ""\u7528\u6237\u672a\u70b9\u8bc4\uff0c\u7cfb\u7edf\u9ed8\u8ba4\u597d\u8bc4\u3002"", ""date"": ""2024-11-03"", ""score"": 5, ""commentId"": ""238230125"", ""imgs"": [], ""userNickName"": ""c*0"", ""replyCityName"": """", ""cityName"": """"}, {""author"": ""u*9"", ""content"": ""\u7528\u6237\u672a\u70b9\u8bc4\uff0c\u7cfb\u7edf\u9ed8\u8ba4\u597d\u8bc4\u3002"", ""date"": ""2024-11-03"", ""score"": 5, ""commentId"": ""238204512"", ""imgs"": [], ""userNickName"": ""u*9"", ""replyCityName"": """", ""cityName"": """"}, {""author"": ""\u53bb*\u6237"", ""content"": ""\u7528\u6237\u672a\u70b9\u8bc4\uff0c\u7cfb\u7edf\u9ed8\u8ba4\u597d\u8bc4\u3002"", ""date"": ""2024-11-02"", ""score"": 5, ""commentId"": ""238063698"", ""imgs"": [], ""userNickName"": ""\u53bb*\u6237"", ""replyCityName"": """", ""cityName"": """"}, {""author"": ""\u53bb*\u6237"", ""content"": ""\u7528\u6237\u672a\u70b9\u8bc4\uff0c\u7cfb\u7edf\u9ed8\u8ba4\u597d\u8bc4\u3002"", ""date"": ""2024-11-02"", ""score"": 5, ""commentId"": ""238002853"", ""imgs"": [], ""userNickName"": ""\u53bb*\u6237"", ""replyCityName"": """", ""cityName"": """"}, {""author"": ""\u53bb*\u6237"", ""content"": ""\u7528\u6237\u672a\u70b9\u8bc4\uff0c\u7cfb\u7edf\u9ed8\u8ba4\u597d\u8bc4\u3002"", ""date"": ""2024-10-18"", ""score"": 5, ""commentId"": ""237725499"", ""imgs"": [], ""userNickName"": ""\u53bb*\u6237"", ""replyCityName"": """", ""cityName"": """"}, {""author"": ""n*1"", ""content"": ""\u7528\u6237\u672a\u70b9\u8bc4\uff0c\u7cfb\u7edf\u9ed8\u8ba4\u597d\u8bc4\u3002"", ""date"": ""2024-09-27"", ""score"": 5, ""commentId"": ""237306750"", ""imgs"": [], ""userNickName"": ""n*1"", ""replyCityName"": """", ""cityName"": """"}], ""score"": 4.8, ""commentCount"": 188}, ""statusCode"": 200}"
苏家围·东江画廊旅游景区,https://qimgs.qunarzz.com/piao_qsight_provider_piao_qsight_web/7a11421051386302.jpg_280x200_67edb94e.jpg,河源市,东源县,广东省河源市东源县义合镇,256,4.7,有明清时期府第式客家民居,https://piao.qunar.com/ticket/detail_1918456233.html?st=a3clM0QlRTQlQjglOUMlRTYlQkElOTAlRTUlOEUlQkYlMjZpZCUzRDM2NjMlMjZ0eXBlJTNEMCUyNmlkeCUzRDclMjZxdCUzRCUyNmFwayUzRDIlMjZzYyUzRFdXVyUyNnVyJTNEJUU0JUI4JUFEJUU1JUIxJUIxJTI2bHIlM0QlRTQlQjglQUQlRTUlQjElQjElMjZmdCUzRCU3QiU3RA%3D%3D#from=mpl_search_suggest,22.0,N/A,苏家围旅游区经过一年多的开发建设，发生了很大变化，取得了较为明显的经济和社会效益，主要体现在：一是群众收入大幅度增加。据统计，2001年苏家围人均收入2187元，比2000年增加507元。苏家围群众增收的部分，主要来自旅游业。其构成包括旅游区施工期间该村群众的劳务收入、旅游区招聘的该村员工工资、出售农副产品收入、农户接待学生团队、散客就餐的利润等。该村一位80岁高龄的苏大年老伯，仅卖木瓜的收入就达3000多元。今年，由于游客人数倍增和施工项目的增加，苏家围人均旅游收入将超过800元。苏家围旅游区开业至今的直接收入约100万元，间接带动义合镇消费收入500万元，人平收入250元。二是村容村貌明显改观。旅游开发前，该村房前屋后随处可见牛栏、厕所，垃圾遍地，道路坎坷。为给游客营造良好的乡村休闲环境，旅游区组织村民拆除了70余间有碍观瞻的牛栏厕所，并给予适当补偿择地重建。同时建造了4个垃圾池，全村垃圾统一入池，外运填埋。专门聘用3名村民负责打扫全村的环境卫生。还用青砖和鹅卵石修筑了一公里多的环村步行道，安装了路灯。从市区至义合镇的公路正在改造，从义合镇至苏家围的公路已铺上了水泥。群众说，搞了旅游后道路好走了，地面干净了，村子变靓了。,1/1-12/31；周一至周日；08:30-17:30开园,https://qimgs.qunarzz.com/piao_qsight_provider_piao_qsight_web/1lo1n12000b2szzni1D41_C_900_504.jpg_710x360_49a00ec7.jpg〇https://qimgs.qunarzz.com/piao_qsight_provider_piao_qsight_web/0104z1200087cie2z3287_C_900_504_Q90_Mtg_7.jpg_710x360_b5474645.jpg〇https://qimgs.qunarzz.com/piao_qsight_provider_piao_qsight_web/0105v1200087cie3000A5_C_900_504_Q90_Mtg_7.jpg_710x360_61fc56f4.jpg〇https://qimgs.qunarzz.com/piao_qsight_provider_piao_qsight_web/0100m1200087ciibtF059_C_900_504_Q90_Mtg_7.jpg_710x360_2492ec20.jpg〇https://qimgs.qunarzz.com/piao_qsight_provider_piao_qsight_web/0105v120008e0gurz9F7B_C_900_504_Q90_Mtg_7.jpg_710x360_68b7bdd8.jpg〇https://qimgs.qunarzz.com/piao_qsight_provider_piao_qsight_web/1lo1n12000b2szzni1D41_C_900_504_Q90_Mtg_7.jpg_710x360_41bc8431.jpg〇https://qimgs.qunarzz.com/piao_qsight_provider_piao_qsight_web/1559244337374100f14000000x1dbo2A59_D_640_10000.jpg_710x360_90ad7d76.jpg〇https://qimgs.qunarzz.com/piao_qsight_provider_piao_qsight_web/1559244336913100s14000000x887xE1C8_D_640_10000.jpg_710x360_20fd4240.jpg〇https://qimgs.qunarzz.com/piao_qsight_provider_piao_qsight_web/1559244336751100i14000000x06374BC1_D_640_10000.jpg_710x360_8aa6243f.jpg〇https://qimgs.qunarzz.com/piao_qsight_provider_piao_qsight_web/1559244336252100d14000000wzvbi1EF5_D_640_10000.jpg_710x360_abfc8f1d.jpg〇https://qimgs.qunarzz.com/piao_qsight_provider_piao_qsight_web/1552771610353100g12000000s93oi06DE_D_640_10000.jpg_710x360_e6ca5d3a.jpg〇https://qimgs.qunarzz.com/piao_qsight_provider_piao_qsight_web/1552771609907100d12000000s6xheEF6B_D_640_10000.jpg_710x360_f9678258.jpg〇https://qimgs.qunarzz.com/piao_qsight_provider_piao_qsight_web/1552771609637100t12000000s8gin38CC_D_640_10000.jpg_710x360_c81a6772.jpg〇https://qimgs.qunarzz.com/piao_qsight_provider_piao_qsight_web/1552771609095100f12000000s8fhr7BCD_D_640_10000.jpg_710x360_f38d8b6a.jpg〇https://qimgs.qunarzz.com/piao_qsight_provider_piao_qsight_web/1552771608747100c12000000sb1ye42EA_D_640_10000.jpg_710x360_0d301766.jpg〇https://qimgs.qunarzz.com/piao_qsight_provider_piao_qsight_web/0f7b59dea5fca02.jpg_710x360_2d657d79.jpg〇https://qimgs.qunarzz.com/piao_qsight_provider_piao_qsight_web/7a11421051386302.jpg_710x360_ab5b53cd.jpg〇https://qimgs.qunarzz.com/piao_qsight_provider_piao_qsight_web/527e0b4fb659d802.jpg_710x360_1c60f6d6.jpg〇https://qimgs.qunarzz.com/piao_qsight_provider_piao_qsight_web/02c5d39ba2b3eb02.jpg_710x360_55fcb3e6.jpg〇https://qimgs.qunarzz.com/piao_qsight_provider_piao_qsight_web/ac0e98657334c502.jpg_710x360_12a0f159.jpg〇https://qimgs.qunarzz.com/piao_qsight_provider_piao_qsight_web/911911fdfdbb7b02.jpg_710x360_1e45913d.jpg〇https://qimgs.qunarzz.com/piao_qsight_provider_piao_qsight_web/02c5d39ba2b3eb02.jpg_710x360_55fcb3e6.jpg〇https://qimgs.qunarzz.com/piao_qsight_provider_piao_qsight_web/64a4e8cc5848e802.jpg_710x360_a4dae754.jpg〇https://qimgs.qunarzz.com/piao_qsight_provider_piao_qsight_web/a2799e1cfc520c02.jpg_710x360_15bd5feb.jpg〇https://qimgs.qunarzz.com/piao_qsight_provider_piao_qsight_web/1b9f1f01e85cd302.jpg_710x360_4e8bbdcb.jpg〇https://qimgs.qunarzz.com/piao_qsight_provider_piao_qsight_web/3c474e2ca1a37902.jpg_710x360_c868ee30.jpg,"{""ret"": true, ""data"": {""tagList"": [{""tagType"": 32, ""tagScore"": 5, ""tagNum"": 1, ""tagName"": ""\u670d\u52a1\u597d""}, {""tagType"": 16, ""tagScore"": 5, ""tagNum"": 1, ""tagName"": ""\u9760\u8c31""}, {""tagType"": 8, ""tagScore"": 5, ""tagNum"": 2, ""tagName"": ""\u4fbf\u5b9c""}, {""tagType"": 4, ""tagScore"": 5, ""tagNum"": 2, ""tagName"": ""\u53d6\u7968\u65b9\u4fbf""}, {""tagType"": 3, ""tagScore"": 5, ""tagNum"": 3, ""tagName"": ""\u5dee\u8bc4""}, {""tagType"": 2, ""tagScore"": 5, ""tagNum"": 15, ""tagName"": ""\u4e2d\u8bc4""}, {""tagType"": 1, ""tagScore"": 5, ""tagNum"": 234, ""tagName"": ""\u597d\u8bc4""}, {""tagType"": 0, ""tagScore"": 5, ""tagNum"": 256, ""tagName"": ""\u5168\u90e8""}], ""commentList"": [{""author"": ""\u53bb*\u6237"", ""content"": ""\u7528\u6237\u672a\u70b9\u8bc4\uff0c\u7cfb\u7edf\u9ed8\u8ba4\u597d\u8bc4\u3002"", ""date"": ""2024-12-24"", ""score"": 5, ""commentId"": ""239344974"", ""imgs"": [], ""userNickName"": ""\u53bb*\u6237"", ""replyCityName"": """", ""cityName"": """"}, {""author"": ""b*3"", ""content"": ""\u7528\u6237\u672a\u70b9\u8bc4\uff0c\u7cfb\u7edf\u9ed8\u8ba4\u597d\u8bc4\u3002"", ""date"": ""2024-12-18"", ""score"": 5, ""commentId"": ""239286800"", ""imgs"": [], ""userNickName"": ""b*3"", ""replyCityName"": """", ""cityName"": """"}, {""author"": ""j*4"", ""content"": ""\u7528\u6237\u672a\u70b9\u8bc4\uff0c\u7cfb\u7edf\u9ed8\u8ba4\u597d\u8bc4\u3002"", ""date"": ""2024-12-16"", ""score"": 5, ""commentId"": ""239248286"", ""imgs"": [], ""userNickName"": ""j*4"", ""replyCityName"": """", ""cityName"": """"}, {""author"": ""r*k"", ""content"": ""\u7528\u6237\u672a\u70b9\u8bc4\uff0c\u7cfb\u7edf\u9ed8\u8ba4\u597d\u8bc4\u3002"", ""date"": ""2024-12-10"", ""score"": 5, ""commentId"": ""239167583"", ""imgs"": [], ""userNickName"": ""r*k"", ""replyCityName"": """", ""cityName"": """"}, {""author"": ""\u53bb*\u6237"", ""content"": ""\u7528\u6237\u672a\u70b9\u8bc4\uff0c\u7cfb\u7edf\u9ed8\u8ba4\u597d\u8bc4\u3002"", ""date"": ""2024-11-05"", ""score"": 5, ""commentId"": ""238559758"", ""imgs"": [], ""userNickName"": ""\u53bb*\u6237"", ""replyCityName"": """", ""cityName"": """"}, {""author"": ""c*u"", ""content"": ""\u7528\u6237\u672a\u70b9\u8bc4\uff0c\u7cfb\u7edf\u9ed8\u8ba4\u597d\u8bc4\u3002"", ""date"": ""2024-11-05"", ""score"": 5, ""commentId"": ""238541294"", ""imgs"": [], ""userNickName"": ""c*u"", ""replyCityName"": """", ""cityName"": """"}, {""author"": ""c*u"", ""content"": ""\u7528\u6237\u672a\u70b9\u8bc4\uff0c\u7cfb\u7edf\u9ed8\u8ba4\u597d\u8bc4\u3002"", ""date"": ""2024-11-05"", ""score"": 5, ""commentId"": ""238538679"", ""imgs"": [], ""userNickName"": ""c*u"", ""replyCityName"": """", ""cityName"": """"}, {""author"": ""c*u"", ""content"": ""\u7528\u6237\u672a\u70b9\u8bc4\uff0c\u7cfb\u7edf\u9ed8\u8ba4\u597d\u8bc4\u3002"", ""date"": ""2024-11-05"", ""score"": 5, ""commentId"": ""238537473"", ""imgs"": [], ""userNickName"": ""c*u"", ""replyCityName"": """", ""cityName"": """"}, {""author"": ""\u53bb*\u6237"", ""content"": ""\u7528\u6237\u672a\u70b9\u8bc4\uff0c\u7cfb\u7edf\u9ed8\u8ba4\u597d\u8bc4\u3002"", ""date"": ""2024-11-04"", ""score"": 5, ""commentId"": ""238468049"", ""imgs"": [], ""userNickName"": ""\u53bb*\u6237"", ""replyCityName"": """", ""cityName"": """"}, {""author"": ""g*0"", ""content"": ""\u7528\u6237\u672a\u70b9\u8bc4\uff0c\u7cfb\u7edf\u9ed8\u8ba4\u597d\u8bc4\u3002"", ""date"": ""2024-11-04"", ""score"": 5, ""commentId"": ""238467813"", ""imgs"": [], ""userNickName"": ""g*0"", ""replyCityName"": """", ""cityName"": """"}], ""score"": 4.7, ""commentCount"": 256}, ""statusCode"": 200}"
河源叶园温泉,https://qimgs.qunarzz.com/piao_qsight_provider_piao_qsight_web/10041f000001gntew7238_C_900_504.jpg_280x200_2924fa71.jpg,河源市,东源县,广东省河源市东源县154县道9号,1102,4.9,设有别墅温泉区,https://piao.qunar.com/ticket/detail_2825375938.html?st=a3clM0QlRTQlQjglOUMlRTYlQkElOTAlRTUlOEUlQkYlMjZpZCUzRDM4NTM1JTI2dHlwZSUzRDAlMjZpZHglM0QxJTI2cXQlM0QlMjZhcGslM0QyJTI2c2MlM0RXV1clMjZ1ciUzRCVFNCVCOCVBRCVFNSVCMSVCMSUyNmxyJTNEJUU0JUI4JUFEJUU1JUIxJUIxJTI2ZnQlM0QlN0IlN0Q%3D#from=mpl_search_suggest,88.0,4A景区,叶园温泉度假酒店是由深圳市大田洋实业有限公司投资兴建，是一所集休闲度假、娱乐健身、观光旅游、商务会议于一体的综合型五星级度假酒店，总占地面积680余亩。群山环绕酒店环境优雅，空气清新，鸟语花香。这将是河源高端休闲、度假、娱乐的胜地。叶园温泉度假酒店的热水占地面积约3000平方米，有38处泉眼，水温常年保持在63℃左右，日流量达600多吨，温泉主要含有多种有益人体的微量元素，属重碳酸钙低矿化水，对皮肤具有防病治病等保健作用。叶园温泉池区室内外温泉共60多个*能各异的露天温泉池、以寻找客家文化根源为主题。在此基础上我们根据游客的需求精心推出了动、静spa水疗区、山洞文化、旋涡池、冲浪池、客家围、儿童游乐区、别墅温泉区、游泳池等项目。温泉区还配有休息大厅、健身房、桌球室、乒乓球室、网吧、按摩室等*能。叶园温泉度假酒店群山环绕，空气清新，负氧离子含量极高，是名副其实的自然氧吧，清晨白雾笼罩，整个景区沉浸在乳白色的浓雾里，使游客仿佛在腾云驾雾，就像走进了美丽而又神秘的人间仙境。水墨画中景，美若仙境游，亲临叶园温泉，在山雾缭绕的仙境中尽享奢华养生！酒店拥有各类豪华客房、日式房、别墅及木屋共280余间，每栋木屋及别墅设有独立温泉池，让您真正体验尊贵、私密、与世无争的享受。本地特色的中西餐厅及不同规模的会议室一应俱全，同时还设有多*能厅、ktv、棋牌室、美容美发、商场、网球场等配套设施。,1/1-12/31；周一至周日；08:00-23:30开园；（22:00停止入园）,https://qimgs.qunarzz.com/piao_qsight_provider_piao_qsight_web/10041f000001gntew7238_C_900_504.jpg_710x360_94800f46.jpg〇https://qimgs.qunarzz.com/piao_qsight_provider_piao_qsight_web/100u0q000000gbf7o0C56_C_900_504_Q90_Mtg_7.jpg_710x360_21b5054e.jpg〇https://qimgs.qunarzz.com/piao_qsight_provider_piao_qsight_web/10050q000000gdyjqA387_C_900_504_Q90_Mtg_7.jpg_710x360_af5df600.jpg〇https://qimgs.qunarzz.com/piao_qsight_provider_piao_qsight_web/350r1f000001gn8tsF0C1_C_900_504_Q90_Mtg_7.jpg_710x360_1451dbc1.jpg〇https://qimgs.qunarzz.com/piao_qsight_provider_piao_qsight_web/10050q000000gdyjr7326_C_900_504_Q90_Mtg_7.jpg_710x360_f643f841.jpg〇https://qimgs.qunarzz.com/piao_qsight_provider_piao_qsight_web/100k0q000000gfe54EACC_C_900_504_Q90_Mtg_7.jpg_710x360_e6890eec.jpg〇https://qimgs.qunarzz.com/piao_qsight_provider_piao_qsight_web/100k1f000001gt0nm95A8_C_900_504_Q90_Mtg_7.jpg_710x360_b374a94c.jpg〇https://qimgs.qunarzz.com/piao_qsight_provider_piao_qsight_web/100l1f000001gp03uF3ED_C_900_504_Q90_Mtg_7.jpg_710x360_671a8f0b.jpg〇https://qimgs.qunarzz.com/piao_qsight_provider_piao_qsight_web/100f1f000001gousvC065_C_900_504_Q90_Mtg_7.jpg_710x360_8be980e4.jpg〇https://qimgs.qunarzz.com/piao_qsight_provider_piao_qsight_web/100p1f000001gnyy1A0B9_C_900_504_Q90_Mtg_7.jpg_710x360_f6eaa3b3.jpg〇https://qimgs.qunarzz.com/piao_qsight_provider_piao_qsight_web/10041f000001gntew7238_C_900_504_Q90_Mtg_7.jpg_710x360_1a77fc20.jpg〇https://imgs.qunarzz.com/sight/p0/201403/10/88d66f7d969b17752b285842b2a21e91.jpg_710x360_77875dff.jpg〇https://imgs.qunarzz.com/sight/p0/201403/10/81daae679f28ef5fd273688359ae3868.jpg_710x360_fb797155.jpg〇https://imgs.qunarzz.com/sight/p0/201403/10/327daf17ed02da80f5ee036d68da84cb.jpg_710x360_6b10282a.jpg〇https://imgs.qunarzz.com/sight/p0/201403/10/503f66685f5df05af1b3a46cf3aaf417.jpg_710x360_ac3e31d3.jpg〇https://imgs.qunarzz.com/sight/p0/201212/12/91e208018ea5c64893835fbb.jpg_710x360_8308d570.jpg〇https://imgs.qunarzz.com/sight/p0/201212/12/008080c814f7414893835fbb.jpg_710x360_041d7a75.jpg,"{""ret"": true, ""data"": {""tagList"": [{""tagType"": 32, ""tagScore"": 5, ""tagNum"": 7, ""tagName"": ""\u670d\u52a1\u597d""}, {""tagType"": 16, ""tagScore"": 5, ""tagNum"": 10, ""tagName"": ""\u9760\u8c31""}, {""tagType"": 8, ""tagScore"": 5, ""tagNum"": 9, ""tagName"": ""\u4fbf\u5b9c""}, {""tagType"": 4, ""tagScore"": 5, ""tagNum"": 12, ""tagName"": ""\u53d6\u7968\u65b9\u4fbf""}, {""tagType"": 3, ""tagScore"": 5, ""tagNum"": 2, ""tagName"": ""\u5dee\u8bc4""}, {""tagType"": 2, ""tagScore"": 5, ""tagNum"": 11, ""tagName"": ""\u4e2d\u8bc4""}, {""tagType"": 1, ""tagScore"": 5, ""tagNum"": 1079, ""tagName"": ""\u597d\u8bc4""}, {""tagType"": 0, ""tagScore"": 5, ""tagNum"": 1102, ""tagName"": ""\u5168\u90e8""}], ""commentList"": [{""author"": ""c*c"", ""content"": ""\u7528\u6237\u672a\u70b9\u8bc4\uff0c\u7cfb\u7edf\u9ed8\u8ba4\u597d\u8bc4\u3002"", ""date"": ""2024-12-24"", ""score"": 5, ""commentId"": ""239358249"", ""imgs"": [], ""userNickName"": ""c*c"", ""replyCityName"": """", ""cityName"": """"}, {""author"": ""\u53bb*\u6237"", ""content"": ""\u7528\u6237\u672a\u70b9\u8bc4\uff0c\u7cfb\u7edf\u9ed8\u8ba4\u597d\u8bc4\u3002"", ""date"": ""2024-12-17"", ""score"": 5, ""commentId"": ""239266502"", ""imgs"": [], ""userNickName"": ""\u53bb*\u6237"", ""replyCityName"": """", ""cityName"": """"}, {""author"": ""a*9"", ""content"": ""\u7528\u6237\u672a\u70b9\u8bc4\uff0c\u7cfb\u7edf\u9ed8\u8ba4\u597d\u8bc4\u3002"", ""date"": ""2024-12-15"", ""score"": 5, ""commentId"": ""239228438"", ""imgs"": [], ""userNickName"": ""a*9"", ""replyCityName"": """", ""cityName"": """"}, {""author"": ""\u949f*\u5065"", ""content"": ""\u7528\u6237\u672a\u70b9\u8bc4\uff0c\u7cfb\u7edf\u9ed8\u8ba4\u597d\u8bc4\u3002"", ""date"": ""2024-12-14"", ""score"": 5, ""commentId"": ""239220264"", ""imgs"": [], ""userNickName"": ""\u949f*\u5065"", ""replyCityName"": """", ""cityName"": """"}, {""author"": ""R*4"", ""content"": ""\u7528\u6237\u672a\u70b9\u8bc4\uff0c\u7cfb\u7edf\u9ed8\u8ba4\u597d\u8bc4\u3002"", ""date"": ""2024-12-11"", ""score"": 5, ""commentId"": ""239198877"", ""imgs"": [], ""userNickName"": ""R*4"", ""replyCityName"": """", ""cityName"": """"}, {""author"": ""\u53bb*\u6237"", ""content"": ""\u7528\u6237\u672a\u70b9\u8bc4\uff0c\u7cfb\u7edf\u9ed8\u8ba4\u597d\u8bc4\u3002"", ""date"": ""2024-12-07"", ""score"": 5, ""commentId"": ""239128991"", ""imgs"": [], ""userNickName"": ""\u53bb*\u6237"", ""replyCityName"": """", ""cityName"": """"}, {""author"": ""\u53bb*\u6237"", ""content"": ""\u7528\u6237\u672a\u70b9\u8bc4\uff0c\u7cfb\u7edf\u9ed8\u8ba4\u597d\u8bc4\u3002"", ""date"": ""2024-12-05"", ""score"": 5, ""commentId"": ""239109227"", ""imgs"": [], ""userNickName"": ""\u53bb*\u6237"", ""replyCityName"": """", ""cityName"": """"}, {""author"": ""p*1"", ""content"": ""\u7528\u6237\u672a\u70b9\u8bc4\uff0c\u7cfb\u7edf\u9ed8\u8ba4\u597d\u8bc4\u3002"", ""date"": ""2024-12-03"", ""score"": 5, ""commentId"": ""239070708"", ""imgs"": [], ""userNickName"": ""p*1"", ""replyCityName"": """", ""cityName"": """"}, {""author"": ""e*7"", ""content"": ""\u7528\u6237\u672a\u70b9\u8bc4\uff0c\u7cfb\u7edf\u9ed8\u8ba4\u597d\u8bc4\u3002"", ""date"": ""2024-12-02"", ""score"": 5, ""commentId"": ""239053330"", ""imgs"": [], ""userNickName"": ""e*7"", ""replyCityName"": """", ""cityName"": """"}, {""author"": ""\u53bb*\u6237"", ""content"": ""\u7528\u6237\u672a\u70b9\u8bc4\uff0c\u7cfb\u7edf\u9ed8\u8ba4\u597d\u8bc4\u3002"", ""date"": ""2024-12-01"", ""score"": 5, ""commentId"": ""239018651"", ""imgs"": [], ""userNickName"": ""\u53bb*\u6237"", ""replyCityName"": """", ""cityName"": """"}], ""score"": 4.9, ""commentCount"": 1102}, ""statusCode"": 200}"
