景点名称,景点图片,city,county,景点地址,景点参观人数,景点评分,景点短语,景点链接,景点最低价格,景点等级,景点详细信息,景点开放时间,景点图片合集,json
幻境空间体验馆,https://mp-piao-admincp.qunarzz.com/mp_piao_admin_mp_piao_admin/admin/20217/30d54820c6727b9958d585769ab3c5c2.png_280x200_7ef61cce.png,湛江市,霞山区,广东省湛江市霞山区人民西五路民大环宇天地2楼,-1,-1.0,N/A,https://piao.qunar.com/ticket/detail_3755360256.html?st=a3clM0QlRTklOUMlOUUlRTUlQjElQjElRTUlOEMlQkElMjZpZCUzRDUyNTgyOSUyNnR5cGUlM0QwJTI2aWR4JTNEMjMlMjZxdCUzRCUyNmFwayUzRDIlMjZzYyUzRFdXVyUyNnVyJTNEJUU0JUI4JUFEJUU1JUIxJUIxJTI2bHIlM0QlRTQlQjglQUQlRTUlQjElQjElMjZmdCUzRCU3QiU3RA%3D%3D#from=mpl_search_suggest,-1.0,N/A,N/A,暂无,https://mp-piao-admincp.qunarzz.com/mp_piao_admin_mp_piao_admin/admin/20217/30d54820c6727b9958d585769ab3c5c2.png_710x360_c2302e12.png,"{""ret"": true, ""data"": {""tagList"": [{""tagType"": 0, ""tagScore"": 5, ""tagNum"": 0, ""tagName"": ""\u5168\u90e8""}], ""score"": 0.0, ""commentCount"": 0}, ""statusCode"": 200}"
观海长廊,https://qimgs.qunarzz.com/piao_qsight_provider_piao_qsight_web/0106y120009d9v3b6116F_C_900_504.jpg_280x200_98483a47.jpg,湛江市,霞山区,湛江市霞山区观海路99号,-1,-1.0,欣赏种类丰富的棕榈植物,https://piao.qunar.com/ticket/detail_1984397978.html?st=a3clM0QlRTklOUMlOUUlRTUlQjElQjElRTUlOEMlQkElMjZpZCUzRDUyODcwNiUyNnR5cGUlM0QwJTI2aWR4JTNEMjIlMjZxdCUzRCUyNmFwayUzRDIlMjZzYyUzRFdXVyUyNnVyJTNEJUU0JUI4JUFEJUU1JUIxJUIxJTI2bHIlM0QlRTQlQjglQUQlRTUlQjElQjElMjZmdCUzRCU3QiU3RA%3D%3D#from=mpl_search_suggest,-1.0,N/A,N/A,1/1-12/31；周一至周日；全天开放,https://qimgs.qunarzz.com/piao_qsight_provider_piao_qsight_web/0106y120009d9v3b6116F_C_900_504.jpg_710x360_1c03cc3f.jpg〇https://qimgs.qunarzz.com/piao_qsight_provider_piao_qsight_web/0106y120009d9v3b6116F_C_900_504_Q90_Mtg_7.jpg_710x360_8498f2d4.jpg,"{""ret"": true, ""data"": {""tagList"": [{""tagType"": 0, ""tagScore"": 5, ""tagNum"": 0, ""tagName"": ""\u5168\u90e8""}], ""score"": 0.0, ""commentCount"": 0}, ""statusCode"": 200}"
霞山天主教堂(天主教湛江教区),https://qimgs.qunarzz.com/piao_qsight_provider_piao_qsight_web/temp12401952300467084464100f1f000001gq9baA4ED_wmr.jpg_280x200_06e93c0e.jpg,湛江市,霞山区,湛江市霞山区绿荫路85号,-1,-1.0,规模较大的哥特式教堂,https://piao.qunar.com/ticket/detail_2737100718.html?st=a3clM0QlRTklOUMlOUUlRTUlQjElQjElRTUlOEMlQkElMjZpZCUzRDUwOTY0MyUyNnR5cGUlM0QwJTI2aWR4JTNEMjElMjZxdCUzRCUyNmFwayUzRDIlMjZzYyUzRFdXVyUyNnVyJTNEJUU0JUI4JUFEJUU1JUIxJUIxJTI2bHIlM0QlRTQlQjglQUQlRTUlQjElQjElMjZmdCUzRCU3QiU3RA%3D%3D#from=mpl_search_suggest,-1.0,N/A,霞山天主教堂是湛江市 唯 一 的哥特式教堂，也是全国重点教堂之一。主体建筑前墙外延20米至绿荫路；后墙外延6.8米至围墙；左墙外延6.1米至围墙；右墙外延23米至平房，面积2607.66平方米。建设控制地带：沿保护范围线，左、右、后三面各外延20米，前至绿荫路止。天主教堂里的奇花异叶“叉叶木”，在湛江市海滨公园内有五株叉叶木，又名十字架树。此五树有四株坐落在公园中北区，一株在南区娱乐城内。叉叶木果实硕大，椭圆形，表面光滑。十字架树已成为公园一大景观，游人到此，无不驻足观赏。法帝入侵湛江后，天主教随之而入，1900年法籍神父范兰在湛江主持教务期间，提出兴建教堂，1903年由教会筹资建成。砖石钢筋混凝土结构，双尖石塔，建筑面积约600平方米，大厅能容纳近干人，是当时华南地区具 规模的哥特式教堂。1991年列为市重点文物保护单位。,1/1-12/31；周一至周日；全天开放,https://qimgs.qunarzz.com/piao_qsight_provider_piao_qsight_web/temp12401952300467084464100f1f000001gq9baA4ED_wmr.jpg_710x360_6dd4f412.jpg,"{""ret"": true, ""data"": {""tagList"": [{""tagType"": 0, ""tagScore"": 5, ""tagNum"": 0, ""tagName"": ""\u5168\u90e8""}], ""score"": 0.0, ""commentCount"": 0}, ""statusCode"": 200}"
湛江市小象乐园(儿童公园店),https://qimgs.qunarzz.com/piao_qsight_provider_piao_qsight_web/1lo6m12000brq51fq0784_C_900_504.jpg_280x200_0dbffeb7.jpg,湛江市,霞山区,广东省湛江市霞山区解放东路17号,-1,-1.0,N/A,https://piao.qunar.com/ticket/detail_1047755146.html?st=a3clM0QlRTklOUMlOUUlRTUlQjElQjElRTUlOEMlQkElMjZpZCUzRDUyMjk2NiUyNnR5cGUlM0QwJTI2aWR4JTNEMTklMjZxdCUzRCUyNmFwayUzRDIlMjZzYyUzRFdXVyUyNnVyJTNEJUU0JUI4JUFEJUU1JUIxJUIxJTI2bHIlM0QlRTQlQjglQUQlRTUlQjElQjElMjZmdCUzRCU3QiU3RA%3D%3D#from=mpl_search_suggest,-1.0,N/A,N/A,1/1-12/31；周一至周五；10:00-18:00开园,https://qimgs.qunarzz.com/piao_qsight_provider_piao_qsight_web/1lo6m12000brq51fq0784_C_900_504.jpg_710x360_1e927b83.jpg〇https://qimgs.qunarzz.com/piao_qsight_provider_piao_qsight_web/1lo3r12000br4ndh02BDE_C_900_504_Q90_Mtg_7.jpg_710x360_573fb735.jpg〇https://qimgs.qunarzz.com/piao_qsight_provider_piao_qsight_web/1lo3512000br4n9c19FFE_C_900_504_Q90_Mtg_7.jpg_710x360_90c31c8a.jpg〇https://qimgs.qunarzz.com/piao_qsight_provider_piao_qsight_web/0106312000bbdk8ecA1C7_C_900_504_Q90_Mtg_7.jpg_710x360_fa82f370.jpg〇https://qimgs.qunarzz.com/piao_qsight_provider_piao_qsight_web/1lo4012000brpg7rf9428_C_900_504_Q90_Mtg_7.jpg_710x360_fad64d4c.jpg〇https://qimgs.qunarzz.com/piao_qsight_provider_piao_qsight_web/1lo3v12000brq4s70FFF0_C_900_504_Q90_Mtg_7.png_710x360_e390f863.png〇https://qimgs.qunarzz.com/piao_qsight_provider_piao_qsight_web/1lo1112000brq4xoj7C61_C_900_504_Q90_Mtg_7.jpg_710x360_4aa9f43a.jpg〇https://qimgs.qunarzz.com/piao_qsight_provider_piao_qsight_web/1lo5g12000br4mg48C513_C_900_504_Q90_Mtg_7.jpg_710x360_043b13db.jpg〇https://qimgs.qunarzz.com/piao_qsight_provider_piao_qsight_web/1lo4g12000br4n7uuB0CB_C_900_504_Q90_Mtg_7.jpg_710x360_7ea99151.jpg〇https://qimgs.qunarzz.com/piao_qsight_provider_piao_qsight_web/1lo1812000br4muy35FC6_C_900_504_Q90_Mtg_7.jpg_710x360_2df5cbab.jpg〇https://qimgs.qunarzz.com/piao_qsight_provider_piao_qsight_web/1lo6m12000brq51fq0784_C_900_504_Q90_Mtg_7.jpg_710x360_5dd464e3.jpg,"{""ret"": true, ""data"": {""tagList"": [{""tagType"": 0, ""tagScore"": 5, ""tagNum"": 0, ""tagName"": ""\u5168\u90e8""}], ""score"": 0.0, ""commentCount"": 0}, ""statusCode"": 200}"
湛江森林公园欢乐世界,https://imgs.qunarzz.com/sight/p0/1611/4e/4e3cc3483f3beac6a3.water.jpg_280x200_391eabfa.jpg,湛江市,霞山区,广东省湛江市霞山区西南3公里处,-1,-1.0,项目齐全、品味高、性能国内先进的游乐场,https://piao.qunar.com/ticket/detail_2206699848.html?st=a3clM0QlRTklOUMlOUUlRTUlQjElQjElRTUlOEMlQkElMjZpZCUzRDM3MjE3JTI2dHlwZSUzRDAlMjZpZHglM0QxOCUyNnF0JTNEJTI2YXBrJTNEMiUyNnNjJTNEV1dXJTI2dXIlM0QlRTQlQjglQUQlRTUlQjElQjElMjZsciUzRCVFNCVCOCVBRCVFNSVCMSVCMSUyNmZ0JTNEJTdCJTdE#from=mpl_search_suggest,-1.0,N/A,湛江国家森林公园欢乐世界，占地16000多平方米。项目有：旋转迪士高、穿梭时空、飓风飞椅、丛林飞鼠、豪华转马、豪华碰碰车、狂牛、越野追逐车、动物乐队、灯塔转盘、蓝色旋风、小火车、六人旋转小蜜蜂、水上乐园等十四个游乐项目。宗旨是：安全、优质、刺激、享受、服务、猎奇刺激、生态旅游、无限享乐，新春佳节的好去处，森林公园欢乐世界欢迎您！公园已开发景区面积1800亩，有湖水清澈，景色宜人的600亩赤溪湖；融南亚热带林相特色为一体的十片公益林以及集娱乐*能于一身的休闲活动区。先后建设旅游观光瞭望塔、水榭、休闲观景亭多座、愿望广场、欢乐世界、生态园、盆景园、泰国文化村、大型动物表演、森林生态旅游等。公园定位为生态型郊野公园，规划为“一湖四区、“一环九心”。“一湖”即是赤溪湖；“四区”即是动态活动区、湖滨休闲度假区、科教观光区、生态休闲养生区。“一环”即是环湖道路景观带，串联着九大核心*能节点，“九心”即是指核心景区九大核心*能节点，分别为：主入口核心区；生态风情区；野生动物保护区；农业观光区；休闲养生区；湿地保护区；森林保育区；康体活动区；休闲度假区。,08/29-12/31；08:00-22:00开园,https://imgs.qunarzz.com/sight/p0/1611/4e/4e3cc3483f3beac6a3.water.jpg_710x360_6dc9a9ac.jpg〇https://imgs.qunarzz.com/sight/p0/1611/7b/7b8c8930814658d5a3.water.jpg_710x360_27191765.jpg〇https://imgs.qunarzz.com/sight/p0/1611/d4/d49bdec5f35091bba3.water.jpg_710x360_f49c3349.jpg,"{""ret"": true, ""data"": {""tagList"": [{""tagType"": 0, ""tagScore"": 5, ""tagNum"": 0, ""tagName"": ""\u5168\u90e8""}], ""score"": 0.0, ""commentCount"": 0}, ""statusCode"": 200}"
湛江三岭山森林公园,https://imgs.qunarzz.com/sight/p0/201212/19/1bd4ce84ce72fccc93835fbb.jpg_280x200_c5306f88.jpg,湛江市,霞山区,广东省湛江市霞山区百蓬路,-1,-1.0,环山依水，湖光山色，林木茂盛，鸟语花香,https://piao.qunar.com/ticket/detail_4255074545.html?st=a3clM0QlRTklOUMlOUUlRTUlQjElQjElRTUlOEMlQkElMjZpZCUzRDM5MDYwJTI2dHlwZSUzRDAlMjZpZHglM0QxNyUyNnF0JTNEJTI2YXBrJTNEMiUyNnNjJTNEV1dXJTI2dXIlM0QlRTQlQjglQUQlRTUlQjElQjElMjZsciUzRCVFNCVCOCVBRCVFNSVCMSVCMSUyNmZ0JTNEJTdCJTdE#from=mpl_search_suggest,-1.0,3A景区,——湛江市区西南3公里处，公园总面积11081亩，绿化覆盖率100%。是湛江市区重要绿色保护屏障，对降低城市空气污染、净化空气、调节气候、涵养水分起着重要环保作用，被誉为湛江“市肺”。湛江市森林公园以其灵秀的自然景观令人神往。环山依水，湖光山色，大小不一的山岭连绵起伏，山沟峡谷形态各异，林木茂盛，云蒸霞蔚，鸟语花香。是一个集旅游、观光、野炊、烧烤、休闲度假于一体的生态型郊野公园。,01/01-12/31；8:00-18:00开园,https://imgs.qunarzz.com/sight/p0/201212/19/1bd4ce84ce72fccc93835fbb.jpg_710x360_94d8d55f.jpg,"{""ret"": true, ""data"": {""tagList"": [{""tagType"": 0, ""tagScore"": 5, ""tagNum"": 0, ""tagName"": ""\u5168\u90e8""}], ""score"": 0.0, ""commentCount"": 0}, ""statusCode"": 200}"
湛江森林公园欢乐世界,https://qimgs.qunarzz.com/piao_qsight_provider_piao_qsight_web/0105n12000av1x2x5FAAC_C_900_504.jpg_280x200_8e22a4eb.jpg,湛江市,霞山区,西南三公里处广东·三岭山国家森林公园内,-1,-1.0,建有旅游观光瞭望塔,https://piao.qunar.com/ticket/detail_392793319.html?st=a3clM0QlRTklOUMlOUUlRTUlQjElQjElRTUlOEMlQkElMjZpZCUzRDUzNTcxMiUyNnR5cGUlM0QwJTI2aWR4JTNEMjQlMjZxdCUzRCUyNmFwayUzRDIlMjZzYyUzRFdXVyUyNnVyJTNEJUU0JUI4JUFEJUU1JUIxJUIxJTI2bHIlM0QlRTQlQjglQUQlRTUlQjElQjElMjZmdCUzRCU3QiU3RA%3D%3D#from=mpl_search_suggest,-1.0,N/A,N/A,1/1-12/31；周一至周日；09:00-18:00开园；（18:00停止入园）,https://qimgs.qunarzz.com/piao_qsight_provider_piao_qsight_web/0105n12000av1x2x5FAAC_C_900_504.jpg_710x360_c4dc4680.jpg〇https://qimgs.qunarzz.com/piao_qsight_provider_piao_qsight_web/0103412000av1xada6C85_C_900_504_Q90_Mtg_7.jpg_710x360_d22f2795.jpg〇https://qimgs.qunarzz.com/piao_qsight_provider_piao_qsight_web/0100g12000av1xad3599F_C_900_504_Q90_Mtg_7.jpg_710x360_21fae81a.jpg〇https://qimgs.qunarzz.com/piao_qsight_provider_piao_qsight_web/0105p12000av1x54y6F8F_C_900_504_Q90_Mtg_7.jpg_710x360_feba4c0d.jpg〇https://qimgs.qunarzz.com/piao_qsight_provider_piao_qsight_web/0105112000av1x6tq59FF_C_900_504_Q90_Mtg_7.jpg_710x360_d01348db.jpg〇https://qimgs.qunarzz.com/piao_qsight_provider_piao_qsight_web/0105n12000av1x2x5FAAC_C_900_504_Q90_Mtg_7.jpg_710x360_21e5a7f2.jpg,"{""ret"": true, ""data"": {""tagList"": [{""tagType"": 0, ""tagScore"": 5, ""tagNum"": 0, ""tagName"": ""\u5168\u90e8""}], ""score"": 0.0, ""commentCount"": 0}, ""statusCode"": 200}"
湛江Joker真人密室逃脱,https://imgs.qunarzz.com/sight/p0/201309/06/adb91c1f976fb979c8d65eac.jpg_280x200_ab24181d.jpg,湛江市,霞山区,霞山区民治路126号翠园大厦20楼E室(天主教堂旁),-1,-1.0,展现了密室的精髓，体验团队合作的重要,https://piao.qunar.com/ticket/detail_1562417194.html?st=a3clM0QlRTklOUMlOUUlRTUlQjElQjElRTUlOEMlQkElMjZpZCUzRDE5MjQxMyUyNnR5cGUlM0QwJTI2aWR4JTNEMTUlMjZxdCUzRCUyNmFwayUzRDIlMjZzYyUzRFdXVyUyNnVyJTNEJUU0JUI4JUFEJUU1JUIxJUIxJTI2bHIlM0QlRTQlQjglQUQlRTUlQjElQjElMjZmdCUzRCU3QiU3RA%3D%3D#from=mpl_search_suggest,-1.0,N/A,打破了电脑游戏的局限和束缚，原汁原味的展现了密室的精髓，让玩家能过通过自己的双眼和双手，经过逻辑思考和观察力，不断的发现线索和提示，能够顺利的逃脱。整个过程充满了未知性和不确定性，在紧张的场景氛围中，真正的融入到故事背景中去，这是电脑游戏所无法提供的乐趣。,暂无,https://imgs.qunarzz.com/sight/p0/201309/06/adb91c1f976fb979c8d65eac.jpg_710x360_8d74c277.jpg〇https://imgs.qunarzz.com/sight/p0/201309/06/a6950768ae8cf2dec8d65eac.jpg_710x360_fe8b496a.jpg〇https://imgs.qunarzz.com/sight/p0/201309/06/cfed9b2bf192bc98c8d65eac.jpg_710x360_00a6f905.jpg〇https://imgs.qunarzz.com/sight/p0/201309/06/28835309696e03cbc8d65eac.jpg_710x360_dd7d89aa.jpg〇https://imgs.qunarzz.com/sight/p0/201309/06/730b5cd666e8b7afc8d65eac.jpg_710x360_a28590fc.jpg,"{""ret"": true, ""data"": {""tagList"": [{""tagType"": 0, ""tagScore"": 5, ""tagNum"": 0, ""tagName"": ""\u5168\u90e8""}], ""score"": 0.0, ""commentCount"": 0}, ""statusCode"": 200}"
法式风情街,https://imgs.qunarzz.com/sight/p0/1706/3f/3fbcd6304e3053f3a3.water.jpg_280x200_db8f115c.jpg,湛江市,霞山区,广东省湛江市霞山区海滨大道法式风情街（时代广场对面）,-1,-1.0,广东省湛江市“法国风情街” 改造建设范围包括：霞山区青岛路与海滨大道交汇处至海滨西二路与海滨大道交汇处路段，全长783.,https://piao.qunar.com/ticket/detail_456033442.html?st=a3clM0QlRTklOUMlOUUlRTUlQjElQjElRTUlOEMlQkElMjZpZCUzRDQ2NDE4NSUyNnR5cGUlM0QwJTI2aWR4JTNEMjAlMjZxdCUzRCUyNmFwayUzRDIlMjZzYyUzRFdXVyUyNnVyJTNEJUU0JUI4JUFEJUU1JUIxJUIxJTI2bHIlM0QlRTQlQjglQUQlRTUlQjElQjElMjZmdCUzRCU3QiU3RA%3D%3D#from=mpl_search_suggest,-1.0,N/A,广东省湛江市“法国风情街” 改造建设范围包括：霞山区青岛路与海滨大道交汇处至海滨西二路与海滨大道交汇处路段，全长783.72米。街区内座落着广州湾法国公使署、天主教堂、福音堂、法军广州湾指挥部和东方汇理银行广州湾分行等多座法式建筑，市政府在将上述建筑进行保护的同时，在改造方法上主要做好沿街建筑的窗户、阳台、屋顶和外立面改造，突出色彩和线条的运用，将“法国风情街”与海滨公园有机衔接起来，恢复历史原貌，重现欧陆风情。该项目的建设，将成为霞山区城市建设的又一张亮丽名片。,暂无,https://imgs.qunarzz.com/sight/p0/1706/3f/3fbcd6304e3053f3a3.water.jpg_710x360_2ffb7dbd.jpg〇https://imgs.qunarzz.com/sight/p0/1706/ff/ff1a6c5425418d47a3.water.jpg_710x360_4882e302.jpg〇https://imgs.qunarzz.com/sight/p0/1706/e4/e4617a94b61f92a6a3.water.jpg_710x360_e36f9a58.jpg〇https://imgs.qunarzz.com/sight/p0/1706/46/46569ef11bcb847ea3.water.jpg_710x360_00277af6.jpg,"{""ret"": true, ""data"": {""tagList"": [{""tagType"": 0, ""tagScore"": 5, ""tagNum"": 0, ""tagName"": ""\u5168\u90e8""}], ""score"": 0.0, ""commentCount"": 0}, ""statusCode"": 200}"
德宝枚陈花洲,https://qimgs.qunarzz.com/piao_qsight_provider_piao_qsight_web/0102f12000c309pax6743_C_900_504.jpg_280x200_81606976.jpg,湛江市,吴川市,广东省湛江市吴川市黄坡镇大枚陈,-1,-1.0,N/A,https://piao.qunar.com/ticket/detail_3951661728.html?st=a3clM0QlRTUlOTAlQjQlRTUlQjclOUQlRTUlQjglODIlMjZpZCUzRDUyOTYyMyUyNnR5cGUlM0QwJTI2aWR4JTNEMTAlMjZxdCUzRCUyNmFwayUzRDIlMjZzYyUzRFdXVyUyNnVyJTNEJUU0JUI4JUFEJUU1JUIxJUIxJTI2bHIlM0QlRTQlQjglQUQlRTUlQjElQjElMjZmdCUzRCU3QiU3RA%3D%3D#from=mpl_search_suggest,-1.0,N/A,N/A,1/1-12/31；周一至周日；10:00-18:30开园,https://qimgs.qunarzz.com/piao_qsight_provider_piao_qsight_web/0102f12000c309pax6743_C_900_504.jpg_710x360_8aca029f.jpg〇https://qimgs.qunarzz.com/piao_qsight_provider_piao_qsight_web/0102f12000c309pax6743_C_900_504_Q90_Mtg_7.jpg_710x360_b2fae78a.jpg,"{""ret"": true, ""data"": {""tagList"": [{""tagType"": 0, ""tagScore"": 5, ""tagNum"": 0, ""tagName"": ""\u5168\u90e8""}], ""score"": 0.0, ""commentCount"": 0}, ""statusCode"": 200}"
奇趣冰雪乐园,https://mp-piao-admincp.qunarzz.com/mp_piao_admin_mp_piao_admin/admin/20217/30d54820c6727b9958d585769ab3c5c2.png_280x200_7ef61cce.png,湛江市,吴川市,湛江市吴川市海滨街道海港大道60号金沙广场旁,-1,-1.0,奇趣冰雪乐园拥有各式室内冰雕，冰雕造型流光溢彩，趣味横生，仿佛置身于童话般的海洋冰雪乐园。,https://piao.qunar.com/ticket/detail_1230848428.html?st=a3clM0QlRTUlOTAlQjQlRTUlQjclOUQlRTUlQjglODIlMjZpZCUzRDQ3NTAyNiUyNnR5cGUlM0QwJTI2aWR4JTNEOSUyNnF0JTNEJTI2YXBrJTNEMiUyNnNjJTNEV1dXJTI2dXIlM0QlRTQlQjglQUQlRTUlQjElQjElMjZsciUzRCVFNCVCOCVBRCVFNSVCMSVCMSUyNmZ0JTNEJTdCJTdE#from=mpl_search_suggest,-1.0,N/A,奇趣冰雪乐园拥有各式室内冰雕，冰雕造型流光溢彩，趣味横生，仿佛置身于童话般的海洋冰雪乐园。,1/1-12/31；周一至周日；10:00-22:00开园,https://mp-piao-admincp.qunarzz.com/mp_piao_admin_mp_piao_admin/admin/20217/30d54820c6727b9958d585769ab3c5c2.png_710x360_c2302e12.png,"{""ret"": true, ""data"": {""tagList"": [{""tagType"": 0, ""tagScore"": 5, ""tagNum"": 0, ""tagName"": ""\u5168\u90e8""}], ""score"": 0.0, ""commentCount"": 0}, ""statusCode"": 200}"
白衣庵,https://imgs.qunarzz.com/sight/p0/201302/28/a6c40a5ab6afbaa5c8d65eac.jpg_280x200_d1138962.jpg,湛江市,吴川市,广东省湛江吴川市,-1,-1.0,白衣庵在隔湖相望的丛林深处。庵右有一送客山道，直通山巅的“观海楼”，山路门前留有一佳联：“洞口留仙眠石榻，门前送客步云梯,https://piao.qunar.com/ticket/detail_2392047888.html?st=a3clM0QlRTUlOTAlQjQlRTUlQjclOUQlRTUlQjglODIlMjZpZCUzRDY4MTMlMjZ0eXBlJTNEMCUyNmlkeCUzRDglMjZxdCUzRCUyNmFwayUzRDIlMjZzYyUzRFdXVyUyNnVyJTNEJUU0JUI4JUFEJUU1JUIxJUIxJTI2bHIlM0QlRTQlQjglQUQlRTUlQjElQjElMjZmdCUzRCU3QiU3RA%3D%3D#from=mpl_search_suggest,-1.0,N/A,白衣庵在隔湖相望的丛林深处。庵右有一送客山道，直通山巅的“观海楼”，山路门前留有一佳联：“洞口留仙眠石榻，门前送客步云梯”，字迹优美。“观海楼”是一幢三层仿古建筑楼阁，登楼眺望，可见南海碧水连天，回首俯瞰，湖光山色尽收眼底。,暂无,https://imgs.qunarzz.com/sight/p0/201302/28/a6c40a5ab6afbaa5c8d65eac.jpg_710x360_09a0552b.jpg,"{""ret"": true, ""data"": {""tagList"": [{""tagType"": 0, ""tagScore"": 5, ""tagNum"": 0, ""tagName"": ""\u5168\u90e8""}], ""score"": 0.0, ""commentCount"": 0}, ""statusCode"": 200}"
吴阳金海岸,https://imgs.qunarzz.com/sight/p0/201403/07/113918e6042595acc836e3715e7bf028.jpg_280x200_9ab56482.jpg,湛江市,吴川市,广东省湛江市吴川市,3,2.7,吴阳金海岸旅游度假区，位于吴川市吴阳镇区东南1公里的滨海地带，距离吴川市区15公里，总面积12平方公里。南北18公里长的,https://piao.qunar.com/ticket/detail_1768362369.html?st=a3clM0QlRTUlOTAlQjQlRTUlQjclOUQlRTUlQjglODIlMjZpZCUzRDc0ODglMjZ0eXBlJTNEMCUyNmlkeCUzRDclMjZxdCUzRCUyNmFwayUzRDIlMjZzYyUzRFdXVyUyNnVyJTNEJUU0JUI4JUFEJUU1JUIxJUIxJTI2bHIlM0QlRTQlQjglQUQlRTUlQjElQjElMjZmdCUzRCU3QiU3RA%3D%3D#from=mpl_search_suggest,-1.0,N/A,吴阳金海岸旅游度假区，位于吴川市吴阳镇区东南1公里的滨海地带，距离吴川市区15公里，总面积12平方公里。南北18公里长的海岸线，造就了美丽的自然景观，4平方公里的沙滩，沙质细软，海面宽阔，有中国芭堤雅之称。沿海8平方公里的防风林带，绿色覆盖率达75%以上，被联合国定为“人与生物圈”考察点。金海岸风清、水蓝、浪平、沙莹、林绿的天然特色和合理的多*能区域布局，形成了一个以观赏、游览、度假、娱乐、购物为一体的旅游中心。,01/01-12/31；全天开放,https://imgs.qunarzz.com/sight/p0/201403/07/113918e6042595acc836e3715e7bf028.jpg_710x360_6ce050b0.jpg〇https://qimgs.qunarzz.com/piao_qsight_provider_piao_qsight_web/7f0ddeb4a08fc038fe4f65e2e7cb8c0c.jpg_710x360_45a42472.jpg〇https://qimgs.qunarzz.com/piao_qsight_provider_piao_qsight_web/d443a7cc051b5cbbffffffffc8d65eac.jpg_710x360_f3a13133.jpg〇https://qimgs.qunarzz.com/piao_qsight_provider_piao_qsight_web/7d2a2af049b6002.jpg_710x360_1e80e52c.jpg〇https://qimgs.qunarzz.com/piao_qsight_provider_piao_qsight_web/7f0ddeb4a08fc038fe4f65e2e7cb8c0c.jpg_710x360_45a42472.jpg,"{""ret"": true, ""data"": {""tagList"": [{""tagType"": 3, ""tagScore"": 5, ""tagNum"": 2, ""tagName"": ""\u5dee\u8bc4""}, {""tagType"": 1, ""tagScore"": 5, ""tagNum"": 1, ""tagName"": ""\u597d\u8bc4""}, {""tagType"": 0, ""tagScore"": 5, ""tagNum"": 3, ""tagName"": ""\u5168\u90e8""}], ""commentList"": [{""author"": ""\u62fe*8"", ""content"": ""\u6c38\u8fdc\u90fd\u4e0d\u53bb\u8fd9\u4e2a\u7834\u5730\u65b9\uff01"", ""date"": ""2019-08-18"", ""score"": 1, ""commentId"": ""211627118"", ""imgs"": [], ""userNickName"": ""\u62fe*8"", ""replyCityName"": """", ""cityName"": """"}, {""author"": ""l*4"", ""content"": ""\u723d\u6b6a\u6b6a\uff0c\u975e\u5e38\u597d\uff0c\u6709\u673a\u4f1a\u518d\u6765"", ""date"": ""2018-04-20"", ""score"": 5, ""commentId"": ""205885325"", ""imgs"": [{""small"": ""https://imgs.qunarzz.com/piao/fusion/1804/f4/7d2a2af049b6002.jpg_120x120_7535f6db.jpg"", ""title"": """", ""big"": ""https://imgs.qunarzz.com/piao/fusion/1804/f4/7d2a2af049b6002.jpg""}], ""userNickName"": ""l*4"", ""replyCityName"": """", ""cityName"": """"}, {""author"": ""\u5f6d*w"", ""content"": ""\u4e00\u697c\u7684\u8bc4\u8bba\u56fe\u7247\u548c\u4e8b\u5b9e\u4e0d\u7b26\u5408\uff0c\u6211\u662f\u672c\u5730\u4eba\uff0c\u600e\u4e48\u6ca1\u770b\u5230\u8fd9\u5267\u573a\u5462\uff1f"", ""date"": ""2018-06-11"", ""score"": 2, ""commentId"": ""206522262"", ""imgs"": [], ""userNickName"": ""\u5f6d*w"", ""replyCityName"": """", ""cityName"": """"}], ""score"": 2.7, ""commentCount"": 3}, ""statusCode"": 200}"
蛤岭村,https://imgs.qunarzz.com/sight/p0/201302/27/cd7bd6267f799ef9c8d65eac.jpg_280x200_bcb84e15.jpg,湛江市,吴川市,广东省湛江吴川市蛤岭村,-1,-1.0,"蛤岭，名称真有些不太雅致。但，当我们踏进这条不平凡的农村时，蛤岭的名字会忘了，呈现在眼前的和心里的是惊奇的美丽。
通往蛤",https://piao.qunar.com/ticket/detail_3307668830.html?st=a3clM0QlRTUlOTAlQjQlRTUlQjclOUQlRTUlQjglODIlMjZpZCUzRDE0ODk0JTI2dHlwZSUzRDAlMjZpZHglM0Q2JTI2cXQlM0QlMjZhcGslM0QyJTI2c2MlM0RXV1clMjZ1ciUzRCVFNCVCOCVBRCVFNSVCMSVCMSUyNmxyJTNEJUU0JUI4JUFEJUU1JUIxJUIxJTI2ZnQlM0QlN0IlN0Q%3D#from=mpl_search_suggest,-1.0,N/A,蛤岭，名称真有些不太雅致。但，当我们踏进这条不平凡的农村时，蛤岭的名字会忘了，呈现在眼前的和心里的是惊奇的美丽。通往蛤岭的道路笔直多姿。小公园过后，只见荷塘绕着整条村庄，荷花正旺，曲桥贴水而走，连结两岸，桥中的荷亭玉立。高大的门楼过后，就是村庄。村里绿树婆姿，村中所有巷道都已硬底化，干净利索，家家户户都窗明几净，人们笑语相对。这条全国文明村，在吴阳慎的鉴汪平原上，大地舒坦，鱼米兴盛。外出从商从工的村民，成了大企业家。他们爱国爱家，捐款几千万元一改家乡面貌，建造了这条粤西著名的文明村，令游客眼国亮丽。,01/01-12/31；全天开放,https://imgs.qunarzz.com/sight/p0/201302/27/cd7bd6267f799ef9c8d65eac.jpg_710x360_5dae2c31.jpg〇https://qimgs.qunarzz.com/piao_qsight_provider_piao_qsight_web/fb2823e9e8e02d5dffffffffc8d65eac.jpg_710x360_00ad1520.jpg〇https://qimgs.qunarzz.com/piao_qsight_provider_piao_qsight_web/d8d92fd55edef537.jpg_710x360_b39af79c.jpg〇https://qimgs.qunarzz.com/piao_qsight_provider_piao_qsight_web/256c0c9411fd7e.jpg_710x360_25b0622b.jpg〇https://qimgs.qunarzz.com/piao_qsight_provider_piao_qsight_web/c2d3d5fab8b691.jpg_710x360_6a366c9f.jpg〇https://qimgs.qunarzz.com/piao_qsight_provider_piao_qsight_web/f7ab57781dcfcd.jpg_710x360_bee2a569.jpg〇https://qimgs.qunarzz.com/piao_qsight_provider_piao_qsight_web/9fc80313b9039a.jpg_710x360_f1d085cf.jpg〇https://qimgs.qunarzz.com/piao_qsight_provider_piao_qsight_web/0025cdd5e7724.jpg_710x360_5d759298.jpg〇https://qimgs.qunarzz.com/piao_qsight_provider_piao_qsight_web/a4bec7788e5cde.jpg_710x360_4528ff03.jpg〇https://qimgs.qunarzz.com/piao_qsight_provider_piao_qsight_web/976c7dfce67d08.jpg_710x360_eab253e0.jpg〇https://qimgs.qunarzz.com/piao_qsight_provider_piao_qsight_web/cc8aca33c999f7.jpg_710x360_971893db.jpg〇https://qimgs.qunarzz.com/piao_qsight_provider_piao_qsight_web/e623b445ac4f9f.jpg_710x360_0786209a.jpg〇https://qimgs.qunarzz.com/piao_qsight_provider_piao_qsight_web/87b602914732f0.jpg_710x360_15a73198.jpg〇https://qimgs.qunarzz.com/piao_qsight_provider_piao_qsight_web/59041ec5ea71b4.jpg_710x360_d214c2b8.jpg〇https://qimgs.qunarzz.com/piao_qsight_provider_piao_qsight_web/4b2361394d4208.jpg_710x360_4de812ed.jpg〇https://qimgs.qunarzz.com/piao_qsight_provider_piao_qsight_web/62b732658bf3ab.jpg_710x360_0278c3a4.jpg〇https://qimgs.qunarzz.com/piao_qsight_provider_piao_qsight_web/79a0d29efee780.jpg_710x360_76ec1113.jpg〇https://qimgs.qunarzz.com/piao_qsight_provider_piao_qsight_web/e14c3b12aeffc8.jpg_710x360_1328f122.jpg,"{""ret"": true, ""data"": {""tagList"": [{""tagType"": 0, ""tagScore"": 5, ""tagNum"": 0, ""tagName"": ""\u5168\u90e8""}], ""score"": 0.0, ""commentCount"": 0}, ""statusCode"": 200}"
吉兆湾,https://imgs.qunarzz.com/sight/p0/1409/15/c7a290c8701e1836a03aacf236401449.jpg_280x200_f1c5a28b.jpg,湛江市,吴川市,广东省湛江市吴川市X704,5,4.2,以石多湾多著称,https://piao.qunar.com/ticket/detail_897602317.html?st=a3clM0QlRTUlOTAlQjQlRTUlQjclOUQlRTUlQjglODIlMjZpZCUzRDE3NDglMjZ0eXBlJTNEMCUyNmlkeCUzRDUlMjZxdCUzRCUyNmFwayUzRDIlMjZzYyUzRFdXVyUyNnVyJTNEJUU0JUI4JUFEJUU1JUIxJUIxJTI2bHIlM0QlRTQlQjglQUQlRTUlQjElQjElMjZmdCUzRCU3QiU3RA%3D%3D#from=mpl_search_suggest,-1.0,N/A,吴川市吉兆湾省级旅游度假区是1994年经广东省人民政府命名的南国海滨旅游度假区。全区规划总面积13.7平方公里，分为吉兆、覃流、六鳌三个小区，海岸线长11.2公里。国内专家指出：吉兆湾省级旅游度假区拥有全省著名的大型基岩海岸，岸曲折，十里九湾，礁石奇美，可与著名的泰国芭提雅海滩媲美；沙滩宽阔，坡度理想，沙料洁净，海水清湛，堪与“北戴河”比肩。景区气候得天独厚，全年无冬；植被丰富多彩；自然环境幽雅秀丽。所以，吉兆湾度假区是旅游休闲的圣地。目前开发的吉兆湾景区，力求按国家4A级旅游景区的标准进行建设，突出南亚热带风光休闲度假的主题，体现海滨旅游景区的风格。本区现有19家各具特色的宾馆、酒店和度假村，可品尝即时上岸的海鲜；区内已建成105幢旅游别墅1100多个床位和8个大小会议厅；还有沙滩跑马、沙滩排球、卡拉OK歌舞厅、乒乓球室、桑拿浴、烧烤、野营等各种活动设施，尤其在海湾天然浴场搏浪既安全又奇趣。本区目前年接待国外、港澳、珠三角、茂名、湛江等地游客60多万人次。正在筹划中的吉兆湾中央大酒店，内设夜总会，附有网球场、游泳池、会议、购物于一体。,1/1-12/31；周一至周日；全天开放,https://imgs.qunarzz.com/sight/p0/1409/15/c7a290c8701e1836a03aacf236401449.jpg_710x360_02dbe21d.jpg〇https://imgs.qunarzz.com/sight/p0/1409/15/2f7bbaa36a93117f986582f559ae9e1f.jpg_710x360_21a66599.jpg〇https://imgs.qunarzz.com/sight/p0/1409/15/fcbe189024c435c270dced9caf1e62ea.jpg_710x360_172538b9.jpg〇https://imgs.qunarzz.com/sight/p0/1409/15/50d74219171028bd85968a0f0d0f48d0.jpg_710x360_49c052d5.jpg〇https://imgs.qunarzz.com/sight/p0/1409/15/7ffa913648b81460bdfdf8faf937e1ff.jpg_710x360_b8940fba.jpg〇https://qimgs.qunarzz.com/piao_qsight_provider_piao_qsight_web/767aeec21b068b.jpg_710x360_6ffc9a94.jpg〇https://qimgs.qunarzz.com/piao_qsight_provider_piao_qsight_web/e00607729001c9b5.jpg_710x360_e96bc21f.jpg〇https://qimgs.qunarzz.com/piao_qsight_provider_piao_qsight_web/93543356f58cfd.jpg_710x360_ed83f910.jpg〇https://qimgs.qunarzz.com/piao_qsight_provider_piao_qsight_web/8358e0f6bf0cfb.jpg_710x360_34d8f14d.jpg〇https://qimgs.qunarzz.com/piao_qsight_provider_piao_qsight_web/7a8da4eb32b776b5.jpg_710x360_7aadf2a1.jpg〇https://qimgs.qunarzz.com/piao_qsight_provider_piao_qsight_web/06190bfd7b45c8.jpg_710x360_88c4b8f5.jpg〇https://qimgs.qunarzz.com/piao_qsight_provider_piao_qsight_web/25db39c5de64c6afe1613ab1f79d0638.jpg_710x360_83888f00.jpg〇https://qimgs.qunarzz.com/piao_qsight_provider_piao_qsight_web/6a18ddba7043ed37.jpg_710x360_3fa3e41a.jpg〇https://qimgs.qunarzz.com/piao_qsight_provider_piao_qsight_web/36204fd599cd3d37.jpg_710x360_522569f9.jpg〇https://qimgs.qunarzz.com/piao_qsight_provider_piao_qsight_web/8543a0b4b59ab5b5.jpg_710x360_2321ec0b.jpg〇https://qimgs.qunarzz.com/piao_qsight_provider_piao_qsight_web/8ffdd15e2e6b9fb5.jpg_710x360_364c0ea7.jpg〇https://qimgs.qunarzz.com/piao_qsight_provider_piao_qsight_web/cc886c22e55a65b5.jpg_710x360_fb11e4a9.jpg〇https://qimgs.qunarzz.com/piao_qsight_provider_piao_qsight_web/d623fef735805cb5.jpg_710x360_d9c3c60f.jpg〇https://qimgs.qunarzz.com/piao_qsight_provider_piao_qsight_web/e55291ab4c6d22b5.jpg_710x360_f188d22b.jpg〇https://qimgs.qunarzz.com/piao_qsight_provider_piao_qsight_web/52c1bcfe2e9b3b5.jpg_710x360_155d1d0b.jpg〇https://qimgs.qunarzz.com/piao_qsight_provider_piao_qsight_web/4001d40b4b2d5c.jpg_710x360_ffcbc4dc.jpg〇https://qimgs.qunarzz.com/piao_qsight_provider_piao_qsight_web/dbc19ddd6194e8.jpg_710x360_e6d13749.jpg〇https://qimgs.qunarzz.com/piao_qsight_provider_piao_qsight_web/fb2d6adf57e088.jpg_710x360_7214569b.jpg〇https://qimgs.qunarzz.com/piao_qsight_provider_piao_qsight_web/f8ffbd9560673a.jpg_710x360_787d6aec.jpg〇https://qimgs.qunarzz.com/piao_qsight_provider_piao_qsight_web/ed11d88fb180f6.jpg_710x360_0d710c4a.jpg,"{""ret"": true, ""data"": {""tagList"": [{""tagType"": 3, ""tagScore"": 5, ""tagNum"": 1, ""tagName"": ""\u5dee\u8bc4""}, {""tagType"": 1, ""tagScore"": 5, ""tagNum"": 4, ""tagName"": ""\u597d\u8bc4""}, {""tagType"": 0, ""tagScore"": 5, ""tagNum"": 5, ""tagName"": ""\u5168\u90e8""}], ""commentList"": [{""author"": ""k*6"", ""content"": ""\u4f4f\u5904\u73af\u5883\u8fd8\u53ef\u4ee5\uff0c\u73a9\u5f97\u633a \u5f00\u5fc3\ud83d\udc4d\ud83d\udc4d\ud83d\udc4d"", ""date"": ""2018-07-19"", ""score"": 5, ""commentId"": ""206877033"", ""imgs"": [], ""userNickName"": ""k*6"", ""replyCityName"": """", ""cityName"": """"}, {""author"": ""p*1"", ""content"": ""\u7834\u70c2\u5730\u65b9\uff0c\u8fd8\u6536\u95e8\u7968\u548c\u505c\u8f66\u8d39\u3002\u4e0d\u53bb\u4e0d\u540e\u6094\uff0c\u53bb\u4e86\u7edd\u5bf9\u540e\u6094!!!"", ""date"": ""2017-10-06"", ""score"": 1, ""commentId"": ""203003620"", ""imgs"": [], ""userNickName"": ""p*1"", ""replyCityName"": """", ""cityName"": """"}, {""author"": ""W*6"", ""content"": ""\u86ee\u597d\u73a9\u7684\u5730\u65b9\uff0c\u666f\u8272\u4f18\u7f8e\uff0c\u73af\u5883\u81ea\u7136\uff0c\u5f88\u559c\u6b22"", ""date"": ""2016-12-14"", ""score"": 5, ""commentId"": ""136019536"", ""imgs"": [], ""userNickName"": ""W*6"", ""replyCityName"": """", ""cityName"": """"}, {""author"": ""c*9"", ""content"": ""\u4f11\u95f2\u6d3b\u8dc3\uff0c\u503c\u5f97\u4f53\u9a8c\u843d\u65e5\u665a\u666f\uff0c\u5728\u522b\u5885\u9633\u53f0\u4e0a\u6b23\u8d4f\u6d77\u666f"", ""date"": ""2016-01-12"", ""score"": 5, ""commentId"": ""101883144"", ""imgs"": [], ""userNickName"": ""c*9"", ""replyCityName"": """", ""cityName"": """"}, {""author"": ""r*8"", ""content"": ""\u5927\u7ea2\u7684\u5730\u65b9\uff0c\u503c\u5f97\u7231\u3002\u3002"", ""date"": ""2015-08-13"", ""score"": 5, ""commentId"": ""67654129"", ""imgs"": [], ""userNickName"": ""r*8"", ""replyCityName"": """", ""cityName"": """"}], ""score"": 4.2, ""commentCount"": 5}, ""statusCode"": 200}"
鼎龙湾德萨斯水世界,https://imgs.qunarzz.com/sight/p0/1809/fa/fa089bbbbda69385a3.img.jpg_280x200_90080a94.jpg,湛江市,吴川市,广东省湛江市吴川市天麓东一路鼎龙湾国际海洋度假区内,5151,5.0,富有美国西部风情的水乐园,https://piao.qunar.com/ticket/detail_3010187457.html?st=a3clM0QlRTUlOTAlQjQlRTUlQjclOUQlRTUlQjglODIlMjZpZCUzRDQ2ODA4NiUyNnR5cGUlM0QwJTI2aWR4JTNENCUyNnF0JTNEJTI2YXBrJTNEMiUyNnNjJTNEV1dXJTI2dXIlM0QlRTQlQjglQUQlRTUlQjElQjElMjZsciUzRCVFNCVCOCVBRCVFNSVCMSVCMSUyNmZ0JTNEJTdCJTdE#from=mpl_search_suggest,-1.0,N/A,德萨斯水世界坐落于湛江市吴川碧桂园﹒鼎龙湾国家海洋生态度假区内，占地500亩。项目重金聘请全球著名的水上乐园专业设计公司Water Technology Inc.(WTI)操刀主创，按照世界水上乐园的标准进行设计，整体规划完美结合鼎龙湾国家海洋度假区的地理及自然条件，选取了地理位置及自然条件非常接近的美国德克萨斯州作为项目的主题设计元素，将牛仔文化以及以往的石油开采热潮等文化主题融入园区，配以当地的风化沙漠景观，充满美国西部风情。德萨斯水世界项目建设预计分二期完成，一期面积约10万平方米，二期面积约3.8万平方米，可同时容纳游客数量4万人。德萨斯水世界共设七大区域，分别是达拉斯城、阿拉莫海、响尾蛇峡谷、黑金油田、仙人掌镇、佩科斯河谷、格兰德河谷。在这七大区域内，设置有大型造浪池、互动水寨、漂流河、儿童戏水乐园以及水上过山车、穿山蛇滑道、大喇叭滑道、大碗滑道、冲天回旋滑道、合家欢滑道、急速滑道、水环人体滑道等三十多种滑道组合。,07/01-08/31；周一至周日；12:30-21:30开园；（20:40停止入园）,https://qimgs.qunarzz.com/piao_qsight_provider_piao_qsight_web/0101y120009exrzrgD639_C_900_504.jpg_710x360_f603b410.jpg〇https://qimgs.qunarzz.com/piao_qsight_provider_piao_qsight_web/0103i120009exrnypD08E_C_900_504_Q90_Mtg_7.jpg_710x360_173912cd.jpg〇https://qimgs.qunarzz.com/piao_qsight_provider_piao_qsight_web/01012120009exrwbo6416_C_900_504_Q90_Mtg_7.jpg_710x360_2e1907cd.jpg〇https://qimgs.qunarzz.com/piao_qsight_provider_piao_qsight_web/0104x120009exrwhqEF60_C_900_504_Q90_Mtg_7.jpg_710x360_0f9853ea.jpg〇https://qimgs.qunarzz.com/piao_qsight_provider_piao_qsight_web/0106o120009exry6cA6F0_C_900_504_Q90_Mtg_7.jpg_710x360_18959e41.jpg〇https://qimgs.qunarzz.com/piao_qsight_provider_piao_qsight_web/0102w120009exrzrx3462_C_900_504_Q90_Mtg_7.jpg_710x360_9366871a.jpg〇https://qimgs.qunarzz.com/piao_qsight_provider_piao_qsight_web/1lo3312000b6pvf8c4C62_C_900_504_Q90_Mtg_7.jpg_710x360_c1d9d3d3.jpg〇https://qimgs.qunarzz.com/piao_qsight_provider_piao_qsight_web/100j0s000000htrlk450D_C_900_504_Q90_Mtg_7.jpg_710x360_7faeab27.jpg〇https://qimgs.qunarzz.com/piao_qsight_provider_piao_qsight_web/100c0s000000hwwahF0E7_C_900_504_Q90_Mtg_7.jpg_710x360_1967ac11.jpg〇https://qimgs.qunarzz.com/piao_qsight_provider_piao_qsight_web/10040s000000ht8fy2098_C_900_504_Q90_Mtg_7.jpg_710x360_20e9197e.jpg〇https://qimgs.qunarzz.com/piao_qsight_provider_piao_qsight_web/0101y120009exrzrgD639_C_900_504_Q90_Mtg_7.jpg_710x360_7b2ae0ff.jpg〇https://imgs.qunarzz.com/sight/p0/1904/69/695062db8ec09cb7a3.img.jpg_710x360_f25fd243.jpg〇https://imgs.qunarzz.com/sight/p0/1904/d6/d64e03ce104a3a2ca3.img.jpg_710x360_966ca052.jpg〇https://imgs.qunarzz.com/sight/p0/1904/ab/abafb6e59da3cf24a3.img.jpg_710x360_c91277b1.jpg〇https://imgs.qunarzz.com/sight/p0/1809/f2/f2ff935a53157d3aa3.img.jpg_710x360_f88c03dd.jpg〇https://imgs.qunarzz.com/sight/p0/1809/c4/c42eeca8e2ae6c72a3.img.jpg_710x360_425086e8.jpg〇https://imgs.qunarzz.com/sight/p0/1809/38/385308d9d98df1aa3.img.jpg_710x360_5bfea608.jpg〇https://imgs.qunarzz.com/sight/p0/1809/d3/d3b34beca3410fe8a3.img.jpg_710x360_f511732c.jpg〇https://imgs.qunarzz.com/sight/p0/1809/52/526229634843d0fca3.img.jpg_710x360_6bf16db3.jpg〇https://imgs.qunarzz.com/sight/p0/1809/cf/cf495ebe3da2ba8da3.img.jpg_710x360_5d6216da.jpg〇https://imgs.qunarzz.com/sight/p0/1809/61/6129cd5fa90b29f6a3.img.jpg_710x360_6d3dafe4.jpg〇https://imgs.qunarzz.com/sight/p0/1809/fa/fadae16bbd9b43baa3.img.jpg_710x360_397c5c78.jpg〇https://imgs.qunarzz.com/sight/p0/1809/37/37a92db178dd6546a3.img.jpg_710x360_6c3df79b.jpg〇https://imgs.qunarzz.com/sight/p0/1809/b7/b73e240e42428866a3.img.jpg_710x360_d5a5ad79.jpg〇https://imgs.qunarzz.com/sight/p0/1809/fb/fbf46b8956d2d6fda3.img.jpg_710x360_bd5b3b7a.jpg〇https://imgs.qunarzz.com/sight/p0/1809/2e/2ed22c9d69dc65a2a3.img.jpg_710x360_7c3d204d.jpg〇https://imgs.qunarzz.com/sight/p0/1809/59/59fa27ed22b82c41a3.img.jpg_710x360_c743f6ff.jpg〇https://imgs.qunarzz.com/sight/p0/1809/4e/4e616e8dde8520c0a3.img.jpg_710x360_4b22cb0c.jpg〇https://imgs.qunarzz.com/sight/p0/1809/90/90aa50527170c57ba3.img.jpg_710x360_3d446825.jpg〇https://imgs.qunarzz.com/sight/p0/1809/87/872f936976eb1999a3.img.jpg_710x360_6985d36b.jpg〇https://imgs.qunarzz.com/sight/p0/1809/8d/8dbb0ce1a002dcd7a3.img.jpg_710x360_1c92daa6.jpg〇https://imgs.qunarzz.com/sight/p0/1809/8a/8a8225c819491feda3.img.jpg_710x360_b474df0e.jpg〇https://imgs.qunarzz.com/sight/p0/1809/bd/bd8bdc42a7d47f86a3.img.jpg_710x360_627905e6.jpg〇https://imgs.qunarzz.com/sight/p0/1809/38/385308d9d98df1aa3.img.jpg_710x360_5bfea608.jpg〇https://imgs.qunarzz.com/sight/p0/1809/b7/b7935ee5eff7f735a3.img.jpg_710x360_3b46170d.jpg〇https://imgs.qunarzz.com/sight/p0/1809/77/7701bbc88faf7ccea3.img.jpg_710x360_f8aa03df.jpg〇https://imgs.qunarzz.com/sight/p0/1809/8c/8cc35a1076a271c9a3.img.jpg_710x360_abaac5d2.jpg〇https://imgs.qunarzz.com/sight/p0/1809/bc/bccba2132e60fa0ca3.img.jpg_710x360_6b9096fc.jpg〇https://imgs.qunarzz.com/sight/p0/1809/11/11c614d94ee428eea3.img.jpg_710x360_861d8701.jpg〇https://imgs.qunarzz.com/sight/p0/1809/96/963541dcb2a9a4ea3.img.jpg_710x360_aab47b36.jpg〇https://imgs.qunarzz.com/sight/p0/1809/ae/aec68e983ae1a041a3.img.jpg_710x360_adc04097.jpg〇https://imgs.qunarzz.com/sight/p0/1809/c9/c9cdf1e8f3ac2562a3.img.jpg_710x360_f23b0f55.jpg〇https://imgs.qunarzz.com/sight/p0/1809/fa/fa089bbbbda69385a3.img.jpg_710x360_8d425a97.jpg〇https://imgs.qunarzz.com/sight/p0/1804/85/85b07c296a7d8623a3.img.jpg_710x360_f9578a5c.jpg〇https://imgs.qunarzz.com/sight/p0/1804/25/25ee62ea02187679a3.img.jpg_710x360_914c75a4.jpg〇https://imgs.qunarzz.com/sight/p0/1804/61/61163dffdf8608ea3.img.jpg_710x360_f6e22e92.jpg〇https://imgs.qunarzz.com/sight/p0/1804/3d/3d06f105ea21798a3.img.jpg_710x360_bc35d4ba.jpg〇https://imgs.qunarzz.com/sight/p0/1804/47/47af1597b95b8102a3.img.jpg_710x360_1fa48bf4.jpg〇https://imgs.qunarzz.com/sight/p0/1804/87/87619ac907449fc7a3.img.jpg_710x360_5aca3126.jpg〇https://imgs.qunarzz.com/sight/p0/1804/c0/c0e5716b77df6aa0a3.img.jpg_710x360_8995d29a.jpg〇https://imgs.qunarzz.com/sight/p0/1904/64/64681322e2c7c7d1a3.img.jpg_710x360_773f0509.jpg〇https://imgs.qunarzz.com/sight/p0/1904/ba/ba2920ea8ea4aea9a3.img.jpg_710x360_567dae49.jpg〇https://imgs.qunarzz.com/sight/p0/1904/f5/f5a2fc0231cff88ba3.img.jpg_710x360_53692010.jpg〇https://imgs.qunarzz.com/sight/p0/1904/8b/8be1a8c14b5248d4a3.img.jpg_710x360_74b36b07.jpg〇https://imgs.qunarzz.com/sight/p0/1904/b5/b575591390e6fc94a3.img.jpg_710x360_e388960b.jpg〇https://imgs.qunarzz.com/sight/p0/1904/de/de2ed2fa97f798c0a3.img.jpg_710x360_cb919ed7.jpg〇https://imgs.qunarzz.com/sight/p0/1904/f1/f152f9c604f3fe61a3.img.jpg_710x360_20000c98.jpg〇https://imgs.qunarzz.com/sight/p0/1904/56/56a6cb4a372463f0a3.img.jpg_710x360_a3c03510.jpg〇https://imgs.qunarzz.com/sight/p0/1904/26/269c03018e30a80fa3.img.jpg_710x360_d1f60e53.jpg〇https://imgs.qunarzz.com/sight/p0/1904/98/98af529a691aaed9a3.img.jpg_710x360_5c39353b.jpg〇https://imgs.qunarzz.com/sight/p0/1904/7f/7f93889bf0aa1fdba3.img.jpg_710x360_1f50eb8f.jpg〇https://imgs.qunarzz.com/sight/p0/1904/78/78f78cffb26f1845a3.img.jpg_710x360_50b6d441.jpg〇https://imgs.qunarzz.com/sight/p0/1904/3d/3db078a3a98f59d2a3.img.jpg_710x360_5b53c717.jpg〇https://imgs.qunarzz.com/sight/p0/1904/cd/cd88d8aa8dd58026a3.img.jpg_710x360_53e6b7df.jpg〇https://imgs.qunarzz.com/sight/p0/1904/d2/d2c377a9304d6d02a3.img.jpg_710x360_093d3c60.jpg〇https://imgs.qunarzz.com/sight/p0/1904/2c/2c2e5de0097e27e6a3.img.jpg_710x360_412193ae.jpg〇https://imgs.qunarzz.com/sight/p0/1904/7a/7a8fdf48ffc158a2a3.img.jpg_710x360_82b6ae45.jpg〇https://imgs.qunarzz.com/sight/p0/1904/3f/3f61a3e0953c4a12a3.img.jpg_710x360_ba96800a.jpg〇https://imgs.qunarzz.com/sight/p0/1904/dc/dc4b9b82cb4b0af8a3.img.jpg_710x360_9af95c04.jpg〇https://qimgs.qunarzz.com/piao_qsight_provider_piao_qsight_web/bb99b66269b4f537.jpg_710x360_a0ee5c09.jpg〇https://qimgs.qunarzz.com/piao_qsight_provider_piao_qsight_web/dbfdce0135eae6a8ff50b829b905bcb0.jpg_710x360_622f6295.jpg〇https://qimgs.qunarzz.com/piao_qsight_provider_piao_qsight_web/945ec623b56a9cbca6b1aeecb8a0e777.jpg_710x360_a8a6ee4e.jpg〇https://qimgs.qunarzz.com/piao_qsight_provider_piao_qsight_web/60a9583ff008626a38c19990b7d844fc.jpg_710x360_5052ab07.jpg〇https://qimgs.qunarzz.com/piao_qsight_provider_piao_qsight_web/c01f2479460dc84d65fbb81dc75b3b8d.jpg_710x360_28a6c20f.jpg〇https://qimgs.qunarzz.com/piao_qsight_provider_piao_qsight_web/64a0ca91212ca42594f929690421fae3.jpg_710x360_c131fa06.jpg〇https://qimgs.qunarzz.com/piao_qsight_provider_piao_qsight_web/73e8da9b00460c8ccce2312bd1b445ed.jpg_710x360_109858fc.jpg〇https://qimgs.qunarzz.com/piao_qsight_provider_piao_qsight_web/e613d8d31467e00a10434675d2e0a84c.jpg_710x360_0672f999.jpg〇https://qimgs.qunarzz.com/piao_qsight_provider_piao_qsight_web/54616375ed361eabe5c2ad0ea75f1d20.jpg_710x360_6ea75763.jpg〇https://qimgs.qunarzz.com/piao_qsight_provider_piao_qsight_web/922db6f892c3b7562fd645d684d8f402.jpg_710x360_b02a4f89.jpg〇https://qimgs.qunarzz.com/piao_qsight_provider_piao_qsight_web/d672e25c1cb0dd91a951aeee18e231c3.jpg_710x360_ab377ccf.jpg〇https://qimgs.qunarzz.com/piao_qsight_provider_piao_qsight_web/75d20d6be25a5522d8be68354a0a6ce5.jpg_710x360_8b197f1e.jpg〇https://qimgs.qunarzz.com/piao_qsight_provider_piao_qsight_web/81dcc90435728605c70bc7a0c19d13d2.jpg_710x360_46c470c9.jpg〇https://qimgs.qunarzz.com/piao_qsight_provider_piao_qsight_web/442c195b72a9ba02.jpg_710x360_c85c64b1.jpg〇https://qimgs.qunarzz.com/piao_qsight_provider_piao_qsight_web/f48068b704338402.jpg_710x360_b8c846c6.jpg〇https://qimgs.qunarzz.com/piao_qsight_provider_piao_qsight_web/85440c38fc41b02.jpg_710x360_7e517472.jpg〇https://qimgs.qunarzz.com/piao_qsight_provider_piao_qsight_web/f7f7df409a6fdbd71540609dd10f3b29.jpg_710x360_73c3ad88.jpg〇https://qimgs.qunarzz.com/piao_qsight_provider_piao_qsight_web/03056307e4b109492af3c25490b1dbe9.jpg_710x360_153fed5b.jpg〇https://qimgs.qunarzz.com/piao_qsight_provider_piao_qsight_web/e0c07c56a08d5999df983bf5bcebd4e8.jpg_710x360_30d7f85f.jpg〇https://qimgs.qunarzz.com/piao_qsight_provider_piao_qsight_web/4d51d595d06dd602.jpg_710x360_3ef25157.jpg,"{""ret"": true, ""data"": {""tagList"": [{""tagType"": 32, ""tagScore"": 5, ""tagNum"": 8, ""tagName"": ""\u670d\u52a1\u597d""}, {""tagType"": 16, ""tagScore"": 5, ""tagNum"": 9, ""tagName"": ""\u9760\u8c31""}, {""tagType"": 8, ""tagScore"": 5, ""tagNum"": 9, ""tagName"": ""\u4fbf\u5b9c""}, {""tagType"": 4, ""tagScore"": 5, ""tagNum"": 12, ""tagName"": ""\u53d6\u7968\u65b9\u4fbf""}, {""tagType"": 3, ""tagScore"": 5, ""tagNum"": 29, ""tagName"": ""\u5dee\u8bc4""}, {""tagType"": 2, ""tagScore"": 5, ""tagNum"": 7, ""tagName"": ""\u4e2d\u8bc4""}, {""tagType"": 1, ""tagScore"": 5, ""tagNum"": 5109, ""tagName"": ""\u597d\u8bc4""}, {""tagType"": 0, ""tagScore"": 5, ""tagNum"": 5151, ""tagName"": ""\u5168\u90e8""}], ""commentList"": [{""author"": ""j*y"", ""content"": ""\u5783\u573e\u5957\u9910\uff01\u4f53\u9a8c\u611f\u975e\u5e38\u5dee\uff0c\u7b2c\u4e00\u5929\u4f4f\u5e97\u4f4f\u4e0d\u4e86\uff0c\u5546\u5bb6\u8bf4\u627e\u4e0d\u5230\u8ba2\u5355\uff0c\u667e\u4e86\u4e00\u4e2a\u5c0f\u65f6\uff0c\u624d\u53d1\u73b0\u4e0d\u77e5\u9053\u662f\u5e73\u53f0\u8fd8\u662f\u5546\u5bb6\u628a\u8ba2\u5355\u6302\u5728\u8001\u4eba\u540d\u4e0b\uff01\u7b2c\u4e8c\u5929\u5165\u56ed\u4e0d\u7ed9\u5165\u56ed\uff0c2\u5929\u4e24\u6b21\u5165\u56ed\u53ea\u7ed9\u5165\u56ed\u4e00\u6b21\uff0c\u6295\u8bc9\u5ba2\u670d\u627e\u5546\u5bb6\u534f\u8c03\uff0c\u5546\u5bb6\u8fd8\u53eb\u643a\u7a0b\u8865\u94b1\uff0c\u5546\u5bb6\u628a\u6211\u4eec\u667e\u5728\u4e00\u8fb9\u5927\u592a\u9633\u4e0b\u4e00\u4e2a\u534a\u5c0f\u65f6\uff0c\u6295\u8bc9\u51e0\u6b21\u624d\u7ec8\u4e8e\u901a\u77e5\u6211\u4eec\u53ef\u4ee5\u5165\u56ed\u4e86\u3002\u8fd9\u4e2a\u5730\u65b9\u5f88\u51b7\u6e05\uff0c\u56fd\u5e86\u90fd\u6ca1\u51e0\u4e2a\u4eba\uff0c\u6ca1\u6765\u7684\u53ef\u4ee5\u4e0d\u7528\u6765\u4e86\u3002"", ""date"": ""2024-10-06"", ""score"": 1, ""commentId"": ""237521402"", ""imgs"": [{""small"": ""https://qimgs.qunarzz.com/mp_piao_0001/temp14018148975389432785file_1728194899000.jpg_120x120_832d23da.jpg"", ""title"": """", ""big"": ""https://qimgs.qunarzz.com/mp_piao_0001/temp14018148975389432785file_1728194899000.jpg""}], ""userNickName"": ""j*y"", ""replyCityName"": """", ""cityName"": ""\u5e7f\u4e1c""}, {""author"": ""\u53bb*\u6237"", ""content"": ""\u4f4f\u5bbf\u4fbf\u5b9c\uff0c\u6c99\u6ee9\u5e72\u51c0\uff0c\u5b69\u5b50\u559c\u6b22\u6c34\u4e0a\u4e50\u56ed\uff01\u505c\u8f66\u4e00\u5929\u5c01\u987630\u5143\uff0c\u8fd8\u662f\u503c\u5f97\u5e26\u5b69\u5b50\u53bb\u73a9\u7684\uff01"", ""date"": ""2024-08-25"", ""score"": 5, ""commentId"": ""235863899"", ""imgs"": [{""small"": ""https://qimgs.qunarzz.com/mp_piao_0001/temp6983415267513074157file_1724562202000.jpg_120x120_4bb800eb.jpg"", ""title"": """", ""big"": ""https://qimgs.qunarzz.com/mp_piao_0001/temp6983415267513074157file_1724562202000.jpg""}, {""small"": ""https://qimgs.qunarzz.com/mp_piao_0001/temp11511055573591766585file_1724562202000.jpg_120x120_ed2534c8.jpg"", ""title"": """", ""big"": ""https://qimgs.qunarzz.com/mp_piao_0001/temp11511055573591766585file_1724562202000.jpg""}, {""small"": ""https://qimgs.qunarzz.com/mp_piao_0001/temp16940576830336994231file_1724562202000.jpg_120x120_0d0eba11.jpg"", ""title"": """", ""big"": ""https://qimgs.qunarzz.com/mp_piao_0001/temp16940576830336994231file_1724562202000.jpg""}], ""userNickName"": ""\u53bb*\u6237"", ""replyCityName"": """", ""cityName"": ""\u5e7f\u4e1c""}, {""author"": ""f*4"", ""content"": ""\u7528\u6237\u672a\u70b9\u8bc4\uff0c\u7cfb\u7edf\u9ed8\u8ba4\u597d\u8bc4\u3002"", ""date"": ""2024-11-06"", ""score"": 5, ""commentId"": ""238607015"", ""imgs"": [], ""userNickName"": ""f*4"", ""replyCityName"": """", ""cityName"": """"}, {""author"": ""h*2"", ""content"": ""\u7528\u6237\u672a\u70b9\u8bc4\uff0c\u7cfb\u7edf\u9ed8\u8ba4\u597d\u8bc4\u3002"", ""date"": ""2024-11-05"", ""score"": 5, ""commentId"": ""238560403"", ""imgs"": [], ""userNickName"": ""h*2"", ""replyCityName"": """", ""cityName"": """"}, {""author"": ""h*2"", ""content"": ""\u7528\u6237\u672a\u70b9\u8bc4\uff0c\u7cfb\u7edf\u9ed8\u8ba4\u597d\u8bc4\u3002"", ""date"": ""2024-11-05"", ""score"": 5, ""commentId"": ""238558299"", ""imgs"": [], ""userNickName"": ""h*2"", ""replyCityName"": """", ""cityName"": """"}, {""author"": ""m*3"", ""content"": ""\u7528\u6237\u672a\u70b9\u8bc4\uff0c\u7cfb\u7edf\u9ed8\u8ba4\u597d\u8bc4\u3002"", ""date"": ""2024-11-05"", ""score"": 5, ""commentId"": ""238526028"", ""imgs"": [], ""userNickName"": ""m*3"", ""replyCityName"": """", ""cityName"": """"}, {""author"": ""z*8"", ""content"": ""\u7528\u6237\u672a\u70b9\u8bc4\uff0c\u7cfb\u7edf\u9ed8\u8ba4\u597d\u8bc4\u3002"", ""date"": ""2024-11-05"", ""score"": 5, ""commentId"": ""238525969"", ""imgs"": [], ""userNickName"": ""z*8"", ""replyCityName"": """", ""cityName"": """"}, {""author"": ""w*5"", ""content"": ""\u7528\u6237\u672a\u70b9\u8bc4\uff0c\u7cfb\u7edf\u9ed8\u8ba4\u597d\u8bc4\u3002"", ""date"": ""2024-11-04"", ""score"": 5, ""commentId"": ""238458873"", ""imgs"": [], ""userNickName"": ""w*5"", ""replyCityName"": """", ""cityName"": """"}, {""author"": ""d*6"", ""content"": ""\u7528\u6237\u672a\u70b9\u8bc4\uff0c\u7cfb\u7edf\u9ed8\u8ba4\u597d\u8bc4\u3002"", ""date"": ""2024-11-04"", ""score"": 5, ""commentId"": ""238445824"", ""imgs"": [], ""userNickName"": ""d*6"", ""replyCityName"": """", ""cityName"": """"}, {""author"": ""t*e"", ""content"": ""\u7528\u6237\u672a\u70b9\u8bc4\uff0c\u7cfb\u7edf\u9ed8\u8ba4\u597d\u8bc4\u3002"", ""date"": ""2024-11-04"", ""score"": 5, ""commentId"": ""238380280"", ""imgs"": [], ""userNickName"": ""t*e"", ""replyCityName"": """", ""cityName"": """"}], ""score"": 5.0, ""commentCount"": 5151}, ""statusCode"": 200}"
鼎龙湾欢乐大马戏,https://qimgs.qunarzz.com/piao_qsight_provider_piao_qsight_web/0100p12000878eum53071_C_900_504.jpg_280x200_6376beaa.jpg,湛江市,吴川市,湛江市吴川市覃巴镇碧桂园鼎龙湾国际海洋度假区,8,5.0,惊险刺激奇幻神秘欢乐,https://piao.qunar.com/ticket/detail_3913658508.html?st=a3clM0QlRTUlOTAlQjQlRTUlQjclOUQlRTUlQjglODIlMjZpZCUzRDUxMDU3NiUyNnR5cGUlM0QwJTI2aWR4JTNEMyUyNnF0JTNEJTI2YXBrJTNEMiUyNnNjJTNEV1dXJTI2dXIlM0QlRTQlQjglQUQlRTUlQjElQjElMjZsciUzRCVFNCVCOCVBRCVFNSVCMSVCMSUyNmZ0JTNEJTdCJTdE#from=mpl_search_suggest,-1.0,N/A,顶  级制作 实力呈现2020中国民营企业500强（54位），广东鼎龙实业集团深耕粤西又一力作。汇聚全球精英联袂打造，集尖端舞美、原创艺术、极限表演、大型特技于一体的国际大马戏。全球精英 同台献技鼎龙湾欢乐大马戏拥有一支豪华国际演员团队，来自乌克兰、俄罗斯、保加利亚、墨西哥、智利、巴西、哥伦比亚、乌兹别克斯坦等10个国家，超百名的马戏精英。名家荟萃 大咖云集每名演职人员都是本行业的艺术大师，拥有超过10年以上马戏演出经验。除了强大的演员团队外，更有全新的惊险道具升级，用高超的技艺征服你的眼球。史诗  王  牌 创新演绎《环球飞车》、《唯美仙境》、《梦幻火轮》、《翱翔天空》等四大 王 牌 节目，让你惊叫连连，用声光电及精彩演艺震撼你的感官，体验前所未有的畅快。趣味互动 惊喜不断从德萨斯牛仔小镇到德萨斯水世界，从水世界到马戏乐园，处处都有极具梦幻色彩的马戏氛围，有趣的互动，欢乐的巡游，让你时刻仿佛置身于马戏的世界。,11/08-11/30；周一至周日；14:30-19:30开园,https://qimgs.qunarzz.com/piao_qsight_provider_piao_qsight_web/0100p12000878eum53071_C_900_504.jpg_710x360_fda94eab.jpg〇https://qimgs.qunarzz.com/piao_qsight_provider_piao_qsight_web/010151200085d6hjqFF8B_C_900_504_Q90_Mtg_7.jpg_710x360_109f4f64.jpg〇https://qimgs.qunarzz.com/piao_qsight_provider_piao_qsight_web/0100p12000878eum53071_C_900_504_Q90_Mtg_7.jpg_710x360_61bcd119.jpg,"{""ret"": true, ""data"": {""tagList"": [{""tagType"": 1, ""tagScore"": 5, ""tagNum"": 8, ""tagName"": ""\u597d\u8bc4""}, {""tagType"": 0, ""tagScore"": 5, ""tagNum"": 8, ""tagName"": ""\u5168\u90e8""}], ""commentList"": [{""author"": ""\u547c*\u5149"", ""content"": ""\u7528\u6237\u672a\u70b9\u8bc4\uff0c\u7cfb\u7edf\u9ed8\u8ba4\u597d\u8bc4\u3002"", ""date"": ""2024-01-04"", ""score"": 5, ""commentId"": ""230947348"", ""imgs"": [], ""userNickName"": ""\u547c*\u5149"", ""replyCityName"": """", ""cityName"": """"}, {""author"": ""\u53bb*\u6237"", ""content"": ""\u7528\u6237\u672a\u70b9\u8bc4\uff0c\u7cfb\u7edf\u9ed8\u8ba4\u597d\u8bc4\u3002"", ""date"": ""2024-01-03"", ""score"": 5, ""commentId"": ""230946366"", ""imgs"": [], ""userNickName"": ""\u53bb*\u6237"", ""replyCityName"": """", ""cityName"": """"}, {""author"": ""z*5"", ""content"": ""\u7528\u6237\u672a\u70b9\u8bc4\uff0c\u7cfb\u7edf\u9ed8\u8ba4\u597d\u8bc4\u3002"", ""date"": ""2023-12-27"", ""score"": 5, ""commentId"": ""230867058"", ""imgs"": [], ""userNickName"": ""z*5"", ""replyCityName"": """", ""cityName"": """"}, {""author"": ""\u53bb*\u6237"", ""content"": ""\u7528\u6237\u672a\u70b9\u8bc4\uff0c\u7cfb\u7edf\u9ed8\u8ba4\u597d\u8bc4\u3002"", ""date"": ""2023-12-26"", ""score"": 5, ""commentId"": ""230846385"", ""imgs"": [], ""userNickName"": ""\u53bb*\u6237"", ""replyCityName"": """", ""cityName"": """"}, {""author"": ""n*4"", ""content"": ""\u7528\u6237\u672a\u70b9\u8bc4\uff0c\u7cfb\u7edf\u9ed8\u8ba4\u597d\u8bc4\u3002"", ""date"": ""2023-12-26"", ""score"": 5, ""commentId"": ""230844797"", ""imgs"": [], ""userNickName"": ""n*4"", ""replyCityName"": """", ""cityName"": """"}, {""author"": ""\u53bb*\u6237"", ""content"": ""\u7528\u6237\u672a\u70b9\u8bc4\uff0c\u7cfb\u7edf\u9ed8\u8ba4\u597d\u8bc4\u3002"", ""date"": ""2023-12-26"", ""score"": 5, ""commentId"": ""230840755"", ""imgs"": [], ""userNickName"": ""\u53bb*\u6237"", ""replyCityName"": """", ""cityName"": """"}, {""author"": ""\u53bb*\u6237"", ""content"": ""\u7528\u6237\u672a\u70b9\u8bc4\uff0c\u7cfb\u7edf\u9ed8\u8ba4\u597d\u8bc4\u3002"", ""date"": ""2021-08-19"", ""score"": 5, ""commentId"": ""220395324"", ""imgs"": [], ""userNickName"": ""\u53bb*\u6237"", ""replyCityName"": """", ""cityName"": """"}, {""author"": ""a*0"", ""content"": ""\u7528\u6237\u672a\u70b9\u8bc4\uff0c\u7cfb\u7edf\u9ed8\u8ba4\u597d\u8bc4\u3002"", ""date"": ""2021-08-16"", ""score"": 5, ""commentId"": ""220321560"", ""imgs"": [], ""userNickName"": ""a*0"", ""replyCityName"": """", ""cityName"": """"}], ""score"": 5.0, ""commentCount"": 8}, ""statusCode"": 200}"
鼎龙湾海田温泉,https://imgs.qunarzz.com/sight/p0/2106/7a/7af6eb9d65a523da3.img.jpg_280x200_f6bda67a.jpg,湛江市,吴川市,鼎龙湾福朋喜来登酒店东南侧约80米,83,5.0,N/A,https://piao.qunar.com/ticket/detail_3085412844.html?st=a3clM0QlRTUlOTAlQjQlRTUlQjclOUQlRTUlQjglODIlMjZpZCUzRDUxMTM1MCUyNnR5cGUlM0QwJTI2aWR4JTNEMiUyNnF0JTNEJTI2YXBrJTNEMiUyNnNjJTNEV1dXJTI2dXIlM0QlRTQlQjglQUQlRTUlQjElQjElMjZsciUzRCVFNCVCOCVBRCVFNSVCMSVCMSUyNmZ0JTNEJTdCJTdE#from=mpl_search_suggest,-1.0,N/A,N/A,1/1-12/31；周一至周日；14:00-22:00开园,https://qimgs.qunarzz.com/piao_qsight_provider_piao_qsight_web/0106y12000f6tjlrdA632_C_900_504.jpg_710x360_534c0f2b.jpg〇https://qimgs.qunarzz.com/piao_qsight_provider_piao_qsight_web/0106y12000f6tjlrdA632_C_900_504_Q90_Mtg_7.jpg_710x360_d1109fb0.jpg〇https://qimgs.qunarzz.com/piao_qsight_provider_piao_qsight_web/0104r12000av1zfgt524B_C_900_504_Q90_Mtg_7.jpg_710x360_ad3ad16f.jpg〇https://qimgs.qunarzz.com/piao_qsight_provider_piao_qsight_web/0105n12000av1zgkp5E15_C_900_504_Q90_Mtg_7.jpg_710x360_693c8f30.jpg〇https://qimgs.qunarzz.com/piao_qsight_provider_piao_qsight_web/0105012000av1zge77450_C_900_504_Q90_Mtg_7.jpg_710x360_c4cd674b.jpg〇https://imgs.qunarzz.com/sight/p0/2106/1d/1d327b83f80f19e9a3.img.jpg_710x360_3e6ae7e3.jpg〇https://imgs.qunarzz.com/sight/p0/2106/7a/7af6eb9d65a523da3.img.jpg_710x360_84025706.jpg〇https://imgs.qunarzz.com/sight/p0/2106/c3/c3db55281cb3ce3ca3.img.jpg_710x360_0ee3e47b.jpg〇https://imgs.qunarzz.com/sight/p0/2106/c3/c3db55281cb3ce3ca3.img.jpg_710x360_0ee3e47b.jpg〇https://imgs.qunarzz.com/sight/p0/2106/1f/1f33fad66908242aa3.img.jpg_710x360_f8f1b732.jpg〇https://imgs.qunarzz.com/sight/p0/2106/22/22309f4afe053b7aa3.img.jpg_710x360_88dab57c.jpg,"{""ret"": true, ""data"": {""tagList"": [{""tagType"": 1, ""tagScore"": 5, ""tagNum"": 83, ""tagName"": ""\u597d\u8bc4""}, {""tagType"": 0, ""tagScore"": 5, ""tagNum"": 83, ""tagName"": ""\u5168\u90e8""}], ""commentList"": [{""author"": ""f*2"", ""content"": ""\u7528\u6237\u672a\u70b9\u8bc4\uff0c\u7cfb\u7edf\u9ed8\u8ba4\u597d\u8bc4\u3002"", ""date"": ""2022-03-30"", ""score"": 5, ""commentId"": ""222221372"", ""imgs"": [], ""userNickName"": ""f*2"", ""replyCityName"": """", ""cityName"": """"}, {""author"": ""b*3"", ""content"": ""\u7528\u6237\u672a\u70b9\u8bc4\uff0c\u7cfb\u7edf\u9ed8\u8ba4\u597d\u8bc4\u3002"", ""date"": ""2022-03-30"", ""score"": 5, ""commentId"": ""222221370"", ""imgs"": [], ""userNickName"": ""b*3"", ""replyCityName"": """", ""cityName"": """"}, {""author"": ""f*2"", ""content"": ""\u7528\u6237\u672a\u70b9\u8bc4\uff0c\u7cfb\u7edf\u9ed8\u8ba4\u597d\u8bc4\u3002"", ""date"": ""2022-03-30"", ""score"": 5, ""commentId"": ""222221344"", ""imgs"": [], ""userNickName"": ""f*2"", ""replyCityName"": """", ""cityName"": """"}, {""author"": ""\u53bb*\u6237"", ""content"": ""\u7528\u6237\u672a\u70b9\u8bc4\uff0c\u7cfb\u7edf\u9ed8\u8ba4\u597d\u8bc4\u3002"", ""date"": ""2022-03-30"", ""score"": 5, ""commentId"": ""222221325"", ""imgs"": [], ""userNickName"": ""\u53bb*\u6237"", ""replyCityName"": """", ""cityName"": """"}, {""author"": ""r*0"", ""content"": ""\u7528\u6237\u672a\u70b9\u8bc4\uff0c\u7cfb\u7edf\u9ed8\u8ba4\u597d\u8bc4\u3002"", ""date"": ""2022-03-29"", ""score"": 5, ""commentId"": ""222213758"", ""imgs"": [], ""userNickName"": ""r*0"", ""replyCityName"": """", ""cityName"": """"}, {""author"": ""r*0"", ""content"": ""\u7528\u6237\u672a\u70b9\u8bc4\uff0c\u7cfb\u7edf\u9ed8\u8ba4\u597d\u8bc4\u3002"", ""date"": ""2022-03-29"", ""score"": 5, ""commentId"": ""222213753"", ""imgs"": [], ""userNickName"": ""r*0"", ""replyCityName"": """", ""cityName"": """"}, {""author"": ""q*\u6237"", ""content"": ""\u7528\u6237\u672a\u70b9\u8bc4\uff0c\u7cfb\u7edf\u9ed8\u8ba4\u597d\u8bc4\u3002"", ""date"": ""2022-03-20"", ""score"": 5, ""commentId"": ""222181862"", ""imgs"": [], ""userNickName"": ""q*\u6237"", ""replyCityName"": """", ""cityName"": """"}, {""author"": ""r*0"", ""content"": ""\u7528\u6237\u672a\u70b9\u8bc4\uff0c\u7cfb\u7edf\u9ed8\u8ba4\u597d\u8bc4\u3002"", ""date"": ""2022-03-15"", ""score"": 5, ""commentId"": ""222142047"", ""imgs"": [], ""userNickName"": ""r*0"", ""replyCityName"": """", ""cityName"": """"}, {""author"": ""r*0"", ""content"": ""\u7528\u6237\u672a\u70b9\u8bc4\uff0c\u7cfb\u7edf\u9ed8\u8ba4\u597d\u8bc4\u3002"", ""date"": ""2022-03-15"", ""score"": 5, ""commentId"": ""222141404"", ""imgs"": [], ""userNickName"": ""r*0"", ""replyCityName"": """", ""cityName"": """"}, {""author"": ""v*8"", ""content"": ""\u7528\u6237\u672a\u70b9\u8bc4\uff0c\u7cfb\u7edf\u9ed8\u8ba4\u597d\u8bc4\u3002"", ""date"": ""2022-03-13"", ""score"": 5, ""commentId"": ""222088098"", ""imgs"": [], ""userNickName"": ""v*8"", ""replyCityName"": """", ""cityName"": """"}], ""score"": 5.0, ""commentCount"": 83}, ""statusCode"": 200}"
湛速卡丁车俱乐部,https://qimgs.qunarzz.com/piao_qsight_provider_piao_qsight_web/0101v12000778kuu6C062_C_900_504.jpg_280x200_35778e7c.jpg,湛江市,麻章区,广东省湛江市麻章区福华路2222号,-1,-1.0,N/A,https://piao.qunar.com/ticket/detail_2487476079.html?st=a3clM0QlRTklQkElQkIlRTclQUIlQTAlRTUlOEMlQkElMjZpZCUzRDUzNTg4NiUyNnR5cGUlM0QwJTI2aWR4JTNEMTUlMjZxdCUzRCUyNmFwayUzRDIlMjZzYyUzRFdXVyUyNnVyJTNEJUU0JUI4JUFEJUU1JUIxJUIxJTI2bHIlM0QlRTQlQjglQUQlRTUlQjElQjElMjZmdCUzRCU3QiU3RA%3D%3D#from=mpl_search_suggest,-1.0,N/A,N/A,1/1-12/31；周一至周日；11:00-22:00开园,https://qimgs.qunarzz.com/piao_qsight_provider_piao_qsight_web/0101v12000778kuu6C062_C_900_504.jpg_710x360_a6c1d6a8.jpg〇https://qimgs.qunarzz.com/piao_qsight_provider_piao_qsight_web/0101v12000778kuu6C062_C_900_504_Q90_Mtg_7.jpg_710x360_84121bdb.jpg,"{""ret"": true, ""data"": {""tagList"": [{""tagType"": 0, ""tagScore"": 5, ""tagNum"": 0, ""tagName"": ""\u5168\u90e8""}], ""score"": 0.0, ""commentCount"": 0}, ""statusCode"": 200}"
湛江奥林匹克体育中心,https://mp-piao-admincp.qunarzz.com/mp_piao_admin_mp_piao_admin/admin/20217/30d54820c6727b9958d585769ab3c5c2.png_280x200_7ef61cce.png,湛江市,坡头区,广东省湛江市坡头区东城西路与柏西路交叉口西北角,-1,-1.0,N/A,https://piao.qunar.com/ticket/detail_4189532775.html?st=a3clM0QlRTUlOUQlQTElRTUlQTQlQjQlRTUlOEMlQkElMjZpZCUzRDUzOTQzMiUyNnR5cGUlM0QwJTI2aWR4JTNENyUyNnF0JTNEJTI2YXBrJTNEMiUyNnNjJTNEV1dXJTI2dXIlM0QlRTQlQjglQUQlRTUlQjElQjElMjZsciUzRCVFNCVCOCVBRCVFNSVCMSVCMSUyNmZ0JTNEJTdCJTdE#from=mpl_search_suggest,-1.0,N/A,N/A,1/1-12/31；周一至周日；全天开放,https://mp-piao-admincp.qunarzz.com/mp_piao_admin_mp_piao_admin/admin/20217/30d54820c6727b9958d585769ab3c5c2.png_710x360_c2302e12.png,"{""ret"": true, ""data"": {""tagList"": [{""tagType"": 0, ""tagScore"": 5, ""tagNum"": 0, ""tagName"": ""\u5168\u90e8""}], ""score"": 0.0, ""commentCount"": 0}, ""statusCode"": 200}"
廉江音乐文化广场,https://qimgs.qunarzz.com/piao_qsight_provider_piao_qsight_web/1lo0s12000cwh4bkvEDFA_C_900_504.jpg_280x200_77869a8b.jpg,湛江市,廉江市,广东省湛江市廉江市振兴南路,-1,-1.0,N/A,https://piao.qunar.com/ticket/detail_3191841083.html?st=a3clM0QlRTUlQkIlODklRTYlQjElOUYlRTUlQjglODIlMjZpZCUzRDUzNjE0NSUyNnR5cGUlM0QwJTI2aWR4JTNEMTQlMjZxdCUzRCUyNmFwayUzRDIlMjZzYyUzRFdXVyUyNnVyJTNEJUU0JUI4JUFEJUU1JUIxJUIxJTI2bHIlM0QlRTQlQjglQUQlRTUlQjElQjElMjZmdCUzRCU3QiU3RA%3D%3D#from=mpl_search_suggest,-1.0,N/A,N/A,1/1-12/31；周一至周日；全天开放,https://qimgs.qunarzz.com/piao_qsight_provider_piao_qsight_web/1lo0s12000cwh4bkvEDFA_C_900_504.jpg_710x360_c014ee4e.jpg〇https://qimgs.qunarzz.com/piao_qsight_provider_piao_qsight_web/1lo1912000cwh4idn6D1E_C_900_504_Q90_Mtg_7.jpg_710x360_2bcf42c8.jpg〇https://qimgs.qunarzz.com/piao_qsight_provider_piao_qsight_web/1lo0s12000cwh4bkvEDFA_C_900_504_Q90_Mtg_7.jpg_710x360_12d843ac.jpg,"{""ret"": true, ""data"": {""tagList"": [{""tagType"": 0, ""tagScore"": 5, ""tagNum"": 0, ""tagName"": ""\u5168\u90e8""}], ""score"": 0.0, ""commentCount"": 0}, ""statusCode"": 200}"
新民塘底村,https://imgs.qunarzz.com/sight/p0/201303/06/a00a7dfe6826f3bdc8d65eac.jpg_280x200_d605df4e.jpg,湛江市,廉江市,广东省湛江廉江市新民塘底村,-1,-1.0,塘底村地处新民镇西北部，全村现有人口1182人，耕地面积490亩，种果面积450亩，2005年实现人均纯收入达3000多,https://piao.qunar.com/ticket/detail_3983725672.html?st=a3clM0QlRTUlQkIlODklRTYlQjElOUYlRTUlQjglODIlMjZpZCUzRDQxMTclMjZ0eXBlJTNEMCUyNmlkeCUzRDEzJTI2cXQlM0QlMjZhcGslM0QyJTI2c2MlM0RXV1clMjZ1ciUzRCVFNCVCOCVBRCVFNSVCMSVCMSUyNmxyJTNEJUU0JUI4JUFEJUU1JUIxJUIxJTI2ZnQlM0QlN0IlN0Q%3D#from=mpl_search_suggest,-1.0,N/A,塘底村地处新民镇西北部，全村现有人口1182人，耕地面积490亩，种果面积450亩，2005年实现人均纯收入达3000多元。近年来，该村致力把村容、村貌环境建设作为新时期农村工作的首要任务来抓好，高标准、高起点建起了初具规模的生态文明新农村。至2005年底止，全村共投资280多万无，清除杂竹1200多丛，28000多根，清理杂屋80多间，1500多平方米，推土8000多立方米，填污水塘5个，建设环村道5.8公里，建设文化楼一幢，灯光球场一个，大舞台一个，种植大王椰108棵、苏铁106棵、黄金梅球88个、黄皮果苗1600株、草皮1000平方米，绿化面积达3900平方米，房屋门前硬底化面积3500平方米，从而使整个村庄的精神面貌焕然一新。该村在抓好生态文明村建设的同时，着力抓好社会治安综合治理和民主法制教育以及反腐倡廉教育，村中无打架、斗殴、吸毒、赌博，无重大刑事案件发生。近年来，该村先后被授予广东省文明村、廉江市生态文明村、无毒社区、湛江市民主法治示范村等光荣称号，是省、市反腐倡廉教育进农村示范点。,暂无,https://imgs.qunarzz.com/sight/p0/201303/06/a00a7dfe6826f3bdc8d65eac.jpg_710x360_45fbb90b.jpg,"{""ret"": true, ""data"": {""tagList"": [{""tagType"": 0, ""tagScore"": 5, ""tagNum"": 0, ""tagName"": ""\u5168\u90e8""}], ""score"": 0.0, ""commentCount"": 0}, ""statusCode"": 200}"
樱花公园,https://qimgs.qunarzz.com/piao_qsight_provider_piao_qsight_web/01068120009d0pakc3690_C_900_504.jpg_280x200_bf25a7f1.jpg,湛江市,廉江市,广东省湛江市廉江市塘山岭南麓廉江大道北端,-1,-1.0,体验廉江特色文化的好去处,https://piao.qunar.com/ticket/detail_3200935743.html?st=a3clM0QlRTUlQkIlODklRTYlQjElOUYlRTUlQjglODIlMjZpZCUzRDUyOTU2NyUyNnR5cGUlM0QwJTI2aWR4JTNEMTIlMjZxdCUzRCUyNmFwayUzRDIlMjZzYyUzRFdXVyUyNnVyJTNEJUU0JUI4JUFEJUU1JUIxJUIxJTI2bHIlM0QlRTQlQjglQUQlRTUlQjElQjElMjZmdCUzRCU3QiU3RA%3D%3D#from=mpl_search_suggest,-1.0,N/A,N/A,1/1-12/31；周一至周日；全天开放,https://qimgs.qunarzz.com/piao_qsight_provider_piao_qsight_web/01068120009d0pakc3690_C_900_504.jpg_710x360_a65ec4df.jpg〇https://qimgs.qunarzz.com/piao_qsight_provider_piao_qsight_web/01068120009d0pakc3690_C_900_504_Q90_Mtg_7.jpg_710x360_c4dca5f3.jpg,"{""ret"": true, ""data"": {""tagList"": [{""tagType"": 0, ""tagScore"": 5, ""tagNum"": 0, ""tagName"": ""\u5168\u90e8""}], ""score"": 0.0, ""commentCount"": 0}, ""statusCode"": 200}"
宏达农家乐园,https://imgs.qunarzz.com/sight/p0/201303/06/7b7a350206966d81c8d65eac.jpg_280x200_dfd79570.jpg,湛江市,廉江市,广东省湛江市廉江市,-1,-1.0,"占地 120O亩, 集游乐、度假、餐饮、旅业、动植物观赏、农业种植于一体的宏达农家乐园 , 就在廉城内的西边 , 距市中",https://piao.qunar.com/ticket/detail_2081824120.html?st=a3clM0QlRTUlQkIlODklRTYlQjElOUYlRTUlQjglODIlMjZpZCUzRDEyNjclMjZ0eXBlJTNEMCUyNmlkeCUzRDExJTI2cXQlM0QlMjZhcGslM0QyJTI2c2MlM0RXV1clMjZ1ciUzRCVFNCVCOCVBRCVFNSVCMSVCMSUyNmxyJTNEJUU0JUI4JUFEJUU1JUIxJUIxJTI2ZnQlM0QlN0IlN0Q%3D#from=mpl_search_suggest,-1.0,N/A,"占地 120O亩, 集游乐、度假、餐饮、旅业、动植物观赏、农业种植于一体的宏达农家乐园 , 就在廉城内的西边 , 距市中心约 1 公里。这里有山有水 , 林木繁茂 , 泳池 , 鱼池、水上乐园、 小别墅、烧烤区、捉鱼区、农家菜园、花草盆景 , 石艺根艺 , 是休闲的好地方。",暂无,https://imgs.qunarzz.com/sight/p0/201303/06/7b7a350206966d81c8d65eac.jpg_710x360_3efbacab.jpg〇https://qimgs.qunarzz.com/piao_qsight_provider_piao_qsight_web/3085ec17c31dce5bddb12cfb.jpg_710x360_c5c29491.jpg,"{""ret"": true, ""data"": {""tagList"": [{""tagType"": 0, ""tagScore"": 5, ""tagNum"": 0, ""tagName"": ""\u5168\u90e8""}], ""score"": 0.0, ""commentCount"": 0}, ""statusCode"": 200}"
廉江市奇缘庄园,https://imgs.qunarzz.com/sight/p0/2010/e3/e319ce6266e873cda3.img.jpg_280x200_1e58b34c.jpg,湛江市,廉江市,湛江廉江市下塘村2号,-1,-1.0,奇缘庄园位于廉江横山镇大岭村下塘村，园内设有多种休闲娱乐项目，骑马、湖面滑索、山地车、游船等可以让你徜徉于这片田园风光中,https://piao.qunar.com/ticket/detail_4088880547.html?st=a3clM0QlRTUlQkIlODklRTYlQjElOUYlRTUlQjglODIlMjZpZCUzRDUwOTIxMiUyNnR5cGUlM0QwJTI2aWR4JTNEMTAlMjZxdCUzRCUyNmFwayUzRDIlMjZzYyUzRFdXVyUyNnVyJTNEJUU0JUI4JUFEJUU1JUIxJUIxJTI2bHIlM0QlRTQlQjglQUQlRTUlQjElQjElMjZmdCUzRCU3QiU3RA%3D%3D#from=mpl_search_suggest,-1.0,N/A,奇缘庄园位于廉江横山镇大岭村下塘村，园内设有多种休闲娱乐项目，骑马、湖面滑索、山地车、游船等可以让你徜徉于这片田园风光中。周末时带上孩子或来与朋友结伴到奇缘庄园，一起和大自然来一场久违的约会吧。,01/01-12/31；09:00-18:00开园,https://imgs.qunarzz.com/sight/p0/2010/e3/e319ce6266e873cda3.img.jpg_710x360_b4021887.jpg〇https://imgs.qunarzz.com/sight/p0/2010/64/649e9aa17f3f25eea3.img.jpg_710x360_2ca9d757.jpg〇https://imgs.qunarzz.com/sight/p0/2010/8e/8e2bb5c1879f2414a3.img.jpg_710x360_8ed82372.jpg,"{""ret"": true, ""data"": {""tagList"": [{""tagType"": 0, ""tagScore"": 5, ""tagNum"": 0, ""tagName"": ""\u5168\u90e8""}], ""score"": 0.0, ""commentCount"": 0}, ""statusCode"": 200}"
鹤地水库,https://imgs.qunarzz.com/sight/p0/201302/26/a604f4732d8cf0c2c8d65eac.jpg_280x200_c4bbeb6d.jpg,湛江市,廉江市,广东省湛江市廉江市河唇镇,2,2.0,泛舟湖上，两岸青山，令人心旷神怡,https://piao.qunar.com/ticket/detail_2872018799.html?st=a3clM0QlRTUlQkIlODklRTYlQjElOUYlRTUlQjglODIlMjZpZCUzRDkyNzUlMjZ0eXBlJTNEMCUyNmlkeCUzRDklMjZxdCUzRCUyNmFwayUzRDIlMjZzYyUzRFdXVyUyNnVyJTNEJUU0JUI4JUFEJUU1JUIxJUIxJTI2bHIlM0QlRTQlQjglQUQlRTUlQjElQjElMjZmdCUzRCU3QiU3RA%3D%3D#from=mpl_search_suggest,-1.0,3A景区,鹤地水库距湛江市区60公里，它与雷州青年运河形成一大型水利工程，并以其独有的绿水青山的自然景色成为优美迷人的旅游景点。水库水面面积122平方公里，宽阔的湖面宛如一波澜不兴的大海，游客乘船畅游湖上，享受习习闵风，观赏两岸风光，令人心旷神怡。游毕再在餐桌上品尝新鲜肥美的河鲜餐，更令一饱口福。夏秋季节，硕果累累的果林漫山遍布，又是一番别有有风味的体验。纵贯大半个雷州半岛的青年运河，处处可见凌空飞架的天桥33米、长1206米，十分壮观。,4月-10月8:00-18:00，11月-次年3月8:30-17:30,https://imgs.qunarzz.com/sight/p0/201302/26/a604f4732d8cf0c2c8d65eac.jpg_710x360_900fbbb7.jpg〇https://imgs.qunarzz.com/sight/p0/201302/26/7e49f5a2822c9521c8d65eac.jpg_710x360_22cc4595.jpg〇https://imgs.qunarzz.com/sight/p0/201302/26/e3e0eaa706890ae4c8d65eac.jpg_710x360_714668b7.jpg〇https://imgs.qunarzz.com/sight/p0/201302/26/388d54dc8a28ea9cc8d65eac.jpg_710x360_d0e49327.jpg〇https://qimgs.qunarzz.com/piao_qsight_provider_piao_qsight_web/28c3eae3080f16.jpg_710x360_55815d40.jpg〇https://qimgs.qunarzz.com/piao_qsight_provider_piao_qsight_web/d55acbf11724e9a81a57f95997e86415.jpg_710x360_a4028aa0.jpg〇https://qimgs.qunarzz.com/piao_qsight_provider_piao_qsight_web/8d29c6e66baa93bb5de1101f7f8dbe99.jpg_710x360_43e911f8.jpg〇https://qimgs.qunarzz.com/piao_qsight_provider_piao_qsight_web/bb53671b399e12f7.jpg_710x360_1050b5b9.jpg,"{""ret"": true, ""data"": {""tagList"": [{""tagType"": 3, ""tagScore"": 5, ""tagNum"": 1, ""tagName"": ""\u5dee\u8bc4""}, {""tagType"": 2, ""tagScore"": 5, ""tagNum"": 1, ""tagName"": ""\u4e2d\u8bc4""}, {""tagType"": 0, ""tagScore"": 5, ""tagNum"": 2, ""tagName"": ""\u5168\u90e8""}], ""commentList"": [{""author"": ""a*9"", ""content"": ""\u666f\u533a\u95e8\u53e3\u79c1\u4eba\u4e71\u6536\u8d39\uff0c30\u5143\u4e00\u90e8\u8f66\u8fdb\u53bb\u666f\u533a\uff0c\u671b\u6574\u6cbb\u3002"", ""date"": ""2021-03-21"", ""score"": 1, ""commentId"": ""218223854"", ""imgs"": [], ""userNickName"": ""a*9"", ""replyCityName"": """", ""cityName"": """"}, {""author"": ""\u5915*\u975e"", ""content"": ""\u4e00\u5927\u65e9\u8ddf\u670b\u53cb\u4ece\u6e5b\u6c5f\u8d64\u574e\u51fa\u53d1\u5750\u8f66\u5230\u5ec9\u6c5f\u57ce\u5357\u6c7d\u8f66\u7ad9\uff0c\u7136\u540e\u518d\u8f6c\u8f66\u53bb\u9e64\u5730\u6c34\u5e93\uff0c\u5e7f\u4e1c\u7701\u5185\u6700\u5927\u7684\u201c\u4eba\u9020\u6d77\u201d\u3002\u591a\u5e74\u4ee5\u524d\u66fe\u7ecf\u6765\u8fc7\u8fd9\u91cc\uff0c\u65e7\u5730\u91cd\u6e38\uff0c\u8bf4\u4e0d\u6e05\u4ec0\u4e48\u6ecb\u5473\u5728\u5fc3\u5934\u3002\u611f\u89c9\u5f88\u719f\u6089\uff0c\u5374\u4e5f\u6709\u4e0d\u5c11\u660e\u663e\u7684\u53d8\u5316\u3002\u8fc7\u6765\u8fd9\u8fb9\u4e0d\u80fd\u4e0d\u5403\u9c7c\u554a\uff0c\u968f\u4fbf\u5728\u9644\u8fd1\u627e\u5bb6\u996d\u5e97\u90fd\u53ef\u4ee5\u7684\u3002"", ""date"": ""2015-01-26"", ""score"": 3, ""commentId"": ""30071508"", ""imgs"": [{""small"": ""https://imgs.qunarzz.com/piao/fusion/1501/48/28c3eae3080f16.jpg_120x120_2f21aa95.jpg"", ""title"": """", ""big"": ""https://imgs.qunarzz.com/piao/fusion/1501/48/28c3eae3080f16.jpg""}], ""userNickName"": ""\u5915*\u975e"", ""replyCityName"": """", ""cityName"": """"}], ""score"": 2.0, ""commentCount"": 2}, ""statusCode"": 200}"
廉江鳄鱼生态公园,https://qimgs.qunarzz.com/piao_qsight_provider_piao_qsight_web/0106712000aga747202A4_C_900_504.jpg_280x200_56738572.jpg,湛江市,廉江市,广东省湛江市廉江市新民镇鳄鱼生态公园,10,5.0,N/A,https://piao.qunar.com/ticket/detail_2256261637.html?st=a3clM0QlRTUlQkIlODklRTYlQjElOUYlRTUlQjglODIlMjZpZCUzRDUxOTAwNiUyNnR5cGUlM0QwJTI2aWR4JTNENyUyNnF0JTNEJTI2YXBrJTNEMiUyNnNjJTNEV1dXJTI2dXIlM0QlRTQlQjglQUQlRTUlQjElQjElMjZsciUzRCVFNCVCOCVBRCVFNSVCMSVCMSUyNmZ0JTNEJTdCJTdE#from=mpl_search_suggest,-1.0,N/A,N/A,1/1-12/31；周一至周日；09:00-18:00开园,https://qimgs.qunarzz.com/piao_qsight_provider_piao_qsight_web/0106712000aga747202A4_C_900_504.jpg_710x360_8d1a872a.jpg〇https://qimgs.qunarzz.com/piao_qsight_provider_piao_qsight_web/0106712000aga747202A4_C_900_504_Q90_Mtg_7.jpg_710x360_1b13b8b2.jpg,"{""ret"": true, ""data"": {""tagList"": [{""tagType"": 1, ""tagScore"": 5, ""tagNum"": 10, ""tagName"": ""\u597d\u8bc4""}, {""tagType"": 0, ""tagScore"": 5, ""tagNum"": 10, ""tagName"": ""\u5168\u90e8""}], ""commentList"": [{""author"": ""t*4"", ""content"": ""\u7528\u6237\u672a\u70b9\u8bc4\uff0c\u7cfb\u7edf\u9ed8\u8ba4\u597d\u8bc4\u3002"", ""date"": ""2024-06-20"", ""score"": 5, ""commentId"": ""234409125"", ""imgs"": [], ""userNickName"": ""t*4"", ""replyCityName"": """", ""cityName"": """"}, {""author"": ""y*0"", ""content"": ""\u7528\u6237\u672a\u70b9\u8bc4\uff0c\u7cfb\u7edf\u9ed8\u8ba4\u597d\u8bc4\u3002"", ""date"": ""2024-01-10"", ""score"": 5, ""commentId"": ""231005183"", ""imgs"": [], ""userNickName"": ""y*0"", ""replyCityName"": """", ""cityName"": """"}, {""author"": ""\u8d85*1"", ""content"": ""\u7528\u6237\u672a\u70b9\u8bc4\uff0c\u7cfb\u7edf\u9ed8\u8ba4\u597d\u8bc4\u3002"", ""date"": ""2023-10-18"", ""score"": 5, ""commentId"": ""229455148"", ""imgs"": [], ""userNickName"": ""\u8d85*1"", ""replyCityName"": """", ""cityName"": """"}, {""author"": ""\u7ef4*\u5c11"", ""content"": ""\u7528\u6237\u672a\u70b9\u8bc4\uff0c\u7cfb\u7edf\u9ed8\u8ba4\u597d\u8bc4\u3002"", ""date"": ""2023-09-06"", ""score"": 5, ""commentId"": ""228212011"", ""imgs"": [], ""userNickName"": ""\u7ef4*\u5c11"", ""replyCityName"": """", ""cityName"": """"}, {""author"": ""\u53bb*\u6237"", ""content"": ""\u7528\u6237\u672a\u70b9\u8bc4\uff0c\u7cfb\u7edf\u9ed8\u8ba4\u597d\u8bc4\u3002"", ""date"": ""2023-06-01"", ""score"": 5, ""commentId"": ""225979373"", ""imgs"": [], ""userNickName"": ""\u53bb*\u6237"", ""replyCityName"": """", ""cityName"": """"}, {""author"": ""c*7"", ""content"": ""\u7528\u6237\u672a\u70b9\u8bc4\uff0c\u7cfb\u7edf\u9ed8\u8ba4\u597d\u8bc4\u3002"", ""date"": ""2023-06-01"", ""score"": 5, ""commentId"": ""225918791"", ""imgs"": [], ""userNickName"": ""c*7"", ""replyCityName"": """", ""cityName"": """"}, {""author"": ""\u739f*\u5609"", ""content"": ""\u7528\u6237\u672a\u70b9\u8bc4\uff0c\u7cfb\u7edf\u9ed8\u8ba4\u597d\u8bc4\u3002"", ""date"": ""2023-05-09"", ""score"": 5, ""commentId"": ""225417799"", ""imgs"": [], ""userNickName"": ""\u739f*\u5609"", ""replyCityName"": """", ""cityName"": """"}, {""author"": ""j*9"", ""content"": ""\u7528\u6237\u672a\u70b9\u8bc4\uff0c\u7cfb\u7edf\u9ed8\u8ba4\u597d\u8bc4\u3002"", ""date"": ""2023-04-18"", ""score"": 5, ""commentId"": ""225147266"", ""imgs"": [], ""userNickName"": ""j*9"", ""replyCityName"": """", ""cityName"": """"}, {""author"": ""y*0"", ""content"": ""\u7528\u6237\u672a\u70b9\u8bc4\uff0c\u7cfb\u7edf\u9ed8\u8ba4\u597d\u8bc4\u3002"", ""date"": ""2023-04-04"", ""score"": 5, ""commentId"": ""224996816"", ""imgs"": [], ""userNickName"": ""y*0"", ""replyCityName"": """", ""cityName"": """"}, {""author"": ""y*0"", ""content"": ""\u7528\u6237\u672a\u70b9\u8bc4\uff0c\u7cfb\u7edf\u9ed8\u8ba4\u597d\u8bc4\u3002"", ""date"": ""2023-04-04"", ""score"": 5, ""commentId"": ""224996797"", ""imgs"": [], ""userNickName"": ""y*0"", ""replyCityName"": """", ""cityName"": """"}], ""score"": 5.0, ""commentCount"": 10}, ""statusCode"": 200}"
奇缘庄园,https://mp-piao-admincp.qunarzz.com/mp_piao_admin_mp_piao_admin/admin/20217/30d54820c6727b9958d585769ab3c5c2.png_280x200_7ef61cce.png,湛江市,廉江市,湛江市下塘村2号,-1,-1.0,N/A,https://piao.qunar.com/ticket/detail_4149961879.html?st=a3clM0QlRTUlQkIlODklRTYlQjElOUYlRTUlQjglODIlMjZpZCUzRDUzNzYwOSUyNnR5cGUlM0QwJTI2aWR4JTNENCUyNnF0JTNEJTI2YXBrJTNEMiUyNnNjJTNEV1dXJTI2dXIlM0QlRTQlQjglQUQlRTUlQjElQjElMjZsciUzRCVFNCVCOCVBRCVFNSVCMSVCMSUyNmZ0JTNEJTdCJTdE#from=mpl_search_suggest,14.5,N/A,N/A,1/1-12/31；周一至周日；09:30-18:30开园,https://mp-piao-admincp.qunarzz.com/mp_piao_admin_mp_piao_admin/admin/20217/30d54820c6727b9958d585769ab3c5c2.png_710x360_c2302e12.png,"{""ret"": true, ""data"": {""tagList"": [{""tagType"": 0, ""tagScore"": 5, ""tagNum"": 0, ""tagName"": ""\u5168\u90e8""}], ""score"": 0.0, ""commentCount"": 0}, ""statusCode"": 200}"
中塘长龙谷,https://qimgs.qunarzz.com/piao_qsight_provider_piao_qsight_web/0101n12000adzgghm2A95_C_900_504.jpg_280x200_7700380a.jpg,湛江市,廉江市,广东省湛江市廉江市良垌镇中塘村,-1,-1.0,N/A,https://piao.qunar.com/ticket/detail_1080673443.html?st=a3clM0QlRTUlQkIlODklRTYlQjElOUYlRTUlQjglODIlMjZpZCUzRDUyMDk1MCUyNnR5cGUlM0QwJTI2aWR4JTNEMyUyNnF0JTNEJTI2YXBrJTNEMiUyNnNjJTNEV1dXJTI2dXIlM0QlRTQlQjglQUQlRTUlQjElQjElMjZsciUzRCVFNCVCOCVBRCVFNSVCMSVCMSUyNmZ0JTNEJTdCJTdE#from=mpl_search_suggest,9.9,N/A,N/A,1/1-12/31；周一至周日；09:00-18:00开园,https://qimgs.qunarzz.com/piao_qsight_provider_piao_qsight_web/0101n12000adzgghm2A95_C_900_504.jpg_710x360_a6872d6b.jpg〇https://qimgs.qunarzz.com/piao_qsight_provider_piao_qsight_web/0100i12000adzgjmgB3F4_C_900_504_Q90_Mtg_7.jpg_710x360_48e3c9f7.jpg〇https://qimgs.qunarzz.com/piao_qsight_provider_piao_qsight_web/0103412000adzgi5yDD32_C_900_504_Q90_Mtg_7.jpg_710x360_e92a461a.jpg〇https://qimgs.qunarzz.com/piao_qsight_provider_piao_qsight_web/0101n12000adzgghm2A95_C_900_504_Q90_Mtg_7.jpg_710x360_5e56e97f.jpg,"{""ret"": true, ""data"": {""tagList"": [{""tagType"": 0, ""tagScore"": 5, ""tagNum"": 0, ""tagName"": ""\u5168\u90e8""}], ""score"": 0.0, ""commentCount"": 0}, ""statusCode"": 200}"
田园寨,https://qimgs.qunarzz.com/piao_qsight_provider_piao_qsight_web/0102w12000f6r5sz120F6_C_900_504.jpg_280x200_7959db87.jpg,湛江市,廉江市,广东省湛江市廉江市石城镇茶山村畜牧场旁,346,4.9,有巨型水车的都市田园,https://piao.qunar.com/ticket/detail_4025491423.html?st=a3clM0QlRTUlQkIlODklRTYlQjElOUYlRTUlQjglODIlMjZpZCUzRDQ3NDMyNCUyNnR5cGUlM0QwJTI2aWR4JTNEMiUyNnF0JTNEJTI2YXBrJTNEMiUyNnNjJTNEV1dXJTI2dXIlM0QlRTQlQjglQUQlRTUlQjElQjElMjZsciUzRCVFNCVCOCVBRCVFNSVCMSVCMSUyNmZ0JTNEJTdCJTdE#from=mpl_search_suggest,18.0,N/A,田园寨是廉江市田园寨农业发展有限公司响应国家乡村振兴战略开发的大型田园综合体，也是粤西地区首家开发面积达万亩以上的大型乡村旅游项目之一。田园寨坐落于风景秀丽、四季如春的廉江市茶山村，成立于2016年7月，项目总规划面积约10230亩，总投资约12亿元人民币，首期规划建设面积约1600亩，计划投资约1.8亿元人民币，拟开发建设成为一家集旅游、度假、康养、玩乐、民宿、餐饮、休闲农业、商业为一体的生态旅游康养基地。项目位于廉江北部山麓，自然风光独特，一眼望去，山峦起伏，如诗如画，若高远之画境，如人间之世外桃源，让人流连忘返，沉醉其中。景区内农业种植业丰富，选种多种优质农作物作为观赏和食用，营造良好的农业观光氛围，其中茶园基地约300亩、红橙种植约200亩、野生稔子约300亩等，还有各种鸟类、蛇类等野生动物，气候温和，生态平衡，资源丰富，生态多样化，是休闲、度假、聚会、康养的场所。为丰富项目种类，提升游客的游玩体验，让游客玩的更HI更快乐，田园寨相继开发了多种多样的景观和娱乐项目，如：5D玻璃桥、空中漂流、景观叠水湖泊、山水湖泊、景观道路、湖景别墅、碧波泛舟、高空滑索、摇摆桥、水上漂、弯弓射箭、桃花岛、水上舞台、丛林穿越、巨型水车、山水瀑布等配套景观和娱乐项目，让游客放松紧张的工作环境，徜徉在田园寨幽静小路的同时，体验到刺激、新鲜、难以忘怀的游乐项目。,1/1-12/31；周一至周日；09:00-18:00开园,https://qimgs.qunarzz.com/piao_qsight_provider_piao_qsight_web/0102w12000f6r5sz120F6_C_900_504.jpg_710x360_9b98ccee.jpg〇https://qimgs.qunarzz.com/piao_qsight_provider_piao_qsight_web/0102w12000f6r5sz120F6_C_900_504_Q90_Mtg_7.jpg_710x360_8b61cd99.jpg〇https://qimgs.qunarzz.com/piao_qsight_provider_piao_qsight_web/350d1600000105u0t5BE6_C_900_504_Q90_Mtg_7.jpg_710x360_f41e1496.jpg〇https://qimgs.qunarzz.com/piao_qsight_provider_piao_qsight_web/35041600000106apbD435_C_900_504_Q90_Mtg_7.jpg_710x360_cf1d16a1.jpg〇https://qimgs.qunarzz.com/piao_qsight_provider_piao_qsight_web/350j1600000106tyc1933_C_900_504_Q90_Mtg_7.jpg_710x360_ac1f5aa6.jpg〇https://qimgs.qunarzz.com/piao_qsight_provider_piao_qsight_web/350e160000010a2ck23F6_C_900_504_Q90_Mtg_7.jpg_710x360_6de65d14.jpg〇https://qimgs.qunarzz.com/piao_qsight_provider_piao_qsight_web/350q1600000108looF86C_C_900_504_Q90_Mtg_7.jpg_710x360_abab10e7.jpg〇https://qimgs.qunarzz.com/piao_qsight_provider_piao_qsight_web/350o16000001065jw0B8F_C_900_504_Q90_Mtg_7.jpg_710x360_62aadfd2.jpg〇https://qimgs.qunarzz.com/piao_qsight_provider_piao_qsight_web/350d1600000105u25936F_C_900_504_Q90_Mtg_7.jpg_710x360_3eb9e50f.jpg〇https://qimgs.qunarzz.com/piao_qsight_provider_piao_qsight_web/350o16000001065m4742A_C_900_504_Q90_Mtg_7.jpg_710x360_f39a211d.jpg〇https://qimgs.qunarzz.com/piao_qsight_provider_piao_qsight_web/3501160000010k8kf03D2_C_900_504_Q90_Mtg_7.jpg_710x360_fb6862b2.jpg〇https://imgs.qunarzz.com/sight/p0/1906/ef/eff36d7024d81b1ba3.img.jpg_710x360_cc925a56.jpg〇https://imgs.qunarzz.com/sight/p0/1906/6b/6bccb77d7765dca2a3.img.jpg_710x360_b0379785.jpg〇https://imgs.qunarzz.com/sight/p0/1906/1d/1d6781cf3c38299aa3.img.jpg_710x360_38ef681f.jpg〇https://imgs.qunarzz.com/sight/p0/1906/75/75dae9ec5411a20fa3.img.jpg_710x360_d7e5ee1c.jpg〇https://imgs.qunarzz.com/sight/p0/1906/8f/8fc095ece9987011a3.img.jpg_710x360_1397d30b.jpg〇https://imgs.qunarzz.com/sight/p0/1906/93/938cd18aa4233daea3.img.jpg_710x360_b98c3ba0.jpg〇https://imgs.qunarzz.com/sight/p0/1906/f8/f82898248a598ae0a3.img.jpg_710x360_c7241e89.jpg〇https://qimgs.qunarzz.com/piao_qsight_provider_piao_qsight_web/e83a54a276bcce02.jpg_710x360_7b3b4caa.jpg〇https://qimgs.qunarzz.com/piao_qsight_provider_piao_qsight_web/e69c1ddef9007002.jpg_710x360_f7f6fc4a.jpg〇https://qimgs.qunarzz.com/piao_qsight_provider_piao_qsight_web/15864ecf5247e802.jpg_710x360_a3b29748.jpg〇https://qimgs.qunarzz.com/piao_qsight_provider_piao_qsight_web/085f5ad90057c402.jpg_710x360_517ca5fd.jpg〇https://qimgs.qunarzz.com/piao_qsight_provider_piao_qsight_web/5d920d5a4b661e02.jpg_710x360_3887d812.jpg,"{""ret"": true, ""data"": {""tagList"": [{""tagType"": 3, ""tagScore"": 5, ""tagNum"": 6, ""tagName"": ""\u5dee\u8bc4""}, {""tagType"": 1, ""tagScore"": 5, ""tagNum"": 339, ""tagName"": ""\u597d\u8bc4""}, {""tagType"": 0, ""tagScore"": 5, ""tagNum"": 346, ""tagName"": ""\u5168\u90e8""}], ""commentList"": [{""author"": ""\u53ef*\u51b0"", ""content"": ""\u7528\u6237\u672a\u70b9\u8bc4\uff0c\u7cfb\u7edf\u9ed8\u8ba4\u597d\u8bc4\u3002"", ""date"": ""2024-12-24"", ""score"": 5, ""commentId"": ""239354849"", ""imgs"": [], ""userNickName"": ""\u53ef*\u51b0"", ""replyCityName"": """", ""cityName"": """"}, {""author"": ""\u9ec4*7"", ""content"": ""\u7528\u6237\u672a\u70b9\u8bc4\uff0c\u7cfb\u7edf\u9ed8\u8ba4\u597d\u8bc4\u3002"", ""date"": ""2024-12-11"", ""score"": 5, ""commentId"": ""239198811"", ""imgs"": [], ""userNickName"": ""\u9ec4*7"", ""replyCityName"": """", ""cityName"": """"}, {""author"": ""1*l"", ""content"": ""\u7528\u6237\u672a\u70b9\u8bc4\uff0c\u7cfb\u7edf\u9ed8\u8ba4\u597d\u8bc4\u3002"", ""date"": ""2024-11-29"", ""score"": 5, ""commentId"": ""238997976"", ""imgs"": [], ""userNickName"": ""1*l"", ""replyCityName"": """", ""cityName"": """"}, {""author"": ""\u53bb*\u6237"", ""content"": ""\u7528\u6237\u672a\u70b9\u8bc4\uff0c\u7cfb\u7edf\u9ed8\u8ba4\u597d\u8bc4\u3002"", ""date"": ""2024-11-05"", ""score"": 5, ""commentId"": ""238532441"", ""imgs"": [], ""userNickName"": ""\u53bb*\u6237"", ""replyCityName"": """", ""cityName"": """"}, {""author"": ""\u53bb*\u6237"", ""content"": ""\u7528\u6237\u672a\u70b9\u8bc4\uff0c\u7cfb\u7edf\u9ed8\u8ba4\u597d\u8bc4\u3002"", ""date"": ""2024-11-05"", ""score"": 5, ""commentId"": ""238531901"", ""imgs"": [], ""userNickName"": ""\u53bb*\u6237"", ""replyCityName"": """", ""cityName"": """"}, {""author"": ""f*8"", ""content"": ""\u7528\u6237\u672a\u70b9\u8bc4\uff0c\u7cfb\u7edf\u9ed8\u8ba4\u597d\u8bc4\u3002"", ""date"": ""2024-11-04"", ""score"": 5, ""commentId"": ""238453832"", ""imgs"": [], ""userNickName"": ""f*8"", ""replyCityName"": """", ""cityName"": """"}, {""author"": ""f*8"", ""content"": ""\u7528\u6237\u672a\u70b9\u8bc4\uff0c\u7cfb\u7edf\u9ed8\u8ba4\u597d\u8bc4\u3002"", ""date"": ""2024-11-04"", ""score"": 5, ""commentId"": ""238451897"", ""imgs"": [], ""userNickName"": ""f*8"", ""replyCityName"": """", ""cityName"": """"}, {""author"": ""\u83f2*9"", ""content"": ""\u7528\u6237\u672a\u70b9\u8bc4\uff0c\u7cfb\u7edf\u9ed8\u8ba4\u597d\u8bc4\u3002"", ""date"": ""2024-11-02"", ""score"": 5, ""commentId"": ""238081364"", ""imgs"": [], ""userNickName"": ""\u83f2*9"", ""replyCityName"": """", ""cityName"": """"}, {""author"": ""\u53bb*\u6237"", ""content"": ""\u7528\u6237\u672a\u70b9\u8bc4\uff0c\u7cfb\u7edf\u9ed8\u8ba4\u597d\u8bc4\u3002"", ""date"": ""2024-08-20"", ""score"": 5, ""commentId"": ""235671922"", ""imgs"": [], ""userNickName"": ""\u53bb*\u6237"", ""replyCityName"": """", ""cityName"": """"}, {""author"": ""\u53bb*\u6237"", ""content"": ""\u7528\u6237\u672a\u70b9\u8bc4\uff0c\u7cfb\u7edf\u9ed8\u8ba4\u597d\u8bc4\u3002"", ""date"": ""2024-07-10"", ""score"": 5, ""commentId"": ""234746610"", ""imgs"": [], ""userNickName"": ""\u53bb*\u6237"", ""replyCityName"": """", ""cityName"": """"}], ""score"": 4.9, ""commentCount"": 346}, ""statusCode"": 200}"
谢鞋山,https://qimgs.qunarzz.com/piao_qsight_provider_piao_qsight_web/0102y12000f6soufnB728_C_900_504.jpg_280x200_7c3a77c7.jpg,湛江市,廉江市,湛江市廉江市石城镇谢鞋村,96,4.9,石峰奇绝，遍布野生荔枝树,https://piao.qunar.com/ticket/detail_337646366.html?st=a3clM0QlRTUlQkIlODklRTYlQjElOUYlRTUlQjglODIlMjZpZCUzRDUwODYlMjZ0eXBlJTNEMCUyNmlkeCUzRDElMjZxdCUzRCUyNmFwayUzRDIlMjZzYyUzRFdXVyUyNnVyJTNEJUU0JUI4JUFEJUU1JUIxJUIxJTI2bHIlM0QlRTQlQjglQUQlRTUlQjElQjElMjZmdCUzRCU3QiU3RA%3D%3D#from=mpl_search_suggest,23.0,N/A,谢鞋山在廉江市廉城镇东南,1/1-12/31；周一至周日；08:00-18:00开园,https://qimgs.qunarzz.com/piao_qsight_provider_piao_qsight_web/0102y12000f6soufnB728_C_900_504.jpg_710x360_427cd26c.jpg〇https://qimgs.qunarzz.com/piao_qsight_provider_piao_qsight_web/0102y12000f6soufnB728_C_900_504_Q90_Mtg_7.jpg_710x360_5f15a754.jpg〇https://qimgs.qunarzz.com/piao_qsight_provider_piao_qsight_web/0105v12000atad30w59E3_C_900_504_Q90_Mtg_7.jpg_710x360_18e64e48.jpg〇https://qimgs.qunarzz.com/piao_qsight_provider_piao_qsight_web/85b85d8d271016d046357e5197ecd2fd.jpg_710x360_5eed47e4.jpg〇https://qimgs.qunarzz.com/piao_qsight_provider_piao_qsight_web/1551563153665100r12000000rh71q67FD_D_640_10000.jpg_710x360_19f4bfad.jpg〇https://qimgs.qunarzz.com/piao_qsight_provider_piao_qsight_web/1551563153456100w12000000rotbvE919_D_640_10000.jpg_710x360_e09952ad.jpg〇https://qimgs.qunarzz.com/piao_qsight_provider_piao_qsight_web/1551563153111100412000000rhr880992_D_640_10000.jpg_710x360_c51b2677.jpg〇https://qimgs.qunarzz.com/piao_qsight_provider_piao_qsight_web/1551563152926100m12000000rs5pt3803_D_640_10000.jpg_710x360_57048f6d.jpg〇https://qimgs.qunarzz.com/piao_qsight_provider_piao_qsight_web/f1cec41bcfbfde02.jpg_710x360_f67df4b1.jpg〇https://qimgs.qunarzz.com/piao_qsight_provider_piao_qsight_web/7505d6f59e27d702.jpg_710x360_f1700763.jpg〇https://qimgs.qunarzz.com/piao_qsight_provider_piao_qsight_web/5a8dbfe60d1a1402.jpg_710x360_e813e80d.jpg〇https://qimgs.qunarzz.com/piao_qsight_provider_piao_qsight_web/b9aadd6a18902602.jpg_710x360_00de891e.jpg,"{""ret"": true, ""data"": {""tagList"": [{""tagType"": 3, ""tagScore"": 5, ""tagNum"": 1, ""tagName"": ""\u5dee\u8bc4""}, {""tagType"": 1, ""tagScore"": 5, ""tagNum"": 94, ""tagName"": ""\u597d\u8bc4""}, {""tagType"": 0, ""tagScore"": 5, ""tagNum"": 96, ""tagName"": ""\u5168\u90e8""}], ""commentList"": [{""author"": ""\u53bb*\u6237"", ""content"": ""\u7528\u6237\u672a\u70b9\u8bc4\uff0c\u7cfb\u7edf\u9ed8\u8ba4\u597d\u8bc4\u3002"", ""date"": ""2024-12-11"", ""score"": 5, ""commentId"": ""239189247"", ""imgs"": [], ""userNickName"": ""\u53bb*\u6237"", ""replyCityName"": """", ""cityName"": """"}, {""author"": ""\u5927*\u59d0"", ""content"": ""\u7528\u6237\u672a\u70b9\u8bc4\uff0c\u7cfb\u7edf\u9ed8\u8ba4\u597d\u8bc4\u3002"", ""date"": ""2024-12-11"", ""score"": 5, ""commentId"": ""239185735"", ""imgs"": [], ""userNickName"": ""\u5927*\u59d0"", ""replyCityName"": """", ""cityName"": """"}, {""author"": ""o*2"", ""content"": ""\u7528\u6237\u672a\u70b9\u8bc4\uff0c\u7cfb\u7edf\u9ed8\u8ba4\u597d\u8bc4\u3002"", ""date"": ""2024-12-04"", ""score"": 5, ""commentId"": ""239087558"", ""imgs"": [], ""userNickName"": ""o*2"", ""replyCityName"": """", ""cityName"": """"}, {""author"": ""g*6"", ""content"": ""\u7528\u6237\u672a\u70b9\u8bc4\uff0c\u7cfb\u7edf\u9ed8\u8ba4\u597d\u8bc4\u3002"", ""date"": ""2024-11-07"", ""score"": 5, ""commentId"": ""238673885"", ""imgs"": [], ""userNickName"": ""g*6"", ""replyCityName"": """", ""cityName"": """"}, {""author"": ""\u608d*\u8d27"", ""content"": ""\u7528\u6237\u672a\u70b9\u8bc4\uff0c\u7cfb\u7edf\u9ed8\u8ba4\u597d\u8bc4\u3002"", ""date"": ""2024-11-04"", ""score"": 5, ""commentId"": ""238397862"", ""imgs"": [], ""userNickName"": ""\u608d*\u8d27"", ""replyCityName"": """", ""cityName"": """"}, {""author"": ""\u53bb*\u6237"", ""content"": ""\u7528\u6237\u672a\u70b9\u8bc4\uff0c\u7cfb\u7edf\u9ed8\u8ba4\u597d\u8bc4\u3002"", ""date"": ""2024-11-02"", ""score"": 5, ""commentId"": ""238092881"", ""imgs"": [], ""userNickName"": ""\u53bb*\u6237"", ""replyCityName"": """", ""cityName"": """"}, {""author"": ""\u53bb*\u6237"", ""content"": ""\u7528\u6237\u672a\u70b9\u8bc4\uff0c\u7cfb\u7edf\u9ed8\u8ba4\u597d\u8bc4\u3002"", ""date"": ""2024-08-21"", ""score"": 5, ""commentId"": ""235739950"", ""imgs"": [], ""userNickName"": ""\u53bb*\u6237"", ""replyCityName"": """", ""cityName"": """"}, {""author"": ""\u53bb*\u6237"", ""content"": ""\u7528\u6237\u672a\u70b9\u8bc4\uff0c\u7cfb\u7edf\u9ed8\u8ba4\u597d\u8bc4\u3002"", ""date"": ""2024-08-21"", ""score"": 5, ""commentId"": ""235739642"", ""imgs"": [], ""userNickName"": ""\u53bb*\u6237"", ""replyCityName"": """", ""cityName"": """"}, {""author"": ""\u968f*\u53f7"", ""content"": ""\u7528\u6237\u672a\u70b9\u8bc4\uff0c\u7cfb\u7edf\u9ed8\u8ba4\u597d\u8bc4\u3002"", ""date"": ""2024-07-30"", ""score"": 5, ""commentId"": ""235098802"", ""imgs"": [], ""userNickName"": ""\u968f*\u53f7"", ""replyCityName"": """", ""cityName"": """"}, {""author"": ""t*o"", ""content"": ""\u7528\u6237\u672a\u70b9\u8bc4\uff0c\u7cfb\u7edf\u9ed8\u8ba4\u597d\u8bc4\u3002"", ""date"": ""2024-06-01"", ""score"": 5, ""commentId"": ""233880449"", ""imgs"": [], ""userNickName"": ""t*o"", ""replyCityName"": """", ""cityName"": """"}], ""score"": 4.9, ""commentCount"": 96}, ""statusCode"": 200}"
银沙城渔家,https://imgs.qunarzz.com/sight/p0/1506/55/55dc8d6c0b14ea42.water.jpg_280x200_4d4ab8d0.jpg,湛江市,遂溪县,广东省湛江市遂溪县港门镇石角银沙城,-1,-1.0,撒网捕鱼，感受丰收的喜悦，享受捕鱼的欢乐,https://piao.qunar.com/ticket/detail_2799919301.html?st=a3clM0QlRTklODElODIlRTYlQkElQUElRTUlOEUlQkYlMjZpZCUzRDQ1MDQ4MCUyNnR5cGUlM0QwJTI2aWR4JTNEOCUyNnF0JTNEJTI2YXBrJTNEMiUyNnNjJTNEV1dXJTI2dXIlM0QlRTQlQjglQUQlRTUlQjElQjElMjZsciUzRCVFNCVCOCVBRCVFNSVCMSVCMSUyNmZ0JTNEJTdCJTdE#from=mpl_search_suggest,-1.0,N/A,乘坐渔民渔船出海，观大海美景， 撒网捕鱼，尽情捕获， 各类海鲜免费加工，大快朵颐。,暂无,https://imgs.qunarzz.com/sight/p0/1506/55/55dc8d6c0b14ea42.water.jpg_710x360_489c5f76.jpg〇https://imgs.qunarzz.com/sight/p0/1506/da/dade6bd3c230ffb0.water.jpg_710x360_2d90e313.jpg〇https://imgs.qunarzz.com/sight/p0/1506/77/776909b44200c3e2.water.jpg_710x360_6a3ec848.jpg〇https://imgs.qunarzz.com/sight/p0/1506/af/af20734a9f54772d.water.jpg_710x360_02b0b665.jpg〇https://imgs.qunarzz.com/sight/p0/1506/ea/ea84429445f04d28.water.jpg_710x360_7f33e7df.jpg,"{""ret"": true, ""data"": {""tagList"": [{""tagType"": 0, ""tagScore"": 5, ""tagNum"": 0, ""tagName"": ""\u5168\u90e8""}], ""score"": 0.0, ""commentCount"": 0}, ""statusCode"": 200}"
螺岗岭,https://imgs.qunarzz.com/sight/p76/201211/07/d5868828fe2f966d93835fbb.jpg_280x200_be565d63.jpg,湛江市,遂溪县,广东省湛江市遂溪县出发沿207国道南行30公里,-1,-1.0,园林布局，建筑奇特，花木湖道美不胜收,https://piao.qunar.com/ticket/detail_1854854570.html?st=a3clM0QlRTklODElODIlRTYlQkElQUElRTUlOEUlQkYlMjZpZCUzRDE1NDQxJTI2dHlwZSUzRDAlMjZpZHglM0Q3JTI2cXQlM0QlMjZhcGslM0QyJTI2c2MlM0RXV1clMjZ1ciUzRCVFNCVCOCVBRCVFNSVCMSVCMSUyNmxyJTNEJUU0JUI4JUFEJUU1JUIxJUIxJTI2ZnQlM0QlN0IlN0Q%3D#from=mpl_search_suggest,-1.0,N/A,"从湛江出发沿207国道南行30公里,右边有一山高高耸立在平坦的红土地上(古火山口〉。沿盘山水泥路上到岭上,展望四方,万圆百里的雷州大地尽收眼底。随风扬波的万顷蔗海,绿到天边的桉海,翻着金边的稻海,远去的道路,如镜的湖泊,还有蓝天白云,好一幅雷州大地图。从螺岗岭上下来。这是一个以先进科技设备、技术研究培育南万树种、花科种苗的地方,也是对外开放游览的景点。基地园林布局,花木湖道美致,建筑奇特。在里面,可看到神奇的无性繁殖过程,可观赏先进的移动荫棚和喷洒灌雾灌以及电脑控温效果。可戏水钓鱼、烧烤野炊、网球运动、别墅小住,不失为短时度假之处。",01/01-12/31；全天开放,https://imgs.qunarzz.com/sight/p76/201211/07/d5868828fe2f966d93835fbb.jpg_710x360_0692bae4.jpg〇https://qimgs.qunarzz.com/piao_qsight_provider_piao_qsight_web/daf0798543af0667ddfc32da546f5366.jpg_710x360_506060f2.jpg〇https://qimgs.qunarzz.com/piao_qsight_provider_piao_qsight_web/1ee0b9e0c2cd727e6f12eef6fd09c032.jpg_710x360_26f99fca.jpg〇https://qimgs.qunarzz.com/piao_qsight_provider_piao_qsight_web/2bfdaeb3e518b837.jpg_710x360_32b81da3.jpg,"{""ret"": true, ""data"": {""tagList"": [{""tagType"": 0, ""tagScore"": 5, ""tagNum"": 0, ""tagName"": ""\u5168\u90e8""}], ""score"": 0.0, ""commentCount"": 0}, ""statusCode"": 200}"
双峰嶂,https://imgs.qunarzz.com/sight/p38/201211/00/32c3f75359994fd493835fbb.jpg_280x200_986a0613.jpg,湛江市,廉江市,广东省湛江市廉江市,1,5.0,山峦起伏，山风轰鸣，松涛翻涌，峰奇石怪,https://piao.qunar.com/ticket/detail_1041752072.html?st=a3clM0QlRTUlQkIlODklRTYlQjElOUYlRTUlQjglODIlMjZpZCUzRDEwMjUyJTI2dHlwZSUzRDAlMjZpZHglM0Q4JTI2cXQlM0QlMjZhcGslM0QyJTI2c2MlM0RXV1clMjZ1ciUzRCVFNCVCOCVBRCVFNSVCMSVCMSUyNmxyJTNEJUU0JUI4JUFEJUU1JUIxJUIxJTI2ZnQlM0QlN0IlN0Q%3D#from=mpl_search_suggest,-1.0,N/A,双峰嶂东拥形似仙人端坐的仙人嶂，西抱酷像一尊巨大睡美人塑像、头上高挽发髻、斜躺丰腴身躯的婆髻嶂，绵延数十公里。景区面积100多平方公里，区内山峦起伏，山风轰鸣，松涛翻涌，峰奇石怪。山塘水库错落山腰，山上石垌穿幽，山脚流溪缠绕；涧有清泉从山石中涌出，悬崖滴落。三峰鼎足相望，平均海拔320米以上。盛夏进山，清凉如初春。自然景观众多。景点之一的阿婆照镜，其名的由来是因为在双峰嶂的山腰有一块椭圆形巨石，长约20米，宽约20米，高约15米，南面平整，日照放光，几里外可见，恰似一面巨型梳妆镜，因婆髻峰在其南面对望，故称阿婆照镜。更令人叫绝的是石镜旁还摆放一把残留两齿的“石梳”。婆髻嶂。长约4公里，宽约3公里，海拔322米，因嶂顶有一高30米巨石，酷似老太婆的发髻而得名。山势陡峭，嶂的上部坡度达75度。山上花岗岩层层迭迭，干奇百怪。著名景物有通山石垌、乌龟石、将军石、五指石等。汉朝伏波将军马援南征时在此设置大本营，并留下足印和石刻碑文。峰上还残存有明末清初建造的寺底遗迹。仙人嶂，面积达7．6平方公里，海拔367米，仅次于双峰嶂，而险要程度却胜过双峰嶂。在主峰北向有一口古进，称仙人井；主峰西向有一山洞，名叫仙人洞。南峰脚下的花岗岩表面有臀和脚的印迹，印石旁泉水弯流，有一个几平方米的小潭，传说是仙人下凡到此欣赏美景留下的足迹。,暂无,https://imgs.qunarzz.com/sight/p38/201211/00/32c3f75359994fd493835fbb.jpg_710x360_edb0b642.jpg,"{""ret"": true, ""data"": {""tagList"": [{""tagType"": 1, ""tagScore"": 5, ""tagNum"": 1, ""tagName"": ""\u597d\u8bc4""}, {""tagType"": 0, ""tagScore"": 5, ""tagNum"": 1, ""tagName"": ""\u5168\u90e8""}], ""commentList"": [{""author"": ""\u4e16*\u6960"", ""content"": ""\u5f2f\u5f2f\u7ed5\u7ed5\u7684\u5c71\u8def \u904d\u5c71\u7684\u98ce\u8f66 \u7f8e\u4e0d\u80dc\u6536\uff01"", ""date"": ""2022-05-17"", ""score"": 5, ""commentId"": ""222345057"", ""imgs"": [{""small"": ""https://mp-piao-admincp.qunarzz.com/mp_piao_admin_mp_piao_admin/fusion/20225/04eb727f51f9b8a9a727b106ac413860.jpg_120x120_831e0caa.jpg"", ""title"": """", ""big"": ""https://mp-piao-admincp.qunarzz.com/mp_piao_admin_mp_piao_admin/fusion/20225/04eb727f51f9b8a9a727b106ac413860.jpg""}, {""small"": ""https://mp-piao-admincp.qunarzz.com/mp_piao_admin_mp_piao_admin/fusion/20225/ac525528f3d573f92033db824d6e7b9f.jpg_120x120_16224da9.jpg"", ""title"": """", ""big"": ""https://mp-piao-admincp.qunarzz.com/mp_piao_admin_mp_piao_admin/fusion/20225/ac525528f3d573f92033db824d6e7b9f.jpg""}, {""small"": ""https://mp-piao-admincp.qunarzz.com/mp_piao_admin_mp_piao_admin/fusion/20225/7355eb04f3556873dd909476a492c9ec.jpg_120x120_3d6577b7.jpg"", ""title"": """", ""big"": ""https://mp-piao-admincp.qunarzz.com/mp_piao_admin_mp_piao_admin/fusion/20225/7355eb04f3556873dd909476a492c9ec.jpg""}], ""userNickName"": ""\u4e16*\u6960"", ""replyCityName"": """", ""cityName"": """"}], ""score"": 5.0, ""commentCount"": 1}, ""statusCode"": 200}"
美景世界游乐园,https://qimgs.qunarzz.com/piao_qsight_provider_piao_qsight_web/0105n120003xlr81c969F_C_900_504.jpg_280x200_393e877f.jpg,湛江市,廉江市,广东省湛江市廉江市美景国际广场美景湖,46,4.9,美景世界游乐园作为廉江市首家大型游乐园，乐园定位是欢乐、动感、刺激一体化的水陆游乐园，园内共有大型摩天轮，丛林过山车、旋,https://piao.qunar.com/ticket/detail_173265572.html?st=a3clM0QlRTUlQkIlODklRTYlQjElOUYlRTUlQjglODIlMjZpZCUzRDUwNzMxNSUyNnR5cGUlM0QwJTI2aWR4JTNENiUyNnF0JTNEJTI2YXBrJTNEMiUyNnNjJTNEV1dXJTI2dXIlM0QlRTQlQjglQUQlRTUlQjElQjElMjZsciUzRCVFNCVCOCVBRCVFNSVCMSVCMSUyNmZ0JTNEJTdCJTdE#from=mpl_search_suggest,-1.0,N/A,美景世界游乐园作为廉江市首家大型游乐园，乐园定位是欢乐、动感、刺激一体化的水陆游乐园，园内共有大型摩天轮，丛林过山车、旋转木马、海盗船、大摆锤、跳楼机、碰碰车等各种陆地大型游乐设备30余项。除了惊险刺激的陆地项目外，园区内还有大型水寨、游泳池、海浪池、彩虹滑梯等水上游乐设施，让您尽享水陆狂欢。另外，园内还设有各色美食小吃，网红花海、卡通造型雕塑，大型舞台表演及水上飞人等满足您对快乐的所有幻想，让您一路欢笑。,具体营业状态以当天开放情况为准,https://qimgs.qunarzz.com/piao_qsight_provider_piao_qsight_web/0105n120003xlr81c969F_C_900_504.jpg_710x360_c87d0313.jpg〇https://qimgs.qunarzz.com/piao_qsight_provider_piao_qsight_web/01063120003xlrmg8593C_C_900_504_Q90_Mtg_7.jpg_710x360_40884e81.jpg〇https://qimgs.qunarzz.com/piao_qsight_provider_piao_qsight_web/01011120003xlrn2pD657_C_900_504_Q90_Mtg_7.jpg_710x360_d9dedc11.jpg〇https://qimgs.qunarzz.com/piao_qsight_provider_piao_qsight_web/0105s120003xlrc2a6FB0_C_900_504_Q90_Mtg_7.jpg_710x360_90f4cc3d.jpg〇https://qimgs.qunarzz.com/piao_qsight_provider_piao_qsight_web/0100o120003xlrazi8C43_C_900_504_Q90_Mtg_7.jpg_710x360_3be5dddf.jpg〇https://qimgs.qunarzz.com/piao_qsight_provider_piao_qsight_web/01023120003xlrc9e0457_C_900_504_Q90_Mtg_7.jpg_710x360_c5c04148.jpg〇https://qimgs.qunarzz.com/piao_qsight_provider_piao_qsight_web/0103o120003xlr8y0ED5A_C_900_504_Q90_Mtg_7.jpg_710x360_f128a91a.jpg〇https://qimgs.qunarzz.com/piao_qsight_provider_piao_qsight_web/0105n120003xlr81c969F_C_900_504_Q90_Mtg_7.jpg_710x360_c8923ca2.jpg〇https://imgs.qunarzz.com/sight/p0/2006/ed/ed915533e24f116a3.img.jpg_710x360_8c8e1de2.jpg〇https://imgs.qunarzz.com/sight/p0/2006/66/66c572c35bb04e24a3.img.jpg_710x360_c1f3cf8c.jpg〇https://qimgs.qunarzz.com/piao_qsight_provider_piao_qsight_web/ab9e4899eb0da102.jpg_710x360_b4d3c102.jpg〇https://qimgs.qunarzz.com/piao_qsight_provider_piao_qsight_web/c0f1a8831a2f3002.jpg_710x360_1558b770.jpg〇https://qimgs.qunarzz.com/piao_qsight_provider_piao_qsight_web/f9938aff56cdc102.jpg_710x360_0d6ee27d.jpg〇https://qimgs.qunarzz.com/piao_qsight_provider_piao_qsight_web/6c475610d9b06c02.jpg_710x360_ddf955bc.jpg〇https://qimgs.qunarzz.com/piao_qsight_provider_piao_qsight_web/d135be9edc80f502.jpg_710x360_9add40b8.jpg〇https://qimgs.qunarzz.com/piao_qsight_provider_piao_qsight_web/584051c8d2683f02.jpg_710x360_6f635d24.jpg,"{""ret"": true, ""data"": {""tagList"": [{""tagType"": 1, ""tagScore"": 5, ""tagNum"": 45, ""tagName"": ""\u597d\u8bc4""}, {""tagType"": 0, ""tagScore"": 5, ""tagNum"": 46, ""tagName"": ""\u5168\u90e8""}], ""commentList"": [{""author"": ""f*0"", ""content"": ""\u7528\u6237\u672a\u70b9\u8bc4\uff0c\u7cfb\u7edf\u9ed8\u8ba4\u597d\u8bc4\u3002"", ""date"": ""2021-08-29"", ""score"": 5, ""commentId"": ""220600542"", ""imgs"": [], ""userNickName"": ""f*0"", ""replyCityName"": """", ""cityName"": """"}, {""author"": ""c*8"", ""content"": ""\u7528\u6237\u672a\u70b9\u8bc4\uff0c\u7cfb\u7edf\u9ed8\u8ba4\u597d\u8bc4\u3002"", ""date"": ""2021-08-24"", ""score"": 5, ""commentId"": ""220507635"", ""imgs"": [], ""userNickName"": ""c*8"", ""replyCityName"": """", ""cityName"": """"}, {""author"": ""c*8"", ""content"": ""\u7528\u6237\u672a\u70b9\u8bc4\uff0c\u7cfb\u7edf\u9ed8\u8ba4\u597d\u8bc4\u3002"", ""date"": ""2021-08-24"", ""score"": 5, ""commentId"": ""220507301"", ""imgs"": [], ""userNickName"": ""c*8"", ""replyCityName"": """", ""cityName"": """"}, {""author"": ""\u53bb*\u6237"", ""content"": ""\u7528\u6237\u672a\u70b9\u8bc4\uff0c\u7cfb\u7edf\u9ed8\u8ba4\u597d\u8bc4\u3002"", ""date"": ""2021-08-08"", ""score"": 5, ""commentId"": ""220173297"", ""imgs"": [], ""userNickName"": ""\u53bb*\u6237"", ""replyCityName"": """", ""cityName"": """"}, {""author"": ""\u53bb*\u6237"", ""content"": ""\u7528\u6237\u672a\u70b9\u8bc4\uff0c\u7cfb\u7edf\u9ed8\u8ba4\u597d\u8bc4\u3002"", ""date"": ""2021-08-08"", ""score"": 5, ""commentId"": ""220171772"", ""imgs"": [], ""userNickName"": ""\u53bb*\u6237"", ""replyCityName"": """", ""cityName"": """"}, {""author"": ""x*8"", ""content"": ""\u7528\u6237\u672a\u70b9\u8bc4\uff0c\u7cfb\u7edf\u9ed8\u8ba4\u597d\u8bc4\u3002"", ""date"": ""2021-06-16"", ""score"": 5, ""commentId"": ""219510513"", ""imgs"": [], ""userNickName"": ""x*8"", ""replyCityName"": """", ""cityName"": """"}, {""author"": ""\u96f7*\u884c"", ""content"": ""\u7528\u6237\u672a\u70b9\u8bc4\uff0c\u7cfb\u7edf\u9ed8\u8ba4\u597d\u8bc4\u3002"", ""date"": ""2021-06-04"", ""score"": 5, ""commentId"": ""219349807"", ""imgs"": [], ""userNickName"": ""\u96f7*\u884c"", ""replyCityName"": """", ""cityName"": """"}, {""author"": ""m*5"", ""content"": ""\u5f88\u597d\u73a9\u554a\uff0c\u5b69\u5b50\u5f88\u559c\u6b22\u3002\u73a9\u4e86\u597d\u591a\u4e2a\u9879\u76ee\u3002"", ""date"": ""2020-07-31"", ""score"": 5, ""commentId"": ""215345986"", ""imgs"": [{""small"": ""https://imgs.qunarzz.com/piao/fusion/2007/9c/584051c8d2683f02.jpg_120x120_029e94e9.jpg"", ""title"": """", ""big"": ""https://imgs.qunarzz.com/piao/fusion/2007/9c/584051c8d2683f02.jpg""}, {""small"": ""https://imgs.qunarzz.com/piao/fusion/2007/2e/d135be9edc80f502.jpg_120x120_033a8997.jpg"", ""title"": """", ""big"": ""https://imgs.qunarzz.com/piao/fusion/2007/2e/d135be9edc80f502.jpg""}, {""small"": ""https://imgs.qunarzz.com/piao/fusion/2007/39/6c475610d9b06c02.jpg_120x120_e2a72a29.jpg"", ""title"": """", ""big"": ""https://imgs.qunarzz.com/piao/fusion/2007/39/6c475610d9b06c02.jpg""}, {""small"": ""https://imgs.qunarzz.com/piao/fusion/2007/2d/f9938aff56cdc102.jpg_120x120_b626b745.jpg"", ""title"": """", ""big"": ""https://imgs.qunarzz.com/piao/fusion/2007/2d/f9938aff56cdc102.jpg""}, {""small"": ""https://imgs.qunarzz.com/piao/fusion/2007/7f/c0f1a8831a2f3002.jpg_120x120_e3bc3167.jpg"", ""title"": """", ""big"": ""https://imgs.qunarzz.com/piao/fusion/2007/7f/c0f1a8831a2f3002.jpg""}, {""small"": ""https://imgs.qunarzz.com/piao/fusion/2007/e1/ab9e4899eb0da102.jpg_120x120_a6c996b7.jpg"", ""title"": """", ""big"": ""https://imgs.qunarzz.com/piao/fusion/2007/e1/ab9e4899eb0da102.jpg""}], ""userNickName"": ""m*5"", ""replyCityName"": """", ""cityName"": """"}, {""author"": ""\u6211*y"", ""content"": ""\u7528\u6237\u672a\u70b9\u8bc4\uff0c\u7cfb\u7edf\u9ed8\u8ba4\u597d\u8bc4\u3002"", ""date"": ""2021-03-24"", ""score"": 5, ""commentId"": ""218254997"", ""imgs"": [], ""userNickName"": ""\u6211*y"", ""replyCityName"": """", ""cityName"": """"}, {""author"": ""x*8"", ""content"": ""\u7528\u6237\u672a\u70b9\u8bc4\uff0c\u7cfb\u7edf\u9ed8\u8ba4\u597d\u8bc4\u3002"", ""date"": ""2021-03-24"", ""score"": 5, ""commentId"": ""218253750"", ""imgs"": [], ""userNickName"": ""x*8"", ""replyCityName"": """", ""cityName"": """"}], ""score"": 4.9, ""commentCount"": 46}, ""statusCode"": 200}"
廉江奇缘庄园,https://mp-piao-admincp.qunarzz.com/mp_piao_admin_mp_piao_admin/admin/20217/30d54820c6727b9958d585769ab3c5c2.png_280x200_7ef61cce.png,湛江市,廉江市,广东省湛江市廉江市横山镇下塘村1号,-1,-1.0,N/A,https://piao.qunar.com/ticket/detail_2738303578.html?st=a3clM0QlRTUlQkIlODklRTYlQjElOUYlRTUlQjglODIlMjZpZCUzRDUzNzc2OSUyNnR5cGUlM0QwJTI2aWR4JTNENSUyNnF0JTNEJTI2YXBrJTNEMiUyNnNjJTNEV1dXJTI2dXIlM0QlRTQlQjglQUQlRTUlQjElQjElMjZsciUzRCVFNCVCOCVBRCVFNSVCMSVCMSUyNmZ0JTNEJTdCJTdE#from=mpl_search_suggest,19.9,N/A,N/A,1/1-12/31；周一至周日；07:00-23:00开园；（22:00停止入园）,https://mp-piao-admincp.qunarzz.com/mp_piao_admin_mp_piao_admin/admin/20217/30d54820c6727b9958d585769ab3c5c2.png_710x360_c2302e12.png,"{""ret"": true, ""data"": {""tagList"": [{""tagType"": 0, ""tagScore"": 5, ""tagNum"": 0, ""tagName"": ""\u5168\u90e8""}], ""score"": 0.0, ""commentCount"": 0}, ""statusCode"": 200}"
徐闻广安村,https://imgs.qunarzz.com/sight/p75/201211/03/212ca0d6d7ed9a6b93835fbb.jpg_280x200_2d2f3180.jpg,湛江市,遂溪县,广东-湛江,-1,-1.0,基础设施较完善，村道纵横交错，四通八达,https://piao.qunar.com/ticket/detail_3404363445.html?st=a3clM0QlRTklODElODIlRTYlQkElQUElRTUlOEUlQkYlMjZpZCUzRDg5NzklMjZ0eXBlJTNEMCUyNmlkeCUzRDYlMjZxdCUzRCUyNmFwayUzRDIlMjZzYyUzRFdXVyUyNnVyJTNEJUU0JUI4JUFEJUU1JUIxJUIxJTI2bHIlM0QlRTQlQjglQUQlRTUlQjElQjElMjZmdCUzRCU3QiU3RA%3D%3D#from=mpl_search_suggest,-1.0,N/A,广安村位于207国道徐闻县城至海安段路旁，东至海安港2公里，西到徐城镇5公里。全村52户260人。人均收入5300元。近几年，广安村在县委县政府和海安镇委镇政府的大力支持下，充分发挥农村支部的战斗堡垒作用及党员模范带头作用，广泛发动群众，克服“等、靠、要”思想，以“四通五改六进村”为载体，积极创建生态文明村。目前，该村基础设施较完善，硬底化水泥村道纵横交错，四通八达，道路两旁绿化美化。建起一座250多平方米的文化楼，一条高质量文化长廊，一个标准篮球场，一座水塔，改水率100%，改厕率100%.全村家家户户庭院花园化，每户庭院内植树种果，发展庭院经济。户户开通广播、电视、电话，规划建设中的休闲公园占地面积3平方米，将是村民消遣的好去处。制定了村规民约，经常开展普法宣传教育活动，村民法律观念明显增强，村中无赌无毒，没有刑事案件发生。村民移风易俗，养成了脱鞋入室、公筷夹菜等新的生活习惯。全村已形成了和睦相处，敬老爱幼的文明风尚。文体活动蓬勃开展，村民经常举行篮球赛、乒乓球赛、拔河、猜谜等活动，增添了村民的生活情趣。2000年被评为湛江市农村改水改厕先进村，2002年被评为湛江市生态文明村，湛江市卫生村；2003年被评为广东省卫生村，广东省生态示范村，广东省文明示范村；2005年被评为国家生态村镇建设先进单位。省文明示范村；2005年被评为国家生态村镇建设先进单位,暂无,https://imgs.qunarzz.com/sight/p75/201211/03/212ca0d6d7ed9a6b93835fbb.jpg_710x360_a41007d1.jpg,"{""ret"": true, ""data"": {""tagList"": [{""tagType"": 0, ""tagScore"": 5, ""tagNum"": 0, ""tagName"": ""\u5168\u90e8""}], ""score"": 0.0, ""commentCount"": 0}, ""statusCode"": 200}"
东坡荔园度假村,https://imgs.qunarzz.com/sight/p64/201211/01/b21445eda956c01193835fbb.jpg_280x200_58476c3b.jpg,湛江市,遂溪县,广东省湛江市麻章区遂溪县东坡岭,1,5.0,东坡荔园渡假村位于湛江市西北郊10公里处的东坡岭。相传宋朝大文豪苏东坡被贬琼州时，曾在此歇宿一宵，“东坡岭”因而得名。东,https://piao.qunar.com/ticket/detail_1018319476.html?st=a3clM0QlRTklODElODIlRTYlQkElQUElRTUlOEUlQkYlMjZpZCUzRDg2MjQlMjZ0eXBlJTNEMCUyNmlkeCUzRDQlMjZxdCUzRCUyNmFwayUzRDIlMjZzYyUzRFdXVyUyNnVyJTNEJUU0JUI4JUFEJUU1JUIxJUIxJTI2bHIlM0QlRTQlQjglQUQlRTUlQjElQjElMjZmdCUzRCU3QiU3RA%3D%3D#from=mpl_search_suggest,-1.0,N/A,东坡荔园渡假村位于湛江市西北郊10公里处的东坡岭。相传宋朝大文豪苏东坡被贬琼州时，曾在此歇宿一宵，“东坡岭”因而得名。东坡岭农场依托1700多亩荔枝园，投资1000多万元建成的东坡荔园渡假村，占地面积380亩，建有绿居、林居、迷你居、金湖乐宫、观荔阁、百花园、百果园、迷宫、游泳池、溜冰场、烧烤台、钓鱼亭、东坡饭庄、美食大观一条街等设施和景点，集食、住、玩、农业观光、旅游渡假于一体。早春——漫山野菜嫩柔翠绿，遍地鲜花争艳门丽。仲夏——岭南佳果挂红万丛，东坡胜地荔香千里。深秋——树下草莓鲜美甜润，林中小道落丹片片。初冬——金湖丽水平静如镜，杜鹃花开红艳似火。清晨，纳自然真气；晌午，歇恬静绿居；傍晚，金湖荡舟垂钓；入夜，乐宫曼舞轻歌……观不完的幽山幽水！看不够的山花野草！尝不厌的野菜鲜果！享不尽的闲情野趣！,暂无,https://imgs.qunarzz.com/sight/p64/201211/01/b21445eda956c01193835fbb.jpg_710x360_987fd863.jpg,"{""ret"": true, ""data"": {""tagList"": [{""tagType"": 1, ""tagScore"": 5, ""tagNum"": 1, ""tagName"": ""\u597d\u8bc4""}, {""tagType"": 0, ""tagScore"": 5, ""tagNum"": 1, ""tagName"": ""\u5168\u90e8""}], ""commentList"": [{""author"": ""\u5915*\u975e"", ""content"": ""\u590f\u5929\u8ddf\u670b\u53cb\u6765\u6458\u8354\u679d\uff0c\u70e7\u70e4\u3002\u91cc\u9762\u8fd8\u6709\u4e2a\u5c0f\u8ff7\u5bab\u3002\u5f88\u591a\u73ed\u7ea7\u7684\u5b66\u751f\u90fd\u4f1a\u8fc7\u6765\u73ed\u6e38\uff0c\u6240\u4ee5\u4e5f\u633a\u70ed\u95f9\u7684"", ""date"": ""2015-01-03"", ""score"": 5, ""commentId"": ""28752876"", ""imgs"": [], ""userNickName"": ""\u5915*\u975e"", ""replyCityName"": """", ""cityName"": """"}], ""score"": 5.0, ""commentCount"": 1}, ""statusCode"": 200}"
孔圣山,https://qimgs.qunarzz.com/piao_qsight_provider_piao_qsight_web/0103p120009dlwv6z665B_C_900_504.jpg_280x200_c80c3ab9.jpg,湛江市,遂溪县,湛江市遂溪县遂城镇G207遂海路,-1,-1.0,N/A,https://piao.qunar.com/ticket/detail_4155988199.html?st=a3clM0QlRTklODElODIlRTYlQkElQUElRTUlOEUlQkYlMjZpZCUzRDUzODAzNiUyNnR5cGUlM0QwJTI2aWR4JTNEMyUyNnF0JTNEJTI2YXBrJTNEMiUyNnNjJTNEV1dXJTI2dXIlM0QlRTQlQjglQUQlRTUlQjElQjElMjZsciUzRCVFNCVCOCVBRCVFNSVCMSVCMSUyNmZ0JTNEJTdCJTdE#from=mpl_search_suggest,26.9,N/A,N/A,1/1-12/31；周一至周日；08:00-18:00开园；（18:00停止入园）,https://qimgs.qunarzz.com/piao_qsight_provider_piao_qsight_web/0103p120009dlwv6z665B_C_900_504.jpg_710x360_145e1ba8.jpg〇https://qimgs.qunarzz.com/piao_qsight_provider_piao_qsight_web/0103p120009dlwv6z665B_C_900_504_Q90_Mtg_7.jpg_710x360_9a77df4c.jpg,"{""ret"": true, ""data"": {""tagList"": [{""tagType"": 0, ""tagScore"": 5, ""tagNum"": 0, ""tagName"": ""\u5168\u90e8""}], ""score"": 0.0, ""commentCount"": 0}, ""statusCode"": 200}"
遂溪孔子文化城,https://qimgs.qunarzz.com/piao_qsight_provider_piao_qsight_web/100m1f000001gzmpkA274_C_900_504.jpg_280x200_daace462.jpg,湛江市,遂溪县,湛江市遂溪县遂城镇学增路1号,73,5.0,儒家文化发扬与传承之地,https://piao.qunar.com/ticket/detail_2255131294.html?st=a3clM0QlRTklODElODIlRTYlQkElQUElRTUlOEUlQkYlMjZpZCUzRDUyNjc2NiUyNnR5cGUlM0QwJTI2aWR4JTNEMiUyNnF0JTNEJTI2YXBrJTNEMiUyNnNjJTNEV1dXJTI2dXIlM0QlRTQlQjglQUQlRTUlQjElQjElMjZsciUzRCVFNCVCOCVBRCVFNSVCMSVCMSUyNmZ0JTNEJTdCJTdE#from=mpl_search_suggest,26.9,N/A,N/A,1/1-12/31；周一至周日；06:30-22:00开园,https://qimgs.qunarzz.com/piao_qsight_provider_piao_qsight_web/100m1f000001gzmpkA274_C_900_504.jpg_710x360_ba215cd3.jpg〇https://qimgs.qunarzz.com/piao_qsight_provider_piao_qsight_web/100211000000rcgdnF5D2_C_900_504_Q90_Mtg_7.jpg_710x360_3e3a3a43.jpg〇https://qimgs.qunarzz.com/piao_qsight_provider_piao_qsight_web/100m1f000001gzmpkA274_C_900_504_Q90_Mtg_7.jpg_710x360_f88c98d5.jpg,"{""ret"": true, ""data"": {""tagList"": [{""tagType"": 1, ""tagScore"": 5, ""tagNum"": 73, ""tagName"": ""\u597d\u8bc4""}, {""tagType"": 0, ""tagScore"": 5, ""tagNum"": 73, ""tagName"": ""\u5168\u90e8""}], ""commentList"": [{""author"": ""\u53bb*\u6237"", ""content"": ""\u7528\u6237\u672a\u70b9\u8bc4\uff0c\u7cfb\u7edf\u9ed8\u8ba4\u597d\u8bc4\u3002"", ""date"": ""2024-12-22"", ""score"": 5, ""commentId"": ""239319717"", ""imgs"": [], ""userNickName"": ""\u53bb*\u6237"", ""replyCityName"": """", ""cityName"": """"}, {""author"": ""\u53bb*\u6237"", ""content"": ""\u7528\u6237\u672a\u70b9\u8bc4\uff0c\u7cfb\u7edf\u9ed8\u8ba4\u597d\u8bc4\u3002"", ""date"": ""2024-12-18"", ""score"": 5, ""commentId"": ""239287704"", ""imgs"": [], ""userNickName"": ""\u53bb*\u6237"", ""replyCityName"": """", ""cityName"": """"}, {""author"": ""m*2"", ""content"": ""\u7528\u6237\u672a\u70b9\u8bc4\uff0c\u7cfb\u7edf\u9ed8\u8ba4\u597d\u8bc4\u3002"", ""date"": ""2024-12-17"", ""score"": 5, ""commentId"": ""239269678"", ""imgs"": [], ""userNickName"": ""m*2"", ""replyCityName"": """", ""cityName"": """"}, {""author"": ""\u53bb*\u6237"", ""content"": ""\u7528\u6237\u672a\u70b9\u8bc4\uff0c\u7cfb\u7edf\u9ed8\u8ba4\u597d\u8bc4\u3002"", ""date"": ""2024-12-12"", ""score"": 5, ""commentId"": ""239200643"", ""imgs"": [], ""userNickName"": ""\u53bb*\u6237"", ""replyCityName"": """", ""cityName"": """"}, {""author"": ""i*6"", ""content"": ""\u7528\u6237\u672a\u70b9\u8bc4\uff0c\u7cfb\u7edf\u9ed8\u8ba4\u597d\u8bc4\u3002"", ""date"": ""2024-12-12"", ""score"": 5, ""commentId"": ""239200296"", ""imgs"": [], ""userNickName"": ""i*6"", ""replyCityName"": """", ""cityName"": """"}, {""author"": ""\u53bb*\u6237"", ""content"": ""\u7528\u6237\u672a\u70b9\u8bc4\uff0c\u7cfb\u7edf\u9ed8\u8ba4\u597d\u8bc4\u3002"", ""date"": ""2024-12-11"", ""score"": 5, ""commentId"": ""239186870"", ""imgs"": [], ""userNickName"": ""\u53bb*\u6237"", ""replyCityName"": """", ""cityName"": """"}, {""author"": ""\u9ec4*\u751f"", ""content"": ""\u7528\u6237\u672a\u70b9\u8bc4\uff0c\u7cfb\u7edf\u9ed8\u8ba4\u597d\u8bc4\u3002"", ""date"": ""2024-12-05"", ""score"": 5, ""commentId"": ""239111492"", ""imgs"": [], ""userNickName"": ""\u9ec4*\u751f"", ""replyCityName"": """", ""cityName"": """"}, {""author"": ""f*4"", ""content"": ""\u7528\u6237\u672a\u70b9\u8bc4\uff0c\u7cfb\u7edf\u9ed8\u8ba4\u597d\u8bc4\u3002"", ""date"": ""2024-11-26"", ""score"": 5, ""commentId"": ""238950517"", ""imgs"": [], ""userNickName"": ""f*4"", ""replyCityName"": """", ""cityName"": """"}, {""author"": ""f*4"", ""content"": ""\u7528\u6237\u672a\u70b9\u8bc4\uff0c\u7cfb\u7edf\u9ed8\u8ba4\u597d\u8bc4\u3002"", ""date"": ""2024-11-26"", ""score"": 5, ""commentId"": ""238948398"", ""imgs"": [], ""userNickName"": ""f*4"", ""replyCityName"": """", ""cityName"": """"}, {""author"": ""t*3"", ""content"": ""\u7528\u6237\u672a\u70b9\u8bc4\uff0c\u7cfb\u7edf\u9ed8\u8ba4\u597d\u8bc4\u3002"", ""date"": ""2024-11-05"", ""score"": 5, ""commentId"": ""238562215"", ""imgs"": [], ""userNickName"": ""t*3"", ""replyCityName"": """", ""cityName"": """"}], ""score"": 5.0, ""commentCount"": 73}, ""statusCode"": 200}"
螺岗小镇,https://qimgs.qunarzz.com/piao_qsight_provider_piao_qsight_web/0103w12000f6ppwjy8F74_C_900_504.jpg_280x200_650bb601.jpg,湛江市,遂溪县,广东省湛江市遂溪县茶亭村,434,5.0,休闲观光旅游的理想之地,https://piao.qunar.com/ticket/detail_551208379.html?st=a3clM0QlRTklODElODIlRTYlQkElQUElRTUlOEUlQkYlMjZpZCUzRDUwNDIwMSUyNnR5cGUlM0QwJTI2aWR4JTNEMSUyNnF0JTNEJTI2YXBrJTNEMiUyNnNjJTNEV1dXJTI2dXIlM0QlRTQlQjglQUQlRTUlQjElQjElMjZsciUzRCVFNCVCOCVBRCVFNSVCMSVCMSUyNmZ0JTNEJTdCJTdE#from=mpl_search_suggest,36.0,N/A,湛江螺岗小镇位于广东省遂溪县岭北镇，定位湛江优生活倡导者，是一家集观光旅游、餐饮、住宿、休闲、娱乐、会议、科普教育及农业观光体验为一体的旅游单位。距离市区30公里，地处207国道边上，是湛江湖光岩旅游区圈中点。小镇总面积高达1000亩，其中水果种植和园林规划占地800亩，特产手信街、餐厅、别墅客栈占地200亩。螺岗小镇地理优势显著，坐落于国家南方林木种苗基地内，拥有雷州半岛第 一高峰“螺岗岭”，成为“湛江第九景”。常年林木参天，风光秀丽，原始次生林资源丰富，旅游优势突出。年接待游客高达22万人次，被誉为湛江“天然氧吧”，深受市民喜爱。螺岗小镇气候独特，冬暖夏凉，属亚热带季风气候，日照充足，气温较恒定，尤其适宜参观、休闲、度假、养生。螺岗小镇建设项目众多，其中包括仿古建筑观赏区、特色美食街、机动游乐场、民俗风情餐厅、实景水幕舞台、民宿吊脚楼、别墅客房、会议中心、宠物观赏区、铁索桥及游船赏湖区、太极馆、铅笔画培训中心，以及500亩可供参观采摘的优质果园，目前已有葡萄园、草莓园、莲雾园、桑葚园、青枣园、红橙园等。小镇观赏游憩价值甚高，被评为国家 级《中国森林体验基地》，同时与湛江市科协联合挂牌《湛江市科学技术协会园林学会联合体》。,1/1-12/31；周一至周日；08:30-22:00开园,https://qimgs.qunarzz.com/piao_qsight_provider_piao_qsight_web/0103w12000f6ppwjy8F74_C_900_504.jpg_710x360_7a33289b.jpg〇https://qimgs.qunarzz.com/piao_qsight_provider_piao_qsight_web/0103w12000f6ppwjy8F74_C_900_504_Q90_Mtg_7.jpg_710x360_e089d0fc.jpg〇https://qimgs.qunarzz.com/piao_qsight_provider_piao_qsight_web/0102s12000aurcvvgDEA4_C_900_504_Q90_Mtg_7.jpg_710x360_ea73fa47.jpg〇https://imgs.qunarzz.com/sight/p0/1912/d6/d6c8005e4da48bc7a3.img.jpg_710x360_dd40b24c.jpg〇https://imgs.qunarzz.com/sight/p0/1912/db/dbcfc27da43e6fdca3.img.jpg_710x360_9561ccc7.jpg〇https://imgs.qunarzz.com/sight/p0/1912/8a/8a4b596ee7b3aef0a3.img.jpg_710x360_175f9d0a.jpg〇https://imgs.qunarzz.com/sight/p0/1912/8c/8c663b7b984ef989a3.img.jpg_710x360_9de52ae9.jpg〇https://qimgs.qunarzz.com/piao_qsight_provider_piao_qsight_web/d82ec34cdb7b20299961d35162bb8ade.jpg_710x360_6f791d12.jpg,"{""ret"": true, ""data"": {""tagList"": [{""tagType"": 3, ""tagScore"": 5, ""tagNum"": 1, ""tagName"": ""\u5dee\u8bc4""}, {""tagType"": 1, ""tagScore"": 5, ""tagNum"": 433, ""tagName"": ""\u597d\u8bc4""}, {""tagType"": 0, ""tagScore"": 5, ""tagNum"": 434, ""tagName"": ""\u5168\u90e8""}], ""commentList"": [{""author"": ""l*2"", ""content"": ""\u7528\u6237\u672a\u70b9\u8bc4\uff0c\u7cfb\u7edf\u9ed8\u8ba4\u597d\u8bc4\u3002"", ""date"": ""2024-12-18"", ""score"": 5, ""commentId"": ""239279495"", ""imgs"": [], ""userNickName"": ""l*2"", ""replyCityName"": """", ""cityName"": """"}, {""author"": ""f*8"", ""content"": ""\u7528\u6237\u672a\u70b9\u8bc4\uff0c\u7cfb\u7edf\u9ed8\u8ba4\u597d\u8bc4\u3002"", ""date"": ""2024-12-11"", ""score"": 5, ""commentId"": ""239197684"", ""imgs"": [], ""userNickName"": ""f*8"", ""replyCityName"": """", ""cityName"": """"}, {""author"": ""\u8c46*\u599e"", ""content"": ""\u7528\u6237\u672a\u70b9\u8bc4\uff0c\u7cfb\u7edf\u9ed8\u8ba4\u597d\u8bc4\u3002"", ""date"": ""2024-11-26"", ""score"": 5, ""commentId"": ""238955492"", ""imgs"": [], ""userNickName"": ""\u8c46*\u599e"", ""replyCityName"": """", ""cityName"": """"}, {""author"": ""\u53bb*\u6237"", ""content"": ""\u7528\u6237\u672a\u70b9\u8bc4\uff0c\u7cfb\u7edf\u9ed8\u8ba4\u597d\u8bc4\u3002"", ""date"": ""2024-11-20"", ""score"": 5, ""commentId"": ""238869064"", ""imgs"": [], ""userNickName"": ""\u53bb*\u6237"", ""replyCityName"": """", ""cityName"": """"}, {""author"": ""w*0"", ""content"": ""\u7528\u6237\u672a\u70b9\u8bc4\uff0c\u7cfb\u7edf\u9ed8\u8ba4\u597d\u8bc4\u3002"", ""date"": ""2024-09-01"", ""score"": 5, ""commentId"": ""236084495"", ""imgs"": [], ""userNickName"": ""w*0"", ""replyCityName"": """", ""cityName"": """"}, {""author"": ""z*8"", ""content"": ""\u7528\u6237\u672a\u70b9\u8bc4\uff0c\u7cfb\u7edf\u9ed8\u8ba4\u597d\u8bc4\u3002"", ""date"": ""2024-08-20"", ""score"": 5, ""commentId"": ""235702268"", ""imgs"": [], ""userNickName"": ""z*8"", ""replyCityName"": """", ""cityName"": """"}, {""author"": ""g*7"", ""content"": ""\u7528\u6237\u672a\u70b9\u8bc4\uff0c\u7cfb\u7edf\u9ed8\u8ba4\u597d\u8bc4\u3002"", ""date"": ""2024-06-25"", ""score"": 5, ""commentId"": ""234475104"", ""imgs"": [], ""userNickName"": ""g*7"", ""replyCityName"": """", ""cityName"": """"}, {""author"": ""u*3"", ""content"": ""\u7528\u6237\u672a\u70b9\u8bc4\uff0c\u7cfb\u7edf\u9ed8\u8ba4\u597d\u8bc4\u3002"", ""date"": ""2024-06-05"", ""score"": 5, ""commentId"": ""234231862"", ""imgs"": [], ""userNickName"": ""u*3"", ""replyCityName"": """", ""cityName"": """"}, {""author"": ""\u5e05*8"", ""content"": ""\u7528\u6237\u672a\u70b9\u8bc4\uff0c\u7cfb\u7edf\u9ed8\u8ba4\u597d\u8bc4\u3002"", ""date"": ""2024-06-03"", ""score"": 5, ""commentId"": ""234138901"", ""imgs"": [], ""userNickName"": ""\u5e05*8"", ""replyCityName"": """", ""cityName"": """"}, {""author"": ""\u5e05*8"", ""content"": ""\u7528\u6237\u672a\u70b9\u8bc4\uff0c\u7cfb\u7edf\u9ed8\u8ba4\u597d\u8bc4\u3002"", ""date"": ""2024-06-03"", ""score"": 5, ""commentId"": ""234103066"", ""imgs"": [], ""userNickName"": ""\u5e05*8"", ""replyCityName"": """", ""cityName"": """"}], ""score"": 5.0, ""commentCount"": 434}, ""statusCode"": 200}"
海东水上乐园,https://mp-piao-admincp.qunarzz.com/mp_piao_admin_mp_piao_admin/admin/20217/30d54820c6727b9958d585769ab3c5c2.png_280x200_7ef61cce.png,湛江市,坡头区,广东省湛江市坡头区海东快线南66号湛江海东度假村,-1,-1.0,N/A,https://piao.qunar.com/ticket/detail_3513509073.html?st=a3clM0QlRTUlOUQlQTElRTUlQTQlQjQlRTUlOEMlQkElMjZpZCUzRDUzMDQyMyUyNnR5cGUlM0QwJTI2aWR4JTNENiUyNnF0JTNEJTI2YXBrJTNEMiUyNnNjJTNEV1dXJTI2dXIlM0QlRTQlQjglQUQlRTUlQjElQjElMjZsciUzRCVFNCVCOCVBRCVFNSVCMSVCMSUyNmZ0JTNEJTdCJTdE#from=mpl_search_suggest,-1.0,N/A,N/A,暂无,https://mp-piao-admincp.qunarzz.com/mp_piao_admin_mp_piao_admin/admin/20217/30d54820c6727b9958d585769ab3c5c2.png_710x360_c2302e12.png,"{""ret"": true, ""data"": {""tagList"": [{""tagType"": 0, ""tagScore"": 5, ""tagNum"": 0, ""tagName"": ""\u5168\u90e8""}], ""score"": 0.0, ""commentCount"": 0}, ""statusCode"": 200}"
湛江奥体中心,https://imgs.qunarzz.com/sight/p0/1511/e7/e760ccda1a9d127690.water.jpg_280x200_5c722a6a.jpg,湛江市,坡头区,广东省湛江市坡头区海湾大桥桥头北侧,-1,-1.0,湛江市地标性建筑,https://piao.qunar.com/ticket/detail_1738078555.html?st=a3clM0QlRTUlOUQlQTElRTUlQTQlQjQlRTUlOEMlQkElMjZpZCUzRDQ1NjA1NCUyNnR5cGUlM0QwJTI2aWR4JTNENSUyNnF0JTNEJTI2YXBrJTNEMiUyNnNjJTNEV1dXJTI2dXIlM0QlRTQlQjglQUQlRTUlQjElQjElMjZsciUzRCVFNCVCOCVBRCVFNSVCMSVCMSUyNmZ0JTNEJTdCJTdE#from=mpl_search_suggest,-1.0,N/A,湛江奥体中心地址位于广东省湛江市坡头区海湾大桥桥头北侧，项目总用地面积为664.51亩，总建筑面积18.47万平方米。 该项目由一场三馆及周边配套道路工程两部分组成，建设内容包括：体育场（含训练场）、体育馆、综合球类馆、室外工程、周边配套工程等。,暂无,https://imgs.qunarzz.com/sight/p0/1511/e7/e760ccda1a9d127690.water.jpg_710x360_83cb0653.jpg〇https://imgs.qunarzz.com/sight/p0/1511/69/69836cb0874da5790.img.jpg_710x360_989e7895.jpg〇https://imgs.qunarzz.com/sight/p0/1511/1d/1d3ffa3176ca18a90.img.jpg_710x360_25e85fc5.jpg〇https://qimgs.qunarzz.com/piao_qsight_provider_piao_qsight_web/e33175ab2e677fb5.jpg_710x360_fd2d4e08.jpg〇https://qimgs.qunarzz.com/piao_qsight_provider_piao_qsight_web/566f4da7a88d2137.jpg_710x360_0753a442.jpg〇https://qimgs.qunarzz.com/piao_qsight_provider_piao_qsight_web/1053a329432b0737.jpg_710x360_5c5fec04.jpg,"{""ret"": true, ""data"": {""tagList"": [{""tagType"": 0, ""tagScore"": 5, ""tagNum"": 0, ""tagName"": ""\u5168\u90e8""}], ""score"": 0.0, ""commentCount"": 0}, ""statusCode"": 200}"
红树林自然保护区,https://imgs.qunarzz.com/sight/p61/201211/01/ce30ff0adcd3962093835fbb.jpg_280x200_f4220277.jpg,湛江市,坡头区,广东省湛江市坡头区,-1,-1.0,红树林自然保护区位于广东省湛江市境内，面积1.9万公顷，1990年经广东省人民政府批准建立，1997，主要保护对象为红树,https://piao.qunar.com/ticket/detail_4084395861.html?st=a3clM0QlRTUlOUQlQTElRTUlQTQlQjQlRTUlOEMlQkElMjZpZCUzRDE0NDQyJTI2dHlwZSUzRDAlMjZpZHglM0Q0JTI2cXQlM0QlMjZhcGslM0QyJTI2c2MlM0RXV1clMjZ1ciUzRCVFNCVCOCVBRCVFNSVCMSVCMSUyNmxyJTNEJUU0JUI4JUFEJUU1JUIxJUIxJTI2ZnQlM0QlN0IlN0Q%3D#from=mpl_search_suggest,-1.0,N/A,红树林自然保护区位于广东省湛江市境内，面积1.9万公顷，1990年经广东省人民政府批准建立，1997，主要保护对象为红树林生态系统。本区地处雷州半岛，受热带海洋气候的影响，沿海滩涂上分布着较大面积的红树林植被，其中红树植物有12科、16属、17种。此外，保护区内拥有数量和种类众多的鹤类、鹳类、鹭类等水禽及其它湿地动物，据初步统计，仅鸟类就有82种，其中留鸟38种、候鸟44种，在控制海岸侵蚀、保持水土和保护生物多样性等方面发挥着越来越重要的作用。,01/01-12/31；全天开放,https://imgs.qunarzz.com/sight/p61/201211/01/ce30ff0adcd3962093835fbb.jpg_710x360_38d40002.jpg〇https://qimgs.qunarzz.com/piao_qsight_provider_piao_qsight_web/ee6f0103196ef842ffffffffc8d65eac.jpg_710x360_a9de95e7.jpg〇https://qimgs.qunarzz.com/piao_qsight_provider_piao_qsight_web/176dc84b42fc9e37.jpg_710x360_d2cb1a46.jpg〇https://qimgs.qunarzz.com/piao_qsight_provider_piao_qsight_web/756b5791999d38.jpg_710x360_b6ab794c.jpg〇https://qimgs.qunarzz.com/piao_qsight_provider_piao_qsight_web/2c9cfa3cba93ab.jpg_710x360_ea302f12.jpg〇https://qimgs.qunarzz.com/piao_qsight_provider_piao_qsight_web/75822816dc6e33.jpg_710x360_31e2fe17.jpg〇https://qimgs.qunarzz.com/piao_qsight_provider_piao_qsight_web/862485bf73663c.jpg_710x360_e8b6aad6.jpg〇https://qimgs.qunarzz.com/piao_qsight_provider_piao_qsight_web/392f32afc0f89.jpg_710x360_043799d3.jpg〇https://qimgs.qunarzz.com/piao_qsight_provider_piao_qsight_web/e0cdb5683ec2c2.jpg_710x360_e6b7a4c3.jpg,"{""ret"": true, ""data"": {""tagList"": [{""tagType"": 0, ""tagScore"": 5, ""tagNum"": 0, ""tagName"": ""\u5168\u90e8""}], ""score"": 0.0, ""commentCount"": 0}, ""statusCode"": 200}"
南三岛,https://qimgs.qunarzz.com/piao_qsight_provider_piao_qsight_web/0104f12000b95t4wg0B88_C_900_504_Q90_Mtg_7.jpg_280x200_741bd309.jpg,湛江市,坡头区,广东省湛江市坡头区南三镇,6,4.8,湛江八景之一,https://piao.qunar.com/ticket/detail_599205045.html?st=a3clM0QlRTUlOUQlQTElRTUlQTQlQjQlRTUlOEMlQkElMjZpZCUzRDEwMTcyJTI2dHlwZSUzRDAlMjZpZHglM0QzJTI2cXQlM0QlMjZhcGslM0QyJTI2c2MlM0RXV1clMjZ1ciUzRCVFNCVCOCVBRCVFNSVCMSVCMSUyNmxyJTNEJUU0JUI4JUFEJUU1JUIxJUIxJTI2ZnQlM0QlN0IlN0Q%3D#from=mpl_search_suggest,-1.0,N/A,坡头区南三岛，自古以来便是水土肥美，让候岛眷恋的一方净土，故古称鹭洲岛。83公里长 的海岸线延绵环绕着123.4平方公里的陆地。拥有阳光、沙滩、大海、森林、名胜的东海岸 以迷人的天然魅力，是嵌在富丽的南海上的一颗明珠，吸引着无数中外游客慕名观赏，成为 湛江久负盛名。你看――。延绵27公里长的海滩，宽阔平缓，沙质洁白细柔，宛若银龙 ，缠恋着浩瀚的南海，让洁净而富有灵性的波浪不断地冲刷，显得格外怡情、激奋和圣洁”。十里海滩十里林，浓缩着解放初南三儿女人定胜天，建设家园的雄心壮志和光辉业绩。4万亩防护林带绿海天成，充满着生命的顽强意志。 林带与大海、林涛与海涛，同相和应，独具一番情景，让人欣然意气风发.,具体营业状态以当天开放情况为准,https://qimgs.qunarzz.com/piao_qsight_provider_piao_qsight_web/0104f12000b95t4wg0B88_C_900_504_Q90_Mtg_7.jpg_710x360_d5aa2cdc.jpg〇https://qimgs.qunarzz.com/piao_qsight_provider_piao_qsight_web/0105912000b92jalh8391_C_900_504_Q90_Mtg_7.jpg_710x360_d4790f8f.jpg〇https://qimgs.qunarzz.com/piao_qsight_provider_piao_qsight_web/0105f12000b92ja887F8D_C_900_504_Q90_Mtg_7.jpg_710x360_a7fb1340.jpg〇https://qimgs.qunarzz.com/piao_qsight_provider_piao_qsight_web/0106812000b92j7yq4AE2_C_900_504_Q90_Mtg_7.jpg_710x360_0a09c414.jpg〇https://qimgs.qunarzz.com/piao_qsight_provider_piao_qsight_web/9fd595a7f4ed41.jpg_710x360_b1261e2a.jpg〇https://qimgs.qunarzz.com/piao_qsight_provider_piao_qsight_web/0d2dea4921f04e02.jpg_710x360_9645ef04.jpg〇https://qimgs.qunarzz.com/piao_qsight_provider_piao_qsight_web/59ab0e3d10c66402.jpg_710x360_c292aec3.jpg〇https://qimgs.qunarzz.com/piao_qsight_provider_piao_qsight_web/b658ee1d5c5e0702.jpg_710x360_cf751409.jpg〇https://qimgs.qunarzz.com/piao_qsight_provider_piao_qsight_web/8ad138b32f1ed602.jpg_710x360_a7247a62.jpg〇https://qimgs.qunarzz.com/piao_qsight_provider_piao_qsight_web/0c488880a625702.jpg_710x360_d956ec0e.jpg〇https://qimgs.qunarzz.com/piao_qsight_provider_piao_qsight_web/707a63237133f802.jpg_710x360_5e391ab8.jpg〇https://qimgs.qunarzz.com/piao_qsight_provider_piao_qsight_web/cdadc370ceadf602.jpg_710x360_a9abf925.jpg〇https://qimgs.qunarzz.com/piao_qsight_provider_piao_qsight_web/b8a34a10dbc36202.jpg_710x360_077ebd6c.jpg〇https://qimgs.qunarzz.com/piao_qsight_provider_piao_qsight_web/497c88492475d402.jpg_710x360_53fdbefa.jpg〇https://qimgs.qunarzz.com/piao_qsight_provider_piao_qsight_web/46dc089ce36db202.jpg_710x360_79de0293.jpg〇https://qimgs.qunarzz.com/piao_qsight_provider_piao_qsight_web/f98f2d0969506a02.jpg_710x360_95da6f34.jpg〇https://qimgs.qunarzz.com/piao_qsight_provider_piao_qsight_web/4baebbb101f44002.jpg_710x360_c434c198.jpg〇https://qimgs.qunarzz.com/piao_qsight_provider_piao_qsight_web/4efa4924f613ad02.jpg_710x360_f2e1167d.jpg〇https://qimgs.qunarzz.com/piao_qsight_provider_piao_qsight_web/482600ceb51030.jpg_710x360_0662aeb2.jpg〇https://qimgs.qunarzz.com/piao_qsight_provider_piao_qsight_web/bf68bd968e22ba11690ea0cc08bd48a3.jpg_710x360_e957256f.jpg〇https://qimgs.qunarzz.com/piao_qsight_provider_piao_qsight_web/00366a48be6999051844c1be5abc3b81.jpg_710x360_ecbcd8b3.jpg〇https://qimgs.qunarzz.com/piao_qsight_provider_piao_qsight_web/3c721ae0b00bff4b0206521aa1350162.jpg_710x360_e526c1d2.jpg〇https://qimgs.qunarzz.com/piao_qsight_provider_piao_qsight_web/5073d2df7f1ab2c69cbd3e2d383a395f.jpg_710x360_9b9fdf13.jpg〇https://qimgs.qunarzz.com/piao_qsight_provider_piao_qsight_web/3422a943d93559e7129b47f63d8c53fc.jpg_710x360_c85ced20.jpg,"{""ret"": true, ""data"": {""tagList"": [{""tagType"": 1, ""tagScore"": 5, ""tagNum"": 6, ""tagName"": ""\u597d\u8bc4""}, {""tagType"": 0, ""tagScore"": 5, ""tagNum"": 6, ""tagName"": ""\u5168\u90e8""}], ""commentList"": [{""author"": ""y*7"", ""content"": ""\u73b0\u5728\u5357\u4e09\u73af\u5883\u5f88\u597d\u4e86\uff0c\u6bd4\u5f88\u591a\u7684\u5730\u65b9\u90fd\u8981\u7f8e\u4e3d"", ""date"": ""2020-05-26"", ""score"": 5, ""commentId"": ""214493299"", ""imgs"": [], ""userNickName"": ""y*7"", ""replyCityName"": """", ""cityName"": """"}, {""author"": ""M*9"", ""content"": ""\u642d\u516c\u4ea4\u5f88\u65b9\u4fbf\uff0c\u8fdc\u4e86\u70b9\uff0c\u4e0d\u8d1f\u9047\u89c1\u5357\u4e09\u5c9b"", ""date"": ""2018-07-28"", ""score"": 5, ""commentId"": ""206947136"", ""imgs"": [{""small"": ""https://imgs.qunarzz.com/piao/fusion/1807/62/497c88492475d402.jpg_120x120_2e0d12df.jpg"", ""title"": """", ""big"": ""https://imgs.qunarzz.com/piao/fusion/1807/62/497c88492475d402.jpg""}, {""small"": ""https://imgs.qunarzz.com/piao/fusion/1807/ef/b8a34a10dbc36202.jpg_120x120_4cb1db52.jpg"", ""title"": """", ""big"": ""https://imgs.qunarzz.com/piao/fusion/1807/ef/b8a34a10dbc36202.jpg""}, {""small"": ""https://imgs.qunarzz.com/piao/fusion/1807/3a/cdadc370ceadf602.jpg_120x120_83ccf792.jpg"", ""title"": """", ""big"": ""https://imgs.qunarzz.com/piao/fusion/1807/3a/cdadc370ceadf602.jpg""}, {""small"": ""https://imgs.qunarzz.com/piao/fusion/1807/f7/707a63237133f802.jpg_120x120_2df78d99.jpg"", ""title"": """", ""big"": ""https://imgs.qunarzz.com/piao/fusion/1807/f7/707a63237133f802.jpg""}, {""small"": ""https://imgs.qunarzz.com/piao/fusion/1807/da/0c488880a625702.jpg_120x120_77113c96.jpg"", ""title"": """", ""big"": ""https://imgs.qunarzz.com/piao/fusion/1807/da/0c488880a625702.jpg""}, {""small"": ""https://imgs.qunarzz.com/piao/fusion/1807/88/8ad138b32f1ed602.jpg_120x120_2c5fa7a6.jpg"", ""title"": """", ""big"": ""https://imgs.qunarzz.com/piao/fusion/1807/88/8ad138b32f1ed602.jpg""}, {""small"": ""https://imgs.qunarzz.com/piao/fusion/1807/41/b658ee1d5c5e0702.jpg_120x120_dacf4597.jpg"", ""title"": """", ""big"": ""https://imgs.qunarzz.com/piao/fusion/1807/41/b658ee1d5c5e0702.jpg""}, {""small"": ""https://imgs.qunarzz.com/piao/fusion/1807/d6/59ab0e3d10c66402.jpg_120x120_7c0f3923.jpg"", ""title"": """", ""big"": ""https://imgs.qunarzz.com/piao/fusion/1807/d6/59ab0e3d10c66402.jpg""}, {""small"": ""https://imgs.qunarzz.com/piao/fusion/1807/88/0d2dea4921f04e02.jpg_120x120_774ad44e.jpg"", ""title"": """", ""big"": ""https://imgs.qunarzz.com/piao/fusion/1807/88/0d2dea4921f04e02.jpg""}], ""userNickName"": ""M*9"", ""replyCityName"": """", ""cityName"": """"}, {""author"": ""n*2"", ""content"": ""\u6e5b\u6c5f\u6e38\uff0c\u5fc5\u6765\u8fd9\u91cc\u4e00\u6e38\u3002"", ""date"": ""2018-11-28"", ""score"": 5, ""commentId"": ""208651220"", ""imgs"": [], ""userNickName"": ""n*2"", ""replyCityName"": """", ""cityName"": """"}, {""author"": ""s*2"", ""content"": ""\u6c99\u6ee9\uff0c\u5982\u679c\u53bb\u7684\u5de7\u7684\u8bdd\uff0c\u53ef\u4ee5\u770b\u5230\u51fa\u6d77\u7684\u6e14\u6c11\u56de\u6765"", ""date"": ""2017-05-03"", ""score"": 5, ""commentId"": ""200580512"", ""imgs"": [], ""userNickName"": ""s*2"", ""replyCityName"": """", ""cityName"": """"}, {""author"": ""\u5609*\u8c6a"", ""content"": ""\u6211\u7684\u5bb6\u4e61\uff0c\u975e\u5e38\u7f8e\u4e3d\uff0c\u7279\u522b\u559c\u6b22\u65e9\u4e0a\u53bb\u770b\u65e5\u51fa\uff0c\u62cd\u7167\u3002\u8fd8\u6709\u7ea2\u6811\u6797\u81ea\u7136\u4fdd\u62a4\u533a\uff0c\u503c\u5f97\u6e38\u73a9"", ""date"": ""2015-10-20"", ""score"": 5, ""commentId"": ""86392873"", ""imgs"": [], ""userNickName"": ""\u5609*\u8c6a"", ""replyCityName"": """", ""cityName"": """"}, {""author"": ""\u5915*\u975e"", ""content"": ""\u636e\u8bf4\u5357\u4e09\u5c9b\u662f\u7531\u5341\u4e2a\u5c0f\u5c9b\u8054\u6210\u7684\u5927\u5c9b\uff0c\u8fd8\u6709\u5b66\u8005\u66fe\u8003\u7a76\u8bf4\u5f53\u5e74\u6cd5\u56fd\u4eba\u907f\u98ce\u95ef\u5165\u6e5b\u6c5f\uff0c\u8fd9\u91cc\u662f\u7b2c\u4e00\u4e2a\u767b\u9646\u70b9\uff0c\u800c\u6e5b\u6c5f\u65e7\u79f0\u201c\u5e7f\u5dde\u6e7e\u201d\u4e5f\u662f\u56e0\u5357\u4e09\u5c9b\u6709\u201c\u5e7f\u5dde\u6e7e\u201d\u6751\u574a\u800c\u5f97\u540d\u3002\u53bb\u5230\u4e00\u4e2a\u5730\u65b9\u4e0d\u5e94\u8be5\u4ec5\u4ec5\u662f\u4e3a\u4e86\u6e38\u73a9\u800c\u5bf9\u5f53\u5730\u7684\u201c\u60c5\u51b5\u201d\u4e00\u65e0\u6240\u77e5\u3002"", ""date"": ""2015-01-26"", ""score"": 4, ""commentId"": ""30073812"", ""imgs"": [{""small"": ""https://imgs.qunarzz.com/piao/fusion/1501/3e/482600ceb51030.jpg_120x120_7aff308e.jpg"", ""title"": """", ""big"": ""https://imgs.qunarzz.com/piao/fusion/1501/3e/482600ceb51030.jpg""}], ""userNickName"": ""\u5915*\u975e"", ""replyCityName"": """", ""cityName"": """"}], ""score"": 4.8, ""commentCount"": 6}, ""statusCode"": 200}"
乐儿乐儿童乐园（遂溪店）,https://imgs.qunarzz.com/sight/p0/1412/58/903c75a40900c096524f8e64f8d4e384.water.jpg_280x200_50591583.jpg,湛江市,遂溪县,广东省湛江市遂溪县遂城镇府前路兴华广场二楼,1,5.0,儿童亲子乐园,https://piao.qunar.com/ticket/detail_1460476843.html?st=a3clM0QlRTklODElODIlRTYlQkElQUElRTUlOEUlQkYlMjZpZCUzRDIwMDM2NCUyNnR5cGUlM0QwJTI2aWR4JTNENSUyNnF0JTNEJTI2YXBrJTNEMiUyNnNjJTNEV1dXJTI2dXIlM0QlRTQlQjglQUQlRTUlQjElQjElMjZsciUzRCVFNCVCOCVBRCVFNSVCMSVCMSUyNmZ0JTNEJTdCJTdE#from=mpl_search_suggest,-1.0,N/A,儿乐儿童乐园是一家集游戏、启智为一体的儿童亲子乐园。里面配套的玩具无尘无害，安全可靠。可以让您的宝宝在玩耍的同时，无忧无虑地触摸自然，享受自然！开发智力，提高儿童的抗病免疫力。,暂无,https://imgs.qunarzz.com/sight/p0/1412/58/903c75a40900c096524f8e64f8d4e384.water.jpg_710x360_a1681755.jpg〇https://imgs.qunarzz.com/sight/p0/1412/20/0fbc7b1993b916d19a3f86cb97edde07.water.jpg_710x360_c4691f37.jpg〇https://imgs.qunarzz.com/sight/p0/1412/72/e80a123ff74554ca11ad4ffc66599b80.water.jpg_710x360_a3e8c984.jpg〇https://imgs.qunarzz.com/sight/p0/1412/e3/5eefce07b49f3bea626e1e97eb789dfa.water.jpg_710x360_a2f046ef.jpg〇https://imgs.qunarzz.com/sight/p0/1412/ce/299a9d2e5abd5c900544b1b9ddd2bbff.water.jpg_710x360_875f107c.jpg〇https://qimgs.qunarzz.com/piao_qsight_provider_piao_qsight_web/4c648437da3a592d360794c369299030.jpg_710x360_e875818d.jpg〇https://qimgs.qunarzz.com/piao_qsight_provider_piao_qsight_web/e6ff360fd554b19f8fca7d7a25ef475e.jpg_710x360_205bdb1c.jpg〇https://qimgs.qunarzz.com/piao_qsight_provider_piao_qsight_web/f2feceec3f65ecf7.jpg_710x360_e3fefd0d.jpg,"{""ret"": true, ""data"": {""tagList"": [{""tagType"": 1, ""tagScore"": 5, ""tagNum"": 1, ""tagName"": ""\u597d\u8bc4""}, {""tagType"": 0, ""tagScore"": 5, ""tagNum"": 1, ""tagName"": ""\u5168\u90e8""}], ""commentList"": [{""author"": ""\u5609*\u8c6a"", ""content"": ""\u53bf\u57ce\u7684\u4eba\u6709\u5c11\uff0c\u4f46\u662f\u5c0f\u670b\u53cb\u53bb\u73a9\u5b89\u9759\u4e9b\u4e5f\u6bd4\u8f83\u597d\uff0c\u4ef7\u683c\u5b9e\u60e0\uff0c\u5212\u7b97"", ""date"": ""2015-10-20"", ""score"": 5, ""commentId"": ""86391946"", ""imgs"": [], ""userNickName"": ""\u5609*\u8c6a"", ""replyCityName"": """", ""cityName"": """"}], ""score"": 5.0, ""commentCount"": 1}, ""statusCode"": 200}"
湛江阳光玫瑰葡萄庄园,https://qimgs.qunarzz.com/piao_qsight_provider_piao_qsight_web/35081e000001fkwey8C51_C_900_504.jpg_280x200_969a8c88.jpg,湛江市,坡头区,广东省湛江市坡头区坡头镇久有村北侧（120乡道附近）,25,4.8,"湛江阳光玫瑰生态园位于湛江市坡头区坡头镇九有村口，距市区车程仅20分钟，面积500多亩，是湛江市大的葡萄栽种基地。
有阳",https://piao.qunar.com/ticket/detail_912366545.html?st=a3clM0QlRTUlOUQlQTElRTUlQTQlQjQlRTUlOEMlQkElMjZpZCUzRDUwNjA4OCUyNnR5cGUlM0QwJTI2aWR4JTNEMiUyNnF0JTNEJTI2YXBrJTNEMiUyNnNjJTNEV1dXJTI2dXIlM0QlRTQlQjglQUQlRTUlQjElQjElMjZsciUzRCVFNCVCOCVBRCVFNSVCMSVCMSUyNmZ0JTNEJTdCJTdE#from=mpl_search_suggest,-1.0,N/A,湛江阳光玫瑰生态园位于湛江市坡头区坡头镇九有村口，距市区车程仅20分钟，面积500多亩，是湛江市大的葡萄栽种基地。有阳光玫瑰、夏黑、蓝黑宝和巨峰等名贵品种，尤以阳光玫瑰葡萄最为珍贵，被誉为“葡萄皇后”，甘甜清冽，回味悠长。园区还种植了芒果、草莓、杨桃、西瓜、菠萝蜜、圣女果、番薯、玉米等几十种绿色有机果蔬。建成千米花廊、花海缎带、观荷栈道、桃花岛、百鸟园、儿童乐园、网红喊泉等丰富体验项目和完善配套设施，是集休闲娱乐、观光采摘、婚纱摄影、科普教育、拓展培训等于一体的智慧农业和特色休闲旅游综合体。园内常年瓜果飘香，或酸甜多汁，或清甜细腻，或鲜美香脆。桃花岛芳菲满眼，黄花风铃迎风摇曳，不胜娇羞；花海缎带宛如珠链环绕全园，像一幅画卷徐徐展开。生态餐厅可同时容纳300多人用餐，蔬菜、河鲜鸡鸭等全部自种自养，食材本身的自然清鲜，精细而适度的烹饪，令人惊艳。,1/1-12/31；周一至周日；09:00-21:00开园,https://qimgs.qunarzz.com/piao_qsight_provider_piao_qsight_web/35081e000001fkwey8C51_C_900_504.jpg_710x360_9f17f3cb.jpg〇https://qimgs.qunarzz.com/piao_qsight_provider_piao_qsight_web/350q1e000001flzsm4C2C_C_900_504_Q90_Mtg_7.jpg_710x360_5c2d192d.jpg〇https://qimgs.qunarzz.com/piao_qsight_provider_piao_qsight_web/350n1e000001fjrk6EE63_C_900_504_Q90_Mtg_7.jpg_710x360_9dddf833.jpg〇https://qimgs.qunarzz.com/piao_qsight_provider_piao_qsight_web/350n1e000001fjrkq2680_C_900_504_Q90_Mtg_7.jpg_710x360_030b8b05.jpg〇https://qimgs.qunarzz.com/piao_qsight_provider_piao_qsight_web/350r1e000001fj4md0D4F_C_900_504_Q90_Mtg_7.jpg_710x360_513956b0.jpg〇https://qimgs.qunarzz.com/piao_qsight_provider_piao_qsight_web/35051e000001fn7lhFDBA_C_900_504_Q90_Mtg_7.jpg_710x360_aea17961.jpg〇https://qimgs.qunarzz.com/piao_qsight_provider_piao_qsight_web/350q1e000001flzsl5C4B_C_900_504_Q90_Mtg_7.jpg_710x360_16048372.jpg〇https://qimgs.qunarzz.com/piao_qsight_provider_piao_qsight_web/350l1e000001fkveeC8B5_C_900_504_Q90_Mtg_7.jpg_710x360_c314d082.jpg〇https://qimgs.qunarzz.com/piao_qsight_provider_piao_qsight_web/350h1e000001fma1n62C4_C_900_504_Q90_Mtg_7.jpg_710x360_8cb0f8bb.jpg〇https://qimgs.qunarzz.com/piao_qsight_provider_piao_qsight_web/35081e000001fkwe3E4DB_C_900_504_Q90_Mtg_7.jpg_710x360_9bf03efa.jpg〇https://qimgs.qunarzz.com/piao_qsight_provider_piao_qsight_web/35081e000001fkwey8C51_C_900_504_Q90_Mtg_7.jpg_710x360_25782c4d.jpg〇https://imgs.qunarzz.com/sight/p0/2003/17/173406e13c1acd4fa3.img.jpg_710x360_2f741960.jpg〇https://imgs.qunarzz.com/sight/p0/2003/e4/e44ee9b645476aba3.img.jpg_710x360_5b94af50.jpg〇https://imgs.qunarzz.com/sight/p0/2003/f2/f221761b665b7837a3.img.jpg_710x360_2fb8c653.jpg〇https://imgs.qunarzz.com/sight/p0/2003/e5/e582d9489878eb9ca3.img.jpg_710x360_5cca0973.jpg〇https://imgs.qunarzz.com/sight/p0/2003/5d/5d0c4ca5f6b074c4a3.img.jpg_710x360_cec47bfb.jpg〇https://imgs.qunarzz.com/sight/p0/2003/45/45df567facf7a523a3.img.jpg_710x360_7f9c2c4f.jpg〇https://imgs.qunarzz.com/sight/p0/2003/ef/ef5d28e4e1997e10a3.img.jpg_710x360_588be36a.jpg〇https://imgs.qunarzz.com/sight/p0/2003/50/50f80d70f2099446a3.img.jpg_710x360_9a374359.jpg〇https://imgs.qunarzz.com/sight/p0/2003/25/2510491e3bd72f33a3.img.jpg_710x360_b3f9595a.jpg,"{""ret"": true, ""data"": {""tagList"": [{""tagType"": 3, ""tagScore"": 5, ""tagNum"": 1, ""tagName"": ""\u5dee\u8bc4""}, {""tagType"": 1, ""tagScore"": 5, ""tagNum"": 24, ""tagName"": ""\u597d\u8bc4""}, {""tagType"": 0, ""tagScore"": 5, ""tagNum"": 25, ""tagName"": ""\u5168\u90e8""}], ""commentList"": [{""author"": ""d*2"", ""content"": ""\u7528\u6237\u672a\u70b9\u8bc4\uff0c\u7cfb\u7edf\u9ed8\u8ba4\u597d\u8bc4\u3002"", ""date"": ""2021-05-12"", ""score"": 5, ""commentId"": ""218786894"", ""imgs"": [], ""userNickName"": ""d*2"", ""replyCityName"": """", ""cityName"": """"}, {""author"": ""w*9"", ""content"": ""\u7528\u6237\u672a\u70b9\u8bc4\uff0c\u7cfb\u7edf\u9ed8\u8ba4\u597d\u8bc4\u3002"", ""date"": ""2021-04-21"", ""score"": 5, ""commentId"": ""218496001"", ""imgs"": [], ""userNickName"": ""w*9"", ""replyCityName"": """", ""cityName"": """"}, {""author"": ""H*y"", ""content"": ""\u7528\u6237\u672a\u70b9\u8bc4\uff0c\u7cfb\u7edf\u9ed8\u8ba4\u597d\u8bc4\u3002"", ""date"": ""2021-03-29"", ""score"": 5, ""commentId"": ""218299229"", ""imgs"": [], ""userNickName"": ""H*y"", ""replyCityName"": """", ""cityName"": """"}, {""author"": ""m*4"", ""content"": ""\u7528\u6237\u672a\u70b9\u8bc4\uff0c\u7cfb\u7edf\u9ed8\u8ba4\u597d\u8bc4\u3002"", ""date"": ""2020-07-01"", ""score"": 5, ""commentId"": ""214736664"", ""imgs"": [], ""userNickName"": ""m*4"", ""replyCityName"": """", ""cityName"": """"}, {""author"": ""m*4"", ""content"": ""\u7528\u6237\u672a\u70b9\u8bc4\uff0c\u7cfb\u7edf\u9ed8\u8ba4\u597d\u8bc4\u3002"", ""date"": ""2020-07-01"", ""score"": 5, ""commentId"": ""214736660"", ""imgs"": [], ""userNickName"": ""m*4"", ""replyCityName"": """", ""cityName"": """"}, {""author"": ""x*0"", ""content"": ""\u7528\u6237\u672a\u70b9\u8bc4\uff0c\u7cfb\u7edf\u9ed8\u8ba4\u597d\u8bc4\u3002"", ""date"": ""2020-07-01"", ""score"": 5, ""commentId"": ""214734443"", ""imgs"": [], ""userNickName"": ""x*0"", ""replyCityName"": """", ""cityName"": """"}, {""author"": ""p*5"", ""content"": ""\u7528\u6237\u672a\u70b9\u8bc4\uff0c\u7cfb\u7edf\u9ed8\u8ba4\u597d\u8bc4\u3002"", ""date"": ""2020-07-01"", ""score"": 5, ""commentId"": ""214734425"", ""imgs"": [], ""userNickName"": ""p*5"", ""replyCityName"": """", ""cityName"": """"}, {""author"": ""x*7"", ""content"": ""\u7528\u6237\u672a\u70b9\u8bc4\uff0c\u7cfb\u7edf\u9ed8\u8ba4\u597d\u8bc4\u3002"", ""date"": ""2020-06-23"", ""score"": 5, ""commentId"": ""214696312"", ""imgs"": [], ""userNickName"": ""x*7"", ""replyCityName"": """", ""cityName"": """"}, {""author"": ""x*7"", ""content"": ""\u7528\u6237\u672a\u70b9\u8bc4\uff0c\u7cfb\u7edf\u9ed8\u8ba4\u597d\u8bc4\u3002"", ""date"": ""2020-06-23"", ""score"": 5, ""commentId"": ""214696307"", ""imgs"": [], ""userNickName"": ""x*7"", ""replyCityName"": """", ""cityName"": """"}, {""author"": ""x*7"", ""content"": ""\u7528\u6237\u672a\u70b9\u8bc4\uff0c\u7cfb\u7edf\u9ed8\u8ba4\u597d\u8bc4\u3002"", ""date"": ""2020-06-23"", ""score"": 5, ""commentId"": ""214696291"", ""imgs"": [], ""userNickName"": ""x*7"", ""replyCityName"": """", ""cityName"": """"}], ""score"": 4.8, ""commentCount"": 25}, ""statusCode"": 200}"
湛江稻草人开心农场,https://mp-piao-admincp.qunarzz.com/mp_piao_admin_mp_piao_admin/admin/20217/30d54820c6727b9958d585769ab3c5c2.png_280x200_7ef61cce.png,湛江市,麻章区,广东省湛江市麻章区南国花卉科技园海棠路B3号,-1,-1.0,N/A,https://piao.qunar.com/ticket/detail_3673281389.html?st=a3clM0QlRTklQkElQkIlRTclQUIlQTAlRTUlOEMlQkElMjZpZCUzRDQ3MjYyNyUyNnR5cGUlM0QwJTI2aWR4JTNEMTQlMjZxdCUzRCUyNmFwayUzRDIlMjZzYyUzRFdXVyUyNnVyJTNEJUU0JUI4JUFEJUU1JUIxJUIxJTI2bHIlM0QlRTQlQjglQUQlRTUlQjElQjElMjZmdCUzRCU3QiU3RA%3D%3D#from=mpl_search_suggest,-1.0,N/A,N/A,01/01-12/31；不开放,https://mp-piao-admincp.qunarzz.com/mp_piao_admin_mp_piao_admin/admin/20217/30d54820c6727b9958d585769ab3c5c2.png_710x360_c2302e12.png,"{""ret"": true, ""data"": {""tagList"": [{""tagType"": 0, ""tagScore"": 5, ""tagNum"": 0, ""tagName"": ""\u5168\u90e8""}], ""score"": 0.0, ""commentCount"": 0}, ""statusCode"": 200}"
湖光农场,https://imgs.qunarzz.com/sight/p0/1707/7e/7e4180a2cde37209a3.water.jpg_280x200_06a6f802.jpg,湛江市,麻章区,广东省湛江市麻章区国营湖光农场,-1,-1.0,农业林业，动物饲养，淡水养殖,https://piao.qunar.com/ticket/detail_703369956.html?st=a3clM0QlRTklQkElQkIlRTclQUIlQTAlRTUlOEMlQkElMjZpZCUzRDQ2NTA5MyUyNnR5cGUlM0QwJTI2aWR4JTNEMTMlMjZxdCUzRCUyNmFwayUzRDIlMjZzYyUzRFdXVyUyNnVyJTNEJUU0JUI4JUFEJUU1JUIxJUIxJTI2bHIlM0QlRTQlQjglQUQlRTUlQjElQjElMjZmdCUzRCU3QiU3RA%3D%3D#from=mpl_search_suggest,-1.0,N/A,主要服务范围是农业林业，动物饲养，淡水养殖，农副产品加工。,01/01-12/31；9:00-17:00开园,https://imgs.qunarzz.com/sight/p0/1707/7e/7e4180a2cde37209a3.water.jpg_710x360_cf55c6c3.jpg〇https://qimgs.qunarzz.com/piao_qsight_provider_piao_qsight_web/c2841ebda77ad737.jpg_710x360_5090e9c8.jpg,"{""ret"": true, ""data"": {""tagList"": [{""tagType"": 0, ""tagScore"": 5, ""tagNum"": 0, ""tagName"": ""\u5168\u90e8""}], ""score"": 0.0, ""commentCount"": 0}, ""statusCode"": 200}"
湛江市基督教麻章教会,https://qimgs.qunarzz.com/piao_qsight_provider_piao_qsight_web/temp28379930296940429280102z2215f1r7lcvk5C08_wmr.jpg_280x200_974eb8b8.jpg,湛江市,麻章区,广东省湛江市麻章区X670(麻志路),-1,-1.0,N/A,https://piao.qunar.com/ticket/detail_3407320916.html?st=a3clM0QlRTklQkElQkIlRTclQUIlQTAlRTUlOEMlQkElMjZpZCUzRDUyMzQyMCUyNnR5cGUlM0QwJTI2aWR4JTNEMTIlMjZxdCUzRCUyNmFwayUzRDIlMjZzYyUzRFdXVyUyNnVyJTNEJUU0JUI4JUFEJUU1JUIxJUIxJTI2bHIlM0QlRTQlQjglQUQlRTUlQjElQjElMjZmdCUzRCU3QiU3RA%3D%3D#from=mpl_search_suggest,-1.0,N/A,N/A,暂无,https://qimgs.qunarzz.com/piao_qsight_provider_piao_qsight_web/temp28379930296940429280102z2215f1r7lcvk5C08_wmr.jpg_710x360_f5cd7bfe.jpg,"{""ret"": true, ""data"": {""tagList"": [{""tagType"": 0, ""tagScore"": 5, ""tagNum"": 0, ""tagName"": ""\u5168\u90e8""}], ""score"": 0.0, ""commentCount"": 0}, ""statusCode"": 200}"
雷州家生博物馆,https://mp-piao-admincp.qunarzz.com/mp_piao_admin_mp_piao_admin/admin/20217/30d54820c6727b9958d585769ab3c5c2.png_280x200_7ef61cce.png,湛江市,雷州市,湛江市雷州市群众大道西山仔006号,-1,-1.0,N/A,https://piao.qunar.com/ticket/detail_730958652.html?st=a3clM0QlRTklOUIlQjclRTUlQjclOUUlRTUlQjglODIlMjZpZCUzRDUyMzU1MyUyNnR5cGUlM0QwJTI2aWR4JTNEMTUlMjZxdCUzRCUyNmFwayUzRDIlMjZzYyUzRFdXVyUyNnVyJTNEJUU0JUI4JUFEJUU1JUIxJUIxJTI2bHIlM0QlRTQlQjglQUQlRTUlQjElQjElMjZmdCUzRCU3QiU3RA%3D%3D#from=mpl_search_suggest,-1.0,N/A,N/A,暂无,https://mp-piao-admincp.qunarzz.com/mp_piao_admin_mp_piao_admin/admin/20217/30d54820c6727b9958d585769ab3c5c2.png_710x360_c2302e12.png,"{""ret"": true, ""data"": {""tagList"": [{""tagType"": 0, ""tagScore"": 5, ""tagNum"": 0, ""tagName"": ""\u5168\u90e8""}], ""score"": 0.0, ""commentCount"": 0}, ""statusCode"": 200}"
靖海宫,https://imgs.qunarzz.com/sight/p29/201211/02/a82cfec51133c22a93835fbb.jpg_280x200_5b9c66cc.jpg,湛江市,雷州市,广东省湛江雷州市南渡河畔,-1,-1.0,坐落于广东雷州南渡河畔的夏岚北村，距雷州城约10公里。此庙始建于明代，因庙临大海，而奉祀的又是被誉为“海峡和平女神”的妈,https://piao.qunar.com/ticket/detail_669628250.html?st=a3clM0QlRTklOUIlQjclRTUlQjclOUUlRTUlQjglODIlMjZpZCUzRDExODE3JTI2dHlwZSUzRDAlMjZpZHglM0QxNCUyNnF0JTNEJTI2YXBrJTNEMiUyNnNjJTNEV1dXJTI2dXIlM0QlRTQlQjglQUQlRTUlQjElQjElMjZsciUzRCVFNCVCOCVBRCVFNSVCMSVCMSUyNmZ0JTNEJTdCJTdE#from=mpl_search_suggest,-1.0,N/A,坐落于广东雷州南渡河畔的夏岚北村，距雷州城约10公里。此庙始建于明代，因庙临大海，而奉祀的又是被誉为“海峡和平女神”的妈祖林默娘，故取名“靖海宫”。现为雷州市文物保护单位。“靖海宫”建筑古朴典雅，宫里除神像外，还供奉着一块黑色的大石。这块石头相传以前有一位渔民海里拖网捉鱼，一天起网时，网里没有一条鱼只有一块大石。他气极，随手把石头抛回大海。但奇怪的是，他换了几个地方下网，都网起这块大石。他怀疑是神灵作怪，,暂无,https://imgs.qunarzz.com/sight/p29/201211/02/a82cfec51133c22a93835fbb.jpg_710x360_1f374a03.jpg,"{""ret"": true, ""data"": {""tagList"": [{""tagType"": 0, ""tagScore"": 5, ""tagNum"": 0, ""tagName"": ""\u5168\u90e8""}], ""score"": 0.0, ""commentCount"": 0}, ""statusCode"": 200}"
高山寺,https://qimgs.qunarzz.com/piao_qsight_provider_piao_qsight_web/temp10648625964202526222ww021f000001gvazhB475_wmr.jpg_280x200_87d21008.jpg,湛江市,雷州市,高山寺坐落在城区东边一座山上,-1,-1.0,高山寺坐落在城区东边一座山上,https://piao.qunar.com/ticket/detail_2763243622.html?st=a3clM0QlRTklOUIlQjclRTUlQjclOUUlRTUlQjglODIlMjZpZCUzRDExNDg4JTI2dHlwZSUzRDAlMjZpZHglM0QxMyUyNnF0JTNEJTI2YXBrJTNEMiUyNnNjJTNEV1dXJTI2dXIlM0QlRTQlQjglQUQlRTUlQjElQjElMjZsciUzRCVFNCVCOCVBRCVFNSVCMSVCMSUyNmZ0JTNEJTdCJTdE#from=mpl_search_suggest,-1.0,N/A,高山寺坐落在城区东边一座山上,暂无,https://qimgs.qunarzz.com/piao_qsight_provider_piao_qsight_web/temp10648625964202526222ww021f000001gvazhB475_wmr.jpg_710x360_8dc16618.jpg,"{""ret"": true, ""data"": {""tagList"": [{""tagType"": 0, ""tagScore"": 5, ""tagNum"": 0, ""tagName"": ""\u5168\u90e8""}], ""score"": 0.0, ""commentCount"": 0}, ""statusCode"": 200}"
海东度假村,https://qimgs.qunarzz.com/piao_qsight_provider_piao_qsight_web/0100p12000f6pp3a58B8E_C_900_504.jpg_280x200_c5c5f7e5.jpg,湛江市,坡头区,广东省湛江市坡头区海东快线南66号,480,5.0,吃烧烤欣赏美丽的田园风光,https://piao.qunar.com/ticket/detail_1255218724.html?st=a3clM0QlRTUlOUQlQTElRTUlQTQlQjQlRTUlOEMlQkElMjZpZCUzRDQ2MzM2OSUyNnR5cGUlM0QwJTI2aWR4JTNEMSUyNnF0JTNEJTI2YXBrJTNEMiUyNnNjJTNEV1dXJTI2dXIlM0QlRTQlQjglQUQlRTUlQjElQjElMjZsciUzRCVFNCVCOCVBRCVFNSVCMSVCMSUyNmZ0JTNEJTdCJTdE#from=mpl_search_suggest,60.0,N/A,海东度假村位于湛江市坡头区海东快线南66号，用地面积56692平方米，总建筑面积23000平方米，其中：客房、餐饮18000平方米，游客中心1000平方米，附属用房3000平方米。包含假日酒店、咸水温泉水上乐园、烧烤区、农家乐、等区域，涵盖洗浴、冲浪河漂流、木屋景观、农业生态园、田园风光，酒店住宿等游玩项目。海东度假村以中西合璧悠闲风情的设计为主，拥有223间客房，有特色园林房、豪华大床房及家庭套房等多种房型，温泉采用当地丰富的咸水温泉资源，设有1大池2儿童池，36个小池，还有国家标准的游泳池，漂流、冲浪、水疗SPA、干湿蒸等。海东度假村温泉是全国罕见的雷州半岛火山岩层地热咸水温泉，源自于700多米的地底深处，水温常年高达47~48度以上，日流量高达19000立方米以上。经地质矿产部广东省中心实验室检测，测定泉水属于氟硅型热矿水，富含重碳酸磷、硫酸盐、硼、铅锌、钡、偏硅酸、氟、铁、溴、碘、氡、锶、硒、硫化氢等28种有益于人体健康的微量元素和化合物，每升温泉水含矿物质达53毫克，纯净无污染，对神经疼、风湿、皮肤病等多种疾病有特殊疗效，特别是美容、减肥、养生的速效良方。冲浪池，是目前粤西地区颇具规模的冲浪池，处于海东度假村水上乐园中心，属于温泉区面积大的一个水池，长25米，宽15-20米不等，由浅入深分为浅水区、中水区、深水区（1.8米）。,1/1-12/31；周一至周日；14:30-23:00开园,https://qimgs.qunarzz.com/piao_qsight_provider_piao_qsight_web/0100p12000f6pp3a58B8E_C_900_504.jpg_710x360_b6b5abac.jpg〇https://qimgs.qunarzz.com/piao_qsight_provider_piao_qsight_web/0100p12000f6pp3a58B8E_C_900_504_Q90_Mtg_7.jpg_710x360_7215c77d.jpg〇https://qimgs.qunarzz.com/piao_qsight_provider_piao_qsight_web/1lo1b12000gj54oyz61F3_C_900_504_Q90_Mtg_7.jpg_710x360_763e2513.jpg〇https://qimgs.qunarzz.com/piao_qsight_provider_piao_qsight_web/1lo4w12000gj547joEB2F_C_900_504_Q90_Mtg_7.jpg_710x360_d89e0172.jpg〇https://qimgs.qunarzz.com/piao_qsight_provider_piao_qsight_web/1lo0y12000gj53zxqDB65_C_900_504_Q90_Mtg_7.jpg_710x360_68f63013.jpg〇https://qimgs.qunarzz.com/piao_qsight_provider_piao_qsight_web/1lo6512000g2g1cva0B5A_C_900_504_Q90_Mtg_7.jpg_710x360_692ad8ad.jpg〇https://qimgs.qunarzz.com/piao_qsight_provider_piao_qsight_web/1lo4u12000g2g1p58B3C8_C_900_504_Q90_Mtg_7.jpg_710x360_acd820c8.jpg〇https://qimgs.qunarzz.com/piao_qsight_provider_piao_qsight_web/1lo3y12000g2g1p56AFC4_C_900_504_Q90_Mtg_7.jpg_710x360_a5b591fc.jpg〇https://qimgs.qunarzz.com/piao_qsight_provider_piao_qsight_web/1lo0r12000g238vmu691A_C_900_504_Q90_Mtg_7.jpg_710x360_702ddb10.jpg〇https://qimgs.qunarzz.com/piao_qsight_provider_piao_qsight_web/1lo6t12000g2g220q3533_C_900_504_Q90_Mtg_7.jpg_710x360_3730b894.jpg〇https://qimgs.qunarzz.com/piao_qsight_provider_piao_qsight_web/1lo5a12000g238qvjFAFB_C_900_504_Q90_Mtg_7.jpg_710x360_aadc5199.jpg〇https://imgs.qunarzz.com/sight/p0/2003/b5/b5f6e814288225e7a3.water.jpg_710x360_e90f5e8c.jpg〇https://imgs.qunarzz.com/sight/p0/2003/dd/dd2a9876e7935635a3.water.jpg_710x360_c4c4396d.jpg〇https://imgs.qunarzz.com/sight/p0/2003/44/44ae2aef93c9f33ea3.water.jpg_710x360_0b4cc6c7.jpg〇https://imgs.qunarzz.com/sight/p0/2003/5f/5fafc581ba75c662a3.water.jpg_710x360_e644c8e4.jpg〇https://imgs.qunarzz.com/sight/p0/2003/2e/2e48a1b3d6732881a3.water.jpg_710x360_5fbc613e.jpg〇https://imgs.qunarzz.com/sight/p0/2003/24/24c71831fa346d1ca3.water.jpg_710x360_e3047c84.jpg〇https://imgs.qunarzz.com/sight/p0/1704/8b/8b6cd62b2a74e529a3.img.jpg_710x360_39370774.jpg〇https://imgs.qunarzz.com/sight/p0/1704/68/68a58e91e134f237a3.img.jpg_710x360_f21bdbab.jpg〇https://imgs.qunarzz.com/sight/p0/1704/b2/b20ce8f5542ec10da3.img.jpg_710x360_7f421ab0.jpg〇https://qimgs.qunarzz.com/piao_qsight_provider_piao_qsight_web/b1193fb06c4b57ed9b4aa976b86b4dcb.jpg_710x360_da7b3c7e.jpg,"{""ret"": true, ""data"": {""tagList"": [{""tagType"": 32, ""tagScore"": 5, ""tagNum"": 8, ""tagName"": ""\u670d\u52a1\u597d""}, {""tagType"": 16, ""tagScore"": 5, ""tagNum"": 9, ""tagName"": ""\u9760\u8c31""}, {""tagType"": 8, ""tagScore"": 5, ""tagNum"": 4, ""tagName"": ""\u4fbf\u5b9c""}, {""tagType"": 4, ""tagScore"": 5, ""tagNum"": 4, ""tagName"": ""\u53d6\u7968\u65b9\u4fbf""}, {""tagType"": 3, ""tagScore"": 5, ""tagNum"": 6, ""tagName"": ""\u5dee\u8bc4""}, {""tagType"": 1, ""tagScore"": 5, ""tagNum"": 474, ""tagName"": ""\u597d\u8bc4""}, {""tagType"": 0, ""tagScore"": 5, ""tagNum"": 480, ""tagName"": ""\u5168\u90e8""}], ""commentList"": [{""author"": ""\u59dc*\u59dc"", ""content"": ""\u53cb\u597d\u65b9\u4fbf\u5c3d\u5174\u670d\u52a1\u5230\u4f4d\u2026\u2026"", ""date"": ""2024-07-05"", ""score"": 5, ""commentId"": ""234620471"", ""imgs"": [{""small"": ""https://qimgs.qunarzz.com/mp_piao_0001/temp4839007810983871023file_1720183494000.jpg_120x120_aecac3eb.jpg"", ""title"": """", ""big"": ""https://qimgs.qunarzz.com/mp_piao_0001/temp4839007810983871023file_1720183494000.jpg""}, {""small"": ""https://qimgs.qunarzz.com/mp_piao_0001/temp17597107326469994395file_1720183494000.jpg_120x120_448e6357.jpg"", ""title"": """", ""big"": ""https://qimgs.qunarzz.com/mp_piao_0001/temp17597107326469994395file_1720183494000.jpg""}, {""small"": ""https://qimgs.qunarzz.com/mp_piao_0001/temp13525110297721009761file_1720183494000.jpg_120x120_5db5b0c0.jpg"", ""title"": """", ""big"": ""https://qimgs.qunarzz.com/mp_piao_0001/temp13525110297721009761file_1720183494000.jpg""}, {""small"": ""https://qimgs.qunarzz.com/mp_piao_0001/temp5905628458050482334file_1720183494000.jpg_120x120_d074aa06.jpg"", ""title"": """", ""big"": ""https://qimgs.qunarzz.com/mp_piao_0001/temp5905628458050482334file_1720183494000.jpg""}, {""small"": ""https://qimgs.qunarzz.com/mp_piao_0001/temp12197308821287021276file_1720183494000.jpg_120x120_e4f17660.jpg"", ""title"": """", ""big"": ""https://qimgs.qunarzz.com/mp_piao_0001/temp12197308821287021276file_1720183494000.jpg""}, {""small"": ""https://qimgs.qunarzz.com/mp_piao_0001/temp7030187191631504928file_1720183494000.jpg_120x120_b99ffe1d.jpg"", ""title"": """", ""big"": ""https://qimgs.qunarzz.com/mp_piao_0001/temp7030187191631504928file_1720183494000.jpg""}, {""small"": ""https://qimgs.qunarzz.com/mp_piao_0001/temp11407489889620236594file_1720183494000.jpg_120x120_f1261599.jpg"", ""title"": """", ""big"": ""https://qimgs.qunarzz.com/mp_piao_0001/temp11407489889620236594file_1720183494000.jpg""}, {""small"": ""https://qimgs.qunarzz.com/mp_piao_0001/temp1078155987889220701file_1720183494000.jpg_120x120_17938c75.jpg"", ""title"": """", ""big"": ""https://qimgs.qunarzz.com/mp_piao_0001/temp1078155987889220701file_1720183494000.jpg""}, {""small"": ""https://qimgs.qunarzz.com/mp_piao_0001/temp14407671668555566013file_1720183494000.jpg_120x120_00418bdf.jpg"", ""title"": """", ""big"": ""https://qimgs.qunarzz.com/mp_piao_0001/temp14407671668555566013file_1720183494000.jpg""}], ""userNickName"": ""\u59dc*\u59dc"", ""replyCityName"": ""\u798f\u5efa"", ""cityName"": ""\u5e7f\u4e1c""}, {""author"": ""H*g"", ""content"": ""\u6109\u5feb\u7684\u65c5\u884c\uff0c\u6700\u7f8e\u7684\u98ce\u666f\u5728\u8def\u4e0a\uff5e\u611f\u8c22\u9ea6\u5e08\u5085\uff0c\u884c\u7a0b\u5b89\u6392\u5408\u7406\uff0c\u5f00\u8f66\u5e73\u7a33\uff0c\u8fd8\u8ba4\u8bc6\u4e86\u5f88\u591a\u679c\u6811\u3002"", ""date"": ""2024-06-09"", ""score"": 5, ""commentId"": ""234274727"", ""imgs"": [{""small"": ""https://qimgs.qunarzz.com/mp_piao_0001/temp13300555836068791611file_1717927430000.jpg_120x120_c199ade2.jpg"", ""title"": """", ""big"": ""https://qimgs.qunarzz.com/mp_piao_0001/temp13300555836068791611file_1717927430000.jpg""}, {""small"": ""https://qimgs.qunarzz.com/mp_piao_0001/temp14024633218536095137file_1717927430000.jpg_120x120_eeba1ffd.jpg"", ""title"": """", ""big"": ""https://qimgs.qunarzz.com/mp_piao_0001/temp14024633218536095137file_1717927430000.jpg""}, {""small"": ""https://qimgs.qunarzz.com/mp_piao_0001/temp7772617555301389334file_1717927430000.jpg_120x120_46cee3b0.jpg"", ""title"": """", ""big"": ""https://qimgs.qunarzz.com/mp_piao_0001/temp7772617555301389334file_1717927430000.jpg""}, {""small"": ""https://qimgs.qunarzz.com/mp_piao_0001/temp3160883172553280914file_1717927430000.jpg_120x120_faf6ee50.jpg"", ""title"": """", ""big"": ""https://qimgs.qunarzz.com/mp_piao_0001/temp3160883172553280914file_1717927430000.jpg""}, {""small"": ""https://qimgs.qunarzz.com/mp_piao_0001/temp666163633052379859file_1717927430000.jpg_120x120_c3772412.jpg"", ""title"": """", ""big"": ""https://qimgs.qunarzz.com/mp_piao_0001/temp666163633052379859file_1717927430000.jpg""}], ""userNickName"": ""H*g"", ""replyCityName"": ""\u798f\u5efa"", ""cityName"": ""\u5e7f\u4e1c""}, {""author"": ""y*8"", ""content"": ""\u670d\u52a1\u6001\u5ea6\u5f88\u597d\uff0c\u4e00\u4eba\u62fc\u56e2\u4e5f\u5e2e\u5fd9\u62fc\u4e0a\u4e86\u3002\u53f8\u673a\u5c0f\u4f19\u4e00\u8def\u4e0a\u670d\u52a1\ud83c\ude50\u4e5f\u4e0d\u9519\uff0c\u8fd8\u5e2e\u5fd9\u62cd\u4e86\u7167\u3002"", ""date"": ""2024-08-08"", ""score"": 5, ""commentId"": ""235346431"", ""imgs"": [{""small"": ""https://qimgs.qunarzz.com/mp_piao_0001/temp11308612042945202702file_1723086728000.jpg_120x120_e5a8dcf8.jpg"", ""title"": """", ""big"": ""https://qimgs.qunarzz.com/mp_piao_0001/temp11308612042945202702file_1723086728000.jpg""}, {""small"": ""https://qimgs.qunarzz.com/mp_piao_0001/temp14042839209925784189file_1723086728000.jpg_120x120_3a6d1f98.jpg"", ""title"": """", ""big"": ""https://qimgs.qunarzz.com/mp_piao_0001/temp14042839209925784189file_1723086728000.jpg""}, {""small"": ""https://qimgs.qunarzz.com/mp_piao_0001/temp195391247843566663file_1723086728000.jpg_120x120_a5e25a78.jpg"", ""title"": """", ""big"": ""https://qimgs.qunarzz.com/mp_piao_0001/temp195391247843566663file_1723086728000.jpg""}, {""small"": ""https://qimgs.qunarzz.com/mp_piao_0001/temp5843389010241062095file_1723086728000.jpg_120x120_b64c9336.jpg"", ""title"": """", ""big"": ""https://qimgs.qunarzz.com/mp_piao_0001/temp5843389010241062095file_1723086728000.jpg""}], ""userNickName"": ""y*8"", ""replyCityName"": ""\u798f\u5efa"", ""cityName"": ""\u5e7f\u4e1c""}, {""author"": ""r*6"", ""content"": ""\u4eca\u5929\u7684\u884c\u7a0b\u975e\u5e38\u4e0d\u9519\uff0c4\u4e2a\u4eba\u4e00\u53f0\u8f66\uff0c\u5c0f\u53f6\u53f8\u673a\u517c\u5bfc\u6e38\uff0c\u4ed6\u662f\u4e2a\u5e05\u54e5\uff0c\u76f8\u5f53\u5e05\u3002\u670d\u52a1\u6001\u5ea6\u771f\u597d\uff0c\u4e0d\u6025\u4e0d\u8e81\uff0c\u4e5f\u4e0d\u9650\u5236\u6211\u4eec\u6e38\u73a9\u7684\u65f6\u95f4\u3002\u5fc5\u987b\u7684\u7ed9\u5c0f\u53f6\u70b9\u4e2a\u8d5e\uff01"", ""date"": ""2024-12-12"", ""score"": 5, ""commentId"": ""239209197"", ""imgs"": [], ""userNickName"": ""r*6"", ""replyCityName"": ""\u798f\u5efa"", ""cityName"": ""\u5e7f\u4e1c""}, {""author"": ""\u53bb*\u6237"", ""content"": ""\u73a9\u7684\u975e\u5e38\u5f00\u5fc3\uff01\u5bfc\u6e38\u4f1a\u5728\u6bcf\u4e2a\u62cd\u7167\u6253\u5361\u70b9\u95ee\u6211\u4eec\u9700\u4e0d\u9700\u8981\u4e0b\u8f66\u62cd\u7167\u3002\u53bb\u6ce2\u7f57\u7684\u6d77\u8bf7\u5403\u51e4\u68a8\u3002\u5168\u7a0b\u5f88\u6709\u793c\u8c8c\uff0c\u4e0d\u50ac\u4eba\u3002\u8fd9\u4e2a\u4ef7\u683c\u592a\u826f\u5fc3\u4e86\uff01\uff01\uff01"", ""date"": ""2024-03-31"", ""score"": 5, ""commentId"": ""232727780"", ""imgs"": [{""small"": ""https://qimgs.qunarzz.com/mp_piao_0001/temp8468756680522068794file_1711881357000.jpg_120x120_db8408dd.jpg"", ""title"": """", ""big"": ""https://qimgs.qunarzz.com/mp_piao_0001/temp8468756680522068794file_1711881357000.jpg""}, {""small"": ""https://qimgs.qunarzz.com/mp_piao_0001/temp10059559641988675348file_1711881357000.jpg_120x120_ba1652b2.jpg"", ""title"": """", ""big"": ""https://qimgs.qunarzz.com/mp_piao_0001/temp10059559641988675348file_1711881357000.jpg""}], ""userNickName"": ""\u53bb*\u6237"", ""replyCityName"": ""\u798f\u5efa"", ""cityName"": ""\u5e7f\u4e1c""}, {""author"": ""\u53bb*\u6237"", ""content"": ""\u7528\u6237\u672a\u70b9\u8bc4\uff0c\u7cfb\u7edf\u9ed8\u8ba4\u597d\u8bc4\u3002"", ""date"": ""2024-11-15"", ""score"": 5, ""commentId"": ""238777637"", ""imgs"": [], ""userNickName"": ""\u53bb*\u6237"", ""replyCityName"": """", ""cityName"": """"}, {""author"": ""\u53bb*\u6237"", ""content"": ""\u7528\u6237\u672a\u70b9\u8bc4\uff0c\u7cfb\u7edf\u9ed8\u8ba4\u597d\u8bc4\u3002"", ""date"": ""2024-11-06"", ""score"": 5, ""commentId"": ""238653302"", ""imgs"": [], ""userNickName"": ""\u53bb*\u6237"", ""replyCityName"": """", ""cityName"": """"}, {""author"": ""w*9"", ""content"": ""\u7528\u6237\u672a\u70b9\u8bc4\uff0c\u7cfb\u7edf\u9ed8\u8ba4\u597d\u8bc4\u3002"", ""date"": ""2024-11-03"", ""score"": 5, ""commentId"": ""238176740"", ""imgs"": [], ""userNickName"": ""w*9"", ""replyCityName"": """", ""cityName"": """"}, {""author"": ""\u53bb*\u6237"", ""content"": ""\u7528\u6237\u672a\u70b9\u8bc4\uff0c\u7cfb\u7edf\u9ed8\u8ba4\u597d\u8bc4\u3002"", ""date"": ""2024-11-02"", ""score"": 5, ""commentId"": ""238121814"", ""imgs"": [], ""userNickName"": ""\u53bb*\u6237"", ""replyCityName"": """", ""cityName"": """"}, {""author"": ""s*6"", ""content"": ""\u7528\u6237\u672a\u70b9\u8bc4\uff0c\u7cfb\u7edf\u9ed8\u8ba4\u597d\u8bc4\u3002"", ""date"": ""2024-11-02"", ""score"": 5, ""commentId"": ""238120610"", ""imgs"": [], ""userNickName"": ""s*6"", ""replyCityName"": """", ""cityName"": """"}], ""score"": 5.0, ""commentCount"": 480}, ""statusCode"": 200}"
雷州古城,https://qimgs.qunarzz.com/piao_qsight_provider_piao_qsight_web/temp1541257100966844460106f12000aao0zekFA2C_wmr.jpg_280x200_8dfaa7fd.jpg,湛江市,雷州市,湛江市雷州市,-1,-1.0,N/A,https://piao.qunar.com/ticket/detail_3853704512.html?st=a3clM0QlRTklOUIlQjclRTUlQjclOUUlRTUlQjglODIlMjZpZCUzRDUyMzUzNyUyNnR5cGUlM0QwJTI2aWR4JTNEMTIlMjZxdCUzRCUyNmFwayUzRDIlMjZzYyUzRFdXVyUyNnVyJTNEJUU0JUI4JUFEJUU1JUIxJUIxJTI2bHIlM0QlRTQlQjglQUQlRTUlQjElQjElMjZmdCUzRCU3QiU3RA%3D%3D#from=mpl_search_suggest,-1.0,N/A,N/A,暂无,https://qimgs.qunarzz.com/piao_qsight_provider_piao_qsight_web/temp1541257100966844460106f12000aao0zekFA2C_wmr.jpg_710x360_ce743792.jpg,"{""ret"": true, ""data"": {""tagList"": [{""tagType"": 0, ""tagScore"": 5, ""tagNum"": 0, ""tagName"": ""\u5168\u90e8""}], ""score"": 0.0, ""commentCount"": 0}, ""statusCode"": 200}"
樟树湾水上乐园,https://qimgs.qunarzz.com/piao_qsight_provider_piao_qsight_web/0100f12000exkpm0uE6DF_C_900_504.jpg_280x200_75cc7714.jpg,湛江市,雷州市,广东省湛江市雷州市文化路8号樟树湾大酒店,-1,-1.0,N/A,https://piao.qunar.com/ticket/detail_314137225.html?st=a3clM0QlRTklOUIlQjclRTUlQjclOUUlRTUlQjglODIlMjZpZCUzRDUzMDQzNiUyNnR5cGUlM0QwJTI2aWR4JTNEMTElMjZxdCUzRCUyNmFwayUzRDIlMjZzYyUzRFdXVyUyNnVyJTNEJUU0JUI4JUFEJUU1JUIxJUIxJTI2bHIlM0QlRTQlQjglQUQlRTUlQjElQjElMjZmdCUzRCU3QiU3RA%3D%3D#from=mpl_search_suggest,-1.0,N/A,N/A,1/1-12/31；周一至周日；10:30-22:30开园,https://qimgs.qunarzz.com/piao_qsight_provider_piao_qsight_web/0100f12000exkpm0uE6DF_C_900_504.jpg_710x360_529ae8d1.jpg〇https://qimgs.qunarzz.com/piao_qsight_provider_piao_qsight_web/0103c12000exkpa801A38_C_900_504_Q90_Mtg_7.png_710x360_0a07c78f.png〇https://qimgs.qunarzz.com/piao_qsight_provider_piao_qsight_web/0103212000exkpbkf9E75_C_900_504_Q90_Mtg_7.jpg_710x360_0714ea48.jpg〇https://qimgs.qunarzz.com/piao_qsight_provider_piao_qsight_web/0104x12000exkp8hlE338_C_900_504_Q90_Mtg_7.jpg_710x360_f3f0dfef.jpg〇https://qimgs.qunarzz.com/piao_qsight_provider_piao_qsight_web/0102912000exkp7cc74D7_C_900_504_Q90_Mtg_7.jpg_710x360_1d7b7250.jpg〇https://qimgs.qunarzz.com/piao_qsight_provider_piao_qsight_web/0100f12000exkpm0uE6DF_C_900_504_Q90_Mtg_7.jpg_710x360_b43f2695.jpg,"{""ret"": true, ""data"": {""tagList"": [{""tagType"": 0, ""tagScore"": 5, ""tagNum"": 0, ""tagName"": ""\u5168\u90e8""}], ""score"": 0.0, ""commentCount"": 0}, ""statusCode"": 200}"
清端园,https://qimgs.qunarzz.com/piao_qsight_provider_piao_qsight_web/0102i120009gge7ksD774_C_900_504.jpg_280x200_0648e282.jpg,湛江市,雷州市,湛江市雷州市附城镇南田村陈瑸故居,-1,-1.0,N/A,https://piao.qunar.com/ticket/detail_448745323.html?st=a3clM0QlRTklOUIlQjclRTUlQjclOUUlRTUlQjglODIlMjZpZCUzRDUxNjQ3MiUyNnR5cGUlM0QwJTI2aWR4JTNEMTAlMjZxdCUzRCUyNmFwayUzRDIlMjZzYyUzRFdXVyUyNnVyJTNEJUU0JUI4JUFEJUU1JUIxJUIxJTI2bHIlM0QlRTQlQjglQUQlRTUlQjElQjElMjZmdCUzRCU3QiU3RA%3D%3D#from=mpl_search_suggest,-1.0,N/A,N/A,具体营业状态以当天开放情况为准。,https://qimgs.qunarzz.com/piao_qsight_provider_piao_qsight_web/0102i120009gge7ksD774_C_900_504.jpg_710x360_c2b7166a.jpg〇https://qimgs.qunarzz.com/piao_qsight_provider_piao_qsight_web/0101d120009gge68e40E4_C_900_504_Q90_Mtg_7.jpg_710x360_feca4b82.jpg〇https://qimgs.qunarzz.com/piao_qsight_provider_piao_qsight_web/01073120009gge24s43D8_C_900_504_Q90_Mtg_7.jpg_710x360_1e7bc6c2.jpg〇https://qimgs.qunarzz.com/piao_qsight_provider_piao_qsight_web/0106e120009gge0p182E7_C_900_504_Q90_Mtg_7.jpg_710x360_7711ca84.jpg〇https://qimgs.qunarzz.com/piao_qsight_provider_piao_qsight_web/0102i120009gge7ksD774_C_900_504_Q90_Mtg_7.jpg_710x360_77ef12e5.jpg,"{""ret"": true, ""data"": {""tagList"": [{""tagType"": 0, ""tagScore"": 5, ""tagNum"": 0, ""tagName"": ""\u5168\u90e8""}], ""score"": 0.0, ""commentCount"": 0}, ""statusCode"": 200}"
金瑶池,https://imgs.qunarzz.com/sight/p0/201403/05/8f1548b55f578acb0e044b0b0083ec34.jpg_280x200_9d46eaf6.jpg,湛江市,雷州市,广东省湛江雷州市雷城区文化路8号樟树湾大酒店内,3,5.0,园林式泳池及温泉疗养池是全家游玩之选,https://piao.qunar.com/ticket/detail_150328695.html?st=a3clM0QlRTklOUIlQjclRTUlQjclOUUlRTUlQjglODIlMjZpZCUzRDE5Mzg1MiUyNnR5cGUlM0QwJTI2aWR4JTNEOSUyNnF0JTNEJTI2YXBrJTNEMiUyNnNjJTNEV1dXJTI2dXIlM0QlRTQlQjglQUQlRTUlQjElQjElMjZsciUzRCVFNCVCOCVBRCVFNSVCMSVCMSUyNmZ0JTNEJTdCJTdE#from=mpl_search_suggest,-1.0,N/A,酒店占地面积3.2万平方米，总建筑面积8.2万平方米，拥有客房365间，包括豪华套房、湖景房、池畔房及高级房，设施先进的会议室6个，餐饮设施有容纳1000人的多*能宴会厅，聘请名厨主理的中餐厅贵宾房50间，中西式自助餐厅及大堂吧，以鼓文化为元素的KTV包房47间，令人心旷神怡的桑拿房68间，健身室、台球、棋牌室等康体设施一应俱全，园林式室外泳池及温泉疗养池是全家消遣的绝佳场所。樟树湾地产主要致力于雷州房地产及旅游开发项目，目前在雷州投资3.8亿修建当地惟一五星级酒店“樟树湾大酒店”，并致力于开发、推广“雷文化”，其“雷文化综合旅游项目”包括樟树湾大酒店、鼓街、半岛首府、雷祖祠、赤豆寮爱情岛等。以“鼓”文化为元素的ktv包厢47间，令人心旷神怡的高级SPA房41间，健身房、台球、棋牌室等康体设施一应俱全，园林式室外泳池及温泉疗养是全家消遣的绝佳场所。 酒店的规划，建筑，室内都是仪中国传统文化天人合一的理念为设计准则，尊重自然，本土文化，人性舒适等：成为中国主题酒店设计的经典作品。,12:30-次日0:30,https://imgs.qunarzz.com/sight/p0/201403/05/8f1548b55f578acb0e044b0b0083ec34.jpg_710x360_00e05dad.jpg〇https://imgs.qunarzz.com/sight/p0/201403/05/0f139c9b6c76dc7a90a1d254ca4ed777.jpg_710x360_da4152c3.jpg,"{""ret"": true, ""data"": {""tagList"": [{""tagType"": 1, ""tagScore"": 5, ""tagNum"": 3, ""tagName"": ""\u597d\u8bc4""}, {""tagType"": 0, ""tagScore"": 5, ""tagNum"": 3, ""tagName"": ""\u5168\u90e8""}], ""commentList"": [{""author"": ""h*7"", ""content"": ""\u597d\u73a9\uff0c\u53bb\u6240\u597d\u51e0\u6b21\uff0c\u51c6\u5907\u53c8\u53bb"", ""date"": ""2017-04-14"", ""score"": 5, ""commentId"": ""200446568"", ""imgs"": [{""small"": ""https://imgs.qunarzz.com/piao/fusion/1704/d1/24b0eaa8a4058202.jpg_120x120_acde15e6.jpg"", ""title"": """", ""big"": ""https://imgs.qunarzz.com/piao/fusion/1704/d1/24b0eaa8a4058202.jpg""}, {""small"": ""https://imgs.qunarzz.com/piao/fusion/1704/76/dfede5d5db018802.jpg_120x120_3065fbea.jpg"", ""title"": """", ""big"": ""https://imgs.qunarzz.com/piao/fusion/1704/76/dfede5d5db018802.jpg""}, {""small"": ""https://imgs.qunarzz.com/piao/fusion/1704/e2/e1f0a4cad150c902.jpg_120x120_4d698c44.jpg"", ""title"": """", ""big"": ""https://imgs.qunarzz.com/piao/fusion/1704/e2/e1f0a4cad150c902.jpg""}, {""small"": ""https://imgs.qunarzz.com/piao/fusion/1704/ad/a971cd9741959702.jpg_120x120_aa90ee00.jpg"", ""title"": """", ""big"": ""https://imgs.qunarzz.com/piao/fusion/1704/ad/a971cd9741959702.jpg""}], ""userNickName"": ""h*7"", ""replyCityName"": """", ""cityName"": """"}, {""author"": ""W*6"", ""content"": ""\u975e\u5e38\u68d2\u7684\u5730\u65b9\uff0c\u4f53\u9a8c\u4e0d\u9519\uff0c\u5f88\u559c\u6b22"", ""date"": ""2016-12-14"", ""score"": 5, ""commentId"": ""136019563"", ""imgs"": [], ""userNickName"": ""W*6"", ""replyCityName"": """", ""cityName"": """"}, {""author"": ""s*1"", ""content"": ""\u53bb\u73a9\u8fc7  \u7279\u522b\u597d\u73a9\uff0c\u5b9e\u60e0"", ""date"": ""2016-07-17"", ""score"": 5, ""commentId"": ""122225176"", ""imgs"": [], ""userNickName"": ""s*1"", ""replyCityName"": """", ""cityName"": """"}], ""score"": 5.0, ""commentCount"": 3}, ""statusCode"": 200}"
雷祖祠,https://qimgs.qunarzz.com/piao_qsight_provider_piao_qsight_web/0105t1200092lqorvADD7_C_900_504.jpg_280x200_f1646998.jpg,湛江市,雷州市,广东省湛江市雷州市白官公路东井小学西北265米,1,5.0,岭南规模较大的祠堂,https://piao.qunar.com/ticket/detail_909300202.html?st=a3clM0QlRTklOUIlQjclRTUlQjclOUUlRTUlQjglODIlMjZpZCUzRDg0ODglMjZ0eXBlJTNEMCUyNmlkeCUzRDglMjZxdCUzRCUyNmFwayUzRDIlMjZzYyUzRFdXVyUyNnVyJTNEJUU0JUI4JUFEJUU1JUIxJUIxJTI2bHIlM0QlRTQlQjglQUQlRTUlQjElQjElMjZmdCUzRCU3QiU3RA%3D%3D#from=mpl_search_suggest,-1.0,N/A,雷祖祠位于雷州城西南五里之英榜山，依山傍水．风景秀丽，称“雷岗耸异”，为雷阳八景之一。祠始建于唐贞观十六年（公元642年），是纪念唐代雷州首任刺史陈文玉（雷祖〕的祠堂。为国家重点文物的保护单位。民间传说陈文玉是一位半神半人式的充满神奇色彩的英雄人物――陈太建年间，古合州城西南五里白院村有一村民，名曰陈洪，以捕猎为生，家中养有一只九耳异犬，每次出猎皆卜犬耳，所捕猎物与犬耳所动相应。一日九耳齐动，陈氏回：一今必大获矣！”便邀其邻居十余人，同往州北之乌仑山。山中荆丛密绕，犬自早晨吠至太阳落山，无一兽出。猎人奇之，伐木而视，见犬从地里挖出一大卵，陈氏不知为何物，便抱回家中。次早，乌云密布，雷电交加。陈氏大恐，便置卵于庭中，忽然卵为霹雳所开，跳出一男孩，两掌有文，左曰“雷”，右曰“州”。陈氏将男孩禀明州官，官收卵壳寄库，男孩交陈氏养育，取名陈文玉。文玉聪颖过人，勤学不辍。长大后，*力绝伦，武艺盖世，文武兼备，屡受荐举，文玉却以双亲年老为辞，拒不当官，曾自谓曰：“侍君不能侍亲”，愿问视喜，以乐父母余年。”陈氏夫妇享年百十有三，相继殁于唐贞观二年。文玉为之守墓三载。,1/1-12/31；周一至周日；8:00-17:00开园,https://qimgs.qunarzz.com/piao_qsight_provider_piao_qsight_web/0105t1200092lqorvADD7_C_900_504.jpg_710x360_becc0e52.jpg〇https://qimgs.qunarzz.com/piao_qsight_provider_piao_qsight_web/0106o1200092lqla04B1B_C_900_504_Q90_Mtg_7.jpg_710x360_062d70a9.jpg〇https://qimgs.qunarzz.com/piao_qsight_provider_piao_qsight_web/0104j1200092lqqphFD9B_C_900_504_Q90_Mtg_7.jpg_710x360_c4c5e269.jpg〇https://qimgs.qunarzz.com/piao_qsight_provider_piao_qsight_web/0105t1200092lqorvADD7_C_900_504_Q90_Mtg_7.jpg_710x360_f54f234a.jpg〇https://imgs.qunarzz.com/sight/p0/1412/b6/76dfaa46744d20ad7962003ba4a9b414.water.jpg_710x360_c0ca78fb.jpg〇https://imgs.qunarzz.com/sight/p0/1412/6f/fb2665d96fbef0a35ddee5f613e83b2c.water.jpg_710x360_3db22df5.jpg〇https://imgs.qunarzz.com/sight/p0/1412/c3/688f34149c6e5921afb60218f95814e2.water.jpg_710x360_83ccea4d.jpg〇https://imgs.qunarzz.com/sight/p0/1412/94/782caead1dda1da0feafc14e4d71f38e.water.jpg_710x360_c8616194.jpg〇https://imgs.qunarzz.com/sight/p0/1412/49/d222a41d75adb7306d2e010e943458a7.water.jpg_710x360_083ee703.jpg〇https://imgs.qunarzz.com/sight/p0/1412/13/42cd2707b563c0c5223e2a59739b6086.water.jpg_710x360_1c2db1f6.jpg〇https://imgs.qunarzz.com/sight/p0/1412/68/3195313c013b64197a431d519cb63f83.water.jpg_710x360_464c9fc0.jpg〇https://imgs.qunarzz.com/sight/p0/1412/61/e967f822e7f5a54ff4bdb2e57f5ad22d.water.jpg_710x360_1ae13200.jpg〇https://imgs.qunarzz.com/sight/p0/1412/ac/dd8802568151fc7b1e70e5b23b2ccf14.water.jpg_710x360_b1280437.jpg〇https://imgs.qunarzz.com/sight/p0/1412/62/8a6717fdbed122948f0b9ea24c902a89.water.jpg_710x360_3807e85d.jpg〇https://imgs.qunarzz.com/sight/p0/1412/9f/7ca91f208ddffac69c22e79eaeba56f4.water.jpg_710x360_2dee0d91.jpg〇https://imgs.qunarzz.com/sight/p0/1412/c9/084f128047476ddebbb54e7e9c7c9883.water.jpg_710x360_66bc1d0b.jpg〇https://imgs.qunarzz.com/sight/p0/1412/e1/9ed1229c5d9b0156c61c18a113187c74.water.jpg_710x360_fab125bc.jpg〇https://imgs.qunarzz.com/sight/p0/1412/ca/3358bdd43fa2431b9b0e66d708dea8ee.water.jpg_710x360_59fe1e73.jpg〇https://imgs.qunarzz.com/sight/p0/1412/2b/10da0ec24c2bdeefb393abd9fcdc155f.water.jpg_710x360_4baf48fa.jpg〇https://imgs.qunarzz.com/sight/p0/1409/24/bfb43388f274104bc16ec2db047b9f62.jpg_710x360_18e66212.jpg〇https://imgs.qunarzz.com/sight/p0/1409/24/bdeed84f7db33ee736cfd715406a368a.jpg_710x360_d5b300ff.jpg〇https://qimgs.qunarzz.com/piao_qsight_provider_piao_qsight_web/7d684b276bf63e98ffffffffc8d65eac.jpg_710x360_2f9da027.jpg〇https://qimgs.qunarzz.com/piao_qsight_provider_piao_qsight_web/b42bb5c2018a84111f22fd996fb6d863.jpg_710x360_5ceb0ad4.jpg〇https://qimgs.qunarzz.com/piao_qsight_provider_piao_qsight_web/e095d9378266d337.jpg_710x360_8dc3d73e.jpg,"{""ret"": true, ""data"": {""tagList"": [{""tagType"": 1, ""tagScore"": 5, ""tagNum"": 1, ""tagName"": ""\u597d\u8bc4""}, {""tagType"": 0, ""tagScore"": 5, ""tagNum"": 1, ""tagName"": ""\u5168\u90e8""}], ""commentList"": [{""author"": ""r*8"", ""content"": ""\u96f7\u5dde\u7279\u6709\u7684\u5730\u65b9\uff0c\u4e0d\u9519\u5594"", ""date"": ""2015-08-13"", ""score"": 5, ""commentId"": ""67653631"", ""imgs"": [], ""userNickName"": ""r*8"", ""replyCityName"": """", ""cityName"": """"}], ""score"": 5.0, ""commentCount"": 1}, ""statusCode"": 200}"
雷州西湖公园,https://qimgs.qunarzz.com/piao_qsight_provider_piao_qsight_web/0105c1200092lofjuAED5_C_900_504.jpg_280x200_a9a4f6db.jpg,湛江市,雷州市,湛江市雷州市西湖大道37号,2,4.5,江南水乡风格，古迹甚多,https://piao.qunar.com/ticket/detail_1956167077.html?st=a3clM0QlRTklOUIlQjclRTUlQjclOUUlRTUlQjglODIlMjZpZCUzRDE0NTg4JTI2dHlwZSUzRDAlMjZpZHglM0Q3JTI2cXQlM0QlMjZhcGslM0QyJTI2c2MlM0RXV1clMjZ1ciUzRCVFNCVCOCVBRCVFNSVCMSVCMSUyNmxyJTNEJUU0JUI4JUFEJUU1JUIxJUIxJTI2ZnQlM0QlN0IlN0Q%3D#from=mpl_search_suggest,-1.0,N/A,天下西湖三十六，雷州西湖古名“罗湖”。宋哲宗绍圣四年（1097年）五月，文学大家苏轼由惠州再贬儋州，与胞弟苏辙（谪居雷州）同寓湖上，泛月湖中，爱其景物清幽，流连忘返。雷人为志贤踪，始易罗湖为“西湖”。1950年以前，因湖亭失修，祠宇颓废，牛眠荒草，游人鲜至。建国初年，苏亭虽修，而末及其余。一九八四年春，县领导重视名胜古迹，特拨专款，大事茸建。一年之后，馆榭亭台，焕然一新乃命名“雷州西湖公园”。每年接待游人百万。园之面积百亩，既有苏公亭、寇公亭、钓鱼台、茅亭以及荷池、蛙岛、飞瀑、塑石等胜览。幽雅古朴，颇富南国丰姿。一九五九年冬，郭沫若同志南来，为雷州西湖题诗，以“超越钱塘西子湖”相期。可以预期，雷州西湖公园今后积极经营，又将成为南国园林的璀璨明珠。,1/1-12/31；周一至周日；全天开放,https://qimgs.qunarzz.com/piao_qsight_provider_piao_qsight_web/0105c1200092lofjuAED5_C_900_504.jpg_710x360_a692babe.jpg〇https://qimgs.qunarzz.com/piao_qsight_provider_piao_qsight_web/0105z1200092logjs5E66_C_900_504_Q90_Mtg_7.jpg_710x360_67bfe14c.jpg〇https://qimgs.qunarzz.com/piao_qsight_provider_piao_qsight_web/0101h1200092lodtoA153_C_900_504_Q90_Mtg_7.jpg_710x360_18139011.jpg〇https://qimgs.qunarzz.com/piao_qsight_provider_piao_qsight_web/0105c1200092lofjuAED5_C_900_504_Q90_Mtg_7.jpg_710x360_53084658.jpg〇https://imgs.qunarzz.com/sight/p0/1409/25/fb029891a307013eb3d2f33a878aeecc.jpg_710x360_d3fe5e1c.jpg〇https://imgs.qunarzz.com/sight/p0/1409/25/73ac6ad01b875efc3c48a6619a710aa2.jpg_710x360_168f8587.jpg〇https://imgs.qunarzz.com/sight/p0/1409/25/e552f378534e0f9af0bdb0b06b04e76e.jpg_710x360_c9de7832.jpg〇https://imgs.qunarzz.com/sight/p0/1409/25/cf113be23d3188b12289015c091cffa1.jpg_710x360_faa13c1b.jpg〇https://qimgs.qunarzz.com/piao_qsight_provider_piao_qsight_web/be641d181a0f0037.jpg_710x360_f88673e8.jpg,"{""ret"": true, ""data"": {""tagList"": [{""tagType"": 1, ""tagScore"": 5, ""tagNum"": 2, ""tagName"": ""\u597d\u8bc4""}, {""tagType"": 0, ""tagScore"": 5, ""tagNum"": 2, ""tagName"": ""\u5168\u90e8""}], ""commentList"": [{""author"": ""\u5609*\u8c6a"", ""content"": ""\u53bb\u96f7\u5dde\u5fc5\u53bb\u7684\u4e00\u4e2a\u5730\u65b9\uff0c\u8fd8\u4e0d\u9519"", ""date"": ""2015-10-22"", ""score"": 4, ""commentId"": ""86911954"", ""imgs"": [], ""userNickName"": ""\u5609*\u8c6a"", ""replyCityName"": """", ""cityName"": """"}, {""author"": ""v*4"", ""content"": ""\u597d\uff0c\u4e0d\u8fc7\u76f8\u5bf9\u676d\u5dde\u897f\u6e56\u6765\u8bf4\u4e0d\u8fc7\u4f3c\u8682\u8681\u6bd4\u5927\u8c61\u3002"", ""date"": ""2015-08-31"", ""score"": 5, ""commentId"": ""73137142"", ""imgs"": [], ""userNickName"": ""v*4"", ""replyCityName"": """", ""cityName"": """"}], ""score"": 4.5, ""commentCount"": 2}, ""statusCode"": 200}"
蓝梦海洋王国,https://qimgs.qunarzz.com/piao_qsight_provider_piao_qsight_web/350s1f000001gd04e00DB_C_900_504.jpg_280x200_af5e15f6.jpg,湛江市,雷州市,广东省湛江市雷州市文化路樟树湾大酒店东南侧约120米,72,4.9,项目丰富的海洋主题乐园,https://piao.qunar.com/ticket/detail_3635074148.html?st=a3clM0QlRTklOUIlQjclRTUlQjclOUUlRTUlQjglODIlMjZpZCUzRDUwNTQyOSUyNnR5cGUlM0QwJTI2aWR4JTNENiUyNnF0JTNEJTI2YXBrJTNEMiUyNnNjJTNEV1dXJTI2dXIlM0QlRTQlQjglQUQlRTUlQjElQjElMjZsciUzRCVFNCVCOCVBRCVFNSVCMSVCMSUyNmZ0JTNEJTdCJTdE#from=mpl_search_suggest,-1.0,N/A,蓝梦海洋王国包含项目：海洋视界—5D影院、海洋转马、云霄飞翔、激战鲨鱼岛、摩天轮、冥界、松林飞鼠、加勒比海盗、空中漫步、自由航天、彩虹滑道、碰碰车、萌宠乐园等。,1/1-12/31；周一至周日；09:00-22:00开园,https://qimgs.qunarzz.com/piao_qsight_provider_piao_qsight_web/350s1f000001gd04e00DB_C_900_504.jpg_710x360_ef44d226.jpg〇https://qimgs.qunarzz.com/piao_qsight_provider_piao_qsight_web/350t1f000001g668wBB37_C_900_504_Q90_Mtg_7.jpg_710x360_1a683968.jpg〇https://qimgs.qunarzz.com/piao_qsight_provider_piao_qsight_web/350t1f000001g668xCBD8_C_900_504_Q90_Mtg_7.jpg_710x360_f105ab06.jpg〇https://qimgs.qunarzz.com/piao_qsight_provider_piao_qsight_web/35031f000001g7uod39AE_C_900_504_Q90_Mtg_7.jpg_710x360_237a2640.jpg〇https://qimgs.qunarzz.com/piao_qsight_provider_piao_qsight_web/350v1f000001gh68bA190_C_900_504_Q90_Mtg_7.jpg_710x360_3b3bfd46.jpg〇https://qimgs.qunarzz.com/piao_qsight_provider_piao_qsight_web/35051f000001g8mos8EE4_C_900_504_Q90_Mtg_7.jpg_710x360_eb2d4e9c.jpg〇https://qimgs.qunarzz.com/piao_qsight_provider_piao_qsight_web/350o1f000001g4yrg2AB8_C_900_504_Q90_Mtg_7.jpg_710x360_6b132b78.jpg〇https://qimgs.qunarzz.com/piao_qsight_provider_piao_qsight_web/350s1f000001gd04e00DB_C_900_504_Q90_Mtg_7.jpg_710x360_b911552c.jpg〇https://imgs.qunarzz.com/sight/p0/2007/3f/3f1903eea7135dd9a3.img.jpg_710x360_ef9cfca9.jpg〇https://imgs.qunarzz.com/sight/p0/2007/8c/8c760cbc80667d4da3.img.png_710x360_56c0af12.png〇https://imgs.qunarzz.com/sight/p0/2007/6f/6f63154d0372a685a3.img.jpg_710x360_3471ddc0.jpg〇https://imgs.qunarzz.com/sight/p0/2007/6c/6c88b5a1a4c7c287a3.img.jpg_710x360_3fa31af5.jpg〇https://imgs.qunarzz.com/sight/p0/2007/ff/ff80ab1061d4485aa3.img.jpg_710x360_124c4a99.jpg〇https://imgs.qunarzz.com/sight/p0/2007/4a/4a71d17ac4621939a3.img.jpg_710x360_9c5f8a86.jpg〇https://qimgs.qunarzz.com/piao_qsight_provider_piao_qsight_web/c7bc122d7273d302.jpg_710x360_11c4ba64.jpg〇https://qimgs.qunarzz.com/piao_qsight_provider_piao_qsight_web/8c6017ab15b51602.jpg_710x360_e8a27afa.jpg〇https://qimgs.qunarzz.com/piao_qsight_provider_piao_qsight_web/8ef07395380ddc02.jpg_710x360_0ceabaaa.jpg〇https://qimgs.qunarzz.com/piao_qsight_provider_piao_qsight_web/b8e2e35f02ce8602.jpg_710x360_242e8684.jpg〇https://qimgs.qunarzz.com/piao_qsight_provider_piao_qsight_web/0b4fcc3cc68cb302.jpg_710x360_8d3b562e.jpg,"{""ret"": true, ""data"": {""tagList"": [{""tagType"": 1, ""tagScore"": 5, ""tagNum"": 71, ""tagName"": ""\u597d\u8bc4""}, {""tagType"": 0, ""tagScore"": 5, ""tagNum"": 72, ""tagName"": ""\u5168\u90e8""}], ""commentList"": [{""author"": ""s*8"", ""content"": ""\u7528\u6237\u672a\u70b9\u8bc4\uff0c\u7cfb\u7edf\u9ed8\u8ba4\u597d\u8bc4\u3002"", ""date"": ""2023-05-31"", ""score"": 5, ""commentId"": ""225846745"", ""imgs"": [], ""userNickName"": ""s*8"", ""replyCityName"": """", ""cityName"": """"}, {""author"": ""z*3"", ""content"": ""\u7528\u6237\u672a\u70b9\u8bc4\uff0c\u7cfb\u7edf\u9ed8\u8ba4\u597d\u8bc4\u3002"", ""date"": ""2023-04-11"", ""score"": 5, ""commentId"": ""225073246"", ""imgs"": [], ""userNickName"": ""z*3"", ""replyCityName"": """", ""cityName"": """"}, {""author"": ""\u53bb*\u6237"", ""content"": ""\u7528\u6237\u672a\u70b9\u8bc4\uff0c\u7cfb\u7edf\u9ed8\u8ba4\u597d\u8bc4\u3002"", ""date"": ""2023-02-27"", ""score"": 5, ""commentId"": ""224483200"", ""imgs"": [], ""userNickName"": ""\u53bb*\u6237"", ""replyCityName"": """", ""cityName"": """"}, {""author"": ""\u53bb*\u6237"", ""content"": ""\u7528\u6237\u672a\u70b9\u8bc4\uff0c\u7cfb\u7edf\u9ed8\u8ba4\u597d\u8bc4\u3002"", ""date"": ""2023-02-22"", ""score"": 5, ""commentId"": ""224233025"", ""imgs"": [], ""userNickName"": ""\u53bb*\u6237"", ""replyCityName"": """", ""cityName"": """"}, {""author"": ""\u53bb*\u6237"", ""content"": ""\u7528\u6237\u672a\u70b9\u8bc4\uff0c\u7cfb\u7edf\u9ed8\u8ba4\u597d\u8bc4\u3002"", ""date"": ""2022-11-06"", ""score"": 5, ""commentId"": ""223773824"", ""imgs"": [], ""userNickName"": ""\u53bb*\u6237"", ""replyCityName"": """", ""cityName"": """"}, {""author"": ""\u53bb*\u6237"", ""content"": ""\u7528\u6237\u672a\u70b9\u8bc4\uff0c\u7cfb\u7edf\u9ed8\u8ba4\u597d\u8bc4\u3002"", ""date"": ""2022-11-06"", ""score"": 5, ""commentId"": ""223772072"", ""imgs"": [], ""userNickName"": ""\u53bb*\u6237"", ""replyCityName"": """", ""cityName"": """"}, {""author"": ""v*9"", ""content"": ""\u7528\u6237\u672a\u70b9\u8bc4\uff0c\u7cfb\u7edf\u9ed8\u8ba4\u597d\u8bc4\u3002"", ""date"": ""2022-11-06"", ""score"": 5, ""commentId"": ""223770072"", ""imgs"": [], ""userNickName"": ""v*9"", ""replyCityName"": """", ""cityName"": """"}, {""author"": ""v*9"", ""content"": ""\u7528\u6237\u672a\u70b9\u8bc4\uff0c\u7cfb\u7edf\u9ed8\u8ba4\u597d\u8bc4\u3002"", ""date"": ""2022-11-06"", ""score"": 5, ""commentId"": ""223769747"", ""imgs"": [], ""userNickName"": ""v*9"", ""replyCityName"": """", ""cityName"": """"}, {""author"": ""b*0"", ""content"": ""\u7528\u6237\u672a\u70b9\u8bc4\uff0c\u7cfb\u7edf\u9ed8\u8ba4\u597d\u8bc4\u3002"", ""date"": ""2022-11-05"", ""score"": 5, ""commentId"": ""223760950"", ""imgs"": [], ""userNickName"": ""b*0"", ""replyCityName"": """", ""cityName"": """"}, {""author"": ""b*0"", ""content"": ""\u7528\u6237\u672a\u70b9\u8bc4\uff0c\u7cfb\u7edf\u9ed8\u8ba4\u597d\u8bc4\u3002"", ""date"": ""2022-11-05"", ""score"": 5, ""commentId"": ""223760839"", ""imgs"": [], ""userNickName"": ""b*0"", ""replyCityName"": """", ""cityName"": """"}], ""score"": 4.9, ""commentCount"": 72}, ""statusCode"": 200}"
三元塔公园,https://qimgs.qunarzz.com/piao_qsight_provider_piao_qsight_web/0105w120008qixk9aE939_C_900_504.jpg_280x200_5648458c.jpg,湛江市,雷州市,湛江市雷州市雷城镇曲街4号,2,5.0,有明代古塔和参天古榕,https://piao.qunar.com/ticket/detail_180634550.html?st=a3clM0QlRTklOUIlQjclRTUlQjclOUUlRTUlQjglODIlMjZpZCUzRDk2MzQlMjZ0eXBlJTNEMCUyNmlkeCUzRDUlMjZxdCUzRCUyNmFwayUzRDIlMjZzYyUzRFdXVyUyNnVyJTNEJUU0JUI4JUFEJUU1JUIxJUIxJTI2bHIlM0QlRTQlQjglQUQlRTUlQjElQjElMjZmdCUzRCU3QiU3RA%3D%3D#from=mpl_search_suggest,-1.0,N/A,三元塔拥有明清两朝建筑风格的清康县三元塔公园，但见曲径回廊，楼台亭阁，石刻木雕，予人古色古香之感。尤使人注目的是矗立在公园南部的三元塔，这座被列为省重点保护文物的砖塔，仿如擎天一柱，气势不凡。座砖塔高五十米，呈八边形，全部用棱角牙子砖、线砖砌成，拾阶梯而上，内楼共十七层，每层均有美观的拱卷门。登上塔顶，俯瞰雷州，湖海风光，锦绣洋田，尽收眼底。一点一米的塔座，刻有多幅线条粗犷、神态生动的浮雕――猴子摘桃、双鹿戏燕、双凤朝阳、鲤跳龙门、白鹤青松、狮子戏球，常使游客伫足鉴赏，流连忘返。,1/1-12/31；周一至周日；全天开放,https://qimgs.qunarzz.com/piao_qsight_provider_piao_qsight_web/0105w120008qixk9aE939_C_900_504.jpg_710x360_6f3acb5f.jpg〇https://qimgs.qunarzz.com/piao_qsight_provider_piao_qsight_web/0100e120008qixtq77BE9_C_900_504_Q90_Mtg_7.jpg_710x360_0d555ba9.jpg〇https://qimgs.qunarzz.com/piao_qsight_provider_piao_qsight_web/0106h120008qixoq052C2_C_900_504_Q90_Mtg_7.jpg_710x360_79a1febd.jpg〇https://qimgs.qunarzz.com/piao_qsight_provider_piao_qsight_web/01025120008qixtq1DE2D_C_900_504_Q90_Mtg_7.jpg_710x360_64d7b2c1.jpg〇https://qimgs.qunarzz.com/piao_qsight_provider_piao_qsight_web/0105w120008qixk9aE939_C_900_504_Q90_Mtg_7.jpg_710x360_5063467b.jpg〇https://imgs.qunarzz.com/sight/p0/1412/5f/2f41ecb67628c709c7deca5a8de1b0fe.water.jpg_710x360_de1ad55b.jpg〇https://qimgs.qunarzz.com/piao_qsight_provider_piao_qsight_web/921f203f12a4253cf22d4b5ab6c0cea3.jpg_710x360_b470e4c1.jpg,"{""ret"": true, ""data"": {""tagList"": [{""tagType"": 1, ""tagScore"": 5, ""tagNum"": 2, ""tagName"": ""\u597d\u8bc4""}, {""tagType"": 0, ""tagScore"": 5, ""tagNum"": 2, ""tagName"": ""\u5168\u90e8""}], ""commentList"": [{""author"": ""W*6"", ""content"": ""\u73a9\u7684\u86ee\u5f00\u5fc3\u7684\uff0c\u666f\u70b9\u98ce\u666f\u72ec\u7279\uff0c\u5f88\u559c\u6b22"", ""date"": ""2016-12-14"", ""score"": 5, ""commentId"": ""136019500"", ""imgs"": [], ""userNickName"": ""W*6"", ""replyCityName"": """", ""cityName"": """"}, {""author"": ""i*4"", ""content"": ""\u6211\u7f8e\u4e3d\u7684\u5927\u96f7\u5dde  \u503c\u5f97\u4f60\u4eec\u6765"", ""date"": ""2016-08-09"", ""score"": 5, ""commentId"": ""124583929"", ""imgs"": [], ""userNickName"": ""i*4"", ""replyCityName"": """", ""cityName"": """"}], ""score"": 5.0, ""commentCount"": 2}, ""statusCode"": 200}"
茂德公鼓城,https://imgs.qunarzz.com/sight/p0/1706/b2/b2c89a75b6f27ddfa3.water.jpg_280x200_8ccc0f73.jpg,湛江市,雷州市,广东省湛江市雷州市文化路8号,72,5.0,现代化的高尚社区与古老鼓城的完美链接,https://piao.qunar.com/ticket/detail_1201542570.html?st=a3clM0QlRTklOUIlQjclRTUlQjclOUUlRTUlQjglODIlMjZpZCUzRDQ2NDQzNiUyNnR5cGUlM0QwJTI2aWR4JTNENCUyNnF0JTNEJTI2YXBrJTNEMiUyNnNjJTNEV1dXJTI2dXIlM0QlRTQlQjglQUQlRTUlQjElQjElMjZsciUzRCVFNCVCOCVBRCVFNSVCMSVCMSUyNmZ0JTNEJTdCJTdE#from=mpl_search_suggest,-1.0,4A景区,是一座仿唐古城，展现了雷州古城的原始风貌，现代化的高尚社区与古老鼓城的完美链接，是现代对传统的一次敬礼，亦是一次对古老雷文化的崭新呈现。古城内配备有大型购物中心、餐馆、客栈、戏楼、茶楼、咖啡馆、数码影院等娱乐设施，游客可在鼓街购物、品尝雷州风味小吃，观雷剧、看傩舞表演，体验雷州民俗文化。鼓城将极大地提升雷州的旅游休闲形象，并向越来越多的游客传播、发扬古老的雷州文化。,1/1-12/31；周一至周日；09:00-22:00开园,https://imgs.qunarzz.com/sight/p0/1706/b2/b2c89a75b6f27ddfa3.water.jpg_710x360_2557e06f.jpg〇https://imgs.qunarzz.com/sight/p0/1706/7c/7c3b7260543c2bf6a3.water.jpg_710x360_3abe0478.jpg〇https://imgs.qunarzz.com/sight/p0/1706/85/85c37b26d9ed34aba3.water.jpg_710x360_ed80b083.jpg〇https://imgs.qunarzz.com/sight/p0/1706/db/dbf57e281d12c822a3.water.jpg_710x360_9f7ff3b8.jpg,"{""ret"": true, ""data"": {""tagList"": [{""tagType"": 1, ""tagScore"": 5, ""tagNum"": 72, ""tagName"": ""\u597d\u8bc4""}, {""tagType"": 0, ""tagScore"": 5, ""tagNum"": 72, ""tagName"": ""\u5168\u90e8""}], ""commentList"": [{""author"": ""\u63ed*\u5e05"", ""content"": ""\u7528\u6237\u672a\u70b9\u8bc4\uff0c\u7cfb\u7edf\u9ed8\u8ba4\u597d\u8bc4\u3002"", ""date"": ""2024-11-06"", ""score"": 5, ""commentId"": ""238625097"", ""imgs"": [], ""userNickName"": ""\u63ed*\u5e05"", ""replyCityName"": """", ""cityName"": """"}, {""author"": ""q*3"", ""content"": ""\u7528\u6237\u672a\u70b9\u8bc4\uff0c\u7cfb\u7edf\u9ed8\u8ba4\u597d\u8bc4\u3002"", ""date"": ""2024-11-05"", ""score"": 5, ""commentId"": ""238571183"", ""imgs"": [], ""userNickName"": ""q*3"", ""replyCityName"": """", ""cityName"": """"}, {""author"": ""L*5"", ""content"": ""\u7528\u6237\u672a\u70b9\u8bc4\uff0c\u7cfb\u7edf\u9ed8\u8ba4\u597d\u8bc4\u3002"", ""date"": ""2024-11-04"", ""score"": 5, ""commentId"": ""238470195"", ""imgs"": [], ""userNickName"": ""L*5"", ""replyCityName"": """", ""cityName"": """"}, {""author"": ""j*1"", ""content"": ""\u7528\u6237\u672a\u70b9\u8bc4\uff0c\u7cfb\u7edf\u9ed8\u8ba4\u597d\u8bc4\u3002"", ""date"": ""2024-11-04"", ""score"": 5, ""commentId"": ""238408369"", ""imgs"": [], ""userNickName"": ""j*1"", ""replyCityName"": """", ""cityName"": """"}, {""author"": ""w*6"", ""content"": ""\u7528\u6237\u672a\u70b9\u8bc4\uff0c\u7cfb\u7edf\u9ed8\u8ba4\u597d\u8bc4\u3002"", ""date"": ""2024-11-02"", ""score"": 5, ""commentId"": ""238117818"", ""imgs"": [], ""userNickName"": ""w*6"", ""replyCityName"": """", ""cityName"": """"}, {""author"": ""\u53bb*\u6237"", ""content"": ""\u7528\u6237\u672a\u70b9\u8bc4\uff0c\u7cfb\u7edf\u9ed8\u8ba4\u597d\u8bc4\u3002"", ""date"": ""2024-09-14"", ""score"": 5, ""commentId"": ""236749946"", ""imgs"": [], ""userNickName"": ""\u53bb*\u6237"", ""replyCityName"": """", ""cityName"": """"}, {""author"": ""\u53bb*\u6237"", ""content"": ""\u7528\u6237\u672a\u70b9\u8bc4\uff0c\u7cfb\u7edf\u9ed8\u8ba4\u597d\u8bc4\u3002"", ""date"": ""2024-09-14"", ""score"": 5, ""commentId"": ""236733345"", ""imgs"": [], ""userNickName"": ""\u53bb*\u6237"", ""replyCityName"": """", ""cityName"": """"}, {""author"": ""\u53bb*\u6237"", ""content"": ""\u7528\u6237\u672a\u70b9\u8bc4\uff0c\u7cfb\u7edf\u9ed8\u8ba4\u597d\u8bc4\u3002"", ""date"": ""2024-09-09"", ""score"": 5, ""commentId"": ""236496042"", ""imgs"": [], ""userNickName"": ""\u53bb*\u6237"", ""replyCityName"": """", ""cityName"": """"}, {""author"": ""\u53bb*\u6237"", ""content"": ""\u7528\u6237\u672a\u70b9\u8bc4\uff0c\u7cfb\u7edf\u9ed8\u8ba4\u597d\u8bc4\u3002"", ""date"": ""2024-07-12"", ""score"": 5, ""commentId"": ""234783947"", ""imgs"": [], ""userNickName"": ""\u53bb*\u6237"", ""replyCityName"": """", ""cityName"": """"}, {""author"": ""\u559c*\u7f8a"", ""content"": ""\u7528\u6237\u672a\u70b9\u8bc4\uff0c\u7cfb\u7edf\u9ed8\u8ba4\u597d\u8bc4\u3002"", ""date"": ""2024-06-02"", ""score"": 5, ""commentId"": ""233978815"", ""imgs"": [], ""userNickName"": ""\u559c*\u7f8a"", ""replyCityName"": """", ""cityName"": """"}], ""score"": 5.0, ""commentCount"": 72}, ""statusCode"": 200}"
茂德公大观园,https://qimgs.qunarzz.com/piao_qsight_provider_piao_qsight_web/10011f000001h38a01830_C_900_504.jpg_280x200_81c9a97d.jpg,湛江市,雷州市,湛江市雷州市龙门镇足荣村532乡道附近,57,5.0,各地特色建筑融合辣酱文化,https://piao.qunar.com/ticket/detail_2050606111.html?st=a3clM0QlRTklOUIlQjclRTUlQjclOUUlRTUlQjglODIlMjZpZCUzRDQ3NTI0MiUyNnR5cGUlM0QwJTI2aWR4JTNEMyUyNnF0JTNEJTI2YXBrJTNEMiUyNnNjJTNEV1dXJTI2dXIlM0QlRTQlQjglQUQlRTUlQjElQjElMjZsciUzRCVFNCVCOCVBRCVFNSVCMSVCMSUyNmZ0JTNEJTdCJTdE#from=mpl_search_suggest,30.0,N/A,茂德公大观园坐落于广东省雷州市龙门镇足荣村，项目占地面积118亩。以辣酱文化为基础，重现雷州半岛传统酿酒、制酱、制糖、制瓷、石雕工艺。,1/1-12/31；周一至周日；09:00-17:30开园,https://qimgs.qunarzz.com/piao_qsight_provider_piao_qsight_web/10011f000001h38a01830_C_900_504.jpg_710x360_b77036ce.jpg〇https://qimgs.qunarzz.com/piao_qsight_provider_piao_qsight_web/100u14000000w2ich651F_C_900_504_Q90_Mtg_7.jpg_710x360_946c253c.jpg〇https://qimgs.qunarzz.com/piao_qsight_provider_piao_qsight_web/100514000000w51km661E_C_900_504_Q90_Mtg_7.jpg_710x360_27a8fa72.jpg〇https://qimgs.qunarzz.com/piao_qsight_provider_piao_qsight_web/100114000000wfgmwA10D_C_900_504_Q90_Mtg_7.jpg_710x360_f607acfd.jpg〇https://qimgs.qunarzz.com/piao_qsight_provider_piao_qsight_web/100n14000000w1ljaC12D_C_900_504_Q90_Mtg_7.jpg_710x360_e4611ef9.jpg〇https://qimgs.qunarzz.com/piao_qsight_provider_piao_qsight_web/100814000000w2qdgDE86_C_900_504_Q90_Mtg_7.jpg_710x360_ad3859aa.jpg〇https://qimgs.qunarzz.com/piao_qsight_provider_piao_qsight_web/10011f000001h38a01830_C_900_504_Q90_Mtg_7.jpg_710x360_bf94a973.jpg〇https://imgs.qunarzz.com/sight/p0/1908/21/218c48cffc292e35a3.water.jpg_710x360_0d389447.jpg〇https://imgs.qunarzz.com/sight/p0/1908/e1/e188ffe5a526be5fa3.water.jpg_710x360_f5a9374f.jpg〇https://imgs.qunarzz.com/sight/p0/1908/19/193f9dd253d39ce7a3.water.jpg_710x360_23fcfbb9.jpg〇https://imgs.qunarzz.com/sight/p0/1908/fe/fe20692b48053515a3.water.jpg_710x360_abc4ef23.jpg〇https://imgs.qunarzz.com/sight/p0/1908/18/189d265d0d472b3aa3.water.jpg_710x360_1a275f63.jpg〇https://imgs.qunarzz.com/sight/p0/1908/88/88cd8810ba23bc7aa3.water.jpg_710x360_419342cf.jpg〇https://imgs.qunarzz.com/sight/p0/1908/a8/a8ab3856e7146b3fa3.water.jpg_710x360_17f12ca9.jpg,"{""ret"": true, ""data"": {""tagList"": [{""tagType"": 1, ""tagScore"": 5, ""tagNum"": 57, ""tagName"": ""\u597d\u8bc4""}, {""tagType"": 0, ""tagScore"": 5, ""tagNum"": 57, ""tagName"": ""\u5168\u90e8""}], ""commentList"": [{""author"": ""v*8"", ""content"": ""\u7528\u6237\u672a\u70b9\u8bc4\uff0c\u7cfb\u7edf\u9ed8\u8ba4\u597d\u8bc4\u3002"", ""date"": ""2024-09-05"", ""score"": 5, ""commentId"": ""236312123"", ""imgs"": [], ""userNickName"": ""v*8"", ""replyCityName"": """", ""cityName"": """"}, {""author"": ""q*\u6237"", ""content"": ""\u7528\u6237\u672a\u70b9\u8bc4\uff0c\u7cfb\u7edf\u9ed8\u8ba4\u597d\u8bc4\u3002"", ""date"": ""2024-09-04"", ""score"": 5, ""commentId"": ""236259264"", ""imgs"": [], ""userNickName"": ""q*\u6237"", ""replyCityName"": """", ""cityName"": """"}, {""author"": ""q*\u6237"", ""content"": ""\u7528\u6237\u672a\u70b9\u8bc4\uff0c\u7cfb\u7edf\u9ed8\u8ba4\u597d\u8bc4\u3002"", ""date"": ""2024-09-04"", ""score"": 5, ""commentId"": ""236259208"", ""imgs"": [], ""userNickName"": ""q*\u6237"", ""replyCityName"": """", ""cityName"": """"}, {""author"": ""q*\u6237"", ""content"": ""\u7528\u6237\u672a\u70b9\u8bc4\uff0c\u7cfb\u7edf\u9ed8\u8ba4\u597d\u8bc4\u3002"", ""date"": ""2024-09-04"", ""score"": 5, ""commentId"": ""236258237"", ""imgs"": [], ""userNickName"": ""q*\u6237"", ""replyCityName"": """", ""cityName"": """"}, {""author"": ""c*6"", ""content"": ""\u7528\u6237\u672a\u70b9\u8bc4\uff0c\u7cfb\u7edf\u9ed8\u8ba4\u597d\u8bc4\u3002"", ""date"": ""2024-03-15"", ""score"": 5, ""commentId"": ""232211230"", ""imgs"": [], ""userNickName"": ""c*6"", ""replyCityName"": """", ""cityName"": """"}, {""author"": ""\u53bb*\u6237"", ""content"": ""\u7528\u6237\u672a\u70b9\u8bc4\uff0c\u7cfb\u7edf\u9ed8\u8ba4\u597d\u8bc4\u3002"", ""date"": ""2024-03-15"", ""score"": 5, ""commentId"": ""232133969"", ""imgs"": [], ""userNickName"": ""\u53bb*\u6237"", ""replyCityName"": """", ""cityName"": """"}, {""author"": ""\u53bb*\u6237"", ""content"": ""\u7528\u6237\u672a\u70b9\u8bc4\uff0c\u7cfb\u7edf\u9ed8\u8ba4\u597d\u8bc4\u3002"", ""date"": ""2024-03-15"", ""score"": 5, ""commentId"": ""232133951"", ""imgs"": [], ""userNickName"": ""\u53bb*\u6237"", ""replyCityName"": """", ""cityName"": """"}, {""author"": ""\u53bb*\u6237"", ""content"": ""\u7528\u6237\u672a\u70b9\u8bc4\uff0c\u7cfb\u7edf\u9ed8\u8ba4\u597d\u8bc4\u3002"", ""date"": ""2024-03-15"", ""score"": 5, ""commentId"": ""232133904"", ""imgs"": [], ""userNickName"": ""\u53bb*\u6237"", ""replyCityName"": """", ""cityName"": """"}, {""author"": ""d*6"", ""content"": ""\u7528\u6237\u672a\u70b9\u8bc4\uff0c\u7cfb\u7edf\u9ed8\u8ba4\u597d\u8bc4\u3002"", ""date"": ""2024-02-01"", ""score"": 5, ""commentId"": ""231294737"", ""imgs"": [], ""userNickName"": ""d*6"", ""replyCityName"": """", ""cityName"": """"}, {""author"": ""\u53bb*\u6237"", ""content"": ""\u7528\u6237\u672a\u70b9\u8bc4\uff0c\u7cfb\u7edf\u9ed8\u8ba4\u597d\u8bc4\u3002"", ""date"": ""2024-01-24"", ""score"": 5, ""commentId"": ""231126369"", ""imgs"": [], ""userNickName"": ""\u53bb*\u6237"", ""replyCityName"": """", ""cityName"": """"}], ""score"": 5.0, ""commentCount"": 57}, ""statusCode"": 200}"
樟树湾大酒店温泉,https://qimgs.qunarzz.com/piao_qsight_provider_piao_qsight_web/0100g120009qyo0ab8DEB_C_900_504.jpg_280x200_fc385e7c.jpg,湛江市,雷州市,广东省湛江市雷州市文化路8号,171,4.9,宝贝水上乐园让全家一起嗨,https://piao.qunar.com/ticket/detail_316981256.html?st=a3clM0QlRTklOUIlQjclRTUlQjclOUUlRTUlQjglODIlMjZpZCUzRDQ1NDgwNyUyNnR5cGUlM0QwJTI2aWR4JTNEMiUyNnF0JTNEJTI2YXBrJTNEMiUyNnNjJTNEV1dXJTI2dXIlM0QlRTQlQjglQUQlRTUlQjElQjElMjZsciUzRCVFNCVCOCVBRCVFNSVCMSVCMSUyNmZ0JTNEJTdCJTdE#from=mpl_search_suggest,58.0,N/A,雷州樟树湾大酒店由广东樟树湾经济发展有限公司投资并经营管理的一家五星级商务度假酒店，座落于湛江雷州市风光旖旎的白水沟湖畔，占地面积3、2万平米，建筑面积9万平米，毗邻规划中的市政府新的行政办公中心，是国内以鼓文化为主题的旅游主题酒店，珍贵的北京奥运“缶”也将成为酒店的重要装饰。,1/1-12/31；周一至周日；10:30-23:59开园,https://qimgs.qunarzz.com/piao_qsight_provider_piao_qsight_web/0100g120009qyo0ab8DEB_C_900_504.jpg_710x360_0af65334.jpg〇https://qimgs.qunarzz.com/piao_qsight_provider_piao_qsight_web/0100j120009qyntmjE047_C_900_504_Q90_Mtg_7.jpg_710x360_a7a8d5b6.jpg〇https://qimgs.qunarzz.com/piao_qsight_provider_piao_qsight_web/100f0d0000006wunq2B48_C_900_504_Q90_Mtg_7.jpg_710x360_1bbc3e49.jpg〇https://qimgs.qunarzz.com/piao_qsight_provider_piao_qsight_web/10081h000001hqnfy2D8F_C_900_504_Q90_Mtg_7.jpg_710x360_6952b838.jpg〇https://qimgs.qunarzz.com/piao_qsight_provider_piao_qsight_web/10011h000001i3dqj4948_C_900_504_Q90_Mtg_7.jpg_710x360_7b09631b.jpg〇https://qimgs.qunarzz.com/piao_qsight_provider_piao_qsight_web/100v1h000001i1i6rC9E0_C_900_504_Q90_Mtg_7.jpg_710x360_7beab003.jpg〇https://qimgs.qunarzz.com/piao_qsight_provider_piao_qsight_web/10091h000001hsuxlF28D_C_900_504_Q90_Mtg_7.jpg_710x360_2df7a26e.jpg〇https://qimgs.qunarzz.com/piao_qsight_provider_piao_qsight_web/0102e120009qyob2r0DD4_C_900_504_Q90_Mtg_7.jpg_710x360_1d105ecd.jpg〇https://qimgs.qunarzz.com/piao_qsight_provider_piao_qsight_web/0101h120009qyntn0DE92_C_900_504_Q90_Mtg_7.jpg_710x360_bd7ed112.jpg〇https://qimgs.qunarzz.com/piao_qsight_provider_piao_qsight_web/0101p120009qyoapo421A_C_900_504_Q90_Mtg_7.jpg_710x360_70d35686.jpg〇https://qimgs.qunarzz.com/piao_qsight_provider_piao_qsight_web/0100g120009qyo0ab8DEB_C_900_504_Q90_Mtg_7.jpg_710x360_9e429444.jpg〇https://imgs.qunarzz.com/sight/p0/1509/13/de0369203ce49baec566b2db6717aa35.water.jpg_710x360_f2ec9529.jpg〇https://imgs.qunarzz.com/sight/p0/1509/56/790e6be71c75e859e2ca1a727cbdb7e0.water.jpg_710x360_e08d8674.jpg〇https://imgs.qunarzz.com/sight/p0/1509/a8/ee1cb94b82117c28b23416567a752a8e.water.jpg_710x360_6f2977e1.jpg〇https://imgs.qunarzz.com/sight/p0/1509/f0/d9b5e401cb1b08c6b381c14718a227c6.water.jpg_710x360_e76a73db.jpg〇https://qimgs.qunarzz.com/piao_qsight_provider_piao_qsight_web/97c608091760df02.jpg_710x360_d4b380ff.jpg〇https://qimgs.qunarzz.com/piao_qsight_provider_piao_qsight_web/6d3129fb6047d802.jpg_710x360_8b321477.jpg〇https://qimgs.qunarzz.com/piao_qsight_provider_piao_qsight_web/dd120cc4d0b2c702.jpg_710x360_0c421126.jpg〇https://qimgs.qunarzz.com/piao_qsight_provider_piao_qsight_web/b1a01d51381f2c02.jpg_710x360_29dbc777.jpg〇https://qimgs.qunarzz.com/piao_qsight_provider_piao_qsight_web/c1194002ee2e2502.jpg_710x360_64cc8c0d.jpg〇https://qimgs.qunarzz.com/piao_qsight_provider_piao_qsight_web/08a357ece18e1d02.jpg_710x360_56221c33.jpg,"{""ret"": true, ""data"": {""tagList"": [{""tagType"": 32, ""tagScore"": 5, ""tagNum"": 2, ""tagName"": ""\u670d\u52a1\u597d""}, {""tagType"": 16, ""tagScore"": 5, ""tagNum"": 1, ""tagName"": ""\u9760\u8c31""}, {""tagType"": 8, ""tagScore"": 5, ""tagNum"": 1, ""tagName"": ""\u4fbf\u5b9c""}, {""tagType"": 4, ""tagScore"": 5, ""tagNum"": 3, ""tagName"": ""\u53d6\u7968\u65b9\u4fbf""}, {""tagType"": 3, ""tagScore"": 5, ""tagNum"": 1, ""tagName"": ""\u5dee\u8bc4""}, {""tagType"": 2, ""tagScore"": 5, ""tagNum"": 2, ""tagName"": ""\u4e2d\u8bc4""}, {""tagType"": 1, ""tagScore"": 5, ""tagNum"": 166, ""tagName"": ""\u597d\u8bc4""}, {""tagType"": 0, ""tagScore"": 5, ""tagNum"": 171, ""tagName"": ""\u5168\u90e8""}], ""commentList"": [{""author"": ""n*9"", ""content"": ""\u7528\u6237\u672a\u70b9\u8bc4\uff0c\u7cfb\u7edf\u9ed8\u8ba4\u597d\u8bc4\u3002"", ""date"": ""2024-08-10"", ""score"": 5, ""commentId"": ""235386065"", ""imgs"": [], ""userNickName"": ""n*9"", ""replyCityName"": """", ""cityName"": """"}, {""author"": ""\u53bb*\u6237"", ""content"": ""\u7528\u6237\u672a\u70b9\u8bc4\uff0c\u7cfb\u7edf\u9ed8\u8ba4\u597d\u8bc4\u3002"", ""date"": ""2024-07-30"", ""score"": 5, ""commentId"": ""235110060"", ""imgs"": [], ""userNickName"": ""\u53bb*\u6237"", ""replyCityName"": """", ""cityName"": """"}, {""author"": ""\u53bb*\u6237"", ""content"": ""\u7528\u6237\u672a\u70b9\u8bc4\uff0c\u7cfb\u7edf\u9ed8\u8ba4\u597d\u8bc4\u3002"", ""date"": ""2024-07-30"", ""score"": 5, ""commentId"": ""235108948"", ""imgs"": [], ""userNickName"": ""\u53bb*\u6237"", ""replyCityName"": """", ""cityName"": """"}, {""author"": ""l*3"", ""content"": ""\u7528\u6237\u672a\u70b9\u8bc4\uff0c\u7cfb\u7edf\u9ed8\u8ba4\u597d\u8bc4\u3002"", ""date"": ""2024-07-28"", ""score"": 5, ""commentId"": ""235058237"", ""imgs"": [], ""userNickName"": ""l*3"", ""replyCityName"": """", ""cityName"": """"}, {""author"": ""\u53bb*\u6237"", ""content"": ""\u7528\u6237\u672a\u70b9\u8bc4\uff0c\u7cfb\u7edf\u9ed8\u8ba4\u597d\u8bc4\u3002"", ""date"": ""2024-07-02"", ""score"": 5, ""commentId"": ""234578928"", ""imgs"": [], ""userNickName"": ""\u53bb*\u6237"", ""replyCityName"": """", ""cityName"": """"}, {""author"": ""s*a"", ""content"": ""\u7528\u6237\u672a\u70b9\u8bc4\uff0c\u7cfb\u7edf\u9ed8\u8ba4\u597d\u8bc4\u3002"", ""date"": ""2024-07-02"", ""score"": 5, ""commentId"": ""234578034"", ""imgs"": [], ""userNickName"": ""s*a"", ""replyCityName"": """", ""cityName"": """"}, {""author"": ""m*9"", ""content"": ""\u7528\u6237\u672a\u70b9\u8bc4\uff0c\u7cfb\u7edf\u9ed8\u8ba4\u597d\u8bc4\u3002"", ""date"": ""2024-05-05"", ""score"": 5, ""commentId"": ""233309867"", ""imgs"": [], ""userNickName"": ""m*9"", ""replyCityName"": """", ""cityName"": """"}, {""author"": ""x*4"", ""content"": ""\u7528\u6237\u672a\u70b9\u8bc4\uff0c\u7cfb\u7edf\u9ed8\u8ba4\u597d\u8bc4\u3002"", ""date"": ""2024-04-11"", ""score"": 5, ""commentId"": ""232869840"", ""imgs"": [], ""userNickName"": ""x*4"", ""replyCityName"": """", ""cityName"": """"}, {""author"": ""\u53bb*\u6237"", ""content"": ""\u7528\u6237\u672a\u70b9\u8bc4\uff0c\u7cfb\u7edf\u9ed8\u8ba4\u597d\u8bc4\u3002"", ""date"": ""2024-03-18"", ""score"": 5, ""commentId"": ""232474611"", ""imgs"": [], ""userNickName"": ""\u53bb*\u6237"", ""replyCityName"": """", ""cityName"": """"}, {""author"": ""H*O"", ""content"": ""\u7528\u6237\u672a\u70b9\u8bc4\uff0c\u7cfb\u7edf\u9ed8\u8ba4\u597d\u8bc4\u3002"", ""date"": ""2024-03-14"", ""score"": 5, ""commentId"": ""232059990"", ""imgs"": [], ""userNickName"": ""H*O"", ""replyCityName"": """", ""cityName"": """"}], ""score"": 4.9, ""commentCount"": 171}, ""statusCode"": 200}"
雷州茂德公鼓城度假区,https://qimgs.qunarzz.com/piao_qsight_provider_piao_qsight_web/0104c120009qyohm38E5F_C_900_504.jpg_280x200_ad831d01.jpg,湛江市,雷州市,广东省湛江市雷州市文化路8号,17,5.0,N/A,https://piao.qunar.com/ticket/detail_3443763370.html?st=a3clM0QlRTklOUIlQjclRTUlQjclOUUlRTUlQjglODIlMjZpZCUzRDUxNzkzNyUyNnR5cGUlM0QwJTI2aWR4JTNEMSUyNnF0JTNEJTI2YXBrJTNEMiUyNnNjJTNEV1dXJTI2dXIlM0QlRTQlQjglQUQlRTUlQjElQjElMjZsciUzRCVFNCVCOCVBRCVFNSVCMSVCMSUyNmZ0JTNEJTdCJTdE#from=mpl_search_suggest,58.0,4A景区,N/A,1/1-12/31；周一至周日；全天开放,https://qimgs.qunarzz.com/piao_qsight_provider_piao_qsight_web/0104c120009qyohm38E5F_C_900_504.jpg_710x360_1dd88c63.jpg〇https://qimgs.qunarzz.com/piao_qsight_provider_piao_qsight_web/0103o120009qyock53C35_C_900_504_Q90_Mtg_7.jpg_710x360_d78474b9.jpg〇https://qimgs.qunarzz.com/piao_qsight_provider_piao_qsight_web/01057120009qyocdi3AE1_C_900_504_Q90_Mtg_7.jpg_710x360_f86f4c42.jpg〇https://qimgs.qunarzz.com/piao_qsight_provider_piao_qsight_web/01036120009qyofpzD7A3_C_900_504_Q90_Mtg_7.jpg_710x360_a777e497.jpg〇https://qimgs.qunarzz.com/piao_qsight_provider_piao_qsight_web/0101o120009qyokna0339_C_900_504_Q90_Mtg_7.jpg_710x360_106aba2c.jpg〇https://qimgs.qunarzz.com/piao_qsight_provider_piao_qsight_web/0106e120009qyoieeCA8F_C_900_504_Q90_Mtg_7.jpg_710x360_2b6d9804.jpg〇https://qimgs.qunarzz.com/piao_qsight_provider_piao_qsight_web/0105z120009qyoccnC501_C_900_504_Q90_Mtg_7.jpg_710x360_b3b9a05c.jpg〇https://qimgs.qunarzz.com/piao_qsight_provider_piao_qsight_web/0105s120009qyofpmC311_C_900_504_Q90_Mtg_7.jpg_710x360_18b85d7a.jpg〇https://qimgs.qunarzz.com/piao_qsight_provider_piao_qsight_web/0103r120009qyob6l9EF4_C_900_504_Q90_Mtg_7.jpg_710x360_d09eb0e4.jpg〇https://qimgs.qunarzz.com/piao_qsight_provider_piao_qsight_web/0106r120009qyoauq7EAA_C_900_504_Q90_Mtg_7.jpg_710x360_c47a8517.jpg〇https://qimgs.qunarzz.com/piao_qsight_provider_piao_qsight_web/0104c120009qyohm38E5F_C_900_504_Q90_Mtg_7.jpg_710x360_8b1354b1.jpg,"{""ret"": true, ""data"": {""tagList"": [{""tagType"": 1, ""tagScore"": 5, ""tagNum"": 17, ""tagName"": ""\u597d\u8bc4""}, {""tagType"": 0, ""tagScore"": 5, ""tagNum"": 17, ""tagName"": ""\u5168\u90e8""}], ""commentList"": [{""author"": ""c*7"", ""content"": ""\u7528\u6237\u672a\u70b9\u8bc4\uff0c\u7cfb\u7edf\u9ed8\u8ba4\u597d\u8bc4\u3002"", ""date"": ""2024-12-07"", ""score"": 5, ""commentId"": ""239129113"", ""imgs"": [], ""userNickName"": ""c*7"", ""replyCityName"": """", ""cityName"": """"}, {""author"": ""3*\u59d0"", ""content"": ""\u7528\u6237\u672a\u70b9\u8bc4\uff0c\u7cfb\u7edf\u9ed8\u8ba4\u597d\u8bc4\u3002"", ""date"": ""2024-11-05"", ""score"": 5, ""commentId"": ""238520100"", ""imgs"": [], ""userNickName"": ""3*\u59d0"", ""replyCityName"": """", ""cityName"": """"}, {""author"": ""\u53bb*\u6237"", ""content"": ""\u7528\u6237\u672a\u70b9\u8bc4\uff0c\u7cfb\u7edf\u9ed8\u8ba4\u597d\u8bc4\u3002"", ""date"": ""2024-11-01"", ""score"": 5, ""commentId"": ""237991186"", ""imgs"": [], ""userNickName"": ""\u53bb*\u6237"", ""replyCityName"": """", ""cityName"": """"}, {""author"": ""p*0"", ""content"": ""\u7528\u6237\u672a\u70b9\u8bc4\uff0c\u7cfb\u7edf\u9ed8\u8ba4\u597d\u8bc4\u3002"", ""date"": ""2024-09-23"", ""score"": 5, ""commentId"": ""237151626"", ""imgs"": [], ""userNickName"": ""p*0"", ""replyCityName"": """", ""cityName"": """"}, {""author"": ""\u65e0*H"", ""content"": ""\u7528\u6237\u672a\u70b9\u8bc4\uff0c\u7cfb\u7edf\u9ed8\u8ba4\u597d\u8bc4\u3002"", ""date"": ""2024-08-27"", ""score"": 5, ""commentId"": ""235936205"", ""imgs"": [], ""userNickName"": ""\u65e0*H"", ""replyCityName"": """", ""cityName"": """"}, {""author"": ""h*3"", ""content"": ""\u7528\u6237\u672a\u70b9\u8bc4\uff0c\u7cfb\u7edf\u9ed8\u8ba4\u597d\u8bc4\u3002"", ""date"": ""2024-06-05"", ""score"": 5, ""commentId"": ""234235299"", ""imgs"": [], ""userNickName"": ""h*3"", ""replyCityName"": """", ""cityName"": """"}, {""author"": ""\u53bb*\u6237"", ""content"": ""\u7528\u6237\u672a\u70b9\u8bc4\uff0c\u7cfb\u7edf\u9ed8\u8ba4\u597d\u8bc4\u3002"", ""date"": ""2024-06-04"", ""score"": 5, ""commentId"": ""234206378"", ""imgs"": [], ""userNickName"": ""\u53bb*\u6237"", ""replyCityName"": """", ""cityName"": """"}, {""author"": ""s*2"", ""content"": ""\u7528\u6237\u672a\u70b9\u8bc4\uff0c\u7cfb\u7edf\u9ed8\u8ba4\u597d\u8bc4\u3002"", ""date"": ""2024-06-02"", ""score"": 5, ""commentId"": ""233910574"", ""imgs"": [], ""userNickName"": ""s*2"", ""replyCityName"": """", ""cityName"": """"}, {""author"": ""\u5e7f*\u4ed4"", ""content"": ""\u7528\u6237\u672a\u70b9\u8bc4\uff0c\u7cfb\u7edf\u9ed8\u8ba4\u597d\u8bc4\u3002"", ""date"": ""2024-04-16"", ""score"": 5, ""commentId"": ""232941401"", ""imgs"": [], ""userNickName"": ""\u5e7f*\u4ed4"", ""replyCityName"": """", ""cityName"": """"}, {""author"": ""\u5403*\u9c7c"", ""content"": ""\u7528\u6237\u672a\u70b9\u8bc4\uff0c\u7cfb\u7edf\u9ed8\u8ba4\u597d\u8bc4\u3002"", ""date"": ""2024-04-16"", ""score"": 5, ""commentId"": ""232936644"", ""imgs"": [], ""userNickName"": ""\u5403*\u9c7c"", ""replyCityName"": """", ""cityName"": """"}], ""score"": 5.0, ""commentCount"": 17}, ""statusCode"": 200}"
考拉100梦幻乐园,https://qimgs.qunarzz.com/piao_qsight_provider_piao_qsight_web/1lo4l12000f9d5yq3E922_C_900_504.jpg_280x200_b829aaeb.jpg,湛江市,麻章区,广东省湛江市麻章区政通西路5号,-1,-1.0,N/A,https://piao.qunar.com/ticket/detail_4057684959.html?st=a3clM0QlRTklQkElQkIlRTclQUIlQTAlRTUlOEMlQkElMjZpZCUzRDUzNDg2OCUyNnR5cGUlM0QwJTI2aWR4JTNEMTElMjZxdCUzRCUyNmFwayUzRDIlMjZzYyUzRFdXVyUyNnVyJTNEJUU0JUI4JUFEJUU1JUIxJUIxJTI2bHIlM0QlRTQlQjglQUQlRTUlQjElQjElMjZmdCUzRCU3QiU3RA%3D%3D#from=mpl_search_suggest,-1.0,N/A,N/A,1/1-12/31；周一至周日；09:30-22:00开园,https://qimgs.qunarzz.com/piao_qsight_provider_piao_qsight_web/1lo4l12000f9d5yq3E922_C_900_504.jpg_710x360_7417f5d8.jpg〇https://qimgs.qunarzz.com/piao_qsight_provider_piao_qsight_web/1lo4412000f9d66i33E1C_C_900_504_Q90_Mtg_7.jpg_710x360_b43bfecf.jpg〇https://qimgs.qunarzz.com/piao_qsight_provider_piao_qsight_web/1lo0412000f9d617eFE5A_C_900_504_Q90_Mtg_7.jpg_710x360_f0c0790c.jpg〇https://qimgs.qunarzz.com/piao_qsight_provider_piao_qsight_web/1lo4a12000f9d669fE3B3_C_900_504_Q90_Mtg_7.jpg_710x360_d3019a0e.jpg〇https://qimgs.qunarzz.com/piao_qsight_provider_piao_qsight_web/1lo4d12000f9d5r8a9469_C_900_504_Q90_Mtg_7.jpg_710x360_df6f1784.jpg〇https://qimgs.qunarzz.com/piao_qsight_provider_piao_qsight_web/1lo5812000f9d6axh3019_C_900_504_Q90_Mtg_7.jpg_710x360_95255d33.jpg〇https://qimgs.qunarzz.com/piao_qsight_provider_piao_qsight_web/1lo0h12000f9d64bm217C_C_900_504_Q90_Mtg_7.jpg_710x360_35597e2d.jpg〇https://qimgs.qunarzz.com/piao_qsight_provider_piao_qsight_web/1lo3k12000f9d5h2h34B1_C_900_504_Q90_Mtg_7.jpg_710x360_6b759574.jpg〇https://qimgs.qunarzz.com/piao_qsight_provider_piao_qsight_web/1lo6212000f9d5sps31CE_C_900_504_Q90_Mtg_7.jpg_710x360_c0e1c1ef.jpg〇https://qimgs.qunarzz.com/piao_qsight_provider_piao_qsight_web/1lo0812000f9d5fjl9DC6_C_900_504_Q90_Mtg_7.jpg_710x360_9141e0bf.jpg〇https://qimgs.qunarzz.com/piao_qsight_provider_piao_qsight_web/1lo4l12000f9d5yq3E922_C_900_504_Q90_Mtg_7.jpg_710x360_6ec82c67.jpg,"{""ret"": true, ""data"": {""tagList"": [{""tagType"": 0, ""tagScore"": 5, ""tagNum"": 0, ""tagName"": ""\u5168\u90e8""}], ""score"": 0.0, ""commentCount"": 0}, ""statusCode"": 200}"
康琦赛,https://imgs.qunarzz.com/sight/p0/201403/07/8dfa8b174d687baf83b8ec6a979f82f0.jpg_280x200_a6742a27.jpg,湛江市,麻章区,广东省湛江市麻章区瑞云北路大路前村,2,1.0,集旅游休闲、康体娱乐、餐饮购物为一体,https://piao.qunar.com/ticket/detail_2341809060.html?st=a3clM0QlRTklQkElQkIlRTclQUIlQTAlRTUlOEMlQkElMjZpZCUzRDMzODcyJTI2dHlwZSUzRDAlMjZpZHglM0QxMCUyNnF0JTNEJTI2YXBrJTNEMiUyNnNjJTNEV1dXJTI2dXIlM0QlRTQlQjglQUQlRTUlQjElQjElMjZsciUzRCVFNCVCOCVBRCVFNSVCMSVCMSUyNmZ0JTNEJTdCJTdE#from=mpl_search_suggest,-1.0,N/A,康琦赛欢乐世界集旅游、休闲、康体、娱乐、餐饮、购物为一体的大型旅游MALL，共分为13个主题：国色天香园、康琦赛创意园、欢乐谷、水上乐园、山水田园、动物世界、旅游集散中心、中国海鲜美食街、温泉度假区、体检养生基地、世界特色农庄旅游产业园、青少年科普教育园、国画创作园。同时园区与北京中视文化发展有限公司合作，为游客提供精彩纷呈的大型汇演，体验惊险刺激的大飞轮，高空走钢丝等国内首屈一指的表演，给予游客全新的视觉感受。康琦赛欢乐世界的建成让湛江拥有自己的“长隆欢乐世界”，自己的“欢乐谷”。,暂无,https://imgs.qunarzz.com/sight/p0/201403/07/8dfa8b174d687baf83b8ec6a979f82f0.jpg_710x360_c1bb36df.jpg〇https://imgs.qunarzz.com/sight/p0/1408/19/5cb7bdb7c12b73a5fc95dc01becbb6a6.jpg_710x360_0047a5a8.jpg〇https://imgs.qunarzz.com/sight/p0/201403/24/f450c36295302d53cab0ccc98238c726.jpg_710x360_d7087d0c.jpg〇https://imgs.qunarzz.com/sight/p0/201403/07/f7d00efa4c69784e2af6c60edd797253.jpg_710x360_78f68dd0.jpg〇https://imgs.qunarzz.com/sight/p0/201403/07/4014593cf03c6594eebaee3f5fca19bd.jpg_710x360_367623fd.jpg,"{""ret"": true, ""data"": {""tagList"": [{""tagType"": 3, ""tagScore"": 5, ""tagNum"": 2, ""tagName"": ""\u5dee\u8bc4""}, {""tagType"": 0, ""tagScore"": 5, ""tagNum"": 2, ""tagName"": ""\u5168\u90e8""}], ""commentList"": [{""author"": ""\u7280*\u513f"", ""content"": ""\u56de\u6c99\u53d1\uff0c\u5c31\u662f\u4e00\u5708\u5730\u8d37\u6b3e\u7684\u5957\u8def\u3002"", ""date"": ""2018-05-21"", ""score"": 1, ""commentId"": ""206266629"", ""imgs"": [], ""userNickName"": ""\u7280*\u513f"", ""replyCityName"": """", ""cityName"": """"}, {""author"": ""c*1"", ""content"": ""\u56e0\u4e3a\u79bb\u5e02\u533a\u8fdc\uff0c\u6ca1\u4eba\u53bb\u4e86\uff0c\u7ecf\u5df2\u51cb\u8d25\uff0c\u4e0d\u662f\u666f\u70b9\u4e86"", ""date"": ""2015-09-18"", ""score"": 1, ""commentId"": ""78068083"", ""imgs"": [], ""userNickName"": ""c*1"", ""replyCityName"": """", ""cityName"": """"}], ""score"": 1.0, ""commentCount"": 2}, ""statusCode"": 200}"
湛速卡丁车俱乐部,https://qimgs.qunarzz.com/piao_qsight_provider_piao_qsight_web/temp147343001318164320120101v12000778kuu6C062_wmr.jpg_280x200_7cee4f5b.jpg,湛江市,麻章区,广东省湛江市麻章区福华路2222号湛速卡丁车景区售票处,-1,-1.0,N/A,https://piao.qunar.com/ticket/detail_3235197203.html?st=a3clM0QlRTklQkElQkIlRTclQUIlQTAlRTUlOEMlQkElMjZpZCUzRDUxMjk5MiUyNnR5cGUlM0QwJTI2aWR4JTNEOSUyNnF0JTNEJTI2YXBrJTNEMiUyNnNjJTNEV1dXJTI2dXIlM0QlRTQlQjglQUQlRTUlQjElQjElMjZsciUzRCVFNCVCOCVBRCVFNSVCMSVCMSUyNmZ0JTNEJTdCJTdE#from=mpl_search_suggest,-1.0,N/A,N/A,暂无,https://qimgs.qunarzz.com/piao_qsight_provider_piao_qsight_web/temp147343001318164320120101v12000778kuu6C062_wmr.jpg_710x360_d4d727d4.jpg,"{""ret"": true, ""data"": {""tagList"": [{""tagType"": 0, ""tagScore"": 5, ""tagNum"": 0, ""tagName"": ""\u5168\u90e8""}], ""score"": 0.0, ""commentCount"": 0}, ""statusCode"": 200}"
国际安徒生奖50周年世界插画大展(湛江站),https://qimgs.qunarzz.com/piao_qsight_provider_piao_qsight_web/temp177590948178564483601A5o12000bvkegqnB8DC_wmr.jpg_280x200_5d1bcc06.jpg,湛江市,麻章区,广东省湛江市麻章区湖光快线88号南方海谷海洋产业孵化中心10-1,-1,-1.0,N/A,https://piao.qunar.com/ticket/detail_89162381.html?st=a3clM0QlRTklQkElQkIlRTclQUIlQTAlRTUlOEMlQkElMjZpZCUzRDUyMzE4MyUyNnR5cGUlM0QwJTI2aWR4JTNEOCUyNnF0JTNEJTI2YXBrJTNEMiUyNnNjJTNEV1dXJTI2dXIlM0QlRTQlQjglQUQlRTUlQjElQjElMjZsciUzRCVFNCVCOCVBRCVFNSVCMSVCMSUyNmZ0JTNEJTdCJTdE#from=mpl_search_suggest,-1.0,N/A,N/A,暂无,https://qimgs.qunarzz.com/piao_qsight_provider_piao_qsight_web/temp177590948178564483601A5o12000bvkegqnB8DC_wmr.jpg_710x360_3b648d23.jpg,"{""ret"": true, ""data"": {""tagList"": [{""tagType"": 0, ""tagScore"": 5, ""tagNum"": 0, ""tagName"": ""\u5168\u90e8""}], ""score"": 0.0, ""commentCount"": 0}, ""statusCode"": 200}"
品胜天鹅湖,https://qimgs.qunarzz.com/piao_qsight_provider_piao_qsight_web/01054120007l7rwy8D2C5_C_900_504.jpg_280x200_0e926063.jpg,湛江市,麻章区,广东省湛江市麻章区花卉市场南国路6号,93,5.0,天鹅湖庄园占地160亩，名贵花卉苗木品种多达上千种，更有黑天鹅近300只。全面打造婚纱网红拍摄基地，东南亚旅拍风格，拥有,https://piao.qunar.com/ticket/detail_2655922472.html?st=a3clM0QlRTklQkElQkIlRTclQUIlQTAlRTUlOEMlQkElMjZpZCUzRDUwODg1MiUyNnR5cGUlM0QwJTI2aWR4JTNENyUyNnF0JTNEJTI2YXBrJTNEMiUyNnNjJTNEV1dXJTI2dXIlM0QlRTQlQjglQUQlRTUlQjElQjElMjZsciUzRCVFNCVCOCVBRCVFNSVCMSVCMSUyNmZ0JTNEJTdCJTdE#from=mpl_search_suggest,-1.0,N/A,天鹅湖庄园占地160亩，名贵花卉苗木品种多达上千种，更有黑天鹅近300只。全面打造婚纱网红拍摄基地，东南亚旅拍风格，拥有高达18个网红打卡点。,1/1-12/31；周一至周日；09:00-18:00开园,https://qimgs.qunarzz.com/piao_qsight_provider_piao_qsight_web/01054120007l7rwy8D2C5_C_900_504.jpg_710x360_d9d6b8ce.jpg〇https://qimgs.qunarzz.com/piao_qsight_provider_piao_qsight_web/01030120007l7s0n5EC58_C_900_504_Q90_Mtg_7.jpg_710x360_0d475c40.jpg〇https://qimgs.qunarzz.com/piao_qsight_provider_piao_qsight_web/0103i120007l7rynk3616_C_900_504_Q90_Mtg_7.jpg_710x360_2a837fc1.jpg〇https://qimgs.qunarzz.com/piao_qsight_provider_piao_qsight_web/0100q120007l7ryya1BFD_C_900_504_Q90_Mtg_7.jpg_710x360_a274d00c.jpg〇https://qimgs.qunarzz.com/piao_qsight_provider_piao_qsight_web/0100o120007l7rw4g17A5_C_900_504_Q90_Mtg_7.jpg_710x360_cf6767fc.jpg〇https://qimgs.qunarzz.com/piao_qsight_provider_piao_qsight_web/0105f120007l7rywbE822_C_900_504_Q90_Mtg_7.jpg_710x360_be06b597.jpg〇https://qimgs.qunarzz.com/piao_qsight_provider_piao_qsight_web/01014120007l7rv9f49BB_C_900_504_Q90_Mtg_7.jpg_710x360_90297b76.jpg〇https://qimgs.qunarzz.com/piao_qsight_provider_piao_qsight_web/0102x120007l7rvjv8ABA_C_900_504_Q90_Mtg_7.jpg_710x360_64d9c60f.jpg〇https://qimgs.qunarzz.com/piao_qsight_provider_piao_qsight_web/01055120007l7rzbrDD61_C_900_504_Q90_Mtg_7.jpg_710x360_907d6499.jpg〇https://qimgs.qunarzz.com/piao_qsight_provider_piao_qsight_web/0103f120007l7ru1uC689_C_900_504_Q90_Mtg_7.jpg_710x360_797d3822.jpg〇https://qimgs.qunarzz.com/piao_qsight_provider_piao_qsight_web/01054120007l7rwy8D2C5_C_900_504_Q90_Mtg_7.jpg_710x360_c792bdd4.jpg〇https://imgs.qunarzz.com/sight/p0/2106/60/60619aee3b654796a3.img.jpg_710x360_2dbf32bf.jpg〇https://imgs.qunarzz.com/sight/p0/2106/5f/5fdfef881a110815a3.img.jpg_710x360_661d8186.jpg〇https://imgs.qunarzz.com/sight/p0/2106/3e/3e88c78e1fcc8bb5a3.img.jpg_710x360_e23942f2.jpg,"{""ret"": true, ""data"": {""tagList"": [{""tagType"": 1, ""tagScore"": 5, ""tagNum"": 93, ""tagName"": ""\u597d\u8bc4""}, {""tagType"": 0, ""tagScore"": 5, ""tagNum"": 93, ""tagName"": ""\u5168\u90e8""}], ""commentList"": [{""author"": ""2*\u5ba2"", ""content"": ""\u7528\u6237\u672a\u70b9\u8bc4\uff0c\u7cfb\u7edf\u9ed8\u8ba4\u597d\u8bc4\u3002"", ""date"": ""2023-11-29"", ""score"": 5, ""commentId"": ""230517667"", ""imgs"": [], ""userNickName"": ""2*\u5ba2"", ""replyCityName"": """", ""cityName"": """"}, {""author"": ""z*8"", ""content"": ""\u7528\u6237\u672a\u70b9\u8bc4\uff0c\u7cfb\u7edf\u9ed8\u8ba4\u597d\u8bc4\u3002"", ""date"": ""2023-11-01"", ""score"": 5, ""commentId"": ""229795969"", ""imgs"": [], ""userNickName"": ""z*8"", ""replyCityName"": """", ""cityName"": """"}, {""author"": ""\u53bb*\u6237"", ""content"": ""\u7528\u6237\u672a\u70b9\u8bc4\uff0c\u7cfb\u7edf\u9ed8\u8ba4\u597d\u8bc4\u3002"", ""date"": ""2023-10-24"", ""score"": 5, ""commentId"": ""229520579"", ""imgs"": [], ""userNickName"": ""\u53bb*\u6237"", ""replyCityName"": """", ""cityName"": """"}, {""author"": ""h*3"", ""content"": ""\u7528\u6237\u672a\u70b9\u8bc4\uff0c\u7cfb\u7edf\u9ed8\u8ba4\u597d\u8bc4\u3002"", ""date"": ""2023-07-18"", ""score"": 5, ""commentId"": ""226626487"", ""imgs"": [], ""userNickName"": ""h*3"", ""replyCityName"": """", ""cityName"": """"}, {""author"": ""\u53bb*\u6237"", ""content"": ""\u7528\u6237\u672a\u70b9\u8bc4\uff0c\u7cfb\u7edf\u9ed8\u8ba4\u597d\u8bc4\u3002"", ""date"": ""2023-05-17"", ""score"": 5, ""commentId"": ""225533301"", ""imgs"": [], ""userNickName"": ""\u53bb*\u6237"", ""replyCityName"": """", ""cityName"": """"}, {""author"": ""\u53bb*\u6237"", ""content"": ""\u7528\u6237\u672a\u70b9\u8bc4\uff0c\u7cfb\u7edf\u9ed8\u8ba4\u597d\u8bc4\u3002"", ""date"": ""2023-05-14"", ""score"": 5, ""commentId"": ""225476603"", ""imgs"": [], ""userNickName"": ""\u53bb*\u6237"", ""replyCityName"": """", ""cityName"": """"}, {""author"": ""z*8"", ""content"": ""\u7528\u6237\u672a\u70b9\u8bc4\uff0c\u7cfb\u7edf\u9ed8\u8ba4\u597d\u8bc4\u3002"", ""date"": ""2023-05-09"", ""score"": 5, ""commentId"": ""225416935"", ""imgs"": [], ""userNickName"": ""z*8"", ""replyCityName"": """", ""cityName"": """"}, {""author"": ""\u661f*4"", ""content"": ""\u7528\u6237\u672a\u70b9\u8bc4\uff0c\u7cfb\u7edf\u9ed8\u8ba4\u597d\u8bc4\u3002"", ""date"": ""2023-04-18"", ""score"": 5, ""commentId"": ""225150732"", ""imgs"": [], ""userNickName"": ""\u661f*4"", ""replyCityName"": """", ""cityName"": """"}, {""author"": ""\u661f*4"", ""content"": ""\u7528\u6237\u672a\u70b9\u8bc4\uff0c\u7cfb\u7edf\u9ed8\u8ba4\u597d\u8bc4\u3002"", ""date"": ""2023-04-18"", ""score"": 5, ""commentId"": ""225150322"", ""imgs"": [], ""userNickName"": ""\u661f*4"", ""replyCityName"": """", ""cityName"": """"}, {""author"": ""\u53bb*\u6237"", ""content"": ""\u7528\u6237\u672a\u70b9\u8bc4\uff0c\u7cfb\u7edf\u9ed8\u8ba4\u597d\u8bc4\u3002"", ""date"": ""2023-03-27"", ""score"": 5, ""commentId"": ""224894044"", ""imgs"": [], ""userNickName"": ""\u53bb*\u6237"", ""replyCityName"": """", ""cityName"": """"}], ""score"": 5.0, ""commentCount"": 93}, ""statusCode"": 200}"
南方海谷科技馆,https://qimgs.qunarzz.com/piao_qsight_provider_piao_qsight_web/1lo1i12000cp7q7oa52A0_C_900_504.jpg_280x200_87d915c8.jpg,湛江市,麻章区,湛江市麻章区湖光快线88号广东湛江南方海谷海洋产业孵化中心,-1,-1.0,N/A,https://piao.qunar.com/ticket/detail_3604467954.html?st=a3clM0QlRTklQkElQkIlRTclQUIlQTAlRTUlOEMlQkElMjZpZCUzRDUzMTczMyUyNnR5cGUlM0QwJTI2aWR4JTNENiUyNnF0JTNEJTI2YXBrJTNEMiUyNnNjJTNEV1dXJTI2dXIlM0QlRTQlQjglQUQlRTUlQjElQjElMjZsciUzRCVFNCVCOCVBRCVFNSVCMSVCMSUyNmZ0JTNEJTdCJTdE#from=mpl_search_suggest,35.0,N/A,N/A,1/1-12/31；周一至周日；09:00-18:00开园,https://qimgs.qunarzz.com/piao_qsight_provider_piao_qsight_web/1lo1i12000cp7q7oa52A0_C_900_504.jpg_710x360_f59e6b1f.jpg〇https://qimgs.qunarzz.com/piao_qsight_provider_piao_qsight_web/1lo1i12000cp7q7oa52A0_C_900_504_Q90_Mtg_7.jpg_710x360_b32c6f9d.jpg,"{""ret"": true, ""data"": {""tagList"": [{""tagType"": 0, ""tagScore"": 5, ""tagNum"": 0, ""tagName"": ""\u5168\u90e8""}], ""score"": 0.0, ""commentCount"": 0}, ""statusCode"": 200}"
【湛江】《国际安徒生奖50周年》世界插画大展,https://qimgs.qunarzz.com/piao_qsight_provider_piao_qsight_web/1mh1t12000f5zegwr7216_C_900_504.jpg_280x200_aaf890e2.jpg,湛江市,麻章区,广东省湛江市麻章区麻章镇湖光快线,-1,-1.0,一生必看一次的安徒生画展,https://piao.qunar.com/ticket/detail_685668439.html?st=a3clM0QlRTklQkElQkIlRTclQUIlQTAlRTUlOEMlQkElMjZpZCUzRDUzMTE5NiUyNnR5cGUlM0QwJTI2aWR4JTNENSUyNnF0JTNEJTI2YXBrJTNEMiUyNnNjJTNEV1dXJTI2dXIlM0QlRTQlQjglQUQlRTUlQjElQjElMjZsciUzRCVFNCVCOCVBRCVFNSVCMSVCMSUyNmZ0JTNEJTdCJTdE#from=mpl_search_suggest,29.9,N/A,N/A,1/1-12/31；周一至周日；09:00-18:00开园,https://qimgs.qunarzz.com/piao_qsight_provider_piao_qsight_web/1mh1t12000f5zegwr7216_C_900_504.jpg_710x360_ebdfb3cc.jpg,"{""ret"": true, ""data"": {""tagList"": [{""tagType"": 0, ""tagScore"": 5, ""tagNum"": 0, ""tagName"": ""\u5168\u90e8""}], ""score"": 0.0, ""commentCount"": 0}, ""statusCode"": 200}"
硇洲岛,https://qimgs.qunarzz.com/piao_qsight_provider_piao_qsight_web/0106d12000h0jidr2DBA2_C_900_504.jpg_280x200_0505ed03.jpg,湛江市,麻章区,广东省湛江市麻章区渔民新村路,16,3.1,欣赏著名的硇洲灯塔,https://piao.qunar.com/ticket/detail_3455867682.html?st=a3clM0QlRTklQkElQkIlRTclQUIlQTAlRTUlOEMlQkElMjZpZCUzRDMzNjclMjZ0eXBlJTNEMCUyNmlkeCUzRDQlMjZxdCUzRCUyNmFwayUzRDIlMjZzYyUzRFdXVyUyNnVyJTNEJUU0JUI4JUFEJUU1JUIxJUIxJTI2bHIlM0QlRTQlQjglQUQlRTUlQjElQjElMjZmdCUzRCU3QiU3RA%3D%3D#from=mpl_search_suggest,98.0,N/A,硇洲岛位于湛东港与东海岛之间，面积约五是六平方公里。是一个著名的渔岛游览胜地，岛中央有世界著名的水晶灯塔，高达二十多米，建于１８９９年。岛东部那屡角海滩有嶙峋的怪石群奇景和洁白迷人的沙滩。硇洲岛东南海域盛产龙虾、鲍鱼、海参等海鲜，是潜水旅游、打鱼捉龙虾的理想处。,1/1-12/31；周一至周日；全天开放,https://qimgs.qunarzz.com/piao_qsight_provider_piao_qsight_web/0106d12000h0jidr2DBA2_C_900_504.jpg_710x360_41153b00.jpg〇https://qimgs.qunarzz.com/piao_qsight_provider_piao_qsight_web/0104h12000h0jk6g35AAD_C_900_504_Q90_Mtg_7.jpg_710x360_759a629c.jpg〇https://qimgs.qunarzz.com/piao_qsight_provider_piao_qsight_web/0100b12000h0jjfrq93EB_C_900_504_Q90_Mtg_7.jpg_710x360_8fce5ab4.jpg〇https://qimgs.qunarzz.com/piao_qsight_provider_piao_qsight_web/0101712000h0jjfrsE4DA_C_900_504_Q90_Mtg_7.jpg_710x360_ef2f2efa.jpg〇https://qimgs.qunarzz.com/piao_qsight_provider_piao_qsight_web/0106d12000h0jidr2DBA2_C_900_504_Q90_Mtg_7.jpg_710x360_e9f56b73.jpg〇https://qimgs.qunarzz.com/piao_qsight_provider_piao_qsight_web/0104t1200085xjtcaCBFE_C_900_504_Q90_Mtg_7.jpg_710x360_1a6bdff7.jpg〇https://qimgs.qunarzz.com/piao_qsight_provider_piao_qsight_web/396723be41acc0b5.jpg_710x360_2e4d509a.jpg〇https://qimgs.qunarzz.com/piao_qsight_provider_piao_qsight_web/f23aaa6556c191b5.jpg_710x360_35cf8dc8.jpg〇https://qimgs.qunarzz.com/piao_qsight_provider_piao_qsight_web/f0f4d49674f01eb5.jpg_710x360_31391c9d.jpg〇https://qimgs.qunarzz.com/piao_qsight_provider_piao_qsight_web/b9efc50bfed7c6b5.jpg_710x360_3a005548.jpg〇https://qimgs.qunarzz.com/piao_qsight_provider_piao_qsight_web/9d212719127ccb5.jpg_710x360_52181c9f.jpg〇https://qimgs.qunarzz.com/piao_qsight_provider_piao_qsight_web/d5e72f123eada1.jpg_710x360_2ae05f5d.jpg〇https://qimgs.qunarzz.com/piao_qsight_provider_piao_qsight_web/d1143a0b69562d05c2e5464c0d4a3c78.jpg_710x360_7942e6b0.jpg〇https://qimgs.qunarzz.com/piao_qsight_provider_piao_qsight_web/79ab2aa3e960e352018043856c322c24.jpg_710x360_51ef6391.jpg〇https://qimgs.qunarzz.com/piao_qsight_provider_piao_qsight_web/70b11972bfccf81fd65ed8cd532205b0.jpg_710x360_7c4d6e3d.jpg〇https://qimgs.qunarzz.com/piao_qsight_provider_piao_qsight_web/c13299c95f344fb7dde53ea98df65507.jpg_710x360_49fe143b.jpg〇https://qimgs.qunarzz.com/piao_qsight_provider_piao_qsight_web/0acaa69313f7d7916457d497b6fc7bb0.jpg_710x360_6328271f.jpg〇https://qimgs.qunarzz.com/piao_qsight_provider_piao_qsight_web/f4cbd59bfd2bbd5afa3ada4e41da2c80.jpg_710x360_8e534ac2.jpg〇https://qimgs.qunarzz.com/piao_qsight_provider_piao_qsight_web/1188c93b1bb1cc02.jpg_710x360_da98c0d9.jpg〇https://qimgs.qunarzz.com/piao_qsight_provider_piao_qsight_web/a6ea4b821afe7302.jpg_710x360_e110dbeb.jpg〇https://qimgs.qunarzz.com/piao_qsight_provider_piao_qsight_web/b2cb4d8278db2902.jpg_710x360_d7aa62a6.jpg〇https://qimgs.qunarzz.com/piao_qsight_provider_piao_qsight_web/1cec699797108702.jpg_710x360_361fee3c.jpg〇https://qimgs.qunarzz.com/piao_qsight_provider_piao_qsight_web/84add6a8e61bed02.jpg_710x360_f4600428.jpg〇https://qimgs.qunarzz.com/piao_qsight_provider_piao_qsight_web/89ad555cdbf32702.jpg_710x360_83ae25cf.jpg,"{""ret"": true, ""data"": {""tagList"": [{""tagType"": 32, ""tagScore"": 5, ""tagNum"": 1, ""tagName"": ""\u670d\u52a1\u597d""}, {""tagType"": 16, ""tagScore"": 5, ""tagNum"": 1, ""tagName"": ""\u9760\u8c31""}, {""tagType"": 3, ""tagScore"": 5, ""tagNum"": 8, ""tagName"": ""\u5dee\u8bc4""}, {""tagType"": 1, ""tagScore"": 5, ""tagNum"": 8, ""tagName"": ""\u597d\u8bc4""}, {""tagType"": 0, ""tagScore"": 5, ""tagNum"": 16, ""tagName"": ""\u5168\u90e8""}], ""commentList"": [{""author"": ""t*1"", ""content"": ""\u5bfc\u6e38\u4eba\u5f88\u597d\uff0c\u8fd8\u9001\u6211\u4eec\u706b\u9f99\u679c\u5403\u3002"", ""date"": ""2024-07-29"", ""score"": 5, ""commentId"": ""235081301"", ""imgs"": [{""small"": ""https://qimgs.qunarzz.com/mp_piao_0001/temp9970905231979301807file_1722233467000.jpg_120x120_6af1891d.jpg"", ""title"": """", ""big"": ""https://qimgs.qunarzz.com/mp_piao_0001/temp9970905231979301807file_1722233467000.jpg""}, {""small"": ""https://qimgs.qunarzz.com/mp_piao_0001/temp11243721917252972561file_1722233467000.jpg_120x120_852ac52e.jpg"", ""title"": """", ""big"": ""https://qimgs.qunarzz.com/mp_piao_0001/temp11243721917252972561file_1722233467000.jpg""}, {""small"": ""https://qimgs.qunarzz.com/mp_piao_0001/temp7954365798340630059file_1722233467000.jpg_120x120_34dea5f1.jpg"", ""title"": """", ""big"": ""https://qimgs.qunarzz.com/mp_piao_0001/temp7954365798340630059file_1722233467000.jpg""}, {""small"": ""https://qimgs.qunarzz.com/mp_piao_0001/temp9399983308079495077file_1722233467000.jpg_120x120_ee990256.jpg"", ""title"": """", ""big"": ""https://qimgs.qunarzz.com/mp_piao_0001/temp9399983308079495077file_1722233467000.jpg""}], ""userNickName"": ""t*1"", ""replyCityName"": ""\u798f\u5efa"", ""cityName"": ""\u5e7f\u4e1c""}, {""author"": ""w*0"", ""content"": ""\u7528\u6237\u672a\u70b9\u8bc4\uff0c\u7cfb\u7edf\u9ed8\u8ba4\u597d\u8bc4\u3002"", ""date"": ""2024-11-26"", ""score"": 5, ""commentId"": ""238951262"", ""imgs"": [], ""userNickName"": ""w*0"", ""replyCityName"": """", ""cityName"": """"}, {""author"": ""\u53bb*\u6237"", ""content"": ""\u7528\u6237\u672a\u70b9\u8bc4\uff0c\u7cfb\u7edf\u9ed8\u8ba4\u597d\u8bc4\u3002"", ""date"": ""2024-10-05"", ""score"": 5, ""commentId"": ""237502872"", ""imgs"": [], ""userNickName"": ""\u53bb*\u6237"", ""replyCityName"": """", ""cityName"": """"}, {""author"": ""\u5468*\u9c7c"", ""content"": ""\u7528\u6237\u672a\u70b9\u8bc4\uff0c\u7cfb\u7edf\u9ed8\u8ba4\u597d\u8bc4\u3002"", ""date"": ""2024-03-29"", ""score"": 5, ""commentId"": ""232704524"", ""imgs"": [], ""userNickName"": ""\u5468*\u9c7c"", ""replyCityName"": """", ""cityName"": """"}, {""author"": ""\u8bb8*\u4e45"", ""content"": ""\u597d\u4e86\uff0c\u770b\u6765\u6211\u771f\u5f97\u5199\u4e00\u7bc7\u4e86\u3002\u5c9b\u5185\u4e00\u6761\u8def\u3002\u4e4b\u524d\u86ee\u671f\u5f85\u7684\u3002\u4e0a\u8239\u65f6\u8fd8\u7279\u610f\u95ee\u6536\u8d39\u7684\uff0c\u5f53\u5929\u8fd8\u80fd\u56de\u6765\u5417\uff1f\u4ed6\u8bf4\u300c\u770b\u8fd0\u6c14\u554a\u300d\u6211\u662f\u521a\u8fdb\u5c9b\u5c31\u60f3\u51fa\u53bb\u4e86\u3002\u5c82\u662f\u4f60\u60f3\u6765\u5c31\u6765\uff0c\u60f3\u8d70\u5c31\u8d70\uff1f\u51fa\u6e2f\u4e00\u5206\u949f\u5c31\u51b3\u5b9a\u8fd4\u822a\uff0c\u6389\u5934\u6392\u961f\u4e09\u4e2a\u949f\u3002\u5c9b\u5185\u5efa\u7b51\u4e3a90\u5e74\u4ee3\u523021\u4e16\u7eaa\u521d\u671f\u5efa\u7b51\uff0c\u6c11\u98ce\u6df3\u6734\uff0c\u5f53\u5730\u5835\u8f66\u7684\u65f6\u5019\uff0c\u56f4\u89c2\u5403\u74dc\u7fa4\u4f17\u4e0d\u5c11\u3002\u6709\u4eba\u8bf4\u300c\u4f60\u4eec\u6765\u4e86\u8ba9\u6211\u4eec\u5f53\u5730\u4ea4\u901a\u90fd\u641e\u5f97\u4e0d\u65b9\u4fbf\u4e86\u300d\u3002 \u5982\u679c\u4f60\u662f\u7389\u6797\u4eba\uff0c\u90a3\u4e48\u8fd9\u4e2a\u5730\u65b9\u7c7b\u4f3c\u4e8e\u5de5\u4e1a\u54c1\u5e02\u573a\u3002\u5982\u679c\u4f60\u662f\u6e5b\u6c5f\u4eba\uff0c\u8fd8\u4e0d\u5982\u6e5b\u6c5f\u971e\u5c71\u6d77\u9c9c\u5e02\u573a\u3002\u5982\u679c\u4f60\u662f\u6d77\u5357\u4eba\uff0c\u8fd8\u4e0d\u5982\u4fdd\u4ead\u81ea\u6cbb\u53bf\uff0c\u5982\u679c\u4f60\u662f\u6cb3\u5357\u4eba\uff0c\u8fd8\u4e0d\u5982\u8303\u53bf\u3002\u5982\u679c\u4f60\u662f\u6cb3\u5317\u4eba\uff0c\u4e0d\u5982\u6b66\u5b89\u3002\u5982\u679c\u4f60\u662f\u6e56\u5317\u4eba\uff0c\u4e0d\u5982\u9ec4\u5188\u6b66\u7a74\u5e02\u3002\u5982\u679c\u4f60\u662f\u6c5f\u82cf\u4eba\uff0c\u7edd\u5bf9\u6bd4\u4e0d\u4e0a\u9756\u6c5f\u5e02\u3002\u5982\u679c\u4f60\u662f\u5f53\u5730\u4eba\uff0c\u4f60\u80af\u5b9a\u4f1a\u8bf4\u300c\u8fd9\u7fa4\u50bb\u5b50\u6765\u8fd9\u5e72\u5565\u5462\uff1f\u300d"", ""date"": ""2022-02-04"", ""score"": 1, ""commentId"": ""221826669"", ""imgs"": [{""small"": ""https://mp-piao-admincp.qunarzz.com/mp_piao_admin_mp_piao_admin/fusion/20222/bf970e728d4db0dda3e311fefb7d8181.jpg_120x120_07d81336.jpg"", ""title"": """", ""big"": ""https://mp-piao-admincp.qunarzz.com/mp_piao_admin_mp_piao_admin/fusion/20222/bf970e728d4db0dda3e311fefb7d8181.jpg""}], ""userNickName"": ""\u8bb8*\u4e45"", ""replyCityName"": """", ""cityName"": """"}, {""author"": ""\u53bb*\u6237"", ""content"": ""\u6ca1\u53bb\u73a9\u8fc7\uff0c\u542c\u70b9\u8bc4\u5c31\u5413\u6b7b\u4e86\uff0c\u5218\u5fb7\u534e\u8bf4\u7684\uff02\u4eca\u65f6\u4eca\u65e5\u5481\u7684\u670d\u52a1\uff02\uff01\u5c31\u8ba9\u5c9b\u5185\u7684\u4eba\u81ea\u751f\u81ea\u706d\u5427\u3002"", ""date"": ""2022-08-05"", ""score"": 1, ""commentId"": ""222688536"", ""imgs"": [], ""userNickName"": ""\u53bb*\u6237"", ""replyCityName"": """", ""cityName"": """"}, {""author"": ""y*7"", ""content"": ""\u5f53\u5730\u5c45\u6c11\u4e0d\u662f\u5f88\u53cb\u597d\uff0c\u4f53\u9a8c\u611f\u8f83\u5dee"", ""date"": ""2022-04-09"", ""score"": 1, ""commentId"": ""222263595"", ""imgs"": [], ""userNickName"": ""y*7"", ""replyCityName"": """", ""cityName"": """"}, {""author"": ""\u53bb*\u6237"", ""content"": ""\u4ea4\u901a\u771f\u7684\u4e0d\u65b9\u4fbf \u65fa\u5b63\u8fc7\u6e21\u7b49\u7684\u4f60\u6000\u7591\u4eba\u751f  \u5c9b\u4e0a\u7684\u8def\u8d85\u7a84\u6709\u7684\u53ea\u80fd\u5f00\u4e00\u53f0\u8f66\u8fc7 \u6700\u9753\u7684\u8def\u5c31\u662f\u53cc\u8f66\u9053\u4e86 \u6e21\u53e3\u6240\u9644\u8fd1\u7684\u8def\u8fd8\u884c \u4ee5\u5916\u7684\u8def\u90fd\u662f\u5751\u5751\u6d3c\u6d3c \u6865\u8f66\u7edd\u5bf9\u522e\u5e95\u76d8  \u4f4f\u7684\u6c11\u5bbf\u73af\u5883\u4e5f\u5f88\u4e00\u822c \u65fa\u5b63\u623f\u95f4\u8d35\u4e5f\u4e0d\u597d\u627e \u7847\u6d32\u6d77\u6c34\u504f\u54b8 \u6d53  \u4e0d\u5408\u9002\u6e38\u6cf3 \u5c9b\u4e0a\u6d77\u9c9c\u6253\u5305\u7684\u51b0\u4ee5\u524d3\u5757\u94b1\u53ef\u4ee5\u6253\u4e00\u7bb1 \u73b0\u5728\u5784\u65ad\u4e86\u6309\u52fa\u5b50\u7b97\u4e00\u5143\u4e00\u52fa  \u665a\u4e0a\u6cbb\u5b89\u4e0d\u592a\u597d \u65e0\u724c\u6469\u6258\u98de\u6765\u98de\u53bb"", ""date"": ""2021-09-16"", ""score"": 1, ""commentId"": ""220730379"", ""imgs"": [], ""userNickName"": ""\u53bb*\u6237"", ""replyCityName"": """", ""cityName"": """"}, {""author"": ""\u6b61*i"", ""content"": ""\u7528\u6237\u672a\u70b9\u8bc4\uff0c\u7cfb\u7edf\u9ed8\u8ba4\u597d\u8bc4\u3002"", ""date"": ""2021-10-06"", ""score"": 5, ""commentId"": ""220863844"", ""imgs"": [], ""userNickName"": ""\u6b61*i"", ""replyCityName"": """", ""cityName"": """"}, {""author"": ""z*2"", ""content"": ""\u7847\u6d32\u65c5\u6e38\u4ece\u6b21\u91cc\u5f00\u59cb\uff0c\u627e\u8001\u8521\u5e26\u7740\u4f60\u4f53\u4f1a\u4e00\u56de\u6709\u6536\u83b7\u7684\u6e14\u6c11\uff0c\u7136\u540e\u641e\u719f\u6162\u6162\u54c1\u5c1d\u8fd9\u6536\u83b7\u7684\u9c9c\u7f8e\uff0c\u7f8e\u5728\u80fd\u5403\u5230\u81ea\u5df1\u6293\u7684\u8fd8\u80fd\u63d0\u524d\u8ba2\u5230\u5f53\u5929\u6253\u56de\u7684\u6d77\u9c9c\uff01\u4f4f\u63a5\u5730\u6c14\u7684\u4f4f\u5bbf\u5403\u9c9c\u7684\u6d77\u9c9c\uff0c\u73a9\u968f\u610f\u7684\u65c5\u9014\uff01"", ""date"": ""2018-09-29"", ""score"": 5, ""commentId"": ""208033963"", ""imgs"": [{""small"": ""https://imgs.qunarzz.com/piao/fusion/1809/b1/925c3962e7da6602.jpg_120x120_f752d766.jpg"", ""title"": """", ""big"": ""https://imgs.qunarzz.com/piao/fusion/1809/b1/925c3962e7da6602.jpg""}, {""small"": ""https://imgs.qunarzz.com/piao/fusion/1809/56/89ad555cdbf32702.jpg_120x120_9708ef5f.jpg"", ""title"": """", ""big"": ""https://imgs.qunarzz.com/piao/fusion/1809/56/89ad555cdbf32702.jpg""}, {""small"": ""https://imgs.qunarzz.com/piao/fusion/1809/af/84add6a8e61bed02.jpg_120x120_36390dd8.jpg"", ""title"": """", ""big"": ""https://imgs.qunarzz.com/piao/fusion/1809/af/84add6a8e61bed02.jpg""}, {""small"": ""https://imgs.qunarzz.com/piao/fusion/1809/c8/1cec699797108702.jpg_120x120_d5a8228b.jpg"", ""title"": """", ""big"": ""https://imgs.qunarzz.com/piao/fusion/1809/c8/1cec699797108702.jpg""}, {""small"": ""https://imgs.qunarzz.com/piao/fusion/1809/c2/b2cb4d8278db2902.jpg_120x120_f12b0991.jpg"", ""title"": """", ""big"": ""https://imgs.qunarzz.com/piao/fusion/1809/c2/b2cb4d8278db2902.jpg""}, {""small"": ""https://imgs.qunarzz.com/piao/fusion/1809/70/a6ea4b821afe7302.jpg_120x120_1ae3adb9.jpg"", ""title"": """", ""big"": ""https://imgs.qunarzz.com/piao/fusion/1809/70/a6ea4b821afe7302.jpg""}, {""small"": ""https://imgs.qunarzz.com/piao/fusion/1809/e8/1188c93b1bb1cc02.jpg_120x120_1b5f74b5.jpg"", ""title"": """", ""big"": ""https://imgs.qunarzz.com/piao/fusion/1809/e8/1188c93b1bb1cc02.jpg""}, {""small"": ""https://imgs.qunarzz.com/piao/fusion/1809/97/bc761c0a16590502.jpg_120x120_df0bc9fa.jpg"", ""title"": """", ""big"": ""https://imgs.qunarzz.com/piao/fusion/1809/97/bc761c0a16590502.jpg""}], ""userNickName"": ""z*2"", ""replyCityName"": """", ""cityName"": """"}], ""score"": 3.1, ""commentCount"": 16}, ""statusCode"": 200}"
金鹿园,https://qimgs.qunarzz.com/piao_qsight_provider_piao_qsight_web/0106u12000av79747739D_C_900_504.jpg_280x200_c814c2e6.jpg,湛江市,麻章区,广东省湛江市麻章区湖光镇湖光岩北路2号(湖光岩北侧1公里处),81,4.2,享受逗鹿、喂鹿的野趣,https://piao.qunar.com/ticket/detail_3062858306.html?st=a3clM0QlRTklQkElQkIlRTclQUIlQTAlRTUlOEMlQkElMjZpZCUzRDI5NDAlMjZ0eXBlJTNEMCUyNmlkeCUzRDMlMjZxdCUzRCUyNmFwayUzRDIlMjZzYyUzRFdXVyUyNnVyJTNEJUU0JUI4JUFEJUU1JUIxJUIxJTI2bHIlM0QlRTQlQjglQUQlRTUlQjElQjElMjZmdCUzRCU3QiU3RA%3D%3D#from=mpl_search_suggest,7.0,N/A,湛江金鹿园旅游景区——全国农业旅游示范基地及生态旅游基地，国家2A级景区，位于湖光岩北畔，占地近120亩，现存栏梅花鹿1000多头。金鹿园空气清新，景色怡人，与湖光岩、南亚热带植物园共同构成环湖生态旅游圈，是湛江市近郊较理想的天然“氧吧”。2014年金鹿园引入战略合作伙伴——湛江市旅游投资集团精心筹划及改造升级，打造成特色精品动物乐园，新增蝴蝶谷、天鹅潭、鸟语林、锦鲤池、珍稀动物园、非洲大草原、亲子游乐园、仿真动物等景观景点，集生态旅游、动物观赏、休闲养生、科普教育于一体。2014年5月1日起金鹿园将闪亮开园全面迎客，您不仅可以喂养吉祥美丽的梅花鹿，还可以置身于彩蝶漫舞的童话世界，探访珍奇鸟类，与各种野生动物亲密接触，与大型仿生动物合影留念……2015年元旦，湛江金鹿园孔雀园将隆重对外开放，届时将成为粤西地区首家集孔雀观赏、孔雀互动为一体的特色休闲旅游景点。金鹿园孔雀园是湛江大型国企的一项重点工程，分为孔雀栖息区、喂食区、游客观赏区等三个*能区，并配套建设了景观木屋、假山、雕塑及绿化等设施，是孔雀栖息繁衍和游人扶筇探幽的理想之地。目前，该园已引进白孔雀、蓝孔雀、花孔雀等多个品种，在这里，游客可以尽情地观赏孔雀开屏、孔雀群飞、孔雀觅食的壮观场面，并与孔雀近距离接触，跟孔雀“比美”合影留念。此外，金鹿园也是游客不容错过的好去处。在鹿的乐园里，观赏温顺美丽的梅花鹿，体验逗鹿、喂鹿、品尝烤鹿肉、香醇鹿酒等特色游玩项目，增进亲友感情，舒缓生活压力，回归自然，放松自我。动物乐园，童话世界，休闲胜地，湛江金鹿园欢迎您！,1/1-12/31；周一至周日；08:30-17:30开园,https://qimgs.qunarzz.com/piao_qsight_provider_piao_qsight_web/0106u12000av79747739D_C_900_504.jpg_710x360_beb294b4.jpg〇https://qimgs.qunarzz.com/piao_qsight_provider_piao_qsight_web/0103t12000av78wsy11F1_C_900_504_Q90_Mtg_7.jpg_710x360_37f0685c.jpg〇https://qimgs.qunarzz.com/piao_qsight_provider_piao_qsight_web/0106u12000av79747739D_C_900_504_Q90_Mtg_7.jpg_710x360_6ce272e8.jpg〇https://imgs.qunarzz.com/sight/p0/1409/28/84e27f8cf61189a55e23ce33c30bed75.jpg_710x360_4987d25c.jpg〇https://imgs.qunarzz.com/sight/p0/1409/28/9379676888916e7406dff9b563b617bd.jpg_710x360_54a9a73a.jpg〇https://imgs.qunarzz.com/sight/p0/1409/28/bb0d4518098f13bfa8a273854bd385cb.jpg_710x360_4618d6aa.jpg〇https://imgs.qunarzz.com/sight/p0/1409/28/b7c698f3ed67345ea9f2c0f8b770d309.jpg_710x360_510a14c0.jpg〇https://imgs.qunarzz.com/sight/p0/1409/28/22837db670350ed0addc521c99bcae6a.jpg_710x360_705191e7.jpg〇https://imgs.qunarzz.com/sight/p0/1409/28/28104833e781fbd35d8af781fff6cb37.jpg_710x360_ed180759.jpg〇https://imgs.qunarzz.com/sight/p0/1409/28/74c8de99952744e288ccf76d9aa04e99.jpg_710x360_7acab08e.jpg〇https://imgs.qunarzz.com/sight/p0/1409/28/4d74e49bd6b05ad711779d78deadb299.jpg_710x360_adee4b42.jpg〇https://imgs.qunarzz.com/sight/p0/1409/28/e9bc118ff38b3593e8620cd0c36ccf95.jpg_710x360_493f2cce.jpg〇https://imgs.qunarzz.com/sight/p0/1409/28/0bfea360ced5b7407115227c77a0ec24.jpg_710x360_e45fe9fc.jpg〇https://imgs.qunarzz.com/sight/p0/1409/22/3432021a60fffe1eb8da4d3fd8692878.jpg_710x360_a0f9a95e.jpg〇https://imgs.qunarzz.com/sight/p0/1409/22/47b66ecdb3bea29356817a9ffde89e3d.jpg_710x360_ff79e9cd.jpg〇https://qimgs.qunarzz.com/piao_qsight_provider_piao_qsight_web/0cf311834c198d3ee4414a3c00c6d3c2.jpg_710x360_8bd4341f.jpg〇https://qimgs.qunarzz.com/piao_qsight_provider_piao_qsight_web/26b91ff9b9830fb5ffffffffc8d65eac.jpg_710x360_44f6542a.jpg〇https://qimgs.qunarzz.com/piao_qsight_provider_piao_qsight_web/1562612864713100916000000z7fprB2E5_D_640_10000.jpg_710x360_b4e2d113.jpg〇https://qimgs.qunarzz.com/piao_qsight_provider_piao_qsight_web/1562612864441100q16000000z6bl33D14_D_640_10000.jpg_710x360_9a051031.jpg〇https://qimgs.qunarzz.com/piao_qsight_provider_piao_qsight_web/1562612864206100l16000000z575pC7C9_D_640_10000.jpg_710x360_68784cb0.jpg〇https://qimgs.qunarzz.com/piao_qsight_provider_piao_qsight_web/b58f0d3c38894102.jpg_710x360_2fbfa268.jpg〇https://qimgs.qunarzz.com/piao_qsight_provider_piao_qsight_web/709d8d58076e002.jpg_710x360_d3c9f33a.jpg〇https://qimgs.qunarzz.com/piao_qsight_provider_piao_qsight_web/f11598bc571dd602.jpg_710x360_b05065d4.jpg〇https://qimgs.qunarzz.com/piao_qsight_provider_piao_qsight_web/ffa12f4c6cc96802.jpg_710x360_cc7e8ee2.jpg〇https://qimgs.qunarzz.com/piao_qsight_provider_piao_qsight_web/65671427e14a6502.jpg_710x360_b1f1b99e.jpg〇https://qimgs.qunarzz.com/piao_qsight_provider_piao_qsight_web/f3aa271a3e055502.jpg_710x360_143df7b8.jpg〇https://qimgs.qunarzz.com/piao_qsight_provider_piao_qsight_web/18e70a04aa2ea402.jpg_710x360_c2b1a966.jpg〇https://qimgs.qunarzz.com/piao_qsight_provider_piao_qsight_web/80e2e217c5e17702.jpg_710x360_0f04720f.jpg〇https://qimgs.qunarzz.com/piao_qsight_provider_piao_qsight_web/e130536c6b0a1102.jpg_710x360_d0a7f9cf.jpg〇https://qimgs.qunarzz.com/piao_qsight_provider_piao_qsight_web/4b3638b8ede7202.jpg_710x360_c6b095d8.jpg〇https://qimgs.qunarzz.com/piao_qsight_provider_piao_qsight_web/21ae433f557a2902.jpg_710x360_f06d84d6.jpg〇https://qimgs.qunarzz.com/piao_qsight_provider_piao_qsight_web/bf31c2d5077d6202.jpg_710x360_3b89be05.jpg〇https://qimgs.qunarzz.com/piao_qsight_provider_piao_qsight_web/69cd761582f07902.jpg_710x360_8e7a15e3.jpg〇https://qimgs.qunarzz.com/piao_qsight_provider_piao_qsight_web/a14600a6d5e2d02.jpg_710x360_3d5ebef7.jpg〇https://qimgs.qunarzz.com/piao_qsight_provider_piao_qsight_web/9e56a2515b239702.jpg_710x360_d738e998.jpg,"{""ret"": true, ""data"": {""tagList"": [{""tagType"": 2, ""tagScore"": 5, ""tagNum"": 14, ""tagName"": ""\u4e2d\u8bc4""}, {""tagType"": 1, ""tagScore"": 5, ""tagNum"": 63, ""tagName"": ""\u597d\u8bc4""}, {""tagType"": 0, ""tagScore"": 5, ""tagNum"": 81, ""tagName"": ""\u5168\u90e8""}], ""commentList"": [{""author"": ""r*6"", ""content"": ""\u7528\u6237\u672a\u70b9\u8bc4\uff0c\u7cfb\u7edf\u9ed8\u8ba4\u597d\u8bc4\u3002"", ""date"": ""2024-03-26"", ""score"": 5, ""commentId"": ""232656431"", ""imgs"": [], ""userNickName"": ""r*6"", ""replyCityName"": """", ""cityName"": """"}, {""author"": ""r*6"", ""content"": ""\u7528\u6237\u672a\u70b9\u8bc4\uff0c\u7cfb\u7edf\u9ed8\u8ba4\u597d\u8bc4\u3002"", ""date"": ""2024-03-26"", ""score"": 5, ""commentId"": ""232656390"", ""imgs"": [], ""userNickName"": ""r*6"", ""replyCityName"": """", ""cityName"": """"}, {""author"": ""\u53bb*\u6237"", ""content"": ""\u7528\u6237\u672a\u70b9\u8bc4\uff0c\u7cfb\u7edf\u9ed8\u8ba4\u597d\u8bc4\u3002"", ""date"": ""2024-03-15"", ""score"": 5, ""commentId"": ""232131588"", ""imgs"": [], ""userNickName"": ""\u53bb*\u6237"", ""replyCityName"": """", ""cityName"": """"}, {""author"": ""\u53bb*\u6237"", ""content"": ""\u7528\u6237\u672a\u70b9\u8bc4\uff0c\u7cfb\u7edf\u9ed8\u8ba4\u597d\u8bc4\u3002"", ""date"": ""2024-03-15"", ""score"": 5, ""commentId"": ""232131567"", ""imgs"": [], ""userNickName"": ""\u53bb*\u6237"", ""replyCityName"": """", ""cityName"": """"}, {""author"": ""\u53bb*\u6237"", ""content"": ""\u7528\u6237\u672a\u70b9\u8bc4\uff0c\u7cfb\u7edf\u9ed8\u8ba4\u597d\u8bc4\u3002"", ""date"": ""2022-11-08"", ""score"": 5, ""commentId"": ""223784449"", ""imgs"": [], ""userNickName"": ""\u53bb*\u6237"", ""replyCityName"": """", ""cityName"": """"}, {""author"": ""\u53bb*\u6237"", ""content"": ""\u7528\u6237\u672a\u70b9\u8bc4\uff0c\u7cfb\u7edf\u9ed8\u8ba4\u597d\u8bc4\u3002"", ""date"": ""2022-04-21"", ""score"": 5, ""commentId"": ""222290129"", ""imgs"": [], ""userNickName"": ""\u53bb*\u6237"", ""replyCityName"": """", ""cityName"": """"}, {""author"": ""\u53bb*\u6237"", ""content"": ""\u7528\u6237\u672a\u70b9\u8bc4\uff0c\u7cfb\u7edf\u9ed8\u8ba4\u597d\u8bc4\u3002"", ""date"": ""2022-04-18"", ""score"": 5, ""commentId"": ""222284200"", ""imgs"": [], ""userNickName"": ""\u53bb*\u6237"", ""replyCityName"": """", ""cityName"": """"}, {""author"": ""\u683c*\u7a0b"", ""content"": ""\u7528\u6237\u672a\u70b9\u8bc4\uff0c\u7cfb\u7edf\u9ed8\u8ba4\u597d\u8bc4\u3002"", ""date"": ""2021-03-02"", ""score"": 5, ""commentId"": ""217988476"", ""imgs"": [], ""userNickName"": ""\u683c*\u7a0b"", ""replyCityName"": """", ""cityName"": """"}, {""author"": ""\u683c*\u7a0b"", ""content"": ""\u7528\u6237\u672a\u70b9\u8bc4\uff0c\u7cfb\u7edf\u9ed8\u8ba4\u597d\u8bc4\u3002"", ""date"": ""2021-03-02"", ""score"": 5, ""commentId"": ""217988475"", ""imgs"": [], ""userNickName"": ""\u683c*\u7a0b"", ""replyCityName"": """", ""cityName"": """"}, {""author"": ""W*f"", ""content"": ""\u7528\u6237\u672a\u70b9\u8bc4\uff0c\u7cfb\u7edf\u9ed8\u8ba4\u597d\u8bc4\u3002"", ""date"": ""2021-03-01"", ""score"": 5, ""commentId"": ""217984937"", ""imgs"": [], ""userNickName"": ""W*f"", ""replyCityName"": """", ""cityName"": """"}], ""score"": 4.2, ""commentCount"": 81}, ""statusCode"": 200}"
南亚欢乐田园,https://qimgs.qunarzz.com/piao_qsight_provider_piao_qsight_web/0102512000av22rl36EDD_C_900_504.jpg_280x200_7977cb0c.jpg,湛江市,麻章区,广东省湛江市麻章区湖光镇南亚大道01号,34,5.0,粤西大型亲子农科游乐综合体，2020年度广东省重点建设项目，由中国热带农业科学院南亚热带作物研究所与湛江华融集团合作开发,https://piao.qunar.com/ticket/detail_3629282664.html?st=a3clM0QlRTklQkElQkIlRTclQUIlQTAlRTUlOEMlQkElMjZpZCUzRDUwOTk3MCUyNnR5cGUlM0QwJTI2aWR4JTNEMSUyNnF0JTNEJTI2YXBrJTNEMiUyNnNjJTNEV1dXJTI2dXIlM0QlRTQlQjglQUQlRTUlQjElQjElMjZsciUzRCVFNCVCOCVBRCVFNSVCMSVCMSUyNmZ0JTNEJTdCJTdE#from=mpl_search_suggest,19.9,N/A,粤西大型亲子农科游乐综合体，2020年度广东省重点建设项目，由中国热带农业科学院南亚热带作物研究所与湛江华融集团合作开发建设，位于疏港大道与南亚大道的交汇处，规划总占地面积为1800亩。项目以“传承历史、农科展示、生态旅游”为总体定位，拟打造成为广东级热带农业文博基地，广东级农旅融合创新示范基地，融合亲子农业教育、中小学生研学、农耕拓展等互动项目，将知识科普与游玩体验结合，让孩子们在快乐游玩的同时能学习到更多科学知识，成为培育儿童及青少年全面发展的第三课堂。目前一期已开放亲子乐园、百鸟园、萌宠乐园等是多项游乐项目，占地约400亩，二期丰田农巷、研学基地、欢乐小镇、水上乐园……等规划建设中，未来两年内陆续开放。,1/1-12/31；周一至周日；09:00-22:30开园；（22:00停止入园）,https://qimgs.qunarzz.com/piao_qsight_provider_piao_qsight_web/0102512000av22rl36EDD_C_900_504.jpg_710x360_6af0c71e.jpg〇https://qimgs.qunarzz.com/piao_qsight_provider_piao_qsight_web/0106u12000av22shs2B90_C_900_504_Q90_Mtg_7.jpg_710x360_d7f57c2a.jpg〇https://qimgs.qunarzz.com/piao_qsight_provider_piao_qsight_web/0104212000av22s53B41E_C_900_504_Q90_Mtg_7.jpg_710x360_d1f3a725.jpg〇https://qimgs.qunarzz.com/piao_qsight_provider_piao_qsight_web/0105112000av22qmo130F_C_900_504_Q90_Mtg_7.jpg_710x360_22383e73.jpg〇https://qimgs.qunarzz.com/piao_qsight_provider_piao_qsight_web/0102w12000av22t845488_C_900_504_Q90_Mtg_7.jpg_710x360_abc98816.jpg〇https://qimgs.qunarzz.com/piao_qsight_provider_piao_qsight_web/0102512000av22rl36EDD_C_900_504_Q90_Mtg_7.jpg_710x360_80bf7c65.jpg〇https://imgs.qunarzz.com/sight/p0/2106/58/583b67216d28affaa3.img.jpg_710x360_97768ae9.jpg〇https://imgs.qunarzz.com/sight/p0/2106/8d/8d8addc7bc232392a3.img.jpg_710x360_6cdb06e1.jpg〇https://imgs.qunarzz.com/sight/p0/2106/17/178baa5a644a2586a3.img.jpg_710x360_dda7d562.jpg〇https://imgs.qunarzz.com/sight/p0/2106/33/3364ad8e2ae58606a3.img.jpg_710x360_b8a9baaf.jpg〇https://imgs.qunarzz.com/sight/p0/2106/e0/e069ab673e68698fa3.img.jpg_710x360_499bcec7.jpg〇https://imgs.qunarzz.com/sight/p0/2106/5e/5e19853ee7e63f6a3.img.jpg_710x360_e42386ce.jpg〇https://imgs.qunarzz.com/sight/p0/2106/39/39766fa9a0469c5ea3.img.jpg_710x360_8c0743e9.jpg,"{""ret"": true, ""data"": {""tagList"": [{""tagType"": 1, ""tagScore"": 5, ""tagNum"": 34, ""tagName"": ""\u597d\u8bc4""}, {""tagType"": 0, ""tagScore"": 5, ""tagNum"": 34, ""tagName"": ""\u5168\u90e8""}], ""commentList"": [{""author"": ""g*2"", ""content"": ""\u7528\u6237\u672a\u70b9\u8bc4\uff0c\u7cfb\u7edf\u9ed8\u8ba4\u597d\u8bc4\u3002"", ""date"": ""2022-12-14"", ""score"": 5, ""commentId"": ""223874263"", ""imgs"": [], ""userNickName"": ""g*2"", ""replyCityName"": """", ""cityName"": """"}, {""author"": ""h*3"", ""content"": ""\u7528\u6237\u672a\u70b9\u8bc4\uff0c\u7cfb\u7edf\u9ed8\u8ba4\u597d\u8bc4\u3002"", ""date"": ""2022-06-17"", ""score"": 5, ""commentId"": ""222439632"", ""imgs"": [], ""userNickName"": ""h*3"", ""replyCityName"": """", ""cityName"": """"}, {""author"": ""t*7"", ""content"": ""\u7528\u6237\u672a\u70b9\u8bc4\uff0c\u7cfb\u7edf\u9ed8\u8ba4\u597d\u8bc4\u3002"", ""date"": ""2022-01-19"", ""score"": 5, ""commentId"": ""221736515"", ""imgs"": [], ""userNickName"": ""t*7"", ""replyCityName"": """", ""cityName"": """"}, {""author"": ""p*7"", ""content"": ""\u7528\u6237\u672a\u70b9\u8bc4\uff0c\u7cfb\u7edf\u9ed8\u8ba4\u597d\u8bc4\u3002"", ""date"": ""2021-12-08"", ""score"": 5, ""commentId"": ""221595258"", ""imgs"": [], ""userNickName"": ""p*7"", ""replyCityName"": """", ""cityName"": """"}, {""author"": ""n*7"", ""content"": ""\u7528\u6237\u672a\u70b9\u8bc4\uff0c\u7cfb\u7edf\u9ed8\u8ba4\u597d\u8bc4\u3002"", ""date"": ""2021-12-07"", ""score"": 5, ""commentId"": ""221591632"", ""imgs"": [], ""userNickName"": ""n*7"", ""replyCityName"": """", ""cityName"": """"}, {""author"": ""t*7"", ""content"": ""\u7528\u6237\u672a\u70b9\u8bc4\uff0c\u7cfb\u7edf\u9ed8\u8ba4\u597d\u8bc4\u3002"", ""date"": ""2021-11-24"", ""score"": 5, ""commentId"": ""221517942"", ""imgs"": [], ""userNickName"": ""t*7"", ""replyCityName"": """", ""cityName"": """"}, {""author"": ""\u53bb*\u6237"", ""content"": ""\u7528\u6237\u672a\u70b9\u8bc4\uff0c\u7cfb\u7edf\u9ed8\u8ba4\u597d\u8bc4\u3002"", ""date"": ""2021-11-23"", ""score"": 5, ""commentId"": ""221502334"", ""imgs"": [], ""userNickName"": ""\u53bb*\u6237"", ""replyCityName"": """", ""cityName"": """"}, {""author"": ""p*2"", ""content"": ""\u7528\u6237\u672a\u70b9\u8bc4\uff0c\u7cfb\u7edf\u9ed8\u8ba4\u597d\u8bc4\u3002"", ""date"": ""2021-11-23"", ""score"": 5, ""commentId"": ""221502095"", ""imgs"": [], ""userNickName"": ""p*2"", ""replyCityName"": """", ""cityName"": """"}, {""author"": ""c*4"", ""content"": ""\u7528\u6237\u672a\u70b9\u8bc4\uff0c\u7cfb\u7edf\u9ed8\u8ba4\u597d\u8bc4\u3002"", ""date"": ""2021-11-23"", ""score"": 5, ""commentId"": ""221498436"", ""imgs"": [], ""userNickName"": ""c*4"", ""replyCityName"": """", ""cityName"": """"}, {""author"": ""n*6"", ""content"": ""\u7528\u6237\u672a\u70b9\u8bc4\uff0c\u7cfb\u7edf\u9ed8\u8ba4\u597d\u8bc4\u3002"", ""date"": ""2021-10-21"", ""score"": 5, ""commentId"": ""220981131"", ""imgs"": [], ""userNickName"": ""n*6"", ""replyCityName"": """", ""cityName"": """"}], ""score"": 5.0, ""commentCount"": 34}, ""statusCode"": 200}"
鼎龙湾国际海洋度假区,https://qimgs.qunarzz.com/piao_qsight_provider_piao_qsight_web/0101o120009elzu5r54DF_C_900_504.jpg_280x200_17ce2313.jpg,湛江市,吴川市,广东省湛江市吴川市覃巴镇228国道鼎龙湾国际海洋度假区,292,5.0,打造众多功能为一体的国际化大型海滨综合体,https://piao.qunar.com/ticket/detail_3663327571.html?st=a3clM0QlRTUlOTAlQjQlRTUlQjclOUQlRTUlQjglODIlMjZpZCUzRDQ2NzM2MCUyNnR5cGUlM0QwJTI2aWR4JTNEMSUyNnF0JTNEJTI2YXBrJTNEMiUyNnNjJTNEV1dXJTI2dXIlM0QlRTQlQjglQUQlRTUlQjElQjElMjZsciUzRCVFNCVCOCVBRCVFNSVCMSVCMSUyNmZ0JTNEJTdCJTdE#from=mpl_search_suggest,248.0,4A景区,"碧桂园鼎龙湾国际海洋度假区位于湛江市辖下的吴川市内海岸线东端，东起王村港镇，西至吉兆湾度假村，南临南海，拥海岸线16公里,总占地1.6万亩，打造一个集商业、餐饮、休闲、娱乐、文化为一体的国际化大型海滨综合体。",1/1-12/31；周一至周日；09:00-22:00开园,https://qimgs.qunarzz.com/piao_qsight_provider_piao_qsight_web/0101o120009elzu5r54DF_C_900_504.jpg_710x360_7a083eae.jpg〇https://qimgs.qunarzz.com/piao_qsight_provider_piao_qsight_web/0105z120008dv8engCFFD_C_900_504_Q90_Mtg_7.png_710x360_2eec26fc.png〇https://qimgs.qunarzz.com/piao_qsight_provider_piao_qsight_web/0103o120009exs6jqB8FE_C_900_504_Q90_Mtg_7.jpg_710x360_263f4054.jpg〇https://qimgs.qunarzz.com/piao_qsight_provider_piao_qsight_web/01039120009exrxb596C1_C_900_504_Q90_Mtg_7.jpg_710x360_b74ff78e.jpg〇https://qimgs.qunarzz.com/piao_qsight_provider_piao_qsight_web/0102c120009exs1ey5E9D_C_900_504_Q90_Mtg_7.jpg_710x360_ae50dd13.jpg〇https://qimgs.qunarzz.com/piao_qsight_provider_piao_qsight_web/0105x120008dv8mkiAAF7_C_900_504_Q90_Mtg_7.png_710x360_423d2241.png〇https://qimgs.qunarzz.com/piao_qsight_provider_piao_qsight_web/01027120009exs35n2909_C_900_504_Q90_Mtg_7.jpg_710x360_473cacdb.jpg〇https://qimgs.qunarzz.com/piao_qsight_provider_piao_qsight_web/01057120009elzvhsA1E5_C_900_504_Q90_Mtg_7.jpg_710x360_10f2143d.jpg〇https://qimgs.qunarzz.com/piao_qsight_provider_piao_qsight_web/0105h120009elzw7rBDB0_C_900_504_Q90_Mtg_7.jpg_710x360_d441b2ae.jpg〇https://qimgs.qunarzz.com/piao_qsight_provider_piao_qsight_web/01037120009elzxt2F6C8_C_900_504_Q90_Mtg_7.jpg_710x360_8a1713c1.jpg〇https://qimgs.qunarzz.com/piao_qsight_provider_piao_qsight_web/0101o120009elzu5r54DF_C_900_504_Q90_Mtg_7.jpg_710x360_ec470822.jpg〇https://imgs.qunarzz.com/sight/p0/1802/70/70b880b1f329281ca3.water.jpg_710x360_84e1f9ff.jpg,"{""ret"": true, ""data"": {""tagList"": [{""tagType"": 3, ""tagScore"": 5, ""tagNum"": 1, ""tagName"": ""\u5dee\u8bc4""}, {""tagType"": 1, ""tagScore"": 5, ""tagNum"": 291, ""tagName"": ""\u597d\u8bc4""}, {""tagType"": 0, ""tagScore"": 5, ""tagNum"": 292, ""tagName"": ""\u5168\u90e8""}], ""commentList"": [{""author"": ""x*2"", ""content"": ""\u7528\u6237\u672a\u70b9\u8bc4\uff0c\u7cfb\u7edf\u9ed8\u8ba4\u597d\u8bc4\u3002"", ""date"": ""2024-11-07"", ""score"": 5, ""commentId"": ""238678813"", ""imgs"": [], ""userNickName"": ""x*2"", ""replyCityName"": """", ""cityName"": """"}, {""author"": ""e*1"", ""content"": ""\u7528\u6237\u672a\u70b9\u8bc4\uff0c\u7cfb\u7edf\u9ed8\u8ba4\u597d\u8bc4\u3002"", ""date"": ""2024-11-06"", ""score"": 5, ""commentId"": ""238630742"", ""imgs"": [], ""userNickName"": ""e*1"", ""replyCityName"": """", ""cityName"": """"}, {""author"": ""\u53bb*\u6237"", ""content"": ""\u7528\u6237\u672a\u70b9\u8bc4\uff0c\u7cfb\u7edf\u9ed8\u8ba4\u597d\u8bc4\u3002"", ""date"": ""2024-11-06"", ""score"": 5, ""commentId"": ""238622135"", ""imgs"": [], ""userNickName"": ""\u53bb*\u6237"", ""replyCityName"": """", ""cityName"": """"}, {""author"": ""\u53bb*\u6237"", ""content"": ""\u7528\u6237\u672a\u70b9\u8bc4\uff0c\u7cfb\u7edf\u9ed8\u8ba4\u597d\u8bc4\u3002"", ""date"": ""2024-11-06"", ""score"": 5, ""commentId"": ""238621054"", ""imgs"": [], ""userNickName"": ""\u53bb*\u6237"", ""replyCityName"": """", ""cityName"": """"}, {""author"": ""v*4"", ""content"": ""\u7528\u6237\u672a\u70b9\u8bc4\uff0c\u7cfb\u7edf\u9ed8\u8ba4\u597d\u8bc4\u3002"", ""date"": ""2024-11-05"", ""score"": 5, ""commentId"": ""238540069"", ""imgs"": [], ""userNickName"": ""v*4"", ""replyCityName"": """", ""cityName"": """"}, {""author"": ""\u65b9*\u5927"", ""content"": ""\u7528\u6237\u672a\u70b9\u8bc4\uff0c\u7cfb\u7edf\u9ed8\u8ba4\u597d\u8bc4\u3002"", ""date"": ""2024-11-05"", ""score"": 5, ""commentId"": ""238499793"", ""imgs"": [], ""userNickName"": ""\u65b9*\u5927"", ""replyCityName"": """", ""cityName"": """"}, {""author"": ""p*5"", ""content"": ""\u7528\u6237\u672a\u70b9\u8bc4\uff0c\u7cfb\u7edf\u9ed8\u8ba4\u597d\u8bc4\u3002"", ""date"": ""2024-11-04"", ""score"": 5, ""commentId"": ""238366161"", ""imgs"": [], ""userNickName"": ""p*5"", ""replyCityName"": """", ""cityName"": """"}, {""author"": ""\u53bb*\u6237"", ""content"": ""\u7528\u6237\u672a\u70b9\u8bc4\uff0c\u7cfb\u7edf\u9ed8\u8ba4\u597d\u8bc4\u3002"", ""date"": ""2024-11-04"", ""score"": 5, ""commentId"": ""238365468"", ""imgs"": [], ""userNickName"": ""\u53bb*\u6237"", ""replyCityName"": """", ""cityName"": """"}, {""author"": ""p*5"", ""content"": ""\u7528\u6237\u672a\u70b9\u8bc4\uff0c\u7cfb\u7edf\u9ed8\u8ba4\u597d\u8bc4\u3002"", ""date"": ""2024-11-04"", ""score"": 5, ""commentId"": ""238358849"", ""imgs"": [], ""userNickName"": ""p*5"", ""replyCityName"": """", ""cityName"": """"}, {""author"": ""\u946b*t"", ""content"": ""\u7528\u6237\u672a\u70b9\u8bc4\uff0c\u7cfb\u7edf\u9ed8\u8ba4\u597d\u8bc4\u3002"", ""date"": ""2024-11-03"", ""score"": 5, ""commentId"": ""238280694"", ""imgs"": [], ""userNickName"": ""\u946b*t"", ""replyCityName"": """", ""cityName"": """"}], ""score"": 5.0, ""commentCount"": 292}, ""statusCode"": 200}"
天物坊陶艺馆（霞山店）,https://imgs.qunarzz.com/sight/p0/1505/ea/eab817e2b6fd3d4a.water.jpg_280x200_ed0da667.jpg,湛江市,霞山区,广东省湛江市霞山区海滨大道南18号鑫海名城三楼（书城）,1,5.0,让孩子的动手动脑的能力得到快速的提升,https://piao.qunar.com/ticket/detail_3944806869.html?st=a3clM0QlRTklOUMlOUUlRTUlQjElQjElRTUlOEMlQkElMjZpZCUzRDIxNTg2OSUyNnR5cGUlM0QwJTI2aWR4JTNEMTQlMjZxdCUzRCUyNmFwayUzRDIlMjZzYyUzRFdXVyUyNnVyJTNEJUU0JUI4JUFEJUU1JUIxJUIxJTI2bHIlM0QlRTQlQjglQUQlRTUlQjElQjElMjZmdCUzRCU3QiU3RA%3D%3D#from=mpl_search_suggest,-1.0,N/A,天物坊是一家集陶器艺术品开发、设计、生产销售、陶吧加盟为一体的综合型公司。自主经营生产的六大陶品系列有：土陶、茶器、香器、花器、禅器、陈设艺术品等。天物坊倡导了一种优雅时尚的生活方式，目前在全国已有门店100多家，稳居中国陶吧运营先锋品牌。天物坊以传承中国陶艺，弘扬民族文化为使命，融古今艺术于一体，厚积薄发，创新提出快乐陶艺的品牌运营理念，一对一教学，让孩子在玩中学习，在学习中成长，让孩子的动手动脑的能力得到快速的提升。,暂无,https://imgs.qunarzz.com/sight/p0/1505/ea/eab817e2b6fd3d4a.water.jpg_710x360_51032b64.jpg〇https://imgs.qunarzz.com/sight/p0/1505/50/5045d99524242e56.water.jpg_710x360_28f3665f.jpg〇https://imgs.qunarzz.com/sight/p0/1505/e6/e62d00e461d25789.water.jpg_710x360_df9a2641.jpg〇https://imgs.qunarzz.com/sight/p0/1505/8b/8b3d14bc415cfb08.water.jpg_710x360_c8dd8533.jpg〇https://imgs.qunarzz.com/sight/p0/1505/57/579efe984ee3173f.water.jpg_710x360_c2b4ad86.jpg〇https://qimgs.qunarzz.com/piao_qsight_provider_piao_qsight_web/ea2cd2c2687848f7.jpg_710x360_f01c10a3.jpg,"{""ret"": true, ""data"": {""tagList"": [{""tagType"": 1, ""tagScore"": 5, ""tagNum"": 1, ""tagName"": ""\u597d\u8bc4""}, {""tagType"": 0, ""tagScore"": 5, ""tagNum"": 1, ""tagName"": ""\u5168\u90e8""}], ""commentList"": [{""author"": ""\u5609*\u8c6a"", ""content"": ""\u5c0f\u670b\u53cb\u9700\u8981\u591a\u953b\u70bc\uff0c\u662f\u4e2a\u597d\u53bb\u5904\uff0c\u503c\u5f97"", ""date"": ""2015-10-20"", ""score"": 5, ""commentId"": ""86391559"", ""imgs"": [], ""userNickName"": ""\u5609*\u8c6a"", ""replyCityName"": """", ""cityName"": """"}], ""score"": 5.0, ""commentCount"": 1}, ""statusCode"": 200}"
广东海洋大学,https://imgs.qunarzz.com/sight/p0/201403/11/fc82785774883a3a284249044f2f036d.jpg_280x200_8ce3823b.jpg,湛江市,霞山区,广东省湛江市霞光区湖光岩东,3,5.0,广东海洋大学是广东省人民政府和国家海洋局共建的省属重点建设大学，是一所以海洋和水产学科为特色，理、工、农、文、经、管、法,https://piao.qunar.com/ticket/detail_774721801.html?st=a3clM0QlRTklOUMlOUUlRTUlQjElQjElRTUlOEMlQkElMjZpZCUzRDE4OTI4MCUyNnR5cGUlM0QwJTI2aWR4JTNEMTMlMjZxdCUzRCUyNmFwayUzRDIlMjZzYyUzRFdXVyUyNnVyJTNEJUU0JUI4JUFEJUU1JUIxJUIxJTI2bHIlM0QlRTQlQjglQUQlRTUlQjElQjElMjZmdCUzRCU3QiU3RA%3D%3D#from=mpl_search_suggest,-1.0,N/A,广东海洋大学是广东省人民政府和国家海洋局共建的省属重点建设大学，是一所以海洋和水产学科为特色，理、工、农、文、经、管、法、教等学科协调发展，以应用学科见长的多科性海洋大学，是国家新增博士学位授予权立项建设单位。　　学校办学历史长河的源头是成立于1935年的广东省立（汕头）高级水产职业学校。她是广东现代海洋水产教育的发端，几经迁徙之后升格发展成农业部直属的湛江水产学院。并校改革后学校抓住机遇，开拓创新，取得了跨越式发展：1998年取得硕士学位授予权和留学生培养资格，1999年通过教育部本科教学合格评价，2000年成为万人大学，2003年船员教育和培训质量体系通过国家海事局的审核认证。学校现已成为一所以海洋学科为特色，理、工、农、文、法、经、管、教等学科协调发展；以本科教育为主体，积极发展研究生教育；以应用学科见长，兼有理论学科的综合型海洋大学。目前全日制在校生达2.21万人。,01/01-12/31；全天开放,https://imgs.qunarzz.com/sight/p0/201403/11/fc82785774883a3a284249044f2f036d.jpg_710x360_cb919aba.jpg〇https://qimgs.qunarzz.com/piao_qsight_provider_piao_qsight_web/bc007c195dba793c4d8c7c477b8bcae3.jpg_710x360_6f193237.jpg〇https://qimgs.qunarzz.com/piao_qsight_provider_piao_qsight_web/f4ca6481de259037.jpg_710x360_4329af23.jpg,"{""ret"": true, ""data"": {""tagList"": [{""tagType"": 1, ""tagScore"": 5, ""tagNum"": 3, ""tagName"": ""\u597d\u8bc4""}, {""tagType"": 0, ""tagScore"": 5, ""tagNum"": 3, ""tagName"": ""\u5168\u90e8""}], ""commentList"": [{""author"": ""e*4"", ""content"": ""\u5e7f\u4e1c\u6d77\u6d0b\u5927\u5b66\u6821\u533a\u5927\uff0c\u98ce\u666f\u597d\u7f8e\u6781\u4e86\uff0c\u5f88\u559c\u6b22"", ""date"": ""2020-09-16"", ""score"": 5, ""commentId"": ""215863906"", ""imgs"": [], ""userNickName"": ""e*4"", ""replyCityName"": """", ""cityName"": """"}, {""author"": ""x*1"", ""content"": ""\u5f88\u4e0d\u9519\u7684\u5b66\u6821\uff0c\u98ce\u666f\u4f18\u7f8e"", ""date"": ""2018-06-30"", ""score"": 5, ""commentId"": ""206676270"", ""imgs"": [], ""userNickName"": ""x*1"", ""replyCityName"": """", ""cityName"": """"}, {""author"": ""\u5609*\u8c6a"", ""content"": ""\u6e5b\u6c5f\u8457\u540d\u5927\u5b66\uff0c\u6e38\u73a9\u6027\u5f88\u9ad8\uff0c\u7ecf\u5e38\u6709\u6444\u5f71\u5e08\u8fc7\u6765\u62cd\u6444\u5916\u666f"", ""date"": ""2015-10-20"", ""score"": 5, ""commentId"": ""86393224"", ""imgs"": [], ""userNickName"": ""\u5609*\u8c6a"", ""replyCityName"": """", ""cityName"": """"}], ""score"": 5.0, ""commentCount"": 3}, ""statusCode"": 200}"
包宅旅游村,https://qimgs.qunarzz.com/piao_qsight_provider_piao_qsight_web/0102v12000cpyzh0z3ABE_C_900_504.jpg_280x200_f21461e4.jpg,湛江市,徐闻县,广东省湛江市徐闻县龙塘镇青天路,-1,-1.0,包宅村是徐闻县龙塘镇之一渔村，位于县城东南方向约15公里处，村民以渔为主。民风纯朴。包宅生态旅游村傍海而建，占地面积30,https://piao.qunar.com/ticket/detail_2432023398.html?st=a3clM0QlRTUlQkUlOTAlRTklOTclQkIlRTUlOEUlQkYlMjZpZCUzRDgxNjElMjZ0eXBlJTNEMCUyNmlkeCUzRDclMjZxdCUzRCUyNmFwayUzRDIlMjZzYyUzRFdXVyUyNnVyJTNEJUU0JUI4JUFEJUU1JUIxJUIxJTI2bHIlM0QlRTQlQjglQUQlRTUlQjElQjElMjZmdCUzRCU3QiU3RA%3D%3D#from=mpl_search_suggest,-1.0,N/A,包宅村是徐闻县龙塘镇之一渔村，位于县城东南方向约15公里处，村民以渔为主。民风纯朴。包宅生态旅游村傍海而建，占地面积3000多亩，其中防海木麻黄林约2300亩，天然次生林40多亩。这里环山抱绕，林深幽静，鸟语花香。迷人的青安湾，岸长8公里多。海滩沙白如银，海底平缓自然，岸边礁石嶙峋，千姿百态；排尾角、朋寮角向大海深处延伸，宛如双龙出海，气势磅礴，当年解放海南岛在此设有前线指挥部和作战基地。隔海相望的海口市于此近在咫尺，犹似海市蜃楼。旅游村拥有丰富的片段资源和人文景观，集观光旅游和娱乐健身一体。观光景点有：旅游村牌、标志台、静心湖、龙图溪、天然古林、明镜泉、白马庙等。设有海水浴场、海上彩排船竞划、激情天地、健身竞技场、沙滩广场、农趣园等。游人可游泳可竞划，可听歌赏舞，自娱自乐，潇洒走一回。还可拔河、顶棒、沙滩打排球、海上放风筝等；还有烧烤场、钓鱼钓虾台、具有浓郁南国渔村风情的小院。客人可入住渔村小院，体验自捕自钓自作自吃的自然生活。有回归自然返朴归真之感。为教育青少年热爱祖国，提高国防意识，建有“渡海作战训练基地”纪念园，开辟模拟海上作战训练、野战娱乐区进行演习，将爱国主义和军事教育寓于娱乐之中。由于祖系包氏，在此具有浓郁的包氏文化，故可领略包拯刚正不阿，廉政为民的精神。包氏文化、革命文化和生态文化，形成丰富的旅游文化，到此可尽享大自然的恩赐，还可受到包拯精神的熏陶和爱国主义教育，是身心受益的好处。包氏生态旅游村随时恭候您的光临，共度美好时光。,1/1-12/31；周一至周日；9:00-17:00开园,https://qimgs.qunarzz.com/piao_qsight_provider_piao_qsight_web/0102v12000cpyzh0z3ABE_C_900_504.jpg_710x360_50863745.jpg〇https://qimgs.qunarzz.com/piao_qsight_provider_piao_qsight_web/0105v12000cpyynycF1EC_C_900_504_Q90_Mtg_7.jpg_710x360_321d144e.jpg〇https://qimgs.qunarzz.com/piao_qsight_provider_piao_qsight_web/0101112000cpyzr78B1F2_C_900_504_Q90_Mtg_7.jpg_710x360_20402854.jpg〇https://qimgs.qunarzz.com/piao_qsight_provider_piao_qsight_web/0102v12000cpyzh0z3ABE_C_900_504_Q90_Mtg_7.jpg_710x360_197ced22.jpg,"{""ret"": true, ""data"": {""tagList"": [{""tagType"": 0, ""tagScore"": 5, ""tagNum"": 0, ""tagName"": ""\u5168\u90e8""}], ""score"": 0.0, ""commentCount"": 0}, ""statusCode"": 200}"
石莲古寺,https://imgs.qunarzz.com/sight/p0/201308/09/9845743ac4a6b69cc8d65eac.jpg_280x200_34bb9c34.jpg,湛江市,徐闻县,广东省湛江市徐闻县,1,1.0,栩栩如生，活灵活现,https://piao.qunar.com/ticket/detail_39829830.html?st=a3clM0QlRTUlQkUlOTAlRTklOTclQkIlRTUlOEUlQkYlMjZpZCUzRDQxNDg3JTI2dHlwZSUzRDAlMjZpZHglM0Q2JTI2cXQlM0QlMjZhcGslM0QyJTI2c2MlM0RXV1clMjZ1ciUzRCVFNCVCOCVBRCVFNSVCMSVCMSUyNmxyJTNEJUU0JUI4JUFEJUU1JUIxJUIxJTI2ZnQlM0QlN0IlN0Q%3D#from=mpl_search_suggest,-1.0,N/A,徐闻县海安港北面的石莲山有一古寺——石莲山寺，该古寺建于清朝雍正五年（1727年），乾隆二十九年（1764年）重建，“文化大革命”期间被破坏，1982年、1997年重修，现已初具规模。该寺面临大海，绿树点缀，古朴雅观，登高远眺，琼州海峡，云水交融，百舸争流，海安港的景物尽收眼底。相传古时寺中敲钟击木，寺外巨石和鸣。在石莲山寺院中间有一端坐于莲花中的如来佛祖镀金水塑像，高近8米，宽直径近5米，左手掌指向前方，右手掌放于腿上，慈祥的脸容，眼睛看着前方的青山和大海，栩栩如生，活灵活现。石莲山寺院中曾有两棵千年古铁树，可惜在四年前已干掉，现在原位置补种上新铁树。在寺前的古石中曾留下苏东坡被贬海南路经石莲山时的题诗。,暂无,https://imgs.qunarzz.com/sight/p0/201308/09/9845743ac4a6b69cc8d65eac.jpg_710x360_8e810734.jpg〇https://imgs.qunarzz.com/sight/p0/201308/09/963a3a3e6209e882c8d65eac.jpg_710x360_fa3faed5.jpg〇https://imgs.qunarzz.com/sight/p0/201308/09/d8e9d45783aa8f8dc8d65eac.jpg_710x360_1164b736.jpg〇https://imgs.qunarzz.com/sight/p0/201301/18/37bc075b500b373a93835fbb.jpg_710x360_03d01fcd.jpg〇https://imgs.qunarzz.com/sight/p0/201308/09/685c7601b3e16c56c8d65eac.jpg_710x360_0fd3cbb7.jpg,"{""ret"": true, ""data"": {""tagList"": [{""tagType"": 3, ""tagScore"": 5, ""tagNum"": 1, ""tagName"": ""\u5dee\u8bc4""}, {""tagType"": 0, ""tagScore"": 5, ""tagNum"": 1, ""tagName"": ""\u5168\u90e8""}], ""commentList"": [{""author"": ""o*3"", ""content"": ""\u6839\u672c\u6ca1\u6709\uff01\u5783\u573e\uff01\u5dee\u8bc4\u8fd9\u4e2a\u8f6f\u4ef6"", ""date"": ""2017-06-30"", ""score"": 1, ""commentId"": ""201323143"", ""imgs"": [], ""userNickName"": ""o*3"", ""replyCityName"": """", ""cityName"": """"}], ""score"": 1.0, ""commentCount"": 1}, ""statusCode"": 200}"
湛江南亚热带植物园,https://qimgs.qunarzz.com/piao_qsight_provider_piao_qsight_web/100c1e000001f7xbz74C7_C_900_504.jpg_280x200_4c8d23ce.jpg,湛江市,麻章区,广东省湛江市麻章区湖秀新村1号,4,5.0,奇花异草众多的科普教育地,https://piao.qunar.com/ticket/detail_3908736312.html?st=a3clM0QlRTklQkElQkIlRTclQUIlQTAlRTUlOEMlQkElMjZpZCUzRDEwMjc3JTI2dHlwZSUzRDAlMjZpZHglM0QyJTI2cXQlM0QlMjZhcGslM0QyJTI2c2MlM0RXV1clMjZ1ciUzRCVFNCVCOCVBRCVFNSVCMSVCMSUyNmxyJTNEJUU0JUI4JUFEJUU1JUIxJUIxJTI2ZnQlM0QlN0IlN0Q%3D#from=mpl_search_suggest,9.0,N/A,——广东湛江市湖光岩畔，距湖光岩2.5公里，为我国少有的热带、亚热带经济植物园，与湖光岩、金鹿苑形成湛江市的旅游“金三角”。,1/1-12/31；周一至周日；7:30-17:00开园,https://qimgs.qunarzz.com/piao_qsight_provider_piao_qsight_web/100c1e000001f7xbz74C7_C_900_504.jpg_710x360_ff85977a.jpg〇https://qimgs.qunarzz.com/piao_qsight_provider_piao_qsight_web/0102u12000bocxv0zF5C4_C_900_504_Q90_Mtg_7.jpg_710x360_f2a4b7f1.jpg〇https://qimgs.qunarzz.com/piao_qsight_provider_piao_qsight_web/100c1e000001f7xbz74C7_C_900_504_Q90_Mtg_7.jpg_710x360_457538e1.jpg〇https://qimgs.qunarzz.com/piao_qsight_provider_piao_qsight_web/2e07b94f98b450b3ffffffffc8d65eac.jpg_710x360_d362d6cb.jpg〇https://qimgs.qunarzz.com/piao_qsight_provider_piao_qsight_web/e3af72ae-a9d9-46cc-b9af-6fc067cea1fd.jpg_710x360_7390469c.jpg〇https://qimgs.qunarzz.com/piao_qsight_provider_piao_qsight_web/4f1a4d3d109822b34d79a11521f089d1.jpg_710x360_d3071c5e.jpg〇https://qimgs.qunarzz.com/piao_qsight_provider_piao_qsight_web/3a00e0b543b023.jpg_710x360_744152c1.jpg〇https://qimgs.qunarzz.com/piao_qsight_provider_piao_qsight_web/6c625b16c3e5f3.jpg_710x360_68e1d9ca.jpg〇https://qimgs.qunarzz.com/piao_qsight_provider_piao_qsight_web/d72ed96d8e1fba.jpg_710x360_7d80d941.jpg〇https://qimgs.qunarzz.com/piao_qsight_provider_piao_qsight_web/d8e177bb4d3eaf.jpg_710x360_296d551d.jpg〇https://qimgs.qunarzz.com/piao_qsight_provider_piao_qsight_web/56d7d2ee937bc0.jpg_710x360_54c9f6fd.jpg〇https://qimgs.qunarzz.com/piao_qsight_provider_piao_qsight_web/208f8d0e28676e.jpg_710x360_bbe571c4.jpg〇https://qimgs.qunarzz.com/piao_qsight_provider_piao_qsight_web/9bb02af9a6e2d7.jpg_710x360_07eef92e.jpg〇https://qimgs.qunarzz.com/piao_qsight_provider_piao_qsight_web/1a3b2b54172bcb.jpg_710x360_e009c920.jpg〇https://qimgs.qunarzz.com/piao_qsight_provider_piao_qsight_web/0852ad7fc83ad0.jpg_710x360_f765b9a5.jpg〇https://qimgs.qunarzz.com/piao_qsight_provider_piao_qsight_web/40ca5f3da87db6.jpg_710x360_9243c2aa.jpg,"{""ret"": true, ""data"": {""tagList"": [{""tagType"": 1, ""tagScore"": 5, ""tagNum"": 4, ""tagName"": ""\u597d\u8bc4""}, {""tagType"": 0, ""tagScore"": 5, ""tagNum"": 4, ""tagName"": ""\u5168\u90e8""}], ""commentList"": [{""author"": ""g*1"", ""content"": ""\u7528\u6237\u672a\u70b9\u8bc4\uff0c\u7cfb\u7edf\u9ed8\u8ba4\u597d\u8bc4\u3002"", ""date"": ""2024-07-24"", ""score"": 5, ""commentId"": ""234974106"", ""imgs"": [], ""userNickName"": ""g*1"", ""replyCityName"": """", ""cityName"": """"}, {""author"": ""\u53bb*\u6237"", ""content"": ""\u7528\u6237\u672a\u70b9\u8bc4\uff0c\u7cfb\u7edf\u9ed8\u8ba4\u597d\u8bc4\u3002"", ""date"": ""2024-01-03"", ""score"": 5, ""commentId"": ""230934281"", ""imgs"": [], ""userNickName"": ""\u53bb*\u6237"", ""replyCityName"": """", ""cityName"": """"}, {""author"": ""n*4"", ""content"": ""\u7528\u6237\u672a\u70b9\u8bc4\uff0c\u7cfb\u7edf\u9ed8\u8ba4\u597d\u8bc4\u3002"", ""date"": ""2024-01-02"", ""score"": 5, ""commentId"": ""230917940"", ""imgs"": [], ""userNickName"": ""n*4"", ""replyCityName"": """", ""cityName"": """"}, {""author"": ""w*n"", ""content"": ""\u7528\u6237\u672a\u70b9\u8bc4\uff0c\u7cfb\u7edf\u9ed8\u8ba4\u597d\u8bc4\u3002"", ""date"": ""2023-04-11"", ""score"": 5, ""commentId"": ""225056094"", ""imgs"": [], ""userNickName"": ""w*n"", ""replyCityName"": """", ""cityName"": """"}], ""score"": 5.0, ""commentCount"": 4}, ""statusCode"": 200}"
海安白沙湾,https://imgs.qunarzz.com/sight/p55/201211/04/035738dc9dbb5b2593835fbb.jpg_280x200_0483a247.jpg,湛江市,徐闻县,广东省湛江市徐闻县海安镇,4,3.5,清风徐来，海天一色,https://piao.qunar.com/ticket/detail_2693581536.html?st=a3clM0QlRTUlQkUlOTAlRTklOTclQkIlRTUlOEUlQkYlMjZpZCUzRDEyNzgzJTI2dHlwZSUzRDAlMjZpZHglM0Q1JTI2cXQlM0QlMjZhcGslM0QyJTI2c2MlM0RXV1clMjZ1ciUzRCVFNCVCOCVBRCVFNSVCMSVCMSUyNmxyJTNEJUU0JUI4JUFEJUU1JUIxJUIxJTI2ZnQlM0QlN0IlN0Q%3D#from=mpl_search_suggest,-1.0,N/A,有一个新近开发的游览圣地－－海安白沙湾浏览区。这里白色的沙滩随海湾宛然伸展，沙滩旁绿树婆娑，海水蔚蓝清彻。清风徐来，海天一色，确是游泳、观赏、玩耍的好地方。海安白沙湾浏览区总面积2510亩，地域面积260亩，水域面积2250亩。现已建成通水通电的游览区，建有淡水冲凉更衣室、商场、鱼池等，设有游艇、帐篷、太阳伞、救生圈、浮排等游泳器具。还准备建设？琼台、钓鱼台，开辟海安港排尾角海上游览，开通海安港至游览区一海里的海上航线，引进深圳“海上世界”的项目。这里鱼虾蛤螺蟮等海产品一应俱全，加上椰子果十分便宜，一元钱一只椰子，打开来便可吃到椰子果和纯天然椰子汁。有得食，有得玩，吸引着不少游人。游览区1991年5月4日开业以来，便了十五万人次的游客，高峰时一天达到七、八千万人次。下面的诗句，就是白沙湾浏览区的写照：白沙湾是好地方，排尾灯楼红坎障，青山绿水浪平静，沙白如绵诱游人。南海泱泱荡白沙，汤公曾此泛灵槎，半环绿树抱春色，双角层岩隔浪花。岸阔滩平横十里，风清波静望无涯，登山泳水随君意，今古游人众口夸。,01/01-12/31；9:00-16:30开园,https://imgs.qunarzz.com/sight/p55/201211/04/035738dc9dbb5b2593835fbb.jpg_710x360_3e8c4720.jpg〇https://qimgs.qunarzz.com/piao_qsight_provider_piao_qsight_web/16e4183b588ac9c2581d2c6a3a59772c.jpg_710x360_1fff18c2.jpg〇https://qimgs.qunarzz.com/piao_qsight_provider_piao_qsight_web/878b0f31386f9cf73a8911498f1aad94.jpg_710x360_3b0abed9.jpg〇https://qimgs.qunarzz.com/piao_qsight_provider_piao_qsight_web/6718e76d33c5a437cefce2ea6b6ead54.jpg_710x360_ca9b99ad.jpg〇https://qimgs.qunarzz.com/piao_qsight_provider_piao_qsight_web/a2db8cab351e0496337b6ab58bf014bc.jpg_710x360_8eda0aef.jpg〇https://qimgs.qunarzz.com/piao_qsight_provider_piao_qsight_web/84e039673265dbf13615ba62e724ec53.jpg_710x360_9d405232.jpg〇https://qimgs.qunarzz.com/piao_qsight_provider_piao_qsight_web/4178205addbbc3fc80584133d5c1f85a.jpg_710x360_244e9704.jpg〇https://qimgs.qunarzz.com/piao_qsight_provider_piao_qsight_web/f50f9f45f274b8c352ab8c19198e13e5.jpg_710x360_284ac789.jpg〇https://qimgs.qunarzz.com/piao_qsight_provider_piao_qsight_web/abd6fee8b320f0cb39e6f1117482801a.jpg_710x360_be3b05d6.jpg〇https://qimgs.qunarzz.com/piao_qsight_provider_piao_qsight_web/4b02770677b7d285a92237658e645fdc.jpg_710x360_c6451bb1.jpg〇https://qimgs.qunarzz.com/piao_qsight_provider_piao_qsight_web/2f8a0be655a7b95c39396ca08b5d6be1.jpg_710x360_2a47a824.jpg〇https://qimgs.qunarzz.com/piao_qsight_provider_piao_qsight_web/9688083edc645f7cf4dad391372bd29a.jpg_710x360_c554870b.jpg〇https://qimgs.qunarzz.com/piao_qsight_provider_piao_qsight_web/61a78bdf98e3719480b94e6327f3fc0a.jpg_710x360_9f2488ac.jpg〇https://qimgs.qunarzz.com/piao_qsight_provider_piao_qsight_web/38d57ec4272f4f3fa43bc157c77fe97b.jpg_710x360_a506c2f1.jpg〇https://qimgs.qunarzz.com/piao_qsight_provider_piao_qsight_web/5fa582b3e3df5de8d750222548eea1cb.jpg_710x360_775cd1ca.jpg,"{""ret"": true, ""data"": {""tagList"": [{""tagType"": 2, ""tagScore"": 5, ""tagNum"": 3, ""tagName"": ""\u4e2d\u8bc4""}, {""tagType"": 1, ""tagScore"": 5, ""tagNum"": 1, ""tagName"": ""\u597d\u8bc4""}, {""tagType"": 0, ""tagScore"": 5, ""tagNum"": 4, ""tagName"": ""\u5168\u90e8""}], ""commentList"": [{""author"": ""W*6"", ""content"": ""\u5f88\u597d\u73a9\u7684\u5730\u65b9\uff0c\u666f\u89c2\u5f88\u6f02\u4eae"", ""date"": ""2016-12-14"", ""score"": 5, ""commentId"": ""136019464"", ""imgs"": [], ""userNickName"": ""W*6"", ""replyCityName"": """", ""cityName"": """"}, {""author"": ""\u7eff*\u8bed"", ""content"": ""\u666f\u70b9\u633a\u597d\u7684\uff0c\u6c99\u5b50\u771f\u7684\u5f88\u767d\uff0c\u6930\u6797\uff0c\u6c99\u6ee9"", ""date"": ""2016-05-04"", ""score"": 3, ""commentId"": ""115104969"", ""imgs"": [], ""userNickName"": ""\u7eff*\u8bed"", ""replyCityName"": """", ""cityName"": """"}, {""author"": ""u*8"", ""content"": ""\u98ce\u666f\u5f88\u7f8e\uff0c\u5f88\u6e05\u65b0\uff0c\u4ee4\u4eba\u96be\u4ee5\u5fd8\u8bb0\u2026\u2026"", ""date"": ""2015-08-31"", ""score"": 3, ""commentId"": ""73038862"", ""imgs"": [], ""userNickName"": ""u*8"", ""replyCityName"": """", ""cityName"": """"}, {""author"": ""l*4"", ""content"": ""\u6c99\u6ee9\u8fd8\u662f\u4e0d\u9519\u7684\u3002\u5916\u5730\u7684\u670b\u53cb\u503c\u5f97\u6765\u770b\u770b"", ""date"": ""2015-07-29"", ""score"": 3, ""commentId"": ""62826670"", ""imgs"": [], ""userNickName"": ""l*4"", ""replyCityName"": """", ""cityName"": """"}], ""score"": 3.5, ""commentCount"": 4}, ""statusCode"": 200}"
海安杏磊湾温泉,https://imgs.qunarzz.com/sight/p0/201212/24/16ddbd1ad839281293835fbb.png_280x200_da3d62e1.png,湛江市,徐闻县,湛江市徐闻县海安经济开发区杏磊湾温泉度假村,42,4.2,泡温泉坐拥琼州海峡美景,https://piao.qunar.com/ticket/detail_200757028.html?st=a3clM0QlRTUlQkUlOTAlRTklOTclQkIlRTUlOEUlQkYlMjZpZCUzRDM1NTAxJTI2dHlwZSUzRDAlMjZpZHglM0Q0JTI2cXQlM0QlMjZhcGslM0QyJTI2c2MlM0RXV1clMjZ1ciUzRCVFNCVCOCVBRCVFNSVCMSVCMSUyNmxyJTNEJUU0JUI4JUFEJUU1JUIxJUIxJTI2ZnQlM0QlN0IlN0Q%3D#from=mpl_search_suggest,-1.0,N/A,它由徐闻县海安旅游渡假中心有限公司投资兴建、由海南金银岛酒店管理有限公司管理的一家集滨海、旅游、休闲、度假为一体的四星级酒店。它与海口金银岛大酒店、兴隆金银岛温泉大酒店、三亚金银岛海景大酒店同为海南金银岛酒店管理有限公司管理的连锁酒店。海安杏磊湾温泉度假村水陆交通十分便利、207国道边的徐闻县海安经济开发试验区内的著名的天然风景旅游度假区——杏磊湾，距海安客运码头2公里，距离徐闻县城6公里，距粤海铁路海安北港10公里，距徐闻火车站10公里。海安杏磊湾温泉度假村毗邻大海，环境优美。您足不出户便可透过宽敞明亮的窗户观赏碧波浩渺的琼州海峡，倾听海涛悠歌，感受迷人的椰风海韵，海口市的群楼尽现眼前，胜似海市蜃楼。海安杏磊湾温泉度假村为您提供120套各类豪华海景客房、中西餐厅、茶艺馆、大堂吧、会议中心、室外温泉游泳池、夜总会、网球场、SPA水疗中心、水上乐园等服务设施。,17:30-23:30,https://imgs.qunarzz.com/sight/p0/201212/24/16ddbd1ad839281293835fbb.png_710x360_917fc55c.png〇https://imgs.qunarzz.com/sight/p0/201301/11/db2e5bb5b7e3739993835fbb.png_710x360_4c582edd.png〇https://imgs.qunarzz.com/sight/p0/201301/11/fafb9804e034821f93835fbb.png_710x360_14c6f58f.png〇https://imgs.qunarzz.com/sight/p0/201212/24/f5b6e688175c634093835fbb.png_710x360_8721734b.png〇https://imgs.qunarzz.com/sight/p0/201212/24/6fb628b6fd91d07e93835fbb.png_710x360_c6ea5a09.png〇https://imgs.qunarzz.com/sight/p0/201212/24/0138627a035c8a6293835fbb.png_710x360_701d28cf.png〇https://imgs.qunarzz.com/sight/p0/201212/24/b47566522105e4f593835fbb.png_710x360_d0531d72.png,"{""ret"": true, ""data"": {""tagList"": [{""tagType"": 2, ""tagScore"": 5, ""tagNum"": 4, ""tagName"": ""\u4e2d\u8bc4""}, {""tagType"": 1, ""tagScore"": 5, ""tagNum"": 35, ""tagName"": ""\u597d\u8bc4""}, {""tagType"": 0, ""tagScore"": 5, ""tagNum"": 42, ""tagName"": ""\u5168\u90e8""}], ""commentList"": [{""author"": ""c*0"", ""content"": ""\u7528\u6237\u672a\u70b9\u8bc4\uff0c\u7cfb\u7edf\u9ed8\u8ba4\u597d\u8bc4\u3002"", ""date"": ""2022-07-27"", ""score"": 5, ""commentId"": ""222603784"", ""imgs"": [], ""userNickName"": ""c*0"", ""replyCityName"": """", ""cityName"": """"}, {""author"": ""z*o"", ""content"": ""\u7528\u6237\u672a\u70b9\u8bc4\uff0c\u7cfb\u7edf\u9ed8\u8ba4\u597d\u8bc4\u3002"", ""date"": ""2019-08-13"", ""score"": 5, ""commentId"": ""211531940"", ""imgs"": [], ""userNickName"": ""z*o"", ""replyCityName"": """", ""cityName"": """"}, {""author"": ""z*0"", ""content"": ""\u7528\u6237\u672a\u70b9\u8bc4\uff0c\u7cfb\u7edf\u9ed8\u8ba4\u597d\u8bc4\u3002"", ""date"": ""2019-05-21"", ""score"": 5, ""commentId"": ""210442590"", ""imgs"": [], ""userNickName"": ""z*0"", ""replyCityName"": """", ""cityName"": """"}, {""author"": ""\u9633*\u671b"", ""content"": ""\u6e29\u6cc9\u5f88\u8212\u670d\uff0c\u6d17\u540e\u76ae\u80a4\u6ed1\u6ed1\u7684\uff0c\u5982\u540c\u4e0a\u4e86\u4e00\u5c42\u8584\u8584\u7684\u5929\u7136\u91c9\u8d28"", ""date"": ""2019-06-02"", ""score"": 3, ""commentId"": ""210786660"", ""imgs"": [], ""userNickName"": ""\u9633*\u671b"", ""replyCityName"": """", ""cityName"": """"}, {""author"": ""q*n"", ""content"": ""\u8fd9\u4e2a\u5730\u65b9\u7684\u6e29\u6cc9\u5f88\u8212\u670d\uff0c\u6d17\u540e\u76ae\u80a4\u6ed1\u6ed1\u7684\uff0c\u5982\u540c\u4e0a\u4e86\u4e00\u5c42\u8584\u8584\u7684\u5929\u7136\u91c9\u8d28\u3002\u56e0\u4e3a\u8fd9\u4e00\u7f18\u6545\u5427\uff0c\u5438\u5f15\u4e86\u597d\u591a\u8fdc\u8fd1\u6155\u540d\u800c\u6765\u7684\u6e38\u5ba2\u5149\u987e\u3002"", ""date"": ""2018-08-11"", ""score"": 4, ""commentId"": ""207176852"", ""imgs"": [], ""userNickName"": ""q*n"", ""replyCityName"": """", ""cityName"": """"}, {""author"": ""M*5"", ""content"": ""\u666f\u8272\u4f18\u7f8e\uff0c\u73af\u5883\u4f73\u3002\u89c6\u91ce\u5f00\u9614\uff0c\u5f00\u7684\u8fdc\u3002"", ""date"": ""2018-05-17"", ""score"": 5, ""commentId"": ""206574035"", ""imgs"": [{""small"": ""https://imgs.qunarzz.com/p/tts3/1806/db/a51ccb063f810b02.jpg_120x120_9b196f8d.jpg"", ""title"": """", ""big"": ""https://imgs.qunarzz.com/p/tts3/1806/db/a51ccb063f810b02.jpg""}, {""small"": ""https://imgs.qunarzz.com/p/tts3/1806/14/2b20714dd326dc02.jpg_120x120_4b3f116d.jpg"", ""title"": """", ""big"": ""https://imgs.qunarzz.com/p/tts3/1806/14/2b20714dd326dc02.jpg""}], ""userNickName"": ""M*5"", ""replyCityName"": """", ""cityName"": """"}, {""author"": ""\u6ec7*\u5ba2"", ""content"": ""\u8fd9\u4e2a\u5730\u65b9\u7684\u6e29\u6cc9\u5f88\u8212\u670d\uff0c\u6d17\u540e\u76ae\u80a4\u6ed1\u6ed1\u7684\uff0c\u5982\u540c\u4e0a\u4e86\u4e00\u5c42\u8584\u8584\u7684\u5929\u7136\u91c9\u8d28\u3002\u56e0\u4e3a\u8fd9\u4e00\u7f18\u6545\u5427\uff0c\u5438\u5f15\u4e86\u597d\u591a\u8fdc\u8fd1\u6155\u540d\u800c\u6765\u7684\u6e38\u5ba2\u5149\u987e\u3002"", ""date"": ""2017-04-30"", ""score"": 4, ""commentId"": ""204923618"", ""imgs"": [{""small"": ""https://imgs.qunarzz.com/p/tts9/1801/83/c181cad2d34a7102.jpg_120x120_0d6f6564.jpg"", ""title"": """", ""big"": ""https://imgs.qunarzz.com/p/tts9/1801/83/c181cad2d34a7102.jpg""}, {""small"": ""https://imgs.qunarzz.com/p/tts0/1801/14/166132b5f4a5da02.jpg_120x120_26ea8e12.jpg"", ""title"": """", ""big"": ""https://imgs.qunarzz.com/p/tts0/1801/14/166132b5f4a5da02.jpg""}, {""small"": ""https://imgs.qunarzz.com/p/tts8/1801/45/7e936770106d6f02.jpg_120x120_32d2b67b.jpg"", ""title"": """", ""big"": ""https://imgs.qunarzz.com/p/tts8/1801/45/7e936770106d6f02.jpg""}], ""userNickName"": ""\u6ec7*\u5ba2"", ""replyCityName"": """", ""cityName"": """"}, {""author"": ""q*n"", ""content"": ""\u8fd9\u4e2a\u5730\u65b9\u7684\u6e29\u6cc9\u5f88\u8212\u670d\uff0c\u6d17\u540e\u76ae\u80a4\u6ed1\u6ed1\u7684\uff0c\u5982\u540c\u4e0a\u4e86\u4e00\u5c42\u8584\u8584\u7684\u5929\u7136\u91c9\u8d28\u3002\u56e0\u4e3a\u8fd9\u4e00\u7f18\u6545\u5427\uff0c\u5438\u5f15\u4e86\u597d\u591a\u8fdc\u8fd1\u6155\u540d\u800c\u6765\u7684\u6e38\u5ba2\u5149\u987e\u3002"", ""date"": ""2017-04-30"", ""score"": 0, ""commentId"": ""216173747"", ""imgs"": [{""small"": ""https://img1.qunarzz.com/p/tts8/1801/45/7e936770106d6f02.jpg_120x120_32d2b67b.jpg"", ""title"": """", ""big"": ""https://img1.qunarzz.com/p/tts8/1801/45/7e936770106d6f02.jpg""}, {""small"": ""https://img1.qunarzz.com/p/tts0/1801/14/166132b5f4a5da02.jpg_120x120_26ea8e12.jpg"", ""title"": """", ""big"": ""https://img1.qunarzz.com/p/tts0/1801/14/166132b5f4a5da02.jpg""}, {""small"": ""https://img1.qunarzz.com/p/tts9/1801/83/c181cad2d34a7102.jpg_120x120_0d6f6564.jpg"", ""title"": """", ""big"": ""https://img1.qunarzz.com/p/tts9/1801/83/c181cad2d34a7102.jpg""}], ""userNickName"": ""q*n"", ""replyCityName"": """", ""cityName"": """"}, {""author"": ""\u5c0f*\u7f8e"", ""content"": ""\u73af\u5883\u4e0d\u9519\uff0c\u6ce1\u6e29\u6cc9\u5f88\u8212\u670d\uff0c\u5c31\u662f\u5f00\u653e\u7684\u6c60\u5b50\u592a\u5c11"", ""date"": ""2017-10-31"", ""score"": 4, ""commentId"": ""203951638"", ""imgs"": [], ""userNickName"": ""\u5c0f*\u7f8e"", ""replyCityName"": """", ""cityName"": """"}, {""author"": ""y*j"", ""content"": ""\u9152\u5e97\u73af\u5883\u4f18\u7f8e\u5bbd\u9614\uff0c\u6d77\u8fb9\u6563\u6b65\u6ce1\u6e29\u6cc9\u771f\u597d\uff01"", ""date"": ""2017-06-06"", ""score"": 5, ""commentId"": ""205023199"", ""imgs"": [], ""userNickName"": ""y*j"", ""replyCityName"": """", ""cityName"": """"}], ""score"": 4.2, ""commentCount"": 42}, ""statusCode"": 200}"
大汉三墩景区,https://imgs.qunarzz.com/sight/p0/201401/27/51285117636d01cd8fb55aff49c12225.jpg_280x200_7b0f755e.jpg,湛江市,徐闻县,广东省徐闻县南山镇南山下村（火车轮渡码头旁边）,2,2.5,以“汉代海上丝绸之路文化”为主题,https://piao.qunar.com/ticket/detail_3121107684.html?st=a3clM0QlRTUlQkUlOTAlRTklOTclQkIlRTUlOEUlQkYlMjZpZCUzRDE5MzU3OSUyNnR5cGUlM0QwJTI2aWR4JTNEMyUyNnF0JTNEJTI2YXBrJTNEMiUyNnNjJTNEV1dXJTI2dXIlM0QlRTQlQjglQUQlRTUlQjElQjElMjZsciUzRCVFNCVCOCVBRCVFNSVCMSVCMSUyNmZ0JTNEJTdCJTdE#from=mpl_search_suggest,198.0,N/A,大汉三墩旅游区位于广东省徐闻县南山镇，即汉代海上丝绸之路始发港遗址所在地，紧靠粤海铁路北港码头，规划面积达,01/01-12/31；全天开放,https://imgs.qunarzz.com/sight/p0/201401/27/51285117636d01cd8fb55aff49c12225.jpg_710x360_aea124d0.jpg〇https://imgs.qunarzz.com/sight/p0/201401/27/4f1daafbef00c34f0d20e90f12c82581.jpg_710x360_55a3a1f5.jpg〇https://qimgs.qunarzz.com/piao_qsight_provider_piao_qsight_web/68722dfdd0a86702.jpg_710x360_f263daba.jpg〇https://qimgs.qunarzz.com/piao_qsight_provider_piao_qsight_web/fcfb5fe586350d02.jpg_710x360_bc69002d.jpg〇https://qimgs.qunarzz.com/piao_qsight_provider_piao_qsight_web/97483a6bf66b9d02.jpg_710x360_dcb20848.jpg〇https://qimgs.qunarzz.com/piao_qsight_provider_piao_qsight_web/9515e1dd6de17302.jpg_710x360_733e4042.jpg〇https://qimgs.qunarzz.com/piao_qsight_provider_piao_qsight_web/0cb66ba8b5853502.jpg_710x360_6b316a29.jpg〇https://qimgs.qunarzz.com/piao_qsight_provider_piao_qsight_web/d539de60955c6d02.jpg_710x360_ff6c4983.jpg〇https://qimgs.qunarzz.com/piao_qsight_provider_piao_qsight_web/205d47a67ea542a9b54106adaf6b1fde.jpg_710x360_5426dd47.jpg〇https://qimgs.qunarzz.com/piao_qsight_provider_piao_qsight_web/19ee6302ff054937.jpg_710x360_baae595e.jpg,"{""ret"": true, ""data"": {""tagList"": [{""tagType"": 3, ""tagScore"": 5, ""tagNum"": 1, ""tagName"": ""\u5dee\u8bc4""}, {""tagType"": 1, ""tagScore"": 5, ""tagNum"": 1, ""tagName"": ""\u597d\u8bc4""}, {""tagType"": 0, ""tagScore"": 5, ""tagNum"": 2, ""tagName"": ""\u5168\u90e8""}], ""commentList"": [{""author"": ""z*7"", ""content"": ""\u5c31\u662f\u5c0f\u77f3\u6ee9\uff0c\u5230\u5904\u662f\u77f3\u5934\u3002\u4e0d\u597d\u73a9\u3002"", ""date"": ""2021-05-02"", ""score"": 1, ""commentId"": ""218603296"", ""imgs"": [], ""userNickName"": ""z*7"", ""replyCityName"": """", ""cityName"": """"}, {""author"": ""\u4ed6*\u535c"", ""content"": ""\u98ce\u666f\u7684\u8bdd\u5728\u8fd9\u8fb9\u4e0d\u7b97\u662f\u5f88\u51fa\u5f69\uff0c\u4e0d\u8fc7\u4e86\u89e3\u5386\u53f2\u8fd8\u662f\u5f88\u6709\u610f\u601d\u7684\u3002"", ""date"": ""2016-08-18"", ""score"": 4, ""commentId"": ""125640404"", ""imgs"": [{""small"": ""https://imgs.qunarzz.com/piao/fusion/1608/42/d539de60955c6d02.jpg_120x120_c5f12dc9.jpg"", ""title"": """", ""big"": ""https://imgs.qunarzz.com/piao/fusion/1608/42/d539de60955c6d02.jpg""}, {""small"": ""https://imgs.qunarzz.com/piao/fusion/1608/36/0cb66ba8b5853502.jpg_120x120_85496af5.jpg"", ""title"": """", ""big"": ""https://imgs.qunarzz.com/piao/fusion/1608/36/0cb66ba8b5853502.jpg""}, {""small"": ""https://imgs.qunarzz.com/piao/fusion/1608/ce/9515e1dd6de17302.jpg_120x120_b7b48d6f.jpg"", ""title"": """", ""big"": ""https://imgs.qunarzz.com/piao/fusion/1608/ce/9515e1dd6de17302.jpg""}, {""small"": ""https://imgs.qunarzz.com/piao/fusion/1608/7c/97483a6bf66b9d02.jpg_120x120_ea31d24d.jpg"", ""title"": """", ""big"": ""https://imgs.qunarzz.com/piao/fusion/1608/7c/97483a6bf66b9d02.jpg""}, {""small"": ""https://imgs.qunarzz.com/piao/fusion/1608/29/fcfb5fe586350d02.jpg_120x120_236889ac.jpg"", ""title"": """", ""big"": ""https://imgs.qunarzz.com/piao/fusion/1608/29/fcfb5fe586350d02.jpg""}, {""small"": ""https://imgs.qunarzz.com/piao/fusion/1608/6b/68722dfdd0a86702.jpg_120x120_34f907f0.jpg"", ""title"": """", ""big"": ""https://imgs.qunarzz.com/piao/fusion/1608/6b/68722dfdd0a86702.jpg""}], ""userNickName"": ""\u4ed6*\u535c"", ""replyCityName"": """", ""cityName"": """"}], ""score"": 2.5, ""commentCount"": 2}, ""statusCode"": 200}"
灯楼角,https://qimgs.qunarzz.com/piao_qsight_provider_piao_qsight_web/01055120008qixoxl8D7C_C_900_504.jpg_280x200_6729e7c1.jpg,湛江市,徐闻县,广东省湛江市徐闻县西海岸边角尾乡呷角,4,4.8,观西式建筑遗迹和壮观海景,https://piao.qunar.com/ticket/detail_2474617372.html?st=a3clM0QlRTUlQkUlOTAlRTklOTclQkIlRTUlOEUlQkYlMjZpZCUzRDM1OTIlMjZ0eXBlJTNEMCUyNmlkeCUzRDIlMjZxdCUzRCUyNmFwayUzRDIlMjZzYyUzRFdXVyUyNnVyJTNEJUU0JUI4JUFEJUU1JUIxJUIxJTI2bHIlM0QlRTQlQjglQUQlRTUlQjElQjElMjZmdCUzRCU3QiU3RA%3D%3D#from=mpl_search_suggest,148.0,N/A,灯楼角，位于徐城镇西南海滨，徐闻盐场灯楼工区东南２至３公里处，三面环海，有一角状沙滩前伸入海。该角与海南岛临高角对峙，海峡宽１２海里，为海上交通要冲。该角西南方和东南方海中均有险礁暗石。光绪十六年（１８９０年）于此地建造灯塔，故得名。该角面积约３０００平方米。这里有银白的沙滩，玲珑的贝壳，洋人留下的房屋、水并遗址，并有挺拨的绿椰，葳蕤的林麻黄，婆娑的路兜勒，悦目的闲花野草。建国后重建的灯塔圆简形，高１５米，浑身洁白，活像白玉砌成的宝塔耸立在角上，雄伟醒目。每当晨曦初照时，海面一片金黄，角上也披上了金光，绚丽辉煌；斜阳西坠，晚霞挂彩时，灯塔闪光，海面上片血红，给围堤、盐田、林梢抹上梦幻般的色彩，显得神奇、恬静而瑰丽。在这里可观晨曦夕阳下的佳景。放眼西南海面，有时右看到奇特的“排浪”。“排浪”数里长，象银色的长堤，一道接一道，从海南远处滚滚而来，煞是壮观。,1/1-12/31；周一至周日；全天开放,https://qimgs.qunarzz.com/piao_qsight_provider_piao_qsight_web/01055120008qixoxl8D7C_C_900_504.jpg_710x360_132f1461.jpg〇https://qimgs.qunarzz.com/piao_qsight_provider_piao_qsight_web/0104r120008qixiww6AEC_C_900_504_Q90_Mtg_7.jpg_710x360_f69aa69c.jpg〇https://qimgs.qunarzz.com/piao_qsight_provider_piao_qsight_web/0105h120008qixccyC6EE_C_900_504_Q90_Mtg_7.jpg_710x360_1886c5ac.jpg〇https://qimgs.qunarzz.com/piao_qsight_provider_piao_qsight_web/01055120008qixoxl8D7C_C_900_504_Q90_Mtg_7.jpg_710x360_f9b5888a.jpg〇https://qimgs.qunarzz.com/piao_qsight_provider_piao_qsight_web/066a6b6b2c6a0f75364d0db3706ffeba.jpg_710x360_6790baa1.jpg〇https://qimgs.qunarzz.com/piao_qsight_provider_piao_qsight_web/3ccb5b035e2fdb02.jpg_710x360_e9a3f497.jpg〇https://qimgs.qunarzz.com/piao_qsight_provider_piao_qsight_web/54487dc8ad56d202.jpg_710x360_e8ffebea.jpg〇https://qimgs.qunarzz.com/piao_qsight_provider_piao_qsight_web/37117ebbabb8fa02.jpg_710x360_d015852c.jpg〇https://qimgs.qunarzz.com/piao_qsight_provider_piao_qsight_web/c4bf3220f5b49302.jpg_710x360_61c1382f.jpg〇https://qimgs.qunarzz.com/piao_qsight_provider_piao_qsight_web/d0982dfbb1bf7d02.jpg_710x360_eb2e3873.jpg〇https://qimgs.qunarzz.com/piao_qsight_provider_piao_qsight_web/90b3812f15824802.jpg_710x360_22a67aba.jpg〇https://qimgs.qunarzz.com/piao_qsight_provider_piao_qsight_web/c5d08618e8216a02.jpg_710x360_d8d915ec.jpg〇https://qimgs.qunarzz.com/piao_qsight_provider_piao_qsight_web/a58b333f3eec3e02.jpg_710x360_279e1d11.jpg〇https://qimgs.qunarzz.com/piao_qsight_provider_piao_qsight_web/c6d3772629e1c202.jpg_710x360_7ba6371c.jpg〇https://qimgs.qunarzz.com/piao_qsight_provider_piao_qsight_web/128667b20e2e0902.jpg_710x360_e9b771c0.jpg〇https://qimgs.qunarzz.com/piao_qsight_provider_piao_qsight_web/eef95efa5089102.jpg_710x360_937ea09c.jpg〇https://qimgs.qunarzz.com/piao_qsight_provider_piao_qsight_web/68bb8bacc7544b02.jpg_710x360_7d47806f.jpg〇https://qimgs.qunarzz.com/piao_qsight_provider_piao_qsight_web/23f541aa71a60302.jpg_710x360_c3c1924d.jpg〇https://qimgs.qunarzz.com/piao_qsight_provider_piao_qsight_web/1168aabcc883b302.jpg_710x360_e316e589.jpg〇https://qimgs.qunarzz.com/piao_qsight_provider_piao_qsight_web/5486da7de2bd0902.jpg_710x360_b35fc03e.jpg〇https://qimgs.qunarzz.com/piao_qsight_provider_piao_qsight_web/7bd6f5645605e602.jpg_710x360_198b5396.jpg〇https://qimgs.qunarzz.com/piao_qsight_provider_piao_qsight_web/93d1d6c981564892b1921f7420173da8.jpg_710x360_0eca1ec2.jpg〇https://qimgs.qunarzz.com/piao_qsight_provider_piao_qsight_web/938fdfe2df3e288c545d3554f19e404c.jpg_710x360_e2aab44d.jpg〇https://qimgs.qunarzz.com/piao_qsight_provider_piao_qsight_web/a651accc81527880744f53614a834f17.jpg_710x360_02e1a37d.jpg,"{""ret"": true, ""data"": {""tagList"": [{""tagType"": 1, ""tagScore"": 5, ""tagNum"": 4, ""tagName"": ""\u597d\u8bc4""}, {""tagType"": 0, ""tagScore"": 5, ""tagNum"": 4, ""tagName"": ""\u5168\u90e8""}], ""commentList"": [{""author"": ""o*5"", ""content"": ""\u7528\u6237\u672a\u70b9\u8bc4\uff0c\u7cfb\u7edf\u9ed8\u8ba4\u597d\u8bc4\u3002"", ""date"": ""2024-03-14"", ""score"": 5, ""commentId"": ""232060703"", ""imgs"": [], ""userNickName"": ""o*5"", ""replyCityName"": """", ""cityName"": """"}, {""author"": ""\u590f*\u4f60"", ""content"": ""\u4f5c\u4e3a\u4e00\u4e2a\u5f90\u95fb\u4eba\uff0c\u8001\u8dd1\u53bb\u5916\u9762\u5230\u5904\u65c5\u884c\uff0c\u5374\u4e0d\u77e5\u9053\u539f\u6765\u81ea\u5df1\u7684\u5bb6\u4e61\u4e5f\u6709\u8fd9\u4e48\u597d\u770b\u7684\u6d77\u6ee9\uff0c\u4eba\u4e5f\u4e0d\u591a\uff0c\u7279\u522b\u60ec\u610f\uff01\u800c\u4e14\u9000\u6f6e\u540e\u7684\u6d77\u6ee9\u522b\u6709\u4e00\u756a\u98ce\u60c5\ud83d\ude0d\ud83d\ude0d\u4e0d\u8fc7\u7b2c\u4e00\u6b21\u6765\uff0c\u5fd8\u8bb0\u5e26\u62d6\u978b\u548c\u6cf3\u8863\u4e86\uff0c\u6709\u70b9\u9057\u61be\uff0c\u671f\u5f85\u4e0b\u6b21\u89c1\ud83d\ude09\ud83d\ude09"", ""date"": ""2019-10-12"", ""score"": 5, ""commentId"": ""212682755"", ""imgs"": [{""small"": ""https://imgs.qunarzz.com/piao/fusion/1910/6f/c6d3772629e1c202.jpg_120x120_c01b23be.jpg"", ""title"": """", ""big"": ""https://imgs.qunarzz.com/piao/fusion/1910/6f/c6d3772629e1c202.jpg""}, {""small"": ""https://imgs.qunarzz.com/piao/fusion/1910/bc/a58b333f3eec3e02.jpg_120x120_832c1786.jpg"", ""title"": """", ""big"": ""https://imgs.qunarzz.com/piao/fusion/1910/bc/a58b333f3eec3e02.jpg""}, {""small"": ""https://imgs.qunarzz.com/piao/fusion/1910/ab/c5d08618e8216a02.jpg_120x120_e5c51090.jpg"", ""title"": """", ""big"": ""https://imgs.qunarzz.com/piao/fusion/1910/ab/c5d08618e8216a02.jpg""}, {""small"": ""https://imgs.qunarzz.com/piao/fusion/1910/9d/90b3812f15824802.jpg_120x120_38af88fa.jpg"", ""title"": """", ""big"": ""https://imgs.qunarzz.com/piao/fusion/1910/9d/90b3812f15824802.jpg""}, {""small"": ""https://imgs.qunarzz.com/piao/fusion/1910/f4/d0982dfbb1bf7d02.jpg_120x120_e2a3addd.jpg"", ""title"": """", ""big"": ""https://imgs.qunarzz.com/piao/fusion/1910/f4/d0982dfbb1bf7d02.jpg""}, {""small"": ""https://imgs.qunarzz.com/piao/fusion/1910/2b/c4bf3220f5b49302.jpg_120x120_202cd33f.jpg"", ""title"": """", ""big"": ""https://imgs.qunarzz.com/piao/fusion/1910/2b/c4bf3220f5b49302.jpg""}, {""small"": ""https://imgs.qunarzz.com/piao/fusion/1910/d5/37117ebbabb8fa02.jpg_120x120_fd2f0736.jpg"", ""title"": """", ""big"": ""https://imgs.qunarzz.com/piao/fusion/1910/d5/37117ebbabb8fa02.jpg""}, {""small"": ""https://imgs.qunarzz.com/piao/fusion/1910/44/54487dc8ad56d202.jpg_120x120_4fa9bcd3.jpg"", ""title"": """", ""big"": ""https://imgs.qunarzz.com/piao/fusion/1910/44/54487dc8ad56d202.jpg""}, {""small"": ""https://imgs.qunarzz.com/piao/fusion/1910/9f/3ccb5b035e2fdb02.jpg_120x120_c2b9fd11.jpg"", ""title"": """", ""big"": ""https://imgs.qunarzz.com/piao/fusion/1910/9f/3ccb5b035e2fdb02.jpg""}], ""userNickName"": ""\u590f*\u4f60"", ""replyCityName"": """", ""cityName"": """"}, {""author"": ""m*1"", ""content"": ""\u5750\u6c7d\u8f66\u5bb9\u6613\u5835\uff0c\u9009\u62e9\u5750\u6469\u7684\u4f1a\u81ea\u7531\u8bb8\u591a\u3002\u5f53\u5730\u5f88\u591a\u505a\u751f\u610f\u7684\uff0c\u611f\u89c9\u6ca1\u6709\u592a\u597d\u770b\uff0c\u5c31\u662f\u4e00\u4e9b\u6253\u5361\u5efa\u7b51 \u4f46\u662f\u65c1\u8fb9\u7684\u6d77\u6ee9\u7f8e\u54ed\u4e86"", ""date"": ""2019-02-08"", ""score"": 5, ""commentId"": ""209241384"", ""imgs"": [{""small"": ""https://imgs.qunarzz.com/piao/fusion/1902/76/7bd6f5645605e602.jpg_120x120_e4b85bc2.jpg"", ""title"": """", ""big"": ""https://imgs.qunarzz.com/piao/fusion/1902/76/7bd6f5645605e602.jpg""}, {""small"": ""https://imgs.qunarzz.com/piao/fusion/1902/f4/14e074a079e34b02.jpg_120x120_cebab33b.jpg"", ""title"": """", ""big"": ""https://imgs.qunarzz.com/piao/fusion/1902/f4/14e074a079e34b02.jpg""}, {""small"": ""https://imgs.qunarzz.com/piao/fusion/1902/76/5486da7de2bd0902.jpg_120x120_f3b900f4.jpg"", ""title"": """", ""big"": ""https://imgs.qunarzz.com/piao/fusion/1902/76/5486da7de2bd0902.jpg""}, {""small"": ""https://imgs.qunarzz.com/piao/fusion/1902/89/1168aabcc883b302.jpg_120x120_f1f0beba.jpg"", ""title"": """", ""big"": ""https://imgs.qunarzz.com/piao/fusion/1902/89/1168aabcc883b302.jpg""}, {""small"": ""https://imgs.qunarzz.com/piao/fusion/1902/9d/f23eed5a9456ff02.jpg_120x120_7dae2dcd.jpg"", ""title"": """", ""big"": ""https://imgs.qunarzz.com/piao/fusion/1902/9d/f23eed5a9456ff02.jpg""}, {""small"": ""https://imgs.qunarzz.com/piao/fusion/1902/ef/23f541aa71a60302.jpg_120x120_692325c4.jpg"", ""title"": """", ""big"": ""https://imgs.qunarzz.com/piao/fusion/1902/ef/23f541aa71a60302.jpg""}, {""small"": ""https://imgs.qunarzz.com/piao/fusion/1902/a9/68bb8bacc7544b02.jpg_120x120_793cf36c.jpg"", ""title"": """", ""big"": ""https://imgs.qunarzz.com/piao/fusion/1902/a9/68bb8bacc7544b02.jpg""}, {""small"": ""https://imgs.qunarzz.com/piao/fusion/1902/42/eef95efa5089102.jpg_120x120_afb9d7d1.jpg"", ""title"": """", ""big"": ""https://imgs.qunarzz.com/piao/fusion/1902/42/eef95efa5089102.jpg""}, {""small"": ""https://imgs.qunarzz.com/piao/fusion/1902/bf/128667b20e2e0902.jpg_120x120_3e3182d2.jpg"", ""title"": """", ""big"": ""https://imgs.qunarzz.com/piao/fusion/1902/bf/128667b20e2e0902.jpg""}], ""userNickName"": ""m*1"", ""replyCityName"": """", ""cityName"": """"}, {""author"": ""\u5915*\u975e"", ""content"": ""\u767e\u5ea6\u767e\u79d1\u8bf4\u706f\u89d2\u697c\u540d\u5b57\u7531\u6765\u662f\uff5e\u8be5\u89d2\u4e0e\u6d77\u5357\u5c9b\u4e34\u9ad8\u89d2\u5bf9\u5cd9\uff0c\u6d77\u5ce1\u5bbd12\u6d77\u91cc\uff0c\u4e3a\u6d77\u4e0a\u4ea4\u901a\u8981\u51b2\u3002\u8be5\u89d2\u897f\u5357\u65b9\u548c\u4e1c\u5357\u65b9\u6d77\u4e2d\u5747\u6709\u9669\u7901\u6697\u77f3\u3002\u5149\u7eea\u5341\u5e74\uff081890\u5e74\uff09\u4e8e\u6b64\u5730\u5efa\u9020\u706f\u5854\uff0c\u6545\u5f97\u540d\u3002\u4e00\u4e0d\u5c0f\u5fc3\uff0c\u53ef\u80fd\u5c31\u6f2b\u6e38\u5230\u6d77\u5357\u53bb\u4e86\u54e6\uff0c\u8fd9\u4e2a\u771f\u7684\u86ee\u6709\u8da3\u7684\u3002"", ""date"": ""2015-01-26"", ""score"": 4, ""commentId"": ""30077613"", ""imgs"": [{""small"": ""https://imgs.qunarzz.com/piao/fusion/1501/b7/b5019ea6c2c556.jpg_120x120_46e0c40e.jpg"", ""title"": """", ""big"": ""https://imgs.qunarzz.com/piao/fusion/1501/b7/b5019ea6c2c556.jpg""}], ""userNickName"": ""\u5915*\u975e"", ""replyCityName"": """", ""cityName"": """"}], ""score"": 4.8, ""commentCount"": 4}, ""statusCode"": 200}"
菠萝的海,https://qimgs.qunarzz.com/piao_qsight_provider_piao_qsight_web/01013120008i579au1FE8_C_900_504_Q90_Mtg_7.jpg_280x200_96b070e7.jpg,湛江市,徐闻县,广东省湛江市徐闻县曲界镇,1,5.0,数十万亩菠萝连片成海,https://piao.qunar.com/ticket/detail_1952174740.html?st=a3clM0QlRTUlQkUlOTAlRTklOTclQkIlRTUlOEUlQkYlMjZpZCUzRDUxNTQyMCUyNnR5cGUlM0QwJTI2aWR4JTNEMSUyNnF0JTNEJTI2YXBrJTNEMiUyNnNjJTNEV1dXJTI2dXIlM0QlRTQlQjglQUQlRTUlQjElQjElMjZsciUzRCVFNCVCOCVBRCVFNSVCMSVCMSUyNmZ0JTNEJTdCJTdE#from=mpl_search_suggest,148.0,N/A,徐闻县是闻名遐迩的“中国菠萝之乡”，广袤的菠萝种植形成的“菠萝的海”景区已成为当地知名的农业旅游景观。这片红土地上种植着几十万亩菠萝，一到菠萝成熟的季节，像是满地都铺满了黄金。这般纯天然的田园旖旎风光，也被称为“北海道的花田”、“欧州的普罗旺斯”。,1/1-12/31；周一至周日；全天开放,https://qimgs.qunarzz.com/piao_qsight_provider_piao_qsight_web/01013120008i579au1FE8_C_900_504_Q90_Mtg_7.jpg_710x360_5b5c3da9.jpg〇https://qimgs.qunarzz.com/piao_qsight_provider_piao_qsight_web/0106c120008jfr22g0DC4_C_900_504_Q90_Mtg_7.jpg_710x360_56cd3d08.jpg〇https://qimgs.qunarzz.com/piao_qsight_provider_piao_qsight_web/01056120008i5i2s2ACF5_C_900_504_Q90_Mtg_7.jpg_710x360_32d46b75.jpg〇https://qimgs.qunarzz.com/piao_qsight_provider_piao_qsight_web/0101512000eyi5g28EFC4_C_900_504_Q90_Mtg_7.jpg_710x360_256819b6.jpg〇https://qimgs.qunarzz.com/piao_qsight_provider_piao_qsight_web/01028120008jfyu0z2841_C_900_504_Q90_Mtg_7.jpg_710x360_97e5b857.jpg〇https://qimgs.qunarzz.com/piao_qsight_provider_piao_qsight_web/0106s12000eyi65fqB6AB_C_900_504_Q90_Mtg_7.jpg_710x360_611f994c.jpg〇https://qimgs.qunarzz.com/piao_qsight_provider_piao_qsight_web/01038120008k1o7471EA5_C_900_504_Q90_Mtg_7.jpg_710x360_2efcf7e7.jpg〇https://qimgs.qunarzz.com/piao_qsight_provider_piao_qsight_web/0102k12000eyi6aa6138C_C_900_504_Q90_Mtg_7.jpg_710x360_551c73d5.jpg,"{""ret"": true, ""data"": {""tagList"": [{""tagType"": 1, ""tagScore"": 5, ""tagNum"": 1, ""tagName"": ""\u597d\u8bc4""}, {""tagType"": 0, ""tagScore"": 5, ""tagNum"": 1, ""tagName"": ""\u5168\u90e8""}], ""commentList"": [{""author"": ""\u53f0*\u59d0"", ""content"": ""\u7528\u6237\u672a\u70b9\u8bc4\uff0c\u7cfb\u7edf\u9ed8\u8ba4\u597d\u8bc4\u3002"", ""date"": ""2024-03-24"", ""score"": 5, ""commentId"": ""232632527"", ""imgs"": [], ""userNickName"": ""\u53f0*\u59d0"", ""replyCityName"": """", ""cityName"": """"}], ""score"": 5.0, ""commentCount"": 1}, ""statusCode"": 200}"
海滨公园游乐场,https://qimgs.qunarzz.com/piao_qsight_provider_piao_qsight_web/0104c12000a8rwdyeB0F9_C_900_504.jpg_280x200_931f7019.jpg,湛江市,霞山区,广东省湛江市霞山区海滨公园内,28,4.9,游乐设施齐全,https://piao.qunar.com/ticket/detail_4039069866.html?st=a3clM0QlRTklOUMlOUUlRTUlQjElQjElRTUlOEMlQkElMjZpZCUzRDQ1MjQ1NSUyNnR5cGUlM0QwJTI2aWR4JTNEMTIlMjZxdCUzRCUyNmFwayUzRDIlMjZzYyUzRFdXVyUyNnVyJTNEJUU0JUI4JUFEJUU1JUIxJUIxJTI2bHIlM0QlRTQlQjglQUQlRTUlQjElQjElMjZmdCUzRCU3QiU3RA%3D%3D#from=mpl_search_suggest,-1.0,N/A,"湛江市金时代游乐园有限公司属下游乐场是一个集运动.益智.亲子休闲娱乐于一体的健康游乐园，园内多项大型游乐设施与优美的园林建筑融为一体,是游客休闲娱乐的好去处,位于海滨公园内，毗邻湛江八景之一的观海长廊，具有代表性的游乐项目有：62米高的大观览车、激流勇进、自滑行车、狂呼、火箭蹦极、碰碰车等，各种游乐设施融惊险、娱乐为一体,极富刺激性，期待您的光临！",1/1-12/31；周一至周日；09:30-22:50开园,https://qimgs.qunarzz.com/piao_qsight_provider_piao_qsight_web/0104c12000a8rwdyeB0F9_C_900_504.jpg_710x360_e17d4406.jpg〇https://qimgs.qunarzz.com/piao_qsight_provider_piao_qsight_web/0100m12000a8rwc909F81_C_900_504_Q90_Mtg_7.jpg_710x360_f6c04e8f.jpg〇https://qimgs.qunarzz.com/piao_qsight_provider_piao_qsight_web/0104c12000a8rwdyeB0F9_C_900_504_Q90_Mtg_7.jpg_710x360_8e9b6643.jpg〇https://imgs.qunarzz.com/sight/p0/1507/e3/33f03066cf44fc2432e72a1d756cb4b5.water.jpg_710x360_63c2a3f1.jpg〇https://imgs.qunarzz.com/sight/p0/1507/2b/df4cb2807cc938f9a2b5f19fa6cec571.water.jpg_710x360_3557542b.jpg〇https://imgs.qunarzz.com/sight/p0/1507/6e/95c408321dc1c643dfca62f5f29c5368.water.jpg_710x360_73b15a1a.jpg〇https://imgs.qunarzz.com/sight/p0/1507/15/3879232fd57fd746b223348ebc4a15ee.water.jpg_710x360_46e36b10.jpg〇https://imgs.qunarzz.com/sight/p0/1507/26/f276b61021d244db48e16f8e79ef31c7.water.jpg_710x360_6dbe3a64.jpg〇https://imgs.qunarzz.com/sight/p0/1507/ff/3577aa0be7784adaf76fc9d0a11c1af9.water.jpg_710x360_7ed8bd5c.jpg〇https://imgs.qunarzz.com/sight/p0/1508/cc/cce5f9a4326d3134.img.jpg_710x360_7310bae5.jpg〇https://imgs.qunarzz.com/sight/p0/1508/b8/b8ee4cca16580e0d.img.jpg_710x360_4e969ddb.jpg〇https://imgs.qunarzz.com/sight/p0/1508/64/6431dbed8293b1be.img.jpg_710x360_396a1882.jpg〇https://imgs.qunarzz.com/sight/p0/1508/cf/cf7071fef854a596.img.jpg_710x360_25aa8e14.jpg〇https://imgs.qunarzz.com/sight/p0/1508/c6/c68d72b1c02022d8.img.jpg_710x360_075e64ed.jpg〇https://imgs.qunarzz.com/sight/p0/1508/7f/7f883c0236454654.img.jpg_710x360_084b2db4.jpg〇https://imgs.qunarzz.com/sight/p0/1508/d8/d88e16645633b142.img.jpg_710x360_108fab3a.jpg〇https://imgs.qunarzz.com/sight/p0/1508/e6/e60d6b98998419d0.img.jpg_710x360_16bff681.jpg〇https://imgs.qunarzz.com/sight/p0/1508/75/7523a9a6ffd6dcd9.img.jpg_710x360_3f4619b3.jpg〇https://imgs.qunarzz.com/sight/p0/1508/a0/a0e6632f626605bd.img.jpg_710x360_248d0a65.jpg〇https://qimgs.qunarzz.com/piao_qsight_provider_piao_qsight_web/c0ababb1881f5b02.jpg_710x360_a7fb2b2d.jpg〇https://qimgs.qunarzz.com/piao_qsight_provider_piao_qsight_web/af1597013413ed02.jpg_710x360_860713b0.jpg〇https://qimgs.qunarzz.com/piao_qsight_provider_piao_qsight_web/cbccf52f9f550a37.jpg_710x360_cdef91d2.jpg,"{""ret"": true, ""data"": {""tagList"": [{""tagType"": 3, ""tagScore"": 5, ""tagNum"": 1, ""tagName"": ""\u5dee\u8bc4""}, {""tagType"": 1, ""tagScore"": 5, ""tagNum"": 27, ""tagName"": ""\u597d\u8bc4""}, {""tagType"": 0, ""tagScore"": 5, ""tagNum"": 28, ""tagName"": ""\u5168\u90e8""}], ""commentList"": [{""author"": ""b*8"", ""content"": ""\u7528\u6237\u672a\u70b9\u8bc4\uff0c\u7cfb\u7edf\u9ed8\u8ba4\u597d\u8bc4\u3002"", ""date"": ""2024-03-25"", ""score"": 5, ""commentId"": ""232649850"", ""imgs"": [], ""userNickName"": ""b*8"", ""replyCityName"": """", ""cityName"": """"}, {""author"": ""\u53bb*\u6237"", ""content"": ""\u7528\u6237\u672a\u70b9\u8bc4\uff0c\u7cfb\u7edf\u9ed8\u8ba4\u597d\u8bc4\u3002"", ""date"": ""2024-02-29"", ""score"": 5, ""commentId"": ""231678922"", ""imgs"": [], ""userNickName"": ""\u53bb*\u6237"", ""replyCityName"": """", ""cityName"": """"}, {""author"": ""L*\u6c90"", ""content"": ""\u7528\u6237\u672a\u70b9\u8bc4\uff0c\u7cfb\u7edf\u9ed8\u8ba4\u597d\u8bc4\u3002"", ""date"": ""2023-11-15"", ""score"": 5, ""commentId"": ""230316088"", ""imgs"": [], ""userNickName"": ""L*\u6c90"", ""replyCityName"": """", ""cityName"": """"}, {""author"": ""n*3"", ""content"": ""\u7528\u6237\u672a\u70b9\u8bc4\uff0c\u7cfb\u7edf\u9ed8\u8ba4\u597d\u8bc4\u3002"", ""date"": ""2023-02-27"", ""score"": 5, ""commentId"": ""224477423"", ""imgs"": [], ""userNickName"": ""n*3"", ""replyCityName"": """", ""cityName"": """"}, {""author"": ""S*P"", ""content"": ""\u7528\u6237\u672a\u70b9\u8bc4\uff0c\u7cfb\u7edf\u9ed8\u8ba4\u597d\u8bc4\u3002"", ""date"": ""2023-02-25"", ""score"": 5, ""commentId"": ""224387753"", ""imgs"": [], ""userNickName"": ""S*P"", ""replyCityName"": """", ""cityName"": """"}, {""author"": ""S*P"", ""content"": ""\u7528\u6237\u672a\u70b9\u8bc4\uff0c\u7cfb\u7edf\u9ed8\u8ba4\u597d\u8bc4\u3002"", ""date"": ""2023-02-25"", ""score"": 5, ""commentId"": ""224386158"", ""imgs"": [], ""userNickName"": ""S*P"", ""replyCityName"": """", ""cityName"": """"}, {""author"": ""\u53bb*\u6237"", ""content"": ""\u7528\u6237\u672a\u70b9\u8bc4\uff0c\u7cfb\u7edf\u9ed8\u8ba4\u597d\u8bc4\u3002"", ""date"": ""2023-02-24"", ""score"": 5, ""commentId"": ""224325875"", ""imgs"": [], ""userNickName"": ""\u53bb*\u6237"", ""replyCityName"": """", ""cityName"": """"}, {""author"": ""\u53bb*\u6237"", ""content"": ""\u7528\u6237\u672a\u70b9\u8bc4\uff0c\u7cfb\u7edf\u9ed8\u8ba4\u597d\u8bc4\u3002"", ""date"": ""2023-02-24"", ""score"": 5, ""commentId"": ""224323268"", ""imgs"": [], ""userNickName"": ""\u53bb*\u6237"", ""replyCityName"": """", ""cityName"": """"}, {""author"": ""l*4"", ""content"": ""\u7528\u6237\u672a\u70b9\u8bc4\uff0c\u7cfb\u7edf\u9ed8\u8ba4\u597d\u8bc4\u3002"", ""date"": ""2023-02-23"", ""score"": 5, ""commentId"": ""224271403"", ""imgs"": [], ""userNickName"": ""l*4"", ""replyCityName"": """", ""cityName"": """"}, {""author"": ""0*0"", ""content"": ""\u7528\u6237\u672a\u70b9\u8bc4\uff0c\u7cfb\u7edf\u9ed8\u8ba4\u597d\u8bc4\u3002"", ""date"": ""2023-02-19"", ""score"": 5, ""commentId"": ""224181973"", ""imgs"": [], ""userNickName"": ""0*0"", ""replyCityName"": """", ""cityName"": """"}], ""score"": 4.9, ""commentCount"": 28}, ""statusCode"": 200}"
奇幻森林,https://mp-piao-admincp.qunarzz.com/mp_piao_admin_mp_piao_admin/admin/20217/30d54820c6727b9958d585769ab3c5c2.png_280x200_7ef61cce.png,湛江市,霞山区,霞山区北月村中央岭1号,-1,-1.0,N/A,https://piao.qunar.com/ticket/detail_4051037558.html?st=a3clM0QlRTklOUMlOUUlRTUlQjElQjElRTUlOEMlQkElMjZpZCUzRDUzNDY4NCUyNnR5cGUlM0QwJTI2aWR4JTNEMTElMjZxdCUzRCUyNmFwayUzRDIlMjZzYyUzRFdXVyUyNnVyJTNEJUU0JUI4JUFEJUU1JUIxJUIxJTI2bHIlM0QlRTQlQjglQUQlRTUlQjElQjElMjZmdCUzRCU3QiU3RA%3D%3D#from=mpl_search_suggest,19.9,N/A,N/A,11/17-11/30；周一至周日；不开放,https://mp-piao-admincp.qunarzz.com/mp_piao_admin_mp_piao_admin/admin/20217/30d54820c6727b9958d585769ab3c5c2.png_710x360_c2302e12.png,"{""ret"": true, ""data"": {""tagList"": [{""tagType"": 0, ""tagScore"": 5, ""tagNum"": 0, ""tagName"": ""\u5168\u90e8""}], ""score"": 0.0, ""commentCount"": 0}, ""statusCode"": 200}"
渔港公园,https://imgs.qunarzz.com/sight/p0/1707/f5/f567cbbff0e26352a3.water.jpg_280x200_033fc21b.jpg,湛江市,霞山区,广东省湛江市霞山区观海路177号,3,4.7,渔人、渔港、渔船、渔家,https://piao.qunar.com/ticket/detail_384444516.html?st=a3clM0QlRTklOUMlOUUlRTUlQjElQjElRTUlOEMlQkElMjZpZCUzRDQ2NDY4NyUyNnR5cGUlM0QwJTI2aWR4JTNEMTAlMjZxdCUzRCUyNmFwayUzRDIlMjZzYyUzRFdXVyUyNnVyJTNEJUU0JUI4JUFEJUU1JUIxJUIxJTI2bHIlM0QlRTQlQjglQUQlRTUlQjElQjElMjZmdCUzRCU3QiU3RA%3D%3D#from=mpl_search_suggest,520.0,N/A,渔港公园位于广东省湛江市中心观海长廊的北端，西临海滨宾馆，东濒湛江港，南为海洋路，北接南海舰队基地，面积约20万平方米，规划目标是建设成为市区海滨亲水性主题公园。全园设计主题构思为“渔人、渔港、渔船、渔家”，力求表现雷州半岛的渔民形象、渔港风情，渔船文化与渔家生活。全园景观创作，突出民族化、地方化、生态化和人性化的特色。,01/01-12/31；全天开放,https://imgs.qunarzz.com/sight/p0/1707/f5/f567cbbff0e26352a3.water.jpg_710x360_bf8c5b79.jpg〇https://imgs.qunarzz.com/sight/p0/1707/c5/c562712a892d4205a3.water.jpg_710x360_46f6c090.jpg〇https://imgs.qunarzz.com/sight/p0/1707/18/186860e6a2c490c8a3.water.jpg_710x360_8d38ee78.jpg〇https://imgs.qunarzz.com/sight/p0/1707/54/54a78b9808c54be3a3.water.jpg_710x360_9090b651.jpg〇https://imgs.qunarzz.com/sight/p0/1707/89/89ab6b16ac47ebb6a3.water.jpg_710x360_5d309f36.jpg〇https://qimgs.qunarzz.com/piao_qsight_provider_piao_qsight_web/294b5dc44ae0c2ee3cd6a1ca306b8e1d.jpg_710x360_8842c3dc.jpg〇https://qimgs.qunarzz.com/piao_qsight_provider_piao_qsight_web/13b86c410df9f39421805000f5a2d983.jpg_710x360_17798c96.jpg〇https://qimgs.qunarzz.com/piao_qsight_provider_piao_qsight_web/b63fc005b23b73fae3cb0855826c3496.jpg_710x360_76715988.jpg〇https://qimgs.qunarzz.com/piao_qsight_provider_piao_qsight_web/fc6eb1f9a51e8ff22b70e874aed58223.jpg_710x360_94237d7d.jpg〇https://qimgs.qunarzz.com/piao_qsight_provider_piao_qsight_web/90ff03ee0f5b71bc18d93a2f0beb5bd7.jpg_710x360_5879bc8f.jpg〇https://qimgs.qunarzz.com/piao_qsight_provider_piao_qsight_web/33efa4ff7f14b337.jpg_710x360_015fba2d.jpg〇https://qimgs.qunarzz.com/piao_qsight_provider_piao_qsight_web/0f5bb3053da8d9f7.jpg_710x360_33c9ecb6.jpg〇https://qimgs.qunarzz.com/piao_qsight_provider_piao_qsight_web/4abb8bf975a209f7.jpg_710x360_9c352934.jpg〇https://qimgs.qunarzz.com/piao_qsight_provider_piao_qsight_web/f256e3181232abf7.jpg_710x360_24347a73.jpg〇https://qimgs.qunarzz.com/piao_qsight_provider_piao_qsight_web/06f5352390cd1ef7.jpg_710x360_60e001d2.jpg〇https://qimgs.qunarzz.com/piao_qsight_provider_piao_qsight_web/494ab326e80dbaf7.jpg_710x360_3866424a.jpg〇https://qimgs.qunarzz.com/piao_qsight_provider_piao_qsight_web/e6ca8f02f8433af7.jpg_710x360_26b5491a.jpg〇https://qimgs.qunarzz.com/piao_qsight_provider_piao_qsight_web/47ed3e13e87103f7.jpg_710x360_f3d5581c.jpg〇https://qimgs.qunarzz.com/piao_qsight_provider_piao_qsight_web/eb9cb0a05dd0169ccdb.jpg_710x360_9576a8d7.jpg,"{""ret"": true, ""data"": {""tagList"": [{""tagType"": 1, ""tagScore"": 5, ""tagNum"": 3, ""tagName"": ""\u597d\u8bc4""}, {""tagType"": 0, ""tagScore"": 5, ""tagNum"": 3, ""tagName"": ""\u5168\u90e8""}], ""commentList"": [{""author"": ""M*9"", ""content"": ""\u5c0f\u65f6\u5149\u4e0b\u73ed\u540e\u6cbf\u7740\u9a6c\u8def\u4e00\u76f4\u8d70\u6e14\u6e2f\u516c\u56ed\u5288\u4e00\u53ea\u6930\u5b50\u559d"", ""date"": ""2018-07-28"", ""score"": 5, ""commentId"": ""206947132"", ""imgs"": [{""small"": ""https://imgs.qunarzz.com/piao/fusion/1807/e1/2e4e02f090c75702.jpg_120x120_73822dbe.jpg"", ""title"": """", ""big"": ""https://imgs.qunarzz.com/piao/fusion/1807/e1/2e4e02f090c75702.jpg""}, {""small"": ""https://imgs.qunarzz.com/piao/fusion/1807/67/a2d20caaca6f8f02.jpg_120x120_4980a2b8.jpg"", ""title"": """", ""big"": ""https://imgs.qunarzz.com/piao/fusion/1807/67/a2d20caaca6f8f02.jpg""}, {""small"": ""https://imgs.qunarzz.com/piao/fusion/1807/d8/1aacb2a932a1da02.jpg_120x120_b9b528f3.jpg"", ""title"": """", ""big"": ""https://imgs.qunarzz.com/piao/fusion/1807/d8/1aacb2a932a1da02.jpg""}, {""small"": ""https://imgs.qunarzz.com/piao/fusion/1807/75/602f1aef25e2b202.jpg_120x120_654b1826.jpg"", ""title"": """", ""big"": ""https://imgs.qunarzz.com/piao/fusion/1807/75/602f1aef25e2b202.jpg""}, {""small"": ""https://imgs.qunarzz.com/piao/fusion/1807/b3/84cbee0c1cb32702.jpg_120x120_5538fd41.jpg"", ""title"": """", ""big"": ""https://imgs.qunarzz.com/piao/fusion/1807/b3/84cbee0c1cb32702.jpg""}, {""small"": ""https://imgs.qunarzz.com/piao/fusion/1807/f8/a5457bb2fdfb8b02.jpg_120x120_3c731433.jpg"", ""title"": """", ""big"": ""https://imgs.qunarzz.com/piao/fusion/1807/f8/a5457bb2fdfb8b02.jpg""}, {""small"": ""https://imgs.qunarzz.com/piao/fusion/1807/65/f0dfe6b38b169302.jpg_120x120_386e0633.jpg"", ""title"": """", ""big"": ""https://imgs.qunarzz.com/piao/fusion/1807/65/f0dfe6b38b169302.jpg""}, {""small"": ""https://imgs.qunarzz.com/piao/fusion/1807/6b/302abb9c63579e02.jpg_120x120_ebbf10ba.jpg"", ""title"": """", ""big"": ""https://imgs.qunarzz.com/piao/fusion/1807/6b/302abb9c63579e02.jpg""}, {""small"": ""https://imgs.qunarzz.com/piao/fusion/1807/6f/0f781c10f94a8a02.jpg_120x120_a92bf217.jpg"", ""title"": """", ""big"": ""https://imgs.qunarzz.com/piao/fusion/1807/6f/0f781c10f94a8a02.jpg""}], ""userNickName"": ""M*9"", ""replyCityName"": """", ""cityName"": """"}, {""author"": ""T*\u9676"", ""content"": ""\u7528\u6237\u672a\u70b9\u8bc4\uff0c\u7cfb\u7edf\u9ed8\u8ba4\u597d\u8bc4\u3002"", ""date"": ""2019-01-22"", ""score"": 5, ""commentId"": ""209007163"", ""imgs"": [], ""userNickName"": ""T*\u9676"", ""replyCityName"": """", ""cityName"": """"}, {""author"": ""p*8"", ""content"": ""\u9664\u6e56\u5149\u5ca9\u4ee5\u5916\uff0c\u5176\u4ed6\u53ef\u4ee5\u81ea\u5df1\u53bb\u4e5f\u6ca1\u6709\u95e8\u7968\uff0c\u6240\u4ee5\u592a\u8d35\u4e86\u70b9\uff0c\u4f46\u4e00\u4e2a\u4eba\u966a\u4f60\u4e00\u5929\u4e5f\u5fc5\u987b\u8fd9\u4e48\u9ad8"", ""date"": ""2018-12-25"", ""score"": 4, ""commentId"": ""208836257"", ""imgs"": [], ""userNickName"": ""p*8"", ""replyCityName"": """", ""cityName"": """"}], ""score"": 4.7, ""commentCount"": 3}, ""statusCode"": 200}"
观海长廊,https://qimgs.qunarzz.com/piao_qsight_provider_piao_qsight_web/0106y120009d9v3b6116F_C_900_504.jpg_280x200_98483a47.jpg,湛江市,霞山区,湛江市霞山区观海路99号,7,4.6,欣赏种类丰富的棕榈植物,https://piao.qunar.com/ticket/detail_1348821675.html?st=a3clM0QlRTklOUMlOUUlRTUlQjElQjElRTUlOEMlQkElMjZpZCUzRDc3MTYlMjZ0eXBlJTNEMCUyNmlkeCUzRDklMjZxdCUzRCUyNmFwayUzRDIlMjZzYyUzRFdXVyUyNnVyJTNEJUU0JUI4JUFEJUU1JUIxJUIxJTI2bHIlM0QlRTQlQjglQUQlRTUlQjElQjElMjZmdCUzRCU3QiU3RA%3D%3D#from=mpl_search_suggest,98.0,N/A,观海长廊共两条，一条在霞山市区东的海湾边上，一条在赤坎湾海滨上，是近年由市政府投资建设的滨海带状海滨公园，长廊上绿草油茵，花色芬芳，古木怪树一束束，一林林，形成一条千姿百态，景观变幻的园林长廊。在长廊上漫步，在草地上坐谈游戏，那海浪在跳，海风在拂，巨浪在海上过，行云在天上飘，实在令人舒心。特别是夏秋之夜，在观海长廊吹海风，听涛响，数天星，更梦中景致。上到海上城市回望市区，又是另一番景色。湛江观海长廊工程南起海淀路北至海洋路，全长约1.7公里，根据其地形现状分为南、中、北三个区（南区860米，中区150米，北区690米），总面积为156公顷（南区6.38公顷，中区3.5公顷，北区5.12公顷）。,1/1-12/31；周一至周日；全天开放,https://qimgs.qunarzz.com/piao_qsight_provider_piao_qsight_web/0106y120009d9v3b6116F_C_900_504.jpg_710x360_1c03cc3f.jpg〇https://qimgs.qunarzz.com/piao_qsight_provider_piao_qsight_web/0106y120009d9v3b6116F_C_900_504_Q90_Mtg_7.jpg_710x360_8498f2d4.jpg〇https://imgs.qunarzz.com/sight/p0/1412/ca/e36f0d8ec262e3ee8a779001fe765c3b.water.jpg_710x360_ab2f936f.jpg〇https://imgs.qunarzz.com/sight/p0/1412/92/324fab718a6a8eb84006a6e502d439ed.water.jpg_710x360_873470f0.jpg〇https://imgs.qunarzz.com/sight/p0/1412/8a/e72a149a1d4da8f01e511f41801e1624.water.jpg_710x360_0f027e53.jpg〇https://imgs.qunarzz.com/sight/p0/1412/da/025606939adb86ccf1bb89dae7b02804.water.jpg_710x360_546b45e4.jpg〇https://imgs.qunarzz.com/sight/p0/1412/d6/13a2fcf55e4bfb4daf17f1efbf56b7fc.water.jpg_710x360_36be378e.jpg〇https://imgs.qunarzz.com/sight/p0/1412/2b/3e08b3ef13c4d24dec9fc47c1df09a16.water.jpg_710x360_25a0278b.jpg〇https://imgs.qunarzz.com/sight/p0/1412/f4/403d6f62b339eff67de2dcd7a13f4614.water.jpg_710x360_f0100a18.jpg〇https://imgs.qunarzz.com/sight/p0/1412/41/29ef794244a9fb5e7019a33a42d94eda.water.jpg_710x360_10a99bdb.jpg〇https://imgs.qunarzz.com/sight/p0/1412/49/8c46019f59068ba778ae870238ef9b5c.water.jpg_710x360_ada4800e.jpg〇https://imgs.qunarzz.com/sight/p0/1412/f5/569d5e4c8958190e70143d918addcebd.water.jpg_710x360_2c485c4b.jpg〇https://imgs.qunarzz.com/sight/p0/201312/09/f2f20b67b74dcada7bc219267ba48c15.jpg_710x360_01a0f8ce.jpg〇https://imgs.qunarzz.com/sight/p0/201312/09/3befb424be8910dd024189c53881366c.jpg_710x360_2fdbaf3d.jpg〇https://imgs.qunarzz.com/sight/p0/201312/09/36a07b554c53d492d4b090de0ee3d0b6.jpg_710x360_504fd8f3.jpg〇https://imgs.qunarzz.com/sight/p0/201312/09/d9a4341671d6e2db83fb2d8678762f24.jpg_710x360_8a90e0ec.jpg〇https://qimgs.qunarzz.com/piao_qsight_provider_piao_qsight_web/abff3a73c2f521b5.jpg_710x360_ffa66300.jpg〇https://qimgs.qunarzz.com/piao_qsight_provider_piao_qsight_web/91653f28f3f692b5.jpg_710x360_04f63826.jpg〇https://qimgs.qunarzz.com/piao_qsight_provider_piao_qsight_web/a4617b427514f0b5.jpg_710x360_f7e22ff2.jpg〇https://qimgs.qunarzz.com/piao_qsight_provider_piao_qsight_web/2a0f73ff03df9b5.jpg_710x360_cab37b5e.jpg〇https://qimgs.qunarzz.com/piao_qsight_provider_piao_qsight_web/c121f6e7e101e6b5.jpg_710x360_40a5e5ac.jpg〇https://qimgs.qunarzz.com/piao_qsight_provider_piao_qsight_web/478e87d1a58712b5.jpg_710x360_2b267fd6.jpg〇https://qimgs.qunarzz.com/piao_qsight_provider_piao_qsight_web/5201c8cdd70b3ab5.jpg_710x360_90e642e1.jpg〇https://qimgs.qunarzz.com/piao_qsight_provider_piao_qsight_web/c0976c659956c8b5.jpg_710x360_105100d9.jpg〇https://qimgs.qunarzz.com/piao_qsight_provider_piao_qsight_web/f2e526b03c17adb5.jpg_710x360_5dda91da.jpg〇https://qimgs.qunarzz.com/piao_qsight_provider_piao_qsight_web/566382b9e58a4db5.jpg_710x360_b8670fcf.jpg〇https://qimgs.qunarzz.com/piao_qsight_provider_piao_qsight_web/a2d7f87ff038f3b5.jpg_710x360_90655567.jpg〇https://qimgs.qunarzz.com/piao_qsight_provider_piao_qsight_web/0c949bf3879fa6b5.jpg_710x360_ada0c7ae.jpg〇https://qimgs.qunarzz.com/piao_qsight_provider_piao_qsight_web/ceb2c7bf346a4587ae9d43df66b6d0a6.jpeg_710x360_81c00cc8.jpeg〇https://qimgs.qunarzz.com/piao_qsight_provider_piao_qsight_web/79a58cba7ddce534d71b1f53d4bdcfa5.jpeg_710x360_0ef9cd44.jpeg〇https://qimgs.qunarzz.com/piao_qsight_provider_piao_qsight_web/65d9f263341ca6bcaffb77017538efc4.jpeg_710x360_c0c7808b.jpeg〇https://qimgs.qunarzz.com/piao_qsight_provider_piao_qsight_web/43432dfe6e17c2d923c27cbaf20470d9.jpeg_710x360_b28bd72f.jpeg〇https://qimgs.qunarzz.com/piao_qsight_provider_piao_qsight_web/90bd1db2c99d2cea3b88fa39c4afcbe0.jpeg_710x360_cfcda143.jpeg〇https://qimgs.qunarzz.com/piao_qsight_provider_piao_qsight_web/1935a11b6cf0321872a281a09886b097.jpeg_710x360_2cb0184b.jpeg〇https://qimgs.qunarzz.com/piao_qsight_provider_piao_qsight_web/4012473eafaa547e3e7974d0bf654f55.jpeg_710x360_e2b19b19.jpeg〇https://qimgs.qunarzz.com/piao_qsight_provider_piao_qsight_web/e91c268bba08b7b9c2516f8883c7dd2c.jpeg_710x360_9723f1f9.jpeg,"{""ret"": true, ""data"": {""tagList"": [{""tagType"": 2, ""tagScore"": 5, ""tagNum"": 1, ""tagName"": ""\u4e2d\u8bc4""}, {""tagType"": 1, ""tagScore"": 5, ""tagNum"": 6, ""tagName"": ""\u597d\u8bc4""}, {""tagType"": 0, ""tagScore"": 5, ""tagNum"": 7, ""tagName"": ""\u5168\u90e8""}], ""commentList"": [{""author"": ""\u963f*\u8bf4"", ""content"": ""\u665a\u4e0a\u5728\u6d77\u9c9c\u5e02\u573a\u5403\u9971\u5f80\u56de\u6cbf\u7740\u89c2\u6d77\u957f\u5eca\u8d70\uff0c\u4ece\u6469\u5929\u8f6e\ud83c\udfa1\u8d70\uff0c\u6709\u5e7f\u573a\u821e\u5e26\u6765\u7684\u751f\u6d3b\u6c14\u606f\uff0c\u6709\u8e0f\u6c99\u8d70\u5cb8\u635e\u5c0f\u9c7c\u7684\u5b69\u7ae5\uff0c\u6d77\u98ce\u6270\u6307\uff0c\u6d77\u6d6a\u629a\u80f8\uff0c\u5f88\u60ec\u610f\uff5e"", ""date"": ""2019-06-14"", ""score"": 5, ""commentId"": ""210888706"", ""imgs"": [{""small"": ""https://imgs.qunarzz.com/piao/fusion/1906/8e/840ea8d70fecc02.jpg_120x120_67f5521a.jpg"", ""title"": """", ""big"": ""https://imgs.qunarzz.com/piao/fusion/1906/8e/840ea8d70fecc02.jpg""}, {""small"": ""https://imgs.qunarzz.com/piao/fusion/1906/3a/85171b5d76455b02.jpg_120x120_c73bebab.jpg"", ""title"": """", ""big"": ""https://imgs.qunarzz.com/piao/fusion/1906/3a/85171b5d76455b02.jpg""}, {""small"": ""https://imgs.qunarzz.com/piao/fusion/1906/dc/d5c6dd1b622e6d02.jpg_120x120_b3c3249e.jpg"", ""title"": """", ""big"": ""https://imgs.qunarzz.com/piao/fusion/1906/dc/d5c6dd1b622e6d02.jpg""}, {""small"": ""https://imgs.qunarzz.com/piao/fusion/1906/82/5c74a50585a7402.jpg_120x120_9dbfd4c7.jpg"", ""title"": """", ""big"": ""https://imgs.qunarzz.com/piao/fusion/1906/82/5c74a50585a7402.jpg""}, {""small"": ""https://imgs.qunarzz.com/piao/fusion/1906/85/85a7c081e9d7a102.jpg_120x120_46faed30.jpg"", ""title"": """", ""big"": ""https://imgs.qunarzz.com/piao/fusion/1906/85/85a7c081e9d7a102.jpg""}, {""small"": ""https://imgs.qunarzz.com/piao/fusion/1906/a6/7dc7cd83b8b5602.jpg_120x120_5df85d34.jpg"", ""title"": """", ""big"": ""https://imgs.qunarzz.com/piao/fusion/1906/a6/7dc7cd83b8b5602.jpg""}, {""small"": ""https://imgs.qunarzz.com/piao/fusion/1906/94/65324e1718101f02.jpg_120x120_79d8c9a9.jpg"", ""title"": """", ""big"": ""https://imgs.qunarzz.com/piao/fusion/1906/94/65324e1718101f02.jpg""}, {""small"": ""https://imgs.qunarzz.com/piao/fusion/1906/54/4e78e49234d2ed02.jpg_120x120_483ada7f.jpg"", ""title"": """", ""big"": ""https://imgs.qunarzz.com/piao/fusion/1906/54/4e78e49234d2ed02.jpg""}], ""userNickName"": ""\u963f*\u8bf4"", ""replyCityName"": """", ""cityName"": """"}, {""author"": ""M*9"", ""content"": ""\u4e0d\u8d1f\u9047\u89c1 ----\u6e5b\u6c5f"", ""date"": ""2018-07-28"", ""score"": 5, ""commentId"": ""206947145"", ""imgs"": [{""small"": ""https://imgs.qunarzz.com/piao/fusion/1807/5f/0ccb04e9432ce102.jpg_120x120_ed811e2b.jpg"", ""title"": """", ""big"": ""https://imgs.qunarzz.com/piao/fusion/1807/5f/0ccb04e9432ce102.jpg""}, {""small"": ""https://imgs.qunarzz.com/piao/fusion/1807/4a/ba2fefdc2094d002.jpg_120x120_4052735a.jpg"", ""title"": """", ""big"": ""https://imgs.qunarzz.com/piao/fusion/1807/4a/ba2fefdc2094d002.jpg""}, {""small"": ""https://imgs.qunarzz.com/piao/fusion/1807/c4/bcc2b3d533c98302.jpg_120x120_1a766e01.jpg"", ""title"": """", ""big"": ""https://imgs.qunarzz.com/piao/fusion/1807/c4/bcc2b3d533c98302.jpg""}, {""small"": ""https://imgs.qunarzz.com/piao/fusion/1807/f0/e41a8c764055a102.jpg_120x120_d03e15a4.jpg"", ""title"": """", ""big"": ""https://imgs.qunarzz.com/piao/fusion/1807/f0/e41a8c764055a102.jpg""}, {""small"": ""https://imgs.qunarzz.com/piao/fusion/1807/3c/0121a645bc05102.jpg_120x120_a475994c.jpg"", ""title"": """", ""big"": ""https://imgs.qunarzz.com/piao/fusion/1807/3c/0121a645bc05102.jpg""}], ""userNickName"": ""M*9"", ""replyCityName"": """", ""cityName"": """"}, {""author"": ""j*8"", ""content"": ""\u5c0f\u7f16\u4f60\u5988B\u5417\uff0c\u8fd9\u90fd\u4e0d\u6536\u95e8\u7968\u7684"", ""date"": ""2018-05-12"", ""score"": 5, ""commentId"": ""206185399"", ""imgs"": [], ""userNickName"": ""j*8"", ""replyCityName"": """", ""cityName"": """"}, {""author"": ""t*1"", ""content"": ""\u592aLO\u4e86\uff0c\uff0c\uff0c\u4e0d\u60f3\u6765\u7b2c\u4e8c\u6b21"", ""date"": ""2017-09-04"", ""score"": 3, ""commentId"": ""202232685"", ""imgs"": [], ""userNickName"": ""t*1"", ""replyCityName"": """", ""cityName"": """"}, {""author"": ""v*4"", ""content"": ""\u6e5b\u6c5f\u539f\u6765\u8fd8\u662f\u4e0d\u9519\u7684\uff0c\u8fd9\u91cc\u9002\u5408\u5e26\u5973\u670b\u53cb\u73a9"", ""date"": ""2015-06-16"", ""score"": 5, ""commentId"": ""54361980"", ""imgs"": [], ""userNickName"": ""v*4"", ""replyCityName"": """", ""cityName"": """"}, {""author"": ""h*5"", ""content"": ""\u5230\u4e86\u90fd\u8fd8\u4e0d\u77e5\u9053\u539f\u6765\u5df2\u7ecf\u5230\u4e86\u89c2\u6d77\u957f\u5eca\u4e86\uff0c\u665a\u4e0a\u5f88\u591a\u4eba\uff0c\u6d77\u8165\u5473\u7279\u522b\u91cd\uff5e\uff5e"", ""date"": ""2015-01-08"", ""score"": 4, ""commentId"": ""28944830"", ""imgs"": [], ""userNickName"": ""h*5"", ""replyCityName"": """", ""cityName"": """"}, {""author"": ""\u5915*\u975e"", ""content"": ""\u6f2b\u6b65\u5728\u89c2\u6d77\u957f\u5eca\u4e0a\uff0c\u8fce\u9762\u5439\u6765\u51c9\u723d\u7684\u6d77\u98ce\uff0c\u671d\u770b\u592a\u9633\u5347\u8d77\uff0c\u508d\u665a\u65f6\u5206\u770b\u5915\u9633\u843d\u4e0b\u3002\u6e5b\u6c5f\u662f\u5f88\u597d\u7684\u5b9c\u5c45\u57ce\u5e02"", ""date"": ""2015-01-03"", ""score"": 5, ""commentId"": ""28753077"", ""imgs"": [], ""userNickName"": ""\u5915*\u975e"", ""replyCityName"": """", ""cityName"": """"}], ""score"": 4.6, ""commentCount"": 7}, ""statusCode"": 200}"
湛江时代广场,https://imgs.qunarzz.com/sight/p0/1706/34/3440aee6af18ed86a3.water.jpg_280x200_3b17fa8e.jpg,湛江市,霞山区,广东省湛江市霞山区海滨大道4号海滨公园,1,5.0,湛江时代广场于1995年12月建成，共占面积13000平方米，其中上广场3000平方米，下广场10000平方米，其独特之,https://piao.qunar.com/ticket/detail_3293656959.html?st=a3clM0QlRTklOUMlOUUlRTUlQjElQjElRTUlOEMlQkElMjZpZCUzRDQ2NDE5MiUyNnR5cGUlM0QwJTI2aWR4JTNEOCUyNnF0JTNEJTI2YXBrJTNEMiUyNnNjJTNEV1dXJTI2dXIlM0QlRTQlQjglQUQlRTUlQjElQjElMjZsciUzRCVFNCVCOCVBRCVFNSVCMSVCMSUyNmZ0JTNEJTdCJTdE#from=mpl_search_suggest,148.0,N/A,湛江时代广场于1995年12月建成，共占面积13000平方米，其中上广场3000平方米，下广场10000平方米，其独特之处在于整个广场不在同一平面上。上广场为湛江海滨公园的大门广场，建有长60多米双排弧形柱廊，望海而立，柱廊上有9幅反映湛江近代对外开放历史的汉白玉浮雕；使广场富有历史、文化、艺术色彩。门廊前广场由广场砖铺拼成一幅世界地图，标刻着湛江港与世界九大港口问的里程（海里）。往廊东面有一弧形的观海台，市民凭栏远望，海湾景色长收眼底。,暂无,https://imgs.qunarzz.com/sight/p0/1706/34/3440aee6af18ed86a3.water.jpg_710x360_6ce7f2df.jpg〇https://imgs.qunarzz.com/sight/p0/1706/3e/3e378d4d519228f5a3.water.jpg_710x360_4678ff13.jpg〇https://imgs.qunarzz.com/sight/p0/1706/c6/c60fe69329b8197ea3.water.jpg_710x360_8b964d5f.jpg,"{""ret"": true, ""data"": {""tagList"": [{""tagType"": 1, ""tagScore"": 5, ""tagNum"": 1, ""tagName"": ""\u597d\u8bc4""}, {""tagType"": 0, ""tagScore"": 5, ""tagNum"": 1, ""tagName"": ""\u5168\u90e8""}], ""commentList"": [{""author"": ""\u53bb*\u6237"", ""content"": ""\u53f8\u673a\u517c\u5bfc\u6e38\u5c0f\u9a6c\u670d\u52a1\u6001\u5ea6\u66f4\u597d\uff0c\u8f66\u7a0b\u4e0d\u5835\uff0c\u4e09\u4eba\u62fc\u56e2\u3002\u4e00\u8def\u5bf9\u5404\u4e2a\u666f\u70b9\u6709\u4ecb\u7ecd\uff0c\u5e76\u5728\u5408\u9002\u7684\u65f6\u673a\u63d0\u793a\u5927\u4f19\u513f\u53ef\u4ee5\u4e0b\u8f66\u62cd\u7167\u6253\u5361\u3002\u6210\u529f\u62b5\u8fbe\u4e2d\u56fd\u5927\u9646\u9646\u5730\u6700\u5357\u7aef\uff0c\u4ee4\u4eba\u6109\u60a6\u7684\u884c\u7a0b\u3002\ud83d\udc4d"", ""date"": ""2024-12-24"", ""score"": 5, ""commentId"": ""239359940"", ""imgs"": [{""small"": ""https://qimgs.qunarzz.com/mp_piao_0001/temp9425765787729694043file_1735040735000.jpg_120x120_7f126dff.jpg"", ""title"": """", ""big"": ""https://qimgs.qunarzz.com/mp_piao_0001/temp9425765787729694043file_1735040735000.jpg""}], ""userNickName"": ""\u53bb*\u6237"", ""replyCityName"": ""\u798f\u5efa"", ""cityName"": ""\u5e7f\u4e1c""}], ""score"": 5.0, ""commentCount"": 1}, ""statusCode"": 200}"
湛江幻境空间(悬空玻璃剧场),https://qimgs.qunarzz.com/piao_qsight_provider_piao_qsight_web/0104d12000af58mvx696D_C_900_504.jpg_280x200_f18c992c.jpg,湛江市,霞山区,广东省湛江市霞山区人民大道南45号iDM民大环宇天地2层,4,5.0,N/A,https://piao.qunar.com/ticket/detail_3773803906.html?st=a3clM0QlRTklOUMlOUUlRTUlQjElQjElRTUlOEMlQkElMjZpZCUzRDUyMDcyNSUyNnR5cGUlM0QwJTI2aWR4JTNENyUyNnF0JTNEJTI2YXBrJTNEMiUyNnNjJTNEV1dXJTI2dXIlM0QlRTQlQjglQUQlRTUlQjElQjElMjZsciUzRCVFNCVCOCVBRCVFNSVCMSVCMSUyNmZ0JTNEJTdCJTdE#from=mpl_search_suggest,49.9,N/A,N/A,1/1-12/31；周一至周日；10:00-20:00开园,https://qimgs.qunarzz.com/piao_qsight_provider_piao_qsight_web/0104d12000af58mvx696D_C_900_504.jpg_710x360_892233b6.jpg〇https://qimgs.qunarzz.com/piao_qsight_provider_piao_qsight_web/0104d12000af58mvx696D_C_900_504_Q90_Mtg_7.jpg_710x360_1ad0358c.jpg,"{""ret"": true, ""data"": {""tagList"": [{""tagType"": 1, ""tagScore"": 5, ""tagNum"": 4, ""tagName"": ""\u597d\u8bc4""}, {""tagType"": 0, ""tagScore"": 5, ""tagNum"": 4, ""tagName"": ""\u5168\u90e8""}], ""commentList"": [{""author"": ""\u53bb*\u6237"", ""content"": ""\u7528\u6237\u672a\u70b9\u8bc4\uff0c\u7cfb\u7edf\u9ed8\u8ba4\u597d\u8bc4\u3002"", ""date"": ""2024-12-12"", ""score"": 5, ""commentId"": ""239208703"", ""imgs"": [], ""userNickName"": ""\u53bb*\u6237"", ""replyCityName"": """", ""cityName"": """"}, {""author"": ""\u6728*z"", ""content"": ""\u7528\u6237\u672a\u70b9\u8bc4\uff0c\u7cfb\u7edf\u9ed8\u8ba4\u597d\u8bc4\u3002"", ""date"": ""2024-08-13"", ""score"": 5, ""commentId"": ""235447759"", ""imgs"": [], ""userNickName"": ""\u6728*z"", ""replyCityName"": """", ""cityName"": """"}, {""author"": ""\u6728*z"", ""content"": ""\u7528\u6237\u672a\u70b9\u8bc4\uff0c\u7cfb\u7edf\u9ed8\u8ba4\u597d\u8bc4\u3002"", ""date"": ""2024-08-13"", ""score"": 5, ""commentId"": ""235447756"", ""imgs"": [], ""userNickName"": ""\u6728*z"", ""replyCityName"": """", ""cityName"": """"}, {""author"": ""\u6728*z"", ""content"": ""\u7528\u6237\u672a\u70b9\u8bc4\uff0c\u7cfb\u7edf\u9ed8\u8ba4\u597d\u8bc4\u3002"", ""date"": ""2024-08-13"", ""score"": 5, ""commentId"": ""235447739"", ""imgs"": [], ""userNickName"": ""\u6728*z"", ""replyCityName"": """", ""cityName"": """"}], ""score"": 5.0, ""commentCount"": 4}, ""statusCode"": 200}"
特呈岛,https://qimgs.qunarzz.com/piao_qsight_provider_piao_qsight_web/0bb7cefb3586f31b5834608ab3e3c447.jpg_280x200_51dba222.jpg,湛江市,霞山区,湛江市霞山区,1901,4.8,湛江湾水道中的天然良港,https://piao.qunar.com/ticket/detail_166047906.html?st=a3clM0QlRTklOUMlOUUlRTUlQjElQjElRTUlOEMlQkElMjZpZCUzRDQxMzMzJTI2dHlwZSUzRDAlMjZpZHglM0Q2JTI2cXQlM0QlMjZhcGslM0QyJTI2c2MlM0RXV1clMjZ1ciUzRCVFNCVCOCVBRCVFNSVCMSVCMSUyNmxyJTNEJUU0JUI4JUFEJUU1JUIxJUIxJTI2ZnQlM0QlN0IlN0Q%3D#from=mpl_search_suggest,38.0,N/A,在风景秀丽的湛江湾，有这样一个美丽的小岛——特呈岛。“特呈”是古越语，“特”即地方，“呈”是和谐吉祥的意思。岛上村民，世代以捕鱼为生。明朝时，翰林学士解缙曾登上特呈岛，留下了七言律诗《题特呈山温通阁》，“风送潮声平乐去，雨飘山色特呈来。地灵福气生天外，自有高人出世才。”描绘了当年特呈岛的美丽风光，以及独特的海岛生活到了近代，特呈岛成为广东人民抗击外国侵略者的堡垒。特呈人用智慧和勇敢，守护着这个底蕴深厚的海岛渔村。特呈岛离湛江市霞山区只有3海里，面积为3.6平方公里，处于湛江港湾水道中间，为天然良港顶风抗琅保平安。环绕半个岛屿的是红树林，这些已长了上千年的海中古木，密密扎扎，耸翠团团，飞鸟队队。退潮时进入林中，只见如盆大的红树根群粗壮，树干屈曲，枝叶勃发，果实珠串，给人一种精神和力量。在红树林的边上。这位两千年前的女英雄，在维护民族团结统一的历史作出了终生的努力，也曾带兵上到特呈岛，打退了海寇，保住了岛上平安。百姓感动，立庙纪念，香火千年不衰。拜过冼夫人，穿过岛上渔家村寨，来到东北面，呈现在眼前的是方圆几里的“海上渔村””基地，所养的各种海鱼海螺源源不断地供应湛江和珠三角地区。,1/1-12/31；周一至周日；08:30-19:15开园,https://qimgs.qunarzz.com/piao_qsight_provider_piao_qsight_web/3503180000013zsk4725E_C_900_504.jpg_710x360_55e8f301.jpg〇https://qimgs.qunarzz.com/piao_qsight_provider_piao_qsight_web/350e1800000140ss4996C_C_900_504_Q90_Mtg_7.jpg_710x360_e93f01d5.jpg〇https://qimgs.qunarzz.com/piao_qsight_provider_piao_qsight_web/350u180000013y1dl8A2B_C_900_504_Q90_Mtg_7.jpg_710x360_d99b1136.jpg〇https://qimgs.qunarzz.com/piao_qsight_provider_piao_qsight_web/350t180000013y3i1AA99_C_900_504_Q90_Mtg_7.jpg_710x360_84ec991a.jpg〇https://qimgs.qunarzz.com/piao_qsight_provider_piao_qsight_web/350a180000013zdta5BB1_C_900_504_Q90_Mtg_7.jpg_710x360_8e4c1f25.jpg〇https://qimgs.qunarzz.com/piao_qsight_provider_piao_qsight_web/350q180000013zcwu4641_C_900_504_Q90_Mtg_7.jpg_710x360_e58d8aaf.jpg〇https://qimgs.qunarzz.com/piao_qsight_provider_piao_qsight_web/350s1800000144y227164_C_900_504_Q90_Mtg_7.jpg_710x360_706bd291.jpg〇https://qimgs.qunarzz.com/piao_qsight_provider_piao_qsight_web/350s1800000144xzc455E_C_900_504_Q90_Mtg_7.jpg_710x360_a2f70ea9.jpg〇https://qimgs.qunarzz.com/piao_qsight_provider_piao_qsight_web/350v180000014945u005E_C_900_504_Q90_Mtg_7.jpg_710x360_9cd681e4.jpg〇https://qimgs.qunarzz.com/piao_qsight_provider_piao_qsight_web/350d180000013wl5xBFBD_C_900_504_Q90_Mtg_7.jpg_710x360_7f90bc6f.jpg〇https://qimgs.qunarzz.com/piao_qsight_provider_piao_qsight_web/3503180000013zsk4725E_C_900_504_Q90_Mtg_7.jpg_710x360_4ad9ec63.jpg〇https://imgs.qunarzz.com/sight/p0/1606/14/1495cc7f94640122e2.water.jpg_710x360_7cd7786d.jpg〇https://imgs.qunarzz.com/sight/p0/1606/80/8085c1ae86231f98e2.water.jpg_710x360_eb9c2bea.jpg〇https://imgs.qunarzz.com/sight/p0/1606/ad/ad577e4944cfac2fe2.water.jpg_710x360_2e892c20.jpg〇https://imgs.qunarzz.com/sight/p0/1606/fc/fc97f54dcecda6ade2.water.jpg_710x360_3acb3881.jpg〇https://imgs.qunarzz.com/sight/p0/1606/93/93af3ec5bfce970e2.water.jpg_710x360_cffba58a.jpg〇https://imgs.qunarzz.com/sight/p0/1606/b7/b71282f8594fa4ebe2.water.jpg_710x360_a0f25649.jpg〇https://imgs.qunarzz.com/sight/p0/1606/4e/4eba6ecf703761dde2.water.jpg_710x360_29047705.jpg〇https://qimgs.qunarzz.com/piao_qsight_provider_piao_qsight_web/ec3a0d37512d8202.jpg_710x360_2fa41bd2.jpg〇https://qimgs.qunarzz.com/piao_qsight_provider_piao_qsight_web/8beff5742ec9ef.jpg_710x360_dbf7a96d.jpg〇https://qimgs.qunarzz.com/piao_qsight_provider_piao_qsight_web/eb51788da7b6ad02.jpg_710x360_506abed0.jpg〇https://qimgs.qunarzz.com/piao_qsight_provider_piao_qsight_web/adceadd480eb27.jpg_710x360_ca802943.jpg〇https://qimgs.qunarzz.com/piao_qsight_provider_piao_qsight_web/65cd93bec136cf02.jpg_710x360_66abc18b.jpg〇https://qimgs.qunarzz.com/piao_qsight_provider_piao_qsight_web/8f9cb48e544570.jpg_710x360_7325d091.jpg〇https://qimgs.qunarzz.com/piao_qsight_provider_piao_qsight_web/08be46e079341a02.jpg_710x360_62072bc9.jpg〇https://qimgs.qunarzz.com/piao_qsight_provider_piao_qsight_web/20ac6e0a60bf6c.jpg_710x360_bd811579.jpg〇https://qimgs.qunarzz.com/piao_qsight_provider_piao_qsight_web/6eb99f02d5c91419eeca25ba9c4c7d9f.jpg_710x360_1fb46af2.jpg〇https://qimgs.qunarzz.com/piao_qsight_provider_piao_qsight_web/8beff5742ec9ef.jpg_710x360_dbf7a96d.jpg〇https://qimgs.qunarzz.com/piao_qsight_provider_piao_qsight_web/0920557df4ab461241c99e06a3bf33d4.jpg_710x360_37886613.jpg〇https://qimgs.qunarzz.com/piao_qsight_provider_piao_qsight_web/b53ebc32c4954bb5.jpg_710x360_7e04a8fc.jpg〇https://qimgs.qunarzz.com/piao_qsight_provider_piao_qsight_web/ff20ef9b96a5014e4a83c534aa5e2bca.jpg_710x360_a607233c.jpg〇https://qimgs.qunarzz.com/piao_qsight_provider_piao_qsight_web/a44c712d6e18adb5.jpg_710x360_eb41880b.jpg〇https://qimgs.qunarzz.com/piao_qsight_provider_piao_qsight_web/e55511f01994a4e0b7305dfe9db2a53f.jpg_710x360_c6c59fff.jpg〇https://qimgs.qunarzz.com/piao_qsight_provider_piao_qsight_web/654e5eb5e094288721c9883af1666ecf.jpg_710x360_20edd104.jpg〇https://qimgs.qunarzz.com/piao_qsight_provider_piao_qsight_web/a7046e68c055496aae7f60f95b2cf999.jpg_710x360_ab33f411.jpg〇https://qimgs.qunarzz.com/piao_qsight_provider_piao_qsight_web/df22195befc7ef3f3b89203ea9452c7e.jpg_710x360_c8113241.jpg〇https://qimgs.qunarzz.com/piao_qsight_provider_piao_qsight_web/ff422312a84e5a2d77fe03599a21877c.jpg_710x360_fe56da38.jpg〇https://qimgs.qunarzz.com/piao_qsight_provider_piao_qsight_web/164320fcb79931e4f41d44e71496d4c1.jpg_710x360_d848319d.jpg〇https://qimgs.qunarzz.com/piao_qsight_provider_piao_qsight_web/45fed61e7ecffd733438c8720abffff5.jpg_710x360_7ed79b61.jpg〇https://qimgs.qunarzz.com/piao_qsight_provider_piao_qsight_web/4330e3b3ebdd4e3611070ccc83589158.jpg_710x360_deda83e2.jpg〇https://qimgs.qunarzz.com/piao_qsight_provider_piao_qsight_web/d79ebbaaf5706dd9594d7654c0d34eb7.jpg_710x360_f9436dc6.jpg〇https://qimgs.qunarzz.com/piao_qsight_provider_piao_qsight_web/a258a70e63dac0b8220cf37e26a9c4b0.jpg_710x360_66d87bca.jpg〇https://qimgs.qunarzz.com/piao_qsight_provider_piao_qsight_web/8632923d56ce54ab0c27de07b615336f.jpg_710x360_57e12f45.jpg〇https://qimgs.qunarzz.com/piao_qsight_provider_piao_qsight_web/d3a72efee6af990d7317f200bb510c41.jpg_710x360_a5aaddf2.jpg〇https://qimgs.qunarzz.com/piao_qsight_provider_piao_qsight_web/742de4fc8a6996f56466b8cf5f128675.jpg_710x360_e4002b9a.jpg〇https://qimgs.qunarzz.com/piao_qsight_provider_piao_qsight_web/c4df64c3a1652b84be124b5dd5c098ae.jpg_710x360_d6afee37.jpg〇https://qimgs.qunarzz.com/piao_qsight_provider_piao_qsight_web/43323be095fa4369b4e8173a815327b2.jpg_710x360_dbdde0fe.jpg〇https://qimgs.qunarzz.com/piao_qsight_provider_piao_qsight_web/0f9647f08ca56b075f530cdb59ebab10.jpg_710x360_616432fc.jpg〇https://qimgs.qunarzz.com/piao_qsight_provider_piao_qsight_web/1f92c5f51f3f1f79dbf1c7005c634b87.jpg_710x360_b8e47314.jpg〇https://qimgs.qunarzz.com/piao_qsight_provider_piao_qsight_web/0bb7cefb3586f31b5834608ab3e3c447.jpg_710x360_b4e249ea.jpg〇https://qimgs.qunarzz.com/piao_qsight_provider_piao_qsight_web/b583f0c45e7f120f3f7620170edce180.jpg_710x360_ed8b7cad.jpg〇https://qimgs.qunarzz.com/piao_qsight_provider_piao_qsight_web/326a64de9026a777ea942964dd900e04.jpg_710x360_7d4e69f9.jpg〇https://qimgs.qunarzz.com/piao_qsight_provider_piao_qsight_web/1562440814535100h16000000yyw971C9A_D_640_10000.jpg_710x360_5f3a304b.jpg〇https://qimgs.qunarzz.com/piao_qsight_provider_piao_qsight_web/819b9db87591d1579b6ca149b5401487.jpeg_710x360_9ead9175.jpeg〇https://qimgs.qunarzz.com/piao_qsight_provider_piao_qsight_web/1562440814143100p16000000ywgfh9AC8_D_640_10000.jpg_710x360_e7f96fcf.jpg〇https://qimgs.qunarzz.com/piao_qsight_provider_piao_qsight_web/5d1f3b5279a19a1e1e5bec6032f61be7.jpeg_710x360_7797282f.jpeg〇https://qimgs.qunarzz.com/piao_qsight_provider_piao_qsight_web/1562440813811100g16000000yzyo16839_D_640_10000.jpg_710x360_b60a67e1.jpg〇https://qimgs.qunarzz.com/piao_qsight_provider_piao_qsight_web/f947f3df30b59cbfb8bd71ebf8bcc7b4.jpeg_710x360_a2862570.jpeg,"{""ret"": true, ""data"": {""tagList"": [{""tagType"": 3, ""tagScore"": 5, ""tagNum"": 25, ""tagName"": ""\u5dee\u8bc4""}, {""tagType"": 2, ""tagScore"": 5, ""tagNum"": 47, ""tagName"": ""\u4e2d\u8bc4""}, {""tagType"": 1, ""tagScore"": 5, ""tagNum"": 1794, ""tagName"": ""\u597d\u8bc4""}, {""tagType"": 0, ""tagScore"": 5, ""tagNum"": 1901, ""tagName"": ""\u5168\u90e8""}, {""tagType"": 99, ""tagScore"": 5, ""tagNum"": 101, ""tagName"": ""\u666f\u8272\u5f88\u597d""}, {""tagType"": 99, ""tagScore"": 5, ""tagNum"": 72, ""tagName"": ""\u6027\u4ef7\u6bd4\u9ad8""}, {""tagType"": 99, ""tagScore"": 5, ""tagNum"": 21, ""tagName"": ""\u5403\u6d77\u9c9c""}], ""commentList"": [{""author"": ""l*8"", ""content"": ""\u7279\u5448\u5c9b\u771f\u7684\u592a\u9002\u5408\u5ea6\u5047\u4e86\uff0c\u539f\u751f\u6001\u5c0f\u5c9b\uff0c\u8fd8\u6ca1\u6709\u88ab\u8fc7\u5ea6\u5f00\u53d1\u3002\u5468\u672b\u60f3\u627e\u4e2a\u6563\u5fc3\u7684\u5730\u65b9\uff0c\u90a3\u5c31\u53bb\u7279\u5448\u5c9b\u5427\u3002\u53ef\u4ee5\u73af\u5c9b\u6e38\uff0c\u4e5f\u53ef\u4ee5\u4e0b\u6d77\u6316\u87ba\u6293\u8783\u87f9\u6361\u751f\u869d\uff0c\u7ea2\u6811\u6797\u62cd\u7167\u8fd8\u5de8\u5de8\u5de8\u51fa\u7247\u3002\u8ddd\u79bb\u5e02\u533a\u4ec5\u670915-20\u5206\u949f\u7684\u8239\u7a0b\uff0c\u5c9b\u4e0a\u53ef\u79df\u7535\u52a8\u8f66\uff0c\u4e09\u56db\u5341\u5757\u4e00-\u5929\uff0c\u4e5f\u6709\u5404\u5f0f\u5404\u6837\u7684\u81ea\u884c\u8f66\u548c\u5171\u4eab\u7535\u52a8\u8f66\u3002\u5c0f\u5c9b\u867d\u7136\u4e0d\u5927\uff0c\u4e0d\u8fc7\u4e0d\u5efa\u8bae\u6b65\u884c\u54e6~\u611f\u4e0a\u5c9b\u6709\u56db\u79cd\u65b9\u5f0f\uff0c\u53ef\u4ee5\u5728\u6d77\u6ee8\u7801\u5934\u5750\u8f6e\u6e21\u6216\u8005\u6c34\u4e0a\u5df4\u58eb\uff0c\u4e5f\u53ef\u4ee5\u5728\u6e14\u4eba\u7801\u5934\u5750\u65c5\u6e38\u6c34\u4e0a\u5df4\u58eb\u5230\u5ea6\u5047\u6751\uff0c\u6216\u8005\u5750\u5c0f\u98de\u8247\u3002\u6c34\u4e0a\u5df4\u58eb\u662f5\u5143/\u4eba\uff0c\u53ea\u80fd\u8f7d\u4eba\u3002\u8f6e\u6e21\u662f\u8f66\u548c\u4eba\u90fd\u53ef\u4ee5\u4e0a\u7684\uff0c5\u5143/\u4eba\uff0c\u7535\u52a8\u8f665\u5143\uff0c\u5c0f\u8f7f\u8f66\u5f80\u8fd4100\u5143\u3002\u5728\u6e14\u4eba\u7801\u5934\u5750\u8239\u662f\u76f4\u8fbe\u5ea6\u5047\u6751\u7684\uff0c\u53ea\u80fd\u5750\u4eba\uff0c\u8f66\u4e0d\u80fd\u4e0a\u7684\u3002\u7968\u4ef7\u7a0d\u5fae\u8d35\u70b9\uff0c50\u4e00\u4eba\uff0c\u4f46\u5305\u542b\u4e86\u5ea6\u5047\u6751\u95e8\u7968\uff0c\u73ed\u6b21\u4e5f\u7a0d\u5fae\u591a\u70b9\u3002\u98de\u8247\u975e\u8282\u65e5\u5305\u8239\u4e00\u822c\u662f60\u5143\uff0c\u53ef\u4ee5\u5750\u51e0\u4e2a\u4eba\uff0c\u57fa\u672c\u968f\u53eb\u968f\u5230\u3002\u81f3\u4e8e\u8f6e\u6e21\u3001\u6c34.\u4e0a\u5df4\u58eb\u4ee5\u53ca\u6e14\u4eba\u7801\u5934\u65c5\u6e38\u6c34\u4e0a\u5df4\u58eb\u533a\u5206\uff0c\u4ee5\u53ca\u5177\u4f53\u8fdb\u51fa\u5c9b\u65f6\u523b\u8868\u53ef\u770b\u56fe\u4e8c\u56fe\u4e09\uff0c\u9047\u4e0a\u8282\u5047\u65e5\u6709\u65f6\u8f6e\u6e21\u4f1a\u5b89\u6392\u8239\u52a0\u73ed\uff0c\u6bcf\u5e74\u4e94\u4e00\u548c\u5341\u4e00\u8fc7\u540e\u65f6\u523b\u8868\u90fd\u4f1a\u6709\u70b9\u4f1a\u5fae\u8c03\uff0c\u5177\u4f53\u4ee5\u7801\u5934\u516c\u544a\u4e3a\u51c6\u54df~\u611f\u5c9b\u4e0a\u6709\u5f88\u591a\u9152\u5e97\u548c\u6c11\u5bbf\uff0c\u6211\u5165\u4f4f\u662f\u671b\u6d77\u697c\uff0c\u82f1\u59d0\u4eba\u633a\u597d\uff0c\u697c\u4e0b\u4fbf\u662f\u6c99\u6ee9\uff0c150\u9001\u65e9\u9910\u53cc\u4efd\uff0c\u5305\u63a5\u9001\u6bd4\u8f83\u7ecf\u6d4e\u3002\u5c31\u5728\u5ea6\u5047\u6751\u9694\u58c1\u3002\u5982\u679c\u662f\u4e00\u5927\u5bb6\u5b50\u5f88\u591a\u4eba\u6216\u8005\u516c\u53f8\u56e2\u5efa\uff0c\u4e5f\u53ef\u4ee5\u9009\u62e9\u79df\u5176\u4ed6\u72ec\u680b\u522b\u5885\uff0c\u4ef7\u683c\u4fbf\u5b9c\u4f4f\u5f97\u4e5f\u8212\u9002\u3002\u53ef\u4ee5\u81ea\u5df1\u505a\u996d\u5403\uff0c\u665a\u4e0a\u8fd8\u53ef\u4ee5\u70e7\u70e4~\u611f\u5230\u5c9b\u4e0a\u73a9\u4e00\u5b9a\u4e00\u5b9a\u8981\u6ce8\u610f\u9632\u6652\u54df\uff0c\u4e0d\u7136\u5206\u5206\u949f\u9ed1\u4e00\u5708\u3002"", ""date"": ""2024-10-07"", ""score"": 5, ""commentId"": ""237534970"", ""imgs"": [{""small"": ""https://qimgs.qunarzz.com/mp_piao_0001/temp6160267041629324116file_1728292804000.jpg_120x120_665d0e89.jpg"", ""title"": """", ""big"": ""https://qimgs.qunarzz.com/mp_piao_0001/temp6160267041629324116file_1728292804000.jpg""}, {""small"": ""https://qimgs.qunarzz.com/mp_piao_0001/temp6077780216426903962file_1728292804000.jpg_120x120_c9c30f07.jpg"", ""title"": """", ""big"": ""https://qimgs.qunarzz.com/mp_piao_0001/temp6077780216426903962file_1728292804000.jpg""}, {""small"": ""https://qimgs.qunarzz.com/mp_piao_0001/temp2288804376336844244file_1728292804000.jpg_120x120_e7f172de.jpg"", ""title"": """", ""big"": ""https://qimgs.qunarzz.com/mp_piao_0001/temp2288804376336844244file_1728292804000.jpg""}, {""small"": ""https://qimgs.qunarzz.com/mp_piao_0001/temp16705485291163765770file_1728292804000.jpg_120x120_ba745be6.jpg"", ""title"": """", ""big"": ""https://qimgs.qunarzz.com/mp_piao_0001/temp16705485291163765770file_1728292804000.jpg""}, {""small"": ""https://qimgs.qunarzz.com/mp_piao_0001/temp12826297093314982121file_1728292804000.jpg_120x120_7ead8764.jpg"", ""title"": """", ""big"": ""https://qimgs.qunarzz.com/mp_piao_0001/temp12826297093314982121file_1728292804000.jpg""}, {""small"": ""https://qimgs.qunarzz.com/mp_piao_0001/temp9185328685863835509file_1728292804000.jpg_120x120_7aee902d.jpg"", ""title"": """", ""big"": ""https://qimgs.qunarzz.com/mp_piao_0001/temp9185328685863835509file_1728292804000.jpg""}, {""small"": ""https://qimgs.qunarzz.com/mp_piao_0001/temp6617206121352142208file_1728292804000.jpg_120x120_fae54acb.jpg"", ""title"": """", ""big"": ""https://qimgs.qunarzz.com/mp_piao_0001/temp6617206121352142208file_1728292804000.jpg""}, {""small"": ""https://qimgs.qunarzz.com/mp_piao_0001/temp7961471239839606327file_1728292804000.jpg_120x120_b95c893c.jpg"", ""title"": """", ""big"": ""https://qimgs.qunarzz.com/mp_piao_0001/temp7961471239839606327file_1728292804000.jpg""}, {""small"": ""https://qimgs.qunarzz.com/mp_piao_0001/temp8175757296571884704file_1728292804000.jpg_120x120_bb5c04fe.jpg"", ""title"": """", ""big"": ""https://qimgs.qunarzz.com/mp_piao_0001/temp8175757296571884704file_1728292804000.jpg""}], ""userNickName"": ""l*8"", ""replyCityName"": """", ""cityName"": ""\u5e7f\u4e1c""}, {""author"": ""k*2"", ""content"": ""\u7528\u6237\u672a\u70b9\u8bc4\uff0c\u7cfb\u7edf\u9ed8\u8ba4\u597d\u8bc4\u3002"", ""date"": ""2024-12-24"", ""score"": 5, ""commentId"": ""239350519"", ""imgs"": [], ""userNickName"": ""k*2"", ""replyCityName"": """", ""cityName"": """"}, {""author"": ""\u53bb*\u6237"", ""content"": ""\u7528\u6237\u672a\u70b9\u8bc4\uff0c\u7cfb\u7edf\u9ed8\u8ba4\u597d\u8bc4\u3002"", ""date"": ""2024-12-24"", ""score"": 5, ""commentId"": ""239350205"", ""imgs"": [], ""userNickName"": ""\u53bb*\u6237"", ""replyCityName"": """", ""cityName"": """"}, {""author"": ""d*a"", ""content"": ""\u7528\u6237\u672a\u70b9\u8bc4\uff0c\u7cfb\u7edf\u9ed8\u8ba4\u597d\u8bc4\u3002"", ""date"": ""2024-12-11"", ""score"": 5, ""commentId"": ""239188983"", ""imgs"": [], ""userNickName"": ""d*a"", ""replyCityName"": """", ""cityName"": """"}, {""author"": ""d*a"", ""content"": ""\u7528\u6237\u672a\u70b9\u8bc4\uff0c\u7cfb\u7edf\u9ed8\u8ba4\u597d\u8bc4\u3002"", ""date"": ""2024-12-11"", ""score"": 5, ""commentId"": ""239187151"", ""imgs"": [], ""userNickName"": ""d*a"", ""replyCityName"": """", ""cityName"": """"}, {""author"": ""g*i"", ""content"": ""\u7528\u6237\u672a\u70b9\u8bc4\uff0c\u7cfb\u7edf\u9ed8\u8ba4\u597d\u8bc4\u3002"", ""date"": ""2024-12-11"", ""score"": 5, ""commentId"": ""239186826"", ""imgs"": [], ""userNickName"": ""g*i"", ""replyCityName"": """", ""cityName"": """"}, {""author"": ""u*9"", ""content"": ""\u7528\u6237\u672a\u70b9\u8bc4\uff0c\u7cfb\u7edf\u9ed8\u8ba4\u597d\u8bc4\u3002"", ""date"": ""2024-11-20"", ""score"": 5, ""commentId"": ""238859806"", ""imgs"": [], ""userNickName"": ""u*9"", ""replyCityName"": """", ""cityName"": """"}, {""author"": ""t*0"", ""content"": ""\u7528\u6237\u672a\u70b9\u8bc4\uff0c\u7cfb\u7edf\u9ed8\u8ba4\u597d\u8bc4\u3002"", ""date"": ""2024-10-04"", ""score"": 5, ""commentId"": ""237491436"", ""imgs"": [], ""userNickName"": ""t*0"", ""replyCityName"": """", ""cityName"": """"}, {""author"": ""m*7"", ""content"": ""\u7528\u6237\u672a\u70b9\u8bc4\uff0c\u7cfb\u7edf\u9ed8\u8ba4\u597d\u8bc4\u3002"", ""date"": ""2024-10-02"", ""score"": 5, ""commentId"": ""237463972"", ""imgs"": [], ""userNickName"": ""m*7"", ""replyCityName"": """", ""cityName"": """"}, {""author"": ""\u5ce5*\u4ed4"", ""content"": ""\u7528\u6237\u672a\u70b9\u8bc4\uff0c\u7cfb\u7edf\u9ed8\u8ba4\u597d\u8bc4\u3002"", ""date"": ""2024-10-01"", ""score"": 5, ""commentId"": ""237440869"", ""imgs"": [], ""userNickName"": ""\u5ce5*\u4ed4"", ""replyCityName"": """", ""cityName"": """"}], ""score"": 4.8, ""commentCount"": 1901}, ""statusCode"": 200}"
特呈岛温泉度假村,https://qimgs.qunarzz.com/piao_qsight_provider_piao_qsight_web/100r0z000000n510wF648_C_900_504.jpg_280x200_50cde688.jpg,湛江市,霞山区,人民东一路海事局隔壁(渔业公司),1,5.0,喝下午茶晒日光浴,https://piao.qunar.com/ticket/detail_4023115073.html?st=a3clM0QlRTklOUMlOUUlRTUlQjElQjElRTUlOEMlQkElMjZpZCUzRDUzMTQ3MSUyNnR5cGUlM0QwJTI2aWR4JTNENSUyNnF0JTNEJTI2YXBrJTNEMiUyNnNjJTNEV1dXJTI2dXIlM0QlRTQlQjglQUQlRTUlQjElQjElMjZsciUzRCVFNCVCOCVBRCVFNSVCMSVCMSUyNmZ0JTNEJTdCJTdE#from=mpl_search_suggest,38.0,N/A,N/A,1/1-12/31；周一至周日；全天开放,https://qimgs.qunarzz.com/piao_qsight_provider_piao_qsight_web/100r0z000000n510wF648_C_900_504.jpg_710x360_a7bd6bb2.jpg,"{""ret"": true, ""data"": {""tagList"": [{""tagType"": 1, ""tagScore"": 5, ""tagNum"": 1, ""tagName"": ""\u597d\u8bc4""}, {""tagType"": 0, ""tagScore"": 5, ""tagNum"": 1, ""tagName"": ""\u5168\u90e8""}], ""commentList"": [{""author"": ""k*2"", ""content"": ""\u7528\u6237\u672a\u70b9\u8bc4\uff0c\u7cfb\u7edf\u9ed8\u8ba4\u597d\u8bc4\u3002"", ""date"": ""2024-12-24"", ""score"": 5, ""commentId"": ""239345540"", ""imgs"": [], ""userNickName"": ""k*2"", ""replyCityName"": """", ""cityName"": """"}], ""score"": 5.0, ""commentCount"": 1}, ""statusCode"": 200}"
广州湾法国公使署旧址,https://qimgs.qunarzz.com/piao_qsight_provider_piao_qsight_web/0104a12000f6sdliu625B_C_900_504.jpg_280x200_704910c0.jpg,湛江市,霞山区,广东省湛江市霞山区海滨路3号,1,5.0,见证湛江的沧桑历史,https://piao.qunar.com/ticket/detail_2590634812.html?st=a3clM0QlRTklOUMlOUUlRTUlQjElQjElRTUlOEMlQkElMjZpZCUzRDEwMTEwJTI2dHlwZSUzRDAlMjZpZHglM0Q0JTI2cXQlM0QlMjZhcGslM0QyJTI2c2MlM0RXV1clMjZ1ciUzRCVFNCVCOCVBRCVFNSVCMSVCMSUyNmxyJTNEJUU0JUI4JUFEJUU1JUIxJUIxJTI2ZnQlM0QlN0IlN0Q%3D#from=mpl_search_suggest,520.0,N/A,广州湾法国公使署旧址: 广州湾法国公使署旧址。1903年建楼，水泥钢筋，二层楼房，窗仿哥特式，有地下室。建立后至1945年，广州湾租借地法国公使署均设于此。1946～1949年湛江市政府、1950～1954年湛江市人民政府亦设于此。为市文物保护单位。,1/1-12/31；周二至周日；09:00-16:30开园；（16:00停止入园）,https://qimgs.qunarzz.com/piao_qsight_provider_piao_qsight_web/0104a12000f6sdliu625B_C_900_504.jpg_710x360_7e92c315.jpg〇https://qimgs.qunarzz.com/piao_qsight_provider_piao_qsight_web/0104a12000f6sdliu625B_C_900_504_Q90_Mtg_7.jpg_710x360_3397adf6.jpg〇https://qimgs.qunarzz.com/piao_qsight_provider_piao_qsight_web/0101u12000aoybzwt5856_C_900_504_Q90_Mtg_7.jpg_710x360_17cd9e07.jpg〇https://qimgs.qunarzz.com/piao_qsight_provider_piao_qsight_web/163934e7c5e9061b4a7fabe171ab7c74.jpg_710x360_377a710a.jpg〇https://qimgs.qunarzz.com/piao_qsight_provider_piao_qsight_web/8faf5ee616b755b5.jpg_710x360_050e3af5.jpg〇https://qimgs.qunarzz.com/piao_qsight_provider_piao_qsight_web/cdcf422b92804eb5.jpg_710x360_fe59dda0.jpg〇https://qimgs.qunarzz.com/piao_qsight_provider_piao_qsight_web/81b668f0a0195eb5.jpg_710x360_956722d0.jpg〇https://qimgs.qunarzz.com/piao_qsight_provider_piao_qsight_web/37a74475a26706b5.jpg_710x360_0126d354.jpg〇https://qimgs.qunarzz.com/piao_qsight_provider_piao_qsight_web/69e7ffe377761ab5.jpg_710x360_0656b6c7.jpg〇https://qimgs.qunarzz.com/piao_qsight_provider_piao_qsight_web/84fa9bfd383966b5.jpg_710x360_11dbc55a.jpg〇https://qimgs.qunarzz.com/piao_qsight_provider_piao_qsight_web/d52f3d734ee613b5.jpg_710x360_8224b843.jpg〇https://qimgs.qunarzz.com/piao_qsight_provider_piao_qsight_web/fe3c947114345cf7.jpg_710x360_c2faa779.jpg〇https://qimgs.qunarzz.com/piao_qsight_provider_piao_qsight_web/204370408152fcf7.jpg_710x360_b6f9f848.jpg〇https://qimgs.qunarzz.com/piao_qsight_provider_piao_qsight_web/927b237fc4bc71f7.jpg_710x360_8846ef83.jpg,"{""ret"": true, ""data"": {""tagList"": [{""tagType"": 1, ""tagScore"": 5, ""tagNum"": 1, ""tagName"": ""\u597d\u8bc4""}, {""tagType"": 0, ""tagScore"": 5, ""tagNum"": 1, ""tagName"": ""\u5168\u90e8""}], ""commentList"": [{""author"": ""\u5915*\u975e"", ""content"": ""\u5728\u6e5b\u6c5f\u4e0d\u4ec5\u8981\u4f53\u4f1a\u5f53\u5730\u539f\u6c41\u539f\u5473\u7684\u98ce\u571f\u4eba\u60c5  \u8fd8\u53ef\u4ee5\u4ece\u8fd9\u4e9b\u6cd5\u5f0f\u5efa\u7b51\u4e0a\u9886\u7565\u7279\u522b\u7684\u5f02\u57df\u98ce\u60c5"", ""date"": ""2015-01-03"", ""score"": 5, ""commentId"": ""28753342"", ""imgs"": [], ""userNickName"": ""\u5915*\u975e"", ""replyCityName"": """", ""cityName"": """"}], ""score"": 5.0, ""commentCount"": 1}, ""statusCode"": 200}"
蓝月湾温泉,https://qimgs.qunarzz.com/piao_qsight_provider_piao_qsight_web/350r0s000000hxdz0B304_C_900_504.jpg_280x200_b7bbe15f.jpg,湛江市,霞山区,广东省湛江市霞山区海滨大道中2号(湛江海滨宾馆内),1620,4.9,闹市中的火山岩层地热温泉,https://piao.qunar.com/ticket/detail_1362165721.html?st=a3clM0QlRTklOUMlOUUlRTUlQjElQjElRTUlOEMlQkElMjZpZCUzRDM1MTk4JTI2dHlwZSUzRDAlMjZpZHglM0QyJTI2cXQlM0QlMjZhcGslM0QyJTI2c2MlM0RXV1clMjZ1ciUzRCVFNCVCOCVBRCVFNSVCMSVCMSUyNmxyJTNEJUU0JUI4JUFEJUU1JUIxJUIxJTI2ZnQlM0QlN0IlN0Q%3D#from=mpl_search_suggest,73.0,4A景区,湛江海滨火山温泉包括一个大泡池、四个中泡池、三十多个风情各异的小泡池及大小游泳池各一个。源自600多米地底深处，经地质矿产部广东省中心试验室专家检测，泉水水温43℃，水质无色透明纯净，不受地表污染，富含偏硅酸，铜，锶，硒等多种有益人体健康的矿物质，对风湿，关节炎，神经性骨痛等多种疾病均有特殊疗效。在美容，减肥方面更是有显著*效，露天温泉区有SPA水疗区、石板温泉、蒸汽浴、贵宾房以及*能各异的大小温泉泡池三十六个，是一个都市人缓解压力，享受惬意人生的理想之地。,1/1-12/31；周一至周日；14:00-23:30开园,https://qimgs.qunarzz.com/piao_qsight_provider_piao_qsight_web/350r0s000000hxdz0B304_C_900_504.jpg_710x360_8036f9fa.jpg〇https://qimgs.qunarzz.com/piao_qsight_provider_piao_qsight_web/350h0s000000i0jcw57D3_C_900_504_Q90_Mtg_7.jpg_710x360_1ab32e63.jpg〇https://qimgs.qunarzz.com/piao_qsight_provider_piao_qsight_web/350k0s000000i359wB292_C_900_504_Q90_Mtg_7.jpg_710x360_78df4fab.jpg〇https://qimgs.qunarzz.com/piao_qsight_provider_piao_qsight_web/0106t120008cmo0pn8984_C_900_504_Q90_Mtg_7.jpg_710x360_491c85fd.jpg〇https://qimgs.qunarzz.com/piao_qsight_provider_piao_qsight_web/01066120008cmmmim302A_C_900_504_Q90_Mtg_7.jpg_710x360_19ebb4ad.jpg〇https://qimgs.qunarzz.com/piao_qsight_provider_piao_qsight_web/01069120008cmmle16ACA_C_900_504_Q90_Mtg_7.jpg_710x360_93f3269b.jpg〇https://qimgs.qunarzz.com/piao_qsight_provider_piao_qsight_web/350r0s000000hxdyqA3D1_C_900_504_Q90_Mtg_7.jpg_710x360_01f8684b.jpg〇https://qimgs.qunarzz.com/piao_qsight_provider_piao_qsight_web/350c0s000000i1lz4AB2F_C_900_504_Q90_Mtg_7.jpg_710x360_49bd2fff.jpg〇https://qimgs.qunarzz.com/piao_qsight_provider_piao_qsight_web/35090s000000i1dbj9C29_C_900_504_Q90_Mtg_7.jpg_710x360_8b3f4148.jpg〇https://qimgs.qunarzz.com/piao_qsight_provider_piao_qsight_web/350b0s000000i1cr732FF_C_900_504_Q90_Mtg_7.jpg_710x360_bc94cd95.jpg〇https://qimgs.qunarzz.com/piao_qsight_provider_piao_qsight_web/350r0s000000hxdz0B304_C_900_504_Q90_Mtg_7.jpg_710x360_b65bd07e.jpg〇https://imgs.qunarzz.com/sight/p0/1812/9a/9ac7dd81de340288a3.img.jpg_710x360_2d54ae53.jpg〇https://imgs.qunarzz.com/sight/p0/1812/50/50b33020245cf97a3.img.jpg_710x360_94f2fd50.jpg〇https://imgs.qunarzz.com/sight/p0/1812/f2/f22ddb9e49b6b93a3.img.jpg_710x360_93788020.jpg〇https://imgs.qunarzz.com/sight/p0/1812/70/7070b2f8aeb9ef67a3.img.jpg_710x360_6ca14ac7.jpg,"{""ret"": true, ""data"": {""tagList"": [{""tagType"": 32, ""tagScore"": 5, ""tagNum"": 3, ""tagName"": ""\u670d\u52a1\u597d""}, {""tagType"": 16, ""tagScore"": 5, ""tagNum"": 3, ""tagName"": ""\u9760\u8c31""}, {""tagType"": 8, ""tagScore"": 5, ""tagNum"": 5, ""tagName"": ""\u4fbf\u5b9c""}, {""tagType"": 4, ""tagScore"": 5, ""tagNum"": 5, ""tagName"": ""\u53d6\u7968\u65b9\u4fbf""}, {""tagType"": 3, ""tagScore"": 5, ""tagNum"": 3, ""tagName"": ""\u5dee\u8bc4""}, {""tagType"": 2, ""tagScore"": 5, ""tagNum"": 17, ""tagName"": ""\u4e2d\u8bc4""}, {""tagType"": 1, ""tagScore"": 5, ""tagNum"": 1595, ""tagName"": ""\u597d\u8bc4""}, {""tagType"": 0, ""tagScore"": 5, ""tagNum"": 1620, ""tagName"": ""\u5168\u90e8""}], ""commentList"": [{""author"": ""S*a"", ""content"": ""\u7528\u6237\u672a\u70b9\u8bc4\uff0c\u7cfb\u7edf\u9ed8\u8ba4\u597d\u8bc4\u3002"", ""date"": ""2024-12-26"", ""score"": 5, ""commentId"": ""239379702"", ""imgs"": [], ""userNickName"": ""S*a"", ""replyCityName"": """", ""cityName"": """"}, {""author"": ""\u53bb*\u6237"", ""content"": ""\u7528\u6237\u672a\u70b9\u8bc4\uff0c\u7cfb\u7edf\u9ed8\u8ba4\u597d\u8bc4\u3002"", ""date"": ""2024-12-26"", ""score"": 5, ""commentId"": ""239378198"", ""imgs"": [], ""userNickName"": ""\u53bb*\u6237"", ""replyCityName"": """", ""cityName"": """"}, {""author"": ""p*n"", ""content"": ""\u7528\u6237\u672a\u70b9\u8bc4\uff0c\u7cfb\u7edf\u9ed8\u8ba4\u597d\u8bc4\u3002"", ""date"": ""2024-12-25"", ""score"": 5, ""commentId"": ""239376376"", ""imgs"": [], ""userNickName"": ""p*n"", ""replyCityName"": """", ""cityName"": """"}, {""author"": ""x*6"", ""content"": ""\u7528\u6237\u672a\u70b9\u8bc4\uff0c\u7cfb\u7edf\u9ed8\u8ba4\u597d\u8bc4\u3002"", ""date"": ""2024-12-23"", ""score"": 5, ""commentId"": ""239336654"", ""imgs"": [], ""userNickName"": ""x*6"", ""replyCityName"": """", ""cityName"": """"}, {""author"": ""\u53bb*\u6237"", ""content"": ""\u7528\u6237\u672a\u70b9\u8bc4\uff0c\u7cfb\u7edf\u9ed8\u8ba4\u597d\u8bc4\u3002"", ""date"": ""2024-12-20"", ""score"": 5, ""commentId"": ""239298963"", ""imgs"": [], ""userNickName"": ""\u53bb*\u6237"", ""replyCityName"": """", ""cityName"": """"}, {""author"": ""\u51cc*2"", ""content"": ""\u7528\u6237\u672a\u70b9\u8bc4\uff0c\u7cfb\u7edf\u9ed8\u8ba4\u597d\u8bc4\u3002"", ""date"": ""2024-12-17"", ""score"": 5, ""commentId"": ""239269701"", ""imgs"": [], ""userNickName"": ""\u51cc*2"", ""replyCityName"": """", ""cityName"": """"}, {""author"": ""l*h"", ""content"": ""\u7528\u6237\u672a\u70b9\u8bc4\uff0c\u7cfb\u7edf\u9ed8\u8ba4\u597d\u8bc4\u3002"", ""date"": ""2024-12-17"", ""score"": 5, ""commentId"": ""239268985"", ""imgs"": [], ""userNickName"": ""l*h"", ""replyCityName"": """", ""cityName"": """"}, {""author"": ""\u53bb*\u6237"", ""content"": ""\u7528\u6237\u672a\u70b9\u8bc4\uff0c\u7cfb\u7edf\u9ed8\u8ba4\u597d\u8bc4\u3002"", ""date"": ""2024-12-16"", ""score"": 5, ""commentId"": ""239248342"", ""imgs"": [], ""userNickName"": ""\u53bb*\u6237"", ""replyCityName"": """", ""cityName"": """"}, {""author"": ""\u53bb*\u6237"", ""content"": ""\u7528\u6237\u672a\u70b9\u8bc4\uff0c\u7cfb\u7edf\u9ed8\u8ba4\u597d\u8bc4\u3002"", ""date"": ""2024-12-10"", ""score"": 5, ""commentId"": ""239179252"", ""imgs"": [], ""userNickName"": ""\u53bb*\u6237"", ""replyCityName"": """", ""cityName"": """"}, {""author"": ""\u53bb*\u6237"", ""content"": ""\u7528\u6237\u672a\u70b9\u8bc4\uff0c\u7cfb\u7edf\u9ed8\u8ba4\u597d\u8bc4\u3002"", ""date"": ""2024-12-09"", ""score"": 5, ""commentId"": ""239154188"", ""imgs"": [], ""userNickName"": ""\u53bb*\u6237"", ""replyCityName"": """", ""cityName"": """"}], ""score"": 4.9, ""commentCount"": 1620}, ""statusCode"": 200}"
湖光岩,https://qimgs.qunarzz.com/piao_qsight_provider_piao_qsight_web/0105s120008anwbcyF637_C_900_504.jpg_280x200_784b2036.jpg,湛江市,霞山区,湛江市麻章区湖光镇,2717,4.7,我国现存的三座火山湖之一,https://piao.qunar.com/ticket/detail_2655431436.html?st=a3clM0QlRTklOUMlOUUlRTUlQjElQjElRTUlOEMlQkElMjZpZCUzRDM3NiUyNnR5cGUlM0QwJTI2aWR4JTNEMSUyNnF0JTNEJTI2YXBrJTNEMiUyNnNjJTNEV1dXJTI2dXIlM0QlRTQlQjglQUQlRTUlQjElQjElMjZsciUzRCVFNCVCOCVBRCVFNSVCMSVCMSUyNmZ0JTNEJTdCJTdE#from=mpl_search_suggest,50.0,4A景区,湖光岩位于湛江市西南20公里，湖光镇北西4公里，归湛江霞山区管辖。湖光岩国家地质公园包括湖光岩及其北东面的交椅岭，东,1/1-12/31；周一至周日；07:30-18:00开园,https://qimgs.qunarzz.com/piao_qsight_provider_piao_qsight_web/0105s120008anwbcyF637_C_900_504.jpg_710x360_b6a952ce.jpg〇https://qimgs.qunarzz.com/piao_qsight_provider_piao_qsight_web/0104n120008an3myd3CDC_C_900_504_Q90_Mtg_7.jpg_710x360_35c85fba.jpg〇https://qimgs.qunarzz.com/piao_qsight_provider_piao_qsight_web/0105u1200088wu44s7049_C_900_504_Q90_Mtg_7.jpg_710x360_c288030a.jpg〇https://qimgs.qunarzz.com/piao_qsight_provider_piao_qsight_web/0105s120008anwbcyF637_C_900_504_Q90_Mtg_7.jpg_710x360_2d65d4cc.jpg〇https://imgs.qunarzz.com/sight/p0/1408/18/b936db9cc97755f2ee3b0114bd007e10.jpg_710x360_9fc507ef.jpg〇https://imgs.qunarzz.com/sight/p0/201401/21/d6f325f8bb01154030678217bdf47aa1.jpg_710x360_5bf1bb86.jpg〇https://imgs.qunarzz.com/sight/p0/201401/21/33c1af5420705b6706a2aaab458cae7d.jpg_710x360_2a6a32c1.jpg〇https://imgs.qunarzz.com/sight/p74/201211/09/8e63a7052d3dc34493835fbb.jpg_710x360_9cf2a35b.jpg〇https://qimgs.qunarzz.com/piao_qsight_provider_piao_qsight_web/e30b44e949095c02.jpg_710x360_b86ef3ec.jpg〇https://qimgs.qunarzz.com/piao_qsight_provider_piao_qsight_web/929f31d2d4854f02.jpg_710x360_7c77dcfe.jpg〇https://qimgs.qunarzz.com/piao_qsight_provider_piao_qsight_web/0f79273bf2cfd502.jpg_710x360_9e2a201b.jpg〇https://qimgs.qunarzz.com/piao_qsight_provider_piao_qsight_web/1562440632207100416000000yy8tjD1D8_D_640_10000.jpg_710x360_bb5c247d.jpg〇https://qimgs.qunarzz.com/piao_qsight_provider_piao_qsight_web/1562440632055100216000000z6cc65574_D_640_10000.jpg_710x360_80bcca56.jpg〇https://qimgs.qunarzz.com/piao_qsight_provider_piao_qsight_web/1562440631863100f16000000yza5x02B6_D_640_10000.jpg_710x360_6067fa9a.jpg〇https://qimgs.qunarzz.com/piao_qsight_provider_piao_qsight_web/1562440631714100v16000000zab6eBE01_D_640_10000.jpg_710x360_a9dc4121.jpg〇https://qimgs.qunarzz.com/piao_qsight_provider_piao_qsight_web/1562267044880100r16000000yvurd5C97_D_640_10000.jpg_710x360_1ec38a43.jpg〇https://qimgs.qunarzz.com/piao_qsight_provider_piao_qsight_web/1562267044723100a16000000yyr4hC966_D_640_10000.jpg_710x360_7a687728.jpg〇https://qimgs.qunarzz.com/piao_qsight_provider_piao_qsight_web/1562267044598100916000000yzu2xC072_D_640_10000.jpg_710x360_67dff4b3.jpg〇https://qimgs.qunarzz.com/piao_qsight_provider_piao_qsight_web/1562267044424100v16000000z8haa354F_D_640_10000.jpg_710x360_44e8ace3.jpg〇https://qimgs.qunarzz.com/piao_qsight_provider_piao_qsight_web/1554750127065100r13000000tqduyEC9A_D_640_10000.jpg_710x360_3eaf8f4f.jpg〇https://qimgs.qunarzz.com/piao_qsight_provider_piao_qsight_web/1554750126645100s13000000tyua37171_D_640_10000.jpg_710x360_9e8f41f9.jpg〇https://qimgs.qunarzz.com/piao_qsight_provider_piao_qsight_web/1554750125887100o13000000tqsyrD729_D_640_10000.jpg_710x360_2414a179.jpg〇https://qimgs.qunarzz.com/piao_qsight_provider_piao_qsight_web/1554750125754100m13000000u1ciu79C2_D_640_10000.jpg_710x360_a3f2337c.jpg〇https://qimgs.qunarzz.com/piao_qsight_provider_piao_qsight_web/1554750125185100k13000000tw56e7819_D_640_10000.jpg_710x360_7a0f56bc.jpg〇https://qimgs.qunarzz.com/piao_qsight_provider_piao_qsight_web/1554750124807100k13000000tw56b4772_D_640_10000.jpg_710x360_13eaa903.jpg〇https://qimgs.qunarzz.com/piao_qsight_provider_piao_qsight_web/1554750124398100513000000tugw0197F_D_640_10000.jpg_710x360_38acfd4c.jpg〇https://qimgs.qunarzz.com/piao_qsight_provider_piao_qsight_web/1554750124202100h13000000ttj8z8C78_D_640_10000.jpg_710x360_d80291c6.jpg〇https://qimgs.qunarzz.com/piao_qsight_provider_piao_qsight_web/1551989114248100g12000000rp3ww177A_D_640_10000.jpg_710x360_a7ddeeeb.jpg,"{""ret"": true, ""data"": {""tagList"": [{""tagType"": 32, ""tagScore"": 5, ""tagNum"": 4, ""tagName"": ""\u670d\u52a1\u597d""}, {""tagType"": 16, ""tagScore"": 5, ""tagNum"": 5, ""tagName"": ""\u9760\u8c31""}, {""tagType"": 8, ""tagScore"": 5, ""tagNum"": 7, ""tagName"": ""\u4fbf\u5b9c""}, {""tagType"": 4, ""tagScore"": 5, ""tagNum"": 9, ""tagName"": ""\u53d6\u7968\u65b9\u4fbf""}, {""tagType"": 3, ""tagScore"": 5, ""tagNum"": 9, ""tagName"": ""\u5dee\u8bc4""}, {""tagType"": 2, ""tagScore"": 5, ""tagNum"": 82, ""tagName"": ""\u4e2d\u8bc4""}, {""tagType"": 1, ""tagScore"": 5, ""tagNum"": 2570, ""tagName"": ""\u597d\u8bc4""}, {""tagType"": 0, ""tagScore"": 5, ""tagNum"": 2717, ""tagName"": ""\u5168\u90e8""}], ""commentList"": [{""author"": ""\u5e0c*\u67f3"", ""content"": ""\u5f88\u4e0d\u9519\u7684\u5730\u65b9\uff0c\u590f\u5b63\u5f88\u51c9\u723d\uff5e\u6e56\u5f88\u7f8e"", ""date"": ""2024-08-15"", ""score"": 5, ""commentId"": ""235545918"", ""imgs"": [{""small"": ""https://qimgs.qunarzz.com/mp_piao_0001/temp13149313075718785296file_1723705356000.jpg_120x120_f1ebb0ce.jpg"", ""title"": """", ""big"": ""https://qimgs.qunarzz.com/mp_piao_0001/temp13149313075718785296file_1723705356000.jpg""}, {""small"": ""https://qimgs.qunarzz.com/mp_piao_0001/temp12434059451790240950file_1723705356000.jpg_120x120_843b1654.jpg"", ""title"": """", ""big"": ""https://qimgs.qunarzz.com/mp_piao_0001/temp12434059451790240950file_1723705356000.jpg""}], ""userNickName"": ""\u5e0c*\u67f3"", ""replyCityName"": """", ""cityName"": ""\u5e7f\u897f""}, {""author"": ""\u53bb*\u6237"", ""content"": ""\u9ea6\u5bfc\u5f88\u70ed\u60c5\uff0c\u4eba\u5f88\u597d\uff0c\u5e2e\u6211\u4eec\u62cd\u4e86\u597d\u770b\u7684\u7167\u7247\uff0c\u8fd8\u5e26\u6211\u4eec\u53bb\u4e86\u8df3\u6c34\u51a0\u519b\u7684\u5bb6\u3002"", ""date"": ""2024-12-27"", ""score"": 5, ""commentId"": ""239394287"", ""imgs"": [], ""userNickName"": ""\u53bb*\u6237"", ""replyCityName"": """", ""cityName"": ""\u5e7f\u4e1c""}, {""author"": ""\u53bb*\u6237"", ""content"": ""\u7528\u6237\u672a\u70b9\u8bc4\uff0c\u7cfb\u7edf\u9ed8\u8ba4\u597d\u8bc4\u3002"", ""date"": ""2024-12-27"", ""score"": 5, ""commentId"": ""239388300"", ""imgs"": [], ""userNickName"": ""\u53bb*\u6237"", ""replyCityName"": """", ""cityName"": """"}, {""author"": ""\u53bb*\u6237"", ""content"": ""\u7528\u6237\u672a\u70b9\u8bc4\uff0c\u7cfb\u7edf\u9ed8\u8ba4\u597d\u8bc4\u3002"", ""date"": ""2024-12-25"", ""score"": 5, ""commentId"": ""239374250"", ""imgs"": [], ""userNickName"": ""\u53bb*\u6237"", ""replyCityName"": """", ""cityName"": """"}, {""author"": ""\u53bb*\u6237"", ""content"": ""\u7528\u6237\u672a\u70b9\u8bc4\uff0c\u7cfb\u7edf\u9ed8\u8ba4\u597d\u8bc4\u3002"", ""date"": ""2024-12-25"", ""score"": 5, ""commentId"": ""239373907"", ""imgs"": [], ""userNickName"": ""\u53bb*\u6237"", ""replyCityName"": """", ""cityName"": """"}, {""author"": ""p*0"", ""content"": ""\u7528\u6237\u672a\u70b9\u8bc4\uff0c\u7cfb\u7edf\u9ed8\u8ba4\u597d\u8bc4\u3002"", ""date"": ""2024-12-24"", ""score"": 5, ""commentId"": ""239358123"", ""imgs"": [], ""userNickName"": ""p*0"", ""replyCityName"": """", ""cityName"": """"}, {""author"": ""\u5bd2*\u5764"", ""content"": ""\u7528\u6237\u672a\u70b9\u8bc4\uff0c\u7cfb\u7edf\u9ed8\u8ba4\u597d\u8bc4\u3002"", ""date"": ""2024-12-24"", ""score"": 5, ""commentId"": ""239358114"", ""imgs"": [], ""userNickName"": ""\u5bd2*\u5764"", ""replyCityName"": """", ""cityName"": """"}, {""author"": ""\u5bd2*\u5764"", ""content"": ""\u7528\u6237\u672a\u70b9\u8bc4\uff0c\u7cfb\u7edf\u9ed8\u8ba4\u597d\u8bc4\u3002"", ""date"": ""2024-12-24"", ""score"": 5, ""commentId"": ""239356894"", ""imgs"": [], ""userNickName"": ""\u5bd2*\u5764"", ""replyCityName"": """", ""cityName"": """"}, {""author"": ""\u5bd2*\u5764"", ""content"": ""\u7528\u6237\u672a\u70b9\u8bc4\uff0c\u7cfb\u7edf\u9ed8\u8ba4\u597d\u8bc4\u3002"", ""date"": ""2024-12-24"", ""score"": 5, ""commentId"": ""239355084"", ""imgs"": [], ""userNickName"": ""\u5bd2*\u5764"", ""replyCityName"": """", ""cityName"": """"}, {""author"": ""\u6768*\u4e8c"", ""content"": ""\u7528\u6237\u672a\u70b9\u8bc4\uff0c\u7cfb\u7edf\u9ed8\u8ba4\u597d\u8bc4\u3002"", ""date"": ""2024-12-24"", ""score"": 5, ""commentId"": ""239354580"", ""imgs"": [], ""userNickName"": ""\u6768*\u4e8c"", ""replyCityName"": """", ""cityName"": """"}], ""score"": 4.7, ""commentCount"": 2717}, ""statusCode"": 200}"
海上城市,https://imgs.qunarzz.com/sight/p48/201211/09/82d19047991ef22693835fbb.jpg_280x200_04ea4ab9.jpg,湛江市,霞山区,广东省湛江市霞山区观海路海上游轮,2,3.0,犹如镶嵌在湛江海湾中的夜明珠,https://piao.qunar.com/ticket/detail_2369846882.html?st=a3clM0QlRTklOUMlOUUlRTUlQjElQjElRTUlOEMlQkElMjZpZCUzRDc3NzMlMjZ0eXBlJTNEMCUyNmlkeCUzRDE2JTI2cXQlM0QlMjZhcGslM0QyJTI2c2MlM0RXV1clMjZ1ciUzRCVFNCVCOCVBRCVFNSVCMSVCMSUyNmxyJTNEJUU0JUI4JUFEJUU1JUIxJUIxJTI2ZnQlM0QlN0IlN0Q%3D#from=mpl_search_suggest,-1.0,N/A,“海上城市”原名“巴西玛鲁”，是日本一艘国际远航客货轮，已有四五十年的历史，船长 156米、宽19.6米，共有七层，排水量达1．7万吨。1954年下水，1951年载中日友好青年代表团访问中国，后改为旅游船，停泊在日本旅游胜地鸟羽市港湾，1997年由珠海华莹集团引进，次年落户于湛江，与雄伟的南海舰队军港隔海相望。“海上城市”被广东省旅游局挂牌为“广东省旅游定点单位”，被湛江市纪委监察局挂牌为湛江市企业合法权益重点保护单位”。它是一个新兴的海洋生态旅游项目，以美丽的海滩，蔚蓝色的大海，亚热带风情为组合的海上旅游娱乐景区。现船内设有海洋科普馆、贝壳馆、电子娱乐城、”星空演出舞台、露天酒吧、夜总会中西餐厅等，是集游览、娱乐、餐饮、购物为一体的综合大型海上旅游船。夜幕降临，海上城市灯火通明，犹如镶嵌在湛江海湾中的夜明珠。,暂无,https://imgs.qunarzz.com/sight/p48/201211/09/82d19047991ef22693835fbb.jpg_710x360_f4b70b6f.jpg〇https://imgs.qunarzz.com/sight/p0/1412/57/067d762dca6a8af345e45c6395cdc362.water.jpg_710x360_47d2ed22.jpg〇https://imgs.qunarzz.com/sight/p0/1412/42/25fdc14a92ca7486d9cf02ce95fe6555.water.jpg_710x360_27e50da0.jpg,"{""ret"": true, ""data"": {""tagList"": [{""tagType"": 3, ""tagScore"": 5, ""tagNum"": 1, ""tagName"": ""\u5dee\u8bc4""}, {""tagType"": 1, ""tagScore"": 5, ""tagNum"": 1, ""tagName"": ""\u597d\u8bc4""}, {""tagType"": 0, ""tagScore"": 5, ""tagNum"": 2, ""tagName"": ""\u5168\u90e8""}], ""commentList"": [{""author"": ""M*9"", ""content"": ""\u611f\u89c9\u8fd9\u53ea\u8239\u88ab\u56da\u7981\u4e86 \u6bcf\u6b21\u8def\u8fc7\u90fd\u89c9\u5f97\u53ef\u60dc \u5e0c\u671b\u80fd\u50cf\u9000\u5f79\u7684\u5357\u660c\u8230\u4e00\u6837\u4fee\u4e2a\u4e3b\u9898\u516c\u56ed\u653e\u7740"", ""date"": ""2018-07-28"", ""score"": 5, ""commentId"": ""206947150"", ""imgs"": [{""small"": ""https://imgs.qunarzz.com/piao/fusion/1807/ac/268445f240b3a502.jpg_120x120_55e86012.jpg"", ""title"": """", ""big"": ""https://imgs.qunarzz.com/piao/fusion/1807/ac/268445f240b3a502.jpg""}, {""small"": ""https://imgs.qunarzz.com/piao/fusion/1807/95/8e2a02ccd1d81e02.jpg_120x120_7a34bdaa.jpg"", ""title"": """", ""big"": ""https://imgs.qunarzz.com/piao/fusion/1807/95/8e2a02ccd1d81e02.jpg""}], ""userNickName"": ""M*9"", ""replyCityName"": """", ""cityName"": """"}, {""author"": ""y*4"", ""content"": ""14\u5e74\u56fd\u5e86\u53bb\u7684\u8fd9\u8258\u8239\uff0c\u4e0a\u9762\u5df2\u7ecf\u662f\u7a7a\u7a7a\u5982\u4e5f\uff0c\u5a31\u4e50\u9879\u76ee\u4ec0\u4e48\u7684\u90fd\u6ca1\u6709\u4e86\uff0c\u665a\u4e0a\u9ed1\u6d1e\u6d1e\u7684\uff0c\u591a\u5c11\u8fd8\u6709\u4e9b\u6050\u6016\uff0c\u4e0a\u9762\u6709\u5c0a\u89c2\u97f3\u50cf\uff0c\u611f\u89c9\u50cf\u9707\u90aa\u7684\u3002"", ""date"": ""2015-08-01"", ""score"": 1, ""commentId"": ""63488326"", ""imgs"": [], ""userNickName"": ""y*4"", ""replyCityName"": """", ""cityName"": """"}], ""score"": 3.0, ""commentCount"": 2}, ""statusCode"": 200}"
海滨公园,https://qimgs.qunarzz.com/piao_qsight_provider_piao_qsight_web/0106h120009hee9m44C8E_C_900_504.jpg_280x200_6dde1595.jpg,湛江市,霞山区,广东省湛江市霞山区海滨大道南1路4号,23,4.9,挺拔的椰树、鲜艳的花卉,https://piao.qunar.com/ticket/detail_2862344238.html?st=a3clM0QlRTklOUMlOUUlRTUlQjElQjElRTUlOEMlQkElMjZpZCUzRDk0OTQlMjZ0eXBlJTNEMCUyNmlkeCUzRDMlMjZxdCUzRCUyNmFwayUzRDIlMjZzYyUzRFdXVyUyNnVyJTNEJUU0JUI4JUFEJUU1JUIxJUIxJTI2bHIlM0QlRTQlQjglQUQlRTUlQjElQjElMjZmdCUzRCU3QiU3RA%3D%3D#from=mpl_search_suggest,7.0,N/A,海滨公园位于霞山海滨一路，园内绿荫夹道，椰树成林。园内南端宽阔的海滩矗立着“南天海望”飞来巨石，北端建有醉海园、椰翠亭等景点及游乐中心。园中有利用海水潮差更换池水的泳池。,1/1-12/31；周一至周日；全天开放,https://qimgs.qunarzz.com/piao_qsight_provider_piao_qsight_web/0106h120009hee9m44C8E_C_900_504.jpg_710x360_077ea1a3.jpg〇https://qimgs.qunarzz.com/piao_qsight_provider_piao_qsight_web/0106h120009hee9m44C8E_C_900_504_Q90_Mtg_7.jpg_710x360_b1c7cdf0.jpg〇https://imgs.qunarzz.com/sight/p0/1507/84/84352306a9d91b72.img.jpg_710x360_3ebf7dde.jpg〇https://imgs.qunarzz.com/sight/p0/1507/75/7523a9a6ffd6dcd9.img.jpg_710x360_ff636a99.jpg〇https://imgs.qunarzz.com/sight/p0/1507/7f/7f883c0236454654.img.jpg_710x360_6f96048b.jpg〇https://imgs.qunarzz.com/sight/p0/1507/9c/9cd646f1af9d9f3.img.jpg_710x360_be953aeb.jpg〇https://imgs.qunarzz.com/sight/p0/1507/d8/d88e16645633b142.img.jpg_710x360_fe03e213.jpg〇https://imgs.qunarzz.com/sight/p0/1507/c6/c68d72b1c02022d8.img.jpg_710x360_8b6a307d.jpg〇https://imgs.qunarzz.com/sight/p0/1412/b8/a140e0e8a9a7373185ea37d0927db217.water.jpg_710x360_1fd4fcf7.jpg〇https://imgs.qunarzz.com/sight/p0/1412/d4/03f5f9bff98c5bd671276704086722e9.water.jpg_710x360_25b7516f.jpg〇https://imgs.qunarzz.com/sight/p0/1412/62/6578eaa6c369733fa38054ea653c5d5c.water.jpg_710x360_fa0fbc11.jpg〇https://imgs.qunarzz.com/sight/p0/1412/e3/08d967c96ce3113e82ff11f560eb65fc.water.jpg_710x360_9e3a45d9.jpg〇https://imgs.qunarzz.com/sight/p0/1412/ba/99fb53081f42bc41e39a770dfa9d1ef3.water.jpg_710x360_1ec18f92.jpg〇https://imgs.qunarzz.com/sight/p0/1412/1d/5f85caecb9c1efc2d6b2fbbc7bfe3a09.water.jpg_710x360_a358ffe1.jpg〇https://imgs.qunarzz.com/sight/p0/1412/43/53658aae1874057b0e4dbe924ff4cda6.water.jpg_710x360_bdd810b3.jpg〇https://qimgs.qunarzz.com/piao_qsight_provider_piao_qsight_web/23285b45c9515eb5.jpg_710x360_8991a2d2.jpg〇https://qimgs.qunarzz.com/piao_qsight_provider_piao_qsight_web/8bc18862117ed4b5.jpg_710x360_d58d7c13.jpg〇https://qimgs.qunarzz.com/piao_qsight_provider_piao_qsight_web/37c099625814ab5.jpg_710x360_a6d1daa4.jpg〇https://qimgs.qunarzz.com/piao_qsight_provider_piao_qsight_web/e2df4bb9ae6f5cb5.jpg_710x360_38a0c254.jpg〇https://qimgs.qunarzz.com/piao_qsight_provider_piao_qsight_web/7d8e364c23e9e7b5.jpg_710x360_a34f6fff.jpg〇https://qimgs.qunarzz.com/piao_qsight_provider_piao_qsight_web/4a43dacdba45c4b5.jpg_710x360_90f336c8.jpg〇https://qimgs.qunarzz.com/piao_qsight_provider_piao_qsight_web/9279731c188b62b5.jpg_710x360_0278e163.jpg〇https://qimgs.qunarzz.com/piao_qsight_provider_piao_qsight_web/1a4d5b84ec0cbab5.jpg_710x360_6fdf54b2.jpg〇https://qimgs.qunarzz.com/piao_qsight_provider_piao_qsight_web/506da3ff7a19f7b5.jpg_710x360_2647d75c.jpg〇https://qimgs.qunarzz.com/piao_qsight_provider_piao_qsight_web/df0325804b4e6ab5.jpg_710x360_c215b7ce.jpg〇https://qimgs.qunarzz.com/piao_qsight_provider_piao_qsight_web/2f89dce1512159b5.jpg_710x360_9bb57312.jpg〇https://qimgs.qunarzz.com/piao_qsight_provider_piao_qsight_web/6ad6d660a44426b5.jpg_710x360_45bf14eb.jpg〇https://qimgs.qunarzz.com/piao_qsight_provider_piao_qsight_web/72ca7a7b595dd3b5.jpg_710x360_ad58c6f4.jpg〇https://qimgs.qunarzz.com/piao_qsight_provider_piao_qsight_web/0b6141f27e597af7.jpg_710x360_eb49b155.jpg〇https://qimgs.qunarzz.com/piao_qsight_provider_piao_qsight_web/4971907e58f68117ffffffffc8d65eac.jpg_710x360_bdca2ebf.jpg〇https://qimgs.qunarzz.com/piao_qsight_provider_piao_qsight_web/e95408fcb40a6ea3ffffffffc8d65eac.jpg_710x360_f9d21eba.jpg〇https://qimgs.qunarzz.com/piao_qsight_provider_piao_qsight_web/798c82f09fcfd1a1ffffffffc8d65eac.jpg_710x360_0d3d01b9.jpg〇https://qimgs.qunarzz.com/piao_qsight_provider_piao_qsight_web/69dd5d4f6fcff4d8ffffffffc8d65eac.jpg_710x360_aeb80822.jpg〇https://qimgs.qunarzz.com/piao_qsight_provider_piao_qsight_web/fd65cc93d8e8aa70ffffffffc8d65eac.jpg_710x360_5e92a0fe.jpg〇https://qimgs.qunarzz.com/piao_qsight_provider_piao_qsight_web/80fe4bf9515b90edffffffffc8d65eac.jpg_710x360_18b17aee.jpg,"{""ret"": true, ""data"": {""tagList"": [{""tagType"": 32, ""tagScore"": 5, ""tagNum"": 1, ""tagName"": ""\u670d\u52a1\u597d""}, {""tagType"": 16, ""tagScore"": 5, ""tagNum"": 1, ""tagName"": ""\u9760\u8c31""}, {""tagType"": 1, ""tagScore"": 5, ""tagNum"": 23, ""tagName"": ""\u597d\u8bc4""}, {""tagType"": 0, ""tagScore"": 5, ""tagNum"": 23, ""tagName"": ""\u5168\u90e8""}], ""commentList"": [{""author"": ""\u53bb*\u6237"", ""content"": ""\u5f88\u8212\u670d\uff0c\u6bcf\u4e2a\u5730\u65b9\u90fd\u86ee\u503c\u5f97\u770b\uff0c\u597d\u8bc4\u3002"", ""date"": ""2024-12-10"", ""score"": 5, ""commentId"": ""239179937"", ""imgs"": [], ""userNickName"": ""\u53bb*\u6237"", ""replyCityName"": ""\u798f\u5efa"", ""cityName"": ""\u5e7f\u4e1c""}, {""author"": ""Z*2"", ""content"": ""\u7528\u6237\u672a\u70b9\u8bc4\uff0c\u7cfb\u7edf\u9ed8\u8ba4\u597d\u8bc4\u3002"", ""date"": ""2024-11-04"", ""score"": 5, ""commentId"": ""238381389"", ""imgs"": [], ""userNickName"": ""Z*2"", ""replyCityName"": """", ""cityName"": """"}, {""author"": ""\u53bb*\u6237"", ""content"": ""\u7528\u6237\u672a\u70b9\u8bc4\uff0c\u7cfb\u7edf\u9ed8\u8ba4\u597d\u8bc4\u3002"", ""date"": ""2024-09-12"", ""score"": 5, ""commentId"": ""236651291"", ""imgs"": [], ""userNickName"": ""\u53bb*\u6237"", ""replyCityName"": """", ""cityName"": """"}, {""author"": ""t*6"", ""content"": ""\u7528\u6237\u672a\u70b9\u8bc4\uff0c\u7cfb\u7edf\u9ed8\u8ba4\u597d\u8bc4\u3002"", ""date"": ""2023-01-11"", ""score"": 5, ""commentId"": ""223926806"", ""imgs"": [], ""userNickName"": ""t*6"", ""replyCityName"": """", ""cityName"": """"}, {""author"": ""\u53bb*\u6237"", ""content"": ""\u7528\u6237\u672a\u70b9\u8bc4\uff0c\u7cfb\u7edf\u9ed8\u8ba4\u597d\u8bc4\u3002"", ""date"": ""2022-08-31"", ""score"": 5, ""commentId"": ""223029052"", ""imgs"": [], ""userNickName"": ""\u53bb*\u6237"", ""replyCityName"": """", ""cityName"": """"}, {""author"": ""b*6"", ""content"": ""\u7528\u6237\u672a\u70b9\u8bc4\uff0c\u7cfb\u7edf\u9ed8\u8ba4\u597d\u8bc4\u3002"", ""date"": ""2022-08-26"", ""score"": 5, ""commentId"": ""222933416"", ""imgs"": [], ""userNickName"": ""b*6"", ""replyCityName"": """", ""cityName"": """"}, {""author"": ""y*4"", ""content"": ""\u7528\u6237\u672a\u70b9\u8bc4\uff0c\u7cfb\u7edf\u9ed8\u8ba4\u597d\u8bc4\u3002"", ""date"": ""2022-08-19"", ""score"": 5, ""commentId"": ""222840430"", ""imgs"": [], ""userNickName"": ""y*4"", ""replyCityName"": """", ""cityName"": """"}, {""author"": ""\u53bb*\u6237"", ""content"": ""\u7528\u6237\u672a\u70b9\u8bc4\uff0c\u7cfb\u7edf\u9ed8\u8ba4\u597d\u8bc4\u3002"", ""date"": ""2022-07-26"", ""score"": 5, ""commentId"": ""222594453"", ""imgs"": [], ""userNickName"": ""\u53bb*\u6237"", ""replyCityName"": """", ""cityName"": """"}, {""author"": ""\u53bb*\u6237"", ""content"": ""\u7528\u6237\u672a\u70b9\u8bc4\uff0c\u7cfb\u7edf\u9ed8\u8ba4\u597d\u8bc4\u3002"", ""date"": ""2022-07-19"", ""score"": 5, ""commentId"": ""222560172"", ""imgs"": [], ""userNickName"": ""\u53bb*\u6237"", ""replyCityName"": """", ""cityName"": """"}, {""author"": ""\u53bb*\u6237"", ""content"": ""\u7528\u6237\u672a\u70b9\u8bc4\uff0c\u7cfb\u7edf\u9ed8\u8ba4\u597d\u8bc4\u3002"", ""date"": ""2022-06-06"", ""score"": 5, ""commentId"": ""222424162"", ""imgs"": [], ""userNickName"": ""\u53bb*\u6237"", ""replyCityName"": """", ""cityName"": """"}], ""score"": 4.9, ""commentCount"": 23}, ""statusCode"": 200}"
乐学小城(湛江店),https://qimgs.qunarzz.com/piao_qsight_provider_piao_qsight_web/0101012000aoxlwlrD1CE_C_900_504.jpg_280x200_f202217e.jpg,湛江市,赤坎区,广东省湛江市赤坎区海田路138号一色湛江文化城3~4层,147,4.9,培养孩子的合作、志趣、理财和经济意识,https://piao.qunar.com/ticket/detail_619700497.html?st=a3clM0QlRTglQjUlQTQlRTUlOUQlOEUlRTUlOEMlQkElMjZpZCUzRDQ2MTkwNCUyNnR5cGUlM0QwJTI2aWR4JTNENyUyNnF0JTNEJTI2YXBrJTNEMiUyNnNjJTNEV1dXJTI2dXIlM0QlRTQlQjglQUQlRTUlQjElQjElMjZsciUzRCVFNCVCOCVBRCVFNSVCMSVCMSUyNmZ0JTNEJTdCJTdE#from=mpl_search_suggest,-1.0,N/A,特色1：培养志趣，发掘孩子动手能力、协调统筹、团队合作和战胜挫折等四大关键能力，让孩子一生受益特色2：孩子们从事自己喜欢的职业，打工、赚钱、消费，这些“工作”从头到尾都是在学习生活常识、工作和金钱的价值，从而建立一个更美好的世界特色3：这里实行按劳取酬，鼓励储蓄，从小培养孩子的理财能力和经济意识乐8小城是新一代的儿童社会角色主题乐园，其全国新创的少儿育乐模式，通过主题体验设计、全面立体的角色游戏，培养志趣，发掘孩子动手能力、协调统筹、团队合作和战胜挫折等四大关键能力，让孩子一生受益。在乐8小城，所有的街道、商店、车辆都被缩小了1/3，孩子是这座小镇的主人，他们在乐8小城做医生、消防员、押运员、警察、赛车手、飞行员、蛋糕师或记者，还有建筑工地，建造房子、发现古兵马俑、研究新的科学配方，或者其他寓教于乐的探险活动。大人们的世界里有的，乐8小城也有。孩子们从事自己喜欢的职业，打工、赚钱、消费，这些“工作”从头到尾都是在学习生活常识、工作和金钱的价值，从而建立一个更美好的世界。乐8小城的金融系统由银行赞助，这里的流通货币叫“E币“，购物和娱乐等消费需要“E币”买单，在小城内求职并参加工作可获得薪水。这里实行按劳取酬，鼓励储蓄，从小培养孩子的理财能力和经济意识。乐8小城是与众不同的，它鼓励孩子自己拿主意，这里他们学习经济的基本原则，建立自尊心，促进他们的创造力，学习团队协作，凭借这里的经验，成*地走向未来！,周二-周五10:00-14:00；周六、周日、法定节假日及寒暑假10:00-14:00，15:30-19:30；周一闭馆。,https://qimgs.qunarzz.com/piao_qsight_provider_piao_qsight_web/0101012000aoxlwlrD1CE_C_900_504.jpg_710x360_34dd15ee.jpg〇https://qimgs.qunarzz.com/piao_qsight_provider_piao_qsight_web/0101012000aoxlwlrD1CE_C_900_504_Q90_Mtg_7.jpg_710x360_23d556c1.jpg〇https://imgs.qunarzz.com/sight/p0/1806/c3/c314031bba0030da3.img.png_710x360_dabc4407.png〇https://imgs.qunarzz.com/sight/p0/1806/81/81483b2111a42109a3.img.png_710x360_23eb968b.png〇https://imgs.qunarzz.com/sight/p0/1806/aa/aa14ded17e51946ca3.img.png_710x360_7581109e.png〇https://imgs.qunarzz.com/sight/p0/1806/fd/fd5125379ed4b171a3.img.png_710x360_7c3541a0.png〇https://imgs.qunarzz.com/sight/p0/1701/70/70b603012be0d501a3.water.jpg_710x360_f6c6c4d0.jpg〇https://imgs.qunarzz.com/sight/p0/1701/d7/d79ce098933ceeaa3.water.jpg_710x360_c751647f.jpg〇https://qimgs.qunarzz.com/piao_qsight_provider_piao_qsight_web/4fec63ab181f2702.jpg_710x360_d4ae474b.jpg〇https://qimgs.qunarzz.com/piao_qsight_provider_piao_qsight_web/5bf8cd2afe5f9602.jpg_710x360_809e79ff.jpg〇https://qimgs.qunarzz.com/piao_qsight_provider_piao_qsight_web/91e2e93bdcf48702.jpg_710x360_d5fee10a.jpg〇https://qimgs.qunarzz.com/piao_qsight_provider_piao_qsight_web/1c587f74252ce602.jpg_710x360_a3f1d3cc.jpg〇https://qimgs.qunarzz.com/piao_qsight_provider_piao_qsight_web/dbc3b3835a8a3002.jpg_710x360_8bf290ce.jpg〇https://qimgs.qunarzz.com/piao_qsight_provider_piao_qsight_web/cce93a966f47ef02.jpg_710x360_552fb721.jpg〇https://qimgs.qunarzz.com/piao_qsight_provider_piao_qsight_web/9083c941f9c76e02.jpg_710x360_40432951.jpg〇https://qimgs.qunarzz.com/piao_qsight_provider_piao_qsight_web/fc8bb4e55576bc02.jpg_710x360_3e6cd733.jpg〇https://qimgs.qunarzz.com/piao_qsight_provider_piao_qsight_web/c57035455a535002.jpg_710x360_1993eb16.jpg〇https://qimgs.qunarzz.com/piao_qsight_provider_piao_qsight_web/5bd5435f48ce6f02.jpg_710x360_2d610a51.jpg〇https://qimgs.qunarzz.com/piao_qsight_provider_piao_qsight_web/3946160c93e52d02.jpg_710x360_cc1ceae2.jpg〇https://qimgs.qunarzz.com/piao_qsight_provider_piao_qsight_web/d7546f775fba4e02.jpg_710x360_4a12e9e8.jpg〇https://qimgs.qunarzz.com/piao_qsight_provider_piao_qsight_web/5b9f223a48a0c702.jpg_710x360_014a58f3.jpg〇https://qimgs.qunarzz.com/piao_qsight_provider_piao_qsight_web/4fdeec99766cd02.jpg_710x360_262307df.jpg〇https://qimgs.qunarzz.com/piao_qsight_provider_piao_qsight_web/359f4ab28564ba02.jpg_710x360_bd15e31a.jpg〇https://qimgs.qunarzz.com/piao_qsight_provider_piao_qsight_web/3402c999f8b2502.jpg_710x360_c45a4368.jpg〇https://qimgs.qunarzz.com/piao_qsight_provider_piao_qsight_web/14c649ad0eec9a02.jpg_710x360_81306686.jpg〇https://qimgs.qunarzz.com/piao_qsight_provider_piao_qsight_web/79b6403738350402.jpg_710x360_c1c03ff6.jpg〇https://qimgs.qunarzz.com/piao_qsight_provider_piao_qsight_web/955c46e2494db202.jpg_710x360_d663a710.jpg〇https://qimgs.qunarzz.com/piao_qsight_provider_piao_qsight_web/b8c2e8381e745202.jpg_710x360_2b99398e.jpg,"{""ret"": true, ""data"": {""tagList"": [{""tagType"": 8, ""tagScore"": 5, ""tagNum"": 1, ""tagName"": ""\u4fbf\u5b9c""}, {""tagType"": 1, ""tagScore"": 5, ""tagNum"": 144, ""tagName"": ""\u597d\u8bc4""}, {""tagType"": 0, ""tagScore"": 5, ""tagNum"": 147, ""tagName"": ""\u5168\u90e8""}], ""commentList"": [{""author"": ""k*9"", ""content"": ""\u53ef\u4ee5\u626e\u6f14\u5f88\u591a\u89d2\u8272\uff0c\u4e00\u4e0b\u5348\u6211\u4eec\u603b\u5171\u73a9\u4e86\u516b\u4e2a\uff0c\u5b69\u5b50\u7279\u522b\u559c\u6b22\uff01"", ""date"": ""2018-04-07"", ""score"": 5, ""commentId"": ""205800531"", ""imgs"": [{""small"": ""https://imgs.qunarzz.com/piao/fusion/1804/bb/3402c999f8b2502.jpg_120x120_87389515.jpg"", ""title"": """", ""big"": ""https://imgs.qunarzz.com/piao/fusion/1804/bb/3402c999f8b2502.jpg""}, {""small"": ""https://imgs.qunarzz.com/piao/fusion/1804/27/359f4ab28564ba02.jpg_120x120_8936bcd7.jpg"", ""title"": """", ""big"": ""https://imgs.qunarzz.com/piao/fusion/1804/27/359f4ab28564ba02.jpg""}, {""small"": ""https://imgs.qunarzz.com/piao/fusion/1804/a3/4fdeec99766cd02.jpg_120x120_9e29186b.jpg"", ""title"": """", ""big"": ""https://imgs.qunarzz.com/piao/fusion/1804/a3/4fdeec99766cd02.jpg""}, {""small"": ""https://imgs.qunarzz.com/piao/fusion/1804/c1/5b9f223a48a0c702.jpg_120x120_825cc8d1.jpg"", ""title"": """", ""big"": ""https://imgs.qunarzz.com/piao/fusion/1804/c1/5b9f223a48a0c702.jpg""}, {""small"": ""https://imgs.qunarzz.com/piao/fusion/1804/d4/d7546f775fba4e02.jpg_120x120_bef6ac1d.jpg"", ""title"": """", ""big"": ""https://imgs.qunarzz.com/piao/fusion/1804/d4/d7546f775fba4e02.jpg""}, {""small"": ""https://imgs.qunarzz.com/piao/fusion/1804/2e/3946160c93e52d02.jpg_120x120_8ff41174.jpg"", ""title"": """", ""big"": ""https://imgs.qunarzz.com/piao/fusion/1804/2e/3946160c93e52d02.jpg""}, {""small"": ""https://imgs.qunarzz.com/piao/fusion/1804/a3/5bd5435f48ce6f02.jpg_120x120_1c55ab0e.jpg"", ""title"": """", ""big"": ""https://imgs.qunarzz.com/piao/fusion/1804/a3/5bd5435f48ce6f02.jpg""}], ""userNickName"": ""k*9"", ""replyCityName"": """", ""cityName"": """"}, {""author"": ""_*6"", ""content"": ""\u7ed9\u4e86\u5b69\u5b50\u4e00\u4e2a\u5f88\u597d\u7684\u4f53\u9a8c\uff0c\u5b69\u5b50\u73a9\u5f97\u5f88\u5f00\u5fc3\uff0c\u5c31\u662f\u95e8\u7968\u6709\u70b9\u8d35\uff0c\u4e0d\u8fc7\u670d\u52a1\u548c\u73af\u5883\u90fd\u4e0d\u9519\u4e00\u4e2a"", ""date"": ""2018-06-04"", ""score"": 5, ""commentId"": ""206500884"", ""imgs"": [{""small"": ""https://imgs.qunarzz.com/p/tts3/1806/35/cce93a966f47ef02.jpg_120x120_24b839dc.jpg"", ""title"": """", ""big"": ""https://imgs.qunarzz.com/p/tts3/1806/35/cce93a966f47ef02.jpg""}, {""small"": ""https://imgs.qunarzz.com/p/tts3/1806/8b/dbc3b3835a8a3002.jpg_120x120_d20f57da.jpg"", ""title"": """", ""big"": ""https://imgs.qunarzz.com/p/tts3/1806/8b/dbc3b3835a8a3002.jpg""}, {""small"": ""https://imgs.qunarzz.com/p/tts6/1806/e8/1c587f74252ce602.jpg_120x120_1d6b9dc9.jpg"", ""title"": """", ""big"": ""https://imgs.qunarzz.com/p/tts6/1806/e8/1c587f74252ce602.jpg""}, {""small"": ""https://imgs.qunarzz.com/p/tts4/1806/fc/91e2e93bdcf48702.jpg_120x120_d62c69f8.jpg"", ""title"": """", ""big"": ""https://imgs.qunarzz.com/p/tts4/1806/fc/91e2e93bdcf48702.jpg""}, {""small"": ""https://imgs.qunarzz.com/p/tts5/1806/79/5bf8cd2afe5f9602.jpg_120x120_c7bb9959.jpg"", ""title"": """", ""big"": ""https://imgs.qunarzz.com/p/tts5/1806/79/5bf8cd2afe5f9602.jpg""}, {""small"": ""https://imgs.qunarzz.com/p/tts4/1806/6b/4fec63ab181f2702.jpg_120x120_ec18c535.jpg"", ""title"": """", ""big"": ""https://imgs.qunarzz.com/p/tts4/1806/6b/4fec63ab181f2702.jpg""}], ""userNickName"": ""_*6"", ""replyCityName"": """", ""cityName"": """"}, {""author"": ""d*n"", ""content"": ""\u7528\u6237\u672a\u70b9\u8bc4\uff0c\u7cfb\u7edf\u9ed8\u8ba4\u597d\u8bc4\u3002"", ""date"": ""2019-01-09"", ""score"": 5, ""commentId"": ""208930828"", ""imgs"": [], ""userNickName"": ""d*n"", ""replyCityName"": """", ""cityName"": """"}, {""author"": ""J*\u742a"", ""content"": ""\u7528\u6237\u672a\u70b9\u8bc4\uff0c\u7cfb\u7edf\u9ed8\u8ba4\u597d\u8bc4\u3002"", ""date"": ""2019-01-08"", ""score"": 5, ""commentId"": ""208923358"", ""imgs"": [], ""userNickName"": ""J*\u742a"", ""replyCityName"": """", ""cityName"": """"}, {""author"": ""t*4"", ""content"": ""\u7ed9\u4e86\u5b69\u5b50\u4e00\u4e2a\u5f88\u597d\u7684\u4f53\u9a8c\uff0c\u5b69\u5b50\u73a9\u5f97\u5f88\u5f00\u5fc3\uff0c\u5c31\u662f\u95e8\u7968\u6709\u70b9\u8d35\uff0c\u4e0d\u8fc7\u670d\u52a1\u548c\u73af\u5883\u90fd\u4e0d\u9519\u4e00\u4e2a"", ""date"": ""2018-06-04"", ""score"": 0, ""commentId"": ""216181494"", ""imgs"": [{""small"": ""https://img1.qunarzz.com/p/tts4/1806/6b/4fec63ab181f2702.jpg_120x120_ec18c535.jpg"", ""title"": """", ""big"": ""https://img1.qunarzz.com/p/tts4/1806/6b/4fec63ab181f2702.jpg""}, {""small"": ""https://img1.qunarzz.com/p/tts5/1806/79/5bf8cd2afe5f9602.jpg_120x120_c7bb9959.jpg"", ""title"": """", ""big"": ""https://img1.qunarzz.com/p/tts5/1806/79/5bf8cd2afe5f9602.jpg""}, {""small"": ""https://img1.qunarzz.com/p/tts4/1806/fc/91e2e93bdcf48702.jpg_120x120_d62c69f8.jpg"", ""title"": """", ""big"": ""https://img1.qunarzz.com/p/tts4/1806/fc/91e2e93bdcf48702.jpg""}, {""small"": ""https://img1.qunarzz.com/p/tts6/1806/e8/1c587f74252ce602.jpg_120x120_1d6b9dc9.jpg"", ""title"": """", ""big"": ""https://img1.qunarzz.com/p/tts6/1806/e8/1c587f74252ce602.jpg""}, {""small"": ""https://img1.qunarzz.com/p/tts3/1806/8b/dbc3b3835a8a3002.jpg_120x120_d20f57da.jpg"", ""title"": """", ""big"": ""https://img1.qunarzz.com/p/tts3/1806/8b/dbc3b3835a8a3002.jpg""}, {""small"": ""https://img1.qunarzz.com/p/tts3/1806/35/cce93a966f47ef02.jpg_120x120_24b839dc.jpg"", ""title"": """", ""big"": ""https://img1.qunarzz.com/p/tts3/1806/35/cce93a966f47ef02.jpg""}], ""userNickName"": ""t*4"", ""replyCityName"": """", ""cityName"": """"}, {""author"": ""r*2"", ""content"": ""\u6211\u8ba2\u7968\u5e73\u53f0\u90fd\u641e\u9519\u4e86\u53d6\u7968\u7684\u5730\u70b9\u6253\u7535\u8bdd\u6253\u4e86\u534a\u4e2a\u949f\u624d\u5e2e\u6211\u641e\u597d\ud83d\ude02\ud83d\ude02\ud83d\ude02\ud83d\ude02\ud83d\ude02\u51e0\u4e2a\u949f\u73a9\u4e0d\u4e86\u51e0\u6837\ud83d\ude02\ud83d\ude02\ud83d\ude01\ud83d\ude01"", ""date"": ""2018-03-06"", ""score"": 5, ""commentId"": ""205426209"", ""imgs"": [{""small"": ""https://imgs.qunarzz.com/piao/fusion/1803/9e/79b6403738350402.jpg_120x120_b7de97a1.jpg"", ""title"": """", ""big"": ""https://imgs.qunarzz.com/piao/fusion/1803/9e/79b6403738350402.jpg""}, {""small"": ""https://imgs.qunarzz.com/piao/fusion/1803/ef/14c649ad0eec9a02.jpg_120x120_372d683e.jpg"", ""title"": """", ""big"": ""https://imgs.qunarzz.com/piao/fusion/1803/ef/14c649ad0eec9a02.jpg""}], ""userNickName"": ""r*2"", ""replyCityName"": """", ""cityName"": """"}, {""author"": ""\u6b22*\u884c"", ""content"": ""\u7528\u6237\u672a\u70b9\u8bc4\uff0c\u7cfb\u7edf\u9ed8\u8ba4\u597d\u8bc4\u3002"", ""date"": ""2018-12-19"", ""score"": 5, ""commentId"": ""208788646"", ""imgs"": [], ""userNickName"": ""\u6b22*\u884c"", ""replyCityName"": """", ""cityName"": """"}, {""author"": ""\u6b22*\u884c"", ""content"": ""\u7528\u6237\u672a\u70b9\u8bc4\uff0c\u7cfb\u7edf\u9ed8\u8ba4\u597d\u8bc4\u3002"", ""date"": ""2018-12-19"", ""score"": 5, ""commentId"": ""208788371"", ""imgs"": [], ""userNickName"": ""\u6b22*\u884c"", ""replyCityName"": """", ""cityName"": """"}, {""author"": ""k*9"", ""content"": ""\u53ef\u4ee5\u626e\u6f14\u5f88\u591a\u89d2\u8272\uff0c\u4e00\u4e0b\u5348\u6211\u4eec\u603b\u5171\u73a9\u4e86\u516b\u4e2a\uff0c\u5b69\u5b50\u7279\u522b\u559c\u6b22\uff01"", ""date"": ""2018-04-07"", ""score"": 0, ""commentId"": ""216181491"", ""imgs"": [{""small"": ""https://img1.qunarzz.com/piao/fusion/1804/a3/5bd5435f48ce6f02.jpg_120x120_1c55ab0e.jpg"", ""title"": """", ""big"": ""https://img1.qunarzz.com/piao/fusion/1804/a3/5bd5435f48ce6f02.jpg""}, {""small"": ""https://img1.qunarzz.com/piao/fusion/1804/2e/3946160c93e52d02.jpg_120x120_8ff41174.jpg"", ""title"": """", ""big"": ""https://img1.qunarzz.com/piao/fusion/1804/2e/3946160c93e52d02.jpg""}, {""small"": ""https://img1.qunarzz.com/piao/fusion/1804/d4/d7546f775fba4e02.jpg_120x120_bef6ac1d.jpg"", ""title"": """", ""big"": ""https://img1.qunarzz.com/piao/fusion/1804/d4/d7546f775fba4e02.jpg""}, {""small"": ""https://img1.qunarzz.com/piao/fusion/1804/c1/5b9f223a48a0c702.jpg_120x120_825cc8d1.jpg"", ""title"": """", ""big"": ""https://img1.qunarzz.com/piao/fusion/1804/c1/5b9f223a48a0c702.jpg""}, {""small"": ""https://img1.qunarzz.com/piao/fusion/1804/a3/4fdeec99766cd02.jpg_120x120_9e29186b.jpg"", ""title"": """", ""big"": ""https://img1.qunarzz.com/piao/fusion/1804/a3/4fdeec99766cd02.jpg""}, {""small"": ""https://img1.qunarzz.com/piao/fusion/1804/27/359f4ab28564ba02.jpg_120x120_8936bcd7.jpg"", ""title"": """", ""big"": ""https://img1.qunarzz.com/piao/fusion/1804/27/359f4ab28564ba02.jpg""}, {""small"": ""https://img1.qunarzz.com/piao/fusion/1804/bb/3402c999f8b2502.jpg_120x120_87389515.jpg"", ""title"": """", ""big"": ""https://img1.qunarzz.com/piao/fusion/1804/bb/3402c999f8b2502.jpg""}], ""userNickName"": ""k*9"", ""replyCityName"": """", ""cityName"": """"}, {""author"": ""\u91d1*9"", ""content"": ""\u7528\u6237\u672a\u70b9\u8bc4\uff0c\u7cfb\u7edf\u9ed8\u8ba4\u597d\u8bc4\u3002"", ""date"": ""2018-12-11"", ""score"": 5, ""commentId"": ""208733443"", ""imgs"": [], ""userNickName"": ""\u91d1*9"", ""replyCityName"": """", ""cityName"": """"}], ""score"": 4.9, ""commentCount"": 147}, ""statusCode"": 200}"
湛江博物馆,https://qimgs.qunarzz.com/piao_qsight_provider_piao_qsight_web/0100q120009hzq8pvC574_C_900_504.jpg_280x200_0f9a846b.jpg,湛江市,赤坎区,湛江市赤坎区南方路50号,1,4.0,苏式三层高大建筑物,https://piao.qunar.com/ticket/detail_178224385.html?st=a3clM0QlRTglQjUlQTQlRTUlOUQlOEUlRTUlOEMlQkElMjZpZCUzRDQ2NzglMjZ0eXBlJTNEMCUyNmlkeCUzRDYlMjZxdCUzRCUyNmFwayUzRDIlMjZzYyUzRFdXVyUyNnVyJTNEJUU0JUI4JUFEJUU1JUIxJUIxJTI2bHIlM0QlRTQlQjglQUQlRTUlQjElQjElMjZmdCUzRCU3QiU3RA%3D%3D#from=mpl_search_suggest,-1.0,N/A,"1960年建成的湛江博物馆,坐落在寸金桥公园内,是一座苏式三层高大的建筑物,占地8000平方米,建筑面积4100平方米。这里收藏的文物上万件。石器、陶瓷、铜鼓、东汉独木舟、唐代昆仑女头像、抗法斗争文物应有尽有,其中不乏国家一级文物。除文物外,馆里还经常举办名家书画摄影展览,是艺术家展示才华,市民欣赏艺术的场所。",1/1-12/31；周二至周日；09:00-17:00开园,https://qimgs.qunarzz.com/piao_qsight_provider_piao_qsight_web/0100q120009hzq8pvC574_C_900_504.jpg_710x360_48c657d0.jpg〇https://qimgs.qunarzz.com/piao_qsight_provider_piao_qsight_web/0100q120009hzq8pvC574_C_900_504_Q90_Mtg_7.jpg_710x360_dc538f67.jpg〇https://qimgs.qunarzz.com/piao_qsight_provider_piao_qsight_web/a786bcb03c633637.jpg_710x360_6ddee1e4.jpg〇https://qimgs.qunarzz.com/piao_qsight_provider_piao_qsight_web/012896a07f33ff7.jpg_710x360_568da253.jpg〇https://qimgs.qunarzz.com/piao_qsight_provider_piao_qsight_web/a2dc008566cc71f7.jpg_710x360_7a0341f5.jpg〇https://qimgs.qunarzz.com/piao_qsight_provider_piao_qsight_web/9346bf08eea5cf7.jpg_710x360_0b1e0bcf.jpg〇https://qimgs.qunarzz.com/piao_qsight_provider_piao_qsight_web/9e0255d0799fadf7.jpg_710x360_f9acc6e0.jpg〇https://qimgs.qunarzz.com/piao_qsight_provider_piao_qsight_web/ced147661aa087f7.jpg_710x360_21a2da18.jpg〇https://qimgs.qunarzz.com/piao_qsight_provider_piao_qsight_web/c05ad1c7acd4ccf7.jpg_710x360_0cf4b6c1.jpg〇https://qimgs.qunarzz.com/piao_qsight_provider_piao_qsight_web/de2d6798328ba5f7.jpg_710x360_0654bcd8.jpg〇https://qimgs.qunarzz.com/piao_qsight_provider_piao_qsight_web/9143f2b4d2072cf7.jpg_710x360_32756068.jpg〇https://qimgs.qunarzz.com/piao_qsight_provider_piao_qsight_web/1930492125dd9ff7.jpg_710x360_81eefab7.jpg〇https://qimgs.qunarzz.com/piao_qsight_provider_piao_qsight_web/e98ab6e1747e7cf7.jpg_710x360_05b81a6f.jpg〇https://qimgs.qunarzz.com/piao_qsight_provider_piao_qsight_web/fc9bbbebb72d02f7.jpg_710x360_9d713937.jpg〇https://qimgs.qunarzz.com/piao_qsight_provider_piao_qsight_web/b355de5ff77487f7.jpg_710x360_22d0028f.jpg〇https://qimgs.qunarzz.com/piao_qsight_provider_piao_qsight_web/492bca05cdb571f7.jpg_710x360_8f6996e6.jpg〇https://qimgs.qunarzz.com/piao_qsight_provider_piao_qsight_web/811d5b2d18c0b9f7.jpg_710x360_5a74ab2f.jpg〇https://qimgs.qunarzz.com/piao_qsight_provider_piao_qsight_web/3531b6f65ce31ef7.jpg_710x360_54bac466.jpg,"{""ret"": true, ""data"": {""tagList"": [{""tagType"": 1, ""tagScore"": 5, ""tagNum"": 1, ""tagName"": ""\u597d\u8bc4""}, {""tagType"": 0, ""tagScore"": 5, ""tagNum"": 1, ""tagName"": ""\u5168\u90e8""}], ""commentList"": [{""author"": ""\u5915*\u975e"", ""content"": ""\u6e5b\u6c5f\u535a\u7269\u9986\u7684\u4f4d\u7f6e\u6709\u70b9\u504f\uff0c\u4e5f\u56e0\u6b64\u5468\u8fb9\u73af\u5883\u633a\u5b89\u9759\u7684\u3002\u5076\u7136\u95f4\u4ece\u5bf8\u91d1\u516c\u56ed\u5c31\u901b\u5230\u535a\u7269\u9986\u6765\u4e86\uff0c\u82e5\u4e0d\u7ec6\u5fc3\u662f\u4e0d\u5927\u5bb9\u6613\u53d1\u73b0\u7684\u3002\u5370\u8c61\u6df1\u523b\u7684\u662f\u535a\u7269\u9986\u91cc\u9762\u7684\u4eff\u771f\u4eba\u50cf\uff0c\u8fd8\u597d\u6709\u8bb2\u89e3\u5458\u966a\u4f34\u53c2\u89c2\uff0c\u4e0d\u7136\u4e4d\u4e00\u770b\u8fd8\u662f\u4f1a\u89c9\u5f97\u5413\u4eba\uff0c\u5f53\u65f6\u8fd8\u60f3\u8fd8\u597d\u8fd9\u91cc\u665a\u4e0a\u4e0d\u5f00\u653e\uff0c\u4e0d\u7136\u5c31\u6210\u4e86\u5bfb\u523a\u6fc0\u7684\u5730\u65b9\u4e86\u3002\u535a\u7269\u9986\u65c1\u8fb9\u6709\u4e2a\u5c0f\u578b\u77f3\u72d7\u6797\uff0c\u62d8\u8bb2\u89e3\u5458\u8bf4\u90fd\u662f\u4ece\u96f7\u5dde\u90a3\u8fb9\u8fd0\u8fc7\u6765\u7684\uff0c\u73b0\u5728\u5728\u96f7\u5dde\u90a3\u8fb9\u5df2\u7ecf\u5f88\u96be\u770b\u5230\u4e86\u3002"", ""date"": ""2015-01-26"", ""score"": 4, ""commentId"": ""30079959"", ""imgs"": [{""small"": ""https://imgs.qunarzz.com/piao/fusion/1501/ef/a737166ce3d2b9.jpg_120x120_a8d20c3b.jpg"", ""title"": """", ""big"": ""https://imgs.qunarzz.com/piao/fusion/1501/ef/a737166ce3d2b9.jpg""}], ""userNickName"": ""\u5915*\u975e"", ""replyCityName"": """", ""cityName"": """"}], ""score"": 4.0, ""commentCount"": 1}, ""statusCode"": 200}"
普瑞美温泉健身中心（喜来登店）,https://qimgs.qunarzz.com/piao_qsight_provider_piao_qsight_web/temp65168339947951419020100r120009dbpi4v2E5C_wmr.jpg_280x200_e6e6e315.jpg,湛江市,赤坎区,广东省湛江市赤坎区海滨大道北128号民大中心负一层（喜来登酒店旁）,1,5.0,湛江普瑞美温泉位于湛江民大喜来登酒店负一层，面积共约8000平方米，是一家集洗浴、温泉、健身、游泳、足浴、保健按摩、特色,https://piao.qunar.com/ticket/detail_1802649664.html?st=a3clM0QlRTglQjUlQTQlRTUlOUQlOEUlRTUlOEMlQkElMjZpZCUzRDUxNTE1OCUyNnR5cGUlM0QwJTI2aWR4JTNENSUyNnF0JTNEJTI2YXBrJTNEMiUyNnNjJTNEV1dXJTI2dXIlM0QlRTQlQjglQUQlRTUlQjElQjElMjZsciUzRCVFNCVCOCVBRCVFNSVCMSVCMSUyNmZ0JTNEJTdCJTdE#from=mpl_search_suggest,-1.0,N/A,湛江普瑞美温泉位于湛江民大喜来登酒店负一层，面积共约8000平方米，是一家集洗浴、温泉、健身、游泳、足浴、保健按摩、特色SPA、餐饮于一体的一站式休闲养生会所。将喜来登酒店亚热带海洋主题的海螺型建筑设计元素结合湛江的地域文化特色，全力打造的粤西地区乃至全国市场中先进高端温泉中心。,1/1-12/31；周一至周日；09:00-23:59开园,https://qimgs.qunarzz.com/piao_qsight_provider_piao_qsight_web/temp65168339947951419020100r120009dbpi4v2E5C_wmr.jpg_710x360_8972ed21.jpg,"{""ret"": true, ""data"": {""tagList"": [{""tagType"": 1, ""tagScore"": 5, ""tagNum"": 1, ""tagName"": ""\u597d\u8bc4""}, {""tagType"": 0, ""tagScore"": 5, ""tagNum"": 1, ""tagName"": ""\u5168\u90e8""}], ""commentList"": [{""author"": ""\u7537*\u9999"", ""content"": ""\u7528\u6237\u672a\u70b9\u8bc4\uff0c\u7cfb\u7edf\u9ed8\u8ba4\u597d\u8bc4\u3002"", ""date"": ""2023-07-05"", ""score"": 5, ""commentId"": ""226454640"", ""imgs"": [], ""userNickName"": ""\u7537*\u9999"", ""replyCityName"": """", ""cityName"": """"}], ""score"": 5.0, ""commentCount"": 1}, ""statusCode"": 200}"
寸金桥公园,https://imgs.qunarzz.com/sight/p0/1410/17/faec0c1d3e2769f086b02f4c62bc7f5d.jpg_280x200_ede37527.jpg,湛江市,赤坎区,广东省湛江市赤坎区寸金一横路,25,4.8,是湛江市政府定为爱国主义教育的基地,https://piao.qunar.com/ticket/detail_1688420889.html?st=a3clM0QlRTglQjUlQTQlRTUlOUQlOEUlRTUlOEMlQkElMjZpZCUzRDc2NzglMjZ0eXBlJTNEMCUyNmlkeCUzRDQlMjZxdCUzRCUyNmFwayUzRDIlMjZzYyUzRFdXVyUyNnVyJTNEJUU0JUI4JUFEJUU1JUIxJUIxJTI2bHIlM0QlRTQlQjglQUQlRTUlQjElQjElMjZmdCUzRCU3QiU3RA%3D%3D#from=mpl_search_suggest,-1.0,N/A,寸金桥公园不但风景秀丽，环境幽雅，记载着湛江市人民抗法斗争英雄的寸金桥，从公园月影湖的排水渠上跨过，把公园北苑和圮苑两大景区分开。抗法英雄塑象庄严地沾立在公园大门宽敞的广场上，正气凛然，威武不屈，是湛江人民的英雄形象！刻在纪念上的“一寸河山一寸金”七个大字，金光闪闪！它是湛江人民殊死保卫祖国河山的铿锵誓言！象征着湛江人民英勇无畏的精神，永放光芒！该公园为纪念革命先烈的光辉斗争史，弘扬湛江人民抗法斗争的无畏精神而命名为寸金桥公园。,01/01-12/31；08:00-18:00开园,https://imgs.qunarzz.com/sight/p0/1410/17/faec0c1d3e2769f086b02f4c62bc7f5d.jpg_710x360_3c4bd4e2.jpg〇https://imgs.qunarzz.com/sight/p0/1412/c6/4a5734cead0458d9739ec30580ee0718.water.jpg_710x360_6a8d25c8.jpg〇https://imgs.qunarzz.com/sight/p0/1412/58/b013f84bec5982c3841b2a1a77b3c190.water.jpg_710x360_88d01a7a.jpg〇https://imgs.qunarzz.com/sight/p0/1412/15/8e9484bd4f065d9471a5645e5899c7e9.water.jpg_710x360_ac462fe2.jpg〇https://imgs.qunarzz.com/sight/p0/1412/9f/45186f2b1b9ea74666e615df1b904492.water.jpg_710x360_0ec49534.jpg〇https://imgs.qunarzz.com/sight/p0/1412/75/c121e94b78771193241153a78f9b70d4.water.jpg_710x360_eaf357d2.jpg〇https://imgs.qunarzz.com/sight/p0/1412/a4/70d7319e8726bfbde7e9280ae06ec68f.water.jpg_710x360_65bbd746.jpg〇https://imgs.qunarzz.com/sight/p0/1412/42/b4959a0ac3bf4216723376d75eefafc8.water.jpg_710x360_b3f4b88b.jpg〇https://imgs.qunarzz.com/sight/p0/1412/29/28be8ad9a26b7952093b3fa5c0df6cba.water.jpg_710x360_643b7852.jpg〇https://imgs.qunarzz.com/sight/p0/1412/1d/0f3622ca77a997f49b32b402499a2de8.water.jpg_710x360_17ba6f11.jpg〇https://imgs.qunarzz.com/sight/p0/1412/43/eb8492a814f78d770ff258ca5d04b88b.water.jpg_710x360_fdcc87e8.jpg〇https://imgs.qunarzz.com/sight/p0/1412/df/db7a24a782248ec3bb30e06343ad3b2a.water.jpg_710x360_faa010f2.jpg〇https://imgs.qunarzz.com/sight/p0/1412/ea/a5c054cb562ac5820395e36f7f8e1afd.water.jpg_710x360_a4e0e7b9.jpg〇https://imgs.qunarzz.com/sight/p0/1410/17/131c72efc536d551f5eb7ff4c6fbfd29.jpg_710x360_a489ffb0.jpg〇https://imgs.qunarzz.com/sight/p0/1410/17/c36539d58e4c5fb9ea373780397ace00.jpg_710x360_7ff79616.jpg〇https://imgs.qunarzz.com/sight/p0/1410/17/6490a349479393b196726115b7f294d1.jpg_710x360_9769c1e3.jpg〇https://qimgs.qunarzz.com/piao_qsight_provider_piao_qsight_web/278e06b3d70936eb7b8f6914c0826719.jpg_710x360_9ba875f5.jpg〇https://qimgs.qunarzz.com/piao_qsight_provider_piao_qsight_web/fc3347ea022227e55fd3bf91bf21322e.jpg_710x360_b2428bc1.jpg〇https://qimgs.qunarzz.com/piao_qsight_provider_piao_qsight_web/970fe2c294bc2593cffcf5f01e32cd08.jpg_710x360_6ef85698.jpg〇https://qimgs.qunarzz.com/piao_qsight_provider_piao_qsight_web/02899e6cf627fe0ed2451eb17c600446.jpg_710x360_376dbb18.jpg〇https://qimgs.qunarzz.com/piao_qsight_provider_piao_qsight_web/95e788ae762b41a46857ae0614a0ec41.jpg_710x360_78af261b.jpg〇https://qimgs.qunarzz.com/piao_qsight_provider_piao_qsight_web/6b9f8f267e390b3f65f085cf83f08af6.jpg_710x360_069a1578.jpg〇https://qimgs.qunarzz.com/piao_qsight_provider_piao_qsight_web/ca281cc47862855cf54f7fbbeec49ca5.jpg_710x360_636606ca.jpg〇https://qimgs.qunarzz.com/piao_qsight_provider_piao_qsight_web/8cce910c47efadae53ed657e25258de4.jpg_710x360_a4be876a.jpg〇https://qimgs.qunarzz.com/piao_qsight_provider_piao_qsight_web/1559674976187100k15000000xc8ai8677_D_640_10000.jpg_710x360_f216e722.jpg〇https://qimgs.qunarzz.com/piao_qsight_provider_piao_qsight_web/1559674975727100215000000xf4muD97C_D_640_10000.jpg_710x360_b199c937.jpg〇https://qimgs.qunarzz.com/piao_qsight_provider_piao_qsight_web/1554664768012100j13000000tpxxi5AB5_D_640_10000.jpg_710x360_e0d9630f.jpg〇https://qimgs.qunarzz.com/piao_qsight_provider_piao_qsight_web/1554664767715100c13000000tt2l1CFA6_D_640_10000.jpg_710x360_3a6849e2.jpg〇https://qimgs.qunarzz.com/piao_qsight_provider_piao_qsight_web/1554664767423100p13000000tpk659EAB_D_640_10000.jpg_710x360_8841cefc.jpg〇https://qimgs.qunarzz.com/piao_qsight_provider_piao_qsight_web/1554664767153100e13000000tt6ec15D8_D_640_10000.jpg_710x360_5e1d7913.jpg〇https://qimgs.qunarzz.com/piao_qsight_provider_piao_qsight_web/1554664766924100e13000000tt6eb05F7_D_640_10000.jpg_710x360_7beed141.jpg〇https://qimgs.qunarzz.com/piao_qsight_provider_piao_qsight_web/1554664766634100b13000000tstdrCB11_D_640_10000.jpg_710x360_be0df27d.jpg〇https://qimgs.qunarzz.com/piao_qsight_provider_piao_qsight_web/1554664766474100913000000tstxaE8D7_D_640_10000.jpg_710x360_0c2609ce.jpg〇https://qimgs.qunarzz.com/piao_qsight_provider_piao_qsight_web/1554664766228100813000000tqmeoA8AA_D_640_10000.jpg_710x360_7ea87f38.jpg〇https://qimgs.qunarzz.com/piao_qsight_provider_piao_qsight_web/1554664765838100j13000000tpxxh4AD6_D_640_10000.jpg_710x360_57456584.jpg〇https://qimgs.qunarzz.com/piao_qsight_provider_piao_qsight_web/1554405067422100913000000tgxzwEE46_D_640_10000.jpg_710x360_8d222146.jpg,"{""ret"": true, ""data"": {""tagList"": [{""tagType"": 2, ""tagScore"": 5, ""tagNum"": 1, ""tagName"": ""\u4e2d\u8bc4""}, {""tagType"": 1, ""tagScore"": 5, ""tagNum"": 24, ""tagName"": ""\u597d\u8bc4""}, {""tagType"": 0, ""tagScore"": 5, ""tagNum"": 25, ""tagName"": ""\u5168\u90e8""}], ""commentList"": [{""author"": ""e*0"", ""content"": ""\u7eff\u5316\u975e\u5e38\u597d\uff0c\u6709\u6e56\u6709\u6811\u6709\u6865\uff0c\u53bb\u90a3\u5929\u91cc\u9762\u8fd8\u6709\u52a8\u7269\u56ed\uff0c\u975e\u5e38\u597d\u770b"", ""date"": ""2021-10-06"", ""score"": 5, ""commentId"": ""220868298"", ""imgs"": [{""small"": ""https://mp-piao-admincp.qunarzz.com/mp_piao_admin_mp_piao_admin/fusion/202110/8cce910c47efadae53ed657e25258de4.jpg_120x120_c36deb72.jpg"", ""title"": """", ""big"": ""https://mp-piao-admincp.qunarzz.com/mp_piao_admin_mp_piao_admin/fusion/202110/8cce910c47efadae53ed657e25258de4.jpg""}, {""small"": ""https://mp-piao-admincp.qunarzz.com/mp_piao_admin_mp_piao_admin/fusion/202110/ca281cc47862855cf54f7fbbeec49ca5.jpg_120x120_28468985.jpg"", ""title"": """", ""big"": ""https://mp-piao-admincp.qunarzz.com/mp_piao_admin_mp_piao_admin/fusion/202110/ca281cc47862855cf54f7fbbeec49ca5.jpg""}, {""small"": ""https://mp-piao-admincp.qunarzz.com/mp_piao_admin_mp_piao_admin/fusion/202110/6b9f8f267e390b3f65f085cf83f08af6.jpg_120x120_0443ded6.jpg"", ""title"": """", ""big"": ""https://mp-piao-admincp.qunarzz.com/mp_piao_admin_mp_piao_admin/fusion/202110/6b9f8f267e390b3f65f085cf83f08af6.jpg""}, {""small"": ""https://mp-piao-admincp.qunarzz.com/mp_piao_admin_mp_piao_admin/fusion/202110/95e788ae762b41a46857ae0614a0ec41.jpg_120x120_931f4396.jpg"", ""title"": """", ""big"": ""https://mp-piao-admincp.qunarzz.com/mp_piao_admin_mp_piao_admin/fusion/202110/95e788ae762b41a46857ae0614a0ec41.jpg""}, {""small"": ""https://mp-piao-admincp.qunarzz.com/mp_piao_admin_mp_piao_admin/fusion/202110/02899e6cf627fe0ed2451eb17c600446.jpg_120x120_61324d44.jpg"", ""title"": """", ""big"": ""https://mp-piao-admincp.qunarzz.com/mp_piao_admin_mp_piao_admin/fusion/202110/02899e6cf627fe0ed2451eb17c600446.jpg""}, {""small"": ""https://mp-piao-admincp.qunarzz.com/mp_piao_admin_mp_piao_admin/fusion/202110/970fe2c294bc2593cffcf5f01e32cd08.jpg_120x120_f7908193.jpg"", ""title"": """", ""big"": ""https://mp-piao-admincp.qunarzz.com/mp_piao_admin_mp_piao_admin/fusion/202110/970fe2c294bc2593cffcf5f01e32cd08.jpg""}, {""small"": ""https://mp-piao-admincp.qunarzz.com/mp_piao_admin_mp_piao_admin/fusion/202110/fc3347ea022227e55fd3bf91bf21322e.jpg_120x120_37ed9d66.jpg"", ""title"": """", ""big"": ""https://mp-piao-admincp.qunarzz.com/mp_piao_admin_mp_piao_admin/fusion/202110/fc3347ea022227e55fd3bf91bf21322e.jpg""}, {""small"": ""https://mp-piao-admincp.qunarzz.com/mp_piao_admin_mp_piao_admin/fusion/202110/278e06b3d70936eb7b8f6914c0826719.jpg_120x120_1e71b820.jpg"", ""title"": """", ""big"": ""https://mp-piao-admincp.qunarzz.com/mp_piao_admin_mp_piao_admin/fusion/202110/278e06b3d70936eb7b8f6914c0826719.jpg""}], ""userNickName"": ""e*0"", ""replyCityName"": """", ""cityName"": """"}, {""author"": ""M*0"", ""content"": ""\u95e8\u7968\u4e0d\u7b97\u8d35\uff0c\u52a8\u7269\u79cd\u7c7b\u4e5f\u6bd4\u8f83\u591a\uff0c\u603b\u4f53\u4e0d\u9519\u3002"", ""date"": ""2019-04-06"", ""score"": 4, ""commentId"": ""209975158"", ""imgs"": [{""small"": ""https://mp-commentcp.qunarzz.com/mp_comment_mp_comment/1554664765838100j13000000tpxxh4AD6_D_640_10000.jpg_120x120_a405fe9e.jpg"", ""title"": """", ""big"": ""https://mp-commentcp.qunarzz.com/mp_comment_mp_comment/1554664765838100j13000000tpxxh4AD6_D_640_10000.jpg""}, {""small"": ""https://mp-commentcp.qunarzz.com/mp_comment_mp_comment/1554664766228100813000000tqmeoA8AA_D_640_10000.jpg_120x120_4fe8aa38.jpg"", ""title"": """", ""big"": ""https://mp-commentcp.qunarzz.com/mp_comment_mp_comment/1554664766228100813000000tqmeoA8AA_D_640_10000.jpg""}, {""small"": ""https://mp-commentcp.qunarzz.com/mp_comment_mp_comment/1554664766474100913000000tstxaE8D7_D_640_10000.jpg_120x120_209bd26f.jpg"", ""title"": """", ""big"": ""https://mp-commentcp.qunarzz.com/mp_comment_mp_comment/1554664766474100913000000tstxaE8D7_D_640_10000.jpg""}, {""small"": ""https://mp-commentcp.qunarzz.com/mp_comment_mp_comment/1554664766634100b13000000tstdrCB11_D_640_10000.jpg_120x120_45114b9d.jpg"", ""title"": """", ""big"": ""https://mp-commentcp.qunarzz.com/mp_comment_mp_comment/1554664766634100b13000000tstdrCB11_D_640_10000.jpg""}, {""small"": ""https://mp-commentcp.qunarzz.com/mp_comment_mp_comment/1554664766924100e13000000tt6eb05F7_D_640_10000.jpg_120x120_4bcad5c7.jpg"", ""title"": """", ""big"": ""https://mp-commentcp.qunarzz.com/mp_comment_mp_comment/1554664766924100e13000000tt6eb05F7_D_640_10000.jpg""}, {""small"": ""https://mp-commentcp.qunarzz.com/mp_comment_mp_comment/1554664767153100e13000000tt6ec15D8_D_640_10000.jpg_120x120_b793cbff.jpg"", ""title"": """", ""big"": ""https://mp-commentcp.qunarzz.com/mp_comment_mp_comment/1554664767153100e13000000tt6ec15D8_D_640_10000.jpg""}, {""small"": ""https://mp-commentcp.qunarzz.com/mp_comment_mp_comment/1554664767423100p13000000tpk659EAB_D_640_10000.jpg_120x120_6258ad73.jpg"", ""title"": """", ""big"": ""https://mp-commentcp.qunarzz.com/mp_comment_mp_comment/1554664767423100p13000000tpk659EAB_D_640_10000.jpg""}, {""small"": ""https://mp-commentcp.qunarzz.com/mp_comment_mp_comment/1554664767715100c13000000tt2l1CFA6_D_640_10000.jpg_120x120_d2b40a61.jpg"", ""title"": """", ""big"": ""https://mp-commentcp.qunarzz.com/mp_comment_mp_comment/1554664767715100c13000000tt2l1CFA6_D_640_10000.jpg""}, {""small"": ""https://mp-commentcp.qunarzz.com/mp_comment_mp_comment/1554664768012100j13000000tpxxi5AB5_D_640_10000.jpg_120x120_525f21b3.jpg"", ""title"": """", ""big"": ""https://mp-commentcp.qunarzz.com/mp_comment_mp_comment/1554664768012100j13000000tpxxi5AB5_D_640_10000.jpg""}], ""userNickName"": ""M*0"", ""replyCityName"": """", ""cityName"": """"}, {""author"": ""M*5"", ""content"": ""\u5165\u56ed\u514d\u8d39\uff0c\u8d85\u7ea7\u6c27\u5427\uff01\u5c71\u6c34\u76f8\u6620\u6210\u8da3\uff0c\u7ea6\u4f1a\u5723\u5730\uff01\u5bf8\u91d1\u6865\u516c\u56ed\u4e0d\u4f46\u98ce\u666f\u79c0\u4e3d\uff0c\u73af\u5883\u5e7d\u96c5\uff0c\u800c\u4e14\u8fd8\u662f\u6e5b\u6c5f\u5e02\u653f\u5e9c\u5b9a\u4e3a\u7231\u56fd\u4e3b\u4e49\u6559\u80b2\u7684\u57fa\u5730\u3002\u73b0\u5728\u8fd8\u6709\u52a8\u7269\u56ed\uff0c\u8981\u95e8\u7968\u3002\u6469\u5929\u8f6e\u5728\u5efa\u8bbe\u4e2d\uff01\u9644\u8fd1\u6709\u5927\u5b66\uff0c\u6709\u8d85\u5e02\uff0c\u8d85\u7ea7\u7e41\u534e\uff0c\u65c5\u6e38\u73a9\u4e50\u597d\u53bb\u5904\u4e0d\u9519"", ""date"": ""2019-06-02"", ""score"": 5, ""commentId"": ""210796675"", ""imgs"": [{""small"": ""https://mp-commentcp.qunarzz.com/mp_comment_mp_comment/1559674975727100215000000xf4muD97C_D_640_10000.jpg_120x120_d985ff8c.jpg"", ""title"": """", ""big"": ""https://mp-commentcp.qunarzz.com/mp_comment_mp_comment/1559674975727100215000000xf4muD97C_D_640_10000.jpg""}, {""small"": ""https://mp-commentcp.qunarzz.com/mp_comment_mp_comment/1559674976187100k15000000xc8ai8677_D_640_10000.jpg_120x120_d49563f4.jpg"", ""title"": """", ""big"": ""https://mp-commentcp.qunarzz.com/mp_comment_mp_comment/1559674976187100k15000000xc8ai8677_D_640_10000.jpg""}], ""userNickName"": ""M*5"", ""replyCityName"": """", ""cityName"": """"}, {""author"": ""e*9"", ""content"": ""\u7528\u6237\u672a\u70b9\u8bc4\uff0c\u7cfb\u7edf\u9ed8\u8ba4\u597d\u8bc4\u3002"", ""date"": ""2019-12-18"", ""score"": 5, ""commentId"": ""213682504"", ""imgs"": [], ""userNickName"": ""e*9"", ""replyCityName"": """", ""cityName"": """"}, {""author"": ""e*9"", ""content"": ""\u7528\u6237\u672a\u70b9\u8bc4\uff0c\u7cfb\u7edf\u9ed8\u8ba4\u597d\u8bc4\u3002"", ""date"": ""2019-12-18"", ""score"": 5, ""commentId"": ""213682117"", ""imgs"": [], ""userNickName"": ""e*9"", ""replyCityName"": """", ""cityName"": """"}, {""author"": ""e*9"", ""content"": ""\u7528\u6237\u672a\u70b9\u8bc4\uff0c\u7cfb\u7edf\u9ed8\u8ba4\u597d\u8bc4\u3002"", ""date"": ""2019-12-18"", ""score"": 5, ""commentId"": ""213682074"", ""imgs"": [], ""userNickName"": ""e*9"", ""replyCityName"": """", ""cityName"": """"}, {""author"": ""b*3"", ""content"": ""\u7528\u6237\u672a\u70b9\u8bc4\uff0c\u7cfb\u7edf\u9ed8\u8ba4\u597d\u8bc4\u3002"", ""date"": ""2019-12-16"", ""score"": 5, ""commentId"": ""213659356"", ""imgs"": [], ""userNickName"": ""b*3"", ""replyCityName"": """", ""cityName"": """"}, {""author"": ""j*8"", ""content"": ""\u7528\u6237\u672a\u70b9\u8bc4\uff0c\u7cfb\u7edf\u9ed8\u8ba4\u597d\u8bc4\u3002"", ""date"": ""2019-11-19"", ""score"": 5, ""commentId"": ""213426906"", ""imgs"": [], ""userNickName"": ""j*8"", ""replyCityName"": """", ""cityName"": """"}, {""author"": ""j*8"", ""content"": ""\u7528\u6237\u672a\u70b9\u8bc4\uff0c\u7cfb\u7edf\u9ed8\u8ba4\u597d\u8bc4\u3002"", ""date"": ""2019-11-19"", ""score"": 5, ""commentId"": ""213426883"", ""imgs"": [], ""userNickName"": ""j*8"", ""replyCityName"": """", ""cityName"": """"}, {""author"": ""f*2"", ""content"": ""\u7528\u6237\u672a\u70b9\u8bc4\uff0c\u7cfb\u7edf\u9ed8\u8ba4\u597d\u8bc4\u3002"", ""date"": ""2019-11-06"", ""score"": 5, ""commentId"": ""213276964"", ""imgs"": [], ""userNickName"": ""f*2"", ""replyCityName"": """", ""cityName"": """"}], ""score"": 4.8, ""commentCount"": 25}, ""statusCode"": 200}"
寸金动物园,https://qimgs.qunarzz.com/piao_qsight_provider_piao_qsight_web/0102f12000f6qky2g2A64_C_900_504.jpg_280x200_b6f03da0.jpg,湛江市,赤坎区,广东省湛江市赤坎区跃进路95号寸金桥公园内,76,5.0,亚热带园林式公园,https://piao.qunar.com/ticket/detail_3682864721.html?st=a3clM0QlRTglQjUlQTQlRTUlOUQlOEUlRTUlOEMlQkElMjZpZCUzRDUxMDE2OSUyNnR5cGUlM0QwJTI2aWR4JTNEMyUyNnF0JTNEJTI2YXBrJTNEMiUyNnNjJTNEV1dXJTI2dXIlM0QlRTQlQjglQUQlRTUlQjElQjElMjZsciUzRCVFNCVCOCVBRCVFNSVCMSVCMSUyNmZ0JTNEJTdCJTdE#from=mpl_search_suggest,-1.0,N/A,寸金公园全名为“寸金桥公园”，坐落在湛江市赤坎区西侧，寸金桥公园因邻近寸金桥而得名，寸金桥桥名含中华国土寸土寸金不容外敌侵占之意，以纪念1898年湛江人民抗法斗争的英雄事迹，公园中心广场屹立着抗法英雄的塑像。是湛江市较大 的亚热带园林式公园。,1/1-12/31；周一至周日；09:00-19:00开园；（18:00停止入园）,https://qimgs.qunarzz.com/piao_qsight_provider_piao_qsight_web/0102f12000f6qky2g2A64_C_900_504.jpg_710x360_898b5468.jpg〇https://qimgs.qunarzz.com/piao_qsight_provider_piao_qsight_web/350c15000000y3bv3DD59_C_900_504_Q90_Mtg_7.jpg_710x360_e3718048.jpg〇https://qimgs.qunarzz.com/piao_qsight_provider_piao_qsight_web/0102f12000f6qky2g2A64_C_900_504_Q90_Mtg_7.jpg_710x360_e4fe056c.jpg〇https://qimgs.qunarzz.com/piao_qsight_provider_piao_qsight_web/100t14000000wjzg172AD_C_900_504_Q90_Mtg_7.png_710x360_59d91cd1.png〇https://qimgs.qunarzz.com/piao_qsight_provider_piao_qsight_web/100214000000wr0kw6F5F_C_900_504_Q90_Mtg_7.png_710x360_16bd2b05.png〇https://qimgs.qunarzz.com/piao_qsight_provider_piao_qsight_web/350d15000000xz7dv54B6_C_900_504_Q90_Mtg_7.jpg_710x360_d0ca029b.jpg〇https://qimgs.qunarzz.com/piao_qsight_provider_piao_qsight_web/350715000000yhd9o32E8_C_900_504_Q90_Mtg_7.jpg_710x360_6e0a40e8.jpg〇https://qimgs.qunarzz.com/piao_qsight_provider_piao_qsight_web/350l15000000y0umw0BEC_C_900_504_Q90_Mtg_7.jpg_710x360_5c99b503.jpg〇https://qimgs.qunarzz.com/piao_qsight_provider_piao_qsight_web/100s14000000wqtbdCFD7_C_900_504_Q90_Mtg_7.png_710x360_8da9624d.png〇https://qimgs.qunarzz.com/piao_qsight_provider_piao_qsight_web/350s15000000y7k9kB34F_C_900_504_Q90_Mtg_7.jpg_710x360_2542ce9b.jpg〇https://qimgs.qunarzz.com/piao_qsight_provider_piao_qsight_web/350b15000000y32ni3854_C_900_504_Q90_Mtg_7.jpg_710x360_efc83979.jpg〇https://imgs.qunarzz.com/piao_qsight_web_piao_qsight_web/350p15000000xztffBAEE_C_1600_1200.jpg_710x360_0bc3546c.jpg〇https://qimgs.qunarzz.com/piao_qsight_provider_piao_qsight_web/478278170593dedb1388a44a698fe0ac.jpg_710x360_07f28c4f.jpg〇https://qimgs.qunarzz.com/piao_qsight_provider_piao_qsight_web/1c13853d5ae0efe5322da45210f39d89.jpg_710x360_c793a129.jpg〇https://qimgs.qunarzz.com/piao_qsight_provider_piao_qsight_web/301b1dd9033f5a6e706d6fad93b87de4.jpg_710x360_2761cb3e.jpg〇https://qimgs.qunarzz.com/piao_qsight_provider_piao_qsight_web/56aaf91a61c669710b867dc4703fe3b1.jpg_710x360_935f6709.jpg〇https://qimgs.qunarzz.com/piao_qsight_provider_piao_qsight_web/5312e6f8a67d6e37.jpg_710x360_588313f8.jpg,"{""ret"": true, ""data"": {""tagList"": [{""tagType"": 1, ""tagScore"": 5, ""tagNum"": 76, ""tagName"": ""\u597d\u8bc4""}, {""tagType"": 0, ""tagScore"": 5, ""tagNum"": 76, ""tagName"": ""\u5168\u90e8""}], ""commentList"": [{""author"": ""\u53bb*\u6237"", ""content"": ""\u7528\u6237\u672a\u70b9\u8bc4\uff0c\u7cfb\u7edf\u9ed8\u8ba4\u597d\u8bc4\u3002"", ""date"": ""2024-11-26"", ""score"": 5, ""commentId"": ""238954574"", ""imgs"": [], ""userNickName"": ""\u53bb*\u6237"", ""replyCityName"": """", ""cityName"": """"}, {""author"": ""\u53bb*\u6237"", ""content"": ""\u7528\u6237\u672a\u70b9\u8bc4\uff0c\u7cfb\u7edf\u9ed8\u8ba4\u597d\u8bc4\u3002"", ""date"": ""2024-11-26"", ""score"": 5, ""commentId"": ""238953248"", ""imgs"": [], ""userNickName"": ""\u53bb*\u6237"", ""replyCityName"": """", ""cityName"": """"}, {""author"": ""\u9759*\u9759"", ""content"": ""\u7528\u6237\u672a\u70b9\u8bc4\uff0c\u7cfb\u7edf\u9ed8\u8ba4\u597d\u8bc4\u3002"", ""date"": ""2024-11-05"", ""score"": 5, ""commentId"": ""238543098"", ""imgs"": [], ""userNickName"": ""\u9759*\u9759"", ""replyCityName"": """", ""cityName"": """"}, {""author"": ""\u9759*\u9759"", ""content"": ""\u7528\u6237\u672a\u70b9\u8bc4\uff0c\u7cfb\u7edf\u9ed8\u8ba4\u597d\u8bc4\u3002"", ""date"": ""2024-11-05"", ""score"": 5, ""commentId"": ""238542007"", ""imgs"": [], ""userNickName"": ""\u9759*\u9759"", ""replyCityName"": """", ""cityName"": """"}, {""author"": ""\u53bb*\u6237"", ""content"": ""\u7528\u6237\u672a\u70b9\u8bc4\uff0c\u7cfb\u7edf\u9ed8\u8ba4\u597d\u8bc4\u3002"", ""date"": ""2024-11-05"", ""score"": 5, ""commentId"": ""238521641"", ""imgs"": [], ""userNickName"": ""\u53bb*\u6237"", ""replyCityName"": """", ""cityName"": """"}, {""author"": ""\u53bb*\u6237"", ""content"": ""\u7528\u6237\u672a\u70b9\u8bc4\uff0c\u7cfb\u7edf\u9ed8\u8ba4\u597d\u8bc4\u3002"", ""date"": ""2024-11-05"", ""score"": 5, ""commentId"": ""238521108"", ""imgs"": [], ""userNickName"": ""\u53bb*\u6237"", ""replyCityName"": """", ""cityName"": """"}, {""author"": ""\u53bb*\u6237"", ""content"": ""\u7528\u6237\u672a\u70b9\u8bc4\uff0c\u7cfb\u7edf\u9ed8\u8ba4\u597d\u8bc4\u3002"", ""date"": ""2024-11-05"", ""score"": 5, ""commentId"": ""238519864"", ""imgs"": [], ""userNickName"": ""\u53bb*\u6237"", ""replyCityName"": """", ""cityName"": """"}, {""author"": ""t*6"", ""content"": ""\u7528\u6237\u672a\u70b9\u8bc4\uff0c\u7cfb\u7edf\u9ed8\u8ba4\u597d\u8bc4\u3002"", ""date"": ""2024-11-04"", ""score"": 5, ""commentId"": ""238416884"", ""imgs"": [], ""userNickName"": ""t*6"", ""replyCityName"": """", ""cityName"": """"}, {""author"": ""t*6"", ""content"": ""\u7528\u6237\u672a\u70b9\u8bc4\uff0c\u7cfb\u7edf\u9ed8\u8ba4\u597d\u8bc4\u3002"", ""date"": ""2024-11-04"", ""score"": 5, ""commentId"": ""238416476"", ""imgs"": [], ""userNickName"": ""t*6"", ""replyCityName"": """", ""cityName"": """"}, {""author"": ""t*6"", ""content"": ""\u7528\u6237\u672a\u70b9\u8bc4\uff0c\u7cfb\u7edf\u9ed8\u8ba4\u597d\u8bc4\u3002"", ""date"": ""2024-11-04"", ""score"": 5, ""commentId"": ""238380103"", ""imgs"": [], ""userNickName"": ""t*6"", ""replyCityName"": """", ""cityName"": """"}], ""score"": 5.0, ""commentCount"": 76}, ""statusCode"": 200}"
南国热带花园,https://qimgs.qunarzz.com/piao_qsight_provider_piao_qsight_web/0101312000a69lfjd823D_C_900_504.jpg_280x200_e9f972e6.jpg,湛江市,赤坎区,广东省湛江市霞山区体育南路19号,-1,-1.0,展示了湛江的园林文化魅力,https://piao.qunar.com/ticket/detail_1541294394.html?st=a3clM0QlRTglQjUlQTQlRTUlOUQlOEUlRTUlOEMlQkElMjZpZCUzRDUzNDQxMyUyNnR5cGUlM0QwJTI2aWR4JTNEMiUyNnF0JTNEJTI2YXBrJTNEMiUyNnNjJTNEV1dXJTI2dXIlM0QlRTQlQjglQUQlRTUlQjElQjElMjZsciUzRCVFNCVCOCVBRCVFNSVCMSVCMSUyNmZ0JTNEJTdCJTdE#from=mpl_search_suggest,69.9,N/A,N/A,1/1-12/31；周一至周日；全天开放,https://qimgs.qunarzz.com/piao_qsight_provider_piao_qsight_web/0101312000a69lfjd823D_C_900_504.jpg_710x360_f72f9dc8.jpg〇https://qimgs.qunarzz.com/piao_qsight_provider_piao_qsight_web/0100q12000a69lpq31671_C_900_504_Q90_Mtg_7.jpg_710x360_71618b86.jpg〇https://qimgs.qunarzz.com/piao_qsight_provider_piao_qsight_web/0101312000a69lfjd823D_C_900_504_Q90_Mtg_7.jpg_710x360_5bbc1ec1.jpg,"{""ret"": true, ""data"": {""tagList"": [{""tagType"": 0, ""tagScore"": 5, ""tagNum"": 0, ""tagName"": ""\u5168\u90e8""}], ""score"": 0.0, ""commentCount"": 0}, ""statusCode"": 200}"
湛江红嘴鸥游船,https://qimgs.qunarzz.com/piao_qsight_provider_piao_qsight_web/0103o12000f6t57r6F04D_C_900_504.png_280x200_f965e0f0.png,湛江市,赤坎区,广东省湛江市赤坎区广州湾大道8号保利天悦湾售楼部旁,2169,4.9,乘船欣赏湛江港两岸风光,https://piao.qunar.com/ticket/detail_157995102.html?st=a3clM0QlRTglQjUlQTQlRTUlOUQlOEUlRTUlOEMlQkElMjZpZCUzRDE5MTU5NCUyNnR5cGUlM0QwJTI2aWR4JTNEMSUyNnF0JTNEJTI2YXBrJTNEMiUyNnNjJTNEV1dXJTI2dXIlM0QlRTQlQjglQUQlRTUlQjElQjElMjZsciUzRCVFNCVCOCVBRCVFNSVCMSVCMSUyNmZ0JTNEJTdCJTdE#from=mpl_search_suggest,168.0,N/A,在中国漫长的海岸线上，沿海城市很多，但海湾城市却很少，湛江可以说是中国少有的热带海湾城市。湛江是一座美丽的滨海城市，三面环海，海岸线长达2000公里，旅游资源丰富，被众多岛屿环抱着的湛江港湾是世界上安全的游览海域之一。湛江中心城区沿美丽的湛江湾而建，一湾两岸、海在城中、城在海中是湛江独有的城市格局。“港湾揽胜”是湛江著名的八景之一。乘坐约80分钟的红嘴鸥游船畅游港湾，可以将湛江优美的一湾两岸尽收眼底。这里包括军港、渔港、商港。而十里军港更是享有“海上军事博物馆”的美誉。港湾游路线（仅供参考，全程约80分钟，请以实际为准）：渔人码头→湛江港→特呈岛→南山岛→十里军港→南油基地→海湾大桥→奥林中心→-金沙湾中央商务区→4804船厂→渔港公园→海上世界→观海长廊→海滨公园→渔人码头。,1/1-12/31；周一至周五；10:00-15:00开园,https://qimgs.qunarzz.com/piao_qsight_provider_piao_qsight_web/0103o12000f6t57r6F04D_C_900_504.png_710x360_b7c0d9be.png〇https://qimgs.qunarzz.com/piao_qsight_provider_piao_qsight_web/0103o12000f6t57r6F04D_C_900_504_Q90_Mtg_7.png_710x360_7e39a27d.png〇https://qimgs.qunarzz.com/piao_qsight_provider_piao_qsight_web/01048120008h15mps1F38_C_900_504_Q90_Mtg_7.jpg_710x360_29cd359a.jpg〇https://qimgs.qunarzz.com/piao_qsight_provider_piao_qsight_web/0100n120008y8tc1a23CA_C_900_504_Q90_Mtg_7.jpg_710x360_f7d2b10e.jpg〇https://qimgs.qunarzz.com/piao_qsight_provider_piao_qsight_web/0106f120008h15iyu63E1_C_900_504_Q90_Mtg_7.jpg_710x360_87051b20.jpg〇https://qimgs.qunarzz.com/piao_qsight_provider_piao_qsight_web/0102x120008y8tjiu812E_C_900_504_Q90_Mtg_7.jpg_710x360_75241c14.jpg〇https://qimgs.qunarzz.com/piao_qsight_provider_piao_qsight_web/01045120008h15pkj62F6_C_900_504_Q90_Mtg_7.jpg_710x360_611d84ab.jpg〇https://qimgs.qunarzz.com/piao_qsight_provider_piao_qsight_web/100i0q000000ga7tw9893_C_900_504_Q90_Mtg_7.jpg_710x360_c8c1c862.jpg〇https://qimgs.qunarzz.com/piao_qsight_provider_piao_qsight_web/100o0q000000ga8n885D7_C_900_504_Q90_Mtg_7.jpg_710x360_95ec50aa.jpg〇https://qimgs.qunarzz.com/piao_qsight_provider_piao_qsight_web/100o0q000000ga8na40A3_C_900_504_Q90_Mtg_7.jpg_710x360_0aad412e.jpg〇https://qimgs.qunarzz.com/piao_qsight_provider_piao_qsight_web/0100z120008y8tdc21F5A_C_900_504_Q90_Mtg_7.jpg_710x360_2cd05608.jpg〇https://imgs.qunarzz.com/sight/p0/1902/38/38f245708f1cb42ea3.img.jpg_710x360_5ce8b7fc.jpg〇https://imgs.qunarzz.com/sight/p0/1902/30/3075a373cdf9a86ba3.img.jpg_710x360_bbaed0ad.jpg〇https://imgs.qunarzz.com/sight/p0/1902/d3/d3aab47b090bde6aa3.img.jpg_710x360_ba51f17a.jpg〇https://imgs.qunarzz.com/sight/p0/1902/86/867142056bbb45c5a3.img.jpg_710x360_86e72e40.jpg〇https://imgs.qunarzz.com/sight/p0/1902/ae/aee82e91af201803a3.img.jpg_710x360_dd5fdd7e.jpg〇https://imgs.qunarzz.com/sight/p0/1902/19/1934e294298b3e31a3.img.jpg_710x360_4b76897c.jpg〇https://imgs.qunarzz.com/sight/p0/1902/79/7954b8f0a82e5d97a3.img.jpg_710x360_d5b0bf19.jpg〇https://imgs.qunarzz.com/sight/p0/1709/ad/adceaa8ad283743ba3.water.jpg_710x360_11e11ddb.jpg〇https://imgs.qunarzz.com/sight/p0/1902/5c/5ca6b4c09a802085a3.img.jpg_710x360_3428a566.jpg〇https://imgs.qunarzz.com/sight/p0/1902/37/37de36812b002204a3.img.jpg_710x360_bb2a5f78.jpg〇https://imgs.qunarzz.com/sight/p0/1902/39/39cc1a4a7819e1aca3.img.jpg_710x360_47035697.jpg〇https://imgs.qunarzz.com/sight/p0/1902/91/91535dba95f6b95ba3.img.jpg_710x360_64734882.jpg〇https://imgs.qunarzz.com/sight/p0/1902/5d/5ddef7f02f5638a1a3.img.jpg_710x360_8dd2726e.jpg〇https://imgs.qunarzz.com/sight/p0/1902/12/1295cd822ce4e50da3.img.jpg_710x360_9a9209b3.jpg〇https://imgs.qunarzz.com/sight/p0/1709/28/2805dab372b59b15a3.water.jpg_710x360_54359e40.jpg〇https://imgs.qunarzz.com/sight/p0/1709/1a/1a5640bc7901564aa3.water.jpg_710x360_8e4e6605.jpg〇https://imgs.qunarzz.com/sight/p0/1709/f9/f97a0ecf4a7639a0a3.water.jpg_710x360_ab0cb104.jpg〇https://imgs.qunarzz.com/sight/p0/1709/d9/d9b1db2f56de12e7a3.water.jpg_710x360_852e9e76.jpg〇https://imgs.qunarzz.com/sight/p0/1709/d9/d9edf5405e4a12bda3.water.jpg_710x360_0fde995a.jpg〇https://imgs.qunarzz.com/sight/p0/1709/2a/2ad5ab5e6235f987a3.water.jpg_710x360_3a3a22e7.jpg〇https://qimgs.qunarzz.com/piao_qsight_provider_piao_qsight_web/d2c3d91aa8911002.jpg_710x360_ddb9b9ed.jpg〇https://qimgs.qunarzz.com/piao_qsight_provider_piao_qsight_web/69f5126aa0758502.jpg_710x360_460f920d.jpg〇https://qimgs.qunarzz.com/piao_qsight_provider_piao_qsight_web/0cc93877dcc86202.jpg_710x360_4ec23b8f.jpg〇https://qimgs.qunarzz.com/piao_qsight_provider_piao_qsight_web/ca4fc2ae0c7d8602.jpg_710x360_04d39a39.jpg〇https://qimgs.qunarzz.com/piao_qsight_provider_piao_qsight_web/67295849b1a1e002.jpg_710x360_80b6b8d7.jpg〇https://qimgs.qunarzz.com/piao_qsight_provider_piao_qsight_web/c1fe6bd24670cb02.jpg_710x360_e28069bd.jpg〇https://qimgs.qunarzz.com/piao_qsight_provider_piao_qsight_web/eb2b571a46f97602.jpg_710x360_6101cbe1.jpg〇https://qimgs.qunarzz.com/piao_qsight_provider_piao_qsight_web/1b401ca739c77502.jpg_710x360_22d64c4c.jpg〇https://qimgs.qunarzz.com/piao_qsight_provider_piao_qsight_web/fc1ff5750d104502.jpg_710x360_ec5e7a67.jpg〇https://qimgs.qunarzz.com/piao_qsight_provider_piao_qsight_web/736be8e43cf56802.jpg_710x360_a3e90308.jpg〇https://qimgs.qunarzz.com/piao_qsight_provider_piao_qsight_web/ab898630c3088002.jpg_710x360_b1bd4b3f.jpg〇https://qimgs.qunarzz.com/piao_qsight_provider_piao_qsight_web/aa8bace0b9526a02.jpg_710x360_769a7f6b.jpg〇https://qimgs.qunarzz.com/piao_qsight_provider_piao_qsight_web/abe47eaf2bc1f102.jpg_710x360_b56045d5.jpg〇https://qimgs.qunarzz.com/piao_qsight_provider_piao_qsight_web/eccb7d7cf4016f02.jpg_710x360_2c869fc1.jpg〇https://qimgs.qunarzz.com/piao_qsight_provider_piao_qsight_web/15c534cc39e71f02.jpg_710x360_250b81f3.jpg〇https://qimgs.qunarzz.com/piao_qsight_provider_piao_qsight_web/0aaa8cb53c957102.jpg_710x360_d320c7e6.jpg〇https://qimgs.qunarzz.com/piao_qsight_provider_piao_qsight_web/0aecce54ae77ea02.jpg_710x360_b113ad78.jpg〇https://qimgs.qunarzz.com/piao_qsight_provider_piao_qsight_web/9f03418906272602.jpg_710x360_eb453cd3.jpg〇https://qimgs.qunarzz.com/piao_qsight_provider_piao_qsight_web/657f16b29d7b191cabab80bb0a23060d.jpg_710x360_7eb52e89.jpg〇https://qimgs.qunarzz.com/piao_qsight_provider_piao_qsight_web/d51420e8a55ffed076e136083462ff69.jpg_710x360_e3722c75.jpg,"{""ret"": true, ""data"": {""tagList"": [{""tagType"": 32, ""tagScore"": 5, ""tagNum"": 10, ""tagName"": ""\u670d\u52a1\u597d""}, {""tagType"": 16, ""tagScore"": 5, ""tagNum"": 8, ""tagName"": ""\u9760\u8c31""}, {""tagType"": 8, ""tagScore"": 5, ""tagNum"": 6, ""tagName"": ""\u4fbf\u5b9c""}, {""tagType"": 4, ""tagScore"": 5, ""tagNum"": 12, ""tagName"": ""\u53d6\u7968\u65b9\u4fbf""}, {""tagType"": 3, ""tagScore"": 5, ""tagNum"": 5, ""tagName"": ""\u5dee\u8bc4""}, {""tagType"": 2, ""tagScore"": 5, ""tagNum"": 9, ""tagName"": ""\u4e2d\u8bc4""}, {""tagType"": 1, ""tagScore"": 5, ""tagNum"": 2132, ""tagName"": ""\u597d\u8bc4""}, {""tagType"": 0, ""tagScore"": 5, ""tagNum"": 2169, ""tagName"": ""\u5168\u90e8""}], ""commentList"": [{""author"": ""\u53bb*\u6237"", ""content"": ""\u6e38\u8239\u7968\uff0c\u5efa\u8bae\u9009\u666e\u901a\u8231\u4f4d\uff0c\u6709\u7a7a\u8c03\uff0c\u51ac\u6696\u590f\u51c9\uff01\u4e09\u5c42\u7684\u4f4d\u7f6e\uff0c\u9664\u975e\u662fvip\u5305\u95f4\uff0c\u8981\u4e0d\u7136\u5916\u9762\u5f88\u70ed\uff01\u53ea\u662f\u4e09\u697c\u7684\u89c6\u91ce\u66f4\u597d\u800c\u5df2\uff01\u786e\u662f\u79fb\u52a8\u7684\u519b\u8230\u535a\u7269\u9986\uff01\u542c\u8bb2\u89e3\u624d\u61c2\uff01"", ""date"": ""2024-07-29"", ""score"": 5, ""commentId"": ""235081116"", ""imgs"": [{""small"": ""https://qimgs.qunarzz.com/mp_piao_0001/temp15377839937494943636file_1722220253000.jpg_120x120_8af8020c.jpg"", ""title"": """", ""big"": ""https://qimgs.qunarzz.com/mp_piao_0001/temp15377839937494943636file_1722220253000.jpg""}, {""small"": ""https://qimgs.qunarzz.com/mp_piao_0001/temp400087640339055334file_1722220253000.jpg_120x120_89528a84.jpg"", ""title"": """", ""big"": ""https://qimgs.qunarzz.com/mp_piao_0001/temp400087640339055334file_1722220253000.jpg""}, {""small"": ""https://qimgs.qunarzz.com/mp_piao_0001/temp11113667668192130676file_1722220253000.jpg_120x120_9bdafb37.jpg"", ""title"": """", ""big"": ""https://qimgs.qunarzz.com/mp_piao_0001/temp11113667668192130676file_1722220253000.jpg""}], ""userNickName"": ""\u53bb*\u6237"", ""replyCityName"": """", ""cityName"": ""\u5e7f\u897f""}, {""author"": ""\u8c1c*\u767d"", ""content"": ""\u522b\u4e70\u4e09\u697c\u8d35\u5bbe\u7968\uff0c\u5305\u95f4\u6ca1\u4eba\u8ba2\u5c31\u5171\u4eab\uff0c\u6709\u4eba\u8ba2\u5c31\u5f97\u51fa\u6765\u8ba9\u4f4d\uff0c\u5750\u5ba4\u5916\uff0c\u6ca1\u7a7a\u8c03\uff0c\u53ea\u9760\u98ce\u6247\uff0c\u8fd8\u6ca1\u4e8c\u697c\u8212\u670d\uff0c\u4e8c\u697c\u5168\u662f\u7a7a\u8c03\uff0c\u90fd\u4e0d\u77e5\u9053\u8bbe\u8ba1\u8fd9\u4e2a\u4e09\u697c\u8d35\u5bbe\u7968\u7684\u4eba\u8111\u5b50\u662f\u4e0d\u662f\u8fdb\u6c34\u4e86\u3002VIP\u5305\u95f4\u6709\u7a7a\u8c03\uff0c\u4f46\u662f\u4e70\u7968\u65f6\u4e5f\u6ca1\u89c1\u54ea\u91cc\u6709\u5f97\u5356\uff0c\u4f30\u8ba1\u662f\u7eaf\u5206\u914d\u7684\uff0c\u53cd\u6b63\u4e0d\u6e05\u695a\u673a\u5236\uff0c\u4f46\u662f\u8fd9\u4f1a\u8ba9\u4eba\u5f88\u4e0d\u723d\uff0c\u8001\u5b50\u4e5f\u662f\u4e70\u7684\u8d35\u5bbe\u7968\uff0c\u51ed\u4ec0\u4e48\u6ca1\u6709\u7a7a\u8c03\uff1f\u8fde\u4e8c\u697c\u666e\u901a\u7968\u90fd\u4e0d\u5982\uff1f"", ""date"": ""2024-08-03"", ""score"": 4, ""commentId"": ""235205512"", ""imgs"": [{""small"": ""https://qimgs.qunarzz.com/mp_piao_0001/temp14991742131915127774file_1722651141000.jpg_120x120_3c757a26.jpg"", ""title"": """", ""big"": ""https://qimgs.qunarzz.com/mp_piao_0001/temp14991742131915127774file_1722651141000.jpg""}, {""small"": ""https://qimgs.qunarzz.com/mp_piao_0001/temp9083379387527560732file_1722651141000.jpg_120x120_3b5ae9b4.jpg"", ""title"": """", ""big"": ""https://qimgs.qunarzz.com/mp_piao_0001/temp9083379387527560732file_1722651141000.jpg""}], ""userNickName"": ""\u8c1c*\u767d"", ""replyCityName"": """", ""cityName"": ""\u5e7f\u4e1c""}, {""author"": ""c*9"", ""content"": ""\u7528\u6237\u672a\u70b9\u8bc4\uff0c\u7cfb\u7edf\u9ed8\u8ba4\u597d\u8bc4\u3002"", ""date"": ""2024-12-27"", ""score"": 5, ""commentId"": ""239391305"", ""imgs"": [], ""userNickName"": ""c*9"", ""replyCityName"": """", ""cityName"": """"}, {""author"": ""R*y"", ""content"": ""\u7528\u6237\u672a\u70b9\u8bc4\uff0c\u7cfb\u7edf\u9ed8\u8ba4\u597d\u8bc4\u3002"", ""date"": ""2024-12-27"", ""score"": 5, ""commentId"": ""239391086"", ""imgs"": [], ""userNickName"": ""R*y"", ""replyCityName"": """", ""cityName"": """"}, {""author"": ""\u674e*5"", ""content"": ""\u7528\u6237\u672a\u70b9\u8bc4\uff0c\u7cfb\u7edf\u9ed8\u8ba4\u597d\u8bc4\u3002"", ""date"": ""2024-12-24"", ""score"": 5, ""commentId"": ""239352841"", ""imgs"": [], ""userNickName"": ""\u674e*5"", ""replyCityName"": """", ""cityName"": """"}, {""author"": ""P*Z"", ""content"": ""\u7528\u6237\u672a\u70b9\u8bc4\uff0c\u7cfb\u7edf\u9ed8\u8ba4\u597d\u8bc4\u3002"", ""date"": ""2024-12-24"", ""score"": 5, ""commentId"": ""239339520"", ""imgs"": [], ""userNickName"": ""P*Z"", ""replyCityName"": """", ""cityName"": """"}, {""author"": ""k*3"", ""content"": ""\u7528\u6237\u672a\u70b9\u8bc4\uff0c\u7cfb\u7edf\u9ed8\u8ba4\u597d\u8bc4\u3002"", ""date"": ""2024-12-18"", ""score"": 5, ""commentId"": ""239284211"", ""imgs"": [], ""userNickName"": ""k*3"", ""replyCityName"": """", ""cityName"": """"}, {""author"": ""\u5fae*\u515c"", ""content"": ""\u7528\u6237\u672a\u70b9\u8bc4\uff0c\u7cfb\u7edf\u9ed8\u8ba4\u597d\u8bc4\u3002"", ""date"": ""2024-12-17"", ""score"": 5, ""commentId"": ""239253146"", ""imgs"": [], ""userNickName"": ""\u5fae*\u515c"", ""replyCityName"": """", ""cityName"": """"}, {""author"": ""o*8"", ""content"": ""\u7528\u6237\u672a\u70b9\u8bc4\uff0c\u7cfb\u7edf\u9ed8\u8ba4\u597d\u8bc4\u3002"", ""date"": ""2024-12-13"", ""score"": 5, ""commentId"": ""239217394"", ""imgs"": [], ""userNickName"": ""o*8"", ""replyCityName"": """", ""cityName"": """"}, {""author"": ""w*a"", ""content"": ""\u7528\u6237\u672a\u70b9\u8bc4\uff0c\u7cfb\u7edf\u9ed8\u8ba4\u597d\u8bc4\u3002"", ""date"": ""2024-12-13"", ""score"": 5, ""commentId"": ""239216875"", ""imgs"": [], ""userNickName"": ""w*a"", ""replyCityName"": """", ""cityName"": """"}], ""score"": 4.9, ""commentCount"": 2169}, ""statusCode"": 200}"
湛江市体育中心体育场,https://imgs.qunarzz.com/sight/p0/1503/c7/c7b68efb59d3e1e4.water.jpg_280x200_5ca20a03.jpg,湛江市,赤坎区,广东湛江市赤坎区人民大道北8号,-1,-1.0,位于湛江市人民大道北,https://piao.qunar.com/ticket/detail_195632914.html?st=a3clM0QlRTglQjUlQTQlRTUlOUQlOEUlRTUlOEMlQkElMjZpZCUzRDIxMzc5NyUyNnR5cGUlM0QwJTI2aWR4JTNEMTUlMjZxdCUzRCUyNmFwayUzRDIlMjZzYyUzRFdXVyUyNnVyJTNEJUU0JUI4JUFEJUU1JUIxJUIxJTI2bHIlM0QlRTQlQjglQUQlRTUlQjElQjElMjZmdCUzRCU3QiU3RA%3D%3D#from=mpl_search_suggest,-1.0,N/A,湛江市体育中心位于湛江市人民大道北，由市政府投资5500万元，建于1990年 9月。现占地面积16.8万平方米，建筑面积48292平方米，体育场有座位2万个、体育馆座位3537个，设置有综合性体育馆和训练馆、体育场、保龄球馆、网球场等主体建筑，附设餐厅、旅业、会议室等配套设施。能承办国内国际足球、田径、排球、篮球、羽毛球、乒乓球、体项目比赛是集竞技体育、群众体育和休闲娱乐一体的综合性活动场所。,暂无,https://imgs.qunarzz.com/sight/p0/1503/c7/c7b68efb59d3e1e4.water.jpg_710x360_fbeaa5e5.jpg〇https://imgs.qunarzz.com/sight/p0/1503/55/5570b5b650838faf.water.jpg_710x360_45fa3c5d.jpg〇https://imgs.qunarzz.com/sight/p0/1503/f0/f05b7283fd49962d.water.jpg_710x360_0f3b9d91.jpg〇https://imgs.qunarzz.com/sight/p0/1503/a5/a564ecb9755a2e17.water.jpg_710x360_82e4c7fc.jpg〇https://imgs.qunarzz.com/sight/p0/1503/e3/e34b658e34c414bc.water.jpg_710x360_8906bf9c.jpg,"{""ret"": true, ""data"": {""tagList"": [{""tagType"": 0, ""tagScore"": 5, ""tagNum"": 0, ""tagName"": ""\u5168\u90e8""}], ""score"": 0.0, ""commentCount"": 0}, ""statusCode"": 200}"
金速赛车馆,https://imgs.qunarzz.com/sight/p0/1512/5e/5e5626fa64623def90.water.jpg_280x200_b1ed68ca.jpg,湛江市,赤坎区,广东省湛江市赤坎区人民大道北,-1,-1.0,让驾驶者充分感受卡丁车的紧张刺激,https://piao.qunar.com/ticket/detail_2046976733.html?st=a3clM0QlRTglQjUlQTQlRTUlOUQlOEUlRTUlOEMlQkElMjZpZCUzRDQ1NjY0NiUyNnR5cGUlM0QwJTI2aWR4JTNEMTQlMjZxdCUzRCUyNmFwayUzRDIlMjZzYyUzRFdXVyUyNnVyJTNEJUU0JUI4JUFEJUU1JUIxJUIxJTI2bHIlM0QlRTQlQjglQUQlRTUlQjElQjElMjZmdCUzRCU3QiU3RA%3D%3D#from=mpl_search_suggest,-1.0,N/A,在这里，你能获得赛车竞技、专业培训、团队拓展、活动策划等服务支持，我们的赛道设计在确保行驶趣味性、驾驶技术性的同时，更注重高安全系数的执行，以保障驾驶者充分感受卡丁车的紧张刺激和极速体验。 车馆配备有安全可靠的儿童车、高性能的极速车和默契配合的双人车，更拥有全套先进的测速设备提供详细圈速数据，让车友在享受这一休闲竞技运动带来的风驰电掣的感官体验的同时，也在培养车手们每天进步多一点的运动精神。车馆更有环境舒适的休闲茶餐厅、桌球、桌游等配套设施，让您的极速之旅更加丰富多彩！,13:00-22:30,https://imgs.qunarzz.com/sight/p0/1512/5e/5e5626fa64623def90.water.jpg_710x360_ff469434.jpg〇https://imgs.qunarzz.com/sight/p0/1512/24/240a26f0a9923fa290.water.jpg_710x360_e54d60d3.jpg〇https://imgs.qunarzz.com/sight/p0/1512/66/660b9535333e54ec90.water.jpg_710x360_3467dc3e.jpg〇https://imgs.qunarzz.com/sight/p0/1512/7c/7c7b9b0baa09b0d190.water.jpg_710x360_11a3db74.jpg〇https://imgs.qunarzz.com/sight/p0/1512/c2/c28aa5f70dbf300890.water.jpg_710x360_7399e6dd.jpg,"{""ret"": true, ""data"": {""tagList"": [{""tagType"": 0, ""tagScore"": 5, ""tagNum"": 0, ""tagName"": ""\u5168\u90e8""}], ""score"": 0.0, ""commentCount"": 0}, ""statusCode"": 200}"
六合冰雪世界,https://imgs.qunarzz.com/sight/p0/1707/c7/c716be8aec8d3fe8a3.img.jpg_280x200_5a58fee7.jpg,湛江市,赤坎区,湛江市赤坎区观海北路18号丽悦新天负二层,12,4.7,真冰真雪展馆完美展现零下15℃的北国风光,https://piao.qunar.com/ticket/detail_3763696771.html?st=a3clM0QlRTglQjUlQTQlRTUlOUQlOEUlRTUlOEMlQkElMjZpZCUzRDQ2NTQxMyUyNnR5cGUlM0QwJTI2aWR4JTNEMTElMjZxdCUzRCUyNmFwayUzRDIlMjZzYyUzRFdXVyUyNnVyJTNEJUU0JUI4JUFEJUU1JUIxJUIxJTI2bHIlM0QlRTQlQjglQUQlRTUlQjElQjElMjZmdCUzRCU3QiU3RA%3D%3D#from=mpl_search_suggest,-1.0,N/A,场馆内所有冰雕出自冰雕大师之手、加上丰富多彩的冰上娱乐项目，让您在家门口就能感受真正的北国风光， 感受晶莹透亮五彩缤纷的冰雪世界。那里有人造雪场，小伙伴们打着雪仗、堆着雪人、赏着飘雪，体验来着北方的雪哦。湛江六合冰雪世界全新打造的“冰雪世界”，用冰量近千吨，上千平米的真冰真雪展馆完美展现零下15℃的北国风光，展馆包括迪士尼王国、疯狂动物城、*夫熊猫馆等主题的静态彩色艺术冰雕，以及冰雪滑道、浪漫飘雪岛等互动区域。灯光与音乐交迭呈现，冰雪与艺术完美融合，冰雪世界将带您走进梦幻般的冰雪童话世界。,1/1-12/31；周一至周日；10:00-22:00开园,https://imgs.qunarzz.com/sight/p0/1707/c7/c716be8aec8d3fe8a3.img.jpg_710x360_7f7eb7cc.jpg〇https://imgs.qunarzz.com/sight/p0/1707/af/af241f41ce6683a5a3.img.jpg_710x360_80f2846d.jpg〇https://imgs.qunarzz.com/sight/p0/1707/11/11da15aa9bf9e29da3.img.jpg_710x360_e96366c5.jpg,"{""ret"": true, ""data"": {""tagList"": [{""tagType"": 3, ""tagScore"": 5, ""tagNum"": 1, ""tagName"": ""\u5dee\u8bc4""}, {""tagType"": 1, ""tagScore"": 5, ""tagNum"": 11, ""tagName"": ""\u597d\u8bc4""}, {""tagType"": 0, ""tagScore"": 5, ""tagNum"": 12, ""tagName"": ""\u5168\u90e8""}], ""commentList"": [{""author"": ""a*6"", ""content"": ""\u7528\u6237\u672a\u70b9\u8bc4\uff0c\u7cfb\u7edf\u9ed8\u8ba4\u597d\u8bc4\u3002"", ""date"": ""2017-10-23"", ""score"": 5, ""commentId"": ""203156685"", ""imgs"": [], ""userNickName"": ""a*6"", ""replyCityName"": """", ""cityName"": """"}, {""author"": ""H*t"", ""content"": ""\u7528\u6237\u672a\u70b9\u8bc4\uff0c\u7cfb\u7edf\u9ed8\u8ba4\u597d\u8bc4\u3002"", ""date"": ""2017-09-30"", ""score"": 5, ""commentId"": ""202875231"", ""imgs"": [], ""userNickName"": ""H*t"", ""replyCityName"": """", ""cityName"": """"}, {""author"": ""t*8"", ""content"": ""\u7528\u6237\u672a\u70b9\u8bc4\uff0c\u7cfb\u7edf\u9ed8\u8ba4\u597d\u8bc4\u3002"", ""date"": ""2017-09-19"", ""score"": 5, ""commentId"": ""202609135"", ""imgs"": [], ""userNickName"": ""t*8"", ""replyCityName"": """", ""cityName"": """"}, {""author"": ""l*9"", ""content"": ""\u7528\u6237\u672a\u70b9\u8bc4\uff0c\u7cfb\u7edf\u9ed8\u8ba4\u597d\u8bc4\u3002"", ""date"": ""2017-09-14"", ""score"": 5, ""commentId"": ""202485246"", ""imgs"": [], ""userNickName"": ""l*9"", ""replyCityName"": """", ""cityName"": """"}, {""author"": ""\u738b*\u534e"", ""content"": ""\u7528\u6237\u672a\u70b9\u8bc4\uff0c\u7cfb\u7edf\u9ed8\u8ba4\u597d\u8bc4\u3002"", ""date"": ""2017-09-09"", ""score"": 5, ""commentId"": ""202351135"", ""imgs"": [], ""userNickName"": ""\u738b*\u534e"", ""replyCityName"": """", ""cityName"": """"}, {""author"": ""\u738b*\u534e"", ""content"": ""\u7528\u6237\u672a\u70b9\u8bc4\uff0c\u7cfb\u7edf\u9ed8\u8ba4\u597d\u8bc4\u3002"", ""date"": ""2017-09-09"", ""score"": 5, ""commentId"": ""202351095"", ""imgs"": [], ""userNickName"": ""\u738b*\u534e"", ""replyCityName"": """", ""cityName"": """"}, {""author"": ""\u738b*\u534e"", ""content"": ""\u7528\u6237\u672a\u70b9\u8bc4\uff0c\u7cfb\u7edf\u9ed8\u8ba4\u597d\u8bc4\u3002"", ""date"": ""2017-09-09"", ""score"": 5, ""commentId"": ""202350839"", ""imgs"": [], ""userNickName"": ""\u738b*\u534e"", ""replyCityName"": """", ""cityName"": """"}, {""author"": ""t*7"", ""content"": ""\u7528\u6237\u672a\u70b9\u8bc4\uff0c\u7cfb\u7edf\u9ed8\u8ba4\u597d\u8bc4\u3002"", ""date"": ""2017-09-09"", ""score"": 5, ""commentId"": ""202345627"", ""imgs"": [], ""userNickName"": ""t*7"", ""replyCityName"": """", ""cityName"": """"}, {""author"": ""o*3"", ""content"": ""\u7528\u6237\u672a\u70b9\u8bc4\uff0c\u7cfb\u7edf\u9ed8\u8ba4\u597d\u8bc4\u3002"", ""date"": ""2017-09-06"", ""score"": 5, ""commentId"": ""202277978"", ""imgs"": [], ""userNickName"": ""o*3"", ""replyCityName"": """", ""cityName"": """"}, {""author"": ""\u535c*7"", ""content"": ""\u7528\u6237\u672a\u70b9\u8bc4\uff0c\u7cfb\u7edf\u9ed8\u8ba4\u597d\u8bc4\u3002"", ""date"": ""2017-09-06"", ""score"": 5, ""commentId"": ""202268872"", ""imgs"": [], ""userNickName"": ""\u535c*7"", ""replyCityName"": """", ""cityName"": """"}], ""score"": 4.7, ""commentCount"": 12}, ""statusCode"": 200}"
海逸帆船帆板俱乐部,https://imgs.qunarzz.com/sight/p0/1806/aa/aa6565b93e07a85da3.img.jpg_280x200_b18e3678.jpg,湛江市,赤坎区,广东省湛江市赤坎区广州湾大道8号,1,5.0,融比赛、旅游为一体的国际海上运动基地,https://piao.qunar.com/ticket/detail_2412778950.html?st=a3clM0QlRTglQjUlQTQlRTUlOUQlOEUlRTUlOEMlQkElMjZpZCUzRDQ2ODYyNSUyNnR5cGUlM0QwJTI2aWR4JTNEMTAlMjZxdCUzRCUyNmFwayUzRDIlMjZzYyUzRFdXVyUyNnVyJTNEJUU0JUI4JUFEJUU1JUIxJUIxJTI2bHIlM0QlRTQlQjglQUQlRTUlQjElQjElMjZmdCUzRCU3QiU3RA%3D%3D#from=mpl_search_suggest,-1.0,N/A,"海逸帆船俱乐部坐落在环境优美的湛江市金沙湾保利悦湾水上运动中心内,旁边就是美丽的金沙湾国家4A旅游景区是旅游度假、踏浪扬帆的最佳选择。这是一项运动赛事，分皮艇和划艇两个项目。皮划艇有静水项目和激流之分。广东湛江水上运动中心是一个以海上运动训练为主体，融比赛、训练、旅游、教育为一体的国际海上运动基地。水上运动中心用地面积达10公顷，其中水域5.33公顷，陆上4.67公顷，使用岸线长近1000米，进深270米。在天然或人工湖面进行的比赛，称静水项目,在水流湍急的河道进行的比赛，称激流项目。咱们玩的主要是静水项目，危险系数较低，娱乐性较强！而且还有点小刺激！要注意掌握平衡哦！皮划艇趣味性的体现：它不仅仅在于能最大限度的亲水与嬉戏，非常惬意的随波飘荡，更在于它能让你最真实的体验一把克服对水的恐惧，摆脱水流的影响，实实在在的掌控船体的运动，随心所欲的在水面上巡游和竞速。为此，我们也准备了各种竞赛和小游戏.",1/1-12/31；周一至周日；09:00-17:00开园,https://imgs.qunarzz.com/sight/p0/1806/aa/aa6565b93e07a85da3.img.jpg_710x360_0b05da16.jpg〇https://imgs.qunarzz.com/sight/p0/1806/98/98b8c69c61bcae4a3.img.jpg_710x360_d2b8e4e9.jpg〇https://imgs.qunarzz.com/sight/p0/1806/60/607e30e2b464e8aca3.img.jpg_710x360_f6ecb8a0.jpg〇https://imgs.qunarzz.com/sight/p0/1806/b1/b1fa2e6e50caedc0a3.img.jpg_710x360_ae656a9f.jpg〇https://imgs.qunarzz.com/sight/p0/1806/61/61351e9cb6f70e82a3.img.jpg_710x360_8f363b1e.jpg〇https://imgs.qunarzz.com/sight/p0/1806/1c/1c5437cb9c5f98a8a3.img.jpg_710x360_4e03e7d0.jpg〇https://imgs.qunarzz.com/sight/p0/1806/7f/7fd3c795610adcd6a3.img.jpg_710x360_3bf8ad7b.jpg〇https://imgs.qunarzz.com/sight/p0/1806/5c/5c266c86cb859e11a3.img.jpg_710x360_8c9c25eb.jpg〇https://imgs.qunarzz.com/sight/p0/1806/cc/cc2f0b5c33323508a3.img.jpg_710x360_ec202dd5.jpg,"{""ret"": true, ""data"": {""tagList"": [{""tagType"": 1, ""tagScore"": 5, ""tagNum"": 1, ""tagName"": ""\u597d\u8bc4""}, {""tagType"": 0, ""tagScore"": 5, ""tagNum"": 1, ""tagName"": ""\u5168\u90e8""}], ""commentList"": [{""author"": ""d*1"", ""content"": ""\u7528\u6237\u672a\u70b9\u8bc4\uff0c\u7cfb\u7edf\u9ed8\u8ba4\u597d\u8bc4\u3002"", ""date"": ""2018-11-04"", ""score"": 5, ""commentId"": ""208448068"", ""imgs"": [], ""userNickName"": ""d*1"", ""replyCityName"": """", ""cityName"": """"}], ""score"": 5.0, ""commentCount"": 1}, ""statusCode"": 200}"
北桥公园,https://imgs.qunarzz.com/sight/p0/201303/13/406e9b94cb564c9dc8d65eac.jpg_280x200_ee739306.jpg,湛江市,赤坎区,广东省湛江市赤坎区南桥河与北桥河交汇处,1,5.0,北桥公园位于赤坎区南桥河、北桥河交汇处。2003年，已在南桥河的上游修建了南桥公园。北桥公园占地面积89亩，园内设有体育,https://piao.qunar.com/ticket/detail_3373982089.html?st=a3clM0QlRTglQjUlQTQlRTUlOUQlOEUlRTUlOEMlQkElMjZpZCUzRDc4MjQlMjZ0eXBlJTNEMCUyNmlkeCUzRDklMjZxdCUzRCUyNmFwayUzRDIlMjZzYyUzRFdXVyUyNnVyJTNEJUU0JUI4JUFEJUU1JUIxJUIxJTI2bHIlM0QlRTQlQjglQUQlRTUlQjElQjElMjZmdCUzRCU3QiU3RA%3D%3D#from=mpl_search_suggest,-1.0,N/A,北桥公园位于赤坎区南桥河、北桥河交汇处。2003年，已在南桥河的上游修建了南桥公园。北桥公园占地面积89亩，园内设有体育活动区、儿童娱乐区、山顶雾广场、中心广场等景区。门球场、溜冰场、儿童乐园、健身步道在北桥河南侧连成一线；拉幕舞台、中心广场为群众性文娱活动的中心。主题雕塑《河之恋》用英文“R”代表两河汇合口，象征着南北桥河整治工程顺利合围。北桥公园的落成，为市民休闲增加了又一好去处。开放当天，前来游览的市民络绎不绝，并开展曲艺演唱、扭秧歌、健身操等多种活动，充满了喜庆、祥和、热烈的节日气氛。,暂无,https://imgs.qunarzz.com/sight/p0/201303/13/406e9b94cb564c9dc8d65eac.jpg_710x360_8b23c645.jpg〇https://qimgs.qunarzz.com/piao_qsight_provider_piao_qsight_web/fe8677decc3c8828ffffffffc8d65eac.jpg_710x360_5bb06853.jpg〇https://qimgs.qunarzz.com/piao_qsight_provider_piao_qsight_web/2ad3ee50b5b1fd60ffffffffc8d65eac.jpg_710x360_2838e981.jpg〇https://qimgs.qunarzz.com/piao_qsight_provider_piao_qsight_web/fc0a3a6d7d002b37.jpg_710x360_79f93f5f.jpg〇https://qimgs.qunarzz.com/piao_qsight_provider_piao_qsight_web/b77f575069136bffffffffffc8d65eac.jpg_710x360_675f665a.jpg〇https://qimgs.qunarzz.com/piao_qsight_provider_piao_qsight_web/bc676c646a6574d9ffffffffc8d65eac.jpg_710x360_4549ec9e.jpg,"{""ret"": true, ""data"": {""tagList"": [{""tagType"": 1, ""tagScore"": 5, ""tagNum"": 1, ""tagName"": ""\u597d\u8bc4""}, {""tagType"": 0, ""tagScore"": 5, ""tagNum"": 1, ""tagName"": ""\u5168\u90e8""}], ""commentList"": [{""author"": ""\u5915*\u975e"", ""content"": ""\u508d\u665a\u7684\u65f6\u5019\uff0c\u4f4f\u5728\u9644\u8fd1\u7684\u5c45\u6c11\u90fd\u4f1a\u5230\u5317\u6865\u516c\u56ed\u953b\u70bc\u53c8\u6216\u662f\u73a9\u4e50\uff0c\u653e\u677e\u4e0b\u5fc3\u60c5"", ""date"": ""2015-01-03"", ""score"": 5, ""commentId"": ""28753446"", ""imgs"": [], ""userNickName"": ""\u5915*\u975e"", ""replyCityName"": """", ""cityName"": """"}], ""score"": 5.0, ""commentCount"": 1}, ""statusCode"": 200}"
金沙湾海滨浴场,https://qimgs.qunarzz.com/piao_qsight_provider_piao_qsight_web/0103u120008qixqlo8F94_C_900_504.jpg_280x200_140a7e02.jpg,湛江市,赤坎区,广东省湛江市赤坎区观海北路18号东南方向100米,1,5.0,观看明星签名的公共沙滩,https://piao.qunar.com/ticket/detail_3848814429.html?st=a3clM0QlRTglQjUlQTQlRTUlOUQlOEUlRTUlOEMlQkElMjZpZCUzRDUxNjEzNSUyNnR5cGUlM0QwJTI2aWR4JTNEOCUyNnF0JTNEJTI2YXBrJTNEMiUyNnNjJTNEV1dXJTI2dXIlM0QlRTQlQjglQUQlRTUlQjElQjElMjZsciUzRCVFNCVCOCVBRCVFNSVCMSVCMSUyNmZ0JTNEJTdCJTdE#from=mpl_search_suggest,-1.0,N/A,N/A,1/1-12/31；周一至周日；全天开放,https://qimgs.qunarzz.com/piao_qsight_provider_piao_qsight_web/0103u120008qixqlo8F94_C_900_504.jpg_710x360_4ca59b12.jpg〇https://qimgs.qunarzz.com/piao_qsight_provider_piao_qsight_web/0103u120008qixqlo8F94_C_900_504_Q90_Mtg_7.jpg_710x360_6531708d.jpg,"{""ret"": true, ""data"": {""tagList"": [{""tagType"": 1, ""tagScore"": 5, ""tagNum"": 1, ""tagName"": ""\u597d\u8bc4""}, {""tagType"": 0, ""tagScore"": 5, ""tagNum"": 1, ""tagName"": ""\u5168\u90e8""}], ""commentList"": [{""author"": ""d*3"", ""content"": ""\u8d85\u68d2\uff0c\u91d1\u6c99\u6e7e\u89c2\u6d77\u957f\u5eca\u4f4d\u4e8e\u8be5\u5e02\u8d64\u574e\u6c99\u6e7e\u4e1c\u4fa7\uff0c\u4e1c\u4e34\u9ebb\u659c\u6d77\uff0c\u897f\u9760\u89c2\u6d77\u8def\uff0c\u5317\u8d77\u519b\u6c11\u5927\u9053\uff0c\u5357\u81f3\u4f53\u80b2\u5357\u8def\u53ca\u89c4\u5212\u7684\u6551\u635e\u7801\u5934\uff0c\u662f\u6e5b\u6c5f\u5e02\u5b9e\u65bd\u201c\u4e00\u6d77\u4e24\u5cb8\u201d\u897f\u6d77\u5cb8\u666f\u89c2\u6539\u9020\u5de5\u7a0b\u7684\u7ec4\u6210\u90e8\u5206\u3002"", ""date"": ""2024-04-15"", ""score"": 5, ""commentId"": ""232922369"", ""imgs"": [], ""userNickName"": ""d*3"", ""replyCityName"": """", ""cityName"": ""\u5e7f\u4e1c""}], ""score"": 5.0, ""commentCount"": 1}, ""statusCode"": 200}"
寸金游乐场,https://mp-piao-admincp.qunarzz.com/mp_piao_admin_mp_piao_admin/admin/20217/30d54820c6727b9958d585769ab3c5c2.png_280x200_7ef61cce.png,湛江市,赤坎区,湛江市赤坎区跃进路95号,-1,-1.0,N/A,https://piao.qunar.com/ticket/detail_4101311715.html?st=a3clM0QlRTglQjUlQTQlRTUlOUQlOEUlRTUlOEMlQkElMjZpZCUzRDUzOTA4MiUyNnR5cGUlM0QwJTI2aWR4JTNEMTYlMjZxdCUzRCUyNmFwayUzRDIlMjZzYyUzRFdXVyUyNnVyJTNEJUU0JUI4JUFEJUU1JUIxJUIxJTI2bHIlM0QlRTQlQjglQUQlRTUlQjElQjElMjZmdCUzRCU3QiU3RA%3D%3D#from=mpl_search_suggest,-1.0,N/A,N/A,1/1-12/31；周一至周日；09:00-22:00开园,https://mp-piao-admincp.qunarzz.com/mp_piao_admin_mp_piao_admin/admin/20217/30d54820c6727b9958d585769ab3c5c2.png_710x360_c2302e12.png,"{""ret"": true, ""data"": {""tagList"": [{""tagType"": 0, ""tagScore"": 5, ""tagNum"": 0, ""tagName"": ""\u5168\u90e8""}], ""score"": 0.0, ""commentCount"": 0}, ""statusCode"": 200}"
湛江市体育中心体育馆,https://imgs.qunarzz.com/sight/p0/1503/35/3585fc21eca33bc1.water.jpg_280x200_e08be829.jpg,湛江市,赤坎区,广东湛江市赤坎区人民大道北8号,-1,-1.0,综合性活动场所,https://piao.qunar.com/ticket/detail_37290476.html?st=a3clM0QlRTglQjUlQTQlRTUlOUQlOEUlRTUlOEMlQkElMjZpZCUzRDIxMzc4MCUyNnR5cGUlM0QwJTI2aWR4JTNEMTMlMjZxdCUzRCUyNmFwayUzRDIlMjZzYyUzRFdXVyUyNnVyJTNEJUU0JUI4JUFEJUU1JUIxJUIxJTI2bHIlM0QlRTQlQjglQUQlRTUlQjElQjElMjZmdCUzRCU3QiU3RA%3D%3D#from=mpl_search_suggest,-1.0,N/A,湛江市体育中心位于湛江市人民大道北，由市政府投资5500万元，建于1990年 9月。现占地面积16.8万平方米，建筑面积48292平方米，体育场有座位2万个、体育馆座位3537个，设置有综合性体育馆和训练馆、体育场、保龄球馆、网球场等主体建筑，附设餐厅、旅业、会议室等配套设施。能承办国内国际足球、田径、排球、篮球、羽毛球、乒乓球、体项目比赛是集竞技体育、群众体育和休闲娱乐一体的综合性活动场所。,01/01-12/31；06:00-22:00开园,https://imgs.qunarzz.com/sight/p0/1503/35/3585fc21eca33bc1.water.jpg_710x360_bea70842.jpg〇https://imgs.qunarzz.com/sight/p0/1503/b2/b2571fa283471dc6.water.jpg_710x360_955a4f37.jpg〇https://imgs.qunarzz.com/sight/p0/1503/e4/e4f91963d7bb9c4e.water.jpg_710x360_8cd4233c.jpg〇https://imgs.qunarzz.com/sight/p0/1503/60/609ac1478f804185.water.jpg_710x360_1958b4bd.jpg〇https://imgs.qunarzz.com/sight/p0/1503/b3/b3764bbcadf1a166.water.jpg_710x360_13aa1d7d.jpg,"{""ret"": true, ""data"": {""tagList"": [{""tagType"": 0, ""tagScore"": 5, ""tagNum"": 0, ""tagName"": ""\u5168\u90e8""}], ""score"": 0.0, ""commentCount"": 0}, ""statusCode"": 200}"
陈明仁将军旧居,https://qimgs.qunarzz.com/piao_qsight_provider_piao_qsight_web/0100h12000aox75gy7321_C_900_504.jpg_280x200_82a7e851.jpg,湛江市,赤坎区,湛江市赤坎区兴华路30号,-1,-1.0,N/A,https://piao.qunar.com/ticket/detail_90721906.html?st=a3clM0QlRTglQjUlQTQlRTUlOUQlOEUlRTUlOEMlQkElMjZpZCUzRDUxMDE4OCUyNnR5cGUlM0QwJTI2aWR4JTNEMTIlMjZxdCUzRCUyNmFwayUzRDIlMjZzYyUzRFdXVyUyNnVyJTNEJUU0JUI4JUFEJUU1JUIxJUIxJTI2bHIlM0QlRTQlQjglQUQlRTUlQjElQjElMjZmdCUzRCU3QiU3RA%3D%3D#from=mpl_search_suggest,-1.0,N/A,N/A,"1/1-12/31；周二至周日；09:00-11:30,15:00-17:30开园",https://qimgs.qunarzz.com/piao_qsight_provider_piao_qsight_web/0100h12000aox75gy7321_C_900_504.jpg_710x360_26e09aed.jpg〇https://qimgs.qunarzz.com/piao_qsight_provider_piao_qsight_web/0100h12000aox75gy7321_C_900_504_Q90_Mtg_7.jpg_710x360_6e18ebb0.jpg〇https://imgs.qunarzz.com/piao_qsight_web_piao_qsight_web/0100h12000aox75gy7321_R_1600_10000.jpg_710x360_9cc13057.jpg,"{""ret"": true, ""data"": {""tagList"": [{""tagType"": 0, ""tagScore"": 5, ""tagNum"": 0, ""tagName"": ""\u5168\u90e8""}], ""score"": 0.0, ""commentCount"": 0}, ""statusCode"": 200}"
