景点名称,景点图片,city,county,景点地址,景点参观人数,景点评分,景点短语,景点链接,景点最低价格,景点等级,景点详细信息,景点开放时间,景点图片合集,json
太平寺,https://imgs.qunarzz.com/sight/p87/201211/02/76e3268646be668a93835fbb.jpg_280x200_a9ddddb8.jpg,潮州市,饶平县,广东省潮州市饶平县乌岽山腰,-1,-1.0,太平寺位于广东潮州潮安县凤凰镇凤西村委会大庵村（古属饶平县）高山中，俗称“大庵”。寺前有7座小山峦，曰：“七星赶月，”气,https://piao.qunar.com/ticket/detail_292980992.html?st=a3clM0QlRTklQTUlQjYlRTUlQjklQjMlRTUlOEUlQkYlMjZpZCUzRDUwNTElMjZ0eXBlJTNEMCUyNmlkeCUzRDIyJTI2cXQlM0QlMjZhcGslM0QyJTI2c2MlM0RXV1clMjZ1ciUzRCVFNCVCOCVBRCVFNSVCMSVCMSUyNmxyJTNEJUU0JUI4JUFEJUU1JUIxJUIxJTI2ZnQlM0QlN0IlN0Q%3D#from=mpl_search_suggest,-1.0,N/A,太平寺位于广东潮州潮安县凤凰镇凤西村委会大庵村（古属饶平县）高山中，俗称“大庵”。寺前有7座小山峦，曰：“七星赶月，”气势磅礴。系清名将、饶平总兵吴六奇（1607―1665）所创建，为古代名刹，今存一部分，拟重建。寺外于凤凰山脉乌冻峰巅的天池风景区，海拔约1300米，其南面附近就是闻名遐迩的天池（76亩），故富有独特迷人风光。池中有一种形似鳄鱼，又像壁虎，也像娃娃鱼的“四脚鱼”，身长约8至12厘米，十分奇特。太平寺始建于清代顺治十三年丙申（1656），迄十七年庚子（1660）竣工。寺前后两栋及山门为三翼，以左右廓共四十五间。为清驻镇广东饶平等处地方、赐蟒王、三晋官衔、挂印总兵、左都督吴六奇捐银三千三百两，组织官兵、抽调民夫所建的。开光之后，香火旺盛一时，善男信女如云，达官贵人、诗人墨客也接踵而至。康熙二十十年诗人韦选（江苏人）夜宿太平寺后并赋下颂诗；道光六年（1821）广西省马平县知县吴奕材拜谒后题联等，使寺声名大震。但是，随着岁月推移，墙垣剥落，楹蛀桷烂，破漏在所难免。时至光绪二十一年（1895）秋月，由多人捐款重修。近百年来，寺院虽小，但由于“灵山法界”名气大，山川秀美，游人、善信仍然络绎不绝。1993年，印尼华侨郑维铨先生游览后，感慨万千。近有信徒筹资，拟改建太平寺，让名刹重放光彩,暂无,https://imgs.qunarzz.com/sight/p87/201211/02/76e3268646be668a93835fbb.jpg_710x360_ff91eb89.jpg,"{""ret"": true, ""data"": {""tagList"": [{""tagType"": 0, ""tagScore"": 5, ""tagNum"": 0, ""tagName"": ""\u5168\u90e8""}], ""score"": 0.0, ""commentCount"": 0}, ""statusCode"": 200}"
白雀寺,https://imgs.qunarzz.com/sight/p0/201403/07/66803c70fc057c8e3771594282fb92c6.jpg_280x200_41ace0de.jpg,潮州市,饶平县,广东省潮州市饶平县拓林镇白雀寺,-1,-1.0,石峰林立、拓树成林，寺内珍藏文物众多,https://piao.qunar.com/ticket/detail_2134482715.html?st=a3clM0QlRTklQTUlQjYlRTUlQjklQjMlRTUlOEUlQkYlMjZpZCUzRDYzMDIlMjZ0eXBlJTNEMCUyNmlkeCUzRDIxJTI2cXQlM0QlMjZhcGslM0QyJTI2c2MlM0RXV1clMjZ1ciUzRCVFNCVCOCVBRCVFNSVCMSVCMSUyNmxyJTNEJUU0JUI4JUFEJUU1JUIxJUIxJTI2ZnQlM0QlN0IlN0Q%3D#from=mpl_search_suggest,-1.0,N/A,白雀寺原称拓林寺，因该地石峰林立、拓树成林而得名，建于南宋末年。据《东里志》记载：“宋一时原有茅山庵，毁，遂于北面再建拓林寺”。明万历三十一年（1603年）重修大殿。上梁吉日恭请蒋高传（明代人，官至刑部侍郎，后被摘至大城所为盐官）书定山门匾额，恰好有只纤丽的白雀在梁上啾啾欢唱，蒋即兴，用鸡毛大笔疾书：“白雀寺”，书法潇洒流利，今尚存，故寺自此易名为白雀寺。该寺为两进院式，土木结构，前座供奉观世音菩萨，后座供奉西方三圣，寺里珍藏有明代浙江天幢奇主僧德祥和尚所绘制的十八罗汉像和明代铸造的千斤铜钟等文物。1988年被列为县级文物重点保护单位。,01/01-12/31；8:00-18:00开园,https://imgs.qunarzz.com/sight/p0/201403/07/66803c70fc057c8e3771594282fb92c6.jpg_710x360_4dc059bb.jpg〇https://qimgs.qunarzz.com/piao_qsight_provider_piao_qsight_web/18b5320c5b1e0198b7f3e858ed391d91.jpg_710x360_b759d028.jpg〇https://qimgs.qunarzz.com/piao_qsight_provider_piao_qsight_web/04f2cd880f99537.jpg_710x360_86304d40.jpg,"{""ret"": true, ""data"": {""tagList"": [{""tagType"": 0, ""tagScore"": 5, ""tagNum"": 0, ""tagName"": ""\u5168\u90e8""}], ""score"": 0.0, ""commentCount"": 0}, ""statusCode"": 200}"
好味来,https://qimgs.qunarzz.com/piao_qsight_provider_piao_qsight_web/temp1016936816177432020701064120009dswmdtDE19_wmr.jpg_280x200_bacf4e62.jpg,潮州市,饶平县,广东省潮州市饶平县钱东镇下浮山好味来工业园,-1,-1.0,广东好味来食品有限公司，是一家生产经营广东特色休闲食品盐焗鸡为主的企业。生产基地位于有中国盐焗鸡之乡的广东饶平县钱东镇。,https://piao.qunar.com/ticket/detail_710976737.html?st=a3clM0QlRTklQTUlQjYlRTUlQjklQjMlRTUlOEUlQkYlMjZpZCUzRDQ1NzgwMiUyNnR5cGUlM0QwJTI2aWR4JTNEMjAlMjZxdCUzRCUyNmFwayUzRDIlMjZzYyUzRFdXVyUyNnVyJTNEJUU0JUI4JUFEJUU1JUIxJUIxJTI2bHIlM0QlRTQlQjglQUQlRTUlQjElQjElMjZmdCUzRCU3QiU3RA%3D%3D#from=mpl_search_suggest,-1.0,N/A,广东好味来食品有限公司，是一家生产经营广东特色休闲食品盐焗鸡为主的企业。生产基地位于有中国盐焗鸡之乡的广东饶平县钱东镇。企业拥有行业中较大规模及合理布局的花园式生产基地30000余平方米，其中标准化食品生产车间10000多平方米。厂区内同时配套有技术研发中心、办公楼、员工宿舍楼、员工休闲娱乐室等。公司始建于2004年，是国内首批从事盐焗鸡食品研发、生产、营销的厂家。经过十余年的艰苦创业，在广大经销商朋友、地方政府部门及一群拥有共同梦想的员工家人的支持和共同努力下，好味来食品已在本行业中无论技术、规模、管理、品牌均处于领先地位。历年来，公司先后获得”、“广东省著名商标”、“广东省农业龙头企业”、“守合同重信用单位”、“广东省食品安全先进企业”、“先进创税企业”等荣誉称号，并被推荐为广东省禽类制品行业协会副会长单位、饶平县食品行业商会秘书长单位。过去的成就，已将成为我公司愿景发展的坚实基石，我公司全体同仁将以更加诚恳的态度与社会各界朋友携手共跨越！,暂无,https://qimgs.qunarzz.com/piao_qsight_provider_piao_qsight_web/temp1016936816177432020701064120009dswmdtDE19_wmr.jpg_710x360_639a93b7.jpg,"{""ret"": true, ""data"": {""tagList"": [{""tagType"": 0, ""tagScore"": 5, ""tagNum"": 0, ""tagName"": ""\u5168\u90e8""}], ""score"": 0.0, ""commentCount"": 0}, ""statusCode"": 200}"
绿岛冰川地质公园,https://imgs.qunarzz.com/sight/p0/201403/10/2ca1776e388326458b587cb6e3bc458c.jpg_280x200_8769c0e1.jpg,潮州市,饶平县,广东省潮州市饶平县,-1,-1.0,绿岛冰川有很高的科研及旅游开发价值,https://piao.qunar.com/ticket/detail_3884611492.html?st=a3clM0QlRTklQTUlQjYlRTUlQjklQjMlRTUlOEUlQkYlMjZpZCUzRDQxMTE5JTI2dHlwZSUzRDAlMjZpZHglM0QxOSUyNnF0JTNEJTI2YXBrJTNEMiUyNnNjJTNEV1dXJTI2dXIlM0QlRTQlQjglQUQlRTUlQjElQjElMjZsciUzRCVFNCVCOCVBRCVFNSVCMSVCMSUyNmZ0JTNEJTdCJTdE#from=mpl_search_suggest,-1.0,N/A,绿岛冰川地质公园于2001年经中国科学院地质研究所勘察考证后，确认是三百万年前第四纪冰川运动时留下的遗迹，覆盖面积约15平方公里，冰臼总数超过1600个以上。该遗址完整记录了亚热带大规模古代冰川地质运动及古代气候变化特征。,暂无,https://imgs.qunarzz.com/sight/p0/201403/10/2ca1776e388326458b587cb6e3bc458c.jpg_710x360_8be205d9.jpg,"{""ret"": true, ""data"": {""tagList"": [{""tagType"": 0, ""tagScore"": 5, ""tagNum"": 0, ""tagName"": ""\u5168\u90e8""}], ""score"": 0.0, ""commentCount"": 0}, ""statusCode"": 200}"
无穷,https://qimgs.qunarzz.com/piao_qsight_provider_piao_qsight_web/temp17460884579646409320104c12000bq99ezi9F13_wmr.jpg_280x200_6a373f67.jpg,潮州市,饶平县,广东省潮州市饶平县钱东镇上浮山村沙园,-1,-1.0,广东无穷食品有限公司成立于一九九九年，公司厂部位于美丽富饶的粤东海滨—潮州饶平，占地面积50亩以上，是一家集休闲鸡肉制品,https://piao.qunar.com/ticket/detail_641176359.html?st=a3clM0QlRTklQTUlQjYlRTUlQjklQjMlRTUlOEUlQkYlMjZpZCUzRDQ1Nzc5MyUyNnR5cGUlM0QwJTI2aWR4JTNEMTglMjZxdCUzRCUyNmFwayUzRDIlMjZzYyUzRFdXVyUyNnVyJTNEJUU0JUI4JUFEJUU1JUIxJUIxJTI2bHIlM0QlRTQlQjglQUQlRTUlQjElQjElMjZmdCUzRCU3QiU3RA%3D%3D#from=mpl_search_suggest,-1.0,N/A,广东无穷食品有限公司成立于一九九九年，公司厂部位于美丽富饶的粤东海滨—潮州饶平，占地面积50亩以上，是一家集休闲鸡肉制品的研发、生产和销售于一体的综合性企业。公司经营的主力产品“无穷盐焗鸡休闲系列”畅销全国。无穷公司品牌影响力、生产能力，是全国肉制食品类畅销品牌之一。本公司为中国工商业联合会会员，中国肉类协会理事单位QS质量安全认证的企业，连年来均被评为“守合同重信用”企业。2005年1月，公司顺利通过ISO9001国际质量管理体系认证。产品由PICC中国人民保险公司质量承保。挑战就是动力，竞争就是机遇；无穷以“客户至上，服务至上”为经营宗旨，以“务实、诚信、创新、发展”为企业理念！广东无穷食品有限公司已发展为一家集研发、制造、营销于一体的专业生产鸡肉制品的广东省“著名商标””大型企业，主导产品有盐焗、爱辣、盐焗两龄鸡精品等三大焗鸡系列，产品深受消费者的喜爱和青睐，畅销国内市场，市场覆盖率和销售量占60%以上，均居国内焗鸡行业首位。,暂无,https://qimgs.qunarzz.com/piao_qsight_provider_piao_qsight_web/temp17460884579646409320104c12000bq99ezi9F13_wmr.jpg_710x360_827a977f.jpg,"{""ret"": true, ""data"": {""tagList"": [{""tagType"": 0, ""tagScore"": 5, ""tagNum"": 0, ""tagName"": ""\u5168\u90e8""}], ""score"": 0.0, ""commentCount"": 0}, ""statusCode"": 200}"
云峰山庄,https://imgs.qunarzz.com/sight/p25/201211/03/6a595d99aaf5260793835fbb.jpg_280x200_77eeb7c5.jpg,潮州市,饶平县,广东省潮州市饶平县云峰山庄,-1,-1.0,兰蕙之国，香花如海的云峰山庄，位于闽粤交界的南海之滨，距饶平县城10千米。北倚武夷山之支脉云峰山，南濒古渡口柘林湾，与南,https://piao.qunar.com/ticket/detail_603282637.html?st=a3clM0QlRTklQTUlQjYlRTUlQjklQjMlRTUlOEUlQkYlMjZpZCUzRDk0OTAlMjZ0eXBlJTNEMCUyNmlkeCUzRDE3JTI2cXQlM0QlMjZhcGslM0QyJTI2c2MlM0RXV1clMjZ1ciUzRCVFNCVCOCVBRCVFNSVCMSVCMSUyNmxyJTNEJUU0JUI4JUFEJUU1JUIxJUIxJTI2ZnQlM0QlN0IlN0Q%3D#from=mpl_search_suggest,-1.0,N/A,兰蕙之国，香花如海的云峰山庄，位于闽粤交界的南海之滨，距饶平县城10千米。北倚武夷山之支脉云峰山，南濒古渡口柘林湾，与南澳岛相峙。四时清冽甘泉细润，长年和熙春风轻拂。翠叶曼舞，碧海泛彩，素蕊浅唱，银淘涨香。倘佯其间，仿若置身君子国之中.云峰山庄占地100多亩，其中兰花规模宏大，品类繁富。所培育国兰、洋兰500多品种10万多盆。春兰、四季兰、秋兰、墨兰、寒兰、卡特兰、蝴蝶兰、石斛兰、万代兰、文心兰等满园竞秀、斗艳争妍、幽芳四溢。更有精心选育的“众星拱月”、“云龙”、“云逸”、“云峰奇”、“云梅”、“云蝶”等数十珍品，在1994--1998年连续五届获得全国兰花博览会的金奖6个，银奖、铜奖18个。1999年在云南昆明“世博会”上又获得银奖.峰山庄是兰花文化荟萃的博览馆。兰苑中构筑全国首处以兰花为主题的碑林。镌刻了数百幅当代杰出名人、诗人、书画家的珍贵字画题咏，实乃高品位的艺术长廊。全国人大委员长乔石和全国政协副主席赵朴初特为题赠的诗句，更是给云峰山庄的褒奖和勉励。1998年波兰苑被中国兰花协会年评定为“中国兰花文化示范园”。蜚誉海内外，堪称我国一颗园林、艺术双馨的璀璨明珠。云峰山庄以其独特的风格，深厚的文化底蕴和相当的现模吸引了不少的海内外游客和兰花爱好者。兰花文化与旅游的有机结合，将使云峰山庄成为粤东地区的重要旅游景点。躬临云峰山庄，可赏心悦目，恰情养性；也可涤尘超俗，扩襟聘怀；尤可激发诗思，启迪哲智，诚为高雅之行，而践君子之风也,暂无,https://imgs.qunarzz.com/sight/p25/201211/03/6a595d99aaf5260793835fbb.jpg_710x360_06da4510.jpg,"{""ret"": true, ""data"": {""tagList"": [{""tagType"": 0, ""tagScore"": 5, ""tagNum"": 0, ""tagName"": ""\u5168\u90e8""}], ""score"": 0.0, ""commentCount"": 0}, ""statusCode"": 200}"
风吹岭石刻群,https://imgs.qunarzz.com/sight/p0/201302/22/7b6d3190433336dfc8d65eac.jpg_280x200_7ff4b333.jpg,潮州市,饶平县,广东省潮州市饶平县柘林镇,-1,-1.0,风吹岭石刻群在饶平县柘林镇东1.5千米的风吹岭。困岭高面海，一年四季风声飒飒，往东眺望，沧海万顷，水天浩渺，闽粤的高峰岛,https://piao.qunar.com/ticket/detail_291438755.html?st=a3clM0QlRTklQTUlQjYlRTUlQjklQjMlRTUlOEUlQkYlMjZpZCUzRDE1MjI1JTI2dHlwZSUzRDAlMjZpZHglM0QxNiUyNnF0JTNEJTI2YXBrJTNEMiUyNnNjJTNEV1dXJTI2dXIlM0QlRTQlQjglQUQlRTUlQjElQjElMjZsciUzRCVFNCVCOCVBRCVFNSVCMSVCMSUyNmZ0JTNEJTdCJTdE#from=mpl_search_suggest,-1.0,N/A,风吹岭石刻群在饶平县柘林镇东1.5千米的风吹岭。困岭高面海，一年四季风声飒飒，往东眺望，沧海万顷，水天浩渺，闽粤的高峰岛屿如泥丸入海，甚为壮观，历代显官名士纷迭至此观览，吟诗作赋于此，于今留下了许多摩崖石刻。有明万历九年（1581年）闽广副总兵晏继芳题的“闽广达观”，以及来自湖北、四川、贵州、吉林、江西等地文人墨客题刻，有“海阔天空”、“水天一色”、“闽粤一览”、“玉柱天关”、“天风海涛”等。1981年列为县级文物重点保护单位。,暂无,https://imgs.qunarzz.com/sight/p0/201302/22/7b6d3190433336dfc8d65eac.jpg_710x360_a962b0b0.jpg,"{""ret"": true, ""data"": {""tagList"": [{""tagType"": 0, ""tagScore"": 5, ""tagNum"": 0, ""tagName"": ""\u5168\u90e8""}], ""score"": 0.0, ""commentCount"": 0}, ""statusCode"": 200}"
花田农庄,https://mp-piao-admincp.qunarzz.com/mp_piao_admin_mp_piao_admin/admin/20217/30d54820c6727b9958d585769ab3c5c2.png_280x200_7ef61cce.png,潮州市,饶平县,广东潮州市饶平县黄冈镇薛厝寮村薛厝寮西,-1,-1.0,N/A,https://piao.qunar.com/ticket/detail_2460925791.html?st=a3clM0QlRTklQTUlQjYlRTUlQjklQjMlRTUlOEUlQkYlMjZpZCUzRDUzNTgyMCUyNnR5cGUlM0QwJTI2aWR4JTNEMjQlMjZxdCUzRCUyNmFwayUzRDIlMjZzYyUzRFdXVyUyNnVyJTNEJUU0JUI4JUFEJUU1JUIxJUIxJTI2bHIlM0QlRTQlQjglQUQlRTUlQjElQjElMjZmdCUzRCU3QiU3RA%3D%3D#from=mpl_search_suggest,-1.0,N/A,N/A,具体营业状态以当天开放情况为准,https://mp-piao-admincp.qunarzz.com/mp_piao_admin_mp_piao_admin/admin/20217/30d54820c6727b9958d585769ab3c5c2.png_710x360_c2302e12.png,"{""ret"": true, ""data"": {""tagList"": [{""tagType"": 0, ""tagScore"": 5, ""tagNum"": 0, ""tagName"": ""\u5168\u90e8""}], ""score"": 0.0, ""commentCount"": 0}, ""statusCode"": 200}"
镇风塔,https://qimgs.qunarzz.com/piao_qsight_provider_piao_qsight_web/9ded588a-4a19-40c6-a273-2242c52f598a.jpg_280x200_cd77ed9c.jpg,潮州市,饶平县,在饶平县拓林镇东北l千米的风吹岭西麓,-1,-1.0,取镇风镇水之意，省级文物保护单位,https://piao.qunar.com/ticket/detail_119747783.html?st=a3clM0QlRTklQTUlQjYlRTUlQjklQjMlRTUlOEUlQkYlMjZpZCUzRDM3MjQlMjZ0eXBlJTNEMCUyNmlkeCUzRDIzJTI2cXQlM0QlMjZhcGslM0QyJTI2c2MlM0RXV1clMjZ1ciUzRCVFNCVCOCVBRCVFNSVCMSVCMSUyNmxyJTNEJUU0JUI4JUFEJUU1JUIxJUIxJTI2ZnQlM0QlN0IlN0Q%3D#from=mpl_search_suggest,-1.0,N/A,镇风塔在饶平县拓林镇东北l千米的风吹岭西麓。困拓林地处海滨，屡遭风潮之害，昔人于岭高面海，常年风声飒飒的风口处建塔，取镇风镇水之意，故名。元至正十三年（1353年）二月建，塔高22米，基围16米，七层八面，塔身各层用石板铺盖，游人可在塔内沿螺旋形石阶登上各层，塔廊还装有石栏杆，每层开设圆窗和拱门，可供游人步出塔廊览观山胜。1985年省文管会拨款维修。1989年6月列为省级文物保护单位。,暂无,https://qimgs.qunarzz.com/piao_qsight_provider_piao_qsight_web/9ded588a-4a19-40c6-a273-2242c52f598a.jpg_710x360_7040c925.jpg〇https://qimgs.qunarzz.com/piao_qsight_provider_piao_qsight_web/d3b98b61c758c1aa9a9bb0c5ff37a0e3.jpg_710x360_a061f8ca.jpg〇https://qimgs.qunarzz.com/piao_qsight_provider_piao_qsight_web/5a1be4c98fadb37.jpg_710x360_29fa9992.jpg,"{""ret"": true, ""data"": {""tagList"": [{""tagType"": 0, ""tagScore"": 5, ""tagNum"": 0, ""tagName"": ""\u5168\u90e8""}], ""score"": 0.0, ""commentCount"": 0}, ""statusCode"": 200}"
甲第巷,https://qimgs.qunarzz.com/piao_qsight_provider_piao_qsight_web/0101i120009dddqxhC224_C_900_504.jpg_280x200_cc4aec29.jpg,潮州市,湘桥区,广东省潮州市湘桥区,2,5.0,浓缩了潮州城古民居的精华,https://piao.qunar.com/ticket/detail_1210952273.html?st=a3clM0QlRTYlQjklOTglRTYlQTElQTUlRTUlOEMlQkElMjZpZCUzRDE0NDI3JTI2dHlwZSUzRDAlMjZpZHglM0QyMSUyNnF0JTNEJTI2YXBrJTNEMiUyNnNjJTNEV1dXJTI2dXIlM0QlRTQlQjglQUQlRTUlQjElQjElMjZsciUzRCVFNCVCOCVBRCVFNSVCMSVCMSUyNmZ0JTNEJTdCJTdE#from=mpl_search_suggest,-1.0,N/A,甲第巷位于潮州古城区南部，具有潮汕地区各类典型的民居建筑风格。在建筑技术与艺术方面均有大的特色。民居建筑山墙上的彩色嵌瓷，屋檐和柱头上的精制的木雕和石雕，山墙屋脊的形式则根据房屋的朝向与布局有“金、木、水、火、土”五种，民居室内的地坪采用当地传统的红方砖，室内地坪的铺装也有一定的隐喻，如厅里地坪铺成斜的“人”字型隐喻有人气和人鼎兴旺；卧室地坪铺成错缝呈“丁”字型隐喻生男孩；过道的地坪铺成“田”字型隐喻家有田地。“义兴甲三巷历史街区”中的传统民居内存许多古井和古木，现存古井143口，几乎每座民居中都有一口古井，有些还在使用，在义井巷的东巷口还留有宋代古井“义井”，同时还植有树木40棵。近年，甲第巷古民居由市政府拨资修复，现已成为潮州又一旅游观光胜地,1/1-12/31；周一至周日；全天开放,https://qimgs.qunarzz.com/piao_qsight_provider_piao_qsight_web/0101i120009dddqxhC224_C_900_504.jpg_710x360_97363179.jpg〇https://qimgs.qunarzz.com/piao_qsight_provider_piao_qsight_web/0101i120009dddqxhC224_C_900_504_Q90_Mtg_7.jpg_710x360_2a4dc951.jpg〇https://imgs.qunarzz.com/sight/p0/201303/04/18190f6de46dad1bc8d65eac.jpg_710x360_9f3ab664.jpg〇https://qimgs.qunarzz.com/piao_qsight_provider_piao_qsight_web/b4272ddd8f866f.jpg_710x360_2e0b7fa1.jpg〇https://qimgs.qunarzz.com/piao_qsight_provider_piao_qsight_web/03ce5ac54f53bfb5.jpg_710x360_3fd87fe6.jpg〇https://qimgs.qunarzz.com/piao_qsight_provider_piao_qsight_web/7643c588de36dcb5.jpg_710x360_2e7d433e.jpg〇https://qimgs.qunarzz.com/piao_qsight_provider_piao_qsight_web/75b27fe50c7242.jpg_710x360_08bfdf11.jpg〇https://qimgs.qunarzz.com/piao_qsight_provider_piao_qsight_web/688d0434a7af7db5.jpg_710x360_e8a91b5a.jpg〇https://qimgs.qunarzz.com/piao_qsight_provider_piao_qsight_web/8174ca76f8ca5fb5.jpg_710x360_1ff38eb3.jpg〇https://qimgs.qunarzz.com/piao_qsight_provider_piao_qsight_web/1f9dbf0d8e1c12f1a2fd633c7f0b59d6.jpg_710x360_b11c9827.jpg〇https://qimgs.qunarzz.com/piao_qsight_provider_piao_qsight_web/d311d2039c990d32e7ad2d475bb120ed.jpg_710x360_3345ee86.jpg〇https://qimgs.qunarzz.com/piao_qsight_provider_piao_qsight_web/0fd0d3c1aff3ca60f1aa14d02e1eea11.jpg_710x360_339cb94a.jpg〇https://qimgs.qunarzz.com/piao_qsight_provider_piao_qsight_web/a3f556ac2065ad66f86230354c246f72.jpg_710x360_bc94d342.jpg〇https://qimgs.qunarzz.com/piao_qsight_provider_piao_qsight_web/cc01edbb4add3c9a6def1cc5b2919785.jpg_710x360_b6242fc2.jpg〇https://qimgs.qunarzz.com/piao_qsight_provider_piao_qsight_web/2cd497e6591c98e1b1553849361fa125.jpg_710x360_134fb2e3.jpg〇https://qimgs.qunarzz.com/piao_qsight_provider_piao_qsight_web/182fe3a9250b83ed0110b145662b71af.jpg_710x360_f35f970c.jpg〇https://qimgs.qunarzz.com/piao_qsight_provider_piao_qsight_web/7266487d8169ba415a502eb16ad3763d.jpg_710x360_12bdba77.jpg〇https://qimgs.qunarzz.com/piao_qsight_provider_piao_qsight_web/d63cf68a093a9dbcbeebc0bcbafb18a2.jpg_710x360_79b7af5e.jpg〇https://qimgs.qunarzz.com/piao_qsight_provider_piao_qsight_web/a2a08ffb78f1b9ece16550f2fe73d3e8.jpg_710x360_d7e654cd.jpg〇https://qimgs.qunarzz.com/piao_qsight_provider_piao_qsight_web/9099a0c0279cd2ad0dd873412d3c9fb7.jpg_710x360_6b426479.jpg〇https://qimgs.qunarzz.com/piao_qsight_provider_piao_qsight_web/c76ddb26219905363c793ddc71d0e6af.jpg_710x360_442db81a.jpg〇https://qimgs.qunarzz.com/piao_qsight_provider_piao_qsight_web/1c63d0ff40c61ad764902b244f7f02a1.jpg_710x360_c344cca5.jpg〇https://qimgs.qunarzz.com/piao_qsight_provider_piao_qsight_web/44896e47e616d0efb3f7967810037f63.jpg_710x360_e150f42c.jpg,"{""ret"": true, ""data"": {""tagList"": [{""tagType"": 1, ""tagScore"": 5, ""tagNum"": 2, ""tagName"": ""\u597d\u8bc4""}, {""tagType"": 0, ""tagScore"": 5, ""tagNum"": 2, ""tagName"": ""\u5168\u90e8""}], ""commentList"": [{""author"": ""\u7ffb*\u971e"", ""content"": ""\u542c\u8bf4\u88ab\u8bc4\u4e3a\u4e2d\u56fd100\u6761\u53e4\u8857\u4e4b\u4e00\uff0c\u8001\u5efa\u7b51\u5c31\u662f\u8ba9\u4eba\u559c\u6b22\u3002\u53ef\u4ee5\u53bb\u6c11\u5c45\u535a\u7269\u9986\uff0c\u91cc\u9762\u6709\u5f88\u591a\u4e1c\u897f\u53ef\u4ee5\u770b"", ""date"": ""2015-08-17"", ""score"": 5, ""commentId"": ""68582071"", ""imgs"": [], ""userNickName"": ""\u7ffb*\u971e"", ""replyCityName"": """", ""cityName"": """"}, {""author"": ""c*5"", ""content"": ""\u8fd1\u6765\u53e4\u57ce\u4fee\u590d\u7684\u5178\u8303\uff0c\u6c11\u5c45\u5ba2\u6808"", ""date"": ""2015-01-06"", ""score"": 5, ""commentId"": ""28895958"", ""imgs"": [], ""userNickName"": ""c*5"", ""replyCityName"": """", ""cityName"": """"}], ""score"": 5.0, ""commentCount"": 2}, ""statusCode"": 200}"
潮州直升机基地,https://qimgs.qunarzz.com/piao_qsight_provider_piao_qsight_web/0100g120009gknexi5657_C_900_504.jpg_280x200_ee8c6085.jpg,潮州市,湘桥区,滨江长廊滨江路1号,1,5.0,N/A,https://piao.qunar.com/ticket/detail_2221587089.html?st=a3clM0QlRTYlQjklOTglRTYlQTElQTUlRTUlOEMlQkElMjZpZCUzRDUxNzk3MiUyNnR5cGUlM0QwJTI2aWR4JTNEMjAlMjZxdCUzRCUyNmFwayUzRDIlMjZzYyUzRFdXVyUyNnVyJTNEJUU0JUI4JUFEJUU1JUIxJUIxJTI2bHIlM0QlRTQlQjglQUQlRTUlQjElQjElMjZmdCUzRCU3QiU3RA%3D%3D#from=mpl_search_suggest,-1.0,N/A,N/A,"1/1-12/31；周一至周日；09:30-12:00,14:30-18:00开园",https://qimgs.qunarzz.com/piao_qsight_provider_piao_qsight_web/0100g120009gknexi5657_C_900_504.jpg_710x360_1ef25260.jpg〇https://qimgs.qunarzz.com/piao_qsight_provider_piao_qsight_web/0106b120009gknhblEA2F_C_900_504_Q90_Mtg_7.png_710x360_7ec3989b.png〇https://qimgs.qunarzz.com/piao_qsight_provider_piao_qsight_web/0106e120009gknkg4A105_C_900_504_Q90_Mtg_7.jpg_710x360_e7303a45.jpg〇https://qimgs.qunarzz.com/piao_qsight_provider_piao_qsight_web/0101s120009gkna9l603D_C_900_504_Q90_Mtg_7.jpg_710x360_9a64d4b2.jpg〇https://qimgs.qunarzz.com/piao_qsight_provider_piao_qsight_web/0106y120009gknfs9BF34_C_900_504_Q90_Mtg_7.jpg_710x360_0e9351d3.jpg〇https://qimgs.qunarzz.com/piao_qsight_provider_piao_qsight_web/0100g120009gknexi5657_C_900_504_Q90_Mtg_7.jpg_710x360_35a18053.jpg,"{""ret"": true, ""data"": {""tagList"": [{""tagType"": 1, ""tagScore"": 5, ""tagNum"": 1, ""tagName"": ""\u597d\u8bc4""}, {""tagType"": 0, ""tagScore"": 5, ""tagNum"": 1, ""tagName"": ""\u5168\u90e8""}], ""commentList"": [{""author"": ""\u53e4*\u72fc"", ""content"": ""\u7528\u6237\u672a\u70b9\u8bc4\uff0c\u7cfb\u7edf\u9ed8\u8ba4\u597d\u8bc4\u3002"", ""date"": ""2023-02-25"", ""score"": 5, ""commentId"": ""224355826"", ""imgs"": [], ""userNickName"": ""\u53e4*\u72fc"", ""replyCityName"": """", ""cityName"": """"}], ""score"": 5.0, ""commentCount"": 1}, ""statusCode"": 200}"
慧如公园,https://imgs.qunarzz.com/sight/p0/201303/11/3a468ce347947a9fc8d65eac.jpg_280x200_05ba9d36.jpg,潮州市,湘桥区,广东省潮州市湘桥区韩江大桥引道南侧,1,4.0,慧如公园位于韩江大桥引道南侧，系旅泰侨领谢慧如先生捐资修建的。该园原称东山公园，1992年易名为“慧如公园”。园内有七山,https://piao.qunar.com/ticket/detail_3441989087.html?st=a3clM0QlRTYlQjklOTglRTYlQTElQTUlRTUlOEMlQkElMjZpZCUzRDEzNDclMjZ0eXBlJTNEMCUyNmlkeCUzRDMwJTI2cXQlM0QlMjZhcGslM0QyJTI2c2MlM0RXV1clMjZ1ciUzRCVFNCVCOCVBRCVFNSVCMSVCMSUyNmxyJTNEJUU0JUI4JUFEJUU1JUIxJUIxJTI2ZnQlM0QlN0IlN0Q%3D#from=mpl_search_suggest,-1.0,N/A,慧如公园位于韩江大桥引道南侧，系旅泰侨领谢慧如先生捐资修建的。该园原称东山公园，1992年易名为“慧如公园”。园内有七山一湖，占地面积1000多亩，现已建成10个游览区。公园有山水园林，游乐景区，动静相间，情景交融，游览区有：岭南园林特色的大门区，典雅古朴的管理区，儿童娱乐区，金秋园林区，崇贤展览区，清幽乌鸣区，风味小吃区，苗圃花苑植物园区，包括谢慧如先生全身塑像、40米长灯式喷水幕、大笑佛、松鹤坡、吉祥白象、大城堡小城堡、仿造大自然蘑菇亭、迷宫穿山洞、大型实物飞机航模展览、摩天轮、高架滑车、碰碰车、旋转飞象、跑马群、溜冰场等80多个景点.公园新建的祥龙阁坐落龙山顶，共四层、高28米，阁内有9幅传说中“龙生九子”的石刻，阁前有一直径3米的“群龙拱珠”石雕喷水球。登上阁顶，韩江和潮州市区尽收眼底。与之相配套的有半悬在山腰的观龙台、飞卧在山坡长达58米的原山石龙，耸立在山脚的仰龙坊，构成了一个完整奇特的新景区。祥龙阁与潮州城区葫芦山顶风栖楼遥相对应，形成东有龙，西有凤的意境。,01/01-12/31；8:00-22:00开园,https://imgs.qunarzz.com/sight/p0/201303/11/3a468ce347947a9fc8d65eac.jpg_710x360_3345a95b.jpg〇https://qimgs.qunarzz.com/piao_qsight_provider_piao_qsight_web/369c8de9bbadb637.jpg_710x360_c6af1e8f.jpg〇https://qimgs.qunarzz.com/piao_qsight_provider_piao_qsight_web/fb16870a225f57f7.jpg_710x360_af98f489.jpg,"{""ret"": true, ""data"": {""tagList"": [{""tagType"": 1, ""tagScore"": 5, ""tagNum"": 1, ""tagName"": ""\u597d\u8bc4""}, {""tagType"": 0, ""tagScore"": 5, ""tagNum"": 1, ""tagName"": ""\u5168\u90e8""}], ""commentList"": [{""author"": ""\u7ffb*\u971e"", ""content"": ""\u6f6e\u5dde\u534e\u4fa8\u8c22\u6167\u5982\u5148\u751f\u6350\u8d60\u7684\uff0c\u5f88\u5927\uff0c\u73a9\u8d77\u6765\u5c31\u8981\u4e00\u5929\u3002"", ""date"": ""2015-08-17"", ""score"": 4, ""commentId"": ""68582737"", ""imgs"": [], ""userNickName"": ""\u7ffb*\u971e"", ""replyCityName"": """", ""cityName"": """"}], ""score"": 4.0, ""commentCount"": 1}, ""statusCode"": 200}"
羽航飞行基地,https://qimgs.qunarzz.com/piao_qsight_provider_piao_qsight_web/01036120009heen9u37A8_C_900_504.jpg_280x200_15adc3f2.jpg,潮州市,湘桥区,潮州市湘桥区意溪镇坪埔村,-1,-1.0,动力伞双人体验飞行游客（体验者）和有资格的飞行执照的专业人员一起双人飞行，和教练一起飞行，乘客在前坐着，教练在后面，由教,https://piao.qunar.com/ticket/detail_4164905097.html?st=a3clM0QlRTYlQjklOTglRTYlQTElQTUlRTUlOEMlQkElMjZpZCUzRDUxMTczMyUyNnR5cGUlM0QwJTI2aWR4JTNEMTUlMjZxdCUzRCUyNmFwayUzRDIlMjZzYyUzRFdXVyUyNnVyJTNEJUU0JUI4JUFEJUU1JUIxJUIxJTI2bHIlM0QlRTQlQjglQUQlRTUlQjElQjElMjZmdCUzRCU3QiU3RA%3D%3D#from=mpl_search_suggest,780.0,N/A,动力伞双人体验飞行游客（体验者）和有资格的飞行执照的专业人员一起双人飞行，和教练一起飞行，乘客在前坐着，教练在后面，由教练负责控制伞，游客只需尽情享受飞行，观赏大地风景，仰望蓝天白云。,1/1-12/31；周一至周日；09:00-17:30开园,https://qimgs.qunarzz.com/piao_qsight_provider_piao_qsight_web/01036120009heen9u37A8_C_900_504.jpg_710x360_678720f9.jpg〇https://qimgs.qunarzz.com/piao_qsight_provider_piao_qsight_web/01036120009heen9u37A8_C_900_504_Q90_Mtg_7.jpg_710x360_624299b7.jpg〇https://imgs.qunarzz.com/sight/p0/2109/6b/6bbb424e31614755a3.img.jpg_710x360_4d3a4e7a.jpg〇https://imgs.qunarzz.com/sight/p0/2109/b0/b0cf60254927ca7ba3.img.jpg_710x360_bfef14ca.jpg〇https://imgs.qunarzz.com/sight/p0/2109/b8/b87f30c93c8aa146a3.img.jpg_710x360_501acf55.jpg〇https://imgs.qunarzz.com/sight/p0/2109/18/18561bf5faf806e1a3.img.jpg_710x360_6756e899.jpg,"{""ret"": true, ""data"": {""tagList"": [{""tagType"": 0, ""tagScore"": 5, ""tagNum"": 0, ""tagName"": ""\u5168\u90e8""}], ""score"": 0.0, ""commentCount"": 0}, ""statusCode"": 200}"
潮州古城墙春节花灯展示,https://mp-piao-admincp.qunarzz.com/mp_piao_admin_mp_piao_admin/admin/20217/30d54820c6727b9958d585769ab3c5c2.png_280x200_7ef61cce.png,潮州市,湘桥区,广东省潮州市湘桥区水平路27号下水门古城楼售票处,-1,-1.0,N/A,https://piao.qunar.com/ticket/detail_369425975.html?st=a3clM0QlRTYlQjklOTglRTYlQTElQTUlRTUlOEMlQkElMjZpZCUzRDUzOTE2NyUyNnR5cGUlM0QwJTI2aWR4JTNENTIlMjZxdCUzRCUyNmFwayUzRDIlMjZzYyUzRFdXVyUyNnVyJTNEJUU0JUI4JUFEJUU1JUIxJUIxJTI2bHIlM0QlRTQlQjglQUQlRTUlQjElQjElMjZmdCUzRCU3QiU3RA%3D%3D#from=mpl_search_suggest,-1.0,N/A,N/A,1/26-3/12；周一至周日；17:30-22:00开园,https://mp-piao-admincp.qunarzz.com/mp_piao_admin_mp_piao_admin/admin/20217/30d54820c6727b9958d585769ab3c5c2.png_710x360_c2302e12.png,"{""ret"": true, ""data"": {""tagList"": [{""tagType"": 0, ""tagScore"": 5, ""tagNum"": 0, ""tagName"": ""\u5168\u90e8""}], ""score"": 0.0, ""commentCount"": 0}, ""statusCode"": 200}"
孝禅寺,https://imgs.qunarzz.com/sight/p0/201403/07/85a9c764d64b96f141a0a365a8749065.jpg_280x200_9aa79b39.jpg,潮州市,湘桥区,广东省潮州市湘桥区孝禅寺,-1,-1.0,抗日战争时，庵已残破，香火断绝,https://piao.qunar.com/ticket/detail_264682706.html?st=a3clM0QlRTYlQjklOTglRTYlQTElQTUlRTUlOEMlQkElMjZpZCUzRDg4NjQlMjZ0eXBlJTNEMCUyNmlkeCUzRDUxJTI2cXQlM0QlMjZhcGslM0QyJTI2c2MlM0RXV1clMjZ1ciUzRCVFNCVCOCVBRCVFNSVCMSVCMSUyNmxyJTNEJUU0JUI4JUFEJUU1JUIxJUIxJTI2ZnQlM0QlN0IlN0Q%3D#from=mpl_search_suggest,-1.0,N/A,孝禅寺，在意溪镇头塘村，清代顺治18年（公元1661）潮州知府吴颖、海阳县知县王运元、郡人梁应龙、谢元汴、翁如麟、蔡元同、高僧澄心建，命名孝禅庵。康熙年间（公元1661－1722）郡人太史杨钟岳建前座。抗日战争时，庵已残破，香火断绝，1982年潮城善信略事修葺，并於前座塑观音像，后座塑华严三圣；1988年澳门郑士彦捐资重建大殿；1990－1992年潮州城中众善信续捐建两厢巷，分别为祖堂、斋堂、僧舍、库房，易名孝禅寺，寺前再建放生池、照墙，已具一定规模。住持释性清。寺中文物有寺后石壁刻有清初知府吴颖（即吴见末）郡候诗，今已模糊，又有寺后山腰已圮普同塔一座。,暂无,https://imgs.qunarzz.com/sight/p0/201403/07/85a9c764d64b96f141a0a365a8749065.jpg_710x360_e448148a.jpg,"{""ret"": true, ""data"": {""tagList"": [{""tagType"": 0, ""tagScore"": 5, ""tagNum"": 0, ""tagName"": ""\u5168\u90e8""}], ""score"": 0.0, ""commentCount"": 0}, ""statusCode"": 200}"
来龙庵,https://imgs.qunarzz.com/sight/p95/201211/07/079d04053cee8bbb93835fbb.jpg_280x200_497af558.jpg,潮州市,湘桥区,广东省潮州市湘桥区环城东路,-1,-1.0,来龙庵位于潮州市区下东平路王厝堀池乾24号，这是闹市中一座具有四百多年历史的尼庵。乃明代中叶，有富室谢氏女，矢志披剃出家,https://piao.qunar.com/ticket/detail_811166733.html?st=a3clM0QlRTYlQjklOTglRTYlQTElQTUlRTUlOEMlQkElMjZpZCUzRDE1ODI3JTI2dHlwZSUzRDAlMjZpZHglM0Q0OSUyNnF0JTNEJTI2YXBrJTNEMiUyNnNjJTNEV1dXJTI2dXIlM0QlRTQlQjglQUQlRTUlQjElQjElMjZsciUzRCVFNCVCOCVBRCVFNSVCMSVCMSUyNmZ0JTNEJTdCJTdE#from=mpl_search_suggest,-1.0,N/A,"来龙庵位于潮州市区下东平路王厝堀池乾24号，这是闹市中一座具有四百多年历史的尼庵。乃明代中叶，有富室谢氏女，矢志披剃出家，法名果弘。其父母为之建此庵以为清修之所。据庵内碑文记载：1932年壬申，比丘尼释宽瞻进行修建。解放后1955年乙未至1991年辛未，住持释惟性尼师先后五次重修,完善各殿堂。1997年丁丑，庵内尼众传心、传然、传贤、传文等同心协力，发动诸善信布施净资，进行大规模重建，历时二年，将原来平房式建筑改建为二层楼房殿宇，建筑面积从原来650平方米，扩大至1408平方米，全庵规模臻于完备，有庵门、阳埕、弥勒殿、大雄宝殿、藏经楼、寿光宝殿、客堂、祖堂、*德堂、斋堂；僧舍及两厢巷，成为市区中较大之尼庵.庵之建设，古雅庄严，环境清幽肃穆，庵中各处均有高僧大德、当代书画名家题书匾额楹联。御封泰国华宗大尊长仁得上师、潮阳灵山护国禅寺心印大和尚、书法家连登、董百振、秦大我、曾景充、刘崇山……之墨宝丹青，挂满客堂两壁，倍添浓郁之佛教文化氛围，走进来龙庵，莫不感到乃是清修之胜地也。开元寺原住持释慧原老和尚所撰两对楹联，将此庵之胜妙概括无遗。",01/01-12/31；9:30-17:00开园,https://imgs.qunarzz.com/sight/p95/201211/07/079d04053cee8bbb93835fbb.jpg_710x360_7e498b4a.jpg,"{""ret"": true, ""data"": {""tagList"": [{""tagType"": 0, ""tagScore"": 5, ""tagNum"": 0, ""tagName"": ""\u5168\u90e8""}], ""score"": 0.0, ""commentCount"": 0}, ""statusCode"": 200}"
韩江夜游瑶台码头,https://qimgs.qunarzz.com/piao_qsight_provider_piao_qsight_web/100t0v000000jvu1e2AB4_C_900_504.jpg_280x200_0a58ac04.jpg,潮州市,湘桥区,潮州市湘桥区环城北路7号附近（瑶台码头）,-1,-1.0,"童话般的风景中，尽享悠然时光。
天色渐暗，沿岸的灯光纷纷亮起，韩江又展现出另一种风情，游行于游船之上心旷神怡，融入童话般",https://piao.qunar.com/ticket/detail_4032633856.html?st=a3clM0QlRTYlQjklOTglRTYlQTElQTUlRTUlOEMlQkElMjZpZCUzRDUwNDU2MSUyNnR5cGUlM0QwJTI2aWR4JTNENDglMjZxdCUzRCUyNmFwayUzRDIlMjZzYyUzRFdXVyUyNnVyJTNEJUU0JUI4JUFEJUU1JUIxJUIxJTI2bHIlM0QlRTQlQjglQUQlRTUlQjElQjElMjZmdCUzRCU3QiU3RA%3D%3D#from=mpl_search_suggest,-1.0,N/A,童话般的风景中，尽享悠然时光。天色渐暗，沿岸的灯光纷纷亮起，韩江又展现出另一种风情，游行于游船之上心旷神怡，融入童话般的风景中，尽享悠然时光。,1/1-12/31；周一至周日；19:20-21:50开园,https://qimgs.qunarzz.com/piao_qsight_provider_piao_qsight_web/100t0v000000jvu1e2AB4_C_900_504.jpg_710x360_ad01fb79.jpg〇https://qimgs.qunarzz.com/piao_qsight_provider_piao_qsight_web/100n0v000000juugyAF4A_C_900_504_Q90_Mtg_7.jpg_710x360_6d717d6e.jpg〇https://qimgs.qunarzz.com/piao_qsight_provider_piao_qsight_web/10010v000000k8plq8EDE_C_900_504_Q90_Mtg_7.jpg_710x360_7b36ca88.jpg〇https://qimgs.qunarzz.com/piao_qsight_provider_piao_qsight_web/100t0v000000jvu1o896A_C_900_504_Q90_Mtg_7.jpg_710x360_54223a9a.jpg〇https://qimgs.qunarzz.com/piao_qsight_provider_piao_qsight_web/100h0v000000jxcw500DD_C_900_504_Q90_Mtg_7.jpg_710x360_27fc147a.jpg〇https://qimgs.qunarzz.com/piao_qsight_provider_piao_qsight_web/1001190000016g4503AC4_C_900_504_Q90_Mtg_7.jpg_710x360_73036495.jpg〇https://qimgs.qunarzz.com/piao_qsight_provider_piao_qsight_web/100e0v000000jyjb44BFF_C_900_504_Q90_Mtg_7.jpg_710x360_bd471159.jpg〇https://qimgs.qunarzz.com/piao_qsight_provider_piao_qsight_web/100w0v000000k1tjd923D_C_900_504_Q90_Mtg_7.jpg_710x360_62cb328e.jpg〇https://qimgs.qunarzz.com/piao_qsight_provider_piao_qsight_web/100f0v000000jvt1gA2E3_C_900_504_Q90_Mtg_7.jpg_710x360_3fe30424.jpg〇https://qimgs.qunarzz.com/piao_qsight_provider_piao_qsight_web/100k0v000000jzyt85DB2_C_900_504_Q90_Mtg_7.jpg_710x360_f6d1165f.jpg〇https://qimgs.qunarzz.com/piao_qsight_provider_piao_qsight_web/100t0v000000jvu1e2AB4_C_900_504_Q90_Mtg_7.jpg_710x360_d3fc58fd.jpg,"{""ret"": true, ""data"": {""tagList"": [{""tagType"": 0, ""tagScore"": 5, ""tagNum"": 0, ""tagName"": ""\u5168\u90e8""}], ""score"": 0.0, ""commentCount"": 0}, ""statusCode"": 200}"
鳄渡清风亭和祭鳄台,https://imgs.qunarzz.com/sight/p0/1707/3d/3d1a9a6deab9f791a3.water.jpg_280x200_e79cbff7.jpg,潮州市,湘桥区,广东省潮州市湘桥区枫春路,-1,-1.0,潮洲西湖八景之一,https://piao.qunar.com/ticket/detail_3264546731.html?st=a3clM0QlRTYlQjklOTglRTYlQTElQTUlRTUlOEMlQkElMjZpZCUzRDQ2NTA1NCUyNnR5cGUlM0QwJTI2aWR4JTNENDclMjZxdCUzRCUyNmFwayUzRDIlMjZzYyUzRFdXVyUyNnVyJTNEJUU0JUI4JUFEJUU1JUIxJUIxJTI2bHIlM0QlRTQlQjglQUQlRTUlQjElQjElMjZmdCUzRCU3QiU3RA%3D%3D#from=mpl_search_suggest,-1.0,N/A,渡清风亭和祭鳄台位于潮州城外韩江北堤中段，为潮洲西湖八景之一。古时候潮州鳄鱼为患，故韩江原称之为鳄溪（恶溪）。相传唐宪宗元和十四年（819年）刑部侍郎韩愈刺潮，因闻鳄鱼为患，危害人民的性命财产，遂于时年4月24日在上述渡口设置祭坛，“以猪一羊一投恶溪之潭水而祝之”，潮人因此称该渡口为鳄渡。居民建亭立碑，以示纪念。鳄渡江面宽阔，帆影落雁，“鳄渡秋风”归为潮州八景之一，唯年深日久，渡口碑亭已荡然无存。1987年，人们为了纪念唐代文学家韩愈驱鳄治潮的*绩，在原址修建鳄渡秋风亭和祭鳄台。,暂无,https://imgs.qunarzz.com/sight/p0/1707/3d/3d1a9a6deab9f791a3.water.jpg_710x360_2a8fc99a.jpg〇https://imgs.qunarzz.com/sight/p0/1707/eb/ebf23e0825570947a3.water.jpg_710x360_043b5ad0.jpg〇https://imgs.qunarzz.com/sight/p0/1707/7e/7e7106e97fd172daa3.water.jpg_710x360_0629f48e.jpg,"{""ret"": true, ""data"": {""tagList"": [{""tagType"": 0, ""tagScore"": 5, ""tagNum"": 0, ""tagName"": ""\u5168\u90e8""}], ""score"": 0.0, ""commentCount"": 0}, ""statusCode"": 200}"
昌黎旧治坊,https://imgs.qunarzz.com/sight/p5/201211/05/816762814f762ca893835fbb.jpg_280x200_652883db.jpg,潮州市,湘桥区,广东省潮州市湘桥区文星路儒学宫前,-1,-1.0,怀念唐代韩愈,https://piao.qunar.com/ticket/detail_2013215692.html?st=a3clM0QlRTYlQjklOTglRTYlQTElQTUlRTUlOEMlQkElMjZpZCUzRDQ5OTklMjZ0eXBlJTNEMCUyNmlkeCUzRDQ2JTI2cXQlM0QlMjZhcGslM0QyJTI2c2MlM0RXV1clMjZ1ciUzRCVFNCVCOCVBRCVFNSVCMSVCMSUyNmxyJTNEJUU0JUI4JUFEJUU1JUIxJUIxJTI2ZnQlM0QlN0IlN0Q%3D#from=mpl_search_suggest,-1.0,N/A,明嘉靖十七年（1538）建，原立于 昌黎路东端。两面匾额分别书“昌 黎旧治”及“岭海名邦”。1988年重建于昌黎路西端学宫前，高10米，宽10.9米，四柱三门三层结构。昌黎路原为府治所在，唐代韩愈曾为 潮州刺史，因其号昌黎，故以“昌黎旧治”名坊，以示怀念。,暂无,https://imgs.qunarzz.com/sight/p5/201211/05/816762814f762ca893835fbb.jpg_710x360_2fc80fbb.jpg,"{""ret"": true, ""data"": {""tagList"": [{""tagType"": 0, ""tagScore"": 5, ""tagNum"": 0, ""tagName"": ""\u5168\u90e8""}], ""score"": 0.0, ""commentCount"": 0}, ""statusCode"": 200}"
滨江长廊,https://imgs.qunarzz.com/sight/p70/201211/02/b65bca4d1ce5a78f93835fbb.jpg_280x200_ba0e279f.jpg,潮州市,湘桥区,广东省潮州市湘桥区韩江大桥滨江长廊,2,4.5,堪比仙境，令人心旷神怡，叹赏不绝,https://piao.qunar.com/ticket/detail_1844749398.html?st=a3clM0QlRTYlQjklOTglRTYlQTElQTUlRTUlOEMlQkElMjZpZCUzRDU4MjUlMjZ0eXBlJTNEMCUyNmlkeCUzRDE0JTI2cXQlM0QlMjZhcGslM0QyJTI2c2MlM0RXV1clMjZ1ciUzRCVFNCVCOCVBRCVFNSVCMSVCMSUyNmxyJTNEJUU0JUI4JUFEJUU1JUIxJUIxJTI2ZnQlM0QlN0IlN0Q%3D#from=mpl_search_suggest,218.0,N/A,驻足滨江，在宛如长城的灰色与绿色之间，人所想到的，却绝非铁骑如风，马嘶金鸣的古国悲歌；也不完全是柳绿如烟，笙歌缭绕的江南情调。或许，那只是关于一个小古城的宁静遐思，至多再调进一点人生韵致的体味与怀想。若晴空当阳，天青水碧，和风徐来之时，自韩江大桥头信步向北走入滨江，穿行于根叶婆娑的古榕树下，则可以欣赏到一组风与影的和谐奏鸣。榕树荫中，时有奇石妙花，回廊短几。三两翁妪，或持书，或把扇，悠然笑谈……城墙已经褪去了所有时光的旧痕，所幸它依然是素朴的。绵延八里的城堤上，依旧点缀着四座城楼：下水门城楼、广济门城楼、竹木门城楼、上水门城楼。崭新的仿古建筑，似乎仍在顽强地牵挽着一丝老潮州的记忆--正如城墙边偶尔飘出的一曲弦诗，或者一缕冽然的*夫茶香……滨江的夜景也是分外娇娆的。晶莹剔透的路景灯，光彩夺目的节日装饰灯，吸引了成千上百的市民前往观灯赏景。从上水门到下水门，城楼上的楼台装饰彩灯金碧辉煌，与湘子桥、韩江大桥以及凤凰洲公园的夜景相互映照，气象万千。彼时韩江之中如腾龙舞凤，堪比仙境，令人心旷神怡，叹赏不绝。谚云：“到潮不到桥，枉费走一场”。有了滨江，这长廊，应该更值一观吧……,全天开放,https://imgs.qunarzz.com/sight/p70/201211/02/b65bca4d1ce5a78f93835fbb.jpg_710x360_736a3fc6.jpg〇https://imgs.qunarzz.com/sight/p0/1604/fb/fbcd0947da4c159f90.water.jpg_710x360_ee59e80f.jpg〇https://imgs.qunarzz.com/sight/p0/1604/29/295da6e1c04d38ca90.water.jpg_710x360_14605c9c.jpg〇https://imgs.qunarzz.com/sight/p0/1604/ae/ae2d03877407048990.water.jpg_710x360_8233785f.jpg〇https://imgs.qunarzz.com/sight/p0/1604/c4/c48b16e238fadd7090.water.jpg_710x360_0260f093.jpg〇https://imgs.qunarzz.com/sight/p0/1604/e8/e829f6f41a741e4b90.water.jpg_710x360_40c39952.jpg〇https://qimgs.qunarzz.com/piao_qsight_provider_piao_qsight_web/be284bcc091a62b5.jpg_710x360_ea287e61.jpg〇https://qimgs.qunarzz.com/piao_qsight_provider_piao_qsight_web/9ae5ac004ac46288073c9015f5a11c3f.jpg_710x360_87d2c2b5.jpg〇https://qimgs.qunarzz.com/piao_qsight_provider_piao_qsight_web/c268c1d2c34c6ab260bf8955bbf97b2e.jpg_710x360_9d80ab4b.jpg〇https://qimgs.qunarzz.com/piao_qsight_provider_piao_qsight_web/20f3b485719d63204f2369915c612c90.jpg_710x360_6f35cafa.jpg〇https://qimgs.qunarzz.com/piao_qsight_provider_piao_qsight_web/9dd74498720b06d7174965cf1bdf8a2a.jpg_710x360_5d00e2c9.jpg〇https://qimgs.qunarzz.com/piao_qsight_provider_piao_qsight_web/85af9697baafd56188bd282f1515d226.jpg_710x360_a88ab44b.jpg〇https://qimgs.qunarzz.com/piao_qsight_provider_piao_qsight_web/33423c65c6b026ba2cbba79c7b5ef11c.jpg_710x360_1d68c6d5.jpg,"{""ret"": true, ""data"": {""tagList"": [{""tagType"": 1, ""tagScore"": 5, ""tagNum"": 2, ""tagName"": ""\u597d\u8bc4""}, {""tagType"": 0, ""tagScore"": 5, ""tagNum"": 2, ""tagName"": ""\u5168\u90e8""}], ""commentList"": [{""author"": ""q*1"", ""content"": ""\u7528\u6237\u672a\u70b9\u8bc4\uff0c\u7cfb\u7edf\u9ed8\u8ba4\u597d\u8bc4\u3002"", ""date"": ""2019-06-30"", ""score"": 5, ""commentId"": ""211008693"", ""imgs"": [], ""userNickName"": ""q*1"", ""replyCityName"": """", ""cityName"": """"}, {""author"": ""c*5"", ""content"": ""\u6cbf\u9014\u6b23\u8d4f\u7f8e\u666f\uff0c\u5750\u8349\u5730\u559d\u5564\u9152\uff0c\u4eab\u53d7"", ""date"": ""2015-01-06"", ""score"": 4, ""commentId"": ""28898030"", ""imgs"": [], ""userNickName"": ""c*5"", ""replyCityName"": """", ""cityName"": """"}], ""score"": 4.5, ""commentCount"": 2}, ""statusCode"": 200}"
潮州古城,https://qimgs.qunarzz.com/piao_qsight_provider_piao_qsight_web/0106g1200086whnyf0883_C_900_504.jpg_280x200_32d4a1b3.jpg,潮州市,湘桥区,潮州市湘桥区水平路85号东南90米,309,4.1,观历史遗迹，品潮州美食,https://piao.qunar.com/ticket/detail_4108905429.html?st=a3clM0QlRTYlQjklOTglRTYlQTElQTUlRTUlOEMlQkElMjZpZCUzRDE5NjA0OCUyNnR5cGUlM0QwJTI2aWR4JTNEMTMlMjZxdCUzRCUyNmFwayUzRDIlMjZzYyUzRFdXVyUyNnVyJTNEJUU0JUI4JUFEJUU1JUIxJUIxJTI2bHIlM0QlRTQlQjglQUQlRTUlQjElQjElMjZmdCUzRCU3QiU3RA%3D%3D#from=mpl_search_suggest,98.0,N/A,"潮州古城位于广东省潮州市内”荣誉称号的两座城市之一,曾经是“十相留声”之地,素有“海滨邹鲁”、“岭海名邦”之美誉！潮州有驰名中外的“潮州八景”,有“三山一水绕城廓”的自然景观,更有以潮州方言、潮剧、潮州音乐、潮州工艺、潮州菜和潮州工夫茶等为代表的自成体系、独具一格的旅游文化。潮州拥有文物古迹700多处,5处国家重点文物保护单位,有中国四大古桥之一的广济桥——韩文公祠；有国内罕见的宋代民居建筑许驸马府；有集潮州木雕之大成、堪称一绝的“已略黄公祠”；有始建于唐朝的开元寺；有笔架山宋窑遗址；也有周总理办公过的涵碧楼。北阁景区与北阁佛灯北阁是金山东面的一组楼阁的总称。这里地理位置独特，古城墙在此揽绕金山，亭台楼阁高低错落，曲径幽深，东临急转直下的韩江流水，高览低俯均是别致的景色，堪称岭南一绝。凳临北阁，北堤上“鳄渡秋风”，隔江相望的“韩词橡木”，韩江下游的“湘桥春涨”，“凤凰时雨”诸多胜景历历在目，俯览韩江，江流滔滔，白帆点点。位于城区东面的韩江东岸、笔架山中峰“双旌石”下。笔架山或称东山，又因韩愈而称韩山。韩祠主体建筑分前后二进，古朴典雅，肃穆端庄。祠内梁间遍挂名家题写匾额，沿壁则环列历代碑刻40面，其中不乏书法珍品和研究专访文史的珍贵资料。广济桥以其“十八梭船二十四洲”的独特风格与赵州桥、洛阳桥、卢沟桥并称“中国四大古桥””。",1/1-12/31；周一至周日；全天开放,https://qimgs.qunarzz.com/piao_qsight_provider_piao_qsight_web/0106g1200086whnyf0883_C_900_504.jpg_710x360_293c2bc8.jpg〇https://qimgs.qunarzz.com/piao_qsight_provider_piao_qsight_web/35081600000103ssuE58A_C_900_504_Q90_Mtg_7.jpg_710x360_be65e92f.jpg〇https://qimgs.qunarzz.com/piao_qsight_provider_piao_qsight_web/350e1600000106csc9134_C_900_504_Q90_Mtg_7.jpg_710x360_91622c9f.jpg〇https://qimgs.qunarzz.com/piao_qsight_provider_piao_qsight_web/35041600000102l5fE7AC_C_900_504_Q90_Mtg_7.jpg_710x360_fa041b82.jpg〇https://qimgs.qunarzz.com/piao_qsight_provider_piao_qsight_web/350916000001060co5C6A_C_900_504_Q90_Mtg_7.jpg_710x360_32cfe589.jpg〇https://qimgs.qunarzz.com/piao_qsight_provider_piao_qsight_web/350f1600000103mjpC1E7_C_900_504_Q90_Mtg_7.jpg_710x360_d8fbbc33.jpg〇https://qimgs.qunarzz.com/piao_qsight_provider_piao_qsight_web/350v160000010enjdE844_C_900_504_Q90_Mtg_7.jpg_710x360_a9f3f181.jpg〇https://qimgs.qunarzz.com/piao_qsight_provider_piao_qsight_web/350f1600000103mhx8424_C_900_504_Q90_Mtg_7.jpg_710x360_26fd8cc7.jpg〇https://qimgs.qunarzz.com/piao_qsight_provider_piao_qsight_web/350m160000010czmf3B1C_C_900_504_Q90_Mtg_7.jpg_710x360_d49e2af2.jpg〇https://qimgs.qunarzz.com/piao_qsight_provider_piao_qsight_web/350i1600000102f97A44E_C_900_504_Q90_Mtg_7.jpg_710x360_96d1f289.jpg〇https://qimgs.qunarzz.com/piao_qsight_provider_piao_qsight_web/0106g1200086whnyf0883_C_900_504_Q90_Mtg_7.jpg_710x360_ec1c242b.jpg〇https://imgs.qunarzz.com/sight/p0/2201/d8/d8ad52395a3acf81a3.img.jpg_710x360_11581605.jpg〇https://imgs.qunarzz.com/sight/p0/2201/57/572aa42427136a18a3.img.jpg_710x360_8e23ec4b.jpg〇https://imgs.qunarzz.com/sight/p0/2201/d2/d2ac73222ddfc63ba3.img.jpg_710x360_74399467.jpg〇https://imgs.qunarzz.com/sight/p0/2201/c6/c60ee97cceef229da3.img.jpg_710x360_57c01a48.jpg〇https://imgs.qunarzz.com/sight/p0/2201/db/db375f9e8ddc0dbba3.img.jpg_710x360_441aff5c.jpg〇https://imgs.qunarzz.com/sight/p0/2201/37/370f9312bc0440a1a3.img.jpg_710x360_1364c914.jpg〇https://imgs.qunarzz.com/sight/p0/2201/c7/c77ebeda0d56beb2a3.img.jpg_710x360_078fa5cf.jpg〇https://imgs.qunarzz.com/sight/p0/2201/f8/f8e0b9807af27668a3.img.jpg_710x360_324fc470.jpg〇https://imgs.qunarzz.com/sight/p0/2201/fd/fdd6a7dd66ee833ea3.img.jpg_710x360_4be66b1b.jpg〇https://qimgs.qunarzz.com/piao_qsight_provider_piao_qsight_web/be051c3f2d876eca6b1f2b3c4bdf85d5.jpg_710x360_115739a4.jpg〇https://qimgs.qunarzz.com/piao_qsight_provider_piao_qsight_web/1d80730e663727dfd4ae252f3592dd21.jpg_710x360_34a1b54e.jpg〇https://qimgs.qunarzz.com/piao_qsight_provider_piao_qsight_web/ef5b83a10ee782df6f358ec4cee08d79.jpg_710x360_7bbf833a.jpg〇https://qimgs.qunarzz.com/piao_qsight_provider_piao_qsight_web/74564dda5ce9061035eee7697a4f67ba.jpg_710x360_4353b547.jpg〇https://qimgs.qunarzz.com/piao_qsight_provider_piao_qsight_web/c244190af5be51f95a4268560628d593.jpg_710x360_77b8e4fc.jpg〇https://qimgs.qunarzz.com/piao_qsight_provider_piao_qsight_web/a90f5cdbcbb92d87b80e9dbfc978e80d.jpg_710x360_dfb65bea.jpg〇https://qimgs.qunarzz.com/piao_qsight_provider_piao_qsight_web/5b2e3e59a5fb8d1484ac5a6fe37bfa6e.jpg_710x360_b4da0688.jpg〇https://qimgs.qunarzz.com/piao_qsight_provider_piao_qsight_web/4182392eb565242ea7d0b4a50c9c7ba2.jpg_710x360_3fde0398.jpg〇https://qimgs.qunarzz.com/piao_qsight_provider_piao_qsight_web/150121c88ae40425c3e78d0b7d217bea.jpg_710x360_3ad0e6b8.jpg〇https://qimgs.qunarzz.com/piao_qsight_provider_piao_qsight_web/876b4dc86ab3d47c90bbadb5b15197e1.jpg_710x360_1accce68.jpg〇https://qimgs.qunarzz.com/piao_qsight_provider_piao_qsight_web/8d003ce9654c178180e1d89519225a34.jpg_710x360_09f80ac8.jpg〇https://qimgs.qunarzz.com/piao_qsight_provider_piao_qsight_web/ba6393b074f9c39c06cd3caf7e6ebed6.jpg_710x360_838e3a99.jpg〇https://qimgs.qunarzz.com/piao_qsight_provider_piao_qsight_web/c25ce600dba77f390a5d840dbcf5a07c.jpg_710x360_b5b7081a.jpg〇https://qimgs.qunarzz.com/piao_qsight_provider_piao_qsight_web/9621220118316024cfbf1cc28f16d8fa.jpg_710x360_39814d8c.jpg〇https://qimgs.qunarzz.com/piao_qsight_provider_piao_qsight_web/b61ea253700a3974e0dbeb4c2f6b8955.jpg_710x360_8cdc43e9.jpg〇https://qimgs.qunarzz.com/piao_qsight_provider_piao_qsight_web/e2bc286cffb6ecb882af0944eb0f01c7.jpg_710x360_86180199.jpg〇https://qimgs.qunarzz.com/piao_qsight_provider_piao_qsight_web/a5b322738048308efcc3cd953f9088bf.jpg_710x360_c6538afc.jpg〇https://qimgs.qunarzz.com/piao_qsight_provider_piao_qsight_web/963414fe1b78f030eed67c949d0bfe77.jpg_710x360_aca32b57.jpg〇https://qimgs.qunarzz.com/piao_qsight_provider_piao_qsight_web/e09459badeff0202.jpg_710x360_d6e9b15c.jpg〇https://qimgs.qunarzz.com/piao_qsight_provider_piao_qsight_web/a3a906ea62a83d02.jpg_710x360_034288c0.jpg,"{""ret"": true, ""data"": {""tagList"": [{""tagType"": 32, ""tagScore"": 5, ""tagNum"": 16, ""tagName"": ""\u670d\u52a1\u597d""}, {""tagType"": 16, ""tagScore"": 5, ""tagNum"": 11, ""tagName"": ""\u9760\u8c31""}, {""tagType"": 8, ""tagScore"": 5, ""tagNum"": 5, ""tagName"": ""\u4fbf\u5b9c""}, {""tagType"": 4, ""tagScore"": 5, ""tagNum"": 6, ""tagName"": ""\u53d6\u7968\u65b9\u4fbf""}, {""tagType"": 3, ""tagScore"": 5, ""tagNum"": 4, ""tagName"": ""\u5dee\u8bc4""}, {""tagType"": 2, ""tagScore"": 5, ""tagNum"": 28, ""tagName"": ""\u4e2d\u8bc4""}, {""tagType"": 1, ""tagScore"": 5, ""tagNum"": 250, ""tagName"": ""\u597d\u8bc4""}, {""tagType"": 0, ""tagScore"": 5, ""tagNum"": 309, ""tagName"": ""\u5168\u90e8""}], ""commentList"": [{""author"": ""\u53bb*\u6237"", ""content"": ""\u4e00\u65e5\u56e2\u8f7b\u677e\u4e0d\u5c11\uff0c\u53bb\u7684\u666f\u70b9\u6253\u5361\u90fd\u5f88\u6f02\u4eae\uff01"", ""date"": ""2024-09-03"", ""score"": 5, ""commentId"": ""236220653"", ""imgs"": [{""small"": ""https://qimgs.qunarzz.com/mp_piao_0001/temp6763868871265642813file_1725366129000.jpg_120x120_057778cb.jpg"", ""title"": """", ""big"": ""https://qimgs.qunarzz.com/mp_piao_0001/temp6763868871265642813file_1725366129000.jpg""}, {""small"": ""https://qimgs.qunarzz.com/mp_piao_0001/temp8506502076738378895file_1725366129000.jpg_120x120_9c9b2efb.jpg"", ""title"": """", ""big"": ""https://qimgs.qunarzz.com/mp_piao_0001/temp8506502076738378895file_1725366129000.jpg""}, {""small"": ""https://qimgs.qunarzz.com/mp_piao_0001/temp3565561971198250347file_1725366129000.jpg_120x120_095dab79.jpg"", ""title"": """", ""big"": ""https://qimgs.qunarzz.com/mp_piao_0001/temp3565561971198250347file_1725366129000.jpg""}], ""userNickName"": ""\u53bb*\u6237"", ""replyCityName"": ""\u798f\u5efa"", ""cityName"": ""\u5e7f\u4e1c""}, {""author"": ""\u53bb*\u6237"", ""content"": ""\u7528\u6237\u672a\u70b9\u8bc4\uff0c\u7cfb\u7edf\u9ed8\u8ba4\u597d\u8bc4\u3002"", ""date"": ""2024-11-19"", ""score"": 5, ""commentId"": ""238829190"", ""imgs"": [], ""userNickName"": ""\u53bb*\u6237"", ""replyCityName"": """", ""cityName"": """"}, {""author"": ""\u53bb*\u6237"", ""content"": ""\u7528\u6237\u672a\u70b9\u8bc4\uff0c\u7cfb\u7edf\u9ed8\u8ba4\u597d\u8bc4\u3002"", ""date"": ""2024-11-11"", ""score"": 5, ""commentId"": ""238721459"", ""imgs"": [], ""userNickName"": ""\u53bb*\u6237"", ""replyCityName"": """", ""cityName"": """"}, {""author"": ""b*e"", ""content"": ""\u7528\u6237\u672a\u70b9\u8bc4\uff0c\u7cfb\u7edf\u9ed8\u8ba4\u597d\u8bc4\u3002"", ""date"": ""2024-11-08"", ""score"": 5, ""commentId"": ""238695836"", ""imgs"": [], ""userNickName"": ""b*e"", ""replyCityName"": """", ""cityName"": """"}, {""author"": ""d*7"", ""content"": ""\u7528\u6237\u672a\u70b9\u8bc4\uff0c\u7cfb\u7edf\u9ed8\u8ba4\u597d\u8bc4\u3002"", ""date"": ""2024-11-02"", ""score"": 5, ""commentId"": ""238030291"", ""imgs"": [], ""userNickName"": ""d*7"", ""replyCityName"": """", ""cityName"": """"}, {""author"": ""\u53bb*\u6237"", ""content"": ""\u7528\u6237\u672a\u70b9\u8bc4\uff0c\u7cfb\u7edf\u9ed8\u8ba4\u597d\u8bc4\u3002"", ""date"": ""2024-09-23"", ""score"": 5, ""commentId"": ""237132965"", ""imgs"": [], ""userNickName"": ""\u53bb*\u6237"", ""replyCityName"": """", ""cityName"": """"}, {""author"": ""\u99a8*7"", ""content"": ""\u5218\u5149\u52c7\u5e08\u5085\u6001\u5ea6\u597d\uff0c\u6280\u672f\u9ad8\u8d85\uff0c\u89e3\u8bf4\u4e5f\u5341\u5206\u5230\u4f4d\uff0c\u63a8\u8350\u3002"", ""date"": ""2024-02-15"", ""score"": 5, ""commentId"": ""231439829"", ""imgs"": [{""small"": ""https://qimgs.qunarzz.com/mp_piao_0001/temp7544718715404767045file_1707991887000.jpg_120x120_f0800174.jpg"", ""title"": """", ""big"": ""https://qimgs.qunarzz.com/mp_piao_0001/temp7544718715404767045file_1707991887000.jpg""}, {""small"": ""https://qimgs.qunarzz.com/mp_piao_0001/temp5005986139208629156file_1707991887000.jpg_120x120_30480a99.jpg"", ""title"": """", ""big"": ""https://qimgs.qunarzz.com/mp_piao_0001/temp5005986139208629156file_1707991887000.jpg""}, {""small"": ""https://qimgs.qunarzz.com/mp_piao_0001/temp5206967902354813563file_1707991887000.jpg_120x120_9861fcab.jpg"", ""title"": """", ""big"": ""https://qimgs.qunarzz.com/mp_piao_0001/temp5206967902354813563file_1707991887000.jpg""}], ""userNickName"": ""\u99a8*7"", ""replyCityName"": ""\u798f\u5efa"", ""cityName"": ""\u5e7f\u4e1c""}, {""author"": ""\u53bb*\u6237"", ""content"": ""\u7528\u6237\u672a\u70b9\u8bc4\uff0c\u7cfb\u7edf\u9ed8\u8ba4\u597d\u8bc4\u3002"", ""date"": ""2024-09-10"", ""score"": 5, ""commentId"": ""236538937"", ""imgs"": [], ""userNickName"": ""\u53bb*\u6237"", ""replyCityName"": """", ""cityName"": """"}, {""author"": ""\u6768*\u654f"", ""content"": ""\u7528\u6237\u672a\u70b9\u8bc4\uff0c\u7cfb\u7edf\u9ed8\u8ba4\u597d\u8bc4\u3002"", ""date"": ""2024-09-10"", ""score"": 5, ""commentId"": ""236523796"", ""imgs"": [], ""userNickName"": ""\u6768*\u654f"", ""replyCityName"": """", ""cityName"": """"}, {""author"": ""\u6768*\u654f"", ""content"": ""\u7528\u6237\u672a\u70b9\u8bc4\uff0c\u7cfb\u7edf\u9ed8\u8ba4\u597d\u8bc4\u3002"", ""date"": ""2024-09-10"", ""score"": 5, ""commentId"": ""236523677"", ""imgs"": [], ""userNickName"": ""\u6768*\u654f"", ""replyCityName"": """", ""cityName"": """"}], ""score"": 4.1, ""commentCount"": 309}, ""statusCode"": 200}"
梦林农庄,https://mp-piao-admincp.qunarzz.com/mp_piao_admin_mp_piao_admin/admin/20217/30d54820c6727b9958d585769ab3c5c2.png_280x200_7ef61cce.png,潮州市,湘桥区,潮州市湘桥区S231,-1,-1.0,自然风光,https://piao.qunar.com/ticket/detail_2956986180.html?st=a3clM0QlRTYlQjklOTglRTYlQTElQTUlRTUlOEMlQkElMjZpZCUzRDUzODY2MCUyNnR5cGUlM0QwJTI2aWR4JTNENTMlMjZxdCUzRCUyNmFwayUzRDIlMjZzYyUzRFdXVyUyNnVyJTNEJUU0JUI4JUFEJUU1JUIxJUIxJTI2bHIlM0QlRTQlQjglQUQlRTUlQjElQjElMjZmdCUzRCU3QiU3RA%3D%3D#from=mpl_search_suggest,-1.0,N/A,N/A,1/1-12/31；周一至周日；08:30-18:00开园,https://mp-piao-admincp.qunarzz.com/mp_piao_admin_mp_piao_admin/admin/20217/30d54820c6727b9958d585769ab3c5c2.png_710x360_c2302e12.png,"{""ret"": true, ""data"": {""tagList"": [{""tagType"": 0, ""tagScore"": 5, ""tagNum"": 0, ""tagName"": ""\u5168\u90e8""}], ""score"": 0.0, ""commentCount"": 0}, ""statusCode"": 200}"
凤凰洲公园,https://qimgs.qunarzz.com/piao_qsight_provider_piao_qsight_web/0100m120009d3jilw7124_C_900_504.jpg_280x200_aaf0cd11.jpg,潮州市,湘桥区,广东省潮州市湘桥区城西街道上洲村凤洲东路,2,4.0,有古式台榭建筑的公园,https://piao.qunar.com/ticket/detail_3019343481.html?st=a3clM0QlRTYlQjklOTglRTYlQTElQTUlRTUlOEMlQkElMjZpZCUzRDU0NDUlMjZ0eXBlJTNEMCUyNmlkeCUzRDEyJTI2cXQlM0QlMjZhcGslM0QyJTI2c2MlM0RXV1clMjZ1ciUzRCVFNCVCOCVBRCVFNSVCMSVCMSUyNmxyJTNEJUU0JUI4JUFEJUU1JUIxJUIxJTI2ZnQlM0QlN0IlN0Q%3D#from=mpl_search_suggest,8.0,N/A,凤凰洲公园兴建于公元一九九九年。公园景观是潮州八大胜景之一“凤凰时雨”所在地。相传古时凤凰山上的凤凰，慕潮州府城“三山一水”景色，常到这江心绿色的沙洲栖息、游玩。凤凰景区，自明侯必登始建凤凰台之后，明、清两代官吏和地方绅士，先后在此倡建了“十相词”、“凤台书院”、“文昌词”、“龙神庙”、“天后宫”、“镇洪寺”、“鲁公祠”、“周公祠”及“奎阁”等十多处景物。这些景物多因年代变迁而失去踪影，惟“凤凰台”、“奎阁”、“天后宫”等因其景观绝妙及属人文昌盛之标识，屡毁屡建。而今新修复开辟的凤凰洲公园，更是风景迷人，是游人闲情览景之胜地。,1/1-12/31；周一至周日；8:30-18:00开园,https://qimgs.qunarzz.com/piao_qsight_provider_piao_qsight_web/0100m120009d3jilw7124_C_900_504.jpg_710x360_136bce7e.jpg〇https://qimgs.qunarzz.com/piao_qsight_provider_piao_qsight_web/0100m120009d3jilw7124_C_900_504_Q90_Mtg_7.jpg_710x360_89baed46.jpg〇https://qimgs.qunarzz.com/piao_qsight_provider_piao_qsight_web/3261fc4dbc0fbc54.jpg_710x360_9daf3c0a.jpg〇https://qimgs.qunarzz.com/piao_qsight_provider_piao_qsight_web/97f1ca02a4835037.jpg_710x360_21124e8c.jpg〇https://qimgs.qunarzz.com/piao_qsight_provider_piao_qsight_web/56087b91086cc4f7.jpg_710x360_5385e1cd.jpg〇https://qimgs.qunarzz.com/piao_qsight_provider_piao_qsight_web/cd0721c2c88e0ff7.jpg_710x360_91d10d9c.jpg〇https://qimgs.qunarzz.com/piao_qsight_provider_piao_qsight_web/b410b891e6d4d1.jpg_710x360_13460dac.jpg〇https://qimgs.qunarzz.com/piao_qsight_provider_piao_qsight_web/575638a09db8eb.jpg_710x360_4440e940.jpg〇https://qimgs.qunarzz.com/piao_qsight_provider_piao_qsight_web/1a6772aa79e67a.jpg_710x360_c7920b58.jpg〇https://qimgs.qunarzz.com/piao_qsight_provider_piao_qsight_web/e504828cb75a48.jpg_710x360_8e57901d.jpg〇https://qimgs.qunarzz.com/piao_qsight_provider_piao_qsight_web/4c6e54dd4a53d6.jpg_710x360_3eaaa953.jpg〇https://qimgs.qunarzz.com/piao_qsight_provider_piao_qsight_web/80fdedee843425.jpg_710x360_06fae87a.jpg,"{""ret"": true, ""data"": {""tagList"": [{""tagType"": 2, ""tagScore"": 5, ""tagNum"": 1, ""tagName"": ""\u4e2d\u8bc4""}, {""tagType"": 1, ""tagScore"": 5, ""tagNum"": 1, ""tagName"": ""\u597d\u8bc4""}, {""tagType"": 0, ""tagScore"": 5, ""tagNum"": 2, ""tagName"": ""\u5168\u90e8""}], ""commentList"": [{""author"": ""s*6"", ""content"": ""\u65b0\u5efa\u7684\uff0c\u6bd4\u8d77\u6f6e\u5dde\u5176\u4ed6\u5730\u65b9\u7b97\u8fd8\u884c\u4e86\u3002\u8fdb\u95e810\u5757\u95e8\u7968\uff0c\u8fdb\u53bb\u73a9\u5355\u72ec\u4e70\u7968\u3002\u5468\u65e5\u5e26\u5b69\u5b50\u53bb\u73a9\u4e70\u4e86\u5957\u7968\uff0c\u4e5f\u4e0d\u662f\u6240\u6709\u7684\u90fd\u53ef\u4ee5\u7528\u5957\u7968\uff0c\u6709\u7684\u9700\u8981\u5355\u72ec\u4ed8\u94b1\u4e70\u7968\u3002"", ""date"": ""2018-04-03"", ""score"": 3, ""commentId"": ""205771314"", ""imgs"": [], ""userNickName"": ""s*6"", ""replyCityName"": """", ""cityName"": """"}, {""author"": ""c*5"", ""content"": ""\u534e\u4fa8\u65b0\u5efa\u7684\u4e3b\u9898\u516c\u56ed\uff0c\u5b69\u5b50\u53bb\u4e0d\u9519"", ""date"": ""2015-01-06"", ""score"": 5, ""commentId"": ""28895971"", ""imgs"": [], ""userNickName"": ""c*5"", ""replyCityName"": """", ""cityName"": """"}], ""score"": 4.0, ""commentCount"": 2}, ""statusCode"": 200}"
青龙古庙,https://imgs.qunarzz.com/sight/p0/201403/07/242b99f4faaa29ef17b7f0eea43d0274.jpg_280x200_cf1721f1.jpg,潮州市,湘桥区,广东省潮州市湘桥区韩江大桥西端南堤上,1,5.0,北宋神宗赵顼（1068年即位）封的,https://piao.qunar.com/ticket/detail_3330584790.html?st=a3clM0QlRTYlQjklOTglRTYlQTElQTUlRTUlOEMlQkElMjZpZCUzRDI2MTMlMjZ0eXBlJTNEMCUyNmlkeCUzRDExJTI2cXQlM0QlMjZhcGslM0QyJTI2c2MlM0RXV1clMjZ1ciUzRCVFNCVCOCVBRCVFNSVCMSVCMSUyNmxyJTNEJUU0JUI4JUFEJUU1JUIxJUIxJTI2ZnQlM0QlN0IlN0Q%3D#from=mpl_search_suggest,218.0,N/A,青龙古庙在潮州韩江大桥西端南堤上，庙门东向，先前称安济圣王庙.据宋代沈存中载，青龙古庙建于北宋，安济灵王是北宋神宗赵顼（1068年即位）封的。又相传诸葛征蛮，蜀汉永昌太守王伉守城捍贼，殁为神明。明万历十七（1589）年潮州海防同知施所学重修青龙古庙镇水患，奉入王伉神像，号安济灵王，自此，王伉就成了安济圣王。另尚有一传说：北宋仁宗皇佑年间，广源州依智高僭称南天王，改元景瑞。由于广源地连潮州，故叛军依涧据险，皇帝赵祯派杨文广来平南蛮十八洞。宋军行军沿江南下时有青蛇附于舟上而征途顺利、征战皆捷而诸洞俱平，班师时杨文广奏知宋仁宗。赵祯便封潮州青蛇为“安济灵王”。,01/01-12/31；8:00-20:00开园,https://imgs.qunarzz.com/sight/p0/201403/07/242b99f4faaa29ef17b7f0eea43d0274.jpg_710x360_27ad5eab.jpg〇https://qimgs.qunarzz.com/piao_qsight_provider_piao_qsight_web/641a7c8fbe2617e0bacf8634a22efc96.jpg_710x360_907510dc.jpg〇https://qimgs.qunarzz.com/piao_qsight_provider_piao_qsight_web/bb7df3047bdb0e37.jpg_710x360_642548fb.jpg,"{""ret"": true, ""data"": {""tagList"": [{""tagType"": 1, ""tagScore"": 5, ""tagNum"": 1, ""tagName"": ""\u597d\u8bc4""}, {""tagType"": 0, ""tagScore"": 5, ""tagNum"": 1, ""tagName"": ""\u5168\u90e8""}], ""commentList"": [{""author"": ""c*5"", ""content"": ""\u6bcf\u5e74\u6625\u8282\u540e\uff0c\u6709\u6e38\u795e\u6d3b\u52a8\uff0c\u662f\u6f6e\u5dde\u6700\u70ed\u95f9\u7684\u8282\u65e5"", ""date"": ""2015-01-06"", ""score"": 5, ""commentId"": ""28898117"", ""imgs"": [], ""userNickName"": ""c*5"", ""replyCityName"": """", ""cityName"": """"}], ""score"": 5.0, ""commentCount"": 1}, ""statusCode"": 200}"
开元寺泰佛殿,https://qimgs.qunarzz.com/piao_qsight_provider_piao_qsight_web/1A0m1a00000193jjs9D7B_C_900_504.jpg_280x200_99d54dde.jpg,潮州市,湘桥区,广东省潮州市湘桥区桥东街道东山路慧如公园公交站,7,4.0,仿泰国云石寺而建,https://piao.qunar.com/ticket/detail_1609801841.html?st=a3clM0QlRTYlQjklOTglRTYlQTElQTUlRTUlOEMlQkElMjZpZCUzRDExNzM0JTI2dHlwZSUzRDAlMjZpZHglM0QxMCUyNnF0JTNEJTI2YXBrJTNEMiUyNnNjJTNEV1dXJTI2dXIlM0QlRTQlQjglQUQlRTUlQjElQjElMjZsciUzRCVFNCVCOCVBRCVFNSVCMSVCMSUyNmZ0JTNEJTdCJTdE#from=mpl_search_suggest,7.0,N/A,泰佛殿位于东山路慧如公园对面山麓，泰佛殿门额“开元寺泰佛殿”由原中国佛教协会会长赵朴初书。泰国的寺庙有泰国艺术博物馆的美誉，在名城潮州建成的这座仿泰国云石寺的建筑物，极富泰国特色，重檐多面式屋顶装鱼鳞瓦、封檐板装向上的黄色图形，柱头翘角是龙凤呈祥之意，山墙的装饰，充分体现了雄奇、精巧的异国情调。对于潮州人，足不出国就能领略异国风采；对于侨居泰国的潮人更有一番情趣。大殿正中供奉泰式释迦牟尼佛，称清拉佛像，尖顶毛发的装束与开元寺汉传释迦佛大为不同，为螺旋火焰装。这尊高3米，重1.5吨的青铜佛像，表面贴金箔，称为金佛。墙壁四周是图画“佛陀的故事”，主要是讲述释迦佛祖的出生，得道成佛及涅磐的过程.,1/1-12/31；周一至周日；08:30-16:30开园,https://qimgs.qunarzz.com/piao_qsight_provider_piao_qsight_web/1A0m1a00000193jjs9D7B_C_900_504.jpg_710x360_cecec08d.jpg〇https://qimgs.qunarzz.com/piao_qsight_provider_piao_qsight_web/100o19000001626zz578B_C_900_504_Q90_Mtg_7.jpg_710x360_ac2eff93.jpg〇https://qimgs.qunarzz.com/piao_qsight_provider_piao_qsight_web/5d2faa80e27c4ab5.jpg_710x360_20d42c26.jpg〇https://qimgs.qunarzz.com/piao_qsight_provider_piao_qsight_web/38a1cf4d-cc20-462d-9106-2e4a4ce9ff78.jpg_710x360_420ddaec.jpg〇https://qimgs.qunarzz.com/piao_qsight_provider_piao_qsight_web/bfccbb8a893b431117a280f0285b0f76.jpg_710x360_af3972cc.jpg〇https://qimgs.qunarzz.com/piao_qsight_provider_piao_qsight_web/f08c9256b7c1be48ff9797e6dfee5715.jpg_710x360_be66c6b5.jpg〇https://qimgs.qunarzz.com/piao_qsight_provider_piao_qsight_web/9e1c9405d5d7936c6d71edaf49103a6d.jpg_710x360_da91d97e.jpg〇https://qimgs.qunarzz.com/piao_qsight_provider_piao_qsight_web/5823bd44360809d03d80583928c125e5.jpg_710x360_0c1198f2.jpg〇https://qimgs.qunarzz.com/piao_qsight_provider_piao_qsight_web/7cdf4075ba75b01cb166e05f6f21b4ae.jpg_710x360_732e6ddc.jpg〇https://qimgs.qunarzz.com/piao_qsight_provider_piao_qsight_web/b2561179d7d2b5b5.jpg_710x360_6ecb31d5.jpg〇https://qimgs.qunarzz.com/piao_qsight_provider_piao_qsight_web/d9b15b5f60ab16b5.jpg_710x360_b26aa7bf.jpg〇https://qimgs.qunarzz.com/piao_qsight_provider_piao_qsight_web/661ff4291e075fb5.jpg_710x360_f082887a.jpg〇https://qimgs.qunarzz.com/piao_qsight_provider_piao_qsight_web/9c426784df40a6b5.jpg_710x360_c6525973.jpg〇https://qimgs.qunarzz.com/piao_qsight_provider_piao_qsight_web/47603a1ebb3380b5.jpg_710x360_6bccc333.jpg〇https://qimgs.qunarzz.com/piao_qsight_provider_piao_qsight_web/077165ce5e9c72b5.jpg_710x360_9afa6ec1.jpg〇https://qimgs.qunarzz.com/piao_qsight_provider_piao_qsight_web/1a707228b8409fb5.jpg_710x360_4822fa05.jpg〇https://qimgs.qunarzz.com/piao_qsight_provider_piao_qsight_web/2f9a6071aa70c2b5.jpg_710x360_ed2e99dd.jpg〇https://qimgs.qunarzz.com/piao_qsight_provider_piao_qsight_web/03b62da79d237b5.jpg_710x360_f6d3fc05.jpg〇https://qimgs.qunarzz.com/piao_qsight_provider_piao_qsight_web/5745b35157e362b5.jpg_710x360_b0dad044.jpg〇https://qimgs.qunarzz.com/piao_qsight_provider_piao_qsight_web/701c9cdaa462deb5.jpg_710x360_61a70df6.jpg〇https://qimgs.qunarzz.com/piao_qsight_provider_piao_qsight_web/0bbea669c33b44b5.jpg_710x360_0fd7df02.jpg〇https://qimgs.qunarzz.com/piao_qsight_provider_piao_qsight_web/22adb74346129db5.jpg_710x360_ac3a7fbe.jpg,"{""ret"": true, ""data"": {""tagList"": [{""tagType"": 3, ""tagScore"": 5, ""tagNum"": 2, ""tagName"": ""\u5dee\u8bc4""}, {""tagType"": 1, ""tagScore"": 5, ""tagNum"": 5, ""tagName"": ""\u597d\u8bc4""}, {""tagType"": 0, ""tagScore"": 5, ""tagNum"": 7, ""tagName"": ""\u5168\u90e8""}], ""commentList"": [{""author"": ""q*\u6237"", ""content"": ""\u7528\u6237\u672a\u70b9\u8bc4\uff0c\u7cfb\u7edf\u9ed8\u8ba4\u597d\u8bc4\u3002"", ""date"": ""2024-04-08"", ""score"": 5, ""commentId"": ""232811658"", ""imgs"": [], ""userNickName"": ""q*\u6237"", ""replyCityName"": """", ""cityName"": """"}, {""author"": ""z*q"", ""content"": ""\u7528\u6237\u672a\u70b9\u8bc4\uff0c\u7cfb\u7edf\u9ed8\u8ba4\u597d\u8bc4\u3002"", ""date"": ""2024-03-28"", ""score"": 5, ""commentId"": ""232697447"", ""imgs"": [], ""userNickName"": ""z*q"", ""replyCityName"": """", ""cityName"": """"}, {""author"": ""s*7"", ""content"": ""\u7528\u6237\u672a\u70b9\u8bc4\uff0c\u7cfb\u7edf\u9ed8\u8ba4\u597d\u8bc4\u3002"", ""date"": ""2023-03-06"", ""score"": 5, ""commentId"": ""224630967"", ""imgs"": [], ""userNickName"": ""s*7"", ""replyCityName"": """", ""cityName"": """"}, {""author"": ""f*2"", ""content"": ""\u7528\u6237\u672a\u70b9\u8bc4\uff0c\u7cfb\u7edf\u9ed8\u8ba4\u597d\u8bc4\u3002"", ""date"": ""2022-09-29"", ""score"": 5, ""commentId"": ""223474078"", ""imgs"": [], ""userNickName"": ""f*2"", ""replyCityName"": """", ""cityName"": """"}, {""author"": ""\u53bb*\u6237"", ""content"": ""\u7528\u6237\u672a\u70b9\u8bc4\uff0c\u7cfb\u7edf\u9ed8\u8ba4\u597d\u8bc4\u3002"", ""date"": ""2022-09-11"", ""score"": 5, ""commentId"": ""223240807"", ""imgs"": [], ""userNickName"": ""\u53bb*\u6237"", ""replyCityName"": """", ""cityName"": """"}, {""author"": ""k*5"", ""content"": ""\u5dee\u8bc4\uff0c\u5f00\u95e8\u7684\u65f6\u95f4\u5f88\u77ed\uff0c\u88ab\u95e8\u53e3\u6253\u5927\u53d4\u4fee\u6539\u4e86\uff0c11\u70b9\u5c31\u51c6\u65f6\u51c6\u70b9\u50ac\u6211\u4eec\u8d70\uff0c\u8bf4\u4e0b\u73ed\u4e86\u8981\u5173\u95e8\uff0c\u8d76\u6211\u4eec\u8d70"", ""date"": ""2021-12-27"", ""score"": 1, ""commentId"": ""221651118"", ""imgs"": [{""small"": ""https://mp-piao-admincp.qunarzz.com/mp_piao_admin_mp_piao_admin/fusion/202112/266a601568ecd5a1c2bd845c69bd7bb9.jpg_120x120_23982873.jpg"", ""title"": """", ""big"": ""https://mp-piao-admincp.qunarzz.com/mp_piao_admin_mp_piao_admin/fusion/202112/266a601568ecd5a1c2bd845c69bd7bb9.jpg""}, {""small"": ""https://mp-piao-admincp.qunarzz.com/mp_piao_admin_mp_piao_admin/fusion/202112/d575e8c4d660ef29f137585045505a85.jpg_120x120_59ef04d2.jpg"", ""title"": """", ""big"": ""https://mp-piao-admincp.qunarzz.com/mp_piao_admin_mp_piao_admin/fusion/202112/d575e8c4d660ef29f137585045505a85.jpg""}, {""small"": ""https://mp-piao-admincp.qunarzz.com/mp_piao_admin_mp_piao_admin/fusion/202112/28fd2b825c1be70a5a2c8f3913bf5423.jpg_120x120_bfbd5c7c.jpg"", ""title"": """", ""big"": ""https://mp-piao-admincp.qunarzz.com/mp_piao_admin_mp_piao_admin/fusion/202112/28fd2b825c1be70a5a2c8f3913bf5423.jpg""}], ""userNickName"": ""k*5"", ""replyCityName"": """", ""cityName"": """"}, {""author"": ""j*5"", ""content"": ""\u5f53\u5730\u6751\u6c11\u79c1\u5360\u516c\u5171\u8d44\u6e90\u4e71\u6536\u8d39\u3002\u9996\u5148\uff0c\u8bb2\u6e05\u695a\u7279\u5730\u6765\u70b9\u8bc4\u7684\u7406\u7531:\u5f53\u5730\u6751\u6c11\u79c1\u5360\u95e8\u53e3\u573a\u5730\uff0c\u975e\u6cd5\u6536\u53d6\u505c\u8f66\u8d39\u7528\u3002\u53bb\u4e86\u4e00\u8d9f\u6f6e\u5dde\uff0c\u5370\u8c61\u6700\u6df1\u7684\u4e0d\u662f\u6f6e\u5dde\u7684\u98ce\u571f\u4eba\u60c5\uff0c\u7f8e\u4e3d\u98ce\u666f\uff0c\u800c\u662f\u8fd9\u4e2a\u4e8b\u60c5\u53ca\u6240\u5f15\u8d77\u7684\u601d\u8003\u3002\u6211\u548c\u8001\u516c\u9a91\u8f66\u5230\u8fbe\u6cf0\u4f5b\u6bbf\u95e8\u53e3\uff0c\u4e00\u5f53\u5730\u6751\u6c11\u6a21\u6837\u4e2d\u5e74\u5987\u5973\u4e0a\u6765\u4fbf\u662f\u4f38\u624b\u8981\u94b1\uff0c\u8bf4\u4e00\u8f86\u4e94\u5757\u94b1\u3002\u6211\u770b\u4e86\u770b\u5f53\u5730\u73af\u5883\uff0c\u5e76\u672a\u53d1\u73b0\u89c4\u8303\u7684\u505c\u8f66\u6807\u8bc6\uff0c\u53d8\u5fc3\u751f\u7591\u60d1\u3002\u6211\u8bf4\uff0c\u8fd9\u91cc\u8fd8\u8981\u6536\u8d39?\u8fd9\u662f\u5f53\u5730\u65c5\u6e38\u673a\u6784\u5141\u8bb8\u7684\u4e48\uff1f\u5bf9\u65b9\u76f4\u63a5\u6765\u4e86\u4e00\u53e5:\u6211\u4eec\u5728\u8fd9\u91cc\u6536\u8d39\u6536\u4e86\u5341\u5e74\u4e86!\u4f60\u4e0d\u5728\u8fd9\u91cc\u505c\u5c31\u4e0d\u7528\u4ed8\u94b1\u3002\u6211\u4e00\u8138\u61f5\u5708\u7684\u770b\u7740\u7406\u76f4\u6c14\u58ee\u7684\u5979\uff0c\u548c\u8001\u516c\u5c06\u8f66\u5b50\u505c\u5230\u4e86\u522b\u5904\uff0c\u672c\u4ee5\u4e3a\u8fd9\u4ef6\u4e8b\u60c5\u7ed3\u675f\u4e86\uff0c\u4f46\u8c01\u60f3\u5230\u6211\u4eec\u8fdb\u5165\u6cf0\u4f5b\u6bbf\u5927\u95e8\u7684\u65f6\u5019\uff0c\u6211\u8001\u516c\u95ee\u4e86\u4e00\u53e5\uff0c\u4f60\u4eec\u8fd9\u4e2a\u6536\u8d39\u662f\u5408\u6cd5\u7ecf\u8fc7\u5f53\u5730\u673a\u6784\u5141\u8bb8\u7684\u4e48\uff1f\u7ba1\u7406\u5927\u95e8\u7684\u4e00\u4e2d\u5e74\u5987\u5973\u6ca1\u597d\u6c14\u7684\u8bf4\uff0c\u6211\u4eec\u5c31\u662f\u8fd9\u6837\u5728\u8fd9\u91cc\u6536\u8d39\u7684\uff0c\u4f60\u4e0d\u505c\u5728\u8fd9\u91cc\u5c31\u4e0d\u7528\u6536\u8d39\uff0c\u522b\u7684\u5141\u8bb8\u4e0d\u5141\u8bb8\u4e0d\u5173\u4f60\u4e8b\uff0c\u4f60\u5c31\u4e0d\u7528\u7ba1\u4e86\uff01\u54c7\u3002\u3002\u3002\u6211\u542c\u5230\u8fd9\u51e0\u53e5\u8bdd\u5c31\u660e\u767d\u600e\u4e48\u56de\u4e8b\u513f\u4e86\u3002\u4e8b\u540e\uff0c\u6211\u6390\u6307\u7b97\u4e00\u7b97\uff0c\u4e00\u8f86\u8f665\u5757\u94b1\uff0c\u4e00\u5929\u4fdd\u5b88\u6309\u716710\u8f86\u8ba1\u7b97\u4e3a50\uff0c\u4e00\u4e2a\u67081550\uff0c\u4e00\u5e74\u4fdd\u5b88\u4f30\u8ba1\u4e3a186000!\u901a\u8fc7\u4e86\u89e3\uff0c\u4ed6\u4eec\u4e0d\u4ec5\u5411\u5916\u6765\u6e38\u5ba2\u6536\u53d6\u8d39\u7528\uff0c\u672c\u5730\u4eba\u4e5f\u4e00\u6837\u4e0d\u653e\u8fc7\u3002\u8bd5\u60f3\uff0c\u8fd9\u6bd4\u8d39\u7528\u5982\u679c\u7528\u4f5c\u516c\u5171\u8bbe\u65bd\u7ef4\u62a4\u6216\u4f18\u5316\u63d0\u5347\u8be5\u591a\u597d\uff01\u5e0c\u671b\u6709\u5173\u7ba1\u7406\u548c\u8d1f\u8d23\u90e8\u95e8\u5c06\u6b64\u60c5\u51b5\u8c03\u67e5\u6e05\u695a\uff0c\u4e0d\u8981\u8ba9\u5916\u5730\u6e38\u5ba2\u5bf9\u6f6e\u5dde\u7684\u57ce\u5e02\u5f62\u8c61\u9020\u6210\u4e0d\u826f\u5f71\u54cd\uff0c\u4e5f\u4e0d\u8981\u8ba9\u8001\u767e\u59d3\u9020\u6210\u4e71\u82b1\u94b1\uff0c\u767d\u82b1\u94b1\u7684\u884c\u4e3a\u3002\u7ef4\u62a4\u57ce\u5e02\u516c\u5171\u5efa\u8bbe\uff0c\u8425\u9020\u57ce\u5e02\u826f\u597d\u5f62\u8c61\u5e94\u8be5\u662f\u6bcf\u4e00\u4f4d\u5e02\u6c11\u7684\u4e49\u52a1\u548c\u804c\u8d23\u3002\u671b\u6709\u5173\u90e8\u95e8\u91cd\u89c6\u5e76\u8c03\u67e5\u6e05\u695a\u3002\u540c\u65f6\uff0c\u4e5f\u5e0c\u671b\u53bb\u90a3\u91cc\u65c5\u6e38\u7684\u670b\u53cb\u591a\u6ce8\u610f\u8fd9\u79cd\u884c\u4e3a\uff0c\u4e0d\u80fd\u59d1\u606f\u653e\u8fc7\u3002"", ""date"": ""2020-09-27"", ""score"": 2, ""commentId"": ""216516596"", ""imgs"": [{""small"": ""https://imgs.qunarzz.com/piao/fusion/2009/59/d6099c3d98b83302.jpg_120x120_f07c9a8e.jpg"", ""title"": """", ""big"": ""https://imgs.qunarzz.com/piao/fusion/2009/59/d6099c3d98b83302.jpg""}], ""userNickName"": ""j*5"", ""replyCityName"": """", ""cityName"": """"}], ""score"": 4.0, ""commentCount"": 7}, ""statusCode"": 200}"
牌坊街,https://qimgs.qunarzz.com/piao_qsight_provider_piao_qsight_web/100q1f000001grkel4BC3_C_900_504.jpg_280x200_98af8432.jpg,潮州市,湘桥区,广东省潮州市湘桥区湘桥街道分司社区太平路663号,30,5.0,看骑楼建筑，品特色美食,https://piao.qunar.com/ticket/detail_3147645140.html?st=a3clM0QlRTYlQjklOTglRTYlQTElQTUlRTUlOEMlQkElMjZpZCUzRDUxNTQzMCUyNnR5cGUlM0QwJTI2aWR4JTNEOSUyNnF0JTNEJTI2YXBrJTNEMiUyNnNjJTNEV1dXJTI2dXIlM0QlRTQlQjglQUQlRTUlQjElQjElMjZsciUzRCVFNCVCOCVBRCVFNSVCMSVCMSUyNmZ0JTNEJTdCJTdE#from=mpl_search_suggest,138.0,N/A,牌坊街位于潮州老城区内，沿街保留有众多骑楼建筑，街上立有22座牌坊，诉说了历史上众多潮州英杰的丰*伟绩，每一座牌坊背后都有一个故事，耐人寻味。当然，街上众多的潮州美食更是不容错过。据说街道上比较早出现的牌坊是明正德十二年（1517年）的“柱史”牌坊，历史上这里曾有39座牌坊之多，后来由于种种原因被损坏，如今复建的有22座，它们跨街而立，古韵悠悠。牌坊大多为进士、状元、尚书等设立，记录了他们的丰*伟绩，也彰显了潮州的地杰人灵。除了探访古迹，沿街的美食更是诱人，潮州手打牛肉丸、芋泥饼等都非常具有特色，佛手老香黄、黄皮豉和老药桔这“潮州三宝”可以说是伴手礼的佳选。,1/1-12/31；周一至周日；全天开放,https://qimgs.qunarzz.com/piao_qsight_provider_piao_qsight_web/100q1f000001grkel4BC3_C_900_504.jpg_710x360_43edebf6.jpg〇https://qimgs.qunarzz.com/piao_qsight_provider_piao_qsight_web/100610000000pc3fg6CEB_C_900_504_Q90_Mtg_7.jpg_710x360_07b3ec00.jpg〇https://qimgs.qunarzz.com/piao_qsight_provider_piao_qsight_web/100810000000pbo1o6CF8_C_900_504_Q90_Mtg_7.jpg_710x360_8f878395.jpg〇https://qimgs.qunarzz.com/piao_qsight_provider_piao_qsight_web/100q1f000001grkel4BC3_C_900_504_Q90_Mtg_7.jpg_710x360_ae25d08a.jpg,"{""ret"": true, ""data"": {""tagList"": [{""tagType"": 32, ""tagScore"": 5, ""tagNum"": 10, ""tagName"": ""\u670d\u52a1\u597d""}, {""tagType"": 16, ""tagScore"": 5, ""tagNum"": 10, ""tagName"": ""\u9760\u8c31""}, {""tagType"": 8, ""tagScore"": 5, ""tagNum"": 2, ""tagName"": ""\u4fbf\u5b9c""}, {""tagType"": 1, ""tagScore"": 5, ""tagNum"": 30, ""tagName"": ""\u597d\u8bc4""}, {""tagType"": 0, ""tagScore"": 5, ""tagNum"": 30, ""tagName"": ""\u5168\u90e8""}], ""commentList"": [{""author"": ""\u53bb*\u6237"", ""content"": ""\u5357\u6fb3\u5c9b\u4e00\u65e5\u6e38\uff0c\u5e08\u5085\u65e9\u4e0a\u51c6\u65f6\u6765\u9152\u5e97\u63a5\u6211\u4eec\uff0c\u4e00\u8def\u5e08\u5085\u975e\u5e38\u8010\u5fc3\u7684\u4ecb\u7ecd\u5357\u6fb3\u5c9b\u7684\u5404\u4e2a\u666f\u70b9\uff0c\u5230\u8fbe\u6bcf\u4e2a\u666f\u70b9\u90fd\u7ed9\u5145\u8db3\u65f6\u95f4\u62cd\u7167\u6e38\u73a9\u6253\u5361\uff0c\u5929\u6c14\u5f88\u70ed\uff0c\u5e08\u5085\u670d\u52a1\u5f88\u5230\u4f4d\uff0c\u4e00\u8def\u73a9\u7684\u5f88\u5f00\u5fc3\uff01"", ""date"": ""2024-08-22"", ""score"": 5, ""commentId"": ""235772606"", ""imgs"": [{""small"": ""https://qimgs.qunarzz.com/mp_piao_0001/temp4518637508339758906file_1724318536000.jpg_120x120_6c45f242.jpg"", ""title"": """", ""big"": ""https://qimgs.qunarzz.com/mp_piao_0001/temp4518637508339758906file_1724318536000.jpg""}, {""small"": ""https://qimgs.qunarzz.com/mp_piao_0001/temp9737034679068426224file_1724318536000.jpg_120x120_8e1e388e.jpg"", ""title"": """", ""big"": ""https://qimgs.qunarzz.com/mp_piao_0001/temp9737034679068426224file_1724318536000.jpg""}, {""small"": ""https://qimgs.qunarzz.com/mp_piao_0001/temp15530005416043271402file_1724318536000.jpg_120x120_e7aec134.jpg"", ""title"": """", ""big"": ""https://qimgs.qunarzz.com/mp_piao_0001/temp15530005416043271402file_1724318536000.jpg""}, {""small"": ""https://qimgs.qunarzz.com/mp_piao_0001/temp6129668527805469721file_1724318536000.jpg_120x120_ee293372.jpg"", ""title"": """", ""big"": ""https://qimgs.qunarzz.com/mp_piao_0001/temp6129668527805469721file_1724318536000.jpg""}, {""small"": ""https://qimgs.qunarzz.com/mp_piao_0001/temp16882387984283425805file_1724318536000.jpg_120x120_39f5bd91.jpg"", ""title"": """", ""big"": ""https://qimgs.qunarzz.com/mp_piao_0001/temp16882387984283425805file_1724318536000.jpg""}, {""small"": ""https://qimgs.qunarzz.com/mp_piao_0001/temp12970317919297876323file_1724318536000.jpg_120x120_8c8292ad.jpg"", ""title"": """", ""big"": ""https://qimgs.qunarzz.com/mp_piao_0001/temp12970317919297876323file_1724318536000.jpg""}, {""small"": ""https://qimgs.qunarzz.com/mp_piao_0001/temp16634238427341239914file_1724318536000.jpg_120x120_321823bc.jpg"", ""title"": """", ""big"": ""https://qimgs.qunarzz.com/mp_piao_0001/temp16634238427341239914file_1724318536000.jpg""}, {""small"": ""https://qimgs.qunarzz.com/mp_piao_0001/temp8945282434132038257file_1724318536000.jpg_120x120_d21c37dc.jpg"", ""title"": """", ""big"": ""https://qimgs.qunarzz.com/mp_piao_0001/temp8945282434132038257file_1724318536000.jpg""}, {""small"": ""https://qimgs.qunarzz.com/mp_piao_0001/temp5110581656233160646file_1724318536000.jpg_120x120_0aa33b1b.jpg"", ""title"": """", ""big"": ""https://qimgs.qunarzz.com/mp_piao_0001/temp5110581656233160646file_1724318536000.jpg""}], ""userNickName"": ""\u53bb*\u6237"", ""replyCityName"": ""\u798f\u5efa"", ""cityName"": ""\u5e7f\u4e1c""}, {""author"": ""\u5434*\u5a46"", ""content"": ""\u8521\u5e08\u5085\u5f88\u597d\uff0c\u8010\u5fc3\u8bb2\u89e3\uff0c\u62cd\u7167\u4e5f\u5f88\u597d\u770b\u3002\u4e0b\u6b21\u6211\u4eec\u6765\u8fd8\u8ba2\u8fd9\u4e2a\u3002\u7f8e\u597d\u7684\u65c5\u7a0b\uff0c\u611f\u6069\u3002"", ""date"": ""2024-08-12"", ""score"": 5, ""commentId"": ""235446707"", ""imgs"": [{""small"": ""https://qimgs.qunarzz.com/mp_piao_0001/temp3010395136850581240file_1723431958000.jpg_120x120_9c10b56c.jpg"", ""title"": """", ""big"": ""https://qimgs.qunarzz.com/mp_piao_0001/temp3010395136850581240file_1723431958000.jpg""}, {""small"": ""https://qimgs.qunarzz.com/mp_piao_0001/temp13169552703512915964file_1723431958000.jpg_120x120_71d37807.jpg"", ""title"": """", ""big"": ""https://qimgs.qunarzz.com/mp_piao_0001/temp13169552703512915964file_1723431958000.jpg""}, {""small"": ""https://qimgs.qunarzz.com/mp_piao_0001/temp1886649622921650622file_1723431958000.jpg_120x120_a1114233.jpg"", ""title"": """", ""big"": ""https://qimgs.qunarzz.com/mp_piao_0001/temp1886649622921650622file_1723431958000.jpg""}, {""small"": ""https://qimgs.qunarzz.com/mp_piao_0001/temp10727617445826795122file_1723431958000.jpg_120x120_b8efcdfe.jpg"", ""title"": """", ""big"": ""https://qimgs.qunarzz.com/mp_piao_0001/temp10727617445826795122file_1723431958000.jpg""}, {""small"": ""https://qimgs.qunarzz.com/mp_piao_0001/temp13185412143866440487file_1723431958000.jpg_120x120_bac9348b.jpg"", ""title"": """", ""big"": ""https://qimgs.qunarzz.com/mp_piao_0001/temp13185412143866440487file_1723431958000.jpg""}, {""small"": ""https://qimgs.qunarzz.com/mp_piao_0001/temp5512651984020068072file_1723431958000.jpg_120x120_5a6422bd.jpg"", ""title"": """", ""big"": ""https://qimgs.qunarzz.com/mp_piao_0001/temp5512651984020068072file_1723431958000.jpg""}], ""userNickName"": ""\u5434*\u5a46"", ""replyCityName"": ""\u798f\u5efa"", ""cityName"": ""\u5e7f\u4e1c""}, {""author"": ""z*4"", ""content"": ""\u5f88\u5b89\u5fc3\u7684\u4e00\u65e5\u6e38\uff0c\u53f8\u673a\u5218\u5e08\u5085\u5f88\u8010\u5fc3\uff0c\u4f1a\u63a8\u8350\u6211\u4eec\u5f53\u5730\u7684\u7f8e\u98df\u548c\u666f\u70b9\uff0c\u5f00\u8f66\u4e5f\u5f88\u7a33\uff0c\u4eba\u4e5f\u5f88\u5065\u8c08\uff01\uff01\u5b8c\u5168\u6309\u7167\u6211\u4eec\u7684\u901f\u5ea6\uff0c\u6162\u6162\u6e38\uff01\uff01\u5168\u7a0b\u914d\u5408\uff0c\u5f88\u68d2\u7684\u4e00\u65e5\u6e38\uff01\uff01\uff01"", ""date"": ""2024-01-17"", ""score"": 5, ""commentId"": ""231069060"", ""imgs"": [{""small"": ""https://qimgs.qunarzz.com/mp_piao_0001/temp2750650349142095609file_1705476327000.jpg_120x120_5046963a.jpg"", ""title"": """", ""big"": ""https://qimgs.qunarzz.com/mp_piao_0001/temp2750650349142095609file_1705476327000.jpg""}, {""small"": ""https://qimgs.qunarzz.com/mp_piao_0001/temp1875095485276466395file_1705476327000.jpg_120x120_49b91b51.jpg"", ""title"": """", ""big"": ""https://qimgs.qunarzz.com/mp_piao_0001/temp1875095485276466395file_1705476327000.jpg""}, {""small"": ""https://qimgs.qunarzz.com/mp_piao_0001/temp3553253559278640954file_1705476327000.jpg_120x120_23e97de8.jpg"", ""title"": """", ""big"": ""https://qimgs.qunarzz.com/mp_piao_0001/temp3553253559278640954file_1705476327000.jpg""}], ""userNickName"": ""z*4"", ""replyCityName"": ""\u798f\u5efa"", ""cityName"": ""\u5e7f\u4e1c""}, {""author"": ""\u53bb*\u6237"", ""content"": ""\u7528\u6237\u672a\u70b9\u8bc4\uff0c\u7cfb\u7edf\u9ed8\u8ba4\u597d\u8bc4\u3002"", ""date"": ""2024-12-27"", ""score"": 5, ""commentId"": ""239392079"", ""imgs"": [], ""userNickName"": ""\u53bb*\u6237"", ""replyCityName"": """", ""cityName"": """"}, {""author"": ""\u53bb*\u6237"", ""content"": ""\u7528\u6237\u672a\u70b9\u8bc4\uff0c\u7cfb\u7edf\u9ed8\u8ba4\u597d\u8bc4\u3002"", ""date"": ""2024-12-20"", ""score"": 5, ""commentId"": ""239303463"", ""imgs"": [], ""userNickName"": ""\u53bb*\u6237"", ""replyCityName"": """", ""cityName"": """"}, {""author"": ""\u53bb*\u6237"", ""content"": ""\u5f88\u597d\u5f88\u4e0d\u9519\uff0c\u975e\u5e38\u611f\u8c22\u3002"", ""date"": ""2024-11-07"", ""score"": 5, ""commentId"": ""238689147"", ""imgs"": [], ""userNickName"": ""\u53bb*\u6237"", ""replyCityName"": ""\u798f\u5efa"", ""cityName"": ""\u5e7f\u4e1c""}, {""author"": ""r*5"", ""content"": ""\u7528\u6237\u672a\u70b9\u8bc4\uff0c\u7cfb\u7edf\u9ed8\u8ba4\u597d\u8bc4\u3002"", ""date"": ""2024-11-05"", ""score"": 5, ""commentId"": ""238516446"", ""imgs"": [], ""userNickName"": ""r*5"", ""replyCityName"": """", ""cityName"": """"}, {""author"": ""k*3"", ""content"": ""\u7528\u6237\u672a\u70b9\u8bc4\uff0c\u7cfb\u7edf\u9ed8\u8ba4\u597d\u8bc4\u3002"", ""date"": ""2024-11-05"", ""score"": 5, ""commentId"": ""238496477"", ""imgs"": [], ""userNickName"": ""k*3"", ""replyCityName"": """", ""cityName"": """"}, {""author"": ""f*y"", ""content"": ""\u7528\u6237\u672a\u70b9\u8bc4\uff0c\u7cfb\u7edf\u9ed8\u8ba4\u597d\u8bc4\u3002"", ""date"": ""2024-11-01"", ""score"": 5, ""commentId"": ""237944277"", ""imgs"": [], ""userNickName"": ""f*y"", ""replyCityName"": """", ""cityName"": """"}, {""author"": ""\u53bb*\u6237"", ""content"": ""\u4e0d\u9519  \u5f20\u5e08\u5085\u8f66\u5f00\u7684\u5f88\u7a33  \u4e00\u5929\u884c\u7a0b\u4e5f\u662f\u6ee1\u6ee1\u5f53\u5f53  \u63a8\u8350"", ""date"": ""2024-10-24"", ""score"": 5, ""commentId"": ""237821248"", ""imgs"": [], ""userNickName"": ""\u53bb*\u6237"", ""replyCityName"": ""\u798f\u5efa"", ""cityName"": ""\u5e7f\u4e1c""}], ""score"": 5.0, ""commentCount"": 30}, ""statusCode"": 200}"
石庵,https://imgs.qunarzz.com/sight/p0/201403/07/e5bcbaef8065dbec5cbf830211b7355a.jpg_280x200_ff708459.jpg,潮州市,湘桥区,广东省潮州市湘桥区意溪镇桂坑村北面山麓,-1,-1.0,坳里巨石遍地，山上绿树成荫,https://piao.qunar.com/ticket/detail_3743039560.html?st=a3clM0QlRTYlQjklOTglRTYlQTElQTUlRTUlOEMlQkElMjZpZCUzRDE1MDYlMjZ0eXBlJTNEMCUyNmlkeCUzRDUwJTI2cXQlM0QlMjZhcGslM0QyJTI2c2MlM0RXV1clMjZ1ciUzRCVFNCVCOCVBRCVFNSVCMSVCMSUyNmxyJTNEJUU0JUI4JUFEJUU1JUIxJUIxJTI2ZnQlM0QlN0IlN0Q%3D#from=mpl_search_suggest,-1.0,N/A,石庵，是一处自然景观和人文景观兼备的文物风景区。顾名思义，石庵所处的位置怪石嶙峋，别具一格，景区的中心是个大山坳，坳里巨石遍地，山上绿树成荫，山泉潺潺，沿途种满了青梅果树，这里冬暖夏凉，气候怡人。据载，明朝末年，尚书黄锦选中此山坳作为避政隐居的地方，他以一个天然石洞作居室，取名“天然岩””3个大字，刻在天然岩对面一块巨石上”下端刻上“石庵”两字，石庵因此而得名。从山下沿迁回曲径而上，可见到左边峭壁上“寒拾留声”，“不昧因果”等摩崖石刻，再往上行，石庵便掩映在林木与岩石之中。石庵依山岩而建，上为佛堂，面宽三间，进深一间，白墙灰瓦，十分简朴。堂前种有一棵四季常开的桂花树，相传种植于明代，常年茂盛葱郁、芬芳馥郁。佛堂下方是天然岩洞，宽大如室，可纳数人，岩前空地可容几十人坐立。在巨石上”五字，为明代礼部尚书所题。更令人回味无穷的是：修建后的石庵，竟以简洁的风貌，使用水泥和“现代”铝合金结构建造。“古今结合”、“中西合璧”，是一处建筑风格比较现代式的庵寺。该石庵于1987年被列为潮州市重要文物保护单位,暂无,https://imgs.qunarzz.com/sight/p0/201403/07/e5bcbaef8065dbec5cbf830211b7355a.jpg_710x360_fd22d287.jpg〇https://qimgs.qunarzz.com/piao_qsight_provider_piao_qsight_web/6e534595-2b63-4094-ac28-6b323a6e4362.jpg_710x360_16cfe8d8.jpg〇https://qimgs.qunarzz.com/piao_qsight_provider_piao_qsight_web/3d5e6f672aae829baeafd0f82c7afcf8.jpg_710x360_a91668c8.jpg〇https://qimgs.qunarzz.com/piao_qsight_provider_piao_qsight_web/fb0000d4755c5f37.jpg_710x360_28da35da.jpg,"{""ret"": true, ""data"": {""tagList"": [{""tagType"": 0, ""tagScore"": 5, ""tagNum"": 0, ""tagName"": ""\u5168\u90e8""}], ""score"": 0.0, ""commentCount"": 0}, ""statusCode"": 200}"
开元寺,https://qimgs.qunarzz.com/piao_qsight_provider_piao_qsight_web/100310000000pd7wxEBE5_C_900_504.jpg_280x200_54f511bc.jpg,潮州市,湘桥区,广东省潮州市湘桥区开元路32号,11,5.0,访千年古刹，领略唐朝文化,https://piao.qunar.com/ticket/detail_1075025957.html?st=a3clM0QlRTYlQjklOTglRTYlQTElQTUlRTUlOEMlQkElMjZpZCUzRDMyMTclMjZ0eXBlJTNEMCUyNmlkeCUzRDglMjZxdCUzRCUyNmFwayUzRDIlMjZzYyUzRFdXVyUyNnVyJTNEJUU0JUI4JUFEJUU1JUIxJUIxJTI2bHIlM0QlRTQlQjglQUQlRTUlQjElQjElMjZmdCUzRCU3QiU3RA%3D%3D#from=mpl_search_suggest,60.0,N/A,潮州开元镇国禅寺始建于唐开元26年（公元738年），原即敕名开元寺，明代改开元镇国禅寺后延用至今，但一般仍习惯以“开元寺”称之，占地百亩之多，且至今仍存有北至广源街、东至开元路口、西于义安路内的寺界碑石或“开元古井”为证，虽经历代沧桑，至今全寺仍有约五十亩之广。开元寺经宋元明清至近代，先后十余次大规模整修，其中，非常值得国内外建筑界研究、观摩的是以（天王殿）为代表的宋代建筑群。这些以木料构筑的主要殿阁，是以木榫紧密衔接的，并以雕刻着龙头的斗拱送起支撑；殿顶为四重檐、双滴水，还有葫芦、鸱屋、双龙抢珠等嵌瓷装饰及琉璃瓦、彩绘丹墙等，历经千余年，虽经多次天灾人祸，至今仍保持着与日本东大寺相似的唐宋宫殿式建筑壮严肃穆的风格，所以得有“古代建筑艺术明珠”的美誉。除此之外，殿前四座石经幢，是建寺时所造，分别高5米8层或7米25层，其线条明快、凝炼的雕刻手法，让力士、覆莲、准提咒等图案文字，至今仍有可观；而大雄宝殿前的78块栏，分别刻有释迦牟尼佛八相成道的故事。,"1/1-12/31；周一至周日；07:00-12:00,13:00-17:00开园",https://qimgs.qunarzz.com/piao_qsight_provider_piao_qsight_web/100310000000pd7wxEBE5_C_900_504.jpg_710x360_1d05cb30.jpg〇https://qimgs.qunarzz.com/piao_qsight_provider_piao_qsight_web/0103a1200086v6q3wD5A2_C_900_504_Q90_Mtg_7.jpg_710x360_39b1a89c.jpg〇https://qimgs.qunarzz.com/piao_qsight_provider_piao_qsight_web/0103x1200086wt1n45E48_C_900_504_Q90_Mtg_7.jpg_710x360_9ee0648a.jpg〇https://qimgs.qunarzz.com/piao_qsight_provider_piao_qsight_web/100c10000000pe4uwCCC6_C_900_504_Q90_Mtg_7.jpg_710x360_bf4807aa.jpg〇https://qimgs.qunarzz.com/piao_qsight_provider_piao_qsight_web/100310000000pd7wxEBE5_C_900_504_Q90_Mtg_7.jpg_710x360_4804b71e.jpg〇https://imgs.qunarzz.com/sight/p0/1611/a2/a26fc2db258a0af5a3.water.jpg_710x360_42ca87e0.jpg〇https://imgs.qunarzz.com/sight/p0/1611/57/57d08986e9edec93a3.water.jpg_710x360_53bcae24.jpg〇https://imgs.qunarzz.com/sight/p0/1611/b3/b328996d23e4fd3fa3.water.jpg_710x360_aa2a7929.jpg〇https://imgs.qunarzz.com/sight/p0/1611/81/8165421090ac0599a3.water.jpg_710x360_e6288401.jpg〇https://qimgs.qunarzz.com/piao_qsight_provider_piao_qsight_web/189df17f093421b5.jpg_710x360_ba69ed14.jpg〇https://qimgs.qunarzz.com/piao_qsight_provider_piao_qsight_web/7cfefe622f8357b5.jpg_710x360_f2a9376c.jpg〇https://qimgs.qunarzz.com/piao_qsight_provider_piao_qsight_web/95c7b560d0d903b5.jpg_710x360_af06c0c1.jpg〇https://qimgs.qunarzz.com/piao_qsight_provider_piao_qsight_web/99d9b4c272106b5.jpg_710x360_b9cf8af3.jpg〇https://qimgs.qunarzz.com/piao_qsight_provider_piao_qsight_web/09edf406851d0db5.jpg_710x360_40a6ee4a.jpg〇https://qimgs.qunarzz.com/piao_qsight_provider_piao_qsight_web/347760e34889f4.jpg_710x360_ab2fe76d.jpg〇https://qimgs.qunarzz.com/piao_qsight_provider_piao_qsight_web/0e429b1609bdb759632d6c9ffd709d78.jpg_710x360_b80ad7f2.jpg〇https://qimgs.qunarzz.com/piao_qsight_provider_piao_qsight_web/ec565ae1effc2b103506d3b32e3cd199.jpg_710x360_85b320cc.jpg〇https://qimgs.qunarzz.com/piao_qsight_provider_piao_qsight_web/f761578fd61af06b51df2e6822f8ac8c.jpg_710x360_57f2c0a7.jpg〇https://qimgs.qunarzz.com/piao_qsight_provider_piao_qsight_web/023ba671263809d3f3a379cddb5f99dd.jpg_710x360_5ac9acd8.jpg〇https://qimgs.qunarzz.com/piao_qsight_provider_piao_qsight_web/fe1033562b1937e2bdababaef5ad957a.jpg_710x360_5167ab72.jpg〇https://qimgs.qunarzz.com/piao_qsight_provider_piao_qsight_web/ef8f14715183d7e968759090b180b8a2.jpg_710x360_b2a7502e.jpg〇https://qimgs.qunarzz.com/piao_qsight_provider_piao_qsight_web/64d89b05aec50d15f9d708fa8cce4046.jpg_710x360_ca62d5c3.jpg〇https://qimgs.qunarzz.com/piao_qsight_provider_piao_qsight_web/0360eeee991467ba557b106d528821b6.jpg_710x360_8afda363.jpg〇https://qimgs.qunarzz.com/piao_qsight_provider_piao_qsight_web/3f7b209a7ba5ab1267e09f297a4b0f13.jpg_710x360_6b317c07.jpg〇https://qimgs.qunarzz.com/piao_qsight_provider_piao_qsight_web/8dc00e77de78c7d0cf5d5c5682039152.jpg_710x360_02663002.jpg〇https://qimgs.qunarzz.com/piao_qsight_provider_piao_qsight_web/d0f6ce2cabf42d2c74c387cc97ac317c.jpg_710x360_3f6d54bb.jpg〇https://qimgs.qunarzz.com/piao_qsight_provider_piao_qsight_web/4569f11d065a7a10a79cceac7859ac6c.jpg_710x360_71931b88.jpg〇https://qimgs.qunarzz.com/piao_qsight_provider_piao_qsight_web/59f4c863f1a3205715209d6ea445dda6.jpg_710x360_024f6c94.jpg〇https://qimgs.qunarzz.com/piao_qsight_provider_piao_qsight_web/dd56be02fc9303520209d107c8e4b8f1.jpg_710x360_01dfba06.jpg,"{""ret"": true, ""data"": {""tagList"": [{""tagType"": 1, ""tagScore"": 5, ""tagNum"": 11, ""tagName"": ""\u597d\u8bc4""}, {""tagType"": 0, ""tagScore"": 5, ""tagNum"": 11, ""tagName"": ""\u5168\u90e8""}], ""commentList"": [{""author"": ""\u53bb*\u6237"", ""content"": ""\u7528\u6237\u672a\u70b9\u8bc4\uff0c\u7cfb\u7edf\u9ed8\u8ba4\u597d\u8bc4\u3002"", ""date"": ""2023-11-03"", ""score"": 5, ""commentId"": ""229962065"", ""imgs"": [], ""userNickName"": ""\u53bb*\u6237"", ""replyCityName"": """", ""cityName"": """"}, {""author"": ""\u53bb*\u6237"", ""content"": ""\u7528\u6237\u672a\u70b9\u8bc4\uff0c\u7cfb\u7edf\u9ed8\u8ba4\u597d\u8bc4\u3002"", ""date"": ""2023-11-03"", ""score"": 5, ""commentId"": ""229961542"", ""imgs"": [], ""userNickName"": ""\u53bb*\u6237"", ""replyCityName"": """", ""cityName"": """"}, {""author"": ""\u53bb*\u6237"", ""content"": ""\u7528\u6237\u672a\u70b9\u8bc4\uff0c\u7cfb\u7edf\u9ed8\u8ba4\u597d\u8bc4\u3002"", ""date"": ""2023-11-03"", ""score"": 5, ""commentId"": ""229961232"", ""imgs"": [], ""userNickName"": ""\u53bb*\u6237"", ""replyCityName"": """", ""cityName"": """"}, {""author"": ""\u53bb*\u6237"", ""content"": ""\u7528\u6237\u672a\u70b9\u8bc4\uff0c\u7cfb\u7edf\u9ed8\u8ba4\u597d\u8bc4\u3002"", ""date"": ""2023-11-03"", ""score"": 5, ""commentId"": ""229961110"", ""imgs"": [], ""userNickName"": ""\u53bb*\u6237"", ""replyCityName"": """", ""cityName"": """"}, {""author"": ""q*3"", ""content"": ""\u7528\u6237\u672a\u70b9\u8bc4\uff0c\u7cfb\u7edf\u9ed8\u8ba4\u597d\u8bc4\u3002"", ""date"": ""2023-09-07"", ""score"": 5, ""commentId"": ""228246315"", ""imgs"": [], ""userNickName"": ""q*3"", ""replyCityName"": """", ""cityName"": """"}, {""author"": ""q*3"", ""content"": ""\u7528\u6237\u672a\u70b9\u8bc4\uff0c\u7cfb\u7edf\u9ed8\u8ba4\u597d\u8bc4\u3002"", ""date"": ""2023-09-07"", ""score"": 5, ""commentId"": ""228246278"", ""imgs"": [], ""userNickName"": ""q*3"", ""replyCityName"": """", ""cityName"": """"}, {""author"": ""s*4"", ""content"": ""\u7528\u6237\u672a\u70b9\u8bc4\uff0c\u7cfb\u7edf\u9ed8\u8ba4\u597d\u8bc4\u3002"", ""date"": ""2023-09-04"", ""score"": 5, ""commentId"": ""228076232"", ""imgs"": [], ""userNickName"": ""s*4"", ""replyCityName"": """", ""cityName"": """"}, {""author"": ""\u5c0f*\u754c"", ""content"": ""\u7528\u6237\u672a\u70b9\u8bc4\uff0c\u7cfb\u7edf\u9ed8\u8ba4\u597d\u8bc4\u3002"", ""date"": ""2023-08-10"", ""score"": 5, ""commentId"": ""227191220"", ""imgs"": [], ""userNickName"": ""\u5c0f*\u754c"", ""replyCityName"": """", ""cityName"": """"}, {""author"": ""\u5c0f*\u754c"", ""content"": ""\u7528\u6237\u672a\u70b9\u8bc4\uff0c\u7cfb\u7edf\u9ed8\u8ba4\u597d\u8bc4\u3002"", ""date"": ""2023-08-10"", ""score"": 5, ""commentId"": ""227190539"", ""imgs"": [], ""userNickName"": ""\u5c0f*\u754c"", ""replyCityName"": """", ""cityName"": """"}, {""author"": ""x*0"", ""content"": ""\u7528\u6237\u672a\u70b9\u8bc4\uff0c\u7cfb\u7edf\u9ed8\u8ba4\u597d\u8bc4\u3002"", ""date"": ""2023-04-25"", ""score"": 5, ""commentId"": ""225219436"", ""imgs"": [], ""userNickName"": ""x*0"", ""replyCityName"": """", ""cityName"": """"}], ""score"": 5.0, ""commentCount"": 11}, ""statusCode"": 200}"
潮州灵栖谷,https://qimgs.qunarzz.com/piao_qsight_provider_piao_qsight_web/1lo2312000c9l2j9uE8EE_C_900_504.jpg_280x200_724af53b.jpg,潮州市,湘桥区,广东省潮州市湘桥区意溪镇锡美村紫莲山内,1,5.0,N/A,https://piao.qunar.com/ticket/detail_223997306.html?st=a3clM0QlRTYlQjklOTglRTYlQTElQTUlRTUlOEMlQkElMjZpZCUzRDUyMjg1NiUyNnR5cGUlM0QwJTI2aWR4JTNENyUyNnF0JTNEJTI2YXBrJTNEMiUyNnNjJTNEV1dXJTI2dXIlM0QlRTQlQjglQUQlRTUlQjElQjElMjZsciUzRCVFNCVCOCVBRCVFNSVCMSVCMSUyNmZ0JTNEJTdCJTdE#from=mpl_search_suggest,45.0,N/A,N/A,1/1-12/31；周一至周日；08:30-17:30开园,https://qimgs.qunarzz.com/piao_qsight_provider_piao_qsight_web/1lo2312000c9l2j9uE8EE_C_900_504.jpg_710x360_8ded3402.jpg〇https://qimgs.qunarzz.com/piao_qsight_provider_piao_qsight_web/1lo6t12000c9l26sf6AC3_C_900_504_Q90_Mtg_7.jpg_710x360_a815aa36.jpg〇https://qimgs.qunarzz.com/piao_qsight_provider_piao_qsight_web/1lo6a12000c9l2acs2799_C_900_504_Q90_Mtg_7.jpg_710x360_34c63f23.jpg〇https://qimgs.qunarzz.com/piao_qsight_provider_piao_qsight_web/1lo2w12000c9l24vt777C_C_900_504_Q90_Mtg_7.jpg_710x360_21be3ee7.jpg〇https://qimgs.qunarzz.com/piao_qsight_provider_piao_qsight_web/1lo4p12000c9l23sl1790_C_900_504_Q90_Mtg_7.jpg_710x360_6f4b58cd.jpg〇https://qimgs.qunarzz.com/piao_qsight_provider_piao_qsight_web/1lo0x12000c9l22hoF86F_C_900_504_Q90_Mtg_7.jpg_710x360_b0da6f1a.jpg〇https://qimgs.qunarzz.com/piao_qsight_provider_piao_qsight_web/1lo4812000c9l2d5z3648_C_900_504_Q90_Mtg_7.jpg_710x360_4de60203.jpg〇https://qimgs.qunarzz.com/piao_qsight_provider_piao_qsight_web/1lo4r12000c9l1yh2093E_C_900_504_Q90_Mtg_7.jpg_710x360_8a0b94d9.jpg〇https://qimgs.qunarzz.com/piao_qsight_provider_piao_qsight_web/1lo0a12000c9l23sr7E1D_C_900_504_Q90_Mtg_7.jpg_710x360_f77fd93f.jpg〇https://qimgs.qunarzz.com/piao_qsight_provider_piao_qsight_web/1lo5n12000c9l285a06E6_C_900_504_Q90_Mtg_7.jpg_710x360_7f814812.jpg〇https://qimgs.qunarzz.com/piao_qsight_provider_piao_qsight_web/1lo2312000c9l2j9uE8EE_C_900_504_Q90_Mtg_7.jpg_710x360_0c7313b6.jpg,"{""ret"": true, ""data"": {""tagList"": [{""tagType"": 1, ""tagScore"": 5, ""tagNum"": 1, ""tagName"": ""\u597d\u8bc4""}, {""tagType"": 0, ""tagScore"": 5, ""tagNum"": 1, ""tagName"": ""\u5168\u90e8""}], ""commentList"": [{""author"": ""h*8"", ""content"": ""\u7528\u6237\u672a\u70b9\u8bc4\uff0c\u7cfb\u7edf\u9ed8\u8ba4\u597d\u8bc4\u3002"", ""date"": ""2024-01-03"", ""score"": 5, ""commentId"": ""230940293"", ""imgs"": [], ""userNickName"": ""h*8"", ""replyCityName"": """", ""cityName"": """"}], ""score"": 5.0, ""commentCount"": 1}, ""statusCode"": 200}"
吉象主题乐园,https://qimgs.qunarzz.com/piao_qsight_provider_piao_qsight_web/temp181760507490575869540104312000c78cce15021_wmr.jpg_280x200_4d30dc6b.jpg,潮州市,湘桥区,广东省潮州市湘桥区东山路慧如公园内,16,5.0,N/A,https://piao.qunar.com/ticket/detail_2641031688.html?st=a3clM0QlRTYlQjklOTglRTYlQTElQTUlRTUlOEMlQkElMjZpZCUzRDUyMzIyNyUyNnR5cGUlM0QwJTI2aWR4JTNENiUyNnF0JTNEJTI2YXBrJTNEMiUyNnNjJTNEV1dXJTI2dXIlM0QlRTQlQjglQUQlRTUlQjElQjElMjZsciUzRCVFNCVCOCVBRCVFNSVCMSVCMSUyNmZ0JTNEJTdCJTdE#from=mpl_search_suggest,20.0,N/A,N/A,1/1-12/31；周一至周日；08:30-18:00开园,https://qimgs.qunarzz.com/piao_qsight_provider_piao_qsight_web/temp181760507490575869540104312000c78cce15021_wmr.jpg_710x360_ac5fddf2.jpg,"{""ret"": true, ""data"": {""tagList"": [{""tagType"": 1, ""tagScore"": 5, ""tagNum"": 16, ""tagName"": ""\u597d\u8bc4""}, {""tagType"": 0, ""tagScore"": 5, ""tagNum"": 16, ""tagName"": ""\u5168\u90e8""}], ""commentList"": [{""author"": ""f*9"", ""content"": ""\u7528\u6237\u672a\u70b9\u8bc4\uff0c\u7cfb\u7edf\u9ed8\u8ba4\u597d\u8bc4\u3002"", ""date"": ""2024-12-01"", ""score"": 5, ""commentId"": ""239031392"", ""imgs"": [], ""userNickName"": ""f*9"", ""replyCityName"": """", ""cityName"": """"}, {""author"": ""f*9"", ""content"": ""\u7528\u6237\u672a\u70b9\u8bc4\uff0c\u7cfb\u7edf\u9ed8\u8ba4\u597d\u8bc4\u3002"", ""date"": ""2024-12-01"", ""score"": 5, ""commentId"": ""239031383"", ""imgs"": [], ""userNickName"": ""f*9"", ""replyCityName"": """", ""cityName"": """"}, {""author"": ""\u6700*\u9634"", ""content"": ""\u7528\u6237\u672a\u70b9\u8bc4\uff0c\u7cfb\u7edf\u9ed8\u8ba4\u597d\u8bc4\u3002"", ""date"": ""2024-12-01"", ""score"": 5, ""commentId"": ""239023301"", ""imgs"": [], ""userNickName"": ""\u6700*\u9634"", ""replyCityName"": """", ""cityName"": """"}, {""author"": ""g*a"", ""content"": ""\u4ece\u724c\u574a\u8fc7\u6765\u624d\u51e0\u516c\u91cc\uff0c\u5f88\u65b9\u4fbf\uff0c\u505c\u8f66\u4e5f\u5f88\u65b9\u4fbf\u3002\u56ed\u533a\u91cc\u90fd\u662f\u65e0\u52a8\u529b\u7684\uff0c\u5f88\u597d\uff0c\u6709\u4e00\u4e9b\u8981\u5409\u8c61\u5e01\u3002\u5c0f\u5b69\u5b50\u5f88\u559c\u6b22\uff0c\u80fd\u591f\u722c\u6765\u722c\u53bb\u5927\u4eba\u66f4\u5f00\u5fc3\uff01"", ""date"": ""2024-02-17"", ""score"": 5, ""commentId"": ""231463959"", ""imgs"": [{""small"": ""https://qimgs.qunarzz.com/mp_piao_0001/temp7892940459327610008file_1708138467000.jpg_120x120_b04ceb1c.jpg"", ""title"": """", ""big"": ""https://qimgs.qunarzz.com/mp_piao_0001/temp7892940459327610008file_1708138467000.jpg""}, {""small"": ""https://qimgs.qunarzz.com/mp_piao_0001/temp8073339232164804542file_1708138467000.jpg_120x120_a69016c1.jpg"", ""title"": """", ""big"": ""https://qimgs.qunarzz.com/mp_piao_0001/temp8073339232164804542file_1708138467000.jpg""}, {""small"": ""https://qimgs.qunarzz.com/mp_piao_0001/temp6329160995492824842file_1708138467000.jpg_120x120_86d74d80.jpg"", ""title"": """", ""big"": ""https://qimgs.qunarzz.com/mp_piao_0001/temp6329160995492824842file_1708138467000.jpg""}, {""small"": ""https://qimgs.qunarzz.com/mp_piao_0001/temp7410571519403608341file_1708138467000.jpg_120x120_a0cbce3c.jpg"", ""title"": """", ""big"": ""https://qimgs.qunarzz.com/mp_piao_0001/temp7410571519403608341file_1708138467000.jpg""}], ""userNickName"": ""g*a"", ""replyCityName"": """", ""cityName"": ""\u5e7f\u4e1c""}, {""author"": ""\u53bb*\u6237"", ""content"": ""\u7528\u6237\u672a\u70b9\u8bc4\uff0c\u7cfb\u7edf\u9ed8\u8ba4\u597d\u8bc4\u3002"", ""date"": ""2024-06-19"", ""score"": 5, ""commentId"": ""234389851"", ""imgs"": [], ""userNickName"": ""\u53bb*\u6237"", ""replyCityName"": """", ""cityName"": """"}, {""author"": ""\u53bb*\u6237"", ""content"": ""\u7528\u6237\u672a\u70b9\u8bc4\uff0c\u7cfb\u7edf\u9ed8\u8ba4\u597d\u8bc4\u3002"", ""date"": ""2024-06-17"", ""score"": 5, ""commentId"": ""234351900"", ""imgs"": [], ""userNickName"": ""\u53bb*\u6237"", ""replyCityName"": """", ""cityName"": """"}, {""author"": ""\u53bb*\u6237"", ""content"": ""\u7528\u6237\u672a\u70b9\u8bc4\uff0c\u7cfb\u7edf\u9ed8\u8ba4\u597d\u8bc4\u3002"", ""date"": ""2024-06-17"", ""score"": 5, ""commentId"": ""234351896"", ""imgs"": [], ""userNickName"": ""\u53bb*\u6237"", ""replyCityName"": """", ""cityName"": """"}, {""author"": ""g*a"", ""content"": ""\u7528\u6237\u672a\u70b9\u8bc4\uff0c\u7cfb\u7edf\u9ed8\u8ba4\u597d\u8bc4\u3002"", ""date"": ""2024-06-17"", ""score"": 5, ""commentId"": ""234351867"", ""imgs"": [], ""userNickName"": ""g*a"", ""replyCityName"": """", ""cityName"": """"}, {""author"": ""o*9"", ""content"": ""\u7528\u6237\u672a\u70b9\u8bc4\uff0c\u7cfb\u7edf\u9ed8\u8ba4\u597d\u8bc4\u3002"", ""date"": ""2024-06-10"", ""score"": 5, ""commentId"": ""234283077"", ""imgs"": [], ""userNickName"": ""o*9"", ""replyCityName"": """", ""cityName"": """"}, {""author"": ""v*5"", ""content"": ""\u7528\u6237\u672a\u70b9\u8bc4\uff0c\u7cfb\u7edf\u9ed8\u8ba4\u597d\u8bc4\u3002"", ""date"": ""2024-02-20"", ""score"": 5, ""commentId"": ""231494115"", ""imgs"": [], ""userNickName"": ""v*5"", ""replyCityName"": """", ""cityName"": """"}], ""score"": 5.0, ""commentCount"": 16}, ""statusCode"": 200}"
许驸马府,https://qimgs.qunarzz.com/piao_qsight_provider_piao_qsight_web/01A20120008mo5ideC36A_C_900_504.jpg_280x200_eefba308.jpg,潮州市,湘桥区,潮州市湘桥区中山路葡萄巷东府埕4号,20,4.8,古朴大方的宋代府第建筑,https://piao.qunar.com/ticket/detail_2476110592.html?st=a3clM0QlRTYlQjklOTglRTYlQTElQTUlRTUlOEMlQkElMjZpZCUzRDYyNjklMjZ0eXBlJTNEMCUyNmlkeCUzRDUlMjZxdCUzRCUyNmFwayUzRDIlMjZzYyUzRFdXVyUyNnVyJTNEJUU0JUI4JUFEJUU1JUIxJUIxJTI2bHIlM0QlRTQlQjglQUQlRTUlQjElQjElMjZmdCUzRCU3QiU3RA%3D%3D#from=mpl_search_suggest,7.0,N/A,为北宋宋英宗皇帝之女德安公主之驸马许钰的府第。该府第始建于宋英宗治平年间。历代屡有维修，但至今仍较好地保留了始建年代的平面布局及特色。许驸马府，座北朝南偏东8度，面宽42米，进深47米，建筑面积约 1800平方米。主体建筑为三进五间。首进与后座均带插山厅、房合为九间。中厅东西围屋带从厝厅、房及书斋。上厅的后面有横贯全宅的后院，主体的三进与插山构成“工字”格局，围屋隐伏于中座两旁山墙外，形成独厅、独院、独天井之独特设置。墙体为板筑夯灰和青砖条浆砌，后座正厅东侧二幅墙壁仍保留桃红之竹编灰壁。整座建筑结构严谨，古朴大方，1997年列为全国重点文物保护单位。,1/1-12/31；周二至周日；09:00-17:30开园；（17:00停止入园）,https://qimgs.qunarzz.com/piao_qsight_provider_piao_qsight_web/01A20120008mo5ideC36A_C_900_504.jpg_710x360_debe0451.jpg〇https://qimgs.qunarzz.com/piao_qsight_provider_piao_qsight_web/0aa57c83230761e76af8ee29cabc5589.jpg_710x360_28231d99.jpg〇https://qimgs.qunarzz.com/piao_qsight_provider_piao_qsight_web/a2b8c206b8002fe4f28af668ea610fcf.jpg_710x360_3ea1d9e9.jpg〇https://qimgs.qunarzz.com/piao_qsight_provider_piao_qsight_web/6f67d6413bd49f2baceab015b57ae7f6.jpg_710x360_872af469.jpg〇https://qimgs.qunarzz.com/piao_qsight_provider_piao_qsight_web/4c72291015fed1220d3c1ff541e30d04.jpg_710x360_9b3b54cd.jpg〇https://qimgs.qunarzz.com/piao_qsight_provider_piao_qsight_web/aec64623dbb102622a3a533a69e9b97b.jpg_710x360_4c29124c.jpg〇https://qimgs.qunarzz.com/piao_qsight_provider_piao_qsight_web/e4c385f196f41f972ba53aa6cc1e831c.jpg_710x360_f47c0170.jpg〇https://qimgs.qunarzz.com/piao_qsight_provider_piao_qsight_web/74d6bce2dbe141efa57d9f3028bf1bfc.jpg_710x360_4fd0a3c3.jpg〇https://qimgs.qunarzz.com/piao_qsight_provider_piao_qsight_web/e3c19a70e90fd4e76572fdd13773dcf4.jpg_710x360_2dd831b3.jpg〇https://qimgs.qunarzz.com/piao_qsight_provider_piao_qsight_web/86a5b85f7c7856b5.jpg_710x360_4dd82e0f.jpg〇https://qimgs.qunarzz.com/piao_qsight_provider_piao_qsight_web/d516330649ead3b5.jpg_710x360_4049ea07.jpg〇https://qimgs.qunarzz.com/piao_qsight_provider_piao_qsight_web/74d7757a8c42d7b5.jpg_710x360_39256364.jpg〇https://qimgs.qunarzz.com/piao_qsight_provider_piao_qsight_web/1719deb906733eb5.jpg_710x360_07b4101c.jpg〇https://qimgs.qunarzz.com/piao_qsight_provider_piao_qsight_web/58e22def0f71c9b5.jpg_710x360_79f6f43e.jpg〇https://qimgs.qunarzz.com/piao_qsight_provider_piao_qsight_web/8c90db7c87605a37.jpg_710x360_73d7a923.jpg〇https://qimgs.qunarzz.com/piao_qsight_provider_piao_qsight_web/4fbe901a576b48b5.jpg_710x360_0eb52486.jpg〇https://qimgs.qunarzz.com/piao_qsight_provider_piao_qsight_web/6598be0906b5d0b5.jpg_710x360_acf4f4db.jpg〇https://qimgs.qunarzz.com/piao_qsight_provider_piao_qsight_web/34d6dce00ee948b5.jpg_710x360_db62e3c0.jpg〇https://qimgs.qunarzz.com/piao_qsight_provider_piao_qsight_web/e8f9ef5c2ca87b5.jpg_710x360_bd112066.jpg〇https://qimgs.qunarzz.com/piao_qsight_provider_piao_qsight_web/8a2bda77ad0c40b5.jpg_710x360_2ac6c126.jpg〇https://qimgs.qunarzz.com/piao_qsight_provider_piao_qsight_web/e3d91cd860e802b5.jpg_710x360_1d08f479.jpg,"{""ret"": true, ""data"": {""tagList"": [{""tagType"": 3, ""tagScore"": 5, ""tagNum"": 1, ""tagName"": ""\u5dee\u8bc4""}, {""tagType"": 1, ""tagScore"": 5, ""tagNum"": 19, ""tagName"": ""\u597d\u8bc4""}, {""tagType"": 0, ""tagScore"": 5, ""tagNum"": 20, ""tagName"": ""\u5168\u90e8""}], ""commentList"": [{""author"": ""\u7cbe*\u60d1"", ""content"": ""\u7528\u6237\u672a\u70b9\u8bc4\uff0c\u7cfb\u7edf\u9ed8\u8ba4\u597d\u8bc4\u3002"", ""date"": ""2024-12-07"", ""score"": 5, ""commentId"": ""239124414"", ""imgs"": [], ""userNickName"": ""\u7cbe*\u60d1"", ""replyCityName"": """", ""cityName"": """"}, {""author"": ""\u53bb*\u6237"", ""content"": ""\u7528\u6237\u672a\u70b9\u8bc4\uff0c\u7cfb\u7edf\u9ed8\u8ba4\u597d\u8bc4\u3002"", ""date"": ""2024-11-17"", ""score"": 5, ""commentId"": ""238810873"", ""imgs"": [], ""userNickName"": ""\u53bb*\u6237"", ""replyCityName"": """", ""cityName"": """"}, {""author"": ""\u53bb*\u6237"", ""content"": ""\u7528\u6237\u672a\u70b9\u8bc4\uff0c\u7cfb\u7edf\u9ed8\u8ba4\u597d\u8bc4\u3002"", ""date"": ""2024-08-12"", ""score"": 5, ""commentId"": ""235421882"", ""imgs"": [], ""userNickName"": ""\u53bb*\u6237"", ""replyCityName"": """", ""cityName"": """"}, {""author"": ""e*2"", ""content"": ""\u7528\u6237\u672a\u70b9\u8bc4\uff0c\u7cfb\u7edf\u9ed8\u8ba4\u597d\u8bc4\u3002"", ""date"": ""2024-08-06"", ""score"": 5, ""commentId"": ""235253764"", ""imgs"": [], ""userNickName"": ""e*2"", ""replyCityName"": """", ""cityName"": """"}, {""author"": ""y*2"", ""content"": ""\u7528\u6237\u672a\u70b9\u8bc4\uff0c\u7cfb\u7edf\u9ed8\u8ba4\u597d\u8bc4\u3002"", ""date"": ""2024-08-03"", ""score"": 5, ""commentId"": ""235186814"", ""imgs"": [], ""userNickName"": ""y*2"", ""replyCityName"": """", ""cityName"": """"}, {""author"": ""\u5c0f*\u5973"", ""content"": ""\u7528\u6237\u672a\u70b9\u8bc4\uff0c\u7cfb\u7edf\u9ed8\u8ba4\u597d\u8bc4\u3002"", ""date"": ""2024-06-16"", ""score"": 5, ""commentId"": ""234340847"", ""imgs"": [], ""userNickName"": ""\u5c0f*\u5973"", ""replyCityName"": """", ""cityName"": """"}, {""author"": ""\u53bb*\u6237"", ""content"": ""\u7528\u6237\u672a\u70b9\u8bc4\uff0c\u7cfb\u7edf\u9ed8\u8ba4\u597d\u8bc4\u3002"", ""date"": ""2024-04-15"", ""score"": 5, ""commentId"": ""232911297"", ""imgs"": [], ""userNickName"": ""\u53bb*\u6237"", ""replyCityName"": """", ""cityName"": """"}, {""author"": ""j*1"", ""content"": ""\u7528\u6237\u672a\u70b9\u8bc4\uff0c\u7cfb\u7edf\u9ed8\u8ba4\u597d\u8bc4\u3002"", ""date"": ""2024-03-30"", ""score"": 5, ""commentId"": ""232713844"", ""imgs"": [], ""userNickName"": ""j*1"", ""replyCityName"": """", ""cityName"": """"}, {""author"": ""l*3"", ""content"": ""\u7528\u6237\u672a\u70b9\u8bc4\uff0c\u7cfb\u7edf\u9ed8\u8ba4\u597d\u8bc4\u3002"", ""date"": ""2024-03-29"", ""score"": 5, ""commentId"": ""232706020"", ""imgs"": [], ""userNickName"": ""l*3"", ""replyCityName"": """", ""cityName"": """"}, {""author"": ""m*9"", ""content"": ""\u7528\u6237\u672a\u70b9\u8bc4\uff0c\u7cfb\u7edf\u9ed8\u8ba4\u597d\u8bc4\u3002"", ""date"": ""2023-06-13"", ""score"": 5, ""commentId"": ""226183257"", ""imgs"": [], ""userNickName"": ""m*9"", ""replyCityName"": """", ""cityName"": """"}], ""score"": 4.8, ""commentCount"": 20}, ""statusCode"": 200}"
韩文公祠,https://qimgs.qunarzz.com/piao_qsight_provider_piao_qsight_web/0104712000f6t3h8f7817_C_900_504.jpg_280x200_b4fef4cd.jpg,潮州市,湘桥区,潮州市湘桥区桥东街道桥东社区东兴北路,310,4.5,为纪念韩愈而建的祠庙,https://piao.qunar.com/ticket/detail_228509128.html?st=a3clM0QlRTYlQjklOTglRTYlQTElQTUlRTUlOEMlQkElMjZpZCUzRDQ3MTIlMjZ0eXBlJTNEMCUyNmlkeCUzRDQlMjZxdCUzRCUyNmFwayUzRDIlMjZzYyUzRFdXVyUyNnVyJTNEJUU0JUI4JUFEJUU1JUIxJUIxJTI2bHIlM0QlRTQlQjglQUQlRTUlQjElQjElMjZmdCUzRCU3QiU3RA%3D%3D#from=mpl_search_suggest,9.0,4A景区,韩文公祠在韩江东岸笔架山麓，建于宋。韩文公词倚山临水，古朴清幽，庄重肃穆。1984年春，中共中央*胡耀邦视察潮州时，为韩祠题写“韩文公祠”四字。同年，广东省人民政府拨款对韩祠进行全面修缮。修缮后的韩文公祠，由东兴街登上磴道，迎面耸立的是“韩文公祠”坊，坊后甬道南侧是新辟建的100米碑廊，有几十幅现代政要名士歌颂韩愈而题写的碑刻。沿51级台阶的蹬道而上，便是韩文公祠主体。祠前原有一株参天橡木。如今橡木已为粗壮高大的木棉树所代替。祠面宽18.7米，进深31.8米，分前、后两进，后进比头进高2.5米。后厅居中立韩愈塑像，两旁是侍童，即传说中的张千和李万、祠侧面有允元亭，祠后登石阶面上是侍郎阁。阁前是韩愈石雕头像，阁内陈列着文物。韩文公祠现保存历代碑刻40幅，较著名的有明代的《增修韩祠之记》、《*不在禹下》和清代篆刻《传道起文》、重刻的《潮州昌黎伯韩文公庙碑》等，还有多位现代名人书写的牌匾。1989年韩文公祠被列为广东省重点文物保护单位。,1/1-12/31；周二至周日；08:30-17:00开园,https://qimgs.qunarzz.com/piao_qsight_provider_piao_qsight_web/0104712000f6t3h8f7817_C_900_504.jpg_710x360_f097aedf.jpg〇https://qimgs.qunarzz.com/piao_qsight_provider_piao_qsight_web/0104712000f6t3h8f7817_C_900_504_Q90_Mtg_7.jpg_710x360_798eeff7.jpg〇https://qimgs.qunarzz.com/piao_qsight_provider_piao_qsight_web/0101x120008a9y3fvCC35_C_900_504_Q90_Mtg_7.jpg_710x360_3d67a8c4.jpg〇https://imgs.qunarzz.com/sight/p0/1612/71/7181cddf6447a692a3.water.jpg_710x360_1c1a2c55.jpg〇https://imgs.qunarzz.com/sight/p0/1612/c9/c93bf41a8e0329c9a3.water.jpg_710x360_17d5c72d.jpg〇https://imgs.qunarzz.com/sight/p0/1612/14/146bda3fcf0c5323a3.water.jpg_710x360_d4469b73.jpg〇https://imgs.qunarzz.com/sight/p0/1612/bd/bdf19a777674b0a0a3.water.jpg_710x360_0217b159.jpg〇https://qimgs.qunarzz.com/piao_qsight_provider_piao_qsight_web/b781f03dc126c061de39b23ac61ee356.jpg_710x360_5a5c6c1c.jpg〇https://qimgs.qunarzz.com/piao_qsight_provider_piao_qsight_web/0191d9f4a76c01287f7052e0940fb910.jpg_710x360_99b03981.jpg〇https://qimgs.qunarzz.com/piao_qsight_provider_piao_qsight_web/9d67e0cd25b289b4b962e4bcaaff9673.jpg_710x360_77b80363.jpg〇https://qimgs.qunarzz.com/piao_qsight_provider_piao_qsight_web/c200444ac9ec2915ffa7f844f7f128e2.jpg_710x360_0cf379d0.jpg〇https://qimgs.qunarzz.com/piao_qsight_provider_piao_qsight_web/698c4dd125eaa96a8d9e1ae9e1de57f0.jpg_710x360_c7ca5bcb.jpg〇https://qimgs.qunarzz.com/piao_qsight_provider_piao_qsight_web/75a51414ab8209b6e06751c2af5ed8e7.jpg_710x360_f356e2f2.jpg〇https://qimgs.qunarzz.com/piao_qsight_provider_piao_qsight_web/2f7d1b7262cc6140c916de6d456736ca.jpg_710x360_5a3ec282.jpg〇https://qimgs.qunarzz.com/piao_qsight_provider_piao_qsight_web/1a658ef91deb159647b544e0b4655e3f.jpg_710x360_97af5e0c.jpg〇https://qimgs.qunarzz.com/piao_qsight_provider_piao_qsight_web/b96244211c46f522fc43bb85bb780269.jpg_710x360_a584d8cb.jpg〇https://qimgs.qunarzz.com/piao_qsight_provider_piao_qsight_web/871c5bf0d751a0949726ef84f5df0138.jpg_710x360_e446a66f.jpg〇https://qimgs.qunarzz.com/piao_qsight_provider_piao_qsight_web/406706122b58a0e0ab3657ab17d28d56.jpg_710x360_483fdd91.jpg〇https://qimgs.qunarzz.com/piao_qsight_provider_piao_qsight_web/e707ad7ad15c7cd2ac6bbcf9c1ce565b.jpg_710x360_2dec730e.jpg〇https://qimgs.qunarzz.com/piao_qsight_provider_piao_qsight_web/18ba0583340761382b665a15e15bab20.jpg_710x360_daa628b4.jpg〇https://qimgs.qunarzz.com/piao_qsight_provider_piao_qsight_web/f9e9034c06f27e3546f984e7e381cb00.jpg_710x360_2400b111.jpg〇https://qimgs.qunarzz.com/piao_qsight_provider_piao_qsight_web/73a6c1130ab0cf2e74f191958d148f56.jpg_710x360_19ca9394.jpg〇https://qimgs.qunarzz.com/piao_qsight_provider_piao_qsight_web/c02bd2cfc89d0dbc924927680228c446.jpg_710x360_07405fb0.jpg〇https://qimgs.qunarzz.com/piao_qsight_provider_piao_qsight_web/e93a946ee60bf86116649f202bdbe1fe.jpg_710x360_e5a55aa8.jpg〇https://qimgs.qunarzz.com/piao_qsight_provider_piao_qsight_web/f89c1cc4-ef97-47e9-af3e-0f7bf0fb6902.jpg_710x360_b3aa7768.jpg〇https://qimgs.qunarzz.com/piao_qsight_provider_piao_qsight_web/1563218426839100t16000000zouky931F_D_640_10000.jpg_710x360_40a65d3d.jpg〇https://qimgs.qunarzz.com/piao_qsight_provider_piao_qsight_web/1563218426645100q16000000zq38g331D_D_640_10000.jpg_710x360_4017cb6b.jpg,"{""ret"": true, ""data"": {""tagList"": [{""tagType"": 32, ""tagScore"": 5, ""tagNum"": 6, ""tagName"": ""\u670d\u52a1\u597d""}, {""tagType"": 16, ""tagScore"": 5, ""tagNum"": 5, ""tagName"": ""\u9760\u8c31""}, {""tagType"": 8, ""tagScore"": 5, ""tagNum"": 3, ""tagName"": ""\u4fbf\u5b9c""}, {""tagType"": 4, ""tagScore"": 5, ""tagNum"": 1, ""tagName"": ""\u53d6\u7968\u65b9\u4fbf""}, {""tagType"": 3, ""tagScore"": 5, ""tagNum"": 1, ""tagName"": ""\u5dee\u8bc4""}, {""tagType"": 2, ""tagScore"": 5, ""tagNum"": 13, ""tagName"": ""\u4e2d\u8bc4""}, {""tagType"": 1, ""tagScore"": 5, ""tagNum"": 285, ""tagName"": ""\u597d\u8bc4""}, {""tagType"": 0, ""tagScore"": 5, ""tagNum"": 310, ""tagName"": ""\u5168\u90e8""}], ""commentList"": [{""author"": ""s*6"", ""content"": ""\u867d\u7136\u70df\u96e8\u8499\u8499\uff0c\u5929\u6c14\u9690\u6666\uff0c\u4f46\u662f\u4e5f\u770b\u5230\u4e86\u522b\u6837\u7684\u5357\u6fb3\u5c9b\uff01\u4eba\u4e0d\u90fd\u591a\uff0c\u53f8\u673a\u232fo\u1d17o\u232f\u5c0f\u90ed\u7f8e\u5973\u5e08\u5085\uff0c\u975e\u5e38\u8d1f\u8d23\uff0c\u8f66\u6280\u4e5f\u5f88\u7a33\uff0c\u5168\u7a0b\u966a\u540c\uff0c\u8fd8\u7ed9\u6211\u4eec\u7167\u76f8\uff0c\u5f88\u9760\u8c31\uff0c\u5e0c\u671b\u6709\u673a\u4f1a\u518d\u6765\u89c1\u89c1\u6674\u7a7a\u4e07\u91cc\uff0c\u9633\u5149\u660e\u5a9a\u7684\u5357\u6fb3\u5c9b\uff0c\u8fd8\u662f\u5c0f\u90ed\u5e08\u5085\u7684\u966a\u540c\u3002"", ""date"": ""2024-07-28"", ""score"": 5, ""commentId"": ""235060366"", ""imgs"": [{""small"": ""https://qimgs.qunarzz.com/mp_piao_0001/temp1690573298235051552file_1722132735000.jpg_120x120_470b0258.jpg"", ""title"": """", ""big"": ""https://qimgs.qunarzz.com/mp_piao_0001/temp1690573298235051552file_1722132735000.jpg""}, {""small"": ""https://qimgs.qunarzz.com/mp_piao_0001/temp5015218309575325039file_1722132735000.jpg_120x120_1a2d22ba.jpg"", ""title"": """", ""big"": ""https://qimgs.qunarzz.com/mp_piao_0001/temp5015218309575325039file_1722132735000.jpg""}, {""small"": ""https://qimgs.qunarzz.com/mp_piao_0001/temp1389060780528894517file_1722132735000.jpg_120x120_8e349408.jpg"", ""title"": """", ""big"": ""https://qimgs.qunarzz.com/mp_piao_0001/temp1389060780528894517file_1722132735000.jpg""}, {""small"": ""https://qimgs.qunarzz.com/mp_piao_0001/temp6723218614110090727file_1722132735000.jpg_120x120_c0e53213.jpg"", ""title"": """", ""big"": ""https://qimgs.qunarzz.com/mp_piao_0001/temp6723218614110090727file_1722132735000.jpg""}, {""small"": ""https://qimgs.qunarzz.com/mp_piao_0001/temp16361908281671995839file_1722132735000.jpg_120x120_d9bb485f.jpg"", ""title"": """", ""big"": ""https://qimgs.qunarzz.com/mp_piao_0001/temp16361908281671995839file_1722132735000.jpg""}, {""small"": ""https://qimgs.qunarzz.com/mp_piao_0001/temp6119435367028317487file_1722132735000.jpg_120x120_2743c308.jpg"", ""title"": """", ""big"": ""https://qimgs.qunarzz.com/mp_piao_0001/temp6119435367028317487file_1722132735000.jpg""}], ""userNickName"": ""s*6"", ""replyCityName"": ""\u798f\u5efa"", ""cityName"": ""\u5e7f\u4e1c""}, {""author"": ""a*1"", ""content"": ""\u4f53\u9a8c\u5f88\u68d2\uff0c\u670d\u52a1\u5f88\u597d\uff0c\u6027\u4ef7\u6bd4\u9ad8\uff0c\u8f66\u5185\u5916\u975e\u5e38\u5e72\u51c0\u6574\u6d01\u3002\u5f20\u5e08\u5085\u5f88\u5065\u8c08\uff0c\u548c\u5584\u3002\u7ec6\u5fc3\u5468\u5230\uff0c\u5e26\u6211\u4eec\u5403\u597d\uff0c\u73a9\u597d\u3002\u4ecb\u7ecd\u98ce\u571f\u4eba\u60c5\uff0c\u5f88\u68d2\uff01\u603b\u4f53\u8d85\u8d5e[ThumbsUp][ThumbsUp][ThumbsUp]"", ""date"": ""2024-12-17"", ""score"": 5, ""commentId"": ""239270260"", ""imgs"": [{""small"": ""https://qimgs.qunarzz.com/mp_piao_0001/temp7398623600291816005file_1734420138000.jpg_120x120_529d3d7c.jpg"", ""title"": """", ""big"": ""https://qimgs.qunarzz.com/mp_piao_0001/temp7398623600291816005file_1734420138000.jpg""}, {""small"": ""https://qimgs.qunarzz.com/mp_piao_0001/temp8333443328090096206file_1734420138000.jpg_120x120_7dd75370.jpg"", ""title"": """", ""big"": ""https://qimgs.qunarzz.com/mp_piao_0001/temp8333443328090096206file_1734420138000.jpg""}, {""small"": ""https://qimgs.qunarzz.com/mp_piao_0001/temp13003335277488350281file_1734420138000.jpg_120x120_3833d0f3.jpg"", ""title"": """", ""big"": ""https://qimgs.qunarzz.com/mp_piao_0001/temp13003335277488350281file_1734420138000.jpg""}, {""small"": ""https://qimgs.qunarzz.com/mp_piao_0001/temp5084729273987239251file_1734420138000.jpg_120x120_213fb354.jpg"", ""title"": """", ""big"": ""https://qimgs.qunarzz.com/mp_piao_0001/temp5084729273987239251file_1734420138000.jpg""}, {""small"": ""https://qimgs.qunarzz.com/mp_piao_0001/temp313686833689232779file_1734420138000.jpg_120x120_6c298e34.jpg"", ""title"": """", ""big"": ""https://qimgs.qunarzz.com/mp_piao_0001/temp313686833689232779file_1734420138000.jpg""}, {""small"": ""https://qimgs.qunarzz.com/mp_piao_0001/temp11544879544418768121file_1734420138000.jpg_120x120_27a79b5e.jpg"", ""title"": """", ""big"": ""https://qimgs.qunarzz.com/mp_piao_0001/temp11544879544418768121file_1734420138000.jpg""}], ""userNickName"": ""a*1"", ""replyCityName"": ""\u798f\u5efa"", ""cityName"": ""\u5e7f\u4e1c""}, {""author"": ""e*1"", ""content"": ""\u4f58\u5e08\u5085\u8d85\u7ea7\u597d\uff0c\u5168\u7a0b\u5e2e\u6211\u4eec\u62cd\u7167\u3001\u7ec6\u5fc3\u8bb2\u89e3\uff0c\u975e\u5e38\u975e\u5e38\u63a8\u8350\uff01\u672c\u6765\u62c5\u5fc3\u4e2d\u5348\u5728\u5c9b\u4e0a\u5403\u996d\u4f1a\u5f88\u8d35\uff0c\u4f46\u662f\u4f58\u5e08\u5085\u5e26\u6211\u4eec\u53bb\u5403\u7684\u9910\u5385\u7269\u7f8e\u4ef7\u5ec9\uff0c\u662f\u8fd9\u6b21\u6f6e\u6c55\u4e4b\u65c5\u5403\u7684\u6700\u5f00\u5fc3\u7684\u4e00\u987f\u4e86\uff01\u65e9\u4e0a\u516b\u70b9\u534a\u51fa\u53d1\u7684\uff0c\u4e0b\u5348\u56db\u70b9\u56de\u5230\u4e86\u9152\u5e97\uff0c\u73a9\u7684\u5f88\u5145\u5b9e\u4f46\u662f\u4e0d\u7d2f\uff0c\u4ee5\u540e\u8fd8\u4f1a\u5e26\u5bb6\u4eba\u6765\u73a9\u7684~"", ""date"": ""2023-10-09"", ""score"": 5, ""commentId"": ""229328176"", ""imgs"": [{""small"": ""https://mp-piao-admincp.qunarzz.com/mp_piao_admin_mp_piao_admin/fusion/202310/9741e3b8ee29d1372f5c5c58e3e3a85b.jpg_120x120_bd8b9e1f.jpg"", ""title"": """", ""big"": ""https://mp-piao-admincp.qunarzz.com/mp_piao_admin_mp_piao_admin/fusion/202310/9741e3b8ee29d1372f5c5c58e3e3a85b.jpg""}, {""small"": ""https://mp-piao-admincp.qunarzz.com/mp_piao_admin_mp_piao_admin/fusion/202310/f548153727b474fa967e286f21da1359.jpg_120x120_33ee07de.jpg"", ""title"": """", ""big"": ""https://mp-piao-admincp.qunarzz.com/mp_piao_admin_mp_piao_admin/fusion/202310/f548153727b474fa967e286f21da1359.jpg""}, {""small"": ""https://mp-piao-admincp.qunarzz.com/mp_piao_admin_mp_piao_admin/fusion/202310/9e68c2a74b1eee8dd9bf7664f1b232f8.jpg_120x120_01f0731d.jpg"", ""title"": """", ""big"": ""https://mp-piao-admincp.qunarzz.com/mp_piao_admin_mp_piao_admin/fusion/202310/9e68c2a74b1eee8dd9bf7664f1b232f8.jpg""}, {""small"": ""https://mp-piao-admincp.qunarzz.com/mp_piao_admin_mp_piao_admin/fusion/202310/0a38b3bc6a2cf6c7f4bb634bf155a463.jpg_120x120_921bd449.jpg"", ""title"": """", ""big"": ""https://mp-piao-admincp.qunarzz.com/mp_piao_admin_mp_piao_admin/fusion/202310/0a38b3bc6a2cf6c7f4bb634bf155a463.jpg""}, {""small"": ""https://mp-piao-admincp.qunarzz.com/mp_piao_admin_mp_piao_admin/fusion/202310/59d9f1e5a211f2037cc773b7ad0c478b.jpg_120x120_23c167ae.jpg"", ""title"": """", ""big"": ""https://mp-piao-admincp.qunarzz.com/mp_piao_admin_mp_piao_admin/fusion/202310/59d9f1e5a211f2037cc773b7ad0c478b.jpg""}], ""userNickName"": ""e*1"", ""replyCityName"": ""\u798f\u5efa"", ""cityName"": ""\u5e7f\u4e1c""}, {""author"": ""\u53bb*\u6237"", ""content"": ""\u63a5\u8f66\u5e08\u5085\u5f88\u597d\uff0c\u5e26\u6211\u4eec\u53bb\u73a9\u7684\u666f\u70b9\u90fd\u4e0d\u9519\ud83d\udc4d\u63a8\u8350\u7684\u7f8e\u98df\u4e5f\u4e0d\u9519\uff0c\u7269\u7f8e\u4ef7\u5ec9"", ""date"": ""2024-08-18"", ""score"": 5, ""commentId"": ""235630714"", ""imgs"": [{""small"": ""https://qimgs.qunarzz.com/mp_piao_0001/temp2773211902228499907file_1723944828000.jpg_120x120_c8e5e3d7.jpg"", ""title"": """", ""big"": ""https://qimgs.qunarzz.com/mp_piao_0001/temp2773211902228499907file_1723944828000.jpg""}, {""small"": ""https://qimgs.qunarzz.com/mp_piao_0001/temp11992659024004438566file_1723944828000.jpg_120x120_1e0b7a01.jpg"", ""title"": """", ""big"": ""https://qimgs.qunarzz.com/mp_piao_0001/temp11992659024004438566file_1723944828000.jpg""}, {""small"": ""https://qimgs.qunarzz.com/mp_piao_0001/temp9924845756224701796file_1723944828000.jpg_120x120_8e5a9d7b.jpg"", ""title"": """", ""big"": ""https://qimgs.qunarzz.com/mp_piao_0001/temp9924845756224701796file_1723944828000.jpg""}], ""userNickName"": ""\u53bb*\u6237"", ""replyCityName"": ""\u798f\u5efa"", ""cityName"": ""\u6c5f\u82cf""}, {""author"": ""v*2"", ""content"": ""\u98ce\u666f\u5f88\u6f02\u4eae\uff0c\u5bfc\u6e38\u6709\u8010\u5fc3"", ""date"": ""2024-07-13"", ""score"": 5, ""commentId"": ""234801010"", ""imgs"": [{""small"": ""https://qimgs.qunarzz.com/mp_piao_0001/temp8682773456963854693file_1720866497000.jpg_120x120_723ab6be.jpg"", ""title"": """", ""big"": ""https://qimgs.qunarzz.com/mp_piao_0001/temp8682773456963854693file_1720866497000.jpg""}, {""small"": ""https://qimgs.qunarzz.com/mp_piao_0001/temp2893827252547122579file_1720866497000.jpg_120x120_b5a63b4d.jpg"", ""title"": """", ""big"": ""https://qimgs.qunarzz.com/mp_piao_0001/temp2893827252547122579file_1720866497000.jpg""}, {""small"": ""https://qimgs.qunarzz.com/mp_piao_0001/temp15048599946169819784file_1720866497000.jpg_120x120_fc5deea6.jpg"", ""title"": """", ""big"": ""https://qimgs.qunarzz.com/mp_piao_0001/temp15048599946169819784file_1720866497000.jpg""}], ""userNickName"": ""v*2"", ""replyCityName"": ""\u798f\u5efa"", ""cityName"": ""\u5e7f\u4e1c""}, {""author"": ""p*3"", ""content"": ""\u7528\u6237\u672a\u70b9\u8bc4\uff0c\u7cfb\u7edf\u9ed8\u8ba4\u597d\u8bc4\u3002"", ""date"": ""2024-12-24"", ""score"": 5, ""commentId"": ""239339935"", ""imgs"": [], ""userNickName"": ""p*3"", ""replyCityName"": """", ""cityName"": """"}, {""author"": ""\u53bb*\u6237"", ""content"": ""\u7528\u6237\u672a\u70b9\u8bc4\uff0c\u7cfb\u7edf\u9ed8\u8ba4\u597d\u8bc4\u3002"", ""date"": ""2024-12-03"", ""score"": 5, ""commentId"": ""239058384"", ""imgs"": [], ""userNickName"": ""\u53bb*\u6237"", ""replyCityName"": """", ""cityName"": """"}, {""author"": ""q*0"", ""content"": ""\u7528\u6237\u672a\u70b9\u8bc4\uff0c\u7cfb\u7edf\u9ed8\u8ba4\u597d\u8bc4\u3002"", ""date"": ""2024-11-19"", ""score"": 5, ""commentId"": ""238834259"", ""imgs"": [], ""userNickName"": ""q*0"", ""replyCityName"": """", ""cityName"": """"}, {""author"": ""\u53bb*\u6237"", ""content"": ""\u7528\u6237\u672a\u70b9\u8bc4\uff0c\u7cfb\u7edf\u9ed8\u8ba4\u597d\u8bc4\u3002"", ""date"": ""2024-11-05"", ""score"": 5, ""commentId"": ""238571286"", ""imgs"": [], ""userNickName"": ""\u53bb*\u6237"", ""replyCityName"": """", ""cityName"": """"}, {""author"": ""\u5c0f*\u9ebb"", ""content"": ""\u7528\u6237\u672a\u70b9\u8bc4\uff0c\u7cfb\u7edf\u9ed8\u8ba4\u597d\u8bc4\u3002"", ""date"": ""2024-11-05"", ""score"": 5, ""commentId"": ""238499997"", ""imgs"": [], ""userNickName"": ""\u5c0f*\u9ebb"", ""replyCityName"": """", ""cityName"": """"}], ""score"": 4.5, ""commentCount"": 310}, ""statusCode"": 200}"
紫莲森林度假村,https://qimgs.qunarzz.com/piao_qsight_provider_piao_qsight_web/100l1f000001gqgg4C54D_C_900_504.jpg_280x200_be6dc66d.jpg,潮州市,湘桥区,潮州市湘桥区意溪镇锡美村紫莲山内(近涌莞高速路意溪出口),499,4.6,绿林环绕的度假胜地,https://piao.qunar.com/ticket/detail_3213064919.html?st=a3clM0QlRTYlQjklOTglRTYlQTElQTUlRTUlOEMlQkElMjZpZCUzRDE5MjgxNiUyNnR5cGUlM0QwJTI2aWR4JTNEMyUyNnF0JTNEJTI2YXBrJTNEMiUyNnNjJTNEV1dXJTI2dXIlM0QlRTQlQjglQUQlRTUlQjElQjElMjZsciUzRCVFNCVCOCVBRCVFNSVCMSVCMSUyNmZ0JTNEJTdCJTdE#from=mpl_search_suggest,45.0,4A景区,紫莲森林度假村位于潮州市意溪镇锡美村紫莲山。距离潮州金山大桥8公里，汕汾高速公路15公里。地理位置优越，交通十分便利。公司于2006年成立，占地面积20000亩，平均海拔380米680米，为山地平原过渡的高丘陵。是一个集农业、林业、农林副产品开发、旅游开发为一体的大型综合性项目。项目规划总投资7亿人民币以上。目前向海内外宾客提供的有客房、度假别墅、公寓、会议中心，餐厅等休闲度假、商务会所等服务项目。会议中心共有会议室4个。大型会议室可容纳160人会议，中型会议室可容纳80人的会议，小型会议室可容纳50人开会。VIP会议室可容纳14人的会议。采用高新网络配套设施，设有投影视频会议、音频扩声设备、点歌台等，适合举办各类研讨会、培训会、及招待会。,1/1-12/31；周一至周日；08:00-18:00开园,https://qimgs.qunarzz.com/piao_qsight_provider_piao_qsight_web/100l1f000001gqgg4C54D_C_900_504.jpg_710x360_e2e43769.jpg〇https://qimgs.qunarzz.com/piao_qsight_provider_piao_qsight_web/100q0r000000hebqd038D_C_900_504_Q90_Mtg_7.jpg_710x360_2ac0d64d.jpg〇https://qimgs.qunarzz.com/piao_qsight_provider_piao_qsight_web/100m0q000000gmboe5EBB_C_900_504_Q90_Mtg_7.jpg_710x360_fa680c37.jpg〇https://qimgs.qunarzz.com/piao_qsight_provider_piao_qsight_web/10090r000000hfgeq9C04_C_900_504_Q90_Mtg_7.jpg_710x360_f82ea4d8.jpg〇https://qimgs.qunarzz.com/piao_qsight_provider_piao_qsight_web/0102112000agdeexc3A31_C_900_504_Q90_Mtg_7.jpg_710x360_403c45f0.jpg〇https://qimgs.qunarzz.com/piao_qsight_provider_piao_qsight_web/10010r000000hpyxlDFCA_C_900_504_Q90_Mtg_7.jpg_710x360_785c1e78.jpg〇https://qimgs.qunarzz.com/piao_qsight_provider_piao_qsight_web/100s0q000000gizkkCAE0_C_900_504_Q90_Mtg_7.jpg_710x360_1b6dbd0b.jpg〇https://qimgs.qunarzz.com/piao_qsight_provider_piao_qsight_web/0104z12000agdecrtFED7_C_900_504_Q90_Mtg_7.jpg_710x360_c9f4d07e.jpg〇https://qimgs.qunarzz.com/piao_qsight_provider_piao_qsight_web/100f0r000000hchp0318C_C_900_504_Q90_Mtg_7.jpg_710x360_e94e9425.jpg〇https://qimgs.qunarzz.com/piao_qsight_provider_piao_qsight_web/100r0q000000g3imk6564_C_900_504_Q90_Mtg_7.jpg_710x360_21670543.jpg〇https://qimgs.qunarzz.com/piao_qsight_provider_piao_qsight_web/100l1f000001gqgg4C54D_C_900_504_Q90_Mtg_7.jpg_710x360_aa436bd1.jpg〇https://imgs.qunarzz.com/sight/p0/1903/eb/eb01276c2e39c0d2a3.water.jpg_710x360_c91203f7.jpg〇https://imgs.qunarzz.com/sight/p0/1903/6a/6af72482670aedafa3.water.jpg_710x360_20ee7749.jpg〇https://imgs.qunarzz.com/sight/p0/1903/84/844d27786117a030a3.water.jpg_710x360_8b2206e2.jpg〇https://imgs.qunarzz.com/sight/p0/1903/8e/8e99ab775f49af6ca3.water.jpg_710x360_bcabf91c.jpg〇https://imgs.qunarzz.com/sight/p0/1903/22/22fbbd0b688d80fa3.water.jpg_710x360_93185e03.jpg〇https://imgs.qunarzz.com/sight/p0/1903/60/60ec577be59b62d1a3.water.jpg_710x360_3b24468d.jpg〇https://imgs.qunarzz.com/sight/p0/1903/c2/c29fbe8150522efba3.water.jpg_710x360_9bf97e58.jpg〇https://imgs.qunarzz.com/sight/p0/1903/fe/fe6c5502efe26221a3.water.jpg_710x360_3c2a85ee.jpg〇https://imgs.qunarzz.com/sight/p0/1903/77/77b6a55b3d93fcefa3.water.jpg_710x360_1886eb69.jpg〇https://imgs.qunarzz.com/sight/p0/1903/33/33e73bb25e8d7ad2a3.water.jpg_710x360_511bd04f.jpg〇https://imgs.qunarzz.com/sight/p0/1903/80/800d51390a9e1218a3.water.jpg_710x360_571422bb.jpg〇https://imgs.qunarzz.com/sight/p0/1903/7d/7d2365fddd2d0bd4a3.water.jpg_710x360_03866a29.jpg〇https://qimgs.qunarzz.com/piao_qsight_provider_piao_qsight_web/66a7603017697102.jpg_710x360_b4fe6d2d.jpg〇https://qimgs.qunarzz.com/piao_qsight_provider_piao_qsight_web/b13affa1822b4d02.jpg_710x360_bd5ce0e6.jpg〇https://qimgs.qunarzz.com/piao_qsight_provider_piao_qsight_web/a0af53ff34f6a902.jpg_710x360_297ff7fb.jpg〇https://qimgs.qunarzz.com/piao_qsight_provider_piao_qsight_web/a3da782a2b73b02.jpg_710x360_b7d7b903.jpg〇https://qimgs.qunarzz.com/piao_qsight_provider_piao_qsight_web/ac5c1c8170c7cf02.jpg_710x360_8c72d72d.jpg〇https://qimgs.qunarzz.com/piao_qsight_provider_piao_qsight_web/a8d545e4533d8c02.jpg_710x360_d979535e.jpg〇https://qimgs.qunarzz.com/piao_qsight_provider_piao_qsight_web/25eec4dc7264f602.jpg_710x360_f9c59f26.jpg〇https://qimgs.qunarzz.com/piao_qsight_provider_piao_qsight_web/67bcf6d53a75b702.jpg_710x360_0e66421e.jpg〇https://qimgs.qunarzz.com/piao_qsight_provider_piao_qsight_web/41ed8944c2d81502.jpg_710x360_60c6ade2.jpg〇https://qimgs.qunarzz.com/piao_qsight_provider_piao_qsight_web/ce395a451de25202.jpg_710x360_4660b980.jpg〇https://qimgs.qunarzz.com/piao_qsight_provider_piao_qsight_web/9b2583f9ee7e9002.jpg_710x360_c329eee3.jpg〇https://qimgs.qunarzz.com/piao_qsight_provider_piao_qsight_web/8cbc088734dceb02.jpg_710x360_6a3d4eba.jpg〇https://qimgs.qunarzz.com/piao_qsight_provider_piao_qsight_web/29f5dab0be9ea802.jpg_710x360_28a7f1eb.jpg〇https://qimgs.qunarzz.com/piao_qsight_provider_piao_qsight_web/3b0ac5384e1cf702.jpg_710x360_b2d9897f.jpg〇https://qimgs.qunarzz.com/piao_qsight_provider_piao_qsight_web/a3f8b0e52d15e602.jpg_710x360_abc359b7.jpg〇https://qimgs.qunarzz.com/piao_qsight_provider_piao_qsight_web/7b67c7e36a921802.jpg_710x360_2ede92db.jpg〇https://qimgs.qunarzz.com/piao_qsight_provider_piao_qsight_web/9bf3c4e42a42dc02.jpg_710x360_7f8f2fcc.jpg〇https://qimgs.qunarzz.com/piao_qsight_provider_piao_qsight_web/26f8b67dbce79902.jpg_710x360_a71bc348.jpg〇https://qimgs.qunarzz.com/piao_qsight_provider_piao_qsight_web/55f9b71bf3ae5b02.jpg_710x360_cce77719.jpg〇https://qimgs.qunarzz.com/piao_qsight_provider_piao_qsight_web/297dc2edc9bdea02.jpg_710x360_dcb8e183.jpg,"{""ret"": true, ""data"": {""tagList"": [{""tagType"": 32, ""tagScore"": 5, ""tagNum"": 2, ""tagName"": ""\u670d\u52a1\u597d""}, {""tagType"": 16, ""tagScore"": 5, ""tagNum"": 2, ""tagName"": ""\u9760\u8c31""}, {""tagType"": 8, ""tagScore"": 5, ""tagNum"": 1, ""tagName"": ""\u4fbf\u5b9c""}, {""tagType"": 4, ""tagScore"": 5, ""tagNum"": 4, ""tagName"": ""\u53d6\u7968\u65b9\u4fbf""}, {""tagType"": 3, ""tagScore"": 5, ""tagNum"": 15, ""tagName"": ""\u5dee\u8bc4""}, {""tagType"": 2, ""tagScore"": 5, ""tagNum"": 16, ""tagName"": ""\u4e2d\u8bc4""}, {""tagType"": 1, ""tagScore"": 5, ""tagNum"": 463, ""tagName"": ""\u597d\u8bc4""}, {""tagType"": 0, ""tagScore"": 5, ""tagNum"": 499, ""tagName"": ""\u5168\u90e8""}], ""commentList"": [{""author"": ""\u53bb*\u6237"", ""content"": ""\u7528\u6237\u672a\u70b9\u8bc4\uff0c\u7cfb\u7edf\u9ed8\u8ba4\u597d\u8bc4\u3002"", ""date"": ""2024-04-18"", ""score"": 5, ""commentId"": ""232982024"", ""imgs"": [], ""userNickName"": ""\u53bb*\u6237"", ""replyCityName"": """", ""cityName"": """"}, {""author"": ""8*0"", ""content"": ""\u7528\u6237\u672a\u70b9\u8bc4\uff0c\u7cfb\u7edf\u9ed8\u8ba4\u597d\u8bc4\u3002"", ""date"": ""2024-03-28"", ""score"": 5, ""commentId"": ""232697501"", ""imgs"": [], ""userNickName"": ""8*0"", ""replyCityName"": """", ""cityName"": """"}, {""author"": ""p*6"", ""content"": ""\u5343\u4e07\u4e0d\u8981\u53bb\uff0c\u6839\u672c\u5c31\u4e0d\u662f\u4ec0\u4e484A\u7ea7\u666f\u533a\uff01"", ""date"": ""2024-01-14"", ""score"": 1, ""commentId"": ""231038938"", ""imgs"": [], ""userNickName"": ""p*6"", ""replyCityName"": """", ""cityName"": ""\u5e7f\u4e1c""}, {""author"": ""\u8d30*\u4f0d"", ""content"": ""\u7528\u6237\u672a\u70b9\u8bc4\uff0c\u7cfb\u7edf\u9ed8\u8ba4\u597d\u8bc4\u3002"", ""date"": ""2023-05-31"", ""score"": 5, ""commentId"": ""225843650"", ""imgs"": [], ""userNickName"": ""\u8d30*\u4f0d"", ""replyCityName"": """", ""cityName"": """"}, {""author"": ""m*6"", ""content"": ""\u7528\u6237\u672a\u70b9\u8bc4\uff0c\u7cfb\u7edf\u9ed8\u8ba4\u597d\u8bc4\u3002"", ""date"": ""2023-02-24"", ""score"": 5, ""commentId"": ""224307693"", ""imgs"": [], ""userNickName"": ""m*6"", ""replyCityName"": """", ""cityName"": """"}, {""author"": ""n*1"", ""content"": ""\u7528\u6237\u672a\u70b9\u8bc4\uff0c\u7cfb\u7edf\u9ed8\u8ba4\u597d\u8bc4\u3002"", ""date"": ""2023-02-16"", ""score"": 5, ""commentId"": ""224128985"", ""imgs"": [], ""userNickName"": ""n*1"", ""replyCityName"": """", ""cityName"": """"}, {""author"": ""c*2"", ""content"": ""\u7528\u6237\u672a\u70b9\u8bc4\uff0c\u7cfb\u7edf\u9ed8\u8ba4\u597d\u8bc4\u3002"", ""date"": ""2022-11-06"", ""score"": 5, ""commentId"": ""223768453"", ""imgs"": [], ""userNickName"": ""c*2"", ""replyCityName"": """", ""cityName"": """"}, {""author"": ""c*2"", ""content"": ""\u7528\u6237\u672a\u70b9\u8bc4\uff0c\u7cfb\u7edf\u9ed8\u8ba4\u597d\u8bc4\u3002"", ""date"": ""2022-11-06"", ""score"": 5, ""commentId"": ""223768444"", ""imgs"": [], ""userNickName"": ""c*2"", ""replyCityName"": """", ""cityName"": """"}, {""author"": ""c*2"", ""content"": ""\u7528\u6237\u672a\u70b9\u8bc4\uff0c\u7cfb\u7edf\u9ed8\u8ba4\u597d\u8bc4\u3002"", ""date"": ""2022-11-06"", ""score"": 5, ""commentId"": ""223768325"", ""imgs"": [], ""userNickName"": ""c*2"", ""replyCityName"": """", ""cityName"": """"}, {""author"": ""\u53bb*\u6237"", ""content"": ""\u7528\u6237\u672a\u70b9\u8bc4\uff0c\u7cfb\u7edf\u9ed8\u8ba4\u597d\u8bc4\u3002"", ""date"": ""2022-09-20"", ""score"": 5, ""commentId"": ""223396828"", ""imgs"": [], ""userNickName"": ""\u53bb*\u6237"", ""replyCityName"": """", ""cityName"": """"}], ""score"": 4.6, ""commentCount"": 499}, ""statusCode"": 200}"
淡浮院,https://qimgs.qunarzz.com/piao_qsight_provider_piao_qsight_web/350212000000taati0195_C_900_504.jpg_280x200_c1c819d6.jpg,潮州市,湘桥区,潮州市湘桥区凤东路砚峰公园内,507,4.7,巍峨瑰丽，依托于砚峰翠绿,https://piao.qunar.com/ticket/detail_1337878442.html?st=a3clM0QlRTYlQjklOTglRTYlQTElQTUlRTUlOEMlQkElMjZpZCUzRDE0NjY2JTI2dHlwZSUzRDAlMjZpZHglM0QyJTI2cXQlM0QlMjZhcGslM0QyJTI2c2MlM0RXV1clMjZ1ciUzRCVFNCVCOCVBRCVFNSVCMSVCMSUyNmxyJTNEJUU0JUI4JUFEJUU1JUIxJUIxJTI2ZnQlM0QlN0IlN0Q%3D#from=mpl_search_suggest,40.0,4A景区,坐落在砚峰山麓，颇具古色古香风韵的淡浮院，坐东面西，依山傍水，朝迎晨曦晚待落霞，前面是碧绿的夏湖。砚峰拱日，风景尤佳。潮州淡浮文物院是泰国春府博他耶（钦赐）淡浮院长郭丰源先生倡建的。郭丰源先生早年在泰国把钦赐的花园建成“华厦文物博览淡浮院”，晚年又不忘“天下华人盼一统” 的宗旨，带头捐资倡建潮州淡浮分院。淡浮文物院，迎面是一座耸立的大石牌坊，三门歇山顶建筑，长约30米、高16米，气势宏伟磅礴，正中有大匾题四字，两侧匾额分别书“金声”、“王振”，皆是饶宗颐先生的手迹。牌坊到院殿是三进石阶，院内花圃簇拥着石雕的麒麟、青狮、盘龙及生牛等吉祥物。在三进的石阶中间，有一宛如游龙出水的巨幅石雕，长约9米，宽3米，由十几块花岗岩石精雕成老龙头吐水，栩栩如生，巍峨瑰伟的主殿建筑为重檐出阁，琉璃飞瓦，四根玫瑰红的花岗岩石柱，稳重庄严。主殿正中匾碑“淡浮院”三个馏金大字由傅杰所书，是从泰国的淡浮院拓本移植的。主殿门外挂上阴刻对联“远望观云，登高视野”，为原全国佛协会长、书法家赵朴初墨迹。殿内是佛祖释迦牟尼全身金像，两旁是“飞天大圣”塑像。,1/1-12/31；周一至周日；08:00-17:30开园,https://qimgs.qunarzz.com/piao_qsight_provider_piao_qsight_web/350212000000taati0195_C_900_504.jpg_710x360_fe4e0cf3.jpg〇https://qimgs.qunarzz.com/piao_qsight_provider_piao_qsight_web/350e12000000t5ywa7563_C_900_504_Q90_Mtg_7.jpg_710x360_83fa3c84.jpg〇https://qimgs.qunarzz.com/piao_qsight_provider_piao_qsight_web/350612000000t3ua4EF8A_C_900_504_Q90_Mtg_7.jpg_710x360_fa157dc8.jpg〇https://qimgs.qunarzz.com/piao_qsight_provider_piao_qsight_web/350112000000tg57mC3EA_C_900_504_Q90_Mtg_7.jpg_710x360_4ccf0b25.jpg〇https://qimgs.qunarzz.com/piao_qsight_provider_piao_qsight_web/350u12000000t36wa29A6_C_900_504_Q90_Mtg_7.jpg_710x360_a90b5d30.jpg〇https://qimgs.qunarzz.com/piao_qsight_provider_piao_qsight_web/350h12000000t4simA104_C_900_504_Q90_Mtg_7.jpg_710x360_a6df943a.jpg〇https://qimgs.qunarzz.com/piao_qsight_provider_piao_qsight_web/350v12000000te9noF01F_C_900_504_Q90_Mtg_7.jpg_710x360_731a1bc1.jpg〇https://qimgs.qunarzz.com/piao_qsight_provider_piao_qsight_web/350u12000000t36w873D2_C_900_504_Q90_Mtg_7.jpg_710x360_db1578b8.jpg〇https://qimgs.qunarzz.com/piao_qsight_provider_piao_qsight_web/350p12000000t2cpd18FD_C_900_504_Q90_Mtg_7.jpg_710x360_732ac2ab.jpg〇https://qimgs.qunarzz.com/piao_qsight_provider_piao_qsight_web/350q12000000t4ibgB124_C_900_504_Q90_Mtg_7.jpg_710x360_7c30c210.jpg〇https://qimgs.qunarzz.com/piao_qsight_provider_piao_qsight_web/350212000000taati0195_C_900_504_Q90_Mtg_7.jpg_710x360_901fc44d.jpg〇https://imgs.qunarzz.com/sight/p0/1507/3d/14bff62b4b184c527d0577be6c889b57.water.jpg_710x360_e145ad7d.jpg〇https://imgs.qunarzz.com/sight/p0/1507/dd/48a2bf4fa30c92c475d00e67a374172a.water.jpg_710x360_fde7dc66.jpg〇https://imgs.qunarzz.com/sight/p0/201402/10/4cdd95381c3451e67bd45f4a1f063c67.jpg_710x360_c0265576.jpg〇https://imgs.qunarzz.com/sight/p0/201402/10/58c1a80de8abd6e9fb23c90e56c7b8f9.jpg_710x360_8d9b8f8d.jpg〇https://imgs.qunarzz.com/sight/p0/201402/10/fc1c12f750dc453fc6b9c8426f0e7315.jpg_710x360_ce8640c7.jpg〇https://imgs.qunarzz.com/sight/p0/1508/32/b5b6738252506a77fa7c955a3f233ba4.water.jpg_710x360_88055213.jpg〇https://imgs.qunarzz.com/sight/p0/1508/78/eadbb0d145cd4c42b796b03b9aff333a.water.jpg_710x360_1dff227c.jpg,"{""ret"": true, ""data"": {""tagList"": [{""tagType"": 32, ""tagScore"": 5, ""tagNum"": 5, ""tagName"": ""\u670d\u52a1\u597d""}, {""tagType"": 16, ""tagScore"": 5, ""tagNum"": 7, ""tagName"": ""\u9760\u8c31""}, {""tagType"": 8, ""tagScore"": 5, ""tagNum"": 5, ""tagName"": ""\u4fbf\u5b9c""}, {""tagType"": 4, ""tagScore"": 5, ""tagNum"": 8, ""tagName"": ""\u53d6\u7968\u65b9\u4fbf""}, {""tagType"": 3, ""tagScore"": 5, ""tagNum"": 1, ""tagName"": ""\u5dee\u8bc4""}, {""tagType"": 2, ""tagScore"": 5, ""tagNum"": 12, ""tagName"": ""\u4e2d\u8bc4""}, {""tagType"": 1, ""tagScore"": 5, ""tagNum"": 478, ""tagName"": ""\u597d\u8bc4""}, {""tagType"": 0, ""tagScore"": 5, ""tagNum"": 507, ""tagName"": ""\u5168\u90e8""}], ""commentList"": [{""author"": ""a*4"", ""content"": ""\u8fd9\u91cc\u7269\u4ef7\u672c\u6765\u5c31\u4e0d\u9ad8\uff0c\u8fd9\u6b21\u5305\u8f66\u5357\u6fb3\u4e4b\u65c5\u7b80\u76f4\u6027\u4ef7\u6bd4\u62a5\u8868\u3002\u73af\u5c9b\u4e00\u5468\uff0c\u666f\u70b9\u57fa\u672c\u4e0a\u5168\u90e8\u90fd\u901b\u5230\u4e86\uff01\u8fd8\u7701\u5fc3\u7701\u529b\u4e0d\u7528\u81ea\u5df1\u591a\u8d70\u8def\uff0c\u8d39\u795e\u53eb\u8f66\u3002\u771f\u7684\u5f88\u63a8\u8350\uff01\u53f8\u673a\u5218\u5149\u52c7\u53c8\u5e7d\u9ed8\uff0c\u8f66\u6280\u4e5f\u597d\uff0c\u4e00\u8def\u4e0a\u5f88\u5f00\u5fc3\uff01"", ""date"": ""2024-02-03"", ""score"": 5, ""commentId"": ""231310994"", ""imgs"": [{""small"": ""https://qimgs.qunarzz.com/mp_piao_0001/temp1450229490413340211file_1706928479000.jpg_120x120_84e9e5de.jpg"", ""title"": """", ""big"": ""https://qimgs.qunarzz.com/mp_piao_0001/temp1450229490413340211file_1706928479000.jpg""}, {""small"": ""https://qimgs.qunarzz.com/mp_piao_0001/temp5387854162808987292file_1706928479000.jpg_120x120_e0c138db.jpg"", ""title"": """", ""big"": ""https://qimgs.qunarzz.com/mp_piao_0001/temp5387854162808987292file_1706928479000.jpg""}, {""small"": ""https://qimgs.qunarzz.com/mp_piao_0001/temp8696319400361375420file_1706928479000.jpg_120x120_1094e985.jpg"", ""title"": """", ""big"": ""https://qimgs.qunarzz.com/mp_piao_0001/temp8696319400361375420file_1706928479000.jpg""}, {""small"": ""https://qimgs.qunarzz.com/mp_piao_0001/temp895649284461268307file_1706928479000.jpg_120x120_d8202ae6.jpg"", ""title"": """", ""big"": ""https://qimgs.qunarzz.com/mp_piao_0001/temp895649284461268307file_1706928479000.jpg""}, {""small"": ""https://qimgs.qunarzz.com/mp_piao_0001/temp1301731945105592965file_1706928479000.jpg_120x120_bf51c0d3.jpg"", ""title"": """", ""big"": ""https://qimgs.qunarzz.com/mp_piao_0001/temp1301731945105592965file_1706928479000.jpg""}, {""small"": ""https://qimgs.qunarzz.com/mp_piao_0001/temp6136015941007403978file_1706928479000.jpg_120x120_93f26409.jpg"", ""title"": """", ""big"": ""https://qimgs.qunarzz.com/mp_piao_0001/temp6136015941007403978file_1706928479000.jpg""}, {""small"": ""https://qimgs.qunarzz.com/mp_piao_0001/temp2946494843920193501file_1706928479000.jpg_120x120_294c44fe.jpg"", ""title"": """", ""big"": ""https://qimgs.qunarzz.com/mp_piao_0001/temp2946494843920193501file_1706928479000.jpg""}], ""userNickName"": ""a*4"", ""replyCityName"": ""\u798f\u5efa"", ""cityName"": ""\u5e7f\u4e1c""}, {""author"": ""\u53bb*\u6237"", ""content"": ""\u98ce\u666f\u5f88\u7f8e\uff0c\u5929\u6c14\u4e5f\u7279\u522b\u597d\uff0c\u5439\u5439\u6d77\u98ce\u5f88\u60ec\u610f\uff0c\u6797\u5e08\u5085\u5b89\u6392\u7684\u884c\u7a0b\u4e5f\u5f88\u597d\uff0c\u5f88\u8f7b\u677e\uff0c\u8fd8\u7ed9\u6211\u4eec\u4ecb\u7ecd\u4e86\u5f88\u591a\u6c55\u5934\u672c\u5730\u7279\u8272\u7f8e\u98df\uff0c\u5f00\u5fc3\u7684\u4e00\u5929"", ""date"": ""2023-11-18"", ""score"": 5, ""commentId"": ""230349698"", ""imgs"": [{""small"": ""https://qimgs.qunarzz.com/mp_piao_0001/temp7558382203382997969file_1700310386000.jpg_120x120_16e3b39f.jpg"", ""title"": """", ""big"": ""https://qimgs.qunarzz.com/mp_piao_0001/temp7558382203382997969file_1700310386000.jpg""}, {""small"": ""https://qimgs.qunarzz.com/mp_piao_0001/temp7871364103199014460file_1700310386000.jpg_120x120_c32e6af5.jpg"", ""title"": """", ""big"": ""https://qimgs.qunarzz.com/mp_piao_0001/temp7871364103199014460file_1700310386000.jpg""}, {""small"": ""https://qimgs.qunarzz.com/mp_piao_0001/temp2042862439463071551file_1700310386000.jpg_120x120_534e5532.jpg"", ""title"": """", ""big"": ""https://qimgs.qunarzz.com/mp_piao_0001/temp2042862439463071551file_1700310386000.jpg""}, {""small"": ""https://qimgs.qunarzz.com/mp_piao_0001/temp8595303658115514513file_1700310386000.jpg_120x120_6f552514.jpg"", ""title"": """", ""big"": ""https://qimgs.qunarzz.com/mp_piao_0001/temp8595303658115514513file_1700310386000.jpg""}, {""small"": ""https://qimgs.qunarzz.com/mp_piao_0001/temp501041850563756044file_1700310386000.jpg_120x120_48b25545.jpg"", ""title"": """", ""big"": ""https://qimgs.qunarzz.com/mp_piao_0001/temp501041850563756044file_1700310386000.jpg""}], ""userNickName"": ""\u53bb*\u6237"", ""replyCityName"": ""\u798f\u5efa"", ""cityName"": ""\u5e7f\u4e1c""}, {""author"": ""\u53bb*\u6237"", ""content"": ""\u6797\u53f8\u673a\u670d\u52a1\u6001\u5ea6\u5f88\u597d\uff01\u6574\u4e2a\u6e38\u73a9\u8fc7\u7a0b\u5f88\u6109\u5feb\uff01\u6709\u673a\u4f1a\u4f1a\u63a8\u8350\u7ed9\u670b\u53cb\uff01"", ""date"": ""2024-08-25"", ""score"": 5, ""commentId"": ""235864308"", ""imgs"": [{""small"": ""https://qimgs.qunarzz.com/mp_piao_0001/temp8213329795930953841file_1724583167000.jpg_120x120_a3dc4fe3.jpg"", ""title"": """", ""big"": ""https://qimgs.qunarzz.com/mp_piao_0001/temp8213329795930953841file_1724583167000.jpg""}], ""userNickName"": ""\u53bb*\u6237"", ""replyCityName"": ""\u798f\u5efa"", ""cityName"": ""\u5e7f\u4e1c""}, {""author"": ""i*3"", ""content"": ""\u7528\u6237\u672a\u70b9\u8bc4\uff0c\u7cfb\u7edf\u9ed8\u8ba4\u597d\u8bc4\u3002"", ""date"": ""2024-08-20"", ""score"": 5, ""commentId"": ""235669986"", ""imgs"": [], ""userNickName"": ""i*3"", ""replyCityName"": """", ""cityName"": """"}, {""author"": ""c*1"", ""content"": ""\u7528\u6237\u672a\u70b9\u8bc4\uff0c\u7cfb\u7edf\u9ed8\u8ba4\u597d\u8bc4\u3002"", ""date"": ""2024-03-17"", ""score"": 5, ""commentId"": ""232344813"", ""imgs"": [], ""userNickName"": ""c*1"", ""replyCityName"": """", ""cityName"": """"}, {""author"": ""a*4"", ""content"": ""\u7528\u6237\u672a\u70b9\u8bc4\uff0c\u7cfb\u7edf\u9ed8\u8ba4\u597d\u8bc4\u3002"", ""date"": ""2024-03-05"", ""score"": 5, ""commentId"": ""231775681"", ""imgs"": [], ""userNickName"": ""a*4"", ""replyCityName"": """", ""cityName"": """"}, {""author"": ""d*9"", ""content"": ""\u7528\u6237\u672a\u70b9\u8bc4\uff0c\u7cfb\u7edf\u9ed8\u8ba4\u597d\u8bc4\u3002"", ""date"": ""2024-02-23"", ""score"": 5, ""commentId"": ""231556122"", ""imgs"": [], ""userNickName"": ""d*9"", ""replyCityName"": """", ""cityName"": """"}, {""author"": ""t*3"", ""content"": ""\u7528\u6237\u672a\u70b9\u8bc4\uff0c\u7cfb\u7edf\u9ed8\u8ba4\u597d\u8bc4\u3002"", ""date"": ""2023-12-05"", ""score"": 5, ""commentId"": ""230589070"", ""imgs"": [], ""userNickName"": ""t*3"", ""replyCityName"": """", ""cityName"": """"}, {""author"": ""q*6"", ""content"": ""\u7528\u6237\u672a\u70b9\u8bc4\uff0c\u7cfb\u7edf\u9ed8\u8ba4\u597d\u8bc4\u3002"", ""date"": ""2023-11-02"", ""score"": 5, ""commentId"": ""229879156"", ""imgs"": [], ""userNickName"": ""q*6"", ""replyCityName"": """", ""cityName"": """"}, {""author"": ""q*6"", ""content"": ""\u7528\u6237\u672a\u70b9\u8bc4\uff0c\u7cfb\u7edf\u9ed8\u8ba4\u597d\u8bc4\u3002"", ""date"": ""2023-11-02"", ""score"": 5, ""commentId"": ""229878244"", ""imgs"": [], ""userNickName"": ""q*6"", ""replyCityName"": """", ""cityName"": """"}], ""score"": 4.7, ""commentCount"": 507}, ""statusCode"": 200}"
广济桥,https://qimgs.qunarzz.com/piao_qsight_provider_piao_qsight_web/0103c12000f6rcogm9470_C_900_504.jpg_280x200_2049651d.jpg,潮州市,湘桥区,潮州市湘桥区环城东路,957,5.0,历史悠久，建筑结构独特,https://piao.qunar.com/ticket/detail_3572256620.html?st=a3clM0QlRTYlQjklOTglRTYlQTElQTUlRTUlOEMlQkElMjZpZCUzRDk1OTElMjZ0eXBlJTNEMCUyNmlkeCUzRDElMjZxdCUzRCUyNmFwayUzRDIlMjZzYyUzRFdXVyUyNnVyJTNEJUU0JUI4JUFEJUU1JUIxJUIxJTI2bHIlM0QlRTQlQjglQUQlRTUlQjElQjElMjZmdCUzRCU3QiU3RA%3D%3D#from=mpl_search_suggest,80.0,4A景区,广济桥在潮州市之东，广济桥是中国古代著名桥梁之一，始建于南宋乾道六年（１１７０年），历时５７年建成，全长５１５米，分东西两段１８墩，中间一段宽约百米，因水流湍急，未能架桥，只用小船摆渡，当时称济州桥。明宣德十年（１４３５年）重修，并增建五墩，称广济桥；正德年间，又增建一墩，总共２４墩。桥墩用花岗石块砌成，是中国桥梁建筑中的一份宝贵遗产。中段用１８艘梭船联成浮桥，能开能合，当大船、木排通过时，可以将浮桥中的浮船解开，让船只、木排通过。然后再将浮船归回原处。这是中国。此桥在明代曾大修过五次，并在桥墩上建起２４座形式不同的“望楼”（已毁）。清雍正元年（１７２３年）又在浮桥两端石桥墩上置铁牛两只，牛背镌有“镇桥御水”四字，但早已不存。１９５８年由于交通需要，将梭船拆除，改为直通大桥。１９８０年重铸铁牛一只，将其置于桥上。民谚云：“到广不到潮，白白走一遭；到潮不到桥，枉费走一场”。,02/01-10/31；周一至周五；10:00-17:30开园,https://qimgs.qunarzz.com/piao_qsight_provider_piao_qsight_web/0103c12000f6rcogm9470_C_900_504.jpg_710x360_9fa04b50.jpg〇https://qimgs.qunarzz.com/piao_qsight_provider_piao_qsight_web/0103c12000f6rcogm9470_C_900_504_Q90_Mtg_7.jpg_710x360_a6dea788.jpg〇https://qimgs.qunarzz.com/piao_qsight_provider_piao_qsight_web/100410000000pag3pED94_C_900_504_Q90_Mtg_7.jpg_710x360_9a8f71dc.jpg〇https://qimgs.qunarzz.com/piao_qsight_provider_piao_qsight_web/100j10000000paza1337B_C_900_504_Q90_Mtg_7.jpg_710x360_fee79531.jpg〇https://qimgs.qunarzz.com/piao_qsight_provider_piao_qsight_web/100d0n000000dztik8C92_C_900_504_Q90_Mtg_7.jpg_710x360_2e421504.jpg〇https://qimgs.qunarzz.com/piao_qsight_provider_piao_qsight_web/100510000000pdyz5E9D7_C_900_504_Q90_Mtg_7.jpg_710x360_2d1179be.jpg〇https://qimgs.qunarzz.com/piao_qsight_provider_piao_qsight_web/100i10000000paa7bBF92_C_900_504_Q90_Mtg_7.jpg_710x360_da0ade15.jpg〇https://qimgs.qunarzz.com/piao_qsight_provider_piao_qsight_web/100910000000pdv9y295C_C_900_504_Q90_Mtg_7.jpg_710x360_fca55454.jpg,"{""ret"": true, ""data"": {""tagList"": [{""tagType"": 32, ""tagScore"": 5, ""tagNum"": 6, ""tagName"": ""\u670d\u52a1\u597d""}, {""tagType"": 16, ""tagScore"": 5, ""tagNum"": 2, ""tagName"": ""\u9760\u8c31""}, {""tagType"": 3, ""tagScore"": 5, ""tagNum"": 8, ""tagName"": ""\u5dee\u8bc4""}, {""tagType"": 1, ""tagScore"": 5, ""tagNum"": 949, ""tagName"": ""\u597d\u8bc4""}, {""tagType"": 0, ""tagScore"": 5, ""tagNum"": 957, ""tagName"": ""\u5168\u90e8""}], ""commentList"": [{""author"": ""\u53bb*\u6237"", ""content"": ""\u5357\u6fb3\u5c9b\u662f\u9002\u5408\u6253\u5361\u51fa\u7247\u7684\u5730\uff0c\u53f8\u673a\u53f6\u5c0f\u54e5\u670d\u52a1\u6001\u5ea6\u4e5f\u5f88\u597d\uff0c\u884c\u7a0b\u4e2d\u4f1a\u63d0\u524d\u6c9f\u901a\u597d\uff0c\u5b8c\u7f8e\u9519\u5cf0\uff0c\u8fd8\u4f1a\u5e2e\u5fd9\u62cd\u7167\u3002\ud83d\udc4d\ud83d\udc4d\ud83d\udc4d"", ""date"": ""2024-02-15"", ""score"": 5, ""commentId"": ""231440061"", ""imgs"": [{""small"": ""https://qimgs.qunarzz.com/mp_piao_0001/temp6618662263522437567file_1707997410000.jpg_120x120_7d899b1e.jpg"", ""title"": """", ""big"": ""https://qimgs.qunarzz.com/mp_piao_0001/temp6618662263522437567file_1707997410000.jpg""}, {""small"": ""https://qimgs.qunarzz.com/mp_piao_0001/temp1405285198356033719file_1707997410000.jpg_120x120_31d87bb2.jpg"", ""title"": """", ""big"": ""https://qimgs.qunarzz.com/mp_piao_0001/temp1405285198356033719file_1707997410000.jpg""}, {""small"": ""https://qimgs.qunarzz.com/mp_piao_0001/temp3439740829304432127file_1707997410000.jpg_120x120_99afd358.jpg"", ""title"": """", ""big"": ""https://qimgs.qunarzz.com/mp_piao_0001/temp3439740829304432127file_1707997410000.jpg""}, {""small"": ""https://qimgs.qunarzz.com/mp_piao_0001/temp845025437663956542file_1707997410000.jpg_120x120_d9759234.jpg"", ""title"": """", ""big"": ""https://qimgs.qunarzz.com/mp_piao_0001/temp845025437663956542file_1707997410000.jpg""}], ""userNickName"": ""\u53bb*\u6237"", ""replyCityName"": ""\u798f\u5efa"", ""cityName"": ""\u5e7f\u4e1c""}, {""author"": ""\u5b59*\u9519"", ""content"": ""\u7528\u6237\u672a\u70b9\u8bc4\uff0c\u7cfb\u7edf\u9ed8\u8ba4\u597d\u8bc4\u3002"", ""date"": ""2024-12-26"", ""score"": 5, ""commentId"": ""239383349"", ""imgs"": [], ""userNickName"": ""\u5b59*\u9519"", ""replyCityName"": """", ""cityName"": """"}, {""author"": ""\u53bb*\u6237"", ""content"": ""\u7528\u6237\u672a\u70b9\u8bc4\uff0c\u7cfb\u7edf\u9ed8\u8ba4\u597d\u8bc4\u3002"", ""date"": ""2024-12-24"", ""score"": 5, ""commentId"": ""239342646"", ""imgs"": [], ""userNickName"": ""\u53bb*\u6237"", ""replyCityName"": """", ""cityName"": """"}, {""author"": ""l*4"", ""content"": ""\u7528\u6237\u672a\u70b9\u8bc4\uff0c\u7cfb\u7edf\u9ed8\u8ba4\u597d\u8bc4\u3002"", ""date"": ""2024-12-23"", ""score"": 5, ""commentId"": ""239330083"", ""imgs"": [], ""userNickName"": ""l*4"", ""replyCityName"": """", ""cityName"": """"}, {""author"": ""l*4"", ""content"": ""\u7528\u6237\u672a\u70b9\u8bc4\uff0c\u7cfb\u7edf\u9ed8\u8ba4\u597d\u8bc4\u3002"", ""date"": ""2024-12-23"", ""score"": 5, ""commentId"": ""239329697"", ""imgs"": [], ""userNickName"": ""l*4"", ""replyCityName"": """", ""cityName"": """"}, {""author"": ""\u53bb*\u6237"", ""content"": ""\u7528\u6237\u672a\u70b9\u8bc4\uff0c\u7cfb\u7edf\u9ed8\u8ba4\u597d\u8bc4\u3002"", ""date"": ""2024-12-23"", ""score"": 5, ""commentId"": ""239329220"", ""imgs"": [], ""userNickName"": ""\u53bb*\u6237"", ""replyCityName"": """", ""cityName"": """"}, {""author"": ""\u53bb*\u6237"", ""content"": ""\u7528\u6237\u672a\u70b9\u8bc4\uff0c\u7cfb\u7edf\u9ed8\u8ba4\u597d\u8bc4\u3002"", ""date"": ""2024-12-17"", ""score"": 5, ""commentId"": ""239254489"", ""imgs"": [], ""userNickName"": ""\u53bb*\u6237"", ""replyCityName"": """", ""cityName"": """"}, {""author"": ""k*5"", ""content"": ""\u7528\u6237\u672a\u70b9\u8bc4\uff0c\u7cfb\u7edf\u9ed8\u8ba4\u597d\u8bc4\u3002"", ""date"": ""2024-12-12"", ""score"": 5, ""commentId"": ""239206136"", ""imgs"": [], ""userNickName"": ""k*5"", ""replyCityName"": """", ""cityName"": """"}, {""author"": ""z*7"", ""content"": ""\u7528\u6237\u672a\u70b9\u8bc4\uff0c\u7cfb\u7edf\u9ed8\u8ba4\u597d\u8bc4\u3002"", ""date"": ""2024-12-11"", ""score"": 5, ""commentId"": ""239192775"", ""imgs"": [], ""userNickName"": ""z*7"", ""replyCityName"": """", ""cityName"": """"}, {""author"": ""s*\u612b"", ""content"": ""\u7528\u6237\u672a\u70b9\u8bc4\uff0c\u7cfb\u7edf\u9ed8\u8ba4\u597d\u8bc4\u3002"", ""date"": ""2024-12-11"", ""score"": 5, ""commentId"": ""239184587"", ""imgs"": [], ""userNickName"": ""s*\u612b"", ""replyCityName"": """", ""cityName"": """"}], ""score"": 5.0, ""commentCount"": 957}, ""statusCode"": 200}"
古哨大所城,https://imgs.qunarzz.com/sight/p85/201211/06/78ccd9f655fe63ff93835fbb.jpg_280x200_6971fd91.jpg,潮州市,饶平县,广东省潮州市饶平县所城镇小金山南侧,-1,-1.0,古哨大所城古称大城所、大埕所。明、清海防军事重地，在饶平县所城镇小金山南侧。明洪武初年，朝廷于全国沿海设卫所防御倭寇，因,https://piao.qunar.com/ticket/detail_829793798.html?st=a3clM0QlRTklQTUlQjYlRTUlQjklQjMlRTUlOEUlQkYlMjZpZCUzRDQ3MDklMjZ0eXBlJTNEMCUyNmlkeCUzRDE1JTI2cXQlM0QlMjZhcGslM0QyJTI2c2MlM0RXV1clMjZ1ciUzRCVFNCVCOCVBRCVFNSVCMSVCMSUyNmxyJTNEJUU0JUI4JUFEJUU1JUIxJUIxJTI2ZnQlM0QlN0IlN0Q%3D#from=mpl_search_suggest,-1.0,N/A,古哨大所城古称大城所、大埕所。明、清海防军事重地，在饶平县所城镇小金山南侧。明洪武初年，朝廷于全国沿海设卫所防御倭寇，因卫所设于大埕，后简称所城。明洪武二十七年（1394年）由百户侯顾实创建，呈方形，条石砌筑，城垣高二丈七尺，周围六百四十三丈，四周挖护城池，池加城之数五十三丈。分东西南北四城门，城门上筑重楼，城垣四角各设敌台。全城面积2600亩，昔时城内有三街六巷，街道宽一丈五尺，用石板铺筑。清康熙三年（1644年）迁拆，七年展复，康熙八年重建。据《潮州府志》载：“所城称大城所，设正千户二员，副千户三员，百户十员，镇抚一百，旗军一千二百二十三员；各种军器五千四百五十七件。”目前，四城门尚存，东西城垣尤为完整。1981年被列为饶平县文物保护单位，2002年被列为广东省重点文物保护单位。,暂无,https://imgs.qunarzz.com/sight/p85/201211/06/78ccd9f655fe63ff93835fbb.jpg_710x360_69a9981b.jpg,"{""ret"": true, ""data"": {""tagList"": [{""tagType"": 0, ""tagScore"": 5, ""tagNum"": 0, ""tagName"": ""\u5168\u90e8""}], ""score"": 0.0, ""commentCount"": 0}, ""statusCode"": 200}"
明清古寨,https://imgs.qunarzz.com/sight/p0/1702/95/9578adbdef120934a3.water.jpg_280x200_178a9d65.jpg,潮州市,饶平县,广东省潮州市饶平县樟溪镇青岚地质公园,-1,-1.0,潮文化的传承精髓,https://piao.qunar.com/ticket/detail_3046156261.html?st=a3clM0QlRTklQTUlQjYlRTUlQjklQjMlRTUlOEUlQkYlMjZpZCUzRDQ2MjMyMiUyNnR5cGUlM0QwJTI2aWR4JTNEMTQlMjZxdCUzRCUyNmFwayUzRDIlMjZzYyUzRFdXVyUyNnVyJTNEJUU0JUI4JUFEJUU1JUIxJUIxJTI2bHIlM0QlRTQlQjglQUQlRTUlQjElQjElMjZmdCUzRCU3QiU3RA%3D%3D#from=mpl_search_suggest,-1.0,N/A,明清古寨，即乌溪土楼，位于潮州市饶平县樟溪镇乌溪村，现为潮州绿岛山庄的附属景点。古寨为两围两层结构，呈圆形，全楼以黄泥土夯成，总建筑面积2348平方米。内环楼始建于明嘉靖44年(1565年)，楼门朝东，紫气东来故取名“紫来楼”。后随钟氏家族财丁兴旺，于清康熙年间家族合力建外环楼，取名“拱赐”。因先后建造于明清二朝，故又称之“明清古寨”。,暂无,https://imgs.qunarzz.com/sight/p0/1702/95/9578adbdef120934a3.water.jpg_710x360_aabc7b4d.jpg〇https://imgs.qunarzz.com/sight/p0/1702/99/99916b121390edaca3.water.jpg_710x360_4039db58.jpg〇https://imgs.qunarzz.com/sight/p0/1702/f8/f8de8f86028d9076a3.water.jpg_710x360_004b1418.jpg,"{""ret"": true, ""data"": {""tagList"": [{""tagType"": 0, ""tagScore"": 5, ""tagNum"": 0, ""tagName"": ""\u5168\u90e8""}], ""score"": 0.0, ""commentCount"": 0}, ""statusCode"": 200}"
白鹭天堂,https://imgs.qunarzz.com/sight/p27/201211/02/6646d4aba6c3577593835fbb.jpg_280x200_54459dce.jpg,潮州市,饶平县,饶平县拓林镇西澳岛,-1,-1.0,"白鹭天堂在潮州的饶平县拓林镇西澳岛，近年因白鹭成群而成为引人注目的“白鹭天堂”。
夕阳下山时，西澳岛上空就出现“鹭还巢”",https://piao.qunar.com/ticket/detail_2388277349.html?st=a3clM0QlRTklQTUlQjYlRTUlQjklQjMlRTUlOEUlQkYlMjZpZCUzRDEwNzA5JTI2dHlwZSUzRDAlMjZpZHglM0QxMSUyNnF0JTNEJTI2YXBrJTNEMiUyNnNjJTNEV1dXJTI2dXIlM0QlRTQlQjglQUQlRTUlQjElQjElMjZsciUzRCVFNCVCOCVBRCVFNSVCMSVCMSUyNmZ0JTNEJTdCJTdE#from=mpl_search_suggest,-1.0,N/A,白鹭天堂在潮州的饶平县拓林镇西澳岛，近年因白鹭成群而成为引人注目的“白鹭天堂”。夕阳下山时，西澳岛上空就出现“鹭还巢”的壮丽景象：白鹭成群结队地从远处飞到了鸟岛西北角的涌尾山。从远处望去，象是开满了雪白的山茶花，只见有的白鹭成双成对，相依相偎，有的信然自得地梳理着羽毛，有的则在抱窝。这一切都是那样地安宁、祥和。白鹭属鸟纲，鹭科，全身羽毛雪白，好群居，主食小鱼等水生动物。西澳的白鹭学名叫黄嘴白鹭，是国家二类保护野生动物，高60－70厘米，展翼长约80厘米，1年产卵3次，每次孵仔3至4只。据粗略估许，栖息在西澳岛上的白鹭不下数万只。岛上将在隔离带建立“观鹭”，让游客在此通过望远镜一饱眼福，也可让游客分乘小游艇环岛，在海上欣赏白鹭的精彩“表演”。,暂无,https://imgs.qunarzz.com/sight/p27/201211/02/6646d4aba6c3577593835fbb.jpg_710x360_fe0598ea.jpg〇https://qimgs.qunarzz.com/piao_qsight_provider_piao_qsight_web/04da3c062552270065587e79dc949b41.jpg_710x360_d91e99a1.jpg〇https://qimgs.qunarzz.com/piao_qsight_provider_piao_qsight_web/f806534594fe21.jpg_710x360_23c548cb.jpg〇https://qimgs.qunarzz.com/piao_qsight_provider_piao_qsight_web/f8bb8b5ba97bc1.jpg_710x360_035cb13e.jpg〇https://qimgs.qunarzz.com/piao_qsight_provider_piao_qsight_web/6174e2f805fb8e.jpg_710x360_037f770f.jpg〇https://qimgs.qunarzz.com/piao_qsight_provider_piao_qsight_web/ecc25094f6259b.jpg_710x360_e7a18ea7.jpg〇https://qimgs.qunarzz.com/piao_qsight_provider_piao_qsight_web/ba7cb4e241ddf7.jpg_710x360_30819d34.jpg,"{""ret"": true, ""data"": {""tagList"": [{""tagType"": 0, ""tagScore"": 5, ""tagNum"": 0, ""tagName"": ""\u5168\u90e8""}], ""score"": 0.0, ""commentCount"": 0}, ""statusCode"": 200}"
古大土庵,https://imgs.qunarzz.com/sight/p0/201403/07/5ef1a61bb357ec227a9b38850ebfe3be.jpg_280x200_a399040d.jpg,潮州市,饶平县,广东省潮州市饶平县,1,5.0,比往昔更加轩昂宽敞，更显雄伟壮观,https://piao.qunar.com/ticket/detail_3520809486.html?st=a3clM0QlRTklQTUlQjYlRTUlQjklQjMlRTUlOEUlQkYlMjZpZCUzRDcxNTklMjZ0eXBlJTNEMCUyNmlkeCUzRDEwJTI2cXQlM0QlMjZhcGslM0QyJTI2c2MlM0RXV1clMjZ1ciUzRCVFNCVCOCVBRCVFNSVCMSVCMSUyNmxyJTNEJUU0JUI4JUFEJUU1JUIxJUIxJTI2ZnQlM0QlN0IlN0Q%3D#from=mpl_search_suggest,-1.0,N/A,古大土庵是潮州古城的一处佛教道场，又是潮州一处很有历史价值的文物古迹。目前庵中尚保存有七八块清代重修的碑记石刻，可供稽考溯源。据清乾隆三十六年（1771年）重修的香火碑记。推断该商为明代大德高僧侣建。庵里现存的其他碑刻表明，清康熙元年（1662年）至光绪十九年（1893年）的200多年间，经数任州官重视，由历届高僧拓建修茸。还添筑照壁，改建佛殿，疏浚沟渠。清光绪三年（1877年），潮州知府刘桂年还亲自题“右大土庵”匾额. 高阁塑一尊10米多高的观音大士圣像，两廊塑观音十八化身。高阁定名慈恩阁，中国佛教协会会长赵朴初题写阁名，修复后的古大士庵，比往昔更加轩昂宽敞，更显雄伟壮观。,暂无,https://imgs.qunarzz.com/sight/p0/201403/07/5ef1a61bb357ec227a9b38850ebfe3be.jpg_710x360_cf796a87.jpg,"{""ret"": true, ""data"": {""tagList"": [{""tagType"": 1, ""tagScore"": 5, ""tagNum"": 1, ""tagName"": ""\u597d\u8bc4""}, {""tagType"": 0, ""tagScore"": 5, ""tagNum"": 1, ""tagName"": ""\u5168\u90e8""}], ""commentList"": [{""author"": ""\u6211*\u6977"", ""content"": ""\u4f5c\u4e3a\u9976\u5e73\u4eba\uff0c\u5fc5\u53bb\u7684\u65c5\u6e38\u666f\u70b9"", ""date"": ""2015-11-23"", ""score"": 5, ""commentId"": ""93076920"", ""imgs"": [], ""userNickName"": ""\u6211*\u6977"", ""replyCityName"": """", ""cityName"": """"}], ""score"": 5.0, ""commentCount"": 1}, ""statusCode"": 200}"
汤溪水库,https://imgs.qunarzz.com/sight/p13/201211/05/325fae615485cdc193835fbb.jpg_280x200_9dced6f0.jpg,潮州市,饶平县,广东省潮州市饶平县汤溪镇,1,5.0,"饶平汤溪水库位于饶平县汤溪镇,水库中有许多山岛,山岛有大有小,有高有低,山岛中树木花鸟与湖水相映成趣,构成美妙的一幅幅自",https://piao.qunar.com/ticket/detail_1135839964.html?st=a3clM0QlRTklQTUlQjYlRTUlQjklQjMlRTUlOEUlQkYlMjZpZCUzRDEwNzIyJTI2dHlwZSUzRDAlMjZpZHglM0Q5JTI2cXQlM0QlMjZhcGslM0QyJTI2c2MlM0RXV1clMjZ1ciUzRCVFNCVCOCVBRCVFNSVCMSVCMSUyNmxyJTNEJUU0JUI4JUFEJUU1JUIxJUIxJTI2ZnQlM0QlN0IlN0Q%3D#from=mpl_search_suggest,-1.0,N/A,"饶平汤溪水库位于饶平县汤溪镇,水库中有许多山岛,山岛有大有小,有高有低,山岛中树木花鸟与湖水相映成趣,构成美妙的一幅幅自然画!该水库还有大型发电站、壮观的水坝、观光亭等景点，还有游船、游艇等等。",01/01-12/31；8:00-18:00开园,https://imgs.qunarzz.com/sight/p13/201211/05/325fae615485cdc193835fbb.jpg_710x360_664b29b6.jpg〇https://qimgs.qunarzz.com/piao_qsight_provider_piao_qsight_web/d582802b34348902.jpg_710x360_5ca4f2ee.jpg〇https://qimgs.qunarzz.com/piao_qsight_provider_piao_qsight_web/4be069a4bbaaa002.jpg_710x360_c517a182.jpg〇https://qimgs.qunarzz.com/piao_qsight_provider_piao_qsight_web/cd7164c7edd79b02.jpg_710x360_310579ca.jpg〇https://qimgs.qunarzz.com/piao_qsight_provider_piao_qsight_web/f73d254f581ca602.jpg_710x360_fe2c1935.jpg〇https://qimgs.qunarzz.com/piao_qsight_provider_piao_qsight_web/b7aebec006704c02.jpg_710x360_9e13e819.jpg〇https://qimgs.qunarzz.com/piao_qsight_provider_piao_qsight_web/9967f4c377178d02.jpg_710x360_6ca26116.jpg〇https://qimgs.qunarzz.com/piao_qsight_provider_piao_qsight_web/c0dec1f61d72b002.jpg_710x360_8a232bdc.jpg〇https://qimgs.qunarzz.com/piao_qsight_provider_piao_qsight_web/c27b4b2bf1ca0402.jpg_710x360_0b5c7c12.jpg〇https://qimgs.qunarzz.com/piao_qsight_provider_piao_qsight_web/eebae8818e96fa1849334d46b7a14af7.jpg_710x360_03d60a89.jpg〇https://qimgs.qunarzz.com/piao_qsight_provider_piao_qsight_web/7d9f45ac15b50837.jpg_710x360_ead5e19e.jpg〇https://qimgs.qunarzz.com/piao_qsight_provider_piao_qsight_web/9dc2dafab866cc.jpg_710x360_19355b93.jpg〇https://qimgs.qunarzz.com/piao_qsight_provider_piao_qsight_web/01c0fd96025a24.jpg_710x360_7281d90c.jpg,"{""ret"": true, ""data"": {""tagList"": [{""tagType"": 1, ""tagScore"": 5, ""tagNum"": 1, ""tagName"": ""\u597d\u8bc4""}, {""tagType"": 0, ""tagScore"": 5, ""tagNum"": 1, ""tagName"": ""\u5168\u90e8""}], ""commentList"": [{""author"": ""m*9"", ""content"": ""\u7ca4\u4e1c\u7b2c\u4e00\u5927\u6c34\u5e93\uff0c\u6c64\u6eaa\u6c34\u5e93\uff01\u503c\u5f97\u4e00\u53bb\u7684\u5730\u65b9\uff01\u6c34\u4ea7\u8d44\u6e90\u4e30\u5bcc\uff01"", ""date"": ""2016-08-16"", ""score"": 5, ""commentId"": ""125409044"", ""imgs"": [{""small"": ""https://imgs.qunarzz.com/piao/fusion/1608/1e/c27b4b2bf1ca0402.jpg_120x120_69872889.jpg"", ""title"": """", ""big"": ""https://imgs.qunarzz.com/piao/fusion/1608/1e/c27b4b2bf1ca0402.jpg""}, {""small"": ""https://imgs.qunarzz.com/piao/fusion/1608/38/c0dec1f61d72b002.jpg_120x120_b6c981e4.jpg"", ""title"": """", ""big"": ""https://imgs.qunarzz.com/piao/fusion/1608/38/c0dec1f61d72b002.jpg""}, {""small"": ""https://imgs.qunarzz.com/piao/fusion/1608/c0/9967f4c377178d02.jpg_120x120_672fd544.jpg"", ""title"": """", ""big"": ""https://imgs.qunarzz.com/piao/fusion/1608/c0/9967f4c377178d02.jpg""}, {""small"": ""https://imgs.qunarzz.com/piao/fusion/1608/d4/b7aebec006704c02.jpg_120x120_7894a097.jpg"", ""title"": """", ""big"": ""https://imgs.qunarzz.com/piao/fusion/1608/d4/b7aebec006704c02.jpg""}, {""small"": ""https://imgs.qunarzz.com/piao/fusion/1608/a7/f73d254f581ca602.jpg_120x120_ba174dd9.jpg"", ""title"": """", ""big"": ""https://imgs.qunarzz.com/piao/fusion/1608/a7/f73d254f581ca602.jpg""}, {""small"": ""https://imgs.qunarzz.com/piao/fusion/1608/94/cd7164c7edd79b02.jpg_120x120_77a610f6.jpg"", ""title"": """", ""big"": ""https://imgs.qunarzz.com/piao/fusion/1608/94/cd7164c7edd79b02.jpg""}, {""small"": ""https://imgs.qunarzz.com/piao/fusion/1608/83/4be069a4bbaaa002.jpg_120x120_efe3ced5.jpg"", ""title"": """", ""big"": ""https://imgs.qunarzz.com/piao/fusion/1608/83/4be069a4bbaaa002.jpg""}, {""small"": ""https://imgs.qunarzz.com/piao/fusion/1608/82/8e46172cf6765102.jpg_120x120_05948964.jpg"", ""title"": """", ""big"": ""https://imgs.qunarzz.com/piao/fusion/1608/82/8e46172cf6765102.jpg""}, {""small"": ""https://imgs.qunarzz.com/piao/fusion/1608/9e/d582802b34348902.jpg_120x120_f2029ce0.jpg"", ""title"": """", ""big"": ""https://imgs.qunarzz.com/piao/fusion/1608/9e/d582802b34348902.jpg""}], ""userNickName"": ""m*9"", ""replyCityName"": """", ""cityName"": """"}], ""score"": 5.0, ""commentCount"": 1}, ""statusCode"": 200}"
道韵楼,https://imgs.qunarzz.com/sight/p79/201211/03/33e3f03b5696e04c93835fbb.jpg_280x200_c981894d.jpg,潮州市,饶平县,广东省潮州饶平县三饶镇南联村,-1,-1.0,道韵楼位于饶平县三饶镇南联村，建于明末清初，有着400多年的历史。道韵楼俗称大楼，呈八角形，楼内处处有“8”。民间传说，,https://piao.qunar.com/ticket/detail_769424284.html?st=a3clM0QlRTklQTUlQjYlRTUlQjklQjMlRTUlOEUlQkYlMjZpZCUzRDM1NTclMjZ0eXBlJTNEMCUyNmlkeCUzRDEzJTI2cXQlM0QlMjZhcGslM0QyJTI2c2MlM0RXV1clMjZ1ciUzRCVFNCVCOCVBRCVFNSVCMSVCMSUyNmxyJTNEJUU0JUI4JUFEJUU1JUIxJUIxJTI2ZnQlM0QlN0IlN0Q%3D#from=mpl_search_suggest,-1.0,N/A,道韵楼位于饶平县三饶镇南联村，建于明末清初，有着400多年的历史。道韵楼俗称大楼，呈八角形，楼内处处有“8”。民间传说，和大多数围屋一样，道韵楼当年设计也是圆楼，但屡建屡倒，后来经风水先生指点说，此地为“蟹地”，要八卦之形才可镇住，于是改成八角形，果然顺风顺水。传说总是充满了真实的谎言，得到公认的是道韵楼的造型是仿周文王八卦形设计，整座楼呈八卦形，卦与卦之间巷隔开。楼内充满8的倍数――72间房、32口井、112架梯。此外，围楼内广场中有两口井，象征太极中的两仪阴阳鱼眼。座南朝北，周长328米，高11.5米，墙厚1.6米总面积约1万平方米。楼内房屋分为3进，共深2,01/01-12/31；8:00-18:00开园,https://imgs.qunarzz.com/sight/p79/201211/03/33e3f03b5696e04c93835fbb.jpg_710x360_723114c7.jpg〇https://qimgs.qunarzz.com/piao_qsight_provider_piao_qsight_web/5414e7b98077d48028ad73ffa989c7f3.jpg_710x360_44908acf.jpg〇https://qimgs.qunarzz.com/piao_qsight_provider_piao_qsight_web/448c92200ed9ce37.jpg_710x360_47552b88.jpg〇https://qimgs.qunarzz.com/piao_qsight_provider_piao_qsight_web/bf1d79c26a252b5.jpg_710x360_e9bc87a7.jpg〇https://qimgs.qunarzz.com/piao_qsight_provider_piao_qsight_web/e45c69d436cc57b5.jpg_710x360_1964f0f5.jpg〇https://qimgs.qunarzz.com/piao_qsight_provider_piao_qsight_web/539c84b317b1c2b5.jpg_710x360_4dbe5fd4.jpg〇https://qimgs.qunarzz.com/piao_qsight_provider_piao_qsight_web/bf89b56c8eba25b5.jpg_710x360_faab144e.jpg〇https://qimgs.qunarzz.com/piao_qsight_provider_piao_qsight_web/184ae4a36defc4b5.jpg_710x360_d86d9738.jpg〇https://qimgs.qunarzz.com/piao_qsight_provider_piao_qsight_web/fafaf7a4d4ec81b5.jpg_710x360_5e58775b.jpg〇https://qimgs.qunarzz.com/piao_qsight_provider_piao_qsight_web/ff2935d3a4c4fdb5.jpg_710x360_8150fe7a.jpg〇https://qimgs.qunarzz.com/piao_qsight_provider_piao_qsight_web/ed52ecdcb08e47b5.jpg_710x360_22793bf4.jpg〇https://qimgs.qunarzz.com/piao_qsight_provider_piao_qsight_web/a6a83a1f711d2b5.jpg_710x360_ee5cf76e.jpg〇https://qimgs.qunarzz.com/piao_qsight_provider_piao_qsight_web/bd20ba162b414fb5.jpg_710x360_e0e21be1.jpg〇https://qimgs.qunarzz.com/piao_qsight_provider_piao_qsight_web/e55f3ea0855c7ab5.jpg_710x360_bd6bde74.jpg〇https://qimgs.qunarzz.com/piao_qsight_provider_piao_qsight_web/10d876242d42c4.jpg_710x360_934dbe7d.jpg〇https://qimgs.qunarzz.com/piao_qsight_provider_piao_qsight_web/73dfd2fd2e4dcf.jpg_710x360_1ff3ed1c.jpg〇https://qimgs.qunarzz.com/piao_qsight_provider_piao_qsight_web/ea07a536ac9d08.jpg_710x360_52b08d27.jpg,"{""ret"": true, ""data"": {""tagList"": [{""tagType"": 0, ""tagScore"": 5, ""tagNum"": 0, ""tagName"": ""\u5168\u90e8""}], ""score"": 0.0, ""commentCount"": 0}, ""statusCode"": 200}"
汛洲岛,https://qimgs.qunarzz.com/piao_qsight_provider_piao_qsight_web/0102g1200085rquno423A_C_900_504.jpg_280x200_5ccbbb66.jpg,潮州市,饶平县,潮州市饶平县,-1,-1.0,岛上鸟类繁多,https://piao.qunar.com/ticket/detail_610764797.html?st=a3clM0QlRTklQTUlQjYlRTUlQjklQjMlRTUlOEUlQkYlMjZpZCUzRDUxNzI4MiUyNnR5cGUlM0QwJTI2aWR4JTNEMTIlMjZxdCUzRCUyNmFwayUzRDIlMjZzYyUzRFdXVyUyNnVyJTNEJUU0JUI4JUFEJUU1JUIxJUIxJTI2bHIlM0QlRTQlQjglQUQlRTUlQjElQjElMjZmdCUzRCU3QiU3RA%3D%3D#from=mpl_search_suggest,-1.0,N/A,N/A,1/1-12/31；周一至周日；全天开放,https://qimgs.qunarzz.com/piao_qsight_provider_piao_qsight_web/0102g1200085rquno423A_C_900_504.jpg_710x360_07100c7f.jpg〇https://qimgs.qunarzz.com/piao_qsight_provider_piao_qsight_web/0102g1200085rquno423A_C_900_504_Q90_Mtg_7.jpg_710x360_0d549181.jpg,"{""ret"": true, ""data"": {""tagList"": [{""tagType"": 0, ""tagScore"": 5, ""tagNum"": 0, ""tagName"": ""\u5168\u90e8""}], ""score"": 0.0, ""commentCount"": 0}, ""statusCode"": 200}"
潮州青岚冰臼奇观,https://imgs.qunarzz.com/sight/p0/201403/20/17af3f411e23412ed84095ea4a032654.jpg_280x200_afb8880f.jpg,潮州市,饶平县,广东省饶平县青岚村,33,4.2,分布于饶平县樟溪镇青岚溪谷的形态各异的石头。冰臼是冰川的直接产物，是在二三百万年前，在巨厚冰层覆盖，处于“封闭”和“半封,https://piao.qunar.com/ticket/detail_3014951334.html?st=a3clM0QlRTklQTUlQjYlRTUlQjklQjMlRTUlOEUlQkYlMjZpZCUzRDEzNjMxJTI2dHlwZSUzRDAlMjZpZHglM0Q4JTI2cXQlM0QlMjZhcGslM0QyJTI2c2MlM0RXV1clMjZ1ciUzRCVFNCVCOCVBRCVFNSVCMSVCMSUyNmxyJTNEJUU0JUI4JUFEJUU1JUIxJUIxJTI2ZnQlM0QlN0IlN0Q%3D#from=mpl_search_suggest,-1.0,N/A,分布于饶平县樟溪镇青岚溪谷的形态各异的石头。冰臼是冰川的直接产物，是在二三百万年前，在巨厚冰层覆盖，处于“封闭”和“半封闭”,1/1-12/31；周一至周日；9:00-17:00开园,https://imgs.qunarzz.com/sight/p0/201403/20/17af3f411e23412ed84095ea4a032654.jpg_710x360_8822b78e.jpg〇https://imgs.qunarzz.com/sight/p0/201403/20/916359431341524b57cb5d3b3527c406.jpg_710x360_19ef22ab.jpg〇https://imgs.qunarzz.com/sight/p0/201403/20/a101fa09af221341be4747ee76b46259.jpg_710x360_760faa0d.jpg〇https://imgs.qunarzz.com/sight/p0/201403/20/eb185ecf1e8fba300a48eab1b13a9f25.jpg_710x360_df0f444e.jpg〇https://imgs.qunarzz.com/sight/p0/201403/20/e1958e1ff9ac315c8308d767c52ceba0.jpg_710x360_58c9ce7f.jpg〇https://qimgs.qunarzz.com/piao_qsight_provider_piao_qsight_web/1559935182435100115000000xt364515B_D_640_10000.jpg_710x360_0c19c021.jpg〇https://qimgs.qunarzz.com/piao_qsight_provider_piao_qsight_web/1559935182313100k15000000xkceq23F4_D_640_10000.jpg_710x360_b53ecfd4.jpg〇https://qimgs.qunarzz.com/piao_qsight_provider_piao_qsight_web/1559935182190100v15000000xr7lmC4BD_D_640_10000.jpg_710x360_6c056cf6.jpg〇https://qimgs.qunarzz.com/piao_qsight_provider_piao_qsight_web/1559329345586100v14000000x8dbgF1B0_D_640_10000.jpg_710x360_04f54b84.jpg〇https://qimgs.qunarzz.com/piao_qsight_provider_piao_qsight_web/1559329345334100u14000000wxalv3C03_D_640_10000.jpg_710x360_2d889470.jpg〇https://qimgs.qunarzz.com/piao_qsight_provider_piao_qsight_web/1559329345165100814000000wximk943E_D_640_10000.jpg_710x360_a892ecc3.jpg〇https://qimgs.qunarzz.com/piao_qsight_provider_piao_qsight_web/1559329344800100e14000000wzyyq0037_D_640_10000.jpg_710x360_bf8a5bf4.jpg〇https://qimgs.qunarzz.com/piao_qsight_provider_piao_qsight_web/1558898205535100814000000wquk9B23F_D_640_10000.jpg_710x360_cc3c7d53.jpg〇https://qimgs.qunarzz.com/piao_qsight_provider_piao_qsight_web/1558898205394100r14000000wp2q04198_D_640_10000.jpg_710x360_fe8d04da.jpg〇https://qimgs.qunarzz.com/piao_qsight_provider_piao_qsight_web/1558898205038100i14000000wph0d2C87_D_640_10000.jpg_710x360_324a60c8.jpg〇https://qimgs.qunarzz.com/piao_qsight_provider_piao_qsight_web/1558898204751100414000000wpmwcCE83_D_640_10000.jpg_710x360_2647b48c.jpg〇https://qimgs.qunarzz.com/piao_qsight_provider_piao_qsight_web/1558898204499100l14000000wqthdF32A_D_640_10000.jpg_710x360_0da3e694.jpg〇https://qimgs.qunarzz.com/piao_qsight_provider_piao_qsight_web/1558898204180100e14000000wtein02D8_D_640_10000.jpg_710x360_7a3c280b.jpg〇https://qimgs.qunarzz.com/piao_qsight_provider_piao_qsight_web/1558465687962100j14000000wfceh3F1B_D_640_10000.jpg_710x360_8d42a166.jpg〇https://qimgs.qunarzz.com/piao_qsight_provider_piao_qsight_web/1558465687848100s14000000wmpgzDECF_D_640_10000.jpg_710x360_8799b66d.jpg〇https://qimgs.qunarzz.com/piao_qsight_provider_piao_qsight_web/1558465687570100c14000000wih1qB4AF_D_640_10000.jpg_710x360_e9e1b2f7.jpg〇https://qimgs.qunarzz.com/piao_qsight_provider_piao_qsight_web/1558465687279100w14000000wlv3fAA8E_D_640_10000.jpg_710x360_6d36a193.jpg〇https://qimgs.qunarzz.com/piao_qsight_provider_piao_qsight_web/1558465687157100614000000wgg8u5F98_D_640_10000.jpg_710x360_7853c9d7.jpg〇https://qimgs.qunarzz.com/piao_qsight_provider_piao_qsight_web/1549668367975100m11000000qt7ryB78C_D_640_10000.jpg_710x360_1d1902d6.jpg〇https://qimgs.qunarzz.com/piao_qsight_provider_piao_qsight_web/1549668367587100111000000qwr3yF41E_D_640_10000.jpg_710x360_eb10864d.jpg,"{""ret"": true, ""data"": {""tagList"": [{""tagType"": 3, ""tagScore"": 5, ""tagNum"": 1, ""tagName"": ""\u5dee\u8bc4""}, {""tagType"": 2, ""tagScore"": 5, ""tagNum"": 6, ""tagName"": ""\u4e2d\u8bc4""}, {""tagType"": 1, ""tagScore"": 5, ""tagNum"": 26, ""tagName"": ""\u597d\u8bc4""}, {""tagType"": 0, ""tagScore"": 5, ""tagNum"": 33, ""tagName"": ""\u5168\u90e8""}], ""commentList"": [{""author"": ""z*2"", ""content"": ""\u6700\u8fd1\u770b\u5230\u7f51\u4e0a\u514d\u95e8\u7968\u6d3b\u52a8\uff0c\u53bb\u4e86\u4e4b\u540e\u53d1\u73b0\u666f\u533a\u5df2\u7ecf\u7ed9\u4f60\u6316\u597d\u4e00\u4e2a\u4e2a\u5751\u7ed9\u4f60\u8df3\uff0c\u4f53\u9a8c\u5f88\u5dee\uff0c\u7b2c\u4e00\uff0c\u4ed6\u6587\u7ae0\u91cc\u9762\u6ca1\u6709\u5199\u6e05\u695a\u514d\u8d39\u7684\u6761\u4ef6\uff0c\u5728\u73a9\u6587\u5b57\u6e38\u620f\uff0c\u5f88\u660e\u663e\u5c31\u662f\u5728\u5957\u8def\u65c5\u5ba2\u8fc7\u53bb\u4e70\u95e8\u7968\uff0c\u800c\u4e14\u6211\u662f\u4e8b\u5148\u6253\u7535\u8bdd\u8fc7\u53bb\u54a8\u8be2\uff0c\u4ed6\u4e5f\u4e0d\u8bf4\u6e05\u695a\uff1b\u7b2c\u4e8c\uff0c\u4ed6\u8bf4\u8f6c\u53d1\u670b\u53cb\u5708\u53ef\u4ee5\u62ff\u73bb\u7483\u6865\u4ee3\u91d1\u52b5\uff0c\u4ee3\u91d1\u52b510\u5757\u94b1\u5c31\u7b97\u4e86\uff0c\u7ed3\u679c\u6211\u95ee\u524d\u53f0\uff0c\u4ed6\u8bf4\u6211\u7528\u4e86\u4ee3\u91d1\u52b5\u8fd8\u6bd4\u5728\u73b0\u573a\u4e70\u8d35\uff0c\u90a3\u6211\u60f3\u95ee\u7ed9\u6211\u7684\u4ee3\u91d1\u5238\u6709\u4ec0\u4e48\u7528\uff1b\u7b2c\u4e09\uff0c\u5230\u4e86\u5c71\u9876\u4e0a\u8fd8\u8981\u4ed8\u6bcf\u4eba15\u5757\u94b1\u7684\u8f66\u8d39\u4e0b\u5c71\uff0c\u6ca1\u6709\u5f3a\u5236\u6027\u8981\u6c42\u4f60\u4ed8\u8fd9\u94b1\uff0c\u4f46\u4f60\u4e0d\u4ed8\u5c31\u81ea\u5df1\u8d703\u516c\u91cc\u4e0b\u5c71\uff0c\u800c\u4e14\u6cbf\u8def\u57fa\u672c\u4e5f\u662f\u6ca1\u6709\u4ec0\u4e48\u666f\u8272\u7684\uff0c\u611f\u89c9\u81ea\u5df1\u88ab\u5957\u8def\u4e86\u4e00\u4e2a\u65e9\u4e0a\u3002\u867d\u7136\u94b1\u662f\u7ed9\u4f60\u8d5a\u4e86\uff0c\u4f46\u5176\u5b9e\u8fd9\u6837\u4f1a\u7ed9\u5916\u5730\u65c5\u5ba2\u7559\u4e0b\u4e0d\u597d\u5370\u3002\u518d\u8bf4\u89c9\u5f97\u8fd9\u4e2a\u666f\u533a\u95e8\u7968\u4e0d\u503c\u90a3\u4e2a\u94b1\uff0c\u901b\u4e0d\u4e86\u592a\u4e45\uff0c\u6cbf\u8def\u4e5f\u6709\u542c\u5230\u5728\u62b1\u6028\u7684\uff0c\u5404\u79cd\u4f53\u9a8c\u4e0d\u4f73\uff0c\u65f1\u6ed1\u9053\u8ddf\u73bb\u7483\u6865\u4f53\u9a8c\u4e5f\u4e00\u822c\uff0c\u73bb\u7483\u686560\uff0c\u65f1\u6ed1\u905320\uff0c\u8fd9\u4e2a\u4ef7\u94b1\u8ddf\u5176\u4ed6\u666f\u533a\u76f8\u6bd4\u5b8c\u5168\u6ca1\u6709\u53ef\u6bd4\u6027\uff0c\u9644\u4e0a\u4e24\u5f20\u6ca1\u4ec0\u4e48\u7528\u7684\u4ee3\u91d1\u52b5"", ""date"": ""2020-08-29"", ""score"": 1, ""commentId"": ""215596965"", ""imgs"": [], ""userNickName"": ""z*2"", ""replyCityName"": """", ""cityName"": """"}, {""author"": ""@*_"", ""content"": ""\u81ea\u7136\u98ce\u5149\uff0c\u666f\u8272\u5b9c\u4eba\uff0c\u9002\u5408\u60c5\u4fa3\u3001\u5bb6\u5ead\u51fa\u6e38\u3002\u53ef\u60dc\u5730\u6cb3\u6d1e\u56e0\u6c34\u4f4d\u9ad8\uff0c\u6ca1\u5f00\u653e\u89c2\u5149\uff0c\u6bd4\u8f83\u9057\u61be\u3002\u666f\u533a\u914d\u5957\u8bbe\u65bd\u3001\u670d\u52a1\u6709\u5f85\u52a0\u5f3a\uff0c\u53ea\u6709\u4e00\u4e2a\u9910\u5385\uff0c\u4eba\u624b\u4e0d\u8db3\uff0c\u5348\u9910\u4f53\u9a8c\u4e0d\u662f\u5f88\u597d\u3002\u603b\u7684\u6765\u8bf4\uff0c\u867d\u7136\u6709\u5f88\u591a\u4e0d\u5c3d\u4eba\u610f\u7684\u5730\u65b9\uff0c\u8fd8\u662f\u503c\u5f97\u4e00\u6e38\u7684\u3002"", ""date"": ""2019-05-19"", ""score"": 4, ""commentId"": ""210467952"", ""imgs"": [{""small"": ""https://mp-commentcp.qunarzz.com/mp_comment_mp_comment/1558465687157100614000000wgg8u5F98_D_640_10000.jpg_120x120_31831076.jpg"", ""title"": """", ""big"": ""https://mp-commentcp.qunarzz.com/mp_comment_mp_comment/1558465687157100614000000wgg8u5F98_D_640_10000.jpg""}, {""small"": ""https://mp-commentcp.qunarzz.com/mp_comment_mp_comment/1558465687279100w14000000wlv3fAA8E_D_640_10000.jpg_120x120_a5f4c942.jpg"", ""title"": """", ""big"": ""https://mp-commentcp.qunarzz.com/mp_comment_mp_comment/1558465687279100w14000000wlv3fAA8E_D_640_10000.jpg""}, {""small"": ""https://mp-commentcp.qunarzz.com/mp_comment_mp_comment/1558465687570100c14000000wih1qB4AF_D_640_10000.jpg_120x120_b0ba2c2a.jpg"", ""title"": """", ""big"": ""https://mp-commentcp.qunarzz.com/mp_comment_mp_comment/1558465687570100c14000000wih1qB4AF_D_640_10000.jpg""}, {""small"": ""https://mp-commentcp.qunarzz.com/mp_comment_mp_comment/1558465687848100s14000000wmpgzDECF_D_640_10000.jpg_120x120_c21e9f06.jpg"", ""title"": """", ""big"": ""https://mp-commentcp.qunarzz.com/mp_comment_mp_comment/1558465687848100s14000000wmpgzDECF_D_640_10000.jpg""}, {""small"": ""https://mp-commentcp.qunarzz.com/mp_comment_mp_comment/1558465687962100j14000000wfceh3F1B_D_640_10000.jpg_120x120_1e1efb6a.jpg"", ""title"": """", ""big"": ""https://mp-commentcp.qunarzz.com/mp_comment_mp_comment/1558465687962100j14000000wfceh3F1B_D_640_10000.jpg""}], ""userNickName"": ""@*_"", ""replyCityName"": """", ""cityName"": """"}, {""author"": ""_*9"", ""content"": ""\u666f\u70b9\u8fd8\u4e0d\u9519\uff0c\u5c31\u662f\u6709\u70b9\u5371\u9669\uff0c\u5e26\u5b69\u5b50\u7684\u6700\u597d\u4e00\u76f4\u7275\u7740\uff0c\u4e0b\u96e8\u5929\u6700\u597d\u522b\u53bb\uff0c\u6da8\u6c34\u4e86\u5c31\u5f88\u5371\u9669\u3002\u5927\u69821\u4e2a\u591a\u5c0f\u65f6\u5c31\u53ef\u4ee5\u8d70\u5b8c\u3002"", ""date"": ""2019-05-27"", ""score"": 4, ""commentId"": ""210608591"", ""imgs"": [{""small"": ""https://mp-commentcp.qunarzz.com/mp_comment_mp_comment/1559329344800100e14000000wzyyq0037_D_640_10000.jpg_120x120_231a40db.jpg"", ""title"": """", ""big"": ""https://mp-commentcp.qunarzz.com/mp_comment_mp_comment/1559329344800100e14000000wzyyq0037_D_640_10000.jpg""}, {""small"": ""https://mp-commentcp.qunarzz.com/mp_comment_mp_comment/1559329345165100814000000wximk943E_D_640_10000.jpg_120x120_8583aab7.jpg"", ""title"": """", ""big"": ""https://mp-commentcp.qunarzz.com/mp_comment_mp_comment/1559329345165100814000000wximk943E_D_640_10000.jpg""}, {""small"": ""https://mp-commentcp.qunarzz.com/mp_comment_mp_comment/1559329345334100u14000000wxalv3C03_D_640_10000.jpg_120x120_ebf209cb.jpg"", ""title"": """", ""big"": ""https://mp-commentcp.qunarzz.com/mp_comment_mp_comment/1559329345334100u14000000wxalv3C03_D_640_10000.jpg""}, {""small"": ""https://mp-commentcp.qunarzz.com/mp_comment_mp_comment/1559329345586100v14000000x8dbgF1B0_D_640_10000.jpg_120x120_88196999.jpg"", ""title"": """", ""big"": ""https://mp-commentcp.qunarzz.com/mp_comment_mp_comment/1559329345586100v14000000x8dbgF1B0_D_640_10000.jpg""}], ""userNickName"": ""_*9"", ""replyCityName"": """", ""cityName"": """"}, {""author"": ""\u6211*i"", ""content"": ""\u53bb\u4e00\u8d9f\u8fd8\u662f\u53ef\u4ee5\u7684\uff0c\u89c1\u8bc6\u4e00\u4e0b\u6570\u767e\u4e07\u5e74\u524d\u51b0\u5ddd\u6d3b\u52a8\u7684\u5a01\u529b\uff0c\u53ef\u60dc\u5c31\u662f\u78b0\u5230\u6c34\u4f4d\u9ad8\uff0c\u5730\u4e0b\u6cb3\u5173\u95ed\u4e86\uff0c\u6e38\u89c8\u4e0d\u4e86\u3002"", ""date"": ""2019-05-24"", ""score"": 4, ""commentId"": ""210510624"", ""imgs"": [{""small"": ""https://mp-commentcp.qunarzz.com/mp_comment_mp_comment/1558898204180100e14000000wtein02D8_D_640_10000.jpg_120x120_9a72069c.jpg"", ""title"": """", ""big"": ""https://mp-commentcp.qunarzz.com/mp_comment_mp_comment/1558898204180100e14000000wtein02D8_D_640_10000.jpg""}, {""small"": ""https://mp-commentcp.qunarzz.com/mp_comment_mp_comment/1558898204499100l14000000wqthdF32A_D_640_10000.jpg_120x120_50b1dea0.jpg"", ""title"": """", ""big"": ""https://mp-commentcp.qunarzz.com/mp_comment_mp_comment/1558898204499100l14000000wqthdF32A_D_640_10000.jpg""}, {""small"": ""https://mp-commentcp.qunarzz.com/mp_comment_mp_comment/1558898204751100414000000wpmwcCE83_D_640_10000.jpg_120x120_8c52b511.jpg"", ""title"": """", ""big"": ""https://mp-commentcp.qunarzz.com/mp_comment_mp_comment/1558898204751100414000000wpmwcCE83_D_640_10000.jpg""}, {""small"": ""https://mp-commentcp.qunarzz.com/mp_comment_mp_comment/1558898205038100i14000000wph0d2C87_D_640_10000.jpg_120x120_4b190eaa.jpg"", ""title"": """", ""big"": ""https://mp-commentcp.qunarzz.com/mp_comment_mp_comment/1558898205038100i14000000wph0d2C87_D_640_10000.jpg""}, {""small"": ""https://mp-commentcp.qunarzz.com/mp_comment_mp_comment/1558898205394100r14000000wp2q04198_D_640_10000.jpg_120x120_9467179b.jpg"", ""title"": """", ""big"": ""https://mp-commentcp.qunarzz.com/mp_comment_mp_comment/1558898205394100r14000000wp2q04198_D_640_10000.jpg""}, {""small"": ""https://mp-commentcp.qunarzz.com/mp_comment_mp_comment/1558898205535100814000000wquk9B23F_D_640_10000.jpg_120x120_c40cd74c.jpg"", ""title"": """", ""big"": ""https://mp-commentcp.qunarzz.com/mp_comment_mp_comment/1558898205535100814000000wquk9B23F_D_640_10000.jpg""}], ""userNickName"": ""\u6211*i"", ""replyCityName"": """", ""cityName"": """"}, {""author"": ""M*7"", ""content"": ""\u8bf4\u662f\u56fd\u5bb6\u5730\u8d28\u516c\u56ed\uff0c\u4f46\u662f\u5c31\u662f\u4e00\u4e2a\u5c0f\u5c71\u5934\uff0c\u91cc\u9762\u7eff\u6811\u8471\u8471\uff0c\u6c34\u6d41\u4e0d\u9519\uff0c\u722c\u4e0a\u53bb\u53ef\u4ee5\u7b97\u505a\u4f11\u95f2\u5427\uff0c\u4f46\u662f\u6574\u4f53\u800c\u8a00\uff0c\u6ca1\u6709\u4ec0\u4e48\u7279\u8272\u7684\uff0c\u6982\u62ec\u8d77\u6765\u662f\u6709\u5c71\u6709\u6c34\u6709\u6eb6\u6d1e\uff0c\u65e0\u60c5\u65e0\u666f\u65e0\u97f5\u5473\u3002"", ""date"": ""2018-11-13"", ""score"": 3, ""commentId"": ""208574333"", ""imgs"": [{""small"": ""https://imgs.qunarzz.com/p/tts1/1811/5b/c9aecece9a3fa102.jpg_120x120_7bbac535.jpg"", ""title"": """", ""big"": ""https://imgs.qunarzz.com/p/tts1/1811/5b/c9aecece9a3fa102.jpg""}, {""small"": ""https://imgs.qunarzz.com/p/tts9/1811/a5/637932e71e404302.jpg_120x120_b6063415.jpg"", ""title"": """", ""big"": ""https://imgs.qunarzz.com/p/tts9/1811/a5/637932e71e404302.jpg""}, {""small"": ""https://imgs.qunarzz.com/p/tts0/1811/4d/cec5c97462e19f02.jpg_120x120_08c45651.jpg"", ""title"": """", ""big"": ""https://imgs.qunarzz.com/p/tts0/1811/4d/cec5c97462e19f02.jpg""}, {""small"": ""https://imgs.qunarzz.com/p/tts5/1811/f2/8e87a74ea8ec902.jpg_120x120_bffc859b.jpg"", ""title"": """", ""big"": ""https://imgs.qunarzz.com/p/tts5/1811/f2/8e87a74ea8ec902.jpg""}, {""small"": ""https://imgs.qunarzz.com/p/tts4/1811/ae/fbc28af4e365d302.jpg_120x120_ceaf36ff.jpg"", ""title"": """", ""big"": ""https://imgs.qunarzz.com/p/tts4/1811/ae/fbc28af4e365d302.jpg""}, {""small"": ""https://imgs.qunarzz.com/p/tts0/1811/d3/cda94486f41fbd02.jpg_120x120_a0f2883b.jpg"", ""title"": """", ""big"": ""https://imgs.qunarzz.com/p/tts0/1811/d3/cda94486f41fbd02.jpg""}, {""small"": ""https://imgs.qunarzz.com/p/tts8/1811/73/95eac1f466ff0202.jpg_120x120_ddc2ef53.jpg"", ""title"": """", ""big"": ""https://imgs.qunarzz.com/p/tts8/1811/73/95eac1f466ff0202.jpg""}, {""small"": ""https://imgs.qunarzz.com/p/tts9/1811/44/2c9e9505cb4e8a02.jpg_120x120_665eec5d.jpg"", ""title"": """", ""big"": ""https://imgs.qunarzz.com/p/tts9/1811/44/2c9e9505cb4e8a02.jpg""}, {""small"": ""https://imgs.qunarzz.com/p/tts2/1811/ba/7cf2aed9b5184f02.jpg_120x120_a5e5ace7.jpg"", ""title"": """", ""big"": ""https://imgs.qunarzz.com/p/tts2/1811/ba/7cf2aed9b5184f02.jpg""}, {""small"": ""https://imgs.qunarzz.com/p/tts2/1811/ed/ea3142fd2169802.jpg_120x120_6f652676.jpg"", ""title"": """", ""big"": ""https://imgs.qunarzz.com/p/tts2/1811/ed/ea3142fd2169802.jpg""}, {""small"": ""https://imgs.qunarzz.com/p/tts8/1811/6d/91703a92bf26f602.jpg_120x120_5712e798.jpg"", ""title"": """", ""big"": ""https://imgs.qunarzz.com/p/tts8/1811/6d/91703a92bf26f602.jpg""}, {""small"": ""https://imgs.qunarzz.com/p/tts4/1811/dd/40f20a8a454c1b02.jpg_120x120_3629d05b.jpg"", ""title"": """", ""big"": ""https://imgs.qunarzz.com/p/tts4/1811/dd/40f20a8a454c1b02.jpg""}, {""small"": ""https://imgs.qunarzz.com/p/tts7/1811/53/9ef979fa6c6ba902.jpg_120x120_45dce730.jpg"", ""title"": """", ""big"": ""https://imgs.qunarzz.com/p/tts7/1811/53/9ef979fa6c6ba902.jpg""}, {""small"": ""https://imgs.qunarzz.com/p/tts8/1811/df/90e366a5ae4ce202.jpg_120x120_5f24df7b.jpg"", ""title"": """", ""big"": ""https://imgs.qunarzz.com/p/tts8/1811/df/90e366a5ae4ce202.jpg""}], ""userNickName"": ""M*7"", ""replyCityName"": """", ""cityName"": """"}, {""author"": ""\u5c0f*\u8d1d"", ""content"": ""\u516c\u56ed\u666f\u8272\u5f88\u7f8e\uff0c\u4e0d\u7528\u53bb\u6536\u8d39\u9879\u76ee\uff0c\u7011\u5e03\u3001\u6728\u6808\u9053\u3001\u5730\u4e0b\u6cb3\u3001\u77f3\u81fc\uff0c\u5c31\u8db3\u591f\u8da3\u5473\u6027\u4e86\u3002\u505c\u8f66\u573a\u8d85\u5927\uff0c\u4e0d\u6ee1\u610f\u7684\u5c31\u662f\u53e6\u5916\u6536\u8d39\u3002\u8282\u5047\u65e5\u51fa\u884c\uff0c\u9664\u4e86\u95e8\u7968\u8d35\u70b9\uff0c\u5176\u5b83\u51e0\u4e4e\u6ca1\u6bdb\u75c5\u3002"", ""date"": ""2019-06-06"", ""score"": 5, ""commentId"": ""210826481"", ""imgs"": [{""small"": ""https://mp-commentcp.qunarzz.com/mp_comment_mp_comment/1559935182190100v15000000xr7lmC4BD_D_640_10000.jpg_120x120_e3cf5220.jpg"", ""title"": """", ""big"": ""https://mp-commentcp.qunarzz.com/mp_comment_mp_comment/1559935182190100v15000000xr7lmC4BD_D_640_10000.jpg""}, {""small"": ""https://mp-commentcp.qunarzz.com/mp_comment_mp_comment/1559935182313100k15000000xkceq23F4_D_640_10000.jpg_120x120_8503002c.jpg"", ""title"": """", ""big"": ""https://mp-commentcp.qunarzz.com/mp_comment_mp_comment/1559935182313100k15000000xkceq23F4_D_640_10000.jpg""}, {""small"": ""https://mp-commentcp.qunarzz.com/mp_comment_mp_comment/1559935182435100115000000xt364515B_D_640_10000.jpg_120x120_2e8821c4.jpg"", ""title"": """", ""big"": ""https://mp-commentcp.qunarzz.com/mp_comment_mp_comment/1559935182435100115000000xt364515B_D_640_10000.jpg""}], ""userNickName"": ""\u5c0f*\u8d1d"", ""replyCityName"": """", ""cityName"": """"}, {""author"": ""\u5feb*\u732a"", ""content"": ""\u9752\u5c9a\u56fd\u5bb6\u5730\u8d28\u516c\u56ed\u5730\u5904\u5e7f\u4e1c\u9976\u5e73\u53bf\uff0c\u90a3\u91cc\u6709\u4e00\u6761\u9752\u5c9a\u6eaa\u3002\u88f8\u9732\u6cb3\u5e8a\u4e0a\u4e00\u4e2a\u4e2a\u58f6\u72b6\u5b54\u7a74\uff0c\u5448\u77f3\u81fc\u72b6\uff0c\u5927\u5c0f\u4e0d\u4e00\uff0c\u6216\u72ec\u5904\uff0c\u6216\u7fa4\u5c45\uff0c\u9ad8\u5904\u7684\u5e72\u6db8\u89c1\u5e95\uff0c\u4f4e\u5904\u7684\u78a7\u6c34\u6620\u5929\uff0c\u6309\u666f\u533a\u4ecb\u7ecd\uff0c\u8fd9\u6837\u7684\u58f6\u7a74\u6709\u6570\u5343\u4e2a\uff0c\u6b64\u6bb5\u6cb3\u8c37\u6700\u4e3a\u96c6\u4e2d\uff0c\u6210\u7fa4\u8fde\u7247\uff0c\u56e0\u6b64\u4e5f\u79f0\u4f5c\u9752\u5c9a\u602a\u81fc\u8c37\u3002"", ""date"": ""2018-10-11"", ""score"": 4, ""commentId"": ""208163683"", ""imgs"": [{""small"": ""https://imgs.qunarzz.com/p/tts9/1810/c2/01c03fd18c978f02.jpg_120x120_081bbfbf.jpg"", ""title"": """", ""big"": ""https://imgs.qunarzz.com/p/tts9/1810/c2/01c03fd18c978f02.jpg""}, {""small"": ""https://imgs.qunarzz.com/p/tts0/1810/59/19c4dafc40dbb802.jpg_120x120_fc3b3e06.jpg"", ""title"": """", ""big"": ""https://imgs.qunarzz.com/p/tts0/1810/59/19c4dafc40dbb802.jpg""}, {""small"": ""https://imgs.qunarzz.com/p/tts6/1810/4c/7d63054dc8006d02.jpg_120x120_7fa08982.jpg"", ""title"": """", ""big"": ""https://imgs.qunarzz.com/p/tts6/1810/4c/7d63054dc8006d02.jpg""}, {""small"": ""https://imgs.qunarzz.com/p/tts4/1810/f1/6de00819fd996302.jpg_120x120_a8988b2b.jpg"", ""title"": """", ""big"": ""https://imgs.qunarzz.com/p/tts4/1810/f1/6de00819fd996302.jpg""}, {""small"": ""https://imgs.qunarzz.com/p/tts0/1810/ea/0a3dc7392940b302.jpg_120x120_73c79312.jpg"", ""title"": """", ""big"": ""https://imgs.qunarzz.com/p/tts0/1810/ea/0a3dc7392940b302.jpg""}], ""userNickName"": ""\u5feb*\u732a"", ""replyCityName"": """", ""cityName"": """"}, {""author"": ""M*2"", ""content"": ""\u73bb\u7483\u6865\u5f88\u77ed\u5f88\u5c71\u5be8\uff0c\u6240\u8c13\u76849D\u6548\u679c\u5f88\u5047\uff0c\u666f\u533a\u6709\u5f85\u63d0\u5347\uff0c\u6ed1\u9053\u4e5f\u4e0d\u597d\u73a9"", ""date"": ""2019-02-07"", ""score"": 3, ""commentId"": ""209247758"", ""imgs"": [{""small"": ""https://mp-commentcp.qunarzz.com/mp_comment_mp_comment/1549668366714100911000000qm8ck6BC8_D_640_10000.jpg_120x120_dd0f1791.jpg"", ""title"": """", ""big"": ""https://mp-commentcp.qunarzz.com/mp_comment_mp_comment/1549668366714100911000000qm8ck6BC8_D_640_10000.jpg""}, {""small"": ""https://mp-commentcp.qunarzz.com/mp_comment_mp_comment/1549668367029100i11000000qinb2472B_D_640_10000.jpg_120x120_0878c875.jpg"", ""title"": """", ""big"": ""https://mp-commentcp.qunarzz.com/mp_comment_mp_comment/1549668367029100i11000000qinb2472B_D_640_10000.jpg""}, {""small"": ""https://mp-commentcp.qunarzz.com/mp_comment_mp_comment/1549668367242100w11000000qpv1sB9A0_D_640_10000.jpg_120x120_4b4e216d.jpg"", ""title"": """", ""big"": ""https://mp-commentcp.qunarzz.com/mp_comment_mp_comment/1549668367242100w11000000qpv1sB9A0_D_640_10000.jpg""}, {""small"": ""https://mp-commentcp.qunarzz.com/mp_comment_mp_comment/1549668367432100111000000qwr3xE43F_D_640_10000.jpg_120x120_574ed020.jpg"", ""title"": """", ""big"": ""https://mp-commentcp.qunarzz.com/mp_comment_mp_comment/1549668367432100111000000qwr3xE43F_D_640_10000.jpg""}, {""small"": ""https://mp-commentcp.qunarzz.com/mp_comment_mp_comment/1549668367587100111000000qwr3yF41E_D_640_10000.jpg_120x120_f202af88.jpg"", ""title"": """", ""big"": ""https://mp-commentcp.qunarzz.com/mp_comment_mp_comment/1549668367587100111000000qwr3yF41E_D_640_10000.jpg""}, {""small"": ""https://mp-commentcp.qunarzz.com/mp_comment_mp_comment/1549668367975100m11000000qt7ryB78C_D_640_10000.jpg_120x120_b9cfc41e.jpg"", ""title"": """", ""big"": ""https://mp-commentcp.qunarzz.com/mp_comment_mp_comment/1549668367975100m11000000qt7ryB78C_D_640_10000.jpg""}], ""userNickName"": ""M*2"", ""replyCityName"": """", ""cityName"": """"}, {""author"": ""0*\u5251"", ""content"": ""\u5730\u8d28\u516c\u56ed\u7684\u666f\u8272\u8fd8\u662f\u503c\u5f97\u4e00\u53bb\u7684\uff01"", ""date"": ""2018-12-20"", ""score"": 4, ""commentId"": ""208810307"", ""imgs"": [{""small"": ""https://imgs.qunarzz.com/p/tts1/1812/d3/3e88e81af5992a02.jpg_120x120_a317c384.jpg"", ""title"": """", ""big"": ""https://imgs.qunarzz.com/p/tts1/1812/d3/3e88e81af5992a02.jpg""}, {""small"": ""https://imgs.qunarzz.com/p/tts6/1812/a3/067adb65921ef202.jpg_120x120_533a3861.jpg"", ""title"": """", ""big"": ""https://imgs.qunarzz.com/p/tts6/1812/a3/067adb65921ef202.jpg""}, {""small"": ""https://imgs.qunarzz.com/p/tts4/1812/e9/0becebda334a8102.jpg_120x120_0b2e6be5.jpg"", ""title"": """", ""big"": ""https://imgs.qunarzz.com/p/tts4/1812/e9/0becebda334a8102.jpg""}, {""small"": ""https://imgs.qunarzz.com/p/tts4/1812/a6/6c21a5d0ee873902.jpg_120x120_c84cc7ec.jpg"", ""title"": """", ""big"": ""https://imgs.qunarzz.com/p/tts4/1812/a6/6c21a5d0ee873902.jpg""}, {""small"": ""https://imgs.qunarzz.com/p/tts6/1812/a5/72568053578d9e02.jpg_120x120_814def4d.jpg"", ""title"": """", ""big"": ""https://imgs.qunarzz.com/p/tts6/1812/a5/72568053578d9e02.jpg""}, {""small"": ""https://imgs.qunarzz.com/p/tts8/1812/c9/952f97ed091d8002.jpg_120x120_4f1001e6.jpg"", ""title"": """", ""big"": ""https://imgs.qunarzz.com/p/tts8/1812/c9/952f97ed091d8002.jpg""}], ""userNickName"": ""0*\u5251"", ""replyCityName"": """", ""cityName"": """"}, {""author"": ""g*7"", ""content"": ""\u503c\u5f97\u53bb\u7684\u5730\u65b9\uff0c\u6765\u73a9\u7684\u65f6\u5019\u4eba\u6bd4\u8f83\u5c11\uff0c\u98ce\u666f\u4e0d\u9519\uff0c\u8d70\u8fc7\u73bb\u7483\u6865\uff0c\u4e5f\u6ed1\u8fc7\u6ed1\u6ed1\u68af\u3002\u4e3b\u8981\u662f\u56e0\u4e3a\u4e00\u90e8\u7535\u5f71\u60f3\u5230\u8fd9\u5730\u65b9\u770b\u770b\uff0c\u5c31\u662f\u722c\u5c71\u6bd4\u8f83\u7d2f"", ""date"": ""2019-06-30"", ""score"": 4, ""commentId"": ""211067798"", ""imgs"": [], ""userNickName"": ""g*7"", ""replyCityName"": """", ""cityName"": """"}], ""score"": 4.2, ""commentCount"": 33}, ""statusCode"": 200}"
锡安水乡养生温泉度假村,https://imgs.qunarzz.com/sight/p0/1602/b4/b46db7ef2c17a91890.water.jpg_280x200_d53220a8.jpg,潮州市,饶平县,潮州市饶平县黄冈镇国道324线大澳路段,90,4.8,温泉汗蒸自助餐全体验,https://piao.qunar.com/ticket/detail_3844938792.html?st=a3clM0QlRTklQTUlQjYlRTUlQjklQjMlRTUlOEUlQkYlMjZpZCUzRDQ1NzI3NSUyNnR5cGUlM0QwJTI2aWR4JTNENyUyNnF0JTNEJTI2YXBrJTNEMiUyNnNjJTNEV1dXJTI2dXIlM0QlRTQlQjglQUQlRTUlQjElQjElMjZsciUzRCVFNCVCOCVBRCVFNSVCMSVCMSUyNmZ0JTNEJTdCJTdE#from=mpl_search_suggest,-1.0,N/A,锡安水乡度假村处于潮州市饶平县县城国道324线大澳路段，是一所集多*能温泉泡池、经典沐浴水疗、韩式汗蒸、芬兰浴、休闲健身、康体养生、具有演艺*能休息厅、游泳锻炼及培训，商务洽谈于一体的综合性娱乐休闲养生文化场所。本度假村独具心、温馨舒适、*能齐全并采用天然无污染温泉水、专业SPA设施，致力于人性化经营管理理念的锡安水乡度假村，始终标榜“身心享乐、利国建民”，以其专属的度假休闲理念感染每位前来的宾客，彰显其自身的个性魅力！锡安水乡度假村满载着尊荣与奢华耀世登场，将度假休闲、韩式养生文化带给大众的尊贵上宾。,1/1-12/31；周一至周日；09:30-23:30开园,https://imgs.qunarzz.com/sight/p0/1602/b4/b46db7ef2c17a91890.water.jpg_710x360_5b184d9b.jpg〇https://imgs.qunarzz.com/sight/p0/1602/6c/6c8bfa185f46a18990.water.jpg_710x360_4143fcf7.jpg〇https://imgs.qunarzz.com/sight/p0/1602/c9/c9581e4a9ce9b36a90.water.jpg_710x360_b92535b8.jpg〇https://imgs.qunarzz.com/sight/p0/1602/8e/8e518d431581be6490.water.jpg_710x360_ec076958.jpg〇https://imgs.qunarzz.com/sight/p0/1602/ad/ad2da813b122f15a90.water.jpg_710x360_0675bb7f.jpg〇https://imgs.qunarzz.com/sight/p0/1602/ab/ab0811f6171841b890.water.jpg_710x360_f3b2494f.jpg,"{""ret"": true, ""data"": {""tagList"": [{""tagType"": 3, ""tagScore"": 5, ""tagNum"": 1, ""tagName"": ""\u5dee\u8bc4""}, {""tagType"": 2, ""tagScore"": 5, ""tagNum"": 1, ""tagName"": ""\u4e2d\u8bc4""}, {""tagType"": 1, ""tagScore"": 5, ""tagNum"": 86, ""tagName"": ""\u597d\u8bc4""}, {""tagType"": 0, ""tagScore"": 5, ""tagNum"": 90, ""tagName"": ""\u5168\u90e8""}], ""commentList"": [{""author"": ""c*1"", ""content"": ""\u7528\u6237\u672a\u70b9\u8bc4\uff0c\u7cfb\u7edf\u9ed8\u8ba4\u597d\u8bc4\u3002"", ""date"": ""2020-02-21"", ""score"": 5, ""commentId"": ""214327090"", ""imgs"": [], ""userNickName"": ""c*1"", ""replyCityName"": """", ""cityName"": """"}, {""author"": ""y*3"", ""content"": ""\u7528\u6237\u672a\u70b9\u8bc4\uff0c\u7cfb\u7edf\u9ed8\u8ba4\u597d\u8bc4\u3002"", ""date"": ""2020-01-22"", ""score"": 5, ""commentId"": ""213963609"", ""imgs"": [], ""userNickName"": ""y*3"", ""replyCityName"": """", ""cityName"": """"}, {""author"": ""e*9"", ""content"": ""\u7528\u6237\u672a\u70b9\u8bc4\uff0c\u7cfb\u7edf\u9ed8\u8ba4\u597d\u8bc4\u3002"", ""date"": ""2019-12-20"", ""score"": 5, ""commentId"": ""213696145"", ""imgs"": [], ""userNickName"": ""e*9"", ""replyCityName"": """", ""cityName"": """"}, {""author"": ""h*3"", ""content"": ""\u7528\u6237\u672a\u70b9\u8bc4\uff0c\u7cfb\u7edf\u9ed8\u8ba4\u597d\u8bc4\u3002"", ""date"": ""2019-12-13"", ""score"": 5, ""commentId"": ""213642464"", ""imgs"": [], ""userNickName"": ""h*3"", ""replyCityName"": """", ""cityName"": """"}, {""author"": ""m*7"", ""content"": ""\u7528\u6237\u672a\u70b9\u8bc4\uff0c\u7cfb\u7edf\u9ed8\u8ba4\u597d\u8bc4\u3002"", ""date"": ""2019-11-27"", ""score"": 5, ""commentId"": ""213502327"", ""imgs"": [], ""userNickName"": ""m*7"", ""replyCityName"": """", ""cityName"": """"}, {""author"": ""h*3"", ""content"": ""\u7528\u6237\u672a\u70b9\u8bc4\uff0c\u7cfb\u7edf\u9ed8\u8ba4\u597d\u8bc4\u3002"", ""date"": ""2019-05-12"", ""score"": 5, ""commentId"": ""210361879"", ""imgs"": [], ""userNickName"": ""h*3"", ""replyCityName"": """", ""cityName"": """"}, {""author"": ""t*3"", ""content"": ""\u7528\u6237\u672a\u70b9\u8bc4\uff0c\u7cfb\u7edf\u9ed8\u8ba4\u597d\u8bc4\u3002"", ""date"": ""2019-05-01"", ""score"": 5, ""commentId"": ""210180427"", ""imgs"": [], ""userNickName"": ""t*3"", ""replyCityName"": """", ""cityName"": """"}, {""author"": ""w*6"", ""content"": ""\u7528\u6237\u672a\u70b9\u8bc4\uff0c\u7cfb\u7edf\u9ed8\u8ba4\u597d\u8bc4\u3002"", ""date"": ""2019-04-24"", ""score"": 5, ""commentId"": ""210102771"", ""imgs"": [], ""userNickName"": ""w*6"", ""replyCityName"": """", ""cityName"": """"}, {""author"": ""x*4"", ""content"": ""\u7528\u6237\u672a\u70b9\u8bc4\uff0c\u7cfb\u7edf\u9ed8\u8ba4\u597d\u8bc4\u3002"", ""date"": ""2019-03-19"", ""score"": 5, ""commentId"": ""209787689"", ""imgs"": [], ""userNickName"": ""x*4"", ""replyCityName"": """", ""cityName"": """"}, {""author"": ""r*1"", ""content"": ""\u7528\u6237\u672a\u70b9\u8bc4\uff0c\u7cfb\u7edf\u9ed8\u8ba4\u597d\u8bc4\u3002"", ""date"": ""2019-03-18"", ""score"": 5, ""commentId"": ""209767201"", ""imgs"": [], ""userNickName"": ""r*1"", ""replyCityName"": """", ""cityName"": """"}], ""score"": 4.8, ""commentCount"": 90}, ""statusCode"": 200}"
乐和温泉度假村,https://qimgs.qunarzz.com/piao_qsight_provider_piao_qsight_web/0100b120009e0zrczF5BF_C_900_504.jpg_280x200_8e3fa43a.jpg,潮州市,饶平县,广东省潮州市饶平县乐和天然温泉度假村(334省道东),-1,-1.0,温泉,https://piao.qunar.com/ticket/detail_2197004032.html?st=a3clM0QlRTklQTUlQjYlRTUlQjklQjMlRTUlOEUlQkYlMjZpZCUzRDUxNTEwNyUyNnR5cGUlM0QwJTI2aWR4JTNENiUyNnF0JTNEJTI2YXBrJTNEMiUyNnNjJTNEV1dXJTI2dXIlM0QlRTQlQjglQUQlRTUlQjElQjElMjZsciUzRCVFNCVCOCVBRCVFNSVCMSVCMSUyNmZ0JTNEJTdCJTdE#from=mpl_search_suggest,88.0,N/A,饶平县乐和温泉度假村位于饶平县新丰镇扬康村大楼北交通便利。与多家企业建立了长期的合作关系。热诚欢迎各界朋友前来参观、考察、洽谈业务。新丰镇优美风光，乐和度假泡健康。露天温泉具有保健理疗的*能池，每个特色池都有各自的特色，环境清幽。千万不要错过噢！让我们触摸温泉，品味休闲；乐活天地间，休闲乐和里。室内温泉，有套房，普通房，双人房，单人房，配有特制大木桶，泡个澡，让你感受青春健康美丽活力,1/1-12/31；周一至周日；全天开放,https://qimgs.qunarzz.com/piao_qsight_provider_piao_qsight_web/0100b120009e0zrczF5BF_C_900_504.jpg_710x360_cecd7c82.jpg〇https://qimgs.qunarzz.com/piao_qsight_provider_piao_qsight_web/0100b120009e0zrczF5BF_C_900_504_Q90_Mtg_7.jpg_710x360_c8009d4d.jpg,"{""ret"": true, ""data"": {""tagList"": [{""tagType"": 0, ""tagScore"": 5, ""tagNum"": 0, ""tagName"": ""\u5168\u90e8""}], ""score"": 0.0, ""commentCount"": 0}, ""statusCode"": 200}"
蓝月湾水上乐园,https://qimgs.qunarzz.com/piao_qsight_provider_piao_qsight_web/0104h12000as07s2kF9F1_C_900_504.jpg_280x200_4f0832d6.jpg,潮州市,饶平县,刘厝埭村前东南侧鳗场,-1,-1.0,饶平县蓝月湾水上游乐中心以游泳锻炼、游泳培训、儿童水上游乐为主。环境优美，规模宏大，水质清澈，设备安全，停车方便。乐园专,https://piao.qunar.com/ticket/detail_2717599477.html?st=a3clM0QlRTklQTUlQjYlRTUlQjklQjMlRTUlOEUlQkYlMjZpZCUzRDUxMjkwMSUyNnR5cGUlM0QwJTI2aWR4JTNENSUyNnF0JTNEJTI2YXBrJTNEMiUyNnNjJTNEV1dXJTI2dXIlM0QlRTQlQjglQUQlRTUlQjElQjElMjZsciUzRCVFNCVCOCVBRCVFNSVCMSVCMSUyNmZ0JTNEJTdCJTdE#from=mpl_search_suggest,35.0,N/A,饶平县蓝月湾水上游乐中心以游泳锻炼、游泳培训、儿童水上游乐为主。环境优美，规模宏大，水质清澈，设备安全，停车方便。乐园专门为儿童设置了戏水区，可在造型多彩缤纷的卡通戏水池，肆意释放孩子玩水的天性。,1/1-12/31；周一至周日；12:30-22:00开园,https://qimgs.qunarzz.com/piao_qsight_provider_piao_qsight_web/0104h12000as07s2kF9F1_C_900_504.jpg_710x360_21612c05.jpg〇https://qimgs.qunarzz.com/piao_qsight_provider_piao_qsight_web/0100z12000as06tt54A2E_C_900_504_Q90_Mtg_7.jpg_710x360_77e53c22.jpg〇https://qimgs.qunarzz.com/piao_qsight_provider_piao_qsight_web/0105u12000as07vlf91FF_C_900_504_Q90_Mtg_7.jpg_710x360_ffd4ce06.jpg〇https://qimgs.qunarzz.com/piao_qsight_provider_piao_qsight_web/0100212000as07uor8663_C_900_504_Q90_Mtg_7.jpg_710x360_e118107f.jpg〇https://qimgs.qunarzz.com/piao_qsight_provider_piao_qsight_web/0104h12000as07s2kF9F1_C_900_504_Q90_Mtg_7.jpg_710x360_08f4c127.jpg,"{""ret"": true, ""data"": {""tagList"": [{""tagType"": 0, ""tagScore"": 5, ""tagNum"": 0, ""tagName"": ""\u5168\u90e8""}], ""score"": 0.0, ""commentCount"": 0}, ""statusCode"": 200}"
隆福寺,https://imgs.qunarzz.com/sight/p0/201403/07/730ae6fa659f02f520ec1243c06ac0c0.jpg_280x200_38fa4ed6.jpg,潮州市,饶平县,广东省潮州市饶平县海山镇上港村西约二华里处的灯楼山麓,1,5.0,环境幽静，地势奇特，有“仙人骑鹤”之胜,https://piao.qunar.com/ticket/detail_233649272.html?st=a3clM0QlRTklQTUlQjYlRTUlQjklQjMlRTUlOEUlQkYlMjZpZCUzRDE0NDg0JTI2dHlwZSUzRDAlMjZpZHglM0Q0JTI2cXQlM0QlMjZhcGslM0QyJTI2c2MlM0RXV1clMjZ1ciUzRCVFNCVCOCVBRCVFNSVCMSVCMSUyNmxyJTNEJUU0JUI4JUFEJUU1JUIxJUIxJTI2ZnQlM0QlN0IlN0Q%3D#from=mpl_search_suggest,218.0,N/A,环境幽静，地势奇特，有“仙人骑鹤”之胜。清朝《潮州府志》载“隆福寺在信宁都黄芒山，晋时建”。据《饶平县志》记载，宋淳年（1241—1252年）由开一和尚重建。又寺碑记载：“大宋黄隆刘氏始祖致政公捐寺地而扩建。”清乾隆年间净辉法师得修，民国时期精光法师和新曦大师重修1996年，由光辉法师主持，香港圆明讲堂定因法师、诸山长老、十方善信及海外侨胞鼎力相助，集资一百多万元，进行了全面修建，寺基占地三亩，三厅、六院、九天井再加一藏经楼，雕栏曲栋，飞檐翘角，琉璃覆顶，光彩夺目。山门是牌坊式建筑，一个正门、两个旁门，围墙上点缀着竹节通花窗。门额“隆福寺”三字，系赵朴初老居士所书；有楹联一对：“隆运昌明，福田广种。”进了山门即是前厅，供奉着高大的金刚塑像。主要有天王殿、大雄宝殿、观音堂、藏经楼、祖师堂等建筑。藏经楼地势较高，在此可以俯瞰全寺。寺内碑刻三块，珍藏《大藏经》一部。又有铸着“玄武飞来”的铜香炉三个，每个重五百斤；龙钟凰鼓，钟重一千八百斤。高僧弘一大师、广东省政协主席吴南生、海上书画家任政、苏石凰，为本寺题字或书匾。,暂无,https://imgs.qunarzz.com/sight/p0/201403/07/730ae6fa659f02f520ec1243c06ac0c0.jpg_710x360_6dc16173.jpg,"{""ret"": true, ""data"": {""tagList"": [{""tagType"": 1, ""tagScore"": 5, ""tagNum"": 1, ""tagName"": ""\u597d\u8bc4""}, {""tagType"": 0, ""tagScore"": 5, ""tagNum"": 1, ""tagName"": ""\u5168\u90e8""}], ""commentList"": [{""author"": ""\u86cb*\u513f"", ""content"": ""\u5343\u5e74\u53e4\u5bfa \u53e4\u8272\u53e4\u9999 \u5c31\u662f\u4eba\u5c11\u4e86\u70b9"", ""date"": ""2018-02-25"", ""score"": 5, ""commentId"": ""205382090"", ""imgs"": [], ""userNickName"": ""\u86cb*\u513f"", ""replyCityName"": """", ""cityName"": """"}], ""score"": 5.0, ""commentCount"": 1}, ""statusCode"": 200}"
青岚怪臼谷国家地质公园,https://qimgs.qunarzz.com/piao_qsight_provider_piao_qsight_web/1lo0k12000d2y61872E9D_C_900_504.jpg_280x200_c51baaf8.jpg,潮州市,饶平县,广东省潮州市饶平县樟溪镇军寮村,1340,4.8,天然岩石演绎光怪陆离,https://piao.qunar.com/ticket/detail_1985067925.html?st=a3clM0QlRTklQTUlQjYlRTUlQjklQjMlRTUlOEUlQkYlMjZpZCUzRDE5NDA1NiUyNnR5cGUlM0QwJTI2aWR4JTNEMyUyNnF0JTNEJTI2YXBrJTNEMiUyNnNjJTNEV1dXJTI2dXIlM0QlRTQlQjglQUQlRTUlQjElQjElMjZsciUzRCVFNCVCOCVBRCVFNSVCMSVCMSUyNmZ0JTNEJTdCJTdE#from=mpl_search_suggest,55.0,N/A,"潮州饶平青岚地质公园，经专家考察研究，惊天发现此间方圆百里2亿年前曾经是一片汪洋大海,由于火山运动形成现在的地质奇观，大自然巧夺天工雕刻出青岚地区由岩洞、石林、群峰、峡谷、石臼群等奇特瑰丽的典型花岗岩地貌，而罕见的花岗岩洞，被誉为惊天发现，别处难觅，堪称国内一绝。走进岩洞，清澈泉水叮咚吟唱，有石皆胜迹，无洞不传奇，大自然的鬼斧神工，造就了地质公园“雄、奇、险、秀”的天然壮观景象，“象形石”形态万千、栩栩如生，意喻深刻；数千个大小不一千姿百态的石臼在河谷中随处可见，有的象冰臼，有的象壶穴，饶平青岚地质公园，一个积淀亿万年而亘久的自然胜地，来此探寻天地奇观，唤起您对大自然的持久赞叹与永恒仰慕！",5/1-9/30；周一至周日；08:00-18:00开园,https://qimgs.qunarzz.com/piao_qsight_provider_piao_qsight_web/1lo0k12000d2y61872E9D_C_900_504.jpg_710x360_d0516c36.jpg〇https://qimgs.qunarzz.com/piao_qsight_provider_piao_qsight_web/1lo6x12000h49w7e2D863_C_900_504_Q90_Mtg_7.jpg_710x360_31ed2bfe.jpg〇https://qimgs.qunarzz.com/piao_qsight_provider_piao_qsight_web/1lo6912000h4a34orF6C4_C_900_504_Q90_Mtg_7.jpg_710x360_a85ecdb1.jpg〇https://qimgs.qunarzz.com/piao_qsight_provider_piao_qsight_web/1lo5q12000h4a1qa2EF41_C_900_504_Q90_Mtg_7.jpg_710x360_94261e9a.jpg〇https://qimgs.qunarzz.com/piao_qsight_provider_piao_qsight_web/1lo5z12000h4az2hzA8DE_C_900_504_Q90_Mtg_7.jpg_710x360_68556861.jpg〇https://qimgs.qunarzz.com/piao_qsight_provider_piao_qsight_web/1lo6512000h49u0s113FA_C_900_504_Q90_Mtg_7.jpg_710x360_30fc3d31.jpg〇https://qimgs.qunarzz.com/piao_qsight_provider_piao_qsight_web/01038120009cg6o807BF4_C_900_504_Q90_Mtg_7.jpg_710x360_75e3bcb1.jpg〇https://qimgs.qunarzz.com/piao_qsight_provider_piao_qsight_web/350g1a0000019jteu2299_C_900_504_Q90_Mtg_7.jpg_710x360_316b6dc0.jpg〇https://qimgs.qunarzz.com/piao_qsight_provider_piao_qsight_web/35011a0000019w1q11FB4_C_900_504_Q90_Mtg_7.jpg_710x360_97c9cd22.jpg〇https://qimgs.qunarzz.com/piao_qsight_provider_piao_qsight_web/01026120008dppjzx314F_C_900_504_Q90_Mtg_7.jpg_710x360_b55047f1.jpg〇https://qimgs.qunarzz.com/piao_qsight_provider_piao_qsight_web/1lo0k12000d2y61872E9D_C_900_504_Q90_Mtg_7.jpg_710x360_ce4370bb.jpg〇https://imgs.qunarzz.com/sight/p0/1507/35/b1ad0084f479400372148f101d19fa03.water.jpg_710x360_1be13071.jpg〇https://imgs.qunarzz.com/sight/p0/1507/a6/87cf1a92a2fc12f3188db99ab5e98216.water.jpg_710x360_18f34898.jpg〇https://imgs.qunarzz.com/sight/p0/201403/20/7c06e32e903089500c803ab9e92df7d9.jpg_710x360_ac9feea2.jpg〇https://imgs.qunarzz.com/sight/p0/201403/20/a08d7513618f5209a34e73ece632710c.jpg_710x360_1f1ae7c5.jpg〇https://imgs.qunarzz.com/sight/p0/201403/20/2f497a9815dcf32d9ba8eb0926232abd.jpg_710x360_b74b11f9.jpg〇https://imgs.qunarzz.com/sight/p0/201403/20/99b8465a090183ba6472e43702e1ed70.jpg_710x360_80a20ee6.jpg〇https://imgs.qunarzz.com/sight/p0/1508/61/b904aa2c399059d524132df69942cad3.water.jpg_710x360_a5f8c94a.jpg〇https://imgs.qunarzz.com/sight/p0/1508/44/a58960edb566364789c2461347da9c8b.water.jpg_710x360_6f846798.jpg〇https://imgs.qunarzz.com/sight/p0/1508/d4/5d17a0095b5b9c67e460435d932c952a.water.jpg_710x360_bddf7e3a.jpg〇https://qimgs.qunarzz.com/piao_qsight_provider_piao_qsight_web/ff52655356c8ea2d73f12046c2ac898a.jpg_710x360_960ef9c0.jpg〇https://qimgs.qunarzz.com/piao_qsight_provider_piao_qsight_web/75aa9ed1fd25970826221a4a4f951950.jpg_710x360_6657d63d.jpg〇https://qimgs.qunarzz.com/piao_qsight_provider_piao_qsight_web/649e3a94dfb59c9fb7d16675e27fe50e.jpg_710x360_2ac3f052.jpg〇https://qimgs.qunarzz.com/piao_qsight_provider_piao_qsight_web/81474373cc7d92216e055b98855c17b8.jpg_710x360_c0257e03.jpg〇https://qimgs.qunarzz.com/piao_qsight_provider_piao_qsight_web/3e098f12816314c6699085ff3613f772.jpg_710x360_06726897.jpg〇https://qimgs.qunarzz.com/piao_qsight_provider_piao_qsight_web/707de222bda6d87c9407f88b23381183.jpg_710x360_5bd257b3.jpg〇https://qimgs.qunarzz.com/piao_qsight_provider_piao_qsight_web/3b7f470c5ad5e262f4d6c0074f3050ed.jpg_710x360_53abbd17.jpg〇https://qimgs.qunarzz.com/piao_qsight_provider_piao_qsight_web/4909b652afc8d5698d8a25962b90bf5c.jpg_710x360_fc2ba615.jpg〇https://qimgs.qunarzz.com/piao_qsight_provider_piao_qsight_web/4fe34e290532815e786c9b1f6491c0ca.gif_710x360_9a3289a7.gif〇https://qimgs.qunarzz.com/piao_qsight_provider_piao_qsight_web/808fd008c25d351b2bde36e73ad0e6ce.gif_710x360_46cb147c.gif〇https://qimgs.qunarzz.com/piao_qsight_provider_piao_qsight_web/264f2df72068696db20551bd61ebdfff.jpg_710x360_456fbaa7.jpg〇https://qimgs.qunarzz.com/piao_qsight_provider_piao_qsight_web/8ddd14a940a903a5bd1acb7ed9c60b0c.gif_710x360_74472c05.gif〇https://qimgs.qunarzz.com/piao_qsight_provider_piao_qsight_web/44b677c5f9fa8440075a7dd184a8f8c5.jpg_710x360_a876ec2b.jpg〇https://qimgs.qunarzz.com/piao_qsight_provider_piao_qsight_web/10a0bcc8c52ab6663af1f136bbeb2b8b.jpg_710x360_d2de0701.jpg〇https://qimgs.qunarzz.com/piao_qsight_provider_piao_qsight_web/d25b5622083e1d492b1b8a9e0ed00a38.jpg_710x360_e5cb5ede.jpg〇https://qimgs.qunarzz.com/piao_qsight_provider_piao_qsight_web/008d2b37e91c0d524538d92fb0926921.jpg_710x360_4da4c354.jpg〇https://qimgs.qunarzz.com/piao_qsight_provider_piao_qsight_web/e5ac3e6a2e0f231ed99087cd25a296d2.jpg_710x360_a53c3fef.jpg〇https://qimgs.qunarzz.com/piao_qsight_provider_piao_qsight_web/858ee3d027019c74d1dc09f7cd049556.jpg_710x360_8b459790.jpg〇https://qimgs.qunarzz.com/piao_qsight_provider_piao_qsight_web/548210dbcc7f2d1c89824ca97fc22a1e.jpg_710x360_de22da01.jpg〇https://qimgs.qunarzz.com/piao_qsight_provider_piao_qsight_web/825ef4a66101cd429015050d543dae09.gif_710x360_6a9fca3f.gif,"{""ret"": true, ""data"": {""tagList"": [{""tagType"": 32, ""tagScore"": 5, ""tagNum"": 5, ""tagName"": ""\u670d\u52a1\u597d""}, {""tagType"": 16, ""tagScore"": 5, ""tagNum"": 6, ""tagName"": ""\u9760\u8c31""}, {""tagType"": 8, ""tagScore"": 5, ""tagNum"": 6, ""tagName"": ""\u4fbf\u5b9c""}, {""tagType"": 4, ""tagScore"": 5, ""tagNum"": 11, ""tagName"": ""\u53d6\u7968\u65b9\u4fbf""}, {""tagType"": 3, ""tagScore"": 5, ""tagNum"": 7, ""tagName"": ""\u5dee\u8bc4""}, {""tagType"": 2, ""tagScore"": 5, ""tagNum"": 19, ""tagName"": ""\u4e2d\u8bc4""}, {""tagType"": 1, ""tagScore"": 5, ""tagNum"": 1293, ""tagName"": ""\u597d\u8bc4""}, {""tagType"": 0, ""tagScore"": 5, ""tagNum"": 1340, ""tagName"": ""\u5168\u90e8""}], ""commentList"": [{""author"": ""\u53bb*\u6237"", ""content"": ""\u7528\u6237\u672a\u70b9\u8bc4\uff0c\u7cfb\u7edf\u9ed8\u8ba4\u597d\u8bc4\u3002"", ""date"": ""2024-12-25"", ""score"": 5, ""commentId"": ""239375114"", ""imgs"": [], ""userNickName"": ""\u53bb*\u6237"", ""replyCityName"": """", ""cityName"": """"}, {""author"": ""\u53bb*\u6237"", ""content"": ""\u7528\u6237\u672a\u70b9\u8bc4\uff0c\u7cfb\u7edf\u9ed8\u8ba4\u597d\u8bc4\u3002"", ""date"": ""2024-12-25"", ""score"": 5, ""commentId"": ""239366291"", ""imgs"": [], ""userNickName"": ""\u53bb*\u6237"", ""replyCityName"": """", ""cityName"": """"}, {""author"": ""l*8"", ""content"": ""\u7528\u6237\u672a\u70b9\u8bc4\uff0c\u7cfb\u7edf\u9ed8\u8ba4\u597d\u8bc4\u3002"", ""date"": ""2024-12-24"", ""score"": 5, ""commentId"": ""239353641"", ""imgs"": [], ""userNickName"": ""l*8"", ""replyCityName"": """", ""cityName"": """"}, {""author"": ""l*8"", ""content"": ""\u7528\u6237\u672a\u70b9\u8bc4\uff0c\u7cfb\u7edf\u9ed8\u8ba4\u597d\u8bc4\u3002"", ""date"": ""2024-12-24"", ""score"": 5, ""commentId"": ""239352301"", ""imgs"": [], ""userNickName"": ""l*8"", ""replyCityName"": """", ""cityName"": """"}, {""author"": ""\u53bb*\u6237"", ""content"": ""\u7528\u6237\u672a\u70b9\u8bc4\uff0c\u7cfb\u7edf\u9ed8\u8ba4\u597d\u8bc4\u3002"", ""date"": ""2024-12-24"", ""score"": 5, ""commentId"": ""239347982"", ""imgs"": [], ""userNickName"": ""\u53bb*\u6237"", ""replyCityName"": """", ""cityName"": """"}, {""author"": ""v*6"", ""content"": ""\u7528\u6237\u672a\u70b9\u8bc4\uff0c\u7cfb\u7edf\u9ed8\u8ba4\u597d\u8bc4\u3002"", ""date"": ""2024-12-22"", ""score"": 5, ""commentId"": ""239321370"", ""imgs"": [], ""userNickName"": ""v*6"", ""replyCityName"": """", ""cityName"": """"}, {""author"": ""v*6"", ""content"": ""\u7528\u6237\u672a\u70b9\u8bc4\uff0c\u7cfb\u7edf\u9ed8\u8ba4\u597d\u8bc4\u3002"", ""date"": ""2024-12-22"", ""score"": 5, ""commentId"": ""239321305"", ""imgs"": [], ""userNickName"": ""v*6"", ""replyCityName"": """", ""cityName"": """"}, {""author"": ""v*6"", ""content"": ""\u7528\u6237\u672a\u70b9\u8bc4\uff0c\u7cfb\u7edf\u9ed8\u8ba4\u597d\u8bc4\u3002"", ""date"": ""2024-12-22"", ""score"": 5, ""commentId"": ""239321276"", ""imgs"": [], ""userNickName"": ""v*6"", ""replyCityName"": """", ""cityName"": """"}, {""author"": ""\u683c*\u9686"", ""content"": ""\u7528\u6237\u672a\u70b9\u8bc4\uff0c\u7cfb\u7edf\u9ed8\u8ba4\u597d\u8bc4\u3002"", ""date"": ""2024-12-18"", ""score"": 5, ""commentId"": ""239282599"", ""imgs"": [], ""userNickName"": ""\u683c*\u9686"", ""replyCityName"": """", ""cityName"": """"}, {""author"": ""\u53bb*\u6237"", ""content"": ""\u7528\u6237\u672a\u70b9\u8bc4\uff0c\u7cfb\u7edf\u9ed8\u8ba4\u597d\u8bc4\u3002"", ""date"": ""2024-12-18"", ""score"": 5, ""commentId"": ""239274268"", ""imgs"": [], ""userNickName"": ""\u53bb*\u6237"", ""replyCityName"": """", ""cityName"": """"}], ""score"": 4.8, ""commentCount"": 1340}, ""statusCode"": 200}"
潮州绿岛旅游山庄,https://qimgs.qunarzz.com/piao_qsight_provider_piao_qsight_web/350h0y000000mfna58DEF_C_900_504_Q90_Mtg_7.jpg_280x200_f3b018eb.jpg,潮州市,饶平县,广东省潮州市饶平县钱东镇沈海高速,386,4.6,山水环绕的度假山庄,https://piao.qunar.com/ticket/detail_3773201277.html?st=a3clM0QlRTklQTUlQjYlRTUlQjklQjMlRTUlOEUlQkYlMjZpZCUzRDU2ODAlMjZ0eXBlJTNEMCUyNmlkeCUzRDElMjZxdCUzRCUyNmFwayUzRDIlMjZzYyUzRFdXVyUyNnVyJTNEJUU0JUI4JUFEJUU1JUIxJUIxJTI2bHIlM0QlRTQlQjglQUQlRTUlQjElQjElMjZmdCUzRCU3QiU3RA%3D%3D#from=mpl_search_suggest,18.0,4A景区,位于饶平县钱东镇。是一处集观光、参与、度假等于一体的综合性休闲度假胜地。山庄原是一片由上世纪六、七十年代“革命知青”营造的果林地，因林果苍翠茂密， 山庄以成片的果园，自然的山川湖泊为依托，各景观景点设置采取静动结合，古今结合和日常生活与现代科学结合的手法，达到融观光、参与于一体。园艺小品、小筑安排细腻，四季花草、芳香植物和赏花、赏叶花木搭配灵活自如，达到整体源于自然而胜于自然。山庄紧紧围绕“农家乐”和“绿色环保”这一主题和*能定位。每逢节日，当地民间艺术团体为游客表演潮剧、潮乐、潮曲等节目，为游客增添节日气氛。主要特产有绿岛“黑猪肉”、窑鸡、药鸭、鸽王、野菜以及各类果酒。绿岛旅游山庄建成区总面积1.5平方公里，有大小景观景点数十个，其中主要景点有：千竹湖、昔日农家、明清古寨、农家宴。,1/1-12/31；周一至周日；08:00-17:30开园；（17:00停止入园）,https://qimgs.qunarzz.com/piao_qsight_provider_piao_qsight_web/100s1f000001gx5cc89DA_C_900_504.jpg_710x360_afac5af3.jpg〇https://qimgs.qunarzz.com/piao_qsight_provider_piao_qsight_web/350b0y000000mggp404C3_C_900_504_Q90_Mtg_7.jpg_710x360_77c23245.jpg〇https://qimgs.qunarzz.com/piao_qsight_provider_piao_qsight_web/350h0y000000mfna58DEF_C_900_504_Q90_Mtg_7.jpg_710x360_a5ab31c2.jpg〇https://qimgs.qunarzz.com/piao_qsight_provider_piao_qsight_web/350d0y000000mcley7B28_C_900_504_Q90_Mtg_7.jpg_710x360_2d8a7ed9.jpg〇https://qimgs.qunarzz.com/piao_qsight_provider_piao_qsight_web/350k0y000000mi97g9397_C_900_504_Q90_Mtg_7.jpg_710x360_8b12ba6d.jpg〇https://qimgs.qunarzz.com/piao_qsight_provider_piao_qsight_web/100s1f000001gx5cc89DA_C_900_504_Q90_Mtg_7.jpg_710x360_28464075.jpg〇https://imgs.qunarzz.com/sight/p0/1501/58/587e57fcd416b8af.water.jpg_710x360_6cca55a5.jpg〇https://imgs.qunarzz.com/sight/p0/1501/dd/dde89c9fa7079051.water.jpg_710x360_c588783f.jpg〇https://imgs.qunarzz.com/sight/p0/1501/7f/7f33effcb22c5a00.water.jpg_710x360_4294dd6c.jpg〇https://imgs.qunarzz.com/sight/p0/1501/20/20775ce6813eea1e.water.jpg_710x360_0e90e0f0.jpg〇https://imgs.qunarzz.com/sight/p0/1501/8c/8cd618b75ca0fd92.water.jpg_710x360_e2d98036.jpg〇https://imgs.qunarzz.com/sight/p0/1501/d6/d6a263b26af045ec.water.jpg_710x360_0bf5f6a7.jpg〇https://imgs.qunarzz.com/sight/p0/1501/6b/6b44628c29b639e7.water.jpg_710x360_658a05c4.jpg〇https://imgs.qunarzz.com/sight/p0/1501/53/53fb212e38420d38.water.jpg_710x360_5508d373.jpg〇https://imgs.qunarzz.com/sight/p0/1501/20/2090901ed904e2c8.water.jpg_710x360_f91dac1c.jpg〇https://imgs.qunarzz.com/sight/p0/1501/55/55880b5de8322acf.water.jpg_710x360_e3072304.jpg〇https://imgs.qunarzz.com/sight/p0/1501/d5/d5f4d4284388b7f7.water.jpg_710x360_4158f984.jpg〇https://imgs.qunarzz.com/sight/p0/1501/a9/a97aca2d2f811494.water.jpg_710x360_dd93aae5.jpg〇https://imgs.qunarzz.com/sight/p0/1501/ea/ead5965f388d7fc9.water.jpg_710x360_afc187fd.jpg〇https://imgs.qunarzz.com/sight/p0/1501/53/53c18478ab901e29.water.jpg_710x360_0bb594d0.jpg〇https://imgs.qunarzz.com/sight/p0/1501/a5/a56cb9ca558afcdc.water.jpg_710x360_9e804970.jpg〇https://imgs.qunarzz.com/sight/p0/1501/ae/aed5fa04ba009143.water.jpg_710x360_2e5768b6.jpg〇https://imgs.qunarzz.com/sight/p0/1501/62/627d7c9c7739be11.water.jpg_710x360_70f56c70.jpg〇https://imgs.qunarzz.com/sight/p0/1501/72/7231726887b8445e.water.jpg_710x360_8d4b42b7.jpg〇https://imgs.qunarzz.com/sight/p0/1507/24/61793eb4711b74ab6b2f005afdb3afd9.water.jpg_710x360_e09857e9.jpg〇https://imgs.qunarzz.com/sight/p0/201403/07/1138255bbc87b09ef7e728fe0f65b832.jpg_710x360_f9a57c49.jpg〇https://imgs.qunarzz.com/sight/p0/201403/07/bbfeabc3b4871d61252a42dac2f8edbe.jpg_710x360_13735e60.jpg〇https://imgs.qunarzz.com/sight/p0/1501/50/50b6884d3701de48.water.jpg_710x360_f808940d.jpg〇https://imgs.qunarzz.com/sight/p0/201403/07/6c28d6ff3caf769ce989d28a11a49a39.jpg_710x360_50f30bb8.jpg〇https://imgs.qunarzz.com/sight/p0/201403/07/8b4fc6145a247752ab61d4a4d25d6dff.jpg_710x360_45271d11.jpg〇https://imgs.qunarzz.com/sight/p0/1501/68/68f490026bf6478a.water.jpg_710x360_4ffa43b2.jpg〇https://imgs.qunarzz.com/sight/p0/1501/eb/eb74e483e2ab13fe.water.jpg_710x360_be57e80b.jpg〇https://imgs.qunarzz.com/sight/p0/1508/54/0cf0821e15215257e11a94f8561e1d5c.water.jpg_710x360_44fb1d04.jpg〇https://imgs.qunarzz.com/sight/p0/1508/af/a90886919b7b1a7ff4dda7d697b801ba.water.jpg_710x360_63e66115.jpg〇https://qimgs.qunarzz.com/piao_qsight_provider_piao_qsight_web/3f7d674de497602.jpg_710x360_d6117534.jpg〇https://qimgs.qunarzz.com/piao_qsight_provider_piao_qsight_web/9078d1c833f5cd02.jpg_710x360_bede89d3.jpg〇https://qimgs.qunarzz.com/piao_qsight_provider_piao_qsight_web/e1acada56b546802.jpg_710x360_878555e4.jpg〇https://qimgs.qunarzz.com/piao_qsight_provider_piao_qsight_web/b2d67bb4c379cd02.jpg_710x360_4c042862.jpg〇https://qimgs.qunarzz.com/piao_qsight_provider_piao_qsight_web/0daa0756d4263a02.jpg_710x360_817cdfc8.jpg〇https://qimgs.qunarzz.com/piao_qsight_provider_piao_qsight_web/29418d27a9a79f02.jpg_710x360_1b1e4159.jpg〇https://qimgs.qunarzz.com/piao_qsight_provider_piao_qsight_web/f3a46a5560048a02.jpg_710x360_ceaa3c78.jpg〇https://qimgs.qunarzz.com/piao_qsight_provider_piao_qsight_web/8b953b4b3b1a2802.jpg_710x360_39d1285d.jpg〇https://qimgs.qunarzz.com/piao_qsight_provider_piao_qsight_web/f3a46a5560048a02.jpg_710x360_ceaa3c78.jpg〇https://qimgs.qunarzz.com/piao_qsight_provider_piao_qsight_web/30c9ee8d7f06b102.jpg_710x360_d168caf1.jpg〇https://qimgs.qunarzz.com/piao_qsight_provider_piao_qsight_web/cb3d90d0c722bb02.jpg_710x360_e178ed88.jpg〇https://qimgs.qunarzz.com/piao_qsight_provider_piao_qsight_web/cb3d90d0c722bb02.jpg_710x360_e178ed88.jpg〇https://qimgs.qunarzz.com/piao_qsight_provider_piao_qsight_web/9305bc8a416b8902.jpg_710x360_531e3b83.jpg〇https://qimgs.qunarzz.com/piao_qsight_provider_piao_qsight_web/07cfeb47b2ef9502.jpg_710x360_1b32a7b3.jpg〇https://qimgs.qunarzz.com/piao_qsight_provider_piao_qsight_web/ac0d2ec871835002.jpg_710x360_7126a4c8.jpg〇https://qimgs.qunarzz.com/piao_qsight_provider_piao_qsight_web/86caad46d759aa02.jpg_710x360_3b11f452.jpg〇https://qimgs.qunarzz.com/piao_qsight_provider_piao_qsight_web/af8453568cb5c02.jpg_710x360_d967df26.jpg〇https://qimgs.qunarzz.com/piao_qsight_provider_piao_qsight_web/143e8eaee0368c02.jpg_710x360_68a615c9.jpg〇https://qimgs.qunarzz.com/piao_qsight_provider_piao_qsight_web/7ab6ced409a7cb02.jpg_710x360_6926899c.jpg〇https://qimgs.qunarzz.com/piao_qsight_provider_piao_qsight_web/5cbfc5fe05e69b02.jpg_710x360_9ee45658.jpg,"{""ret"": true, ""data"": {""tagList"": [{""tagType"": 32, ""tagScore"": 5, ""tagNum"": 1, ""tagName"": ""\u670d\u52a1\u597d""}, {""tagType"": 16, ""tagScore"": 5, ""tagNum"": 2, ""tagName"": ""\u9760\u8c31""}, {""tagType"": 8, ""tagScore"": 5, ""tagNum"": 4, ""tagName"": ""\u4fbf\u5b9c""}, {""tagType"": 4, ""tagScore"": 5, ""tagNum"": 9, ""tagName"": ""\u53d6\u7968\u65b9\u4fbf""}, {""tagType"": 3, ""tagScore"": 5, ""tagNum"": 9, ""tagName"": ""\u5dee\u8bc4""}, {""tagType"": 2, ""tagScore"": 5, ""tagNum"": 28, ""tagName"": ""\u4e2d\u8bc4""}, {""tagType"": 1, ""tagScore"": 5, ""tagNum"": 338, ""tagName"": ""\u597d\u8bc4""}, {""tagType"": 0, ""tagScore"": 5, ""tagNum"": 386, ""tagName"": ""\u5168\u90e8""}], ""commentList"": [{""author"": ""\u53bb*\u6237"", ""content"": ""\u7528\u6237\u672a\u70b9\u8bc4\uff0c\u7cfb\u7edf\u9ed8\u8ba4\u597d\u8bc4\u3002"", ""date"": ""2024-11-05"", ""score"": 5, ""commentId"": ""238563727"", ""imgs"": [], ""userNickName"": ""\u53bb*\u6237"", ""replyCityName"": """", ""cityName"": """"}, {""author"": ""\u94c1*\u76d7"", ""content"": ""\u7528\u6237\u672a\u70b9\u8bc4\uff0c\u7cfb\u7edf\u9ed8\u8ba4\u597d\u8bc4\u3002"", ""date"": ""2024-11-03"", ""score"": 5, ""commentId"": ""238268395"", ""imgs"": [], ""userNickName"": ""\u94c1*\u76d7"", ""replyCityName"": """", ""cityName"": """"}, {""author"": ""v*2"", ""content"": ""\u7528\u6237\u672a\u70b9\u8bc4\uff0c\u7cfb\u7edf\u9ed8\u8ba4\u597d\u8bc4\u3002"", ""date"": ""2024-09-10"", ""score"": 5, ""commentId"": ""236552109"", ""imgs"": [], ""userNickName"": ""v*2"", ""replyCityName"": """", ""cityName"": """"}, {""author"": ""\u98ce*\u6de1"", ""content"": ""\u7528\u6237\u672a\u70b9\u8bc4\uff0c\u7cfb\u7edf\u9ed8\u8ba4\u597d\u8bc4\u3002"", ""date"": ""2024-08-22"", ""score"": 5, ""commentId"": ""235755988"", ""imgs"": [], ""userNickName"": ""\u98ce*\u6de1"", ""replyCityName"": """", ""cityName"": """"}, {""author"": ""x*\u5029"", ""content"": ""\u7528\u6237\u672a\u70b9\u8bc4\uff0c\u7cfb\u7edf\u9ed8\u8ba4\u597d\u8bc4\u3002"", ""date"": ""2024-07-10"", ""score"": 5, ""commentId"": ""234750752"", ""imgs"": [], ""userNickName"": ""x*\u5029"", ""replyCityName"": """", ""cityName"": """"}, {""author"": ""x*\u5029"", ""content"": ""\u7528\u6237\u672a\u70b9\u8bc4\uff0c\u7cfb\u7edf\u9ed8\u8ba4\u597d\u8bc4\u3002"", ""date"": ""2024-07-10"", ""score"": 5, ""commentId"": ""234747056"", ""imgs"": [], ""userNickName"": ""x*\u5029"", ""replyCityName"": """", ""cityName"": """"}, {""author"": ""p*8"", ""content"": ""\u7528\u6237\u672a\u70b9\u8bc4\uff0c\u7cfb\u7edf\u9ed8\u8ba4\u597d\u8bc4\u3002"", ""date"": ""2024-06-10"", ""score"": 5, ""commentId"": ""234277593"", ""imgs"": [], ""userNickName"": ""p*8"", ""replyCityName"": """", ""cityName"": """"}, {""author"": ""\u53bb*\u6237"", ""content"": ""\u7528\u6237\u672a\u70b9\u8bc4\uff0c\u7cfb\u7edf\u9ed8\u8ba4\u597d\u8bc4\u3002"", ""date"": ""2024-06-03"", ""score"": 5, ""commentId"": ""234084503"", ""imgs"": [], ""userNickName"": ""\u53bb*\u6237"", ""replyCityName"": """", ""cityName"": """"}, {""author"": ""\u53bb*\u6237"", ""content"": ""\u7528\u6237\u672a\u70b9\u8bc4\uff0c\u7cfb\u7edf\u9ed8\u8ba4\u597d\u8bc4\u3002"", ""date"": ""2024-05-30"", ""score"": 5, ""commentId"": ""233793008"", ""imgs"": [], ""userNickName"": ""\u53bb*\u6237"", ""replyCityName"": """", ""cityName"": """"}, {""author"": ""\u53bb*\u6237"", ""content"": ""\u7528\u6237\u672a\u70b9\u8bc4\uff0c\u7cfb\u7edf\u9ed8\u8ba4\u597d\u8bc4\u3002"", ""date"": ""2024-03-18"", ""score"": 5, ""commentId"": ""232452512"", ""imgs"": [], ""userNickName"": ""\u53bb*\u6237"", ""replyCityName"": """", ""cityName"": """"}], ""score"": 4.6, ""commentCount"": 386}, ""statusCode"": 200}"
饶宗颐学术馆,https://imgs.qunarzz.com/sight/p0/201403/07/fd9514399474c2f6eb674313cae34000.jpg_280x200_bdf88531.jpg,潮州市,湘桥区,广东省潮州市湘桥区东中城脚15号,1,4.0,我国的一个潮籍名人学术馆，馆内文气斐然,https://piao.qunar.com/ticket/detail_48813100.html?st=a3clM0QlRTYlQjklOTglRTYlQTElQTUlRTUlOEMlQkElMjZpZCUzRDU2MjQlMjZ0eXBlJTNEMCUyNmlkeCUzRDI5JTI2cXQlM0QlMjZhcGslM0QyJTI2c2MlM0RXV1clMjZ1ciUzRCVFNCVCOCVBRCVFNSVCMSVCMSUyNmxyJTNEJUU0JUI4JUFEJUU1JUIxJUIxJTI2ZnQlM0QlN0IlN0Q%3D#from=mpl_search_suggest,-1.0,N/A,饶宗颐学术馆被誉为“翰墨书香”的饶宗颐学术馆。该馆始建于1993年11月。该馆占地面积450多平方米，建筑面积700平方米。学术馆座北朝南，大门上有启*题字的“饶宗颐学术馆”横匾，文气斐然”为题，介绍饶先生历年行迹及主要学术贡献；第二层题为“墨渖丹青动艺林”，陈列了饶先生的书画作品；第三层展厅则以“旷世奇才饶宗颐”为题，从“博大精深”、“预流导路”、“勤奋自励”三个方面，对饶先生的学术成就及治学精神，予以述评、介绍；第四层则为小型会议厅。此外，尚有收藏图籍的“书巢”及再现历史环境的“选堂读书处”等设置。饶宗颐先生，字固庵、伯濂，号选堂，1917年出生干潮州城的一个书香世家，是潮州知名学者、工商金融界名流饶锷先生的长子。他从小聪颖好学，年方16岁便续编《潮州艺文志》，20岁参与编纂民国时期的《潮州志》，是主修者之一。在六十多年的学术生涯中，先生笔耕不缀，学富五车，涉猎的学科主要有（敦煌学、甲骨学、词学、史学、目录学、楚辞学、考古（金石）学、书画艺术等。,暂无,https://imgs.qunarzz.com/sight/p0/201403/07/fd9514399474c2f6eb674313cae34000.jpg_710x360_81b544ae.jpg〇https://qimgs.qunarzz.com/piao_qsight_provider_piao_qsight_web/0862aa87b69de6ff86803224e377af7c.jpg_710x360_8e140684.jpg〇https://qimgs.qunarzz.com/piao_qsight_provider_piao_qsight_web/54f47c5663d036d2a753673609792258.jpg_710x360_fbc4e1f7.jpg〇https://qimgs.qunarzz.com/piao_qsight_provider_piao_qsight_web/db1047a0515711b5.jpg_710x360_9ee24502.jpg〇https://qimgs.qunarzz.com/piao_qsight_provider_piao_qsight_web/fbff539af81461b5.jpg_710x360_5899d603.jpg〇https://qimgs.qunarzz.com/piao_qsight_provider_piao_qsight_web/c01cb787b7e1b9b5.jpg_710x360_3b2eb42f.jpg〇https://qimgs.qunarzz.com/piao_qsight_provider_piao_qsight_web/af918bc35dfaaab5.jpg_710x360_21d3ec7b.jpg〇https://qimgs.qunarzz.com/piao_qsight_provider_piao_qsight_web/2560dbbbc4ebf9b5.jpg_710x360_505b6304.jpg〇https://qimgs.qunarzz.com/piao_qsight_provider_piao_qsight_web/cac46a58c8f122b5.jpg_710x360_0757b93c.jpg〇https://qimgs.qunarzz.com/piao_qsight_provider_piao_qsight_web/82491eff04027ab5.jpg_710x360_1c35fabb.jpg〇https://qimgs.qunarzz.com/piao_qsight_provider_piao_qsight_web/ea7e36fd0fd3cdb5.jpg_710x360_10481503.jpg〇https://qimgs.qunarzz.com/piao_qsight_provider_piao_qsight_web/cf1afb6e29d4bbb5.jpg_710x360_6683a28e.jpg〇https://qimgs.qunarzz.com/piao_qsight_provider_piao_qsight_web/22ad37e7e81bc1b5.jpg_710x360_0aa21f7d.jpg〇https://qimgs.qunarzz.com/piao_qsight_provider_piao_qsight_web/4ccfa0ee11d0b8b5.jpg_710x360_cd8d2ae9.jpg,"{""ret"": true, ""data"": {""tagList"": [{""tagType"": 1, ""tagScore"": 5, ""tagNum"": 1, ""tagName"": ""\u597d\u8bc4""}, {""tagType"": 0, ""tagScore"": 5, ""tagNum"": 1, ""tagName"": ""\u5168\u90e8""}], ""commentList"": [{""author"": ""\u7ffb*\u971e"", ""content"": ""\u5317\u6709\u5b63\u7fa1\u6797\uff0c\u5357\u6709\u9976\u5b97\u9890\u3002\u9976\u5b97\u9890\u5148\u751f\u7684\u56fd\u5b66\u6210\u5c31\u771f\u7684\u8ba9\u56fd\u4eba\u5f88\u9a84\u50b2\uff0c\u542c\u8bf4\u4e5f\u6709\u53bb\u5230\u5176\u4ed6\u56fd\u5bb6\u505a\u6f14\u8bb2\uff0c\u5f97\u5230\u4e00\u4e9b\u8363\u8a89\u3002\u53ef\u4ee5\u770b\u770b\uff0c\u8fd9\u4e5f\u662f\u4e2d\u56fd\u4eba\u7684\u9a84\u50b2"", ""date"": ""2015-08-17"", ""score"": 4, ""commentId"": ""68582977"", ""imgs"": [], ""userNickName"": ""\u7ffb*\u971e"", ""replyCityName"": """", ""cityName"": """"}], ""score"": 4.0, ""commentCount"": 1}, ""statusCode"": 200}"
广济门城楼,https://imgs.qunarzz.com/sight/p54/201211/03/6f37929aee1d989293835fbb.jpg_280x200_9c68a3f3.jpg,潮州市,湘桥区,广东省潮州市湘桥区环城东路,4,4.3,我市北堤城堤的重要关闸,https://piao.qunar.com/ticket/detail_2212279574.html?st=a3clM0QlRTYlQjklOTglRTYlQTElQTUlRTUlOEMlQkElMjZpZCUzRDEyODclMjZ0eXBlJTNEMCUyNmlkeCUzRDI4JTI2cXQlM0QlMjZhcGslM0QyJTI2c2MlM0RXV1clMjZ1ciUzRCVFNCVCOCVBRCVFNSVCMSVCMSUyNmxyJTNEJUU0JUI4JUFEJUU1JUIxJUIxJTI2ZnQlM0QlN0IlN0Q%3D#from=mpl_search_suggest,-1.0,N/A,广济门城楼原称“广济楼”，也称“韩江楼”，民间俗称“东门楼”。同时既是潮州名城的主要标志，又是我市北堤城堤的重要关闸。广济楼始建于明洪武三年(1370年)，历代均有不同程度的维修，民国廿年(1931年)重修.广济门城楼是一座宫殿式三层歇山顶阁楼，外城门原有“东为万春”门额。楼置于高大厚实的台基上，拱门中开，面阔七间，进深五间，前后面为木石柱相衔接支撑，并跨出城墙外，成为骑楼。屋面铺双层大青瓦，各层出檐均嵌蓝琉璃勾头滴水，雕栏画栋，四面环窗，飞阁流丹，巍峨壮观。登楼四望，但见韩水北下，长桥卧波，远山如黛。如遇夏秋，水涨潮急，舟帆点点，随波而下。时见江涛拍墩，时见浪花溅岸，画意诗情，殊足欣赏。楼内有联云：“万峰当户立，一水接天来”，正是这一景观的大写意。暮春三月，登楼眺望，韩江水涨，江面开阔，长桥卧波，烟波浩渺，笔峰如画，行船如梭，别有一番景致，故潮州内八景有“东楼观潮”之胜。,01/01-12/31；全天开放,https://imgs.qunarzz.com/sight/p54/201211/03/6f37929aee1d989293835fbb.jpg_710x360_53603743.jpg,"{""ret"": true, ""data"": {""tagList"": [{""tagType"": 1, ""tagScore"": 5, ""tagNum"": 4, ""tagName"": ""\u597d\u8bc4""}, {""tagType"": 0, ""tagScore"": 5, ""tagNum"": 4, ""tagName"": ""\u5168\u90e8""}], ""commentList"": [{""author"": ""\u96c5*5"", ""content"": ""\u5e7f\u6d4e\u95e8\u57ce\u697c\u95e8\u7968\uff1a10\u5143\uff0c\u4e0d\u767b\u697c\u5c31\u4e0d\u6536\u8d39\u54e6\u6240\u4ee5\u5728\u697c\u4e0b\u770b\u5c31\u662f\u514d\u8d39\u7684\u5730\u5740\uff1a\u6f6e\u5dde\u5e02\u6e58\u6865\u533a\u73af\u57ce\u4e1c\u8def\uff0c\u53ef\u4ee5\u901a\u8f66\uff0c\u9644\u8fd1\u6709\u5730\u65b9\u505c\u8f66\u5bf9\u9762\u4e00\u4e2a\u662f\u5e7f\u6d4e\u6865\u4e00\u4e2a\u662f\u724c\u574a\u8857\u53e4\u57ce\u6240\u4ee5\u4e00\u822c\u60c5\u51b5\u4e0b\u6765\u6f6e\u5dde\u65c5\u884c\u7684\u90fd\u80fd\u770b\u5230\u5e7f\u6d4e\u95e8\u6210\u57ce\u697c\uff0c\u786e\u5b9e\u8fd9\u91cc\u8fd8\u4e0d\u9519\u5efa\u7684\u53ef\u4ee5\u8bf4\u662f\u8fd8\u86ee\u6c14\u52bf\u6062\u5b8f\u7684\uff0c\u7279\u522b\u559c\u6b22\u8fd9\u4e9b\u98de\u8d77\u7684\u6a90\u89d2\u665a\u4e0a\u7684\u5e7f\u6d4e\u95e8\u66f4\u52a0\u7684\u60ca\u8273\u706f\u5149\u8000\u773c\u7684\u5e7f\u6d4e\u95e8\u5f88\u663e\u773c\u54e6\u53ef\u60dc\u6211\u4eec\u90fd\u6ca1\u6709\u5728\u665a\u4e0a\u7684\u65f6\u5019\u8fc7\u6765\u8fd9\u91cc\uff0c\u6bcf\u6b21\u4e00\u5230\u591c\u5e55\u964d\u4e34\u7136\u540e\u5c31\u56de\u53bb\u4e86\u5176\u5b9e\u8fd9\u91cc\u6bcf\u5929\u665a\u4e0a\u90fd\u6709\u706f\u5149\u79c0\u54e6"", ""date"": ""2018-10-01"", ""score"": 4, ""commentId"": ""208053379"", ""imgs"": [{""small"": ""https://imgs.qunarzz.com/piao/fusion/1810/3d/ecb3e384bedabb02.jpg_120x120_f08d31e4.jpg"", ""title"": """", ""big"": ""https://imgs.qunarzz.com/piao/fusion/1810/3d/ecb3e384bedabb02.jpg""}, {""small"": ""https://imgs.qunarzz.com/piao/fusion/1810/58/15b4925e4cb06902.jpg_120x120_ece5ecda.jpg"", ""title"": """", ""big"": ""https://imgs.qunarzz.com/piao/fusion/1810/58/15b4925e4cb06902.jpg""}, {""small"": ""https://imgs.qunarzz.com/piao/fusion/1810/d0/58c5ea7b7b4b5c02.jpg_120x120_53f92474.jpg"", ""title"": """", ""big"": ""https://imgs.qunarzz.com/piao/fusion/1810/d0/58c5ea7b7b4b5c02.jpg""}, {""small"": ""https://imgs.qunarzz.com/piao/fusion/1810/49/b557a6d9f5e25302.jpg_120x120_019e347e.jpg"", ""title"": """", ""big"": ""https://imgs.qunarzz.com/piao/fusion/1810/49/b557a6d9f5e25302.jpg""}, {""small"": ""https://imgs.qunarzz.com/piao/fusion/1810/59/d70f0b27ddc21502.jpg_120x120_6314bb3b.jpg"", ""title"": """", ""big"": ""https://imgs.qunarzz.com/piao/fusion/1810/59/d70f0b27ddc21502.jpg""}, {""small"": ""https://imgs.qunarzz.com/piao/fusion/1810/89/294529e68f2b1e02.jpg_120x120_4539c3dc.jpg"", ""title"": """", ""big"": ""https://imgs.qunarzz.com/piao/fusion/1810/89/294529e68f2b1e02.jpg""}, {""small"": ""https://imgs.qunarzz.com/piao/fusion/1810/fd/b730fc7bc973bb02.jpg_120x120_7e3e1516.jpg"", ""title"": """", ""big"": ""https://imgs.qunarzz.com/piao/fusion/1810/fd/b730fc7bc973bb02.jpg""}, {""small"": ""https://imgs.qunarzz.com/piao/fusion/1810/2a/a108fbafc70e1302.jpg_120x120_2bfaa050.jpg"", ""title"": """", ""big"": ""https://imgs.qunarzz.com/piao/fusion/1810/2a/a108fbafc70e1302.jpg""}], ""userNickName"": ""\u96c5*5"", ""replyCityName"": """", ""cityName"": """"}, {""author"": ""\u7ffb*\u971e"", ""content"": ""\u8981\u6536\u94b1\uff0c\u4e0d\u8fc7\u786e\u5b9e\u5f88\u5b8f\u4f1f\uff0c\u65b0\u5efa\u7684\uff0c\u53ef\u4ee5\u5728\u4e0a\u9762\u770b\u5230\u6f6e\u5dde\u53e4\u57ce\u7684\u5168\u8c8c"", ""date"": ""2015-08-17"", ""score"": 4, ""commentId"": ""68582806"", ""imgs"": [], ""userNickName"": ""\u7ffb*\u971e"", ""replyCityName"": """", ""cityName"": """"}, {""author"": ""l*2"", ""content"": ""\u5efa\u7b51\u5f88\u6709\u6c14\u52bf\uff0c\u9644\u8fd1\u8fd8\u70ed\u95f9\u3002"", ""date"": ""2015-01-09"", ""score"": 4, ""commentId"": ""29000677"", ""imgs"": [], ""userNickName"": ""l*2"", ""replyCityName"": """", ""cityName"": """"}, {""author"": ""c*5"", ""content"": ""\u5728\u8fd9\u91cc\u53ef\u4ee5\u770b\u5230\u6e58\u5b50\u6865\uff0c\u770b\u97e9\u6c5f\u6ce2\u6d9b\uff0c\u4e0d\u9519"", ""date"": ""2015-01-06"", ""score"": 5, ""commentId"": ""28896273"", ""imgs"": [], ""userNickName"": ""c*5"", ""replyCityName"": """", ""cityName"": """"}], ""score"": 4.3, ""commentCount"": 4}, ""statusCode"": 200}"
龙湫宝塔,https://imgs.qunarzz.com/sight/p0/201301/16/a11f82d1d1dfc7ad93835fbb.jpg_280x200_ece18c1f.jpg,潮州市,湘桥区,广东省潮州市湘桥区龙湫宝塔,-1,-1.0,龙湫宝塔是潮州八景之一。原指潮州城北面韩江河面的小洲上，建于宋代的石塔。塔下有葱郁繁茂的树林，有雅致幽静的寺院，与四周的,https://piao.qunar.com/ticket/detail_2030791390.html?st=a3clM0QlRTYlQjklOTglRTYlQTElQTUlRTUlOEMlQkElMjZpZCUzRDMzNjQyJTI2dHlwZSUzRDAlMjZpZHglM0Q0NSUyNnF0JTNEJTI2YXBrJTNEMiUyNnNjJTNEV1dXJTI2dXIlM0QlRTQlQjglQUQlRTUlQjElQjElMjZsciUzRCVFNCVCOCVBRCVFNSVCMSVCMSUyNmZ0JTNEJTdCJTdE#from=mpl_search_suggest,-1.0,N/A,龙湫宝塔是潮州八景之一。原指潮州城北面韩江河面的小洲上，建于宋代的石塔。塔下有葱郁繁茂的树林，有雅致幽静的寺院，与四周的景物相辉映，构成一幅美妙绮丽的风景。初时名为“塔院维舟”，以游艇常喜系缆于此命名。又因塔边有“龙求湫泉”，因之又名“龙湫宝塔”。可惜宝塔于清代已经倒塌，寺院也荒芜，残存的塔基后来也被洪水冲走去。,暂无,https://imgs.qunarzz.com/sight/p0/201301/16/a11f82d1d1dfc7ad93835fbb.jpg_710x360_49918b75.jpg,"{""ret"": true, ""data"": {""tagList"": [{""tagType"": 0, ""tagScore"": 5, ""tagNum"": 0, ""tagName"": ""\u5168\u90e8""}], ""score"": 0.0, ""commentCount"": 0}, ""statusCode"": 200}"
北阁佛灯,https://qimgs.qunarzz.com/piao_qsight_provider_piao_qsight_web/01A44120008mc7if4792C_C_900_504.jpg_280x200_0a7ce3ac.jpg,潮州市,湘桥区,潮州市湘桥区环城东路西50米,-1,-1.0,亭台楼阁间高低错落,https://piao.qunar.com/ticket/detail_1757854083.html?st=a3clM0QlRTYlQjklOTglRTYlQTElQTUlRTUlOEMlQkElMjZpZCUzRDUzNTA3MiUyNnR5cGUlM0QwJTI2aWR4JTNENDQlMjZxdCUzRCUyNmFwayUzRDIlMjZzYyUzRFdXVyUyNnVyJTNEJUU0JUI4JUFEJUU1JUIxJUIxJTI2bHIlM0QlRTQlQjglQUQlRTUlQjElQjElMjZmdCUzRCU3QiU3RA%3D%3D#from=mpl_search_suggest,-1.0,N/A,N/A,1/1-12/31；周二至周日；09:00-17:00开园；（17:00停止入园）,https://qimgs.qunarzz.com/piao_qsight_provider_piao_qsight_web/01A44120008mc7if4792C_C_900_504.jpg_710x360_f2e53274.jpg,"{""ret"": true, ""data"": {""tagList"": [{""tagType"": 0, ""tagScore"": 5, ""tagNum"": 0, ""tagName"": ""\u5168\u90e8""}], ""score"": 0.0, ""commentCount"": 0}, ""statusCode"": 200}"
葫芦山,https://imgs.qunarzz.com/sight/p0/201211/00/818c150045195f9393835fbb.jpg_280x200_b02192ba.jpg,潮州市,湘桥区,广东省潮州市湘桥区西湖景区内绿榕路,-1,-1.0,葫芦山位于西湖之内，山上多怪石，是墨客骚人留题的好去处。自唐宋以来，历朝累积，蔚为大观。至今尚保存130多处。书体有真草,https://piao.qunar.com/ticket/detail_3403173891.html?st=a3clM0QlRTYlQjklOTglRTYlQTElQTUlRTUlOEMlQkElMjZpZCUzRDI0MDU3JTI2dHlwZSUzRDAlMjZpZHglM0Q0MyUyNnF0JTNEJTI2YXBrJTNEMiUyNnNjJTNEV1dXJTI2dXIlM0QlRTQlQjglQUQlRTUlQjElQjElMjZsciUzRCVFNCVCOCVBRCVFNSVCMSVCMSUyNmZ0JTNEJTdCJTdE#from=mpl_search_suggest,-1.0,N/A,葫芦山位于西湖之内，山上多怪石，是墨客骚人留题的好去处。自唐宋以来，历朝累积，蔚为大观。至今尚保存130多处。书体有真草篆隶行，内容主要有抒怀写景、科举题名、风俗记事和官衙文告等。立于南岩峭壁之“湖山图画”四字，字径长1.7米。,暂无,https://imgs.qunarzz.com/sight/p0/201211/00/818c150045195f9393835fbb.jpg_710x360_e388f609.jpg,"{""ret"": true, ""data"": {""tagList"": [{""tagType"": 0, ""tagScore"": 5, ""tagNum"": 0, ""tagName"": ""\u5168\u90e8""}], ""score"": 0.0, ""commentCount"": 0}, ""statusCode"": 200}"
佛手果文旅生态园,https://qimgs.qunarzz.com/piao_qsight_provider_piao_qsight_web/0104j12000afckgtk6539_C_900_504.jpg_280x200_fa835e5c.jpg,潮州市,湘桥区,潮州市湘桥区官塘镇象山村狗槽山,-1,-1.0,N/A,https://piao.qunar.com/ticket/detail_3810570329.html?st=a3clM0QlRTYlQjklOTglRTYlQTElQTUlRTUlOEMlQkElMjZpZCUzRDUyOTcwNSUyNnR5cGUlM0QwJTI2aWR4JTNENDIlMjZxdCUzRCUyNmFwayUzRDIlMjZzYyUzRFdXVyUyNnVyJTNEJUU0JUI4JUFEJUU1JUIxJUIxJTI2bHIlM0QlRTQlQjglQUQlRTUlQjElQjElMjZmdCUzRCU3QiU3RA%3D%3D#from=mpl_search_suggest,-1.0,N/A,N/A,暂无,https://qimgs.qunarzz.com/piao_qsight_provider_piao_qsight_web/0104j12000afckgtk6539_C_900_504.jpg_710x360_b03943fb.jpg〇https://qimgs.qunarzz.com/piao_qsight_provider_piao_qsight_web/0106e12000afckcqr73F0_C_900_504_Q90_Mtg_7.jpg_710x360_4a8284ad.jpg〇https://qimgs.qunarzz.com/piao_qsight_provider_piao_qsight_web/0103n12000afckkhbEDE2_C_900_504_Q90_Mtg_7.jpg_710x360_074a94e4.jpg〇https://qimgs.qunarzz.com/piao_qsight_provider_piao_qsight_web/0106y12000afckj0a75BD_C_900_504_Q90_Mtg_7.jpg_710x360_e5cfc0e0.jpg〇https://qimgs.qunarzz.com/piao_qsight_provider_piao_qsight_web/0104j12000afckgtk6539_C_900_504_Q90_Mtg_7.jpg_710x360_4f718752.jpg,"{""ret"": true, ""data"": {""tagList"": [{""tagType"": 0, ""tagScore"": 5, ""tagNum"": 0, ""tagName"": ""\u5168\u90e8""}], ""score"": 0.0, ""commentCount"": 0}, ""statusCode"": 200}"
石壁山,https://imgs.qunarzz.com/sight/p0/201403/07/6c3945a0d3810919743bf2d2d22cc989.jpg_280x200_cae2b83d.jpg,潮州市,饶平县,N/A,-1,-1.0,有明代的古树名木，又有新栽的博士林,https://piao.qunar.com/ticket/detail_2910063854.html?st=a3clM0QlRTklQTUlQjYlRTUlQjklQjMlRTUlOEUlQkYlMjZpZCUzRDE0NzU1JTI2dHlwZSUzRDAlMjZpZHglM0QyJTI2cXQlM0QlMjZhcGslM0QyJTI2c2MlM0RXV1clMjZ1ciUzRCVFNCVCOCVBRCVFNSVCMSVCMSUyNmxyJTNEJUU0JUI4JUFEJUU1JUIxJUIxJTI2ZnQlM0QlN0IlN0Q%3D#from=mpl_search_suggest,7.0,N/A,石壁山风景区中木郁郁苍苍，有明代的古树名木，又有新栽的博士林，有古寺“雷音寺”，有自然景点“谏玉泉”，有近代建筑物“粤东一壁”（赵朴初题）牌坊、纳海楼、丽泽湖、飞虹桥等。山腰上灵气呈祥，闻名的饶平二中就坐落在石壁山南麓，每天可闻琅琅的读书声。中国佛教协会会长赵朴初、著名书画家关山月、汉学大师饶宗颐、饶平籍的剧作家郭启宏等十多位名家均为石壁山景区赠墨题字，使河山增辉，名贯粤东。雷音古寺位于栖云山南麓，明嘉靖二十八年（1532年），黄冈上步村余散人在栖云山长神洞旁建造一座石亭，亭内有人住守，以看护亭前墓葬（该古墓曰黄牛听金钟），时常向长神洞山神焚香点烛、祈求平安。后来逐渐演变成雷音古寺。清朝乾隆年间，江西省景德镇发生窑变，出现了十八尊罗汉。每尊罗汉背后都有“潮州雷音古寺”字样。县官奏报朝廷，皇上下旨来潮州寻找雷音古寺，潮州知府忙通知各县寻觅，后来才在黄冈栖云山长神洞旁找到这个“雷音古寺”。因该寺供奉的十八罗汉与窑像酷似，而这个雷音寺以上神洞巨石为后壁，故后人又称雷音古寺为“石壁庵”，原来的栖云山，也叫成石壁。,暂无,https://imgs.qunarzz.com/sight/p0/201403/07/6c3945a0d3810919743bf2d2d22cc989.jpg_710x360_a3951b6d.jpg,"{""ret"": true, ""data"": {""tagList"": [{""tagType"": 0, ""tagScore"": 5, ""tagNum"": 0, ""tagName"": ""\u5168\u90e8""}], ""score"": 0.0, ""commentCount"": 0}, ""statusCode"": 200}"
已略黄公祠,https://imgs.qunarzz.com/sight/p0/201403/07/4fb305259b0beb40f6d555c266abef05.jpg_280x200_da1eaa99.jpg,潮州市,湘桥区,广东省潮州市湘桥区义安路铁巷,-1,-1.0,集潮州木雕之大成，堪称一绝,https://piao.qunar.com/ticket/detail_357503767.html?st=a3clM0QlRTYlQjklOTglRTYlQTElQTUlRTUlOEMlQkElMjZpZCUzRDE0NTc0JTI2dHlwZSUzRDAlMjZpZHglM0Q0MSUyNnF0JTNEJTI2YXBrJTNEMiUyNnNjJTNEV1dXJTI2dXIlM0QlRTQlQjglQUQlRTUlQjElQjElMjZsciUzRCVFNCVCOCVBRCVFNSVCMSVCMSUyNmZ0JTNEJTdCJTdE#from=mpl_search_suggest,-1.0,N/A,已略黄公祠在市区义安路铁巷2号，建于清光绪十三年（1887年），是一座二进院，面宽15.4米，进深,8:30-17:30，17:15停止入场。,https://imgs.qunarzz.com/sight/p0/201403/07/4fb305259b0beb40f6d555c266abef05.jpg_710x360_e0a6efc3.jpg〇https://qimgs.qunarzz.com/piao_qsight_provider_piao_qsight_web/3984e2ff8c1d8786b45dad32aff4dbef.jpg_710x360_bc041cfc.jpg〇https://qimgs.qunarzz.com/piao_qsight_provider_piao_qsight_web/c323ca7c3f1d76b88d7d25fe42589818.jpg_710x360_05372cbd.jpg〇https://qimgs.qunarzz.com/piao_qsight_provider_piao_qsight_web/f4c16f6a67f309df4c9e667a07983540.jpg_710x360_c83187cf.jpg〇https://qimgs.qunarzz.com/piao_qsight_provider_piao_qsight_web/6cdcd70f30e88fe2b543e6af5a7fc89e.jpg_710x360_086d40ad.jpg〇https://qimgs.qunarzz.com/piao_qsight_provider_piao_qsight_web/39b9cffcf38d1f6acf605843bdbf9dc2.jpg_710x360_1d70216a.jpg〇https://qimgs.qunarzz.com/piao_qsight_provider_piao_qsight_web/ed0eb39110a8b829f1139399ac281b0b.jpg_710x360_b228087a.jpg〇https://qimgs.qunarzz.com/piao_qsight_provider_piao_qsight_web/e6676c1091380c098be81c8ad47ebe54.jpg_710x360_0345bcc0.jpg〇https://qimgs.qunarzz.com/piao_qsight_provider_piao_qsight_web/f043c75b02354e1a7e9170468786607f.jpg_710x360_14a5e890.jpg〇https://qimgs.qunarzz.com/piao_qsight_provider_piao_qsight_web/0006fba78a55090deaa1f89bfb296baa.jpg_710x360_c9f19c42.jpg〇https://qimgs.qunarzz.com/piao_qsight_provider_piao_qsight_web/6de51a8a8334f01643c978624d79ee5f.jpg_710x360_0637f28e.jpg〇https://qimgs.qunarzz.com/piao_qsight_provider_piao_qsight_web/a6d1ca98f432c3ffd4cfb4b26458d642.jpg_710x360_b4c8bf3b.jpg〇https://qimgs.qunarzz.com/piao_qsight_provider_piao_qsight_web/0799f4ce9ff1eb9c17f09c80ac2ab38b.jpg_710x360_65bb4f44.jpg〇https://qimgs.qunarzz.com/piao_qsight_provider_piao_qsight_web/afc241ad3cc8f3d2af7735598a8c2a96.jpg_710x360_96479fdc.jpg〇https://qimgs.qunarzz.com/piao_qsight_provider_piao_qsight_web/b2c70cbc7d09d91f7eb2624c00ff399b.jpg_710x360_936ac613.jpg〇https://qimgs.qunarzz.com/piao_qsight_provider_piao_qsight_web/4f62bb91d63292eea7813d2e4c45de57.jpg_710x360_a32c485d.jpg〇https://qimgs.qunarzz.com/piao_qsight_provider_piao_qsight_web/3b88862c1588e3a88c3c21e9bc05eb13.jpg_710x360_0535cd98.jpg〇https://qimgs.qunarzz.com/piao_qsight_provider_piao_qsight_web/2ba4e2629678b8e2f2c044ab8113beab.jpg_710x360_f2a1a31d.jpg〇https://qimgs.qunarzz.com/piao_qsight_provider_piao_qsight_web/cf440a02fb6a3437.jpg_710x360_9c3519ae.jpg〇https://qimgs.qunarzz.com/piao_qsight_provider_piao_qsight_web/b3e580080cdd43b5.jpg_710x360_4d08a795.jpg〇https://qimgs.qunarzz.com/piao_qsight_provider_piao_qsight_web/c1deb0a3191d55b5.jpg_710x360_d668cfab.jpg,"{""ret"": true, ""data"": {""tagList"": [{""tagType"": 0, ""tagScore"": 5, ""tagNum"": 0, ""tagName"": ""\u5168\u90e8""}], ""score"": 0.0, ""commentCount"": 0}, ""statusCode"": 200}"
笔架山宋窑,https://imgs.qunarzz.com/sight/p30/201211/02/a8d6535d4d38a2d793835fbb.jpg_280x200_6a5a52cc.jpg,潮州市,湘桥区,广东省潮州市湘桥区笔架山西麓,-1,-1.0,产品远销国内外，被誉为“广东陶瓷之都”,https://piao.qunar.com/ticket/detail_4160919091.html?st=a3clM0QlRTYlQjklOTglRTYlQTElQTUlRTUlOEMlQkElMjZpZCUzRDEyNzU0JTI2dHlwZSUzRDAlMjZpZHglM0Q0MCUyNnF0JTNEJTI2YXBrJTNEMiUyNnNjJTNEV1dXJTI2dXIlM0QlRTQlQjglQUQlRTUlQjElQjElMjZsciUzRCVFNCVCOCVBRCVFNSVCMSVCMSUyNmZ0JTNEJTdCJTdE#from=mpl_search_suggest,-1.0,N/A,在韩江东岸笔架山西麓，北起虎头山，南至印子山，绵延四华里，窑址鳞次栉比，相传有九十九条窑之多，号称“百窑村”，又称“水东窑”、“白瓷窑”。笔架山窑场始创于唐，极盛于宋。其产品远销国内外，成为中国陶瓷出口基地之一，被誉为“广东陶瓷之都”。产品种类繁多，主要有碗、盒、盏、灯、炉、杯、壶、盂、豆、釜、洗、枕头、粉盒等日用器皿和瓶器、人物、玩具等工艺瓷，其胎质坚密，别具一格。釉色以影青釉为主，兼有青、白、黄、酱褐釉等，釉质晶莹润泽、如银似玉，多数不开片或只是极细的鱼子纹片；饰纹以划花力主，还有雕刻和镂空的。新西兰学者艾黎在参现了潮州古瓷器展品后，兴奋地说，“我在国外看到好多古瓷器，原来它的老家就在这里！”笔架山宋窑为古代中外文化交流，为中华民族的文明史增添了辉煌的一页。自1953年起，广东省博物馆及潮州文化工作者，配合基建工程多次对宋窑遣址进行考古发掘，失后清理了11窑遗址，其中既有阶级型龙窑，还有斜坡式龙窑78米，宽约3米，除窑头及火膛被毁外，窑壁、窑尾、隔火墙、阶级隔梁等均保存完好，此外还出土了大量瓷器，其中有被列为一级藏品的“麻姑进酒”、有小洋人和哈叭狗等玩具，还有饰以八字胡的观音佛像”、“熙宁”等年号及“水东中窑甲”、“匠人周明”等区工姓名的铭文。,暂无,https://imgs.qunarzz.com/sight/p30/201211/02/a8d6535d4d38a2d793835fbb.jpg_710x360_20d9e16c.jpg,"{""ret"": true, ""data"": {""tagList"": [{""tagType"": 0, ""tagScore"": 5, ""tagNum"": 0, ""tagName"": ""\u5168\u90e8""}], ""score"": 0.0, ""commentCount"": 0}, ""statusCode"": 200}"
红山森林公园,https://imgs.qunarzz.com/sight/p49/201211/03/20df930faeb153e893835fbb.jpg_280x200_87526cf7.jpg,潮州市,湘桥区,地处于潮州古城之东,-1,-1.0,红山森林公园地处于潮州古城之东，为山地向平原过度的高丘陵，山势峻夷，峰峦叠翠，高树凝烟，景石错立，泉水蜿蜒，高峰海拔49,https://piao.qunar.com/ticket/detail_2173697737.html?st=a3clM0QlRTYlQjklOTglRTYlQTElQTUlRTUlOEMlQkElMjZpZCUzRDI5MzYlMjZ0eXBlJTNEMCUyNmlkeCUzRDM5JTI2cXQlM0QlMjZhcGslM0QyJTI2c2MlM0RXV1clMjZ1ciUzRCVFNCVCOCVBRCVFNSVCMSVCMSUyNmxyJTNEJUU0JUI4JUFEJUU1JUIxJUIxJTI2ZnQlM0QlN0IlN0Q%3D#from=mpl_search_suggest,-1.0,N/A,"红山森林公园地处于潮州古城之东，为山地向平原过度的高丘陵，山势峻夷，峰峦叠翠，高树凝烟，景石错立，泉水蜿蜒，高峰海拔497.2米，雄居山体中央，为潮州城区之制高点，园区南北5．22千米，东西宽4.17千米，总面积933公顷.红山森林公园1993年定为省级森林公园，为广东十大森林公园之一。公园环境优美，山青、林碧、草茂、泉清，茂密的森林与交织的山塘泉涧形成了一个相对幽静的森林环境空间。是一座集森林旅游、登山眺望、山地运动、文化娱乐、林地养生、度假健身、科教考察等多种旅游服务项目。于2001年1月22日正式对外开放.森林公园利用得天独厚的自然资源，缘势开发了滑草场、滑车场、跑马场、射箭场.曲径通幽、天上人间酒吧等近20个游乐项目，可令游客尝试“草上飞”的惊险好玩与刺激，体验天上人间的全新感受，领略骑士跃马英姿，在花草簇拥，绿树环抱的山坡上建有中餐厅、快餐厅，卡拉OK厅、石林茶座等配套设施，可供游客品尝各式美食或一泡香茗，人在绿中，乌声燕语，茶醉人醉，第二期项目包括,观音圣景、名人名家书画展馆、商务会议中心、金嘉庄园、金环别墅、金福高级别墅区、鱼跃龙门、科幻探奇、儿童天地等即将建成开放，届时将完整地为人们提供一个回归自然，寻觅安静，领略南亚热带风光的城市近郊综合性森林公园，使之成为粤东森林旅游中心。",01/01-12/31；8:00-18:00开园,https://imgs.qunarzz.com/sight/p49/201211/03/20df930faeb153e893835fbb.jpg_710x360_9a2b93c6.jpg,"{""ret"": true, ""data"": {""tagList"": [{""tagType"": 0, ""tagScore"": 5, ""tagNum"": 0, ""tagName"": ""\u5168\u90e8""}], ""score"": 0.0, ""commentCount"": 0}, ""statusCode"": 200}"
野狼丛林越野俱乐部,https://imgs.qunarzz.com/sight/p0/2111/50/500602c6ff74f421a3.img.jpg_280x200_baf60574.jpg,潮州市,湘桥区,广东省潮州市湘桥区磷溪镇凤湾线旸山村苦厝坑2号之1铺面,-1,-1.0,没有驾驶证也可以开的山地越野四驱车，2分钟包教包会，全套护具。另外还有越野服装，拍个帅气的视频照片。,https://piao.qunar.com/ticket/detail_2659107486.html?st=a3clM0QlRTYlQjklOTglRTYlQTElQTUlRTUlOEMlQkElMjZpZCUzRDUxMjcwNiUyNnR5cGUlM0QwJTI2aWR4JTNEMzglMjZxdCUzRCUyNmFwayUzRDIlMjZzYyUzRFdXVyUyNnVyJTNEJUU0JUI4JUFEJUU1JUIxJUIxJTI2bHIlM0QlRTQlQjglQUQlRTUlQjElQjElMjZmdCUzRCU3QiU3RA%3D%3D#from=mpl_search_suggest,-1.0,N/A,没有驾驶证也可以开的山地越野四驱车，2分钟包教包会，全套护具。另外还有越野服装，拍个帅气的视频照片。,暂无,https://imgs.qunarzz.com/sight/p0/2111/50/500602c6ff74f421a3.img.jpg_710x360_8d13aa5c.jpg〇https://imgs.qunarzz.com/sight/p0/2111/cf/cf106db0375b7090a3.img.jpg_710x360_c754269d.jpg〇https://imgs.qunarzz.com/sight/p0/2111/b8/b8b50748e2fda2eea3.img.jpg_710x360_f9bb5293.jpg〇https://imgs.qunarzz.com/sight/p0/2111/2b/2b70a82775d92ab7a3.img.jpg_710x360_95260453.jpg,"{""ret"": true, ""data"": {""tagList"": [{""tagType"": 0, ""tagScore"": 5, ""tagNum"": 0, ""tagName"": ""\u5168\u90e8""}], ""score"": 0.0, ""commentCount"": 0}, ""statusCode"": 200}"
叶子营地,https://imgs.qunarzz.com/sight/p0/2303/13/133675697d3d4b44a3.img.jpg_280x200_2495b394.jpg,潮州市,湘桥区,广东省潮州市潮安区归湖镇砚田村下竹坝,-1,-1.0,"沉浸式体验，微风做饵，将风景揉进味蕾，感受自然和美食的双重治愈！
浅尝微风的味道......你带上愉悦的心情，备上音乐美",https://piao.qunar.com/ticket/detail_1691539996.html?st=a3clM0QlRTYlQjklOTglRTYlQTElQTUlRTUlOEMlQkElMjZpZCUzRDUxOTE0NSUyNnR5cGUlM0QwJTI2aWR4JTNEMzclMjZxdCUzRCUyNmFwayUzRDIlMjZzYyUzRFdXVyUyNnVyJTNEJUU0JUI4JUFEJUU1JUIxJUIxJTI2bHIlM0QlRTQlQjglQUQlRTUlQjElQjElMjZmdCUzRCU3QiU3RA%3D%3D#from=mpl_search_suggest,-1.0,N/A,沉浸式体验，微风做饵，将风景揉进味蕾，感受自然和美食的双重治愈！浅尝微风的味道......你带上愉悦的心情，备上音乐美食，在草坪上吹着微风，共享美食，享受一个温暖又惬意的午后时光！,暂无,https://imgs.qunarzz.com/sight/p0/2303/13/133675697d3d4b44a3.img.jpg_710x360_3ff33841.jpg〇https://imgs.qunarzz.com/sight/p0/2303/3d/3d86153583690625a3.img.jpg_710x360_6a6b5fca.jpg〇https://imgs.qunarzz.com/sight/p0/2303/ad/ad7dbeae3c7aa919a3.img.png_710x360_53967291.png〇https://imgs.qunarzz.com/sight/p0/2303/3f/3f0ac7b16916e3d0a3.img.jpg_710x360_f7faefd4.jpg〇https://imgs.qunarzz.com/sight/p0/2303/dc/dc0919f5147caf12a3.img.jpg_710x360_7169a918.jpg〇https://imgs.qunarzz.com/sight/p0/2303/12/1259250273b387d7a3.img.jpg_710x360_712dd3e3.jpg,"{""ret"": true, ""data"": {""tagList"": [{""tagType"": 0, ""tagScore"": 5, ""tagNum"": 0, ""tagName"": ""\u5168\u90e8""}], ""score"": 0.0, ""commentCount"": 0}, ""statusCode"": 200}"
潮州动物园,https://qimgs.qunarzz.com/piao_qsight_provider_piao_qsight_web/temp2793366100618365942100d1f000001gorn101FA_wmr.jpg_280x200_052c9699.jpg,潮州市,湘桥区,潮州市湘桥区西湖景区内,-1,-1.0,N/A,https://piao.qunar.com/ticket/detail_975176070.html?st=a3clM0QlRTYlQjklOTglRTYlQTElQTUlRTUlOEMlQkElMjZpZCUzRDUyMzU0NSUyNnR5cGUlM0QwJTI2aWR4JTNEMzYlMjZxdCUzRCUyNmFwayUzRDIlMjZzYyUzRFdXVyUyNnVyJTNEJUU0JUI4JUFEJUU1JUIxJUIxJTI2bHIlM0QlRTQlQjglQUQlRTUlQjElQjElMjZmdCUzRCU3QiU3RA%3D%3D#from=mpl_search_suggest,-1.0,N/A,N/A,暂无,https://qimgs.qunarzz.com/piao_qsight_provider_piao_qsight_web/temp2793366100618365942100d1f000001gorn101FA_wmr.jpg_710x360_82605570.jpg,"{""ret"": true, ""data"": {""tagList"": [{""tagType"": 0, ""tagScore"": 5, ""tagNum"": 0, ""tagName"": ""\u5168\u90e8""}], ""score"": 0.0, ""commentCount"": 0}, ""statusCode"": 200}"
古府城墙,https://imgs.qunarzz.com/sight/p0/201403/07/22be4225e9edec51ce239aa687b65042.jpg_280x200_66c7c510.jpg,潮州市,湘桥区,广东省潮州市湘桥区环城东路,-1,-1.0,古府城墙于宋代已成规模，至和初年再筑土城，绍兴年间又以石砌、绍定、端平年间先后大规模增修筑建，形成了外廓内城并绕以城濠的,https://piao.qunar.com/ticket/detail_2717754206.html?st=a3clM0QlRTYlQjklOTglRTYlQTElQTUlRTUlOEMlQkElMjZpZCUzRDU1OSUyNnR5cGUlM0QwJTI2aWR4JTNEMzUlMjZxdCUzRCUyNmFwayUzRDIlMjZzYyUzRFdXVyUyNnVyJTNEJUU0JUI4JUFEJUU1JUIxJUIxJTI2bHIlM0QlRTQlQjglQUQlRTUlQjElQjElMjZmdCUzRCU3QiU3RA%3D%3D#from=mpl_search_suggest,-1.0,N/A,古府城墙于宋代已成规模，至和初年再筑土城，绍兴年间又以石砌、绍定、端平年间先后大规模增修筑建，形成了外廓内城并绕以城濠的完备格局。由于朝代的更迭，战火的破坏，元末明初已是破烂不堪。明洪武（1379年），指挥俞良辅重辟城西南，增筑石墙，全面修建府城墙。修建后的府城，城墙高二丈五尺，基阔二丈二尺，城面一丈五尺，周围一千七百六十三丈。环城开上水、竹木，广济、下水、安定、南、北等七门。于城门外构筑月城作为屏障，并于城上造敌楼四十四座，窝铺六十七座，雉煤二千九百三十二个，十分雄伟壮观。随着历史的变迁，府城的南、西、北三面城墙均因城市建设的需要而拆除，现仅存东面临韩江的古城墙，北起金山南至南门，全长2132米，保存城门四座，即上水门、竹木门、广济门、下水门，并建有城楼。楼置于高大台基上，台正中辟一高3.62米，宽3.99米的拱门。楼为三层重檐歇山顶，面宽五间，穿斗式梁架结构。城楼面临韩江，直对湘子桥，楼上旧有对联：“万峰当户立，一水接天来”。暮春三月，登楼眺望，韩江水涨，江面开阔，长桥卧波，烟波浩渺，笔峰如画，行船如梭，别有一番景致，故潮州内八景有“东楼观潮”之胜，它写着古城的历史：有太平盛世的康乐日子；有兵荒马乱，风烟滚滚的战祸年代；有守城将上浴血奋战的悲歌；有乡亲父老流离颠簸，妻离子散的苦泪。古城墙是一本记载古城文化的大书。,暂无,https://imgs.qunarzz.com/sight/p0/201403/07/22be4225e9edec51ce239aa687b65042.jpg_710x360_56042de6.jpg〇https://qimgs.qunarzz.com/piao_qsight_provider_piao_qsight_web/267123a0-237a-41af-bbf7-3c53f7400424.jpg_710x360_eae1a9d4.jpg〇https://qimgs.qunarzz.com/piao_qsight_provider_piao_qsight_web/e91c914f0a3f27b5.jpg_710x360_cfb9d13a.jpg〇https://qimgs.qunarzz.com/piao_qsight_provider_piao_qsight_web/fc20127731e2bb5.jpg_710x360_a9aad37d.jpg〇https://qimgs.qunarzz.com/piao_qsight_provider_piao_qsight_web/ca95e8b3ee3195b5.jpg_710x360_b263f328.jpg〇https://qimgs.qunarzz.com/piao_qsight_provider_piao_qsight_web/1564c2fdc83ce3b5.jpg_710x360_7c2dbce4.jpg〇https://qimgs.qunarzz.com/piao_qsight_provider_piao_qsight_web/8ca1ec0eeeb7e3b5.jpg_710x360_13a9e4ae.jpg〇https://qimgs.qunarzz.com/piao_qsight_provider_piao_qsight_web/410764d8c5ab94b5.jpg_710x360_952c1f45.jpg〇https://qimgs.qunarzz.com/piao_qsight_provider_piao_qsight_web/3405298f0292acb5.jpg_710x360_0904aa20.jpg,"{""ret"": true, ""data"": {""tagList"": [{""tagType"": 0, ""tagScore"": 5, ""tagNum"": 0, ""tagName"": ""\u5168\u90e8""}], ""score"": 0.0, ""commentCount"": 0}, ""statusCode"": 200}"
潮州市博物馆,https://qimgs.qunarzz.com/piao_qsight_provider_piao_qsight_web/0105p12000f6u07we5778_C_900_504.jpg_280x200_a59e3d44.jpg,潮州市,湘桥区,潮州市湘桥区福安路与潮州大道交叉口,-1,-1.0,N/A,https://piao.qunar.com/ticket/detail_309149138.html?st=a3clM0QlRTYlQjklOTglRTYlQTElQTUlRTUlOEMlQkElMjZpZCUzRDUyODkyNyUyNnR5cGUlM0QwJTI2aWR4JTNEMzQlMjZxdCUzRCUyNmFwayUzRDIlMjZzYyUzRFdXVyUyNnVyJTNEJUU0JUI4JUFEJUU1JUIxJUIxJTI2bHIlM0QlRTQlQjglQUQlRTUlQjElQjElMjZmdCUzRCU3QiU3RA%3D%3D#from=mpl_search_suggest,-1.0,N/A,N/A,1/1-12/31；周二至周日；09:00-17:00开园；（16:40停止入园）,https://qimgs.qunarzz.com/piao_qsight_provider_piao_qsight_web/0105p12000f6u07we5778_C_900_504.jpg_710x360_b0b8b080.jpg〇https://qimgs.qunarzz.com/piao_qsight_provider_piao_qsight_web/0105p12000f6u07we5778_C_900_504_Q90_Mtg_7.jpg_710x360_08a4952c.jpg,"{""ret"": true, ""data"": {""tagList"": [{""tagType"": 0, ""tagScore"": 5, ""tagNum"": 0, ""tagName"": ""\u5168\u90e8""}], ""score"": 0.0, ""commentCount"": 0}, ""statusCode"": 200}"
明镜古寺,https://imgs.qunarzz.com/sight/p68/201211/07/bdf4d3c8a62afdf193835fbb.jpg_280x200_699ad479.jpg,潮州市,湘桥区,广东省潮州市湘桥区西荣路66号,1,3.0,一所具有一定规模福利型多功能的新型寺院,https://piao.qunar.com/ticket/detail_3384714218.html?st=a3clM0QlRTYlQjklOTglRTYlQTElQTUlRTUlOEMlQkElMjZpZCUzRDExOTYlMjZ0eXBlJTNEMCUyNmlkeCUzRDMzJTI2cXQlM0QlMjZhcGslM0QyJTI2c2MlM0RXV1clMjZ1ciUzRCVFNCVCOCVBRCVFNSVCMSVCMSUyNmxyJTNEJUU0JUI4JUFEJUU1JUIxJUIxJTI2ZnQlM0QlN0IlN0Q%3D#from=mpl_search_suggest,-1.0,N/A,明镜古寺，在潮州市北关北美路尾，始建于明代（公元1364－1644），是开元寺下院，原系管理违规僧人场所。清代康熙十一年（公元1672）僧人寂渊募建后座，雍正九年（公元1731）知府胡恂重修，解放初期农禅并重，僧人作为住宿之地。1957年为农场使用，文革期间被占用，殿宇崩圮，面目全非，1986年落实宗教房产政策，产权归市佛教协会管理使用，经多方筹划，1995年6月动工重建，至1999年1月竣工。整座古寺占地2900平方米，建筑面积4017平方米，前座为寺门楼，正座为大雄宝殿，两侧是三层楼安养院，后座是三层楼的藏经楼，成为潮州市一所具有一定规模福利型多*能的新型寺院。,暂无,https://imgs.qunarzz.com/sight/p68/201211/07/bdf4d3c8a62afdf193835fbb.jpg_710x360_9289937b.jpg,"{""ret"": true, ""data"": {""tagList"": [{""tagType"": 2, ""tagScore"": 5, ""tagNum"": 1, ""tagName"": ""\u4e2d\u8bc4""}, {""tagType"": 0, ""tagScore"": 5, ""tagNum"": 1, ""tagName"": ""\u5168\u90e8""}], ""commentList"": [{""author"": ""c*5"", ""content"": ""\u5386\u53f2\u4e0a\u548c\u5c1a\u72af\u9519\u540e\u4f4f\u7684\u5730\u65b9"", ""date"": ""2015-01-06"", ""score"": 3, ""commentId"": ""28895933"", ""imgs"": [], ""userNickName"": ""c*5"", ""replyCityName"": """", ""cityName"": """"}], ""score"": 3.0, ""commentCount"": 1}, ""statusCode"": 200}"
松林古寺,https://imgs.qunarzz.com/sight/p0/201303/04/63258977a2a7eeafc8d65eac.jpg_280x200_a985a75a.jpg,潮州市,湘桥区,广东省潮州市湘桥区松林古寺,-1,-1.0,松林古寺，位于潮城意溪镇郊之松林峰山麓。二十世纪七十年代挖东溪时，在原寺址前低洼处出土韦驮菩萨石像一尊、圆形石墩一座，上,https://piao.qunar.com/ticket/detail_4258986714.html?st=a3clM0QlRTYlQjklOTglRTYlQTElQTUlRTUlOEMlQkElMjZpZCUzRDE0NTAzJTI2dHlwZSUzRDAlMjZpZHglM0QyNyUyNnF0JTNEJTI2YXBrJTNEMiUyNnNjJTNEV1dXJTI2dXIlM0QlRTQlQjglQUQlRTUlQjElQjElMjZsciUzRCVFNCVCOCVBRCVFNSVCMSVCMSUyNmZ0JTNEJTdCJTdE#from=mpl_search_suggest,-1.0,N/A,松林古寺，位于潮城意溪镇郊之松林峰山麓。二十世纪七十年代挖东溪时，在原寺址前低洼处出土韦驮菩萨石像一尊、圆形石墩一座，上刻“开山会堂和尚”六字清晰可见，现供于寺中，故有称开山寺者。据考古专家考证，该石像、石墩为隋唐时代之文物，可知是寺创建历史悠久。由于世相兴庭无常，年久代淹，几于荒芜。三中全会之后，宗教政策得到贯彻，该寺产权落习归还宗教团体——潮州市佛教协会管理使用。在市佛协的带领下，四众熟诚乡应，捐资修复成一座小殿堂，开展宗教动并对外开放。潮州市升格之后，该寺产权移交给湘桥区佛协会管理和使用。九三年五月林希炎、柯紫蓉居士陪同宏生大和尚来寺朝山礼圣，见松林峰气势宏伟，茂林沃野花果林木婆娑；寺靠山峰雄伟；雨边山势落脉宛延环拱山门，状似龙象守寺；寺前横堤护基，湖泊职镜；远望笔架（山）、葫芦（山）、金山、韩江滨江、凤城璀璨，雄伟壮观，故知昔日潮郡名人留诗咏景之不虚，诗曰：“头枕松林峰，脚踏黄枝湖。左手挽笔架，右手托葫芦。”不愧为名胜石迹。于是发大原心扩建重兴松林古寺。遂请名工程师做总体规划设计、规划用地共六十多亩；总建筑面积为九千五百多平方。总体建筑布局大致为五部分，中轴线为山门、金刚殿、天五殿、圆通宝殿、大雄宝殿、藏经楼；东侧：东长廊、地藏殿、钟楼、客堂、斋堂、僧舍、佛教文化中心楼、五百罗汉堂；西侧：西长廊、伽蓝殿、鼓楼、僧舍、念佛堂、普同塔、敬老院；山门前配套：东、西双石塔、放生池、曲径、凉亭、桥、牌坊、寺道，广场配套等。,01/01-12/31；8:00-18:00开园,https://imgs.qunarzz.com/sight/p0/201303/04/63258977a2a7eeafc8d65eac.jpg_710x360_9e4dce32.jpg〇https://qimgs.qunarzz.com/piao_qsight_provider_piao_qsight_web/624740a0fdb4428b6b44215aa7cd6d77.jpg_710x360_17511187.jpg〇https://qimgs.qunarzz.com/piao_qsight_provider_piao_qsight_web/b74bb10ae8ce8637.jpg_710x360_e9dfd740.jpg,"{""ret"": true, ""data"": {""tagList"": [{""tagType"": 0, ""tagScore"": 5, ""tagNum"": 0, ""tagName"": ""\u5168\u90e8""}], ""score"": 0.0, ""commentCount"": 0}, ""statusCode"": 200}"
潮州真人密室逃脱,https://imgs.qunarzz.com/sight/p0/1501/6b/60306546d46a9a4ec61e3a9703d862a3.water.jpg_280x200_f9b3a69c.jpg,潮州市,湘桥区,广东省潮州市湘桥区城新路与永护路交界处建兴街E栋3楼,1,5.0,精心布置的现实场景，让你身临其境,https://piao.qunar.com/ticket/detail_3836051069.html?st=a3clM0QlRTYlQjklOTglRTYlQTElQTUlRTUlOEMlQkElMjZpZCUzRDIwMDU3OSUyNnR5cGUlM0QwJTI2aWR4JTNEMjYlMjZxdCUzRCUyNmFwayUzRDIlMjZzYyUzRFdXVyUyNnVyJTNEJUU0JUI4JUFEJUU1JUIxJUIxJTI2bHIlM0QlRTQlQjglQUQlRTUlQjElQjElMjZmdCUzRCU3QiU3RA%3D%3D#from=mpl_search_suggest,-1.0,N/A,这是一个团队协助的游戏，发挥团队的合作性才能帮助你更高效的破解密室层层线索。女巫Circe喜欢上爱德华，无奈爱德华却深爱着贝拉，Circe将他骗至被她设下天罗地网的城堡。TIMING 真人密室逃脱的所有谜题均为密逃工作室精心设计，精心布置的现实场景，让你身临其境。,暂无,https://imgs.qunarzz.com/sight/p0/1501/6b/60306546d46a9a4ec61e3a9703d862a3.water.jpg_710x360_b901c857.jpg〇https://imgs.qunarzz.com/sight/p0/1501/b0/003bdf7258b8a5a3988cdc78d85cd44c.water.jpg_710x360_c49a43e8.jpg〇https://imgs.qunarzz.com/sight/p0/1501/69/9ece1e90b429f1597d2f4bee69e4c4e0.water.jpg_710x360_d647a62a.jpg〇https://imgs.qunarzz.com/sight/p0/1501/ad/850c430083c6053e97e10cf3c4bf611c.water.jpg_710x360_5368fd98.jpg〇https://imgs.qunarzz.com/sight/p0/1501/8a/363d3c2555257eeefbf52392556ce561.water.jpg_710x360_b4cd0ff1.jpg,"{""ret"": true, ""data"": {""tagList"": [{""tagType"": 1, ""tagScore"": 5, ""tagNum"": 1, ""tagName"": ""\u597d\u8bc4""}, {""tagType"": 0, ""tagScore"": 5, ""tagNum"": 1, ""tagName"": ""\u5168\u90e8""}], ""commentList"": [{""author"": ""c*5"", ""content"": ""\u7cbe\u5fc3\u5e03\u5c40\uff0c\u8ba9\u4f60\u6709\u5f88\u771f\u5b9e\u7684\u4f53\u9a8c"", ""date"": ""2015-01-06"", ""score"": 5, ""commentId"": ""28896298"", ""imgs"": [], ""userNickName"": ""c*5"", ""replyCityName"": """", ""cityName"": """"}], ""score"": 5.0, ""commentCount"": 1}, ""statusCode"": 200}"
叩齿庵,https://imgs.qunarzz.com/sight/p93/201211/05/9cd923e9ee0e4e5993835fbb.jpg_280x200_9796b03e.jpg,潮州市,湘桥区,广东省潮州市湘桥区,1,5.0,原名济生庵（又名大隐庵），始建于唐代,https://piao.qunar.com/ticket/detail_1083691587.html?st=a3clM0QlRTYlQjklOTglRTYlQTElQTUlRTUlOEMlQkElMjZpZCUzRDE0NzY5JTI2dHlwZSUzRDAlMjZpZHglM0QyMyUyNnF0JTNEJTI2YXBrJTNEMiUyNnNjJTNEV1dXJTI2dXIlM0QlRTQlQjglQUQlRTUlQjElQjElMjZsciUzRCVFNCVCOCVBRCVFNSVCMSVCMSUyNmZ0JTNEJTdCJTdE#from=mpl_search_suggest,-1.0,N/A,叩齿庵在潮州市区下西平路道后巷。原名济生庵（又名大隐庵），始建于唐代。清咸丰林大川《韩江记》载：“叩齿庵在城南书院左，即韩昌黎大颠至郡所住处也”。庵内大颠堂额写：“聪明宏博” 四字。中为大雄宝殿，阶前有两古榕，不假泥土，骑阶前石而生，呈黑铁色，极其古致，据说已有数百年历史。宋广东转运判官周敦颐留堂壁云：“退之自谓如夫子，原道低排佛老非，不识大颠何似者，数书珍重更留衣。”相传唐元和十四年（819年）正月，韩愈因谏迎佛骨触怒了宪宗皇帝，被贬到潮州任刺使。到达州治那天，下属官吏、全城百姓夹道欢迎。韩愈看到百姓如此热情，十分激动，突然前面一个和尚朝他马前走来，那和尚本也英俊魁梧、且脸方额阔，远看还一表人才，可近前时却叫人害怕。原来他有两个暴出的大牙，骤看如寺庙里狰狞的罗汉。韩愈顿生不悦，只是僚吏既无阻拦，身为刺史如果呼叱发作就会有失身份，于是只好忍着，心想：“此人一定是个恶僧，他若有愚惑百姓，定要把他两个大牙拔掉。”到了太守府，韩愈盘问和尚何来，知其为济生庵得道高增大颠，*德圆满且法力高强。（有说大颠和尚是潮阳灵山寺方丈，管济生庵和灵山寺）。次日，韩愈刚升堂办理州务，跟班便呈上一小包东西说是大颠和尚差人送来的.韩愈打开一看，原来是两个大牙齿，另外是一纸倡话，字体浑厚端庄，书“儒以仁为本，佛亦济众生。道异旨自同，会我海屿边。”这就使韩愈陷入迷惑之中：“这和尚还真神灵，能熟知我心想。” 内疚地说：“我单凭相貌轻率地对一个人下结论，枉曲了好人，实不应该。”于是当堂挥笔写了“叩齿庵”三个大字.,01/01-12/31；6:30-18:00开园,https://imgs.qunarzz.com/sight/p93/201211/05/9cd923e9ee0e4e5993835fbb.jpg_710x360_5bf9b4ef.jpg〇https://qimgs.qunarzz.com/piao_qsight_provider_piao_qsight_web/f7e14032081bb6b358fec28aae250961.jpg_710x360_5da1c2d2.jpg〇https://qimgs.qunarzz.com/piao_qsight_provider_piao_qsight_web/838e06bd28cd3050be13c510cac81d16.jpg_710x360_01a00beb.jpg〇https://qimgs.qunarzz.com/piao_qsight_provider_piao_qsight_web/6d3293ff511df5842425e7714d65f288.jpg_710x360_50a4c78f.jpg〇https://qimgs.qunarzz.com/piao_qsight_provider_piao_qsight_web/24e3cbc1-21c8-4d7c-9b5a-758a2cd5ba37.jpg_710x360_2fe774a9.jpg〇https://qimgs.qunarzz.com/piao_qsight_provider_piao_qsight_web/bf41eea0a5b2ff37.jpg_710x360_5b3ab817.jpg,"{""ret"": true, ""data"": {""tagList"": [{""tagType"": 1, ""tagScore"": 5, ""tagNum"": 1, ""tagName"": ""\u597d\u8bc4""}, {""tagType"": 0, ""tagScore"": 5, ""tagNum"": 1, ""tagName"": ""\u5168\u90e8""}], ""commentList"": [{""author"": ""c*5"", ""content"": ""\u59cb\u5efa\u4e8e\u5510\u4ee3\uff0c\u8fd8\u6709\u4e00\u6bb5\u5f88\u7f8e\u7684\u4f20\u8bf4"", ""date"": ""2015-01-06"", ""score"": 5, ""commentId"": ""28896344"", ""imgs"": [], ""userNickName"": ""c*5"", ""replyCityName"": """", ""cityName"": """"}], ""score"": 5.0, ""commentCount"": 1}, ""statusCode"": 200}"
海阳县儒学宫,https://imgs.qunarzz.com/sight/p34/201211/05/005c723b0d0ae20f93835fbb.jpg_280x200_08db6c5f.jpg,潮州市,湘桥区,广东省潮州市湘桥区昌黎路和文星路交界处,2,3.0,学宫现为潮州市博物馆馆址,https://piao.qunar.com/ticket/detail_4208922239.html?st=a3clM0QlRTYlQjklOTglRTYlQTElQTUlRTUlOEMlQkElMjZpZCUzRDE5NDYlMjZ0eXBlJTNEMCUyNmlkeCUzRDMyJTI2cXQlM0QlMjZhcGslM0QyJTI2c2MlM0RXV1clMjZ1ciUzRCVFNCVCOCVBRCVFNSVCMSVCMSUyNmxyJTNEJUU0JUI4JUFEJUU1JUIxJUIxJTI2ZnQlM0QlN0IlN0Q%3D#from=mpl_search_suggest,-1.0,N/A,海阳县儒学宫位于潮州城区昌黎路和文星路交界处。俗称红学、学宫。始建于南宋绍兴年间，景炎三年（1278），后毁于火。明洪武二年（1369）重建大成殿，虽历经沧桑，其主要建筑大成殿仍完整地保留了明初粤东地区殿堂建筑的风貌特点，以后历代屡有增建，始成规模宏大的建筑群。殿中供孔子及其弟子塑像。宫内现存大成殿、泮池、棂星门、照壁等建筑，只占原来面积的三分之一。其大成殿保留着明代的宫殿式建筑风格，抬梁式屋架由43支大柱支撑，殿周有石栏杆围护。近年来曾重修棂星门、金声门、玉振门和泮池，并嵌有明、清维修学宫碑记6块。学宫是重要的革命纪念地。学宫现为潮州市博物馆馆址。,01/01-12/31；8:00-17:00开园,https://imgs.qunarzz.com/sight/p34/201211/05/005c723b0d0ae20f93835fbb.jpg_710x360_bbe21f4d.jpg〇https://qimgs.qunarzz.com/piao_qsight_provider_piao_qsight_web/502a569d-87ff-470a-9127-b142b9c524ce.jpg_710x360_f876cbbc.jpg〇https://qimgs.qunarzz.com/piao_qsight_provider_piao_qsight_web/8362907b199006583e747b90407c4562.jpg_710x360_ad0f14d9.jpg〇https://qimgs.qunarzz.com/piao_qsight_provider_piao_qsight_web/45306b768d6dec97f8344a2db284af3e.jpg_710x360_834060e2.jpg〇https://qimgs.qunarzz.com/piao_qsight_provider_piao_qsight_web/357ae5897f16a972ccf6e86d0e7170f7.jpg_710x360_c20c2a91.jpg〇https://qimgs.qunarzz.com/piao_qsight_provider_piao_qsight_web/94a8a5ddfd11437.jpg_710x360_24396a03.jpg〇https://qimgs.qunarzz.com/piao_qsight_provider_piao_qsight_web/268ff87030b2e4b5.jpg_710x360_93bbcfc7.jpg〇https://qimgs.qunarzz.com/piao_qsight_provider_piao_qsight_web/6890a3775509eab5.jpg_710x360_2680e470.jpg〇https://qimgs.qunarzz.com/piao_qsight_provider_piao_qsight_web/8f084ada589ee2b5.jpg_710x360_dfaf631b.jpg〇https://qimgs.qunarzz.com/piao_qsight_provider_piao_qsight_web/7d28a1916ab281b5.jpg_710x360_c07298ea.jpg〇https://qimgs.qunarzz.com/piao_qsight_provider_piao_qsight_web/b6811328cf7fd3b5.jpg_710x360_f3bb588d.jpg〇https://qimgs.qunarzz.com/piao_qsight_provider_piao_qsight_web/3acad6d6adaedfb5.jpg_710x360_cf978df1.jpg〇https://qimgs.qunarzz.com/piao_qsight_provider_piao_qsight_web/dd8a4e7b6cf83ab5.jpg_710x360_77357424.jpg〇https://qimgs.qunarzz.com/piao_qsight_provider_piao_qsight_web/17ab1b35fc6283b5.jpg_710x360_08374e8e.jpg〇https://qimgs.qunarzz.com/piao_qsight_provider_piao_qsight_web/493e42b683aae5.jpg_710x360_79367461.jpg〇https://qimgs.qunarzz.com/piao_qsight_provider_piao_qsight_web/267a89a010df64.jpg_710x360_259f15b2.jpg〇https://qimgs.qunarzz.com/piao_qsight_provider_piao_qsight_web/eb9d7c832d33bd.jpg_710x360_ebc54023.jpg,"{""ret"": true, ""data"": {""tagList"": [{""tagType"": 2, ""tagScore"": 5, ""tagNum"": 2, ""tagName"": ""\u4e2d\u8bc4""}, {""tagType"": 0, ""tagScore"": 5, ""tagNum"": 2, ""tagName"": ""\u5168\u90e8""}], ""commentList"": [{""author"": ""\u590f*\u7433"", ""content"": ""\u6ca1\u5565\u4e1c\u897f\u8fd8\u8981\u95e8\u796810\u5143"", ""date"": ""2023-03-11"", ""score"": 3, ""commentId"": ""224717612"", ""imgs"": [], ""userNickName"": ""\u590f*\u7433"", ""replyCityName"": """", ""cityName"": ""\u5e7f\u4e1c""}, {""author"": ""c*5"", ""content"": ""\u73b0\u5728\u662f\u535a\u7269\u9662\uff0c\u4e5f\u6ca1\u5565\u4e1c\u897f"", ""date"": ""2015-01-06"", ""score"": 3, ""commentId"": ""28897990"", ""imgs"": [], ""userNickName"": ""c*5"", ""replyCityName"": """", ""cityName"": """"}], ""score"": 3.0, ""commentCount"": 2}, ""statusCode"": 200}"
鳄渡秋风,https://imgs.qunarzz.com/sight/p69/201211/01/01af4b88ec5882f593835fbb.jpg_280x200_bb2ebb87.jpg,潮州市,湘桥区,广东省潮州市城外北堤中段,1,4.0,“轻舟渺渺道清风，载向西来载向东”,https://piao.qunar.com/ticket/detail_606043660.html?st=a3clM0QlRTYlQjklOTglRTYlQTElQTUlRTUlOEMlQkElMjZpZCUzRDE0MTAxJTI2dHlwZSUzRDAlMjZpZHglM0QzMSUyNnF0JTNEJTI2YXBrJTNEMiUyNnNjJTNEV1dXJTI2dXIlM0QlRTQlQjglQUQlRTUlQjElQjElMjZsciUzRCVFNCVCOCVBRCVFNSVCMSVCMSUyNmZ0JTNEJTdCJTdE#from=mpl_search_suggest,-1.0,N/A,在潮州城外北堤中段有一个古渡头，叫鳄渡。该段江面宽阔，沿江堤边木棉树挺拔伟岸。昔日金秋季节，渡船来往于两岸，可以一面风使三面帆，一幅“轻舟渺渺道清风，载向西来载向东”的秋风送帆美丽景观。据说韩愈当年到潮州后，深知民之疾苦：“皆口恶溪有鳄鱼食民物产，民是以穷。”亲自去观察后，写了一篇《祭鳄鱼文》，并叫他的部属秦济杀了一猪一羊，到北堤中段鳄鱼经常出现的地方，点上香烛，宣读祭文，限期叫鳄鱼徙归大海。当时，潮人倾城而出，人山人海，鸦雀无声。听韩愈严厉宣布：“鳄鱼！鳄鱼！韩愈奉天子命到这里来做刺史，为的是保上庇民。你们却在此祸害百姓。如今姑念你们无知，不加惩处，限你们在三天之内，带同族类出海，三天不走就五天走，五天不走就七天走，七天不走，便要严惩不贷。” 宣毕将祭文焚化连同猎羊投入溪中，拜祭鳄鱼。相传，当日拜祭了鳄鱼，晚上恶溪骤起暴风雨，雷鸣电闪。数日后，溪水尽退，鳄鱼不得不迁徙去大海。宋以后，潮人崇祀韩愈，便把秋风送帆的特有景色“鳄渡秋风’作为潮州八景之一。,暂无,https://imgs.qunarzz.com/sight/p69/201211/01/01af4b88ec5882f593835fbb.jpg_710x360_e232943e.jpg,"{""ret"": true, ""data"": {""tagList"": [{""tagType"": 1, ""tagScore"": 5, ""tagNum"": 1, ""tagName"": ""\u597d\u8bc4""}, {""tagType"": 0, ""tagScore"": 5, ""tagNum"": 1, ""tagName"": ""\u5168\u90e8""}], ""commentList"": [{""author"": ""c*5"", ""content"": ""\u53ef\u4ee5\u770b\u4e00\u770b\u7891\u4e0a\u7684\u6587\u7ae0\uff0c\u796d\u9cc4\u9c7c\u6587\uff0c\u97e9\u6108\u7684"", ""date"": ""2015-01-06"", ""score"": 4, ""commentId"": ""28895898"", ""imgs"": [], ""userNickName"": ""c*5"", ""replyCityName"": """", ""cityName"": """"}], ""score"": 4.0, ""commentCount"": 1}, ""statusCode"": 200}"
南岩寺,https://imgs.qunarzz.com/sight/p4/201211/08/6ff826e82ed25c3093835fbb.jpg_280x200_a5ab8b9a.jpg,潮州市,湘桥区,广东省潮州湘桥区西湖山西麓,1,5.0,南岩寺位于潮州西湖山西麓，坐北面南，故称南岩，为广东省重点文物保护单位――葫芦山摩崖石刻集中处所。周际上下，怪石峥嵘，遍,https://piao.qunar.com/ticket/detail_2126727502.html?st=a3clM0QlRTYlQjklOTglRTYlQTElQTUlRTUlOEMlQkElMjZpZCUzRDE0NzMlMjZ0eXBlJTNEMCUyNmlkeCUzRDIyJTI2cXQlM0QlMjZhcGslM0QyJTI2c2MlM0RXV1clMjZ1ciUzRCVFNCVCOCVBRCVFNSVCMSVCMSUyNmxyJTNEJUU0JUI4JUFEJUU1JUIxJUIxJTI2ZnQlM0QlN0IlN0Q%3D#from=mpl_search_suggest,-1.0,N/A,南岩寺位于潮州西湖山西麓，坐北面南，故称南岩，为广东省重点文物保护单位――葫芦山摩崖石刻集中处所。周际上下，怪石峥嵘，遍刻古代名人题咏；林木苍郁，环境恬静而清幽；寺之后壁有巨石盖上而砥下，构成天然石洞，可坐百数十人。登顶四顾：古城山水，万家烟火，绣壤纵横，尽收眼底。沿西园路石磴蜿蜒而上，南岩寺的绀宇丹楼，耸立于林石之间，与岚光湖影相映成文，向为仕绅文人雅集畅怀之所，乃莅潮观光朝圣、游人香客必到之地.1985年，党的宗教信仰自由政策落实，僧人释若勤发心重兴，向海外侨胞、十方善信募化，得香港林秀珍女士鼎力资助，鸠工庀材，重建大雄宝殿、山门、客堂、祖堂，复将岩洞加以整修，供奉观音菩萨圣像，重塑华严三圣、十八罗汉金身，暮鼓晨钟复响，梵音松涛同唱，十方香客云来。1992年吴俊森居士发起，集众善信资财，增建祖师塔、*德堂、斋堂、僧舍；1997年香港蔡儒添先生等檀越，乐施净财，敬建登寺石径和寺前护栏石壁……南岩寺形胜，倍胜往昔。原广东省佛教协会副会长定持法师撰联赞曰：“南国好风光，鸟语松涛皆梵呗；岩阿饶静趣，山明水秀尽文章。”,01/01-12/31；08:00-18:00开园,https://imgs.qunarzz.com/sight/p4/201211/08/6ff826e82ed25c3093835fbb.jpg_710x360_59c1c429.jpg,"{""ret"": true, ""data"": {""tagList"": [{""tagType"": 1, ""tagScore"": 5, ""tagNum"": 1, ""tagName"": ""\u597d\u8bc4""}, {""tagType"": 0, ""tagScore"": 5, ""tagNum"": 1, ""tagName"": ""\u5168\u90e8""}], ""commentList"": [{""author"": ""c*5"", ""content"": ""\u62dc\u795e\u7684\u9996\u9009\uff0c\u8fd8\u53ef\u4ee5\u4ece\u8fd9\u91cc\u722c\u5230\u897f\u6e56\u540e\u5c71\uff0c\u6668\u8fd0\u4e0d\u9519"", ""date"": ""2015-01-06"", ""score"": 5, ""commentId"": ""28895917"", ""imgs"": [], ""userNickName"": ""c*5"", ""replyCityName"": """", ""cityName"": """"}], ""score"": 5.0, ""commentCount"": 1}, ""statusCode"": 200}"
涵碧楼,https://qimgs.qunarzz.com/piao_qsight_provider_piao_qsight_web/100q1f000001grkxk456E_C_900_504.jpg_280x200_e8bd0e51.jpg,潮州市,湘桥区,潮州市湘桥区位于潮州市湘桥区西湖公园湖畔上潮州西湖涵碧楼,1,4.0,钢筋混凝土砖瓦混合结构,https://piao.qunar.com/ticket/detail_2646079112.html?st=a3clM0QlRTYlQjklOTglRTYlQTElQTUlRTUlOEMlQkElMjZpZCUzRDUyNDAlMjZ0eXBlJTNEMCUyNmlkeCUzRDE5JTI2cXQlM0QlMjZhcGslM0QyJTI2c2MlM0RXV1clMjZ1ciUzRCVFNCVCOCVBRCVFNSVCMSVCMSUyNmxyJTNEJUU0JUI4JUFEJUU1JUIxJUIxJTI2ZnQlM0QlN0IlN0Q%3D#from=mpl_search_suggest,-1.0,N/A,"位于西湖西岸，始建于1922年，属灰砖水泥结构的洋式双层小楼房。此处老树参天（楼前木棉据说已有400多年树龄），轩窗开阔，流水奇石，错落其间。1927年“八一”南昌起义军入粤，周恩来、贺龙、叶挺、刘伯承、郭沫若等于9月23日到达潮州，指挥转战于潮汕各地，至30日撤出，史称“潮州七日红”。当时， 贺龙部第三师司令部设于此楼内。该楼于抗战时为日军所毁，1964年按原貌重建。现辟为“潮州市革命纪念馆”。涵碧楼在潮州西湖公园内，《西湖山志》谓其：“老树参天，轩窗开豁，流水奇石，错落其间，为潮人游湖燕集之所，国民伟人在潮汕多于此税驾焉”。楼前有明代的古木棉树，周恩来等南昌起义军领导人曾在树下演讲革命道理，鼓动工农奋起斗争。1925年3月7日，共产党参与领导的东征军进驻潮州，黄埔军校政治部主任周恩来在涵碧楼办公。1927年“八一”南昌起义军入粤，周恩来、贺龙、叶挺、刘伯承、郭沫若等经潮州转战潮汕各地，贺部三师（师长周逸群、政治部主任徐特立）及教导团等部队驻潮州城，第三师司令部设于涵碧楼。起义军在潮州曾发布《国民革命军第二方面军总指挥贺示》布告，建立临时的红色政权，惩办了反革命分子，在西湖广场开群众大会。起义军于9月23日进潮州，30日撤退，前后共七日，史称“潮州七日红”。涵碧楼在抗战时期被日军炸毁，1964年重建，辟为“潮安县革命历史文物陈列馆”，1965年郭沫若重访涵碧楼题“涵碧楼”三字。1998年，为纪念周恩来诞辰一百周年，涵碧楼修茸一新。一楼大厅是重新加彩的周恩来戎装画像，两旁墙壁悬挂郭沫若、粟裕、孔原、肖克等起义军将领重访涵碧楼的珍贵墨迹，北侧设为接待厅，南侧布置《人民的好总理》图片展览。二楼设置为“潮州七日红”史料陈列，陈列展线长、版面大、内容丰富、史料翔实、图文并茂，重点突出""七日红""主题，并增加展出其不意19 件革命文物。 1987年涵碧楼被公布为潮州市重点文物保护单位。涵碧楼既是革命传统教育场所，也是爱国主义教育基地。党和国家领导人莅潮时，都到涵碧楼参观。",具体营业状态以当天开放情况为准,https://qimgs.qunarzz.com/piao_qsight_provider_piao_qsight_web/100q1f000001grkxk456E_C_900_504.jpg_710x360_00215cef.jpg〇https://qimgs.qunarzz.com/piao_qsight_provider_piao_qsight_web/100q1f000001grkxk456E_C_900_504_Q90_Mtg_7.jpg_710x360_3273988b.jpg〇https://qimgs.qunarzz.com/piao_qsight_provider_piao_qsight_web/74dd0b17-6e80-4970-ae4f-39b788468ea0.jpg_710x360_2f9e325e.jpg,"{""ret"": true, ""data"": {""tagList"": [{""tagType"": 1, ""tagScore"": 5, ""tagNum"": 1, ""tagName"": ""\u597d\u8bc4""}, {""tagType"": 0, ""tagScore"": 5, ""tagNum"": 1, ""tagName"": ""\u5168\u90e8""}], ""commentList"": [{""author"": ""\u7ffb*\u971e"", ""content"": ""\u5728\u897f\u6e56\u516c\u56ed\u91cc\u9762\uff0c\u6db5\u78a7\u697c\u95e8\u524d\u7684\u90a3\u68f5\u5927\u6811\u542c\u8bf4\u662f\u54ea\u4f4d\u9769\u547d\u5c06\u519b\u79cd\u7684\uff0c\u7ea2\u8272\u9769\u547d\u5386\u53f2\uff0c\u5f88\u591a\u5c0f\u5b66\u7ecf\u5e38\u8fc7\u6765\u5b66\u4e60"", ""date"": ""2015-08-17"", ""score"": 4, ""commentId"": ""68582536"", ""imgs"": [], ""userNickName"": ""\u7ffb*\u971e"", ""replyCityName"": """", ""cityName"": """"}], ""score"": 4.0, ""commentCount"": 1}, ""statusCode"": 200}"
古城石牌坊,https://imgs.qunarzz.com/sight/p0/201303/29/e96737a902996bb5c8d65eac.jpg_280x200_46745dd1.jpg,潮州市,湘桥区,广东省潮州市湘桥区,3,5.0,古城石牌坊气势轩昂，工艺精致,https://piao.qunar.com/ticket/detail_3398287540.html?st=a3clM0QlRTYlQjklOTglRTYlQTElQTUlRTUlOEMlQkElMjZpZCUzRDE4ODE0MCUyNnR5cGUlM0QwJTI2aWR4JTNEMTglMjZxdCUzRCUyNmFwayUzRDIlMjZzYyUzRFdXVyUyNnVyJTNEJUU0JUI4JUFEJUU1JUIxJUIxJTI2bHIlM0QlRTQlQjglQUQlRTUlQjElQjElMjZmdCUzRCU3QiU3RA%3D%3D#from=mpl_search_suggest,-1.0,N/A,潮州古城的石牌坊，“二柱一门或四柱三门”，以石雕凿成歇山顶、柱、梁及各小件，架上三叠牌楼，匾额两旁，有的加配石刻缕雕之“双龙戏珠”或“祥凤卷草”之类装饰，柱边加设石狮或石鼓抑柱础，潮州人叫做“亭”。潮州俗话说：“大街看亭字，桥顶吃炒面，登上东门楼，再入开元寺。”往昔的太平路，虽未敢夸言五步一亭，但从南到北，就有17座，其它街亭50座，合共在古城内有97座。,01/01-12/31；全天开放,https://imgs.qunarzz.com/sight/p0/201303/29/e96737a902996bb5c8d65eac.jpg_710x360_edd3d674.jpg〇https://qimgs.qunarzz.com/piao_qsight_provider_piao_qsight_web/3ee3f97929e458b5.jpg_710x360_cc8ba1b5.jpg〇https://qimgs.qunarzz.com/piao_qsight_provider_piao_qsight_web/a41f307f1a8e6db5.jpg_710x360_d08019f4.jpg〇https://qimgs.qunarzz.com/piao_qsight_provider_piao_qsight_web/f215d0f06df87bb5.jpg_710x360_4ea1dd85.jpg〇https://qimgs.qunarzz.com/piao_qsight_provider_piao_qsight_web/1a3276efee8505b5.jpg_710x360_7a25699a.jpg〇https://qimgs.qunarzz.com/piao_qsight_provider_piao_qsight_web/eeaf99e8735c8eb5.jpg_710x360_441dff94.jpg〇https://qimgs.qunarzz.com/piao_qsight_provider_piao_qsight_web/d7ead73ac10b09b5.jpg_710x360_3a84b2e6.jpg〇https://qimgs.qunarzz.com/piao_qsight_provider_piao_qsight_web/c6cf1607bf852d30cdb.jpg_710x360_871440fe.jpg〇https://qimgs.qunarzz.com/piao_qsight_provider_piao_qsight_web/2e5e72989776a00ecdb.jpg_710x360_55c4c4be.jpg〇https://qimgs.qunarzz.com/piao_qsight_provider_piao_qsight_web/0ca4d9bb17046dcfbc789885624c0096.jpg_710x360_97cdddea.jpg〇https://qimgs.qunarzz.com/piao_qsight_provider_piao_qsight_web/e68d56f7a4f1cb2f99ad196a85a563e6.jpg_710x360_bcec338f.jpg〇https://qimgs.qunarzz.com/piao_qsight_provider_piao_qsight_web/290747ef3cc69ee44cd662bc1a3bba81.jpg_710x360_6b9fec34.jpg〇https://qimgs.qunarzz.com/piao_qsight_provider_piao_qsight_web/3db0c8e5032cd55cf00a63e09eee3488.jpg_710x360_0ea6397e.jpg〇https://qimgs.qunarzz.com/piao_qsight_provider_piao_qsight_web/7f3e52c5ec3e6761f4774aab096f3f39.jpg_710x360_132b8b5d.jpg〇https://qimgs.qunarzz.com/piao_qsight_provider_piao_qsight_web/4ccd24fcd71429f027944d89d0b17d37.jpg_710x360_1742718c.jpg〇https://qimgs.qunarzz.com/piao_qsight_provider_piao_qsight_web/c1d21e8918a2baf86147efd31d1453de.jpg_710x360_4d15158b.jpg〇https://qimgs.qunarzz.com/piao_qsight_provider_piao_qsight_web/4c1836c04ce318da350ef80086977b05.jpg_710x360_637fc733.jpg〇https://qimgs.qunarzz.com/piao_qsight_provider_piao_qsight_web/9fe5904ab9ce72618e3146458fd1560b.jpg_710x360_c4a54961.jpg〇https://qimgs.qunarzz.com/piao_qsight_provider_piao_qsight_web/096b7dff0f5a8654.jpg_710x360_a7390aa2.jpg〇https://qimgs.qunarzz.com/piao_qsight_provider_piao_qsight_web/c2d500bed8895ea47ca386f5eb819eba.jpg_710x360_dd655fe1.jpg〇https://qimgs.qunarzz.com/piao_qsight_provider_piao_qsight_web/056887a9aa30c1285b0316d30f935b66.jpg_710x360_bf97eff5.jpg,"{""ret"": true, ""data"": {""tagList"": [{""tagType"": 1, ""tagScore"": 5, ""tagNum"": 3, ""tagName"": ""\u597d\u8bc4""}, {""tagType"": 0, ""tagScore"": 5, ""tagNum"": 3, ""tagName"": ""\u5168\u90e8""}], ""commentList"": [{""author"": ""\u6211*\u67e5"", ""content"": ""\u7528\u6237\u672a\u70b9\u8bc4\uff0c\u7cfb\u7edf\u9ed8\u8ba4\u597d\u8bc4\u3002"", ""date"": ""2019-03-11"", ""score"": 5, ""commentId"": ""209617437"", ""imgs"": [], ""userNickName"": ""\u6211*\u67e5"", ""replyCityName"": """", ""cityName"": """"}, {""author"": ""n*y"", ""content"": ""\u6f6e\u5dde\u786e\u5b9e\u597d\u73a9\uff0c\u4eba\u6587\uff5e\u5386\u53f2\uff5e\u81ea\u7136\u666f\u89c2\u7efc\u5408\u8d77\u6765\u90fd\u5f88\u597d\uff0c\u80e1\u6b4c\u670d\u52a1\u4e00\u6d41"", ""date"": ""2018-12-12"", ""score"": 5, ""commentId"": ""208750839"", ""imgs"": [], ""userNickName"": ""n*y"", ""replyCityName"": """", ""cityName"": """"}, {""author"": ""\u7cbe*\u4fa0"", ""content"": ""\u6f6e\u5dde\u592a\u5e73\u8def\u724c\u574a\u53e4\u8857\u2014\u2014\u867d\u7136\u724c\u574a\u662f\u73b0\u4ee3\u91cd\u5efa\u7684\uff0c\u4f46\u98ce\u683c\u53e4\u6734\u633a\u914d\u5408\u53e4\u8857\u73af\u5883\u7684\u3002\u957f\u957f\u7684\u53e4\u8857\u4e24\u65c1\u5168\u662f\u8001\u623f\u5b50\uff0c\u5f88\u6709\u5386\u53f2\u6ca7\u6851\u611f\uff0c\u6f6e\u6c55\u7f8e\u98df\u6c47\u805a\u554a\uff01\u901b\u4e0d\u538c\uff01 \u9644\u8fd1\u5c31\u662f\u8457\u540d\u7684\u6f6e\u5dde\u5f00\u5143\u5bfa\u2014\u2014\u514d\u8d39\u5f00\u653e\u5566\uff01\u70b9\u8d5e\uff01\u975e\u5e38\u53e4\u6734\u6ca7\u6851\u7684\u4e00\u5ea7\u73cd\u8d35\u5bfa\u5e99\uff01\u6f6e\u5dde\u9996\u5e2d\u6587\u7269\uff01\u53ef\u4e0e\u6cc9\u5dde\u7684\u5f00\u5143\u5bfa\u5ab2\u7f8e\u3002"", ""date"": ""2016-07-27"", ""score"": 5, ""commentId"": ""123265924"", ""imgs"": [{""small"": ""https://imgs.qunarzz.com/piao/fusion/1607/9e/096b7dff0f5a8654.jpg_120x120_4281e0bd.jpg"", ""title"": """", ""big"": ""https://imgs.qunarzz.com/piao/fusion/1607/9e/096b7dff0f5a8654.jpg""}], ""userNickName"": ""\u7cbe*\u4fa0"", ""replyCityName"": """", ""cityName"": """"}], ""score"": 5.0, ""commentCount"": 3}, ""statusCode"": 200}"
慧清庵,https://imgs.qunarzz.com/sight/p0/201403/07/99b654ffabccc0e58b706dd592d632f9.jpg_280x200_eca06ca4.jpg,潮州市,湘桥区,广东省潮州市湘桥区方巾巷内13号,1,5.0,慧清庵，清代康熙六年（公元1667）尼僧海度，海玉披剃出家，募得吴姓仕绅购方巾巷瓦屋三间，修葺塑佛像，名为慧清室。康熙3,https://piao.qunar.com/ticket/detail_550439159.html?st=a3clM0QlRTYlQjklOTglRTYlQTElQTUlRTUlOEMlQkElMjZpZCUzRDE1MTQ4JTI2dHlwZSUzRDAlMjZpZHglM0QyNCUyNnF0JTNEJTI2YXBrJTNEMiUyNnNjJTNEV1dXJTI2dXIlM0QlRTQlQjglQUQlRTUlQjElQjElMjZsciUzRCVFNCVCOCVBRCVFNSVCMSVCMSUyNmZ0JTNEJTdCJTdE#from=mpl_search_suggest,-1.0,N/A,慧清庵，清代康熙六年（公元1667）尼僧海度，海玉披剃出家，募得吴姓仕绅购方巾巷瓦屋三间，修葺塑佛像，名为慧清室。康熙38年（公元1699），得檀越宰官捐助重修扩建，并置香灯粮田若干亩，定名为慧清庵。文革期间被占用为民居。1980年住持释正语重修，1988年至1989年汕头市佛协曾於此庵办僧伽女众培训班。随着宗教政策落实，占用住户分批迁出。自1982年至1999年先后七次大规模改建。其建筑前为庵门，中为二层楼，上是佛殿，下设客堂；后为三层楼，作准提殿、藏经阁；左侧为二层楼分别是祖堂、斋堂、僧舍。,暂无,https://imgs.qunarzz.com/sight/p0/201403/07/99b654ffabccc0e58b706dd592d632f9.jpg_710x360_8ed85925.jpg,"{""ret"": true, ""data"": {""tagList"": [{""tagType"": 1, ""tagScore"": 5, ""tagNum"": 1, ""tagName"": ""\u597d\u8bc4""}, {""tagType"": 0, ""tagScore"": 5, ""tagNum"": 1, ""tagName"": ""\u5168\u90e8""}], ""commentList"": [{""author"": ""c*5"", ""content"": ""\u6f6e\u5dde\u6700\u5927\u7684\u5c3c\u59d1\u5eb5\uff0c\u4e5f\u662f\u633a\u6e05\u51c0\u7684\u53bb\u5904"", ""date"": ""2015-01-06"", ""score"": 5, ""commentId"": ""28896237"", ""imgs"": [], ""userNickName"": ""c*5"", ""replyCityName"": """", ""cityName"": """"}], ""score"": 5.0, ""commentCount"": 1}, ""statusCode"": 200}"
恒星水上乐园,https://qimgs.qunarzz.com/piao_qsight_provider_piao_qsight_web/01009120009la3hqaD418_C_900_504.png_280x200_85dd0a7b.png,潮州市,湘桥区,广东省潮州市湘桥区银槐北路中段即西湖工业城大门斜对面,6,5.0,恒星水上乐园以‘健康，阳光，欢乐’为主题的大型室外综合水上乐园，拥有‘主题儿童池，欢乐刺激造浪池，国标成人池，专业培训池,https://piao.qunar.com/ticket/detail_1435575918.html?st=a3clM0QlRTYlQjklOTglRTYlQTElQTUlRTUlOEMlQkElMjZpZCUzRDQ3NTA4NyUyNnR5cGUlM0QwJTI2aWR4JTNEMTYlMjZxdCUzRCUyNmFwayUzRDIlMjZzYyUzRFdXVyUyNnVyJTNEJUU0JUI4JUFEJUU1JUIxJUIxJTI2bHIlM0QlRTQlQjglQUQlRTUlQjElQjElMjZmdCUzRCU3QiU3RA%3D%3D#from=mpl_search_suggest,-1.0,N/A,"恒星水上乐园以‘健康，阳光，欢乐’为主题的大型室外综合水上乐园，拥有‘主题儿童池，欢乐刺激造浪池，国标成人池，专业培训池’四大方块,同时结合现代审美，打造自己专有的特色！",06/01-09/05；周一至周日；13:00-22:30开园；（22:00停止入园）,https://qimgs.qunarzz.com/piao_qsight_provider_piao_qsight_web/01009120009la3hqaD418_C_900_504.png_710x360_9a9f233e.png〇https://qimgs.qunarzz.com/piao_qsight_provider_piao_qsight_web/01009120009la3hqaD418_C_900_504_Q90_Mtg_7.png_710x360_ee456058.png,"{""ret"": true, ""data"": {""tagList"": [{""tagType"": 1, ""tagScore"": 5, ""tagNum"": 6, ""tagName"": ""\u597d\u8bc4""}, {""tagType"": 0, ""tagScore"": 5, ""tagNum"": 6, ""tagName"": ""\u5168\u90e8""}], ""commentList"": [{""author"": ""r*6"", ""content"": ""\u7528\u6237\u672a\u70b9\u8bc4\uff0c\u7cfb\u7edf\u9ed8\u8ba4\u597d\u8bc4\u3002"", ""date"": ""2023-08-07"", ""score"": 5, ""commentId"": ""227109119"", ""imgs"": [], ""userNickName"": ""r*6"", ""replyCityName"": """", ""cityName"": """"}, {""author"": ""a*8"", ""content"": ""\u7528\u6237\u672a\u70b9\u8bc4\uff0c\u7cfb\u7edf\u9ed8\u8ba4\u597d\u8bc4\u3002"", ""date"": ""2021-08-14"", ""score"": 5, ""commentId"": ""220295605"", ""imgs"": [], ""userNickName"": ""a*8"", ""replyCityName"": """", ""cityName"": """"}, {""author"": ""u*2"", ""content"": ""\u7528\u6237\u672a\u70b9\u8bc4\uff0c\u7cfb\u7edf\u9ed8\u8ba4\u597d\u8bc4\u3002"", ""date"": ""2021-08-10"", ""score"": 5, ""commentId"": ""220217620"", ""imgs"": [], ""userNickName"": ""u*2"", ""replyCityName"": """", ""cityName"": """"}, {""author"": ""u*2"", ""content"": ""\u7528\u6237\u672a\u70b9\u8bc4\uff0c\u7cfb\u7edf\u9ed8\u8ba4\u597d\u8bc4\u3002"", ""date"": ""2021-08-10"", ""score"": 5, ""commentId"": ""220217569"", ""imgs"": [], ""userNickName"": ""u*2"", ""replyCityName"": """", ""cityName"": """"}, {""author"": ""v*4"", ""content"": ""\u7528\u6237\u672a\u70b9\u8bc4\uff0c\u7cfb\u7edf\u9ed8\u8ba4\u597d\u8bc4\u3002"", ""date"": ""2021-08-04"", ""score"": 5, ""commentId"": ""220122849"", ""imgs"": [], ""userNickName"": ""v*4"", ""replyCityName"": """", ""cityName"": """"}, {""author"": ""v*4"", ""content"": ""\u7528\u6237\u672a\u70b9\u8bc4\uff0c\u7cfb\u7edf\u9ed8\u8ba4\u597d\u8bc4\u3002"", ""date"": ""2021-08-04"", ""score"": 5, ""commentId"": ""220122832"", ""imgs"": [], ""userNickName"": ""v*4"", ""replyCityName"": """", ""cityName"": """"}], ""score"": 5.0, ""commentCount"": 6}, ""statusCode"": 200}"
别峰古寺,https://imgs.qunarzz.com/sight/p89/201211/01/c3314b6fe4d691ce93835fbb.jpg_280x200_2a85310a.jpg,潮州市,湘桥区,广东省潮州市湘桥区别峰古寺,1,5.0,别峰古寺位于意溪镇橡埔村别峰山，面临韩江，南揽凤城秀色，群山环抱。别峰山原称凤栖山，明代有潮州八景之一的“凤栖木棉”。清,https://piao.qunar.com/ticket/detail_3204998269.html?st=a3clM0QlRTYlQjklOTglRTYlQTElQTUlRTUlOEMlQkElMjZpZCUzRDEwOTE1JTI2dHlwZSUzRDAlMjZpZHglM0QyNSUyNnF0JTNEJTI2YXBrJTNEMiUyNnNjJTNEV1dXJTI2dXIlM0QlRTQlQjglQUQlRTUlQjElQjElMjZsciUzRCVFNCVCOCVBRCVFNSVCMSVCMSUyNmZ0JTNEJTdCJTdE#from=mpl_search_suggest,-1.0,N/A,别峰古寺位于意溪镇橡埔村别峰山，面临韩江，南揽凤城秀色，群山环抱。别峰山原称凤栖山，明代有潮州八景之一的“凤栖木棉”。清末林大川在《韩江记》载“凤栖山即别峰山也，距城东北十里，山峰秀色而为附郭名胜，文人学士多览游焉”，山有“凤栖楼”，寺内有仇昌祚书“过桥便觉市尘少，到寺方知增日长”的诗联；宋代潮州进土知梅州事陈希及题壁诗：“千载传闻孰是非，高梧修竹晚风微。欲知古寺兽栖凤，殿楼今无燕双飞。”可见“古寺”由来已久.别峰古寺分前、中、后三进，前座为门楼亭，中座“国道宝殿”供奉南海观音，后座“大雄宝殿”供奉释迦牟尼佛，两殿匾传为邑人进士吴殿邦所书。中座殿内有乾隆二十六年（1761年），中宪大夫署惠潮嘉道”之匾额。“乘”在佛教认为是通往西天极乐世界的车船，“别峰”是观世音菩萨的道场。故潮州俗语有“别峰阿娘，望着住显”，意思是只要从别峰山上望得到的地方，观音娘娘便能保佑.奉游别峰古寺，必经九峰十八转的禅寺道，沿途建筑有“济度牌坊”、“观云亭”、“观音亭”、“慈悲亭”、“天湖亭”、“别峰亭”、“蝉露亭”可供游人香客纳凉小憩。古寺四周绿荫丛中曲径连亭台、放生池、花圃组成大园林。清末民初爱国诗人丘逢甲登临别峰古寺所咏：“好静寻山去，山中笑佛忙”。别峰古寺，诚不愧为一方名胜古刹。,01/01-12/31；4:00-16:00开园,https://imgs.qunarzz.com/sight/p89/201211/01/c3314b6fe4d691ce93835fbb.jpg_710x360_20c92cb2.jpg〇https://qimgs.qunarzz.com/piao_qsight_provider_piao_qsight_web/6c3f66989280937.jpg_710x360_bda760ad.jpg〇https://qimgs.qunarzz.com/piao_qsight_provider_piao_qsight_web/21f207b778637d37.jpg_710x360_77e7b5d6.jpg,"{""ret"": true, ""data"": {""tagList"": [{""tagType"": 1, ""tagScore"": 5, ""tagNum"": 1, ""tagName"": ""\u597d\u8bc4""}, {""tagType"": 0, ""tagScore"": 5, ""tagNum"": 1, ""tagName"": ""\u5168\u90e8""}], ""commentList"": [{""author"": ""c*5"", ""content"": ""\u6bcf\u5e74\u62dc\u4f5b\u5fc5\u53bb\u7684\u5730\u65b9\uff0c\u8fd8\u6709\u658b\u996d\u5403"", ""date"": ""2015-01-06"", ""score"": 5, ""commentId"": ""28896288"", ""imgs"": [], ""userNickName"": ""c*5"", ""replyCityName"": """", ""cityName"": """"}], ""score"": 5.0, ""commentCount"": 1}, ""statusCode"": 200}"
潮州西湖,https://qimgs.qunarzz.com/piao_qsight_provider_piao_qsight_web/0106v12000ev4fue735D1_C_900_504.jpg_280x200_2273bbe0.jpg,潮州市,湘桥区,潮州市湘桥区环城西路与中山路交叉口西侧,4,4.8,依山傍水，昔日古城护城河,https://piao.qunar.com/ticket/detail_4150911364.html?st=a3clM0QlRTYlQjklOTglRTYlQTElQTUlRTUlOEMlQkElMjZpZCUzRDU0OTElMjZ0eXBlJTNEMCUyNmlkeCUzRDE3JTI2cXQlM0QlMjZhcGslM0QyJTI2c2MlM0RXV1clMjZ1ciUzRCVFNCVCOCVBRCVFNSVCMSVCMSUyNmxyJTNEJUU0JUI4JUFEJUU1JUIxJUIxJTI2ZnQlM0QlN0IlN0Q%3D#from=mpl_search_suggest,-1.0,N/A,潮州西湖，山倚湖苍翠，湖傍山青黛。昔时是潮州古城的护城濠，俗称“城壕池”。今天随着城市建设重心的西移，这里已成为古城区与新城区绿色的分水岭，也是名城腾辉一脉相承的纽带。在贯彻实施“保护古城区，建设新城区” 的城建方针中，两者当互相兼顾、齐驱并进。假若潮州的城建规划已定位在山水园林式之中，那么，西湖便是古城区一片碧绿的园林肺叶，堪称新世纪环保城市的绿色明珠 西湖古昔是韩江的支流，也是崩堤冲成的瘦大湖。据《方舆纪要》载：“绵亘十余里。”到了唐代筑了北堤，才把它与韩江切断，成了宽阔长形的大湖。唐肃宗乾元年间（758—759年），皇帝下诏，天下临池带郭处设置放生池八十一处，这西湖便是其中一处（过去西湖山麓尚刻“放生”二字，现在湖心亭南侧有一池，称为放生池）。,1/1-12/31；周一至周日；08:00-22:00开园；（22:00停止入园）,https://qimgs.qunarzz.com/piao_qsight_provider_piao_qsight_web/0106v12000ev4fue735D1_C_900_504.jpg_710x360_bd2a395c.jpg〇https://qimgs.qunarzz.com/piao_qsight_provider_piao_qsight_web/0ww0g12000cjrqxpi1AB9_C_900_504_Q90_Mtg_7.jpg_710x360_4800973f.jpg〇https://qimgs.qunarzz.com/piao_qsight_provider_piao_qsight_web/100c0h0000008wjvm1C9F_C_900_504_Q90_Mtg_7.jpg_710x360_984d683b.jpg〇https://qimgs.qunarzz.com/piao_qsight_provider_piao_qsight_web/0104g12000ev4gdpt7970_C_900_504_Q90_Mtg_7.jpg_710x360_08516dc7.jpg〇https://qimgs.qunarzz.com/piao_qsight_provider_piao_qsight_web/0103112000ev4geyoF35E_C_900_504_Q90_Mtg_7.jpg_710x360_1cffa98c.jpg〇https://qimgs.qunarzz.com/piao_qsight_provider_piao_qsight_web/0101t12000ev4ftlp6F12_C_900_504_Q90_Mtg_7.jpg_710x360_1aa940fb.jpg〇https://qimgs.qunarzz.com/piao_qsight_provider_piao_qsight_web/0106v12000ev4fue735D1_C_900_504_Q90_Mtg_7.jpg_710x360_9bf41ec4.jpg〇https://imgs.qunarzz.com/sight/p0/201311/05/6ae0f9452c49114dc8d65eac.jpg_710x360_dc3d0470.jpg〇https://imgs.qunarzz.com/sight/p0/201311/05/8b19fad10bc32cd3c8d65eac.jpg_710x360_fd96e265.jpg〇https://imgs.qunarzz.com/sight/p0/201311/05/d3d40914ea7a7903c8d65eac.jpg_710x360_3b914ecb.jpg〇https://qimgs.qunarzz.com/piao_qsight_provider_piao_qsight_web/fa7a5a49c79626b5.jpg_710x360_22a73bdf.jpg〇https://qimgs.qunarzz.com/piao_qsight_provider_piao_qsight_web/351a699a1d48d8b5.jpg_710x360_d40faba5.jpg〇https://qimgs.qunarzz.com/piao_qsight_provider_piao_qsight_web/e39115c7dee417b5.jpg_710x360_79351d9f.jpg〇https://qimgs.qunarzz.com/piao_qsight_provider_piao_qsight_web/5eff0692-8b46-4165-8087-61592a1929d8.jpg_710x360_b83e24ea.jpg〇https://qimgs.qunarzz.com/piao_qsight_provider_piao_qsight_web/3bd2ae61-8045-42fb-a63c-ddfef0ee46e2.jpg_710x360_0976bd5f.jpg〇https://qimgs.qunarzz.com/piao_qsight_provider_piao_qsight_web/8efd02a4c13d0ef6ad31a70897448c10.jpg_710x360_5854cf0e.jpg〇https://qimgs.qunarzz.com/piao_qsight_provider_piao_qsight_web/92650ad393365d54.jpg_710x360_cd415ce1.jpg〇https://qimgs.qunarzz.com/piao_qsight_provider_piao_qsight_web/ce6ea53173cbf62b4f9fb6b789243a52.jpg_710x360_b7241bf7.jpg〇https://qimgs.qunarzz.com/piao_qsight_provider_piao_qsight_web/86d123f228948aad276d052e35e24d35.jpg_710x360_93f92fd9.jpg〇https://qimgs.qunarzz.com/piao_qsight_provider_piao_qsight_web/009ad870db20a7dbef6152cb58eacb78.jpg_710x360_5d4d35ba.jpg〇https://qimgs.qunarzz.com/piao_qsight_provider_piao_qsight_web/3f2e44ffe2331a1c7e9d7233c72e2a54.jpg_710x360_c0949cb7.jpg〇https://qimgs.qunarzz.com/piao_qsight_provider_piao_qsight_web/0986a768e42f94ede4356e7af3fed6ae.jpg_710x360_a172db4c.jpg〇https://qimgs.qunarzz.com/piao_qsight_provider_piao_qsight_web/5f2c02bf2fcd7fef29562fbfe6d63faa.jpg_710x360_fed1cd47.jpg〇https://qimgs.qunarzz.com/piao_qsight_provider_piao_qsight_web/b07a18e5854808f90c29c3da3b9dff15.jpg_710x360_95f643d5.jpg〇https://qimgs.qunarzz.com/piao_qsight_provider_piao_qsight_web/4dd9bdf79f606f01aacdf2ad0c3989fd.jpg_710x360_998be124.jpg〇https://qimgs.qunarzz.com/piao_qsight_provider_piao_qsight_web/80736b5999420c0572e7fae421b7cd20.jpg_710x360_25ecc254.jpg〇https://qimgs.qunarzz.com/piao_qsight_provider_piao_qsight_web/33912eab6c4c7147fcde33e8232f3e67.jpg_710x360_606d5c9a.jpg〇https://qimgs.qunarzz.com/piao_qsight_provider_piao_qsight_web/101e5605fc9ebfb7a77b0ea8815a4ba3.jpg_710x360_c27fa7fb.jpg〇https://qimgs.qunarzz.com/piao_qsight_provider_piao_qsight_web/51c5060adadc6e134d1792da01c4ea7d.jpg_710x360_4adf59e2.jpg,"{""ret"": true, ""data"": {""tagList"": [{""tagType"": 1, ""tagScore"": 5, ""tagNum"": 4, ""tagName"": ""\u597d\u8bc4""}, {""tagType"": 0, ""tagScore"": 5, ""tagNum"": 4, ""tagName"": ""\u5168\u90e8""}], ""commentList"": [{""author"": ""a*9"", ""content"": ""\u6211\u53bb\u8fc7\uff0c\u90a3\u91cc\u8fdb\u53bb\u6709\u4e00\u4e2a\u52a8\u7269\u56ed\uff0c\u90a3\u53ea\u7334\u5b50\u4f1a\u81ea\u5df1\u559d\u6c34\uff0c\u6709\u8da3\u3002"", ""date"": ""2017-09-26"", ""score"": 5, ""commentId"": ""202814308"", ""imgs"": [], ""userNickName"": ""a*9"", ""replyCityName"": """", ""cityName"": """"}, {""author"": ""\u7ffb*\u971e"", ""content"": ""\u6211\u5bb6\u4e61\u7684\u897f\u6e56\u516c\u56ed\uff0c\u65e9\u4e0a8\u70b9\u8fd8\u662f7\u70b9\u8fdb\u53bb\u4e0d\u7528\u6536\u94b1\uff0c\u665a\u4e00\u70b9\u5c31\u8981\u4e86\u3002\u65e9\u4e0a\u5f88\u591a\u672c\u5730\u4eba\u722c\u5c71\u5065\u8eab\uff0c\u7eff\u5316\u5f88\u597d\u3002"", ""date"": ""2015-08-17"", ""score"": 5, ""commentId"": ""68581918"", ""imgs"": [], ""userNickName"": ""\u7ffb*\u971e"", ""replyCityName"": """", ""cityName"": """"}, {""author"": ""l*2"", ""content"": ""\u53bb\u7684\u65f6\u5019\u4e0d\u662f\u514d\u8d39\u7684\uff0c8\u5757\u94b1\u95e8\u7968\uff0c\u4e0d\u77e5\u9053\u662f\u4e0d\u662f\u5916\u5730\u4eba\u624d\u6536\u8d39\uff0c\u4e0d\u8fc7\u91cc\u9762\u666f\u70b9\u633a\u591a\u7684\uff0c\u5212\u8239\u5f88\u60a0\u95f2\u3002"", ""date"": ""2015-01-08"", ""score"": 4, ""commentId"": ""28941804"", ""imgs"": [], ""userNickName"": ""l*2"", ""replyCityName"": """", ""cityName"": """"}, {""author"": ""c*5"", ""content"": ""\u6709\u6469\u5d16\u77f3\u523b\u6e56\u5fc3\u4ead\uff0c\u8fd8\u6709\u97e9\u78a7\u697c"", ""date"": ""2015-01-06"", ""score"": 5, ""commentId"": ""28896207"", ""imgs"": [], ""userNickName"": ""c*5"", ""replyCityName"": """", ""cityName"": """"}], ""score"": 4.8, ""commentCount"": 4}, ""statusCode"": 200}"
大黄鸭水上乐园,https://mp-piao-admincp.qunarzz.com/mp_piao_admin_mp_piao_admin/admin/20217/30d54820c6727b9958d585769ab3c5c2.png_280x200_7ef61cce.png,潮州市,潮安区,广东省潮州市潮安区登塘镇杨美村大坑水库东,-1,-1.0,N/A,https://piao.qunar.com/ticket/detail_2787659715.html?st=a3clM0QlRTYlQkQlQUUlRTUlQUUlODklRTUlOEMlQkElMjZpZCUzRDUzNjkxMCUyNnR5cGUlM0QwJTI2aWR4JTNEMzElMjZxdCUzRCUyNmFwayUzRDIlMjZzYyUzRFdXVyUyNnVyJTNEJUU0JUI4JUFEJUU1JUIxJUIxJTI2bHIlM0QlRTQlQjglQUQlRTUlQjElQjElMjZmdCUzRCU3QiU3RA%3D%3D#from=mpl_search_suggest,-1.0,N/A,N/A,06/01-09/15；周一至周日；10:00-22:00开园,https://mp-piao-admincp.qunarzz.com/mp_piao_admin_mp_piao_admin/admin/20217/30d54820c6727b9958d585769ab3c5c2.png_710x360_c2302e12.png,"{""ret"": true, ""data"": {""tagList"": [{""tagType"": 0, ""tagScore"": 5, ""tagNum"": 0, ""tagName"": ""\u5168\u90e8""}], ""score"": 0.0, ""commentCount"": 0}, ""statusCode"": 200}"
陶瓷八珍楼,https://imgs.qunarzz.com/sight/p0/201303/04/d19af4323054e588c8d65eac.jpg_280x200_bf0b8d21.jpg,潮州市,潮安区,广东省潮州市潮安县枫溪外马路老南国瓷乡陈列馆,-1,-1.0,中国陶瓷八珍楼位于枫溪外马路老南国瓷乡陈列馆。占地面积一千八百平方米左右，建筑面积三千多平方米展览中心；一、二楼设展厅，,https://piao.qunar.com/ticket/detail_1071887954.html?st=a3clM0QlRTYlQkQlQUUlRTUlQUUlODklRTUlOEMlQkElMjZpZCUzRDc3MzAlMjZ0eXBlJTNEMCUyNmlkeCUzRDIxJTI2cXQlM0QlMjZhcGslM0QyJTI2c2MlM0RXV1clMjZ1ciUzRCVFNCVCOCVBRCVFNSVCMSVCMSUyNmxyJTNEJUU0JUI4JUFEJUU1JUIxJUIxJTI2ZnQlM0QlN0IlN0Q%3D#from=mpl_search_suggest,-1.0,N/A,中国陶瓷八珍楼位于枫溪外马路老南国瓷乡陈列馆。占地面积一千八百平方米左右，建筑面积三千多平方米展览中心；一、二楼设展厅，展出枫溪历年创作的陶瓷精品，在这个展览中心看到的是琳琅满目，形态各异的陶瓷珍品。这里是“陶瓷世界”，有餐具、茶具、咖啡具、仿古瓷、礼品瓷、陈设瓷、圣诞瓷、装饰瓷等十多个门类，让人目不暇接。潮州陶瓷历史悠久，上溯唐宋。其中陶瓷通花瓶制作是潮州陶瓷的传统产品，经过精工制作，推陈出新，能作出国礼瓷赠予友邦国家领导人，是潮州的光荣和骄傲。立足于潮州而又不局限于潮州，是潮州陶瓷八珍楼的又一特色。展厅中，我们还见到全国各地陶瓷精品，其中有江西景德镇、大埔高随、佛山、江苏、宜兴、湖南、山东、唐山等地的陶瓷精品。,暂无,https://imgs.qunarzz.com/sight/p0/201303/04/d19af4323054e588c8d65eac.jpg_710x360_b3fa104d.jpg,"{""ret"": true, ""data"": {""tagList"": [{""tagType"": 0, ""tagScore"": 5, ""tagNum"": 0, ""tagName"": ""\u5168\u90e8""}], ""score"": 0.0, ""commentCount"": 0}, ""statusCode"": 200}"
梅林湖,https://qimgs.qunarzz.com/piao_qsight_provider_piao_qsight_web/c4d981385bde5237.jpg_280x200_7379414a.jpg,潮州市,潮安区,广东省潮州市潮安县庵埠镇西北的桑浦山东南虎山脚,-1,-1.0,在庵埠镇西北的桑浦山东南虎山脚，郭陇、潘陇、凤陇3村环抱。湖面宽300多亩，深数丈，湖心东南有陆地凸起，称湖心里，约80,https://piao.qunar.com/ticket/detail_3184662424.html?st=a3clM0QlRTYlQkQlQUUlRTUlQUUlODklRTUlOEMlQkElMjZpZCUzRDgwNzUlMjZ0eXBlJTNEMCUyNmlkeCUzRDIwJTI2cXQlM0QlMjZhcGslM0QyJTI2c2MlM0RXV1clMjZ1ciUzRCVFNCVCOCVBRCVFNSVCMSVCMSUyNmxyJTNEJUU0JUI4JUFEJUU1JUIxJUIxJTI2ZnQlM0QlN0IlN0Q%3D#from=mpl_search_suggest,-1.0,N/A,在庵埠镇西北的桑浦山东南虎山脚，郭陇、潘陇、凤陇3村环抱。湖面宽300多亩，深数丈，湖心东南有陆地凸起，称湖心里，约80亩。湖周围一年四季绿禾如茵，稻菽飘香。附近有古海蚀石、中离洞、白云岩和石林等风景胜迹。早在6000年前，梅林湖一带处于海湾之中。由于韩江冲积和桑浦山泥沙风化聚集，2000年前，这里已形成陆地。经过海浪侵蚀，梅林湖西北的牛头山南麓，形成千姿百态的古海蚀石。现存的海蚀石，散落于山麓、田野之间，呈磨菇、海豚、羊头、鲤鱼、海龟、船帆、蛤煌等形状。梅林湖畔的这些古海蚀石，是研究潮州沿海地形变化的重要历史资料,01/01-12/31；全天开放,https://qimgs.qunarzz.com/piao_qsight_provider_piao_qsight_web/c4d981385bde5237.jpg_710x360_f770c83c.jpg,"{""ret"": true, ""data"": {""tagList"": [{""tagType"": 0, ""tagScore"": 5, ""tagNum"": 0, ""tagName"": ""\u5168\u90e8""}], ""score"": 0.0, ""commentCount"": 0}, ""statusCode"": 200}"
凤凰山天池景区,https://mp-piao-admincp.qunarzz.com/mp_piao_admin_mp_piao_admin/admin/20217/30d54820c6727b9958d585769ab3c5c2.png_280x200_7ef61cce.png,潮州市,潮安区,广东省潮州市潮安区凤凰镇乌栋村,-1,-1.0,N/A,https://piao.qunar.com/ticket/detail_3439272643.html?st=a3clM0QlRTYlQkQlQUUlRTUlQUUlODklRTUlOEMlQkElMjZpZCUzRDUyNTk1NCUyNnR5cGUlM0QwJTI2aWR4JTNEMTklMjZxdCUzRCUyNmFwayUzRDIlMjZzYyUzRFdXVyUyNnVyJTNEJUU0JUI4JUFEJUU1JUIxJUIxJTI2bHIlM0QlRTQlQjglQUQlRTUlQjElQjElMjZmdCUzRCU3QiU3RA%3D%3D#from=mpl_search_suggest,-1.0,N/A,N/A,暂无,https://mp-piao-admincp.qunarzz.com/mp_piao_admin_mp_piao_admin/admin/20217/30d54820c6727b9958d585769ab3c5c2.png_710x360_c2302e12.png,"{""ret"": true, ""data"": {""tagList"": [{""tagType"": 0, ""tagScore"": 5, ""tagNum"": 0, ""tagName"": ""\u5168\u90e8""}], ""score"": 0.0, ""commentCount"": 0}, ""statusCode"": 200}"
凤南百丈瀑布,https://imgs.qunarzz.com/sight/p17/201211/03/c396f2c2d8fb71d093835fbb.jpg_280x200_6ccb3b53.jpg,潮州市,潮安区,广东潮州潮安县北部山区,2,1.0,此地石顶长绿竹，石下生竹笋，堪称胜景,https://piao.qunar.com/ticket/detail_1826390599.html?st=a3clM0QlRTYlQkQlQUUlRTUlQUUlODklRTUlOEMlQkElMjZpZCUzRDk1MTQlMjZ0eXBlJTNEMCUyNmlkeCUzRDE3JTI2cXQlM0QlMjZhcGslM0QyJTI2c2MlM0RXV1clMjZ1ciUzRCVFNCVCOCVBRCVFNSVCMSVCMSUyNmxyJTNEJUU0JUI4JUFEJUU1JUIxJUIxJTI2ZnQlM0QlN0IlN0Q%3D#from=mpl_search_suggest,-1.0,N/A,凤南百丈瀑布位于潮安县北部山区，因地处凤凰山脉之南麓，故谓名。境内蕴藏有畲族独特的民俗风情、仙竹奇观、百丈飞瀑等丰富的旅游资源，其中以畲族风情为主体，带有浓厚乡村气息和自然风光的特色旅游资源，吸引了四面八方的游客前往旅游参观。碗窑、山犁是凤南镇的两个畲族群众依然保留着传统的生活方式和风俗习惯的地方。大坪村前的山坡，叠峰起伏，石坡上耸立两株于粗叶茂的榕树，一围六尺，长约十余丈的牛力藤，贯串两株榕树树干而过，分桠而延伸，桠干卷曲倒悬如梳，盘缠成各式各样奇形怪状之桠枝，缭绕蔓生于榕树枝叶中。榕树高约十丈，枝叶覆盖面积约六十平方丈，绿叶浓荫，又有牛力藤之缠绕，犹如绿色的面纱披于面额。榕树底下有一天然石洞，进洞门，可行人，迂回而入。洞内内有天然石床、石椅；行进数十步，又有鲜嫩竹笋悬吊于石块之下，琳琅满日，从石缝仰望，可见郁郁苍苍之绿竹屹立于石头之上。石顶长绿竹，石下生竹笋，堪称“仙竹奇观”胜景,暂无,https://imgs.qunarzz.com/sight/p17/201211/03/c396f2c2d8fb71d093835fbb.jpg_710x360_2d32d815.jpg〇https://qimgs.qunarzz.com/piao_qsight_provider_piao_qsight_web/40e43c58811e53.jpg_710x360_2f210c51.jpg〇https://qimgs.qunarzz.com/piao_qsight_provider_piao_qsight_web/a558198db5716371764316d408c141d9.jpg_710x360_894b3fff.jpg〇https://qimgs.qunarzz.com/piao_qsight_provider_piao_qsight_web/e672898af5eb0b37.jpg_710x360_3f88045c.jpg,"{""ret"": true, ""data"": {""tagList"": [{""tagType"": 3, ""tagScore"": 5, ""tagNum"": 2, ""tagName"": ""\u5dee\u8bc4""}, {""tagType"": 0, ""tagScore"": 5, ""tagNum"": 2, ""tagName"": ""\u5168\u90e8""}], ""commentList"": [{""author"": ""s*0"", ""content"": ""\u5988\u7684\uff0c\u4e71\u5bfc\u822a\u3002\u90fd\u4e0d\u77e5\u9053\u5728\u54ea\u91cc"", ""date"": ""2017-08-16"", ""score"": 1, ""commentId"": ""201895278"", ""imgs"": [], ""userNickName"": ""s*0"", ""replyCityName"": """", ""cityName"": """"}, {""author"": ""t*1"", ""content"": ""\u5730\u56fe\u6807\u8bb0\u6709\u8bef\uff0c\u9053\u8def\u9009\u62e9\u4e0d\u6b63\u786e\uff01"", ""date"": ""2015-08-03"", ""score"": 1, ""commentId"": ""64041658"", ""imgs"": [{""small"": ""https://imgs.qunarzz.com/piao/fusion/1508/41/40e43c58811e53.jpg_120x120_7be8c77c.jpg"", ""title"": """", ""big"": ""https://imgs.qunarzz.com/piao/fusion/1508/41/40e43c58811e53.jpg""}], ""userNickName"": ""t*1"", ""replyCityName"": """", ""cityName"": """"}], ""score"": 1.0, ""commentCount"": 2}, ""statusCode"": 200}"
潮州凤翔峡龙腾谷漂流,https://qimgs.qunarzz.com/piao_qsight_provider_piao_qsight_web/1lo6d12000ebx4qeaB651_C_900_504.jpg_280x200_f1d8ecb3.jpg,潮州市,潮安区,潮州市潮安区凤凰镇凤湖村湖埔路路口东侧,-1,-1.0,N/A,https://piao.qunar.com/ticket/detail_1819670667.html?st=a3clM0QlRTYlQkQlQUUlRTUlQUUlODklRTUlOEMlQkElMjZpZCUzRDUyODI2OSUyNnR5cGUlM0QwJTI2aWR4JTNEMTYlMjZxdCUzRCUyNmFwayUzRDIlMjZzYyUzRFdXVyUyNnVyJTNEJUU0JUI4JUFEJUU1JUIxJUIxJTI2bHIlM0QlRTQlQjglQUQlRTUlQjElQjElMjZmdCUzRCU3QiU3RA%3D%3D#from=mpl_search_suggest,-1.0,N/A,N/A,"1/1-12/31；周六至周日；09:30-11:30,13:00-16:00开园；（16:00停止入园）",https://qimgs.qunarzz.com/piao_qsight_provider_piao_qsight_web/1lo6d12000ebx4qeaB651_C_900_504.jpg_710x360_615bb24c.jpg〇https://qimgs.qunarzz.com/piao_qsight_provider_piao_qsight_web/1lo0b12000ebx4azw055A_C_900_504_Q90_Mtg_7.jpg_710x360_9b26c1a7.jpg〇https://qimgs.qunarzz.com/piao_qsight_provider_piao_qsight_web/1lo2s12000ebx4g1i04F5_C_900_504_Q90_Mtg_7.jpg_710x360_4c28c88a.jpg〇https://qimgs.qunarzz.com/piao_qsight_provider_piao_qsight_web/1lo1212000ebx42jbE95E_C_900_504_Q90_Mtg_7.jpg_710x360_e61e229c.jpg〇https://qimgs.qunarzz.com/piao_qsight_provider_piao_qsight_web/1lo2d12000ebx4p9d3180_C_900_504_Q90_Mtg_7.jpg_710x360_39187450.jpg〇https://qimgs.qunarzz.com/piao_qsight_provider_piao_qsight_web/1lo5n12000ebx45v50865_C_900_504_Q90_Mtg_7.jpg_710x360_dfb0e5ef.jpg〇https://qimgs.qunarzz.com/piao_qsight_provider_piao_qsight_web/1lo4b12000ebx4s9tC162_C_900_504_Q90_Mtg_7.jpg_710x360_3d57485d.jpg〇https://qimgs.qunarzz.com/piao_qsight_provider_piao_qsight_web/1lo6d12000ebx4qeaB651_C_900_504_Q90_Mtg_7.jpg_710x360_6612cee8.jpg,"{""ret"": true, ""data"": {""tagList"": [{""tagType"": 0, ""tagScore"": 5, ""tagNum"": 0, ""tagName"": ""\u5168\u90e8""}], ""score"": 0.0, ""commentCount"": 0}, ""statusCode"": 200}"
本梦Glamping理想营地,https://mp-piao-admincp.qunarzz.com/mp_piao_admin_mp_piao_admin/admin/20217/30d54820c6727b9958d585769ab3c5c2.png_280x200_7ef61cce.png,潮州市,潮安区,广东省潮州市潮安区玄天上帝南100米(澄海公路西),-1,-1.0,"原生态的自然，
也有绚烂的日落。
轻装上阵，约上三五好友，
到大自然尽情玩乐
有美食相伴，看电影喝酒侃大山
h",https://piao.qunar.com/ticket/detail_3746996885.html?st=a3clM0QlRTYlQkQlQUUlRTUlQUUlODklRTUlOEMlQkElMjZpZCUzRDUxNDI2MyUyNnR5cGUlM0QwJTI2aWR4JTNEMzAlMjZxdCUzRCUyNmFwayUzRDIlMjZzYyUzRFdXVyUyNnVyJTNEJUU0JUI4JUFEJUU1JUIxJUIxJTI2bHIlM0QlRTQlQjglQUQlRTUlQjElQjElMjZmdCUzRCU3QiU3RA%3D%3D#from=mpl_search_suggest,-1.0,N/A,原生态的自然，也有绚烂的日落。轻装上阵，约上三五好友，到大自然尽情玩乐有美食相伴，看电影喝酒侃大山happy到第二天才回家，给自己充电放松的一天！,开放时间:12:00-22:00,https://mp-piao-admincp.qunarzz.com/mp_piao_admin_mp_piao_admin/admin/20217/30d54820c6727b9958d585769ab3c5c2.png_710x360_c2302e12.png,"{""ret"": true, ""data"": {""tagList"": [{""tagType"": 0, ""tagScore"": 5, ""tagNum"": 0, ""tagName"": ""\u5168\u90e8""}], ""score"": 0.0, ""commentCount"": 0}, ""statusCode"": 200}"
白云岩,https://imgs.qunarzz.com/sight/p66/201211/02/60506e776aa0118093835fbb.jpg_280x200_9d82c9cb.jpg,潮州市,潮安区,广东省潮州市潮安县,-1,-1.0,于上有“绝壁纳双踵，白云埋半腰” 之感,https://piao.qunar.com/ticket/detail_3000016793.html?st=a3clM0QlRTYlQkQlQUUlRTUlQUUlODklRTUlOEMlQkElMjZpZCUzRDkzNjElMjZ0eXBlJTNEMCUyNmlkeCUzRDI5JTI2cXQlM0QlMjZhcGslM0QyJTI2c2MlM0RXV1clMjZ1ciUzRCVFNCVCOCVBRCVFNSVCMSVCMSUyNmxyJTNEJUU0JUI4JUFEJUU1JUIxJUIxJTI2ZnQlM0QlN0IlN0Q%3D#from=mpl_search_suggest,-1.0,N/A,白云岩曾是薛陇村第二世祖，宋朝嘉定辛未科进士薛洪鼎，别号云岩山人读书之所在，后因登宋不仕，于宝庆三年藏修白云岩，遂辟为佛门圣地。岩石洞内长约500米，宽20米，高8米，佛堂中央设有大雄宝殿，左右则是金碧辉煌的十八罗汉，而以大雄宝殿的左边有一尊雕刻在石壁上的卧姿金身弥勒佛正对着香客含笑呢！白云岩是一块陡峭险峻的巨石，站在上面有“绝壁纳双踵，白云埋半腰” 的感慨。透过荫翳深邃的参天树木，整座桑浦山脉的秀色尽收眼底。一座座磷峋突兀的小峰岭粗捏细塑，刀劈的，斧削的，山涧悠扬的泉涌鸟鸣，使人浮想联翩。近处可窥见碧波荡漾的梅林湖、形态各异的海蚀石群、曲折迂回的中离洞、摇摇欲坠的铁砧石，还有老藤缠绕的石壁崖和凌空飞出的甘露寺。,暂无,https://imgs.qunarzz.com/sight/p66/201211/02/60506e776aa0118093835fbb.jpg_710x360_e7ad0749.jpg,"{""ret"": true, ""data"": {""tagList"": [{""tagType"": 0, ""tagScore"": 5, ""tagNum"": 0, ""tagName"": ""\u5168\u90e8""}], ""score"": 0.0, ""commentCount"": 0}, ""statusCode"": 200}"
王大宝墓,https://imgs.qunarzz.com/sight/p0/201303/29/4bc8585fbefc57aac8d65eac.jpg_280x200_9d45ca7e.jpg,潮州市,潮安区,广东省潮州市潮安县归湖镇神前山,-1,-1.0,有广东省现存为数不多的大型宋代石雕,https://piao.qunar.com/ticket/detail_2562763129.html?st=a3clM0QlRTYlQkQlQUUlRTUlQUUlODklRTUlOEMlQkElMjZpZCUzRDE4ODEzMiUyNnR5cGUlM0QwJTI2aWR4JTNEMjglMjZxdCUzRCUyNmFwayUzRDIlMjZzYyUzRFdXVyUyNnVyJTNEJUU0JUI4JUFEJUU1JUIxJUIxJTI2bHIlM0QlRTQlQjglQUQlRTUlQjElQjElMjZmdCUzRCU3QiU3RA%3D%3D#from=mpl_search_suggest,-1.0,N/A,王大宝墓位于潮安县归湖镇神前村的神前山，其地俗称沉江月，占地约4亩，筑于宋乾道六年（1170）。墓地向西，墓碑高约2.3米，楷书阴刻“宋礼部尚书大宝王公墓”。墓前排列着南宋大型石雕群，计文武翁仲、石狮、石羊、石笋、石望柱、石马等14件，石雕线条粗扩，工艺简练古朴，反映了南宋的雕刻艺术水平和风格，是广东省现存为数不多的大型宋代石雕。,暂无,https://imgs.qunarzz.com/sight/p0/201303/29/4bc8585fbefc57aac8d65eac.jpg_710x360_2206b7c5.jpg〇https://qimgs.qunarzz.com/piao_qsight_provider_piao_qsight_web/a88e20f5e98eaeaef8bcaddc9e8dcbcc.jpg_710x360_1075df50.jpg〇https://qimgs.qunarzz.com/piao_qsight_provider_piao_qsight_web/d5b03c9fb7628c37.jpg_710x360_aeed1b4e.jpg,"{""ret"": true, ""data"": {""tagList"": [{""tagType"": 0, ""tagScore"": 5, ""tagNum"": 0, ""tagName"": ""\u5168\u90e8""}], ""score"": 0.0, ""commentCount"": 0}, ""statusCode"": 200}"
明鸿庄园,https://imgs.qunarzz.com/sight/p0/201403/07/6d26f6e103f017d6dd8926666d442088.jpg_280x200_72de34b1.jpg,潮州市,潮安区,广东省潮州市潮安县郊古巷镇的洋铁岭下,-1,-1.0,明鸿庄园地处潮州市郊古巷镇的洋铁岭下，占地3000多亩，青山环绕，绿水荡漾，果蔬常新，乌语花香，是远离喧嚣都市又充满田园,https://piao.qunar.com/ticket/detail_2351281071.html?st=a3clM0QlRTYlQkQlQUUlRTUlQUUlODklRTUlOEMlQkElMjZpZCUzRDYzNTclMjZ0eXBlJTNEMCUyNmlkeCUzRDI3JTI2cXQlM0QlMjZhcGslM0QyJTI2c2MlM0RXV1clMjZ1ciUzRCVFNCVCOCVBRCVFNSVCMSVCMSUyNmxyJTNEJUU0JUI4JUFEJUU1JUIxJUIxJTI2ZnQlM0QlN0IlN0Q%3D#from=mpl_search_suggest,-1.0,N/A,明鸿庄园地处潮州市郊古巷镇的洋铁岭下，占地3000多亩，青山环绕，绿水荡漾，果蔬常新，乌语花香，是远离喧嚣都市又充满田园情趣的生态旅游、消闲的好去处。庄园以开发农业绿色旅游为经营主题，在这里你可亲临林下摘果，菜园摘菜，享受亭下垂钓的乐趣，庄园里的动物园，有贵州驴、蒙古马、孔雀、泰国鸡、梅花鹿，还可看到猕猴、珍珠鸡、七彩山鸡、东北雪狐狸、娃娃鱼、变色龙等珍禽异鲁．更有趣的是鸵鸟场工驯养300多只非洲鸵鸟，可供游客坐骑，拥抱合影。鸵鸟蛋坚硬无比。庄园餐厅除潮州名菜外，创制出颇为闻名的“明鸿风味宴”，其特色菜肴“橙汁鸵鸟肉”、“流甜鸵鸟蛋”、“孔雀炖药膳”、“潮州熏香鸡”、“荷包甲鱼”等，让游客品尝到田园的一独特风味。,暂无,https://imgs.qunarzz.com/sight/p0/201403/07/6d26f6e103f017d6dd8926666d442088.jpg_710x360_c86bf1e8.jpg,"{""ret"": true, ""data"": {""tagList"": [{""tagType"": 0, ""tagScore"": 5, ""tagNum"": 0, ""tagName"": ""\u5168\u90e8""}], ""score"": 0.0, ""commentCount"": 0}, ""statusCode"": 200}"
从熙公祠,https://imgs.qunarzz.com/sight/p0/201303/06/f0c230fcd95f57e0c8d65eac.jpg_280x200_e4d0a126.jpg,潮州市,潮安区,广东省潮安县彩塘镇金砂管理区斜头角,-1,-1.0,建筑装饰琳琅满目，富丽堂皇，美不胜收,https://piao.qunar.com/ticket/detail_3891149929.html?st=a3clM0QlRTYlQkQlQUUlRTUlQUUlODklRTUlOEMlQkElMjZpZCUzRDI0MDglMjZ0eXBlJTNEMCUyNmlkeCUzRDI1JTI2cXQlM0QlMjZhcGslM0QyJTI2c2MlM0RXV1clMjZ1ciUzRCVFNCVCOCVBRCVFNSVCMSVCMSUyNmxyJTNEJUU0JUI4JUFEJUU1JUIxJUIxJTI2ZnQlM0QlN0IlN0Q%3D#from=mpl_search_suggest,-1.0,N/A,从熙公祠在彩塘镇金砂管理区斜角头，为旅居马来西亚柔佛洲侨领陈旭年所建。兴工于清同治九年（1870），告竣于光绪九年（1884），历时十四年。从熙公祠座东向西，面宽31．22米，进深42.25米，为二进院落布局，前厅与后厅之间是天井，两侧有廊轩，后厅有抱厦，形成四厅相向的格局，后厅面宽三间，进深三间，斗拱抬架式木结构，地面铺大理石规格砖。琳琅满目的建筑装饰，使整座建筑物显得更加富丽堂皇，首进门楼前理分置精致石狮一对，门楼屋架为双面镂空石雕．这四幅石雕分别以土农工商，渔樵耕读，花鸟虫鱼为题材，每幅石刻都很好地运用了“之”字形的构图，将不同时空的人、事、物集中在同一画面，浓缩故事情有节。一幅“渔樵耕读”,暂无,https://imgs.qunarzz.com/sight/p0/201303/06/f0c230fcd95f57e0c8d65eac.jpg_710x360_4c93d362.jpg〇https://qimgs.qunarzz.com/piao_qsight_provider_piao_qsight_web/783a143b2b5e1f1b61dc00d48b7301a8.jpg_710x360_2ec98c85.jpg〇https://qimgs.qunarzz.com/piao_qsight_provider_piao_qsight_web/59d02d86b323cf7a7e51b7c9ac7f1fea.jpg_710x360_fe867423.jpg〇https://qimgs.qunarzz.com/piao_qsight_provider_piao_qsight_web/39af0d53433db4acc7d893ee0d6184e2.jpg_710x360_d9ad6efd.jpg〇https://qimgs.qunarzz.com/piao_qsight_provider_piao_qsight_web/33e6d8117553c8471386a6d513e70e0d.jpg_710x360_197aecda.jpg〇https://qimgs.qunarzz.com/piao_qsight_provider_piao_qsight_web/ad8aea92fae763d017ca4cc6c1566690.jpg_710x360_df31dde8.jpg〇https://qimgs.qunarzz.com/piao_qsight_provider_piao_qsight_web/b0c78c1220cb81c0a797d1e70ff9644c.jpg_710x360_4b3da277.jpg〇https://qimgs.qunarzz.com/piao_qsight_provider_piao_qsight_web/9ee3df490472fdbe213ee38ca074759a.jpg_710x360_cfc20547.jpg〇https://qimgs.qunarzz.com/piao_qsight_provider_piao_qsight_web/2e8b76df468577ec1d707d063dfdd39c.jpg_710x360_8fc32c7c.jpg〇https://qimgs.qunarzz.com/piao_qsight_provider_piao_qsight_web/c78bf3038b1ee7b4a3e47b6ddb9caf1d.jpg_710x360_b28597e1.jpg〇https://qimgs.qunarzz.com/piao_qsight_provider_piao_qsight_web/be609e7d4ffed9cbde8a54c301f92fbb.jpg_710x360_b311ec56.jpg〇https://qimgs.qunarzz.com/piao_qsight_provider_piao_qsight_web/fcf8366c59875249737e1f1a5c762643.jpg_710x360_01ee7d22.jpg〇https://qimgs.qunarzz.com/piao_qsight_provider_piao_qsight_web/0c3f02c6fa76907b810ed4f38d2da59b.jpg_710x360_da05d291.jpg〇https://qimgs.qunarzz.com/piao_qsight_provider_piao_qsight_web/d1d60d5cddf6812c3ef4f3449f00d991.jpg_710x360_1265e32d.jpg〇https://qimgs.qunarzz.com/piao_qsight_provider_piao_qsight_web/dec238f516c6b9c6d1bcee033ead03b9.jpg_710x360_cb039645.jpg〇https://qimgs.qunarzz.com/piao_qsight_provider_piao_qsight_web/7044d9175e3fd48ce79e86e951e7901c.jpg_710x360_a5c460e9.jpg〇https://qimgs.qunarzz.com/piao_qsight_provider_piao_qsight_web/8f6c58e07380ef377098c361fc74b6a6.jpg_710x360_f5e3f86c.jpg〇https://qimgs.qunarzz.com/piao_qsight_provider_piao_qsight_web/81f16624e4bf2f1af9192662b16301b9.jpg_710x360_ba69763e.jpg〇https://qimgs.qunarzz.com/piao_qsight_provider_piao_qsight_web/36c83fc133b4d9eee5e518f19af18e6f.jpg_710x360_7e098d2d.jpg〇https://qimgs.qunarzz.com/piao_qsight_provider_piao_qsight_web/01a10db18930c0d3aaa987eb74d9a557.jpg_710x360_5301f6bd.jpg〇https://qimgs.qunarzz.com/piao_qsight_provider_piao_qsight_web/c754015347ebb737.jpg_710x360_26b554a4.jpg,"{""ret"": true, ""data"": {""tagList"": [{""tagType"": 0, ""tagScore"": 5, ""tagNum"": 0, ""tagName"": ""\u5168\u90e8""}], ""score"": 0.0, ""commentCount"": 0}, ""statusCode"": 200}"
岗山水库,https://imgs.qunarzz.com/sight/p1/201211/05/54103c074f6caed393835fbb.jpg_280x200_b04ddb8b.jpg,潮州市,潮安区,广东省潮州市潮安县,-1,-1.0,该库在磷溪境内，位于红山附近的秋溪上游300米处，水库因库区原山村而得名。该库控制流域面积88平方公里，总库容5303万,https://piao.qunar.com/ticket/detail_3647659965.html?st=a3clM0QlRTYlQkQlQUUlRTUlQUUlODklRTUlOEMlQkElMjZpZCUzRDIzMjQlMjZ0eXBlJTNEMCUyNmlkeCUzRDI0JTI2cXQlM0QlMjZhcGslM0QyJTI2c2MlM0RXV1clMjZ1ciUzRCVFNCVCOCVBRCVFNSVCMSVCMSUyNmxyJTNEJUU0JUI4JUFEJUU1JUIxJUIxJTI2ZnQlM0QlN0IlN0Q%3D#from=mpl_search_suggest,-1.0,N/A,该库在磷溪境内，位于红山附近的秋溪上游300米处，水库因库区原山村而得名。该库控制流域面积88平方公里，总库容5303万立方米，设计灌溉面积37870亩，实际灌溉面积30410亩。水库始建于1959年。1960年11月，在原泄洪闸4孔的基础上扩建4孔，共8孔。闸身为浆砌石拱，单孔宽2.5米，高3米。移动土方3.8万立方米。1961～1963年夏，连续加高背水坡，厚度达到2.5～10米.,暂无,https://imgs.qunarzz.com/sight/p1/201211/05/54103c074f6caed393835fbb.jpg_710x360_d62eb937.jpg〇https://qimgs.qunarzz.com/piao_qsight_provider_piao_qsight_web/7cc29c446c87407d7dbba7ab60d8ae88.jpg_710x360_1f3156fc.jpg〇https://qimgs.qunarzz.com/piao_qsight_provider_piao_qsight_web/20f840ce77d48f37.jpg_710x360_0b1a9f48.jpg,"{""ret"": true, ""data"": {""tagList"": [{""tagType"": 0, ""tagScore"": 5, ""tagNum"": 0, ""tagName"": ""\u5168\u90e8""}], ""score"": 0.0, ""commentCount"": 0}, ""statusCode"": 200}"
白水岩,https://imgs.qunarzz.com/sight/p27/201211/00/aa992111d22e51a893835fbb.jpg_280x200_950e202d.jpg,潮州市,潮安区,广东省潮州市潮安县白水岩风景区,-1,-1.0,早在明代已是有名天然胜地,https://piao.qunar.com/ticket/detail_3465742694.html?st=a3clM0QlRTYlQkQlQUUlRTUlQUUlODklRTUlOEMlQkElMjZpZCUzRDExNDc1JTI2dHlwZSUzRDAlMjZpZHglM0QyMyUyNnF0JTNEJTI2YXBrJTNEMiUyNnNjJTNEV1dXJTI2dXIlM0QlRTQlQjglQUQlRTUlQjElQjElMjZsciUzRCVFNCVCOCVBRCVFNSVCMSVCMSUyNmZ0JTNEJTdCJTdE#from=mpl_search_suggest,-1.0,N/A,白水岩位于白水村南面约一里处。天生层峦叠嶂，苍松翠柏，早在明代已是有名天然胜地。游客登上石岩，放眼眺望，山下平畴无垠，溪流环绕，苍松翠柏，奇形怪石相互掩映，乃天然胜地，山上有雷击石、仙脚迹、仙人对奔石、石脚桶，其形惟妙惟肖。雷击石天然而成，但见巨石三丈见方，二丈半高，裂为两块，裂缝垂直至底，人可侧身通过。石下清泉流溢，四季不断。山半石门上，镌刻“白云关”三字，世传为明末潮籍书法家吴殿邦为避魏忠贤之害潜修于此所书，字体行楷，一尺见方，苍劲浑厚。山上兰若庵，庵内有明代摩崖造像--弥勒佛像，至今石像上保留利用巨石为屋顶之壮。石洞至今犹存，泉水清冽。石壁留有清代善男信女捐款喜题石刻。民国年间，游人刻誉为“白云公园”四字完整，现山前山后栽满桃李，春秋季节，花果满山，更为白水岩增添许多诗情画意.,暂无,https://imgs.qunarzz.com/sight/p27/201211/00/aa992111d22e51a893835fbb.jpg_710x360_a96cf731.jpg,"{""ret"": true, ""data"": {""tagList"": [{""tagType"": 0, ""tagScore"": 5, ""tagNum"": 0, ""tagName"": ""\u5168\u90e8""}], ""score"": 0.0, ""commentCount"": 0}, ""statusCode"": 200}"
潮州凤凰单丛茶博物馆,https://qimgs.qunarzz.com/piao_qsight_provider_piao_qsight_web/0106o120008h77u3u762E_C_900_504.jpg_280x200_4c414631.jpg,潮州市,潮安区,潮州市潮安区凤凰镇东兴村355国道,8,5.0,潮州凤凰单丛茶博物馆，依托省级古村落特有的潮式建筑特色，活化利用其闲置空间，精心打造，包含茶文化主题馆、“旧物”主题馆、,https://piao.qunar.com/ticket/detail_248196132.html?st=a3clM0QlRTYlQkQlQUUlRTUlQUUlODklRTUlOEMlQkElMjZpZCUzRDUxMjAwMSUyNnR5cGUlM0QwJTI2aWR4JTNENyUyNnF0JTNEJTI2YXBrJTNEMiUyNnNjJTNEV1dXJTI2dXIlM0QlRTQlQjglQUQlRTUlQjElQjElMjZsciUzRCVFNCVCOCVBRCVFNSVCMSVCMSUyNmZ0JTNEJTdCJTdE#from=mpl_search_suggest,-1.0,N/A,潮州凤凰单丛茶博物馆，依托省级古村落特有的潮式建筑特色，活化利用其闲置空间，精心打造，包含茶文化主题馆、“旧物”主题馆、“宋茶”标本主题馆、单丛茶体验馆、单丛茶研学教育基地、潮文化“大家”工作室、茶文化文创中心、茶乐园等八大版块为一体的专项博物馆。展品主要为从民间收集或由民间捐赠的凤凰单丛茶种植、制作、冲泡过程相关物品；代表性的学术研究著作；各类文物藏品等。镇馆之宝为一株树龄近700年的“茶王”——宋茶标本,具体营业状态以当天开放情况为准,https://qimgs.qunarzz.com/piao_qsight_provider_piao_qsight_web/0106o120008h77u3u762E_C_900_504.jpg_710x360_04437ace.jpg〇https://qimgs.qunarzz.com/piao_qsight_provider_piao_qsight_web/01023120008h77eop4085_C_900_504_Q90_Mtg_7.jpg_710x360_12489903.jpg〇https://qimgs.qunarzz.com/piao_qsight_provider_piao_qsight_web/01063120009but0vi1913_C_900_504_Q90_Mtg_7.jpg_710x360_7226e82f.jpg〇https://qimgs.qunarzz.com/piao_qsight_provider_piao_qsight_web/01069120008h77wleFA7B_C_900_504_Q90_Mtg_7.jpg_710x360_cfd2dcef.jpg〇https://qimgs.qunarzz.com/piao_qsight_provider_piao_qsight_web/0106k120009busxepD54B_C_900_504_Q90_Mtg_7.jpg_710x360_2d582109.jpg〇https://qimgs.qunarzz.com/piao_qsight_provider_piao_qsight_web/0106w120009bustee785C_C_900_504_Q90_Mtg_7.jpg_710x360_16f3768f.jpg〇https://qimgs.qunarzz.com/piao_qsight_provider_piao_qsight_web/0105x120008h77iq71C48_C_900_504_Q90_Mtg_7.jpg_710x360_10937c40.jpg〇https://qimgs.qunarzz.com/piao_qsight_provider_piao_qsight_web/01001120008h77vsnD385_C_900_504_Q90_Mtg_7.jpg_710x360_ca609797.jpg〇https://qimgs.qunarzz.com/piao_qsight_provider_piao_qsight_web/0105o120009butcdtBEBB_C_900_504_Q90_Mtg_7.jpg_710x360_13557b32.jpg〇https://qimgs.qunarzz.com/piao_qsight_provider_piao_qsight_web/01017120008h77eooFA8E_C_900_504_Q90_Mtg_7.jpg_710x360_90551aaf.jpg〇https://qimgs.qunarzz.com/piao_qsight_provider_piao_qsight_web/0106o120008h77u3u762E_C_900_504_Q90_Mtg_7.jpg_710x360_1fc16101.jpg,"{""ret"": true, ""data"": {""tagList"": [{""tagType"": 1, ""tagScore"": 5, ""tagNum"": 8, ""tagName"": ""\u597d\u8bc4""}, {""tagType"": 0, ""tagScore"": 5, ""tagNum"": 8, ""tagName"": ""\u5168\u90e8""}], ""commentList"": [{""author"": ""s*9"", ""content"": ""\u7528\u6237\u672a\u70b9\u8bc4\uff0c\u7cfb\u7edf\u9ed8\u8ba4\u597d\u8bc4\u3002"", ""date"": ""2022-11-15"", ""score"": 5, ""commentId"": ""223797315"", ""imgs"": [], ""userNickName"": ""s*9"", ""replyCityName"": """", ""cityName"": """"}, {""author"": ""\u82ac*\u534e"", ""content"": ""\u7528\u6237\u672a\u70b9\u8bc4\uff0c\u7cfb\u7edf\u9ed8\u8ba4\u597d\u8bc4\u3002"", ""date"": ""2022-09-27"", ""score"": 5, ""commentId"": ""223451936"", ""imgs"": [], ""userNickName"": ""\u82ac*\u534e"", ""replyCityName"": """", ""cityName"": """"}, {""author"": ""\u5733*\u4e0a"", ""content"": ""\u7528\u6237\u672a\u70b9\u8bc4\uff0c\u7cfb\u7edf\u9ed8\u8ba4\u597d\u8bc4\u3002"", ""date"": ""2022-09-10"", ""score"": 5, ""commentId"": ""223239032"", ""imgs"": [], ""userNickName"": ""\u5733*\u4e0a"", ""replyCityName"": """", ""cityName"": """"}, {""author"": ""d*6"", ""content"": ""\u7528\u6237\u672a\u70b9\u8bc4\uff0c\u7cfb\u7edf\u9ed8\u8ba4\u597d\u8bc4\u3002"", ""date"": ""2022-09-07"", ""score"": 5, ""commentId"": ""223185580"", ""imgs"": [], ""userNickName"": ""d*6"", ""replyCityName"": """", ""cityName"": """"}, {""author"": ""d*6"", ""content"": ""\u7528\u6237\u672a\u70b9\u8bc4\uff0c\u7cfb\u7edf\u9ed8\u8ba4\u597d\u8bc4\u3002"", ""date"": ""2022-09-07"", ""score"": 5, ""commentId"": ""223185577"", ""imgs"": [], ""userNickName"": ""d*6"", ""replyCityName"": """", ""cityName"": """"}, {""author"": ""d*6"", ""content"": ""\u7528\u6237\u672a\u70b9\u8bc4\uff0c\u7cfb\u7edf\u9ed8\u8ba4\u597d\u8bc4\u3002"", ""date"": ""2022-09-07"", ""score"": 5, ""commentId"": ""223185269"", ""imgs"": [], ""userNickName"": ""d*6"", ""replyCityName"": """", ""cityName"": """"}, {""author"": ""c*7"", ""content"": ""\u7528\u6237\u672a\u70b9\u8bc4\uff0c\u7cfb\u7edf\u9ed8\u8ba4\u597d\u8bc4\u3002"", ""date"": ""2021-12-28"", ""score"": 5, ""commentId"": ""221653653"", ""imgs"": [], ""userNickName"": ""c*7"", ""replyCityName"": """", ""cityName"": """"}, {""author"": ""f*8"", ""content"": ""\u7528\u6237\u672a\u70b9\u8bc4\uff0c\u7cfb\u7edf\u9ed8\u8ba4\u597d\u8bc4\u3002"", ""date"": ""2021-11-03"", ""score"": 5, ""commentId"": ""221165999"", ""imgs"": [], ""userNickName"": ""f*8"", ""replyCityName"": """", ""cityName"": """"}], ""score"": 5.0, ""commentCount"": 8}, ""statusCode"": 200}"
竹笋文化园,https://qimgs.qunarzz.com/piao_qsight_provider_piao_qsight_web/CghzflW7H_iATdynAAA-FlXAIeA738_C_900_504.jpg_280x200_e742c64d.jpg,潮州市,潮安区,广东省潮州市潮安区江东镇樟厝洲村,-1,-1.0,N/A,https://piao.qunar.com/ticket/detail_2224468273.html?st=a3clM0QlRTYlQkQlQUUlRTUlQUUlODklRTUlOEMlQkElMjZpZCUzRDUzNDk4MCUyNnR5cGUlM0QwJTI2aWR4JTNEMTUlMjZxdCUzRCUyNmFwayUzRDIlMjZzYyUzRFdXVyUyNnVyJTNEJUU0JUI4JUFEJUU1JUIxJUIxJTI2bHIlM0QlRTQlQjglQUQlRTUlQjElQjElMjZmdCUzRCU3QiU3RA%3D%3D#from=mpl_search_suggest,-1.0,N/A,N/A,暂无,https://qimgs.qunarzz.com/piao_qsight_provider_piao_qsight_web/CghzflW7H_iATdynAAA-FlXAIeA738_C_900_504.jpg_710x360_a48badde.jpg,"{""ret"": true, ""data"": {""tagList"": [{""tagType"": 0, ""tagScore"": 5, ""tagNum"": 0, ""tagName"": ""\u5168\u90e8""}], ""score"": 0.0, ""commentCount"": 0}, ""statusCode"": 200}"
富丽公园,https://imgs.qunarzz.com/sight/p0/201303/01/9b2dd5360d272df1c8d65eac.jpg_280x200_02a959df.jpg,潮州市,潮安区,广东省潮州市潮安县潮州大道北端富丽广场,1,1.0,环境优美，景色秀丽，休闲娱乐好去处,https://piao.qunar.com/ticket/detail_3595639808.html?st=a3clM0QlRTYlQkQlQUUlRTUlQUUlODklRTUlOEMlQkElMjZpZCUzRDY0NDglMjZ0eXBlJTNEMCUyNmlkeCUzRDE4JTI2cXQlM0QlMjZhcGslM0QyJTI2c2MlM0RXV1clMjZ1ciUzRCVFNCVCOCVBRCVFNSVCMSVCMSUyNmxyJTNEJUU0JUI4JUFEJUU1JUIxJUIxJTI2ZnQlM0QlN0IlN0Q%3D#from=mpl_search_suggest,-1.0,N/A,富丽公园位于潮州大道北端富丽广场，背靠大旦龙脉，左依象山拱卫，右傍狮屏怀抱，中有绿水环绕，前望桑浦,暂无,https://imgs.qunarzz.com/sight/p0/201303/01/9b2dd5360d272df1c8d65eac.jpg_710x360_98557cbd.jpg,"{""ret"": true, ""data"": {""tagList"": [{""tagType"": 3, ""tagScore"": 5, ""tagNum"": 1, ""tagName"": ""\u5dee\u8bc4""}, {""tagType"": 0, ""tagScore"": 5, ""tagNum"": 1, ""tagName"": ""\u5168\u90e8""}], ""commentList"": [{""author"": ""g*9"", ""content"": ""\u8fd9\u4e2a\u516c\u56ed\u65e9\u5c31\u5012\u95ed\u6ca1\u6709\u4e86\uff0c\u8fd8\u663e\u793a\u51fa\u6765\u5bb3\u4eba\uff0c\u5904\u4e8e\u5de5\u4e1a\u533a\uff0c\u5468\u8fb9\u7a7a\u6c14\u90fd\u662f\u5de5\u5382\u5de5\u4e1a\u5473\u3002"", ""date"": ""2018-07-07"", ""score"": 1, ""commentId"": ""206740444"", ""imgs"": [], ""userNickName"": ""g*9"", ""replyCityName"": """", ""cityName"": """"}], ""score"": 1.0, ""commentCount"": 1}, ""statusCode"": 200}"
本梦FormerDream露营地,https://qimgs.qunarzz.com/piao_qsight_provider_piao_qsight_web/0107212000atncszhC358_C_900_504_Q90_Mtg_7.jpg_280x200_0c8496a4.jpg,潮州市,潮安区,广东省潮州市潮安区X051与横拢笋东路交接处,-1,-1.0,临江日落垂钓听风,https://piao.qunar.com/ticket/detail_2076254705.html?st=a3clM0QlRTYlQkQlQUUlRTUlQUUlODklRTUlOEMlQkElMjZpZCUzRDUxNTU4OSUyNnR5cGUlM0QwJTI2aWR4JTNEMjYlMjZxdCUzRCUyNmFwayUzRDIlMjZzYyUzRFdXVyUyNnVyJTNEJUU0JUI4JUFEJUU1JUIxJUIxJTI2bHIlM0QlRTQlQjglQUQlRTUlQjElQjElMjZmdCUzRCU3QiU3RA%3D%3D#from=mpl_search_suggest,-1.0,N/A,本梦理想营地坐落于韩江边，东向树林西面江。可远离城市的喧嚣，悠闲的坐在江边看着落日沉下江中，感受江风徐徐拂面，享受这宁静的一刻。来本梦理想营地体验野餐露营，露营场地租赁，也可接纳帐篷露营，团体活动，亲子活动，生日派对，户外婚礼的预定。,具体营业状态以当天开放情况为准,https://qimgs.qunarzz.com/piao_qsight_provider_piao_qsight_web/0107212000atncszhC358_C_900_504_Q90_Mtg_7.jpg_710x360_9e33c1c3.jpg,"{""ret"": true, ""data"": {""tagList"": [{""tagType"": 0, ""tagScore"": 5, ""tagNum"": 0, ""tagName"": ""\u5168\u90e8""}], ""score"": 0.0, ""commentCount"": 0}, ""statusCode"": 200}"
北阁,https://imgs.qunarzz.com/sight/p0/201303/11/18a4c97384ca2fdec8d65eac.jpg_280x200_07ac80af.jpg,潮州市,潮安区,广东省潮州市潮安县,-1,-1.0,北阁景区与北阁佛灯北阁是金山东面的一组楼阁的总称。这里地理位置独特，古城墙在此揽绕金山，亭台楼阁高低错落，曲径幽深，东临,https://piao.qunar.com/ticket/detail_1499524780.html?st=a3clM0QlRTYlQkQlQUUlRTUlQUUlODklRTUlOEMlQkElMjZpZCUzRDEwMzUlMjZ0eXBlJTNEMCUyNmlkeCUzRDIyJTI2cXQlM0QlMjZhcGslM0QyJTI2c2MlM0RXV1clMjZ1ciUzRCVFNCVCOCVBRCVFNSVCMSVCMSUyNmxyJTNEJUU0JUI4JUFEJUU1JUIxJUIxJTI2ZnQlM0QlN0IlN0Q%3D#from=mpl_search_suggest,-1.0,N/A,"北阁景区与北阁佛灯北阁是金山东面的一组楼阁的总称。这里地理位置独特，古城墙在此揽绕金山，亭台楼阁高低错落，曲径幽深，东临急转直下的韩江流水，高览低俯均是别致的景色，堪称岭南一绝。凳临北阁，北堤上“鳄渡秋风”，隔江相望的“韩词橡木”，韩江下游的“湘桥春涨”，“凤凰时雨”诸多胜景历历在目,俯览韩江，江流滔滔，白帆点点。 北阁景区，辟建于宋，形成于明，历代均有兴废，圆攒尖式亭体，亭顶辅以黄琉璃瓦，亭内安环形石凳，可供游客小憩。著名学者饶宗颐为其题额“韩江楼”，并重书对联：“忠贞亘，万古而有光何用别求自己义勇垂两间干不眼，既此便是青天”。楼中重塑关羽、关平、周仓组像，形神兼备，栩栩如生。玄天阁面阔三间，进深三间，斗拱抬梁大木结构，重檐歇山顶，红墙黄瓦，金碧辉煌，巍峨壮观。著名书法家秦乌光为其题颇：“玄天阁”，并重书对联：“一江壁立擎天柱，百道泉飞洛地维”。阁中重塑玄天上帝立像一尊，披发仗剑，威风凛凛。中国传统文化的“周易”中，人世间的东、西、南、北四个方位都有各自的保护神，也就是民间常说的东青龙、西白虎、南朱雀、北玄武，潮人在城北建北阁，供奉北帝，故称“玄天阁”。阁北侧高耸石佛灯塔，座高7米，仿唐代的石经幢造形，三层六角，四周雕饰佛像、莲花、云纹。",暂无,https://imgs.qunarzz.com/sight/p0/201303/11/18a4c97384ca2fdec8d65eac.jpg_710x360_d3d0841d.jpg〇https://qimgs.qunarzz.com/piao_qsight_provider_piao_qsight_web/8c46d3002415b2b5.jpg_710x360_30c19b51.jpg〇https://qimgs.qunarzz.com/piao_qsight_provider_piao_qsight_web/91b3cc1a6cfd52b5.jpg_710x360_f7ed2099.jpg〇https://qimgs.qunarzz.com/piao_qsight_provider_piao_qsight_web/61a5d786abe704b5.jpg_710x360_16d59c1e.jpg〇https://qimgs.qunarzz.com/piao_qsight_provider_piao_qsight_web/e24183b371928eb5.jpg_710x360_f29907d1.jpg〇https://qimgs.qunarzz.com/piao_qsight_provider_piao_qsight_web/bc95e52fb63b09b5.jpg_710x360_4af6974a.jpg〇https://qimgs.qunarzz.com/piao_qsight_provider_piao_qsight_web/39d7ccd96ad94ab5.jpg_710x360_ed45f632.jpg〇https://qimgs.qunarzz.com/piao_qsight_provider_piao_qsight_web/094a8209068deab5.jpg_710x360_9e5d2d00.jpg〇https://qimgs.qunarzz.com/piao_qsight_provider_piao_qsight_web/6e49ee6783f4b8.jpg_710x360_88876d52.jpg,"{""ret"": true, ""data"": {""tagList"": [{""tagType"": 0, ""tagScore"": 5, ""tagNum"": 0, ""tagName"": ""\u5168\u90e8""}], ""score"": 0.0, ""commentCount"": 0}, ""statusCode"": 200}"
华夏历史博物馆,https://imgs.qunarzz.com/sight/p0/201303/13/2a27f979f29c5bebc8d65eac.jpg_280x200_43597d72.jpg,潮州市,潮安区,广东省潮州市潮安县潮汕路浮洋路段,1,3.0,"华夏历史博物馆位于潮汕公路浮洋路段,是一座手续完备、管理规范、藏品丰富的大型私人博物馆，馆长是国内著名收藏家洪木荣先生。",https://piao.qunar.com/ticket/detail_1382301479.html?st=a3clM0QlRTYlQkQlQUUlRTUlQUUlODklRTUlOEMlQkElMjZpZCUzRDM4ODAlMjZ0eXBlJTNEMCUyNmlkeCUzRDE0JTI2cXQlM0QlMjZhcGslM0QyJTI2c2MlM0RXV1clMjZ1ciUzRCVFNCVCOCVBRCVFNSVCMSVCMSUyNmxyJTNEJUU0JUI4JUFEJUU1JUIxJUIxJTI2ZnQlM0QlN0IlN0Q%3D#from=mpl_search_suggest,-1.0,N/A,"华夏历史博物馆位于潮汕公路浮洋路段,是一座手续完备、管理规范、藏品丰富的大型私人博物馆，馆长是国内著名收藏家洪木荣先生。国内文物考古界泰斗、国家文物鉴定委员会副主任史树青先生为博物馆亲笔题写了“华夏历史博物馆”。博物馆总占地面积25亩，此次开馆的是一期工程，主楼一至四楼开辟展区。博物馆的展品包括陶瓷、玉器、青铜、木雕、字画等，每一门类的展品中，强大的艺术震撼力以及难得一见的实物，让收藏爱好者及欣赏者激动不已。在这里，从商代的原始陶器，春秋战国的黑陶，隋唐时期的各种瓷器物件，名贵稀有的宋代官窑瓷，成就非凡的元、明、清各朝各代的宫廷御品，直至新中国成立后的部分特供专用瓷，包罗广泛，历史上各个时代不同窑口的瓷器基本上都能够见到，它们浓缩了华夏几千年的陶瓷文化，展示了中国陶瓷文明的辉煌历程。经故宫博物院王电英、郝抗美、李辉柄等专家们评定，这里是华夏陶瓷历史的学府，其中丰富的实物藏品、国宝级十几件，为人们的研究、学习、鉴赏提供了宝贵的资料。梧桐引得凤凰来，好酒不怕巷子深，华夏历史博物馆一定能成为文物专家、收藏爱好者以及各界人士的识宝、鉴宝、赏宝的欢乐殿堂，以它独有的丰姿，为潮州这个历史文化名城增添亮丽的色彩，为广东建设文化大省的事业添砖加瓦，为传播灿烂的华夏文明做出应有的贡献。",暂无,https://imgs.qunarzz.com/sight/p0/201303/13/2a27f979f29c5bebc8d65eac.jpg_710x360_b2877a4a.jpg〇https://qimgs.qunarzz.com/piao_qsight_provider_piao_qsight_web/ea86bd8600bf1f54.jpg_710x360_87d86c99.jpg〇https://qimgs.qunarzz.com/piao_qsight_provider_piao_qsight_web/0fd35811eda16ff7.jpg_710x360_b7e27256.jpg〇https://qimgs.qunarzz.com/piao_qsight_provider_piao_qsight_web/4ec6167a54aa87f7.jpg_710x360_7d9235b9.jpg〇https://qimgs.qunarzz.com/piao_qsight_provider_piao_qsight_web/38a0b1f3a0a19bf7.jpg_710x360_b762d28b.jpg〇https://qimgs.qunarzz.com/piao_qsight_provider_piao_qsight_web/b88a94d437bc6df7.jpg_710x360_92f1b3c5.jpg〇https://qimgs.qunarzz.com/piao_qsight_provider_piao_qsight_web/444b868e81241.jpg_710x360_caef60ba.jpg〇https://qimgs.qunarzz.com/piao_qsight_provider_piao_qsight_web/c029a79121095d.jpg_710x360_427704dc.jpg〇https://qimgs.qunarzz.com/piao_qsight_provider_piao_qsight_web/3a2635bf38fb12.jpg_710x360_b95dd442.jpg〇https://qimgs.qunarzz.com/piao_qsight_provider_piao_qsight_web/ae1e97e5e3db87.jpg_710x360_cfc04971.jpg〇https://qimgs.qunarzz.com/piao_qsight_provider_piao_qsight_web/e7650ab4e00a2f.jpg_710x360_f1697067.jpg〇https://qimgs.qunarzz.com/piao_qsight_provider_piao_qsight_web/dc5abd9a7fd837.jpg_710x360_39814aeb.jpg〇https://qimgs.qunarzz.com/piao_qsight_provider_piao_qsight_web/971bd93385fee4.jpg_710x360_dfe90d4c.jpg,"{""ret"": true, ""data"": {""tagList"": [{""tagType"": 2, ""tagScore"": 5, ""tagNum"": 1, ""tagName"": ""\u4e2d\u8bc4""}, {""tagType"": 0, ""tagScore"": 5, ""tagNum"": 1, ""tagName"": ""\u5168\u90e8""}], ""commentList"": [{""author"": ""\u7cbe*\u4fa0"", ""content"": ""\u6e38\u89c8\u535a\u7269\u9986\u2014\u2014\u867d\u7136\u6ca1\u6253\u7b97\u53c2\u89c2\u7684\uff0c\u65e2\u6765\u4e4b\u3001\u5219\u89c2\u4e4b\u561b\uff01\u5c31\u5728\u4ffa\u5165\u4f4f\u7684\u5bbe\u9986\u9644\u8fd1\u7684\u4eba\u6c11\u5e7f\u573a\uff0c\u4e00\u4e0b\u516c\u4ea4\u5c31\u662f\u4e86\u3002\u85cf\u54c1\u867d\u4e0d\u591a\uff0c\u4f46\u80fd\u770b\u5230\u4f20\u7edf\u7684\u6f6e\u7ee3\u4e0e\u77f3\u96d5\u6587\u7269\uff0c\u8fd8\u662f\u4e0d\u9519\u561b\uff01\u53c8\u5305\u9986\u4e86\uff01 \u7f51\u4e0a\u7684\u70b9\u8bc4\u4e0d\u80fd\u5168\u4fe1\u554a\uff01\u8bf4\u5565\u5e7f\u573a\u6bcf\u665a\u7684\u97f3\u4e50\u55b7\u6cc9\u633a\u7f8e\uff0c\u8fd8\u914d\u6709\u7167\u7247\u3002\u4ffa\u55b7\u6cc9\u8fbe\u4eba\u5f53\u7136\u4e0d\u9519\u8fc7\u5566\uff01\u7ed3\u679c\u6765\u5230\u624d\u77e5\u9053\uff0c\u4e0d\u77e5\u5565\u5e74\u5df2\u53d6\u6d88\u4e86\uff01"", ""date"": ""2016-07-27"", ""score"": 3, ""commentId"": ""123264973"", ""imgs"": [{""small"": ""https://imgs.qunarzz.com/piao/fusion/1607/2c/ea86bd8600bf1f54.jpg_120x120_2cbeb278.jpg"", ""title"": """", ""big"": ""https://imgs.qunarzz.com/piao/fusion/1607/2c/ea86bd8600bf1f54.jpg""}], ""userNickName"": ""\u7cbe*\u4fa0"", ""replyCityName"": """", ""cityName"": """"}], ""score"": 3.0, ""commentCount"": 1}, ""statusCode"": 200}"
潮州千果山,https://qimgs.qunarzz.com/piao_qsight_provider_piao_qsight_web/0102712000as0vurvE3BA_C_900_504.jpg_280x200_df1811e9.jpg,潮州市,潮安区,广东省潮州市潮安县安黄公路铁铺镇五乡路段,10,3.0,空气清新、自然生态良好的旅游胜地,https://piao.qunar.com/ticket/detail_2306150296.html?st=a3clM0QlRTYlQkQlQUUlRTUlQUUlODklRTUlOEMlQkElMjZpZCUzRDE5NDIwNSUyNnR5cGUlM0QwJTI2aWR4JTNEMTMlMjZxdCUzRCUyNmFwayUzRDIlMjZzYyUzRFdXVyUyNnVyJTNEJUU0JUI4JUFEJUU1JUIxJUIxJTI2bHIlM0QlRTQlQjglQUQlRTUlQjElQjElMjZmdCUzRCU3QiU3RA%3D%3D#from=mpl_search_suggest,-1.0,N/A,千果山旅游区总体规划项目有：“文化娱乐”、“游乐体验”、“餐饮服务”、“别墅度假”、“情趣休闲”、“农技示范”、“科技博览”、“自然生态”八大*能区，分三期建设完成。千果山自然风景保护区占地面积三千五百亩，鸟语花香，是一个区位独特、空气清新、环境优越、自然生态良好的旅游和人居胜地。在这里远离了都市的喧闹，享受着天然氧气的清新，体验在静谧的氛围中，仿佛置身于“人间仙境”使人真正有一种返璞归真、回归自然的无穷乐趣。现首期开发项目有：动物表演、农家风味餐厅、果园水果品尝、科普走廊、凉亭茶座、烧烤亭、水上碰碰船、儿童乐园等。,1/1-12/31；周一至周日；08:00-18:00开园,https://qimgs.qunarzz.com/piao_qsight_provider_piao_qsight_web/0102712000as0vurvE3BA_C_900_504.jpg_710x360_a51cf6d0.jpg〇https://qimgs.qunarzz.com/piao_qsight_provider_piao_qsight_web/0100f12000as0waha593C_C_900_504_Q90_Mtg_7.jpg_710x360_89ff9c45.jpg〇https://qimgs.qunarzz.com/piao_qsight_provider_piao_qsight_web/0102712000as0vurvE3BA_C_900_504_Q90_Mtg_7.jpg_710x360_929ed476.jpg〇https://imgs.qunarzz.com/sight/p0/201404/02/bd05f6155a11eb863651598387628dce.jpg_710x360_fe0490c5.jpg〇https://imgs.qunarzz.com/sight/p0/201404/02/f3bbf27cc84e1a4eb17e393e451d05f2.jpg_710x360_da053808.jpg〇https://imgs.qunarzz.com/sight/p0/201404/02/fce351f7ef20c0e2fcd1eb62ccd5bc15.jpg_710x360_098ae1e8.jpg〇https://imgs.qunarzz.com/sight/p0/201404/02/e3b492ee4ce57839cb1468a97663276c.jpg_710x360_1593567c.jpg〇https://imgs.qunarzz.com/sight/p0/201404/02/7af857d6a289525410f8854987eedddc.jpg_710x360_fbb51439.jpg〇https://qimgs.qunarzz.com/piao_qsight_provider_piao_qsight_web/048223361cf2ba02.jpg_710x360_37ebf341.jpg〇https://qimgs.qunarzz.com/piao_qsight_provider_piao_qsight_web/ad321fd2f354fc02.jpg_710x360_08af9637.jpg〇https://qimgs.qunarzz.com/piao_qsight_provider_piao_qsight_web/c483c608fabb0a02.jpg_710x360_dbb21660.jpg〇https://qimgs.qunarzz.com/piao_qsight_provider_piao_qsight_web/168b4508d1bb29fec0f7f11cee7c398d.jpg_710x360_c7af032d.jpg〇https://qimgs.qunarzz.com/piao_qsight_provider_piao_qsight_web/62b837aeb077c837.jpg_710x360_0af6e14f.jpg,"{""ret"": true, ""data"": {""tagList"": [{""tagType"": 3, ""tagScore"": 5, ""tagNum"": 5, ""tagName"": ""\u5dee\u8bc4""}, {""tagType"": 1, ""tagScore"": 5, ""tagNum"": 5, ""tagName"": ""\u597d\u8bc4""}, {""tagType"": 0, ""tagScore"": 5, ""tagNum"": 10, ""tagName"": ""\u5168\u90e8""}], ""commentList"": [{""author"": ""n*8"", ""content"": ""\u667a\u5546\u7a0e\uff0c\u91cc\u9762\u4ec0\u4e48\u90fd\u6ca1\u6709\uff0c\u672c\u5730\u90fd\u662f\u514d\u8d39\u8fdb\u7684\uff0c\u540e\u95e8\u5728\u5927\u8def\u4e00\u8fb9\uff0c\u672c\u5730\u4eba\u90fd\u662f\u76f4\u63a5\u540e\u95e8\u8fdb\u53bb\u7684\uff0c\u8bf4\u597d\u7684\u9a6c\u620f\u56e2\u6839\u672c\u4e0d\u662f\u50cf\u670b\u53cb\u5708\u63a8\u5e7f\u56fe\u91cc\u4e00\u6837\u5ba4\u5185\u7684\uff0c\u5c31\u662f\u4e00\u4e2a\u9732\u5929\u7684\u5c0f\u5730\u65b9\uff0c\u6905\u5b50\u90fd\u6ca1\u6709\uff0c\u8ba9\u4eba\u56f4\u7740\u7b3c\u5b50\u770b\uff0c\u592a\u9633\u7206\u55ee\uff0c\u70ed\u5f97\u8981\u6b7b\uff0c\u6bcf\u6b21\u52a8\u7269\u51fa\u6765\u8868\u6f14\u6ca1\u51e0\u5206\u949f\u5c31\u6ca1\u4e86\uff0c\u7136\u540e\u8ba9\u4eba\u770b\u63a8\u9500\u753b\u54c1\uff0c\u786c\u662f\u628a\u65f6\u95f4\u62d6\u52301\u4e2a\u5c0f\u65f6\u591a\uff0c\u4e5f\u6ca1\u6709\u8001\u864e\u4e5f\u4e0d\u8868\u6f14\uff0c\u5468\u65e5\u8fc7\u53bb\u8bf4\u597d\u7684\u665a\u4e0a\u4e5f\u6709\uff0c\u4f46\u662f\u665a\u4e0a\u6ca1\u6709\u3002\u6211\u5728\u90a3\u91cc\u5403\u996d\uff0c\u5403\u5b8c\u53bb\u770b\u90fd\u6ca1\u6709\u5728\u4ed6\u4eec\u91cc\u9762\u5403\u996d\uff0c\u5403\u5b8c\u90fd\u6ca1\u6709\u3002\u4eba\u5f53\u7334\u5b50\u800d\uff0c\u6211\u4ee5\u4e3a\u662f\u50cf\u5ba3\u4f20\u56fe\u91cc\u4e00\u6837\u3002\u662f\u5ba4\u5185\u7684\u8fdb\u53bb\u8981\u95e8\u7968\u3002\u8fd9\u4e9b\u4eba\u771f\u7684\u662f\u4e0d\u8bb2\u6b66\u5fb7\u3002\u5e73\u65f6\u95e8\u7968\u5c31\u7b97\u5356\u4e5f\u662f\u5356\u5341\u51e0\u5757\u94b1\u800c\u5df2\u3002\u4f46\u662f\u52a0\u4e0a\u8fd9\u4e2a\u52a8\u7269\u56ed\u5c31\u8981\u5356\u523030\u5757\u3002\u8d70\u540e\u95e8\u662f\u514d\u8d39\u7684\u3002\u8fdb\u53bb\u5403\u996d\u4e5f\u662f\u514d\u95e8\u7968\u7684\u3002\u6211\u4ed6\u5988\u590d\u5236\u94b1\u5c31\u662f\u4ee5\u4e3a\u52a8\u7269\u8868\u6f14\u56e2\u662f\u5728\u5ba4\u5185\u7684\uff0c\u8fdb\u53bb\u8981\u5fc5\u987b\u8981\u95e8\u7968\u624d\u80fd\u8fdb\u53bb\u3002\u6211\u4ee5\u4e3a\u662f\u8fd9\u79cd\u6211\u624d\u53bb\u4e70\u8fd9\u4e2a\u95e8\u7968\u7684\u3002\u8fd9\u666f\u533a\u771f\u7684\u662f\u628a\u4eba\u5f53\u6210\u7334\u5b50\u800d\u3002\u518d\u4e5f\u4e0d\u80fd\u76f8\u4fe1\u670b\u53cb\u5708\u91cc\u90a3\u4e9b\u5ba3\u4f20\u56fe\u4e86\uff0c\u592a\u5047\u4e86\u3002\u8fd9\u4e9b\u4e34\u65f6\u7684\u4e1c\u897f\u90fd\u662f\u5047\u7684\u3002\u8981\u53bb\u770b\u5fc5\u987b\u53bb\u4e13\u95e8\u6709\u8fd9\u79cd\u4e1c\u897f\u7684\u3002\u5b8c\u5168\u5c31\u662f\u5728\u4ea4\u667a\u5546\u7a0e\uff0c\u5b8c\u5168\u5c31\u662f\u628a\u4eba\u5f53\u6210\u50bb\u5b50\u800d\u3002\u91cc\u9762\u771f\u7684\u91cc\u9762\u4ec0\u4e48\u90fd\u6ca1\u6709\u8bc4\u8bba\u4e0a\u90fd\u662f\u8fd9\u6837\u8bf4\u7684\uff0c\u4ec0\u4e48\u90fd\u6ca1\u6709\uff0c\u6211\u8fc7\u53bb\u4e5f\u77e5\u9053\u91cc\u9762\u4ec0\u4e48\u90fd\u6ca1\u6709\u4e5f\u77e5\u9053\u8fdb\u53bb\u91cc\u9762\u5403\u996d\u5c31\u4e0d\u7528\u95e8\u7968\uff0c\u4f46\u662f\u6211\u5c31\u662f\u4e3a\u4e86\u770b\u90a3\u4e2a\u52a8\u7269\u8868\u6f14\u3002\u6742\u6280\u56e2\u8868\u6f14\uff0c\u6211\u5c31\u4ee5\u4e3a\u662f\u8fdb\u53bb\u8981\u90a3\u4e00\u4e2a\u95e8\u7968\u5ba4\u5185\u7684\u4ed6\u5ba3\u4f20\u56fe\u7684\u5c31\u662f\u5ba4\u5185\u7684\u3002\u4e3a\u6211\u624d\u4f1a\u53bb\u8d2d\u4e70\u8fd9\u4e2a\u95e8\u7968\u3002\u7ed3\u679c\u53ea\u662f\u9732\u5929\u7684\u5f88\u7b80\u964b\u3002\u6211\u83ab\u800d\u7684\u4e00\u5929\u6709\u4e09\u573a\uff0c\u6211\u4e0b\u5348\u8fc7\u53bb\uff0c\u665a\u4e0a\u5728\u666f\u533a\u5185\u5403\u996d\u5403\u5b8c\uff0c\u7b49\u5230\u4e868\u70b9\u591a\u4ed6\u90fd\u4e0d\u5f00\u59cb\u3002\u76f4\u63a5\u56de\u53bb\u4e86\u3002"", ""date"": ""2021-01-02"", ""score"": 1, ""commentId"": ""217711530"", ""imgs"": [{""small"": ""https://imgs.qunarzz.com/piao/fusion/2101/7d/caac687d6e6dc002.jpg_120x120_4e2a3745.jpg"", ""title"": """", ""big"": ""https://imgs.qunarzz.com/piao/fusion/2101/7d/caac687d6e6dc002.jpg""}, {""small"": ""https://imgs.qunarzz.com/piao/fusion/2101/4d/05e5bab5ac6d7f02.jpg_120x120_1922efe4.jpg"", ""title"": """", ""big"": ""https://imgs.qunarzz.com/piao/fusion/2101/4d/05e5bab5ac6d7f02.jpg""}, {""small"": ""https://imgs.qunarzz.com/piao/fusion/2101/18/60e10bdd9c9df902.jpg_120x120_aaa8595d.jpg"", ""title"": """", ""big"": ""https://imgs.qunarzz.com/piao/fusion/2101/18/60e10bdd9c9df902.jpg""}, {""small"": ""https://imgs.qunarzz.com/piao/fusion/2101/63/0c474cfb7c447702.jpg_120x120_43ade102.jpg"", ""title"": """", ""big"": ""https://imgs.qunarzz.com/piao/fusion/2101/63/0c474cfb7c447702.jpg""}], ""userNickName"": ""n*8"", ""replyCityName"": """", ""cityName"": """"}, {""author"": ""y*4"", ""content"": ""\u7528\u6237\u672a\u70b9\u8bc4\uff0c\u7cfb\u7edf\u9ed8\u8ba4\u597d\u8bc4\u3002"", ""date"": ""2021-05-12"", ""score"": 5, ""commentId"": ""218783429"", ""imgs"": [], ""userNickName"": ""y*4"", ""replyCityName"": """", ""cityName"": """"}, {""author"": ""y*4"", ""content"": ""\u7528\u6237\u672a\u70b9\u8bc4\uff0c\u7cfb\u7edf\u9ed8\u8ba4\u597d\u8bc4\u3002"", ""date"": ""2021-05-12"", ""score"": 5, ""commentId"": ""218783422"", ""imgs"": [], ""userNickName"": ""y*4"", ""replyCityName"": """", ""cityName"": """"}, {""author"": ""n*7"", ""content"": ""\u7528\u6237\u672a\u70b9\u8bc4\uff0c\u7cfb\u7edf\u9ed8\u8ba4\u597d\u8bc4\u3002"", ""date"": ""2021-02-01"", ""score"": 5, ""commentId"": ""217881219"", ""imgs"": [], ""userNickName"": ""n*7"", ""replyCityName"": """", ""cityName"": """"}, {""author"": ""k*6"", ""content"": ""\u7528\u6237\u672a\u70b9\u8bc4\uff0c\u7cfb\u7edf\u9ed8\u8ba4\u597d\u8bc4\u3002"", ""date"": ""2021-01-26"", ""score"": 5, ""commentId"": ""217826547"", ""imgs"": [], ""userNickName"": ""k*6"", ""replyCityName"": """", ""cityName"": """"}, {""author"": ""z*9"", ""content"": ""\u7528\u6237\u672a\u70b9\u8bc4\uff0c\u7cfb\u7edf\u9ed8\u8ba4\u597d\u8bc4\u3002"", ""date"": ""2020-12-24"", ""score"": 5, ""commentId"": ""217658290"", ""imgs"": [], ""userNickName"": ""z*9"", ""replyCityName"": """", ""cityName"": """"}, {""author"": ""i*8"", ""content"": ""\u6ca1\u4eba\u7ba1\u7406\u7684\u611f\u89c9\uff0c\u666f\u70b9\u592a\u4e00\u822c\uff0c\u536b\u751f\u548c\u8349\u6728\u6811\u82b1\u6ca1\u6709\u62a4\u7406\u6253\u7406\u7684\u597d\uff0c\u603b\u4e4b\u6e38\u73a9\u611f\u5dee\uff0c\u4ec5\u5b58\u7684\u52a8\u7269\u4e5f\u597d\u53ef\u601c"", ""date"": ""2019-05-23"", ""score"": 1, ""commentId"": ""210475680"", ""imgs"": [], ""userNickName"": ""i*8"", ""replyCityName"": """", ""cityName"": """"}, {""author"": ""k*0"", ""content"": ""\u8352\u6dbc\uff0c\u6ca1\u6709\u4ec0\u4e48\u53ef\u6e38\u73a9\u3002\u505c\u8f66\u8fd8\u898110\u5143\u3002"", ""date"": ""2019-02-06"", ""score"": 1, ""commentId"": ""209233449"", ""imgs"": [], ""userNickName"": ""k*0"", ""replyCityName"": """", ""cityName"": """"}, {""author"": ""s*4\uff08\u8be5\u7528\u6237\u5df2\u6ce8\u9500\uff09"", ""content"": ""\u6253\u6b7b\u90fd\u4e0d\u80fd\u6765\uff0c\u95e8\u7968\u8fd8\u898130\uff0c\u611f\u89c9\u5c31\u662f\u8352\u90ca\u91ce\u5cad"", ""date"": ""2018-10-03"", ""score"": 1, ""commentId"": ""208074038"", ""imgs"": [{""small"": ""https://imgs.qunarzz.com/piao/fusion/1810/e3/c483c608fabb0a02.jpg_120x120_afaef9d4.jpg"", ""title"": """", ""big"": ""https://imgs.qunarzz.com/piao/fusion/1810/e3/c483c608fabb0a02.jpg""}, {""small"": ""https://imgs.qunarzz.com/piao/fusion/1810/8f/ad321fd2f354fc02.jpg_120x120_ac44bfd6.jpg"", ""title"": """", ""big"": ""https://imgs.qunarzz.com/piao/fusion/1810/8f/ad321fd2f354fc02.jpg""}, {""small"": ""https://imgs.qunarzz.com/piao/fusion/1810/db/048223361cf2ba02.jpg_120x120_a3054dd2.jpg"", ""title"": """", ""big"": ""https://imgs.qunarzz.com/piao/fusion/1810/db/048223361cf2ba02.jpg""}], ""userNickName"": ""s*4\uff08\u8be5\u7528\u6237\u5df2\u6ce8\u9500\uff09"", ""replyCityName"": """", ""cityName"": """"}, {""author"": ""c*0"", ""content"": ""\u6ca1\u6709\u4e00\u70b9\u770b\u5934\uff0c\u95e8\u796820\u5143\uff0c\u4e0d\u770b\u4e0d\u77e5\u9053\uff0c\u4e00\u6765\u53ea\u6709\u540e\u6094"", ""date"": ""2018-04-01"", ""score"": 1, ""commentId"": ""205754763"", ""imgs"": [], ""userNickName"": ""c*0"", ""replyCityName"": """", ""cityName"": """"}], ""score"": 3.0, ""commentCount"": 10}, ""statusCode"": 200}"
枫溪陶瓷城,https://imgs.qunarzz.com/sight/p0/201403/07/f05ecd95eeef89bef2471f56008569fa.jpg_280x200_7eb1b17d.jpg,潮州市,潮安区,广东省潮州市潮安县枫溪陶瓷城,1,5.0,枫溪陶瓷城占地面积30000平方米，建有一座6层建筑面积15000平方米的枫溪陶瓷展览中心。走进枫溪陶瓷城大厅，首先映人,https://piao.qunar.com/ticket/detail_3646370027.html?st=a3clM0QlRTYlQkQlQUUlRTUlQUUlODklRTUlOEMlQkElMjZpZCUzRDExNTUzJTI2dHlwZSUzRDAlMjZpZHglM0QxMiUyNnF0JTNEJTI2YXBrJTNEMiUyNnNjJTNEV1dXJTI2dXIlM0QlRTQlQjglQUQlRTUlQjElQjElMjZsciUzRCVFNCVCOCVBRCVFNSVCMSVCMSUyNmZ0JTNEJTdCJTdE#from=mpl_search_suggest,-1.0,N/A,枫溪陶瓷城占地面积30000平方米，建有一座6层建筑面积15000平方米的枫溪陶瓷展览中心。走进枫溪陶瓷城大厅，首先映人你视线的是那载入吉尼斯世界大全的大型浮雕陶瓷壁面《清明上河图》，这幅长62米、宽2.9米的陶瓷壁画主图由1352块浮雕陶瓷板组成， 壁面气势磅礴，技艺精湛，人物栩栩如生，景物气象万千，不知让多少游客为之陶醉。第三层为常设展厅，固定展出枫溪历年来创作的陶瓷精品5000多件。在这个展览中心看到的是琳琅满目、形态各异的陶瓷珍品。这里是“陶瓷世界”，有餐具、茶具、咖啡具、仿古瓷、礼品瓷、陈设瓷、圣诞瓷、装饰瓷、园林瓷、建筑卫生瓷等十多个门类，让人目不暇接。这里有国际博览会金奖系列通花瓶，有《双龙戏珠》通花屏风，有人物瓷塑，有通花瓷瓶，有古陶瓷......展现了枫溪陶瓷的风。枫溪的工艺美术瓷以瓷质洁白、釉色丰润、造型精美、格调清新著称，素有白如玉、薄如纸、明如镜、细如丝、声如馨的赞誉。美术瓷作品以细腻、优美、传神见长。系列堆花通雕花瓶，是在保加利亚举行第六届普罗夫迪夫国际博览会上荣获金奖的精品。《双龙戏珠》大型屏风。一对威武雄健的金龙，舞跃于云海之间，共戏一颗冉冉升起的明珠。让人惊奇的是屏风通电后，双层通花明珠球慢慢转悠，通剔透亮，龙眼一闪一闪，真是“活龙活现”呢。在新加坡展出引起轰动，被誉为“古代艺术与现代艺术的结晶，代表中国工艺美术的登峰造极”。枫溪陶瓷城不仅是艺术之城，而且这里展出的陶瓷工艺品有着极高的研究价值。,暂无,https://imgs.qunarzz.com/sight/p0/201403/07/f05ecd95eeef89bef2471f56008569fa.jpg_710x360_c3fb3d74.jpg〇https://qimgs.qunarzz.com/piao_qsight_provider_piao_qsight_web/e2f0790a104bfef7.jpg_710x360_3045c503.jpg〇https://qimgs.qunarzz.com/piao_qsight_provider_piao_qsight_web/9335337b6ecbc1b29cf1d911be01bbd2.jpg_710x360_2b4a8aeb.jpg,"{""ret"": true, ""data"": {""tagList"": [{""tagType"": 1, ""tagScore"": 5, ""tagNum"": 1, ""tagName"": ""\u597d\u8bc4""}, {""tagType"": 0, ""tagScore"": 5, ""tagNum"": 1, ""tagName"": ""\u5168\u90e8""}], ""commentList"": [{""author"": ""p*9"", ""content"": ""\u9676\u74f7\u6587\u5316\u662f\u6f6e\u5dde\u53e4\u57ce\u7684\u7ecf\u6d4e\u652f\u67f1!"", ""date"": ""2016-01-15"", ""score"": 5, ""commentId"": ""102353439"", ""imgs"": [{""small"": ""https://imgs.qunarzz.com/piao/fusion/1601/c6/e2f0790a104bfef7.jpg_120x120_4ad93983.jpg"", ""title"": """", ""big"": ""https://imgs.qunarzz.com/piao/fusion/1601/c6/e2f0790a104bfef7.jpg""}], ""userNickName"": ""p*9"", ""replyCityName"": """", ""cityName"": """"}], ""score"": 5.0, ""commentCount"": 1}, ""statusCode"": 200}"
叫水坑原始森林,https://imgs.qunarzz.com/sight/p38/201211/01/aae2b19f8ffd721293835fbb.jpg_280x200_1f059ee8.jpg,潮州市,潮安区,广东省潮州市潮安县大山镇,1,5.0,叫水坑原始森林是潮安县大山镇一个小山村。在过去很长的一段时间，山村一直都是默默无闻。到了近年”。许多山外的旅游者更是被原,https://piao.qunar.com/ticket/detail_1135589960.html?st=a3clM0QlRTYlQkQlQUUlRTUlQUUlODklRTUlOEMlQkElMjZpZCUzRDEyMjI5JTI2dHlwZSUzRDAlMjZpZHglM0QxMSUyNnF0JTNEJTI2YXBrJTNEMiUyNnNjJTNEV1dXJTI2dXIlM0QlRTQlQjglQUQlRTUlQjElQjElMjZsciUzRCVFNCVCOCVBRCVFNSVCMSVCMSUyNmZ0JTNEJTdCJTdE#from=mpl_search_suggest,-1.0,N/A,叫水坑原始森林是潮安县大山镇一个小山村。在过去很长的一段时间，山村一直都是默默无闻。到了近年”。许多山外的旅游者更是被原始森林神秘的色彩所吸引，纷纷不辞辛劳，来此游览观光。这里有林面积近5000亩，密林面积近2000亩，其中鹤顶山方圆500亩的密林属原始森林，从未开采砍伐过。林中还有成片的古树林400亩，据村民介绍，古树林都有年逾超过300年的树龄，其中一棵犁树已近700年，胸围达6.5米。因为生态环境十分理想，密林中鸟兽种类也相当丰富，斑鸠、鹧鸪、山鸡、彩雀、画眉、野兔等野生动物屡屡可见。在村的四周，还有连片毛竹林1500亩，景色十分壮观。此外，在村东南坡还有一片面积上千亩的宜牧草地。,01/01-12/31；9:00-18:00开园,https://imgs.qunarzz.com/sight/p38/201211/01/aae2b19f8ffd721293835fbb.jpg_710x360_98e8cd6d.jpg〇https://qimgs.qunarzz.com/piao_qsight_provider_piao_qsight_web/fa6ade2f92d3c02.jpg_710x360_93d3bec5.jpg〇https://qimgs.qunarzz.com/piao_qsight_provider_piao_qsight_web/e6c0a650786b8f02.jpg_710x360_ea6aed9b.jpg〇https://qimgs.qunarzz.com/piao_qsight_provider_piao_qsight_web/1f1038fa560fc302.jpg_710x360_2baeba66.jpg〇https://qimgs.qunarzz.com/piao_qsight_provider_piao_qsight_web/45f067dedbe10002.jpg_710x360_a4fd88ed.jpg〇https://qimgs.qunarzz.com/piao_qsight_provider_piao_qsight_web/5832fb76bc688302.jpg_710x360_fe4bbc13.jpg〇https://qimgs.qunarzz.com/piao_qsight_provider_piao_qsight_web/84dde3c90449ed02.jpg_710x360_bab10ed5.jpg〇https://qimgs.qunarzz.com/piao_qsight_provider_piao_qsight_web/40a33251586d5502.jpg_710x360_2eb5a9e6.jpg〇https://qimgs.qunarzz.com/piao_qsight_provider_piao_qsight_web/3b35fd7303865802.jpg_710x360_8fa025f3.jpg〇https://qimgs.qunarzz.com/piao_qsight_provider_piao_qsight_web/d99a600c421f4e02.jpg_710x360_976409c7.jpg〇https://qimgs.qunarzz.com/piao_qsight_provider_piao_qsight_web/b40a2c452bb4537.jpg_710x360_f0ee4b3b.jpg〇https://qimgs.qunarzz.com/piao_qsight_provider_piao_qsight_web/af83f08cd60265f7.jpg_710x360_d45367d7.jpg,"{""ret"": true, ""data"": {""tagList"": [{""tagType"": 1, ""tagScore"": 5, ""tagNum"": 1, ""tagName"": ""\u597d\u8bc4""}, {""tagType"": 0, ""tagScore"": 5, ""tagNum"": 1, ""tagName"": ""\u5168\u90e8""}], ""commentList"": [{""author"": ""m*5"", ""content"": ""\u539f\u59cb\u68ee\u6797\uff0c\u6742\u8349\u4e1b\u751f\uff0c\u77f3\u5934\u4e0a\u8fd8\u957f\u6709\u82d4\u85d3\uff0c\u786e\u5b9e\u5f88\u539f\u59cb"", ""date"": ""2021-01-31"", ""score"": 5, ""commentId"": ""217845564"", ""imgs"": [{""small"": ""https://imgs.qunarzz.com/piao/fusion/2101/15/d99a600c421f4e02.jpg_120x120_98067557.jpg"", ""title"": """", ""big"": ""https://imgs.qunarzz.com/piao/fusion/2101/15/d99a600c421f4e02.jpg""}, {""small"": ""https://imgs.qunarzz.com/piao/fusion/2101/7f/3b35fd7303865802.jpg_120x120_9977336d.jpg"", ""title"": """", ""big"": ""https://imgs.qunarzz.com/piao/fusion/2101/7f/3b35fd7303865802.jpg""}, {""small"": ""https://imgs.qunarzz.com/piao/fusion/2101/bd/40a33251586d5502.jpg_120x120_d7594c74.jpg"", ""title"": """", ""big"": ""https://imgs.qunarzz.com/piao/fusion/2101/bd/40a33251586d5502.jpg""}, {""small"": ""https://imgs.qunarzz.com/piao/fusion/2101/ca/84dde3c90449ed02.jpg_120x120_00879ad6.jpg"", ""title"": """", ""big"": ""https://imgs.qunarzz.com/piao/fusion/2101/ca/84dde3c90449ed02.jpg""}, {""small"": ""https://imgs.qunarzz.com/piao/fusion/2101/c4/5832fb76bc688302.jpg_120x120_71f6149d.jpg"", ""title"": """", ""big"": ""https://imgs.qunarzz.com/piao/fusion/2101/c4/5832fb76bc688302.jpg""}, {""small"": ""https://imgs.qunarzz.com/piao/fusion/2101/52/45f067dedbe10002.jpg_120x120_47155c72.jpg"", ""title"": """", ""big"": ""https://imgs.qunarzz.com/piao/fusion/2101/52/45f067dedbe10002.jpg""}, {""small"": ""https://imgs.qunarzz.com/piao/fusion/2101/91/1f1038fa560fc302.jpg_120x120_49504fef.jpg"", ""title"": """", ""big"": ""https://imgs.qunarzz.com/piao/fusion/2101/91/1f1038fa560fc302.jpg""}, {""small"": ""https://imgs.qunarzz.com/piao/fusion/2101/57/e6c0a650786b8f02.jpg_120x120_6221ffed.jpg"", ""title"": """", ""big"": ""https://imgs.qunarzz.com/piao/fusion/2101/57/e6c0a650786b8f02.jpg""}, {""small"": ""https://imgs.qunarzz.com/piao/fusion/2101/70/fa6ade2f92d3c02.jpg_120x120_e38809f7.jpg"", ""title"": """", ""big"": ""https://imgs.qunarzz.com/piao/fusion/2101/70/fa6ade2f92d3c02.jpg""}], ""userNickName"": ""m*5"", ""replyCityName"": """", ""cityName"": """"}], ""score"": 5.0, ""commentCount"": 1}, ""statusCode"": 200}"
幽峪逸林旅游区,https://qimgs.qunarzz.com/piao_qsight_provider_piao_qsight_web/100u1f000001gq7oo4D8A_C_900_504.jpg_280x200_a285315f.jpg,潮州市,潮安区,广东省潮州市潮安区归湖镇枫土村,236,4.4,瀑布群逶迤而下，风光旖旎,https://piao.qunar.com/ticket/detail_4022481035.html?st=a3clM0QlRTYlQkQlQUUlRTUlQUUlODklRTUlOEMlQkElMjZpZCUzRDE4ODEyMiUyNnR5cGUlM0QwJTI2aWR4JTNEMTAlMjZxdCUzRCUyNmFwayUzRDIlMjZzYyUzRFdXVyUyNnVyJTNEJUU0JUI4JUFEJUU1JUIxJUIxJTI2bHIlM0QlRTQlQjglQUQlRTUlQjElQjElMjZmdCUzRCU3QiU3RA%3D%3D#from=mpl_search_suggest,-1.0,N/A,"幽峪逸林旅游区位于广东省潮州市的北部，凤凰山西边,距离潮州市区约38公里。是一处恬静、秀美的自然生态旅游区，2005年5月对外开放。旅游区藏于山谷之中，有6个大小不一形态各异的水流瀑布，其溪流奔泻逶迤而下，既有潺潺流水，又有涓涓细流，还有泉水叮咚响100米，展现着一幅人与自然和谐相处的魅力图景，令人流连忘返。浓郁亚热带森林特色的山沟峡谷，清澈见底的清潭、深幽宁静的石洞、千姿百态的岩石、荆棘丛生的原始雨林灌木，步步有景，令人目不暇接。松岩观涛、情人石、处女泉、千年藤、奇特古榕树、罕见的竹柏树以及人工搭建的竹棚“芳榴楼”、“公鸡竂”等休闲亭台坐在青山绿水之中，美不胜收。这里还有无污染蔬菜，瓜果、生姜、茶叶及家养的禽畜及自制的糯米酒、青梅酒等丰富的绿色健康食品。",1/1-12/31；周一至周日；09:00-18:00开园,https://qimgs.qunarzz.com/piao_qsight_provider_piao_qsight_web/100u1f000001gq7oo4D8A_C_900_504.jpg_710x360_385bf5ca.jpg〇https://qimgs.qunarzz.com/piao_qsight_provider_piao_qsight_web/350g0x000000l8dc08B97_C_900_504_Q90_Mtg_7.jpg_710x360_783b4941.jpg〇https://qimgs.qunarzz.com/piao_qsight_provider_piao_qsight_web/350w0x000000ldpnt649C_C_900_504_Q90_Mtg_7.jpg_710x360_964d5077.jpg〇https://qimgs.qunarzz.com/piao_qsight_provider_piao_qsight_web/350r0x000000l64v9F2D9_C_900_504_Q90_Mtg_7.jpg_710x360_2ff211c8.jpg〇https://qimgs.qunarzz.com/piao_qsight_provider_piao_qsight_web/350b0x000000la2fj42B4_C_900_504_Q90_Mtg_7.jpg_710x360_e57d33b2.jpg〇https://qimgs.qunarzz.com/piao_qsight_provider_piao_qsight_web/100u1f000001gq7oo4D8A_C_900_504_Q90_Mtg_7.jpg_710x360_69307d91.jpg〇https://imgs.qunarzz.com/sight/p0/1409/10/b0c139ea854739de29e3a9d61a68c062.jpg_710x360_d1e6f3f9.jpg〇https://imgs.qunarzz.com/sight/p0/1409/10/83c54cc3d3a4b6c6aff32b509500fdf5.jpg_710x360_050938a3.jpg〇https://imgs.qunarzz.com/sight/p0/1409/10/5a941eb9735b85b3f292b2a10fc3b395.jpeg_710x360_f0fa3b0b.jpeg〇https://qimgs.qunarzz.com/piao_qsight_provider_piao_qsight_web/1549740557056100h11000000qktbh463A_D_640_10000.jpg_710x360_9e11b220.jpg〇https://qimgs.qunarzz.com/piao_qsight_provider_piao_qsight_web/2866ac63d14c7002.jpg_710x360_03134580.jpg〇https://qimgs.qunarzz.com/piao_qsight_provider_piao_qsight_web/f187552f07a13802.jpg_710x360_75775186.jpg〇https://qimgs.qunarzz.com/piao_qsight_provider_piao_qsight_web/1d648302fbe97002.jpg_710x360_bf425151.jpg〇https://qimgs.qunarzz.com/piao_qsight_provider_piao_qsight_web/0a100d9d6fb71b02.jpg_710x360_a9067352.jpg〇https://qimgs.qunarzz.com/piao_qsight_provider_piao_qsight_web/224381a3291d8402.jpg_710x360_db7eb080.jpg〇https://qimgs.qunarzz.com/piao_qsight_provider_piao_qsight_web/bd28f17c5b5c2102.jpg_710x360_fcfccedc.jpg〇https://qimgs.qunarzz.com/piao_qsight_provider_piao_qsight_web/f21d5fee37454402.jpg_710x360_8d727b1d.jpg〇https://qimgs.qunarzz.com/piao_qsight_provider_piao_qsight_web/e86a5d53cc08a702.jpg_710x360_62fb53b5.jpg〇https://qimgs.qunarzz.com/piao_qsight_provider_piao_qsight_web/db1bf4b8efdbee02.jpg_710x360_d64af846.jpg〇https://qimgs.qunarzz.com/piao_qsight_provider_piao_qsight_web/cf26db9673dfd102.jpg_710x360_c098aba1.jpg〇https://qimgs.qunarzz.com/piao_qsight_provider_piao_qsight_web/5c19175c84c70502.jpg_710x360_c8b24578.jpg〇https://qimgs.qunarzz.com/piao_qsight_provider_piao_qsight_web/3b948903f22b8002.jpg_710x360_916b4d00.jpg〇https://qimgs.qunarzz.com/piao_qsight_provider_piao_qsight_web/09a4b9ca8b521b02.jpg_710x360_cdb96e9a.jpg〇https://qimgs.qunarzz.com/piao_qsight_provider_piao_qsight_web/f07727a2ebd14d02.jpg_710x360_8c2aa011.jpg〇https://qimgs.qunarzz.com/piao_qsight_provider_piao_qsight_web/14406ca092bcc902.jpg_710x360_ca3daeff.jpg〇https://qimgs.qunarzz.com/piao_qsight_provider_piao_qsight_web/c4b45ea3e3c58c02.jpg_710x360_155c9025.jpg〇https://qimgs.qunarzz.com/piao_qsight_provider_piao_qsight_web/500cbb5e553b9402.jpg_710x360_433e95bd.jpg〇https://qimgs.qunarzz.com/piao_qsight_provider_piao_qsight_web/b625aa16debb5b02.jpg_710x360_0d02e65e.jpg〇https://qimgs.qunarzz.com/piao_qsight_provider_piao_qsight_web/435a727e71267302.jpg_710x360_52223773.jpg,"{""ret"": true, ""data"": {""tagList"": [{""tagType"": 32, ""tagScore"": 5, ""tagNum"": 6, ""tagName"": ""\u670d\u52a1\u597d""}, {""tagType"": 16, ""tagScore"": 5, ""tagNum"": 6, ""tagName"": ""\u9760\u8c31""}, {""tagType"": 8, ""tagScore"": 5, ""tagNum"": 8, ""tagName"": ""\u4fbf\u5b9c""}, {""tagType"": 4, ""tagScore"": 5, ""tagNum"": 13, ""tagName"": ""\u53d6\u7968\u65b9\u4fbf""}, {""tagType"": 3, ""tagScore"": 5, ""tagNum"": 2, ""tagName"": ""\u5dee\u8bc4""}, {""tagType"": 2, ""tagScore"": 5, ""tagNum"": 15, ""tagName"": ""\u4e2d\u8bc4""}, {""tagType"": 1, ""tagScore"": 5, ""tagNum"": 203, ""tagName"": ""\u597d\u8bc4""}, {""tagType"": 0, ""tagScore"": 5, ""tagNum"": 236, ""tagName"": ""\u5168\u90e8""}], ""commentList"": [{""author"": ""t*4"", ""content"": ""\u666f\u8272\u8f83\u4e3a\u666e\u901a\uff0c\u4f11\u606f\u7684\u5730\u65b9\u6bd4\u8f83\u591a\uff0c\u9002\u5408\u4f11\u95f2"", ""date"": ""2018-10-05"", ""score"": 4, ""commentId"": ""208086966"", ""imgs"": [{""small"": ""https://imgs.qunarzz.com/piao/fusion/1810/6b/3b948903f22b8002.jpg_120x120_81e64faf.jpg"", ""title"": """", ""big"": ""https://imgs.qunarzz.com/piao/fusion/1810/6b/3b948903f22b8002.jpg""}, {""small"": ""https://imgs.qunarzz.com/piao/fusion/1810/12/5c19175c84c70502.jpg_120x120_1ed0f70b.jpg"", ""title"": """", ""big"": ""https://imgs.qunarzz.com/piao/fusion/1810/12/5c19175c84c70502.jpg""}, {""small"": ""https://imgs.qunarzz.com/piao/fusion/1810/d3/cf26db9673dfd102.jpg_120x120_655b19fa.jpg"", ""title"": """", ""big"": ""https://imgs.qunarzz.com/piao/fusion/1810/d3/cf26db9673dfd102.jpg""}, {""small"": ""https://imgs.qunarzz.com/piao/fusion/1810/e4/db1bf4b8efdbee02.jpg_120x120_46e132df.jpg"", ""title"": """", ""big"": ""https://imgs.qunarzz.com/piao/fusion/1810/e4/db1bf4b8efdbee02.jpg""}, {""small"": ""https://imgs.qunarzz.com/piao/fusion/1810/a0/e86a5d53cc08a702.jpg_120x120_cdac5df6.jpg"", ""title"": """", ""big"": ""https://imgs.qunarzz.com/piao/fusion/1810/a0/e86a5d53cc08a702.jpg""}], ""userNickName"": ""t*4"", ""replyCityName"": """", ""cityName"": """"}, {""author"": ""z*5"", ""content"": ""\u73af\u5883\u8fd8\u4e0d\u9519\uff0c\u5230\u5904\u90fd\u6709\u4f11\u606f\u7684\u5730\u65b9\uff0c\u8fd8\u6709\u514d\u8d39\u7684\u8336\u6c34\uff0c\u6d17\u624b\u95f4\u4e5f\u6709\u5f88\u591a\u3002"", ""date"": ""2018-11-09"", ""score"": 4, ""commentId"": ""208535524"", ""imgs"": [{""small"": ""https://imgs.qunarzz.com/piao/fusion/1811/fe/0a100d9d6fb71b02.jpg_120x120_1ca43705.jpg"", ""title"": """", ""big"": ""https://imgs.qunarzz.com/piao/fusion/1811/fe/0a100d9d6fb71b02.jpg""}, {""small"": ""https://imgs.qunarzz.com/piao/fusion/1811/91/1d648302fbe97002.jpg_120x120_f6dbecb7.jpg"", ""title"": """", ""big"": ""https://imgs.qunarzz.com/piao/fusion/1811/91/1d648302fbe97002.jpg""}, {""small"": ""https://imgs.qunarzz.com/piao/fusion/1811/30/f187552f07a13802.jpg_120x120_7c3d9a6e.jpg"", ""title"": """", ""big"": ""https://imgs.qunarzz.com/piao/fusion/1811/30/f187552f07a13802.jpg""}, {""small"": ""https://imgs.qunarzz.com/piao/fusion/1811/f0/2866ac63d14c7002.jpg_120x120_7082ed42.jpg"", ""title"": """", ""big"": ""https://imgs.qunarzz.com/piao/fusion/1811/f0/2866ac63d14c7002.jpg""}], ""userNickName"": ""z*5"", ""replyCityName"": """", ""cityName"": """"}, {""author"": ""P*o"", ""content"": ""\u6211\u5f53\u65f6\u53bb\uff0c\u6ca1\u6709\u6c34\uff0c\u6709\u70b9\u5c0f\u5931\u671b\uff0c\u6240\u4ee5\u8fd8\u662f\u8981\u9009\u5b63\u8282\uff0c\u6709\u96e8\u6c34\u6bd4\u8f83\u591a\uff0c\u79ef\u591f\u6c34\uff0c\u624d\u6709\u5c0f\u7011\u5e03\uff0c\u770b\u8d77\u6765\u6bd4\u8f83\u597d\uff0c\u542c\u7740\u6f7a\u6f7a\u6c34\u58f0\uff0c\u5fc3\u60c5\u8212\u7545\u4e9b"", ""date"": ""2019-04-18"", ""score"": 4, ""commentId"": ""210130168"", ""imgs"": [], ""userNickName"": ""P*o"", ""replyCityName"": """", ""cityName"": """"}, {""author"": ""s*2"", ""content"": ""\u7528\u6237\u672a\u70b9\u8bc4\uff0c\u7cfb\u7edf\u9ed8\u8ba4\u597d\u8bc4\u3002"", ""date"": ""2019-05-01"", ""score"": 5, ""commentId"": ""210173424"", ""imgs"": [], ""userNickName"": ""s*2"", ""replyCityName"": """", ""cityName"": """"}, {""author"": ""R*7"", ""content"": ""\u7528\u6237\u672a\u70b9\u8bc4\uff0c\u7cfb\u7edf\u9ed8\u8ba4\u597d\u8bc4\u3002"", ""date"": ""2019-04-17"", ""score"": 5, ""commentId"": ""210048278"", ""imgs"": [], ""userNickName"": ""R*7"", ""replyCityName"": """", ""cityName"": """"}, {""author"": ""M*7"", ""content"": ""\u771f\u662f\u5f88\u4e00\u822c\u5f88\u4e00\u822c\u7684\u5730\u65b9\uff0c\u4e00\u5708\u8d70\u4e0b\u6765\u7528\u4e0d\u4e86\u591a\u4e45\uff0c\u552f\u4e00\u53ef\u53d6\u7684\u5730\u65b9\u5c31\u662f\u6709\u514d\u8d39\u5de5\u592b\u8336\u53ef\u4ee5\u559d\uff0c\u603b\u7ed3\u4e00\u53e5\uff0c\u4ee5\u540e\u4e0d\u4f1a\u518d\u53bb\u4e86\uff01"", ""date"": ""2018-10-21"", ""score"": 3, ""commentId"": ""208268372"", ""imgs"": [{""small"": ""https://imgs.qunarzz.com/p/tts6/1810/3d/f21d5fee37454402.jpg_120x120_0b422bef.jpg"", ""title"": """", ""big"": ""https://imgs.qunarzz.com/p/tts6/1810/3d/f21d5fee37454402.jpg""}, {""small"": ""https://imgs.qunarzz.com/p/tts2/1810/71/bd28f17c5b5c2102.jpg_120x120_a0b6877a.jpg"", ""title"": """", ""big"": ""https://imgs.qunarzz.com/p/tts2/1810/71/bd28f17c5b5c2102.jpg""}, {""small"": ""https://imgs.qunarzz.com/p/tts0/1810/67/224381a3291d8402.jpg_120x120_7f560b0f.jpg"", ""title"": """", ""big"": ""https://imgs.qunarzz.com/p/tts0/1810/67/224381a3291d8402.jpg""}], ""userNickName"": ""M*7"", ""replyCityName"": """", ""cityName"": """"}, {""author"": ""t*9"", ""content"": ""\u7528\u6237\u672a\u70b9\u8bc4\uff0c\u7cfb\u7edf\u9ed8\u8ba4\u597d\u8bc4\u3002"", ""date"": ""2019-03-13"", ""score"": 5, ""commentId"": ""209671847"", ""imgs"": [], ""userNickName"": ""t*9"", ""replyCityName"": """", ""cityName"": """"}, {""author"": ""t*9"", ""content"": ""\u7528\u6237\u672a\u70b9\u8bc4\uff0c\u7cfb\u7edf\u9ed8\u8ba4\u597d\u8bc4\u3002"", ""date"": ""2019-03-13"", ""score"": 5, ""commentId"": ""209663470"", ""imgs"": [], ""userNickName"": ""t*9"", ""replyCityName"": """", ""cityName"": """"}, {""author"": ""w*3"", ""content"": ""\u7528\u6237\u672a\u70b9\u8bc4\uff0c\u7cfb\u7edf\u9ed8\u8ba4\u597d\u8bc4\u3002"", ""date"": ""2019-03-12"", ""score"": 5, ""commentId"": ""209639547"", ""imgs"": [], ""userNickName"": ""w*3"", ""replyCityName"": """", ""cityName"": """"}, {""author"": ""n*5"", ""content"": ""\u7528\u6237\u672a\u70b9\u8bc4\uff0c\u7cfb\u7edf\u9ed8\u8ba4\u597d\u8bc4\u3002"", ""date"": ""2019-03-11"", ""score"": 5, ""commentId"": ""209591871"", ""imgs"": [], ""userNickName"": ""n*5"", ""replyCityName"": """", ""cityName"": """"}], ""score"": 4.4, ""commentCount"": 236}, ""statusCode"": 200}"
凤凰天池,https://qimgs.qunarzz.com/piao_qsight_provider_piao_qsight_web/0104012000f6puwq594D3_C_900_504.jpg_280x200_423a790b.jpg,潮州市,潮安区,潮州市潮安县凤凰镇凤凰山脉乌山东峰顶部,33,5.0,由古火山口形成的自然湖泊,https://piao.qunar.com/ticket/detail_2438378417.html?st=a3clM0QlRTYlQkQlQUUlRTUlQUUlODklRTUlOEMlQkElMjZpZCUzRDUxNDIxMyUyNnR5cGUlM0QwJTI2aWR4JTNEOSUyNnF0JTNEJTI2YXBrJTNEMiUyNnNjJTNEV1dXJTI2dXIlM0QlRTQlQjglQUQlRTUlQjElQjElMjZsciUzRCVFNCVCOCVBRCVFNSVCMSVCMSUyNmZ0JTNEJTdCJTdE#from=mpl_search_suggest,-1.0,N/A,N/A,1/1-12/31；周一至周日；全天开放,https://qimgs.qunarzz.com/piao_qsight_provider_piao_qsight_web/0104012000f6puwq594D3_C_900_504.jpg_710x360_bc5c7b77.jpg〇https://qimgs.qunarzz.com/piao_qsight_provider_piao_qsight_web/0104012000f6puwq594D3_C_900_504_Q90_Mtg_7.jpg_710x360_c590f2b8.jpg〇https://qimgs.qunarzz.com/piao_qsight_provider_piao_qsight_web/0106c1200092lkhkw6933_C_900_504_Q90_Mtg_7.jpg_710x360_6e932bb8.jpg〇https://qimgs.qunarzz.com/piao_qsight_provider_piao_qsight_web/0ww1o12000cj22un101EE_C_900_504_Q90_Mtg_7.jpg_710x360_f2d316d9.jpg,"{""ret"": true, ""data"": {""tagList"": [{""tagType"": 1, ""tagScore"": 5, ""tagNum"": 33, ""tagName"": ""\u597d\u8bc4""}, {""tagType"": 0, ""tagScore"": 5, ""tagNum"": 33, ""tagName"": ""\u5168\u90e8""}], ""commentList"": [{""author"": ""\u516d*\u8377"", ""content"": ""\u7528\u6237\u672a\u70b9\u8bc4\uff0c\u7cfb\u7edf\u9ed8\u8ba4\u597d\u8bc4\u3002"", ""date"": ""2024-10-31"", ""score"": 5, ""commentId"": ""237910643"", ""imgs"": [], ""userNickName"": ""\u516d*\u8377"", ""replyCityName"": """", ""cityName"": """"}, {""author"": ""\u53bb*\u6237"", ""content"": ""\u7528\u6237\u672a\u70b9\u8bc4\uff0c\u7cfb\u7edf\u9ed8\u8ba4\u597d\u8bc4\u3002"", ""date"": ""2024-10-31"", ""score"": 5, ""commentId"": ""237909908"", ""imgs"": [], ""userNickName"": ""\u53bb*\u6237"", ""replyCityName"": """", ""cityName"": """"}, {""author"": ""z*6"", ""content"": ""\u7528\u6237\u672a\u70b9\u8bc4\uff0c\u7cfb\u7edf\u9ed8\u8ba4\u597d\u8bc4\u3002"", ""date"": ""2024-10-31"", ""score"": 5, ""commentId"": ""237909856"", ""imgs"": [], ""userNickName"": ""z*6"", ""replyCityName"": """", ""cityName"": """"}, {""author"": ""l*6"", ""content"": ""\u7528\u6237\u672a\u70b9\u8bc4\uff0c\u7cfb\u7edf\u9ed8\u8ba4\u597d\u8bc4\u3002"", ""date"": ""2024-10-31"", ""score"": 5, ""commentId"": ""237909616"", ""imgs"": [], ""userNickName"": ""l*6"", ""replyCityName"": """", ""cityName"": """"}, {""author"": ""\u53bb*\u6237"", ""content"": ""\u7528\u6237\u672a\u70b9\u8bc4\uff0c\u7cfb\u7edf\u9ed8\u8ba4\u597d\u8bc4\u3002"", ""date"": ""2024-10-31"", ""score"": 5, ""commentId"": ""237909255"", ""imgs"": [], ""userNickName"": ""\u53bb*\u6237"", ""replyCityName"": """", ""cityName"": """"}, {""author"": ""s*9"", ""content"": ""\u7528\u6237\u672a\u70b9\u8bc4\uff0c\u7cfb\u7edf\u9ed8\u8ba4\u597d\u8bc4\u3002"", ""date"": ""2024-06-17"", ""score"": 5, ""commentId"": ""234351908"", ""imgs"": [], ""userNickName"": ""s*9"", ""replyCityName"": """", ""cityName"": """"}, {""author"": ""s*9"", ""content"": ""\u7528\u6237\u672a\u70b9\u8bc4\uff0c\u7cfb\u7edf\u9ed8\u8ba4\u597d\u8bc4\u3002"", ""date"": ""2024-06-17"", ""score"": 5, ""commentId"": ""234351897"", ""imgs"": [], ""userNickName"": ""s*9"", ""replyCityName"": """", ""cityName"": """"}, {""author"": ""x*9"", ""content"": ""\u7528\u6237\u672a\u70b9\u8bc4\uff0c\u7cfb\u7edf\u9ed8\u8ba4\u597d\u8bc4\u3002"", ""date"": ""2024-06-14"", ""score"": 5, ""commentId"": ""234327735"", ""imgs"": [], ""userNickName"": ""x*9"", ""replyCityName"": """", ""cityName"": """"}, {""author"": ""\u53bb*\u6237"", ""content"": ""\u7528\u6237\u672a\u70b9\u8bc4\uff0c\u7cfb\u7edf\u9ed8\u8ba4\u597d\u8bc4\u3002"", ""date"": ""2024-06-14"", ""score"": 5, ""commentId"": ""234327667"", ""imgs"": [], ""userNickName"": ""\u53bb*\u6237"", ""replyCityName"": """", ""cityName"": """"}, {""author"": ""\u53bb*\u6237"", ""content"": ""\u7528\u6237\u672a\u70b9\u8bc4\uff0c\u7cfb\u7edf\u9ed8\u8ba4\u597d\u8bc4\u3002"", ""date"": ""2024-06-14"", ""score"": 5, ""commentId"": ""234327666"", ""imgs"": [], ""userNickName"": ""\u53bb*\u6237"", ""replyCityName"": """", ""cityName"": """"}], ""score"": 5.0, ""commentCount"": 33}, ""statusCode"": 200}"
凤翔峡原始生态旅游区,https://qimgs.qunarzz.com/piao_qsight_provider_piao_qsight_web/350p16000000zchc5BDBE_C_900_504.jpg_280x200_49c73e6f.jpg,潮州市,潮安区,广东省潮州市潮安区凤凰镇凤湖村,604,4.8,山谷险峻，飞瀑成群,https://piao.qunar.com/ticket/detail_2642746044.html?st=a3clM0QlRTYlQkQlQUUlRTUlQUUlODklRTUlOEMlQkElMjZpZCUzRDM3NTQwJTI2dHlwZSUzRDAlMjZpZHglM0Q4JTI2cXQlM0QlMjZhcGslM0QyJTI2c2MlM0RXV1clMjZ1ciUzRCVFNCVCOCVBRCVFNSVCMSVCMSUyNmxyJTNEJUU0JUI4JUFEJUU1JUIxJUIxJTI2ZnQlM0QlN0IlN0Q%3D#from=mpl_search_suggest,-1.0,N/A,——凤凰山山脉东南翼，紧靠凤凰山脉第三峰——番岽山（1036M），也是凤凰山的南大门。雄丽多姿的凤凰山脉逶迤起伏，峰回路转到了大山地界，大山有一个凤湖村，背靠主峰1391米的高山，村前两座林木叠翠的青山中间形成了一条曲曲弯弯的峡谷，山谷险峻陡立，清泉如玉喷珠，这就是风景独特的凤翔峡。凤翔峡“凤峡留春，龙潭献瑞；翔云拱日，丽景怡情”。景区从山下的山门进去，一步一步向上攀登才能到达凤湖村前的玉湖休闲区。进山门，过岩隙，踩着盘山新开出来铺着鹅卵石的水泥小道，景区在陡峭的小道悬崖边架设一条长长的金属护栏，游人借助护栏一边欣赏清新旷远的峡谷，又可采抽几张好照片。凤翔峡保留着原生态之美，山谷间的吊桥、凉亭也是朴素无华。两边山坡绿荫如盖，绿的碧绿，蓝的翠蓝，在阳光照耀下，呈现出斑斓的色彩。峡谷间乱石纵横，奇岩兀立，泉水喷涌，银珠飞瀑，水潭幽深。顺着卵石小道愈往上行，山势愈险，许事地方是陡立的峭壁，上了年纪的人要走完全程很不容易。凤翔峡集凤凰山脉峡谷壮秀景色于一身，也是凤凰山脉中较具代表性的峡谷瀑布群。“扶阴听瀑”、“晶廉溅玉”、“苍龙饮峡”、“银河落汉”等瀑布组成了凤凰山脉独特的自然生态水系瀑布群。,1/1-12/31；周一至周日；08:30-16:30开园；（16:00停止入园）,https://qimgs.qunarzz.com/piao_qsight_provider_piao_qsight_web/350p16000000zchc5BDBE_C_900_504.jpg_710x360_c6607bc0.jpg〇https://qimgs.qunarzz.com/piao_qsight_provider_piao_qsight_web/350d16000000zbva51179_C_900_504_Q90_Mtg_7.jpg_710x360_cd1b4bbf.jpg〇https://qimgs.qunarzz.com/piao_qsight_provider_piao_qsight_web/350616000000zdyy383E5_C_900_504_Q90_Mtg_7.jpg_710x360_b5165a38.jpg〇https://qimgs.qunarzz.com/piao_qsight_provider_piao_qsight_web/350q16000000zemyjC0BF_C_900_504_Q90_Mtg_7.jpg_710x360_3f39b37e.jpg〇https://qimgs.qunarzz.com/piao_qsight_provider_piao_qsight_web/100j1f000001gpu8r553F_C_900_504_Q90_Mtg_7.jpg_710x360_42e378b7.jpg〇https://qimgs.qunarzz.com/piao_qsight_provider_piao_qsight_web/350o16000000zc6um3388_C_900_504_Q90_Mtg_7.jpg_710x360_5c8d2e3a.jpg〇https://qimgs.qunarzz.com/piao_qsight_provider_piao_qsight_web/350c16000000zfzqyED7A_C_900_504_Q90_Mtg_7.jpg_710x360_b46b00d4.jpg〇https://qimgs.qunarzz.com/piao_qsight_provider_piao_qsight_web/350c16000000zfzqb50C0_C_900_504_Q90_Mtg_7.jpg_710x360_fbd3f60a.jpg〇https://qimgs.qunarzz.com/piao_qsight_provider_piao_qsight_web/350s16000000zk86j2289_C_900_504_Q90_Mtg_7.jpg_710x360_fd61f057.jpg〇https://qimgs.qunarzz.com/piao_qsight_provider_piao_qsight_web/350p16000000zchc5BDBE_C_900_504_Q90_Mtg_7.jpg_710x360_b7a6230c.jpg〇https://imgs.qunarzz.com/sight/p0/201301/06/9af961236e0b89a693835fbb.jpg_710x360_53649606.jpg〇https://imgs.qunarzz.com/sight/p0/201301/06/83fddc0f3e17b04293835fbb.jpg_710x360_b82f50df.jpg〇https://imgs.qunarzz.com/sight/p0/201301/06/57dfdc4e08b8fb2c93835fbb.jpg_710x360_d2f60a91.jpg,"{""ret"": true, ""data"": {""tagList"": [{""tagType"": 32, ""tagScore"": 5, ""tagNum"": 2, ""tagName"": ""\u670d\u52a1\u597d""}, {""tagType"": 16, ""tagScore"": 5, ""tagNum"": 3, ""tagName"": ""\u9760\u8c31""}, {""tagType"": 8, ""tagScore"": 5, ""tagNum"": 2, ""tagName"": ""\u4fbf\u5b9c""}, {""tagType"": 4, ""tagScore"": 5, ""tagNum"": 3, ""tagName"": ""\u53d6\u7968\u65b9\u4fbf""}, {""tagType"": 3, ""tagScore"": 5, ""tagNum"": 7, ""tagName"": ""\u5dee\u8bc4""}, {""tagType"": 2, ""tagScore"": 5, ""tagNum"": 6, ""tagName"": ""\u4e2d\u8bc4""}, {""tagType"": 1, ""tagScore"": 5, ""tagNum"": 584, ""tagName"": ""\u597d\u8bc4""}, {""tagType"": 0, ""tagScore"": 5, ""tagNum"": 604, ""tagName"": ""\u5168\u90e8""}], ""commentList"": [{""author"": ""\u53bb*\u6237"", ""content"": ""\u7528\u6237\u672a\u70b9\u8bc4\uff0c\u7cfb\u7edf\u9ed8\u8ba4\u597d\u8bc4\u3002"", ""date"": ""2024-11-03"", ""score"": 5, ""commentId"": ""238291796"", ""imgs"": [], ""userNickName"": ""\u53bb*\u6237"", ""replyCityName"": """", ""cityName"": """"}, {""author"": ""m*9"", ""content"": ""\u7528\u6237\u672a\u70b9\u8bc4\uff0c\u7cfb\u7edf\u9ed8\u8ba4\u597d\u8bc4\u3002"", ""date"": ""2024-11-03"", ""score"": 5, ""commentId"": ""238200892"", ""imgs"": [], ""userNickName"": ""m*9"", ""replyCityName"": """", ""cityName"": """"}, {""author"": ""\u661f*8"", ""content"": ""\u7528\u6237\u672a\u70b9\u8bc4\uff0c\u7cfb\u7edf\u9ed8\u8ba4\u597d\u8bc4\u3002"", ""date"": ""2024-10-01"", ""score"": 5, ""commentId"": ""237439195"", ""imgs"": [], ""userNickName"": ""\u661f*8"", ""replyCityName"": """", ""cityName"": """"}, {""author"": ""\u53bb*\u6237"", ""content"": ""\u7528\u6237\u672a\u70b9\u8bc4\uff0c\u7cfb\u7edf\u9ed8\u8ba4\u597d\u8bc4\u3002"", ""date"": ""2024-10-01"", ""score"": 5, ""commentId"": ""237426938"", ""imgs"": [], ""userNickName"": ""\u53bb*\u6237"", ""replyCityName"": """", ""cityName"": """"}, {""author"": ""a*3"", ""content"": ""\u7528\u6237\u672a\u70b9\u8bc4\uff0c\u7cfb\u7edf\u9ed8\u8ba4\u597d\u8bc4\u3002"", ""date"": ""2024-09-28"", ""score"": 5, ""commentId"": ""237344182"", ""imgs"": [], ""userNickName"": ""a*3"", ""replyCityName"": """", ""cityName"": """"}, {""author"": ""\u53bb*\u6237"", ""content"": ""\u7528\u6237\u672a\u70b9\u8bc4\uff0c\u7cfb\u7edf\u9ed8\u8ba4\u597d\u8bc4\u3002"", ""date"": ""2024-09-22"", ""score"": 5, ""commentId"": ""237106042"", ""imgs"": [], ""userNickName"": ""\u53bb*\u6237"", ""replyCityName"": """", ""cityName"": """"}, {""author"": ""\u53bb*\u6237"", ""content"": ""\u7528\u6237\u672a\u70b9\u8bc4\uff0c\u7cfb\u7edf\u9ed8\u8ba4\u597d\u8bc4\u3002"", ""date"": ""2024-09-22"", ""score"": 5, ""commentId"": ""237104953"", ""imgs"": [], ""userNickName"": ""\u53bb*\u6237"", ""replyCityName"": """", ""cityName"": """"}, {""author"": ""\u53bb*\u6237"", ""content"": ""\u7528\u6237\u672a\u70b9\u8bc4\uff0c\u7cfb\u7edf\u9ed8\u8ba4\u597d\u8bc4\u3002"", ""date"": ""2023-06-02"", ""score"": 5, ""commentId"": ""226016332"", ""imgs"": [], ""userNickName"": ""\u53bb*\u6237"", ""replyCityName"": """", ""cityName"": """"}, {""author"": ""c*4"", ""content"": ""\u7528\u6237\u672a\u70b9\u8bc4\uff0c\u7cfb\u7edf\u9ed8\u8ba4\u597d\u8bc4\u3002"", ""date"": ""2023-06-01"", ""score"": 5, ""commentId"": ""225978698"", ""imgs"": [], ""userNickName"": ""c*4"", ""replyCityName"": """", ""cityName"": """"}, {""author"": ""c*4"", ""content"": ""\u7528\u6237\u672a\u70b9\u8bc4\uff0c\u7cfb\u7edf\u9ed8\u8ba4\u597d\u8bc4\u3002"", ""date"": ""2023-06-01"", ""score"": 5, ""commentId"": ""225976550"", ""imgs"": [], ""userNickName"": ""c*4"", ""replyCityName"": """", ""cityName"": """"}], ""score"": 4.8, ""commentCount"": 604}, ""statusCode"": 200}"
麒麟阁,https://qimgs.qunarzz.com/piao_qsight_provider_piao_qsight_web/100c1f000001gsw9o3EFF_C_900_504.jpg_280x200_b8dc2381.jpg,潮州市,潮安区,潮州市潮安区湖山北路9号,45,5.0,欣赏宏伟壮观的楼阁建筑,https://piao.qunar.com/ticket/detail_3940567738.html?st=a3clM0QlRTYlQkQlQUUlRTUlQUUlODklRTUlOEMlQkElMjZpZCUzRDQ3NTAwNSUyNnR5cGUlM0QwJTI2aWR4JTNENiUyNnF0JTNEJTI2YXBrJTNEMiUyNnNjJTNEV1dXJTI2dXIlM0QlRTQlQjglQUQlRTUlQjElQjElMjZsciUzRCVFNCVCOCVBRCVFNSVCMSVCMSUyNmZ0JTNEJTdCJTdE#from=mpl_search_suggest,-1.0,N/A,麒麟阁取意自汉代名阁，其设计风格突出五大元素：来自太医院的宫廷元素、来自潮汕的岭南元素、来自海派文化的江南元素、集成三大名楼的建筑元素和来自太安堂的医药元素。主体采用明五暗九的层级关系，外观五层五重檐，内含四个夹层，实际共九层。建筑基座采用三层分级的形式，层层收缩层层上升以烘托建筑的高达与宏伟，使得楼阁的稳重感与庄严感更加强烈。,1/1-12/31；周一至周日；08:30-17:30开园,https://qimgs.qunarzz.com/piao_qsight_provider_piao_qsight_web/100c1f000001gsw9o3EFF_C_900_504.jpg_710x360_d8656fd0.jpg〇https://qimgs.qunarzz.com/piao_qsight_provider_piao_qsight_web/100c14000000wl51x5DB2_C_900_504_Q90_Mtg_7.jpg_710x360_e50e7cdf.jpg〇https://qimgs.qunarzz.com/piao_qsight_provider_piao_qsight_web/100i14000000whbcuCB88_C_900_504_Q90_Mtg_7.jpg_710x360_f387bb15.jpg〇https://qimgs.qunarzz.com/piao_qsight_provider_piao_qsight_web/100714000000wz6he0A1D_C_900_504_Q90_Mtg_7.jpg_710x360_fe3d9514.jpg〇https://qimgs.qunarzz.com/piao_qsight_provider_piao_qsight_web/3504160000010ngv07E9A_C_900_504_Q90_Mtg_7.jpg_710x360_6596c67c.jpg〇https://qimgs.qunarzz.com/piao_qsight_provider_piao_qsight_web/350d160000010n08lEE4E_C_900_504_Q90_Mtg_7.jpg_710x360_5b07c252.jpg〇https://qimgs.qunarzz.com/piao_qsight_provider_piao_qsight_web/350417000001113dn1A5C_C_900_504_Q90_Mtg_7.jpg_710x360_6051d0fe.jpg〇https://qimgs.qunarzz.com/piao_qsight_provider_piao_qsight_web/350k160000010so19DD34_C_900_504_Q90_Mtg_7.jpg_710x360_c016ff85.jpg〇https://qimgs.qunarzz.com/piao_qsight_provider_piao_qsight_web/3503160000010q7pk2886_C_900_504_Q90_Mtg_7.jpg_710x360_aa6a6058.jpg〇https://qimgs.qunarzz.com/piao_qsight_provider_piao_qsight_web/3505160000010qzpuE10E_C_900_504_Q90_Mtg_7.jpg_710x360_a7ed1672.jpg〇https://qimgs.qunarzz.com/piao_qsight_provider_piao_qsight_web/100c1f000001gsw9o3EFF_C_900_504_Q90_Mtg_7.jpg_710x360_80c3b745.jpg〇https://imgs.qunarzz.com/sight/p0/2106/d0/d0074b51dc96cf51a3.img.jpg_710x360_90596b52.jpg〇https://imgs.qunarzz.com/sight/p0/2106/89/890bbe2d0a84db0da3.img.jpg_710x360_e66a04a3.jpg〇https://imgs.qunarzz.com/sight/p0/2106/10/107861be0abc53b0a3.img.jpg_710x360_8a17abf7.jpg〇https://imgs.qunarzz.com/sight/p0/2106/e8/e841e149f34ec6f3a3.img.jpg_710x360_b12c6891.jpg〇https://imgs.qunarzz.com/sight/p0/2106/66/668a138fb0076871a3.img.jpg_710x360_ea7b9a33.jpg〇https://imgs.qunarzz.com/sight/p0/2106/28/285641dbdeef2f32a3.img.jpg_710x360_0a9ab7f9.jpg〇https://qimgs.qunarzz.com/piao_qsight_provider_piao_qsight_web/985c0264e8ce2593911c72e9bb651691.jpg_710x360_9bd2968c.jpg〇https://qimgs.qunarzz.com/piao_qsight_provider_piao_qsight_web/216d585b0470b61d962f9d12a403ac31.jpg_710x360_1fb57c69.jpg〇https://qimgs.qunarzz.com/piao_qsight_provider_piao_qsight_web/60463aa688a0f277c27e537a56aa2bd8.jpg_710x360_8f299406.jpg〇https://qimgs.qunarzz.com/piao_qsight_provider_piao_qsight_web/b469462fb1d8ef29d7066ed4217602fa.jpg_710x360_289805b4.jpg〇https://qimgs.qunarzz.com/piao_qsight_provider_piao_qsight_web/57237de67fc64127bfed2195eab22f7d.jpg_710x360_174c4d81.jpg〇https://qimgs.qunarzz.com/piao_qsight_provider_piao_qsight_web/2e7f68623bcda7dba1a0a70bb038befc.jpg_710x360_75e91654.jpg〇https://qimgs.qunarzz.com/piao_qsight_provider_piao_qsight_web/a54c6bd324d4df72fe9599ae01a5e8bf.jpg_710x360_b26b6398.jpg〇https://qimgs.qunarzz.com/piao_qsight_provider_piao_qsight_web/cfcfcf0b93ee5ddfa639323a5c038276.jpg_710x360_28ded3f3.jpg〇https://qimgs.qunarzz.com/piao_qsight_provider_piao_qsight_web/b7da95328b680d491a0f2d86c1770c6d.jpg_710x360_bd00e7e6.jpg〇https://qimgs.qunarzz.com/piao_qsight_provider_piao_qsight_web/3db7bdf3e0fcabb66403448a93446509.jpg_710x360_f808cdf4.jpg,"{""ret"": true, ""data"": {""tagList"": [{""tagType"": 2, ""tagScore"": 5, ""tagNum"": 1, ""tagName"": ""\u4e2d\u8bc4""}, {""tagType"": 1, ""tagScore"": 5, ""tagNum"": 44, ""tagName"": ""\u597d\u8bc4""}, {""tagType"": 0, ""tagScore"": 5, ""tagNum"": 45, ""tagName"": ""\u5168\u90e8""}], ""commentList"": [{""author"": ""P*\u73ca"", ""content"": ""\u7528\u6237\u672a\u70b9\u8bc4\uff0c\u7cfb\u7edf\u9ed8\u8ba4\u597d\u8bc4\u3002"", ""date"": ""2024-08-12"", ""score"": 5, ""commentId"": ""235444168"", ""imgs"": [], ""userNickName"": ""P*\u73ca"", ""replyCityName"": """", ""cityName"": """"}, {""author"": ""5*1"", ""content"": ""\u7528\u6237\u672a\u70b9\u8bc4\uff0c\u7cfb\u7edf\u9ed8\u8ba4\u597d\u8bc4\u3002"", ""date"": ""2024-03-18"", ""score"": 5, ""commentId"": ""232471906"", ""imgs"": [], ""userNickName"": ""5*1"", ""replyCityName"": """", ""cityName"": """"}, {""author"": ""F*a"", ""content"": ""\u7528\u6237\u672a\u70b9\u8bc4\uff0c\u7cfb\u7edf\u9ed8\u8ba4\u597d\u8bc4\u3002"", ""date"": ""2024-03-17"", ""score"": 5, ""commentId"": ""232372414"", ""imgs"": [], ""userNickName"": ""F*a"", ""replyCityName"": """", ""cityName"": """"}, {""author"": ""\u53bb*\u6237"", ""content"": ""\u7528\u6237\u672a\u70b9\u8bc4\uff0c\u7cfb\u7edf\u9ed8\u8ba4\u597d\u8bc4\u3002"", ""date"": ""2024-03-17"", ""score"": 5, ""commentId"": ""232372077"", ""imgs"": [], ""userNickName"": ""\u53bb*\u6237"", ""replyCityName"": """", ""cityName"": """"}, {""author"": ""g*4"", ""content"": ""\u7528\u6237\u672a\u70b9\u8bc4\uff0c\u7cfb\u7edf\u9ed8\u8ba4\u597d\u8bc4\u3002"", ""date"": ""2024-03-17"", ""score"": 5, ""commentId"": ""232372062"", ""imgs"": [], ""userNickName"": ""g*4"", ""replyCityName"": """", ""cityName"": """"}, {""author"": ""\u884c*\u884c"", ""content"": ""\u7528\u6237\u672a\u70b9\u8bc4\uff0c\u7cfb\u7edf\u9ed8\u8ba4\u597d\u8bc4\u3002"", ""date"": ""2024-03-16"", ""score"": 5, ""commentId"": ""232328190"", ""imgs"": [], ""userNickName"": ""\u884c*\u884c"", ""replyCityName"": """", ""cityName"": """"}, {""author"": ""s*5"", ""content"": ""\u7528\u6237\u672a\u70b9\u8bc4\uff0c\u7cfb\u7edf\u9ed8\u8ba4\u597d\u8bc4\u3002"", ""date"": ""2024-03-13"", ""score"": 5, ""commentId"": ""232028986"", ""imgs"": [], ""userNickName"": ""s*5"", ""replyCityName"": """", ""cityName"": """"}, {""author"": ""\u53bb*\u6237"", ""content"": ""\u7528\u6237\u672a\u70b9\u8bc4\uff0c\u7cfb\u7edf\u9ed8\u8ba4\u597d\u8bc4\u3002"", ""date"": ""2023-12-25"", ""score"": 5, ""commentId"": ""230822789"", ""imgs"": [], ""userNickName"": ""\u53bb*\u6237"", ""replyCityName"": """", ""cityName"": """"}, {""author"": ""x*8"", ""content"": ""\u7528\u6237\u672a\u70b9\u8bc4\uff0c\u7cfb\u7edf\u9ed8\u8ba4\u597d\u8bc4\u3002"", ""date"": ""2023-12-12"", ""score"": 5, ""commentId"": ""230666700"", ""imgs"": [], ""userNickName"": ""x*8"", ""replyCityName"": """", ""cityName"": """"}, {""author"": ""\u53bb*\u6237"", ""content"": ""\u7528\u6237\u672a\u70b9\u8bc4\uff0c\u7cfb\u7edf\u9ed8\u8ba4\u597d\u8bc4\u3002"", ""date"": ""2023-11-29"", ""score"": 5, ""commentId"": ""230500032"", ""imgs"": [], ""userNickName"": ""\u53bb*\u6237"", ""replyCityName"": """", ""cityName"": """"}], ""score"": 5.0, ""commentCount"": 45}, ""statusCode"": 200}"
甘露寺,https://qimgs.qunarzz.com/piao_qsight_provider_piao_qsight_web/0106b120008s7l3x7995B_C_900_504.jpg_280x200_fcbe6588.jpg,潮州市,潮安区,河北省邯郸市永年区广府镇广府古城内西北方向160米,4,4.5,甘露寺在桑浦山狮子岩半山腰，是一处面积近6000平方米的岩洞。据《海阳县志》称：该地“前为玉简书院，后改甘露寺”，“相传,https://piao.qunar.com/ticket/detail_3949660894.html?st=a3clM0QlRTYlQkQlQUUlRTUlQUUlODklRTUlOEMlQkElMjZpZCUzRDEwNzgxJTI2dHlwZSUzRDAlMjZpZHglM0Q0JTI2cXQlM0QlMjZhcGslM0QyJTI2c2MlM0RXV1clMjZ1ciUzRCVFNCVCOCVBRCVFNSVCMSVCMSUyNmxyJTNEJUU0JUI4JUFEJUU1JUIxJUIxJTI2ZnQlM0QlN0IlN0Q%3D#from=mpl_search_suggest,218.0,N/A,甘露寺在桑浦山狮子岩半山腰，是一处面积近6000平方米的岩洞。据《海阳县志》称：该地“前为玉简书院，后改甘露寺”，“相传有孝子庐墓而甘露降，故名”。该寺始创年代不详，据寺中石刻可考，明万历四十八年（1620）由潮州知府贾宝悌修造。甘露寺为一天然岩寺，寺在状如狮子巨口的石洞中，由山下拾级约三百六十余级方可抵达。寺门由三块巨石叠成一个“品”字，门额上“玉简书院”陈迹可辨，“甘露洞天”勒石犹存。佛寺的上盖由一块凌空飞出的巨石所覆盖，该石其平如削，其固如磐，蔚为奇观。寺壁摩崖石刻有句赞道：“甘露禅寺缥缈云中，天然石室鬼斧神工”。寺中依石凿就弥勒佛坐像一尊，袒胸露臂，大肚深脐，神态自如，造型优美，雕像高2.55米，宽4.15米。关于这尊佛像，当地民间还有个广为流传的故事，句传“梅林湖沉船，甘露寺出米”。梅林湖在甘露寺西南约10公里处，相传古时梅林湖常沉米船，而甘露寺中石佛的脐眼却常出米以供客餐。后有贪心的憎人凿阔其脐，米遂不出。寺北有泉“秋冬不竭”，古称“甘露涌泉”。寺中有“万寿云宫”、“威灵宝嶂”、天竺源流”等摩崖石刻多处。昔时，甘露寺又称白云庵或万寿云庵。,1/1-12/31；周一至周日；08:00-18:00开园,https://qimgs.qunarzz.com/piao_qsight_provider_piao_qsight_web/0106b120008s7l3x7995B_C_900_504.jpg_710x360_a207b878.jpg〇https://qimgs.qunarzz.com/piao_qsight_provider_piao_qsight_web/0104e120008s7l6yjBA71_C_900_504_Q90_Mtg_7.jpg_710x360_0e25fdb2.jpg〇https://qimgs.qunarzz.com/piao_qsight_provider_piao_qsight_web/0102r120008s7l3x3FB10_C_900_504_Q90_Mtg_7.jpg_710x360_209c91d3.jpg〇https://qimgs.qunarzz.com/piao_qsight_provider_piao_qsight_web/0105r120008s7krkz3A70_C_900_504_Q90_Mtg_7.jpg_710x360_b9725cf8.jpg〇https://qimgs.qunarzz.com/piao_qsight_provider_piao_qsight_web/0106b120008s7l3x7995B_C_900_504_Q90_Mtg_7.jpg_710x360_608b008e.jpg〇https://qimgs.qunarzz.com/piao_qsight_provider_piao_qsight_web/624737aa31596c67e2513ea10a466bb9.jpg_710x360_0802e105.jpg〇https://qimgs.qunarzz.com/piao_qsight_provider_piao_qsight_web/c73d1730ef178537.jpg_710x360_521f523e.jpg〇https://qimgs.qunarzz.com/piao_qsight_provider_piao_qsight_web/1d93980559fc8bf7.jpg_710x360_64ce0248.jpg,"{""ret"": true, ""data"": {""tagList"": [{""tagType"": 2, ""tagScore"": 5, ""tagNum"": 1, ""tagName"": ""\u4e2d\u8bc4""}, {""tagType"": 1, ""tagScore"": 5, ""tagNum"": 3, ""tagName"": ""\u597d\u8bc4""}, {""tagType"": 0, ""tagScore"": 5, ""tagNum"": 4, ""tagName"": ""\u5168\u90e8""}], ""commentList"": [{""author"": ""\u53bb*\u6237"", ""content"": ""\u600e\u4e48\u636e\u5e02\u533a1400\u591a\u516c\u91cc\u5462\uff1f"", ""date"": ""2023-01-27"", ""score"": 3, ""commentId"": ""223964517"", ""imgs"": [], ""userNickName"": ""\u53bb*\u6237"", ""replyCityName"": """", ""cityName"": ""\u5e7f\u4e1c""}, {""author"": ""\u53bb*\u6237"", ""content"": ""\u7528\u6237\u672a\u70b9\u8bc4\uff0c\u7cfb\u7edf\u9ed8\u8ba4\u597d\u8bc4\u3002"", ""date"": ""2022-08-17"", ""score"": 5, ""commentId"": ""222827102"", ""imgs"": [], ""userNickName"": ""\u53bb*\u6237"", ""replyCityName"": """", ""cityName"": """"}, {""author"": ""\u53bb*\u6237"", ""content"": ""\u7528\u6237\u672a\u70b9\u8bc4\uff0c\u7cfb\u7edf\u9ed8\u8ba4\u597d\u8bc4\u3002"", ""date"": ""2022-07-25"", ""score"": 5, ""commentId"": ""222592925"", ""imgs"": [], ""userNickName"": ""\u53bb*\u6237"", ""replyCityName"": """", ""cityName"": """"}, {""author"": ""\u7ffb*\u971e"", ""content"": ""\u8d85\u8d5e\u3002\u4e0d\u8fc7\u5916\u5730\u4eba\u53ef\u80fd\u4e0d\u662f\u5f88\u6e05\u695a\uff0c\u542c\u8bf4\u6c42\u795e\u62dc\u4f5b\u5f88\u7075\u9a8c\uff0c\u5f88\u591a\u672c\u5730\u4eba\u90fd\u559c\u6b22\u8fc7\u6765\u3002\u5bfa\u5e99\u4e0a\u9762\u662f\u4e00\u5757\u5f88\u5927\u7684\u5ca9\u77f3\uff0c\u770b\u8d77\u6765\u5c31\u5f88\u58ee\u89c2"", ""date"": ""2015-08-17"", ""score"": 5, ""commentId"": ""68582254"", ""imgs"": [], ""userNickName"": ""\u7ffb*\u971e"", ""replyCityName"": """", ""cityName"": """"}], ""score"": 4.5, ""commentCount"": 4}, ""statusCode"": 200}"
凤溪竹筏漂流,https://qimgs.qunarzz.com/piao_qsight_provider_piao_qsight_web/0100u12000f6t5jgb045B_C_900_504.jpg_280x200_56d5de32.jpg,潮州市,潮安区,广东省潮州市潮安区白藤坑村,35,4.4,在竹筏上品功夫茶,https://piao.qunar.com/ticket/detail_3108296.html?st=a3clM0QlRTYlQkQlQUUlRTUlQUUlODklRTUlOEMlQkElMjZpZCUzRDM1MTQ2JTI2dHlwZSUzRDAlMjZpZHglM0QzJTI2cXQlM0QlMjZhcGslM0QyJTI2c2MlM0RXV1clMjZ1ciUzRCVFNCVCOCVBRCVFNSVCMSVCMSUyNmxyJTNEJUU0JUI4JUFEJUU1JUIxJUIxJTI2ZnQlM0QlN0IlN0Q%3D#from=mpl_search_suggest,10.0,N/A,青龙潭位于凤溪下游凤南白藤坑段。潭水清碧甘甜，蜿蜒若龙，岸边岩石奇布，像云朵，似山峰，潭水犹如龙腾云海若隐若现，故名青龙潭。深浅不一，形态各异，清流潺潺从臼中流过，令人惊叹大自然之鬼斧神工。再溯流而上又见岩石如刀削斧砍，气势磅礴。潭水如镜，清净无染。有游客感慨诗云：“坑中无尘客心清”，又一老先生诗云：“凤南景色无双处”，此乃粤东独一无二之山水景观，既自然又壮观。无丝毫造作，是真正的自然生态区。    踏进景区，展现在您面前的是一幅清新、雅致、秀美的画卷，可扶荫听瀑，赏晶廉溅玉，观苍龙饮峡，经清流踏足；上龙潭，下猴寨，惊叹银河落汉，让您置身于大自然原始生态美景之中，感受“凤峡留春，龙潭献瑞，翔云拱日，丽景怡情”的独特胜景。在竹筏上观看潮州*夫茶艺，品尝正宗的凤凰单枞茶，体验潮州历史悠久的茶文化。     青龙潭下游溪面宽阔，碧波荡漾，青山倒映，蓝天铺垫，游鸭戏水，飞禽添趣此乃游筏之胜地也！竹筏从若水亭畔，听流阁前绕滩顺流而下。筏身双层平稳脚不沾水，上有竹蓬遮阳悠闲自得。且配备炭炉、香茗、甘泉，可谓游凤凰溪，品凤凰茶，观凤南山色。途中峰回路转，山路弯弯，山中岩石峻秀，林阴蔽日。游客可上岸游山、听泉、拉纤，体味旧时纤夫之艰辛与情趣...此乃骚人墨客畅怀舒感之佳境，陶冶情操之胜地。昔有墨客来游留下一联：四面环山皆入画，一溪流水绕村居。,8:00-17:00,https://qimgs.qunarzz.com/piao_qsight_provider_piao_qsight_web/0100u12000f6t5jgb045B_C_900_504.jpg_710x360_8b09dcd9.jpg〇https://qimgs.qunarzz.com/piao_qsight_provider_piao_qsight_web/0100u12000f6t5jgb045B_C_900_504_Q90_Mtg_7.jpg_710x360_033c4f08.jpg〇https://imgs.qunarzz.com/sight/p0/1710/ef/ef697cd8993c34d0a3.water.jpg_710x360_7a4ac184.jpg,"{""ret"": true, ""data"": {""tagList"": [{""tagType"": 3, ""tagScore"": 5, ""tagNum"": 1, ""tagName"": ""\u5dee\u8bc4""}, {""tagType"": 2, ""tagScore"": 5, ""tagNum"": 3, ""tagName"": ""\u4e2d\u8bc4""}, {""tagType"": 1, ""tagScore"": 5, ""tagNum"": 31, ""tagName"": ""\u597d\u8bc4""}, {""tagType"": 0, ""tagScore"": 5, ""tagNum"": 35, ""tagName"": ""\u5168\u90e8""}], ""commentList"": [{""author"": ""w*7"", ""content"": ""\u7528\u6237\u672a\u70b9\u8bc4\uff0c\u7cfb\u7edf\u9ed8\u8ba4\u597d\u8bc4\u3002"", ""date"": ""2024-09-13"", ""score"": 5, ""commentId"": ""236710753"", ""imgs"": [], ""userNickName"": ""w*7"", ""replyCityName"": """", ""cityName"": """"}, {""author"": ""q*2"", ""content"": ""\u7528\u6237\u672a\u70b9\u8bc4\uff0c\u7cfb\u7edf\u9ed8\u8ba4\u597d\u8bc4\u3002"", ""date"": ""2024-06-03"", ""score"": 5, ""commentId"": ""234068654"", ""imgs"": [], ""userNickName"": ""q*2"", ""replyCityName"": """", ""cityName"": """"}, {""author"": ""\u6c34*\u77f3"", ""content"": ""\u7528\u6237\u672a\u70b9\u8bc4\uff0c\u7cfb\u7edf\u9ed8\u8ba4\u597d\u8bc4\u3002"", ""date"": ""2023-09-12"", ""score"": 5, ""commentId"": ""228495018"", ""imgs"": [], ""userNickName"": ""\u6c34*\u77f3"", ""replyCityName"": """", ""cityName"": """"}, {""author"": ""\u53bb*\u6237"", ""content"": ""\u7528\u6237\u672a\u70b9\u8bc4\uff0c\u7cfb\u7edf\u9ed8\u8ba4\u597d\u8bc4\u3002"", ""date"": ""2023-06-14"", ""score"": 5, ""commentId"": ""226220845"", ""imgs"": [], ""userNickName"": ""\u53bb*\u6237"", ""replyCityName"": """", ""cityName"": """"}, {""author"": ""\u53bb*\u6237"", ""content"": ""\u7528\u6237\u672a\u70b9\u8bc4\uff0c\u7cfb\u7edf\u9ed8\u8ba4\u597d\u8bc4\u3002"", ""date"": ""2023-06-14"", ""score"": 5, ""commentId"": ""226219962"", ""imgs"": [], ""userNickName"": ""\u53bb*\u6237"", ""replyCityName"": """", ""cityName"": """"}, {""author"": ""\u53bb*\u6237"", ""content"": ""\u7528\u6237\u672a\u70b9\u8bc4\uff0c\u7cfb\u7edf\u9ed8\u8ba4\u597d\u8bc4\u3002"", ""date"": ""2022-11-09"", ""score"": 5, ""commentId"": ""223785196"", ""imgs"": [], ""userNickName"": ""\u53bb*\u6237"", ""replyCityName"": """", ""cityName"": """"}, {""author"": ""i*3"", ""content"": ""\u7528\u6237\u672a\u70b9\u8bc4\uff0c\u7cfb\u7edf\u9ed8\u8ba4\u597d\u8bc4\u3002"", ""date"": ""2022-11-06"", ""score"": 5, ""commentId"": ""223770461"", ""imgs"": [], ""userNickName"": ""i*3"", ""replyCityName"": """", ""cityName"": """"}, {""author"": ""l*1"", ""content"": ""\u7528\u6237\u672a\u70b9\u8bc4\uff0c\u7cfb\u7edf\u9ed8\u8ba4\u597d\u8bc4\u3002"", ""date"": ""2022-11-05"", ""score"": 5, ""commentId"": ""223758716"", ""imgs"": [], ""userNickName"": ""l*1"", ""replyCityName"": """", ""cityName"": """"}, {""author"": ""\u53bb*\u6237"", ""content"": ""\u7528\u6237\u672a\u70b9\u8bc4\uff0c\u7cfb\u7edf\u9ed8\u8ba4\u597d\u8bc4\u3002"", ""date"": ""2022-11-02"", ""score"": 5, ""commentId"": ""223665376"", ""imgs"": [], ""userNickName"": ""\u53bb*\u6237"", ""replyCityName"": """", ""cityName"": """"}, {""author"": ""\u53bb*\u6237"", ""content"": ""\u7528\u6237\u672a\u70b9\u8bc4\uff0c\u7cfb\u7edf\u9ed8\u8ba4\u597d\u8bc4\u3002"", ""date"": ""2022-11-01"", ""score"": 5, ""commentId"": ""223624942"", ""imgs"": [], ""userNickName"": ""\u53bb*\u6237"", ""replyCityName"": """", ""cityName"": """"}], ""score"": 4.4, ""commentCount"": 35}, ""statusCode"": 200}"
凤溪竹筏漂流,https://qimgs.qunarzz.com/piao_qsight_provider_piao_qsight_web/0100u12000f6t5jgb045B_C_900_504.jpg_280x200_56d5de32.jpg,潮州市,潮安区,广东省潮州市潮安区白藤坑村,57,4.9,在竹筏上品功夫茶,https://piao.qunar.com/ticket/detail_2560063922.html?st=a3clM0QlRTYlQkQlQUUlRTUlQUUlODklRTUlOEMlQkElMjZpZCUzRDM4NDIzJTI2dHlwZSUzRDAlMjZpZHglM0QyJTI2cXQlM0QlMjZhcGslM0QyJTI2c2MlM0RXV1clMjZ1ciUzRCVFNCVCOCVBRCVFNSVCMSVCMSUyNmxyJTNEJUU0JUI4JUFEJUU1JUIxJUIxJTI2ZnQlM0QlN0IlN0Q%3D#from=mpl_search_suggest,10.0,N/A,青龙潭，潭水清碧甘甜，蜿蜒若龙，岸边岩石奇布，像云朵，似山峰，潭水犹如龙腾云海若隐若现，故名青龙潭。深浅不一，形态各异，清流潺潺从臼中流过，令人惊叹大自然之鬼斧神工。再溯流而上又见岩石如刀削斧砍，气势磅礴。潭水如镜，清净无染。有游客感慨诗云：“坑中无尘客心清”，又一老先生诗云：“凤南景色无双处”，此乃粤东独一无二之山水景观，既自然又壮观。无丝毫造作，是真正的自然生态区。踏进景区，展现在您面前的是一幅清新、雅致、秀美的画卷，可扶荫听瀑，赏晶廉溅玉，观苍龙饮峡，经清流踏足；上龙潭，下猴寨，惊叹银河落汉，让您置身于大自然原始生态美景之中，感受“凤峡留春，龙潭献瑞，翔云拱日，丽景怡情”的独特胜景。在竹筏上观看潮州*夫茶艺，品尝正宗的凤凰单枞茶，体验潮州历史悠久的茶文化。,8:00-17:00,https://qimgs.qunarzz.com/piao_qsight_provider_piao_qsight_web/0100u12000f6t5jgb045B_C_900_504.jpg_710x360_8b09dcd9.jpg〇https://qimgs.qunarzz.com/piao_qsight_provider_piao_qsight_web/0100u12000f6t5jgb045B_C_900_504_Q90_Mtg_7.jpg_710x360_033c4f08.jpg〇https://imgs.qunarzz.com/sight/p0/201403/10/959e605c7d5953d3c200da3780e8b26b.jpg_710x360_db92b9a1.jpg〇https://imgs.qunarzz.com/sight/p0/201403/10/75f4e87887bb571077898a8a3c8dc7a5.jpg_710x360_7eb22b4b.jpg〇https://imgs.qunarzz.com/sight/p0/201403/10/18240a93aa77a12a9b48bca7185212bb.jpg_710x360_0e3d49f6.jpg〇https://imgs.qunarzz.com/sight/p0/201403/10/a9b5a104f1dba81301dfdcd165106b6c.jpg_710x360_2a3946ca.jpg,"{""ret"": true, ""data"": {""tagList"": [{""tagType"": 3, ""tagScore"": 5, ""tagNum"": 2, ""tagName"": ""\u5dee\u8bc4""}, {""tagType"": 1, ""tagScore"": 5, ""tagNum"": 55, ""tagName"": ""\u597d\u8bc4""}, {""tagType"": 0, ""tagScore"": 5, ""tagNum"": 57, ""tagName"": ""\u5168\u90e8""}], ""commentList"": [{""author"": ""\u53bb*\u6237"", ""content"": ""\u7528\u6237\u672a\u70b9\u8bc4\uff0c\u7cfb\u7edf\u9ed8\u8ba4\u597d\u8bc4\u3002"", ""date"": ""2024-08-24"", ""score"": 5, ""commentId"": ""235830070"", ""imgs"": [], ""userNickName"": ""\u53bb*\u6237"", ""replyCityName"": """", ""cityName"": """"}, {""author"": ""\u7231*\u54e5"", ""content"": ""\u7528\u6237\u672a\u70b9\u8bc4\uff0c\u7cfb\u7edf\u9ed8\u8ba4\u597d\u8bc4\u3002"", ""date"": ""2024-08-06"", ""score"": 5, ""commentId"": ""235273584"", ""imgs"": [], ""userNickName"": ""\u7231*\u54e5"", ""replyCityName"": """", ""cityName"": """"}, {""author"": ""\u5764*3"", ""content"": ""\u7528\u6237\u672a\u70b9\u8bc4\uff0c\u7cfb\u7edf\u9ed8\u8ba4\u597d\u8bc4\u3002"", ""date"": ""2024-07-24"", ""score"": 5, ""commentId"": ""234985139"", ""imgs"": [], ""userNickName"": ""\u5764*3"", ""replyCityName"": """", ""cityName"": """"}, {""author"": ""\u6770*\u54e5"", ""content"": ""\u7528\u6237\u672a\u70b9\u8bc4\uff0c\u7cfb\u7edf\u9ed8\u8ba4\u597d\u8bc4\u3002"", ""date"": ""2023-09-06"", ""score"": 5, ""commentId"": ""228177513"", ""imgs"": [], ""userNickName"": ""\u6770*\u54e5"", ""replyCityName"": """", ""cityName"": """"}, {""author"": ""g*3"", ""content"": ""\u7528\u6237\u672a\u70b9\u8bc4\uff0c\u7cfb\u7edf\u9ed8\u8ba4\u597d\u8bc4\u3002"", ""date"": ""2022-11-16"", ""score"": 5, ""commentId"": ""223802504"", ""imgs"": [], ""userNickName"": ""g*3"", ""replyCityName"": """", ""cityName"": """"}, {""author"": ""l*3"", ""content"": ""\u7528\u6237\u672a\u70b9\u8bc4\uff0c\u7cfb\u7edf\u9ed8\u8ba4\u597d\u8bc4\u3002"", ""date"": ""2022-11-11"", ""score"": 5, ""commentId"": ""223789392"", ""imgs"": [], ""userNickName"": ""l*3"", ""replyCityName"": """", ""cityName"": """"}, {""author"": ""w*5"", ""content"": ""\u7528\u6237\u672a\u70b9\u8bc4\uff0c\u7cfb\u7edf\u9ed8\u8ba4\u597d\u8bc4\u3002"", ""date"": ""2022-11-04"", ""score"": 5, ""commentId"": ""223732101"", ""imgs"": [], ""userNickName"": ""w*5"", ""replyCityName"": """", ""cityName"": """"}, {""author"": ""e*1"", ""content"": ""\u7528\u6237\u672a\u70b9\u8bc4\uff0c\u7cfb\u7edf\u9ed8\u8ba4\u597d\u8bc4\u3002"", ""date"": ""2022-11-02"", ""score"": 5, ""commentId"": ""223669545"", ""imgs"": [], ""userNickName"": ""e*1"", ""replyCityName"": """", ""cityName"": """"}, {""author"": ""\u53bb*\u6237"", ""content"": ""\u7528\u6237\u672a\u70b9\u8bc4\uff0c\u7cfb\u7edf\u9ed8\u8ba4\u597d\u8bc4\u3002"", ""date"": ""2022-11-02"", ""score"": 5, ""commentId"": ""223665082"", ""imgs"": [], ""userNickName"": ""\u53bb*\u6237"", ""replyCityName"": """", ""cityName"": """"}, {""author"": ""\u53bb*\u6237"", ""content"": ""\u7528\u6237\u672a\u70b9\u8bc4\uff0c\u7cfb\u7edf\u9ed8\u8ba4\u597d\u8bc4\u3002"", ""date"": ""2022-11-01"", ""score"": 5, ""commentId"": ""223625130"", ""imgs"": [], ""userNickName"": ""\u53bb*\u6237"", ""replyCityName"": """", ""cityName"": """"}], ""score"": 4.9, ""commentCount"": 57}, ""statusCode"": 200}"
潮州东山湖温泉度假村,https://qimgs.qunarzz.com/piao_qsight_provider_piao_qsight_web/0101n120008dfto2b0A60_C_900_504.jpg_280x200_7ce68c31.jpg,潮州市,潮安区,广东省潮州市潮安区沙溪镇078县道,194,5.0,潮汕家门口的空中温泉,https://piao.qunar.com/ticket/detail_3227030773.html?st=a3clM0QlRTYlQkQlQUUlRTUlQUUlODklRTUlOEMlQkElMjZpZCUzRDUxMDcxMiUyNnR5cGUlM0QwJTI2aWR4JTNEMSUyNnF0JTNEJTI2YXBrJTNEMiUyNnNjJTNEV1dXJTI2dXIlM0QlRTQlQjglQUQlRTUlQjElQjElMjZsciUzRCVFNCVCOCVBRCVFNSVCMSVCMSUyNmZ0JTNEJTdCJTdE#from=mpl_search_suggest,106.8,4A景区,温泉龙宫总建筑面积6340平方米，高6层，蕴藏着丰富的温矿泉资源，集文化养生、健康管理、休闲度假、理疗SPA等*能于一体，以中药养生、禅泉养心、儒泉德润、仙泉养神等不同主题的温泉泡池为载体，完美诠释中国养生哲学。泉口水温高达到107ºC，日出水量达2000立方米，具有水温高、分布广、水质好、流量大的特点，泉水含有氯化钠、偏硅酸、氡、氟、硫、锂等多种对人体有益的微量元素，属罕见的医疗保健型温泉。高品质氯化钠型碱性微咸温泉（简称“食盐泉），浴于其中，可活络筋骨、消除疲劳、增进健康、美容美体、强健脾胃，对肥胖症、运动系统疾病、神经系统疾病、早期轻度心血管系统疾病、妇科疾病、痛风、皮肤病等有特殊疗效。,1/1-12/31；周一至周日；16:00-23:00开园；（23:00停止入园）,https://qimgs.qunarzz.com/piao_qsight_provider_piao_qsight_web/0101n120008dfto2b0A60_C_900_504.jpg_710x360_e35c39a0.jpg〇https://qimgs.qunarzz.com/piao_qsight_provider_piao_qsight_web/01052120008dftdbx0077_C_900_504_Q90_Mtg_7.jpg_710x360_7bfd104a.jpg〇https://qimgs.qunarzz.com/piao_qsight_provider_piao_qsight_web/01017120008dftkj5CAC5_C_900_504_Q90_Mtg_7.jpg_710x360_d03401ce.jpg〇https://qimgs.qunarzz.com/piao_qsight_provider_piao_qsight_web/0106e120008dftdyaED0F_C_900_504_Q90_Mtg_7.jpg_710x360_1099ba47.jpg〇https://qimgs.qunarzz.com/piao_qsight_provider_piao_qsight_web/0103n120008dftfjk68F6_C_900_504_Q90_Mtg_7.jpg_710x360_01ea67ac.jpg〇https://qimgs.qunarzz.com/piao_qsight_provider_piao_qsight_web/0104z120008dftdjp938D_C_900_504_Q90_Mtg_7.jpg_710x360_bd5d2665.jpg〇https://qimgs.qunarzz.com/piao_qsight_provider_piao_qsight_web/01037120008dftdjn8A3F_C_900_504_Q90_Mtg_7.jpg_710x360_92ee27ad.jpg〇https://qimgs.qunarzz.com/piao_qsight_provider_piao_qsight_web/01010120008dfthevF788_C_900_504_Q90_Mtg_7.jpg_710x360_27db356a.jpg〇https://qimgs.qunarzz.com/piao_qsight_provider_piao_qsight_web/01013120008dftmrfCF8F_C_900_504_Q90_Mtg_7.jpg_710x360_f17f7f9e.jpg〇https://qimgs.qunarzz.com/piao_qsight_provider_piao_qsight_web/01058120008dftm7lE9A2_C_900_504_Q90_Mtg_7.jpg_710x360_96fb07d3.jpg〇https://qimgs.qunarzz.com/piao_qsight_provider_piao_qsight_web/0101n120008dfto2b0A60_C_900_504_Q90_Mtg_7.jpg_710x360_549dd90a.jpg〇https://imgs.qunarzz.com/piao_qsight_web_piao_qsight_web/0101n120008dfto2b0A60_C_1600_1200.jpg_710x360_fb2ab511.jpg,"{""ret"": true, ""data"": {""tagList"": [{""tagType"": 16, ""tagScore"": 5, ""tagNum"": 1, ""tagName"": ""\u9760\u8c31""}, {""tagType"": 3, ""tagScore"": 5, ""tagNum"": 1, ""tagName"": ""\u5dee\u8bc4""}, {""tagType"": 1, ""tagScore"": 5, ""tagNum"": 193, ""tagName"": ""\u597d\u8bc4""}, {""tagType"": 0, ""tagScore"": 5, ""tagNum"": 194, ""tagName"": ""\u5168\u90e8""}], ""commentList"": [{""author"": ""\u53bb*\u6237"", ""content"": ""\u7528\u6237\u672a\u70b9\u8bc4\uff0c\u7cfb\u7edf\u9ed8\u8ba4\u597d\u8bc4\u3002"", ""date"": ""2024-12-17"", ""score"": 5, ""commentId"": ""239268813"", ""imgs"": [], ""userNickName"": ""\u53bb*\u6237"", ""replyCityName"": """", ""cityName"": """"}, {""author"": ""p*6"", ""content"": ""\u7528\u6237\u672a\u70b9\u8bc4\uff0c\u7cfb\u7edf\u9ed8\u8ba4\u597d\u8bc4\u3002"", ""date"": ""2024-12-10"", ""score"": 5, ""commentId"": ""239179295"", ""imgs"": [], ""userNickName"": ""p*6"", ""replyCityName"": """", ""cityName"": """"}, {""author"": ""\u4e0a*\u7fbd"", ""content"": ""\u7528\u6237\u672a\u70b9\u8bc4\uff0c\u7cfb\u7edf\u9ed8\u8ba4\u597d\u8bc4\u3002"", ""date"": ""2024-12-10"", ""score"": 5, ""commentId"": ""239169165"", ""imgs"": [], ""userNickName"": ""\u4e0a*\u7fbd"", ""replyCityName"": """", ""cityName"": """"}, {""author"": ""\u4e0a*\u7fbd"", ""content"": ""\u7528\u6237\u672a\u70b9\u8bc4\uff0c\u7cfb\u7edf\u9ed8\u8ba4\u597d\u8bc4\u3002"", ""date"": ""2024-12-10"", ""score"": 5, ""commentId"": ""239168685"", ""imgs"": [], ""userNickName"": ""\u4e0a*\u7fbd"", ""replyCityName"": """", ""cityName"": """"}, {""author"": ""\u53bb*\u6237"", ""content"": ""\u7528\u6237\u672a\u70b9\u8bc4\uff0c\u7cfb\u7edf\u9ed8\u8ba4\u597d\u8bc4\u3002"", ""date"": ""2024-11-06"", ""score"": 5, ""commentId"": ""238651734"", ""imgs"": [], ""userNickName"": ""\u53bb*\u6237"", ""replyCityName"": """", ""cityName"": """"}, {""author"": ""\u53bb*\u6237"", ""content"": ""\u7528\u6237\u672a\u70b9\u8bc4\uff0c\u7cfb\u7edf\u9ed8\u8ba4\u597d\u8bc4\u3002"", ""date"": ""2024-11-06"", ""score"": 5, ""commentId"": ""238651726"", ""imgs"": [], ""userNickName"": ""\u53bb*\u6237"", ""replyCityName"": """", ""cityName"": """"}, {""author"": ""z*w"", ""content"": ""\u7528\u6237\u672a\u70b9\u8bc4\uff0c\u7cfb\u7edf\u9ed8\u8ba4\u597d\u8bc4\u3002"", ""date"": ""2024-11-05"", ""score"": 5, ""commentId"": ""238590821"", ""imgs"": [], ""userNickName"": ""z*w"", ""replyCityName"": """", ""cityName"": """"}, {""author"": ""\u53bb*\u6237"", ""content"": ""\u7528\u6237\u672a\u70b9\u8bc4\uff0c\u7cfb\u7edf\u9ed8\u8ba4\u597d\u8bc4\u3002"", ""date"": ""2024-11-04"", ""score"": 5, ""commentId"": ""238456479"", ""imgs"": [], ""userNickName"": ""\u53bb*\u6237"", ""replyCityName"": """", ""cityName"": """"}, {""author"": ""\u53bb*\u6237"", ""content"": ""\u7528\u6237\u672a\u70b9\u8bc4\uff0c\u7cfb\u7edf\u9ed8\u8ba4\u597d\u8bc4\u3002"", ""date"": ""2024-11-02"", ""score"": 5, ""commentId"": ""238067902"", ""imgs"": [], ""userNickName"": ""\u53bb*\u6237"", ""replyCityName"": """", ""cityName"": """"}, {""author"": ""\u53bb*\u6237"", ""content"": ""\u7528\u6237\u672a\u70b9\u8bc4\uff0c\u7cfb\u7edf\u9ed8\u8ba4\u597d\u8bc4\u3002"", ""date"": ""2024-11-02"", ""score"": 5, ""commentId"": ""238067847"", ""imgs"": [], ""userNickName"": ""\u53bb*\u6237"", ""replyCityName"": """", ""cityName"": """"}], ""score"": 5.0, ""commentCount"": 194}, ""statusCode"": 200}"
三潮温泉度假小镇(田头何公园店),https://qimgs.qunarzz.com/piao_qsight_provider_piao_qsight_web/1lo1l12000fes3ibd5CAF_C_900_504.jpg_280x200_3c816bb4.jpg,潮州市,潮安区,潮州市潮安区枫溪田头何安凤路3号,-1,-1.0,N/A,https://piao.qunar.com/ticket/detail_3836393482.html?st=a3clM0QlRTYlQkQlQUUlRTUlQUUlODklRTUlOEMlQkElMjZpZCUzRDUzMzYyMiUyNnR5cGUlM0QwJTI2aWR4JTNENSUyNnF0JTNEJTI2YXBrJTNEMiUyNnNjJTNEV1dXJTI2dXIlM0QlRTQlQjglQUQlRTUlQjElQjElMjZsciUzRCVFNCVCOCVBRCVFNSVCMSVCMSUyNmZ0JTNEJTdCJTdE#from=mpl_search_suggest,48.0,N/A,N/A,1/1-12/31；周一至周日；10:00-23:00开园,https://qimgs.qunarzz.com/piao_qsight_provider_piao_qsight_web/1lo1l12000fes3ibd5CAF_C_900_504.jpg_710x360_2b13de34.jpg〇https://qimgs.qunarzz.com/piao_qsight_provider_piao_qsight_web/1lo1s12000fes2xnpEFE4_C_900_504_Q90_Mtg_7.jpg_710x360_35bdb858.jpg〇https://qimgs.qunarzz.com/piao_qsight_provider_piao_qsight_web/1lo4912000fes2ogzB211_C_900_504_Q90_Mtg_7.jpg_710x360_d82694c6.jpg〇https://qimgs.qunarzz.com/piao_qsight_provider_piao_qsight_web/1lo1912000fes2ytp8CBB_C_900_504_Q90_Mtg_7.jpg_710x360_f21992d0.jpg〇https://qimgs.qunarzz.com/piao_qsight_provider_piao_qsight_web/1lo3k12000fes2mhjEC5F_C_900_504_Q90_Mtg_7.jpg_710x360_8e9c376c.jpg〇https://qimgs.qunarzz.com/piao_qsight_provider_piao_qsight_web/1lo6w12000fes3ivm0C9D_C_900_504_Q90_Mtg_7.jpg_710x360_72812371.jpg〇https://qimgs.qunarzz.com/piao_qsight_provider_piao_qsight_web/1lo1812000fes2yt84B11_C_900_504_Q90_Mtg_7.jpg_710x360_8e73c429.jpg〇https://qimgs.qunarzz.com/piao_qsight_provider_piao_qsight_web/1lo0u12000fes13eb29DD_C_900_504_Q90_Mtg_7.jpg_710x360_833333c2.jpg〇https://qimgs.qunarzz.com/piao_qsight_provider_piao_qsight_web/1lo2j12000fes3cgd7E7A_C_900_504_Q90_Mtg_7.jpg_710x360_d3122f73.jpg〇https://qimgs.qunarzz.com/piao_qsight_provider_piao_qsight_web/1lo1m12000fes3iw7BAA1_C_900_504_Q90_Mtg_7.jpg_710x360_20ceeff2.jpg〇https://qimgs.qunarzz.com/piao_qsight_provider_piao_qsight_web/1lo1l12000fes3ibd5CAF_C_900_504_Q90_Mtg_7.jpg_710x360_830820b4.jpg,"{""ret"": true, ""data"": {""tagList"": [{""tagType"": 0, ""tagScore"": 5, ""tagNum"": 0, ""tagName"": ""\u5168\u90e8""}], ""score"": 0.0, ""commentCount"": 0}, ""statusCode"": 200}"
