景点名称,景点图片,city,county,景点地址,景点参观人数,景点评分,景点短语,景点链接,景点最低价格,景点等级,景点详细信息,景点开放时间,景点图片合集,json
大旺海鹰博览中心,https://imgs.qunarzz.com/sight/p0/201303/14/d3a7489410f8e6eec8d65eac.jpg_280x200_57835295.jpg,肇庆市,封开县,广东省肇庆市封开县,-1,-1.0,粤西地区独一无二的军事主题旅游区,https://piao.qunar.com/ticket/detail_4245958260.html?st=a3clM0QlRTUlQjAlODElRTUlQkMlODAlRTUlOEUlQkYlMjZpZCUzRDE4NzQ3MSUyNnR5cGUlM0QwJTI2aWR4JTNEMTYlMjZxdCUzRCUyNmFwayUzRDIlMjZzYyUzRFdXVyUyNnVyJTNEJUU0JUI4JUFEJUU1JUIxJUIxJTI2bHIlM0QlRTQlQjglQUQlRTUlQjElQjElMjZmdCUzRCU3QiU3RA%3D%3D#from=mpl_search_suggest,-1.0,N/A,粤西地区独一无二的军事主题旅游区，两广门户旅游新天地，肇庆千里旅游长廊、非常规、特色军事旅游地带。集军事旅游、军营特色为一体——大旺海鹰博览中心，位于两广（广东、广西）结合部，贴321国道，处封开县与梧州市中间，交通十分便利。面积达600多亩，生态完美，山高森阴，充满原始神秘色彩。粤西独特的海军军用码头、神秘地下指挥所、神秘地下军事基地。军事体验项目繁多，参观、触摸、操作各种军械装备，参与导弹发射指挥车表演、激光射击、镭射对抗、手榴弹投掷等,01/01-12/31；9:00-17:00开园,https://imgs.qunarzz.com/sight/p0/201303/14/d3a7489410f8e6eec8d65eac.jpg_710x360_5aa0a9df.jpg〇https://qimgs.qunarzz.com/piao_qsight_provider_piao_qsight_web/2d915d3f4bb205be71f2930e765db67b.jpg_710x360_219c98c5.jpg〇https://qimgs.qunarzz.com/piao_qsight_provider_piao_qsight_web/a2d85f771ca8ee590add01142e2c29a7.jpg_710x360_eee43374.jpg〇https://qimgs.qunarzz.com/piao_qsight_provider_piao_qsight_web/b2f92bfab003c4f7.jpg_710x360_98d0cfb2.jpg,"{""ret"": true, ""data"": {""tagList"": [{""tagType"": 0, ""tagScore"": 5, ""tagNum"": 0, ""tagName"": ""\u5168\u90e8""}], ""score"": 0.0, ""commentCount"": 0}, ""statusCode"": 200}"
肇庆 · EGO STORE特别呈献Dear Jane亲爱的音乐会-肇庆站,https://qimgs.qunarzz.com/piao_qsight_provider_piao_qsight_web/0102712000gjroqg730E0_C_900_504.jpg_280x200_c4da4424.jpg,肇庆市,鼎湖区,肇庆市鼎湖区永利大道肇庆新区体育中心,-1,-1.0,N/A,https://piao.qunar.com/ticket/detail_2707036023.html?st=a3clM0QlRTklQkMlOEUlRTYlQjklOTYlRTUlOEMlQkElMjZpZCUzRDUzNzU1NSUyNnR5cGUlM0QwJTI2aWR4JTNEMTklMjZxdCUzRCUyNmFwayUzRDIlMjZzYyUzRFdXVyUyNnVyJTNEJUU0JUI4JUFEJUU1JUIxJUIxJTI2bHIlM0QlRTQlQjglQUQlRTUlQjElQjElMjZmdCUzRCU3QiU3RA%3D%3D#from=mpl_search_suggest,-1.0,N/A,N/A,12/28-12/28；周六；20:00-22:00开园,https://qimgs.qunarzz.com/piao_qsight_provider_piao_qsight_web/0102712000gjroqg730E0_C_900_504.jpg_710x360_2673cdd8.jpg〇https://qimgs.qunarzz.com/piao_qsight_provider_piao_qsight_web/0106w12000dg7v8vm854D_C_900_504_Q90_Mtg_7.jpg_710x360_cbe07ad5.jpg〇https://qimgs.qunarzz.com/piao_qsight_provider_piao_qsight_web/0102712000gjroqg730E0_C_900_504_Q90_Mtg_7.jpg_710x360_df1516dd.jpg,"{""ret"": true, ""data"": {""tagList"": [{""tagType"": 0, ""tagScore"": 5, ""tagNum"": 0, ""tagName"": ""\u5168\u90e8""}], ""score"": 0.0, ""commentCount"": 0}, ""statusCode"": 200}"
SOUL营,https://qimgs.qunarzz.com/piao_qsight_provider_piao_qsight_web/01063120009dsy0h3ED78_C_900_504.jpg_280x200_95405043.jpg,肇庆市,鼎湖区,广东省肇庆市鼎湖区木棉庄园,-1,-1.0,丰富的旅游资源和自然环境,https://piao.qunar.com/ticket/detail_176746513.html?st=a3clM0QlRTklQkMlOEUlRTYlQjklOTYlRTUlOEMlQkElMjZpZCUzRDUxNDg2MyUyNnR5cGUlM0QwJTI2aWR4JTNEMTglMjZxdCUzRCUyNmFwayUzRDIlMjZzYyUzRFdXVyUyNnVyJTNEJUU0JUI4JUFEJUU1JUIxJUIxJTI2bHIlM0QlRTQlQjglQUQlRTUlQjElQjElMjZmdCUzRCU3QiU3RA%3D%3D#from=mpl_search_suggest,-1.0,N/A,N/A,具体营业状态以当天开放情况为准,https://qimgs.qunarzz.com/piao_qsight_provider_piao_qsight_web/01063120009dsy0h3ED78_C_900_504.jpg_710x360_20bf3d79.jpg〇https://qimgs.qunarzz.com/piao_qsight_provider_piao_qsight_web/0101m1200098wal1o978B_C_900_504_Q90_Mtg_7.jpg_710x360_1cccba10.jpg〇https://qimgs.qunarzz.com/piao_qsight_provider_piao_qsight_web/0103q1200098watyu6630_C_900_504_Q90_Mtg_7.jpg_710x360_a1ef1538.jpg〇https://qimgs.qunarzz.com/piao_qsight_provider_piao_qsight_web/0104s120009dsy2z2276A_C_900_504_Q90_Mtg_7.jpg_710x360_b97791d1.jpg〇https://qimgs.qunarzz.com/piao_qsight_provider_piao_qsight_web/010111200098wah3t7826_C_900_504_Q90_Mtg_7.jpg_710x360_3f7eeb89.jpg〇https://qimgs.qunarzz.com/piao_qsight_provider_piao_qsight_web/010501200098wap0z603A_C_900_504_Q90_Mtg_7.jpg_710x360_f508882b.jpg〇https://qimgs.qunarzz.com/piao_qsight_provider_piao_qsight_web/010181200098was0l2113_C_900_504_Q90_Mtg_7.jpg_710x360_361100d4.jpg〇https://qimgs.qunarzz.com/piao_qsight_provider_piao_qsight_web/0105w1200098wap10DECF_C_900_504_Q90_Mtg_7.jpg_710x360_adbc936b.jpg〇https://qimgs.qunarzz.com/piao_qsight_provider_piao_qsight_web/0104u120009dsy012991E_C_900_504_Q90_Mtg_7.png_710x360_a12e616d.png〇https://qimgs.qunarzz.com/piao_qsight_provider_piao_qsight_web/0100c1200098was0k5411_C_900_504_Q90_Mtg_7.jpg_710x360_b4e50870.jpg〇https://qimgs.qunarzz.com/piao_qsight_provider_piao_qsight_web/01063120009dsy0h3ED78_C_900_504_Q90_Mtg_7.jpg_710x360_69de4cee.jpg〇https://imgs.qunarzz.com/sight/p0/2204/7e/7e385684d9c18dc2a3.water.jpg_710x360_442f8c32.jpg〇https://imgs.qunarzz.com/sight/p0/2204/b3/b3d4e32263b694d8a3.water.jpg_710x360_38ff48be.jpg,"{""ret"": true, ""data"": {""tagList"": [{""tagType"": 0, ""tagScore"": 5, ""tagNum"": 0, ""tagName"": ""\u5168\u90e8""}], ""score"": 0.0, ""commentCount"": 0}, ""statusCode"": 200}"
万达寻安鹿园,https://qimgs.qunarzz.com/piao_qsight_provider_piao_qsight_web/0102o120009ojewxaFD5E_C_900_504.jpg_280x200_3cef9717.jpg,肇庆市,鼎湖区,肇庆市鼎湖区观砚大道肇庆市鼎湖双创园东侧约270米,-1,-1.0,园区是一处以自然与动物为主题的景点。近距离接触梅花鹿，体验喂动物的乐趣。,https://piao.qunar.com/ticket/detail_3038290265.html?st=a3clM0QlRTklQkMlOEUlRTYlQjklOTYlRTUlOEMlQkElMjZpZCUzRDUxNjI1OSUyNnR5cGUlM0QwJTI2aWR4JTNEMTclMjZxdCUzRCUyNmFwayUzRDIlMjZzYyUzRFdXVyUyNnVyJTNEJUU0JUI4JUFEJUU1JUIxJUIxJTI2bHIlM0QlRTQlQjglQUQlRTUlQjElQjElMjZmdCUzRCU3QiU3RA%3D%3D#from=mpl_search_suggest,-1.0,N/A,园区是一处以自然与动物为主题的景点。近距离接触梅花鹿，体验喂动物的乐趣。,1/1-12/31；周一至周日；09:00-18:00开园,https://qimgs.qunarzz.com/piao_qsight_provider_piao_qsight_web/0102o120009ojewxaFD5E_C_900_504.jpg_710x360_b23085f0.jpg〇https://qimgs.qunarzz.com/piao_qsight_provider_piao_qsight_web/0106s120009ojf90a3F5D_C_900_504_Q90_Mtg_7.jpg_710x360_1017b8c4.jpg〇https://qimgs.qunarzz.com/piao_qsight_provider_piao_qsight_web/01057120009ojf2cy318E_C_900_504_Q90_Mtg_7.jpg_710x360_e8fb749a.jpg〇https://qimgs.qunarzz.com/piao_qsight_provider_piao_qsight_web/01034120009ojetca9DF9_C_900_504_Q90_Mtg_7.png_710x360_66bedcc3.png〇https://qimgs.qunarzz.com/piao_qsight_provider_piao_qsight_web/0106g120009ojesdu9C20_C_900_504_Q90_Mtg_7.jpg_710x360_02649877.jpg〇https://qimgs.qunarzz.com/piao_qsight_provider_piao_qsight_web/0102e120009ojf4mq7B5B_C_900_504_Q90_Mtg_7.jpg_710x360_3ac624d0.jpg〇https://qimgs.qunarzz.com/piao_qsight_provider_piao_qsight_web/0104i120009ojf4ul8356_C_900_504_Q90_Mtg_7.png_710x360_038f3e60.png〇https://qimgs.qunarzz.com/piao_qsight_provider_piao_qsight_web/01022120009ojevymD0D4_C_900_504_Q90_Mtg_7.jpg_710x360_e1555e13.jpg〇https://qimgs.qunarzz.com/piao_qsight_provider_piao_qsight_web/0104y120009ojet4b1B92_C_900_504_Q90_Mtg_7.jpg_710x360_bd30c66a.jpg〇https://qimgs.qunarzz.com/piao_qsight_provider_piao_qsight_web/01020120009ojezbf8064_C_900_504_Q90_Mtg_7.png_710x360_28c02e85.png〇https://qimgs.qunarzz.com/piao_qsight_provider_piao_qsight_web/0102o120009ojewxaFD5E_C_900_504_Q90_Mtg_7.jpg_710x360_b2bd37c1.jpg〇https://imgs.qunarzz.com/sight/p0/2207/93/9370e45f521339d1a3.water.jpg_710x360_7c536f1c.jpg,"{""ret"": true, ""data"": {""tagList"": [{""tagType"": 0, ""tagScore"": 5, ""tagNum"": 0, ""tagName"": ""\u5168\u90e8""}], ""score"": 0.0, ""commentCount"": 0}, ""statusCode"": 200}"
狮岗炮台,https://imgs.qunarzz.com/sight/p0/201403/11/2380e1590888f09ff6495054c9cd77ab.jpg_280x200_7554d67b.jpg,肇庆市,端州区,广东省肇庆市端州区北郊七星岩东北狮岗,-1,-1.0,狮岗炮台建于1920年，是肇罗阳镇守使林虎在肇庆所筑的七座炮台之一。炮台由三个部分组成：岗顶建指挥部，岗上另有两个防御工,https://piao.qunar.com/ticket/detail_1410586532.html?st=a3clM0QlRTclQUIlQUYlRTUlQjclOUUlRTUlOEMlQkElMjZpZCUzRDE4OTUwNyUyNnR5cGUlM0QwJTI2aWR4JTNENjAlMjZxdCUzRCUyNmFwayUzRDIlMjZzYyUzRFdXVyUyNnVyJTNEJUU0JUI4JUFEJUU1JUIxJUIxJTI2bHIlM0QlRTQlQjglQUQlRTUlQjElQjElMjZmdCUzRCU3QiU3RA%3D%3D#from=mpl_search_suggest,-1.0,N/A,狮岗炮台建于1920年，是肇罗阳镇守使林虎在肇庆所筑的七座炮台之一。炮台由三个部分组成：岗顶建指挥部，岗上另有两个防御工事。其指挥部在岗的制高点，为圆形暗堡，直径2.35米，高l.9米，堡顶丘形，堡内有枪眼、壁龛，南面通道口接坑道，坑道平面为曲尺形，全长24.6米，宽1.5米。岗西北有防御工事，共有暗堡两座，各有坑道连接；岗东北的防御工事则以洼地掩体为中心，呈丁字形；三个暗堡分别在坑道的末端，暗堡的结构与当地其他炮台大致相同。形成了较为完备的防御工事。,01/01-12/31；7:30-17:30开园,https://imgs.qunarzz.com/sight/p0/201403/11/2380e1590888f09ff6495054c9cd77ab.jpg_710x360_80a88437.jpg〇https://qimgs.qunarzz.com/piao_qsight_provider_piao_qsight_web/f116b7fe54cd421ec14bd9c2d4f858bb.gif_710x360_bb2a4403.gif,"{""ret"": true, ""data"": {""tagList"": [{""tagType"": 0, ""tagScore"": 5, ""tagNum"": 0, ""tagName"": ""\u5168\u90e8""}], ""score"": 0.0, ""commentCount"": 0}, ""statusCode"": 200}"
城西清真寺,https://qimgs.qunarzz.com/piao_qsight_provider_piao_qsight_web/a5e219b893476c37.jpg_280x200_d164f62f.jpg,肇庆市,端州区,广东省肇庆市端洲区康乐中路,-1,-1.0,建于清乾隆三十二年（1767），后迁至现址。占地面积1285.2平方米，寺内有礼拜殿、两廊房舍等建筑，礼拜殿前檐石柱阴刻,https://piao.qunar.com/ticket/detail_724792446.html?st=a3clM0QlRTclQUIlQUYlRTUlQjclOUUlRTUlOEMlQkElMjZpZCUzRDE0MjExJTI2dHlwZSUzRDAlMjZpZHglM0Q0NSUyNnF0JTNEJTI2YXBrJTNEMiUyNnNjJTNEV1dXJTI2dXIlM0QlRTQlQjglQUQlRTUlQjElQjElMjZsciUzRCVFNCVCOCVBRCVFNSVCMSVCMSUyNmZ0JTNEJTdCJTdE#from=mpl_search_suggest,-1.0,N/A,建于清乾隆三十二年（1767），后迁至现址。占地面积1285.2平方米，寺内有礼拜殿、两廊房舍等建筑，礼拜殿前檐石柱阴刻楷书槛联“勤念礼课斋，七日一朝须敬畏；守忠存仁义，六行三物贵真诚”。殿内其中四根石柱上阴刻回文古兰经。寺内还存刻于清嘉庆十九年（1814）高2.23米、宽0.27米的木板楹联“何须色相昭彰，五拜中严然如在：漫道典型迂远，卅卷内自有真传”。 1983年，因建筑物严重残破倾危，遂重建阿拉伯式建筑，1984年9月竣工。寺由礼拜殿、经堂、两廊、浴室、办公室、阿訇宿舍、厨房、停生阁等建筑群组成，主体建筑礼拜殿，建筑面积434.8平方米，顶部是白色圆形尖塔式顶，以示其真主至大，而圆球尖端顶上的弯形月，则是伊斯兰教场所的标志。大殿正面设有三个殿门和大殿南北两廊口，合为五个门口，比喻念、礼、斋、课、朝五*及五时拜，用钢筋混凝土建成的礼拜殿，殿内不设偶像，宽广空旷。1984年公布为肇庆市文物保护单位。,暂无,https://qimgs.qunarzz.com/piao_qsight_provider_piao_qsight_web/a5e219b893476c37.jpg_710x360_3cd54713.jpg,"{""ret"": true, ""data"": {""tagList"": [{""tagType"": 0, ""tagScore"": 5, ""tagNum"": 0, ""tagName"": ""\u5168\u90e8""}], ""score"": 0.0, ""commentCount"": 0}, ""statusCode"": 200}"
飞水潭,https://imgs.qunarzz.com/sight/p0/1611/d7/d7f20a295f718612a3.water.jpg_280x200_0d0bc3e1.jpg,肇庆市,端州区,广东省肇庆市鼎湖山,-1,-1.0,忽而形成千尺飞流，忽而溅作满空雨花,https://piao.qunar.com/ticket/detail_2027985735.html?st=a3clM0QlRTclQUIlQUYlRTUlQjclOUUlRTUlOEMlQkElMjZpZCUzRDE0MjYxJTI2dHlwZSUzRDAlMjZpZHglM0QzMCUyNnF0JTNEJTI2YXBrJTNEMiUyNnNjJTNEV1dXJTI2dXIlM0QlRTQlQjglQUQlRTUlQjElQjElMjZsciUzRCVFNCVCOCVBRCVFNSVCMSVCMSUyNmZ0JTNEJTdCJTdE#from=mpl_search_suggest,-1.0,N/A,鼎湖山飞水潭，又名龙潭飞瀑，位于鼎湖山南半山腰、庆云古刹下东侧。 去飞水潭，由荣睿碑亭拾级登山，沿曲径云封直上，至半山腰向右拐，过眠绿亭即可。当然，亦可在荣壑碑亭前面的山溪边起步，一直溯溪而上。这里，山石嶙峋，瀑布从40多米高的崖顶深处狂奔而来，直往下飞泻，忽而形成千尺飞流，如白练悬空，忽而溅作满空雨花，如轻纱曼舞。瀑布下，如注的水流汇成一泓碧水，中有巨石，上刻“枕流”2字。辛亥革命后，孙中山先生偕夫人宋庆龄游览鼎湖山时，曾在此游泳，现崖壁上刻有宋庆龄手书的“孙中山游泳处”6个大字。潭水由此再往下倾泻，继而形成另一个深潭，据传为蛰龙窟，故曰：浴龙池。飞水潭侧建有更衣室，崖间建有观瀑亭，崖壁镌刻着许多赞美飞水潭的摩崖大字和方寸小楷，如“喷雪”、“能移我情”、“天然图画”、“飞泉咽危石”等，颇有诗情画意。 夏日到此，观瀑、游泳、濯足，均感遍体清凉，烦热顿消。,夏季、秋季(6月1日-11月30日)5:30-18:30，冬季、春季(12月1日-次年5月31日)6:00-18:00。,https://imgs.qunarzz.com/sight/p0/1611/d7/d7f20a295f718612a3.water.jpg_710x360_9f91d335.jpg〇https://qimgs.qunarzz.com/piao_qsight_provider_piao_qsight_web/37b18d0136fe395fbfbfd5f10902414f.jpg_710x360_ebcfeef2.jpg〇https://qimgs.qunarzz.com/piao_qsight_provider_piao_qsight_web/5ba5f2774691bcd28f58ace130e73680.jpg_710x360_fbdecd0f.jpg〇https://qimgs.qunarzz.com/piao_qsight_provider_piao_qsight_web/3ad8c20a5071af8da2ab3829a160b9b7.jpg_710x360_1bf887dd.jpg〇https://qimgs.qunarzz.com/piao_qsight_provider_piao_qsight_web/03b48c7cb4f855f5eabea3a8a88a2af4.jpg_710x360_d09516f6.jpg〇https://qimgs.qunarzz.com/piao_qsight_provider_piao_qsight_web/f86465b21c4718448c79abdcb90eea9b.jpg_710x360_3936176c.jpg〇https://qimgs.qunarzz.com/piao_qsight_provider_piao_qsight_web/cef17d106817c2df857c45a4f77dad47.jpg_710x360_9542be22.jpg〇https://qimgs.qunarzz.com/piao_qsight_provider_piao_qsight_web/c5b007b3bc2190354c64e1b7037ecec4.jpg_710x360_158b32dc.jpg〇https://qimgs.qunarzz.com/piao_qsight_provider_piao_qsight_web/ad42bf0ea3f5d060ed770e5ded169c42.jpg_710x360_7c2755d9.jpg〇https://qimgs.qunarzz.com/piao_qsight_provider_piao_qsight_web/5cbf7e19a49ec6cc9f7841bf143ea09d.jpg_710x360_ad5d55e5.jpg〇https://qimgs.qunarzz.com/piao_qsight_provider_piao_qsight_web/1525007af53ec6cd210ee7eab1aa6c02.jpg_710x360_9946cd65.jpg〇https://qimgs.qunarzz.com/piao_qsight_provider_piao_qsight_web/19320720550911742d391613b0dfb0aa.jpg_710x360_7c7fa24f.jpg〇https://qimgs.qunarzz.com/piao_qsight_provider_piao_qsight_web/bbc72cdbd616bf9951098124fc189b85.jpg_710x360_2346f6a0.jpg〇https://qimgs.qunarzz.com/piao_qsight_provider_piao_qsight_web/87909932dacc540cf5df116df82002e1.jpg_710x360_7ebacde8.jpg〇https://qimgs.qunarzz.com/piao_qsight_provider_piao_qsight_web/21c536a62dd2dc9dceb769a3b62e2979.jpg_710x360_3bc81466.jpg〇https://qimgs.qunarzz.com/piao_qsight_provider_piao_qsight_web/089d64a1349bb737.jpg_710x360_ff907392.jpg〇https://qimgs.qunarzz.com/piao_qsight_provider_piao_qsight_web/f4513c5f7de13b5.jpg_710x360_1b914a76.jpg〇https://qimgs.qunarzz.com/piao_qsight_provider_piao_qsight_web/1b69e3331a3926f7.jpg_710x360_6c82242a.jpg〇https://qimgs.qunarzz.com/piao_qsight_provider_piao_qsight_web/b859a4cbb47a01f7.jpg_710x360_93ac6980.jpg〇https://qimgs.qunarzz.com/piao_qsight_provider_piao_qsight_web/86bb71d851460cf7.jpg_710x360_be3a9f2f.jpg〇https://qimgs.qunarzz.com/piao_qsight_provider_piao_qsight_web/8c808860bf3a9df7.jpg_710x360_33ab1685.jpg,"{""ret"": true, ""data"": {""tagList"": [{""tagType"": 0, ""tagScore"": 5, ""tagNum"": 0, ""tagName"": ""\u5168\u90e8""}], ""score"": 0.0, ""commentCount"": 0}, ""statusCode"": 200}"
下灶丛林越野俱乐部,https://mp-piao-admincp.qunarzz.com/mp_piao_admin_mp_piao_admin/admin/20217/30d54820c6727b9958d585769ab3c5c2.png_280x200_7ef61cce.png,肇庆市,高要区,广东省肇庆市高要区白土镇下灶村宋隆河东南500米,-1,-1.0,N/A,https://piao.qunar.com/ticket/detail_2889372528.html?st=a3clM0QlRTklQUIlOTglRTglQTYlODElRTUlOEMlQkElMjZpZCUzRDUzNTcyMiUyNnR5cGUlM0QwJTI2aWR4JTNEMTklMjZxdCUzRCUyNmFwayUzRDIlMjZzYyUzRFdXVyUyNnVyJTNEJUU0JUI4JUFEJUU1JUIxJUIxJTI2bHIlM0QlRTQlQjglQUQlRTUlQjElQjElMjZmdCUzRCU3QiU3RA%3D%3D#from=mpl_search_suggest,-1.0,N/A,N/A,1/1-12/31；周一至周日；09:00-19:00开园,https://mp-piao-admincp.qunarzz.com/mp_piao_admin_mp_piao_admin/admin/20217/30d54820c6727b9958d585769ab3c5c2.png_710x360_c2302e12.png,"{""ret"": true, ""data"": {""tagList"": [{""tagType"": 0, ""tagScore"": 5, ""tagNum"": 0, ""tagName"": ""\u5168\u90e8""}], ""score"": 0.0, ""commentCount"": 0}, ""statusCode"": 200}"
水上娱乐中心,https://imgs.qunarzz.com/sight/p72/201211/05/6e4cb59969f0b01793835fbb.jpg_280x200_092bb904.jpg,肇庆市,高要区,广东省肇庆市高要市白土镇绿茵大道广新农业生态园,-1,-1.0,寓教于乐，将实践和理论完美结合,https://piao.qunar.com/ticket/detail_2400387112.html?st=a3clM0QlRTklQUIlOTglRTglQTYlODElRTUlOEMlQkElMjZpZCUzRDI1NzAwJTI2dHlwZSUzRDAlMjZpZHglM0QxOCUyNnF0JTNEJTI2YXBrJTNEMiUyNnNjJTNEV1dXJTI2dXIlM0QlRTQlQjglQUQlRTUlQjElQjElMjZsciUzRCVFNCVCOCVBRCVFNSVCMSVCMSUyNmZ0JTNEJTdCJTdE#from=mpl_search_suggest,-1.0,N/A,生态园内除采摘外还有30多种令人乐而忘返的娱乐项目，或在农艺师的指导下，摘瓜菜、浇水、施肥、耕作，体验农家乐。这些娱乐项目，不仅使游人乐在其中，而且教乐结合，寓教于乐，成为青少年综合素质教育的理想之地,暂无,https://imgs.qunarzz.com/sight/p72/201211/05/6e4cb59969f0b01793835fbb.jpg_710x360_71b638dd.jpg,"{""ret"": true, ""data"": {""tagList"": [{""tagType"": 0, ""tagScore"": 5, ""tagNum"": 0, ""tagName"": ""\u5168\u90e8""}], ""score"": 0.0, ""commentCount"": 0}, ""statusCode"": 200}"
万竹园,https://imgs.qunarzz.com/sight/p86/201211/04/7e55c66f3d72f40d93835fbb.jpg_280x200_5bc8586a.jpg,肇庆市,广宁县,肇庆市广宁县城南街镇,-1,-1.0,万竹园位于广宁县城南街镇的古琴岗上，是1993年新建起来的一处旅游景点。万竹园的特点是入园见竹。广宁是个竹乡，竹子共有5,https://piao.qunar.com/ticket/detail_3075780033.html?st=a3clM0QlRTUlQjklQkYlRTUlQUUlODElRTUlOEUlQkYlMjZpZCUzRDEzNTU2JTI2dHlwZSUzRDAlMjZpZHglM0Q0JTI2cXQlM0QlMjZhcGslM0QyJTI2c2MlM0RXV1clMjZ1ciUzRCVFNCVCOCVBRCVFNSVCMSVCMSUyNmxyJTNEJUU0JUI4JUFEJUU1JUIxJUIxJTI2ZnQlM0QlN0IlN0Q%3D#from=mpl_search_suggest,-1.0,N/A,万竹园位于广宁县城南街镇的古琴岗上，是1993年新建起来的一处旅游景点。万竹园的特点是入园见竹。广宁是个竹乡，竹子共有55个品种，种植面积8万公顷，年竹子产量25万吨。竹子的品种、种植面积和产量三者均居中国之冠。而万竹园，占地面积仅3.3公顷，竟然引种了本县和外地的竹子120多个品种，汇集了67位书法名家的90多件墨宝，刻石立碑，还建造了凉亭和瞻竹亭，赋予肇庆旅游以新的音韵。万竹园前建一月形大门，上方有启*先生书赠的“万竹园”3个大字。入门不远，陡壁上是吴作人题写的“书法碑林”和秦萼生书的“竹子之乡”。石阶蹬道两旁，竹林和碑林交相映入眼帘，竹中有碑，碑旁有竹，看竹又看碑，令人目不暇接。这里是竹子的大观园，有青皮竹、四季竹、观音竹、罗汉竹、佛肚竹、凤尾竹、撑杆竹、文笋竹、黄金竹、四方竹，鼓节竹。它们争奇斗异，或婀娜多姿，或小巧玲珑，或温文尔雅，姿态万千；这里又是书法艺术的大观园，有题词、对联、诗词、警句、名言，有篆、隶、楷、行、草各种字体，它们都争相聚会于园内，使景点别开生面，倍添情趣。,暂无,https://imgs.qunarzz.com/sight/p86/201211/04/7e55c66f3d72f40d93835fbb.jpg_710x360_495a4519.jpg〇https://qimgs.qunarzz.com/piao_qsight_provider_piao_qsight_web/25f0cd6e5433dd393418a7fb13d5d2c4.jpg_710x360_c7efa78a.jpg〇https://qimgs.qunarzz.com/piao_qsight_provider_piao_qsight_web/11957aad757aa25318a493fbed7f4ab7.jpg_710x360_2aadf9f0.jpg〇https://qimgs.qunarzz.com/piao_qsight_provider_piao_qsight_web/03e91a97e443ac37.jpg_710x360_0fd9fc97.jpg,"{""ret"": true, ""data"": {""tagList"": [{""tagType"": 0, ""tagScore"": 5, ""tagNum"": 0, ""tagName"": ""\u5168\u90e8""}], ""score"": 0.0, ""commentCount"": 0}, ""statusCode"": 200}"
金象山景区,https://qimgs.qunarzz.com/piao_qsight_provider_piao_qsight_web/1lo4912000f80w9q2C9B9_C_900_504.jpg_280x200_6deec035.jpg,肇庆市,高要区,肇庆市高要区南岸街道沿江路三路,-1,-1.0,丛林咖啡屋,https://piao.qunar.com/ticket/detail_3807724835.html?st=a3clM0QlRTklQUIlOTglRTglQTYlODElRTUlOEMlQkElMjZpZCUzRDUzNTAxNCUyNnR5cGUlM0QwJTI2aWR4JTNEMTUlMjZxdCUzRCUyNmFwayUzRDIlMjZzYyUzRFdXVyUyNnVyJTNEJUU0JUI4JUFEJUU1JUIxJUIxJTI2bHIlM0QlRTQlQjglQUQlRTUlQjElQjElMjZmdCUzRCU3QiU3RA%3D%3D#from=mpl_search_suggest,-1.0,N/A,N/A,1/1-12/31；周一至周日；09:00-17:30开园,https://qimgs.qunarzz.com/piao_qsight_provider_piao_qsight_web/1lo4912000f80w9q2C9B9_C_900_504.jpg_710x360_f6fd82aa.jpg〇https://qimgs.qunarzz.com/piao_qsight_provider_piao_qsight_web/1lo0t12000f80uvkl6847_C_900_504_Q90_Mtg_7.jpg_710x360_da881cd5.jpg〇https://qimgs.qunarzz.com/piao_qsight_provider_piao_qsight_web/1lo3512000fgnl02vE494_C_900_504_Q90_Mtg_7.jpg_710x360_38fabb33.jpg〇https://qimgs.qunarzz.com/piao_qsight_provider_piao_qsight_web/1lo4912000f80w9q2C9B9_C_900_504_Q90_Mtg_7.jpg_710x360_5ef1b3fa.jpg,"{""ret"": true, ""data"": {""tagList"": [{""tagType"": 0, ""tagScore"": 5, ""tagNum"": 0, ""tagName"": ""\u5168\u90e8""}], ""score"": 0.0, ""commentCount"": 0}, ""statusCode"": 200}"
肇庆黎雄才故居,https://imgs.qunarzz.com/sight/p0/1410/10/dc57f8f87a853cc5a138a0e5326f6419.jpg_280x200_3b425dbd.jpg,肇庆市,高要区,广东省肇庆市高要市白土镇坑尾村,2,4.0,千年历史古村落，较完整的岭南文化遗产体系,https://piao.qunar.com/ticket/detail_2947440401.html?st=a3clM0QlRTklQUIlOTglRTglQTYlODElRTUlOEMlQkElMjZpZCUzRDE5ODE4MyUyNnR5cGUlM0QwJTI2aWR4JTNEMTQlMjZxdCUzRCUyNmFwayUzRDIlMjZzYyUzRFdXVyUyNnVyJTNEJUU0JUI4JUFEJUU1JUIxJUIxJTI2bHIlM0QlRTQlQjglQUQlRTUlQjElQjElMjZmdCUzRCU3QiU3RA%3D%3D#from=mpl_search_suggest,-1.0,N/A,这里是孕育出一代国画大师、岭南画派的领军人物黎雄才的地方。坑尾村面朝高庙塘与宋隆河，北靠秀丽的秀才山，民居建在山麓开阔的河弯处，山环水绕，锦峰簇拥，河川如练，营建出一个世外桃源的居住空间。作为具有千年历史的古村落，坑尾村依然保存着比较完整的传统节日、礼仪、民俗、民间工艺等岭南文化遗产体系，较为突出的是祖屋与门楼文化、酒堂文化、舞狮文化、婚丧民俗文化、宗祠及宗旅文化、高庙及社神（奉香节）文化等。可以依托古建筑进行物质文化景观再现、节日民俗文化展演、书画文化体验、陶瓷文化等。,暂无,https://imgs.qunarzz.com/sight/p0/1410/10/dc57f8f87a853cc5a138a0e5326f6419.jpg_710x360_be412fcc.jpg〇https://imgs.qunarzz.com/sight/p0/1410/10/914fa380d031608319eb35f5c493657d.jpg_710x360_b5c80362.jpg〇https://imgs.qunarzz.com/sight/p0/1410/10/3c815aa0ca40b68956b47494fb7cfafb.jpg_710x360_4a335864.jpg〇https://imgs.qunarzz.com/sight/p0/1410/10/5cccfbd07fa998fff974d0f284c50b5d.jpg_710x360_1cc8e443.jpg〇https://qimgs.qunarzz.com/piao_qsight_provider_piao_qsight_web/2c7171ec75930402.jpg_710x360_bc6a5075.jpg,"{""ret"": true, ""data"": {""tagList"": [{""tagType"": 1, ""tagScore"": 5, ""tagNum"": 2, ""tagName"": ""\u597d\u8bc4""}, {""tagType"": 0, ""tagScore"": 5, ""tagNum"": 2, ""tagName"": ""\u5168\u90e8""}], ""commentList"": [{""author"": ""\u7cbe*\u4fa0"", ""content"": ""\u6545\u91cc\u5728\u5e02\u90ca\u519c\u6751\uff0c\u5e02\u533a\u624d\u6709\u9ece\u96c4\u624d\u827a\u672f\u9986\u2014\u2014\u5c31\u5728\u4ffa\u4eca\u665a\u4efb\u6027\u8bd5\u7761\u7684\u9152\u5e97\u8fd1\u65c1\uff08\u8087\u5e86\u9ad8\u8981\uff09\uff0c\u5f53\u7136\u4e0d\u9519\u8fc7\uff01\u6b23\u8d4f\u5cad\u5357\u753b\u6d3e\u5927\u5e08\u7684\u4f5c\u54c1\u98ce\u91c7\uff0c\u610f\u5916\u6536\u83b7\uff01\u3002\u9644\u8fd1\u7684\u9ad8\u8981\u535a\u7269\u9986\u2014\u2014\u53c8\u4e00\u610f\u5916\u6536\u83b7\uff01\u518d\u5ea6\u571f\u8c6a\u5305\u9986\uff01\u7ba1\u7406\u5458\u7279\u610f\u4e3a\u4ffa\u5f00\u706f\uff01\u5c31\u5728\u56fd\u835e\u516c\u56ed\u65c1\u8fb9\uff0c\u5f53\u7136\u987a\u9053\u53c2\u89c2\uff0c\u60f3\u4e0d\u5230\u8fd9\u5730\u65b9\u5c0f\u9986\u4e5f\u6709\u5982\u6b64\u53e4\u8001\u53c8\u73cd\u8d35\u7684\u6587\u7269\uff01\u4ffa\u5df2\u51e0\u5ea6\u5149\u4e34\u9ad8\u8981\uff0c\u90fd\u662f\u6765\u4f4f\u5bbf\uff0c\u6b64\u6b21\u7ec8\u4e8e\u6df1\u5ea6\u6e38\u4e86\uff01"", ""date"": ""2016-12-24"", ""score"": 4, ""commentId"": ""136644940"", ""imgs"": [{""small"": ""https://imgs.qunarzz.com/piao/fusion/1612/a5/2c7171ec75930402.jpg_120x120_579ef442.jpg"", ""title"": """", ""big"": ""https://imgs.qunarzz.com/piao/fusion/1612/a5/2c7171ec75930402.jpg""}], ""userNickName"": ""\u7cbe*\u4fa0"", ""replyCityName"": """", ""cityName"": """"}, {""author"": ""\u7cbe*\u4fa0"", ""content"": ""\u6240\u5728\u53e4\u6751\u4e5f\u662f\u4e00\u4e2a\u5386\u53f2\u6587\u5316\u540d\u6751\uff0c\u4e3b\u8981\u56e0\u4e3a\u6709\u8fd9\u4e2a\u540d\u4eba\u6545\u5c45\u800c\u51fa\u540d\u7684\u3002"", ""date"": ""2016-07-31"", ""score"": 4, ""commentId"": ""123607108"", ""imgs"": [], ""userNickName"": ""\u7cbe*\u4fa0"", ""replyCityName"": """", ""cityName"": """"}], ""score"": 4.0, ""commentCount"": 2}, ""statusCode"": 200}"
砚洲,https://imgs.qunarzz.com/sight/p57/201211/06/c1b81e2ca4532cc493835fbb.jpg_280x200_898fa6ab.jpg,肇庆市,鼎湖区,肇庆市广利镇,2,4.5,砚洲俗称砚渚。在肇庆市广利镇。西江流至此地，水分两路，砚洲如一叶轻舟，飘浮江心，景色优美。传说北宋康定年间（1040―1,https://piao.qunar.com/ticket/detail_980009460.html?st=a3clM0QlRTklQkMlOEUlRTYlQjklOTYlRTUlOEMlQkElMjZpZCUzRDk2NDQlMjZ0eXBlJTNEMCUyNmlkeCUzRDE1JTI2cXQlM0QlMjZhcGslM0QyJTI2c2MlM0RXV1clMjZ1ciUzRCVFNCVCOCVBRCVFNSVCMSVCMSUyNmxyJTNEJUU0JUI4JUFEJUU1JUIxJUIxJTI2ZnQlM0QlN0IlN0Q%3D#from=mpl_search_suggest,-1.0,N/A,砚洲俗称砚渚。在肇庆市广利镇。西江流至此地，水分两路，砚洲如一叶轻舟，飘浮江心，景色优美。传说北宋康定年间（1040―1041），包公调任端州知军州事，为官清廉，关心百姓疾苦，扶持端砚制造，深得端州人民称道。离任之时，端城（今肇庆市）男女老少都来送行，名流士绅纷纷携物相赠，均被包公―一谢绝。船行至沙浦，发现一书童私下受赠端砚一方，包公即将此砚抛入江中，于是在端砚沉没之处，浮起一片陆洲，即为现今砚洲。近千年来，“砚渚清风”乃作为西江三峡胜景之一，既指此地江风习习，清爽宜人，也是对包公为官清廉的赞颂。洲上还有“洗笔池”等古迹。,暂无,https://imgs.qunarzz.com/sight/p57/201211/06/c1b81e2ca4532cc493835fbb.jpg_710x360_34036037.jpg〇https://qimgs.qunarzz.com/piao_qsight_provider_piao_qsight_web/7d8282fb5879c502.jpg_710x360_16258c64.jpg,"{""ret"": true, ""data"": {""tagList"": [{""tagType"": 1, ""tagScore"": 5, ""tagNum"": 2, ""tagName"": ""\u597d\u8bc4""}, {""tagType"": 0, ""tagScore"": 5, ""tagNum"": 2, ""tagName"": ""\u5168\u90e8""}], ""commentList"": [{""author"": ""\u7cbe*\u4fa0"", ""content"": ""\u518d\u5750\u516c\u4ea42\u5143\u524d\u5f80\u5e02\u90ca\u603b\u7ad9\u7684\u201c\u7aef\u781a\u6587\u5316\u6751\u201d\u2014\u2014\u767d\u77f3\u6751\u3002\u6751\u5916\u6709\u5ea7\u65b0\u843d\u6210\u7684\u7aef\u781a\u535a\u7269\u9986\uff0c\u4e00\u697c\u4e2d\u5fc3\u533a\u662f\u7aef\u781a\u6587\u5316\u4e0e\u7cbe\u54c1\u5c55\u89c8\uff0c\u5176\u4f59\u5927\u9762\u79ef\u662f\u7aef\u781a\u5e97\u94fa\uff0c\u54c1\u79cd\u4e4b\u591a\u975e\u884c\u5bb6\u4e0d\u80fd\u5206\u8fa8\uff0c\u6211\u53ea\u80fd\u8d70\u9a6c\u89c2\u82b1\u4e86\u3002\u63a5\u7740\u6b65\u5165\u6751\u5185\uff0c\u53d1\u73b0\u51e0\u4e4e\u5bb6\u5bb6\u6237\u6237\u90fd\u5728\u95e8\u524d\u96d5\u523b\u7aef\u781a\uff0c\u5230\u5904\u90fd\u5806\u653e\u7740\u7aef\u781a\u77f3\u6599\uff0c\u6709\u7684\u5c31\u5728\u95e8\u524d\u8bbe\u5e97\u94fa\u7ecf\u8425\u3002"", ""date"": ""2016-09-14"", ""score"": 4, ""commentId"": ""128422485"", ""imgs"": [{""small"": ""https://imgs.qunarzz.com/piao/fusion/1609/41/7d8282fb5879c502.jpg_120x120_4ae7dd2c.jpg"", ""title"": """", ""big"": ""https://imgs.qunarzz.com/piao/fusion/1609/41/7d8282fb5879c502.jpg""}], ""userNickName"": ""\u7cbe*\u4fa0"", ""replyCityName"": """", ""cityName"": """"}, {""author"": ""W*6"", ""content"": ""\u5f88\u597d\u73a9\u7684\u5730\u65b9\uff0c\u975e\u5e38\u559c\u6b22"", ""date"": ""2016-12-14"", ""score"": 5, ""commentId"": ""136014703"", ""imgs"": [], ""userNickName"": ""W*6"", ""replyCityName"": """", ""cityName"": """"}], ""score"": 4.5, ""commentCount"": 2}, ""statusCode"": 200}"
下茆创意农业产业园,https://mp-piao-admincp.qunarzz.com/mp_piao_admin_mp_piao_admin/admin/20217/30d54820c6727b9958d585769ab3c5c2.png_280x200_7ef61cce.png,肇庆市,四会市,广东省肇庆市四会市交警中队旁,-1,-1.0,N/A,https://piao.qunar.com/ticket/detail_4033868765.html?st=a3clM0QlRTUlOUIlOUIlRTQlQkMlOUElRTUlQjglODIlMjZpZCUzRDUzODY2MyUyNnR5cGUlM0QwJTI2aWR4JTNEMTUlMjZxdCUzRCUyNmFwayUzRDIlMjZzYyUzRFdXVyUyNnVyJTNEJUU0JUI4JUFEJUU1JUIxJUIxJTI2bHIlM0QlRTQlQjglQUQlRTUlQjElQjElMjZmdCUzRCU3QiU3RA%3D%3D#from=mpl_search_suggest,-1.0,N/A,N/A,具体营业状态以当天开放情况为准,https://mp-piao-admincp.qunarzz.com/mp_piao_admin_mp_piao_admin/admin/20217/30d54820c6727b9958d585769ab3c5c2.png_710x360_c2302e12.png,"{""ret"": true, ""data"": {""tagList"": [{""tagType"": 0, ""tagScore"": 5, ""tagNum"": 0, ""tagName"": ""\u5168\u90e8""}], ""score"": 0.0, ""commentCount"": 0}, ""statusCode"": 200}"
广信文化园,https://imgs.qunarzz.com/sight/p63/201211/01/f0f977e927cca88f93835fbb.jpg_280x200_6a9dae57.jpg,肇庆市,封开县,广东省肇庆市封开县封开国家地质公园,-1,-1.0,广信文化园旅游区位于河南新城区西牛头山，雄踞西江、贺江交汇处，依山傍水，风景优美，总占地面积67700平方米。,https://piao.qunar.com/ticket/detail_3174385369.html?st=a3clM0QlRTUlQjAlODElRTUlQkMlODAlRTUlOEUlQkYlMjZpZCUzRDI1NzU1JTI2dHlwZSUzRDAlMjZpZHglM0QxNSUyNnF0JTNEJTI2YXBrJTNEMiUyNnNjJTNEV1dXJTI2dXIlM0QlRTQlQjglQUQlRTUlQjElQjElMjZsciUzRCVFNCVCOCVBRCVFNSVCMSVCMSUyNmZ0JTNEJTdCJTdE#from=mpl_search_suggest,-1.0,N/A,广信文化园旅游区位于河南新城区西牛头山，雄踞西江、贺江交汇处，依山傍水，风景优美，总占地面积67700平方米。,暂无,https://imgs.qunarzz.com/sight/p63/201211/01/f0f977e927cca88f93835fbb.jpg_710x360_6905001f.jpg,"{""ret"": true, ""data"": {""tagList"": [{""tagType"": 0, ""tagScore"": 5, ""tagNum"": 0, ""tagName"": ""\u5168\u90e8""}], ""score"": 0.0, ""commentCount"": 0}, ""statusCode"": 200}"
肇庆名店街,https://mp-piao-admincp.qunarzz.com/mp_piao_admin_mp_piao_admin/admin/20217/30d54820c6727b9958d585769ab3c5c2.png_280x200_7ef61cce.png,肇庆市,端州区,端州区建设三路,-1,-1.0,N/A,https://piao.qunar.com/ticket/detail_644023052.html?st=a3clM0QlRTclQUIlQUYlRTUlQjclOUUlRTUlOEMlQkElMjZpZCUzRDUyNDQyMCUyNnR5cGUlM0QwJTI2aWR4JTNENjMlMjZxdCUzRCUyNmFwayUzRDIlMjZzYyUzRFdXVyUyNnVyJTNEJUU0JUI4JUFEJUU1JUIxJUIxJTI2bHIlM0QlRTQlQjglQUQlRTUlQjElQjElMjZmdCUzRCU3QiU3RA%3D%3D#from=mpl_search_suggest,-1.0,N/A,N/A,暂无,https://mp-piao-admincp.qunarzz.com/mp_piao_admin_mp_piao_admin/admin/20217/30d54820c6727b9958d585769ab3c5c2.png_710x360_c2302e12.png,"{""ret"": true, ""data"": {""tagList"": [{""tagType"": 0, ""tagScore"": 5, ""tagNum"": 0, ""tagName"": ""\u5168\u90e8""}], ""score"": 0.0, ""commentCount"": 0}, ""statusCode"": 200}"
郡岗炮台,https://imgs.qunarzz.com/sight/p0/201403/11/eae053d4ad42aa9591cacb2660db3c25.jpg_280x200_0743c2eb.jpg,肇庆市,端州区,广东省肇庆市端州区西北郊郡岗,-1,-1.0,郡岗炮台建于1920年，是肇罗阳镇守使林虎在肇庆所筑的七座炮台之一。炮台地处进入肇庆的陆路要冲，与龟顶山炮台遥相呼应，共,https://piao.qunar.com/ticket/detail_457808188.html?st=a3clM0QlRTclQUIlQUYlRTUlQjclOUUlRTUlOEMlQkElMjZpZCUzRDE4OTQ5MCUyNnR5cGUlM0QwJTI2aWR4JTNENjIlMjZxdCUzRCUyNmFwayUzRDIlMjZzYyUzRFdXVyUyNnVyJTNEJUU0JUI4JUFEJUU1JUIxJUIxJTI2bHIlM0QlRTQlQjglQUQlRTUlQjElQjElMjZmdCUzRCU3QiU3RA%3D%3D#from=mpl_search_suggest,-1.0,N/A,郡岗炮台建于1920年，是肇罗阳镇守使林虎在肇庆所筑的七座炮台之一。炮台地处进入肇庆的陆路要冲，与龟顶山炮台遥相呼应，共同控制该地段。炮台指挥部建在岗顶西麓，以坑道连结于母堡，并以总长560米堑壕连结外围的西、北、东面的暗堡，组成既能整体配合、各个工事又能单独作战的防御结构。堡内北面有五个枪眼，南面的进出口连接堡外坑道，堡顶固反形，用钢筋混凝土筑成。坑道分露天地段及隐蔽地段，后者平顶，用圆杉木紧密排列，杉顶再夯灰沙三合土。暗堡（子堡）两个，在指挥部东西两端，坑道连结，半圆形，堡内有枪眼及壁龛。外围暗堡布局呈放射状，共三座，分别在指挥部的西、北、东面，堡内亦有枪眼和壁龛设置，外接坑道与堑壕。,01/01-12/31；全天开放,https://imgs.qunarzz.com/sight/p0/201403/11/eae053d4ad42aa9591cacb2660db3c25.jpg_710x360_40b13f37.jpg〇https://qimgs.qunarzz.com/piao_qsight_provider_piao_qsight_web/ae7d2fa3242a494b933c3ff415ed45bb.gif_710x360_6b987027.gif,"{""ret"": true, ""data"": {""tagList"": [{""tagType"": 0, ""tagScore"": 5, ""tagNum"": 0, ""tagName"": ""\u5168\u90e8""}], ""score"": 0.0, ""commentCount"": 0}, ""statusCode"": 200}"
景福围局纪念亭,https://imgs.qunarzz.com/sight/p0/201403/11/f9256634b1cb5678b6b5cdb2fc76d2de.jpg_280x200_bffc42c1.jpg,肇庆市,端州区,广东省肇庆市端州区培脚路北侧,-1,-1.0,景福围局纪念亭建于1935年，为正方形结构，每边长7米，亭内主柱四根，檐柱四根。亭内原来竖有“高要县景福围民国五年修复全,https://piao.qunar.com/ticket/detail_609889693.html?st=a3clM0QlRTclQUIlQUYlRTUlQjclOUUlRTUlOEMlQkElMjZpZCUzRDE4OTM2MSUyNnR5cGUlM0QwJTI2aWR4JTNENjElMjZxdCUzRCUyNmFwayUzRDIlMjZzYyUzRFdXVyUyNnVyJTNEJUU0JUI4JUFEJUU1JUIxJUIxJTI2bHIlM0QlRTQlQjglQUQlRTUlQjElQjElMjZmdCUzRCU3QiU3RA%3D%3D#from=mpl_search_suggest,-1.0,N/A,景福围局纪念亭建于1935年，为正方形结构，每边长7米，亭内主柱四根，檐柱四根。亭内原来竖有“高要县景福围民国五年修复全围纪念碑”和“景福围维护七十二鱼涉诸公纪念碑”两块碑，现已移放在肇庆市博物馆的碑廊中。这里周围环境清幽，空气质量较高，在观看纪念碑的同时，还能体会到自然的气息。,01/01-12/31；9:00-17:00开园,https://imgs.qunarzz.com/sight/p0/201403/11/f9256634b1cb5678b6b5cdb2fc76d2de.jpg_710x360_cb357869.jpg,"{""ret"": true, ""data"": {""tagList"": [{""tagType"": 0, ""tagScore"": 5, ""tagNum"": 0, ""tagName"": ""\u5168\u90e8""}], ""score"": 0.0, ""commentCount"": 0}, ""statusCode"": 200}"
绿竹园,https://imgs.qunarzz.com/sight/p84/201211/05/1df5060c5bce51c293835fbb.jpg_280x200_1eb1f7ae.jpg,肇庆市,怀集县,广东省肇庆市怀集县桥头镇燕山风景区,-1,-1.0,在这里，即使是炎热的夏天也倍感清凉，成片成片的绿竹四面环绕，仿佛置身于绿色的海洋。难得休假，脱离了城市繁忙的日子，反朴归,https://piao.qunar.com/ticket/detail_2548337443.html?st=a3clM0QlRTYlODAlODAlRTklOUIlODYlRTUlOEUlQkYlMjZpZCUzRDE3ODY5JTI2dHlwZSUzRDAlMjZpZHglM0QxMSUyNnF0JTNEJTI2YXBrJTNEMiUyNnNjJTNEV1dXJTI2dXIlM0QlRTQlQjglQUQlRTUlQjElQjElMjZsciUzRCVFNCVCOCVBRCVFNSVCMSVCMSUyNmZ0JTNEJTdCJTdE#from=mpl_search_suggest,-1.0,N/A,在这里，即使是炎热的夏天也倍感清凉，成片成片的绿竹四面环绕，仿佛置身于绿色的海洋。难得休假，脱离了城市繁忙的日子，反朴归真。在这里休闲漫步，更能放松紧张的心情.绿竹还有很多用途呢。竿可作建筑用材或劈篾编制用具，亦为造纸原料。笋味鲜美，质地柔软，除蔬食外，还可加工制笋干或罐头；由于笋期长，产量丰富，故商品效益颇大。此外在台湾还有在本种竹竿刮取竹茹，作为解热的中药材,01/01-12/31；8:30-17:30开园,https://imgs.qunarzz.com/sight/p84/201211/05/1df5060c5bce51c293835fbb.jpg_710x360_151baaa4.jpg,"{""ret"": true, ""data"": {""tagList"": [{""tagType"": 0, ""tagScore"": 5, ""tagNum"": 0, ""tagName"": ""\u5168\u90e8""}], ""score"": 0.0, ""commentCount"": 0}, ""statusCode"": 200}"
水云洞天,https://imgs.qunarzz.com/sight/p10/201211/03/a6d1b6ea8d38a62693835fbb.jpg_280x200_13e3291f.jpg,肇庆市,怀集县,广东省肇庆市怀集县燕山风景区内,-1,-1.0,千峰竞秀，百岩峥嵘,https://piao.qunar.com/ticket/detail_4061533874.html?st=a3clM0QlRTYlODAlODAlRTklOUIlODYlRTUlOEUlQkYlMjZpZCUzRDIyOTIwJTI2dHlwZSUzRDAlMjZpZHglM0QxMCUyNnF0JTNEJTI2YXBrJTNEMiUyNnNjJTNEV1dXJTI2dXIlM0QlRTQlQjglQUQlRTUlQjElQjElMjZsciUzRCVFNCVCOCVBRCVFNSVCMSVCMSUyNmZ0JTNEJTdCJTdE#from=mpl_search_suggest,-1.0,N/A,"燕山风景区地处肇庆市“千里旅游走廊”的怀集县桥头镇,交通方便，周边旅游资源丰富。区内千峰竞秀，百岩峥嵘，构成了一个“此景似应天上有”的仙境界。是集游山、玩水、攀岩、探险、休闲、度假、美食、于一体的旅游胜地。燕山风景区之盘古洞天宽30-80米,高50-100米，游程长3公里。亿年鸳鸯神龟（石生一对），醉倒游客的盘古梯田等仙景。",暂无,https://imgs.qunarzz.com/sight/p10/201211/03/a6d1b6ea8d38a62693835fbb.jpg_710x360_41023674.jpg,"{""ret"": true, ""data"": {""tagList"": [{""tagType"": 0, ""tagScore"": 5, ""tagNum"": 0, ""tagName"": ""\u5168\u90e8""}], ""score"": 0.0, ""commentCount"": 0}, ""statusCode"": 200}"
黎槎古村八卦景区,https://imgs.qunarzz.com/sight/p0/1801/33/33966f2f171029d5a3.img.jpg_280x200_18527eaa.jpg,肇庆市,高要区,广东省肇庆市高要区回龙镇黎槎古村八卦景区,15,4.5,巷道用鹅卵石和石板铺设精心别致古风古韵。,https://piao.qunar.com/ticket/detail_2003272020.html?st=a3clM0QlRTklQUIlOTglRTglQTYlODElRTUlOEMlQkElMjZpZCUzRDQ2NzA3NyUyNnR5cGUlM0QwJTI2aWR4JTNEMTMlMjZxdCUzRCUyNmFwayUzRDIlMjZzYyUzRFdXVyUyNnVyJTNEJUU0JUI4JUFEJUU1JUIxJUIxJTI2bHIlM0QlRTQlQjglQUQlRTUlQjElQjElMjZmdCUzRCU3QiU3RA%3D%3D#from=mpl_search_suggest,-1.0,N/A,古村历史悠久，远建于南宋期间。正是“古寨黎槎别样天，纵横里巷藏机玄。仁和睦里三百产，耕读传家八百年”。古村总体结构上有个特征：以水为脉，以屋为墙，以石为基。以水为脉，即是环村大道外围约10000平方米的两口护村池塘，围绕全古村，脉脉相连。既可养鱼又美化环境，更重要的是护村抗敌的防御作用。以屋为墙，是以本村最外围的一层房屋的外墙作为防护墙。这排屋的门口向内里开，屋背向外，整座村庄像一间大围屋，村民只能从十里一坊的门楼进出。门楼里又分为各自独立的小家，家与家，族与族之间既相互守望，又各自为政。当有贼人来犯，出口大门一关，就可以来个瓮中捉鳖。因此，即使在战争纷乱或是社会动荡的时候，这个村仍可以保持太平。以石为基，亦就是该村的门楼，祖堂，酒堂以及主要巷道均以花岗岩石作为基础，其它巷道多用鹅卵石和石板铺设，精心别致，古风古韵。无论你信步走入的是哪一条巷道，无论你踏足的是哪一块石头，都会无意中翻动一页历史，触动一个朝代。村内十座石朴典雅的门楼，其名皆以儒家命名，分别是：兴仁里，柔顺里，毓秀里，仁和里，东江里，遂愿里，仁华里，居和里，淳和里，尚仁里，还有一个叫“遂德坊”，俗称“十里一坊”。每个里都有自己的酒堂，依次是：兴义，联秀，绍安，畅叙，永和，遂德，光华，叙乐，和乐。凡本里有红白喜事时，均回自己的酒堂摆酒设宴，届时，真的门庭若市，热闹非凡。古村巷道布局的理念是八卦形状分布，一环一环由山脚向顶成梯级建筑，但每一环又不是全通的一环，陌生人倘若走进其中一个门楼，极容易被狭长曲折的巷道所迷惑，总会有迷路的感觉。然而当你蓦然惊见那些雕梁画栋以及灰雕壁画时，定会惊叹黎槎祖先的智慧。,01/01-12/31；8:00-17:30开园,https://imgs.qunarzz.com/sight/p0/1801/33/33966f2f171029d5a3.img.jpg_710x360_aab5126d.jpg〇https://qimgs.qunarzz.com/piao_qsight_provider_piao_qsight_web/8748ce2e5a54a89a.jpg_710x360_8b1711e0.jpg〇https://qimgs.qunarzz.com/piao_qsight_provider_piao_qsight_web/a36190e2a2278d9a.jpg_710x360_910837f9.jpg〇https://qimgs.qunarzz.com/piao_qsight_provider_piao_qsight_web/5ef001c1cc513f9a.jpg_710x360_ef75e9ab.jpg〇https://qimgs.qunarzz.com/piao_qsight_provider_piao_qsight_web/7a135b7f2f393f9a.jpg_710x360_13b8dfb1.jpg〇https://qimgs.qunarzz.com/piao_qsight_provider_piao_qsight_web/eaa5adfb28444e9a.jpg_710x360_13d01fab.jpg〇https://qimgs.qunarzz.com/piao_qsight_provider_piao_qsight_web/213182dcaf49709a.jpg_710x360_9bba14ee.jpg〇https://qimgs.qunarzz.com/piao_qsight_provider_piao_qsight_web/aa8fbcbefdccda9a.jpg_710x360_dfccebe6.jpg〇https://qimgs.qunarzz.com/piao_qsight_provider_piao_qsight_web/acdac82e3bf1d09a.jpg_710x360_bf152230.jpg〇https://qimgs.qunarzz.com/piao_qsight_provider_piao_qsight_web/b538f9cecd4fa79a.jpg_710x360_e3b145ac.jpg〇https://qimgs.qunarzz.com/piao_qsight_provider_piao_qsight_web/2e64bfe323bd2b9a.jpg_710x360_634dfc50.jpg〇https://qimgs.qunarzz.com/piao_qsight_provider_piao_qsight_web/08964586bcec4c9a.jpg_710x360_5f51d63d.jpg〇https://qimgs.qunarzz.com/piao_qsight_provider_piao_qsight_web/9293c6178c692af7.jpg_710x360_db60c2a8.jpg〇https://qimgs.qunarzz.com/piao_qsight_provider_piao_qsight_web/7c8812b3fdf90f7.jpg_710x360_1c9cc442.jpg〇https://qimgs.qunarzz.com/piao_qsight_provider_piao_qsight_web/2406cba81305faf7.jpg_710x360_6275ca0d.jpg〇https://qimgs.qunarzz.com/piao_qsight_provider_piao_qsight_web/a23d49b56c4b9ef7.jpg_710x360_b07377e1.jpg〇https://qimgs.qunarzz.com/piao_qsight_provider_piao_qsight_web/c063865076c35df7.jpg_710x360_3af756ab.jpg〇https://qimgs.qunarzz.com/piao_qsight_provider_piao_qsight_web/55a05994d61bf7f7.jpg_710x360_40f17bcd.jpg〇https://qimgs.qunarzz.com/piao_qsight_provider_piao_qsight_web/9ad9cb726bf93f7.jpg_710x360_16e02ce0.jpg〇https://qimgs.qunarzz.com/piao_qsight_provider_piao_qsight_web/81a1781d4f49b3f7.jpg_710x360_18705de9.jpg〇https://qimgs.qunarzz.com/piao_qsight_provider_piao_qsight_web/15ce844000fbe0f7.jpg_710x360_ef2530ec.jpg,"{""ret"": true, ""data"": {""tagList"": [{""tagType"": 3, ""tagScore"": 5, ""tagNum"": 1, ""tagName"": ""\u5dee\u8bc4""}, {""tagType"": 2, ""tagScore"": 5, ""tagNum"": 2, ""tagName"": ""\u4e2d\u8bc4""}, {""tagType"": 1, ""tagScore"": 5, ""tagNum"": 12, ""tagName"": ""\u597d\u8bc4""}, {""tagType"": 0, ""tagScore"": 5, ""tagNum"": 15, ""tagName"": ""\u5168\u90e8""}], ""commentList"": [{""author"": ""\u53bb*\u6237"", ""content"": ""\u516b\u5366\u6751\u6ca1\u6709\u8fc7\u591a\u7684\u6574\u7406\u548c\u4fee\u9970\uff0c\u770b\u4e86\u6751\u53f2\u9986\u624d\u80fd\u7406\u89e3\u5b83\u8bde\u751f\u548c\u5b58\u5728\u7684\u7f18\u7531\u3002\u6574\u4e2a\u6751\u843d\u91cc\u7684\u623f\u5c4b\u5df2\u7ecf\u5168\u7a7a\uff0c\u6751\u5185\u963f\u5a46\u5728\u8def\u53e3\u63a8\u9500\u4e1c\u897f\uff0c\u4e5f\u6709\u963f\u5a46\u4f1a\u7d27\u8ddf\u7740\u6e38\u5ba2\u6307\u5f15\u6e38\u5ba2\u53bb\u8d70\u5b8c\u516b\u5366\u53f0\u5c31\u79bb\u5f00\uff0c\u7a0d\u5fae\u6709\u70b9\u88ab\u76ef\u7740\u901b\u7684\u611f\u89c9\uff0c\u6ca1\u80fd\u9759\u4e0b\u6765\u770b\u5366\u8c61\u8bf4\u660e\u3002\u5982\u679c\u4f60\u8def\u8fc7\u6709\u7a7a\u53ef\u4ee5\u6765\u770b\u770b\uff0c\u5426\u5219\u4e0d\u63a8\u8350\u4e13\u7a0b\u6765\u3002"", ""date"": ""2024-10-01"", ""score"": 3, ""commentId"": ""237442953"", ""imgs"": [], ""userNickName"": ""\u53bb*\u6237"", ""replyCityName"": """", ""cityName"": ""\u5e7f\u4e1c""}, {""author"": ""w*n"", ""content"": ""\u5927\u4eba20\u5143\uff0c\u5c0f\u5b6910\u5143\u7968\u4ef7\uff0c\u4e2a\u4eba\u89c9\u5f97\u4e0d\u503c\uff0c\u7b56\u5212\u8fd9\u4e2a\u9879\u76ee\u8005\u6ca1\u641e\u660e\u767d\u65c5\u6e38\u666f\u70b9\u7684\u76ee\u7684\u8981\u7d20\uff0c\u5403\u4f4f\u884c\u6e38\u8d2d\u5a31\u90a3\u70b9\u90fd\u6328\u4e0d\u4e0a\u8fb9\uff0c\u9664\u4e86\u7834\u65e7\u7684\u7a7a\u623f\u5728\u770b\u4e0d\u5230\u4e00\u70b9\u672c\u571f\u6587\u5316\u6c14\u606f\uff0c\u8ba9\u6e38\u5ba2\u4e0d\u77e5\u9053\u6765\u8fd9\u91cc\u5e72\u561b\u3002\u5c31\u7b97\u6211\u60f3\u6d88\u8d39\uff0c\u4e5f\u6ca1\u6709\u4ec0\u4e48\u53ef\u4ee5\u8d2d\u4e70\u7684\uff0c\u5c31\u95e8\u53e3\u4e00\u4e2a\u5c0f\u5356\u90e8\u3002\u54c1\u724c\u4ef7\u503c\u6ca1\u6709\u6253\u9020\u51fa\u6765\u3002\u5efa\u8bae\u53ef\u4ee5\u8fd8\u539f\u4e00\u4e0b\u6751\u6c11\u7684\u751f\u6d3b\u72b6\u6001\uff0c\u8fd8\u6709\u65e5\u5e38\u4f5c\u606f\u73af\u5883\uff0c\u5bf9\u623f\u95f4\u7684\u536b\u751f\u60c5\u51b5\u8fdb\u884c\u6253\u7406\uff0c\u7ed9\u4e9b\u706f\u5149\uff0c\u624d\u6709\u70b9\u751f\u673a\uff0c\u4e0d\u7136\u611f\u89c9\u8fd9\u4e2a\u666f\u70b9\u5f88\u6577\u884d\u3002"", ""date"": ""2022-02-03"", ""score"": 1, ""commentId"": ""221823630"", ""imgs"": [], ""userNickName"": ""w*n"", ""replyCityName"": """", ""cityName"": """"}, {""author"": ""r*7"", ""content"": ""\u7ecf\u5386\u516b\u767e\u5e74\u98ce\u96e8\u7684\u516b\u5366\u6751\uff0c\u4e3a\u5317\u5b8b\u6731\u6566\u5112\u5728\u5e7f\u4e1c\u4efb\u804c\u65f6\u6240\u5efa\u3002\u73b0\u4ecd\u6709\u5987\u5b7a\u70e7\u706b\u716e\u996d\uff0c\u4f46\u5df2\u5341\u5ba4\u4e5d\u7a7a\u7a7a\u8361\u8361\u7684\u795e\u79d8\u8352\u6751\uff0c\u5c31\u50cf\u662f\u76d7\u5893\u7b14\u8bb0\u91cc\u7684\u573a\u666f\u3002\u95e8\u7968\uff1a20\u51431.5\u7c73\u4ee5\u4e0b\u5e7c\u7ae5\uff0c70\u5c81\u4ee5\u4e0a\u8001\u4eba\u534a\u7968\u3002\u623f\u5c4b\u5b8c\u5168\u672a\u7ecf\u8fc7\u4fee\u8f91\uff0c\u6ca1\u6709\u5546\u5e97\u996d\u5e97\uff0c\u60f3\u53bb\u70ed\u95f9\u53e4\u9547\u6253\u5361\u65c5\u6e38\u7684\u670b\u53cb\u5efa\u8bae\u4e0d\u5fc5\u53bb\u4e86\uff0c\u4f1a\u5931\u671b\u7684\u3002\u4f46\u662f\u6211\u4e2a\u4eba\u5f88\u559c\u6b22\u8fd9\u91cc\uff0c \u6ca1\u6709\u62d9\u52a3\u7684\u6d82\u62b9\u7ffb\u65b0\uff0c\u539f\u6c41\u539f\u5473\u4fdd\u7559\u539f\u6837\uff0c\u4eff\u4f5b\u4e00\u811a\u6b65\u5165\u4e86\u6570\u767e\u5e74\u524d\u7684\u65e7\u65f6\u5149\u3002\u8d81\u7740\u6ca1\u53d8\u6837\uff0c\u503c\u5f97\u4e00\u6e38\u3002"", ""date"": ""2021-07-17"", ""score"": 5, ""commentId"": ""219887301"", ""imgs"": [], ""userNickName"": ""r*7"", ""replyCityName"": """", ""cityName"": """"}, {""author"": ""c*7"", ""content"": ""\u7528\u6237\u672a\u70b9\u8bc4\uff0c\u7cfb\u7edf\u9ed8\u8ba4\u597d\u8bc4\u3002"", ""date"": ""2020-01-28"", ""score"": 5, ""commentId"": ""214033136"", ""imgs"": [], ""userNickName"": ""c*7"", ""replyCityName"": """", ""cityName"": """"}, {""author"": ""c*5"", ""content"": ""\u7528\u6237\u672a\u70b9\u8bc4\uff0c\u7cfb\u7edf\u9ed8\u8ba4\u597d\u8bc4\u3002"", ""date"": ""2019-12-30"", ""score"": 5, ""commentId"": ""213763043"", ""imgs"": [], ""userNickName"": ""c*5"", ""replyCityName"": """", ""cityName"": """"}, {""author"": ""j*1"", ""content"": ""\u7528\u6237\u672a\u70b9\u8bc4\uff0c\u7cfb\u7edf\u9ed8\u8ba4\u597d\u8bc4\u3002"", ""date"": ""2019-11-06"", ""score"": 5, ""commentId"": ""213279624"", ""imgs"": [], ""userNickName"": ""j*1"", ""replyCityName"": """", ""cityName"": """"}, {""author"": ""f*7"", ""content"": ""\u7528\u6237\u672a\u70b9\u8bc4\uff0c\u7cfb\u7edf\u9ed8\u8ba4\u597d\u8bc4\u3002"", ""date"": ""2019-11-02"", ""score"": 5, ""commentId"": ""212946179"", ""imgs"": [], ""userNickName"": ""f*7"", ""replyCityName"": """", ""cityName"": """"}, {""author"": ""g*3"", ""content"": ""\u7528\u6237\u672a\u70b9\u8bc4\uff0c\u7cfb\u7edf\u9ed8\u8ba4\u597d\u8bc4\u3002"", ""date"": ""2019-08-20"", ""score"": 5, ""commentId"": ""211650980"", ""imgs"": [], ""userNickName"": ""g*3"", ""replyCityName"": """", ""cityName"": """"}, {""author"": ""j*0"", ""content"": ""\u7528\u6237\u672a\u70b9\u8bc4\uff0c\u7cfb\u7edf\u9ed8\u8ba4\u597d\u8bc4\u3002"", ""date"": ""2019-03-12"", ""score"": 5, ""commentId"": ""209636246"", ""imgs"": [], ""userNickName"": ""j*0"", ""replyCityName"": """", ""cityName"": """"}, {""author"": ""y*3"", ""content"": ""\u7528\u6237\u672a\u70b9\u8bc4\uff0c\u7cfb\u7edf\u9ed8\u8ba4\u597d\u8bc4\u3002"", ""date"": ""2019-03-10"", ""score"": 5, ""commentId"": ""209553735"", ""imgs"": [], ""userNickName"": ""y*3"", ""replyCityName"": """", ""cityName"": """"}], ""score"": 4.5, ""commentCount"": 15}, ""statusCode"": 200}"
万福动漫水上乐园,https://imgs.qunarzz.com/sight/p0/1604/a5/a5dc78bf13048d8f90.water.jpg_280x200_64ab9018.jpg,肇庆市,高要区,广东省肇庆市高要市高要区江口桥往莲塘方向约1800米（祈福海岸旁）,74,4.7,您与孩子夏天好去处,https://piao.qunar.com/ticket/detail_2756006740.html?st=a3clM0QlRTklQUIlOTglRTglQTYlODElRTUlOEMlQkElMjZpZCUzRDQ1ODM1MCUyNnR5cGUlM0QwJTI2aWR4JTNEMTIlMjZxdCUzRCUyNmFwayUzRDIlMjZzYyUzRFdXVyUyNnVyJTNEJUU0JUI4JUFEJUU1JUIxJUIxJTI2bHIlM0QlRTQlQjglQUQlRTUlQjElQjElMjZmdCUzRCU3QiU3RA%3D%3D#from=mpl_search_suggest,-1.0,N/A,万福动漫水上乐园位于高要市南岸镇高要大道（即祈福海岸旁），从肇庆市区牌坊东站坐22路公交车约30分钟可直达（柏丽湾站下）。此水上乐园采用国内近年来新兴的充气式游乐设备，并均采用符合欧洲标准的PVC夹网密布制作而成，安全环保，还引进国际先进的不间断水循环处理系统，即便多人同时游玩，也可确保水质清澈。    水上乐园设有适合小朋友的大象滑梯和章鱼滑梯，刺激好玩的丛林探险戏水乐园，尖叫不断的高达15米的龙头大滑梯，充满挑战的水上冲关竞技项目，安静恬逸的漂流群岛，各种水上娱乐设施为市民一解提前到来的闷暑热。,暂无,https://imgs.qunarzz.com/sight/p0/1604/55/55d5d227e899c29490.water.jpg_710x360_4793725f.jpg〇https://imgs.qunarzz.com/sight/p0/1604/a5/a5dc78bf13048d8f90.water.jpg_710x360_9bfd7f74.jpg〇https://imgs.qunarzz.com/sight/p0/1604/5a/5ab5cdebe791914090.water.jpg_710x360_3bf37888.jpg〇https://imgs.qunarzz.com/sight/p0/1604/4e/4ef2e1b6e45376bc90.water.jpg_710x360_0adb4c27.jpg〇https://imgs.qunarzz.com/sight/p0/1604/4e/4ef2e1b6e45376bc90.water.jpg_710x360_0adb4c27.jpg〇https://imgs.qunarzz.com/sight/p0/1604/d9/d9c02d6458e3568890.water.jpg_710x360_adc6dd8a.jpg,"{""ret"": true, ""data"": {""tagList"": [{""tagType"": 2, ""tagScore"": 5, ""tagNum"": 4, ""tagName"": ""\u4e2d\u8bc4""}, {""tagType"": 1, ""tagScore"": 5, ""tagNum"": 70, ""tagName"": ""\u597d\u8bc4""}, {""tagType"": 0, ""tagScore"": 5, ""tagNum"": 74, ""tagName"": ""\u5168\u90e8""}], ""commentList"": [{""author"": ""M*3"", ""content"": ""\u975e\u5e38\u6109\u5feb\u7684\u4e00\u6b21\u65c5\u884c \u6700\u6700\u5f00\u5fc3\u7684\u662f\u770b\u5230\u4e86\u7eaf\u91ce\u751f\u7684\u7334\u5b50? \u81ea\u5df1\u5e26\u7740\u5f88\u591a\u4e13\u95e8\u5582\u5c0f\u7334\u5b50\u7684\u5403\u7684 \u4f46\u662f\u8001\u7334\u592a\u5371\u9669 \u8981\u8fc7\u6765\u62a2\u5403\u7684\u7684\u8282\u594f\uff01\u4e0b\u6b21\u8fd8\u8981\u6765\u73a9\u513f\u7684\u54e6 \u4e3b\u8981\u662f\u6765\u620f\u6c34\u55bd\uff01"", ""date"": ""2017-05-31"", ""score"": 5, ""commentId"": ""205056639"", ""imgs"": [{""small"": ""https://imgs.qunarzz.com/p/tts3/1801/9f/eaaa5d0ca94bcd02.jpg_120x120_256dc174.jpg"", ""title"": """", ""big"": ""https://imgs.qunarzz.com/p/tts3/1801/9f/eaaa5d0ca94bcd02.jpg""}, {""small"": ""https://imgs.qunarzz.com/p/tts0/1801/a4/a9d63a8b73531f02.jpg_120x120_3baa9115.jpg"", ""title"": """", ""big"": ""https://imgs.qunarzz.com/p/tts0/1801/a4/a9d63a8b73531f02.jpg""}, {""small"": ""https://imgs.qunarzz.com/p/tts3/1801/33/fe4234a7919faa02.jpg_120x120_08b05087.jpg"", ""title"": """", ""big"": ""https://imgs.qunarzz.com/p/tts3/1801/33/fe4234a7919faa02.jpg""}, {""small"": ""https://imgs.qunarzz.com/p/tts0/1801/d9/40823c34728f7b02.jpg_120x120_0df83005.jpg"", ""title"": """", ""big"": ""https://imgs.qunarzz.com/p/tts0/1801/d9/40823c34728f7b02.jpg""}], ""userNickName"": ""M*3"", ""replyCityName"": """", ""cityName"": """"}, {""author"": ""_*0"", ""content"": ""\u6709\u5c71\u6709\u6c34\u6709\u7334\uff0c\u8fd8\u662f\u5f88\u6709\u7279\u8272\u7684\u3002"", ""date"": ""2017-10-06"", ""score"": 5, ""commentId"": ""204225791"", ""imgs"": [{""small"": ""https://imgs.qunarzz.com/p/tts6/1712/be/9581352d4e26e502.jpg_120x120_54392153.jpg"", ""title"": """", ""big"": ""https://imgs.qunarzz.com/p/tts6/1712/be/9581352d4e26e502.jpg""}, {""small"": ""https://imgs.qunarzz.com/p/tts0/1712/39/e939d6d7f9cf5302.jpg_120x120_b150d0f2.jpg"", ""title"": """", ""big"": ""https://imgs.qunarzz.com/p/tts0/1712/39/e939d6d7f9cf5302.jpg""}, {""small"": ""https://imgs.qunarzz.com/p/tts1/1712/d9/2f46b5a239aba602.jpg_120x120_9f962842.jpg"", ""title"": """", ""big"": ""https://imgs.qunarzz.com/p/tts1/1712/d9/2f46b5a239aba602.jpg""}], ""userNickName"": ""_*0"", ""replyCityName"": """", ""cityName"": """"}, {""author"": ""M*3"", ""content"": ""\u611f\u89c9\u8fd8\u4e0d\u9519\uff0c\u5c71\u6e05\u6c34\u79c0\u7334\u591a\u3002\u5929\u7136\u6c27\u5427"", ""date"": ""2017-05-02"", ""score"": 5, ""commentId"": ""205118475"", ""imgs"": [{""small"": ""https://imgs.qunarzz.com/p/tts2/1801/4e/01bfeaf8733dd002.jpg_120x120_963b299c.jpg"", ""title"": """", ""big"": ""https://imgs.qunarzz.com/p/tts2/1801/4e/01bfeaf8733dd002.jpg""}, {""small"": ""https://imgs.qunarzz.com/p/tts2/1801/3d/fdccf7428ab28502.jpg_120x120_8b09cb68.jpg"", ""title"": """", ""big"": ""https://imgs.qunarzz.com/p/tts2/1801/3d/fdccf7428ab28502.jpg""}, {""small"": ""https://imgs.qunarzz.com/p/tts0/1801/4f/bbdb57a40f1d5802.jpg_120x120_1ad2ad38.jpg"", ""title"": """", ""big"": ""https://imgs.qunarzz.com/p/tts0/1801/4f/bbdb57a40f1d5802.jpg""}, {""small"": ""https://imgs.qunarzz.com/p/tts2/1801/18/dfba221461ef8602.jpg_120x120_a3f8af8c.jpg"", ""title"": """", ""big"": ""https://imgs.qunarzz.com/p/tts2/1801/18/dfba221461ef8602.jpg""}, {""small"": ""https://imgs.qunarzz.com/p/tts8/1801/91/1c05809de2ca1d02.jpg_120x120_088636cd.jpg"", ""title"": """", ""big"": ""https://imgs.qunarzz.com/p/tts8/1801/91/1c05809de2ca1d02.jpg""}, {""small"": ""https://imgs.qunarzz.com/p/tts5/1801/1c/93839a2feba9a802.jpg_120x120_e488c55f.jpg"", ""title"": """", ""big"": ""https://imgs.qunarzz.com/p/tts5/1801/1c/93839a2feba9a802.jpg""}], ""userNickName"": ""M*3"", ""replyCityName"": """", ""cityName"": """"}, {""author"": ""3*5"", ""content"": ""\u666f\u533a\u6c34\u5f88\u591a\uff0c\u5f88\u6e05\u6f88\uff0c\u8d70\u5230\u87d2\u6cb3\u5c3d\u5934\uff0c\u539f\u6765\u662f\u4ece\u5c71\u5e95\u4e0b\u7684\u6eb6\u6d1e\u91cc\u6d41\u51fa\u7684\u6c34\uff0c\u7279\u522b\u5e72\u51c0\u3002\u6709\u5f88\u591a\u7334\u5b50\uff0c\u628a\u5b69\u5b50\u4eec\u9ad8\u5174\u574f\u4e86\uff0c\u7334\u5b50\u4e0d\u6015\u4eba\uff0c\u7ecf\u5e38\u62a2\u5305\u62a2\u5403\u7684\uff0c\u628a\u5b69\u5b50\u5413\u574f\u4e86\u3002\u98ce\u666f\u5f88\u6f02\u4eae\uff01\u503c\u5f97\u63a8\u8350\u3002\u5982\u679c\u4ece\u90d1\u5dde\u6d1b\u9633\u65b9\u5411\u8fc7\u53bb\uff0c\u5efa\u8bae\u8d70\u6d4e\u6e90\uff0c\u8def\u8fc7\u4e00\u4e2a\u53eb\u4e5d\u91cc\u6c9f\u7684\u666f\u70b9\uff0c\u8981\u4e70\u95e8\u7968\u624d\u80fd\u8fc7\uff0c\u4f46\u8fd1\u4e86\u5f88\u591a\u3002"", ""date"": ""2017-07-30"", ""score"": 5, ""commentId"": ""204853022"", ""imgs"": [], ""userNickName"": ""3*5"", ""replyCityName"": """", ""cityName"": """"}, {""author"": ""_*2"", ""content"": ""\u5feb\u5f00\u5b66\u4e86\uff0c\u60f3\u7740\u5e26\u5b69\u5b50\u548c\u7236\u6bcd\u5728\u8fd1\u70b9\u7684\u65c5\u6e38\u666f\u70b9\u6e38\u73a9\uff0c\u53ef\u6000\u91cc\u8fd8\u6709\u4e00\u4e2a\uff0c\u4e0d\u80fd\u53bb\u90a3\u4e9b\u7279\u522b\u9661\u7684\u5730\u65b9\uff0c\u6700\u540e\u770b\u7f51\u4e0a\u8bc4\u4ef7\u8bf4\u8fd9\u91cc\u4e0d\u9519\uff0c\u5c31\u548c\u8001\u516c\u4e00\u5546\u91cf\u5c31\u6765\u4e86\u3002\u8bf4\u5b9e\u8bdd\uff0c\u6211\u662f\u771f\u5fc3\u540e\u6094\u6765\u8fd9\u4e2a\u5730\u65b9\uff0c\u7f51\u4e0a\u9762\u5199\u77401\u7c734\u4e00\u4e0b\u4e0d\u6536\u8d39\uff0c\u6211\u5c31\u6ca1\u7ed9\u5b69\u5b50\u4e70\u7968\uff0c\u7ed3\u679c\u67e5\u7968\u7684\u5c31\u4e0d\u8ba9\u8fdb\uff0c\u6211\u7ed9\u4ed6\u770b\u4e86\uff0c\u4ed6\u8bf4\u4e0d\u884c\u5c31\u662f\u4e0d\u8ba9\u8fdb\uff0c\u7ed3\u679c\u6211\u54ed\u7b11\u4e0d\u5f97\u7684\u7ed9\u5b69\u5b50\u53c8\u8865\u4e86\u534a\u4ef7\u7968\u548c\u4ea4\u901a\u8d39\u4e00\u517150\u5143\u3002\u8fdb\u53bb\u4e86\u4e00\u770b\u5c31\u4e0d\u662f\u90a3\u4e48\u56de\u4e8b\uff0c\u5565\u4e5f\u6ca1\u6709\u3002\u8001\u516c\u548c\u7236\u6bcd\u90fd\u57cb\u6028\u6211\uff0c\u5c0f\u8f66\u4e5f\u63a8\u4e0d\u8fdb\u53bb\u5c71\u8def\u4e0d\u597d\u8d70\u6015\uff0c\u53ea\u80fd\u62b1\u7740\u8d70 \u5509\uff01"", ""date"": ""2017-08-24"", ""score"": 3, ""commentId"": ""204753171"", ""imgs"": [], ""userNickName"": ""_*2"", ""replyCityName"": """", ""cityName"": """"}, {""author"": ""M*6"", ""content"": ""\u5f88\u4e0d\u9519\u7684\u81ea\u7136\u98ce\u5149\uff0c\u6cb3\u6c34\u6e05\u6f88\u89c1\u5e95\uff0c\u7315\u7334\u6210\u7fa4\uff0c\u5c71\u6c34\u5171\u957f\u5929\u4e00\u8272\uff0c\u503c\u5f97\u63a8\u8350\uff0c\u5341\u6708\u53bb\u6cb3\u6c34\u6709\u70b9\u51c9\uff0c7\uff0c8\u6708\u6700\u4f73\uff0c\u53ef\u4ee5\u73a9\u6c34"", ""date"": ""2017-10-06"", ""score"": 5, ""commentId"": ""204225793"", ""imgs"": [], ""userNickName"": ""M*6"", ""replyCityName"": """", ""cityName"": """"}, {""author"": ""_*0"", ""content"": ""\u98ce\u666f\u4e0d\u9519\uff0c\u5c71\u9752\u6c34\u79c0\u3002\u552f\u4e00\u7684\u662f\u51fa\u666f\u533a\u4e58\u5750\u4ea4\u901a\u8f66\u65f6\uff0c\u6ca1\u6709\u5de5\u4f5c\u4eba\u5458\u8fdb\u884c\u6709\u6548\u7ba1\u7406\uff0c\u5927\u5bb6\u89c1\u8f66\u5c31\u4e00\u54c4\u800c\u4e0a\uff0c\u8001\u5e74\u4eba\u6839\u672c\u6324\u4e0d\u4e0a\u53bb\u3002\u611f\u89c9\u666f\u533a\u6323\u5230\u94b1\u5c31\u4e0d\u7ba1\u4e86"", ""date"": ""2017-10-05"", ""score"": 4, ""commentId"": ""204253266"", ""imgs"": [], ""userNickName"": ""_*0"", ""replyCityName"": """", ""cityName"": """"}, {""author"": ""M*7"", ""content"": ""\u4e3a\u4e86\u770b\u7334\u5b50\u505a\u4e86\u5f88\u591a\u51c6\u5907\uff0c\u5305\u4e86\uff0c\u76f8\u673a\uff0c\u624b\u5e26\u4e86\u901a\u901a\u4e0d\u5e26\uff0c\u8bf4\u7334\u5b50\u4f1a\u62a2\u3002\u8c01\u77e5\u5c31\u89c1\u4e86\u4e09\u7334\u5b50\uff0c\u5c31\u4e00\u6c34\u6c9f\u6ca1\u610f\u601d\uff0c\u4ee5\u540e\u522b\u62ff\u7334\u5ba3\u4f20\u4e86!"", ""date"": ""2017-08-24"", ""score"": 4, ""commentId"": ""204753168"", ""imgs"": [], ""userNickName"": ""M*7"", ""replyCityName"": """", ""cityName"": """"}, {""author"": ""1*1"", ""content"": ""\u73a9\u7684\u975e\u5e38\u5f00\u5fc3\uff0c\u7334\u5b50\u592a\u53ef\u7231\u4e86\uff0c\u76f4\u63a5\u8981\u4e1c\u897f\u5403\u3002"", ""date"": ""2017-08-21"", ""score"": 5, ""commentId"": ""204769097"", ""imgs"": [{""small"": ""https://imgs.qunarzz.com/p/tts6/1712/d5/085637f381136402.jpg_120x120_e7efa605.jpg"", ""title"": """", ""big"": ""https://imgs.qunarzz.com/p/tts6/1712/d5/085637f381136402.jpg""}, {""small"": ""https://imgs.qunarzz.com/p/tts7/1712/aa/9809f65149ab6902.jpg_120x120_4c13c9e7.jpg"", ""title"": """", ""big"": ""https://imgs.qunarzz.com/p/tts7/1712/aa/9809f65149ab6902.jpg""}], ""userNickName"": ""1*1"", ""replyCityName"": """", ""cityName"": """"}, {""author"": ""_*4"", ""content"": ""\u666f\u70b9\u8fd8\u4e0d\u9519\u3002\u5c71\u6e05\u6c34\u79c0\u5f88\u51c9\u723d\u3002\u53ea\u662f\u7f51\u4e0a\u8ba2\u7968\uff0c\u95e8\u7968\u52a0\u4ea4\u901a\u796892\u5143\uff0c\u4f18\u60e0\u4ef775\u5143\u3002\u800c\u5728\u73b0\u573a\u4e70\u7968\uff0c\u4e00\u5171\u624d\u516b\u5341\u5143\u3002\u539f\u4ef7\u548c\u73b0\u573a\u4ef7\u540d\u4e0d\u526f\u5b9e\uff0c\u611f\u89c9\u5fc3\u91cc\u4e0d\u662f\u5f88\u723d\u3002\u5e0c\u671b\u4ee5\u540e\u4ef7\u683c\u900f\u660e\uff0c\u4e0d\u8981\u865a\u6807\u9ad8\u4ef7\u3002"", ""date"": ""2017-08-20"", ""score"": 4, ""commentId"": ""204778019"", ""imgs"": [], ""userNickName"": ""_*4"", ""replyCityName"": """", ""cityName"": """"}], ""score"": 4.7, ""commentCount"": 74}, ""statusCode"": 200}"
怀集三岳,https://imgs.qunarzz.com/sight/p0/201302/28/f0d04816f7d1a2c7c8d65eac.jpg_280x200_9b10c9a5.jpg,肇庆市,怀集县,广东省肇庆市怀集县,-1,-1.0,山岭连绵，山峰奇秀，林种繁多，旅游胜地,https://piao.qunar.com/ticket/detail_2133925774.html?st=a3clM0QlRTYlODAlODAlRTklOUIlODYlRTUlOEUlQkYlMjZpZCUzRDkzNiUyNnR5cGUlM0QwJTI2aWR4JTNEOSUyNnF0JTNEJTI2YXBrJTNEMiUyNnNjJTNEV1dXJTI2dXIlM0QlRTQlQjglQUQlRTUlQjElQjElMjZsciUzRCVFNCVCOCVBRCVFNSVCMSVCMSUyNmZ0JTNEJTdCJTdE#from=mpl_search_suggest,-1.0,N/A,“怀集三岳”自然保护区位于怀集县蓝钟镇境内，北部与清远连山、广西交界，东、南、西与蓝钟镇的吉成、太平、双兴为邻，区内因有头岳、二岳、三岳等三座山峰而得名。区内山岭连绵，山峰奇秀，林种繁多，空气负离子浓度高，成为肇庆新近发现的旅游好地方。三岳自然保护区成土母岩以花岗岩和砂页岩为主，地貌类型属中、低山山地。以二岳顶为中心，以山脊为主线沿南北方向延伸，从而在区内形成山岭连绵、地势高峻的大小山峰多座1290.5米240米，相对坡度高差在1000米以上；山地坡度一般在30―40度，上部山顶有的坡度达70―80度，月平均降水量为34―52毫米、干湿季节明显。“三岳”自然保护区内现已发现的植物有1001种，动物799种，国家重点保护的珍稀濒危植物６种。其中国家二级保护的植物有金毛狗、桫椤、大羽桫椤、喜树、台湾苏铁和秃杉等６种。其中，国家一二级重点保护动物有云豹、蟒蛇、黄腹角雉、猕猴等。另外，还有豹猫、沼蛙等广东省重点保护动物以及乌龟、银环蛇等。“怀集三岳”自然保护区位于怀集县蓝钟镇境内，北部与清远连山、广西交界，东、南、西与蓝钟镇的吉成、太平、双兴为邻，区内因有头岳、二岳、三岳等三座山峰而得名。区内山岭连绵，山峰奇秀，林种繁多，空气负离子浓度高，成为肇庆新近发现的旅游好地方。,暂无,https://imgs.qunarzz.com/sight/p0/201302/28/f0d04816f7d1a2c7c8d65eac.jpg_710x360_93666ad9.jpg,"{""ret"": true, ""data"": {""tagList"": [{""tagType"": 0, ""tagScore"": 5, ""tagNum"": 0, ""tagName"": ""\u5168\u90e8""}], ""score"": 0.0, ""commentCount"": 0}, ""statusCode"": 200}"
燕岩,https://qimgs.qunarzz.com/piao_qsight_provider_piao_qsight_web/0105d12000b2a6zkp27B0_C_900_504.jpg_280x200_41083322.jpg,肇庆市,怀集县,广东省肇庆市怀集县桥头镇西500米,38,3.9,洞中有许多金丝燕筑巢繁衍,https://piao.qunar.com/ticket/detail_1460781984.html?st=a3clM0QlRTYlODAlODAlRTklOUIlODYlRTUlOEUlQkYlMjZpZCUzRDEyNTA5JTI2dHlwZSUzRDAlMjZpZHglM0Q4JTI2cXQlM0QlMjZhcGslM0QyJTI2c2MlM0RXV1clMjZ1ciUzRCVFNCVCOCVBRCVFNSVCMSVCMSUyNmxyJTNEJUU0JUI4JUFEJUU1JUIxJUIxJTI2ZnQlM0QlN0IlN0Q%3D#from=mpl_search_suggest,-1.0,N/A,"燕岩风景区位于怀集县西南面的桥头镇，距县城27公里。风景区由360多座拔地而起的神态各异的石峰和170多个大小各异的岩洞组成，呈典型的喀斯特地貌，有“小阳朔”之称。这里山峰秀丽，形态奇特，自成景观。有骆驼峰、双乳峰、皇冠山、元阳石、猩猩望月、上山龟等景观。其岩洞也极为奇异,以燕岩、风洞、朝岩、黑洞为代表的岩洞尤其壮观。此外，雾岩、红月岩、低寨岩、潭傍岩、莲岩等溶洞亦各具特色。可谓是“天然的岩洞博物馆”。燕岩洞高66米，宽40米，深900米，面积2800平方米。一溪清流贯穿洞中，溪长660多米，水深3—10米不等，溪水长流不涸，可泛舟而入。“燕岩渡艇”乃古怀阳八景之一。燕岩气魄之宏大，广东各著名的岩洞也罕有匹敌”之美誉。洞中曲径通幽，石笋、石柱、石钟、石人、石马、石狮，或依或卧，或垂或立，栩栩如生。有将军骑马、梁祝携手、三妹放歌、观音坐莲、宝鸭倒影、和尚念经、庵中尼姑等五十六景。这些景点倒影在溪水之中，更是一幅幅奇丽的画图，使人遐想连篇。从前，洞内建有立琴庙、文昌阁、刘三妹寺等景物。传说歌仙刘三姐当年为逃避地主老财的逼害，在洞中居住多年，天天在这里唱歌。民间传说刘三姐在这里升仙，留下的化身便成了“三妹放歌”的景点。",1/1-12/31；周一至周日；09:00-17:00开园；（17:00停止入园）,https://qimgs.qunarzz.com/piao_qsight_provider_piao_qsight_web/0105d12000b2a6zkp27B0_C_900_504.jpg_710x360_131a398b.jpg〇https://qimgs.qunarzz.com/piao_qsight_provider_piao_qsight_web/0105d12000b2a6zkp27B0_C_900_504_Q90_Mtg_7.jpg_710x360_03157231.jpg〇https://imgs.qunarzz.com/sight/p0/201301/16/a16a2e4ad17f0aed93835fbb.jpg_710x360_aaa84422.jpg〇https://imgs.qunarzz.com/sight/p0/201301/16/dff24c28dfc9b59593835fbb.jpg_710x360_e69d2854.jpg〇https://imgs.qunarzz.com/sight/p0/201301/16/449382cadb9d417c93835fbb.jpg_710x360_8fcea030.jpg〇https://imgs.qunarzz.com/sight/p0/201301/16/1e6734d7e2e6900c93835fbb.jpg_710x360_6e5cf24d.jpg〇https://qimgs.qunarzz.com/piao_qsight_provider_piao_qsight_web/db4167c3f9c6fd0ccdb.jpg_710x360_2fd56dee.jpg〇https://qimgs.qunarzz.com/piao_qsight_provider_piao_qsight_web/1703ebd3be252b02.jpg_710x360_6688cdfc.jpg〇https://qimgs.qunarzz.com/piao_qsight_provider_piao_qsight_web/14a0e3c383d8d402.jpg_710x360_2bc0d454.jpg〇https://qimgs.qunarzz.com/piao_qsight_provider_piao_qsight_web/db38ddd346a46302.jpg_710x360_6cefb07e.jpg〇https://qimgs.qunarzz.com/piao_qsight_provider_piao_qsight_web/d5aafc37437a5d02.jpg_710x360_81f4caa5.jpg〇https://qimgs.qunarzz.com/piao_qsight_provider_piao_qsight_web/d66ff63d76a5c02.jpg_710x360_f16a7e98.jpg〇https://qimgs.qunarzz.com/piao_qsight_provider_piao_qsight_web/c48026defbc1dc37.jpg_710x360_51152f5a.jpg〇https://qimgs.qunarzz.com/piao_qsight_provider_piao_qsight_web/636871e652430af7.jpg_710x360_9360403b.jpg〇https://qimgs.qunarzz.com/piao_qsight_provider_piao_qsight_web/c4f9a534d163e9f7.jpg_710x360_e65dde19.jpg〇https://qimgs.qunarzz.com/piao_qsight_provider_piao_qsight_web/275da473384a4df7.jpg_710x360_c6e5b88b.jpg〇https://qimgs.qunarzz.com/piao_qsight_provider_piao_qsight_web/648d803f2a3af9f7.jpg_710x360_55c91fd9.jpg〇https://qimgs.qunarzz.com/piao_qsight_provider_piao_qsight_web/9d3081f11be421f7.jpg_710x360_f6eaaba2.jpg〇https://qimgs.qunarzz.com/piao_qsight_provider_piao_qsight_web/b1869673741c1f7.jpg_710x360_03b89f6d.jpg〇https://qimgs.qunarzz.com/piao_qsight_provider_piao_qsight_web/4dffe0f8b73017f7.jpg_710x360_9ea1cb7e.jpg,"{""ret"": true, ""data"": {""tagList"": [{""tagType"": 8, ""tagScore"": 5, ""tagNum"": 1, ""tagName"": ""\u4fbf\u5b9c""}, {""tagType"": 4, ""tagScore"": 5, ""tagNum"": 1, ""tagName"": ""\u53d6\u7968\u65b9\u4fbf""}, {""tagType"": 3, ""tagScore"": 5, ""tagNum"": 2, ""tagName"": ""\u5dee\u8bc4""}, {""tagType"": 2, ""tagScore"": 5, ""tagNum"": 10, ""tagName"": ""\u4e2d\u8bc4""}, {""tagType"": 1, ""tagScore"": 5, ""tagNum"": 25, ""tagName"": ""\u597d\u8bc4""}, {""tagType"": 0, ""tagScore"": 5, ""tagNum"": 38, ""tagName"": ""\u5168\u90e8""}], ""commentList"": [{""author"": ""A*\u5e3d"", ""content"": ""\u771f\u5dee\u52b2\uff0c\u95e8\u7968\u6536\u621150\u5143\u4e00\u4e2a\u4eba\uff0c\u6211\u4eec\u4e24\u4e2a\u4eba\u5f00\u8f66\u53bb\uff0c\u8fd8\u653610\u5143\u505c\u8f66\u8d39\uff0c\u5171110\u5143\uff0c\u8fd8\u95e8\u7968\u90fd\u6ca1\u6709\uff0c\u95ee\u4ed6\u8981\u95e8\u7968\u8fd8\u8bf4\u8981\u653660\u4e00\u4e2a\u4eba\uff0c\u5988\u7684\u8001\u5b50\u662f\u6000\u96c6\u672c\u5730\u4eba\uff0c\u6709\u8fd9\u4e48\u5751\u7684\u5417\uff1f\u666f\u533a\u53c8\u4e0d\u548b\u6837\uff0c\u706f\u90fd\u6ca1\u5f00\uff0c\u9ed1\u6f06\u6f06\u7684\uff0c\u5783\u573e\u53c8\u591a\uff1f\u8fd8\u597d\u610f\u601d\u6536\u95e8\u7968\uff1f\u4e00\u8f88\u5b50\u90fd\u4e0d\u4f1a\u5728\u53bb\u4e86\uff0c\u7ee7\u7eed\u8fd9\u6837\u4e0b\u53bb\u8fd9\u4e2a\u666f\u533a\u6c38\u8fdc\u505a\u4e0d\u5927\u3002\u5751\u94b1\u7684\uff1f\u592a\u591a\u4e86\uff0c\u8981\u53bb\u7684\u5f90\u8c28\u614e\uff01\u6211\u662f2018\u5e742\u67088\u65e5\u53bb\u7684\uff01\u8fd9\u660e\u660e\u5c31\u662f\u4e2a\u5e9f\u5f03\u7684\u6d1e\u6ca1\u4ec0\u4e48\u597d\u770b\u7684\uff01"", ""date"": ""2018-02-09"", ""score"": 5, ""commentId"": ""205311971"", ""imgs"": [{""small"": ""https://imgs.qunarzz.com/piao/fusion/1802/ab/0042230591f8ca02.jpg_120x120_896600c3.jpg"", ""title"": """", ""big"": ""https://imgs.qunarzz.com/piao/fusion/1802/ab/0042230591f8ca02.jpg""}, {""small"": ""https://imgs.qunarzz.com/piao/fusion/1802/63/0a2243fdd9c9e202.jpg_120x120_8be27088.jpg"", ""title"": """", ""big"": ""https://imgs.qunarzz.com/piao/fusion/1802/63/0a2243fdd9c9e202.jpg""}, {""small"": ""https://imgs.qunarzz.com/piao/fusion/1802/c1/22ff1f0cb0b44602.jpg_120x120_ed476faa.jpg"", ""title"": """", ""big"": ""https://imgs.qunarzz.com/piao/fusion/1802/c1/22ff1f0cb0b44602.jpg""}], ""userNickName"": ""A*\u5e3d"", ""replyCityName"": """", ""cityName"": """"}, {""author"": ""M*6"", ""content"": ""\u71d5\u5ca9\u56e0\u6709\u91d1\u4e1d\u71d5\u7fa4\u5c45\u800c\u5f97\u540d\uff0c\u662f\u6211\u56fd\u5357\u65b9\u552f\u4e00\u7684\u91d1\u4e1d\u71d5\u6816\u5730\u548c\u71d5\u7a9d\u4ea7\u5730\u3002\u71d5\u5ca9\u6d1e\u957f660 \u7c73\uff0c\u69fd\u8c37\u548c\u5c71\u5730\u4e2d\u4e5d\u6761\u6eaa\u6c34\u6c47\u5408\u6b64\u6d1e\u5411\u897f\u800c\u6d41\uff0c\u8d2f\u7a7f\u5176\u4e2d\uff0c\u6d1e\u9876\u5448\u62f1\u5f62\uff0c\u6e38\u7a0b2000 \u591a\u7c73\u3002\u6d1e\u5185\u77f3\u949f\u4e73\u3001\u77f3\u67f1\u3001\u77f3\u7b0b\u3001\u77f3\u5e54\u7b49\u5982\u7389\u6811\uff0c\u82e5\u51b0\u82b1\uff0c\u73b2\u73d1\u5982\u96d5\uff0c\u8be1\u8c32\u5947\u7279\u3002"", ""date"": ""2017-08-29"", ""score"": 5, ""commentId"": ""204721853"", ""imgs"": [], ""userNickName"": ""M*6"", ""replyCityName"": """", ""cityName"": """"}, {""author"": ""c*n"", ""content"": ""\u8d85\u7ea7\u5dee\u7684\u7968\u52a1\u516c\u53f8\uff0c\u6211\u5f53\u5929\u4e70\u7684\u7968\u5f53\u5929\u6ca1\u53bb\uff0c\u4e0d\u7ed9\u9000\u7968\uff0c\u5ba2\u670d\u6001\u5ea6\u5f88\u5dee\uff0c\u95ee\u6211\u4e3a\u4ec0\u4e48\u4e0d\u770b\u6e05\u6ce8\u610f\u4e8b\u9879\uff0c\u8bf7\u95ee\u6211\u5f53\u5929\u4e70\u7684\u7968\u600e\u4e48\u63d0\u524d\u4e00\u5929\u9000\u7968\uff1f\u522b\u7684\u516c\u53f8\u90fd\u53ef\u4ee5\u9000\uff0c\u5c31\u8fd9\u5bb6\u4e0d\u884c\uff0c\u5343\u4e07\u522b\u5728\u4ed6\u5bb6\u4e70\u7968\uff01"", ""date"": ""2017-08-21"", ""score"": 1, ""commentId"": ""201959190"", ""imgs"": [], ""userNickName"": ""c*n"", ""replyCityName"": """", ""cityName"": """"}, {""author"": ""m*5"", ""content"": ""\u7528\u6237\u672a\u70b9\u8bc4\uff0c\u7cfb\u7edf\u9ed8\u8ba4\u597d\u8bc4\u3002"", ""date"": ""2017-08-24"", ""score"": 5, ""commentId"": ""202007094"", ""imgs"": [], ""userNickName"": ""m*5"", ""replyCityName"": """", ""cityName"": """"}, {""author"": ""\u534e*w"", ""content"": ""\u8ba2\u7968\u8fc7\u7a0b\u975e\u5e38\u65b9\u4fbf\uff0c\u5373\u5b9a\u5373\u5165\u3002\u5e735\u5143\u3002\u5c31\u662f\u53bb\u7684\u8def\u592a\u70c2\u4e86"", ""date"": ""2017-09-03"", ""score"": 4, ""commentId"": ""204690260"", ""imgs"": [], ""userNickName"": ""\u534e*w"", ""replyCityName"": """", ""cityName"": """"}, {""author"": ""c*6"", ""content"": ""\u7528\u6237\u672a\u70b9\u8bc4\uff0c\u7cfb\u7edf\u9ed8\u8ba4\u597d\u8bc4\u3002"", ""date"": ""2017-06-30"", ""score"": 5, ""commentId"": ""201309842"", ""imgs"": [], ""userNickName"": ""c*6"", ""replyCityName"": """", ""cityName"": """"}, {""author"": ""c*k"", ""content"": ""\u7528\u6237\u672a\u70b9\u8bc4\uff0c\u7cfb\u7edf\u9ed8\u8ba4\u597d\u8bc4\u3002"", ""date"": ""2017-06-01"", ""score"": 5, ""commentId"": ""200914640"", ""imgs"": [], ""userNickName"": ""c*k"", ""replyCityName"": """", ""cityName"": """"}, {""author"": ""r*4"", ""content"": ""\u7528\u6237\u672a\u70b9\u8bc4\uff0c\u7cfb\u7edf\u9ed8\u8ba4\u597d\u8bc4\u3002"", ""date"": ""2017-05-31"", ""score"": 5, ""commentId"": ""200886641"", ""imgs"": [], ""userNickName"": ""r*4"", ""replyCityName"": """", ""cityName"": """"}, {""author"": ""\u6768*s"", ""content"": ""\u7528\u6237\u672a\u70b9\u8bc4\uff0c\u7cfb\u7edf\u9ed8\u8ba4\u597d\u8bc4\u3002"", ""date"": ""2017-05-31"", ""score"": 5, ""commentId"": ""200885501"", ""imgs"": [], ""userNickName"": ""\u6768*s"", ""replyCityName"": """", ""cityName"": """"}, {""author"": ""M*0"", ""content"": ""\u71d5\u5ca9\u8fd9\u4e2a\u666f\u70b9\u8fd8\u662f\u4e0d\u9519\u7684\uff0c\u53ef\u60dc\u6ca1\u6709\u6500\u5ca9\u8868\u6f14\uff0c\u5982\u679c\u6bcf\u6b21\u90fd\u6709\u6500\u5ca9\u8868\u6f14\u5c31\u597d\u4e86"", ""date"": ""2017-07-03"", ""score"": 4, ""commentId"": ""204907126"", ""imgs"": [], ""userNickName"": ""M*0"", ""replyCityName"": """", ""cityName"": """"}], ""score"": 3.9, ""commentCount"": 38}, ""statusCode"": 200}"
华表石,https://imgs.qunarzz.com/sight/p0/201403/07/8d18336097a70cf073cd2643f0d2c11c.jpg_280x200_15f0a656.jpg,肇庆市,德庆县,广东省肇庆市德庆县回龙西,-1,-1.0,华表石又称锦石山、锦裹石、和尚石。在德庆县回龙西江岸边。分两层，下层为馒头状土山，上层为60多丈高的圆柱形石山。乘船从西,https://piao.qunar.com/ticket/detail_2902059744.html?st=a3clM0QlRTUlQkUlQjclRTUlQkElODYlRTUlOEUlQkYlMjZpZCUzRDU5MDMlMjZ0eXBlJTNEMCUyNmlkeCUzRDE0JTI2cXQlM0QlMjZhcGslM0QyJTI2c2MlM0RXV1clMjZ1ciUzRCVFNCVCOCVBRCVFNSVCMSVCMSUyNmxyJTNEJUU0JUI4JUFEJUU1JUIxJUIxJTI2ZnQlM0QlN0IlN0Q%3D#from=mpl_search_suggest,-1.0,N/A,华表石又称锦石山、锦裹石、和尚石。在德庆县回龙西江岸边。分两层，下层为馒头状土山，上层为60多丈高的圆柱形石山。乘船从西江而望，石山犹如巨大华表，直插云天。船随江转，石形随转而变，一时似和尚盘膝打坐，一时又似和尚起来打包袱，为西江一奇景。相传秦末汉初，赵佗割据南越称帝，汉文帝派陆贾出使南越；陆贾从桂岭取道，路经此石山，向山祷告，许愿若能使赵佗归汉，当以锦披山石，以酬山神。后赵佗去帝号，受汉封，与陆贾泛舟西江石山下，陆贾以锦裹石，锦不足，遍山植花卉代锦，因以为其名。石山上书有“华表石”三字.,01/01-12/31；全天开放,https://imgs.qunarzz.com/sight/p0/201403/07/8d18336097a70cf073cd2643f0d2c11c.jpg_710x360_1a454634.jpg〇https://qimgs.qunarzz.com/piao_qsight_provider_piao_qsight_web/1cf403e6-7253-4b54-837d-94fa2743ea9e.jpg_710x360_dd24702d.jpg〇https://qimgs.qunarzz.com/piao_qsight_provider_piao_qsight_web/3cf6aa0c5aad8c1a8ecddd84884496be.jpg_710x360_4364d4d5.jpg〇https://qimgs.qunarzz.com/piao_qsight_provider_piao_qsight_web/fc40ec849041a437.jpg_710x360_fdd763c0.jpg,"{""ret"": true, ""data"": {""tagList"": [{""tagType"": 0, ""tagScore"": 5, ""tagNum"": 0, ""tagName"": ""\u5168\u90e8""}], ""score"": 0.0, ""commentCount"": 0}, ""statusCode"": 200}"
燕峰峡,https://imgs.qunarzz.com/sight/p0/201301/16/d473e1b8bfdbe1b493835fbb.png_280x200_6cf4b933.png,肇庆市,怀集县,广东省肇庆市怀集县凤岗镇水坑,-1,-1.0,自然环境优美、群山环抱，是天然的大氧吧,https://piao.qunar.com/ticket/detail_3001003042.html?st=a3clM0QlRTYlODAlODAlRTklOUIlODYlRTUlOEUlQkYlMjZpZCUzRDMzODgzJTI2dHlwZSUzRDAlMjZpZHglM0QxMiUyNnF0JTNEJTI2YXBrJTNEMiUyNnNjJTNEV1dXJTI2dXIlM0QlRTQlQjglQUQlRTUlQjElQjElMjZsciUzRCVFNCVCOCVBRCVFNSVCMSVCMSUyNmZ0JTNEJTdCJTdE#from=mpl_search_suggest,-1.0,N/A,广东怀集燕峰峡地处肇庆市粤西山区，坐落在凤岗镇高山环绕之中的热水坑，景区内有丰富的旅游资源。现开发的漂流河道长3.8公里，全程落差72米，需时约1个小时。乘坐橡皮船从起点码头滑道 起漂，跌宕起伏顺流直下，可见处处山圃着水转，水绕着山行，水边是山，山边是水。漂流此间，时而平缓如镜、时而湍急蒲漾、时而绿树成荫、时而野花丛丛、时而蜂碟相戏、时而悬崖峭壁。时而绕险滩，时而躲暗礁，时而搏激流。热水坑河水清澈见底。急缓有续，漂流活动融合了惊险、刺激、浪漫与奇趣，使人与大自然融为一体，陶醉在大自然的怀抱之中，乐而忘返；让人在漂流活动中战胜险恶，享受喜悦，为久居都市的人们创造出自由奔放的欢乐情趣，激荡出人们对大自然的无限向往。燕峰热矿泉景区是以温泉疗养及休闲为主题的综合区，温泉浴区可同时接待千人以上，进行游泳、健身、沐浴、 康乐等活动，其中有别墅—卜多幢、准四星级酒店一幢，客房设有舒心的木桶浴、温泉区有溪边温泉，可同时享受热泉浸泡及清新自然的山泉水，有极具刺激的冷热滑道、有别具一格的热泉足部按摩小径，至于中药、米酒、按摩、鲜花等特色泉池更令游客流连忘返。,温泉时间为7:00-24:00，漂流开漂时间为10:30-15:00。,https://imgs.qunarzz.com/sight/p0/201301/16/d473e1b8bfdbe1b493835fbb.png_710x360_e8f37d05.png〇https://imgs.qunarzz.com/sight/p0/201301/16/f9de9eb5b361086293835fbb.png_710x360_dbb2c4ab.png〇https://imgs.qunarzz.com/sight/p0/201301/16/71007b2fc185312c93835fbb.png_710x360_12668587.png〇https://imgs.qunarzz.com/sight/p0/201301/16/6f6004a0907632db93835fbb.png_710x360_a364ef5e.png〇https://imgs.qunarzz.com/sight/p0/201301/16/dfd4793553af1fce93835fbb.png_710x360_3e7dd0bf.png,"{""ret"": true, ""data"": {""tagList"": [{""tagType"": 0, ""tagScore"": 5, ""tagNum"": 0, ""tagName"": ""\u5168\u90e8""}], ""score"": 0.0, ""commentCount"": 0}, ""statusCode"": 200}"
森林天幕餐厅,https://imgs.qunarzz.com/sight/p24/201211/01/a1cb7a0987242f4493835fbb.jpg_280x200_a7fb2430.jpg,肇庆市,德庆县,广东省肇庆市德庆县盘龙峡景区内,-1,-1.0,"森林天幕餐厅：位于森林水世界与薰衣草木屋王国酒店之间，采用具有印尼度假天堂巴厘岛特色的天幕式帐篷屋顶。
四面均为敞开式设",https://piao.qunar.com/ticket/detail_3994248505.html?st=a3clM0QlRTUlQkUlQjclRTUlQkElODYlRTUlOEUlQkYlMjZpZCUzRDIwODE0JTI2dHlwZSUzRDAlMjZpZHglM0QxMyUyNnF0JTNEJTI2YXBrJTNEMiUyNnNjJTNEV1dXJTI2dXIlM0QlRTQlQjglQUQlRTUlQjElQjElMjZsciUzRCVFNCVCOCVBRCVFNSVCMSVCMSUyNmZ0JTNEJTdCJTdE#from=mpl_search_suggest,-1.0,N/A,森林天幕餐厅：位于森林水世界与薰衣草木屋王国酒店之间，采用具有印尼度假天堂巴厘岛特色的天幕式帐篷屋顶。四面均为敞开式设计，餐厅的房间里也采用全透明式落地玻璃，使您在用餐时能恣意欣赏四周的风景。,暂无,https://imgs.qunarzz.com/sight/p24/201211/01/a1cb7a0987242f4493835fbb.jpg_710x360_03f71242.jpg,"{""ret"": true, ""data"": {""tagList"": [{""tagType"": 0, ""tagScore"": 5, ""tagNum"": 0, ""tagName"": ""\u5168\u90e8""}], ""score"": 0.0, ""commentCount"": 0}, ""statusCode"": 200}"
学宫大成殿,https://imgs.qunarzz.com/sight/p0/201403/06/7239e6621b1d85136c3f608a277cf9c3.jpg_280x200_a08aa3f5.jpg,肇庆市,德庆县,广东省肇庆市德庆县肇庆市德庆学宫景区内,-1,-1.0,南国古建筑的一颗明珠，被誉为国之瑰宝,https://piao.qunar.com/ticket/detail_50732130.html?st=a3clM0QlRTUlQkUlQjclRTUlQkElODYlRTUlOEUlQkYlMjZpZCUzRDE2MCUyNnR5cGUlM0QwJTI2aWR4JTNEMTIlMjZxdCUzRCUyNmFwayUzRDIlMjZzYyUzRFdXVyUyNnVyJTNEJUU0JUI4JUFEJUU1JUIxJUIxJTI2bHIlM0QlRTQlQjglQUQlRTUlQjElQjElMjZmdCUzRCU3QiU3RA%3D%3D#from=mpl_search_suggest,-1.0,N/A,学宫是用于供奉圣贤孔子和小孩读书的地方，大成殿是学官的主体建筑，面宽、进深各五开间，殿顶为重檐歇灰瓦顶，四柱不到殿顶，其建筑艺术国内首创。整座建筑融宋元时代风格与岭南地方特色于一体，为我国宋元木构建筑珍品。德庆学宫，座落在广东省西江之滨的德庆县城。始建于宋朝大中祥符四年（公元1011年），元朝大德元年（公元1297年）重建。由石栏、棂星门、泮池、大成门、杏坛、东西庑、大成殿、名宦乡贤祠、崇圣殿、尊经阁和尊圣义祠等组成，是一组庄严、雄伟的古代建筑群，是全国重点文物保护单位。,暂无,https://imgs.qunarzz.com/sight/p0/201403/06/7239e6621b1d85136c3f608a277cf9c3.jpg_710x360_de682e7f.jpg〇https://qimgs.qunarzz.com/piao_qsight_provider_piao_qsight_web/7173cbf410c27f6effffffffc8d65eac.jpg_710x360_a59407a1.jpg〇https://qimgs.qunarzz.com/piao_qsight_provider_piao_qsight_web/cffc3f654caf6264ddb12cfb.jpg_710x360_066ffb76.jpg〇https://qimgs.qunarzz.com/piao_qsight_provider_piao_qsight_web/31fd672e967b8e43ddb12cfb.jpg_710x360_1987ead4.jpg,"{""ret"": true, ""data"": {""tagList"": [{""tagType"": 0, ""tagScore"": 5, ""tagNum"": 0, ""tagName"": ""\u5168\u90e8""}], ""score"": 0.0, ""commentCount"": 0}, ""statusCode"": 200}"
花世界生态旅游区,https://imgs.qunarzz.com/sight/p0/201301/16/2807158eb6df533093835fbb.jpg_280x200_a1f756a4.jpg,肇庆市,德庆县,广东省肇庆市德庆县官圩镇,-1,-1.0,花世界生态旅游区集科研、饮食娱乐、休闲渡假于一体。区内分区种植四季适宜的名优水果、珍稀花卉、名贵中药，营造春赏桃李、夏品,https://piao.qunar.com/ticket/detail_3457022284.html?st=a3clM0QlRTUlQkUlQjclRTUlQkElODYlRTUlOEUlQkYlMjZpZCUzRDQxNzc0JTI2dHlwZSUzRDAlMjZpZHglM0QxMSUyNnF0JTNEJTI2YXBrJTNEMiUyNnNjJTNEV1dXJTI2dXIlM0QlRTQlQjglQUQlRTUlQjElQjElMjZsciUzRCVFNCVCOCVBRCVFNSVCMSVCMSUyNmZ0JTNEJTdCJTdE#from=mpl_search_suggest,-1.0,N/A,花世界生态旅游区集科研、饮食娱乐、休闲渡假于一体。区内分区种植四季适宜的名优水果、珍稀花卉、名贵中药，营造春赏桃李、夏品荷、秋观枫菊、冬鉴梅。四季皆果的超然境界。踏入景区，处处鸟语花香，春意盎然，一步一景，如诗如画，极富新、奇、特、饱含着深厚的文化内涵，充满知识性和刺激，种名贵花卉竟相斗艳，令人赏心悦目，留连忘返，每位游客都能在这里找到自己的钟爱和乐趣，好一派：春光似海，盛世如花的景象，大诗人陶渊明所描述的世外桃源在这里成了现实。,9:00-24:00,https://imgs.qunarzz.com/sight/p0/201301/16/2807158eb6df533093835fbb.jpg_710x360_c08b0cce.jpg,"{""ret"": true, ""data"": {""tagList"": [{""tagType"": 0, ""tagScore"": 5, ""tagNum"": 0, ""tagName"": ""\u5168\u90e8""}], ""score"": 0.0, ""commentCount"": 0}, ""statusCode"": 200}"
森林海度假别墅,https://imgs.qunarzz.com/sight/p37/201211/02/8de961591f8f1e5493835fbb.jpg_280x200_16841d56.jpg,肇庆市,德庆县,广东省肇庆市德庆县关圩镇盘龙峡景区内,-1,-1.0,"森林海别墅座拥湖光山色美景住在这里，晨听鸟鸣，幕聆溪音,仿若仙境！
别墅包含两个标准双人房和一个客厅，更可在别墅平台享受",https://piao.qunar.com/ticket/detail_3595274957.html?st=a3clM0QlRTUlQkUlQjclRTUlQkElODYlRTUlOEUlQkYlMjZpZCUzRDIwOTM5JTI2dHlwZSUzRDAlMjZpZHglM0QxMCUyNnF0JTNEJTI2YXBrJTNEMiUyNnNjJTNEV1dXJTI2dXIlM0QlRTQlQjglQUQlRTUlQjElQjElMjZsciUzRCVFNCVCOCVBRCVFNSVCMSVCMSUyNmZ0JTNEJTdCJTdE#from=mpl_search_suggest,-1.0,N/A,"森林海别墅座拥湖光山色美景住在这里，晨听鸟鸣，幕聆溪音,仿若仙境！别墅包含两个标准双人房和一个客厅，更可在别墅平台享受垂钓乐趣！",暂无,https://imgs.qunarzz.com/sight/p37/201211/02/8de961591f8f1e5493835fbb.jpg_710x360_06f8e640.jpg,"{""ret"": true, ""data"": {""tagList"": [{""tagType"": 0, ""tagScore"": 5, ""tagNum"": 0, ""tagName"": ""\u5168\u90e8""}], ""score"": 0.0, ""commentCount"": 0}, ""statusCode"": 200}"
花世界温矿泉景区,https://imgs.qunarzz.com/sight/p16/201211/08/94339f9d3aa8ce7193835fbb.jpg_280x200_64fd4e2e.jpg,肇庆市,德庆县,广东省德庆县官圩镇大平顶,-1,-1.0,花世界温矿泉系地下偏硅酸氡型温泉，是一种宝贵的保健沐浴温泉。泉水中富含 钾、钠、钙、铁 等微量元素，其中氡浓度为657B,https://piao.qunar.com/ticket/detail_2758594360.html?st=a3clM0QlRTUlQkUlQjclRTUlQkElODYlRTUlOEUlQkYlMjZpZCUzRDExMTM3JTI2dHlwZSUzRDAlMjZpZHglM0Q5JTI2cXQlM0QlMjZhcGslM0QyJTI2c2MlM0RXV1clMjZ1ciUzRCVFNCVCOCVBRCVFNSVCMSVCMSUyNmxyJTNEJUU0JUI4JUFEJUU1JUIxJUIxJTI2ZnQlM0QlN0IlN0Q%3D#from=mpl_search_suggest,-1.0,N/A,花世界温矿泉系地下偏硅酸氡型温泉，是一种宝贵的保健沐浴温泉。泉水中富含 钾、钠、钙、铁 等微量元素，其中氡浓度为657Bq/L，属于低浓度的温泉。氡泉沐浴时，氡和它的子代产物沉着于人体皮肤表面，形成一种“活性膜”， 继续蜕变，放出射线，对减肥、促进和调整生殖腺机能、延缓衰老、调整心率及血压都有良好的效果，是现代人养身美体的时尚之选。,暂无,https://imgs.qunarzz.com/sight/p16/201211/08/94339f9d3aa8ce7193835fbb.jpg_710x360_b8ea285b.jpg,"{""ret"": true, ""data"": {""tagList"": [{""tagType"": 0, ""tagScore"": 5, ""tagNum"": 0, ""tagName"": ""\u5168\u90e8""}], ""score"": 0.0, ""commentCount"": 0}, ""statusCode"": 200}"
金林水乡,https://imgs.qunarzz.com/sight/p0/201301/17/abe011fbf8c176e593835fbb.jpg_280x200_531c3911.jpg,肇庆市,德庆县,广东省肇庆市德庆县官墟镇金林村,33,3.6,文化底蕴深厚、古色古香、自然景观丰富,https://piao.qunar.com/ticket/detail_3052781260.html?st=a3clM0QlRTUlQkUlQjclRTUlQkElODYlRTUlOEUlQkYlMjZpZCUzRDMzNTclMjZ0eXBlJTNEMCUyNmlkeCUzRDglMjZxdCUzRCUyNmFwayUzRDIlMjZzYyUzRFdXVyUyNnVyJTNEJUU0JUI4JUFEJUU1JUIxJUIxJTI2bHIlM0QlRTQlQjglQUQlRTUlQjElQjElMjZmdCUzRCU3QiU3RA%3D%3D#from=mpl_search_suggest,-1.0,N/A,金林水乡，位于广东肇庆市德庆官圩镇，拥有一千七百多年的历史，是一个文化底蕴深厚、古色古色、自然景观丰富、充满神话色彩的古村落，在古时是德庆四乡之一。村内民居多为明清时修建，古朴清幽。它背靠大雾山，东靠吉岗河，西临金林河，双河环抱，村中大小池塘水渠错落。相传当年孔子第58世孙南下，看中金林的秀丽山水并住下，一直繁衍至今，因此现在村里仍有400多人姓孔。金林古城于明代兴建，古城东面宽，南北狭。特点之一：城门多，如积善门、徐庆门、长寿门、上林门、太里门等；特点之二：古宅多，如谈家大屋、孙家巷、庆安宫、郎宫第、进士第等；特点之三：古祠堂多，如清轩祠、应业祠、丽先谈公祠、松岩祠等；特点之四：古街店铺特色，如均兴杂货，永盛大米行、振兴洒坊、保平安药房等。金林水乡地理形势奇特。“寿星、金龟、蝠、鹿、鹤”五山环绕村庄，有五山会局之势。村前八棵秀茂古榕，加上樟树、相思树、红棉及稀有的菩提树，像绿色屏障横亘于村边。金林独具水乡特色，古来就有两河双圳五大井，两河就是金林河、吉岗河，村内的四大井和村外的“高清井”是“龙眼”，双圳从各家各户的门前流过。湖泊池塘众多，在上林塘、北秀湖、葵扇塘、积善塘、金水池等。现时，金林水乡现已开发成旅游区。金林水乡的农耕示范区、种植园区、民间作坊、青蛙饲养示范基地以及建筑古文化观赏区，让游客既能体验古代平民的典型生活，又能领略古代大户人家的高雅生活。此外，民间风俗也别有一番趣致。,01/01-12/31；8:00-18:00开园,https://imgs.qunarzz.com/sight/p0/201301/17/abe011fbf8c176e593835fbb.jpg_710x360_83375292.jpg〇https://imgs.qunarzz.com/sight/p0/201301/17/b47288f6eb2840c693835fbb.jpg_710x360_6d021aba.jpg〇https://imgs.qunarzz.com/sight/p0/201301/17/9fdce4ebb345708e93835fbb.jpg_710x360_51b828fe.jpg〇https://imgs.qunarzz.com/sight/p0/201301/17/35bbc3d20c137cd693835fbb.jpg_710x360_6c946c39.jpg〇https://imgs.qunarzz.com/sight/p0/201301/17/3ca15a61ff7d1aea93835fbb.jpg_710x360_cc87cc5b.jpg〇https://imgs.qunarzz.com/sight/p0/201301/17/ee579b81bd2ca94993835fbb.jpg_710x360_62393ab8.jpg〇https://qimgs.qunarzz.com/piao_qsight_provider_piao_qsight_web/f14da7f327e0e437.jpg_710x360_8a9c372e.jpg〇https://qimgs.qunarzz.com/piao_qsight_provider_piao_qsight_web/3ee3be097e6b3af7.jpg_710x360_4326f898.jpg〇https://qimgs.qunarzz.com/piao_qsight_provider_piao_qsight_web/f6e8ac6db44974f7.jpg_710x360_1c99135f.jpg〇https://qimgs.qunarzz.com/piao_qsight_provider_piao_qsight_web/794cf91e1a3726f7.jpg_710x360_be3e7215.jpg〇https://qimgs.qunarzz.com/piao_qsight_provider_piao_qsight_web/274ef937dc207f7.jpg_710x360_9a1a2a92.jpg〇https://qimgs.qunarzz.com/piao_qsight_provider_piao_qsight_web/fb26c9d1abd55ff7.jpg_710x360_0ba97ae2.jpg〇https://qimgs.qunarzz.com/piao_qsight_provider_piao_qsight_web/820bbe5c439c3cf7.jpg_710x360_dec519b2.jpg〇https://qimgs.qunarzz.com/piao_qsight_provider_piao_qsight_web/a93fbb49f0e10df7.jpg_710x360_dfad4027.jpg〇https://qimgs.qunarzz.com/piao_qsight_provider_piao_qsight_web/f3c81267556678.jpg_710x360_0f018104.jpg〇https://qimgs.qunarzz.com/piao_qsight_provider_piao_qsight_web/0a4a7b7cb17e4c.jpg_710x360_d0c7caa6.jpg〇https://qimgs.qunarzz.com/piao_qsight_provider_piao_qsight_web/830612a57f7575.jpg_710x360_fff88654.jpg〇https://qimgs.qunarzz.com/piao_qsight_provider_piao_qsight_web/72fb274f653fa5.jpg_710x360_a4e245bf.jpg〇https://qimgs.qunarzz.com/piao_qsight_provider_piao_qsight_web/305c47df732217.jpg_710x360_8bc62d0a.jpg〇https://qimgs.qunarzz.com/piao_qsight_provider_piao_qsight_web/cdbea61880ae86.jpg_710x360_1feec610.jpg〇https://qimgs.qunarzz.com/piao_qsight_provider_piao_qsight_web/87854ae2dc0d08.jpg_710x360_db93b717.jpg〇https://qimgs.qunarzz.com/piao_qsight_provider_piao_qsight_web/53a6b5ae8ca7688a1bc568cbe1438279.jpg_710x360_e56e2680.jpg,"{""ret"": true, ""data"": {""tagList"": [{""tagType"": 32, ""tagScore"": 5, ""tagNum"": 7, ""tagName"": ""\u670d\u52a1\u597d""}, {""tagType"": 16, ""tagScore"": 5, ""tagNum"": 5, ""tagName"": ""\u9760\u8c31""}, {""tagType"": 8, ""tagScore"": 5, ""tagNum"": 4, ""tagName"": ""\u4fbf\u5b9c""}, {""tagType"": 4, ""tagScore"": 5, ""tagNum"": 7, ""tagName"": ""\u53d6\u7968\u65b9\u4fbf""}, {""tagType"": 3, ""tagScore"": 5, ""tagNum"": 8, ""tagName"": ""\u5dee\u8bc4""}, {""tagType"": 2, ""tagScore"": 5, ""tagNum"": 6, ""tagName"": ""\u4e2d\u8bc4""}, {""tagType"": 1, ""tagScore"": 5, ""tagNum"": 19, ""tagName"": ""\u597d\u8bc4""}, {""tagType"": 0, ""tagScore"": 5, ""tagNum"": 33, ""tagName"": ""\u5168\u90e8""}], ""commentList"": [{""author"": ""b*w"", ""content"": ""\u76d8\u9f99\u5ce1\u9664\u4e86\u6f02\u6d41\u5df2\u7ecf\u5187\u4eae\u70b9\u5566   \u91d1\u6797\u6c34\u4e61\u5b8c\u5168\u4fc2\u4e00\u4e2a\u8d25\u7b14"", ""date"": ""2016-02-21"", ""score"": 5, ""commentId"": ""106518651"", ""imgs"": [{""small"": ""https://imgs.qunarzz.com/piao/fusion/1602/d9/a93fbb49f0e10df7.jpg_120x120_ebfaba48.jpg"", ""title"": """", ""big"": ""https://imgs.qunarzz.com/piao/fusion/1602/d9/a93fbb49f0e10df7.jpg""}, {""small"": ""https://imgs.qunarzz.com/piao/fusion/1602/37/820bbe5c439c3cf7.jpg_120x120_eab55c17.jpg"", ""title"": """", ""big"": ""https://imgs.qunarzz.com/piao/fusion/1602/37/820bbe5c439c3cf7.jpg""}, {""small"": ""https://imgs.qunarzz.com/piao/fusion/1602/6d/fb26c9d1abd55ff7.jpg_120x120_61defb0f.jpg"", ""title"": """", ""big"": ""https://imgs.qunarzz.com/piao/fusion/1602/6d/fb26c9d1abd55ff7.jpg""}, {""small"": ""https://imgs.qunarzz.com/piao/fusion/1602/1e/274ef937dc207f7.jpg_120x120_95d15a48.jpg"", ""title"": """", ""big"": ""https://imgs.qunarzz.com/piao/fusion/1602/1e/274ef937dc207f7.jpg""}, {""small"": ""https://imgs.qunarzz.com/piao/fusion/1602/5d/794cf91e1a3726f7.jpg_120x120_c7e26f2e.jpg"", ""title"": """", ""big"": ""https://imgs.qunarzz.com/piao/fusion/1602/5d/794cf91e1a3726f7.jpg""}, {""small"": ""https://imgs.qunarzz.com/piao/fusion/1602/b8/f6e8ac6db44974f7.jpg_120x120_b5729591.jpg"", ""title"": """", ""big"": ""https://imgs.qunarzz.com/piao/fusion/1602/b8/f6e8ac6db44974f7.jpg""}, {""small"": ""https://imgs.qunarzz.com/piao/fusion/1602/ac/3ee3be097e6b3af7.jpg_120x120_950bddb6.jpg"", ""title"": """", ""big"": ""https://imgs.qunarzz.com/piao/fusion/1602/ac/3ee3be097e6b3af7.jpg""}], ""userNickName"": ""b*w"", ""replyCityName"": """", ""cityName"": """"}, {""author"": ""\u5357*\u98ce"", ""content"": ""\u8fd9\u91cc\u6839\u672c\u5c31\u662f\u5751\u30021.70\u5143/\u4eba\u8ba2\u7968\uff0c\u4e0d\u80fd\u5982\u7f51\u4e0a\u6240\u8bf4\u76f4\u63a5\u5165\uff0c\u5fc5\u987b\u552e\u7968\u5904\u529e\u624b\u7eed\uff0c\u518d\u5f3a\u8feb10\u5143/\u4eba\u4e0a\u5c71\u7968\u300270\u5c81\u8001\u4eba\u51ed\u8bc1\u514d\u8d39\u30022.\u4e00\u5230\u666f\u533a\uff0c\u5fc5\u6709\u5f53\u5730\u201c\u5de5\u4f5c\u4eba\u5458\u201d\u62e6\u8f66\u6536\u8d393.\u91cc\u9762\u7684\u666f\u8272\uff0c\u8bbe\u65bd\uff0c\u57fa\u672c\u6ca1\u4ec0\u4e48\u7ef4\u62a4\uff0c\u5f88\u591a\u8352\u5e9f\u4e86\u3002\u4e0d\u662f\u7f51\u4e0a\u5e7f\u544a\uff0c\u5982\u5b9e\u63cf\u8ff0\u7684\u8bdd\uff0c\u514d\u8d39\u8ba9\u4eba\u8fdb\u4e5f\u5438\u5f15\u4e0d\u4e86\u51e0\u4eba\u30024.\u9664\u4e86\u6536\u8d39\uff0c\u51fa\u5165\u53e3\uff0c\u65e0\u4efb\u4f55\u5de5\u4f5c\u4eba\u5458\u6307\u5f15\u3002\u771f\u5fc3\u4e0d\u660e\u767d\uff0c\u90a370\u5143\u600e\u4e48\u80fd\u6536\u5f97\u5fc3\u5b89\u7406\u5f97!\u9664\u4e86\u65b0\u9c9c\u7a7a\u6c14\uff0c\u5728\u6b64\u522b\u6709\u4ec0\u4e48\u671f\u671b\u3002"", ""date"": ""2016-05-03"", ""score"": 1, ""commentId"": ""114952581"", ""imgs"": [], ""userNickName"": ""\u5357*\u98ce"", ""replyCityName"": """", ""cityName"": """"}, {""author"": ""W*6"", ""content"": ""\u5f88\u597d\u73a9\u7684\u5730\u65b9\uff0c\u73a9\u7684\u5f88\u5f00\u5fc3"", ""date"": ""2016-12-14"", ""score"": 5, ""commentId"": ""136014103"", ""imgs"": [], ""userNickName"": ""W*6"", ""replyCityName"": """", ""cityName"": """"}, {""author"": ""z*i"", ""content"": ""\u8fd9\u4e2a\u5957\u7968\u662f\u6709\u4e24\u4e2a\u666f\u70b9\u7684\uff0c\u76d8\u9f99\u5ce1\u8fd8\u53ef\u4ee5\u5427\uff0c\u91d1\u6797\u6c34\u4e61\u770b\u5230\u5b83\u7684\u95e8\u53e3\u5c31\u4e0d\u60f3\u8fdb\u4e86\uff0c\u4e0d\u503c\u5f97\uff01\u6211\u5efa\u8bae\u5927\u5bb6\u53bb\u7684\u8bdd\u76f4\u63a5\u4e70\u76d8\u9f99\u5ce1\u7684\u7968\u5c31\u597d\u4e86\uff0c\u4e0d\u8981\u5728\u7f51\u4e0a\u8ba2\u4e86\uff0c\u76d8\u9f99\u5ce1\u95e8\u7968\u624d80\u5757\u94b1\uff0c\u8fd9\u4e2a\u90fd\u8981100\uff0c\u4e24\u4e2a\u666f\u70b9\u76f8\u5dee9\u516c\u91cc\u5de6\u53f3\uff0c\u5b9e\u5728\u662f\u4e0d\u6ee1\u610f\uff0c\u4e70\u4e86\u56db\u5f20\u5957\u7968\u6d6a\u8d39\u621180\u5757\u94b1\uff01\uff01\uff01"", ""date"": ""2016-02-17"", ""score"": 3, ""commentId"": ""105976626"", ""imgs"": [], ""userNickName"": ""z*i"", ""replyCityName"": """", ""cityName"": """"}, {""author"": ""z*1"", ""content"": ""\u4e00\u70b9\u90fd\u4e0d\u597d\u73a9\uff0c\u73af\u5883\u592a\u5dee\u4e86"", ""date"": ""2016-09-25"", ""score"": 3, ""commentId"": ""129269664"", ""imgs"": [], ""userNickName"": ""z*1"", ""replyCityName"": """", ""cityName"": """"}, {""author"": ""k*7"", ""content"": ""\u55ef\uff0c\u4e0d\u662f\u5f88\u5efa\u8bae\u53bb\uff0c\u95e8\u7968\u8fd8\u90a3\u4e48\u8d35\uff0c\u8fd8\u597d\u767d\u5929\u53bb\u7684\uff0c\u800c\u4e14\u6211\u4eec\u53bb\u7684\u4eba\u591a\uff0c\u4e0d\u7136\u771f\u4f1a\u88ab\u5413\u5230\uff0c\u5230\u5904\u90fd\u662f\u843d\u53f6\uff0c\u86c7\u7684\u5c38\u4f53\uff0c\u8fd8\u6709\u9b3c\u5c4b\uff0c\u90a3\u4e9b\u9152\u5e97\u7684\u5bbe\u9986\u4eec\u90fd\u8150\u574f\u4e86\uff0c\u54ea\u91cc\u90fd\u662f\u843d\u53f6\u4ec0\u4e48\u7684\uff0c\u5b8c\u5168\u6ca1\u6709\u4eba\u6253\u7406\u8fc7\uff0c\u90a3\u6f02\u6d41\u5c31\u2026\u2026\u5b8c\u5168\u6ca1\u6b32\u671b\uff0c\u82b1\u4e86\u4e00\u767e\u5757\uff0c\u5c31\u50cf\u5230\u5c71\u4e0a\u8dd1\u4e86\u4e00\u5708\uff01\u6d6a\u8d39\uff0c\u7011\u5e03\u662f\u53ef\u4ee5\u770b\uff0c\u592a\u5047\u4e86\uff01\u552e\u7968\u70b9\u90fd\u662f\u5173\u95e8\u7684\uff0c\u4e00\u8def\u4e0a\u90fd\u6ca1\u770b\u5230\u5de5\u4f5c\u4eba\u5458\uff01"", ""date"": ""2015-06-09"", ""score"": 1, ""commentId"": ""53330247"", ""imgs"": [{""small"": ""https://imgs.qunarzz.com/piao/fusion/1506/e7/87854ae2dc0d08.jpg_120x120_893861ef.jpg"", ""title"": """", ""big"": ""https://imgs.qunarzz.com/piao/fusion/1506/e7/87854ae2dc0d08.jpg""}, {""small"": ""https://imgs.qunarzz.com/piao/fusion/1506/6d/cdbea61880ae86.jpg_120x120_f31cfcf5.jpg"", ""title"": """", ""big"": ""https://imgs.qunarzz.com/piao/fusion/1506/6d/cdbea61880ae86.jpg""}, {""small"": ""https://imgs.qunarzz.com/piao/fusion/1506/77/305c47df732217.jpg_120x120_b60e8864.jpg"", ""title"": """", ""big"": ""https://imgs.qunarzz.com/piao/fusion/1506/77/305c47df732217.jpg""}], ""userNickName"": ""k*7"", ""replyCityName"": """", ""cityName"": """"}, {""author"": ""\u7cbe*\u4fa0"", ""content"": ""\u53bb\u5fb7\u5e86\u76d8\u9f99\u5ce1\u7684\u6e38\u5ba2\u53ef\u4ee5\u987a\u9053\u6e38\u89c8\uff0c\u4f46\u666f\u8272\u6bd4\u8f83\u666e\u901a\u3002"", ""date"": ""2016-07-31"", ""score"": 3, ""commentId"": ""123606556"", ""imgs"": [], ""userNickName"": ""\u7cbe*\u4fa0"", ""replyCityName"": """", ""cityName"": """"}, {""author"": ""x*4"", ""content"": ""\u4e0d\u8d1f\u8d23\u4efb\u3002\u6210\u4eba\u7968\u867d\u6bd4\u666f\u70b9\u4e70\u8981\u4fbf\u5b9c\uff0c\u4f46\u6ca1\u6709\u5b66\u751f\u7968\u4e70\u3002\u4e0b\u8ba2\u5355\u540e\uff0c\u53d1\u73b0\u6709\u4e2a\u4eb2\u621a\u5fd8\u5e26\u8bc1\u4ef6\uff0c\u968f\u5373\u81f3\u7535\u7ed9\u5ba2\u670d\u60f3\u53d6\u6d88\u4e00\u5f20\u8ba2\u5355\u3002\u5ba2\u670d\u8bf4\uff0c\u5fd8\u5e26\u8bc1\u4ef6\u4e5f\u53ef\u53d6\u7968\uff0c\u4e0d\u7528\u9000\uff0c\u6211\u5c31\u4fe1\u4e86\u3002\u7ed3\u679c\u5230\u666f\u70b9\u5374\u62ff\u4e0d\u5230\u7968\u3002\u518d\u6253\u7ed9\u5ba2\u670d\uff0c\u6253\u4e86\u4e09\u6b21\uff0c\u624d\u6709\u4eba\u8bf4\u8ddf\u5de5\u4f5c\u4eba\u5458\u6c9f\u901a\uff0c\u6211\u5c31\u4e00\u76f4\u5728\u666f\u533a\u95e8\u53e3\u7b49\u56de\u590d\uff0c\u6ca1\u7b49\u5230\uff0c\u53ea\u597d\u6253\u7535\u8fc7\u53bb\u95ee\uff0c\u6253\u4e86\u4e24\u6b21\u6ca1\u89e3\u51b3\uff0c\u7b2c\u4e09\u6b21\u5f00\u59cb\uff0c\u5c31\u4e00\u76f4\u5fd9\u97f3\uff0c\u4e0d\u542c\u6211\u7684\u7535\u8bdd\uff0c\u770b\u7740\u65f6\u95f4\u4e00\u70b9\u4e00\u6ef4\u6e9c\u8d70\uff0c\u53ea\u80fd\u518d\u51fa\u4e00\u6b21\u94b1\u91cd\u4e70\u4e00\u5f20\u3002"", ""date"": ""2015-10-04"", ""score"": 2, ""commentId"": ""82155502"", ""imgs"": [], ""userNickName"": ""x*4"", ""replyCityName"": """", ""cityName"": """"}, {""author"": ""j*2"", ""content"": ""\u4e0d\u9519\uff0c\u5f88\u597d\u73a9\uff0c\u53ef\u60dc\u6ca1\u53bb\u6f02\u6d41\uff0c\u4e0b\u6b21\u8865\u4e0a"", ""date"": ""2015-09-09"", ""score"": 5, ""commentId"": ""75836341"", ""imgs"": [{""small"": ""https://imgs.qunarzz.com/piao/fusion/1509/d7/830612a57f7575.jpg_120x120_228165d6.jpg"", ""title"": """", ""big"": ""https://imgs.qunarzz.com/piao/fusion/1509/d7/830612a57f7575.jpg""}, {""small"": ""https://imgs.qunarzz.com/piao/fusion/1509/f5/0a4a7b7cb17e4c.jpg_120x120_acc04515.jpg"", ""title"": """", ""big"": ""https://imgs.qunarzz.com/piao/fusion/1509/f5/0a4a7b7cb17e4c.jpg""}, {""small"": ""https://imgs.qunarzz.com/piao/fusion/1509/58/f3c81267556678.jpg_120x120_2a0a2293.jpg"", ""title"": """", ""big"": ""https://imgs.qunarzz.com/piao/fusion/1509/58/f3c81267556678.jpg""}], ""userNickName"": ""j*2"", ""replyCityName"": """", ""cityName"": """"}, {""author"": ""j*g"", ""content"": ""\u76d8\u9f99\u5ce1\u7684\u7a7a\u6c14\u5728\u5e7f\u4e1c\u7edd\u5bf9\u662f\u6700\u597d\u7684\uff0c\u6211\u4eec\u8d70\u7684\u662f\u666e\u901a\u7684\u7ebf\u8def\uff0c\u56de\u6765\u4e00\u770b\u8fd8\u6709\u5c71\u9876\u6ca1\u5230\uff0c\u6709\u70b9\u9057\u61be\uff0c\u76d8\u9f99\u5ce1\u666f\u533a\u6700\u5927\u7684\u95ee\u9898\u662f\uff0c\u6ca1\u6709\u5370\u5236\u5bfc\u6e38\u56fe\u6d3e\u7ed9\u6e38\u5ba2\uff0c\u50cf\u6211\u8fd9\u6837\u6563\u5ba2\u5c31\u51ed\u611f\u89c9\u6e38\u73a9\u4e86\u3002\u91d1\u6797\u6c34\u4e61\u73b0\u5728\u88ab\u6539\u9020\u7684\u5df2\u7ecf\u9762\u76ee\u5168\u975e\u4e86\uff0c\u4f5c\u4e3a\u5341\u5e74\u524d\u7684\u5e7f\u4e1c\u6700\u7f8e\u4e61\u6751\uff0c\u4eca\u5929\u5df2\u770b\u4e0d\u51fa\u6700\u7f8e\uff0c\u5f53\u5730\u6751\u6c11\u5f88\u8d28\u6734\u3002\u53d6\u7968\u8fd8\u662f\u8d39\u4e86\u4e9b\u5468\u6298\uff0c\u6700\u7ec8\u8fd8\u662f\u6ee1\u610f\u89e3\u51b3\u4e86\u3002"", ""date"": ""2015-04-14"", ""score"": 5, ""commentId"": ""41190240"", ""imgs"": [], ""userNickName"": ""j*g"", ""replyCityName"": """", ""cityName"": """"}], ""score"": 3.6, ""commentCount"": 33}, ""statusCode"": 200}"
森林水世界,https://imgs.qunarzz.com/sight/p0/1611/16/164ca224e719a0d9a3.water.jpg_280x200_2c993890.jpg,肇庆市,德庆县,广东省肇庆市德庆县关圩镇盘龙峡景区内,8,3.9,坐在浪端尽情体验那高低涌动的动感,https://piao.qunar.com/ticket/detail_4280820716.html?st=a3clM0QlRTUlQkUlQjclRTUlQkElODYlRTUlOEUlQkYlMjZpZCUzRDE4ODM0JTI2dHlwZSUzRDAlMjZpZHglM0Q3JTI2cXQlM0QlMjZhcGslM0QyJTI2c2MlM0RXV1clMjZ1ciUzRCVFNCVCOCVBRCVFNSVCMSVCMSUyNmxyJTNEJUU0JUI4JUFEJUU1JUIxJUIxJTI2ZnQlM0QlN0IlN0Q%3D#from=mpl_search_suggest,-1.0,N/A,在盘龙天堂度假酒店和薰衣草园之间的山麓，盘龙峡千丝万缕的瀑布汇集于此注成一湾碧水，丰盛着山麓这个东南亚首家以森林水世界为主题的水上乐园。森林水世界引入的纯山泉水饱含锂、锶、锌等30多种有机矿物质，是符合国际A+++标准的直接饮用山泉水。湛蓝的水世界中，您可在超过1.2米高的冲浪池里迎着水浪，坐在浪端尽情体验那高低涌动的动感，在回旋滑到体验高速旋转落下的快感刺激，冲浪池旁的环流河更是十分刺激的水上体验，坐在橡皮艇环着沿途设有塑石喷雾和彩虹喷水顺水漂流，犹如在野外探险一般。,暂无,https://imgs.qunarzz.com/sight/p0/1611/16/164ca224e719a0d9a3.water.jpg_710x360_594c61b9.jpg〇https://imgs.qunarzz.com/sight/p0/1611/95/95e1d2acef1021c6a3.water.jpg_710x360_e7d11e1d.jpg〇https://imgs.qunarzz.com/sight/p0/1611/e1/e15a3127a604145fa3.water.jpg_710x360_32ea5bda.jpg〇https://imgs.qunarzz.com/sight/p0/1611/20/20b3d1e75feb8908a3.water.jpg_710x360_0327fe38.jpg〇https://imgs.qunarzz.com/sight/p0/1611/d9/d9ccca449386a0b9a3.water.jpg_710x360_860b5e1c.jpg,"{""ret"": true, ""data"": {""tagList"": [{""tagType"": 3, ""tagScore"": 5, ""tagNum"": 2, ""tagName"": ""\u5dee\u8bc4""}, {""tagType"": 1, ""tagScore"": 5, ""tagNum"": 6, ""tagName"": ""\u597d\u8bc4""}, {""tagType"": 0, ""tagScore"": 5, ""tagNum"": 8, ""tagName"": ""\u5168\u90e8""}], ""commentList"": [{""author"": ""t*7"", ""content"": ""\u7528\u6237\u672a\u70b9\u8bc4\uff0c\u7cfb\u7edf\u9ed8\u8ba4\u597d\u8bc4\u3002"", ""date"": ""2017-11-03"", ""score"": 5, ""commentId"": ""203339907"", ""imgs"": [], ""userNickName"": ""t*7"", ""replyCityName"": """", ""cityName"": """"}, {""author"": ""W*6"", ""content"": ""\u975e\u5e38\u597d\u73a9\u7684\u5730\u65b9\uff0c\u5f88\u559c\u6b22"", ""date"": ""2016-12-14"", ""score"": 5, ""commentId"": ""136014298"", ""imgs"": [], ""userNickName"": ""W*6"", ""replyCityName"": """", ""cityName"": """"}, {""author"": ""\u7cbe*\u4fa0"", ""content"": ""\u5fb7\u5e86\u76d8\u9f99\u5ce1\u91cc\u9762\u7684\u620f\u6c34\u4e0e\u6e29\u6cc9\u533a\u57df\uff0c\u72ec\u7acb\u552e\u7968\u7684\uff0c\u73af\u5883\u5f88\u4f18\u7f8e\u3002"", ""date"": ""2016-07-31"", ""score"": 4, ""commentId"": ""123606712"", ""imgs"": [], ""userNickName"": ""\u7cbe*\u4fa0"", ""replyCityName"": """", ""cityName"": """"}, {""author"": ""a*7"", ""content"": ""\u4e00\u4e2a\u5b57\uff0c\u810f\uff0c\u800c\u4e14\u53ea\u6709\u4e00\u4e2a\u6e38\u6cf3\u6c60\uff0c200\u5143\u53bb\u51b2\u4e2a\u51c9\uff0c\u5fc3\u66f4\u51c9\u3002"", ""date"": ""2016-07-17"", ""score"": 1, ""commentId"": ""122285074"", ""imgs"": [], ""userNickName"": ""a*7"", ""replyCityName"": """", ""cityName"": """"}, {""author"": ""a*5"", ""content"": ""\u98ce\u666f\u5f88\u6f02\u4eae\uff0c\u5929\u7136\u6c27\u5427\uff01"", ""date"": ""2016-03-01"", ""score"": 5, ""commentId"": ""107597277"", ""imgs"": [], ""userNickName"": ""a*5"", ""replyCityName"": """", ""cityName"": """"}, {""author"": ""z*1"", ""content"": ""\u6781\u5dee\uff0c\u95e8\u524d\u7a97\u53e3\u5356\u7968\u5458\u5dee\u5f97\u5f88\uff0c\u672c\u60f3\u8fdb\u53bb\u73a9\u7684\uff0c\u770b\u89c1\u90a3\u5356\u7968\u5458\u597d\u50cf\u4eba\u5bb6\u5dee\u5979\u51e0\u5341\u4e07\u7684\u6837\u5b50\u662f\u7684\uff0c\u5dee"", ""date"": ""2015-11-06"", ""score"": 1, ""commentId"": ""89804425"", ""imgs"": [], ""userNickName"": ""z*1"", ""replyCityName"": """", ""cityName"": """"}, {""author"": ""s*w"", ""content"": ""\u6ca1\u6709\u8ba2\u5230\u91cc\u9762\u7684\u522b\u5885\u53ef\u60dc\u4e86"", ""date"": ""2015-09-12"", ""score"": 5, ""commentId"": ""76540242"", ""imgs"": [], ""userNickName"": ""s*w"", ""replyCityName"": """", ""cityName"": """"}, {""author"": ""s*w"", ""content"": ""\u4fbf\u5b9c\u4e86\u4e00\u767e\u591a\uff0c\u5916\u51fa\u5fc5\u5907"", ""date"": ""2015-09-12"", ""score"": 5, ""commentId"": ""76540125"", ""imgs"": [], ""userNickName"": ""s*w"", ""replyCityName"": """", ""cityName"": """"}], ""score"": 3.9, ""commentCount"": 8}, ""statusCode"": 200}"
盘龙峡漂流,https://imgs.qunarzz.com/sight/p0/201405/30/0da316e867bafebb3378568a48e9cd88.jpg_280x200_f4d08b47.jpg,肇庆市,德庆县,广东省肇庆市德庆县关圩镇盘龙峡景区,70,4.6,水势多变、水流落差大，心跳漂流,https://piao.qunar.com/ticket/detail_881071949.html?st=a3clM0QlRTUlQkUlQjclRTUlQkElODYlRTUlOEUlQkYlMjZpZCUzRDE2NDU3JTI2dHlwZSUzRDAlMjZpZHglM0Q2JTI2cXQlM0QlMjZhcGslM0QyJTI2c2MlM0RXV1clMjZ1ciUzRCVFNCVCOCVBRCVFNSVCMSVCMSUyNmxyJTNEJUU0JUI4JUFEJUU1JUIxJUIxJTI2ZnQlM0QlN0IlN0Q%3D#from=mpl_search_suggest,-1.0,N/A,"”，全长约4800米，落差百余米，接连不断的险滩令整个漂流的过程基本上都是在高潮中度过,从漂流的源头开始顺流而下，一路上险滩就没有停止过，河道里自然障碍物多，而且水势多变、水流落差大，整个小艇似乎被抛进一个全包围的管道里，毫无控制力地随着水流迅速滑行，正当已无法形容那种飞快旋转的感觉时，突然间整个人轻飘飘地落在一个平静的湖面上，惊魂未定，心还在跳，而漂流戛然而止。勇士资格：需要非常大胆、非常勇敢、非常健康的非常之人士。",暂无,https://imgs.qunarzz.com/sight/p0/201405/30/0da316e867bafebb3378568a48e9cd88.jpg_710x360_a8736568.jpg〇https://imgs.qunarzz.com/sight/p0/1412/9e/e2a988be1c80339a36873e87bc263bd1.water.jpg_710x360_ab4dd195.jpg〇https://imgs.qunarzz.com/sight/p0/201405/30/09b5232bd79b923eeb2b3e4f046de955.jpg_710x360_ef9147d5.jpg〇https://imgs.qunarzz.com/sight/p0/201405/30/fb517979b787a2d772d3a43d572f6204.jpg_710x360_371e603a.jpg〇https://imgs.qunarzz.com/sight/p0/201405/30/9c3ffed97b977a866a5eb26dff2b9c99.jpg_710x360_c51d2445.jpg〇https://imgs.qunarzz.com/sight/p0/201405/30/934f60f287a158c356587e0c30ed6ba6.jpg_710x360_83580b30.jpg〇https://imgs.qunarzz.com/sight/p0/1412/36/8280c5c0ccc53ffcd38851309e16d3f5.water.jpg_710x360_7a283fd5.jpg,"{""ret"": true, ""data"": {""tagList"": [{""tagType"": 16, ""tagScore"": 5, ""tagNum"": 1, ""tagName"": ""\u9760\u8c31""}, {""tagType"": 8, ""tagScore"": 5, ""tagNum"": 1, ""tagName"": ""\u4fbf\u5b9c""}, {""tagType"": 4, ""tagScore"": 5, ""tagNum"": 4, ""tagName"": ""\u53d6\u7968\u65b9\u4fbf""}, {""tagType"": 3, ""tagScore"": 5, ""tagNum"": 3, ""tagName"": ""\u5dee\u8bc4""}, {""tagType"": 2, ""tagScore"": 5, ""tagNum"": 6, ""tagName"": ""\u4e2d\u8bc4""}, {""tagType"": 1, ""tagScore"": 5, ""tagNum"": 61, ""tagName"": ""\u597d\u8bc4""}, {""tagType"": 0, ""tagScore"": 5, ""tagNum"": 70, ""tagName"": ""\u5168\u90e8""}], ""commentList"": [{""author"": ""f*h"", ""content"": ""\u73af\u5883\u5f88\u597d\uff0c\u6e38\u5ba2\u5f88\u5c11\uff0c\u8bbe\u65bd\u7834\u65e7\uff0c\u7ba1\u7406\u8ddf\u4e0d\u4e0a\uff0c\u611f\u89c9\u5f88\u53ef\u60dc\u3002\u4e0d\u8fc7\u4e0a\u5c71\u8f66\u51c6\u70b9\u53d1\u8f66\uff0c\u4e0d\u7ba1\u6e38\u5ba2\u591a\u5c11\uff0c\u5236\u5ea6\u8fd8\u662f\u575a\u6301\u3002\u7f51\u4e0a\u8ba2\u7968\u6bd4\u73b0\u573a\u4fbf\u5b9c\u5f88\u591a\uff0c\u666f\u533a\u5185\u505c\u8f66\u6536\u8d39\u5341\u5143\u4e0d\u7b97\u8d35\uff0c\u4f46\u6709\u4e94\u4e2a\u5a46\u5b50\u7f20\u7740\u8981\u94b1\uff0c\u8fd9\u79cd\u73b0\u8c61\u6709\u635f\u666f\u533a\u5f62\u8c61"", ""date"": ""2018-11-05"", ""score"": 4, ""commentId"": ""208492691"", ""imgs"": [{""small"": ""https://imgs.qunarzz.com/piao/fusion/1811/c6/8a7af04bb794c002.jpg_120x120_2fef8e9d.jpg"", ""title"": """", ""big"": ""https://imgs.qunarzz.com/piao/fusion/1811/c6/8a7af04bb794c002.jpg""}, {""small"": ""https://imgs.qunarzz.com/piao/fusion/1811/ed/ae6289c291178402.jpg_120x120_60af4a54.jpg"", ""title"": """", ""big"": ""https://imgs.qunarzz.com/piao/fusion/1811/ed/ae6289c291178402.jpg""}, {""small"": ""https://imgs.qunarzz.com/piao/fusion/1811/45/1333f4e06263702.jpg_120x120_3b3b2588.jpg"", ""title"": """", ""big"": ""https://imgs.qunarzz.com/piao/fusion/1811/45/1333f4e06263702.jpg""}, {""small"": ""https://imgs.qunarzz.com/piao/fusion/1811/6e/b5c844dc52923e02.jpg_120x120_723ebad9.jpg"", ""title"": """", ""big"": ""https://imgs.qunarzz.com/piao/fusion/1811/6e/b5c844dc52923e02.jpg""}, {""small"": ""https://imgs.qunarzz.com/piao/fusion/1811/8a/d14015f029b58602.jpg_120x120_9e5b8fba.jpg"", ""title"": """", ""big"": ""https://imgs.qunarzz.com/piao/fusion/1811/8a/d14015f029b58602.jpg""}, {""small"": ""https://imgs.qunarzz.com/piao/fusion/1811/76/b8c431d91c869902.jpg_120x120_68c74ba5.jpg"", ""title"": """", ""big"": ""https://imgs.qunarzz.com/piao/fusion/1811/76/b8c431d91c869902.jpg""}, {""small"": ""https://imgs.qunarzz.com/piao/fusion/1811/62/798fcf4e506e6302.jpg_120x120_29b955fc.jpg"", ""title"": """", ""big"": ""https://imgs.qunarzz.com/piao/fusion/1811/62/798fcf4e506e6302.jpg""}, {""small"": ""https://imgs.qunarzz.com/piao/fusion/1811/6c/8f2e63828a0abe02.jpg_120x120_1d076fbe.jpg"", ""title"": """", ""big"": ""https://imgs.qunarzz.com/piao/fusion/1811/6c/8f2e63828a0abe02.jpg""}], ""userNickName"": ""f*h"", ""replyCityName"": """", ""cityName"": """"}, {""author"": ""l*9"", ""content"": ""\u7528\u6237\u672a\u70b9\u8bc4\uff0c\u7cfb\u7edf\u9ed8\u8ba4\u597d\u8bc4\u3002"", ""date"": ""2019-11-03"", ""score"": 5, ""commentId"": ""213024692"", ""imgs"": [], ""userNickName"": ""l*9"", ""replyCityName"": """", ""cityName"": """"}, {""author"": ""J*1"", ""content"": ""\u666f\u8272\u9753\uff0c\u4ece\u666f\u533a\u7684\u5efa\u7b51\u7269\u53ef\u4ee5\u770b\u5230\u5b83\u7684\u66fe\u7ecf\u8f89\u714c\uff0c\u73b0\u5728\u5c31\u5f88\u5c11\u4eba\u53bb\u4e86\uff0c\u8bbe\u65bd\u6ca1\u4eba\u7ef4\u62a4\uff0c\u4f46\u8fd8\u80fd\u6b63\u5e38\u5f00\u653e\u6e38\u5c71\uff0c\u3002"", ""date"": ""2019-08-16"", ""score"": 5, ""commentId"": ""211597604"", ""imgs"": [], ""userNickName"": ""J*1"", ""replyCityName"": """", ""cityName"": """"}, {""author"": ""c*7"", ""content"": ""\u7528\u6237\u672a\u70b9\u8bc4\uff0c\u7cfb\u7edf\u9ed8\u8ba4\u597d\u8bc4\u3002"", ""date"": ""2018-12-18"", ""score"": 5, ""commentId"": ""208783000"", ""imgs"": [], ""userNickName"": ""c*7"", ""replyCityName"": """", ""cityName"": """"}, {""author"": ""1*g"", ""content"": ""\u7528\u6237\u672a\u70b9\u8bc4\uff0c\u7cfb\u7edf\u9ed8\u8ba4\u597d\u8bc4\u3002"", ""date"": ""2018-11-04"", ""score"": 5, ""commentId"": ""208436892"", ""imgs"": [], ""userNickName"": ""1*g"", ""replyCityName"": """", ""cityName"": """"}, {""author"": ""d*0"", ""content"": ""\u7528\u6237\u672a\u70b9\u8bc4\uff0c\u7cfb\u7edf\u9ed8\u8ba4\u597d\u8bc4\u3002"", ""date"": ""2018-11-02"", ""score"": 5, ""commentId"": ""208337152"", ""imgs"": [], ""userNickName"": ""d*0"", ""replyCityName"": """", ""cityName"": """"}, {""author"": ""F*2"", ""content"": ""\u7528\u6237\u672a\u70b9\u8bc4\uff0c\u7cfb\u7edf\u9ed8\u8ba4\u597d\u8bc4\u3002"", ""date"": ""2018-09-08"", ""score"": 5, ""commentId"": ""207627167"", ""imgs"": [], ""userNickName"": ""F*2"", ""replyCityName"": """", ""cityName"": """"}, {""author"": ""v*3"", ""content"": ""\u7528\u6237\u672a\u70b9\u8bc4\uff0c\u7cfb\u7edf\u9ed8\u8ba4\u597d\u8bc4\u3002"", ""date"": ""2018-07-30"", ""score"": 5, ""commentId"": ""206971600"", ""imgs"": [], ""userNickName"": ""v*3"", ""replyCityName"": """", ""cityName"": """"}, {""author"": ""v*3"", ""content"": ""\u7528\u6237\u672a\u70b9\u8bc4\uff0c\u7cfb\u7edf\u9ed8\u8ba4\u597d\u8bc4\u3002"", ""date"": ""2018-07-30"", ""score"": 5, ""commentId"": ""206970796"", ""imgs"": [], ""userNickName"": ""v*3"", ""replyCityName"": """", ""cityName"": """"}, {""author"": ""i*7"", ""content"": ""\u7528\u6237\u672a\u70b9\u8bc4\uff0c\u7cfb\u7edf\u9ed8\u8ba4\u597d\u8bc4\u3002"", ""date"": ""2018-06-30"", ""score"": 5, ""commentId"": ""206673033"", ""imgs"": [], ""userNickName"": ""i*7"", ""replyCityName"": """", ""cityName"": """"}], ""score"": 4.6, ""commentCount"": 70}, ""statusCode"": 200}"
玉龙寨,https://imgs.qunarzz.com/sight/p0/1603/f2/f266d4dafbd8c84a90.water.jpg_280x200_e52b2d1a.jpg,肇庆市,德庆县,广东省肇庆市德庆县悦城镇罗洪村,2,5.0,一个岭南古村落，该县农村综合改革示范村,https://piao.qunar.com/ticket/detail_1942349552.html?st=a3clM0QlRTUlQkUlQjclRTUlQkElODYlRTUlOEUlQkYlMjZpZCUzRDE5NTgwNCUyNnR5cGUlM0QwJTI2aWR4JTNENSUyNnF0JTNEJTI2YXBrJTNEMiUyNnNjJTNEV1dXJTI2dXIlM0QlRTQlQjglQUQlRTUlQjElQjElMjZsciUzRCVFNCVCOCVBRCVFNSVCMSVCMSUyNmZ0JTNEJTdCJTdE#from=mpl_search_suggest,-1.0,N/A,作为德庆旅游第6个正式接待游客的玉龙寨景区，位于德庆县悦城镇罗洪村，是一个岭南古村落，也是该县确立的农村综合改革示范村。据介绍，景区主要由两大块组成：一是古村落、古民居、古祠堂和古老的历史文化；二是广东田野大草原。罗洪村还流行一种奇特的古方言“鸟语”，村民讲起话来，只有他们互相听得懂，外面来的人听他们讲话时，简直就像听“小鸟在唱歌”。此外，罗洪村里还有古康州（现在的德庆县）、玉龙履恕公祠、玉龙泉、追子井等。田野大草原是近万亩一望无际的辽阔田野，春天，绿油油的禾苗形成草浪翻滚；夏天，金黄色的稻穗变成金黄色的草海；秋天，银白色的稻花变幻成无际的白浪银滩；冬天，油菜花构成草与花的海洋。罗洪村整村群众都是姓莫的，因此，这里的莫氏大宗祠几百年来都是人们参拜状元的圣地。,01/01-12/31；8:00-17:30开园,https://imgs.qunarzz.com/sight/p0/1603/f2/f266d4dafbd8c84a90.water.jpg_710x360_1a3ce443.jpg〇https://imgs.qunarzz.com/sight/p0/201407/08/77616aee13065d312026db5140a0ef9b.jpg_710x360_7fb1aad0.jpg〇https://imgs.qunarzz.com/sight/p0/201407/08/74a1a770a56d7b5f6a637a25c7a3edc6.jpg_710x360_752bf8d8.jpg〇https://imgs.qunarzz.com/sight/p0/201407/08/2a3a0bcd6dd2e7fbebeffb814f695f9c.jpg_710x360_0cfa003e.jpg〇https://imgs.qunarzz.com/sight/p0/201407/08/f32d41f4297dc17be4d2b7dc9ece35fd.jpg_710x360_502aabc5.jpg〇https://imgs.qunarzz.com/sight/p0/201407/08/480a6a6fdb0f76cee13bd712c8861b42.jpg_710x360_71fcd7cb.jpg〇https://qimgs.qunarzz.com/piao_qsight_provider_piao_qsight_web/1ed8454da2554.jpg_710x360_d0406519.jpg〇https://qimgs.qunarzz.com/piao_qsight_provider_piao_qsight_web/7100f3a9b626ce.jpg_710x360_ddb1bcfc.jpg〇https://qimgs.qunarzz.com/piao_qsight_provider_piao_qsight_web/48c636c4e658e5.jpg_710x360_9feaf46a.jpg〇https://qimgs.qunarzz.com/piao_qsight_provider_piao_qsight_web/27c26b29f47201.jpg_710x360_076dc171.jpg〇https://qimgs.qunarzz.com/piao_qsight_provider_piao_qsight_web/108d6dcdbecb89.jpg_710x360_97ba42ca.jpg〇https://qimgs.qunarzz.com/piao_qsight_provider_piao_qsight_web/fcee9acd7e7820b0eb2502e60004aeec.jpg_710x360_c7322eff.jpg〇https://qimgs.qunarzz.com/piao_qsight_provider_piao_qsight_web/4202c91225e09737.jpg_710x360_91945f78.jpg,"{""ret"": true, ""data"": {""tagList"": [{""tagType"": 1, ""tagScore"": 5, ""tagNum"": 2, ""tagName"": ""\u597d\u8bc4""}, {""tagType"": 0, ""tagScore"": 5, ""tagNum"": 2, ""tagName"": ""\u5168\u90e8""}], ""commentList"": [{""author"": ""v*9"", ""content"": ""\u7528\u6237\u672a\u70b9\u8bc4\uff0c\u7cfb\u7edf\u9ed8\u8ba4\u597d\u8bc4\u3002"", ""date"": ""2019-03-13"", ""score"": 5, ""commentId"": ""209669971"", ""imgs"": [], ""userNickName"": ""v*9"", ""replyCityName"": """", ""cityName"": """"}, {""author"": ""L*6"", ""content"": ""\u7528\u6237\u672a\u70b9\u8bc4\uff0c\u7cfb\u7edf\u9ed8\u8ba4\u597d\u8bc4\u3002"", ""date"": ""2019-03-12"", ""score"": 5, ""commentId"": ""209647166"", ""imgs"": [], ""userNickName"": ""L*6"", ""replyCityName"": """", ""cityName"": """"}], ""score"": 5.0, ""commentCount"": 2}, ""statusCode"": 200}"
盘龙峡生态旅游区,https://qimgs.qunarzz.com/piao_qsight_provider_piao_qsight_web/10031f000001gry0bC1A1_C_900_504.jpg_280x200_15cb2eb8.jpg,肇庆市,德庆县,广东省肇庆市德庆县官圩镇463乡道,573,4.3,广东省摄影家协会拍摄基地,https://piao.qunar.com/ticket/detail_4288923879.html?st=a3clM0QlRTUlQkUlQjclRTUlQkElODYlRTUlOEUlQkYlMjZpZCUzRDEwMjI3JTI2dHlwZSUzRDAlMjZpZHglM0Q0JTI2cXQlM0QlMjZhcGslM0QyJTI2c2MlM0RXV1clMjZ1ciUzRCVFNCVCOCVBRCVFNSVCMSVCMSUyNmxyJTNEJUU0JUI4JUFEJUU1JUIxJUIxJTI2ZnQlM0QlN0IlN0Q%3D#from=mpl_search_suggest,-1.0,4A景区,盘龙峡生态旅游区位于广东省德庆县西北部，距县城约28公里，整个生态旅游区占地3万亩。这里是一个原始自然生态旅游区，景区内古木葱茏。国家二级保护植物黑桫椤遍布其间，是广东省摄影家协会拍摄基地。峡谷空气负离子含量达每立方米12.5亿个，是大型天然大氧库。盘龙峡生态旅游区以其得天独厚的山、水、森林等自然生态资源禀赋，成*开发了勇士漂流、瀑布观光、峡谷品氧、大型水车群、全国极具风情的山顶木屋度假村、熏衣草木屋王国酒店、盘龙天堂度假酒店、高空滑索、森林水世界等等生态休闲型旅游产品。,1/1-12/31；周一至周日；08:00-17:30开园,https://qimgs.qunarzz.com/piao_qsight_provider_piao_qsight_web/10031f000001gry0bC1A1_C_900_504.jpg_710x360_a0dfdeb1.jpg〇https://qimgs.qunarzz.com/piao_qsight_provider_piao_qsight_web/350g0x000000l3usd5D91_C_900_504_Q90_Mtg_7.jpg_710x360_2f29dbf4.jpg〇https://qimgs.qunarzz.com/piao_qsight_provider_piao_qsight_web/350d0x000000l1ompB0B3_C_900_504_Q90_Mtg_7.jpg_710x360_5f5ca681.jpg〇https://qimgs.qunarzz.com/piao_qsight_provider_piao_qsight_web/350u0x000000l34wlD75C_C_900_504_Q90_Mtg_7.jpg_710x360_ddb7f861.jpg〇https://qimgs.qunarzz.com/piao_qsight_provider_piao_qsight_web/350h0x000000l4qhk4B97_C_900_504_Q90_Mtg_7.jpg_710x360_07bcc1fb.jpg〇https://qimgs.qunarzz.com/piao_qsight_provider_piao_qsight_web/35090x000000l5kfxCE26_C_900_504_Q90_Mtg_7.jpg_710x360_082cab66.jpg〇https://qimgs.qunarzz.com/piao_qsight_provider_piao_qsight_web/350l0x000000l3bu67A6A_C_900_504_Q90_Mtg_7.jpg_710x360_f6696cf2.jpg〇https://qimgs.qunarzz.com/piao_qsight_provider_piao_qsight_web/350d0x000000l1om7D8D0_C_900_504_Q90_Mtg_7.jpg_710x360_8cc8212e.jpg〇https://qimgs.qunarzz.com/piao_qsight_provider_piao_qsight_web/350e0x000000l5ww469BF_C_900_504_Q90_Mtg_7.jpg_710x360_1ef758ae.jpg〇https://qimgs.qunarzz.com/piao_qsight_provider_piao_qsight_web/35050x000000l5o55F5A9_C_900_504_Q90_Mtg_7.jpg_710x360_1d680a5b.jpg〇https://qimgs.qunarzz.com/piao_qsight_provider_piao_qsight_web/10031f000001gry0bC1A1_C_900_504_Q90_Mtg_7.jpg_710x360_7a6fbcfb.jpg〇https://imgs.qunarzz.com/sight/p0/1511/96/962ff8e158b5943090.water.jpg_710x360_4d2e85b4.jpg〇https://imgs.qunarzz.com/sight/p0/1511/61/6109a97fd4705ba90.water.jpg_710x360_ff23ad83.jpg〇https://imgs.qunarzz.com/sight/p0/1511/12/12c9c55baaed0b4e90.water.jpg_710x360_35ccd100.jpg〇https://imgs.qunarzz.com/sight/p0/1511/e8/e8855cd6bb1f498390.water.jpg_710x360_f9a95166.jpg〇https://imgs.qunarzz.com/sight/p0/1511/59/59cec06f679eae1290.water.jpg_710x360_db0e4d1c.jpg〇https://imgs.qunarzz.com/sight/p0/1511/66/6675ec8f37ce378b90.water.jpg_710x360_81b197ab.jpg〇https://imgs.qunarzz.com/sight/p0/1507/5b/a42af3d0786a06b6ff2a15e2724ee901.water.jpg_710x360_03b7241f.jpg〇https://imgs.qunarzz.com/sight/p0/1501/f1/f1199f5a79e65f29.water.jpg_710x360_cf9e6eba.jpg〇https://imgs.qunarzz.com/sight/p0/1501/bd/bd86c5f69b81b52e.water.jpg_710x360_483df2b6.jpg〇https://imgs.qunarzz.com/sight/p0/201407/16/603746fd11a8810d64bfb3d1789a3ae7.jpg_710x360_4da0d96c.jpg〇https://imgs.qunarzz.com/sight/p0/201403/07/49ccf893b5f3c7280b1a368ad6e36d7e.jpg_710x360_7f40718c.jpg〇https://imgs.qunarzz.com/sight/p0/201403/07/5fd402f58c0e07bd6137d63d6bec46d5.jpg_710x360_180efc0d.jpg〇https://imgs.qunarzz.com/sight/p0/201403/07/45edd47f7fac63e4363f7f6041221903.jpg_710x360_2d29b7bf.jpg〇https://imgs.qunarzz.com/sight/p0/201403/07/079cf0a9c6b0f4a245ca638058536b64.jpg_710x360_ab5447fd.jpg〇https://qimgs.qunarzz.com/piao_qsight_provider_piao_qsight_web/f91fd19e984156.jpg_710x360_61a6aa04.jpg〇https://qimgs.qunarzz.com/piao_qsight_provider_piao_qsight_web/ea7052fd8744de48bac85f0384dd8009.jpg_710x360_1b5e3b34.jpg〇https://qimgs.qunarzz.com/piao_qsight_provider_piao_qsight_web/b77b41cecf6c189ac1f12f8d8000e166.jpg_710x360_6a5993e4.jpg〇https://qimgs.qunarzz.com/piao_qsight_provider_piao_qsight_web/5efb3dae20d7e637540ef244dfccfb97.jpg_710x360_66285786.jpg〇https://qimgs.qunarzz.com/piao_qsight_provider_piao_qsight_web/ee002a64a8f0c9bf25b3d2a7484def9d.jpg_710x360_6c276dfc.jpg〇https://qimgs.qunarzz.com/piao_qsight_provider_piao_qsight_web/5bc89c3f871973ebdfe1e59f649c447b.jpg_710x360_223dd083.jpg〇https://qimgs.qunarzz.com/piao_qsight_provider_piao_qsight_web/7296b5b309812ca4fcc1e4cf518162cb.jpg_710x360_29097cde.jpg〇https://qimgs.qunarzz.com/piao_qsight_provider_piao_qsight_web/c11333bbd7eb7c02.jpg_710x360_5fdac431.jpg〇https://qimgs.qunarzz.com/piao_qsight_provider_piao_qsight_web/2f0c1c6b7674ae02.jpg_710x360_2bdc02e7.jpg〇https://qimgs.qunarzz.com/piao_qsight_provider_piao_qsight_web/3aad609c70dd5002.jpg_710x360_ba3610a0.jpg〇https://qimgs.qunarzz.com/piao_qsight_provider_piao_qsight_web/69d9b12f7fdc8a02.jpg_710x360_16be5767.jpg〇https://qimgs.qunarzz.com/piao_qsight_provider_piao_qsight_web/55cf6cc8488cd902.jpg_710x360_01728bc3.jpg〇https://qimgs.qunarzz.com/piao_qsight_provider_piao_qsight_web/a333508e13e23402.jpg_710x360_96fad5ac.jpg〇https://qimgs.qunarzz.com/piao_qsight_provider_piao_qsight_web/733f70ef4c332e02.jpg_710x360_d2cc9f2e.jpg〇https://qimgs.qunarzz.com/piao_qsight_provider_piao_qsight_web/402f91f216892102.jpg_710x360_58c2ccb0.jpg〇https://qimgs.qunarzz.com/piao_qsight_provider_piao_qsight_web/c0e9b43e63513a02.jpg_710x360_3e67fa75.jpg〇https://qimgs.qunarzz.com/piao_qsight_provider_piao_qsight_web/456ead9e8a982e02.jpg_710x360_fa3d93ab.jpg〇https://qimgs.qunarzz.com/piao_qsight_provider_piao_qsight_web/5f9c28763e4dcc02.jpg_710x360_7189eb2e.jpg〇https://qimgs.qunarzz.com/piao_qsight_provider_piao_qsight_web/938d10b49762e502.jpg_710x360_bbe12d1a.jpg〇https://qimgs.qunarzz.com/piao_qsight_provider_piao_qsight_web/8df79593a365d802.jpg_710x360_13fad227.jpg,"{""ret"": true, ""data"": {""tagList"": [{""tagType"": 32, ""tagScore"": 5, ""tagNum"": 6, ""tagName"": ""\u670d\u52a1\u597d""}, {""tagType"": 16, ""tagScore"": 5, ""tagNum"": 9, ""tagName"": ""\u9760\u8c31""}, {""tagType"": 8, ""tagScore"": 5, ""tagNum"": 7, ""tagName"": ""\u4fbf\u5b9c""}, {""tagType"": 4, ""tagScore"": 5, ""tagNum"": 14, ""tagName"": ""\u53d6\u7968\u65b9\u4fbf""}, {""tagType"": 3, ""tagScore"": 5, ""tagNum"": 33, ""tagName"": ""\u5dee\u8bc4""}, {""tagType"": 2, ""tagScore"": 5, ""tagNum"": 48, ""tagName"": ""\u4e2d\u8bc4""}, {""tagType"": 1, ""tagScore"": 5, ""tagNum"": 468, ""tagName"": ""\u597d\u8bc4""}, {""tagType"": 0, ""tagScore"": 5, ""tagNum"": 573, ""tagName"": ""\u5168\u90e8""}], ""commentList"": [{""author"": ""\u963f*a"", ""content"": ""\u7528\u6237\u672a\u70b9\u8bc4\uff0c\u7cfb\u7edf\u9ed8\u8ba4\u597d\u8bc4\u3002"", ""date"": ""2023-08-31"", ""score"": 5, ""commentId"": ""227914310"", ""imgs"": [], ""userNickName"": ""\u963f*a"", ""replyCityName"": """", ""cityName"": """"}, {""author"": ""s*0"", ""content"": ""\u7528\u6237\u672a\u70b9\u8bc4\uff0c\u7cfb\u7edf\u9ed8\u8ba4\u597d\u8bc4\u3002"", ""date"": ""2023-08-29"", ""score"": 5, ""commentId"": ""227826083"", ""imgs"": [], ""userNickName"": ""s*0"", ""replyCityName"": """", ""cityName"": """"}, {""author"": ""s*0"", ""content"": ""\u7528\u6237\u672a\u70b9\u8bc4\uff0c\u7cfb\u7edf\u9ed8\u8ba4\u597d\u8bc4\u3002"", ""date"": ""2023-08-29"", ""score"": 5, ""commentId"": ""227824158"", ""imgs"": [], ""userNickName"": ""s*0"", ""replyCityName"": """", ""cityName"": """"}, {""author"": ""x*6"", ""content"": ""\u7528\u6237\u672a\u70b9\u8bc4\uff0c\u7cfb\u7edf\u9ed8\u8ba4\u597d\u8bc4\u3002"", ""date"": ""2023-08-13"", ""score"": 5, ""commentId"": ""227277701"", ""imgs"": [], ""userNickName"": ""x*6"", ""replyCityName"": """", ""cityName"": """"}, {""author"": ""x*6"", ""content"": ""\u7528\u6237\u672a\u70b9\u8bc4\uff0c\u7cfb\u7edf\u9ed8\u8ba4\u597d\u8bc4\u3002"", ""date"": ""2023-08-13"", ""score"": 5, ""commentId"": ""227267340"", ""imgs"": [], ""userNickName"": ""x*6"", ""replyCityName"": """", ""cityName"": """"}, {""author"": ""s*2"", ""content"": ""\u7528\u6237\u672a\u70b9\u8bc4\uff0c\u7cfb\u7edf\u9ed8\u8ba4\u597d\u8bc4\u3002"", ""date"": ""2023-08-08"", ""score"": 5, ""commentId"": ""227130238"", ""imgs"": [], ""userNickName"": ""s*2"", ""replyCityName"": """", ""cityName"": """"}, {""author"": ""s*2"", ""content"": ""\u7528\u6237\u672a\u70b9\u8bc4\uff0c\u7cfb\u7edf\u9ed8\u8ba4\u597d\u8bc4\u3002"", ""date"": ""2023-08-08"", ""score"": 5, ""commentId"": ""227130152"", ""imgs"": [], ""userNickName"": ""s*2"", ""replyCityName"": """", ""cityName"": """"}, {""author"": ""w*6"", ""content"": ""\u7528\u6237\u672a\u70b9\u8bc4\uff0c\u7cfb\u7edf\u9ed8\u8ba4\u597d\u8bc4\u3002"", ""date"": ""2023-08-01"", ""score"": 5, ""commentId"": ""226950193"", ""imgs"": [], ""userNickName"": ""w*6"", ""replyCityName"": """", ""cityName"": """"}, {""author"": ""\u53bb*\u6237"", ""content"": ""\u7528\u6237\u672a\u70b9\u8bc4\uff0c\u7cfb\u7edf\u9ed8\u8ba4\u597d\u8bc4\u3002"", ""date"": ""2023-07-25"", ""score"": 5, ""commentId"": ""226816062"", ""imgs"": [], ""userNickName"": ""\u53bb*\u6237"", ""replyCityName"": """", ""cityName"": """"}, {""author"": ""\u53bb*\u6237"", ""content"": ""\u7528\u6237\u672a\u70b9\u8bc4\uff0c\u7cfb\u7edf\u9ed8\u8ba4\u597d\u8bc4\u3002"", ""date"": ""2023-07-25"", ""score"": 5, ""commentId"": ""226815907"", ""imgs"": [], ""userNickName"": ""\u53bb*\u6237"", ""replyCityName"": """", ""cityName"": """"}], ""score"": 4.3, ""commentCount"": 573}, ""statusCode"": 200}"
德庆学宫,https://qimgs.qunarzz.com/piao_qsight_provider_piao_qsight_web/0105o120008e0hlz5E62A_C_900_504.jpg_280x200_7c8440f4.jpg,肇庆市,德庆县,广东肇庆市德庆县德城镇朝阳西路50-1号,111,4.6,我国元代木构建筑的瑰宝,https://piao.qunar.com/ticket/detail_3595044140.html?st=a3clM0QlRTUlQkUlQjclRTUlQkElODYlRTUlOEUlQkYlMjZpZCUzRDM4OTQ2JTI2dHlwZSUzRDAlMjZpZHglM0QyJTI2cXQlM0QlMjZhcGslM0QyJTI2c2MlM0RXV1clMjZ1ciUzRCVFNCVCOCVBRCVFNSVCMSVCMSUyNmxyJTNEJUU0JUI4JUFEJUU1JUIxJUIxJTI2ZnQlM0QlN0IlN0Q%3D#from=mpl_search_suggest,30.0,4A景区,德庆学宫属全国重点文物保护单位，位于广东 肇庆市德城镇朝阳路，始建于宋祥符四年（1011年），元大德元年（1297年）重建，这座庄严的古建筑群由大成殿、崇圣殿、尊经阁、乡贤祠、杏坛等建筑组成，占地面积八千多平方米，是我国元代木构建筑的瑰宝。德庆学宫学宫者，顾名思义，乃学子上课之地也。在中国，未有现代之小学、中学、大学之前，学宫成了当地培育人才之重要场所。学宫，又称作孔庙，盖中国历史上曾“独尊儒术”，而儒家之创始人乃孔子。孔庙，无论规模大小，庙内都设有大成殿。殿内用以安放孔子塑像。,1/1-12/31；周一至周日；08:00-17:30开园,https://qimgs.qunarzz.com/piao_qsight_provider_piao_qsight_web/0105o120008e0hlz5E62A_C_900_504.jpg_710x360_1a6f7db0.jpg〇https://qimgs.qunarzz.com/piao_qsight_provider_piao_qsight_web/0102s120008e2i0cg4291_C_900_504_Q90_Mtg_7.jpg_710x360_6060d574.jpg〇https://qimgs.qunarzz.com/piao_qsight_provider_piao_qsight_web/0102j120008e0hocu0C08_C_900_504_Q90_Mtg_7.jpg_710x360_10423c01.jpg〇https://qimgs.qunarzz.com/piao_qsight_provider_piao_qsight_web/0106n120008e0hqngE40F_C_900_504_Q90_Mtg_7.jpg_710x360_5bf01e03.jpg〇https://qimgs.qunarzz.com/piao_qsight_provider_piao_qsight_web/01043120008g2nv4pEB30_C_900_504_Q90_Mtg_7.jpg_710x360_f01da531.jpg〇https://qimgs.qunarzz.com/piao_qsight_provider_piao_qsight_web/0105o120008e0hlz5E62A_C_900_504_Q90_Mtg_7.jpg_710x360_ee62337f.jpg〇https://imgs.qunarzz.com/sight/p0/201402/10/5f1d973b5997e98041be1fefd339b953.jpg_710x360_bb0cffba.jpg〇https://imgs.qunarzz.com/sight/p0/201402/10/648023a5a4bb1b4abcebe022cd3113ab.jpg_710x360_78b281d4.jpg〇https://imgs.qunarzz.com/sight/p0/201402/10/06c2a1a955e068542aafc545e89e0bb7.jpg_710x360_431d15ed.jpg〇https://imgs.qunarzz.com/sight/p0/201402/10/7322be627991736a6f6264fad61e3637.jpg_710x360_593afa60.jpg〇https://imgs.qunarzz.com/sight/p0/201402/10/d518649da94676c0b020664f9d01791e.jpg_710x360_d0bb3036.jpg〇https://imgs.qunarzz.com/sight/p0/201402/10/d0d9b3cebe0f0cf4f94c0027386e002c.jpg_710x360_9226a53b.jpg,"{""ret"": true, ""data"": {""tagList"": [{""tagType"": 4, ""tagScore"": 5, ""tagNum"": 1, ""tagName"": ""\u53d6\u7968\u65b9\u4fbf""}, {""tagType"": 3, ""tagScore"": 5, ""tagNum"": 1, ""tagName"": ""\u5dee\u8bc4""}, {""tagType"": 2, ""tagScore"": 5, ""tagNum"": 2, ""tagName"": ""\u4e2d\u8bc4""}, {""tagType"": 1, ""tagScore"": 5, ""tagNum"": 104, ""tagName"": ""\u597d\u8bc4""}, {""tagType"": 0, ""tagScore"": 5, ""tagNum"": 111, ""tagName"": ""\u5168\u90e8""}], ""commentList"": [{""author"": ""\u6768*\u8c6a"", ""content"": ""\u7528\u6237\u672a\u70b9\u8bc4\uff0c\u7cfb\u7edf\u9ed8\u8ba4\u597d\u8bc4\u3002"", ""date"": ""2024-12-25"", ""score"": 5, ""commentId"": ""239365727"", ""imgs"": [], ""userNickName"": ""\u6768*\u8c6a"", ""replyCityName"": """", ""cityName"": """"}, {""author"": ""\u53bb*\u6237"", ""content"": ""\u7528\u6237\u672a\u70b9\u8bc4\uff0c\u7cfb\u7edf\u9ed8\u8ba4\u597d\u8bc4\u3002"", ""date"": ""2024-12-24"", ""score"": 5, ""commentId"": ""239344136"", ""imgs"": [], ""userNickName"": ""\u53bb*\u6237"", ""replyCityName"": """", ""cityName"": """"}, {""author"": ""\u53bb*\u6237"", ""content"": ""\u7528\u6237\u672a\u70b9\u8bc4\uff0c\u7cfb\u7edf\u9ed8\u8ba4\u597d\u8bc4\u3002"", ""date"": ""2024-11-20"", ""score"": 5, ""commentId"": ""238857322"", ""imgs"": [], ""userNickName"": ""\u53bb*\u6237"", ""replyCityName"": """", ""cityName"": """"}, {""author"": ""\u6ce2*\u6d77"", ""content"": ""\u7528\u6237\u672a\u70b9\u8bc4\uff0c\u7cfb\u7edf\u9ed8\u8ba4\u597d\u8bc4\u3002"", ""date"": ""2024-11-02"", ""score"": 5, ""commentId"": ""238088170"", ""imgs"": [], ""userNickName"": ""\u6ce2*\u6d77"", ""replyCityName"": """", ""cityName"": """"}, {""author"": ""\u53bb*\u6237"", ""content"": ""\u7528\u6237\u672a\u70b9\u8bc4\uff0c\u7cfb\u7edf\u9ed8\u8ba4\u597d\u8bc4\u3002"", ""date"": ""2024-11-01"", ""score"": 5, ""commentId"": ""237936586"", ""imgs"": [], ""userNickName"": ""\u53bb*\u6237"", ""replyCityName"": """", ""cityName"": """"}, {""author"": ""u*2"", ""content"": ""\u7528\u6237\u672a\u70b9\u8bc4\uff0c\u7cfb\u7edf\u9ed8\u8ba4\u597d\u8bc4\u3002"", ""date"": ""2024-10-22"", ""score"": 5, ""commentId"": ""237787741"", ""imgs"": [], ""userNickName"": ""u*2"", ""replyCityName"": """", ""cityName"": """"}, {""author"": ""\u53bb*\u6237"", ""content"": ""\u7528\u6237\u672a\u70b9\u8bc4\uff0c\u7cfb\u7edf\u9ed8\u8ba4\u597d\u8bc4\u3002"", ""date"": ""2024-10-15"", ""score"": 5, ""commentId"": ""237631318"", ""imgs"": [], ""userNickName"": ""\u53bb*\u6237"", ""replyCityName"": """", ""cityName"": """"}, {""author"": ""\u53bb*\u6237"", ""content"": ""\u7528\u6237\u672a\u70b9\u8bc4\uff0c\u7cfb\u7edf\u9ed8\u8ba4\u597d\u8bc4\u3002"", ""date"": ""2024-10-15"", ""score"": 5, ""commentId"": ""237630368"", ""imgs"": [], ""userNickName"": ""\u53bb*\u6237"", ""replyCityName"": """", ""cityName"": """"}, {""author"": ""\u5c3c*\u5fc3"", ""content"": ""\u7528\u6237\u672a\u70b9\u8bc4\uff0c\u7cfb\u7edf\u9ed8\u8ba4\u597d\u8bc4\u3002"", ""date"": ""2024-09-16"", ""score"": 5, ""commentId"": ""236840173"", ""imgs"": [], ""userNickName"": ""\u5c3c*\u5fc3"", ""replyCityName"": """", ""cityName"": """"}, {""author"": ""x*5"", ""content"": ""\u7528\u6237\u672a\u70b9\u8bc4\uff0c\u7cfb\u7edf\u9ed8\u8ba4\u597d\u8bc4\u3002"", ""date"": ""2024-09-04"", ""score"": 5, ""commentId"": ""236243020"", ""imgs"": [], ""userNickName"": ""x*5"", ""replyCityName"": """", ""cityName"": """"}], ""score"": 4.6, ""commentCount"": 111}, ""statusCode"": 200}"
悦城龙母祖庙(龙母庙),https://qimgs.qunarzz.com/piao_qsight_provider_piao_qsight_web/0105y12000f6sen24004F_C_900_504.jpg_280x200_23f69a51.jpg,肇庆市,德庆县,广东省肇庆市德庆县321国道旁悦城镇人民政府对面,2541,4.9,岭南古建筑，历史文化深厚,https://piao.qunar.com/ticket/detail_4182074438.html?st=a3clM0QlRTUlQkUlQjclRTUlQkElODYlRTUlOEUlQkYlMjZpZCUzRDQzNTIlMjZ0eXBlJTNEMCUyNmlkeCUzRDElMjZxdCUzRCUyNmFwayUzRDIlMjZzYyUzRFdXVyUyNnVyJTNEJUU0JUI4JUFEJUU1JUIxJUIxJTI2bHIlM0QlRTQlQjglQUQlRTUlQjElQjElMjZmdCUzRCU3QiU3RA%3D%3D#from=mpl_search_suggest,50.0,4A景区,龙母庙座落在德庆县悦城镇水口，距市区51公里。龙母姓温，秦时人。自少能预知祸福，且乐善好助，人称神女。传说一天，温氏在西江边洗衣时偶拾到一大卵，孵出五只小动物，能为温氏捕鱼。长大后五物竟变成头角峥嵘、身皆鳞甲的五条真龙。温氏让他们施云播雨，保境安民。人们便称温氏为龙母。后来龙母仙逝，五龙悲痛欲绝，化作五秀才，将龙母葬于北岸的珠山下。后人感于五龙的孝心，就此建庙，名曰“孝通庙”。今为龙母庙，系重建于清光绪三十一年。为砖、木、石结构，建有石级码头、石牌坊、山门、香亭、正殿、两庑、妆楼、行宫、庙侧有龙母坟、碑亭、观音，其建筑系按低水区特点设计：柱基特高，墙四周砌以水磨青砖，盖以琉璃瓦，殿内外地面，全以花岗岩石板铺设，每逢水淹过后，别处淤泥淹膝，庙内稍作清扫地面便干净如故。此乃龙母祖庙建筑之中的神奇。龙母庙，这座古建筑，系集两广能工巧匠，运作七年才完成。它与广州陈家祠、佛山祖庙合称为岭南建筑三瑰宝。每年的农历五月初八“龙母诞”吸引着成千上万的海内外游客上香朝拜，烟火经年不衰。,1/1-12/31；周一至周日；08:30-17:30开园,https://qimgs.qunarzz.com/piao_qsight_provider_piao_qsight_web/0105y12000f6sen24004F_C_900_504.jpg_710x360_7c45a302.jpg〇https://qimgs.qunarzz.com/piao_qsight_provider_piao_qsight_web/0105y12000f6sen24004F_C_900_504_Q90_Mtg_7.jpg_710x360_2698755b.jpg〇https://qimgs.qunarzz.com/piao_qsight_provider_piao_qsight_web/0105y120008jbveq31A39_C_900_504_Q90_Mtg_7.jpg_710x360_290c2b86.jpg〇https://qimgs.qunarzz.com/piao_qsight_provider_piao_qsight_web/01019120008jbv8h6B2F7_C_900_504_Q90_Mtg_7.jpg_710x360_bd7a945c.jpg〇https://imgs.qunarzz.com/sight/p0/201307/22/03a6507aa3ed6469c8d65eac.jpg_710x360_d1099475.jpg〇https://imgs.qunarzz.com/sight/p0/201307/22/87941521640cae70c8d65eac.jpg_710x360_53cf09f6.jpg〇https://imgs.qunarzz.com/sight/p0/201307/22/98c9e2642e3406f5c8d65eac.jpg_710x360_97e87bfd.jpg〇https://qimgs.qunarzz.com/piao_qsight_provider_piao_qsight_web/124eb16c-3aa5-4b8c-bd36-19c183473be3.jpg_710x360_543a79db.jpg〇https://qimgs.qunarzz.com/piao_qsight_provider_piao_qsight_web/1563132367164100o16000000zoau4A929_D_640_10000.jpg_710x360_88b7fbdf.jpg〇https://qimgs.qunarzz.com/piao_qsight_provider_piao_qsight_web/1563132366773100m16000000zyueb07D8_D_640_10000.jpg_710x360_eadea14d.jpg〇https://qimgs.qunarzz.com/piao_qsight_provider_piao_qsight_web/1562788620511100916000000z753l0AB4_D_640_10000.jpg_710x360_718189fd.jpg〇https://qimgs.qunarzz.com/piao_qsight_provider_piao_qsight_web/1559762221441100u15000000x8trlD581_D_640_10000.jpg_710x360_09953191.jpg〇https://qimgs.qunarzz.com/piao_qsight_provider_piao_qsight_web/1559762220871100t15000000xa6af9512_D_640_10000.jpg_710x360_13b07e21.jpg〇https://qimgs.qunarzz.com/piao_qsight_provider_piao_qsight_web/1559762220743100415000000x93x5726C_D_640_10000.jpg_710x360_3d3be576.jpg〇https://qimgs.qunarzz.com/piao_qsight_provider_piao_qsight_web/1559762221141100p15000000x7zj39726_D_640_10000.jpg_710x360_e63c894d.jpg〇https://qimgs.qunarzz.com/piao_qsight_provider_piao_qsight_web/1559762220460100p15000000x99bj0FD0_D_640_10000.jpg_710x360_d4f53e29.jpg〇https://qimgs.qunarzz.com/piao_qsight_provider_piao_qsight_web/15574820001301557405440532100514000000vzapr8C8AD64010000jpgprocautoorient.jpg_710x360_8c573e13.jpg〇https://qimgs.qunarzz.com/piao_qsight_provider_piao_qsight_web/15574820000231557405440167100u14000000vwrhaE472D64010000jpgprocautoorient.jpg_710x360_bc6a4a95.jpg〇https://qimgs.qunarzz.com/piao_qsight_provider_piao_qsight_web/15574819997021557405440032100h14000000vyd2oFC3FD64010000jpgprocautoorient.jpg_710x360_f76a2b66.jpg〇https://qimgs.qunarzz.com/piao_qsight_provider_piao_qsight_web/e8d31cd44dc10002.jpg_710x360_48bb2422.jpg〇https://qimgs.qunarzz.com/piao_qsight_provider_piao_qsight_web/124ce12c739ba602.jpg_710x360_6810ae20.jpg〇https://qimgs.qunarzz.com/piao_qsight_provider_piao_qsight_web/f8f04e63309f5d02.jpg_710x360_2649a923.jpg〇https://qimgs.qunarzz.com/piao_qsight_provider_piao_qsight_web/1550436972172100k11000000r1tdb13DD_D_640_10000.jpg_710x360_970fb1b1.jpg〇https://qimgs.qunarzz.com/piao_qsight_provider_piao_qsight_web/1550436971881100p11000000qwrmi1B3A_D_640_10000.jpg_710x360_8b3907b2.jpg〇https://qimgs.qunarzz.com/piao_qsight_provider_piao_qsight_web/1550436971633100711000000rebgpC577_D_640_10000.jpg_710x360_3c9d5e52.jpg〇https://qimgs.qunarzz.com/piao_qsight_provider_piao_qsight_web/1550262094425100f11000000qvrsu4130_D_640_10000.jpg_710x360_4203761d.jpg〇https://qimgs.qunarzz.com/piao_qsight_provider_piao_qsight_web/bb4ef71eacc8d502.jpg_710x360_36a9bb8c.jpg,"{""ret"": true, ""data"": {""tagList"": [{""tagType"": 32, ""tagScore"": 5, ""tagNum"": 75, ""tagName"": ""\u670d\u52a1\u597d""}, {""tagType"": 16, ""tagScore"": 5, ""tagNum"": 85, ""tagName"": ""\u9760\u8c31""}, {""tagType"": 8, ""tagScore"": 5, ""tagNum"": 83, ""tagName"": ""\u4fbf\u5b9c""}, {""tagType"": 4, ""tagScore"": 5, ""tagNum"": 123, ""tagName"": ""\u53d6\u7968\u65b9\u4fbf""}, {""tagType"": 3, ""tagScore"": 5, ""tagNum"": 9, ""tagName"": ""\u5dee\u8bc4""}, {""tagType"": 2, ""tagScore"": 5, ""tagNum"": 29, ""tagName"": ""\u4e2d\u8bc4""}, {""tagType"": 1, ""tagScore"": 5, ""tagNum"": 2503, ""tagName"": ""\u597d\u8bc4""}, {""tagType"": 0, ""tagScore"": 5, ""tagNum"": 2541, ""tagName"": ""\u5168\u90e8""}], ""commentList"": [{""author"": ""w*p"", ""content"": ""\u7528\u6237\u672a\u70b9\u8bc4\uff0c\u7cfb\u7edf\u9ed8\u8ba4\u597d\u8bc4\u3002"", ""date"": ""2024-12-26"", ""score"": 5, ""commentId"": ""239378436"", ""imgs"": [], ""userNickName"": ""w*p"", ""replyCityName"": """", ""cityName"": """"}, {""author"": ""c*7"", ""content"": ""\u7528\u6237\u672a\u70b9\u8bc4\uff0c\u7cfb\u7edf\u9ed8\u8ba4\u597d\u8bc4\u3002"", ""date"": ""2024-12-20"", ""score"": 5, ""commentId"": ""239299824"", ""imgs"": [], ""userNickName"": ""c*7"", ""replyCityName"": """", ""cityName"": """"}, {""author"": ""\u53bb*\u6237"", ""content"": ""\u7528\u6237\u672a\u70b9\u8bc4\uff0c\u7cfb\u7edf\u9ed8\u8ba4\u597d\u8bc4\u3002"", ""date"": ""2024-11-05"", ""score"": 5, ""commentId"": ""238504647"", ""imgs"": [], ""userNickName"": ""\u53bb*\u6237"", ""replyCityName"": """", ""cityName"": """"}, {""author"": ""\u53bb*\u6237"", ""content"": ""\u7528\u6237\u672a\u70b9\u8bc4\uff0c\u7cfb\u7edf\u9ed8\u8ba4\u597d\u8bc4\u3002"", ""date"": ""2024-11-04"", ""score"": 5, ""commentId"": ""238453175"", ""imgs"": [], ""userNickName"": ""\u53bb*\u6237"", ""replyCityName"": """", ""cityName"": """"}, {""author"": ""\u53bb*\u6237"", ""content"": ""\u7528\u6237\u672a\u70b9\u8bc4\uff0c\u7cfb\u7edf\u9ed8\u8ba4\u597d\u8bc4\u3002"", ""date"": ""2024-11-04"", ""score"": 5, ""commentId"": ""238452896"", ""imgs"": [], ""userNickName"": ""\u53bb*\u6237"", ""replyCityName"": """", ""cityName"": """"}, {""author"": ""b*9"", ""content"": ""\u7528\u6237\u672a\u70b9\u8bc4\uff0c\u7cfb\u7edf\u9ed8\u8ba4\u597d\u8bc4\u3002"", ""date"": ""2024-11-04"", ""score"": 5, ""commentId"": ""238431721"", ""imgs"": [], ""userNickName"": ""b*9"", ""replyCityName"": """", ""cityName"": """"}, {""author"": ""\u9662*2"", ""content"": ""\u7528\u6237\u672a\u70b9\u8bc4\uff0c\u7cfb\u7edf\u9ed8\u8ba4\u597d\u8bc4\u3002"", ""date"": ""2024-11-04"", ""score"": 5, ""commentId"": ""238395692"", ""imgs"": [], ""userNickName"": ""\u9662*2"", ""replyCityName"": """", ""cityName"": """"}, {""author"": ""q*\u6237"", ""content"": ""\u7528\u6237\u672a\u70b9\u8bc4\uff0c\u7cfb\u7edf\u9ed8\u8ba4\u597d\u8bc4\u3002"", ""date"": ""2024-11-04"", ""score"": 5, ""commentId"": ""238394930"", ""imgs"": [], ""userNickName"": ""q*\u6237"", ""replyCityName"": """", ""cityName"": """"}, {""author"": ""d*0"", ""content"": ""\u7528\u6237\u672a\u70b9\u8bc4\uff0c\u7cfb\u7edf\u9ed8\u8ba4\u597d\u8bc4\u3002"", ""date"": ""2024-11-04"", ""score"": 5, ""commentId"": ""238393178"", ""imgs"": [], ""userNickName"": ""d*0"", ""replyCityName"": """", ""cityName"": """"}, {""author"": ""\u53bb*\u6237"", ""content"": ""\u7528\u6237\u672a\u70b9\u8bc4\uff0c\u7cfb\u7edf\u9ed8\u8ba4\u597d\u8bc4\u3002"", ""date"": ""2024-11-04"", ""score"": 5, ""commentId"": ""238357325"", ""imgs"": [], ""userNickName"": ""\u53bb*\u6237"", ""replyCityName"": """", ""cityName"": """"}], ""score"": 4.9, ""commentCount"": 2541}, ""statusCode"": 200}"
燕峰峡漂流,https://imgs.qunarzz.com/sight/p0/201306/05/e33b783fe07f95f8c8d65eac.jpg_280x200_8be5b5e2.jpg,肇庆市,怀集县,广东省肇庆市怀集县凤岗镇水坑,1,5.0,广东怀集燕峰峡地处肇庆市粤西山区，坐落在凤岗镇高山环绕之中的热水坑，景区内有丰富的旅游资源。现开发的漂流河道长3．8公里,https://piao.qunar.com/ticket/detail_2435494432.html?st=a3clM0QlRTYlODAlODAlRTklOUIlODYlRTUlOEUlQkYlMjZpZCUzRDE5MTQwMiUyNnR5cGUlM0QwJTI2aWR4JTNENiUyNnF0JTNEJTI2YXBrJTNEMiUyNnNjJTNEV1dXJTI2dXIlM0QlRTQlQjglQUQlRTUlQjElQjElMjZsciUzRCVFNCVCOCVBRCVFNSVCMSVCMSUyNmZ0JTNEJTdCJTdE#from=mpl_search_suggest,-1.0,N/A,广东怀集燕峰峡地处肇庆市粤西山区，坐落在凤岗镇高山环绕之中的热水坑，景区内有丰富的旅游资源。现开发的漂流河道长3．8公里，全程落差72米，需时约1个小时。乘坐橡皮船从起点码头滑道 起漂，跌宕起伏顺流直下，可见处处山圃着水转，水绕着山行，水边是山，山边是水。漂流此间，时而平缓如镜、时而湍急蒲漾、时而绿树成荫、时而野花丛丛、时而蜂碟相戏、时而悬崖峭壁。时而绕 险滩，时而躲暗礁，时而搏激流。热水坑河水清澈见底。急缓有续，漂流活动融合了惊险、刺激、浪漫与奇趣，使人与大自然融为一体，陶醉在大自然的怀抱之中，乐而忘返；让人在漂流活动中战胜险 恶，享受喜悦，为久居都市的人们创造出自由奔放的欢乐情趣，激荡出人们对大自然的无限向往。,暂无,https://imgs.qunarzz.com/sight/p0/201306/05/e33b783fe07f95f8c8d65eac.jpg_710x360_c02246b7.jpg,"{""ret"": true, ""data"": {""tagList"": [{""tagType"": 1, ""tagScore"": 5, ""tagNum"": 1, ""tagName"": ""\u597d\u8bc4""}, {""tagType"": 0, ""tagScore"": 5, ""tagNum"": 1, ""tagName"": ""\u5168\u90e8""}], ""commentList"": [{""author"": ""i*5"", ""content"": ""\u73b0\u5728\u5df2\u7ecf\u6ca1\u6709\u4e86\u5427\uff0c\u65e9\u6ca1\u4e86\u5427"", ""date"": ""2022-10-16"", ""score"": 5, ""commentId"": ""223554784"", ""imgs"": [], ""userNickName"": ""i*5"", ""replyCityName"": """", ""cityName"": ""\u5e7f\u4e1c""}], ""score"": 5.0, ""commentCount"": 1}, ""statusCode"": 200}"
怀集玫瑰园,https://qimgs.qunarzz.com/piao_qsight_provider_piao_qsight_web/0103m120009kjril6F117_C_900_504.jpg_280x200_ed542726.jpg,肇庆市,怀集县,广东省肇庆市怀集县幸福街道前途村,105,5.0,玫瑰田园，多彩故乡,https://piao.qunar.com/ticket/detail_1342832037.html?st=a3clM0QlRTYlODAlODAlRTklOUIlODYlRTUlOEUlQkYlMjZpZCUzRDUwOTk5MyUyNnR5cGUlM0QwJTI2aWR4JTNENSUyNnF0JTNEJTI2YXBrJTNEMiUyNnNjJTNEV1dXJTI2dXIlM0QlRTQlQjglQUQlRTUlQjElQjElMjZsciUzRCVFNCVCOCVBRCVFNSVCMSVCMSUyNmZ0JTNEJTdCJTdE#from=mpl_search_suggest,-1.0,N/A,华辰玫瑰园占地面积约3090亩，位于粤港澳大湾区北部、肇庆市怀集县城郊，交通便利，是集特色农业种植，乡村旅游、休闲观光、康养度假，文化创意体验及产品深加工于一体的三产融合绿色低碳环保项目。园区内既有玫瑰花园、向日葵园、薫衣草花海、百香果园、瓜果山等丰富多样的农业种植观赏体验，也有热气球升空、天空之境系列、星空露营基地、游船浆板、欢乐嘉年华、动物表演等让人心动心跳的游乐体验项目，更有越野车场地可以体验令人激情澎湃、豪情万丈的越野赛事。欢迎到来华辰玫瑰园，共赴浪漫华丽的“玫瑰之约”！,1/1-12/31；周一至周日；09:00-18:00开园；（17:00停止入园）,https://qimgs.qunarzz.com/piao_qsight_provider_piao_qsight_web/0103m120009kjril6F117_C_900_504.jpg_710x360_ab120d4c.jpg〇https://qimgs.qunarzz.com/piao_qsight_provider_piao_qsight_web/0103m120009kjril6F117_C_900_504_Q90_Mtg_7.jpg_710x360_12a33bc5.jpg〇https://imgs.qunarzz.com/sight/p0/2310/c5/c5c19013ceefcfa8a3.img.jpg_710x360_3ec77dda.jpg〇https://imgs.qunarzz.com/sight/p0/2310/31/314ab73495e263e2a3.img.jpg_710x360_7a96c537.jpg〇https://imgs.qunarzz.com/sight/p0/2310/fb/fbde51f5ebac937aa3.img.jpg_710x360_94c3338d.jpg〇https://imgs.qunarzz.com/sight/p0/2310/6a/6a8b143b541978eaa3.img.jpg_710x360_44e504d2.jpg〇https://imgs.qunarzz.com/sight/p0/2310/f1/f1616be680b91d62a3.img.jpg_710x360_75cb0072.jpg,"{""ret"": true, ""data"": {""tagList"": [{""tagType"": 1, ""tagScore"": 5, ""tagNum"": 105, ""tagName"": ""\u597d\u8bc4""}, {""tagType"": 0, ""tagScore"": 5, ""tagNum"": 105, ""tagName"": ""\u5168\u90e8""}], ""commentList"": [{""author"": ""d*5"", ""content"": ""\u7528\u6237\u672a\u70b9\u8bc4\uff0c\u7cfb\u7edf\u9ed8\u8ba4\u597d\u8bc4\u3002"", ""date"": ""2024-07-09"", ""score"": 5, ""commentId"": ""234694740"", ""imgs"": [], ""userNickName"": ""d*5"", ""replyCityName"": """", ""cityName"": """"}, {""author"": ""\u53bb*\u6237"", ""content"": ""\u7528\u6237\u672a\u70b9\u8bc4\uff0c\u7cfb\u7edf\u9ed8\u8ba4\u597d\u8bc4\u3002"", ""date"": ""2024-07-03"", ""score"": 5, ""commentId"": ""234597285"", ""imgs"": [], ""userNickName"": ""\u53bb*\u6237"", ""replyCityName"": """", ""cityName"": """"}, {""author"": ""\u6708*\u68a6"", ""content"": ""\u7528\u6237\u672a\u70b9\u8bc4\uff0c\u7cfb\u7edf\u9ed8\u8ba4\u597d\u8bc4\u3002"", ""date"": ""2024-07-03"", ""score"": 5, ""commentId"": ""234596698"", ""imgs"": [], ""userNickName"": ""\u6708*\u68a6"", ""replyCityName"": """", ""cityName"": """"}, {""author"": ""\u53bb*\u6237"", ""content"": ""\u7528\u6237\u672a\u70b9\u8bc4\uff0c\u7cfb\u7edf\u9ed8\u8ba4\u597d\u8bc4\u3002"", ""date"": ""2024-07-03"", ""score"": 5, ""commentId"": ""234596393"", ""imgs"": [], ""userNickName"": ""\u53bb*\u6237"", ""replyCityName"": """", ""cityName"": """"}, {""author"": ""\u9648*\u918b"", ""content"": ""\u7528\u6237\u672a\u70b9\u8bc4\uff0c\u7cfb\u7edf\u9ed8\u8ba4\u597d\u8bc4\u3002"", ""date"": ""2024-05-05"", ""score"": 5, ""commentId"": ""233300595"", ""imgs"": [], ""userNickName"": ""\u9648*\u918b"", ""replyCityName"": """", ""cityName"": """"}, {""author"": ""k*2"", ""content"": ""\u7528\u6237\u672a\u70b9\u8bc4\uff0c\u7cfb\u7edf\u9ed8\u8ba4\u597d\u8bc4\u3002"", ""date"": ""2024-04-12"", ""score"": 5, ""commentId"": ""232879027"", ""imgs"": [], ""userNickName"": ""k*2"", ""replyCityName"": """", ""cityName"": """"}, {""author"": ""r*5"", ""content"": ""\u7528\u6237\u672a\u70b9\u8bc4\uff0c\u7cfb\u7edf\u9ed8\u8ba4\u597d\u8bc4\u3002"", ""date"": ""2024-03-26"", ""score"": 5, ""commentId"": ""232672030"", ""imgs"": [], ""userNickName"": ""r*5"", ""replyCityName"": """", ""cityName"": """"}, {""author"": ""L*0"", ""content"": ""\u7528\u6237\u672a\u70b9\u8bc4\uff0c\u7cfb\u7edf\u9ed8\u8ba4\u597d\u8bc4\u3002"", ""date"": ""2024-03-17"", ""score"": 5, ""commentId"": ""232393877"", ""imgs"": [], ""userNickName"": ""L*0"", ""replyCityName"": """", ""cityName"": """"}, {""author"": ""\u6b27*\u5df4"", ""content"": ""\u7528\u6237\u672a\u70b9\u8bc4\uff0c\u7cfb\u7edf\u9ed8\u8ba4\u597d\u8bc4\u3002"", ""date"": ""2024-03-16"", ""score"": 5, ""commentId"": ""232311573"", ""imgs"": [], ""userNickName"": ""\u6b27*\u5df4"", ""replyCityName"": """", ""cityName"": """"}, {""author"": ""c*1"", ""content"": ""\u7528\u6237\u672a\u70b9\u8bc4\uff0c\u7cfb\u7edf\u9ed8\u8ba4\u597d\u8bc4\u3002"", ""date"": ""2024-03-12"", ""score"": 5, ""commentId"": ""231955950"", ""imgs"": [], ""userNickName"": ""c*1"", ""replyCityName"": """", ""cityName"": """"}], ""score"": 5.0, ""commentCount"": 105}, ""statusCode"": 200}"
将军山景区,https://qimgs.qunarzz.com/piao_qsight_provider_piao_qsight_web/01047120009d42pw9EF1F_C_900_504.jpg_280x200_a9150622.jpg,肇庆市,端州区,肇庆市端州区环山公路,7,4.3,源自昆仑山脉的宝地,https://piao.qunar.com/ticket/detail_2458525223.html?st=a3clM0QlRTclQUIlQUYlRTUlQjclOUUlRTUlOEMlQkElMjZpZCUzRDYwNjglMjZ0eXBlJTNEMCUyNmlkeCUzRDE1JTI2cXQlM0QlMjZhcGslM0QyJTI2c2MlM0RXV1clMjZ1ciUzRCVFNCVCOCVBRCVFNSVCMSVCMSUyNmxyJTNEJUU0JUI4JUFEJUU1JUIxJUIxJTI2ZnQlM0QlN0IlN0Q%3D#from=mpl_search_suggest,-1.0,N/A,"肇庆北岭将军山，因南北朝年间三国蜀将关公在此显灵而得名。将军山旅游风景区占地5000亩---广东省肇庆市北郊,与著名景区七星岩相接。景区内林木花草馥郁，山峦苍翠蔚然，空气清新甜润，景色明丽怡人。进入景区，一条长4800米的景观公路和1000多步的林间石梯小道供您选择。蜿蜒多姿的景观公路，犹如一条灵动的长龙盘山飞舞，漫行其间，定会令您移步见奇，涉目成趣。”美誉的云修台，您就可体验到＂已穷千里目，未上一层楼＂的感觉了，云修台里面的＂神龙回首神石＂、“菩提圣树”等罕见特景更会令您驻足其间，留连忘返。景区内建筑群廊腰缦回，檐牙高啄，集中供奉的文、武财神，藏传五姓财神及福、禄、寿、喜、千手观音等数十尊吉祥神。保持着原始风貌的宋代端砚（石）洞穴遗址---宋坑，遍布山野沟壑，",1/1-12/31；周一至周日；全天开放,https://qimgs.qunarzz.com/piao_qsight_provider_piao_qsight_web/01047120009d42pw9EF1F_C_900_504.jpg_710x360_71b03f34.jpg〇https://qimgs.qunarzz.com/piao_qsight_provider_piao_qsight_web/01047120009d42pw9EF1F_C_900_504_Q90_Mtg_7.jpg_710x360_21b82695.jpg〇https://qimgs.qunarzz.com/piao_qsight_provider_piao_qsight_web/7d76b20e63ac3085ffffffffc8d65eac.jpg_710x360_e5734a01.jpg〇https://qimgs.qunarzz.com/piao_qsight_provider_piao_qsight_web/2ef5186ae5c601a50e9683738f2ea195.jpg_710x360_fc4e0fc0.jpg〇https://qimgs.qunarzz.com/piao_qsight_provider_piao_qsight_web/bda55d510a7488ae1ab6a49cbefee457.jpg_710x360_447a09e5.jpg〇https://qimgs.qunarzz.com/piao_qsight_provider_piao_qsight_web/3e39b8d9aaa656da53fc3c1e4e466971.jpg_710x360_bff72a8a.jpg〇https://qimgs.qunarzz.com/piao_qsight_provider_piao_qsight_web/65665c226b4a6a9b78c8f7d06a962df4.jpg_710x360_1414a7b9.jpg〇https://qimgs.qunarzz.com/piao_qsight_provider_piao_qsight_web/fc5428f26a9070dc3e6dbf3acf4b0eae.jpg_710x360_670ec620.jpg〇https://qimgs.qunarzz.com/piao_qsight_provider_piao_qsight_web/9c0d8f77e71080a9c9cd62d4c8b6bf41.jpg_710x360_57a53678.jpg〇https://qimgs.qunarzz.com/piao_qsight_provider_piao_qsight_web/71742d7175390560dd9844be2a635bf8.jpg_710x360_55584dea.jpg〇https://qimgs.qunarzz.com/piao_qsight_provider_piao_qsight_web/ddaf6be285a6dd64cdb0f13b68258fe0.jpg_710x360_0a29dc11.jpg〇https://qimgs.qunarzz.com/piao_qsight_provider_piao_qsight_web/1562786972141100i16000000z5grkD9D3_D_640_10000.jpg_710x360_97e507bc.jpg〇https://qimgs.qunarzz.com/piao_qsight_provider_piao_qsight_web/1562786971965100b16000000z9192978E_D_640_10000.jpg_710x360_789a6245.jpg〇https://qimgs.qunarzz.com/piao_qsight_provider_piao_qsight_web/1562786971578100a16000000z7yueC8EA_D_640_10000.jpg_710x360_76778759.jpg〇https://qimgs.qunarzz.com/piao_qsight_provider_piao_qsight_web/1562786971241100716000000znbvx2616_D_640_10000.jpg_710x360_aa2d5364.jpg〇https://qimgs.qunarzz.com/piao_qsight_provider_piao_qsight_web/1562786971007100d16000000z55zo5A94_D_640_10000.jpg_710x360_b98ae1b8.jpg〇https://qimgs.qunarzz.com/piao_qsight_provider_piao_qsight_web/1562786970758100b16000000z918xAD54_D_640_10000.jpg_710x360_5d0f91f4.jpg〇https://qimgs.qunarzz.com/piao_qsight_provider_piao_qsight_web/1562786970612100416000000z5mmyD8DA_D_640_10000.jpg_710x360_9f7bc940.jpg〇https://qimgs.qunarzz.com/piao_qsight_provider_piao_qsight_web/1562786970350100116000000zjkkg7809_D_640_10000.jpg_710x360_4c1775a4.jpg〇https://qimgs.qunarzz.com/piao_qsight_provider_piao_qsight_web/1562786970220100716000000znbvrC550_D_640_10000.jpg_710x360_b282e022.jpg〇https://qimgs.qunarzz.com/piao_qsight_provider_piao_qsight_web/1562786970037100s16000000zdivr716A_D_640_10000.jpg_710x360_08d65796.jpg,"{""ret"": true, ""data"": {""tagList"": [{""tagType"": 3, ""tagScore"": 5, ""tagNum"": 1, ""tagName"": ""\u5dee\u8bc4""}, {""tagType"": 1, ""tagScore"": 5, ""tagNum"": 6, ""tagName"": ""\u597d\u8bc4""}, {""tagType"": 0, ""tagScore"": 5, ""tagNum"": 7, ""tagName"": ""\u5168\u90e8""}], ""commentList"": [{""author"": ""x*2"", ""content"": ""\u95e8\u796830\uff0c\u5fae\u4fe1\u6536\u7684\uff0c\u4e5f\u6ca1\u4e2a\u51ed\u8bc1\uff0c\u8fd9\u4e48\u5751\u7684\uff0c\u96be\u602a\u8fd9\u51e0\u5e74\u90fd\u6ca1\u6709\u8bc4\u4ef7\u4e86\u3002"", ""date"": ""2024-05-04"", ""score"": 1, ""commentId"": ""233253125"", ""imgs"": [], ""userNickName"": ""x*2"", ""replyCityName"": """", ""cityName"": ""\u5e7f\u4e1c""}, {""author"": ""1*1"", ""content"": ""\u770b\u4e86\u666f\u533a\u4ecb\u7ecd\u5462\uff0c\u662f1996\u5e74\u7684\u65f6\u5019\uff0c\u6211\u4eec\u56fd\u7684\u4e09\u519b\u5927\u9605\u5175\u662f\u5728\u8fd9\u91cc\u8fdb\u884c\u7684\u3002\u539f\u6765\u7684\u8fd9\u4e2a\u5c71\u7684\u540d\u5b57\u53eb\u8001\u864e\u5c71\u540e\u6765\u5c31\u6539\u53eb\u4e86\u5c06\u519b\u5c71\u3002\u662f\u4e00\u4e2a\u975e\u5e38\u6ce2\u6f9c\u58ee\u9614\u7684\u5730\u65b9\uff0c\u5443\u6d77\u666f\u5f88\u8d5e\uff0c\u55ef\uff0c\u867d\u7136\u4eba\u5f88\u5c11\uff0c\u6bd4\u8f83\u51b7\u95e8\uff0c\u4f46\u662f\u5462\uff0c\u8fd8\u662f\u975e\u5e38\u503c\u5f97\u5927\u5bb6\u4e00\u6765\u7684\u3002 \u95e8\u796810\u5143\uff0c\u51ed\u8eab\u4efd\u8bc1\u8fd8\u80fd\u4f18\u5f85\u6216\u514d\u7968\u3002"", ""date"": ""2019-07-08"", ""score"": 5, ""commentId"": ""211176137"", ""imgs"": [{""small"": ""https://mp-commentcp.qunarzz.com/mp_comment_mp_comment/1562786970037100s16000000zdivr716A_D_640_10000.jpg_120x120_12aed250.jpg"", ""title"": """", ""big"": ""https://mp-commentcp.qunarzz.com/mp_comment_mp_comment/1562786970037100s16000000zdivr716A_D_640_10000.jpg""}, {""small"": ""https://mp-commentcp.qunarzz.com/mp_comment_mp_comment/1562786970220100716000000znbvrC550_D_640_10000.jpg_120x120_5592109e.jpg"", ""title"": """", ""big"": ""https://mp-commentcp.qunarzz.com/mp_comment_mp_comment/1562786970220100716000000znbvrC550_D_640_10000.jpg""}, {""small"": ""https://mp-commentcp.qunarzz.com/mp_comment_mp_comment/1562786970350100116000000zjkkg7809_D_640_10000.jpg_120x120_d3f36e21.jpg"", ""title"": """", ""big"": ""https://mp-commentcp.qunarzz.com/mp_comment_mp_comment/1562786970350100116000000zjkkg7809_D_640_10000.jpg""}, {""small"": ""https://mp-commentcp.qunarzz.com/mp_comment_mp_comment/1562786970612100416000000z5mmyD8DA_D_640_10000.jpg_120x120_ccc1d852.jpg"", ""title"": """", ""big"": ""https://mp-commentcp.qunarzz.com/mp_comment_mp_comment/1562786970612100416000000z5mmyD8DA_D_640_10000.jpg""}, {""small"": ""https://mp-commentcp.qunarzz.com/mp_comment_mp_comment/1562786970758100b16000000z918xAD54_D_640_10000.jpg_120x120_60c0fd92.jpg"", ""title"": """", ""big"": ""https://mp-commentcp.qunarzz.com/mp_comment_mp_comment/1562786970758100b16000000z918xAD54_D_640_10000.jpg""}, {""small"": ""https://mp-commentcp.qunarzz.com/mp_comment_mp_comment/1562786971007100d16000000z55zo5A94_D_640_10000.jpg_120x120_c2e00179.jpg"", ""title"": """", ""big"": ""https://mp-commentcp.qunarzz.com/mp_comment_mp_comment/1562786971007100d16000000z55zo5A94_D_640_10000.jpg""}, {""small"": ""https://mp-commentcp.qunarzz.com/mp_comment_mp_comment/1562786971241100716000000znbvx2616_D_640_10000.jpg_120x120_0cae8377.jpg"", ""title"": """", ""big"": ""https://mp-commentcp.qunarzz.com/mp_comment_mp_comment/1562786971241100716000000znbvx2616_D_640_10000.jpg""}, {""small"": ""https://mp-commentcp.qunarzz.com/mp_comment_mp_comment/1562786971965100b16000000z9192978E_D_640_10000.jpg_120x120_df151457.jpg"", ""title"": """", ""big"": ""https://mp-commentcp.qunarzz.com/mp_comment_mp_comment/1562786971965100b16000000z9192978E_D_640_10000.jpg""}, {""small"": ""https://mp-commentcp.qunarzz.com/mp_comment_mp_comment/1562786972141100i16000000z5grkD9D3_D_640_10000.jpg_120x120_bf5d4116.jpg"", ""title"": """", ""big"": ""https://mp-commentcp.qunarzz.com/mp_comment_mp_comment/1562786972141100i16000000z5grkD9D3_D_640_10000.jpg""}], ""userNickName"": ""1*1"", ""replyCityName"": """", ""cityName"": """"}, {""author"": ""e*1"", ""content"": ""\u53ef\u4ee5\u767b\u4e0a\u6700\u9ad8\u9ede\u770b\u56db\u9762\u98a8\u666f\uff0c\u8ff4\u6f29\u68af\u8f03\u5c0f\uff0c\u8d70\u8def\u932f\u8eab\u8981\u5c0f\u5fc3\uff0c\u4e0d\u8981\u5728\u88e1\u9762\u62bd\u7159\uff0c\u5728\u666f\u5340\u7684\u666f\u9ede\u5927\u90e8\u4efd\u8981\u8d70\u9032\u5927\u77f3\u584a\u88e1\uff0c\u8981\u6ce8\u610f\u9ad8\u4f4e\u843d\u5dee\uff0c\u5225\u649e\u5230\u982d\uff0c\u6709\u868a\u5b50\uff0c\u8981\u505a\u597d\u9632\u868a\u3001\u9632\u66ec \uff0c\u65b0\u84cb\u597d\u7684\u505c\u8eca\u5834\u65b9\u5411\u53ef\u4ee5\u8d70\u5230\u5927\u798f\u7063\uff0c\u5225\u8d70\u5c0f\u8def\uff0c\u868a\u5b50\u8d85\u7d1a\u591a\uff0c\u690d\u7269\u523a\u4eba\uff0c\u53c8\u6613\u8ff7\u8def\uff0c\u5b89\u5168\u6700\u91cd\u8981~"", ""date"": ""2019-05-24"", ""score"": 5, ""commentId"": ""210522457"", ""imgs"": [{""small"": ""https://mp-commentcp.qunarzz.com/mp_comment_mp_comment/1558985308155100p14000000woi259FBA_D_640_10000.jpg_120x120_44003bc1.jpg"", ""title"": """", ""big"": ""https://mp-commentcp.qunarzz.com/mp_comment_mp_comment/1558985308155100p14000000woi259FBA_D_640_10000.jpg""}, {""small"": ""https://mp-commentcp.qunarzz.com/mp_comment_mp_comment/1558985308412100s14000000ww8w68BAB_D_640_10000.jpg_120x120_ae3436f3.jpg"", ""title"": """", ""big"": ""https://mp-commentcp.qunarzz.com/mp_comment_mp_comment/1558985308412100s14000000ww8w68BAB_D_640_10000.jpg""}, {""small"": ""https://mp-commentcp.qunarzz.com/mp_comment_mp_comment/1558985308697100i14000000wo6rl3102_D_640_10000.jpg_120x120_05b9d7a4.jpg"", ""title"": """", ""big"": ""https://mp-commentcp.qunarzz.com/mp_comment_mp_comment/1558985308697100i14000000wo6rl3102_D_640_10000.jpg""}, {""small"": ""https://mp-commentcp.qunarzz.com/mp_comment_mp_comment/1558985308817100514000000wrvig74AF_D_640_10000.jpg_120x120_4631e92d.jpg"", ""title"": """", ""big"": ""https://mp-commentcp.qunarzz.com/mp_comment_mp_comment/1558985308817100514000000wrvig74AF_D_640_10000.jpg""}, {""small"": ""https://mp-commentcp.qunarzz.com/mp_comment_mp_comment/1558985309096100614000000wpzo3685D_D_640_10000.jpg_120x120_e8965458.jpg"", ""title"": """", ""big"": ""https://mp-commentcp.qunarzz.com/mp_comment_mp_comment/1558985309096100614000000wpzo3685D_D_640_10000.jpg""}, {""small"": ""https://mp-commentcp.qunarzz.com/mp_comment_mp_comment/1558985309363100q14000000wqnoh48E5_D_640_10000.jpg_120x120_2f7f2919.jpg"", ""title"": """", ""big"": ""https://mp-commentcp.qunarzz.com/mp_comment_mp_comment/1558985309363100q14000000wqnoh48E5_D_640_10000.jpg""}, {""small"": ""https://mp-commentcp.qunarzz.com/mp_comment_mp_comment/1558985309601100t14000000wpf0w5DFD_D_640_10000.jpg_120x120_01918424.jpg"", ""title"": """", ""big"": ""https://mp-commentcp.qunarzz.com/mp_comment_mp_comment/1558985309601100t14000000wpf0w5DFD_D_640_10000.jpg""}, {""small"": ""https://mp-commentcp.qunarzz.com/mp_comment_mp_comment/1558985309928100p14000000woi266F9B_D_640_10000.jpg_120x120_e0292d88.jpg"", ""title"": """", ""big"": ""https://mp-commentcp.qunarzz.com/mp_comment_mp_comment/1558985309928100p14000000woi266F9B_D_640_10000.jpg""}, {""small"": ""https://mp-commentcp.qunarzz.com/mp_comment_mp_comment/1558985310021100514000000wrvih8452_D_640_10000.jpg_120x120_cbd6355a.jpg"", ""title"": """", ""big"": ""https://mp-commentcp.qunarzz.com/mp_comment_mp_comment/1558985310021100514000000wrvih8452_D_640_10000.jpg""}], ""userNickName"": ""e*1"", ""replyCityName"": """", ""cityName"": """"}, {""author"": ""M*0"", ""content"": ""\u6700\u9ad8\u89c2\u666f\u53f0\u98ce\u666f\u8d85\u7f8e\uff0c\u4e00\u5b9a\u8981\u767b\u4e0a\u53bb\u770b\u4e00\u4e0b\uff0c\u77f3\u6797\u5f88\u58ee\u89c2\uff0c\u4e2d\u95f4\u5927\u77f3\u5934\u5806\u8d77\u6765\u7684\u8def\uff0c\u771f\u7684\u5f88\u5192\u9669\uff0c\u751a\u81f3\u6709\u70b9\u6050\u6016\uff0c\u9002\u5408\u559c\u6b22\u5192\u9669\u7684\u771f\u7684\u53ef\u4ee5\u8d70\u4e00\u4e0b\u5168\u7a0b\uff0c\u6211\u5bb3\u6015\u5c31\u8d70\u4e86\u4e00\u534a\uff0c\u633a\u597d\u73a9\u7684\u3002"", ""date"": ""2019-05-27"", ""score"": 5, ""commentId"": ""210522456"", ""imgs"": [{""small"": ""https://mp-commentcp.qunarzz.com/mp_comment_mp_comment/1558985306655100d14000000wufwwD967_D_640_10000.jpg_120x120_fb0bb8e2.jpg"", ""title"": """", ""big"": ""https://mp-commentcp.qunarzz.com/mp_comment_mp_comment/1558985306655100d14000000wufwwD967_D_640_10000.jpg""}, {""small"": ""https://mp-commentcp.qunarzz.com/mp_comment_mp_comment/1558985306857100f14000000wvxx47C51_D_640_10000.jpg_120x120_92fd2fab.jpg"", ""title"": """", ""big"": ""https://mp-commentcp.qunarzz.com/mp_comment_mp_comment/1558985306857100f14000000wvxx47C51_D_640_10000.jpg""}, {""small"": ""https://mp-commentcp.qunarzz.com/mp_comment_mp_comment/1558985307055100t14000000wvyy1ECE9_D_640_10000.jpg_120x120_451e334f.jpg"", ""title"": """", ""big"": ""https://mp-commentcp.qunarzz.com/mp_comment_mp_comment/1558985307055100t14000000wvyy1ECE9_D_640_10000.jpg""}, {""small"": ""https://mp-commentcp.qunarzz.com/mp_comment_mp_comment/1558985307255100e14000000wyo7j0C0B_D_640_10000.jpg_120x120_9318c3fd.jpg"", ""title"": """", ""big"": ""https://mp-commentcp.qunarzz.com/mp_comment_mp_comment/1558985307255100e14000000wyo7j0C0B_D_640_10000.jpg""}, {""small"": ""https://mp-commentcp.qunarzz.com/mp_comment_mp_comment/1558985307562100g14000000wwm3u8310_D_640_10000.jpg_120x120_e8bbf622.jpg"", ""title"": """", ""big"": ""https://mp-commentcp.qunarzz.com/mp_comment_mp_comment/1558985307562100g14000000wwm3u8310_D_640_10000.jpg""}], ""userNickName"": ""M*0"", ""replyCityName"": """", ""cityName"": """"}, {""author"": ""P*d"", ""content"": ""\u5f88\u503c\u5f97\u4e00\u53bb\u7684\u4e00\u4e2a\u70b9\uff0c\u4f46\u662f\u5fc5\u987b\u7a7f\u8fd0\u52a8\u978b\u53bb\uff0c\u8fd8\u6709\u957f\u8863\u957f\u88e4\uff0c\u90a3\u91cc\u77f3\u5934\u5f88\u5bb9\u6613\u64e6\u4f24\uff5e\u8fd8\u6709\u868a\u5b50\u54ac\uff5e"", ""date"": ""2019-04-26"", ""score"": 5, ""commentId"": ""210150966"", ""imgs"": [], ""userNickName"": ""P*d"", ""replyCityName"": """", ""cityName"": """"}, {""author"": ""o*o"", ""content"": ""\u53ef\u4ee5\u548c\u670b\u53cb\u4e00\u8d77\u53bb\u73a9\uff0c\u770b\u770b\u5927\u6d77\uff0c\u5439\u5439\u6d77\u98ce\uff0c\u4e0d\u662f\u548c\u80d6\u5b50\uff0c\u56e0\u4e3a\u6709\u4e9b\u5730\u65b9\u592a\u72ed\u7a84\u4e86\u3002\u534a\u5929\u53ef\u4ee5\u901b\u5b8c\uff0c"", ""date"": ""2019-01-26"", ""score"": 5, ""commentId"": ""209046763"", ""imgs"": [], ""userNickName"": ""o*o"", ""replyCityName"": """", ""cityName"": """"}, {""author"": ""\u7cbe*\u4fa0"", ""content"": ""\u73af\u661f\u6e56\u7eff\u9053\u5f92\u6b65\u5927\u534a\u5929\uff0c\u7ed5\u5230\u5317\u9762\u706b\u8f66\u7ad9\u9644\u8fd1\u65f6\u53d1\u73b0\u6709\u4e2a\u5c06\u519b\u5c71\u666f\u533a\uff0c\u6b65\u884c2\u516c\u91cc\u4e0a\u53bb\u5c71\u95e8\u624d\u77e5\u9053\u6536\u8d3960\u5143\u3002\u9014\u4e2d\u53d1\u73b0\u5c71\u4e0b\u6709\u4e24\u4e2a\u5c71\u6c34\u6cf3\u573a\uff0c\u624d7\u5143\uff0c\u5f53\u65f6\u6211\u53c8\u7d2f\u53c8\u70ed\uff0c\u4fbf\u5174\u51b2\u51b2\u53bb\u6e38\u6cf3\uff0c\u60f3\u4e0d\u5230\u5c71\u6c34\u51b7\u5982\u51b0\u6c34\uff0c\u800c\u4e14\u5f53\u65f6\u9634\u96e8\uff0c\u6211\u6839\u672c\u4e0d\u6562\u4e0b\u6c34\uff0c\u53ea\u80fd\u6ce1\u6ce1\u811a\u7b97\u4e86"", ""date"": ""2016-08-24"", ""score"": 4, ""commentId"": ""126401723"", ""imgs"": [{""small"": ""https://imgs.qunarzz.com/piao/fusion/1608/43/e7729331b4e9d002.jpg_120x120_67401168.jpg"", ""title"": """", ""big"": ""https://imgs.qunarzz.com/piao/fusion/1608/43/e7729331b4e9d002.jpg""}], ""userNickName"": ""\u7cbe*\u4fa0"", ""replyCityName"": """", ""cityName"": """"}], ""score"": 4.3, ""commentCount"": 7}, ""statusCode"": 200}"
寻安鹿园,https://qimgs.qunarzz.com/piao_qsight_provider_piao_qsight_web/01033120009ho1l6p0003_C_900_504.jpg_280x200_cb602b73.jpg,肇庆市,端州区,广东省肇庆市端州区北岭二路石牌广场(中游房车基地内)直行200米左侧,68,4.9,零距离接触的不仅有动物，还有大自然,https://piao.qunar.com/ticket/detail_2522475813.html?st=a3clM0QlRTclQUIlQUYlRTUlQjclOUUlRTUlOEMlQkElMjZpZCUzRDUxMjIzNCUyNnR5cGUlM0QwJTI2aWR4JTNEMTIlMjZxdCUzRCUyNmFwayUzRDIlMjZzYyUzRFdXVyUyNnVyJTNEJUU0JUI4JUFEJUU1JUIxJUIxJTI2bHIlM0QlRTQlQjglQUQlRTUlQjElQjElMjZmdCUzRCU3QiU3RA%3D%3D#from=mpl_search_suggest,-1.0,N/A,零距离接触的不仅有动物，还有大自然,1/1-12/31；周一至周日；09:00-18:00开园,https://qimgs.qunarzz.com/piao_qsight_provider_piao_qsight_web/01033120009ho1l6p0003_C_900_504.jpg_710x360_d43db1c5.jpg〇https://qimgs.qunarzz.com/piao_qsight_provider_piao_qsight_web/0100i120009hltzza6A03_C_900_504_Q90_Mtg_7.jpg_710x360_a7756321.jpg〇https://qimgs.qunarzz.com/piao_qsight_provider_piao_qsight_web/0103v120009hltryz7565_C_900_504_Q90_Mtg_7.jpg_710x360_b117c193.jpg〇https://qimgs.qunarzz.com/piao_qsight_provider_piao_qsight_web/0102b120009hltsuq1182_C_900_504_Q90_Mtg_7.jpg_710x360_0fccb940.jpg〇https://qimgs.qunarzz.com/piao_qsight_provider_piao_qsight_web/0102b120009hltydf46DC_C_900_504_Q90_Mtg_7.jpg_710x360_ed2a96a7.jpg〇https://qimgs.qunarzz.com/piao_qsight_provider_piao_qsight_web/0100c120009hltu5pD12E_C_900_504_Q90_Mtg_7.jpg_710x360_a39c750e.jpg〇https://qimgs.qunarzz.com/piao_qsight_provider_piao_qsight_web/0100u120009hltrtsC277_C_900_504_Q90_Mtg_7.jpg_710x360_4f767871.jpg〇https://qimgs.qunarzz.com/piao_qsight_provider_piao_qsight_web/0106p120009hltzz9ABEB_C_900_504_Q90_Mtg_7.jpg_710x360_a63913b4.jpg〇https://qimgs.qunarzz.com/piao_qsight_provider_piao_qsight_web/01033120009ho1l6p0003_C_900_504_Q90_Mtg_7.jpg_710x360_14a0b975.jpg〇https://imgs.qunarzz.com/sight/p0/2207/a1/a157112ec23171e3a3.img.jpg_710x360_833fbbef.jpg〇https://imgs.qunarzz.com/sight/p0/2207/c9/c99ea18b4ff931b8a3.img.jpg_710x360_8975c500.jpg〇https://imgs.qunarzz.com/sight/p0/2207/75/75fc756dc8577cb7a3.img.jpg_710x360_1df356d9.jpg,"{""ret"": true, ""data"": {""tagList"": [{""tagType"": 3, ""tagScore"": 5, ""tagNum"": 1, ""tagName"": ""\u5dee\u8bc4""}, {""tagType"": 1, ""tagScore"": 5, ""tagNum"": 67, ""tagName"": ""\u597d\u8bc4""}, {""tagType"": 0, ""tagScore"": 5, ""tagNum"": 68, ""tagName"": ""\u5168\u90e8""}], ""commentList"": [{""author"": ""\u53bb*\u6237"", ""content"": ""\u7528\u6237\u672a\u70b9\u8bc4\uff0c\u7cfb\u7edf\u9ed8\u8ba4\u597d\u8bc4\u3002"", ""date"": ""2022-12-01"", ""score"": 5, ""commentId"": ""223847104"", ""imgs"": [], ""userNickName"": ""\u53bb*\u6237"", ""replyCityName"": """", ""cityName"": """"}, {""author"": ""\u53bb*\u6237"", ""content"": ""\u7528\u6237\u672a\u70b9\u8bc4\uff0c\u7cfb\u7edf\u9ed8\u8ba4\u597d\u8bc4\u3002"", ""date"": ""2022-12-01"", ""score"": 5, ""commentId"": ""223846881"", ""imgs"": [], ""userNickName"": ""\u53bb*\u6237"", ""replyCityName"": """", ""cityName"": """"}, {""author"": ""i*8"", ""content"": ""\u7528\u6237\u672a\u70b9\u8bc4\uff0c\u7cfb\u7edf\u9ed8\u8ba4\u597d\u8bc4\u3002"", ""date"": ""2022-12-01"", ""score"": 5, ""commentId"": ""223846618"", ""imgs"": [], ""userNickName"": ""i*8"", ""replyCityName"": """", ""cityName"": """"}, {""author"": ""\u53bb*\u6237"", ""content"": ""\u7528\u6237\u672a\u70b9\u8bc4\uff0c\u7cfb\u7edf\u9ed8\u8ba4\u597d\u8bc4\u3002"", ""date"": ""2022-12-01"", ""score"": 5, ""commentId"": ""223845204"", ""imgs"": [], ""userNickName"": ""\u53bb*\u6237"", ""replyCityName"": """", ""cityName"": """"}, {""author"": ""\u53bb*\u6237"", ""content"": ""\u7528\u6237\u672a\u70b9\u8bc4\uff0c\u7cfb\u7edf\u9ed8\u8ba4\u597d\u8bc4\u3002"", ""date"": ""2022-11-30"", ""score"": 5, ""commentId"": ""223838936"", ""imgs"": [], ""userNickName"": ""\u53bb*\u6237"", ""replyCityName"": """", ""cityName"": """"}, {""author"": ""\u53bb*\u6237"", ""content"": ""\u7528\u6237\u672a\u70b9\u8bc4\uff0c\u7cfb\u7edf\u9ed8\u8ba4\u597d\u8bc4\u3002"", ""date"": ""2022-11-30"", ""score"": 5, ""commentId"": ""223838930"", ""imgs"": [], ""userNickName"": ""\u53bb*\u6237"", ""replyCityName"": """", ""cityName"": """"}, {""author"": ""i*1"", ""content"": ""\u7528\u6237\u672a\u70b9\u8bc4\uff0c\u7cfb\u7edf\u9ed8\u8ba4\u597d\u8bc4\u3002"", ""date"": ""2022-11-07"", ""score"": 5, ""commentId"": ""223775588"", ""imgs"": [], ""userNickName"": ""i*1"", ""replyCityName"": """", ""cityName"": """"}, {""author"": ""\u53bb*\u6237"", ""content"": ""\u7528\u6237\u672a\u70b9\u8bc4\uff0c\u7cfb\u7edf\u9ed8\u8ba4\u597d\u8bc4\u3002"", ""date"": ""2022-11-02"", ""score"": 5, ""commentId"": ""223668363"", ""imgs"": [], ""userNickName"": ""\u53bb*\u6237"", ""replyCityName"": """", ""cityName"": """"}, {""author"": ""d*6"", ""content"": ""\u7528\u6237\u672a\u70b9\u8bc4\uff0c\u7cfb\u7edf\u9ed8\u8ba4\u597d\u8bc4\u3002"", ""date"": ""2022-11-01"", ""score"": 5, ""commentId"": ""223633328"", ""imgs"": [], ""userNickName"": ""d*6"", ""replyCityName"": """", ""cityName"": """"}, {""author"": ""d*6"", ""content"": ""\u7528\u6237\u672a\u70b9\u8bc4\uff0c\u7cfb\u7edf\u9ed8\u8ba4\u597d\u8bc4\u3002"", ""date"": ""2022-11-01"", ""score"": 5, ""commentId"": ""223633131"", ""imgs"": [], ""userNickName"": ""d*6"", ""replyCityName"": """", ""cityName"": """"}], ""score"": 4.9, ""commentCount"": 68}, ""statusCode"": 200}"
盘古生态文化景区,https://imgs.qunarzz.com/sight/p0/201403/07/7319424306dcded0a57928d0855f4270.jpg_280x200_84886269.jpg,肇庆市,端州区,广东省肇庆市端州区北岭七星岩旅游渡假区盘古大道,1,1.0,地形高低错落，委婉中野趣横生,https://piao.qunar.com/ticket/detail_3540930585.html?st=a3clM0QlRTclQUIlQUYlRTUlQjclOUUlRTUlOEMlQkElMjZpZCUzRDEwODc5JTI2dHlwZSUzRDAlMjZpZHglM0QxMSUyNnF0JTNEJTI2YXBrJTNEMiUyNnNjJTNEV1dXJTI2dXIlM0QlRTQlQjglQUQlRTUlQjElQjElMjZsciUzRCVFNCVCOCVBRCVFNSVCMSVCMSUyNmZ0JTNEJTdCJTdE#from=mpl_search_suggest,8.0,N/A,"盘古生态文化景区，位于肇庆市北岭山南麓盘古坑，占地约200亩。景区面向碧波荡漾的星湖，背倚巍巍的北岭山，地形高低错落，委婉中野趣横生，起伏中藏露得当，立面视觉良好，湖光山色秀美清幽。景区内峰高谷深，森林繁茂，动植物丰富，瀑布溪潺，环境幽雅，集""奇、秀、幽""于一体，兼有山水型和城郊型公园的特点。景区内气候宜人，年均气温18°C，冬暖夏凉86050/cm3，是良好的疗养保健场所。景区保留了自然生态的地貌，按照雕塑与园林、观赏与教育、艺术与历史、生态与文化结合的原则进行精心规划修造。区内景点众多：盘古祖殿、百家姓寻根园、民族图腾柱、北岭秀台、雕塑广场、绿篱迷宫、飞鸟乐园、开心拓展园、灵龟出洞、蝴蝶谷、阳元树、金盘蹄印、宋坑遗址、瀑布群、禾雀花林、杜鹃花林、艳姜花林……是游人观光及领略中国五千年文化。",01/01-12/31；8:30-18:00开园,https://imgs.qunarzz.com/sight/p0/201403/07/7319424306dcded0a57928d0855f4270.jpg_710x360_2c818926.jpg〇https://imgs.qunarzz.com/sight/p0/201403/07/498f478c6dd4cdee6d9f280e8467d6b7.jpg_710x360_804f26fc.jpg〇https://imgs.qunarzz.com/sight/p0/201403/07/f4ab162a4d2d904067c15ea66a5ed890.jpg_710x360_0dcd8e2d.jpg〇https://imgs.qunarzz.com/sight/p0/201403/07/434a8c39335d70fd12253175fa47a4b5.jpg_710x360_d68c4be5.jpg〇https://imgs.qunarzz.com/sight/p0/201403/07/0b79a9276cb371f423ba2057a3358384.jpg_710x360_e8d5f08e.jpg,"{""ret"": true, ""data"": {""tagList"": [{""tagType"": 3, ""tagScore"": 5, ""tagNum"": 1, ""tagName"": ""\u5dee\u8bc4""}, {""tagType"": 0, ""tagScore"": 5, ""tagNum"": 1, ""tagName"": ""\u5168\u90e8""}], ""commentList"": [{""author"": ""w*7"", ""content"": ""\u57fa\u672c\u5e9f\u5f03\u7684\u666f\u70b9\uff0c\u4e0d\u8981\u4e0a\u5f53\u5566"", ""date"": ""2015-08-05"", ""score"": 1, ""commentId"": ""64594930"", ""imgs"": [], ""userNickName"": ""w*7"", ""replyCityName"": """", ""cityName"": """"}], ""score"": 1.0, ""commentCount"": 1}, ""statusCode"": 200}"
披云楼,https://imgs.qunarzz.com/sight/p35/201211/06/3a6b6a2e5e9589e793835fbb.jpg_280x200_fface9c3.jpg,肇庆市,端州区,肇庆市宋城东路,3,4.3,肇庆古城墙长2800米，始为土城墙，宋政和三年（1113年）将土城扩大，并筑为砖墙。披云楼座落于古城墙之西段，始建于北宋,https://piao.qunar.com/ticket/detail_3737642121.html?st=a3clM0QlRTclQUIlQUYlRTUlQjclOUUlRTUlOEMlQkElMjZpZCUzRDEzNDE4JTI2dHlwZSUzRDAlMjZpZHglM0QxMCUyNnF0JTNEJTI2YXBrJTNEMiUyNnNjJTNEV1dXJTI2dXIlM0QlRTQlQjglQUQlRTUlQjElQjElMjZsciUzRCVFNCVCOCVBRCVFNSVCMSVCMSUyNmZ0JTNEJTdCJTdE#from=mpl_search_suggest,818.0,N/A,肇庆古城墙长2800米，始为土城墙，宋政和三年（1113年）将土城扩大，并筑为砖墙。披云楼座落于古城墙之西段，始建于北宋政和三年（1113年），楼高三层，当时作为了望台而建造的，云雾常绕，所以得名。今日看到的披云楼是1989年再次重建的，楼高19.3米，其外形仿江西腾王阁、,景区暂时停业，详情请以景区公示为准；原开放时间周二-周日9:00-17:00，周一闭馆。,https://imgs.qunarzz.com/sight/p35/201211/06/3a6b6a2e5e9589e793835fbb.jpg_710x360_c2e103bc.jpg〇https://qimgs.qunarzz.com/piao_qsight_provider_piao_qsight_web/1a162b94-1ea1-48b4-8f36-90cfe4d5027c.jpg_710x360_fddce11c.jpg〇https://qimgs.qunarzz.com/piao_qsight_provider_piao_qsight_web/055d20af544b6c02.jpg_710x360_0d6689c6.jpg〇https://qimgs.qunarzz.com/piao_qsight_provider_piao_qsight_web/4cecf56de8f7f7b5.jpg_710x360_974b4239.jpg〇https://qimgs.qunarzz.com/piao_qsight_provider_piao_qsight_web/5a4e49726c84b1b5.jpg_710x360_aef8a55e.jpg〇https://qimgs.qunarzz.com/piao_qsight_provider_piao_qsight_web/c297a8844298bab5.jpg_710x360_4a5e8392.jpg〇https://qimgs.qunarzz.com/piao_qsight_provider_piao_qsight_web/8579d44d3c884eb5.jpg_710x360_3a71266a.jpg〇https://qimgs.qunarzz.com/piao_qsight_provider_piao_qsight_web/80799a116c278fb5.jpg_710x360_d646859f.jpg〇https://qimgs.qunarzz.com/piao_qsight_provider_piao_qsight_web/cd89713bfd9666b5.jpg_710x360_1aaf619c.jpg〇https://qimgs.qunarzz.com/piao_qsight_provider_piao_qsight_web/d26ac85b9cdea7b5.jpg_710x360_7a344d88.jpg〇https://qimgs.qunarzz.com/piao_qsight_provider_piao_qsight_web/e3ae3218ff11f8b5.jpg_710x360_707dec0c.jpg〇https://qimgs.qunarzz.com/piao_qsight_provider_piao_qsight_web/245f21e459840eb5.jpg_710x360_831f1da6.jpg〇https://qimgs.qunarzz.com/piao_qsight_provider_piao_qsight_web/d409543d609359b5.jpg_710x360_16183691.jpg〇https://qimgs.qunarzz.com/piao_qsight_provider_piao_qsight_web/41f6befc990933b5.jpg_710x360_07b74cb3.jpg〇https://qimgs.qunarzz.com/piao_qsight_provider_piao_qsight_web/dc8d02a8c8d8e0b5.jpg_710x360_4c7b0fb7.jpg〇https://qimgs.qunarzz.com/piao_qsight_provider_piao_qsight_web/667268a9eba14e37.jpg_710x360_9c6fa623.jpg〇https://qimgs.qunarzz.com/piao_qsight_provider_piao_qsight_web/ebfe590f478b83.jpg_710x360_5719bad5.jpg〇https://qimgs.qunarzz.com/piao_qsight_provider_piao_qsight_web/3bb898c2c9498b.jpg_710x360_cd046c9d.jpg,"{""ret"": true, ""data"": {""tagList"": [{""tagType"": 1, ""tagScore"": 5, ""tagNum"": 3, ""tagName"": ""\u597d\u8bc4""}, {""tagType"": 0, ""tagScore"": 5, ""tagNum"": 3, ""tagName"": ""\u5168\u90e8""}], ""commentList"": [{""author"": ""\u7cbe*\u4fa0"", ""content"": ""\u6807\u5fd7\u6027\u5efa\u7b51\uff0c\u4f4d\u4e8e\u8001\u57ce\u5899\u4e0a\u3002\u56e0\u5f53\u65f6\u508d\u665a\u53f0\u98ce\u5df2\u5728\u5e7f\u4e1c\u6cbf\u6d77\u767b\u9646\uff0c\u5929\u6c14\u4e5f\u7a81\u7136\u53d8\u5f97\u4e4c\u4e91\u5bc6\u5e03\u3001\u5927\u98ce\u9aa4\u8d77\uff0c\u665a\u4e0a8\u70b9\u6211\u51c6\u65f6\u53bb\u5230\u661f\u6e56\u5e7f\u573a\uff0c\u5e78\u4e8f\u5f53\u65f6\u98ce\u96e8\u5df2\u660e\u663e\u51cf\u5f31\uff0c\u55b7\u6cc9\u8868\u6f14\u6b63\u5e38\u8fdb\u884c\uff0c\u53ef\u60dc\u53ea10\u5206\u949f\uff0c\u53c8\u7a81\u7136\u98ce\u96e8\u5927\u4f5c\uff0c\u55b7\u6cc9\u88ab\u8feb\u4e2d\u6b62\u4e86\u3002\u5f85\u6211\u56de\u5230\u65c5\u9986\uff0c\u98ce\u96e8\u53c8\u51cf\u5f31\u4e86\u3002"", ""date"": ""2016-09-14"", ""score"": 4, ""commentId"": ""128421360"", ""imgs"": [{""small"": ""https://imgs.qunarzz.com/piao/fusion/1609/1d/055d20af544b6c02.jpg_120x120_65d5c469.jpg"", ""title"": """", ""big"": ""https://imgs.qunarzz.com/piao/fusion/1609/1d/055d20af544b6c02.jpg""}], ""userNickName"": ""\u7cbe*\u4fa0"", ""replyCityName"": """", ""cityName"": """"}, {""author"": ""W*6"", ""content"": ""\u666f\u89c2\u5f88\u7f8e\uff0c\u975e\u5e38\u559c\u6b22\u7684\u5730\u65b9"", ""date"": ""2016-12-14"", ""score"": 5, ""commentId"": ""136014478"", ""imgs"": [], ""userNickName"": ""W*6"", ""replyCityName"": """", ""cityName"": """"}, {""author"": ""\u7cbe*\u4fa0"", ""content"": ""\u8087\u5e86\u5e02\u53e4\u57ce\u5899\u4e0a\u7684\u8457\u540d\u697c\u9601\uff0c\u4f46\u662f\u73b0\u4ee3\u4eff\u53e4\u5efa\u7b51\u4e86\u3002"", ""date"": ""2016-07-31"", ""score"": 4, ""commentId"": ""123606832"", ""imgs"": [], ""userNickName"": ""\u7cbe*\u4fa0"", ""replyCityName"": """", ""cityName"": """"}], ""score"": 4.3, ""commentCount"": 3}, ""statusCode"": 200}"
肇庆小三峡,https://imgs.qunarzz.com/sight/p0/201403/07/c748763b2c0a19fe220dde95dc0dff15.jpg_280x200_ee41cb90.jpg,肇庆市,端州区,广东省肇庆市端州区肇庆小三峡,2,5.0,小三峡：羚羊峡，就是在肇庆市附近西江河段上的一个著名江峡，连同上游的三榕峡、大鼎峡，素有“小三峡”之称。船行至江峡中游，,https://piao.qunar.com/ticket/detail_2350563722.html?st=a3clM0QlRTclQUIlQUYlRTUlQjclOUUlRTUlOEMlQkElMjZpZCUzRDE1NDUlMjZ0eXBlJTNEMCUyNmlkeCUzRDclMjZxdCUzRCUyNmFwayUzRDIlMjZzYyUzRFdXVyUyNnVyJTNEJUU0JUI4JUFEJUU1JUIxJUIxJTI2bHIlM0QlRTQlQjglQUQlRTUlQjElQjElMjZmdCUzRCU3QiU3RA%3D%3D#from=mpl_search_suggest,818.0,N/A,小三峡：羚羊峡，就是在肇庆市附近西江河段上的一个著名江峡，连同上游的三榕峡、大鼎峡，素有“小三峡”之称。船行至江峡中游，两岸山势凹了进去，形成峡中“平湖”，水势平缓了许多。南岸半山坡上，有一块大石刻着“山川秀美”四个大字。羚羊峡全长十三里，两岸山峰高达八百多米。这里古迹颇多。峡口有龙华古寺和峡山古寺南北对峙，还有函碧园和桂园第二峰精舍等。告别羚羊峡，逆水回舟驶往大鼎、三榕两峡。行舟至肇庆市江面时，攀天四塔（南岸有文明塔、巽峰塔、北岸有崇禧塔、元魅塔）如群峰浮玉、明烛天际、历历在目。浩淼的江面，烟波荡漾着形塔影，十分好看。西驶不远，两岸群山渐渐靠拢，江流急速，船行缓慢。这一带的山势奇特，有五座山脉伸到江边，好像五匹骏马从山上奔腾下来又急转回头，形象逼真。这是大鼎峡出口处“五马归槽”的名胜。舟再往前行，就到了“龟索锁大江”。小三峡的美色等待您的赏析！,暂无,https://imgs.qunarzz.com/sight/p0/201403/07/c748763b2c0a19fe220dde95dc0dff15.jpg_710x360_5dcdefd0.jpg,"{""ret"": true, ""data"": {""tagList"": [{""tagType"": 1, ""tagScore"": 5, ""tagNum"": 2, ""tagName"": ""\u597d\u8bc4""}, {""tagType"": 0, ""tagScore"": 5, ""tagNum"": 2, ""tagName"": ""\u5168\u90e8""}], ""commentList"": [{""author"": ""m*9"", ""content"": ""\u7528\u6237\u672a\u70b9\u8bc4\uff0c\u7cfb\u7edf\u9ed8\u8ba4\u597d\u8bc4\u3002"", ""date"": ""2024-05-04"", ""score"": 5, ""commentId"": ""233242841"", ""imgs"": [], ""userNickName"": ""m*9"", ""replyCityName"": """", ""cityName"": """"}, {""author"": ""\u7cbe*\u4fa0"", ""content"": ""\u7f9a\u7f8a\u5ce1\u518d\u6ce1\u5c71\u6cc9\u2015\u2015\u6628\u5929\u672c\u6765\u5f02\u5e38\u9177\u70ed\uff0c\u53ef\u6c14\u4ffa\u521a\u8d70\u5230\u5c71\u6cc9\u6c60\u65f6\u5c31\u4e0b\u8d77\u5927\u96f7\u96e8\uff0c\u5bfc\u81f4\u6c14\u6e29\u5927\u964d\uff0c\u539f\u672c\u6765\u6ce1\u51b0\u6cc9\u5c31\u4e3a\u6d88\u6691\u964d\u6e29\u7684\uff0c\u771f\u662f\u5927\u715e\u98ce\u666f\uff01\u4eca\u5929\u7ec8\u4e8e\u518d\u5ea6\u70c8\u65e5\u5f53\u7a7a\uff0c\u6545\u7279\u610f\u518d\u6765\u7545\u6ce1\u4e00\u6b21\u3002\u7f9a\u7f8a\u5ce1\u6700\u5927\u5c71\u6cc9\u6c60\u2015\u2015\u4f4d\u4e8e\u7af9\u6797\u6df1\u5904\u7684\u6811\u6797\u4e2d\uff0c\u65e2\u662f\u73af\u5883\u6700\u4f18\u7f8e\u7075\u79c0\u7684\uff0c\u4e5f\u662f\u6700\u5927\u9762\u79ef\u7684\u4e00\u5904\u5c71\u6cc9\u6c34\u6f6d\uff0c\u53ef\u4ee5\u52c9\u5f3a\u7545\u6cf3\u51e0\u7c73\u8ddd\u79bb\uff0c\u8fd8\u6709\u9633\u5149\u666e\u7167\uff0c\u4e0d\u4f1a\u592a\u9634\u51c9\uff0c\u662f\u9177\u6691\u620f\u6c34\u7684\u4e00\u5927\u4e50\u571f\u3002\u4ffa\u6bcf\u6b21\u90fd\u662f\u9996\u9009\u6b64\u5904\u3002\u4ffa\u81f3\u7231\u7684\u4eba\u95f4\u5929\u5802\u2015\u2015\u8087\u5e86\u7f9a\u7f8a\u5ce1\u5c71\u6cc9\u8c37\uff0c\u67d0\u5904\u68ee\u6797\u767b\u5c71\u6b65\u9053\u6cbf\u8def\u6709\u591a\u4e2a\u6c34\u8d28\u6e05\u6f88\u89c1\u5e95\u7684\u5c0f\u6c34\u6f6d\uff0c\u5728\u5c3d\u5934\u6700\u9ad8\u5904\u7684\u5c0f\u7011\u5e03\u5e95\u4e0b\u7684\u5c0f\u6c34\u6f6d\uff0c\u6b63\u662f\u6700\u4f73\u201c\u51b0\u6cc9\u6ce1\u6c60\u201d\uff0c\u8fd9\u91cc\u4e00\u822c\u6e38\u4eba\u5f88\u5c11\uff0c\u5e73\u65e5\u5c31\u66f4\u52a0\u6e05\u5e7d\u5b81\u9759\u4e86\uff0c\u662f\u5168\u8eab\u5fc3\u6295\u5165\u5927\u81ea\u7136\u7684\u6700\u4f73\u5723\u5730\uff01\u5e0c\u671b\u6c38\u8fdc\u4e5f\u4e0d\u8981\u53d8\u6210\u6e38\u4eba\u55a7\u56a3\u4e4b\u5730\u3002"", ""date"": ""2021-08-02"", ""score"": 5, ""commentId"": ""220085195"", ""imgs"": [{""small"": ""https://imgs.qunarzz.com/piao/fusion/2108/53/6d003c526425fd02.jpg_120x120_316d77dc.jpg"", ""title"": """", ""big"": ""https://imgs.qunarzz.com/piao/fusion/2108/53/6d003c526425fd02.jpg""}, {""small"": ""https://imgs.qunarzz.com/piao/fusion/2108/99/f6a6fb737d831e02.jpg_120x120_6644107e.jpg"", ""title"": """", ""big"": ""https://imgs.qunarzz.com/piao/fusion/2108/99/f6a6fb737d831e02.jpg""}, {""small"": ""https://imgs.qunarzz.com/piao/fusion/2108/e4/d0a40e44cebb6802.jpg_120x120_db12fdfe.jpg"", ""title"": """", ""big"": ""https://imgs.qunarzz.com/piao/fusion/2108/e4/d0a40e44cebb6802.jpg""}, {""small"": ""https://imgs.qunarzz.com/piao/fusion/2108/d5/760abbc1ff6c6f02.jpg_120x120_e9219eb1.jpg"", ""title"": """", ""big"": ""https://imgs.qunarzz.com/piao/fusion/2108/d5/760abbc1ff6c6f02.jpg""}, {""small"": ""https://imgs.qunarzz.com/piao/fusion/2108/18/78c98fe20ab87d02.jpg_120x120_c51d61a4.jpg"", ""title"": """", ""big"": ""https://imgs.qunarzz.com/piao/fusion/2108/18/78c98fe20ab87d02.jpg""}, {""small"": ""https://imgs.qunarzz.com/piao/fusion/2108/1e/639222232c4dea02.jpg_120x120_0e34b136.jpg"", ""title"": """", ""big"": ""https://imgs.qunarzz.com/piao/fusion/2108/1e/639222232c4dea02.jpg""}, {""small"": ""https://imgs.qunarzz.com/piao/fusion/2108/6b/a4731faa98e64802.jpg_120x120_f2a69709.jpg"", ""title"": """", ""big"": ""https://imgs.qunarzz.com/piao/fusion/2108/6b/a4731faa98e64802.jpg""}, {""small"": ""https://imgs.qunarzz.com/piao/fusion/2108/5d/9b9987ee5e92cf02.jpg_120x120_3e8db828.jpg"", ""title"": """", ""big"": ""https://imgs.qunarzz.com/piao/fusion/2108/5d/9b9987ee5e92cf02.jpg""}, {""small"": ""https://imgs.qunarzz.com/piao/fusion/2108/f0/ed9e9fd21808c302.jpg_120x120_bd5857a0.jpg"", ""title"": """", ""big"": ""https://imgs.qunarzz.com/piao/fusion/2108/f0/ed9e9fd21808c302.jpg""}], ""userNickName"": ""\u7cbe*\u4fa0"", ""replyCityName"": """", ""cityName"": """"}], ""score"": 5.0, ""commentCount"": 2}, ""statusCode"": 200}"
白沙龙母庙,https://qimgs.qunarzz.com/piao_qsight_provider_piao_qsight_web/0101l1200092ltk4f8B95_C_900_504.jpg_280x200_03833510.jpg,肇庆市,端州区,广东省肇庆市端州区锦绣山河附近,38,4.6,肇庆市重点文物保护单位,https://piao.qunar.com/ticket/detail_1371939786.html?st=a3clM0QlRTclQUIlQUYlRTUlQjclOUUlRTUlOEMlQkElMjZpZCUzRDMyNDc4JTI2dHlwZSUzRDAlMjZpZHglM0Q2JTI2cXQlM0QlMjZhcGslM0QyJTI2c2MlM0RXV1clMjZ1ciUzRCVFNCVCOCVBRCVFNSVCMSVCMSUyNmxyJTNEJUU0JUI4JUFEJUU1JUIxJUIxJTI2ZnQlM0QlN0IlN0Q%3D#from=mpl_search_suggest,4.0,N/A,"白沙龙母庙位于肇庆市西郊龟顶山之东，庙址面临西江北岸的白沙滩，故名白沙龙母庙， 1984年11月，肇庆市政府公布白沙龙母庙为肇庆市重点文物保护单位。白沙龙母庙始建于南宋咸淳年间（1265-1274）。此庙历代有修葺，其建筑布局坐北向南，以中轴线贯穿整个建筑群。从河滨广荫石牌坊进入，空地通道之旁，东有龙母亭，西有戏台，通首直达山门，内为朝厅，耳房设在两侧，再往前走，是大殿和龙母后殿，大殿两旁各有青云巷，东西配殿、庙舍，客厅位于巷的外侧。建筑的四周，是宽广深邃的庭院花园，其间古树苍葱挺拔，小鸟啼鸣，花香扑鼻，香烟袅绕，显得环境寂静清幽。白沙龙母庙现存较好的是""广荫坊""，它是一个不可多得的清代古观石牌坊。广荫坊立在500毫米高的精雕花岗岩石须弥座上，面宽17M，高6.5M（庙面宽33.33M），约为庙宽1/2，六柱开间，全为花岗岩石精雕而成的冲天柱石牌坊。上镶一块前后两面刻着刚劲有力的宋体""圣旨""的匾额，下额枋板的匾额中刻有稳健，庄重的""加封广荫""与背面历代帝皇的八大封号，两则边上配以人物花卉。左右额枋板上前后以一种风韵雅趣的构图刻出玉龙戏水与雄狮下山的精雕石刻。稍间的额枋板上的匾额也刻有""永济""，""孝道""的雄健大字，边上各有花卉相配，柱上刻有稳健的楷书楹联及记事。",1/1-12/31；周一至周日；08:30-17:30开园,https://qimgs.qunarzz.com/piao_qsight_provider_piao_qsight_web/0101l1200092ltk4f8B95_C_900_504.jpg_710x360_516b7eea.jpg〇https://qimgs.qunarzz.com/piao_qsight_provider_piao_qsight_web/010011200092lswniA1F5_C_900_504_Q90_Mtg_7.jpg_710x360_a8deea66.jpg〇https://qimgs.qunarzz.com/piao_qsight_provider_piao_qsight_web/0103f120008gkumw69DF4_C_900_504_Q90_Mtg_7.jpg_710x360_b03128a1.jpg〇https://qimgs.qunarzz.com/piao_qsight_provider_piao_qsight_web/0101l1200092ltk4f8B95_C_900_504_Q90_Mtg_7.jpg_710x360_24f97185.jpg〇https://imgs.qunarzz.com/sight/p0/1410/15/7d4f6f0fe1c0683c9b45f51cf6b4bdc6.jpg_710x360_97d9c7bb.jpg〇https://imgs.qunarzz.com/sight/p0/1410/15/8c3bf8bfb2b5a9a82f3769cad567b822.jpg_710x360_c46c5f51.jpg〇https://imgs.qunarzz.com/sight/p0/1410/15/5f1483b276e4fe3d08b8cbb4feb096a8.jpg_710x360_f51ec6f8.jpg〇https://imgs.qunarzz.com/sight/p0/1410/15/75298438a5901b897447df1f7f94ffe7.jpg_710x360_fcc556bd.jpg,"{""ret"": true, ""data"": {""tagList"": [{""tagType"": 8, ""tagScore"": 5, ""tagNum"": 1, ""tagName"": ""\u4fbf\u5b9c""}, {""tagType"": 4, ""tagScore"": 5, ""tagNum"": 1, ""tagName"": ""\u53d6\u7968\u65b9\u4fbf""}, {""tagType"": 2, ""tagScore"": 5, ""tagNum"": 4, ""tagName"": ""\u4e2d\u8bc4""}, {""tagType"": 1, ""tagScore"": 5, ""tagNum"": 34, ""tagName"": ""\u597d\u8bc4""}, {""tagType"": 0, ""tagScore"": 5, ""tagNum"": 38, ""tagName"": ""\u5168\u90e8""}], ""commentList"": [{""author"": ""s*0"", ""content"": ""\u7528\u6237\u672a\u70b9\u8bc4\uff0c\u7cfb\u7edf\u9ed8\u8ba4\u597d\u8bc4\u3002"", ""date"": ""2024-11-30"", ""score"": 5, ""commentId"": ""239015198"", ""imgs"": [], ""userNickName"": ""s*0"", ""replyCityName"": """", ""cityName"": """"}, {""author"": ""C*F"", ""content"": ""\u7528\u6237\u672a\u70b9\u8bc4\uff0c\u7cfb\u7edf\u9ed8\u8ba4\u597d\u8bc4\u3002"", ""date"": ""2024-09-27"", ""score"": 5, ""commentId"": ""237319652"", ""imgs"": [], ""userNickName"": ""C*F"", ""replyCityName"": """", ""cityName"": """"}, {""author"": ""C*o"", ""content"": ""\u7528\u6237\u672a\u70b9\u8bc4\uff0c\u7cfb\u7edf\u9ed8\u8ba4\u597d\u8bc4\u3002"", ""date"": ""2024-06-12"", ""score"": 5, ""commentId"": ""234303932"", ""imgs"": [], ""userNickName"": ""C*o"", ""replyCityName"": """", ""cityName"": """"}, {""author"": ""w*4"", ""content"": ""\u7528\u6237\u672a\u70b9\u8bc4\uff0c\u7cfb\u7edf\u9ed8\u8ba4\u597d\u8bc4\u3002"", ""date"": ""2024-03-16"", ""score"": 5, ""commentId"": ""232258627"", ""imgs"": [], ""userNickName"": ""w*4"", ""replyCityName"": """", ""cityName"": """"}, {""author"": ""\u53bb*\u6237"", ""content"": ""\u7528\u6237\u672a\u70b9\u8bc4\uff0c\u7cfb\u7edf\u9ed8\u8ba4\u597d\u8bc4\u3002"", ""date"": ""2023-10-04"", ""score"": 5, ""commentId"": ""229268309"", ""imgs"": [], ""userNickName"": ""\u53bb*\u6237"", ""replyCityName"": """", ""cityName"": """"}, {""author"": ""\u53bb*\u6237"", ""content"": ""\u7528\u6237\u672a\u70b9\u8bc4\uff0c\u7cfb\u7edf\u9ed8\u8ba4\u597d\u8bc4\u3002"", ""date"": ""2023-09-26"", ""score"": 5, ""commentId"": ""229080852"", ""imgs"": [], ""userNickName"": ""\u53bb*\u6237"", ""replyCityName"": """", ""cityName"": """"}, {""author"": ""s*0"", ""content"": ""\u7528\u6237\u672a\u70b9\u8bc4\uff0c\u7cfb\u7edf\u9ed8\u8ba4\u597d\u8bc4\u3002"", ""date"": ""2023-09-25"", ""score"": 5, ""commentId"": ""229061392"", ""imgs"": [], ""userNickName"": ""s*0"", ""replyCityName"": """", ""cityName"": """"}, {""author"": ""x*8"", ""content"": ""\u7528\u6237\u672a\u70b9\u8bc4\uff0c\u7cfb\u7edf\u9ed8\u8ba4\u597d\u8bc4\u3002"", ""date"": ""2023-09-06"", ""score"": 5, ""commentId"": ""228179454"", ""imgs"": [], ""userNickName"": ""x*8"", ""replyCityName"": """", ""cityName"": """"}, {""author"": ""k*6"", ""content"": ""\u7528\u6237\u672a\u70b9\u8bc4\uff0c\u7cfb\u7edf\u9ed8\u8ba4\u597d\u8bc4\u3002"", ""date"": ""2023-08-08"", ""score"": 5, ""commentId"": ""227138727"", ""imgs"": [], ""userNickName"": ""k*6"", ""replyCityName"": """", ""cityName"": """"}, {""author"": ""z*\u7ef4"", ""content"": ""\u8087\u5e86\u5e02\uff0c\u90ca\u533a\u53c8\u4e00\u7948\u798f\u4e4b\u5730\uff01\uff01\uff01\u613f\u56fd\u6cf0\u6c11\u5b89\uff01\u8eab\u4f53\u5065\u5eb7\uff01"", ""date"": ""2022-07-17"", ""score"": 5, ""commentId"": ""222556073"", ""imgs"": [{""small"": ""https://mp-piao-admincp.qunarzz.com/mp_piao_admin_mp_piao_admin/fusion/20227/5ff2be1c5c3b0f185fdd9a08a7ad6d87.jpg_120x120_54cbbcc8.jpg"", ""title"": """", ""big"": ""https://mp-piao-admincp.qunarzz.com/mp_piao_admin_mp_piao_admin/fusion/20227/5ff2be1c5c3b0f185fdd9a08a7ad6d87.jpg""}, {""small"": ""https://mp-piao-admincp.qunarzz.com/mp_piao_admin_mp_piao_admin/fusion/20227/ea5d83b68ef0968da0d56c757694e7bc.jpg_120x120_17f6bc74.jpg"", ""title"": """", ""big"": ""https://mp-piao-admincp.qunarzz.com/mp_piao_admin_mp_piao_admin/fusion/20227/ea5d83b68ef0968da0d56c757694e7bc.jpg""}], ""userNickName"": ""z*\u7ef4"", ""replyCityName"": """", ""cityName"": """"}], ""score"": 4.6, ""commentCount"": 38}, ""statusCode"": 200}"
星湖湿地公园,https://qimgs.qunarzz.com/piao_qsight_provider_piao_qsight_web/0106e12000f6q5d4f454D_C_900_504.jpg_280x200_4995c3b3.jpg,肇庆市,端州区,肇庆市端州区星湖大道,355,4.9,观赏种类丰富的湿地鸟类,https://piao.qunar.com/ticket/detail_3417467230.html?st=a3clM0QlRTclQUIlQUYlRTUlQjclOUUlRTUlOEMlQkElMjZpZCUzRDQ5NCUyNnR5cGUlM0QwJTI2aWR4JTNENSUyNnF0JTNEJTI2YXBrJTNEMiUyNnNjJTNEV1dXJTI2dXIlM0QlRTQlQjglQUQlRTUlQjElQjElMjZsciUzRCVFNCVCOCVBRCVFNSVCMSVCMSUyNmZ0JTNEJTdCJTdE#from=mpl_search_suggest,65.0,N/A,广东星湖国家湿地公园在肇庆市城区，总面积935公顷，水面面积677公顷。以岩溶、湖泊、浅滩构成，是肇庆的城市之肾、主要有出米洞、卧佛含丹、湿地宣教中心、观佛岛、火烈鸟岛、丹顶鹤岛、野生鹭鸟岛等景观。,1/1-12/31；周一至周日；09:00-16:30开园,https://qimgs.qunarzz.com/piao_qsight_provider_piao_qsight_web/0106e12000f6q5d4f454D_C_900_504.jpg_710x360_054cba5c.jpg〇https://qimgs.qunarzz.com/piao_qsight_provider_piao_qsight_web/0106e12000f6q5d4f454D_C_900_504_Q90_Mtg_7.jpg_710x360_a7647d4f.jpg〇https://qimgs.qunarzz.com/piao_qsight_provider_piao_qsight_web/350d10000000o0rz0C38B_C_900_504_Q90_Mtg_7.jpg_710x360_0b6625d0.jpg〇https://qimgs.qunarzz.com/piao_qsight_provider_piao_qsight_web/350o10000000o13i307BD_C_900_504_Q90_Mtg_7.jpg_710x360_21ea6949.jpg〇https://qimgs.qunarzz.com/piao_qsight_provider_piao_qsight_web/350l10000000o2f5t685F_C_900_504_Q90_Mtg_7.jpg_710x360_edbee531.jpg〇https://qimgs.qunarzz.com/piao_qsight_provider_piao_qsight_web/350h10000000o3tstDAFA_C_900_504_Q90_Mtg_7.jpg_710x360_212e1e10.jpg〇https://qimgs.qunarzz.com/piao_qsight_provider_piao_qsight_web/350h10000000o3tsuEADB_C_900_504_Q90_Mtg_7.jpg_710x360_f2fd21d1.jpg〇https://qimgs.qunarzz.com/piao_qsight_provider_piao_qsight_web/0100k120008ijfvcf93C8_C_900_504_Q90_Mtg_7.jpg_710x360_a038c82a.jpg〇https://qimgs.qunarzz.com/piao_qsight_provider_piao_qsight_web/350110000000of6hz4792_C_900_504_Q90_Mtg_7.jpg_710x360_101d7223.jpg〇https://qimgs.qunarzz.com/piao_qsight_provider_piao_qsight_web/0104p120008jqlqus5541_C_900_504_Q90_Mtg_7.jpg_710x360_25494f32.jpg〇https://qimgs.qunarzz.com/piao_qsight_provider_piao_qsight_web/0105y120008ih45b19825_C_900_504_Q90_Mtg_7.jpg_710x360_0e70efb6.jpg〇https://imgs.qunarzz.com/sight/p0/201402/11/6e0b0f0848dfbdfec69c3490942cc704.jpg_710x360_13cb5846.jpg〇https://imgs.qunarzz.com/sight/p0/201402/11/fec37f4207ff24b4534dc9d8ce0be38f.jpg_710x360_2446ad77.jpg〇https://imgs.qunarzz.com/sight/p0/201402/11/01363920925e840ba51ff61b94c0cf79.jpg_710x360_7c31a508.jpg〇https://imgs.qunarzz.com/sight/p0/201402/11/6cd38bb3ec89262584a3d7b65e9ab9d1.jpg_710x360_26dbe738.jpg〇https://imgs.qunarzz.com/sight/p0/201303/05/0dbd4ce095f8b07ec8d65eac.jpg_710x360_38b4b432.jpg〇https://qimgs.qunarzz.com/piao_qsight_provider_piao_qsight_web/62d47b723f2863f7.jpg_710x360_cf3fe647.jpg〇https://qimgs.qunarzz.com/piao_qsight_provider_piao_qsight_web/c4d3a4790cbe7b5.jpg_710x360_39bc53c5.jpg〇https://qimgs.qunarzz.com/piao_qsight_provider_piao_qsight_web/5dfe50bde88fd7b5.jpg_710x360_533ce6f3.jpg〇https://qimgs.qunarzz.com/piao_qsight_provider_piao_qsight_web/1562699061037100a16000000z6rrs2EC7_D_640_10000.jpg_710x360_1ef3d9e5.jpg〇https://qimgs.qunarzz.com/piao_qsight_provider_piao_qsight_web/1562699060717100g16000000z653t2031_D_640_10000.jpg_710x360_23e5658c.jpg〇https://qimgs.qunarzz.com/piao_qsight_provider_piao_qsight_web/1562699060392100k16000000z9mqg6560_D_640_10000.jpg_710x360_32a8feaa.jpg〇https://qimgs.qunarzz.com/piao_qsight_provider_piao_qsight_web/1562699060051100416000000z4fke0ECC_D_640_10000.jpg_710x360_bb67963c.jpg〇https://qimgs.qunarzz.com/piao_qsight_provider_piao_qsight_web/1562699059517100u16000000z5f7a2660_D_640_10000.jpg_710x360_23acdc8f.jpg〇https://qimgs.qunarzz.com/piao_qsight_provider_piao_qsight_web/1562699058899100b16000000z7u6e849D_D_640_10000.jpg_710x360_4d421b2b.jpg〇https://qimgs.qunarzz.com/piao_qsight_provider_piao_qsight_web/1562699058455100k16000000z9mqf5581_D_640_10000.jpg_710x360_1309d459.jpg〇https://qimgs.qunarzz.com/piao_qsight_provider_piao_qsight_web/1562699058192100616000000z62l095C5_D_640_10000.jpg_710x360_85717aeb.jpg〇https://qimgs.qunarzz.com/piao_qsight_provider_piao_qsight_web/1562699057907100916000000z7uq40376_D_640_10000.jpg_710x360_193288f2.jpg〇https://qimgs.qunarzz.com/piao_qsight_provider_piao_qsight_web/1562056879895100915000000yt7382B65_D_640_10000.jpg_710x360_b459be69.jpg〇https://qimgs.qunarzz.com/piao_qsight_provider_piao_qsight_web/1562056879164100n15000000ypuqo1A92_D_640_10000.jpg_710x360_c07b46b6.jpg〇https://qimgs.qunarzz.com/piao_qsight_provider_piao_qsight_web/1562056878758100r15000000yp7rc6298_D_640_10000.jpg_710x360_44a14101.jpg〇https://qimgs.qunarzz.com/piao_qsight_provider_piao_qsight_web/cb022c3c27941d02.jpg_710x360_01acfc2a.jpg〇https://qimgs.qunarzz.com/piao_qsight_provider_piao_qsight_web/de94ed7ed7ebdf02.jpg_710x360_953ff819.jpg〇https://qimgs.qunarzz.com/piao_qsight_provider_piao_qsight_web/115658c2cab4d002.jpg_710x360_7cfa2aa6.jpg〇https://qimgs.qunarzz.com/piao_qsight_provider_piao_qsight_web/f74381e8019b6c02.jpg_710x360_34c20c5b.jpg〇https://qimgs.qunarzz.com/piao_qsight_provider_piao_qsight_web/b54934ffd4e83d02.jpg_710x360_0feec4ea.jpg,"{""ret"": true, ""data"": {""tagList"": [{""tagType"": 16, ""tagScore"": 5, ""tagNum"": 1, ""tagName"": ""\u9760\u8c31""}, {""tagType"": 8, ""tagScore"": 5, ""tagNum"": 1, ""tagName"": ""\u4fbf\u5b9c""}, {""tagType"": 3, ""tagScore"": 5, ""tagNum"": 1, ""tagName"": ""\u5dee\u8bc4""}, {""tagType"": 2, ""tagScore"": 5, ""tagNum"": 1, ""tagName"": ""\u4e2d\u8bc4""}, {""tagType"": 1, ""tagScore"": 5, ""tagNum"": 351, ""tagName"": ""\u597d\u8bc4""}, {""tagType"": 0, ""tagScore"": 5, ""tagNum"": 355, ""tagName"": ""\u5168\u90e8""}], ""commentList"": [{""author"": ""\u53bb*\u6237"", ""content"": ""\u7814\u5b66\u8def\u7ebf\u8fd8\u662f\u5f88\u503c\u5f97\u53bb\u7684\uff0c\u4e3b\u8981\u662f\u53bb\u770b\u4e0b\u4e39\u9876\u9e64\uff0c\u5e26\u5a03\u53bb\u7684\u8bdd\u662f\u4e0d\u9519\u7684\u4f53\u9a8c\uff0c\u4e5f\u4e0d\u7d2f\u3002"", ""date"": ""2024-10-03"", ""score"": 5, ""commentId"": ""237481113"", ""imgs"": [{""small"": ""https://qimgs.qunarzz.com/mp_piao_0001/temp7977659704067375559file_1727965153000.jpg_120x120_4ca64de7.jpg"", ""title"": """", ""big"": ""https://qimgs.qunarzz.com/mp_piao_0001/temp7977659704067375559file_1727965153000.jpg""}, {""small"": ""https://qimgs.qunarzz.com/mp_piao_0001/temp5478072922129531193file_1727965153000.jpg_120x120_43f95c72.jpg"", ""title"": """", ""big"": ""https://qimgs.qunarzz.com/mp_piao_0001/temp5478072922129531193file_1727965153000.jpg""}], ""userNickName"": ""\u53bb*\u6237"", ""replyCityName"": """", ""cityName"": ""\u5e7f\u4e1c""}, {""author"": ""x*6"", ""content"": ""\u7528\u6237\u672a\u70b9\u8bc4\uff0c\u7cfb\u7edf\u9ed8\u8ba4\u597d\u8bc4\u3002"", ""date"": ""2024-11-05"", ""score"": 5, ""commentId"": ""238583727"", ""imgs"": [], ""userNickName"": ""x*6"", ""replyCityName"": """", ""cityName"": """"}, {""author"": ""z*1"", ""content"": ""\u7528\u6237\u672a\u70b9\u8bc4\uff0c\u7cfb\u7edf\u9ed8\u8ba4\u597d\u8bc4\u3002"", ""date"": ""2024-11-04"", ""score"": 5, ""commentId"": ""238464407"", ""imgs"": [], ""userNickName"": ""z*1"", ""replyCityName"": """", ""cityName"": """"}, {""author"": ""\u53bb*\u6237"", ""content"": ""\u7528\u6237\u672a\u70b9\u8bc4\uff0c\u7cfb\u7edf\u9ed8\u8ba4\u597d\u8bc4\u3002"", ""date"": ""2024-11-04"", ""score"": 5, ""commentId"": ""238369260"", ""imgs"": [], ""userNickName"": ""\u53bb*\u6237"", ""replyCityName"": """", ""cityName"": """"}, {""author"": ""o*1"", ""content"": ""\u7528\u6237\u672a\u70b9\u8bc4\uff0c\u7cfb\u7edf\u9ed8\u8ba4\u597d\u8bc4\u3002"", ""date"": ""2024-11-03"", ""score"": 5, ""commentId"": ""238293310"", ""imgs"": [], ""userNickName"": ""o*1"", ""replyCityName"": """", ""cityName"": """"}, {""author"": ""\u53bb*\u6237"", ""content"": ""\u7528\u6237\u672a\u70b9\u8bc4\uff0c\u7cfb\u7edf\u9ed8\u8ba4\u597d\u8bc4\u3002"", ""date"": ""2024-11-03"", ""score"": 5, ""commentId"": ""238281694"", ""imgs"": [], ""userNickName"": ""\u53bb*\u6237"", ""replyCityName"": """", ""cityName"": """"}, {""author"": ""s*n"", ""content"": ""\u7528\u6237\u672a\u70b9\u8bc4\uff0c\u7cfb\u7edf\u9ed8\u8ba4\u597d\u8bc4\u3002"", ""date"": ""2024-11-03"", ""score"": 5, ""commentId"": ""238243827"", ""imgs"": [], ""userNickName"": ""s*n"", ""replyCityName"": """", ""cityName"": """"}, {""author"": ""s*n"", ""content"": ""\u7528\u6237\u672a\u70b9\u8bc4\uff0c\u7cfb\u7edf\u9ed8\u8ba4\u597d\u8bc4\u3002"", ""date"": ""2024-11-03"", ""score"": 5, ""commentId"": ""238242139"", ""imgs"": [], ""userNickName"": ""s*n"", ""replyCityName"": """", ""cityName"": """"}, {""author"": ""a*2"", ""content"": ""\u7528\u6237\u672a\u70b9\u8bc4\uff0c\u7cfb\u7edf\u9ed8\u8ba4\u597d\u8bc4\u3002"", ""date"": ""2024-11-03"", ""score"": 5, ""commentId"": ""238233692"", ""imgs"": [], ""userNickName"": ""a*2"", ""replyCityName"": """", ""cityName"": """"}, {""author"": ""M*\u8f9b"", ""content"": ""\u7528\u6237\u672a\u70b9\u8bc4\uff0c\u7cfb\u7edf\u9ed8\u8ba4\u597d\u8bc4\u3002"", ""date"": ""2024-11-03"", ""score"": 5, ""commentId"": ""238148553"", ""imgs"": [], ""userNickName"": ""M*\u8f9b"", ""replyCityName"": """", ""cityName"": """"}], ""score"": 4.9, ""commentCount"": 355}, ""statusCode"": 200}"
梅庵,https://imgs.qunarzz.com/sight/p27/201211/02/db643b27296271c493835fbb.jpg_280x200_d403f1bf.jpg,肇庆市,端州区,广东省肇庆市端州区梅庵岗,2,4.5,岭南少有的千年古刹,https://piao.qunar.com/ticket/detail_2033295096.html?st=a3clM0QlRTclQUIlQUYlRTUlQjclOUUlRTUlOEMlQkElMjZpZCUzRDcwNTQlMjZ0eXBlJTNEMCUyNmlkeCUzRDE0JTI2cXQlM0QlMjZhcGslM0QyJTI2c2MlM0RXV1clMjZ1ciUzRCVFNCVCOCVBRCVFNSVCMSVCMSUyNmxyJTNEJUU0JUI4JUFEJUU1JUIxJUIxJTI2ZnQlM0QlN0IlN0Q%3D#from=mpl_search_suggest,-1.0,N/A,"梅庵,在肇庆市西2公里梅庵岗，北枕北岭山，面对滔滔西江水，是岭南少有的千年古刹。梅庵始建于宋至道二年（996年）。据载，唐佛教禅宗六祖惠能回新兴时路过肇庆曾在此山岗插梅为记。后来智远和尚为纪念先师，便在惠能插梅处建庵，取名梅庵，以示不忘.梅庵占地面积5000平方米，建筑面积1400平方米，四周筑有围墙保护.主体建筑由山门、大雄宝殿、六祖殿、前后天井、前后两廊组成；附属建筑有庵前平台、六祖井、两侧的众缘堂、荃香室、常光亭、六云亭、碑廊和梅园等。明嘉靖年间（1522—1566年），梅庵曾改为夏公祠，佛像全部被弃置于庵后露天处。明万历元年（1573年）后，一些寺僧曾对梅庵先后作过7次较大的重修和扩建，对佛像进行过2次装金。1995年，梅庵经全面维修与扩建后，面貌为之焕然一新：山门前，几株新载的印度正宗菩提树，叶茂枝繁，常绿如盖；梅花园，每岁新春，梅花压枝怒放；新修建的壁画室，壁上展示了六祖惠能学佛艰辛历程的巨幅长卷；六祖殿内，重光的六祖像端坐在殿堂中部的佛龛内，金身铜面，光彩照人，正是“菩提无物还真本，明镜非台证色空”。尤其是大雄宝殿，其梁架、斗拱均保留了宋朝建筑的结构风格，堪称江南珍贵的北宋遗构.大雄宝殿的斗拱为七铺作，双杪三下昂，出跳总长达120分，位居全国斗拱前列.斗拱拱头无拱瓣，为宋《营造法式》问世以前的古风；斗底刻皿板，保留中唐以前之古制，同时斗拱还保留有拱栓、昂栓，这一突出特色，实属全国罕见。",01/01-12/31；8:30-17:00开园,https://imgs.qunarzz.com/sight/p27/201211/02/db643b27296271c493835fbb.jpg_710x360_ba2a2fbc.jpg〇https://qimgs.qunarzz.com/piao_qsight_provider_piao_qsight_web/06dce9141c5487.jpg_710x360_7440f9a5.jpg〇https://qimgs.qunarzz.com/piao_qsight_provider_piao_qsight_web/4c5c7f088027d0.jpg_710x360_73947948.jpg〇https://qimgs.qunarzz.com/piao_qsight_provider_piao_qsight_web/8e3f3ee4-e84a-4298-b33b-3ec1a9e0b73f.jpg_710x360_c220c1b2.jpg〇https://qimgs.qunarzz.com/piao_qsight_provider_piao_qsight_web/415efd7074b53437.jpg_710x360_4b7de255.jpg〇https://qimgs.qunarzz.com/piao_qsight_provider_piao_qsight_web/7ff2cc482c6950.jpg_710x360_97dfd5c6.jpg〇https://qimgs.qunarzz.com/piao_qsight_provider_piao_qsight_web/6ca11c8256378a.jpg_710x360_d3c01d5d.jpg,"{""ret"": true, ""data"": {""tagList"": [{""tagType"": 1, ""tagScore"": 5, ""tagNum"": 2, ""tagName"": ""\u597d\u8bc4""}, {""tagType"": 0, ""tagScore"": 5, ""tagNum"": 2, ""tagName"": ""\u5168\u90e8""}], ""commentList"": [{""author"": ""W*6"", ""content"": ""\u5f88\u597d\u73a9\u7684\u5730\u65b9\uff0c\u98ce\u666f\u4f18\u7f8e\uff0c\u5f88\u559c\u6b22"", ""date"": ""2016-12-14"", ""score"": 5, ""commentId"": ""136014826"", ""imgs"": [], ""userNickName"": ""W*6"", ""replyCityName"": """", ""cityName"": """"}, {""author"": ""\u7cbe*\u4fa0"", ""content"": ""\u514d\u8d39\u53c2\u89c2\u7684\u53e4\u8001\u9053\u89c2\uff0c\u51ac\u5929\u8d4f\u6885\u662f\u5f88\u6709\u540d\u6c14\u7684\u4f20\u7edf\u666f\u89c2\u3002"", ""date"": ""2016-07-31"", ""score"": 4, ""commentId"": ""123607513"", ""imgs"": [], ""userNickName"": ""\u7cbe*\u4fa0"", ""replyCityName"": """", ""cityName"": """"}], ""score"": 4.5, ""commentCount"": 2}, ""statusCode"": 200}"
七彩乐滑彩虹滑道,https://qimgs.qunarzz.com/piao_qsight_provider_piao_qsight_web/temp56724699863638388870102u120009eqiqelF751_wmr.jpg_280x200_93d6a882.jpg,肇庆市,端州区,肇庆市端州区北岭二路中游房车营地内,14,5.0,N/A,https://piao.qunar.com/ticket/detail_1351084688.html?st=a3clM0QlRTclQUIlQUYlRTUlQjclOUUlRTUlOEMlQkElMjZpZCUzRDUxNDQ1MSUyNnR5cGUlM0QwJTI2aWR4JTNEMTMlMjZxdCUzRCUyNmFwayUzRDIlMjZzYyUzRFdXVyUyNnVyJTNEJUU0JUI4JUFEJUU1JUIxJUIxJTI2bHIlM0QlRTQlQjglQUQlRTUlQjElQjElMjZmdCUzRCU3QiU3RA%3D%3D#from=mpl_search_suggest,-1.0,N/A,N/A,1/1-12/31；周一至周日；10:00-22:00开园,https://qimgs.qunarzz.com/piao_qsight_provider_piao_qsight_web/temp56724699863638388870102u120009eqiqelF751_wmr.jpg_710x360_58935829.jpg,"{""ret"": true, ""data"": {""tagList"": [{""tagType"": 1, ""tagScore"": 5, ""tagNum"": 14, ""tagName"": ""\u597d\u8bc4""}, {""tagType"": 0, ""tagScore"": 5, ""tagNum"": 14, ""tagName"": ""\u5168\u90e8""}], ""commentList"": [{""author"": ""\u5c0f*\u6cb9"", ""content"": ""\u7528\u6237\u672a\u70b9\u8bc4\uff0c\u7cfb\u7edf\u9ed8\u8ba4\u597d\u8bc4\u3002"", ""date"": ""2023-07-31"", ""score"": 5, ""commentId"": ""226913877"", ""imgs"": [], ""userNickName"": ""\u5c0f*\u6cb9"", ""replyCityName"": """", ""cityName"": """"}, {""author"": ""\u98de*6"", ""content"": ""\u7528\u6237\u672a\u70b9\u8bc4\uff0c\u7cfb\u7edf\u9ed8\u8ba4\u597d\u8bc4\u3002"", ""date"": ""2023-07-23"", ""score"": 5, ""commentId"": ""226699633"", ""imgs"": [], ""userNickName"": ""\u98de*6"", ""replyCityName"": """", ""cityName"": """"}, {""author"": ""\u98de*6"", ""content"": ""\u7528\u6237\u672a\u70b9\u8bc4\uff0c\u7cfb\u7edf\u9ed8\u8ba4\u597d\u8bc4\u3002"", ""date"": ""2023-07-23"", ""score"": 5, ""commentId"": ""226699513"", ""imgs"": [], ""userNickName"": ""\u98de*6"", ""replyCityName"": """", ""cityName"": """"}, {""author"": ""j*s"", ""content"": ""\u7528\u6237\u672a\u70b9\u8bc4\uff0c\u7cfb\u7edf\u9ed8\u8ba4\u597d\u8bc4\u3002"", ""date"": ""2023-06-01"", ""score"": 5, ""commentId"": ""225983637"", ""imgs"": [], ""userNickName"": ""j*s"", ""replyCityName"": """", ""cityName"": """"}, {""author"": ""j*s"", ""content"": ""\u7528\u6237\u672a\u70b9\u8bc4\uff0c\u7cfb\u7edf\u9ed8\u8ba4\u597d\u8bc4\u3002"", ""date"": ""2023-06-01"", ""score"": 5, ""commentId"": ""225983227"", ""imgs"": [], ""userNickName"": ""j*s"", ""replyCityName"": """", ""cityName"": """"}, {""author"": ""h*5"", ""content"": ""\u7528\u6237\u672a\u70b9\u8bc4\uff0c\u7cfb\u7edf\u9ed8\u8ba4\u597d\u8bc4\u3002"", ""date"": ""2022-11-03"", ""score"": 5, ""commentId"": ""223696528"", ""imgs"": [], ""userNickName"": ""h*5"", ""replyCityName"": """", ""cityName"": """"}, {""author"": ""h*5"", ""content"": ""\u7528\u6237\u672a\u70b9\u8bc4\uff0c\u7cfb\u7edf\u9ed8\u8ba4\u597d\u8bc4\u3002"", ""date"": ""2022-11-03"", ""score"": 5, ""commentId"": ""223690231"", ""imgs"": [], ""userNickName"": ""h*5"", ""replyCityName"": """", ""cityName"": """"}, {""author"": ""\u53bb*\u6237"", ""content"": ""\u7528\u6237\u672a\u70b9\u8bc4\uff0c\u7cfb\u7edf\u9ed8\u8ba4\u597d\u8bc4\u3002"", ""date"": ""2022-11-02"", ""score"": 5, ""commentId"": ""223665066"", ""imgs"": [], ""userNickName"": ""\u53bb*\u6237"", ""replyCityName"": """", ""cityName"": """"}, {""author"": ""\u53bb*\u6237"", ""content"": ""\u7528\u6237\u672a\u70b9\u8bc4\uff0c\u7cfb\u7edf\u9ed8\u8ba4\u597d\u8bc4\u3002"", ""date"": ""2022-11-01"", ""score"": 5, ""commentId"": ""223636113"", ""imgs"": [], ""userNickName"": ""\u53bb*\u6237"", ""replyCityName"": """", ""cityName"": """"}, {""author"": ""\u53bb*\u6237"", ""content"": ""\u7528\u6237\u672a\u70b9\u8bc4\uff0c\u7cfb\u7edf\u9ed8\u8ba4\u597d\u8bc4\u3002"", ""date"": ""2022-11-01"", ""score"": 5, ""commentId"": ""223632470"", ""imgs"": [], ""userNickName"": ""\u53bb*\u6237"", ""replyCityName"": """", ""cityName"": """"}], ""score"": 5.0, ""commentCount"": 14}, ""statusCode"": 200}"
肇庆三元塔,https://imgs.qunarzz.com/sight/p0/1409/28/5561663676089ef47a74a4a0489b027f.jpg_280x200_a45a78b8.jpg,肇庆市,德庆县,广东省肇庆市德庆县321国道,35,4.2,感受古人的建筑造诣，体验佛教文化的精髓,https://piao.qunar.com/ticket/detail_2739966255.html?st=a3clM0QlRTUlQkUlQjclRTUlQkElODYlRTUlOEUlQkYlMjZpZCUzRDE2MDAwJTI2dHlwZSUzRDAlMjZpZHglM0QzJTI2cXQlM0QlMjZhcGslM0QyJTI2c2MlM0RXV1clMjZ1ciUzRCVFNCVCOCVBRCVFNSVCMSVCMSUyNmxyJTNEJUU0JUI4JUFEJUU1JUIxJUIxJTI2ZnQlM0QlN0IlN0Q%3D#from=mpl_search_suggest,818.0,N/A,肇庆三元塔座落在德城镇东3公里风景秀丽的白沙山上。建于明万历二十七年（公元1599年）。是广东省重点文物保护单位。原为州人祈求在各级科举考试上头名，榜中“三元”得名。塔平面八角、高53米。为外九层内分十七层的阁式砖室塔， 墙壁厚3米，壁庵几何图形均称美观。穿壁绕平座结构。基础用红砂岩和花岗岩建造。檐梁、角柱、门帮颜色红白相间。须弥座各面刻有浮雕图案，转角处均雕饰神态各异的托塔力士。塔表批荡用料和工艺十分讲究，传说批荡塔身的时候，工匠按照“许新不许旧”的严格要求，选用的不是一般的土朱灰浆，而是名贵的银朱灰浆，因此，虽经历了400年的风雨雷电袭击，但至今仍鲜艳如昔，有“只新不旧”之美誉。整个建筑，技法与艺术水平较高，有独特风格。据传说，塔身全部用银朱灰涂抹，有“只新不旧”之说，至今尚鲜艳如昔。著名书法家秦萼生为该塔亲笔题联：“蘸笔豪书光日月，凭栏高唱定风波”。,暂无,https://imgs.qunarzz.com/sight/p0/1409/28/5561663676089ef47a74a4a0489b027f.jpg_710x360_1b815cb3.jpg〇https://imgs.qunarzz.com/sight/p0/1409/28/30151123df181236fe6a6ac9f8630d99.jpg_710x360_4252f73b.jpg〇https://imgs.qunarzz.com/sight/p0/1409/28/e7b5a1d71af798c1ed2ee93387de87bd.jpg_710x360_8dbac6ff.jpg〇https://imgs.qunarzz.com/sight/p0/1409/28/06561c60dcc3ee46801cec2582a102f0.jpg_710x360_663448fb.jpg〇https://qimgs.qunarzz.com/piao_qsight_provider_piao_qsight_web/c21fab91d2ccca02.jpg_710x360_9117620f.jpg〇https://qimgs.qunarzz.com/piao_qsight_provider_piao_qsight_web/6e9f8cf3d3ec0402.jpg_710x360_baefffa5.jpg〇https://qimgs.qunarzz.com/piao_qsight_provider_piao_qsight_web/c23133b25527c102.jpg_710x360_852bf73d.jpg〇https://qimgs.qunarzz.com/piao_qsight_provider_piao_qsight_web/3956f4130f7ed402.jpg_710x360_7ef45455.jpg〇https://qimgs.qunarzz.com/piao_qsight_provider_piao_qsight_web/293b74d995a535.jpg_710x360_ec41e557.jpg〇https://qimgs.qunarzz.com/piao_qsight_provider_piao_qsight_web/9b7d7b086d9dc1.jpg_710x360_76ccea77.jpg〇https://qimgs.qunarzz.com/piao_qsight_provider_piao_qsight_web/81daab675a5436.jpg_710x360_48e85754.jpg〇https://qimgs.qunarzz.com/piao_qsight_provider_piao_qsight_web/0bb983519a9290.jpg_710x360_5e6cc37d.jpg,"{""ret"": true, ""data"": {""tagList"": [{""tagType"": 2, ""tagScore"": 5, ""tagNum"": 12, ""tagName"": ""\u4e2d\u8bc4""}, {""tagType"": 1, ""tagScore"": 5, ""tagNum"": 23, ""tagName"": ""\u597d\u8bc4""}, {""tagType"": 0, ""tagScore"": 5, ""tagNum"": 35, ""tagName"": ""\u5168\u90e8""}], ""commentList"": [{""author"": ""\u53bb*\u6237"", ""content"": ""\u623f\u95f4\u5f88\u5927\u5f88\u8212\u670d\uff0c\u8fd8\u6709\u4e00\u4e2a\u6ce1\u6c60\u53ef\u4ee5\u6ce1\u6fa1\uff0c\u9152\u5e97\u5927\u5802\u5f88\u5927\u6c14\uff0c\u503c\u73ed\u7ecf\u7406\u5c0f\u6b27\u70b9\u8d5e\u5168\u7a0b\u4ecb\u7ecd\u3002"", ""date"": ""2024-10-15"", ""score"": 5, ""commentId"": ""237635321"", ""imgs"": [{""small"": ""https://qimgs.qunarzz.com/mp_piao_0001/temp1663008663707780881file_1728968654000.jpg_120x120_b3c9e54b.jpg"", ""title"": """", ""big"": ""https://qimgs.qunarzz.com/mp_piao_0001/temp1663008663707780881file_1728968654000.jpg""}], ""userNickName"": ""\u53bb*\u6237"", ""replyCityName"": """", ""cityName"": ""\u5e7f\u4e1c""}, {""author"": ""q*6"", ""content"": ""\u7528\u6237\u672a\u70b9\u8bc4\uff0c\u7cfb\u7edf\u9ed8\u8ba4\u597d\u8bc4\u3002"", ""date"": ""2024-06-05"", ""score"": 5, ""commentId"": ""234213296"", ""imgs"": [], ""userNickName"": ""q*6"", ""replyCityName"": """", ""cityName"": """"}, {""author"": ""c*6"", ""content"": ""\u7528\u6237\u672a\u70b9\u8bc4\uff0c\u7cfb\u7edf\u9ed8\u8ba4\u597d\u8bc4\u3002"", ""date"": ""2020-01-26"", ""score"": 5, ""commentId"": ""214009674"", ""imgs"": [], ""userNickName"": ""c*6"", ""replyCityName"": """", ""cityName"": """"}, {""author"": ""c*7"", ""content"": ""\u7528\u6237\u672a\u70b9\u8bc4\uff0c\u7cfb\u7edf\u9ed8\u8ba4\u597d\u8bc4\u3002"", ""date"": ""2020-01-14"", ""score"": 5, ""commentId"": ""213876077"", ""imgs"": [], ""userNickName"": ""c*7"", ""replyCityName"": """", ""cityName"": """"}, {""author"": ""f*5"", ""content"": ""\u7528\u6237\u672a\u70b9\u8bc4\uff0c\u7cfb\u7edf\u9ed8\u8ba4\u597d\u8bc4\u3002"", ""date"": ""2019-12-27"", ""score"": 5, ""commentId"": ""213749885"", ""imgs"": [], ""userNickName"": ""f*5"", ""replyCityName"": """", ""cityName"": """"}, {""author"": ""l*6"", ""content"": ""\u7528\u6237\u672a\u70b9\u8bc4\uff0c\u7cfb\u7edf\u9ed8\u8ba4\u597d\u8bc4\u3002"", ""date"": ""2019-03-11"", ""score"": 5, ""commentId"": ""209597268"", ""imgs"": [], ""userNickName"": ""l*6"", ""replyCityName"": """", ""cityName"": """"}, {""author"": ""p*z"", ""content"": ""\u7528\u6237\u672a\u70b9\u8bc4\uff0c\u7cfb\u7edf\u9ed8\u8ba4\u597d\u8bc4\u3002"", ""date"": ""2019-03-09"", ""score"": 5, ""commentId"": ""209506608"", ""imgs"": [], ""userNickName"": ""p*z"", ""replyCityName"": """", ""cityName"": """"}, {""author"": ""\u6c5f*y"", ""content"": ""\u53ef\u60dc\u7ffb\u65b0\u4e86\uff5e\u540d\u526f\u5176\u5b9e\u7684\u201c\u65b0\u4e0d\u5982\u65e7\u201d\u3002\u76f8\u4f20\u539f\u6709\u5916\u5899\uff0c\u7528\u7cef\u7c73\u52a0\u4e0a\u767d\u94f6\u7ec6\u7c89\u5236\u4f5c\u7684\u3002\u5fb7\u5e86\u4e09\u5143\u5854\u5750\u843d\u4e8e\u5fb7\u57ce\u4e1c\u5357\u65b9\u98ce\u666f\u79c0\u4e3d\u7684\u767d\u6c99\u5c71\u4e0a\uff0c\u662f\u5e7f\u4e1c\u7701\u91cd\u70b9\u6587\u7269\u4fdd\u62a4\u5355\u4f4d\u3002\u5b83\u5efa\u4e8e\u660e\u671d\u4e07\u5386\u4e8c\u5341\u4e03\u5e74\uff08\u53731599\u5e74\uff09\uff0c\u8ddd\u4eca\u5df2\u6709400\u591a\u5e74\u7684\u5386\u53f2\u3002\u5982\u4eca\u5b83\u4ee5\u5176\u201c\u53ea\u65b0\u4e0d\u65e7\u201d\u7684\u7f8e\u8a89\u800c\u95fb\u540d\u4e8e\u4e16\u3002\u6b64\u5916\u8fd8\u6709\u96f7\u5dde\u5185\u6c5f\u90fd\u6709\u4e09\u5143\u5854\u3002\u4e09\u5143\u5854\u4e09\u5143\u5373\u72b6\u5143\u3001\u4f1a\u5143\u3001\u89e3\u5143\u3001\u6e90\u4e8e\u4eba\u4eec\u76fc\u4eba\u624d\uff0c\u7948\u6c42\u72b6\u5143\u3001\u699c\u773c\u3001\u63a2\u82b1\u4e09\u5143\u53ca\u7b2c\u7684\u826f\u597d\u613f\u671b\uff0c\u767b\u5854\u5bd3\u610f\u72b6\u5143\u9ad8\u4e2d\u3001\u6b65\u6b65\u9ad8\u5347\u3002"", ""date"": ""2018-04-10"", ""score"": 5, ""commentId"": ""205935069"", ""imgs"": [], ""userNickName"": ""\u6c5f*y"", ""replyCityName"": """", ""cityName"": """"}, {""author"": ""\u5f97*\u9a6c"", ""content"": ""\u5f88\u597d \u5f88\u597d \u5f88\u597d \u5f88\u597d \u5f88\u597d \u5f88\u597d \u5f88\u597d "", ""date"": ""2018-05-16"", ""score"": 5, ""commentId"": ""206255764"", ""imgs"": [], ""userNickName"": ""\u5f97*\u9a6c"", ""replyCityName"": """", ""cityName"": """"}, {""author"": ""n*2"", ""content"": ""\u7528\u6237\u672a\u70b9\u8bc4\uff0c\u7cfb\u7edf\u9ed8\u8ba4\u597d\u8bc4\u3002"", ""date"": ""2018-03-19"", ""score"": 5, ""commentId"": ""205517708"", ""imgs"": [], ""userNickName"": ""n*2"", ""replyCityName"": """", ""cityName"": """"}], ""score"": 4.2, ""commentCount"": 35}, ""statusCode"": 200}"
七星岩,https://qimgs.qunarzz.com/piao_qsight_provider_piao_qsight_web/100i12000000rth5vAE6E_C_900_504.jpg_280x200_62798793.jpg,肇庆市,端州区,广东省肇庆市端州区七星路1号,12274,4.9,湖上的七座石灰岩峰,https://piao.qunar.com/ticket/detail_1684855179.html?st=a3clM0QlRTclQUIlQUYlRTUlQjclOUUlRTUlOEMlQkElMjZpZCUzRDIyMDcyJTI2dHlwZSUzRDAlMjZpZHglM0QzJTI2cXQlM0QlMjZhcGslM0QyJTI2c2MlM0RXV1clMjZ1ciUzRCVFNCVCOCVBRCVFNSVCMSVCMSUyNmxyJTNEJUU0JUI4JUFEJUU1JUIxJUIxJTI2ZnQlM0QlN0IlN0Q%3D#from=mpl_search_suggest,70.0,N/A,七星岩景区由散落广阔区的七岩、八岩、五洞、六岗组成，以山奇水秀、湖山相映、洞穴幽奇见胜。景区内七座挺拔秀丽的石灰岩山峰布列如北斗七星，故名七星岩。它分南北两列，南列由东而西为阆风岩、玉屏岩、石室岩、天柱岩、仙掌岩等，唯阿坡岩独峙北部。两列之间有一土山，山上西有波海楼，东有星湖旅社。石室岩早在几百年前就以风景幽奇而闻名全国，是星湖游览中心，为七星岩景区名胜古迹较集中之处。岩顶名嵩台，相传是天帝宴请百神之所。岩下有一特大的石室洞，洞口高仅2米余，洞内穹窿宽广，顶高达30余米，石乳、石柱、石幔遍布其间。洞中有地下河，泛舟遨游可览璇玑台、黑岩、鹿洞、光岩等景，洞口有唐李邕所书的《端州石室记》碑刻。洞内摩崖石刻林立，计有270余处，上自唐宋，下至明清，多出自名家之手，有“千年诗廊”之称。石洞右侧有水有宫，它始建于明朝，1957年重修，依山榜水，红墙绿瓦，与岩前五龙亭、飞龙桥遥相辉映。石室岩上的揽月亭和水月宫倒映入湖，其景甚妙，被称为“水月岩云”。湖区北部的阿坡岩东麓下有双源洞，长270多米，内有两源合一地下河，曲折幽深，奇岩怪石，瑰丽奇特，游人可乘小艇入洞游览。在星湖南部有星湖游乐园，占地20多万平方米，是现代游乐设施与中国园林融为一体的大型游乐园。,1/1-12/31；周一至周日；08:00-18:00开园；（17:30停止入园）,https://qimgs.qunarzz.com/piao_qsight_provider_piao_qsight_web/100i12000000rth5vAE6E_C_900_504.jpg_710x360_24b19a27.jpg〇https://qimgs.qunarzz.com/piao_qsight_provider_piao_qsight_web/0104r12000f7kwb2lBFC9_C_900_504_Q90_Mtg_7.jpg_710x360_1cf782cb.jpg〇https://qimgs.qunarzz.com/piao_qsight_provider_piao_qsight_web/01042120007u0fm5u01D8_C_900_504_Q90_Mtg_7.jpg_710x360_ce4d5809.jpg〇https://qimgs.qunarzz.com/piao_qsight_provider_piao_qsight_web/0103y12000f7kvxqm2E98_C_900_504_Q90_Mtg_7.jpg_710x360_9042480d.jpg〇https://qimgs.qunarzz.com/piao_qsight_provider_piao_qsight_web/0105p12000f7kw6vv5BAE_C_900_504_Q90_Mtg_7.jpg_710x360_ee4032ae.jpg〇https://qimgs.qunarzz.com/piao_qsight_provider_piao_qsight_web/100i12000000rth5vAE6E_C_900_504_Q90_Mtg_7.jpg_710x360_baeecc59.jpg〇https://qimgs.qunarzz.com/piao_qsight_provider_piao_qsight_web/b20d1efb-5c5b-479f-9ab2-33c3209f22c5.jpg_710x360_a954b947.jpg〇https://qimgs.qunarzz.com/piao_qsight_provider_piao_qsight_web/a2b2cb7b-334f-4a4a-892a-a408244c5ea6.jpg_710x360_c0ef8f97.jpg〇https://qimgs.qunarzz.com/piao_qsight_provider_piao_qsight_web/a96727bb-3a21-4aee-8248-0741fe00ecab.jpg_710x360_91571abe.jpg〇https://qimgs.qunarzz.com/piao_qsight_provider_piao_qsight_web/4dfeeb5d-2dca-47a3-95ea-709e59181205.jpg_710x360_3db338f6.jpg〇https://qimgs.qunarzz.com/piao_qsight_provider_piao_qsight_web/b2e0c1ed-8ea9-4878-a861-34b9144bb422.jpg_710x360_d1b9c42e.jpg〇https://qimgs.qunarzz.com/piao_qsight_provider_piao_qsight_web/c3776aa1-34ac-442f-ac8a-73b44a440a94.jpg_710x360_d0542c56.jpg〇https://qimgs.qunarzz.com/piao_qsight_provider_piao_qsight_web/902752cb-698b-4b6f-bfad-2976a28d3d46.jpg_710x360_d33ba733.jpg〇https://qimgs.qunarzz.com/piao_qsight_provider_piao_qsight_web/45960b67-d517-4d8d-8c89-bfad83a151a8.jpg_710x360_a6b34122.jpg〇https://qimgs.qunarzz.com/piao_qsight_provider_piao_qsight_web/cadb4040-97c6-4d79-9db6-904331323cc0.jpg_710x360_97d8b96f.jpg〇https://qimgs.qunarzz.com/piao_qsight_provider_piao_qsight_web/237c7600-2af3-4a3f-9180-7a482ad8d37e.jpg_710x360_d33dcbbb.jpg〇https://qimgs.qunarzz.com/piao_qsight_provider_piao_qsight_web/917767f4-6928-498a-9598-b45d39a15b45.jpg_710x360_37053c93.jpg〇https://qimgs.qunarzz.com/piao_qsight_provider_piao_qsight_web/3858891e-a747-447a-b10e-0834d2b6ca6b.jpg_710x360_704254fd.jpg〇https://qimgs.qunarzz.com/piao_qsight_provider_piao_qsight_web/ae15e098-64a6-4eb9-a00b-f0d18ec9f44e.jpg_710x360_7db993e3.jpg〇https://qimgs.qunarzz.com/piao_qsight_provider_piao_qsight_web/35660098-1f5e-4a31-b7df-7972cc5b4136.jpg_710x360_c230e1b4.jpg〇https://qimgs.qunarzz.com/piao_qsight_provider_piao_qsight_web/0fcc885a-8aed-4d6a-9319-e8020c6e9463.jpg_710x360_d52a4b53.jpg,"{""ret"": true, ""data"": {""tagList"": [], ""commentList"": [{""author"": ""\u53bb*\u6237"", ""content"": ""\u65b9\u4fbf\uff0c\u5237\u4e8c\u7ef4\u7801\u5c31\u53ef\u4ee5\u8fdb\uff0c\u4e0d\u7528\u8eab\u4efd\u8bc1\u98ce\u666f\u4f18\u7f8e\uff0c\u73af\u5883\u5e72\u51c0\u3002\u5750\u7af9\u7b4f\u611f\u53d7\u975e\u5e38\u597d\uff0c\u5de5\u4f5c\u4eba\u5458\u5e7d\u9ed8\u98ce\u8da3"", ""date"": ""2024-10-12"", ""score"": 5, ""commentId"": ""237601788"", ""imgs"": [{""small"": ""https://qimgs.qunarzz.com/mp_piao_0001/temp10552040188413394387file_1728714756000.jpg_120x120_01d7044b.jpg"", ""title"": """", ""big"": ""https://qimgs.qunarzz.com/mp_piao_0001/temp10552040188413394387file_1728714756000.jpg""}, {""small"": ""https://qimgs.qunarzz.com/mp_piao_0001/temp12983565088894369935file_1728714756000.jpg_120x120_524d4392.jpg"", ""title"": """", ""big"": ""https://qimgs.qunarzz.com/mp_piao_0001/temp12983565088894369935file_1728714756000.jpg""}, {""small"": ""https://qimgs.qunarzz.com/mp_piao_0001/temp13888234198206860680file_1728714756000.jpg_120x120_52300c18.jpg"", ""title"": """", ""big"": ""https://qimgs.qunarzz.com/mp_piao_0001/temp13888234198206860680file_1728714756000.jpg""}, {""small"": ""https://qimgs.qunarzz.com/mp_piao_0001/temp6702773482637228222file_1728714756000.jpg_120x120_f549b562.jpg"", ""title"": """", ""big"": ""https://qimgs.qunarzz.com/mp_piao_0001/temp6702773482637228222file_1728714756000.jpg""}, {""small"": ""https://qimgs.qunarzz.com/mp_piao_0001/temp661782743710011810file_1728714756000.jpg_120x120_2fbdc61a.jpg"", ""title"": """", ""big"": ""https://qimgs.qunarzz.com/mp_piao_0001/temp661782743710011810file_1728714756000.jpg""}, {""small"": ""https://qimgs.qunarzz.com/mp_piao_0001/temp14333308020254935263file_1728714756000.jpg_120x120_ca0e9dec.jpg"", ""title"": """", ""big"": ""https://qimgs.qunarzz.com/mp_piao_0001/temp14333308020254935263file_1728714756000.jpg""}, {""small"": ""https://qimgs.qunarzz.com/mp_piao_0001/temp7388516892219779298file_1728714756000.jpg_120x120_cb94c892.jpg"", ""title"": """", ""big"": ""https://qimgs.qunarzz.com/mp_piao_0001/temp7388516892219779298file_1728714756000.jpg""}, {""small"": ""https://qimgs.qunarzz.com/mp_piao_0001/temp5334320856061358979file_1728714756000.jpg_120x120_55e25f88.jpg"", ""title"": """", ""big"": ""https://qimgs.qunarzz.com/mp_piao_0001/temp5334320856061358979file_1728714756000.jpg""}], ""userNickName"": ""\u53bb*\u6237"", ""replyCityName"": """", ""cityName"": ""\u5e7f\u4e1c""}, {""author"": ""\u53bb*\u6237"", ""content"": ""\u513f\u7ae5\u6e38\u73a9\u533a\u4e0d\u88c5\u76d1\u63a7\uff0c\u7b2c\u4e00\u6b21\u53bb\u8087\u5e86\u5728\u4e03\u661f\u5ca9\u91cd\u8d70\u957f\u5f81\u8def\u9879\u76ee\u533a\u57df\u624b\u673a\u88ab\u5077\u3002\u524d\u540e\u4e0d\u5230\u4e94\u5206\u949f\uff0c\u5730\u70b9\u8303\u56f4\u534a\u5f84\u4e0d\u52301\u7c73\uff0c\u5c31\u662f\u627e\u4e0d\u5230\u4eba\u3002\u9886\u53d6\u6253\u7535\u8bdd\u4e5f\u662f\u63a8\u8131\uff0c\u62a5\u4e86\u8b66\uff0c\u624b\u673aimei\u548cmac\u5730\u5740\u90fd\u6709\uff0c\u5e0c\u671b\u65e9\u70b9\u628a\u90a3\u4e0b\u5730\u72f1\u7684\u6076\u4eba\u7ef3\u4e4b\u4ee5\u6cd5"", ""date"": ""2024-10-05"", ""score"": 1, ""commentId"": ""237507587"", ""imgs"": [], ""userNickName"": ""\u53bb*\u6237"", ""replyCityName"": """", ""cityName"": ""\u5e7f\u4e1c""}, {""author"": ""\u53bb*\u6237"", ""content"": ""\u524d\u53f0\u674e\u5c0f\u59d0\uff0c\u5f6d\u5c0f\u59d0\uff0c\u90ed\u5148\u751f\u670d\u52a1\u5f88\u597d\uff01"", ""date"": ""2024-12-03"", ""score"": 5, ""commentId"": ""239080771"", ""imgs"": [{""small"": ""https://qimgs.qunarzz.com/mp_piao_0001/temp11368575382481938668file_1733189226000.jpg_120x120_fe106cd5.jpg"", ""title"": """", ""big"": ""https://qimgs.qunarzz.com/mp_piao_0001/temp11368575382481938668file_1733189226000.jpg""}], ""userNickName"": ""\u53bb*\u6237"", ""replyCityName"": """", ""cityName"": ""\u5e7f\u4e1c""}, {""author"": ""\u53bb*\u6237"", ""content"": ""\u5957\u7968\u6807\u660e\u3010\u5927\u5c0f\u540c\u4ef7\u3011\uff0c\u4f46\u662f\u4f4e\u4e8e11\u5c81\u7684\u513f\u7ae5\u65e0\u6cd5\u8d2d\u4e70\uff0c\u7cfb\u7edf\u4f1a\u63d0\u793a\u5e74\u9f84\u4e0d\u8db3\u65e0\u6cd5\u8d2d\u4e70\uff0c\u800c\u53c8\u6ca1\u6709\u5355\u72ec\u7684\u513f\u7ae5\u7968\u9009\u9879\uff0c\u6700\u540e\u53ea\u6709\u5728\u666f\u533a\u95e8\u53e3\u7ed9\u5c0f\u670b\u53cb\u53e6\u5916\u4e70\u513f\u7ae5\u7968\u3002\u4e03\u661f\u5ca9\u98ce\u666f\u5f88\u597d\uff0c\u503c\u5f97\u4e00\u6e38\uff0c\u4e0d\u8fc7\u666f\u533a\u5185\u6e38\u8239\u7968\u4ef7\u683c\u592a\u8d35\u3001\u5c0f\u5356\u90e8\u4e1c\u897f\u5f88\u5c11\u3001\u8d35\uff0c\u6ca1\u6709\u9910\u5385\uff0c\u5982\u679c\u81ea\u5df1\u4e0d\u5e26\u5403\u7684\u8fdb\u6765\uff0c\u5c31\u53ea\u80fd\u6328\u997f"", ""date"": ""2024-03-31"", ""score"": 4, ""commentId"": ""232727404"", ""imgs"": [], ""userNickName"": ""\u53bb*\u6237"", ""replyCityName"": """", ""cityName"": ""\u6fb3\u95e8\u7279\u522b\u884c\u653f\u533a""}, {""author"": ""i*3"", ""content"": ""\u7528\u6237\u672a\u70b9\u8bc4\uff0c\u7cfb\u7edf\u9ed8\u8ba4\u597d\u8bc4\u3002"", ""date"": ""2024-12-26"", ""score"": 5, ""commentId"": ""239380371"", ""imgs"": [], ""userNickName"": ""i*3"", ""replyCityName"": """", ""cityName"": """"}, {""author"": ""\u53bb*\u6237"", ""content"": ""\u7528\u6237\u672a\u70b9\u8bc4\uff0c\u7cfb\u7edf\u9ed8\u8ba4\u597d\u8bc4\u3002"", ""date"": ""2024-12-26"", ""score"": 5, ""commentId"": ""239379723"", ""imgs"": [], ""userNickName"": ""\u53bb*\u6237"", ""replyCityName"": """", ""cityName"": """"}, {""author"": ""\u901a*3"", ""content"": ""\u7528\u6237\u672a\u70b9\u8bc4\uff0c\u7cfb\u7edf\u9ed8\u8ba4\u597d\u8bc4\u3002"", ""date"": ""2024-12-25"", ""score"": 5, ""commentId"": ""239376884"", ""imgs"": [], ""userNickName"": ""\u901a*3"", ""replyCityName"": """", ""cityName"": """"}, {""author"": ""\u53bb*\u6237"", ""content"": ""\u7528\u6237\u672a\u70b9\u8bc4\uff0c\u7cfb\u7edf\u9ed8\u8ba4\u597d\u8bc4\u3002"", ""date"": ""2024-12-25"", ""score"": 5, ""commentId"": ""239376465"", ""imgs"": [], ""userNickName"": ""\u53bb*\u6237"", ""replyCityName"": """", ""cityName"": """"}, {""author"": ""\u53bb*\u6237"", ""content"": ""\u7528\u6237\u672a\u70b9\u8bc4\uff0c\u7cfb\u7edf\u9ed8\u8ba4\u597d\u8bc4\u3002"", ""date"": ""2024-12-25"", ""score"": 5, ""commentId"": ""239376177"", ""imgs"": [], ""userNickName"": ""\u53bb*\u6237"", ""replyCityName"": """", ""cityName"": """"}, {""author"": ""\u53bb*\u6237"", ""content"": ""\u7528\u6237\u672a\u70b9\u8bc4\uff0c\u7cfb\u7edf\u9ed8\u8ba4\u597d\u8bc4\u3002"", ""date"": ""2024-12-25"", ""score"": 5, ""commentId"": ""239373908"", ""imgs"": [], ""userNickName"": ""\u53bb*\u6237"", ""replyCityName"": """", ""cityName"": """"}], ""score"": 4.9, ""commentCount"": 12274}, ""statusCode"": 200}"
世外桃源,https://qimgs.qunarzz.com/piao_qsight_provider_piao_qsight_web/0101712000axa37f993AC_C_900_504.jpg_280x200_87d70c49.jpg,肇庆市,怀集县,肇庆市怀集县桥头镇世外桃源风景区,26,4.3,传奇古村落，有成片桃花林,https://piao.qunar.com/ticket/detail_1117766364.html?st=a3clM0QlRTYlODAlODAlRTklOUIlODYlRTUlOEUlQkYlMjZpZCUzRDk4OTQlMjZ0eXBlJTNEMCUyNmlkeCUzRDclMjZxdCUzRCUyNmFwayUzRDIlMjZzYyUzRFdXVyUyNnVyJTNEJUU0JUI4JUFEJUU1JUIxJUIxJTI2bHIlM0QlRTQlQjglQUQlRTUlQjElQjElMjZmdCUzRCU3QiU3RA%3D%3D#from=mpl_search_suggest,-1.0,N/A,世外桃源村位于怀集县燕岩省级风景名胜区内，主要由“桃源洞天”和“世外桃源村”二个景群组成。桃源洞原称“黑岩”，洞内充满着幽黑的神秘色彩而得名。岩中景物琳琅满目，奇石千姿百态，似人似物，形神兼备，令人遐想联翩，有“地下画廊”和“佛地洞天”的称誉。走出东洞口，豁然开朗，见一封闭山间盆地，四面石山，拔地而起，山险峰奇，小溪款款而流，不远处有一小村落，名桃源村，当地人称长寿村。长寿村自西晋六年开村，至今已有1700多年。自古以来，桃源村村民特别长寿。1994年，桃源村外嫁女孔英以124岁获“中国长寿王后”称号。这里土地平旷，薰衣草田一望无尽，四周绿水青山，竹林成荫，桃林成片，空气负离子质素高，浓度大且有小桥流水，果园鱼塘，农舍俨然，格外宁静、安祥，营造出一个青天碧水绿草地的宁静绿色休闲的意境，置身其中能令人抛却都市繁嚣，尽情享受陶渊明笔下的桃花源意趣。,1/1-12/31；周一至周日；09:00-17:00开园；（17:00停止入园）,https://qimgs.qunarzz.com/piao_qsight_provider_piao_qsight_web/0101712000axa37f993AC_C_900_504.jpg_710x360_aacab610.jpg〇https://qimgs.qunarzz.com/piao_qsight_provider_piao_qsight_web/0100q12000axa36a9BCE2_C_900_504_Q90_Mtg_7.jpg_710x360_1554e90c.jpg〇https://qimgs.qunarzz.com/piao_qsight_provider_piao_qsight_web/0101712000axa37f993AC_C_900_504_Q90_Mtg_7.jpg_710x360_60f232ed.jpg〇https://imgs.qunarzz.com/sight/p0/201301/16/9037dcc85d31d7d593835fbb.jpg_710x360_bae3d9ab.jpg〇https://imgs.qunarzz.com/sight/p0/201301/16/0512a0cac86e45a393835fbb.jpg_710x360_8b16b9e5.jpg〇https://imgs.qunarzz.com/sight/p0/1507/c1/6a158ba0f98765db23bb05e02dbdf366.water.jpg_710x360_83d01cf5.jpg〇https://imgs.qunarzz.com/sight/p0/1507/c7/92dd5334f74d0edfeb18652da100ec30.water.jpg_710x360_f64f75c1.jpg〇https://imgs.qunarzz.com/sight/p0/1507/22/87f461f5ba4e673a7e62fcea3593a969.water.jpg_710x360_8630bf5a.jpg〇https://imgs.qunarzz.com/sight/p0/1507/7c/e569d4b3ca8a9b6d1a5b4b1d83ba9940.water.jpg_710x360_cd2098a3.jpg〇https://imgs.qunarzz.com/sight/p0/1507/5f/1ea6f270be5690e5f1b49e0e12beb720.water.jpg_710x360_d119b9eb.jpg〇https://imgs.qunarzz.com/sight/p0/201301/16/a04283ab51ee048393835fbb.jpg_710x360_12f6b399.jpg〇https://imgs.qunarzz.com/sight/p0/201301/16/d6d48f1c12faf71693835fbb.jpg_710x360_fca824af.jpg〇https://qimgs.qunarzz.com/piao_qsight_provider_piao_qsight_web/6c09d0b8b94dabf7.jpg_710x360_7cc87c1d.jpg〇https://qimgs.qunarzz.com/piao_qsight_provider_piao_qsight_web/4ff18c3141f763f7.jpg_710x360_42915a2c.jpg〇https://qimgs.qunarzz.com/piao_qsight_provider_piao_qsight_web/fcffa98d8cee2ff7.jpg_710x360_ab75499e.jpg〇https://qimgs.qunarzz.com/piao_qsight_provider_piao_qsight_web/7530e84d6461abf7.jpg_710x360_0ac7ff34.jpg〇https://qimgs.qunarzz.com/piao_qsight_provider_piao_qsight_web/eef4ea4d82c96bf7.jpg_710x360_b2ba915d.jpg〇https://qimgs.qunarzz.com/piao_qsight_provider_piao_qsight_web/89c29968a1fb8ef7.jpg_710x360_592841b4.jpg〇https://qimgs.qunarzz.com/piao_qsight_provider_piao_qsight_web/884b8d018a4715.jpg_710x360_3aadc2ad.jpg〇https://qimgs.qunarzz.com/piao_qsight_provider_piao_qsight_web/b233c6d3e38f9041736e39e726fff2ef.jpg_710x360_bb7b4d51.jpg〇https://qimgs.qunarzz.com/piao_qsight_provider_piao_qsight_web/ff901c3aafbbff18ab5f756b781ea272.jpg_710x360_2a55ef0a.jpg〇https://qimgs.qunarzz.com/piao_qsight_provider_piao_qsight_web/85b4c76dc68cfff7.jpg_710x360_9533246c.jpg〇https://qimgs.qunarzz.com/piao_qsight_provider_piao_qsight_web/4a6c07adfa77fdf7.jpg_710x360_3df5135d.jpg〇https://qimgs.qunarzz.com/piao_qsight_provider_piao_qsight_web/05f3d72370065f7.jpg_710x360_48878dbd.jpg〇https://qimgs.qunarzz.com/piao_qsight_provider_piao_qsight_web/4598c8c56bfef0f7.jpg_710x360_b48a60c4.jpg〇https://qimgs.qunarzz.com/piao_qsight_provider_piao_qsight_web/f4159fbf2cd214f7.jpg_710x360_cd69ec74.jpg〇https://qimgs.qunarzz.com/piao_qsight_provider_piao_qsight_web/5bda8cdec8637cf7.jpg_710x360_c550f33b.jpg〇https://qimgs.qunarzz.com/piao_qsight_provider_piao_qsight_web/c580b82ca86d6ff7.jpg_710x360_c03fd1ad.jpg〇https://qimgs.qunarzz.com/piao_qsight_provider_piao_qsight_web/21f21741083f61f7.jpg_710x360_c910ccf2.jpg〇https://qimgs.qunarzz.com/piao_qsight_provider_piao_qsight_web/258d05cc6b062cf7.jpg_710x360_e0e54f66.jpg〇https://qimgs.qunarzz.com/piao_qsight_provider_piao_qsight_web/dc4863d0b70c86f7.jpg_710x360_ecd88656.jpg〇https://qimgs.qunarzz.com/piao_qsight_provider_piao_qsight_web/15bbbe51503d8df7.jpg_710x360_207343bf.jpg,"{""ret"": true, ""data"": {""tagList"": [{""tagType"": 8, ""tagScore"": 5, ""tagNum"": 1, ""tagName"": ""\u4fbf\u5b9c""}, {""tagType"": 4, ""tagScore"": 5, ""tagNum"": 1, ""tagName"": ""\u53d6\u7968\u65b9\u4fbf""}, {""tagType"": 3, ""tagScore"": 5, ""tagNum"": 3, ""tagName"": ""\u5dee\u8bc4""}, {""tagType"": 1, ""tagScore"": 5, ""tagNum"": 22, ""tagName"": ""\u597d\u8bc4""}, {""tagType"": 0, ""tagScore"": 5, ""tagNum"": 26, ""tagName"": ""\u5168\u90e8""}], ""commentList"": [{""author"": ""a*0"", ""content"": ""\u95e8\u7968\u597d\u8d35\u5417\uff1f\u987b\u8981\u591a\u5c0f\u94b1\u4e00\u5f20\uff1f"", ""date"": ""2020-09-22"", ""score"": 5, ""commentId"": ""215947191"", ""imgs"": [], ""userNickName"": ""a*0"", ""replyCityName"": """", ""cityName"": """"}, {""author"": ""c*2"", ""content"": ""\u666f\u70b9\u5c0f\uff0c\u95e8\u7968\u8d35\uff0c\u4e0d\u63a8\u8350\u6e38\u73a9\u3002"", ""date"": ""2018-07-05"", ""score"": 1, ""commentId"": ""206726366"", ""imgs"": [], ""userNickName"": ""c*2"", ""replyCityName"": """", ""cityName"": """"}, {""author"": ""v*9"", ""content"": ""\u7528\u6237\u672a\u70b9\u8bc4\uff0c\u7cfb\u7edf\u9ed8\u8ba4\u597d\u8bc4\u3002"", ""date"": ""2017-08-19"", ""score"": 5, ""commentId"": ""201922973"", ""imgs"": [], ""userNickName"": ""v*9"", ""replyCityName"": """", ""cityName"": """"}, {""author"": ""v*9"", ""content"": ""\u7528\u6237\u672a\u70b9\u8bc4\uff0c\u7cfb\u7edf\u9ed8\u8ba4\u597d\u8bc4\u3002"", ""date"": ""2017-08-19"", ""score"": 5, ""commentId"": ""201922797"", ""imgs"": [], ""userNickName"": ""v*9"", ""replyCityName"": """", ""cityName"": """"}, {""author"": ""\u5e03*0"", ""content"": ""\u7528\u6237\u672a\u70b9\u8bc4\uff0c\u7cfb\u7edf\u9ed8\u8ba4\u597d\u8bc4\u3002"", ""date"": ""2017-06-01"", ""score"": 5, ""commentId"": ""200922044"", ""imgs"": [], ""userNickName"": ""\u5e03*0"", ""replyCityName"": """", ""cityName"": """"}, {""author"": ""q*h"", ""content"": ""\u7528\u6237\u672a\u70b9\u8bc4\uff0c\u7cfb\u7edf\u9ed8\u8ba4\u597d\u8bc4\u3002"", ""date"": ""2017-05-31"", ""score"": 5, ""commentId"": ""200894677"", ""imgs"": [], ""userNickName"": ""q*h"", ""replyCityName"": """", ""cityName"": """"}, {""author"": ""q*h"", ""content"": ""\u7528\u6237\u672a\u70b9\u8bc4\uff0c\u7cfb\u7edf\u9ed8\u8ba4\u597d\u8bc4\u3002"", ""date"": ""2017-05-31"", ""score"": 5, ""commentId"": ""200894656"", ""imgs"": [], ""userNickName"": ""q*h"", ""replyCityName"": """", ""cityName"": """"}, {""author"": ""t*0"", ""content"": ""\u7528\u6237\u672a\u70b9\u8bc4\uff0c\u7cfb\u7edf\u9ed8\u8ba4\u597d\u8bc4\u3002"", ""date"": ""2017-03-05"", ""score"": 5, ""commentId"": ""200171129"", ""imgs"": [], ""userNickName"": ""t*0"", ""replyCityName"": """", ""cityName"": """"}, {""author"": ""j*0"", ""content"": ""\u7528\u6237\u672a\u70b9\u8bc4\uff0c\u7cfb\u7edf\u9ed8\u8ba4\u597d\u8bc4\u3002"", ""date"": ""2017-03-04"", ""score"": 5, ""commentId"": ""200163311"", ""imgs"": [], ""userNickName"": ""j*0"", ""replyCityName"": """", ""cityName"": """"}, {""author"": ""j*0"", ""content"": ""\u7528\u6237\u672a\u70b9\u8bc4\uff0c\u7cfb\u7edf\u9ed8\u8ba4\u597d\u8bc4\u3002"", ""date"": ""2017-03-04"", ""score"": 5, ""commentId"": ""200163264"", ""imgs"": [], ""userNickName"": ""j*0"", ""replyCityName"": """", ""cityName"": """"}], ""score"": 4.3, ""commentCount"": 26}, ""statusCode"": 200}"
鼎湖山,https://qimgs.qunarzz.com/piao_qsight_provider_piao_qsight_web/CggYHVbFllKABzBBAARpFuaP-jI412_C_900_504.jpg_280x200_1459f029.jpg,肇庆市,端州区,广东省肇庆市鼎湖区上山路,12891,4.9,青山绿水的“森林氧吧”,https://piao.qunar.com/ticket/detail_2446117003.html?st=a3clM0QlRTclQUIlQUYlRTUlQjclOUUlRTUlOEMlQkElMjZpZCUzRDUwMTElMjZ0eXBlJTNEMCUyNmlkeCUzRDIlMjZxdCUzRCUyNmFwayUzRDIlMjZzYyUzRFdXVyUyNnVyJTNEJUU0JUI4JUFEJUU1JUIxJUIxJTI2bHIlM0QlRTQlQjglQUQlRTUlQjElQjElMjZmdCUzRCU3QiU3RA%3D%3D#from=mpl_search_suggest,70.0,N/A,鼎湖山是岭南四大名山之一，于肇庆城区东北18公里。因地球上北回归线穿过的地方大都是沙漠或干草原，所以鼎湖山又被中外学者誉为“北回归线上的绿宝石”。1956年。1979”计划的保护区，建立了“人与生物圈”研究中心，成为国际性的学术交流和研究基地。这里有野生高等植物1856种，其中珍稀濒危的国家重点保护植物23种；以鼎湖山为原生地的植物有30种。鼎湖山多样的生态和丰富的植物为动物提供了充足的食源和良好的栖息环境。因此这里的动物种类和数量也很多，有鸟类178种，兽类38种，其中国家保护动物15种，1998年12月，经中南林学院森林旅游研究中心测定105600个/立方厘米。鼎湖山自唐代以来就是著名的佛教圣地和旅游胜地。公元678年，禅宗六祖惠能的弟子智常禅师在鼎湖山西南之顶老鼎创建白云寺，此后，高僧云集，周围建起三十六招提，前来朝拜、游览的香客、游人越来越多。明*年间，即公元1633年，在和尚在莲花峰建起莲花庵，第二年又迎来高僧栖壑和尚入山奉为主持，重建山门，改莲花庵为庆云寺，到了清代，庆云寺规模越来越大，成为岭南四大名刹之首。鼎湖山因为覆盖着茂密的森林而蕴藏着丰富的泉水，从而造就了千姿百态的流泉飞瀑。幽深的自然景观，东西两溪流形成两大景区：天溪景区、云溪景区和新开发的天湖景区。,1/1-12/31；周一至周日；08:00-18:00开园；（17:30停止入园）,https://qimgs.qunarzz.com/piao_qsight_provider_piao_qsight_web/CggYHVbFllKABzBBAARpFuaP-jI412_C_900_504.jpg_710x360_0eb78afc.jpg〇https://qimgs.qunarzz.com/piao_qsight_provider_piao_qsight_web/0100i120008akxbs20E4B_C_900_504_Q90_Mtg_7.jpg_710x360_a31ea2e6.jpg〇https://qimgs.qunarzz.com/piao_qsight_provider_piao_qsight_web/CggYHVbFllKABzBBAARpFuaP-jI412_C_900_504_Q90_Mtg_7.jpg_710x360_2fc5a090.jpg〇https://qimgs.qunarzz.com/piao_qsight_provider_piao_qsight_web/CggYsVbFlpiAWRSaAAXwYy7hNIA111_C_900_504_Q90_Mtg_7.jpg_710x360_2e2b3bf4.jpg〇https://qimgs.qunarzz.com/piao_qsight_provider_piao_qsight_web/100k050000000lgkn0583_C_900_504_Q90_Mtg_7.jpg_710x360_5d67c990.jpg〇https://qimgs.qunarzz.com/piao_qsight_provider_piao_qsight_web/CggYs1bFloaAWhK4AAgwMg_xH3E670_C_900_504_Q90_Mtg_7.jpg_710x360_e2b33c4f.jpg〇https://qimgs.qunarzz.com/piao_qsight_provider_piao_qsight_web/10041f000001gp9sxA342_C_900_504_Q90_Mtg_7.jpg_710x360_52b11cb4.jpg〇https://imgs.qunarzz.com/sight/p0/1803/ab/ab00414bddb5abbda3.img.jpg_710x360_a33d824b.jpg〇https://imgs.qunarzz.com/sight/p0/1803/82/8200187b8d5323d5a3.img.jpg_710x360_ea1fe1c7.jpg〇https://imgs.qunarzz.com/sight/p0/1803/30/30b7828387a102dca3.img.jpg_710x360_c173d301.jpg〇https://imgs.qunarzz.com/sight/p0/1803/a6/a661e1bee7179e13a3.img.jpg_710x360_2cc7ee57.jpg〇https://imgs.qunarzz.com/sight/p0/1803/bb/bbd47e7a5fc0b3eda3.img.jpg_710x360_d5fa16d6.jpg〇https://imgs.qunarzz.com/sight/p0/1710/42/4206d663ef137919a3.img.jpg_710x360_38b68ad5.jpg〇https://imgs.qunarzz.com/sight/p0/1710/19/19a9083d9acb5488a3.img.jpg_710x360_41c723c9.jpg〇https://imgs.qunarzz.com/sight/p0/1710/97/975f5207f6835cf4a3.img.jpg_710x360_6155d3de.jpg〇https://imgs.qunarzz.com/sight/p0/1710/bb/bbaacac129ccc609a3.img.jpg_710x360_37e4d877.jpg〇https://imgs.qunarzz.com/sight/p0/1710/4b/4bb3dcbee02a374a3.img.jpg_710x360_0c075f70.jpg〇https://imgs.qunarzz.com/sight/p0/1710/6e/6e99f2a6726b86d2a3.img.jpg_710x360_8f0466e2.jpg〇https://imgs.qunarzz.com/sight/p0/1710/15/15e9e023e220f369a3.img.jpg_710x360_ea8d8755.jpg〇https://imgs.qunarzz.com/sight/p0/1710/18/18f07bf27b274342a3.img.jpg_710x360_a75fccf9.jpg〇https://imgs.qunarzz.com/sight/p0/1710/fd/fd4908cdfaeeb424a3.img.jpg_710x360_7b048643.jpg〇https://imgs.qunarzz.com/sight/p0/1710/8d/8dd6621035b9bfb2a3.img.jpg_710x360_e744145d.jpg〇https://imgs.qunarzz.com/sight/p0/1710/2d/2d84763f0a6d382ca3.img.jpg_710x360_0a59a58e.jpg〇https://imgs.qunarzz.com/sight/p0/1710/e9/e99834be2d63ab18a3.img.jpg_710x360_2c294d83.jpg〇https://qimgs.qunarzz.com/piao_qsight_provider_piao_qsight_web/0a38c8cdf1044f7.jpg_710x360_fa48c36d.jpg〇https://qimgs.qunarzz.com/piao_qsight_provider_piao_qsight_web/02e239129ffd9a.jpg_710x360_f56549a5.jpg〇https://qimgs.qunarzz.com/piao_qsight_provider_piao_qsight_web/b3b82762e73cdaf7.jpg_710x360_09c9ccfe.jpg〇https://qimgs.qunarzz.com/piao_qsight_provider_piao_qsight_web/bb8c649cfd724ff7.jpg_710x360_e29081b4.jpg〇https://qimgs.qunarzz.com/piao_qsight_provider_piao_qsight_web/2e9412bf25fa85f7.jpg_710x360_048d726a.jpg〇https://qimgs.qunarzz.com/piao_qsight_provider_piao_qsight_web/d6c970d6b6ff93f7.jpg_710x360_c2b9f543.jpg〇https://qimgs.qunarzz.com/piao_qsight_provider_piao_qsight_web/029b3b18bfb7b7f7.jpg_710x360_7640f952.jpg〇https://qimgs.qunarzz.com/piao_qsight_provider_piao_qsight_web/62f5aa072875996addb12cfb.jpg_710x360_e5defcdc.jpg〇https://qimgs.qunarzz.com/piao_qsight_provider_piao_qsight_web/375adf9a9b6bc002.jpg_710x360_2fcef0a4.jpg〇https://qimgs.qunarzz.com/piao_qsight_provider_piao_qsight_web/8cc950ffae6774892d90a44b37d31386.jpg_710x360_4aa8e5b5.jpg〇https://qimgs.qunarzz.com/piao_qsight_provider_piao_qsight_web/71f61f0f66d073ee43d89b668b7b32fc.jpg_710x360_3c596dd8.jpg〇https://qimgs.qunarzz.com/piao_qsight_provider_piao_qsight_web/b7a9aa14a08821c08808f33ccf9b0d7c.jpg_710x360_570e67b6.jpg〇https://qimgs.qunarzz.com/piao_qsight_provider_piao_qsight_web/c118648ff6c6c602.jpg_710x360_9068f780.jpg〇https://qimgs.qunarzz.com/piao_qsight_provider_piao_qsight_web/0d6ac57769119ba104d97648447d4b2b.jpg_710x360_d4ce6a38.jpg〇https://qimgs.qunarzz.com/piao_qsight_provider_piao_qsight_web/0f6d0116371bb30932b7d8deaa549fab.jpg_710x360_8e7f10c7.jpg〇https://qimgs.qunarzz.com/piao_qsight_provider_piao_qsight_web/f95758e97eb62502.jpg_710x360_883c9b92.jpg〇https://qimgs.qunarzz.com/piao_qsight_provider_piao_qsight_web/cd768937e749a02.jpg_710x360_73f197ce.jpg〇https://qimgs.qunarzz.com/piao_qsight_provider_piao_qsight_web/cf99d7d4c81bf402.jpg_710x360_9de0646c.jpg〇https://qimgs.qunarzz.com/piao_qsight_provider_piao_qsight_web/d72d330d7e1ad1f30aa47ae9a695335e.jpg_710x360_8eb3473c.jpg〇https://qimgs.qunarzz.com/piao_qsight_provider_piao_qsight_web/3011a7133ad7b6a74256b43d689e2060.jpg_710x360_9547bf8a.jpg,"{""ret"": true, ""data"": {""tagList"": [{""tagType"": 3, ""tagScore"": 5, ""tagNum"": 36, ""tagName"": ""\u5dee\u8bc4""}, {""tagType"": 2, ""tagScore"": 5, ""tagNum"": 51, ""tagName"": ""\u4e2d\u8bc4""}, {""tagType"": 1, ""tagScore"": 5, ""tagNum"": 12688, ""tagName"": ""\u597d\u8bc4""}, {""tagType"": 0, ""tagScore"": 5, ""tagNum"": 12891, ""tagName"": ""\u5168\u90e8""}, {""tagType"": 99, ""tagScore"": 5, ""tagNum"": 373, ""tagName"": ""\u666f\u8272\u4e0d\u9519""}, {""tagType"": 99, ""tagScore"": 5, ""tagNum"": 74, ""tagName"": ""\u8774\u8776\u8c37""}, {""tagType"": 99, ""tagScore"": 5, ""tagNum"": 37, ""tagName"": ""\u5e86\u4e91\u5bfa""}], ""commentList"": [{""author"": ""\u5510*\u660e"", ""content"": ""\u4e0d\u7528\u53d6\u7968\uff0c\u5237\u8eab\u4efd\u8bc1\u8fdb\u53bb\uff0c\u65b9\u4fbf\uff0c\u7535\u74f6\u8f66\u5efa\u8bae\u8d2d\u4e70\uff0c\u6765\u56de20\u5143\u3002\u73af\u5883\u4e0d\u9519\uff0c\u633a\u597d\u3002"", ""date"": ""2023-11-05"", ""score"": 5, ""commentId"": ""230174968"", ""imgs"": [{""small"": ""https://mp-piao-admincp.qunarzz.com/mp_piao_admin_mp_piao_admin/fusion/202311/bdc9fa2f90f862b02d90c1ac3cb2f1c8.jpg_120x120_53cbe60d.jpg"", ""title"": """", ""big"": ""https://mp-piao-admincp.qunarzz.com/mp_piao_admin_mp_piao_admin/fusion/202311/bdc9fa2f90f862b02d90c1ac3cb2f1c8.jpg""}, {""small"": ""https://mp-piao-admincp.qunarzz.com/mp_piao_admin_mp_piao_admin/fusion/202311/0e47f375d0b35ecc4b3819fa7a554123.jpg_120x120_8ed7b893.jpg"", ""title"": """", ""big"": ""https://mp-piao-admincp.qunarzz.com/mp_piao_admin_mp_piao_admin/fusion/202311/0e47f375d0b35ecc4b3819fa7a554123.jpg""}, {""small"": ""https://mp-piao-admincp.qunarzz.com/mp_piao_admin_mp_piao_admin/fusion/202311/11e0b2ca87b7f4fd1b0f0504021e3d6c.jpg_120x120_6bf98465.jpg"", ""title"": """", ""big"": ""https://mp-piao-admincp.qunarzz.com/mp_piao_admin_mp_piao_admin/fusion/202311/11e0b2ca87b7f4fd1b0f0504021e3d6c.jpg""}, {""small"": ""https://mp-piao-admincp.qunarzz.com/mp_piao_admin_mp_piao_admin/fusion/202311/2c35781412b62125b05827d29b2f5bb1.jpg_120x120_81b9cc96.jpg"", ""title"": """", ""big"": ""https://mp-piao-admincp.qunarzz.com/mp_piao_admin_mp_piao_admin/fusion/202311/2c35781412b62125b05827d29b2f5bb1.jpg""}, {""small"": ""https://mp-piao-admincp.qunarzz.com/mp_piao_admin_mp_piao_admin/fusion/202311/e1695e399838bee37adda38a4d93cb81.jpg_120x120_e1a9b677.jpg"", ""title"": """", ""big"": ""https://mp-piao-admincp.qunarzz.com/mp_piao_admin_mp_piao_admin/fusion/202311/e1695e399838bee37adda38a4d93cb81.jpg""}, {""small"": ""https://mp-piao-admincp.qunarzz.com/mp_piao_admin_mp_piao_admin/fusion/202311/e7a6cec43f08a0a23754d4bb72d2b05a.jpg_120x120_c586c3ec.jpg"", ""title"": """", ""big"": ""https://mp-piao-admincp.qunarzz.com/mp_piao_admin_mp_piao_admin/fusion/202311/e7a6cec43f08a0a23754d4bb72d2b05a.jpg""}, {""small"": ""https://mp-piao-admincp.qunarzz.com/mp_piao_admin_mp_piao_admin/fusion/202311/75191105d482f6d0e7e6fdd290c228e7.jpg_120x120_e3006e26.jpg"", ""title"": """", ""big"": ""https://mp-piao-admincp.qunarzz.com/mp_piao_admin_mp_piao_admin/fusion/202311/75191105d482f6d0e7e6fdd290c228e7.jpg""}, {""small"": ""https://mp-piao-admincp.qunarzz.com/mp_piao_admin_mp_piao_admin/fusion/202311/950ad16c4816f43499e38c8adb865556.jpg_120x120_fd8678b3.jpg"", ""title"": """", ""big"": ""https://mp-piao-admincp.qunarzz.com/mp_piao_admin_mp_piao_admin/fusion/202311/950ad16c4816f43499e38c8adb865556.jpg""}, {""small"": ""https://mp-piao-admincp.qunarzz.com/mp_piao_admin_mp_piao_admin/fusion/202311/7e067621d79baa62bc7c122cc0e63be3.jpg_120x120_c70a4112.jpg"", ""title"": """", ""big"": ""https://mp-piao-admincp.qunarzz.com/mp_piao_admin_mp_piao_admin/fusion/202311/7e067621d79baa62bc7c122cc0e63be3.jpg""}], ""userNickName"": ""\u5510*\u660e"", ""replyCityName"": """", ""cityName"": ""\u5e7f\u4e1c""}, {""author"": ""\u9e23*\u822a"", ""content"": ""\u95e8\u7968\u548c\u666f\u70b9\u4e25\u91cd\u4e0d\u7b26\uff0c\u91cc\u9762\u5f88\u5c0f\uff0c\u800c\u4e14\u56fd\u5e86\u671f\u95f4\u672c\u5c31\u4e0d\u5927\u7684\u5730\u65b9\uff0c\u4e0d\u505c\u7684\u653e\u4eba\u8fdb\u53bb\uff0c\u4e3a\u4e86\u8d5a\u94b1\uff0c\u5e95\u7ebf\u90fd\u4e0d\u8981\u4e86\uff0c\u91cc\u9762\u7684\u4eba\u51fa\u4e0d\u6765\uff0c\u5916\u9762\u7684\u4eba\u8fdb\u4e0d\u53bb\uff0c\u670d\u52a1\u6001\u5ea6\u8d85\u7ea7\u5dee\uff0c\u516c\u5395\u6570\u91cf\u7279\u522b\u5c11\uff0c\u4e0a\u4e0b\u5c71\u53ea\u6709\u4e00\u6761\u5c0f\u8def\uff0c\u89c4\u5212\u8d85\u7ea7\u4e0d\u5408\u7406\uff0c\u53bb\u5927\u9f0e\u90a3\u91cc\u8fd8\u53ea\u80fd\u5750\u5927\u5df4\u4e0a\u53bb\uff0c\u4eba\u591a\u7684\u65f6\u5019\u4e3a\u4e86\u591a\u8d5a\u94b1\uff0c\u53ea\u9001\u4e0a\u4e0d\u9001\u4e0b\uff0c\u4e0b\u5c71\u7b49\u8f66\u51e0\u5c0f\u65f6\u90fd\u4e0d\u4e00\u5b9a\u6709\uff0c\u5783\u573e\u666f\u70b9\u3002"", ""date"": ""2024-10-18"", ""score"": 1, ""commentId"": ""237739944"", ""imgs"": [], ""userNickName"": ""\u9e23*\u822a"", ""replyCityName"": """", ""cityName"": ""\u5e7f\u4e1c""}, {""author"": ""\u53bb*\u6237"", ""content"": ""\u5404\u4e2a\u666f\u70b9\u7684\u4f53\u9a8c\u611f\u8d85\u5dee\uff0c\u4e0d\u77e5\u9053\u8fd9\u4e48\u9ad8\u7684\u597d\u8bc4\u662f\u600e\u4e48\u5237\u51fa\u6765\u3002\u7279\u522b\u662f\u4e03\u661f\u5ca9\uff0c\u95e8\u7968\u8981\u94b1\uff0c\u666f\u70b9\u8981\u94b1\uff0c\u5750\u8239\u5750\u8f66\u8981\u94b1/::L\u91cc\u9762\u7684\u840c\u5ba0\u5944\u5944\u4e00\u606f\u7684\uff0c\u6ca1\u6709\u6d3b\u529b\u3002\u597d\u8bc4\u8d85\u9ad8\u9f99\u5ca9\u6d1e\u91cc\u9762\u4e0d\u4ec5\u5c0f\uff0c\u5473\u9053\u8fd8\u5f88\u81ed\uff0c[\u6293\u72c2]\u5410\u4e0d\u5b8c\u7684\u69fd\u4e0d\u3002\u5c31\u662f\u82b1\u94b1\u5356\u7f6a\u53d7\u3002"", ""date"": ""2024-10-06"", ""score"": 1, ""commentId"": ""237521657"", ""imgs"": [], ""userNickName"": ""\u53bb*\u6237"", ""replyCityName"": """", ""cityName"": ""\u5e7f\u4e1c""}, {""author"": ""s*e"", ""content"": ""\u975e\u5e38\u5dee\uff01\u521a\u8fdb\u53bb\u5c31\u56e0\u4eba\u591a\uff0c\u5168\u662f\u4eba\uff0c\u88ab\u8b66\u5bdf\u529d\u56de\uff0c\u5e73\u53f0\u53c8\u4e0d\u7ed9\u9000\u7968\u3002"", ""date"": ""2024-10-04"", ""score"": 1, ""commentId"": ""237495227"", ""imgs"": [{""small"": ""https://qimgs.qunarzz.com/mp_piao_0001/temp15219800966078354867file_1728050766000.jpg_120x120_61f365dd.jpg"", ""title"": """", ""big"": ""https://qimgs.qunarzz.com/mp_piao_0001/temp15219800966078354867file_1728050766000.jpg""}, {""small"": ""https://qimgs.qunarzz.com/mp_piao_0001/temp1577434596264666772file_1728050766000.jpg_120x120_7405aba4.jpg"", ""title"": """", ""big"": ""https://qimgs.qunarzz.com/mp_piao_0001/temp1577434596264666772file_1728050766000.jpg""}, {""small"": ""https://qimgs.qunarzz.com/mp_piao_0001/temp3217576390804213977file_1728050766000.jpg_120x120_4baf2e6e.jpg"", ""title"": """", ""big"": ""https://qimgs.qunarzz.com/mp_piao_0001/temp3217576390804213977file_1728050766000.jpg""}, {""small"": ""https://qimgs.qunarzz.com/mp_piao_0001/temp14083111334682621168file_1728050766000.jpg_120x120_094a36c9.jpg"", ""title"": """", ""big"": ""https://qimgs.qunarzz.com/mp_piao_0001/temp14083111334682621168file_1728050766000.jpg""}], ""userNickName"": ""s*e"", ""replyCityName"": """", ""cityName"": ""\u5e7f\u4e1c""}, {""author"": ""i*0"", ""content"": ""\u4f5c\u4e3a\u56fd\u5bb6\u7ea7\u7684\u98ce\u666f\u533a\uff0c80\u5143\u7684\u95e8\u7968\u3002\u6b65\u884c\u6807\u8bc6\u4e0d\u6e05\u3002\u6ca1\u6709\u5e7f\u64ad\uff0c\u6ca1\u6709\u5de5\u4f5c\u4eba\u5458\u6307\u793a\u3002\u6628\u5929\u5f88\u591a\u6e38\u5ba2\u5230\u4e86\u98de\u9f99\u6f6d\u5c31\u8bef\u4e0b\u5c71\u4e86\u3002"", ""date"": ""2024-10-05"", ""score"": 3, ""commentId"": ""237507175"", ""imgs"": [], ""userNickName"": ""i*0"", ""replyCityName"": """", ""cityName"": ""\u5e7f\u4e1c""}, {""author"": ""\u838e*\u7c89"", ""content"": ""\u7528\u6237\u672a\u70b9\u8bc4\uff0c\u7cfb\u7edf\u9ed8\u8ba4\u597d\u8bc4\u3002"", ""date"": ""2024-12-27"", ""score"": 5, ""commentId"": ""239390011"", ""imgs"": [], ""userNickName"": ""\u838e*\u7c89"", ""replyCityName"": """", ""cityName"": """"}, {""author"": ""\u53bb*\u6237"", ""content"": ""\u7528\u6237\u672a\u70b9\u8bc4\uff0c\u7cfb\u7edf\u9ed8\u8ba4\u597d\u8bc4\u3002"", ""date"": ""2024-12-27"", ""score"": 5, ""commentId"": ""239389100"", ""imgs"": [], ""userNickName"": ""\u53bb*\u6237"", ""replyCityName"": """", ""cityName"": """"}, {""author"": ""p*2"", ""content"": ""\u7528\u6237\u672a\u70b9\u8bc4\uff0c\u7cfb\u7edf\u9ed8\u8ba4\u597d\u8bc4\u3002"", ""date"": ""2024-12-27"", ""score"": 5, ""commentId"": ""239389098"", ""imgs"": [], ""userNickName"": ""p*2"", ""replyCityName"": """", ""cityName"": """"}, {""author"": ""\u83dc*e"", ""content"": ""\u7528\u6237\u672a\u70b9\u8bc4\uff0c\u7cfb\u7edf\u9ed8\u8ba4\u597d\u8bc4\u3002"", ""date"": ""2024-12-27"", ""score"": 5, ""commentId"": ""239388493"", ""imgs"": [], ""userNickName"": ""\u83dc*e"", ""replyCityName"": """", ""cityName"": """"}, {""author"": ""\u53bb*\u6237"", ""content"": ""\u7528\u6237\u672a\u70b9\u8bc4\uff0c\u7cfb\u7edf\u9ed8\u8ba4\u597d\u8bc4\u3002"", ""date"": ""2024-12-27"", ""score"": 5, ""commentId"": ""239388037"", ""imgs"": [], ""userNickName"": ""\u53bb*\u6237"", ""replyCityName"": """", ""cityName"": """"}], ""score"": 4.9, ""commentCount"": 12891}, ""statusCode"": 200}"
星湖旅游景区,https://qimgs.qunarzz.com/piao_qsight_provider_piao_qsight_web/0101j12000f6t7f1z8551_C_900_504.jpg_280x200_5a3dc619.jpg,肇庆市,端州区,肇庆市北郊4公里处,3994,4.9,有绚丽、奇特的岩峰和岩洞,https://piao.qunar.com/ticket/detail_2921736137.html?st=a3clM0QlRTclQUIlQUYlRTUlQjclOUUlRTUlOEMlQkElMjZpZCUzRDEwODkxJTI2dHlwZSUzRDAlMjZpZHglM0QxJTI2cXQlM0QlMjZhcGslM0QyJTI2c2MlM0RXV1clMjZ1ciUzRCVFNCVCOCVBRCVFNSVCMSVCMSUyNmxyJTNEJUU0JUI4JUFEJUU1JUIxJUIxJTI2ZnQlM0QlN0IlN0Q%3D#from=mpl_search_suggest,20.0,5A景区,"1.鼎湖山，是岭南四大名山之一，于肇庆城区东北18公里。因地球上北回归线穿过的地方大都是沙漠或干草原，所以鼎湖山又被中外学者誉为""北回归线上的绿宝石"" 。1956年，鼎湖山成为我国第一个自然保护区。1979年又成为我国第一批加入联合国教科文组织""人与生物圈""计划的保护区，建立了""人与生物圈""研究中心，成为国际性的学术交流和研究基地。1982年国务院又将星湖风景名胜区（含七星岩、鼎湖山）列为全国第一批44个重点风景名胜区之一。2.七星岩，主要包括了星湖和七座山峰，它们似北斗七星散落湖中，因而得名；星湖烟波浩瀚，总面积达649万平方米，湖堤长达20多公里，串起数个翠绿的小岛，景色十分宜人，国家体委在该湖建有划船基地。",1/1-12/31；周一至周日；08:00-18:00开园,https://qimgs.qunarzz.com/piao_qsight_provider_piao_qsight_web/0101j12000f6t7f1z8551_C_900_504.jpg_710x360_55a8f4e9.jpg〇https://qimgs.qunarzz.com/piao_qsight_provider_piao_qsight_web/0101j12000f6t7f1z8551_C_900_504_Q90_Mtg_7.jpg_710x360_ef6fb3f3.jpg〇https://qimgs.qunarzz.com/piao_qsight_provider_piao_qsight_web/0105i120008icn3xsB9FF_C_900_504_Q90_Mtg_7.jpg_710x360_5db82632.jpg〇https://qimgs.qunarzz.com/piao_qsight_provider_piao_qsight_web/0106w120008ikh2f90421_C_900_504_Q90_Mtg_7.jpg_710x360_0fb55324.jpg〇https://qimgs.qunarzz.com/piao_qsight_provider_piao_qsight_web/0100s120008ih49dcF172_C_900_504_Q90_Mtg_7.jpg_710x360_cfb79877.jpg〇https://qimgs.qunarzz.com/piao_qsight_provider_piao_qsight_web/0100p120008ih44b3BAF4_C_900_504_Q90_Mtg_7.jpg_710x360_2a6ba867.jpg〇https://imgs.qunarzz.com/sight/p0/1507/9b/67eb15e6d9d5544ebbe40235b5f18c10.water.jpg_710x360_c9839627.jpg〇https://imgs.qunarzz.com/sight/p0/1507/d5/fc7daaf2bc479f7f4ecd3f1a3212c986.water.jpg_710x360_22cf81a2.jpg〇https://imgs.qunarzz.com/sight/p0/1507/e1/c332917072abe674bcec4d2e9476eed3.water.jpg_710x360_c910b800.jpg〇https://imgs.qunarzz.com/sight/p0/1507/a0/7e452b7ed8dd18af05ae7751ad2a8500.water.jpg_710x360_8ea30c71.jpg〇https://imgs.qunarzz.com/sight/p0/1507/1a/9600161fba050d14d81b13b950bb1c61.water.jpg_710x360_62bac0b9.jpg〇https://imgs.qunarzz.com/sight/p0/1507/44/c809f4dadd77b03b1e4635a46ee9c6e3.water.jpg_710x360_a5e86b71.jpg〇https://imgs.qunarzz.com/sight/p0/1507/34/525cf5cc493c8a838a0c8291265ad3a5.water.jpg_710x360_669eedfa.jpg〇https://imgs.qunarzz.com/sight/p62/201211/02/45d7f1d74850b82693835fbb.jpg_710x360_ace3eaf5.jpg〇https://imgs.qunarzz.com/sight/p0/201401/20/d26ed87bbf7c2186aa043b206f8cd4a7.jpg_710x360_54ca03a5.jpg〇https://imgs.qunarzz.com/sight/p0/201401/20/337f44ab30470db3480759bfe8d7a3db.jpg_710x360_1f443602.jpg〇https://imgs.qunarzz.com/sight/p0/201401/20/01a8422fb3fc93f95db50d47be2bea57.jpg_710x360_c093ff95.jpg〇https://imgs.qunarzz.com/sight/p0/201401/20/cf1a36f71ddc95d56dbe4b55b3158112.jpg_710x360_854fe2e3.jpg〇https://imgs.qunarzz.com/sight/p0/201401/20/d3766ccce35c16ec97a32e7f4977a4fc.jpg_710x360_b912382d.jpg〇https://imgs.qunarzz.com/sight/p0/1509/15/61b259bf3e9a62623e49e4391dcc135d.water.jpg_710x360_bef5c94d.jpg〇https://qimgs.qunarzz.com/piao_qsight_provider_piao_qsight_web/6beda0e2e8cbacb5.jpg_710x360_6c12587c.jpg〇https://qimgs.qunarzz.com/piao_qsight_provider_piao_qsight_web/b7eb4a7a8ea86db5.jpg_710x360_2257f8e4.jpg〇https://qimgs.qunarzz.com/piao_qsight_provider_piao_qsight_web/e14d66ad113e3bb5.jpg_710x360_baad1fdc.jpg〇https://qimgs.qunarzz.com/piao_qsight_provider_piao_qsight_web/03fbed0687b577b5.jpg_710x360_734a03d7.jpg〇https://qimgs.qunarzz.com/piao_qsight_provider_piao_qsight_web/765e01f5ebb5cab5.jpg_710x360_4ffc9590.jpg〇https://qimgs.qunarzz.com/piao_qsight_provider_piao_qsight_web/1bfeda1f8a3e017cddb12cfb.jpg_710x360_79404f66.jpg〇https://qimgs.qunarzz.com/piao_qsight_provider_piao_qsight_web/fd6c8305-342a-4e63-ada6-b04f78d7fd21.jpg_710x360_413839b5.jpg〇https://qimgs.qunarzz.com/piao_qsight_provider_piao_qsight_web/1558639425412100914000000vvlj489BD_D_640_10000.jpg_710x360_3caa38f2.jpg〇https://qimgs.qunarzz.com/piao_qsight_provider_piao_qsight_web/1558639425313100714000000w9vm690F5_D_640_10000.jpg_710x360_f14f2ad7.jpg〇https://qimgs.qunarzz.com/piao_qsight_provider_piao_qsight_web/1558639425150100714000000w9vpm9C18_D_640_10000.jpg_710x360_5c59cf97.jpg〇https://qimgs.qunarzz.com/piao_qsight_provider_piao_qsight_web/1558639424925100j14000000vspng2EA0_D_640_10000.jpg_710x360_65e700ad.jpg〇https://qimgs.qunarzz.com/piao_qsight_provider_piao_qsight_web/1558639424605100914000000vvlmn5D16_D_640_10000.jpg_710x360_575dad95.jpg〇https://qimgs.qunarzz.com/piao_qsight_provider_piao_qsight_web/1558639424192100j14000000vspnh9D89_D_640_10000.jpg_710x360_08f12d33.jpg〇https://qimgs.qunarzz.com/piao_qsight_provider_piao_qsight_web/1558639423954100d14000000w4uex6FB8_D_640_10000.jpg_710x360_39139cda.jpg〇https://qimgs.qunarzz.com/piao_qsight_provider_piao_qsight_web/1558639423731100d14000000w4uqwA7F8_D_640_10000.jpg_710x360_5ff588a7.jpg〇https://qimgs.qunarzz.com/piao_qsight_provider_piao_qsight_web/1558639423465100d14000000w4uqvB817_D_640_10000.jpg_710x360_60482c7f.jpg〇https://qimgs.qunarzz.com/piao_qsight_provider_piao_qsight_web/1558639422811100n14000000wi2mn4440_D_640_10000.jpg_710x360_ac6143a7.jpg〇https://qimgs.qunarzz.com/piao_qsight_provider_piao_qsight_web/1558639423229100u14000000w6b146F8A_D_640_10000.jpg_710x360_d89e7852.jpg〇https://qimgs.qunarzz.com/piao_qsight_provider_piao_qsight_web/1558639422691100714000000wzp2e0240_D_640_10000.jpg_710x360_c95e6012.jpg〇https://qimgs.qunarzz.com/piao_qsight_provider_piao_qsight_web/1558639423098100c14000000w8z83B3E9_D_640_10000.jpg_710x360_e7448bac.jpg,"{""ret"": true, ""data"": {""tagList"": [{""tagType"": 32, ""tagScore"": 5, ""tagNum"": 13, ""tagName"": ""\u670d\u52a1\u597d""}, {""tagType"": 16, ""tagScore"": 5, ""tagNum"": 15, ""tagName"": ""\u9760\u8c31""}, {""tagType"": 8, ""tagScore"": 5, ""tagNum"": 9, ""tagName"": ""\u4fbf\u5b9c""}, {""tagType"": 4, ""tagScore"": 5, ""tagNum"": 42, ""tagName"": ""\u53d6\u7968\u65b9\u4fbf""}, {""tagType"": 3, ""tagScore"": 5, ""tagNum"": 10, ""tagName"": ""\u5dee\u8bc4""}, {""tagType"": 2, ""tagScore"": 5, ""tagNum"": 21, ""tagName"": ""\u4e2d\u8bc4""}, {""tagType"": 1, ""tagScore"": 5, ""tagNum"": 3906, ""tagName"": ""\u597d\u8bc4""}, {""tagType"": 0, ""tagScore"": 5, ""tagNum"": 3994, ""tagName"": ""\u5168\u90e8""}], ""commentList"": [{""author"": ""k*0"", ""content"": ""\u5468\u672b\u6ca1\u4ec0\u4e48\u5730\u65b9\u53ef\u4ee5\u9009\u7684\u8bdd\u6765\u8fd9\u91cc\u8fd8\u53ef\u4ee5\u3002\u7f51\u4e0a\u4e70\u7968\u76f4\u63a5\u8fdb\u5165\u68c0\u7968\u5c31\u53ef\u4ee5\u3002\u513f\u7ae5\u7968\u8981\u73b0\u573a\u4e70\uff08\u6709\u81ea\u52a9\u673a\uff0c\u4e0d\u7528\u8eab\u4efd\u8bc1\uff0c\u5f88\u65b9\u4fbf\uff09\uff0c\u4e00\u7c73\u4e8c\u7684\u534a\u4ef7\uff08\u5927\u95e8\u7968\uff09\uff0c\u4f4e\u4e8e\u4e00\u7c73\u4e8c\u4e0d\u7528\u4e70\u3002"", ""date"": ""2024-06-10"", ""score"": 5, ""commentId"": ""234283214"", ""imgs"": [{""small"": ""https://qimgs.qunarzz.com/mp_piao_0001/temp13506262585033363796file_1717985893000.jpg_120x120_9b99f48b.jpg"", ""title"": """", ""big"": ""https://qimgs.qunarzz.com/mp_piao_0001/temp13506262585033363796file_1717985893000.jpg""}, {""small"": ""https://qimgs.qunarzz.com/mp_piao_0001/temp8572409958599618758file_1717985893000.jpg_120x120_38bdffc8.jpg"", ""title"": """", ""big"": ""https://qimgs.qunarzz.com/mp_piao_0001/temp8572409958599618758file_1717985893000.jpg""}, {""small"": ""https://qimgs.qunarzz.com/mp_piao_0001/temp9020227073977517604file_1717985893000.jpg_120x120_c6defe4c.jpg"", ""title"": """", ""big"": ""https://qimgs.qunarzz.com/mp_piao_0001/temp9020227073977517604file_1717985893000.jpg""}, {""small"": ""https://qimgs.qunarzz.com/mp_piao_0001/temp7534016239349063798file_1717985893000.jpg_120x120_b8138760.jpg"", ""title"": """", ""big"": ""https://qimgs.qunarzz.com/mp_piao_0001/temp7534016239349063798file_1717985893000.jpg""}, {""small"": ""https://qimgs.qunarzz.com/mp_piao_0001/temp13230166207255653456file_1717985893000.jpg_120x120_0fafe2d7.jpg"", ""title"": """", ""big"": ""https://qimgs.qunarzz.com/mp_piao_0001/temp13230166207255653456file_1717985893000.jpg""}, {""small"": ""https://qimgs.qunarzz.com/mp_piao_0001/temp6744012197542183691file_1717985893000.jpg_120x120_fa14a2aa.jpg"", ""title"": """", ""big"": ""https://qimgs.qunarzz.com/mp_piao_0001/temp6744012197542183691file_1717985893000.jpg""}], ""userNickName"": ""k*0"", ""replyCityName"": """", ""cityName"": ""\u5e7f\u4e1c""}, {""author"": ""\u53bb*\u6237"", ""content"": ""\u6bcf\u5e74\u4f1a\u6765\u4e00\u6b21\uff0c\u611f\u89c9\u6e7f\u5730\u516c\u56ed\u90a3\u8fb9\u66f4\u597d\u73a9\u4e00\u4e9b\uff0c\u4eba\u6ca1\u90a3\u4e48\u591a\u3002"", ""date"": ""2024-02-16"", ""score"": 5, ""commentId"": ""231451645"", ""imgs"": [{""small"": ""https://qimgs.qunarzz.com/mp_piao_0001/temp7912997420504328283file_1708047169000.jpg_120x120_b6851b9f.jpg"", ""title"": """", ""big"": ""https://qimgs.qunarzz.com/mp_piao_0001/temp7912997420504328283file_1708047169000.jpg""}, {""small"": ""https://qimgs.qunarzz.com/mp_piao_0001/temp3828703410088890236file_1708047169000.jpg_120x120_84b27059.jpg"", ""title"": """", ""big"": ""https://qimgs.qunarzz.com/mp_piao_0001/temp3828703410088890236file_1708047169000.jpg""}, {""small"": ""https://qimgs.qunarzz.com/mp_piao_0001/temp3614544261929760146file_1708047169000.jpg_120x120_cb07cfb6.jpg"", ""title"": """", ""big"": ""https://qimgs.qunarzz.com/mp_piao_0001/temp3614544261929760146file_1708047169000.jpg""}, {""small"": ""https://qimgs.qunarzz.com/mp_piao_0001/temp2059177530200934306file_1708047169000.jpg_120x120_4a922e91.jpg"", ""title"": """", ""big"": ""https://qimgs.qunarzz.com/mp_piao_0001/temp2059177530200934306file_1708047169000.jpg""}, {""small"": ""https://qimgs.qunarzz.com/mp_piao_0001/temp8982339436009026668file_1708047169000.jpg_120x120_3374fbf1.jpg"", ""title"": """", ""big"": ""https://qimgs.qunarzz.com/mp_piao_0001/temp8982339436009026668file_1708047169000.jpg""}], ""userNickName"": ""\u53bb*\u6237"", ""replyCityName"": """", ""cityName"": ""\u5e7f\u4e1c""}, {""author"": ""u*e"", ""content"": ""\u7528\u6237\u672a\u70b9\u8bc4\uff0c\u7cfb\u7edf\u9ed8\u8ba4\u597d\u8bc4\u3002"", ""date"": ""2024-12-25"", ""score"": 5, ""commentId"": ""239372774"", ""imgs"": [], ""userNickName"": ""u*e"", ""replyCityName"": """", ""cityName"": """"}, {""author"": ""u*e"", ""content"": ""\u7528\u6237\u672a\u70b9\u8bc4\uff0c\u7cfb\u7edf\u9ed8\u8ba4\u597d\u8bc4\u3002"", ""date"": ""2024-12-25"", ""score"": 5, ""commentId"": ""239372465"", ""imgs"": [], ""userNickName"": ""u*e"", ""replyCityName"": """", ""cityName"": """"}, {""author"": ""l*m"", ""content"": ""\u7528\u6237\u672a\u70b9\u8bc4\uff0c\u7cfb\u7edf\u9ed8\u8ba4\u597d\u8bc4\u3002"", ""date"": ""2024-12-24"", ""score"": 5, ""commentId"": ""239358722"", ""imgs"": [], ""userNickName"": ""l*m"", ""replyCityName"": """", ""cityName"": """"}, {""author"": ""q*3"", ""content"": ""\u7528\u6237\u672a\u70b9\u8bc4\uff0c\u7cfb\u7edf\u9ed8\u8ba4\u597d\u8bc4\u3002"", ""date"": ""2024-12-24"", ""score"": 5, ""commentId"": ""239358321"", ""imgs"": [], ""userNickName"": ""q*3"", ""replyCityName"": """", ""cityName"": """"}, {""author"": ""s*o"", ""content"": ""\u7528\u6237\u672a\u70b9\u8bc4\uff0c\u7cfb\u7edf\u9ed8\u8ba4\u597d\u8bc4\u3002"", ""date"": ""2024-12-24"", ""score"": 5, ""commentId"": ""239353367"", ""imgs"": [], ""userNickName"": ""s*o"", ""replyCityName"": """", ""cityName"": """"}, {""author"": ""\u53bb*\u6237"", ""content"": ""\u7528\u6237\u672a\u70b9\u8bc4\uff0c\u7cfb\u7edf\u9ed8\u8ba4\u597d\u8bc4\u3002"", ""date"": ""2024-12-24"", ""score"": 5, ""commentId"": ""239343163"", ""imgs"": [], ""userNickName"": ""\u53bb*\u6237"", ""replyCityName"": """", ""cityName"": """"}, {""author"": ""\u53bb*\u6237"", ""content"": ""\u7528\u6237\u672a\u70b9\u8bc4\uff0c\u7cfb\u7edf\u9ed8\u8ba4\u597d\u8bc4\u3002"", ""date"": ""2024-12-24"", ""score"": 5, ""commentId"": ""239341865"", ""imgs"": [], ""userNickName"": ""\u53bb*\u6237"", ""replyCityName"": """", ""cityName"": """"}, {""author"": ""j*8"", ""content"": ""\u7528\u6237\u672a\u70b9\u8bc4\uff0c\u7cfb\u7edf\u9ed8\u8ba4\u597d\u8bc4\u3002"", ""date"": ""2024-12-23"", ""score"": 5, ""commentId"": ""239334891"", ""imgs"": [], ""userNickName"": ""j*8"", ""replyCityName"": """", ""cityName"": """"}], ""score"": 4.9, ""commentCount"": 3994}, ""statusCode"": 200}"
阅江楼,https://qimgs.qunarzz.com/piao_qsight_provider_piao_qsight_web/0105k12000b9wqwfv77E1_C_900_504.jpg_280x200_7d9353f1.jpg,肇庆市,端州区,肇庆市端州区正东路与江滨四路交叉路口往东北约50米(肇庆市博物馆),7,4.9,肇庆八景之一,https://piao.qunar.com/ticket/detail_4191060792.html?st=a3clM0QlRTclQUIlQUYlRTUlQjclOUUlRTUlOEMlQkElMjZpZCUzRDEwMTQzJTI2dHlwZSUzRDAlMjZpZHglM0Q5JTI2cXQlM0QlMjZhcGslM0QyJTI2c2MlM0RXV1clMjZ1ciUzRCVFNCVCOCVBRCVFNSVCMSVCMSUyNmxyJTNEJUU0JUI4JUFEJUU1JUIxJUIxJTI2ZnQlM0QlN0IlN0Q%3D#from=mpl_search_suggest,818.0,N/A,"阅江楼座落在肇庆市城区正东路石头岗上,居高临下,屹然矗立在浩荡东去的西江河畔,气势雄伟非凡.宣德六年（1431年），肇庆知府王莹将石头庵改建，名为崧台书院。*十四年（1641年）再度改建，正式立名为阅江楼。500年来不少文人墨客登楼抒怀,写下许多想象雄奇的诗篇,为这座古楼平添了异彩.阅江楼的建筑布局讲究匀称、均衡,楼房高2层,分东西南北4座,楼与楼间建有回廊小阁,相互衔接,因此,各楼之间可以全部贯通,组成四合院式的整体建筑.中间是典型的岭南庭院,设有水池假山以点缀,四周有前人所载的米兰古树,弯扭虬曲的树身周长粗达80多厘米,为米兰中所罕见,每年两度花开时节,馨香四溢,沁人心脾.楼前有宽阔的停车场,登数十级石阶便上到楼台,石阶两侧有大石狮一对踞守,神态庄严威武,是肇庆市现存石雕中的珍品.该石狮由整块汉白玉石雕成,是南明桂王朱由榔在肇庆建万寿宫时所雕. 阅江楼后园遍植鸡蛋花树,每值花开之时,树冠上束束鲜花散发出迷人的幽香.",1/1-12/31；周二至周日；09:00-17:00开园；（16:30停止入园）,https://qimgs.qunarzz.com/piao_qsight_provider_piao_qsight_web/0105k12000b9wqwfv77E1_C_900_504.jpg_710x360_e1906d5a.jpg〇https://qimgs.qunarzz.com/piao_qsight_provider_piao_qsight_web/0103s12000b9wr1n05BA8_C_900_504_Q90_Mtg_7.jpg_710x360_c5f6a042.jpg〇https://qimgs.qunarzz.com/piao_qsight_provider_piao_qsight_web/0105k12000b9wqwfv77E1_C_900_504_Q90_Mtg_7.jpg_710x360_1364eb49.jpg〇https://qimgs.qunarzz.com/piao_qsight_provider_piao_qsight_web/af2c8f18c507fb02.jpg_710x360_e2add943.jpg〇https://qimgs.qunarzz.com/piao_qsight_provider_piao_qsight_web/49bc21f2edd59602.jpg_710x360_b0f0bbe1.jpg〇https://qimgs.qunarzz.com/piao_qsight_provider_piao_qsight_web/5868f5809558f502.jpg_710x360_012812c9.jpg〇https://qimgs.qunarzz.com/piao_qsight_provider_piao_qsight_web/d15eebb74e5a3302.jpg_710x360_e1b078e7.jpg〇https://qimgs.qunarzz.com/piao_qsight_provider_piao_qsight_web/3bbcc851e781f002.jpg_710x360_01288f98.jpg〇https://qimgs.qunarzz.com/piao_qsight_provider_piao_qsight_web/e841675c577dc502.jpg_710x360_bbbfdcbc.jpg〇https://qimgs.qunarzz.com/piao_qsight_provider_piao_qsight_web/7586c20f65282602.jpg_710x360_d5c2dc5a.jpg〇https://qimgs.qunarzz.com/piao_qsight_provider_piao_qsight_web/b3ba0c511f5c3bd07c988eea60a508b7.jpg_710x360_953b7882.jpg〇https://qimgs.qunarzz.com/piao_qsight_provider_piao_qsight_web/76767a4b98422ba6e8fca05cf728475e.jpg_710x360_0f35227f.jpg〇https://qimgs.qunarzz.com/piao_qsight_provider_piao_qsight_web/a660f10974fafee002db5ce129171093.jpg_710x360_885103f3.jpg〇https://qimgs.qunarzz.com/piao_qsight_provider_piao_qsight_web/0674575efe972c4337b0c286fd44e945.jpg_710x360_eb61f093.jpg〇https://qimgs.qunarzz.com/piao_qsight_provider_piao_qsight_web/8194a6072da044b5.jpg_710x360_ba9506c3.jpg〇https://qimgs.qunarzz.com/piao_qsight_provider_piao_qsight_web/845fccc7cda3d5b5.jpg_710x360_0fa39014.jpg〇https://qimgs.qunarzz.com/piao_qsight_provider_piao_qsight_web/6daafc19627bb8b5.jpg_710x360_02904024.jpg〇https://qimgs.qunarzz.com/piao_qsight_provider_piao_qsight_web/1781bc96d2bcb5b5.jpg_710x360_6e0f6de1.jpg〇https://qimgs.qunarzz.com/piao_qsight_provider_piao_qsight_web/eb2c6f6203e9d5b5.jpg_710x360_b091a5fa.jpg〇https://qimgs.qunarzz.com/piao_qsight_provider_piao_qsight_web/245205fb3ef102b5.jpg_710x360_4305661b.jpg〇https://qimgs.qunarzz.com/piao_qsight_provider_piao_qsight_web/e17fd084c7daa6b5.jpg_710x360_797c9d68.jpg〇https://qimgs.qunarzz.com/piao_qsight_provider_piao_qsight_web/ab1abce8c76c45b5.jpg_710x360_8afd44fe.jpg〇https://qimgs.qunarzz.com/piao_qsight_provider_piao_qsight_web/312d860787fd44b5.jpg_710x360_7d738085.jpg,"{""ret"": true, ""data"": {""tagList"": [{""tagType"": 32, ""tagScore"": 5, ""tagNum"": 3, ""tagName"": ""\u670d\u52a1\u597d""}, {""tagType"": 16, ""tagScore"": 5, ""tagNum"": 3, ""tagName"": ""\u9760\u8c31""}, {""tagType"": 8, ""tagScore"": 5, ""tagNum"": 3, ""tagName"": ""\u4fbf\u5b9c""}, {""tagType"": 1, ""tagScore"": 5, ""tagNum"": 7, ""tagName"": ""\u597d\u8bc4""}, {""tagType"": 0, ""tagScore"": 5, ""tagNum"": 7, ""tagName"": ""\u5168\u90e8""}], ""commentList"": [{""author"": ""\u53bb*\u6237"", ""content"": ""\u7528\u6237\u672a\u70b9\u8bc4\uff0c\u7cfb\u7edf\u9ed8\u8ba4\u597d\u8bc4\u3002"", ""date"": ""2024-07-27"", ""score"": 5, ""commentId"": ""235040685"", ""imgs"": [], ""userNickName"": ""\u53bb*\u6237"", ""replyCityName"": """", ""cityName"": """"}, {""author"": ""g*8"", ""content"": ""\u5f88\u559c\u6b22\u8fd9\u4e2a\u884c\u7a0b\uff0c\u8def\u7ebf\u5f88\u7528\u5fc3\uff0c\u4e0d\u8d76\u6025\u8f7b\u8f7b\u677e\u677e\u6e38\u73a9\uff0c\u5bfc\u6e38\u4e5f\u5f88\u597d\u4e00\u8def\u4e0a\u5f88\u5f00\u5fc3\uff0c\u867d\u7136\u53c2\u52a0\u4e86\u4e00\u65e5\u6e38\u4f46\u77e5\u9053\u6211\u8fd8\u4f1a\u5728\u8fd9\u91cc\u505c\u7559\u51e0\u5929\uff0c\u8fd8\u70ed\u5fc3\u7684\u63a8\u8350\u4e86\u5176\u4ed6\u73a9\u6cd5\uff0c\u6ca1\u6709\u6211\u60f3\u8c61\u4e2d\u7684\u4e70\u4e1c\u897f\u4e4b\u7c7b\u7684\u6d88\u8d39\uff0c\u5f88\u4e0d\u9519\uff01\u8fd9\u6837\u6ca1\u6709\u5957\u8def\u7684\u65c5\u884c\u56e2\u771f\u7684\u5f88\u68d2\uff01"", ""date"": ""2020-05-13"", ""score"": 5, ""commentId"": ""214456167"", ""imgs"": [{""small"": ""https://imgs.qunarzz.com/piao/fusion/2005/40/5868f5809558f502.jpg_120x120_18eb4d78.jpg"", ""title"": """", ""big"": ""https://imgs.qunarzz.com/piao/fusion/2005/40/5868f5809558f502.jpg""}, {""small"": ""https://imgs.qunarzz.com/piao/fusion/2005/4e/49bc21f2edd59602.jpg_120x120_a3cdbaff.jpg"", ""title"": """", ""big"": ""https://imgs.qunarzz.com/piao/fusion/2005/4e/49bc21f2edd59602.jpg""}, {""small"": ""https://imgs.qunarzz.com/piao/fusion/2005/bf/af2c8f18c507fb02.jpg_120x120_1a63aa74.jpg"", ""title"": """", ""big"": ""https://imgs.qunarzz.com/piao/fusion/2005/bf/af2c8f18c507fb02.jpg""}], ""userNickName"": ""g*8"", ""replyCityName"": """", ""cityName"": """"}, {""author"": ""\u6743*\u661f"", ""content"": ""\u73a9\u7684\u5f88\u5f00\u5fc3\uff0c\u65e9\u5c31\u542c\u8bf4\u8087\u5e86\u8fd9\u4e2a\u5730\u65b9\u4e00\u76f4\u6ca1\u4eba\u5e26\u7740\u73a9\uff0c\u8fd9\u6b21\u7ec8\u4e8e\u62a5\u65c5\u884c\u56e2\u6765\u73a9\u4e86\uff01\u5bfc\u6e38\u5f88\u6709\u8da3\u4ecb\u7ecd\u4e86\u597d\u591a\u8087\u5e86\u7684\u7f8e\u98df\uff01\u666f\u8272\u5f88\u7f8e\uff01"", ""date"": ""2020-04-27"", ""score"": 5, ""commentId"": ""214403531"", ""imgs"": [{""small"": ""https://imgs.qunarzz.com/piao/fusion/2004/72/7586c20f65282602.jpg_120x120_67e44e3e.jpg"", ""title"": """", ""big"": ""https://imgs.qunarzz.com/piao/fusion/2004/72/7586c20f65282602.jpg""}, {""small"": ""https://imgs.qunarzz.com/piao/fusion/2004/3d/e841675c577dc502.jpg_120x120_a55898ce.jpg"", ""title"": """", ""big"": ""https://imgs.qunarzz.com/piao/fusion/2004/3d/e841675c577dc502.jpg""}, {""small"": ""https://imgs.qunarzz.com/piao/fusion/2004/d2/3bbcc851e781f002.jpg_120x120_845f3958.jpg"", ""title"": """", ""big"": ""https://imgs.qunarzz.com/piao/fusion/2004/d2/3bbcc851e781f002.jpg""}, {""small"": ""https://imgs.qunarzz.com/piao/fusion/2004/65/d15eebb74e5a3302.jpg_120x120_253c5952.jpg"", ""title"": """", ""big"": ""https://imgs.qunarzz.com/piao/fusion/2004/65/d15eebb74e5a3302.jpg""}], ""userNickName"": ""\u6743*\u661f"", ""replyCityName"": """", ""cityName"": """"}, {""author"": ""\u6743*\u661f"", ""content"": ""\u5cad\u5357\u5929\u5730\u548c\u4f5b\u5c71\u7956\u5e99\u5f88\u559c\u6b22\uff0c\u8087\u5e86\u7b2c\u4e00\u6b21\u53bb\u611f\u89c9\u4e0d\u9519\u5462\uff0c\u4e00\u5929\u6e38\u4e09\u5730\u4f46\u662f\u4e0d\u8d76\u4e0d\u6025\uff0c\u5f88\u8f7b\u677e\u6109\u5feb"", ""date"": ""2020-06-16"", ""score"": 5, ""commentId"": ""214667596"", ""imgs"": [], ""userNickName"": ""\u6743*\u661f"", ""replyCityName"": """", ""cityName"": """"}, {""author"": ""g*8"", ""content"": ""\u4e03\u661f\u5ca9\u666f\u8272\u5f88\u7f8e\uff0c\u5cad\u5357\u5929\u5730\u4e5f\u4e0d\u9519\uff0c\u5bfc\u6e38\u8bb2\u89e3\u5f88\u7ec6\u5fc3\uff0c\u70b9\u8d5e"", ""date"": ""2020-06-16"", ""score"": 5, ""commentId"": ""214667591"", ""imgs"": [], ""userNickName"": ""g*8"", ""replyCityName"": """", ""cityName"": """"}, {""author"": ""W*6"", ""content"": ""\u98ce\u666f\u5f88\u7f8e\u7684\u5730\u65b9\uff0c\u73a9\u7684\u5f88\u5f00\u5fc3"", ""date"": ""2016-12-14"", ""score"": 5, ""commentId"": ""136014535"", ""imgs"": [], ""userNickName"": ""W*6"", ""replyCityName"": """", ""cityName"": """"}, {""author"": ""\u7cbe*\u4fa0"", ""content"": ""\u8087\u5e86\u5e02\u7684\u535a\u7269\u9986\u6240\u5728\u5730\uff0c\u4e5f\u662f\u8fd1\u4ee3\u5386\u53f2\u5efa\u7b51\uff0c\u503c\u5f97\u53c2\u89c2\u3002"", ""date"": ""2016-07-31"", ""score"": 4, ""commentId"": ""123606964"", ""imgs"": [], ""userNickName"": ""\u7cbe*\u4fa0"", ""replyCityName"": """", ""cityName"": """"}], ""score"": 4.9, ""commentCount"": 7}, ""statusCode"": 200}"
肇庆古城墙(宋城一路),https://qimgs.qunarzz.com/piao_qsight_provider_piao_qsight_web/0107412000941593283A9_C_900_504_Q90_Mtg_7.jpg_280x200_9209e594.jpg,肇庆市,端州区,肇庆市端州区正西路6号(康乐居东北),2,4.5,肇庆的标志性建筑,https://piao.qunar.com/ticket/detail_826408861.html?st=a3clM0QlRTclQUIlQUYlRTUlQjclOUUlRTUlOEMlQkElMjZpZCUzRDcwMDclMjZ0eXBlJTNEMCUyNmlkeCUzRDglMjZxdCUzRCUyNmFwayUzRDIlMjZzYyUzRFdXVyUyNnVyJTNEJUU0JUI4JUFEJUU1JUIxJUIxJTI2bHIlM0QlRTQlQjglQUQlRTUlQjElQjElMjZmdCUzRCU3QiU3RA%3D%3D#from=mpl_search_suggest,378.0,N/A,"端州古城墙是广东现仅存的完整古城墙，位于肇庆市区内，始建于宋代。平面呈长方形，周长280.2米，制高点在城北披云楼地段，目前城墙高出地面10米。城墙两侧砖砌，中间夯土，外围共有28个城垛（敌台）。城砖规格达40多个品种，是历史上多次修葺的见证。建筑城墙壁的起因，是广西壮族首领侬智高反宋，连攻下邕（今南宁），封（今封开）、康（今德庆）等州，端州太守丁宝臣因无城墙壁防守，弃城而逃。侬智高失败后，于公元1053年始筑土城墙。政和三年（公元1113）郡守郑义将土城墙扩大，筑为砖城，开四门：东曰宋崇，西曰镇南，南曰端溪，北曰朝天。明洪武元年（公元1368年）首次修葺,东门改称“正东”，西门改称“景星”。明成化年间至明末，共修城墙十一次，其中成化十六年（公元1480）知府李王遂加大部分城墙厚度，并刻制四门的石匾额，改了东门和南门的称谓，自此，东门曰庆云，西门曰景星，南门曰南薰，北门仍曰朝天。清代修葺九次，民国五年（公元1916年）修葺后，至民国十三年到十五年这三年内，却将城门楼、雉角楼、月城、炮台、文昌阁拆除，城墙除披云地段外，其余全部拆低了约7市尺、并填塞四城门，改成马路斜坡。新中国成立后，历年都重视维修。在江滨堤路建成之前，城墙起着防洪的作用，现城墙基本完好，被列为广东省重点文物。",1/1-12/31；周一至周日；8:00-17:30开园,https://qimgs.qunarzz.com/piao_qsight_provider_piao_qsight_web/0107412000941593283A9_C_900_504_Q90_Mtg_7.jpg_710x360_eebbc9a4.jpg〇https://qimgs.qunarzz.com/piao_qsight_provider_piao_qsight_web/100i0u000000j3edsF025_C_900_504_Q90_Mtg_7.jpg_710x360_d389f207.jpg〇https://qimgs.qunarzz.com/piao_qsight_provider_piao_qsight_web/d5b388ffb1abbd02.jpg_710x360_bc61e7eb.jpg,"{""ret"": true, ""data"": {""tagList"": [{""tagType"": 1, ""tagScore"": 5, ""tagNum"": 2, ""tagName"": ""\u597d\u8bc4""}, {""tagType"": 0, ""tagScore"": 5, ""tagNum"": 2, ""tagName"": ""\u5168\u90e8""}], ""commentList"": [{""author"": ""w*c"", ""content"": ""\u7528\u6237\u672a\u70b9\u8bc4\uff0c\u7cfb\u7edf\u9ed8\u8ba4\u597d\u8bc4\u3002"", ""date"": ""2024-11-13"", ""score"": 5, ""commentId"": ""238748823"", ""imgs"": [], ""userNickName"": ""w*c"", ""replyCityName"": """", ""cityName"": """"}, {""author"": ""\u7cbe*\u4fa0"", ""content"": ""\u53ef\u4ee5\u514d\u8d39\u767b\u4e0a\u57ce\u5899\u53c2\u89c2\u7684\u3002\u5916\u89c2\u4e86\u8087\u5e86\u53e4\u57ce\u7684\u4e3d\u8c2f\u697c\u3001\u62ab\u4e91\u697c\u4e0e\u57ce\u5899\u3002\u4e0b\u5348\u5916\u89c2\u4e86\u5e02\u90ca\u897f\u6c5f\u8fb9\u7684\u767d\u6c99\u9f99\u6bcd\u5e99\u4e0e\u5305\u516c\u7960\uff08\u574710\u5143\uff0c\u7eaa\u5ff5\u5305\u62ef\u66fe\u5ea7\u9547\u7aef\u5dde\u5e9c\u9020\u798f\u767e\u59d3\uff09\u3002\u665a\u4e0a\u6536\u770b\u5973\u6392\u4e2d\u5df4\u5927\u6218\u518d\u6b21\u653e\u5f03\u89c2\u8d4f\u55b7\u6cc9\uff0c\u4e3a\u4e86\u5f25\u8865\u9057\u61be\u4e34\u65f6\u51b3\u5b9a\u660e\u5929\u591a\u7559\u4e00\u5929\u3002"", ""date"": ""2016-09-14"", ""score"": 4, ""commentId"": ""128421924"", ""imgs"": [{""small"": ""https://imgs.qunarzz.com/piao/fusion/1609/4c/d5b388ffb1abbd02.jpg_120x120_e5193401.jpg"", ""title"": """", ""big"": ""https://imgs.qunarzz.com/piao/fusion/1609/4c/d5b388ffb1abbd02.jpg""}], ""userNickName"": ""\u7cbe*\u4fa0"", ""replyCityName"": """", ""cityName"": """"}], ""score"": 4.5, ""commentCount"": 2}, ""statusCode"": 200}"
怀集寻源谷森林康养营地,https://imgs.qunarzz.com/sight/p0/2011/b4/b479050a54f6e521a3.img.jpg_280x200_56e629f4.jpg,肇庆市,怀集县,广东省肇庆市怀集县桥头镇岑元村,12,5.0,N/A,https://piao.qunar.com/ticket/detail_3885340651.html?st=a3clM0QlRTYlODAlODAlRTklOUIlODYlRTUlOEUlQkYlMjZpZCUzRDUxMDI5MiUyNnR5cGUlM0QwJTI2aWR4JTNENCUyNnF0JTNEJTI2YXBrJTNEMiUyNnNjJTNEV1dXJTI2dXIlM0QlRTQlQjglQUQlRTUlQjElQjElMjZsciUzRCVFNCVCOCVBRCVFNSVCMSVCMSUyNmZ0JTNEJTdCJTdE#from=mpl_search_suggest,-1.0,N/A,N/A,具体营业状态以当天开放情况为准,https://imgs.qunarzz.com/sight/p0/2011/b4/b479050a54f6e521a3.img.jpg_710x360_23726f78.jpg〇https://imgs.qunarzz.com/sight/p0/2011/cc/cc5dbc4631dba511a3.img.jpg_710x360_e94d76f3.jpg〇https://imgs.qunarzz.com/sight/p0/2011/a6/a6ebdf4b154fe210a3.img.jpg_710x360_9d2bba3c.jpg〇https://imgs.qunarzz.com/sight/p0/2011/d3/d3d868518b79506ca3.img.jpg_710x360_8367e055.jpg〇https://imgs.qunarzz.com/sight/p0/2011/c6/c6313844acc722e4a3.img.jpg_710x360_79ee432c.jpg,"{""ret"": true, ""data"": {""tagList"": [{""tagType"": 1, ""tagScore"": 5, ""tagNum"": 12, ""tagName"": ""\u597d\u8bc4""}, {""tagType"": 0, ""tagScore"": 5, ""tagNum"": 12, ""tagName"": ""\u5168\u90e8""}], ""commentList"": [{""author"": ""u*4"", ""content"": ""\u7528\u6237\u672a\u70b9\u8bc4\uff0c\u7cfb\u7edf\u9ed8\u8ba4\u597d\u8bc4\u3002"", ""date"": ""2021-06-05"", ""score"": 5, ""commentId"": ""219383877"", ""imgs"": [], ""userNickName"": ""u*4"", ""replyCityName"": """", ""cityName"": """"}, {""author"": ""a*4"", ""content"": ""\u7528\u6237\u672a\u70b9\u8bc4\uff0c\u7cfb\u7edf\u9ed8\u8ba4\u597d\u8bc4\u3002"", ""date"": ""2021-05-29"", ""score"": 5, ""commentId"": ""218975424"", ""imgs"": [], ""userNickName"": ""a*4"", ""replyCityName"": """", ""cityName"": """"}, {""author"": ""w*5"", ""content"": ""\u7528\u6237\u672a\u70b9\u8bc4\uff0c\u7cfb\u7edf\u9ed8\u8ba4\u597d\u8bc4\u3002"", ""date"": ""2021-04-24"", ""score"": 5, ""commentId"": ""218517875"", ""imgs"": [], ""userNickName"": ""w*5"", ""replyCityName"": """", ""cityName"": """"}, {""author"": ""h*g"", ""content"": ""\u7528\u6237\u672a\u70b9\u8bc4\uff0c\u7cfb\u7edf\u9ed8\u8ba4\u597d\u8bc4\u3002"", ""date"": ""2021-03-31"", ""score"": 5, ""commentId"": ""218315334"", ""imgs"": [], ""userNickName"": ""h*g"", ""replyCityName"": """", ""cityName"": """"}, {""author"": ""j*9"", ""content"": ""\u7528\u6237\u672a\u70b9\u8bc4\uff0c\u7cfb\u7edf\u9ed8\u8ba4\u597d\u8bc4\u3002"", ""date"": ""2021-03-20"", ""score"": 5, ""commentId"": ""218206139"", ""imgs"": [], ""userNickName"": ""j*9"", ""replyCityName"": """", ""cityName"": """"}, {""author"": ""j*9"", ""content"": ""\u7528\u6237\u672a\u70b9\u8bc4\uff0c\u7cfb\u7edf\u9ed8\u8ba4\u597d\u8bc4\u3002"", ""date"": ""2021-03-20"", ""score"": 5, ""commentId"": ""218206074"", ""imgs"": [], ""userNickName"": ""j*9"", ""replyCityName"": """", ""cityName"": """"}, {""author"": ""f*0"", ""content"": ""\u7528\u6237\u672a\u70b9\u8bc4\uff0c\u7cfb\u7edf\u9ed8\u8ba4\u597d\u8bc4\u3002"", ""date"": ""2021-03-20"", ""score"": 5, ""commentId"": ""218204614"", ""imgs"": [], ""userNickName"": ""f*0"", ""replyCityName"": """", ""cityName"": """"}, {""author"": ""a*2"", ""content"": ""\u7528\u6237\u672a\u70b9\u8bc4\uff0c\u7cfb\u7edf\u9ed8\u8ba4\u597d\u8bc4\u3002"", ""date"": ""2021-03-18"", ""score"": 5, ""commentId"": ""218154150"", ""imgs"": [], ""userNickName"": ""a*2"", ""replyCityName"": """", ""cityName"": """"}, {""author"": ""g*9"", ""content"": ""\u7528\u6237\u672a\u70b9\u8bc4\uff0c\u7cfb\u7edf\u9ed8\u8ba4\u597d\u8bc4\u3002"", ""date"": ""2021-03-15"", ""score"": 5, ""commentId"": ""218072048"", ""imgs"": [], ""userNickName"": ""g*9"", ""replyCityName"": """", ""cityName"": """"}, {""author"": ""m*8"", ""content"": ""\u7528\u6237\u672a\u70b9\u8bc4\uff0c\u7cfb\u7edf\u9ed8\u8ba4\u597d\u8bc4\u3002"", ""date"": ""2021-03-10"", ""score"": 5, ""commentId"": ""218026754"", ""imgs"": [], ""userNickName"": ""m*8"", ""replyCityName"": """", ""cityName"": """"}], ""score"": 5.0, ""commentCount"": 12}, ""statusCode"": 200}"
燕峰峡景区,https://imgs.qunarzz.com/sight/p0/201310/25/c4f6ea7d236acf80c8d65eac.jpg_280x200_b8e29b8d.jpg,肇庆市,怀集县,肇庆市怀集县凤岗镇热水坑怀集温泉漂流旅游度假邨,2,5.0,景区温泉为大型露天花园式，占地1200平方米，内设大小温泉35个，另设山水热矿泉游泳池。所有的温泉分为健身池类、药物池类,https://piao.qunar.com/ticket/detail_1046533464.html?st=a3clM0QlRTYlODAlODAlRTklOUIlODYlRTUlOEUlQkYlMjZpZCUzRDIxOTklMjZ0eXBlJTNEMCUyNmlkeCUzRDMlMjZxdCUzRCUyNmFwayUzRDIlMjZzYyUzRFdXVyUyNnVyJTNEJUU0JUI4JUFEJUU1JUIxJUIxJTI2bHIlM0QlRTQlQjglQUQlRTUlQjElQjElMjZmdCUzRCU3QiU3RA%3D%3D#from=mpl_search_suggest,500.0,N/A,景区温泉为大型露天花园式，占地1200平方米，内设大小温泉35个，另设山水热矿泉游泳池。所有的温泉分为健身池类、药物池类、休闲池类。其中，健身池类有水力按摩、贯项健足、矿泉热石板、桑拿、冰火池等； 药物池类有当归、米醋、牛奶、米酒、樟木、松木、杉木等池；休闲池类有气泡池、情侣池、儿童池等。,暂无,https://imgs.qunarzz.com/sight/p0/201310/25/c4f6ea7d236acf80c8d65eac.jpg_710x360_9fc00d25.jpg〇https://imgs.qunarzz.com/sight/p0/201310/25/3269900ca6d80bf9c8d65eac.jpg_710x360_406955ba.jpg〇https://imgs.qunarzz.com/sight/p0/201310/25/b477f5f0f09c3fb4c8d65eac.jpg_710x360_641817e9.jpg〇https://imgs.qunarzz.com/sight/p0/201310/25/934981fe9be0f374c8d65eac.jpg_710x360_3b9ab386.jpg〇https://imgs.qunarzz.com/sight/p0/201310/25/be5445da78f55241c8d65eac.jpg_710x360_3f35248b.jpg〇https://imgs.qunarzz.com/sight/p0/201310/25/c93577a129eda407c8d65eac.jpg_710x360_f8d66bc9.jpg,"{""ret"": true, ""data"": {""tagList"": [{""tagType"": 1, ""tagScore"": 5, ""tagNum"": 2, ""tagName"": ""\u597d\u8bc4""}, {""tagType"": 0, ""tagScore"": 5, ""tagNum"": 2, ""tagName"": ""\u5168\u90e8""}], ""commentList"": [{""author"": ""u*4"", ""content"": ""\u71d5\u5cf0\u6e29\u6cc9\u8fd8\u5728\u7ecf\u8425\u5417\u6000\u96c6\u53bf\u7684"", ""date"": ""2022-08-12"", ""score"": 5, ""commentId"": ""222761647"", ""imgs"": [], ""userNickName"": ""u*4"", ""replyCityName"": """", ""cityName"": """"}, {""author"": ""v*6"", ""content"": ""\u95e8\u7968\u591a\u5c11\u94b1\u554a\uff1f\u5e0c\u671b\u6709\u7965\u7ec6\u5730\u6b64\u3002"", ""date"": ""2018-07-03"", ""score"": 5, ""commentId"": ""206707981"", ""imgs"": [], ""userNickName"": ""v*6"", ""replyCityName"": """", ""cityName"": """"}], ""score"": 5.0, ""commentCount"": 2}, ""statusCode"": 200}"
怀集燕山风景区,https://qimgs.qunarzz.com/piao_qsight_provider_piao_qsight_web/350g12000000sikh1E9AF_C_900_504.jpg_280x200_12eb9053.jpg,肇庆市,怀集县,肇庆市怀集县桥头镇424县道石根村,88,4.4,岩洞称奇，栖息众多金丝燕,https://piao.qunar.com/ticket/detail_1110639349.html?st=a3clM0QlRTYlODAlODAlRTklOUIlODYlRTUlOEUlQkYlMjZpZCUzRDc2MjUlMjZ0eXBlJTNEMCUyNmlkeCUzRDIlMjZxdCUzRCUyNmFwayUzRDIlMjZzYyUzRFdXVyUyNnVyJTNEJUU0JUI4JUFEJUU1JUIxJUIxJTI2bHIlM0QlRTQlQjglQUQlRTUlQjElQjElMjZmdCUzRCU3QiU3RA%3D%3D#from=mpl_search_suggest,39.0,N/A,位于怀集县城40多公里的桥头燕岩，是著名的游览胜地之一，燕岩总面积28000多平方米，为广东溶洞之冠。岩洞内千姿百态，景致万千，洞里栖息的金丝燕数以万计，每年六月初六为怀集燕子节，,1/1-12/31；周一至周日；08:00-18:00开园,https://qimgs.qunarzz.com/piao_qsight_provider_piao_qsight_web/350g12000000sikh1E9AF_C_900_504.jpg_710x360_1900357c.jpg〇https://qimgs.qunarzz.com/piao_qsight_provider_piao_qsight_web/350i12000000sgp1z6EAD_C_900_504_Q90_Mtg_7.jpg_710x360_e6dd5784.jpg〇https://qimgs.qunarzz.com/piao_qsight_provider_piao_qsight_web/350312000000sjlsk2296_C_900_504_Q90_Mtg_7.jpg_710x360_36e0cdfa.jpg〇https://qimgs.qunarzz.com/piao_qsight_provider_piao_qsight_web/350p12000000sh0cbC05C_C_900_504_Q90_Mtg_7.jpg_710x360_e75a52f2.jpg〇https://qimgs.qunarzz.com/piao_qsight_provider_piao_qsight_web/350912000000ska3aC400_C_900_504_Q90_Mtg_7.jpg_710x360_08f1b18d.jpg〇https://qimgs.qunarzz.com/piao_qsight_provider_piao_qsight_web/350q12000000sj5yvA2A3_C_900_504_Q90_Mtg_7.jpg_710x360_fa062492.jpg〇https://qimgs.qunarzz.com/piao_qsight_provider_piao_qsight_web/350t12000000shxbgCAC1_C_900_504_Q90_Mtg_7.jpg_710x360_11b47e91.jpg〇https://qimgs.qunarzz.com/piao_qsight_provider_piao_qsight_web/350712000000syk6e9A61_C_900_504_Q90_Mtg_7.jpg_710x360_9063b63f.jpg〇https://qimgs.qunarzz.com/piao_qsight_provider_piao_qsight_web/350g12000000sikh1E9AF_C_900_504_Q90_Mtg_7.jpg_710x360_dd175136.jpg〇https://imgs.qunarzz.com/sight/p0/201403/07/69078a970caa1f60cd89b349b1473d88.jpg_710x360_4d7c4db5.jpg〇https://imgs.qunarzz.com/sight/p0/201403/07/7feecdc7538a2a91a0ace7b460357ae3.jpg_710x360_c4c9712e.jpg〇https://qimgs.qunarzz.com/piao_qsight_provider_piao_qsight_web/716430f7f6e7f502.jpg_710x360_bfcb50f5.jpg〇https://qimgs.qunarzz.com/piao_qsight_provider_piao_qsight_web/fa488c69169f8202.jpg_710x360_c9565950.jpg〇https://qimgs.qunarzz.com/piao_qsight_provider_piao_qsight_web/3955e4bd12ee1402.jpg_710x360_579233eb.jpg〇https://qimgs.qunarzz.com/piao_qsight_provider_piao_qsight_web/eec10a53b80f3c02.jpg_710x360_dfb97978.jpg〇https://qimgs.qunarzz.com/piao_qsight_provider_piao_qsight_web/258ab10971321e02.jpg_710x360_6a4f4a3b.jpg〇https://qimgs.qunarzz.com/piao_qsight_provider_piao_qsight_web/a8cf23bf2c3d5e02.jpg_710x360_27c73508.jpg〇https://qimgs.qunarzz.com/piao_qsight_provider_piao_qsight_web/ce8a0e382066cb02.jpg_710x360_edaf16d9.jpg〇https://qimgs.qunarzz.com/piao_qsight_provider_piao_qsight_web/369a626c1f0cfd02.jpg_710x360_eb36ecb8.jpg〇https://qimgs.qunarzz.com/piao_qsight_provider_piao_qsight_web/19d5ac97cadb2602.jpg_710x360_8b0c9072.jpg〇https://qimgs.qunarzz.com/piao_qsight_provider_piao_qsight_web/2b96d5479c961902.jpg_710x360_9da822dd.jpg〇https://qimgs.qunarzz.com/piao_qsight_provider_piao_qsight_web/007dfefdb7c32c02.jpg_710x360_0f280413.jpg〇https://qimgs.qunarzz.com/piao_qsight_provider_piao_qsight_web/6e8ccfc807efeb02.jpg_710x360_4c6b8b2f.jpg〇https://qimgs.qunarzz.com/piao_qsight_provider_piao_qsight_web/2c286faebaee4202.jpg_710x360_0d50c430.jpg〇https://qimgs.qunarzz.com/piao_qsight_provider_piao_qsight_web/0dc28a7730c2ad37.jpg_710x360_64040af7.jpg,"{""ret"": true, ""data"": {""tagList"": [{""tagType"": 3, ""tagScore"": 5, ""tagNum"": 2, ""tagName"": ""\u5dee\u8bc4""}, {""tagType"": 2, ""tagScore"": 5, ""tagNum"": 11, ""tagName"": ""\u4e2d\u8bc4""}, {""tagType"": 1, ""tagScore"": 5, ""tagNum"": 74, ""tagName"": ""\u597d\u8bc4""}, {""tagType"": 0, ""tagScore"": 5, ""tagNum"": 88, ""tagName"": ""\u5168\u90e8""}], ""commentList"": [{""author"": ""\u53bb*\u6237"", ""content"": ""\u4e0d\u8981\u53bb\u4e86     \u666f\u533a\u5173\u4e86"", ""date"": ""2024-09-17"", ""score"": 1, ""commentId"": ""236911286"", ""imgs"": [], ""userNickName"": ""\u53bb*\u6237"", ""replyCityName"": """", ""cityName"": ""\u5e7f\u4e1c""}, {""author"": ""y*o"", ""content"": ""\u7528\u6237\u672a\u70b9\u8bc4\uff0c\u7cfb\u7edf\u9ed8\u8ba4\u597d\u8bc4\u3002"", ""date"": ""2024-03-17"", ""score"": 5, ""commentId"": ""232406224"", ""imgs"": [], ""userNickName"": ""y*o"", ""replyCityName"": """", ""cityName"": """"}, {""author"": ""r*n"", ""content"": ""\u7528\u6237\u672a\u70b9\u8bc4\uff0c\u7cfb\u7edf\u9ed8\u8ba4\u597d\u8bc4\u3002"", ""date"": ""2024-03-15"", ""score"": 5, ""commentId"": ""232221752"", ""imgs"": [], ""userNickName"": ""r*n"", ""replyCityName"": """", ""cityName"": """"}, {""author"": ""J*e"", ""content"": ""\u7528\u6237\u672a\u70b9\u8bc4\uff0c\u7cfb\u7edf\u9ed8\u8ba4\u597d\u8bc4\u3002"", ""date"": ""2023-06-02"", ""score"": 5, ""commentId"": ""226060720"", ""imgs"": [], ""userNickName"": ""J*e"", ""replyCityName"": """", ""cityName"": """"}, {""author"": ""i*u"", ""content"": ""\u7528\u6237\u672a\u70b9\u8bc4\uff0c\u7cfb\u7edf\u9ed8\u8ba4\u597d\u8bc4\u3002"", ""date"": ""2023-04-12"", ""score"": 5, ""commentId"": ""225082301"", ""imgs"": [], ""userNickName"": ""i*u"", ""replyCityName"": """", ""cityName"": """"}, {""author"": ""\u5c0f*\u6db5"", ""content"": ""\u7528\u6237\u672a\u70b9\u8bc4\uff0c\u7cfb\u7edf\u9ed8\u8ba4\u597d\u8bc4\u3002"", ""date"": ""2023-04-11"", ""score"": 5, ""commentId"": ""225071730"", ""imgs"": [], ""userNickName"": ""\u5c0f*\u6db5"", ""replyCityName"": """", ""cityName"": """"}, {""author"": ""d*2"", ""content"": ""\u7528\u6237\u672a\u70b9\u8bc4\uff0c\u7cfb\u7edf\u9ed8\u8ba4\u597d\u8bc4\u3002"", ""date"": ""2023-03-17"", ""score"": 5, ""commentId"": ""224782391"", ""imgs"": [], ""userNickName"": ""d*2"", ""replyCityName"": """", ""cityName"": """"}, {""author"": ""\u574f*6"", ""content"": ""\u7528\u6237\u672a\u70b9\u8bc4\uff0c\u7cfb\u7edf\u9ed8\u8ba4\u597d\u8bc4\u3002"", ""date"": ""2023-02-25"", ""score"": 5, ""commentId"": ""224389760"", ""imgs"": [], ""userNickName"": ""\u574f*6"", ""replyCityName"": """", ""cityName"": """"}, {""author"": ""q*\u6237"", ""content"": ""\u7528\u6237\u672a\u70b9\u8bc4\uff0c\u7cfb\u7edf\u9ed8\u8ba4\u597d\u8bc4\u3002"", ""date"": ""2023-02-22"", ""score"": 5, ""commentId"": ""224219716"", ""imgs"": [], ""userNickName"": ""q*\u6237"", ""replyCityName"": """", ""cityName"": """"}, {""author"": ""c*7"", ""content"": ""\u7528\u6237\u672a\u70b9\u8bc4\uff0c\u7cfb\u7edf\u9ed8\u8ba4\u597d\u8bc4\u3002"", ""date"": ""2023-02-21"", ""score"": 5, ""commentId"": ""224203268"", ""imgs"": [], ""userNickName"": ""c*7"", ""replyCityName"": """", ""cityName"": """"}], ""score"": 4.4, ""commentCount"": 88}, ""statusCode"": 200}"
牛仙谷景区,https://qimgs.qunarzz.com/piao_qsight_provider_piao_qsight_web/0106d12000azmaowtD0B2_C_900_504.jpg_280x200_376d67e8.jpg,肇庆市,怀集县,广东省肇庆市怀集县红霞湾原生态景区(411县道东),13,5.0,牛仙谷，地处广东省肇庆市怀集县下帅乡。站在栈道高处，极目远眺望，远山如黛，游离在云雾之中；,https://piao.qunar.com/ticket/detail_1201544273.html?st=a3clM0QlRTYlODAlODAlRTklOUIlODYlRTUlOEUlQkYlMjZpZCUzRDUyMDcwMiUyNnR5cGUlM0QwJTI2aWR4JTNEMSUyNnF0JTNEJTI2YXBrJTNEMiUyNnNjJTNEV1dXJTI2dXIlM0QlRTQlQjglQUQlRTUlQjElQjElMjZsciUzRCVFNCVCOCVBRCVFNSVCMSVCMSUyNmZ0JTNEJTdCJTdE#from=mpl_search_suggest,19.8,N/A,牛仙谷，地处广东省肇庆市怀集县下帅乡。站在栈道高处，极目远眺望，远山如黛，游离在云雾之中；,1/1-12/31；周一至周日；08:00-18:00开园；（17:00停止入园）,https://qimgs.qunarzz.com/piao_qsight_provider_piao_qsight_web/0106d12000azmaowtD0B2_C_900_504.jpg_710x360_dd546db7.jpg〇https://qimgs.qunarzz.com/piao_qsight_provider_piao_qsight_web/0106d12000azmaowtD0B2_C_900_504_Q90_Mtg_7.jpg_710x360_b3721c45.jpg〇https://imgs.qunarzz.com/sight/p0/2309/e5/e5a68309f33ded2fa3.img.png_710x360_a01a48a8.png〇https://imgs.qunarzz.com/sight/p0/2309/e3/e3f7226d121adc6fa3.img.png_710x360_c50c1766.png,"{""ret"": true, ""data"": {""tagList"": [{""tagType"": 1, ""tagScore"": 5, ""tagNum"": 13, ""tagName"": ""\u597d\u8bc4""}, {""tagType"": 0, ""tagScore"": 5, ""tagNum"": 13, ""tagName"": ""\u5168\u90e8""}], ""commentList"": [{""author"": ""\u53bb*\u6237"", ""content"": ""\u7528\u6237\u672a\u70b9\u8bc4\uff0c\u7cfb\u7edf\u9ed8\u8ba4\u597d\u8bc4\u3002"", ""date"": ""2024-12-25"", ""score"": 5, ""commentId"": ""239374562"", ""imgs"": [], ""userNickName"": ""\u53bb*\u6237"", ""replyCityName"": """", ""cityName"": """"}, {""author"": ""l*e"", ""content"": ""\u7528\u6237\u672a\u70b9\u8bc4\uff0c\u7cfb\u7edf\u9ed8\u8ba4\u597d\u8bc4\u3002"", ""date"": ""2024-11-05"", ""score"": 5, ""commentId"": ""238560158"", ""imgs"": [], ""userNickName"": ""l*e"", ""replyCityName"": """", ""cityName"": """"}, {""author"": ""l*e"", ""content"": ""\u7528\u6237\u672a\u70b9\u8bc4\uff0c\u7cfb\u7edf\u9ed8\u8ba4\u597d\u8bc4\u3002"", ""date"": ""2024-11-05"", ""score"": 5, ""commentId"": ""238555752"", ""imgs"": [], ""userNickName"": ""l*e"", ""replyCityName"": """", ""cityName"": """"}, {""author"": ""J*_"", ""content"": ""\u7528\u6237\u672a\u70b9\u8bc4\uff0c\u7cfb\u7edf\u9ed8\u8ba4\u597d\u8bc4\u3002"", ""date"": ""2024-08-05"", ""score"": 5, ""commentId"": ""235249809"", ""imgs"": [], ""userNickName"": ""J*_"", ""replyCityName"": """", ""cityName"": """"}, {""author"": ""\u53bb*\u6237"", ""content"": ""\u7528\u6237\u672a\u70b9\u8bc4\uff0c\u7cfb\u7edf\u9ed8\u8ba4\u597d\u8bc4\u3002"", ""date"": ""2024-03-23"", ""score"": 5, ""commentId"": ""232624792"", ""imgs"": [], ""userNickName"": ""\u53bb*\u6237"", ""replyCityName"": """", ""cityName"": """"}, {""author"": ""e*m"", ""content"": ""\u7528\u6237\u672a\u70b9\u8bc4\uff0c\u7cfb\u7edf\u9ed8\u8ba4\u597d\u8bc4\u3002"", ""date"": ""2024-03-18"", ""score"": 5, ""commentId"": ""232461528"", ""imgs"": [], ""userNickName"": ""e*m"", ""replyCityName"": """", ""cityName"": """"}, {""author"": ""d*7"", ""content"": ""\u7528\u6237\u672a\u70b9\u8bc4\uff0c\u7cfb\u7edf\u9ed8\u8ba4\u597d\u8bc4\u3002"", ""date"": ""2024-03-15"", ""score"": 5, ""commentId"": ""232221894"", ""imgs"": [], ""userNickName"": ""d*7"", ""replyCityName"": """", ""cityName"": """"}, {""author"": ""\u53bb*\u6237"", ""content"": ""\u7528\u6237\u672a\u70b9\u8bc4\uff0c\u7cfb\u7edf\u9ed8\u8ba4\u597d\u8bc4\u3002"", ""date"": ""2024-03-15"", ""score"": 5, ""commentId"": ""232210462"", ""imgs"": [], ""userNickName"": ""\u53bb*\u6237"", ""replyCityName"": """", ""cityName"": """"}, {""author"": ""x*5"", ""content"": ""\u7528\u6237\u672a\u70b9\u8bc4\uff0c\u7cfb\u7edf\u9ed8\u8ba4\u597d\u8bc4\u3002"", ""date"": ""2024-03-14"", ""score"": 5, ""commentId"": ""232125469"", ""imgs"": [], ""userNickName"": ""x*5"", ""replyCityName"": """", ""cityName"": """"}, {""author"": ""i*2"", ""content"": ""\u7528\u6237\u672a\u70b9\u8bc4\uff0c\u7cfb\u7edf\u9ed8\u8ba4\u597d\u8bc4\u3002"", ""date"": ""2024-03-14"", ""score"": 5, ""commentId"": ""232125060"", ""imgs"": [], ""userNickName"": ""i*2"", ""replyCityName"": """", ""cityName"": """"}], ""score"": 5.0, ""commentCount"": 13}, ""statusCode"": 200}"
黄岩洞,https://qimgs.qunarzz.com/piao_qsight_provider_piao_qsight_web/97a74e4a7d44e337.jpg_280x200_ebaf4fa4.jpg,肇庆市,封开县,广东肇庆封开县河儿口镇龙山风景区内,-1,-1.0,N/A,https://piao.qunar.com/ticket/detail_2298220367.html?st=a3clM0QlRTUlQjAlODElRTUlQkMlODAlRTUlOEUlQkYlMjZpZCUzRDQ2MjkxNCUyNnR5cGUlM0QwJTI2aWR4JTNEMTQlMjZxdCUzRCUyNmFwayUzRDIlMjZzYyUzRFdXVyUyNnVyJTNEJUU0JUI4JUFEJUU1JUIxJUIxJTI2bHIlM0QlRTQlQjglQUQlRTUlQjElQjElMjZmdCUzRCU3QiU3RA%3D%3D#from=mpl_search_suggest,-1.0,N/A,N/A,周二-周日9:30-12:00，14:30-17:00，16:30停止入场，周一闭馆。,https://qimgs.qunarzz.com/piao_qsight_provider_piao_qsight_web/97a74e4a7d44e337.jpg_710x360_7e9e6bf5.jpg,"{""ret"": true, ""data"": {""tagList"": [{""tagType"": 0, ""tagScore"": 5, ""tagNum"": 0, ""tagName"": ""\u5168\u90e8""}], ""score"": 0.0, ""commentCount"": 0}, ""statusCode"": 200}"
龙山,https://imgs.qunarzz.com/sight/p0/201403/10/8c2bdc84173c30ed1f1472ee5bd45482.jpg_280x200_5649e8d2.jpg,肇庆市,封开县,广东省肇庆市封开县河儿口镇,-1,-1.0,"龙山位于封开县，位于肇庆市西北部，相距市区202公里。封开县龙山风景区，美景遍布，以""奇""取胜。龙山""奇观""包括斑石、千",https://piao.qunar.com/ticket/detail_3219041568.html?st=a3clM0QlRTUlQjAlODElRTUlQkMlODAlRTUlOEUlQkYlMjZpZCUzRDE4Nzk5MiUyNnR5cGUlM0QwJTI2aWR4JTNEMTMlMjZxdCUzRCUyNmFwayUzRDIlMjZzYyUzRFdXVyUyNnVyJTNEJUU0JUI4JUFEJUU1JUIxJUIxJTI2bHIlM0QlRTQlQjglQUQlRTUlQjElQjElMjZmdCUzRCU3QiU3RA%3D%3D#from=mpl_search_suggest,-1.0,N/A,"龙山位于封开县，位于肇庆市西北部，相距市区202公里。封开县龙山风景区，美景遍布，以""奇""取胜。龙山""奇观""包括斑石、千层峰、白石岩、双龙洞、莲都十里画廊以及黑石顶自然保护区等。风景区集中了石灰岩、花岗岩和砂页岩三种地质地貌，构成各具特色的巨石、奇峰、幽洞、秀水、林海等自然景观，成为岭南""地貌博物馆""。双龙洞系一个穿山而过的溶洞，洞深120多米，宽和高均是5米至15米。双龙洞顾名思义，就是洞中有两条栩栩如生的出水蛟龙，二龙似飞似潜。洞厅分上下两层，洞中奇趣无穷。白石岩洞高30多米，洞内面积达2000平方米，晶莹生辉、形态万千的钟乳石在彩灯的渲染下，展现出一幅幅妙趣横生的景象”，高191米，长1350米，横断面积600米宽，占地1050亩，宏伟壮观。",暂无,https://imgs.qunarzz.com/sight/p0/201403/10/8c2bdc84173c30ed1f1472ee5bd45482.jpg_710x360_e4acbe07.jpg〇https://imgs.qunarzz.com/sight/p0/201403/10/0232deb3ba7bb3bd61a23903501c9df5.jpg_710x360_059dac1d.jpg〇https://imgs.qunarzz.com/sight/p0/201403/10/302bd1c0e5fcec9ab4b6e998c1a423d4.jpg_710x360_99ac4b8f.jpg〇https://imgs.qunarzz.com/sight/p0/201301/17/e3c28e172fd0a97893835fbb.jpg_710x360_25260cf1.jpg〇https://imgs.qunarzz.com/sight/p0/201301/17/22bd0fce37e3d69793835fbb.jpg_710x360_cb9317e3.jpg〇https://imgs.qunarzz.com/sight/p0/201301/17/40944413af2856c393835fbb.jpg_710x360_393b7a09.jpg,"{""ret"": true, ""data"": {""tagList"": [{""tagType"": 0, ""tagScore"": 5, ""tagNum"": 0, ""tagName"": ""\u5168\u90e8""}], ""score"": 0.0, ""commentCount"": 0}, ""statusCode"": 200}"
封开十里画廊景区,https://imgs.qunarzz.com/sight/p32/201211/01/60f9608072d3696293835fbb.jpg_280x200_73958822.jpg,肇庆市,封开县,广东省肇庆市封开县封开国家地质公园内,3,4.7,以绵延起伏的绿色群峰为主，景色如诗如画,https://piao.qunar.com/ticket/detail_3053607099.html?st=a3clM0QlRTUlQjAlODElRTUlQkMlODAlRTUlOEUlQkYlMjZpZCUzRDIzMzQ0JTI2dHlwZSUzRDAlMjZpZHglM0QxMSUyNnF0JTNEJTI2YXBrJTNEMiUyNnNjJTNEV1dXJTI2dXIlM0QlRTQlQjglQUQlRTUlQjElQjElMjZsciUzRCVFNCVCOCVBRCVFNSVCMSVCMSUyNmZ0JTNEJTdCJTdE#from=mpl_search_suggest,-1.0,N/A,莲都十里画廊风景区位于封开县莲都镇内，毗邻怀集燕岩风景区，占地面积14.68平方公里，属喀斯特地貌。景区以绵延起伏、有如雨后春笋般的绿色群峰为主景，有传统的水车群，游客参与的自然飘流、传统捕鱼、传统风俗表演、传统式农田耕作等项目，传统马车、牛车，自助式农家旅社，碧绿生辉的神秘龙潭，美丽的田园风光和各具特色的大小溶洞等景点和服务设施。风景如诗如画，故曰“十里画廊”。龙潭，其水清澈见底，水面宽阔，有多种鲜美的野生河鲜（如鲤鱼、草鱼、鲶鱼、冠鱼、骨鱼、鲫鱼、生鱼、黄骨鱼等）和野生莲藕—龙潭藕，该藕具有枝叶发达，花卉呈粉红色且比普通莲藕大、美，藕茎小、节长，质地鲜滑多粉，美味可口等特点。当地人特别喜欢用来煲汤或生炒食之，是夏日清凉消暑的上乘食品。溶洞，有色彩斑澜的五彩洞、古生物化石遗址的罗髻岩以及可容纳万人以上（传说太平军残部曾据住过）的万富岩等天然神奇洞穴。当地还有著名的“莲都山羊”、“华兰青梅”、“深底玉米”及优质大米等名优特产，风味独特，驰名中外。,暂无,https://imgs.qunarzz.com/sight/p32/201211/01/60f9608072d3696293835fbb.jpg_710x360_b2c8e050.jpg,"{""ret"": true, ""data"": {""tagList"": [{""tagType"": 1, ""tagScore"": 5, ""tagNum"": 3, ""tagName"": ""\u597d\u8bc4""}, {""tagType"": 0, ""tagScore"": 5, ""tagNum"": 3, ""tagName"": ""\u5168\u90e8""}], ""commentList"": [{""author"": ""\u7cbe*\u4fa0"", ""content"": ""\u201c\u5341\u91cc\u753b\u5eca\u201d \u7684\u7edd\u4f73\u89c2\u666f\u70b9\uff0c\u53ea\u89c1\u8fde\u7ef5\u8d77\u4f0f\u7684\u5cf0\u6797\u548c\u5c71\u4e0b\u5927\u7247\u7fe0\u7eff\u7684\u7a3b\u7530\u5982\u957f\u8f74\u753b\u5377\u6216\u7ec7\u9526\u822c\u5728\u6211\u9762\u524d\u5c55\u5f00\uff0c\u7f8e\u666f\u4e00\u89c8\u65e0\u9057\uff0c\u5341\u5206\u58ee\u89c2\uff01\u4e0b\u5348\u6211\u4fbf\u5174\u594b\u5730\u8d70\u8fdb\u5c71\u6751\u4e2d\uff0c\u4ee5\u56fe\u5bfb\u627e\u66f4\u7f8e\u7684\u666f\u8272\uff0c\u5929\u8272\u5374\u7a81\u7136\u9634\u6c89\u5e76\u4e0b\u8d77\u4e86\u5927\u96e8\uff0c\u800c\u4e14\u56e0\u4ece\u8fdc\u89c2\u5230\u8fd1\u8d4f\uff0c\u89d2\u5ea6\u53d8\u4e86\u53cd\u800c\u89c9\u5f97\u666f\u8272\u6ca1\u90a3\u4e48\u7f8e\u4e86\uff0c\u53ea\u80fd\u5931\u671b\u5730\u56de\u5230\u65c5\u9986\uff0c\u518d\u6b21\u767b\u4e0a\u697c\u9876\uff0c\u53c8\u89c2\u8d4f\u5230\u4e86\u96e8\u96fe\u5f25\u6f2b\u5982\u4ed9\u5883\u822c\u7684\u5cf0\u6797\u7f8e\u666f\u4e86"", ""date"": ""2016-08-23"", ""score"": 4, ""commentId"": ""126299942"", ""imgs"": [{""small"": ""https://imgs.qunarzz.com/piao/fusion/1608/e4/b5419579ff826202.jpg_120x120_f1cca994.jpg"", ""title"": """", ""big"": ""https://imgs.qunarzz.com/piao/fusion/1608/e4/b5419579ff826202.jpg""}], ""userNickName"": ""\u7cbe*\u4fa0"", ""replyCityName"": """", ""cityName"": """"}, {""author"": ""W*6"", ""content"": ""\u5f88\u597d\u73a9\u7684\u5730\u65b9\uff0c\u666f\u8272\u5982\u753b\u822c\u4f18\u7f8e"", ""date"": ""2016-12-14"", ""score"": 5, ""commentId"": ""136014604"", ""imgs"": [], ""userNickName"": ""W*6"", ""replyCityName"": """", ""cityName"": """"}, {""author"": ""q*5"", ""content"": ""\u592a\u68d2\u4e86\uff0c\u597d\u6f02\u4eae\u3002\u5929\u4e0b\u7b2c\u4e00\u77f3\u679c\u7136\u540d\u4e0d\u865a\u4f20\u3002"", ""date"": ""2015-08-12"", ""score"": 5, ""commentId"": ""67381501"", ""imgs"": [], ""userNickName"": ""q*5"", ""replyCityName"": """", ""cityName"": """"}], ""score"": 4.7, ""commentCount"": 3}, ""statusCode"": 200}"
溶洞梦多奇,https://qimgs.qunarzz.com/piao_qsight_provider_piao_qsight_web/92ff16a8d74b4ff7.jpg_280x200_f0000b44.jpg,肇庆市,封开县,广东省肇庆市封开县河儿口镇龙山风景区内,109,4.9,赏纯净的自然生态风光，体验溶洞欢乐空间,https://piao.qunar.com/ticket/detail_3460945813.html?st=a3clM0QlRTUlQjAlODElRTUlQkMlODAlRTUlOEUlQkYlMjZpZCUzRDc4ODAlMjZ0eXBlJTNEMCUyNmlkeCUzRDEwJTI2cXQlM0QlMjZhcGslM0QyJTI2c2MlM0RXV1clMjZ1ciUzRCVFNCVCOCVBRCVFNSVCMSVCMSUyNmxyJTNEJUU0JUI4JUFEJUU1JUIxJUIxJTI2ZnQlM0QlN0IlN0Q%3D#from=mpl_search_suggest,-1.0,N/A,——广东封开龙山“梦多奇”，融参与性、观赏性、娱乐性、趣味性于一体，在“梦多奇”，还可切身感受洞穴探秘新体验，体验溶洞欢乐空间。溶洞“梦多奇”位于封开县河儿口镇龙山风景区内，交通十分方便。景区内，以双龙洞为主体，取白石岩的部分景观，构建成一个新颖的现代主题溶洞，用光、电、影等现代科技元素和舞蹈、柔术、杂技等艺术表演形式改写石灰岩洞穴传统形象，突出“梦幻、多彩、神奇”，设梦幻风车谷、阿里巴巴传奇、海底龙宫、魔幻影画戏、长乐舞坊、百技荟萃、广寒星梦等七大主题区，将溶洞景区纯粹的观光旅游变成了具有极强娱乐性的体验性旅游，令游客眼前一亮。景区以石灰岩溶岩景观为主，主要由以石钟乳、石笋、石幔组成晶莹璀璨、变幻莫测、千姿百态、栩栩如生、精工细琢、鬼斧神工的自然景观（如“双狮迎客”、“海底龙宫”、“观音莲台”、“绵羊拜客”、“江南秀色”、“凌云宝塔”、“八仙贺寿”、“瑶池仙境”）的双龙洞和白石岩，洞中有潭，洞顶平滑如天花板的龙泉洞；白鸟园，民族风情表演，点缀别致的龙山草坪，设置幽雅的龙山花坛，满池荷花的荷香池，清澈见底、游鱼成群的龙山湖，遍布垂柳绿树的沿湖幽径，迷人的松涛小林、桃花岛、小松岛、观音山、龙石山、狮子山、金龟山、龙山大佛等景点构成，美不胜收，让人留连忘返。,01/01-12/31；09:00-18:00开园,https://imgs.qunarzz.com/sight/p0/201301/17/256e0dd9a2e4c06b93835fbb.jpg_710x360_0f7e2804.jpg〇https://imgs.qunarzz.com/sight/p0/201301/17/137beb87217ebca293835fbb.jpg_710x360_746d7e90.jpg〇https://imgs.qunarzz.com/sight/p0/201301/17/647dd2fedcca5c0a93835fbb.jpg_710x360_c40e9b26.jpg〇https://imgs.qunarzz.com/sight/p0/201301/17/29f3280d31aef09e93835fbb.jpg_710x360_ddaa8dfd.jpg〇https://imgs.qunarzz.com/sight/p0/201301/17/2404165f442dacb793835fbb.jpg_710x360_a25b1ed9.jpg〇https://qimgs.qunarzz.com/piao_qsight_provider_piao_qsight_web/2921baec46328cf7.jpg_710x360_e962d825.jpg〇https://qimgs.qunarzz.com/piao_qsight_provider_piao_qsight_web/92ff16a8d74b4ff7.jpg_710x360_b541556f.jpg〇https://qimgs.qunarzz.com/piao_qsight_provider_piao_qsight_web/4d8c72e5622233f7.jpg_710x360_8f48da15.jpg〇https://qimgs.qunarzz.com/piao_qsight_provider_piao_qsight_web/8f25804f382618f7.jpg_710x360_69b8a4d8.jpg〇https://qimgs.qunarzz.com/piao_qsight_provider_piao_qsight_web/e6fadb1c6baaeef7.jpg_710x360_b81a2d11.jpg〇https://qimgs.qunarzz.com/piao_qsight_provider_piao_qsight_web/8f25804f382618f7.jpg_710x360_69b8a4d8.jpg〇https://qimgs.qunarzz.com/piao_qsight_provider_piao_qsight_web/c396ffdf01842837.jpg_710x360_0f8e5a06.jpg〇https://qimgs.qunarzz.com/piao_qsight_provider_piao_qsight_web/ef88f8d02794daf9ffffffffc8d65eac.jpg_710x360_4c87d717.jpg,"{""ret"": true, ""data"": {""tagList"": [{""tagType"": 16, ""tagScore"": 5, ""tagNum"": 2, ""tagName"": ""\u9760\u8c31""}, {""tagType"": 8, ""tagScore"": 5, ""tagNum"": 3, ""tagName"": ""\u4fbf\u5b9c""}, {""tagType"": 4, ""tagScore"": 5, ""tagNum"": 4, ""tagName"": ""\u53d6\u7968\u65b9\u4fbf""}, {""tagType"": 2, ""tagScore"": 5, ""tagNum"": 1, ""tagName"": ""\u4e2d\u8bc4""}, {""tagType"": 1, ""tagScore"": 5, ""tagNum"": 108, ""tagName"": ""\u597d\u8bc4""}, {""tagType"": 0, ""tagScore"": 5, ""tagNum"": 109, ""tagName"": ""\u5168\u90e8""}], ""commentList"": [{""author"": ""u*8"", ""content"": ""\u7528\u6237\u672a\u70b9\u8bc4\uff0c\u7cfb\u7edf\u9ed8\u8ba4\u597d\u8bc4\u3002"", ""date"": ""2020-01-11"", ""score"": 5, ""commentId"": ""213850470"", ""imgs"": [], ""userNickName"": ""u*8"", ""replyCityName"": """", ""cityName"": """"}, {""author"": ""x*1"", ""content"": ""\u7528\u6237\u672a\u70b9\u8bc4\uff0c\u7cfb\u7edf\u9ed8\u8ba4\u597d\u8bc4\u3002"", ""date"": ""2019-09-19"", ""score"": 5, ""commentId"": ""212352959"", ""imgs"": [], ""userNickName"": ""x*1"", ""replyCityName"": """", ""cityName"": """"}, {""author"": ""x*9"", ""content"": ""\u7528\u6237\u672a\u70b9\u8bc4\uff0c\u7cfb\u7edf\u9ed8\u8ba4\u597d\u8bc4\u3002"", ""date"": ""2019-08-09"", ""score"": 5, ""commentId"": ""211488912"", ""imgs"": [], ""userNickName"": ""x*9"", ""replyCityName"": """", ""cityName"": """"}, {""author"": ""x*9"", ""content"": ""\u7528\u6237\u672a\u70b9\u8bc4\uff0c\u7cfb\u7edf\u9ed8\u8ba4\u597d\u8bc4\u3002"", ""date"": ""2019-08-09"", ""score"": 5, ""commentId"": ""211488897"", ""imgs"": [], ""userNickName"": ""x*9"", ""replyCityName"": """", ""cityName"": """"}, {""author"": ""j*4"", ""content"": ""\u7528\u6237\u672a\u70b9\u8bc4\uff0c\u7cfb\u7edf\u9ed8\u8ba4\u597d\u8bc4\u3002"", ""date"": ""2019-05-29"", ""score"": 5, ""commentId"": ""210526121"", ""imgs"": [], ""userNickName"": ""j*4"", ""replyCityName"": """", ""cityName"": """"}, {""author"": ""k*8"", ""content"": ""\u7528\u6237\u672a\u70b9\u8bc4\uff0c\u7cfb\u7edf\u9ed8\u8ba4\u597d\u8bc4\u3002"", ""date"": ""2019-03-18"", ""score"": 5, ""commentId"": ""209768676"", ""imgs"": [], ""userNickName"": ""k*8"", ""replyCityName"": """", ""cityName"": """"}, {""author"": ""b*6"", ""content"": ""\u7528\u6237\u672a\u70b9\u8bc4\uff0c\u7cfb\u7edf\u9ed8\u8ba4\u597d\u8bc4\u3002"", ""date"": ""2019-03-13"", ""score"": 5, ""commentId"": ""209661383"", ""imgs"": [], ""userNickName"": ""b*6"", ""replyCityName"": """", ""cityName"": """"}, {""author"": ""h*8"", ""content"": ""\u7528\u6237\u672a\u70b9\u8bc4\uff0c\u7cfb\u7edf\u9ed8\u8ba4\u597d\u8bc4\u3002"", ""date"": ""2019-03-10"", ""score"": 5, ""commentId"": ""209550324"", ""imgs"": [], ""userNickName"": ""h*8"", ""replyCityName"": """", ""cityName"": """"}, {""author"": ""e*0"", ""content"": ""\u7528\u6237\u672a\u70b9\u8bc4\uff0c\u7cfb\u7edf\u9ed8\u8ba4\u597d\u8bc4\u3002"", ""date"": ""2019-02-01"", ""score"": 5, ""commentId"": ""209132061"", ""imgs"": [], ""userNickName"": ""e*0"", ""replyCityName"": """", ""cityName"": """"}, {""author"": ""b*8"", ""content"": ""\u7528\u6237\u672a\u70b9\u8bc4\uff0c\u7cfb\u7edf\u9ed8\u8ba4\u597d\u8bc4\u3002"", ""date"": ""2018-12-04"", ""score"": 5, ""commentId"": ""208688698"", ""imgs"": [], ""userNickName"": ""b*8"", ""replyCityName"": """", ""cityName"": """"}], ""score"": 4.9, ""commentCount"": 109}, ""statusCode"": 200}"
黄岩洞陈列馆,https://imgs.qunarzz.com/sight/p0/1611/f9/f9293c5cc6fe7cb6a3.water.jpg_280x200_ca008b60.jpg,肇庆市,封开县,广东省肇庆市封开县封开国家地质公园,5,5.0,展示了封开乃至华南地区的历史文化面貌,https://piao.qunar.com/ticket/detail_1796851213.html?st=a3clM0QlRTUlQjAlODElRTUlQkMlODAlRTUlOEUlQkYlMjZpZCUzRDI1MDg0JTI2dHlwZSUzRDAlMjZpZHglM0Q5JTI2cXQlM0QlMjZhcGslM0QyJTI2c2MlM0RXV1clMjZ1ciUzRCVFNCVCOCVBRCVFNSVCMSVCMSUyNmxyJTNEJUU0JUI4JUFEJUU1JUIxJUIxJTI2ZnQlM0QlN0IlN0Q%3D#from=mpl_search_suggest,-1.0,N/A,黄岩洞陈列馆位于封开县河儿口镇狮子山脚，占地面积20000平方米，主要由陈列馆和黄岩洞古人类文化遗址组成。 黄岩洞古人类文化遗址，发现于1961年，洞内遗址相继出土了两个晚期智人头骨化石，近千件磨制石器和大量哺乳类动物化石。据测定，两个晚期智人头骨化石距今1万2千年，哺乳类动物化石距今14万5千年，石器出土的层位则介于前两者之间。展示了封开乃至华南地区的历史文化面貌。陈列馆，建于黄岩洞口前，建筑面积800多平方米，仿半坡遗址设计，造型别具一格，颇有特色。馆内除展出上述出土文物外，还有在附近的垌中岩出土的距今14万8千年（比曲江“马坝人”还早2万年）的古人类牙齿化石，以及在封开境内其它地方出土的旧石器时代晚期至近代的化石、石器、陶器、铁器和青铜器等文物数千件，数量之多，令人叹为观止。1991年11月23日，由封开县人民政府、中国科学院古脊椎动物与古人类研究所、广东省文物博物馆学会、广东省文物管理委员会办工室、广东省文物考古研究所、广东省博物馆、中山大学人类学系、肇庆市文化局等单位及来自美国、加拿大、日本、香港等9个国家和地区的100多位专家学者一起，在这里隆重举行了“纪念黄岩洞遗址发现30周年暨西江流域古文化学术研讨会”（与会的专家学者认为，黄岩洞遗址，对研究西江流域乃至华南地区旧石器时代晚期的文化发展与新石器时代文化的关系有非常重要的学术价值）。还编辑出版了40多万字的《纪念黄岩洞遗址发现30周年论文集》。黄岩洞陈列馆，是封开县一个比较齐全的出土文物陈列馆，又是广东省文物考古研究所粤西工作站，是了解、研究封开乃至华南地区历史的理想场所,01/01-12/31；09:00-17:30开园,https://imgs.qunarzz.com/sight/p0/1611/f9/f9293c5cc6fe7cb6a3.water.jpg_710x360_b41c86c9.jpg,"{""ret"": true, ""data"": {""tagList"": [{""tagType"": 1, ""tagScore"": 5, ""tagNum"": 5, ""tagName"": ""\u597d\u8bc4""}, {""tagType"": 0, ""tagScore"": 5, ""tagNum"": 5, ""tagName"": ""\u5168\u90e8""}], ""commentList"": [{""author"": ""g*0"", ""content"": ""\u7528\u6237\u672a\u70b9\u8bc4\uff0c\u7cfb\u7edf\u9ed8\u8ba4\u597d\u8bc4\u3002"", ""date"": ""2019-06-01"", ""score"": 5, ""commentId"": ""210580934"", ""imgs"": [], ""userNickName"": ""g*0"", ""replyCityName"": """", ""cityName"": """"}, {""author"": ""\u4fe1*\u8d3a"", ""content"": ""\u7528\u6237\u672a\u70b9\u8bc4\uff0c\u7cfb\u7edf\u9ed8\u8ba4\u597d\u8bc4\u3002"", ""date"": ""2018-10-24"", ""score"": 5, ""commentId"": ""208231029"", ""imgs"": [], ""userNickName"": ""\u4fe1*\u8d3a"", ""replyCityName"": """", ""cityName"": """"}, {""author"": ""j*7"", ""content"": ""\u7528\u6237\u672a\u70b9\u8bc4\uff0c\u7cfb\u7edf\u9ed8\u8ba4\u597d\u8bc4\u3002"", ""date"": ""2018-03-24"", ""score"": 5, ""commentId"": ""205659474"", ""imgs"": [], ""userNickName"": ""j*7"", ""replyCityName"": """", ""cityName"": """"}, {""author"": ""j*7"", ""content"": ""\u7528\u6237\u672a\u70b9\u8bc4\uff0c\u7cfb\u7edf\u9ed8\u8ba4\u597d\u8bc4\u3002"", ""date"": ""2018-03-24"", ""score"": 5, ""commentId"": ""205659469"", ""imgs"": [], ""userNickName"": ""j*7"", ""replyCityName"": """", ""cityName"": """"}, {""author"": ""b*2"", ""content"": ""\u7528\u6237\u672a\u70b9\u8bc4\uff0c\u7cfb\u7edf\u9ed8\u8ba4\u597d\u8bc4\u3002"", ""date"": ""2017-05-30"", ""score"": 5, ""commentId"": ""200815188"", ""imgs"": [], ""userNickName"": ""b*2"", ""replyCityName"": """", ""cityName"": """"}], ""score"": 5.0, ""commentCount"": 5}, ""statusCode"": 200}"
蝴蝶谷,https://qimgs.qunarzz.com/piao_qsight_provider_piao_qsight_web/0103b12000f6t6e6e5089_C_900_504.jpg_280x200_ff20bb06.jpg,肇庆市,端州区,广东省肇庆市鼎湖区上山路坑口镇鼎湖山风景区内,74,5.0,拥有缤纷蝴蝶园和蝶翅画廊,https://piao.qunar.com/ticket/detail_3698933802.html?st=a3clM0QlRTclQUIlQUYlRTUlQjclOUUlRTUlOEMlQkElMjZpZCUzRDIwMzc1JTI2dHlwZSUzRDAlMjZpZHglM0Q0JTI2cXQlM0QlMjZhcGslM0QyJTI2c2MlM0RXV1clMjZ1ciUzRCVFNCVCOCVBRCVFNSVCMSVCMSUyNmxyJTNEJUU0JUI4JUFEJUU1JUIxJUIxJTI2ZnQlM0QlN0IlN0Q%3D#from=mpl_search_suggest,29.9,N/A,盘古风景区温和的气候条件以及天然原始的森林精气，会飞的花——蝴蝶。它们灵动、活泼、秀美，如一蔟蔟会移动翻飞的花，使景区显得更为灵气喜人！在景区内的蝴蝶谷你会看到数十万只五彩斑斓的蝴蝶在清泉幽竹、香花绿草间蹁跹起舞，这些都证明了盘古风景区的自然环境及生态环境非常理想，只有在这样良好的环境中才能吸引众多的蝴蝶在此繁衍生息。这也给了我们一个深刻的启示，人类只有在保护好自然生态环境的前提下，才能与地球上的各种动植物和谐共处、共享一份蓝天绿地、共同生存，让万物的美丽源远流长。这里的蝴蝶品种属斑蝶科，多为热带的蝶种。如凤蝶、粉蝶、灰蝶、蛱蝶、斑蝶、眼蝶、弄蝶等。它们通常以黑白色为基调，饰有红、白、黑、紫、蓝等彩色的斑纹，部分种类更具有灿烂夺目的紫色金属汹涌，是广东较常见的的中型到大型美丽蝶种。来到这里感受山野异趣，看蝶恋花，与蝶共舞，是为人生一大乐事！,1/1-12/31；周一至周日；09:00-16:30开园；（16:30停止入园）,https://qimgs.qunarzz.com/piao_qsight_provider_piao_qsight_web/0103b12000f6t6e6e5089_C_900_504.jpg_710x360_0ac15572.jpg,"{""ret"": true, ""data"": {""tagList"": [{""tagType"": 1, ""tagScore"": 5, ""tagNum"": 74, ""tagName"": ""\u597d\u8bc4""}, {""tagType"": 0, ""tagScore"": 5, ""tagNum"": 74, ""tagName"": ""\u5168\u90e8""}], ""commentList"": [{""author"": ""\u53bb*\u6237"", ""content"": ""\u62cd\u7167\u633a\u597d\u770b\u7684\uff0c\u6c34\u662f\u771f\u7684\u7eff"", ""date"": ""2024-10-29"", ""score"": 4, ""commentId"": ""237884039"", ""imgs"": [{""small"": ""https://qimgs.qunarzz.com/mp_piao_0001/temp6156860129000601487file_1730201373000.jpg_120x120_27523a4f.jpg"", ""title"": """", ""big"": ""https://qimgs.qunarzz.com/mp_piao_0001/temp6156860129000601487file_1730201373000.jpg""}], ""userNickName"": ""\u53bb*\u6237"", ""replyCityName"": """", ""cityName"": ""\u5e7f\u4e1c""}, {""author"": ""\u53bb*\u6237"", ""content"": ""\u7528\u6237\u672a\u70b9\u8bc4\uff0c\u7cfb\u7edf\u9ed8\u8ba4\u597d\u8bc4\u3002"", ""date"": ""2024-12-23"", ""score"": 5, ""commentId"": ""239329727"", ""imgs"": [], ""userNickName"": ""\u53bb*\u6237"", ""replyCityName"": """", ""cityName"": """"}, {""author"": ""s*9"", ""content"": ""\u7528\u6237\u672a\u70b9\u8bc4\uff0c\u7cfb\u7edf\u9ed8\u8ba4\u597d\u8bc4\u3002"", ""date"": ""2024-12-10"", ""score"": 5, ""commentId"": ""239168271"", ""imgs"": [], ""userNickName"": ""s*9"", ""replyCityName"": """", ""cityName"": """"}, {""author"": ""l*1"", ""content"": ""\u7528\u6237\u672a\u70b9\u8bc4\uff0c\u7cfb\u7edf\u9ed8\u8ba4\u597d\u8bc4\u3002"", ""date"": ""2024-11-28"", ""score"": 5, ""commentId"": ""238986692"", ""imgs"": [], ""userNickName"": ""l*1"", ""replyCityName"": """", ""cityName"": """"}, {""author"": ""l*1"", ""content"": ""\u7528\u6237\u672a\u70b9\u8bc4\uff0c\u7cfb\u7edf\u9ed8\u8ba4\u597d\u8bc4\u3002"", ""date"": ""2024-11-28"", ""score"": 5, ""commentId"": ""238986676"", ""imgs"": [], ""userNickName"": ""l*1"", ""replyCityName"": """", ""cityName"": """"}, {""author"": ""\u5999*8"", ""content"": ""\u7528\u6237\u672a\u70b9\u8bc4\uff0c\u7cfb\u7edf\u9ed8\u8ba4\u597d\u8bc4\u3002"", ""date"": ""2024-11-06"", ""score"": 5, ""commentId"": ""238627381"", ""imgs"": [], ""userNickName"": ""\u5999*8"", ""replyCityName"": """", ""cityName"": """"}, {""author"": ""d*5"", ""content"": ""\u7528\u6237\u672a\u70b9\u8bc4\uff0c\u7cfb\u7edf\u9ed8\u8ba4\u597d\u8bc4\u3002"", ""date"": ""2024-11-05"", ""score"": 5, ""commentId"": ""238542347"", ""imgs"": [], ""userNickName"": ""d*5"", ""replyCityName"": """", ""cityName"": """"}, {""author"": ""l*0"", ""content"": ""\u7528\u6237\u672a\u70b9\u8bc4\uff0c\u7cfb\u7edf\u9ed8\u8ba4\u597d\u8bc4\u3002"", ""date"": ""2024-11-05"", ""score"": 5, ""commentId"": ""238521916"", ""imgs"": [], ""userNickName"": ""l*0"", ""replyCityName"": """", ""cityName"": """"}, {""author"": ""\u53bb*\u6237"", ""content"": ""\u7528\u6237\u672a\u70b9\u8bc4\uff0c\u7cfb\u7edf\u9ed8\u8ba4\u597d\u8bc4\u3002"", ""date"": ""2024-11-02"", ""score"": 5, ""commentId"": ""238022839"", ""imgs"": [], ""userNickName"": ""\u53bb*\u6237"", ""replyCityName"": """", ""cityName"": """"}, {""author"": ""\u78a7*\u5bb6"", ""content"": ""\u7528\u6237\u672a\u70b9\u8bc4\uff0c\u7cfb\u7edf\u9ed8\u8ba4\u597d\u8bc4\u3002"", ""date"": ""2024-10-31"", ""score"": 5, ""commentId"": ""237921154"", ""imgs"": [], ""userNickName"": ""\u78a7*\u5bb6"", ""replyCityName"": """", ""cityName"": """"}], ""score"": 5.0, ""commentCount"": 74}, ""statusCode"": 200}"
封开黑石顶自然保护区,https://imgs.qunarzz.com/sight/p74/201211/07/e4a6189a6ce2781193835fbb.jpg_280x200_e943526b.jpg,肇庆市,封开县,广东省肇庆市封开县,1,5.0,封开黑石顶自然保护区属原始次森林，面积达4000多公顷。这里植物种类繁多，林相整齐。有高等植物和国家重点保护植物和富经济,https://piao.qunar.com/ticket/detail_3580900298.html?st=a3clM0QlRTUlQjAlODElRTUlQkMlODAlRTUlOEUlQkYlMjZpZCUzRDIwNzA5JTI2dHlwZSUzRDAlMjZpZHglM0Q4JTI2cXQlM0QlMjZhcGslM0QyJTI2c2MlM0RXV1clMjZ1ciUzRCVFNCVCOCVBRCVFNSVCMSVCMSUyNmxyJTNEJUU0JUI4JUFEJUU1JUIxJUIxJTI2ZnQlM0QlN0IlN0Q%3D#from=mpl_search_suggest,-1.0,N/A,封开黑石顶自然保护区属原始次森林，面积达4000多公顷。这里植物种类繁多，林相整齐。有高等植物和国家重点保护植物和富经济价值的树种2000多种。这里有封开山练、参叶莲子藤、广东叶下珠、金毛半枫荷、线叶称。特别是一片叶子面积达1平方米的封开蒲葵，更是当今世界上独一无二的珍品。,暂无,https://imgs.qunarzz.com/sight/p74/201211/07/e4a6189a6ce2781193835fbb.jpg_710x360_f6aa425d.jpg,"{""ret"": true, ""data"": {""tagList"": [{""tagType"": 1, ""tagScore"": 5, ""tagNum"": 1, ""tagName"": ""\u597d\u8bc4""}, {""tagType"": 0, ""tagScore"": 5, ""tagNum"": 1, ""tagName"": ""\u5168\u90e8""}], ""commentList"": [{""author"": ""t*2"", ""content"": ""\u6b63\u60f3\u53bb\u6e38\u89c8\u4e0b\uff0c\u6709\u4ec0\u4e48\u4ecb\u7ecd\u4e00\u4e0b\u6211"", ""date"": ""2019-05-01"", ""score"": 5, ""commentId"": ""210207984"", ""imgs"": [], ""userNickName"": ""t*2"", ""replyCityName"": """", ""cityName"": """"}], ""score"": 5.0, ""commentCount"": 1}, ""statusCode"": 200}"
北回归线标志塔,https://imgs.qunarzz.com/sight/p50/201211/00/00d01ecb4bc07e4193835fbb.jpg_280x200_881c8de7.jpg,肇庆市,封开县,广东省肇庆市封开县,1,5.0,北回归线标志塔就在从化县太平镇境内。塔高二十三点五０米，占地一千零二十四平方米，由二百三十种，共七千三百一十块花岗石砌成,https://piao.qunar.com/ticket/detail_892508632.html?st=a3clM0QlRTUlQjAlODElRTUlQkMlODAlRTUlOEUlQkYlMjZpZCUzRDMzMTUlMjZ0eXBlJTNEMCUyNmlkeCUzRDclMjZxdCUzRCUyNmFwayUzRDIlMjZzYyUzRFdXVyUyNnVyJTNEJUU0JUI4JUFEJUU1JUIxJUIxJTI2bHIlM0QlRTQlQjglQUQlRTUlQjElQjElMjZmdCUzRCU3QiU3RA%3D%3D#from=mpl_search_suggest,-1.0,N/A,北回归线标志塔就在从化县太平镇境内。塔高二十三点五０米，占地一千零二十四平方米，由二百三十种，共七千三百一十块花岗石砌成。塔基拼砌成八卦形，以示方式，轴线正对南北，基座呈半球形，以虚实相间的线条标明走向，四面镶嵌着“北回归线标志”六个钢板金字，醒目大方；八点四米以上用不锈钢板焊接，四棱飘出翔翼，从任何一方看去均成“北”字形，寓“北回归线”之意。塔顶是一个铜球，中心有一个圆也垂直于地面，供太阳直照时校验。火箭型塔身昂首耸立，每年夏至中午十二点整，太阳光从塔顶铜球圆孔垂直射至塔底中心点，此时此刻在这就立竿见影了。一个明亮的光点，十分奇绝。从化县正在建一座科学公园，把北回归线经过的国家代表景物建造在园中，同时配以天文馆、自然博物馆等，使之成为科学乐园和旅游胜地。,暂无,https://imgs.qunarzz.com/sight/p50/201211/00/00d01ecb4bc07e4193835fbb.jpg_710x360_72724789.jpg〇https://qimgs.qunarzz.com/piao_qsight_provider_piao_qsight_web/7300a3cd9918ae11ddb12cfb.jpg_710x360_2101dd73.jpg〇https://qimgs.qunarzz.com/piao_qsight_provider_piao_qsight_web/944b9c32475e0102.jpg_710x360_511e2c5a.jpg〇https://qimgs.qunarzz.com/piao_qsight_provider_piao_qsight_web/caa7546ed69eb5.jpg_710x360_de907159.jpg〇https://qimgs.qunarzz.com/piao_qsight_provider_piao_qsight_web/d4338a896702bfb5.jpg_710x360_5789524a.jpg〇https://qimgs.qunarzz.com/piao_qsight_provider_piao_qsight_web/534b916aed9e3b5.jpg_710x360_9c40c682.jpg〇https://qimgs.qunarzz.com/piao_qsight_provider_piao_qsight_web/f10e019d8be04db5.jpg_710x360_76190a5b.jpg〇https://qimgs.qunarzz.com/piao_qsight_provider_piao_qsight_web/e6406bf3aff802b5.jpg_710x360_11e647bc.jpg〇https://qimgs.qunarzz.com/piao_qsight_provider_piao_qsight_web/6beaf7413946fef7.jpg_710x360_b9d5f90a.jpg〇https://qimgs.qunarzz.com/piao_qsight_provider_piao_qsight_web/9b79ac52607e86f7.jpg_710x360_455a5eca.jpg〇https://qimgs.qunarzz.com/piao_qsight_provider_piao_qsight_web/1ee08f4224a5af7.jpg_710x360_a4f2b5c4.jpg〇https://qimgs.qunarzz.com/piao_qsight_provider_piao_qsight_web/9f64c03b1bbbe4f7.jpg_710x360_50cacfa6.jpg〇https://qimgs.qunarzz.com/piao_qsight_provider_piao_qsight_web/09be9774914696f7.jpg_710x360_0311b169.jpg〇https://qimgs.qunarzz.com/piao_qsight_provider_piao_qsight_web/dea837293abe9af7.jpg_710x360_54c2cf76.jpg〇https://qimgs.qunarzz.com/piao_qsight_provider_piao_qsight_web/8ea02f37a24966f7.jpg_710x360_b93fa150.jpg〇https://qimgs.qunarzz.com/piao_qsight_provider_piao_qsight_web/ce4255795d32f0f7.jpg_710x360_3f691082.jpg〇https://qimgs.qunarzz.com/piao_qsight_provider_piao_qsight_web/85e7a28591146af7.jpg_710x360_c975ddf7.jpg〇https://qimgs.qunarzz.com/piao_qsight_provider_piao_qsight_web/d9408162f18bcf7.jpg_710x360_d9f469d8.jpg〇https://qimgs.qunarzz.com/piao_qsight_provider_piao_qsight_web/b68cf40c894746f7.jpg_710x360_807b783e.jpg〇https://qimgs.qunarzz.com/piao_qsight_provider_piao_qsight_web/b7775f9719f461f7.jpg_710x360_f63d31ad.jpg〇https://qimgs.qunarzz.com/piao_qsight_provider_piao_qsight_web/00197906a7ae4ff7.jpg_710x360_deaa8327.jpg,"{""ret"": true, ""data"": {""tagList"": [{""tagType"": 1, ""tagScore"": 5, ""tagNum"": 1, ""tagName"": ""\u597d\u8bc4""}, {""tagType"": 0, ""tagScore"": 5, ""tagNum"": 1, ""tagName"": ""\u5168\u90e8""}], ""commentList"": [{""author"": ""W*6"", ""content"": ""\u559c\u6b22\u7684\u8bdd\u53ef\u4ee5\u6765\u770b\u770b\uff0c\u5468\u8fb9\u670d\u52a1\u8bbe\u65bd\u4e5f\u90fd\u8fd8\u53ef\u4ee5"", ""date"": ""2016-12-14"", ""score"": 5, ""commentId"": ""136014775"", ""imgs"": [], ""userNickName"": ""W*6"", ""replyCityName"": """", ""cityName"": """"}], ""score"": 5.0, ""commentCount"": 1}, ""statusCode"": 200}"
贺江碧道画廊景区,https://qimgs.qunarzz.com/piao_qsight_provider_piao_qsight_web/01029120008ysvhlbDF31_C_900_504.jpg_280x200_c22300f4.jpg,肇庆市,封开县,广东省肇庆市封开县193乡道与883乡道交叉口东南80米,-1,-1.0,贺江碧道画廊景区面积43平方公里，是实施“乡村振兴”工程建成的一条独具岭南特色乡村风貌和远溯秦汉人文历史遗址的美丽廊带。,https://piao.qunar.com/ticket/detail_1621830839.html?st=a3clM0QlRTUlQjAlODElRTUlQkMlODAlRTUlOEUlQkYlMjZpZCUzRDUxMzAxOSUyNnR5cGUlM0QwJTI2aWR4JTNENiUyNnF0JTNEJTI2YXBrJTNEMiUyNnNjJTNEV1dXJTI2dXIlM0QlRTQlQjglQUQlRTUlQjElQjElMjZsciUzRCVFNCVCOCVBRCVFNSVCMSVCMSUyNmZ0JTNEJTdCJTdE#from=mpl_search_suggest,60.0,N/A,贺江碧道画廊景区面积43平方公里，是实施“乡村振兴”工程建成的一条独具岭南特色乡村风貌和远溯秦汉人文历史遗址的美丽廊带。潇贺古道和茶船古道衍生的岭南首府、粤语发源地、广府文化发祥地、水陆商贸兴盛等深厚历史文化底蕴在此呈现。“以路为廊、以水为链”，景区以贺江为主轴，全程25公里，水陆兼并，贺江碧道串起了竹洲半岛、台洞湿地、励志半岛、大洲半岛等区域，恬静自然的田园风光和古民居、古码头、博物馆构成了一条如诗如画的艺术长廊。,1/1-12/31；周一至周日；09:00-17:00开园,https://qimgs.qunarzz.com/piao_qsight_provider_piao_qsight_web/01029120008ysvhlbDF31_C_900_504.jpg_710x360_053fab14.jpg〇https://qimgs.qunarzz.com/piao_qsight_provider_piao_qsight_web/01035120008ysvhlc17BE_C_900_504_Q90_Mtg_7.jpg_710x360_e1695163.jpg〇https://qimgs.qunarzz.com/piao_qsight_provider_piao_qsight_web/01049120008ysvlsfA828_C_900_504_Q90_Mtg_7.jpg_710x360_20678c80.jpg〇https://qimgs.qunarzz.com/piao_qsight_provider_piao_qsight_web/01050120008ysvn8p07B1_C_900_504_Q90_Mtg_7.jpg_710x360_0f9d8b0f.jpg〇https://qimgs.qunarzz.com/piao_qsight_provider_piao_qsight_web/01029120008ysvhlbDF31_C_900_504_Q90_Mtg_7.jpg_710x360_bdf0fe61.jpg,"{""ret"": true, ""data"": {""tagList"": [{""tagType"": 0, ""tagScore"": 5, ""tagNum"": 0, ""tagName"": ""\u5168\u90e8""}], ""score"": 0.0, ""commentCount"": 0}, ""statusCode"": 200}"
杨池古村,https://qimgs.qunarzz.com/piao_qsight_provider_piao_qsight_web/01049120008g2nupy26FB_C_900_504.jpg_280x200_59b6f812.jpg,肇庆市,封开县,肇庆市封开县765乡道大白山东侧,2,4.5,岭南古村,https://piao.qunar.com/ticket/detail_2991921340.html?st=a3clM0QlRTUlQjAlODElRTUlQkMlODAlRTUlOEUlQkYlMjZpZCUzRDI2NzQwJTI2dHlwZSUzRDAlMjZpZHglM0Q1JTI2cXQlM0QlMjZhcGslM0QyJTI2c2MlM0RXV1clMjZ1ciUzRCVFNCVCOCVBRCVFNSVCMSVCMSUyNmxyJTNEJUU0JUI4JUFEJUU1JUIxJUIxJTI2ZnQlM0QlN0IlN0Q%3D#from=mpl_search_suggest,7.0,N/A,"杨池古村位于封开县罗董镇内一个世外桃源式的风景秀丽、环境优美的大山深处。杨池古民居群，始建于明朝末期，是典型的明清建筑村寨，距今已有380多年的历史，现在尚有人居住，且保存完好。 杨池古村，屋向均为坐北向南，因村寨中心有一个天然的泉池和一棵杨柳树而得名。杨池古屋的主人姓叶，是叶氏家族的祖先，明末官员叶瀚彪，当年为避战乱，从京城迁移到这里后开始建设的，后历经几代人的努力，才形成现在这样的规模。 杨池古村，建于曲径通幽，山环水抱的山坡上，整个村寨都顺着山势而建，高低错落有致，不仅立体感强，而且通风、取光、排水理想，对人群的居住极之有利。村寨共有60多间砖木结构的硬山顶或歇山顶体现明清建筑风格的两进或三进房屋，其中有五间是书院（学宫），一间古代钱庄。杨池古村房屋的底层均用花岗岩石条砌筑（据说这样可以起到防潮、防蛀的作用），上层则用青砖。因此，杨池村的古屋均没有其它地方古屋常见的青苔横生的现象。 据杨池村的《叶氏族谱》记载，杨池村从始祖叶瀚彪起，延续至今已有十五代子孙，共有300多人。由于叶瀚彪出身书香门第，来到这里后，以耕读传家，他的后人也秉承读书传统，尊师重教，知书识礼，加上人杰地灵，所以，出了不少才子。据统计，叶氏家族共出过12名监生，3名庠生，2名增生，2名贡生，1名拔贡，1名文林郎，还出过2名封川县长，2名飞行员，解放后，考上大专以上的就有几十人。在村民叶显民的门框上至今仍高悬着一块牌匾。 让杨池村民引以为荣的还有叶思永，此人是加拿大温哥华大学历史系教授，至今仍健在，他曾是*将领余汉谋的少将参谋长，爱国民主人士何香凝的干儿子，著名粤剧家红线女的姐夫。他解放后移居加拿大，但经常寄回书信和书法作品，勉励堂弟和后辈们发奋读书，报效祖国。现在叶思永堂弟叶焕元家里的厅堂上，还张贴着他的书法作品。 杨池古村，山青水秀，景色怡人，民风淳朴，村民知书达礼，热情好客，实属是当今罕有的""世外桃源""。",1/1-12/31；周一至周日；全天开放,https://qimgs.qunarzz.com/piao_qsight_provider_piao_qsight_web/01049120008g2nupy26FB_C_900_504.jpg_710x360_d0a7b172.jpg〇https://qimgs.qunarzz.com/piao_qsight_provider_piao_qsight_web/01049120008g2nupy26FB_C_900_504_Q90_Mtg_7.jpg_710x360_67b1b977.jpg,"{""ret"": true, ""data"": {""tagList"": [{""tagType"": 1, ""tagScore"": 5, ""tagNum"": 2, ""tagName"": ""\u597d\u8bc4""}, {""tagType"": 0, ""tagScore"": 5, ""tagNum"": 2, ""tagName"": ""\u5168\u90e8""}], ""commentList"": [{""author"": ""\u7cbe*\u4fa0"", ""content"": ""\u5f92\u6b658\u516c\u91cc\u8fdb\u5165\u6768\u6c60\u53e4\u6751\uff0c\u9014\u4e2d\u7adf\u8f6c\u4e3a\u5927\u6674\u5929\uff0c\u84dd\u5929\u767d\u4e91\u3001\u9633\u5149\u731b\u70c8\u3002\u6cbf\u9014\u662f\u5927\u7247\u5927\u7247\u7eff\u6cb9\u6cb9\u7684\u7a3b\u7530\u4e0e\u90e8\u5206\u9ec4\u70df\u53f6\u7530\uff0c\u5341\u5206\u8d4f\u5fc3\u60a6\u76ee\u3002\u53e4\u6751\u95e8\u5916\u5199\u774020\u95e8\u7968\uff0c\u5374\u65e0\u4eba\u770b\u5b88\uff0c\u5f53\u65f6\u53ea\u6709\u4ffa\u4e00\u540d\u6e38\u5ba2\uff0c\u6d3b\u52a8\u7684\u6751\u6c11\u4e5f\u4e0d\u591a\u3002\u6751\u4e2d\u6709\u4e00\u65b9\u5c0f\u6c60\u5858\uff0c\u5858\u8fb9\u957f\u6709\u4e00\u68f5\u7eff\u67f3\uff0c\u6545\u800c\u5f97\u540d\u201c\u6768\u6c60\u201d\u3002\u4ecd\u4fdd\u7559\u7740\u4e00\u6574\u7247\u5cad\u5357\u7279\u8272\u7684\u9752\u7816\u9ed1\u74e6\u7684\u53e4\u6c11\u5c45\uff0c\u4f46\u9762\u79ef\u5f88\u5c0f\uff0c\u534a\u5c0f\u65f6\u4fbf\u8f7b\u677e\u6e38\u901b\u4e86\u4e00\u5708\u3002\u6751\u5916\u7a3b\u7530\u65c1\u7684\u5c0f\u5c71\u5761\u4e0a\u53ef\u8fdc\u773a\u53e4\u6751\u5168\u666f\u3002"", ""date"": ""2016-08-23"", ""score"": 4, ""commentId"": ""126287789"", ""imgs"": [{""small"": ""https://imgs.qunarzz.com/piao/fusion/1608/4e/046b758b12609602.jpg_120x120_df73a249.jpg"", ""title"": """", ""big"": ""https://imgs.qunarzz.com/piao/fusion/1608/4e/046b758b12609602.jpg""}], ""userNickName"": ""\u7cbe*\u4fa0"", ""replyCityName"": """", ""cityName"": """"}, {""author"": ""W*6"", ""content"": ""\u53e4\u5efa\u7b51\u4fdd\u5b58\u5b8c\u597d\uff0c\u975e\u5e38\u597d\u73a9\u7684\u5730\u65b9"", ""date"": ""2016-12-14"", ""score"": 5, ""commentId"": ""136014751"", ""imgs"": [], ""userNickName"": ""W*6"", ""replyCityName"": """", ""cityName"": """"}], ""score"": 4.5, ""commentCount"": 2}, ""statusCode"": 200}"
大斑石,https://qimgs.qunarzz.com/piao_qsight_provider_piao_qsight_web/100q1f000001grkag5E73_C_900_504.jpg_280x200_8e967c4f.jpg,肇庆市,封开县,肇庆市封开县杏花镇古广信河畔斑石村,35,4.8,半球状花岗岩体,https://piao.qunar.com/ticket/detail_232615059.html?st=a3clM0QlRTUlQjAlODElRTUlQkMlODAlRTUlOEUlQkYlMjZpZCUzRDE2MDUzJTI2dHlwZSUzRDAlMjZpZHglM0Q0JTI2cXQlM0QlMjZhcGslM0QyJTI2c2MlM0RXV1clMjZ1ciUzRCVFNCVCOCVBRCVFNSVCMSVCMSUyNmxyJTNEJUU0JUI4JUFEJUU1JUIxJUIxJTI2ZnQlM0QlN0IlN0Q%3D#from=mpl_search_suggest,16.0,N/A,大斑石景区位于广东省封开县杏花镇古广信河畔，是一个集攀登揽胜、健身娱乐、休闲美食于一体的生态旅游景区。景区内有大斑石、盘古神坛、圣妃泉、圣妃宫、石趣园、如意榕、柳叶塘、鸳鸯亭、投石问路、石畔回廊、攀岩胜地、白马远眺、刘三妹对歌台等景点以及登石攀岩、健身道、祈福许愿等项目。大斑石”，一说是开天辟地的盘古神的化身，又一说是女娲补天遗留下来的五彩神石。它一石成山，壁立千仞，斑斓缤纷，高1913米，长1365米，宽695米，周长4100米，占地1101亩。登石览顶，林木葱葱，山花烂漫，举目眺望，左白马（山），右麒麟（山），前有阡陌纵横，一派田园风光，斑石上装有11条攀岩线道，其中2条为表演线道，高191米，其余9条则是专业攀岩者和广大游客攀登线道，分别约60米、80米、100米。如刀削的陡峭山壁，攀起来是有惊无险，刺激万分，让人真正领略到征服自然的感觉。在此攀岩，惊险刺激、回归天然、强身健体，让人充满征服大自然的无比快感。大斑石景区内还有专门朝觐圣妃刘三妹的圣妃宫，千百年来一直香火不断。相传，歌仙刘三妹经常到这里教村民对唱山歌，又拨钗开泉，引水灌田，润泽万物。远眺斑石，纹理从上而下，宛如瀑布从石顶轰鸣直下，壮煞游人。尤其是雨过天晴后，斑石身生五彩，斑斓缤纷，气度非凡。游客从斑石两侧登上时，山间林木葱葱，百合烂漫。,1/1-12/31；周一至周日；09:00-18:00开园,https://qimgs.qunarzz.com/piao_qsight_provider_piao_qsight_web/100q1f000001grkag5E73_C_900_504.jpg_710x360_7f4b1922.jpg〇https://qimgs.qunarzz.com/piao_qsight_provider_piao_qsight_web/100q1f000001grkag5E73_C_900_504_Q90_Mtg_7.jpg_710x360_e8d3404b.jpg,"{""ret"": true, ""data"": {""tagList"": [{""tagType"": 3, ""tagScore"": 5, ""tagNum"": 1, ""tagName"": ""\u5dee\u8bc4""}, {""tagType"": 1, ""tagScore"": 5, ""tagNum"": 34, ""tagName"": ""\u597d\u8bc4""}, {""tagType"": 0, ""tagScore"": 5, ""tagNum"": 35, ""tagName"": ""\u5168\u90e8""}], ""commentList"": [{""author"": ""u*4"", ""content"": ""\u7528\u6237\u672a\u70b9\u8bc4\uff0c\u7cfb\u7edf\u9ed8\u8ba4\u597d\u8bc4\u3002"", ""date"": ""2024-11-03"", ""score"": 5, ""commentId"": ""238222382"", ""imgs"": [], ""userNickName"": ""u*4"", ""replyCityName"": """", ""cityName"": """"}, {""author"": ""\u53bb*\u6237"", ""content"": ""\u7528\u6237\u672a\u70b9\u8bc4\uff0c\u7cfb\u7edf\u9ed8\u8ba4\u597d\u8bc4\u3002"", ""date"": ""2024-10-26"", ""score"": 5, ""commentId"": ""237834202"", ""imgs"": [], ""userNickName"": ""\u53bb*\u6237"", ""replyCityName"": """", ""cityName"": """"}, {""author"": ""\u6e38*\u65b9"", ""content"": ""\u7528\u6237\u672a\u70b9\u8bc4\uff0c\u7cfb\u7edf\u9ed8\u8ba4\u597d\u8bc4\u3002"", ""date"": ""2024-09-18"", ""score"": 5, ""commentId"": ""236931696"", ""imgs"": [], ""userNickName"": ""\u6e38*\u65b9"", ""replyCityName"": """", ""cityName"": """"}, {""author"": ""g*3"", ""content"": ""\u7528\u6237\u672a\u70b9\u8bc4\uff0c\u7cfb\u7edf\u9ed8\u8ba4\u597d\u8bc4\u3002"", ""date"": ""2024-06-01"", ""score"": 5, ""commentId"": ""233869261"", ""imgs"": [], ""userNickName"": ""g*3"", ""replyCityName"": """", ""cityName"": """"}, {""author"": ""g*3"", ""content"": ""\u7528\u6237\u672a\u70b9\u8bc4\uff0c\u7cfb\u7edf\u9ed8\u8ba4\u597d\u8bc4\u3002"", ""date"": ""2024-06-01"", ""score"": 5, ""commentId"": ""233867734"", ""imgs"": [], ""userNickName"": ""g*3"", ""replyCityName"": """", ""cityName"": """"}, {""author"": ""q*a"", ""content"": ""\u7528\u6237\u672a\u70b9\u8bc4\uff0c\u7cfb\u7edf\u9ed8\u8ba4\u597d\u8bc4\u3002"", ""date"": ""2024-03-25"", ""score"": 5, ""commentId"": ""232646646"", ""imgs"": [], ""userNickName"": ""q*a"", ""replyCityName"": """", ""cityName"": """"}, {""author"": ""q*a"", ""content"": ""\u7528\u6237\u672a\u70b9\u8bc4\uff0c\u7cfb\u7edf\u9ed8\u8ba4\u597d\u8bc4\u3002"", ""date"": ""2024-03-25"", ""score"": 5, ""commentId"": ""232645665"", ""imgs"": [], ""userNickName"": ""q*a"", ""replyCityName"": """", ""cityName"": """"}, {""author"": ""\u53bb*\u6237"", ""content"": ""\u7528\u6237\u672a\u70b9\u8bc4\uff0c\u7cfb\u7edf\u9ed8\u8ba4\u597d\u8bc4\u3002"", ""date"": ""2024-01-31"", ""score"": 5, ""commentId"": ""231263332"", ""imgs"": [], ""userNickName"": ""\u53bb*\u6237"", ""replyCityName"": """", ""cityName"": """"}, {""author"": ""R*0"", ""content"": ""\u7528\u6237\u672a\u70b9\u8bc4\uff0c\u7cfb\u7edf\u9ed8\u8ba4\u597d\u8bc4\u3002"", ""date"": ""2024-01-05"", ""score"": 5, ""commentId"": ""230956250"", ""imgs"": [], ""userNickName"": ""R*0"", ""replyCityName"": """", ""cityName"": """"}, {""author"": ""y*6"", ""content"": ""\u7528\u6237\u672a\u70b9\u8bc4\uff0c\u7cfb\u7edf\u9ed8\u8ba4\u597d\u8bc4\u3002"", ""date"": ""2023-10-31"", ""score"": 5, ""commentId"": ""229661117"", ""imgs"": [], ""userNickName"": ""y*6"", ""replyCityName"": """", ""cityName"": """"}], ""score"": 4.8, ""commentCount"": 35}, ""statusCode"": 200}"
肇庆封开龙山,https://qimgs.qunarzz.com/piao_qsight_provider_piao_qsight_web/100b1f000001gslzf50F2_C_900_504.jpg_280x200_44ebf260.jpg,肇庆市,封开县,河儿口镇,32,5.0,有巨石、奇峰、幽洞等景观,https://piao.qunar.com/ticket/detail_1751949573.html?st=a3clM0QlRTUlQjAlODElRTUlQkMlODAlRTUlOEUlQkYlMjZpZCUzRDUxMTgzMSUyNnR5cGUlM0QwJTI2aWR4JTNEMiUyNnF0JTNEJTI2YXBrJTNEMiUyNnNjJTNEV1dXJTI2dXIlM0QlRTQlQjglQUQlRTUlQjElQjElMjZsciUzRCVFNCVCOCVBRCVFNSVCMSVCMSUyNmZ0JTNEJTdCJTdE#from=mpl_search_suggest,55.8,N/A,龙山景区依山傍水，风景优美，有着独特的溶洞性地质地貌。配套设施有住宿、餐饮、娱乐设施，还设有拓展场地，适合组织团建活动。,1/1-12/31；周一至周日；09:00-18:00开园,https://qimgs.qunarzz.com/piao_qsight_provider_piao_qsight_web/100b1f000001gslzf50F2_C_900_504.jpg_710x360_1373aa02.jpg〇https://qimgs.qunarzz.com/piao_qsight_provider_piao_qsight_web/100b1f000001gslzf50F2_C_900_504_Q90_Mtg_7.jpg_710x360_f66b574e.jpg,"{""ret"": true, ""data"": {""tagList"": [{""tagType"": 1, ""tagScore"": 5, ""tagNum"": 32, ""tagName"": ""\u597d\u8bc4""}, {""tagType"": 0, ""tagScore"": 5, ""tagNum"": 32, ""tagName"": ""\u5168\u90e8""}], ""commentList"": [{""author"": ""x*0"", ""content"": ""\u7528\u6237\u672a\u70b9\u8bc4\uff0c\u7cfb\u7edf\u9ed8\u8ba4\u597d\u8bc4\u3002"", ""date"": ""2024-11-04"", ""score"": 5, ""commentId"": ""238445574"", ""imgs"": [], ""userNickName"": ""x*0"", ""replyCityName"": """", ""cityName"": """"}, {""author"": ""\u53bb*\u6237"", ""content"": ""\u7528\u6237\u672a\u70b9\u8bc4\uff0c\u7cfb\u7edf\u9ed8\u8ba4\u597d\u8bc4\u3002"", ""date"": ""2024-11-04"", ""score"": 5, ""commentId"": ""238409965"", ""imgs"": [], ""userNickName"": ""\u53bb*\u6237"", ""replyCityName"": """", ""cityName"": """"}, {""author"": ""\u53bb*\u6237"", ""content"": ""\u7528\u6237\u672a\u70b9\u8bc4\uff0c\u7cfb\u7edf\u9ed8\u8ba4\u597d\u8bc4\u3002"", ""date"": ""2024-11-04"", ""score"": 5, ""commentId"": ""238363716"", ""imgs"": [], ""userNickName"": ""\u53bb*\u6237"", ""replyCityName"": """", ""cityName"": """"}, {""author"": ""\u53bb*\u6237"", ""content"": ""\u7528\u6237\u672a\u70b9\u8bc4\uff0c\u7cfb\u7edf\u9ed8\u8ba4\u597d\u8bc4\u3002"", ""date"": ""2024-11-04"", ""score"": 5, ""commentId"": ""238363251"", ""imgs"": [], ""userNickName"": ""\u53bb*\u6237"", ""replyCityName"": """", ""cityName"": """"}, {""author"": ""\u53bb*\u6237"", ""content"": ""\u7528\u6237\u672a\u70b9\u8bc4\uff0c\u7cfb\u7edf\u9ed8\u8ba4\u597d\u8bc4\u3002"", ""date"": ""2024-11-04"", ""score"": 5, ""commentId"": ""238363249"", ""imgs"": [], ""userNickName"": ""\u53bb*\u6237"", ""replyCityName"": """", ""cityName"": """"}, {""author"": ""\u53bb*\u6237"", ""content"": ""\u7528\u6237\u672a\u70b9\u8bc4\uff0c\u7cfb\u7edf\u9ed8\u8ba4\u597d\u8bc4\u3002"", ""date"": ""2024-11-03"", ""score"": 5, ""commentId"": ""238265687"", ""imgs"": [], ""userNickName"": ""\u53bb*\u6237"", ""replyCityName"": """", ""cityName"": """"}, {""author"": ""x*5"", ""content"": ""\u7528\u6237\u672a\u70b9\u8bc4\uff0c\u7cfb\u7edf\u9ed8\u8ba4\u597d\u8bc4\u3002"", ""date"": ""2024-09-03"", ""score"": 5, ""commentId"": ""236204945"", ""imgs"": [], ""userNickName"": ""x*5"", ""replyCityName"": """", ""cityName"": """"}, {""author"": ""\u53bb*\u6237"", ""content"": ""\u7528\u6237\u672a\u70b9\u8bc4\uff0c\u7cfb\u7edf\u9ed8\u8ba4\u597d\u8bc4\u3002"", ""date"": ""2024-08-19"", ""score"": 5, ""commentId"": ""235652232"", ""imgs"": [], ""userNickName"": ""\u53bb*\u6237"", ""replyCityName"": """", ""cityName"": """"}, {""author"": ""b*4"", ""content"": ""\u7528\u6237\u672a\u70b9\u8bc4\uff0c\u7cfb\u7edf\u9ed8\u8ba4\u597d\u8bc4\u3002"", ""date"": ""2024-08-15"", ""score"": 5, ""commentId"": ""235533032"", ""imgs"": [], ""userNickName"": ""b*4"", ""replyCityName"": """", ""cityName"": """"}, {""author"": ""\u53bb*\u6237"", ""content"": ""\u7528\u6237\u672a\u70b9\u8bc4\uff0c\u7cfb\u7edf\u9ed8\u8ba4\u597d\u8bc4\u3002"", ""date"": ""2024-07-03"", ""score"": 5, ""commentId"": ""234598875"", ""imgs"": [], ""userNickName"": ""\u53bb*\u6237"", ""replyCityName"": """", ""cityName"": """"}], ""score"": 5.0, ""commentCount"": 32}, ""statusCode"": 200}"
贺江景区,https://imgs.qunarzz.com/sight/p99/201211/09/9e8e49afbb8aace693835fbb.jpg_280x200_be40b3b6.jpg,肇庆市,封开县,广东省肇庆市封开县封开国家地质公园内,3,4.7,江水清澈，两岸林茂竹秀，河道蜿蜒,https://piao.qunar.com/ticket/detail_2776022819.html?st=a3clM0QlRTUlQjAlODElRTUlQkMlODAlRTUlOEUlQkYlMjZpZCUzRDIzMzQ3JTI2dHlwZSUzRDAlMjZpZHglM0QxMiUyNnF0JTNEJTI2YXBrJTNEMiUyNnNjJTNEV1dXJTI2dXIlM0QlRTQlQjglQUQlRTUlQjElQjElMjZsciUzRCVFNCVCOCVBRCVFNSVCMSVCMSUyNmZ0JTNEJTdCJTdE#from=mpl_search_suggest,-1.0,N/A,贺江景区占地面积476.8公倾，县道公路贯通整个景区。 贺江，源于湘桂交界的桂林、贺州地区，在县城江口镇汇入西江，全长433公里，流域面积11536平方公里。由于水土保护较好，江水清澈碧绿，属国家一类饮用水源。 贺江，两岸有着丰厚的文化积淀，如南丰龙湾“龙母庙”、白垢石角“龙母庙”，填补广东地区6000—10000年历史空白的勒竹口台地遗址。同时也是岭南文化和广州话的发源地。贺江景区，以一江两岸的秀丽景色为主，配套有水上乐园、白鹤洲湿地生态公园、江滨观景楼（区）、江滨休闲度假村、龙皇岛民间艺术（风情）表演、野炊烧烤、河段观光游船等景点和服务设施。贺江景区内流域，江水清澈，两岸林茂竹秀，河道蜿蜒，形成国内少有的回环形滨河景观，它不仅有“九曲十八弯”著称，而且以“绿”名”。,暂无,https://imgs.qunarzz.com/sight/p99/201211/09/9e8e49afbb8aace693835fbb.jpg_710x360_9fafbb96.jpg,"{""ret"": true, ""data"": {""tagList"": [{""tagType"": 1, ""tagScore"": 5, ""tagNum"": 3, ""tagName"": ""\u597d\u8bc4""}, {""tagType"": 0, ""tagScore"": 5, ""tagNum"": 3, ""tagName"": ""\u5168\u90e8""}], ""commentList"": [{""author"": ""\u4efb*\u884c"", ""content"": ""\u7a7a\u6c14\u6e05\u65b0\uff0c\u4ea4\u901a\u65b9\u4fbf\uff0c\u7f8e\u98df\u8bf1\u4eba\uff01"", ""date"": ""2023-02-13"", ""score"": 5, ""commentId"": ""224102206"", ""imgs"": [], ""userNickName"": ""\u4efb*\u884c"", ""replyCityName"": """", ""cityName"": ""\u5e7f\u4e1c""}, {""author"": ""\u7cbe*\u4fa0"", ""content"": ""\u518d\u6b21\u767b\u4e0a\u697c\u9876\uff0c\u53c8\u89c2\u8d4f\u5230\u4e86\u96e8\u96fe\u5f25\u6f2b\u5982\u4ed9\u5883\u822c\u7684\u5cf0\u6797\u7f8e\u666f\u4e86\uff0c\u771f\u662f\u820d\u8fd1\u6c42\u8fdc\u3001\u5f97\u4e0d\u507f\u5931\u554a\u3002\u665a\u4e0a\u88ab\u65c5\u9986\u5916\u7684\u5927\u81ea\u7136\u4ea4\u54cd\u66f2\u6270\u4e86\u4e00\u591c\uff0c\u8f70\u9686\u7684\u96f7\u58f0\u3001\u54d7\u54d7\u7684\u96e8\u58f0\u3001\u54c7\u54c7\u7684\u86d9\u9e23\uff0c\u6700\u8ba8\u538c\u7684\u662f\u623f\u95f4\u5185\u5982\u8f70\u70b8\u673a\u822c\u55e1\u55e1\u98de\u821e\u7684\u868a\u5b50\uff0c\u4ffa\u8001\u7b49\u5b83\u4eec\u964d\u843d\u8138\u76ae\u4e0a\u4ee5\u4fbf\u72e0\u72e0\u62cd\u6b7b\uff0c\u53ef\u5b83\u4eec\u7684\u72e1\u733e\u4e0e\u654f\u6377\u8ba9\u4ffa\u5c61\u5c61\u53d7\u632b\uff0c\u53ea\u80fd\u75db\u82e6\u53c8\u65e0\u5948\u5730\u5728\u534a\u8ff7\u7cca\u72b6\u6001\u4e0b\u6371\u5230\u5929\u660e\u3002"", ""date"": ""2016-08-23"", ""score"": 4, ""commentId"": ""126301322"", ""imgs"": [{""small"": ""https://imgs.qunarzz.com/piao/fusion/1608/20/ed8a0a5cce120302.jpg_120x120_e790e15b.jpg"", ""title"": """", ""big"": ""https://imgs.qunarzz.com/piao/fusion/1608/20/ed8a0a5cce120302.jpg""}], ""userNickName"": ""\u7cbe*\u4fa0"", ""replyCityName"": """", ""cityName"": """"}, {""author"": ""W*6"", ""content"": ""\u5982\u68a6\u5982\u753b\u822c\u5b58\u5728\u7684\u4e00\u4e2a\u666f\u70b9\uff0c\u98ce\u666f\u8ff7\u4eba\uff0c\u73af\u5883\u4f18\u7f8e"", ""date"": ""2016-12-14"", ""score"": 5, ""commentId"": ""136014661"", ""imgs"": [], ""userNickName"": ""W*6"", ""replyCityName"": """", ""cityName"": """"}], ""score"": 4.7, ""commentCount"": 3}, ""statusCode"": 200}"
封开国家地质公园,https://qimgs.qunarzz.com/piao_qsight_provider_piao_qsight_web/100c1f000001gsylpEBE7_C_900_504.jpg_280x200_4c61dbae.jpg,肇庆市,封开县,广东省肇庆市封开县河儿口镇266省道东侧,288,4.7,观奇峰巨石，赏溶洞古村,https://piao.qunar.com/ticket/detail_4061896948.html?st=a3clM0QlRTUlQjAlODElRTUlQkMlODAlRTUlOEUlQkYlMjZpZCUzRDExNDgzJTI2dHlwZSUzRDAlMjZpZHglM0QxJTI2cXQlM0QlMjZhcGslM0QyJTI2c2MlM0RXV1clMjZ1ciUzRCVFNCVCOCVBRCVFNSVCMSVCMSUyNmxyJTNEJUU0JUI4JUFEJUU1JUIxJUIxJTI2ZnQlM0QlN0IlN0Q%3D#from=mpl_search_suggest,16.0,4A景区,封开国家地质公园是岭南古文明重要发祥地，旅游资源十分丰富。境内山川秀丽、人杰地灵。龙山溶洞、斑石、千层峰、十里画廊、贺江风光、金装淘金等景点驰名中外。县内集中了石灰岩、沙页岩、花岗岩三种地质地貌，构成各具特点的巨石、奇峰、幽洞、秀水、林海等自然景观。人文景观也非常丰富，历史悠久、品类齐全的古人类文化遗址及古墓葬、古建筑、古窑址遍布全县。封开属南亚热带地缘季风气候，北回归线从境内穿过，土地肥沃，雨量充沛，物产丰富，是全国农业综合项目开发示范县。县内盛产竹木、黄烟、蜂蜜、杏花鸡、麻竹笋、莲都羊，冬菇、猴头菇、白马茶、麒麟李、长岗油栗等名优特产。,1/1-12/31；周一至周日；09:00-18:00开园,https://qimgs.qunarzz.com/piao_qsight_provider_piao_qsight_web/100c1f000001gsylpEBE7_C_900_504.jpg_710x360_4f428307.jpg〇https://qimgs.qunarzz.com/piao_qsight_provider_piao_qsight_web/01013120008thzkhr84B0_C_900_504_Q90_Mtg_7.jpg_710x360_177cec87.jpg〇https://qimgs.qunarzz.com/piao_qsight_provider_piao_qsight_web/0103i120008thzrlu3C9D_C_900_504_Q90_Mtg_7.jpg_710x360_232d09c7.jpg〇https://qimgs.qunarzz.com/piao_qsight_provider_piao_qsight_web/0103j120008thzhxfB001_C_900_504_Q90_Mtg_7.jpg_710x360_8070c0b8.jpg〇https://qimgs.qunarzz.com/piao_qsight_provider_piao_qsight_web/0105i120008thzkho4EE7_C_900_504_Q90_Mtg_7.jpg_710x360_3feb1331.jpg〇https://qimgs.qunarzz.com/piao_qsight_provider_piao_qsight_web/0101z120008thzt2tC2A7_C_900_504_Q90_Mtg_7.jpg_710x360_f8c54a60.jpg〇https://qimgs.qunarzz.com/piao_qsight_provider_piao_qsight_web/0102m120008thzrlt9585_C_900_504_Q90_Mtg_7.jpg_710x360_ab4299c8.jpg〇https://qimgs.qunarzz.com/piao_qsight_provider_piao_qsight_web/0105c120008thzljrD313_C_900_504_Q90_Mtg_7.jpg_710x360_2b1e7077.jpg〇https://qimgs.qunarzz.com/piao_qsight_provider_piao_qsight_web/0106e120008thzkhp39CA_C_900_504_Q90_Mtg_7.jpg_710x360_9ccdd1aa.jpg〇https://qimgs.qunarzz.com/piao_qsight_provider_piao_qsight_web/0104s120008thzhqo0E00_C_900_504_Q90_Mtg_7.jpg_710x360_129d2a93.jpg〇https://qimgs.qunarzz.com/piao_qsight_provider_piao_qsight_web/100c1f000001gsylpEBE7_C_900_504_Q90_Mtg_7.jpg_710x360_cfcf1645.jpg〇https://imgs.qunarzz.com/sight/p0/201403/07/e74c57b19ce10f62d0c527dc921fdf78.jpg_710x360_566532a3.jpg〇https://imgs.qunarzz.com/sight/p0/201403/07/8b243ac78a61737cf8ce26e6dbd69935.jpg_710x360_d736f888.jpg〇https://imgs.qunarzz.com/sight/p0/201403/07/2b2e1210a15e0072a3c3f897f8c0b8e7.jpg_710x360_ab2bc8ce.jpg〇https://imgs.qunarzz.com/sight/p0/201403/07/5aec0a795e531c9c22786f3ca1b756de.jpg_710x360_f0c2e299.jpg〇https://qimgs.qunarzz.com/piao_qsight_provider_piao_qsight_web/8305f64d4b4b90.jpg_710x360_c8524efd.jpg〇https://qimgs.qunarzz.com/piao_qsight_provider_piao_qsight_web/3013a8ce5431b.jpg_710x360_683bf07a.jpg〇https://qimgs.qunarzz.com/piao_qsight_provider_piao_qsight_web/61cfdb5f3fb96f.jpg_710x360_80376845.jpg〇https://qimgs.qunarzz.com/piao_qsight_provider_piao_qsight_web/8a66712e3b5bf4.jpg_710x360_79e3b3a4.jpg〇https://qimgs.qunarzz.com/piao_qsight_provider_piao_qsight_web/8a8797e4b085abf0ffffffffc8d65eac.jpg_710x360_3a29762c.jpg〇https://qimgs.qunarzz.com/piao_qsight_provider_piao_qsight_web/1559934450610100k15000000xeppn0AC9_D_640_10000.jpg_710x360_7a4ba2b3.jpg〇https://qimgs.qunarzz.com/piao_qsight_provider_piao_qsight_web/1559934450416100815000000xaq7fF137_D_640_10000.jpg_710x360_6c593e73.jpg〇https://qimgs.qunarzz.com/piao_qsight_provider_piao_qsight_web/1559934450300100f15000000xajw7802B_D_640_10000.jpg_710x360_3394c46c.jpg〇https://qimgs.qunarzz.com/piao_qsight_provider_piao_qsight_web/1559934450035100215000000xhm1r9CA2_D_640_10000.jpg_710x360_2ae3ce2c.jpg〇https://qimgs.qunarzz.com/piao_qsight_provider_piao_qsight_web/6971ffbde9ccfe02.jpg_710x360_3a44a9d4.jpg〇https://qimgs.qunarzz.com/piao_qsight_provider_piao_qsight_web/35ba98078302b602.jpg_710x360_1c44394f.jpg〇https://qimgs.qunarzz.com/piao_qsight_provider_piao_qsight_web/d15df551c794fc02.jpg_710x360_3abeade2.jpg〇https://qimgs.qunarzz.com/piao_qsight_provider_piao_qsight_web/e50951e3296eee02.jpg_710x360_629ebcf1.jpg〇https://qimgs.qunarzz.com/piao_qsight_provider_piao_qsight_web/69f783a8fe8ef102.jpg_710x360_b8febb37.jpg〇https://qimgs.qunarzz.com/piao_qsight_provider_piao_qsight_web/2a2845c3d228d902.jpg_710x360_57638b90.jpg〇https://qimgs.qunarzz.com/piao_qsight_provider_piao_qsight_web/88355cab990b9102.jpg_710x360_5d9329f2.jpg〇https://qimgs.qunarzz.com/piao_qsight_provider_piao_qsight_web/405c0c6014593d02.jpg_710x360_908ed076.jpg〇https://qimgs.qunarzz.com/piao_qsight_provider_piao_qsight_web/c1557e05b8912c02.jpg_710x360_657883a1.jpg〇https://qimgs.qunarzz.com/piao_qsight_provider_piao_qsight_web/196118845d6d9b02.jpg_710x360_89cd8168.jpg〇https://qimgs.qunarzz.com/piao_qsight_provider_piao_qsight_web/56f4b09c0dd75e02.jpg_710x360_9c13940f.jpg,"{""ret"": true, ""data"": {""tagList"": [{""tagType"": 32, ""tagScore"": 5, ""tagNum"": 1, ""tagName"": ""\u670d\u52a1\u597d""}, {""tagType"": 16, ""tagScore"": 5, ""tagNum"": 1, ""tagName"": ""\u9760\u8c31""}, {""tagType"": 8, ""tagScore"": 5, ""tagNum"": 1, ""tagName"": ""\u4fbf\u5b9c""}, {""tagType"": 4, ""tagScore"": 5, ""tagNum"": 2, ""tagName"": ""\u53d6\u7968\u65b9\u4fbf""}, {""tagType"": 3, ""tagScore"": 5, ""tagNum"": 3, ""tagName"": ""\u5dee\u8bc4""}, {""tagType"": 2, ""tagScore"": 5, ""tagNum"": 12, ""tagName"": ""\u4e2d\u8bc4""}, {""tagType"": 1, ""tagScore"": 5, ""tagNum"": 267, ""tagName"": ""\u597d\u8bc4""}, {""tagType"": 0, ""tagScore"": 5, ""tagNum"": 288, ""tagName"": ""\u5168\u90e8""}], ""commentList"": [{""author"": ""\u53bb*\u6237"", ""content"": ""\u7528\u6237\u672a\u70b9\u8bc4\uff0c\u7cfb\u7edf\u9ed8\u8ba4\u597d\u8bc4\u3002"", ""date"": ""2024-11-03"", ""score"": 5, ""commentId"": ""238271485"", ""imgs"": [], ""userNickName"": ""\u53bb*\u6237"", ""replyCityName"": """", ""cityName"": """"}, {""author"": ""\u53bb*\u6237"", ""content"": ""\u7528\u6237\u672a\u70b9\u8bc4\uff0c\u7cfb\u7edf\u9ed8\u8ba4\u597d\u8bc4\u3002"", ""date"": ""2024-09-20"", ""score"": 5, ""commentId"": ""237029757"", ""imgs"": [], ""userNickName"": ""\u53bb*\u6237"", ""replyCityName"": """", ""cityName"": """"}, {""author"": ""j*o"", ""content"": ""\u7528\u6237\u672a\u70b9\u8bc4\uff0c\u7cfb\u7edf\u9ed8\u8ba4\u597d\u8bc4\u3002"", ""date"": ""2024-08-21"", ""score"": 5, ""commentId"": ""235723337"", ""imgs"": [], ""userNickName"": ""j*o"", ""replyCityName"": """", ""cityName"": """"}, {""author"": ""\u53bb*\u6237"", ""content"": ""\u7528\u6237\u672a\u70b9\u8bc4\uff0c\u7cfb\u7edf\u9ed8\u8ba4\u597d\u8bc4\u3002"", ""date"": ""2024-08-06"", ""score"": 5, ""commentId"": ""235286099"", ""imgs"": [], ""userNickName"": ""\u53bb*\u6237"", ""replyCityName"": """", ""cityName"": """"}, {""author"": ""\u53bb*\u6237"", ""content"": ""\u7528\u6237\u672a\u70b9\u8bc4\uff0c\u7cfb\u7edf\u9ed8\u8ba4\u597d\u8bc4\u3002"", ""date"": ""2024-08-06"", ""score"": 5, ""commentId"": ""235285252"", ""imgs"": [], ""userNickName"": ""\u53bb*\u6237"", ""replyCityName"": """", ""cityName"": """"}, {""author"": ""\u53bb*\u6237"", ""content"": ""\u7528\u6237\u672a\u70b9\u8bc4\uff0c\u7cfb\u7edf\u9ed8\u8ba4\u597d\u8bc4\u3002"", ""date"": ""2024-06-04"", ""score"": 5, ""commentId"": ""234187173"", ""imgs"": [], ""userNickName"": ""\u53bb*\u6237"", ""replyCityName"": """", ""cityName"": """"}, {""author"": ""\u53bb*\u6237"", ""content"": ""\u7528\u6237\u672a\u70b9\u8bc4\uff0c\u7cfb\u7edf\u9ed8\u8ba4\u597d\u8bc4\u3002"", ""date"": ""2024-06-04"", ""score"": 5, ""commentId"": ""234186171"", ""imgs"": [], ""userNickName"": ""\u53bb*\u6237"", ""replyCityName"": """", ""cityName"": """"}, {""author"": ""\u5f97*\u5fb7"", ""content"": ""\u7528\u6237\u672a\u70b9\u8bc4\uff0c\u7cfb\u7edf\u9ed8\u8ba4\u597d\u8bc4\u3002"", ""date"": ""2024-06-04"", ""score"": 5, ""commentId"": ""234185965"", ""imgs"": [], ""userNickName"": ""\u5f97*\u5fb7"", ""replyCityName"": """", ""cityName"": """"}, {""author"": ""f*5"", ""content"": ""\u7528\u6237\u672a\u70b9\u8bc4\uff0c\u7cfb\u7edf\u9ed8\u8ba4\u597d\u8bc4\u3002"", ""date"": ""2024-06-04"", ""score"": 5, ""commentId"": ""234184985"", ""imgs"": [], ""userNickName"": ""f*5"", ""replyCityName"": """", ""cityName"": """"}, {""author"": ""f*5"", ""content"": ""\u7528\u6237\u672a\u70b9\u8bc4\uff0c\u7cfb\u7edf\u9ed8\u8ba4\u597d\u8bc4\u3002"", ""date"": ""2024-06-04"", ""score"": 5, ""commentId"": ""234184586"", ""imgs"": [], ""userNickName"": ""f*5"", ""replyCityName"": """", ""cityName"": """"}], ""score"": 4.7, ""commentCount"": 288}, ""statusCode"": 200}"
山湖生态旅游度假村,https://mp-piao-admincp.qunarzz.com/mp_piao_admin_mp_piao_admin/admin/20217/30d54820c6727b9958d585769ab3c5c2.png_280x200_7ef61cce.png,肇庆市,四会市,大坑村六祖寺前100米,-1,-1.0,N/A,https://piao.qunar.com/ticket/detail_987704175.html?st=a3clM0QlRTUlOUIlOUIlRTQlQkMlOUElRTUlQjglODIlMjZpZCUzRDUzODQ2MSUyNnR5cGUlM0QwJTI2aWR4JTNEMTQlMjZxdCUzRCUyNmFwayUzRDIlMjZzYyUzRFdXVyUyNnVyJTNEJUU0JUI4JUFEJUU1JUIxJUIxJTI2bHIlM0QlRTQlQjglQUQlRTUlQjElQjElMjZmdCUzRCU3QiU3RA%3D%3D#from=mpl_search_suggest,-1.0,N/A,N/A,暂无,https://mp-piao-admincp.qunarzz.com/mp_piao_admin_mp_piao_admin/admin/20217/30d54820c6727b9958d585769ab3c5c2.png_710x360_c2302e12.png,"{""ret"": true, ""data"": {""tagList"": [{""tagType"": 0, ""tagScore"": 5, ""tagNum"": 0, ""tagName"": ""\u5168\u90e8""}], ""score"": 0.0, ""commentCount"": 0}, ""statusCode"": 200}"
山湖智慧露营地,https://qimgs.qunarzz.com/piao_qsight_provider_piao_qsight_web/0104b120009dhh073F76D_C_900_504.jpg_280x200_8b3a6448.jpg,肇庆市,四会市,肇庆市广东省四会市贞山风景区大坑村六祖寺前100米,-1,-1.0,依山傍水，清新悠闲,https://piao.qunar.com/ticket/detail_761209052.html?st=a3clM0QlRTUlOUIlOUIlRTQlQkMlOUElRTUlQjglODIlMjZpZCUzRDUxNDg0NyUyNnR5cGUlM0QwJTI2aWR4JTNEMTMlMjZxdCUzRCUyNmFwayUzRDIlMjZzYyUzRFdXVyUyNnVyJTNEJUU0JUI4JUFEJUU1JUIxJUIxJTI2bHIlM0QlRTQlQjglQUQlRTUlQjElQjElMjZmdCUzRCU3QiU3RA%3D%3D#from=mpl_search_suggest,-1.0,N/A,山湖智慧营地位于四会贞山景区旁山湖水上乐园内，与佛教圣地六祖寺、动物园一脉相邻。占地300多亩，营地依山傍水而建，环境清新悠闲，空气含负离子高，是天然的大氧吧。配套设施有酒店住宿、专业拓展场地、水上乐园、露天汤泉、客房餐饮、星空露营、房车酒店、篝火场地、丛林徒步、萌宠动物园等。另拥有多个多*能会议室，可满足各类会议用途。,具体营业状态以当天开放情况为准,https://qimgs.qunarzz.com/piao_qsight_provider_piao_qsight_web/0104b120009dhh073F76D_C_900_504.jpg_710x360_a844919d.jpg〇https://qimgs.qunarzz.com/piao_qsight_provider_piao_qsight_web/0105d120009dhgyq99B29_C_900_504_Q90_Mtg_7.jpg_710x360_76b5bae8.jpg〇https://qimgs.qunarzz.com/piao_qsight_provider_piao_qsight_web/0100p120009dhh1c98BCE_C_900_504_Q90_Mtg_7.jpg_710x360_2e6f8a0b.jpg〇https://qimgs.qunarzz.com/piao_qsight_provider_piao_qsight_web/0105t120009dhh4si38B5_C_900_504_Q90_Mtg_7.jpg_710x360_d15cd04e.jpg〇https://qimgs.qunarzz.com/piao_qsight_provider_piao_qsight_web/0104j120009dhgmlbBE89_C_900_504_Q90_Mtg_7.jpg_710x360_c57d5d40.jpg〇https://qimgs.qunarzz.com/piao_qsight_provider_piao_qsight_web/0102w120009dhh5e50CB0_C_900_504_Q90_Mtg_7.jpg_710x360_999923b0.jpg〇https://qimgs.qunarzz.com/piao_qsight_provider_piao_qsight_web/01057120009dhh074B5AA_C_900_504_Q90_Mtg_7.jpg_710x360_f4e49feb.jpg〇https://qimgs.qunarzz.com/piao_qsight_provider_piao_qsight_web/0106y120009dhge0wA112_C_900_504_Q90_Mtg_7.jpg_710x360_160d4956.jpg〇https://qimgs.qunarzz.com/piao_qsight_provider_piao_qsight_web/0104t120009dhh3a823F9_C_900_504_Q90_Mtg_7.jpg_710x360_ffc9bbf6.jpg〇https://qimgs.qunarzz.com/piao_qsight_provider_piao_qsight_web/0105f120009dhh3ijF5B3_C_900_504_Q90_Mtg_7.jpg_710x360_fc963f10.jpg〇https://qimgs.qunarzz.com/piao_qsight_provider_piao_qsight_web/0104b120009dhh073F76D_C_900_504_Q90_Mtg_7.jpg_710x360_0884c589.jpg〇https://imgs.qunarzz.com/sight/p0/2204/57/579540ada669ba10a3.water.jpg_710x360_2ff72fa4.jpg〇https://imgs.qunarzz.com/sight/p0/2204/ab/abb0fa8feeb8f6fda3.water.jpg_710x360_96d5e3da.jpg,"{""ret"": true, ""data"": {""tagList"": [{""tagType"": 0, ""tagScore"": 5, ""tagNum"": 0, ""tagName"": ""\u5168\u90e8""}], ""score"": 0.0, ""commentCount"": 0}, ""statusCode"": 200}"
千层峰,https://qimgs.qunarzz.com/piao_qsight_provider_piao_qsight_web/10041f000001gp7cv41A9_C_900_504.jpg_280x200_61f683cf.jpg,肇庆市,封开县,广东省肇庆市封开县Y123,35,4.7,属砂岩峰林地貌,https://piao.qunar.com/ticket/detail_1353362686.html?st=a3clM0QlRTUlQjAlODElRTUlQkMlODAlRTUlOEUlQkYlMjZpZCUzRDIxMzklMjZ0eXBlJTNEMCUyNmlkeCUzRDMlMjZxdCUzRCUyNmFwayUzRDIlMjZzYyUzRFdXVyUyNnVyJTNEJUU0JUI4JUFEJUU1JUIxJUIxJTI2bHIlM0QlRTQlQjglQUQlRTUlQjElQjElMjZmdCUzRCU3QiU3RA%3D%3D#from=mpl_search_suggest,16.0,N/A,千层峰位于广东省封开县渔涝镇东南8公里的黄岗河畔，由重重叠叠的色彩斑斓的砂页岩和局部钙质页岩构成，属砂岩峰林地貌，形成于三亿八千万年前的泥盘纪――嘉理东造山运动所造成的山峰，是广东两个嘉理东造山运动的标准地之一。这里群峰耸立，苍翠欲滴，主峰高233米，如倚天长剑，直插云霄，奇伟险峻。山虽不高，但却集“黄山之奇、华山之险、庐山之秀、峨眉之幽”于一身。,1/1-12/31；周一至周日；09:00-18:00开园,https://qimgs.qunarzz.com/piao_qsight_provider_piao_qsight_web/10041f000001gp7cv41A9_C_900_504.jpg_710x360_8f64953e.jpg〇https://qimgs.qunarzz.com/piao_qsight_provider_piao_qsight_web/10041f000001gp7cv41A9_C_900_504_Q90_Mtg_7.jpg_710x360_171fe277.jpg〇https://imgs.qunarzz.com/sight/p0/1501/36/36f2174154cda651.water.jpg_710x360_b81acf3d.jpg〇https://imgs.qunarzz.com/sight/p0/1501/68/6806930e90f7eaae.water.jpg_710x360_64ac6e1c.jpg〇https://imgs.qunarzz.com/sight/p0/1501/14/148f269a8e1c105.water.jpg_710x360_bed82be2.jpg〇https://imgs.qunarzz.com/sight/p0/1501/29/2958d9e8ca1484e9.water.jpg_710x360_4579c11c.jpg〇https://qimgs.qunarzz.com/piao_qsight_provider_piao_qsight_web/ef76caa6d11f59f0b1234c15b2ba4a9b.jpg_710x360_669b3752.jpg〇https://qimgs.qunarzz.com/piao_qsight_provider_piao_qsight_web/222ece151524d9a8c85694f7ad4ce3db.jpg_710x360_893d031b.jpg〇https://qimgs.qunarzz.com/piao_qsight_provider_piao_qsight_web/0a93379a22807d8b0012ef74358e057e.jpg_710x360_37b715cb.jpg〇https://qimgs.qunarzz.com/piao_qsight_provider_piao_qsight_web/2ad5edba7a836502.jpg_710x360_ce8d3e2d.jpg〇https://qimgs.qunarzz.com/piao_qsight_provider_piao_qsight_web/ca88f6587b5b1502.jpg_710x360_ab6c0f4d.jpg〇https://qimgs.qunarzz.com/piao_qsight_provider_piao_qsight_web/9cc3ac9702001d02.jpg_710x360_3dc5f945.jpg〇https://qimgs.qunarzz.com/piao_qsight_provider_piao_qsight_web/5a652a10ffe9cc.jpg_710x360_47910db1.jpg〇https://qimgs.qunarzz.com/piao_qsight_provider_piao_qsight_web/09cf1671f486d6.jpg_710x360_8c7fa7ef.jpg〇https://qimgs.qunarzz.com/piao_qsight_provider_piao_qsight_web/8ee48b637c9871.jpg_710x360_6277dba2.jpg〇https://qimgs.qunarzz.com/piao_qsight_provider_piao_qsight_web/9bca7717ae1e3537.jpg_710x360_15191d37.jpg〇https://qimgs.qunarzz.com/piao_qsight_provider_piao_qsight_web/aba976ce35e32dfccdb.jpg_710x360_3a4d8368.jpg,"{""ret"": true, ""data"": {""tagList"": [{""tagType"": 32, ""tagScore"": 5, ""tagNum"": 1, ""tagName"": ""\u670d\u52a1\u597d""}, {""tagType"": 16, ""tagScore"": 5, ""tagNum"": 1, ""tagName"": ""\u9760\u8c31""}, {""tagType"": 4, ""tagScore"": 5, ""tagNum"": 1, ""tagName"": ""\u53d6\u7968\u65b9\u4fbf""}, {""tagType"": 3, ""tagScore"": 5, ""tagNum"": 1, ""tagName"": ""\u5dee\u8bc4""}, {""tagType"": 2, ""tagScore"": 5, ""tagNum"": 2, ""tagName"": ""\u4e2d\u8bc4""}, {""tagType"": 1, ""tagScore"": 5, ""tagNum"": 32, ""tagName"": ""\u597d\u8bc4""}, {""tagType"": 0, ""tagScore"": 5, ""tagNum"": 35, ""tagName"": ""\u5168\u90e8""}], ""commentList"": [{""author"": ""c*7"", ""content"": ""\u7528\u6237\u672a\u70b9\u8bc4\uff0c\u7cfb\u7edf\u9ed8\u8ba4\u597d\u8bc4\u3002"", ""date"": ""2024-11-19"", ""score"": 5, ""commentId"": ""238848131"", ""imgs"": [], ""userNickName"": ""c*7"", ""replyCityName"": """", ""cityName"": """"}, {""author"": ""\u53bb*\u6237"", ""content"": ""\u7528\u6237\u672a\u70b9\u8bc4\uff0c\u7cfb\u7edf\u9ed8\u8ba4\u597d\u8bc4\u3002"", ""date"": ""2024-11-03"", ""score"": 5, ""commentId"": ""238294433"", ""imgs"": [], ""userNickName"": ""\u53bb*\u6237"", ""replyCityName"": """", ""cityName"": """"}, {""author"": ""\u53bb*\u6237"", ""content"": ""\u7528\u6237\u672a\u70b9\u8bc4\uff0c\u7cfb\u7edf\u9ed8\u8ba4\u597d\u8bc4\u3002"", ""date"": ""2023-12-27"", ""score"": 5, ""commentId"": ""230864985"", ""imgs"": [], ""userNickName"": ""\u53bb*\u6237"", ""replyCityName"": """", ""cityName"": """"}, {""author"": ""\u53bb*\u6237"", ""content"": ""\u7528\u6237\u672a\u70b9\u8bc4\uff0c\u7cfb\u7edf\u9ed8\u8ba4\u597d\u8bc4\u3002"", ""date"": ""2023-12-27"", ""score"": 5, ""commentId"": ""230864420"", ""imgs"": [], ""userNickName"": ""\u53bb*\u6237"", ""replyCityName"": """", ""cityName"": """"}, {""author"": ""i*7"", ""content"": ""\u7528\u6237\u672a\u70b9\u8bc4\uff0c\u7cfb\u7edf\u9ed8\u8ba4\u597d\u8bc4\u3002"", ""date"": ""2023-08-08"", ""score"": 5, ""commentId"": ""227142834"", ""imgs"": [], ""userNickName"": ""i*7"", ""replyCityName"": """", ""cityName"": """"}, {""author"": ""\u4e09*\u610f"", ""content"": ""\u7528\u6237\u672a\u70b9\u8bc4\uff0c\u7cfb\u7edf\u9ed8\u8ba4\u597d\u8bc4\u3002"", ""date"": ""2023-02-28"", ""score"": 5, ""commentId"": ""224511643"", ""imgs"": [], ""userNickName"": ""\u4e09*\u610f"", ""replyCityName"": """", ""cityName"": """"}, {""author"": ""o*3"", ""content"": ""\u98ce\u666f\u533a\u5dee\u8bc4\uff0c\u4e00\u70b9\u90fd\u4e0d\u597d\u73a9\uff0c\u6cb3\u6c34\u6d51\u6d4a\uff0c\u95e8\u7968\u8fd8\u90a3\u4e48\u8d35\uff0c\u4e0d\u8981\u53bb\u73a9\uff0c"", ""date"": ""2020-11-12"", ""score"": 1, ""commentId"": ""217325538"", ""imgs"": [{""small"": ""https://mp-piao-admincp.qunarzz.com/mp_piao_admin_mp_piao_admin/fusion/202011/ef76caa6d11f59f0b1234c15b2ba4a9b.jpg_120x120_674974b5.jpg"", ""title"": """", ""big"": ""https://mp-piao-admincp.qunarzz.com/mp_piao_admin_mp_piao_admin/fusion/202011/ef76caa6d11f59f0b1234c15b2ba4a9b.jpg""}, {""small"": ""https://mp-piao-admincp.qunarzz.com/mp_piao_admin_mp_piao_admin/fusion/202011/0a93379a22807d8b0012ef74358e057e.jpg_120x120_78660f46.jpg"", ""title"": """", ""big"": ""https://mp-piao-admincp.qunarzz.com/mp_piao_admin_mp_piao_admin/fusion/202011/0a93379a22807d8b0012ef74358e057e.jpg""}, {""small"": ""https://mp-piao-admincp.qunarzz.com/mp_piao_admin_mp_piao_admin/fusion/202011/222ece151524d9a8c85694f7ad4ce3db.jpg_120x120_c67ebd12.jpg"", ""title"": """", ""big"": ""https://mp-piao-admincp.qunarzz.com/mp_piao_admin_mp_piao_admin/fusion/202011/222ece151524d9a8c85694f7ad4ce3db.jpg""}], ""userNickName"": ""o*3"", ""replyCityName"": """", ""cityName"": """"}, {""author"": ""h*8"", ""content"": ""\u7528\u6237\u672a\u70b9\u8bc4\uff0c\u7cfb\u7edf\u9ed8\u8ba4\u597d\u8bc4\u3002"", ""date"": ""2019-03-10"", ""score"": 5, ""commentId"": ""209550386"", ""imgs"": [], ""userNickName"": ""h*8"", ""replyCityName"": """", ""cityName"": """"}, {""author"": ""S*a"", ""content"": ""\u7528\u6237\u672a\u70b9\u8bc4\uff0c\u7cfb\u7edf\u9ed8\u8ba4\u597d\u8bc4\u3002"", ""date"": ""2018-11-02"", ""score"": 5, ""commentId"": ""208350511"", ""imgs"": [], ""userNickName"": ""S*a"", ""replyCityName"": """", ""cityName"": """"}, {""author"": ""\u6bc5*\u8a00"", ""content"": ""\u6765\u4e86\u90fd\u540e\u6094\uff0c\u73b0\u5b9e\u4e0e\u7f51\u4e0a\u56fe\u7247\u5dee\u522b\u5f88\u5927\uff0c\u7b80\u76f4\u662f\u9a97\u4eba\u7684"", ""date"": ""2018-04-10"", ""score"": 5, ""commentId"": ""205826999"", ""imgs"": [{""small"": ""https://imgs.qunarzz.com/piao/fusion/1804/dd/ca88f6587b5b1502.jpg_120x120_66fdf6fe.jpg"", ""title"": """", ""big"": ""https://imgs.qunarzz.com/piao/fusion/1804/dd/ca88f6587b5b1502.jpg""}, {""small"": ""https://imgs.qunarzz.com/piao/fusion/1804/2a/2ad5edba7a836502.jpg_120x120_377511b2.jpg"", ""title"": """", ""big"": ""https://imgs.qunarzz.com/piao/fusion/1804/2a/2ad5edba7a836502.jpg""}], ""userNickName"": ""\u6bc5*\u8a00"", ""replyCityName"": """", ""cityName"": """"}], ""score"": 4.7, ""commentCount"": 35}, ""statusCode"": 200}"
臻湖高尔夫球会,https://qimgs.qunarzz.com/piao_qsight_provider_piao_qsight_web/0101d120008s7jyvaACCF_C_900_504.jpg_280x200_6b61ac2f.jpg,肇庆市,四会市,广东省肇庆市四会市南田景观大道臻湖畔岛东侧,-1,-1.0,沙池精巧，气势恢宏的高尔夫球场,https://piao.qunar.com/ticket/detail_3101281171.html?st=a3clM0QlRTUlOUIlOUIlRTQlQkMlOUElRTUlQjglODIlMjZpZCUzRDE5NjAwNSUyNnR5cGUlM0QwJTI2aWR4JTNEMTElMjZxdCUzRCUyNmFwayUzRDIlMjZzYyUzRFdXVyUyNnVyJTNEJUU0JUI4JUFEJUU1JUIxJUIxJTI2bHIlM0QlRTQlQjglQUQlRTUlQjElQjElMjZmdCUzRCU3QiU3RA%3D%3D#from=mpl_search_suggest,-1.0,N/A,四会臻湖高尔夫俱乐部位于广东四会市东城南田景观大道臻湖畔岛，规划总建筑面积超百万平方，以湖山原生态为本位，将打造成为南中国山水魅力国际生活城。项目规划一流，配套建设一应俱全，包括近800亩的原生态水面、体育公园打造国际标准高尔夫球场、五星级湖山酒店、豪华社区会所、风情商业街区、名校教育配套等，成就南中国山水意境生活标杆。精巧的发球台设计，使得每一次的挥杆都挑战你的智慧和勇气，考验你击球的信心。球场盘亘蜿蜒，气势如宏，球道开阔，沙池精巧，是高尔夫爱好者不可错过的球场。,7:00-18:00,https://qimgs.qunarzz.com/piao_qsight_provider_piao_qsight_web/0101d120008s7jyvaACCF_C_900_504.jpg_710x360_426b9fa4.jpg〇https://qimgs.qunarzz.com/piao_qsight_provider_piao_qsight_web/0101d120008s7jyvaACCF_C_900_504_Q90_Mtg_7.jpg_710x360_c9659159.jpg〇https://imgs.qunarzz.com/sight/p0/201407/17/1e807329df80e181561f72c0eb5f28ea.jpg_710x360_54d6ad45.jpg〇https://imgs.qunarzz.com/sight/p0/201407/17/3ea487c084630cf575cbe45fc66a6bdc.jpg_710x360_754a9c1f.jpg〇https://imgs.qunarzz.com/sight/p0/201407/17/e156e89c149b4b3dbac56d05684006fa.jpg_710x360_b0bd1e39.jpg〇https://imgs.qunarzz.com/sight/p0/201407/17/7b3170b81460f262db698dcf24cbb544.jpg_710x360_8398c354.jpg〇https://imgs.qunarzz.com/sight/p0/201407/17/fe15917b48cdedbac47532840d40d667.jpg_710x360_5dd713af.jpg〇https://qimgs.qunarzz.com/piao_qsight_provider_piao_qsight_web/7d70e8be33a43178254223389291c32d.jpg_710x360_dc864e8e.jpg,"{""ret"": true, ""data"": {""tagList"": [{""tagType"": 0, ""tagScore"": 5, ""tagNum"": 0, ""tagName"": ""\u5168\u90e8""}], ""score"": 0.0, ""commentCount"": 0}, ""statusCode"": 200}"
山湖旅游度假景区,https://qimgs.qunarzz.com/piao_qsight_provider_piao_qsight_web/1lo5512000d56mmm3304B_C_900_504.jpg_280x200_8d1a8b68.jpg,肇庆市,四会市,四会市贞山风景区大坑村(六祖寺前100米),-1,-1.0,N/A,https://piao.qunar.com/ticket/detail_3047861795.html?st=a3clM0QlRTUlOUIlOUIlRTQlQkMlOUElRTUlQjglODIlMjZpZCUzRDUxODMxMSUyNnR5cGUlM0QwJTI2aWR4JTNEMTAlMjZxdCUzRCUyNmFwayUzRDIlMjZzYyUzRFdXVyUyNnVyJTNEJUU0JUI4JUFEJUU1JUIxJUIxJTI2bHIlM0QlRTQlQjglQUQlRTUlQjElQjElMjZmdCUzRCU3QiU3RA%3D%3D#from=mpl_search_suggest,-1.0,N/A,N/A,1/1-12/31；周一至周日；08:00-23:59开园,https://qimgs.qunarzz.com/piao_qsight_provider_piao_qsight_web/1lo5512000d56mmm3304B_C_900_504.jpg_710x360_b7cb1e03.jpg〇https://qimgs.qunarzz.com/piao_qsight_provider_piao_qsight_web/1lo5r12000d56mv54B4FE_C_900_504_Q90_Mtg_7.jpg_710x360_ddd72103.jpg〇https://qimgs.qunarzz.com/piao_qsight_provider_piao_qsight_web/1lo3712000d56mprmECEB_C_900_504_Q90_Mtg_7.jpg_710x360_84aece91.jpg〇https://qimgs.qunarzz.com/piao_qsight_provider_piao_qsight_web/1lo0h12000d56lotu1121_C_900_504_Q90_Mtg_7.jpg_710x360_cdd78425.jpg〇https://qimgs.qunarzz.com/piao_qsight_provider_piao_qsight_web/1lo6i12000d56mqjj93BA_C_900_504_Q90_Mtg_7.jpg_710x360_198f0c8f.jpg〇https://qimgs.qunarzz.com/piao_qsight_provider_piao_qsight_web/1lo3812000d56mlyhA676_C_900_504_Q90_Mtg_7.jpg_710x360_60bcdb50.jpg〇https://qimgs.qunarzz.com/piao_qsight_provider_piao_qsight_web/1lo0w12000d56lq8e50EF_C_900_504_Q90_Mtg_7.jpg_710x360_0e667706.jpg〇https://qimgs.qunarzz.com/piao_qsight_provider_piao_qsight_web/1lo2x12000d56mqixC009_C_900_504_Q90_Mtg_7.jpg_710x360_6185dbb0.jpg〇https://qimgs.qunarzz.com/piao_qsight_provider_piao_qsight_web/1lo5v12000d56n6k920D3_C_900_504_Q90_Mtg_7.jpg_710x360_f7d15136.jpg〇https://qimgs.qunarzz.com/piao_qsight_provider_piao_qsight_web/1lo1m12000d56m4fgB0C2_C_900_504_Q90_Mtg_7.jpg_710x360_f72037d5.jpg〇https://qimgs.qunarzz.com/piao_qsight_provider_piao_qsight_web/1lo5512000d56mmm3304B_C_900_504_Q90_Mtg_7.jpg_710x360_109514d8.jpg,"{""ret"": true, ""data"": {""tagList"": [{""tagType"": 0, ""tagScore"": 5, ""tagNum"": 0, ""tagName"": ""\u5168\u90e8""}], ""score"": 0.0, ""commentCount"": 0}, ""statusCode"": 200}"
四会槎山公园,https://mp-piao-admincp.qunarzz.com/mp_piao_admin_mp_piao_admin/admin/20217/30d54820c6727b9958d585769ab3c5c2.png_280x200_7ef61cce.png,肇庆市,四会市,肇庆市四会市龙凤路5座,-1,-1.0,N/A,https://piao.qunar.com/ticket/detail_662843531.html?st=a3clM0QlRTUlOUIlOUIlRTQlQkMlOUElRTUlQjglODIlMjZpZCUzRDUyNjc2NSUyNnR5cGUlM0QwJTI2aWR4JTNEOSUyNnF0JTNEJTI2YXBrJTNEMiUyNnNjJTNEV1dXJTI2dXIlM0QlRTQlQjglQUQlRTUlQjElQjElMjZsciUzRCVFNCVCOCVBRCVFNSVCMSVCMSUyNmZ0JTNEJTdCJTdE#from=mpl_search_suggest,-1.0,N/A,N/A,暂无,https://mp-piao-admincp.qunarzz.com/mp_piao_admin_mp_piao_admin/admin/20217/30d54820c6727b9958d585769ab3c5c2.png_710x360_c2302e12.png,"{""ret"": true, ""data"": {""tagList"": [{""tagType"": 0, ""tagScore"": 5, ""tagNum"": 0, ""tagName"": ""\u5168\u90e8""}], ""score"": 0.0, ""commentCount"": 0}, ""statusCode"": 200}"
绿海生态园,https://imgs.qunarzz.com/sight/p0/1707/c2/c24c78002e898d60a3.water.jpg_280x200_1cdf9ada.jpg,肇庆市,四会市,广东省肇庆市四会市下茆镇下茆交警中队旁（260省道加油站西南侧160米）,10,4.7,生态田园的休闲旅游场所,https://piao.qunar.com/ticket/detail_2002711755.html?st=a3clM0QlRTUlOUIlOUIlRTQlQkMlOUElRTUlQjglODIlMjZpZCUzRDQ2NTEzMiUyNnR5cGUlM0QwJTI2aWR4JTNEOCUyNnF0JTNEJTI2YXBrJTNEMiUyNnNjJTNEV1dXJTI2dXIlM0QlRTQlQjglQUQlRTUlQjElQjElMjZsciUzRCVFNCVCOCVBRCVFNSVCMSVCMSUyNmZ0JTNEJTdCJTdE#from=mpl_search_suggest,-1.0,N/A,肇庆四会市绿海生态园为人们提供了一个体验农村生活、饱览田园风光、获取生态农业知识的休闲旅游场所。生态园桃花，格桑花、一品红等花卉姹紫嫣红，而韭菜地的一片韭菜也绿意葱葱，让人仿佛置身于一片花的海洋和绿色生态的田园世界中，游客们纷纷拍下这靓丽的景色并合影留念。与此同时，在该生态园还有风车塔、风车长廊，烧烤区、自助农家乐、趣味农场、机动游乐场等等好看、好吃、好玩的娱乐项目。,9:00-18:00，景区现暂时停业，具体开放时间以景区公示为准。,https://imgs.qunarzz.com/sight/p0/1707/c2/c24c78002e898d60a3.water.jpg_710x360_a451e6bc.jpg〇https://imgs.qunarzz.com/sight/p0/1707/cf/cf18dbe156ba5d81a3.water.jpg_710x360_430a82e0.jpg〇https://imgs.qunarzz.com/sight/p0/1707/fc/fc7ca386429727da3.water.jpg_710x360_1c60099b.jpg〇https://qimgs.qunarzz.com/piao_qsight_provider_piao_qsight_web/9967f585d338d202.jpg_710x360_5bb58815.jpg〇https://qimgs.qunarzz.com/piao_qsight_provider_piao_qsight_web/dc398a5acd74902.jpg_710x360_68b7b1c2.jpg〇https://qimgs.qunarzz.com/piao_qsight_provider_piao_qsight_web/91fdcc4e24699802.jpg_710x360_d8ce49f1.jpg〇https://qimgs.qunarzz.com/piao_qsight_provider_piao_qsight_web/50341724a9facc02.jpg_710x360_4e2a0154.jpg〇https://qimgs.qunarzz.com/piao_qsight_provider_piao_qsight_web/e9a263efa84d0137.jpg_710x360_19eec3a6.jpg,"{""ret"": true, ""data"": {""tagList"": [{""tagType"": 2, ""tagScore"": 5, ""tagNum"": 1, ""tagName"": ""\u4e2d\u8bc4""}, {""tagType"": 1, ""tagScore"": 5, ""tagNum"": 9, ""tagName"": ""\u597d\u8bc4""}, {""tagType"": 0, ""tagScore"": 5, ""tagNum"": 10, ""tagName"": ""\u5168\u90e8""}], ""commentList"": [{""author"": ""\u53bb*\u6237"", ""content"": ""\u5df2\u64a4\u6d88\uff0c\u8fd9\u5730\u6ca1\u6709\u8fd9\u666f\u70b9\u4e86\uff01\uff01\uff01"", ""date"": ""2022-01-25"", ""score"": 5, ""commentId"": ""221758194"", ""imgs"": [], ""userNickName"": ""\u53bb*\u6237"", ""replyCityName"": """", ""cityName"": """"}, {""author"": ""f*7"", ""content"": ""\u9a71\u8f66\u4e0d\u5230\u4e00\u4e2a\u5c0f\u65f6\uff0c\u5bfc\u822a\u53bb\u7684\uff0c\u9ad8\u901f\u4e0b\u6765\uff0c\u51e0\u516c\u91cc\u5c31\u5230\u4e86\uff0c\u5468\u672b\u4eba\u6709\u70b9\u591a\u3002\u53d6\u7968\u65b9\u4fbf\uff0c\u53ea\u662f\u4e00\u5f00\u59cb\u552e\u7968\u5458\u8bf4\u4e0d\u80fd\u5f53\u5929\u8ba2\u7968\uff0c\u53ef\u662f\u7f51\u8ba2\u7684\u65f6\u5019\u660e\u660e\u662f\u53ef\u4ee5\u5f53\u592917:30\u524d\u53ef\u8ba2\u5f53\u5929\u7968\uff0c\u6c9f\u901a\u4e86\u4e00\u4e0b\uff0c\u5f88\u5feb\u89e3\u51b3\u4e86\u3002\u76f4\u63a5\u5728\u552e\u7968\u5904\u8d2d\u7968\u6210\u4eba\u662f30\u5143\uff0c1.2\u52301.5\u662f20\u5143\uff0c\u8fd9\u53ea\u662f\u89c2\u5149\u7968\uff0c\u6e38\u73a9\u91cc\u9762\u7684\u6d3b\u52a8\u8bbe\u65bd\u5957\u7968\u662f68\uff0c\u5305\u62ec\u4e86\u89c2\u5149\u7968\uff0c\u5355\u4e70\u662f10_15\u5143\uff0c\u80fd\u73a9\u7684\u8bbe\u65bd\u4e0d\u7b97\u591a\u3002\u82b1\u7684\u54c1\u79cd\u4e0d\u591a\uff0c\u53ea\u6709\u4e00\u4e24\u79cd\u3002\u91cc\u9762\u7684\u52a8\u7269\u4e5f\u4e0d\u591a\u3002\u5468\u672b\u5e26\u5c0f\u5b69\u6765\u73a9\u800d\uff0c\u4e5f\u662f\u4e00\u4e2a\u4e0d\u9519\u7684\u5730\u65b9\u3002"", ""date"": ""2018-03-03"", ""score"": 3, ""commentId"": ""205410921"", ""imgs"": [{""small"": ""https://imgs.qunarzz.com/piao/fusion/1803/d5/50341724a9facc02.jpg_120x120_07a721e3.jpg"", ""title"": """", ""big"": ""https://imgs.qunarzz.com/piao/fusion/1803/d5/50341724a9facc02.jpg""}, {""small"": ""https://imgs.qunarzz.com/piao/fusion/1803/1d/91fdcc4e24699802.jpg_120x120_b142db8e.jpg"", ""title"": """", ""big"": ""https://imgs.qunarzz.com/piao/fusion/1803/1d/91fdcc4e24699802.jpg""}, {""small"": ""https://imgs.qunarzz.com/piao/fusion/1803/ed/dc398a5acd74902.jpg_120x120_9c33dfa4.jpg"", ""title"": """", ""big"": ""https://imgs.qunarzz.com/piao/fusion/1803/ed/dc398a5acd74902.jpg""}, {""small"": ""https://imgs.qunarzz.com/piao/fusion/1803/b5/9967f585d338d202.jpg_120x120_e0e4d8e3.jpg"", ""title"": """", ""big"": ""https://imgs.qunarzz.com/piao/fusion/1803/b5/9967f585d338d202.jpg""}], ""userNickName"": ""f*7"", ""replyCityName"": """", ""cityName"": """"}, {""author"": ""M*5"", ""content"": ""\u9002\u5408\u79cb\u6e38\u7684\u5730\u65b9\uff0c\u73af\u5883\u8fd8\u662f\u53ef\u4ee5\u54e6\uff01"", ""date"": ""2018-06-30"", ""score"": 4, ""commentId"": ""206707122"", ""imgs"": [], ""userNickName"": ""M*5"", ""replyCityName"": """", ""cityName"": """"}, {""author"": ""f*7"", ""content"": ""\u7528\u6237\u672a\u70b9\u8bc4\uff0c\u7cfb\u7edf\u9ed8\u8ba4\u597d\u8bc4\u3002"", ""date"": ""2018-04-03"", ""score"": 5, ""commentId"": ""205765675"", ""imgs"": [], ""userNickName"": ""f*7"", ""replyCityName"": """", ""cityName"": """"}, {""author"": ""j*3"", ""content"": ""\u7528\u6237\u672a\u70b9\u8bc4\uff0c\u7cfb\u7edf\u9ed8\u8ba4\u597d\u8bc4\u3002"", ""date"": ""2018-03-23"", ""score"": 5, ""commentId"": ""205624620"", ""imgs"": [], ""userNickName"": ""j*3"", ""replyCityName"": """", ""cityName"": """"}, {""author"": ""d*6"", ""content"": ""\u7528\u6237\u672a\u70b9\u8bc4\uff0c\u7cfb\u7edf\u9ed8\u8ba4\u597d\u8bc4\u3002"", ""date"": ""2018-03-22"", ""score"": 5, ""commentId"": ""205596497"", ""imgs"": [], ""userNickName"": ""d*6"", ""replyCityName"": """", ""cityName"": """"}, {""author"": ""p*3"", ""content"": ""\u7528\u6237\u672a\u70b9\u8bc4\uff0c\u7cfb\u7edf\u9ed8\u8ba4\u597d\u8bc4\u3002"", ""date"": ""2018-03-22"", ""score"": 5, ""commentId"": ""205589874"", ""imgs"": [], ""userNickName"": ""p*3"", ""replyCityName"": """", ""cityName"": """"}, {""author"": ""z*8"", ""content"": ""\u7528\u6237\u672a\u70b9\u8bc4\uff0c\u7cfb\u7edf\u9ed8\u8ba4\u597d\u8bc4\u3002"", ""date"": ""2018-03-17"", ""score"": 5, ""commentId"": ""205497902"", ""imgs"": [], ""userNickName"": ""z*8"", ""replyCityName"": """", ""cityName"": """"}, {""author"": ""m*0"", ""content"": ""\u7528\u6237\u672a\u70b9\u8bc4\uff0c\u7cfb\u7edf\u9ed8\u8ba4\u597d\u8bc4\u3002"", ""date"": ""2018-03-15"", ""score"": 5, ""commentId"": ""205479116"", ""imgs"": [], ""userNickName"": ""m*0"", ""replyCityName"": """", ""cityName"": """"}, {""author"": ""1*6"", ""content"": ""\u8fd8\u53ef\u4ee5\uff0c\u5e74\u540e\u53bb\u7684\uff0c\u4eba\u4e0d\u591a\uff0c\u79cd\u83dc\u548c\u82b1\u8349\u7684\u5730\u65b9\u6709\u70b9\u81ed\u2026\u2026"", ""date"": ""2018-03-11"", ""score"": 5, ""commentId"": ""205463115"", ""imgs"": [], ""userNickName"": ""1*6"", ""replyCityName"": """", ""cityName"": """"}], ""score"": 4.7, ""commentCount"": 10}, ""statusCode"": 200}"
四会山湖水上乐园,https://qimgs.qunarzz.com/piao_qsight_provider_piao_qsight_web/0100h120008rtrm8059AF_C_900_504.jpg_280x200_cb69e813.jpg,肇庆市,四会市,广东省肇庆市四会市贞山街道大坑村六祖寺前150米,462,4.4,园区配套项目齐全,https://piao.qunar.com/ticket/detail_2263984977.html?st=a3clM0QlRTUlOUIlOUIlRTQlQkMlOUElRTUlQjglODIlMjZpZCUzRDE5NTQzNCUyNnR5cGUlM0QwJTI2aWR4JTNENyUyNnF0JTNEJTI2YXBrJTNEMiUyNnNjJTNEV1dXJTI2dXIlM0QlRTQlQjglQUQlRTUlQjElQjElMjZsciUzRCVFNCVCOCVBRCVFNSVCMSVCMSUyNmZ0JTNEJTdCJTdE#from=mpl_search_suggest,-1.0,N/A,园区整体环境以朴素淡雅的山村野趣为格调，取自然山水之本色，配以江南风情及欧陆风格之建筑；既凸显了独特生态环境之优势，又为诗情画意景色起到画龙点睛之润色效果。秀山环拥、林木苍翠、灵秀怡静、溪水清澈、鸟语花香。漫步近观，湖光山色交相辉映；登山远眺，景象万千犹如仙境；既有藏龙卧虎之气势，又有绿树繁花相拥之美景。穿梭于整个园区林荫小道，听欢快鸟唱、闻醉人花香、赏画意美景、享天然氧吧，犹如穿行于万千画卷之中，让您感受到中国真正的风水宝地。,05/01-06/30；周一至周五；10:30-18:30开园,https://qimgs.qunarzz.com/piao_qsight_provider_piao_qsight_web/0100h120008rtrm8059AF_C_900_504.jpg_710x360_c3edc8f3.jpg〇https://qimgs.qunarzz.com/piao_qsight_provider_piao_qsight_web/0103t120008rtroub3F1F_C_900_504_Q90_Mtg_7.jpg_710x360_8d1b2ff9.jpg〇https://qimgs.qunarzz.com/piao_qsight_provider_piao_qsight_web/0104l120008rtrsrq2359_C_900_504_Q90_Mtg_7.jpg_710x360_732d8534.jpg〇https://qimgs.qunarzz.com/piao_qsight_provider_piao_qsight_web/0106i120008rtrvlq530D_C_900_504_Q90_Mtg_7.jpg_710x360_2d0ca23f.jpg〇https://qimgs.qunarzz.com/piao_qsight_provider_piao_qsight_web/01064120008rtrs5t092D_C_900_504_Q90_Mtg_7.jpg_710x360_8718dd92.jpg〇https://qimgs.qunarzz.com/piao_qsight_provider_piao_qsight_web/01058120008rtrs5s42D9_C_900_504_Q90_Mtg_7.jpg_710x360_7c3e6dca.jpg〇https://qimgs.qunarzz.com/piao_qsight_provider_piao_qsight_web/01058120008rtrpn016B7_C_900_504_Q90_Mtg_7.jpg_710x360_b98575ff.jpg〇https://qimgs.qunarzz.com/piao_qsight_provider_piao_qsight_web/10030v000000jqslyDE5E_C_900_504_Q90_Mtg_7.jpg_710x360_69fa0009.jpg〇https://qimgs.qunarzz.com/piao_qsight_provider_piao_qsight_web/100e0v000000jrtd5869D_C_900_504_Q90_Mtg_7.jpg_710x360_9fe566b4.jpg〇https://qimgs.qunarzz.com/piao_qsight_provider_piao_qsight_web/100s0v000000jvxzhEBC1_C_900_504_Q90_Mtg_7.jpg_710x360_2b671b06.jpg〇https://qimgs.qunarzz.com/piao_qsight_provider_piao_qsight_web/0100h120008rtrm8059AF_C_900_504_Q90_Mtg_7.jpg_710x360_c0c96728.jpg〇https://imgs.qunarzz.com/sight/p0/1805/a6/a64ff0f7a17f5a42a3.img.jpg_710x360_d9c0114e.jpg〇https://imgs.qunarzz.com/sight/p0/1611/92/926e9df334d68ac9a3.water.jpg_710x360_f85fdfd1.jpg〇https://imgs.qunarzz.com/sight/p0/1611/4a/4a514cef15c2609ca3.water.jpg_710x360_7d0804d0.jpg〇https://imgs.qunarzz.com/sight/p0/1611/1a/1a8e2970e5887de7a3.water.jpg_710x360_216971ed.jpg〇https://imgs.qunarzz.com/sight/p0/1611/ed/edc828abda271c5aa3.water.jpg_710x360_31609e77.jpg〇https://qimgs.qunarzz.com/piao_qsight_provider_piao_qsight_web/f9bb4c40c667f602.jpg_710x360_3074ef76.jpg〇https://qimgs.qunarzz.com/piao_qsight_provider_piao_qsight_web/1b64c0ea0efdbf02.jpg_710x360_8719ce0d.jpg〇https://qimgs.qunarzz.com/piao_qsight_provider_piao_qsight_web/592027de28e67f02.jpg_710x360_1bd8ed60.jpg〇https://qimgs.qunarzz.com/piao_qsight_provider_piao_qsight_web/2b9ea043146f2c02.jpg_710x360_3e4ab506.jpg〇https://qimgs.qunarzz.com/piao_qsight_provider_piao_qsight_web/700cf8ef6379ea02.jpg_710x360_cc8a59b9.jpg〇https://qimgs.qunarzz.com/piao_qsight_provider_piao_qsight_web/b218cc8727d9f302.jpg_710x360_fc8e6c5d.jpg〇https://qimgs.qunarzz.com/piao_qsight_provider_piao_qsight_web/33105e1a6890e02.jpg_710x360_6adc098f.jpg〇https://qimgs.qunarzz.com/piao_qsight_provider_piao_qsight_web/7c05282df4bcb202.jpg_710x360_6dccc72f.jpg〇https://qimgs.qunarzz.com/piao_qsight_provider_piao_qsight_web/d4248debb9a1c302.jpg_710x360_46a037d6.jpg〇https://qimgs.qunarzz.com/piao_qsight_provider_piao_qsight_web/6592cc98d3b9f202.jpg_710x360_93eba9fd.jpg〇https://qimgs.qunarzz.com/piao_qsight_provider_piao_qsight_web/5fc34f9de5006302.jpg_710x360_3bca7ec0.jpg〇https://qimgs.qunarzz.com/piao_qsight_provider_piao_qsight_web/8cd30acb8b698502.jpg_710x360_0f2ec648.jpg〇https://qimgs.qunarzz.com/piao_qsight_provider_piao_qsight_web/07fdadc4cb749902.jpg_710x360_6319814e.jpg〇https://qimgs.qunarzz.com/piao_qsight_provider_piao_qsight_web/b79fe9ceaf73702.jpg_710x360_4b2e2f93.jpg〇https://qimgs.qunarzz.com/piao_qsight_provider_piao_qsight_web/1a31cb795e44a602.jpg_710x360_2128a9a2.jpg〇https://qimgs.qunarzz.com/piao_qsight_provider_piao_qsight_web/9ea7218c1b24de02.jpg_710x360_aa04cc4a.jpg〇https://qimgs.qunarzz.com/piao_qsight_provider_piao_qsight_web/3c7965617e391402.jpg_710x360_14dcec91.jpg〇https://qimgs.qunarzz.com/piao_qsight_provider_piao_qsight_web/772c349b24298002.jpg_710x360_e85e1c23.jpg〇https://qimgs.qunarzz.com/piao_qsight_provider_piao_qsight_web/45ac8fda52ed1402.jpg_710x360_5232c2d3.jpg〇https://qimgs.qunarzz.com/piao_qsight_provider_piao_qsight_web/80ec888d5141c102.jpg_710x360_52cde221.jpg,"{""ret"": true, ""data"": {""tagList"": [{""tagType"": 32, ""tagScore"": 5, ""tagNum"": 16, ""tagName"": ""\u670d\u52a1\u597d""}, {""tagType"": 16, ""tagScore"": 5, ""tagNum"": 21, ""tagName"": ""\u9760\u8c31""}, {""tagType"": 8, ""tagScore"": 5, ""tagNum"": 23, ""tagName"": ""\u4fbf\u5b9c""}, {""tagType"": 4, ""tagScore"": 5, ""tagNum"": 23, ""tagName"": ""\u53d6\u7968\u65b9\u4fbf""}, {""tagType"": 3, ""tagScore"": 5, ""tagNum"": 15, ""tagName"": ""\u5dee\u8bc4""}, {""tagType"": 2, ""tagScore"": 5, ""tagNum"": 10, ""tagName"": ""\u4e2d\u8bc4""}, {""tagType"": 1, ""tagScore"": 5, ""tagNum"": 406, ""tagName"": ""\u597d\u8bc4""}, {""tagType"": 0, ""tagScore"": 5, ""tagNum"": 462, ""tagName"": ""\u5168\u90e8""}], ""commentList"": [{""author"": ""L*F"", ""content"": ""\u7528\u6237\u672a\u70b9\u8bc4\uff0c\u7cfb\u7edf\u9ed8\u8ba4\u597d\u8bc4\u3002"", ""date"": ""2024-11-07"", ""score"": 5, ""commentId"": ""238656646"", ""imgs"": [], ""userNickName"": ""L*F"", ""replyCityName"": """", ""cityName"": """"}, {""author"": ""p*2"", ""content"": ""\u7528\u6237\u672a\u70b9\u8bc4\uff0c\u7cfb\u7edf\u9ed8\u8ba4\u597d\u8bc4\u3002"", ""date"": ""2024-11-04"", ""score"": 5, ""commentId"": ""238467668"", ""imgs"": [], ""userNickName"": ""p*2"", ""replyCityName"": """", ""cityName"": """"}, {""author"": ""\u53bb*\u6237"", ""content"": ""\u7528\u6237\u672a\u70b9\u8bc4\uff0c\u7cfb\u7edf\u9ed8\u8ba4\u597d\u8bc4\u3002"", ""date"": ""2024-10-17"", ""score"": 5, ""commentId"": ""237694289"", ""imgs"": [], ""userNickName"": ""\u53bb*\u6237"", ""replyCityName"": """", ""cityName"": """"}, {""author"": ""h*6"", ""content"": ""\u7528\u6237\u672a\u70b9\u8bc4\uff0c\u7cfb\u7edf\u9ed8\u8ba4\u597d\u8bc4\u3002"", ""date"": ""2024-09-14"", ""score"": 5, ""commentId"": ""236742487"", ""imgs"": [], ""userNickName"": ""h*6"", ""replyCityName"": """", ""cityName"": """"}, {""author"": ""\u53bb*\u6237"", ""content"": ""\u7528\u6237\u672a\u70b9\u8bc4\uff0c\u7cfb\u7edf\u9ed8\u8ba4\u597d\u8bc4\u3002"", ""date"": ""2024-09-14"", ""score"": 5, ""commentId"": ""236742054"", ""imgs"": [], ""userNickName"": ""\u53bb*\u6237"", ""replyCityName"": """", ""cityName"": """"}, {""author"": ""h*6"", ""content"": ""\u7528\u6237\u672a\u70b9\u8bc4\uff0c\u7cfb\u7edf\u9ed8\u8ba4\u597d\u8bc4\u3002"", ""date"": ""2024-09-14"", ""score"": 5, ""commentId"": ""236741621"", ""imgs"": [], ""userNickName"": ""h*6"", ""replyCityName"": """", ""cityName"": """"}, {""author"": ""\u53bb*\u6237"", ""content"": ""\u7528\u6237\u672a\u70b9\u8bc4\uff0c\u7cfb\u7edf\u9ed8\u8ba4\u597d\u8bc4\u3002"", ""date"": ""2024-09-14"", ""score"": 5, ""commentId"": ""236740519"", ""imgs"": [], ""userNickName"": ""\u53bb*\u6237"", ""replyCityName"": """", ""cityName"": """"}, {""author"": ""\u53bb*\u6237"", ""content"": ""\u7528\u6237\u672a\u70b9\u8bc4\uff0c\u7cfb\u7edf\u9ed8\u8ba4\u597d\u8bc4\u3002"", ""date"": ""2024-09-04"", ""score"": 5, ""commentId"": ""236246945"", ""imgs"": [], ""userNickName"": ""\u53bb*\u6237"", ""replyCityName"": """", ""cityName"": """"}, {""author"": ""n*0"", ""content"": ""\u7528\u6237\u672a\u70b9\u8bc4\uff0c\u7cfb\u7edf\u9ed8\u8ba4\u597d\u8bc4\u3002"", ""date"": ""2024-08-21"", ""score"": 5, ""commentId"": ""235735816"", ""imgs"": [], ""userNickName"": ""n*0"", ""replyCityName"": """", ""cityName"": """"}, {""author"": ""f*2"", ""content"": ""\u7528\u6237\u672a\u70b9\u8bc4\uff0c\u7cfb\u7edf\u9ed8\u8ba4\u597d\u8bc4\u3002"", ""date"": ""2024-07-23"", ""score"": 5, ""commentId"": ""234971530"", ""imgs"": [], ""userNickName"": ""f*2"", ""replyCityName"": """", ""cityName"": """"}], ""score"": 4.4, ""commentCount"": 462}, ""statusCode"": 200}"
贞山宾馆水上乐园,https://qimgs.qunarzz.com/piao_qsight_provider_piao_qsight_web/0106j120009ys3yz6E915_C_900_504.jpg_280x200_6c419f93.jpg,肇庆市,四会市,广东省肇庆市四会市天音路1号贞山宾馆内,1,5.0,N/A,https://piao.qunar.com/ticket/detail_2836151044.html?st=a3clM0QlRTUlOUIlOUIlRTQlQkMlOUElRTUlQjglODIlMjZpZCUzRDUyMTc3MCUyNnR5cGUlM0QwJTI2aWR4JTNENiUyNnF0JTNEJTI2YXBrJTNEMiUyNnNjJTNEV1dXJTI2dXIlM0QlRTQlQjglQUQlRTUlQjElQjElMjZsciUzRCVFNCVCOCVBRCVFNSVCMSVCMSUyNmZ0JTNEJTdCJTdE#from=mpl_search_suggest,-1.0,N/A,N/A,1/1-12/31；周一至周五；13:30-22:00开园,https://qimgs.qunarzz.com/piao_qsight_provider_piao_qsight_web/0106j120009ys3yz6E915_C_900_504.jpg_710x360_5b95b92f.jpg〇https://qimgs.qunarzz.com/piao_qsight_provider_piao_qsight_web/0106j120009ys3yz6E915_C_900_504_Q90_Mtg_7.jpg_710x360_5ce4113b.jpg,"{""ret"": true, ""data"": {""tagList"": [{""tagType"": 1, ""tagScore"": 5, ""tagNum"": 1, ""tagName"": ""\u597d\u8bc4""}, {""tagType"": 0, ""tagScore"": 5, ""tagNum"": 1, ""tagName"": ""\u5168\u90e8""}], ""commentList"": [{""author"": ""\u9648*\u677f"", ""content"": ""\u7528\u6237\u672a\u70b9\u8bc4\uff0c\u7cfb\u7edf\u9ed8\u8ba4\u597d\u8bc4\u3002"", ""date"": ""2024-11-24"", ""score"": 5, ""commentId"": ""238908757"", ""imgs"": [], ""userNickName"": ""\u9648*\u677f"", ""replyCityName"": """", ""cityName"": """"}], ""score"": 5.0, ""commentCount"": 1}, ""statusCode"": 200}"
绿樱庄园,https://qimgs.qunarzz.com/piao_qsight_provider_piao_qsight_web/1lo2l12000bsm1kzmB474_C_900_504.jpg_280x200_4d3daf18.jpg,肇庆市,四会市,肇庆四会市江谷水库,-1,-1.0,N/A,https://piao.qunar.com/ticket/detail_1617238311.html?st=a3clM0QlRTUlOUIlOUIlRTQlQkMlOUElRTUlQjglODIlMjZpZCUzRDUxOTk1NCUyNnR5cGUlM0QwJTI2aWR4JTNENCUyNnF0JTNEJTI2YXBrJTNEMiUyNnNjJTNEV1dXJTI2dXIlM0QlRTQlQjglQUQlRTUlQjElQjElMjZsciUzRCVFNCVCOCVBRCVFNSVCMSVCMSUyNmZ0JTNEJTdCJTdE#from=mpl_search_suggest,29.9,N/A,N/A,1/1-12/31；周一至周日；09:00-21:00开园；（20:00停止入园）,https://qimgs.qunarzz.com/piao_qsight_provider_piao_qsight_web/1lo2l12000bsm1kzmB474_C_900_504.jpg_710x360_062307f5.jpg〇https://qimgs.qunarzz.com/piao_qsight_provider_piao_qsight_web/1lo0f12000bslzt8w051F_C_900_504_Q90_Mtg_7.jpg_710x360_a65884ea.jpg〇https://qimgs.qunarzz.com/piao_qsight_provider_piao_qsight_web/1lo2s12000bsm164c8CC4_C_900_504_Q90_Mtg_7.jpg_710x360_01de0f74.jpg〇https://qimgs.qunarzz.com/piao_qsight_provider_piao_qsight_web/1lo0112000bslyjcwE8FC_C_900_504_Q90_Mtg_7.png_710x360_6cb3fa77.png〇https://qimgs.qunarzz.com/piao_qsight_provider_piao_qsight_web/1lo1v12000ass59qt987E_C_900_504_Q90_Mtg_7.jpg_710x360_ffc180a4.jpg〇https://qimgs.qunarzz.com/piao_qsight_provider_piao_qsight_web/1lo0512000bslyjeo05C2_C_900_504_Q90_Mtg_7.jpg_710x360_60b94c34.jpg〇https://qimgs.qunarzz.com/piao_qsight_provider_piao_qsight_web/1lo3n12000bslzj3x2C31_C_900_504_Q90_Mtg_7.jpg_710x360_48edeb48.jpg〇https://qimgs.qunarzz.com/piao_qsight_provider_piao_qsight_web/1lo4c12000bsm0ko6C0FE_C_900_504_Q90_Mtg_7.jpg_710x360_ad4c2c8a.jpg〇https://qimgs.qunarzz.com/piao_qsight_provider_piao_qsight_web/1lo6g12000bsm1do365F4_C_900_504_Q90_Mtg_7.jpg_710x360_8904fa5e.jpg〇https://qimgs.qunarzz.com/piao_qsight_provider_piao_qsight_web/1lo6712000bsm0xgy64A8_C_900_504_Q90_Mtg_7.jpg_710x360_82064c48.jpg〇https://qimgs.qunarzz.com/piao_qsight_provider_piao_qsight_web/1lo2l12000bsm1kzmB474_C_900_504_Q90_Mtg_7.jpg_710x360_85894f83.jpg,"{""ret"": true, ""data"": {""tagList"": [{""tagType"": 0, ""tagScore"": 5, ""tagNum"": 0, ""tagName"": ""\u5168\u90e8""}], ""score"": 0.0, ""commentCount"": 0}, ""statusCode"": 200}"
桔子小镇,https://qimgs.qunarzz.com/piao_qsight_provider_piao_qsight_web/0102n1200089zqxqy53B5_C_900_504.jpg_280x200_3a3886f2.jpg,肇庆市,四会市,广东省肇庆市四会市下茆镇大路坪村01号,16,5.0,四会市桔子小镇田园综合体项目主要以“桔子”为主题的集农业生产、农事体验、温泉度假、休闲观光、儿童乐园、机动游戏、养生、农,https://piao.qunar.com/ticket/detail_1252123717.html?st=a3clM0QlRTUlOUIlOUIlRTQlQkMlOUElRTUlQjglODIlMjZpZCUzRDUxMDU1MCUyNnR5cGUlM0QwJTI2aWR4JTNEMyUyNnF0JTNEJTI2YXBrJTNEMiUyNnNjJTNEV1dXJTI2dXIlM0QlRTQlQjglQUQlRTUlQjElQjElMjZsciUzRCVFNCVCOCVBRCVFNSVCMSVCMSUyNmZ0JTNEJTdCJTdE#from=mpl_search_suggest,37.0,N/A,四会市桔子小镇田园综合体项目主要以“桔子”为主题的集农业生产、农事体验、温泉度假、休闲观光、儿童乐园、机动游戏、养生、农家乐餐饮、特色民宿等*能项目于一体的田园综合休景区。让它成为下茆镇“一镇一业”建设的一个亮点。项目规划总面积5000亩，计划总投资2.5亿元，目前已开发面积为1600多亩，投入资金约6000多万，园区已完成道路硬底、排水管网整治、沙糖桔林开荒种植、鱼塘改良养殖，道路和场地绿化植树、游客接待中心建设。桔子酒店正式投入营业，各类民宿、房车、帐篷民宿已可投入营运。欢迎全国游客到桔子小镇观光游玩。,1/1-12/31；周一至周日；09:30-21:00开园,https://qimgs.qunarzz.com/piao_qsight_provider_piao_qsight_web/0102n1200089zqxqy53B5_C_900_504.jpg_710x360_f4cad168.jpg〇https://qimgs.qunarzz.com/piao_qsight_provider_piao_qsight_web/010461200089zqtj8FF16_C_900_504_Q90_Mtg_7.jpg_710x360_c69021b1.jpg〇https://qimgs.qunarzz.com/piao_qsight_provider_piao_qsight_web/0102a1200089zqva2985C_C_900_504_Q90_Mtg_7.jpg_710x360_eff6faf8.jpg〇https://qimgs.qunarzz.com/piao_qsight_provider_piao_qsight_web/010621200089zqs4n2BAA_C_900_504_Q90_Mtg_7.jpg_710x360_923f3da3.jpg〇https://qimgs.qunarzz.com/piao_qsight_provider_piao_qsight_web/010251200089zrbrx74A0_C_900_504_Q90_Mtg_7.jpg_710x360_3bb09be6.jpg〇https://qimgs.qunarzz.com/piao_qsight_provider_piao_qsight_web/0101v1200089zqvoq9F5F_C_900_504_Q90_Mtg_7.jpg_710x360_54a4e65f.jpg〇https://qimgs.qunarzz.com/piao_qsight_provider_piao_qsight_web/0100r1200089zqrinD7C9_C_900_504_Q90_Mtg_7.jpg_710x360_c5a3cbd9.jpg〇https://qimgs.qunarzz.com/piao_qsight_provider_piao_qsight_web/0104k1200089zquiyD8F5_C_900_504_Q90_Mtg_7.jpg_710x360_810d47ce.jpg〇https://qimgs.qunarzz.com/piao_qsight_provider_piao_qsight_web/010641200089zqvva6CD5_C_900_504_Q90_Mtg_7.jpg_710x360_63ffb0a0.jpg〇https://qimgs.qunarzz.com/piao_qsight_provider_piao_qsight_web/010271200089zqub2A0CC_C_900_504_Q90_Mtg_7.jpg_710x360_04dbd7a9.jpg〇https://qimgs.qunarzz.com/piao_qsight_provider_piao_qsight_web/0102n1200089zqxqy53B5_C_900_504_Q90_Mtg_7.jpg_710x360_27b1ba31.jpg,"{""ret"": true, ""data"": {""tagList"": [{""tagType"": 1, ""tagScore"": 5, ""tagNum"": 16, ""tagName"": ""\u597d\u8bc4""}, {""tagType"": 0, ""tagScore"": 5, ""tagNum"": 16, ""tagName"": ""\u5168\u90e8""}], ""commentList"": [{""author"": ""\u6c5f*\u9738"", ""content"": ""\u7528\u6237\u672a\u70b9\u8bc4\uff0c\u7cfb\u7edf\u9ed8\u8ba4\u597d\u8bc4\u3002"", ""date"": ""2024-11-19"", ""score"": 5, ""commentId"": ""238849425"", ""imgs"": [], ""userNickName"": ""\u6c5f*\u9738"", ""replyCityName"": """", ""cityName"": """"}, {""author"": ""l*5"", ""content"": ""\u7528\u6237\u672a\u70b9\u8bc4\uff0c\u7cfb\u7edf\u9ed8\u8ba4\u597d\u8bc4\u3002"", ""date"": ""2024-03-17"", ""score"": 5, ""commentId"": ""232401853"", ""imgs"": [], ""userNickName"": ""l*5"", ""replyCityName"": """", ""cityName"": """"}, {""author"": ""x*3"", ""content"": ""\u7528\u6237\u672a\u70b9\u8bc4\uff0c\u7cfb\u7edf\u9ed8\u8ba4\u597d\u8bc4\u3002"", ""date"": ""2024-03-15"", ""score"": 5, ""commentId"": ""232227988"", ""imgs"": [], ""userNickName"": ""x*3"", ""replyCityName"": """", ""cityName"": """"}, {""author"": ""\u53bb*\u6237"", ""content"": ""\u7528\u6237\u672a\u70b9\u8bc4\uff0c\u7cfb\u7edf\u9ed8\u8ba4\u597d\u8bc4\u3002"", ""date"": ""2024-03-14"", ""score"": 5, ""commentId"": ""232113108"", ""imgs"": [], ""userNickName"": ""\u53bb*\u6237"", ""replyCityName"": """", ""cityName"": """"}, {""author"": ""\u53bb*\u6237"", ""content"": ""\u7528\u6237\u672a\u70b9\u8bc4\uff0c\u7cfb\u7edf\u9ed8\u8ba4\u597d\u8bc4\u3002"", ""date"": ""2024-03-14"", ""score"": 5, ""commentId"": ""232113021"", ""imgs"": [], ""userNickName"": ""\u53bb*\u6237"", ""replyCityName"": """", ""cityName"": """"}, {""author"": ""l*5"", ""content"": ""\u7528\u6237\u672a\u70b9\u8bc4\uff0c\u7cfb\u7edf\u9ed8\u8ba4\u597d\u8bc4\u3002"", ""date"": ""2024-03-12"", ""score"": 5, ""commentId"": ""231952451"", ""imgs"": [], ""userNickName"": ""l*5"", ""replyCityName"": """", ""cityName"": """"}, {""author"": ""l*5"", ""content"": ""\u7528\u6237\u672a\u70b9\u8bc4\uff0c\u7cfb\u7edf\u9ed8\u8ba4\u597d\u8bc4\u3002"", ""date"": ""2024-03-12"", ""score"": 5, ""commentId"": ""231951992"", ""imgs"": [], ""userNickName"": ""l*5"", ""replyCityName"": """", ""cityName"": """"}, {""author"": ""g*9"", ""content"": ""\u7528\u6237\u672a\u70b9\u8bc4\uff0c\u7cfb\u7edf\u9ed8\u8ba4\u597d\u8bc4\u3002"", ""date"": ""2024-02-01"", ""score"": 5, ""commentId"": ""231291244"", ""imgs"": [], ""userNickName"": ""g*9"", ""replyCityName"": """", ""cityName"": """"}, {""author"": ""\u732a*\u86cb"", ""content"": ""\u7528\u6237\u672a\u70b9\u8bc4\uff0c\u7cfb\u7edf\u9ed8\u8ba4\u597d\u8bc4\u3002"", ""date"": ""2024-01-31"", ""score"": 5, ""commentId"": ""231272107"", ""imgs"": [], ""userNickName"": ""\u732a*\u86cb"", ""replyCityName"": """", ""cityName"": """"}, {""author"": ""\u732a*\u86cb"", ""content"": ""\u7528\u6237\u672a\u70b9\u8bc4\uff0c\u7cfb\u7edf\u9ed8\u8ba4\u597d\u8bc4\u3002"", ""date"": ""2024-01-31"", ""score"": 5, ""commentId"": ""231270016"", ""imgs"": [], ""userNickName"": ""\u732a*\u86cb"", ""replyCityName"": """", ""cityName"": """"}], ""score"": 5.0, ""commentCount"": 16}, ""statusCode"": 200}"
荔枝湾度假村,https://imgs.qunarzz.com/sight/p43/201211/06/728c3735c2822e4293835fbb.jpg_280x200_135c65e9.jpg,肇庆市,四会市,四会市东城区四会大道南,-1,-1.0,四会荔枝湾度假村是依照国际四星级标准建造、装修和服务的集休闲、度假、商务、会议为一体的度假型酒店。她依傍在风光旖旎的绥江,https://piao.qunar.com/ticket/detail_3948895985.html?st=a3clM0QlRTUlOUIlOUIlRTQlQkMlOUElRTUlQjglODIlMjZpZCUzRDI2MjIlMjZ0eXBlJTNEMCUyNmlkeCUzRDEyJTI2cXQlM0QlMjZhcGslM0QyJTI2c2MlM0RXV1clMjZ1ciUzRCVFNCVCOCVBRCVFNSVCMSVCMSUyNmxyJTNEJUU0JUI4JUFEJUU1JUIxJUIxJTI2ZnQlM0QlN0IlN0Q%3D#from=mpl_search_suggest,-1.0,N/A,四会荔枝湾度假村是依照国际四星级标准建造、装修和服务的集休闲、度假、商务、会议为一体的度假型酒店。她依傍在风光旖旎的绥江河畔，占地面积8.6万平方米，东邻三水、南连肇庆，距离佛山仅50公里，至广州市只需一个多钟。是您休闲、度假、商务、会议的绝佳选择地。荔枝湾度假村作为粤财酒店成员之一，成立六年多来接待了无数旅游商务客户、政府商业会议及国内外团体旅游者，而且她以其优美的环境，也得到了很好的口碑。,暂无,https://imgs.qunarzz.com/sight/p43/201211/06/728c3735c2822e4293835fbb.jpg_710x360_0dd73271.jpg,"{""ret"": true, ""data"": {""tagList"": [{""tagType"": 0, ""tagScore"": 5, ""tagNum"": 0, ""tagName"": ""\u5168\u90e8""}], ""score"": 0.0, ""commentCount"": 0}, ""statusCode"": 200}"
天湖生态旅游度假,https://qimgs.qunarzz.com/piao_qsight_provider_piao_qsight_web/100b0z000000nmppa16CD_C_900_504.jpg_280x200_745d98c6.jpg,肇庆市,鼎湖区,广东省肇庆市鼎湖区沙浦镇政府附近,3,4.0,欣赏万只白鹭舞天湖,https://piao.qunar.com/ticket/detail_3601603739.html?st=a3clM0QlRTklQkMlOEUlRTYlQjklOTYlRTUlOEMlQkElMjZpZCUzRDQ2MzE4MSUyNnR5cGUlM0QwJTI2aWR4JTNEMTQlMjZxdCUzRCUyNmFwayUzRDIlMjZzYyUzRFdXVyUyNnVyJTNEJUU0JUI4JUFEJUU1JUIxJUIxJTI2bHIlM0QlRTQlQjglQUQlRTUlQjElQjElMjZmdCUzRCU3QiU3RA%3D%3D#from=mpl_search_suggest,-1.0,N/A,建于2002年的天湖生态旅游度假邨占地面积约1800亩，其中旱地500亩，水田1300亩。经过近十年的建设，已经形成了良好的生态环境，种有植物多达500余种，绿树成荫，四季水果飘香，花卉艳美等宜人植物景观，近百种鸟雀，万只白鹭舞天湖的胜景。文化原形的底蕴生态邨设置有“马尔代夫”式喜出望外木屋度假区、喜有此鲤乐园、喜上眉梢游泳池、喜事连连观鸟区、喜上加喜绿道等“喜”字为主题的二十多个景点。在天湖生态邨里，呼吸着清新空气，在轻车曼舞之中，体验感悟中国文化信仰思维模式与文化原形的底蕴。在鼎湖沙浦天湖生态邨以及周边的山岗树林，栖息着成片白鹭，两米多高的果树枝头全是白鹭。清晨或是黄昏，群鸟的翅膀划过天空，书写出动人的诗篇。,8:30-18:00,https://qimgs.qunarzz.com/piao_qsight_provider_piao_qsight_web/100b0z000000nmppa16CD_C_900_504.jpg_710x360_b605e147.jpg〇https://imgs.qunarzz.com/sight/p0/1704/67/67511d8ff0e9ba88a3.water.jpg_710x360_65168cd6.jpg〇https://imgs.qunarzz.com/sight/p0/1704/a9/a9481d373e47d23da3.water.jpg_710x360_155fa004.jpg〇https://imgs.qunarzz.com/sight/p0/1704/b6/b6c94cdd5f9332b2a3.water.jpg_710x360_0231a984.jpg〇https://imgs.qunarzz.com/sight/p0/1704/8b/8b83ec1dd0dc9ba7a3.water.jpg_710x360_f7422d27.jpg〇https://qimgs.qunarzz.com/piao_qsight_provider_piao_qsight_web/e053ef7c8e1c1202.jpg_710x360_f391974a.jpg〇https://qimgs.qunarzz.com/piao_qsight_provider_piao_qsight_web/59a5b04dd59ab702.jpg_710x360_c30f8ea8.jpg〇https://qimgs.qunarzz.com/piao_qsight_provider_piao_qsight_web/43fa5cb021ce5102.jpg_710x360_e4725b22.jpg〇https://qimgs.qunarzz.com/piao_qsight_provider_piao_qsight_web/8f6b7b27106de06c4d508480f98d730e.jpg_710x360_dbbf4be2.jpg,"{""ret"": true, ""data"": {""tagList"": [{""tagType"": 2, ""tagScore"": 5, ""tagNum"": 1, ""tagName"": ""\u4e2d\u8bc4""}, {""tagType"": 1, ""tagScore"": 5, ""tagNum"": 2, ""tagName"": ""\u597d\u8bc4""}, {""tagType"": 0, ""tagScore"": 5, ""tagNum"": 3, ""tagName"": ""\u5168\u90e8""}], ""commentList"": [{""author"": ""\u5c0f*\u840d"", ""content"": ""\u9664\u5de6\u6709\u597d\u9753\u7684\u6851\u679c\u6458\u4e4b\u5916\uff0c\u771f\u6ca1\u4ec0\u4e48\u597d\u73a9\u7684\uff0c\u4e5f\u4e0d\u6f02\u4eae\uff0c\u4e0d\u4f1a\u53bb\u4e86\uff01"", ""date"": ""2018-04-22"", ""score"": 3, ""commentId"": ""205946944"", ""imgs"": [{""small"": ""https://imgs.qunarzz.com/p/tts7/1804/d5/43fa5cb021ce5102.jpg_120x120_a3df6958.jpg"", ""title"": """", ""big"": ""https://imgs.qunarzz.com/p/tts7/1804/d5/43fa5cb021ce5102.jpg""}, {""small"": ""https://imgs.qunarzz.com/p/tts9/1804/80/59a5b04dd59ab702.jpg_120x120_a8b65d02.jpg"", ""title"": """", ""big"": ""https://imgs.qunarzz.com/p/tts9/1804/80/59a5b04dd59ab702.jpg""}, {""small"": ""https://imgs.qunarzz.com/p/tts6/1804/e2/e053ef7c8e1c1202.jpg_120x120_1d7941ed.jpg"", ""title"": """", ""big"": ""https://imgs.qunarzz.com/p/tts6/1804/e2/e053ef7c8e1c1202.jpg""}], ""userNickName"": ""\u5c0f*\u840d"", ""replyCityName"": """", ""cityName"": """"}, {""author"": ""1*0"", ""content"": ""\u8fd8\u53ef\u4ee5\uff0c\u9002\u5408\u4e00\u5bb6\u5927\u5c0f\u53bb\u73a9\u3002\u8bbe\u65bd\u4e0d\u591f\u65b0\uff0c\u8da3\u5473\u6027\u6b20\u4e00\u70b9\u3002\u5e0c\u671b\u7ee7\u7eed\u6539\u8fdb\u3002"", ""date"": ""2017-11-12"", ""score"": 4, ""commentId"": ""203903817"", ""imgs"": [], ""userNickName"": ""1*0"", ""replyCityName"": """", ""cityName"": """"}, {""author"": ""1*3"", ""content"": ""\u96c6\u5403\u3001\u4f4f\u3001\u73a9\u4e8e\u4e00\u4f53\u7684\u5927\u578b\u6e21\u5047\u6751\u3002"", ""date"": ""2017-05-21"", ""score"": 5, ""commentId"": ""205085847"", ""imgs"": [], ""userNickName"": ""1*3"", ""replyCityName"": """", ""cityName"": """"}], ""score"": 4.0, ""commentCount"": 3}, ""statusCode"": 200}"
肇庆儿童公园,https://qimgs.qunarzz.com/piao_qsight_provider_piao_qsight_web/0101x120009ifqye6EA0A_C_900_504.jpg_280x200_4ff563db.jpg,肇庆市,鼎湖区,广东省肇庆市鼎湖区东进大道中国石油(泰和加油站)西侧约80米,40,5.0,N/A,https://piao.qunar.com/ticket/detail_1823806388.html?st=a3clM0QlRTklQkMlOEUlRTYlQjklOTYlRTUlOEMlQkElMjZpZCUzRDUyMjE5NyUyNnR5cGUlM0QwJTI2aWR4JTNEMTIlMjZxdCUzRCUyNmFwayUzRDIlMjZzYyUzRFdXVyUyNnVyJTNEJUU0JUI4JUFEJUU1JUIxJUIxJTI2bHIlM0QlRTQlQjglQUQlRTUlQjElQjElMjZmdCUzRCU3QiU3RA%3D%3D#from=mpl_search_suggest,-1.0,N/A,N/A,02/08-02/08；周二至周日；09:00-18:00开园,https://qimgs.qunarzz.com/piao_qsight_provider_piao_qsight_web/0101x120009ifqye6EA0A_C_900_504.jpg_710x360_ab5176b2.jpg〇https://qimgs.qunarzz.com/piao_qsight_provider_piao_qsight_web/0104w120009ifr4lg3238_C_900_504_Q90_Mtg_7.jpg_710x360_8688b4a1.jpg〇https://qimgs.qunarzz.com/piao_qsight_provider_piao_qsight_web/0105j120009ifqx76E113_C_900_504_Q90_Mtg_7.jpg_710x360_620165f4.jpg〇https://qimgs.qunarzz.com/piao_qsight_provider_piao_qsight_web/01056120009ifr6a27B71_C_900_504_Q90_Mtg_7.jpg_710x360_43bfcd01.jpg〇https://qimgs.qunarzz.com/piao_qsight_provider_piao_qsight_web/01046120009ifr63xA11A_C_900_504_Q90_Mtg_7.jpg_710x360_a05f4ddb.jpg〇https://qimgs.qunarzz.com/piao_qsight_provider_piao_qsight_web/0101a120009ifrbdj39B1_C_900_504_Q90_Mtg_7.jpg_710x360_c7f1dbe3.jpg〇https://qimgs.qunarzz.com/piao_qsight_provider_piao_qsight_web/0101x120009ifqye6EA0A_C_900_504_Q90_Mtg_7.jpg_710x360_96d38aa6.jpg,"{""ret"": true, ""data"": {""tagList"": [{""tagType"": 1, ""tagScore"": 5, ""tagNum"": 40, ""tagName"": ""\u597d\u8bc4""}, {""tagType"": 0, ""tagScore"": 5, ""tagNum"": 40, ""tagName"": ""\u5168\u90e8""}], ""commentList"": [{""author"": ""\u53bb*\u6237"", ""content"": ""\u7528\u6237\u672a\u70b9\u8bc4\uff0c\u7cfb\u7edf\u9ed8\u8ba4\u597d\u8bc4\u3002"", ""date"": ""2024-12-04"", ""score"": 5, ""commentId"": ""239099074"", ""imgs"": [], ""userNickName"": ""\u53bb*\u6237"", ""replyCityName"": """", ""cityName"": """"}, {""author"": ""n*1"", ""content"": ""\u7528\u6237\u672a\u70b9\u8bc4\uff0c\u7cfb\u7edf\u9ed8\u8ba4\u597d\u8bc4\u3002"", ""date"": ""2024-11-26"", ""score"": 5, ""commentId"": ""238956673"", ""imgs"": [], ""userNickName"": ""n*1"", ""replyCityName"": """", ""cityName"": """"}, {""author"": ""n*1"", ""content"": ""\u7528\u6237\u672a\u70b9\u8bc4\uff0c\u7cfb\u7edf\u9ed8\u8ba4\u597d\u8bc4\u3002"", ""date"": ""2024-11-26"", ""score"": 5, ""commentId"": ""238953333"", ""imgs"": [], ""userNickName"": ""n*1"", ""replyCityName"": """", ""cityName"": """"}, {""author"": ""r*1"", ""content"": ""\u7528\u6237\u672a\u70b9\u8bc4\uff0c\u7cfb\u7edf\u9ed8\u8ba4\u597d\u8bc4\u3002"", ""date"": ""2024-11-07"", ""score"": 5, ""commentId"": ""238683532"", ""imgs"": [], ""userNickName"": ""r*1"", ""replyCityName"": """", ""cityName"": """"}, {""author"": ""r*1"", ""content"": ""\u7528\u6237\u672a\u70b9\u8bc4\uff0c\u7cfb\u7edf\u9ed8\u8ba4\u597d\u8bc4\u3002"", ""date"": ""2024-11-07"", ""score"": 5, ""commentId"": ""238683350"", ""imgs"": [], ""userNickName"": ""r*1"", ""replyCityName"": """", ""cityName"": """"}, {""author"": ""\u5468*\u5e74"", ""content"": ""\u7528\u6237\u672a\u70b9\u8bc4\uff0c\u7cfb\u7edf\u9ed8\u8ba4\u597d\u8bc4\u3002"", ""date"": ""2024-11-05"", ""score"": 5, ""commentId"": ""238557099"", ""imgs"": [], ""userNickName"": ""\u5468*\u5e74"", ""replyCityName"": """", ""cityName"": """"}, {""author"": ""\u6bbf*\u4e0b"", ""content"": ""\u7528\u6237\u672a\u70b9\u8bc4\uff0c\u7cfb\u7edf\u9ed8\u8ba4\u597d\u8bc4\u3002"", ""date"": ""2024-11-04"", ""score"": 5, ""commentId"": ""238397430"", ""imgs"": [], ""userNickName"": ""\u6bbf*\u4e0b"", ""replyCityName"": """", ""cityName"": """"}, {""author"": ""\u53bb*\u6237"", ""content"": ""\u7528\u6237\u672a\u70b9\u8bc4\uff0c\u7cfb\u7edf\u9ed8\u8ba4\u597d\u8bc4\u3002"", ""date"": ""2024-11-04"", ""score"": 5, ""commentId"": ""238374828"", ""imgs"": [], ""userNickName"": ""\u53bb*\u6237"", ""replyCityName"": """", ""cityName"": """"}, {""author"": ""f*k"", ""content"": ""\u7528\u6237\u672a\u70b9\u8bc4\uff0c\u7cfb\u7edf\u9ed8\u8ba4\u597d\u8bc4\u3002"", ""date"": ""2024-11-03"", ""score"": 5, ""commentId"": ""238239751"", ""imgs"": [], ""userNickName"": ""f*k"", ""replyCityName"": """", ""cityName"": """"}, {""author"": ""\u53bb*\u6237"", ""content"": ""\u7528\u6237\u672a\u70b9\u8bc4\uff0c\u7cfb\u7edf\u9ed8\u8ba4\u597d\u8bc4\u3002"", ""date"": ""2024-10-29"", ""score"": 5, ""commentId"": ""237883042"", ""imgs"": [], ""userNickName"": ""\u53bb*\u6237"", ""replyCityName"": """", ""cityName"": """"}], ""score"": 5.0, ""commentCount"": 40}, ""statusCode"": 200}"
四会市贞山旅游度假区,https://qimgs.qunarzz.com/piao_qsight_provider_piao_qsight_web/0100e12000f6tsspg4907_C_900_504.jpg_280x200_40d14adc.jpg,肇庆市,四会市,广东省肇庆市四会市贞山(382乡道北100米),7,5.0,以文氏贞仙传说闻名岭南,https://piao.qunar.com/ticket/detail_4123827321.html?st=a3clM0QlRTUlOUIlOUIlRTQlQkMlOUElRTUlQjglODIlMjZpZCUzRDEyODMxJTI2dHlwZSUzRDAlMjZpZHglM0Q1JTI2cXQlM0QlMjZhcGslM0QyJTI2c2MlM0RXV1clMjZ1ciUzRCVFNCVCOCVBRCVFNSVCMSVCMSUyNmxyJTNEJUU0JUI4JUFEJUU1JUIxJUIxJTI2ZnQlM0QlN0IlN0Q%3D#from=mpl_search_suggest,-1.0,N/A,贞山位于四会市城区的西南面3公里处，山高649米，风景区内林木葱茏，山清谷幽；清泉瀑布，云蒸雾蔚，有如人间仙景.唐朝年间，贞山原名广正山，因有“文氏贞女在此升仙”之说而改名贞山。贞山能闻名岭南，除了具有得天独厚的自然景观之外，还与文氏贞仙之传说有很大的关系。贞元十七年（公元801年），因文氏贞女升仙，德感民间，始易名贞山。北宋时，因避皇帝赵祯讳，必为真山。明朝复名贞山。山座南向北，冈献层叠，曲涧澄潭，翠色岚光，蔚然深秀。当雨过天晴，遍山青翠欲滴，景色迷人。明朝已赋予“贞山雨霁”雅称，列为吾邑八景之一。山上有三池，瀑布飞流，四时不绝。龙池旁有石 ，侧有修竹下垂，风至常自扫。据传在此求雨取应，泽润民生。山间有摩崖勒一联云：“麻缕纺何年，一片冰心尘不染；鱼螺传古迹，千寻潭影月同清”。崖旁有潭日：化身：水深澄澈。溪涧有平尾仙螺，俗称“无笃石螺”；有半边褐色仙鱼，俗称“煎 鲫鱼”。山上有麻蓝、水碗、梳妆镜等幻形石，亦传为仙迹。千多年前，曾建贞烈祠，以祀文仙。虽屡塌屡修，但终致颓废。今山下重建贞仙祠，高洁幽静。乡民祭祀，接踵而来；四方游客，慕名纷至。祠前六角亭，可供歇憩。祠右和尚冈矗立的天音塔，雄伟壮观。扶摇登临，眺望远山近色，令人心旷神怡。巍峨的塔姿与肃穆的仙祠，互相辉映。山麓开有果木园，分别栽种柑桔、荔枝、桃李、乌榄、竹子和白花油茶。花发果黄，清香四溢，使人赏心悦目。今日的贞山，有新筑四人至肇庆的公路经过山前。结伴寻幽探胜者络绎不绝，每至重阳佳节，登高人群数以万计。,暂无,https://qimgs.qunarzz.com/piao_qsight_provider_piao_qsight_web/0100e12000f6tsspg4907_C_900_504.jpg_710x360_553b98f3.jpg〇https://qimgs.qunarzz.com/piao_qsight_provider_piao_qsight_web/0100e12000f6tsspg4907_C_900_504_Q90_Mtg_7.jpg_710x360_4ae1420f.jpg〇https://qimgs.qunarzz.com/piao_qsight_provider_piao_qsight_web/0102s12000at8vo0c4706_C_900_504_Q90_Mtg_7.jpg_710x360_abfaa7dc.jpg〇https://qimgs.qunarzz.com/piao_qsight_provider_piao_qsight_web/5b469f4c20e26213d3da0759a546b5f7.jpg_710x360_18ecba71.jpg〇https://qimgs.qunarzz.com/piao_qsight_provider_piao_qsight_web/590e5de5b71c9570599536055ffb2f3d.jpg_710x360_10f2dbf2.jpg〇https://qimgs.qunarzz.com/piao_qsight_provider_piao_qsight_web/16e100cc7948cbc05fc9e1c5dcc4ada7.jpg_710x360_07c41cc6.jpg〇https://qimgs.qunarzz.com/piao_qsight_provider_piao_qsight_web/872b694a22778bf292d210bbc5fe72a4.jpg_710x360_a10750b9.jpg〇https://qimgs.qunarzz.com/piao_qsight_provider_piao_qsight_web/a3b6ae48bd0eeb9fc245148b2f0cab6a.jpg_710x360_b767e727.jpg〇https://qimgs.qunarzz.com/piao_qsight_provider_piao_qsight_web/07c4fa42d0fb018f5832e1053c0a0fc0.jpg_710x360_e1ca05fb.jpg〇https://qimgs.qunarzz.com/piao_qsight_provider_piao_qsight_web/fd0107799eac7737.jpg_710x360_4186f8ec.jpg,"{""ret"": true, ""data"": {""tagList"": [{""tagType"": 1, ""tagScore"": 5, ""tagNum"": 7, ""tagName"": ""\u597d\u8bc4""}, {""tagType"": 0, ""tagScore"": 5, ""tagNum"": 7, ""tagName"": ""\u5168\u90e8""}], ""commentList"": [{""author"": ""s*4"", ""content"": ""\u7528\u6237\u672a\u70b9\u8bc4\uff0c\u7cfb\u7edf\u9ed8\u8ba4\u597d\u8bc4\u3002"", ""date"": ""2021-09-16"", ""score"": 5, ""commentId"": ""220727761"", ""imgs"": [], ""userNickName"": ""s*4"", ""replyCityName"": """", ""cityName"": """"}, {""author"": ""s*4"", ""content"": ""\u7528\u6237\u672a\u70b9\u8bc4\uff0c\u7cfb\u7edf\u9ed8\u8ba4\u597d\u8bc4\u3002"", ""date"": ""2021-09-16"", ""score"": 5, ""commentId"": ""220727750"", ""imgs"": [], ""userNickName"": ""s*4"", ""replyCityName"": """", ""cityName"": """"}, {""author"": ""\u53bb*\u6237"", ""content"": ""\u7528\u6237\u672a\u70b9\u8bc4\uff0c\u7cfb\u7edf\u9ed8\u8ba4\u597d\u8bc4\u3002"", ""date"": ""2021-09-05"", ""score"": 5, ""commentId"": ""220667920"", ""imgs"": [], ""userNickName"": ""\u53bb*\u6237"", ""replyCityName"": """", ""cityName"": """"}, {""author"": ""\u53bb*\u6237"", ""content"": ""\u7528\u6237\u672a\u70b9\u8bc4\uff0c\u7cfb\u7edf\u9ed8\u8ba4\u597d\u8bc4\u3002"", ""date"": ""2021-09-05"", ""score"": 5, ""commentId"": ""220667894"", ""imgs"": [], ""userNickName"": ""\u53bb*\u6237"", ""replyCityName"": """", ""cityName"": """"}, {""author"": ""c*2"", ""content"": ""\u7528\u6237\u672a\u70b9\u8bc4\uff0c\u7cfb\u7edf\u9ed8\u8ba4\u597d\u8bc4\u3002"", ""date"": ""2021-09-01"", ""score"": 5, ""commentId"": ""220645073"", ""imgs"": [], ""userNickName"": ""c*2"", ""replyCityName"": """", ""cityName"": """"}, {""author"": ""\u53bb*\u6237"", ""content"": ""\u7528\u6237\u672a\u70b9\u8bc4\uff0c\u7cfb\u7edf\u9ed8\u8ba4\u597d\u8bc4\u3002"", ""date"": ""2021-08-25"", ""score"": 5, ""commentId"": ""220528121"", ""imgs"": [], ""userNickName"": ""\u53bb*\u6237"", ""replyCityName"": """", ""cityName"": """"}, {""author"": ""d*0"", ""content"": ""\u666f\u70b9\u662f\u514d\u8d39\uff0c\u62dc\u89c2\u97f3\u6709\u5957\u8def\uff0c\u4e70\u999910\u5143\uff0c\u62dc\u7684\u65f6\u5019\u5f3a\u6c42\u8981100\u5143"", ""date"": ""2020-06-25"", ""score"": 5, ""commentId"": ""214709217"", ""imgs"": [], ""userNickName"": ""d*0"", ""replyCityName"": """", ""cityName"": """"}], ""score"": 5.0, ""commentCount"": 7}, ""statusCode"": 200}"
山湖半山汤池,https://qimgs.qunarzz.com/piao_qsight_provider_piao_qsight_web/01056120009fqpvfl834B_C_900_504.jpg_280x200_896fa368.jpg,肇庆市,四会市,肇庆市四会市贞山大道六祖寺旁,23,4.7,感受朴素淡雅的山村野趣,https://piao.qunar.com/ticket/detail_2909048525.html?st=a3clM0QlRTUlOUIlOUIlRTQlQkMlOUElRTUlQjglODIlMjZpZCUzRDQ2MzMwMiUyNnR5cGUlM0QwJTI2aWR4JTNEMiUyNnF0JTNEJTI2YXBrJTNEMiUyNnNjJTNEV1dXJTI2dXIlM0QlRTQlQjglQUQlRTUlQjElQjElMjZsciUzRCVFNCVCOCVBRCVFNSVCMSVCMSUyNmZ0JTNEJTdCJTdE#from=mpl_search_suggest,68.0,N/A,山湖地处四会市贞山风景区内，毗邻六祖寺。规划占地面积达280亩，总规划以突出“自然、环保、健康、和谐、快乐”为指导思想，将快乐与养生、生态与环保、园林与艺术等进行叠合，配以个性化、时尚性水娱元素，是一个具有独特景观与文化内涵的水上娱乐、生态旅游度假目的地。,1/1-12/31；周一至周日；10:00-22:00开园,https://qimgs.qunarzz.com/piao_qsight_provider_piao_qsight_web/01056120009fqpvfl834B_C_900_504.jpg_710x360_71e965a8.jpg〇https://qimgs.qunarzz.com/piao_qsight_provider_piao_qsight_web/100k1f000001guidh83C5_C_900_504_Q90_Mtg_7.jpg_710x360_2dfad1d6.jpg〇https://qimgs.qunarzz.com/piao_qsight_provider_piao_qsight_web/01056120009fqpvfl834B_C_900_504_Q90_Mtg_7.jpg_710x360_88e7144c.jpg〇https://qimgs.qunarzz.com/piao_qsight_provider_piao_qsight_web/7bba928cb17b602.jpg_710x360_937d4bbe.jpg〇https://qimgs.qunarzz.com/piao_qsight_provider_piao_qsight_web/f73bdec219572502.jpg_710x360_988267f9.jpg〇https://qimgs.qunarzz.com/piao_qsight_provider_piao_qsight_web/c6225aae8f2faa02.jpg_710x360_876dadad.jpg,"{""ret"": true, ""data"": {""tagList"": [{""tagType"": 3, ""tagScore"": 5, ""tagNum"": 2, ""tagName"": ""\u5dee\u8bc4""}, {""tagType"": 1, ""tagScore"": 5, ""tagNum"": 21, ""tagName"": ""\u597d\u8bc4""}, {""tagType"": 0, ""tagScore"": 5, ""tagNum"": 23, ""tagName"": ""\u5168\u90e8""}], ""commentList"": [{""author"": ""\u53bb*\u6237"", ""content"": ""\u7528\u6237\u672a\u70b9\u8bc4\uff0c\u7cfb\u7edf\u9ed8\u8ba4\u597d\u8bc4\u3002"", ""date"": ""2024-02-27"", ""score"": 5, ""commentId"": ""231632972"", ""imgs"": [], ""userNickName"": ""\u53bb*\u6237"", ""replyCityName"": """", ""cityName"": """"}, {""author"": ""k*8"", ""content"": ""\u7528\u6237\u672a\u70b9\u8bc4\uff0c\u7cfb\u7edf\u9ed8\u8ba4\u597d\u8bc4\u3002"", ""date"": ""2023-12-19"", ""score"": 5, ""commentId"": ""230742387"", ""imgs"": [], ""userNickName"": ""k*8"", ""replyCityName"": """", ""cityName"": """"}, {""author"": ""y*3"", ""content"": ""\u7528\u6237\u672a\u70b9\u8bc4\uff0c\u7cfb\u7edf\u9ed8\u8ba4\u597d\u8bc4\u3002"", ""date"": ""2021-05-05"", ""score"": 5, ""commentId"": ""218674903"", ""imgs"": [], ""userNickName"": ""y*3"", ""replyCityName"": """", ""cityName"": """"}, {""author"": ""y*3"", ""content"": ""\u7528\u6237\u672a\u70b9\u8bc4\uff0c\u7cfb\u7edf\u9ed8\u8ba4\u597d\u8bc4\u3002"", ""date"": ""2021-05-05"", ""score"": 5, ""commentId"": ""218674743"", ""imgs"": [], ""userNickName"": ""y*3"", ""replyCityName"": """", ""cityName"": """"}, {""author"": ""\u5bcc*\u6728"", ""content"": ""\u7528\u6237\u672a\u70b9\u8bc4\uff0c\u7cfb\u7edf\u9ed8\u8ba4\u597d\u8bc4\u3002"", ""date"": ""2018-05-31"", ""score"": 5, ""commentId"": ""206379503"", ""imgs"": [], ""userNickName"": ""\u5bcc*\u6728"", ""replyCityName"": """", ""cityName"": """"}, {""author"": ""\u5bcc*\u6728"", ""content"": ""\u7528\u6237\u672a\u70b9\u8bc4\uff0c\u7cfb\u7edf\u9ed8\u8ba4\u597d\u8bc4\u3002"", ""date"": ""2018-05-31"", ""score"": 5, ""commentId"": ""206378581"", ""imgs"": [], ""userNickName"": ""\u5bcc*\u6728"", ""replyCityName"": """", ""cityName"": """"}, {""author"": ""1*\u7ebf"", ""content"": ""\u4f11\u5047\u548c\u670b\u53cb\u53bb\u7684\uff0c\u4eba\u5f88\u5c11\u6709\u5305\u573a\u7684\u611f\u89c9\u3002\u6ce1\u6e29\u6cc9\u5c31\u662f\u8981\u4eba\u5c11\u70b9\u8212\u670d\uff0c\u8981\u4e0d\u7136\u548c\u4e0b\u997a\u5b50\u4e00\u6837\u611f\u89c9\u5c31\u4e0d\u597d\u4e86\u3002\u6e29\u6cc9\u533a\u57df\u9762\u79ef\u8fd8\u5927\u7684\u3002\u8fd8\u6709\u590f\u5929\u73a9\u6c34\u7684\u5730\u65b9\u3002\u603b\u4f53\u8bc4\u4ef7\u4e0d\u9519"", ""date"": ""2017-11-01"", ""score"": 5, ""commentId"": ""203263036"", ""imgs"": [{""small"": ""https://imgs.qunarzz.com/piao/fusion/1711/92/c6225aae8f2faa02.jpg_120x120_2037f565.jpg"", ""title"": """", ""big"": ""https://imgs.qunarzz.com/piao/fusion/1711/92/c6225aae8f2faa02.jpg""}, {""small"": ""https://imgs.qunarzz.com/piao/fusion/1711/c7/f73bdec219572502.jpg_120x120_86c211c4.jpg"", ""title"": """", ""big"": ""https://imgs.qunarzz.com/piao/fusion/1711/c7/f73bdec219572502.jpg""}, {""small"": ""https://imgs.qunarzz.com/piao/fusion/1711/89/7bba928cb17b602.jpg_120x120_4dbe0f7b.jpg"", ""title"": """", ""big"": ""https://imgs.qunarzz.com/piao/fusion/1711/89/7bba928cb17b602.jpg""}], ""userNickName"": ""1*\u7ebf"", ""replyCityName"": """", ""cityName"": """"}, {""author"": ""t*i"", ""content"": ""\u7528\u6237\u672a\u70b9\u8bc4\uff0c\u7cfb\u7edf\u9ed8\u8ba4\u597d\u8bc4\u3002"", ""date"": ""2018-04-25"", ""score"": 5, ""commentId"": ""205942762"", ""imgs"": [], ""userNickName"": ""t*i"", ""replyCityName"": """", ""cityName"": """"}, {""author"": ""p*0"", ""content"": ""\u7528\u6237\u672a\u70b9\u8bc4\uff0c\u7cfb\u7edf\u9ed8\u8ba4\u597d\u8bc4\u3002"", ""date"": ""2018-03-31"", ""score"": 5, ""commentId"": ""205741599"", ""imgs"": [], ""userNickName"": ""p*0"", ""replyCityName"": """", ""cityName"": """"}, {""author"": ""m*7"", ""content"": ""\u7528\u6237\u672a\u70b9\u8bc4\uff0c\u7cfb\u7edf\u9ed8\u8ba4\u597d\u8bc4\u3002"", ""date"": ""2018-03-21"", ""score"": 5, ""commentId"": ""205553292"", ""imgs"": [], ""userNickName"": ""m*7"", ""replyCityName"": """", ""cityName"": """"}], ""score"": 4.7, ""commentCount"": 23}, ""statusCode"": 200}"
奇石河,https://qimgs.qunarzz.com/piao_qsight_provider_piao_qsight_web/0103t12000f6tw9zyBB25_C_900_504.jpg_280x200_3b0dad2f.jpg,肇庆市,四会市,广东省肇庆市四会市威整镇红星村364乡道,2544,4.9,如诗如画的小桥流水，漫山遍野的鸟语花香,https://piao.qunar.com/ticket/detail_10288993.html?st=a3clM0QlRTUlOUIlOUIlRTQlQkMlOUElRTUlQjglODIlMjZpZCUzRDEwMzA2JTI2dHlwZSUzRDAlMjZpZHglM0QxJTI2cXQlM0QlMjZhcGslM0QyJTI2c2MlM0RXV1clMjZ1ciUzRCVFNCVCOCVBRCVFNSVCMSVCMSUyNmxyJTNEJUU0JUI4JUFEJUU1JUIxJUIxJTI2ZnQlM0QlN0IlN0Q%3D#from=mpl_search_suggest,54.0,4A景区,奇石河风景区座落于中国柑桔之乡——四会市北部的威整镇，地处四会、广宁、清远三地交界处，占地8平方公里。奇石河风景区是利用奇山、奇水、奇石等自然资源开发，集观光、休闲、娱乐、渡假、美食、购物为一体的多*能旅游区，以其独特的地形地貌、优越的自然环境和美丽的民间传说而在旅游界中独树一帜。目前，景区主要的景点有：十里奇石河、文化长廊（观赏、戏水、拍照）、堪称省内特大型的银龙大瀑布、国内罕见的奇石滩、天然活水泳场、负离子氧吧区、田园山村美食、土特产购物、山乡风情、神灵大王公庙、石河漂流、锅耳屋古建筑群、水车群等。,1/1-12/31；周一至周日；08:30-17:00开园,https://qimgs.qunarzz.com/piao_qsight_provider_piao_qsight_web/0103t12000f6tw9zyBB25_C_900_504.jpg_710x360_a6bf6388.jpg〇https://qimgs.qunarzz.com/piao_qsight_provider_piao_qsight_web/0103t12000f6tw9zyBB25_C_900_504_Q90_Mtg_7.jpg_710x360_7de470ab.jpg〇https://qimgs.qunarzz.com/piao_qsight_provider_piao_qsight_web/0104t12000apksv5g2A16_C_900_504_Q90_Mtg_7.jpg_710x360_d0fecb58.jpg〇https://qimgs.qunarzz.com/piao_qsight_provider_piao_qsight_web/0100j12000apkszdk4E05_C_900_504_Q90_Mtg_7.jpg_710x360_1b4f51b8.jpg〇https://qimgs.qunarzz.com/piao_qsight_provider_piao_qsight_web/0102312000apksp435CE2_C_900_504_Q90_Mtg_7.jpg_710x360_5115eb5c.jpg〇https://qimgs.qunarzz.com/piao_qsight_provider_piao_qsight_web/0102z12000apksm1qB34C_C_900_504_Q90_Mtg_7.jpg_710x360_04d3478d.jpg〇https://imgs.qunarzz.com/sight/p0/1806/2e/2e9a6251bbca6c5ca3.img.jpg_710x360_b0555bb6.jpg〇https://imgs.qunarzz.com/sight/p0/1806/81/816d43c8d8b71d85a3.img.jpg_710x360_ac92d581.jpg〇https://imgs.qunarzz.com/sight/p0/1806/2c/2cd31ec2a6a0c84ca3.img.jpg_710x360_2ee9a024.jpg〇https://imgs.qunarzz.com/sight/p0/1806/c5/c5fd60bd837e8d59a3.img.jpg_710x360_f59c6ef3.jpg〇https://imgs.qunarzz.com/sight/p0/1806/fd/fd8963132b27676aa3.img.jpg_710x360_17c7739a.jpg〇https://imgs.qunarzz.com/sight/p0/1512/8d/8d663f62bf3e371890.img.jpg_710x360_9dc34029.jpg〇https://imgs.qunarzz.com/sight/p0/1512/3b/3bf400c1c1fcd5b590.img.jpg_710x360_f8dc29e9.jpg〇https://imgs.qunarzz.com/sight/p0/1512/f6/f62593bdb97ddf9590.img.jpg_710x360_1b2b87e1.jpg〇https://imgs.qunarzz.com/sight/p0/1512/7d/7de980be8b8dd5a390.img.jpg_710x360_a9dbbe10.jpg〇https://imgs.qunarzz.com/sight/p0/1512/38/38dcb49de2bbb61790.img.jpg_710x360_a6f683db.jpg〇https://imgs.qunarzz.com/sight/p0/1512/37/37c13b4dd8ad1f3190.img.jpg_710x360_f18ce7e3.jpg〇https://imgs.qunarzz.com/sight/p0/1512/c8/c89bafc86ebae59490.img.jpg_710x360_07486e84.jpg〇https://imgs.qunarzz.com/sight/p0/1512/73/73681d16dd948b8c90.img.jpg_710x360_8ab3a95b.jpg〇https://imgs.qunarzz.com/sight/p0/1512/d4/d4eccffd432725ac90.img.jpg_710x360_9676b8d8.jpg〇https://imgs.qunarzz.com/sight/p0/1512/35/3530cbcae4a1cb0490.img.jpg_710x360_ea6d58f1.jpg〇https://imgs.qunarzz.com/sight/p0/1512/ae/ae98cf0c6905295390.img.jpg_710x360_fa1659bc.jpg〇https://imgs.qunarzz.com/sight/p0/1512/a6/a6d04f0d4cc4affc90.img.jpg_710x360_eadba947.jpg〇https://imgs.qunarzz.com/sight/p0/1512/bd/bd3332e984f04f4190.img.jpg_710x360_0f28a052.jpg〇https://qimgs.qunarzz.com/piao_qsight_provider_piao_qsight_web/8d60a8702d110d49c2862705b9dc7518.jpg_710x360_610658fd.jpg〇https://qimgs.qunarzz.com/piao_qsight_provider_piao_qsight_web/2b6a38ee3b56f60646899069581f18c5.jpg_710x360_75e43f86.jpg〇https://qimgs.qunarzz.com/piao_qsight_provider_piao_qsight_web/26fac0ccb2000dc71c9d52abaeb225e1.jpg_710x360_a3ffa55f.jpg〇https://qimgs.qunarzz.com/piao_qsight_provider_piao_qsight_web/f505d1240aa1f67492429542ffb61719.jpg_710x360_f4e4b2c0.jpg〇https://qimgs.qunarzz.com/piao_qsight_provider_piao_qsight_web/1abb5c6143fe497f8727aa005d8b705e.jpg_710x360_bfb20531.jpg〇https://qimgs.qunarzz.com/piao_qsight_provider_piao_qsight_web/3b75d8021ed391d68cf3ab0b9f05226f.jpg_710x360_ff955e48.jpg〇https://qimgs.qunarzz.com/piao_qsight_provider_piao_qsight_web/9b9f118a81b8648ac7ee6ca19a7db568.jpg_710x360_cd4f2bc3.jpg〇https://qimgs.qunarzz.com/piao_qsight_provider_piao_qsight_web/661af4d6c8b18a3df808435dfadaeb41.jpg_710x360_a2484500.jpg〇https://qimgs.qunarzz.com/piao_qsight_provider_piao_qsight_web/a1886793f3e0e8e2f45be5d04cd38a11.jpg_710x360_36d86962.jpg〇https://qimgs.qunarzz.com/piao_qsight_provider_piao_qsight_web/71aebb5bd1754f89e17a4d724ba6bfdd.jpg_710x360_72c31389.jpg〇https://qimgs.qunarzz.com/piao_qsight_provider_piao_qsight_web/e8844e95b89b6c764fc0a614b454e60a.jpg_710x360_3e6e7753.jpg〇https://qimgs.qunarzz.com/piao_qsight_provider_piao_qsight_web/8392d3b3fda3fb4a5dd17f7404e5687f.jpg_710x360_b2d177d4.jpg〇https://qimgs.qunarzz.com/piao_qsight_provider_piao_qsight_web/0a48de591c015345ebfbde31ca2d7be1.jpg_710x360_c565fd1f.jpg〇https://qimgs.qunarzz.com/piao_qsight_provider_piao_qsight_web/9451612c51b39b0ee45af9470cb58e12.jpg_710x360_8e5a8c73.jpg〇https://qimgs.qunarzz.com/piao_qsight_provider_piao_qsight_web/8b286aaa954a3e36f63b7043ef367297.jpg_710x360_a75e6b6a.jpg〇https://qimgs.qunarzz.com/piao_qsight_provider_piao_qsight_web/bdba3f1b9f801d6a9ef817c875891172.jpg_710x360_21314f2a.jpg〇https://qimgs.qunarzz.com/piao_qsight_provider_piao_qsight_web/56c2c39d2098f401bdc6a88ae14f7639.jpg_710x360_7b28939e.jpg〇https://qimgs.qunarzz.com/piao_qsight_provider_piao_qsight_web/4f569a39b58a48847ad6f311a19589e8.jpg_710x360_a9c83555.jpg〇https://qimgs.qunarzz.com/piao_qsight_provider_piao_qsight_web/fa4186d7c1e14d7df7c1bb94b0e1578f.jpg_710x360_1afa242e.jpg〇https://qimgs.qunarzz.com/piao_qsight_provider_piao_qsight_web/70fe1933deb5d82ee68151a59cdda188.jpg_710x360_196511f1.jpg,"{""ret"": true, ""data"": {""tagList"": [{""tagType"": 32, ""tagScore"": 5, ""tagNum"": 6, ""tagName"": ""\u670d\u52a1\u597d""}, {""tagType"": 16, ""tagScore"": 5, ""tagNum"": 8, ""tagName"": ""\u9760\u8c31""}, {""tagType"": 8, ""tagScore"": 5, ""tagNum"": 6, ""tagName"": ""\u4fbf\u5b9c""}, {""tagType"": 4, ""tagScore"": 5, ""tagNum"": 17, ""tagName"": ""\u53d6\u7968\u65b9\u4fbf""}, {""tagType"": 3, ""tagScore"": 5, ""tagNum"": 16, ""tagName"": ""\u5dee\u8bc4""}, {""tagType"": 2, ""tagScore"": 5, ""tagNum"": 35, ""tagName"": ""\u4e2d\u8bc4""}, {""tagType"": 1, ""tagScore"": 5, ""tagNum"": 2454, ""tagName"": ""\u597d\u8bc4""}, {""tagType"": 0, ""tagScore"": 5, ""tagNum"": 2544, ""tagName"": ""\u5168\u90e8""}], ""commentList"": [{""author"": ""t*6"", ""content"": ""\u7528\u6237\u672a\u70b9\u8bc4\uff0c\u7cfb\u7edf\u9ed8\u8ba4\u597d\u8bc4\u3002"", ""date"": ""2024-12-17"", ""score"": 5, ""commentId"": ""239267326"", ""imgs"": [], ""userNickName"": ""t*6"", ""replyCityName"": """", ""cityName"": """"}, {""author"": ""t*6"", ""content"": ""\u7528\u6237\u672a\u70b9\u8bc4\uff0c\u7cfb\u7edf\u9ed8\u8ba4\u597d\u8bc4\u3002"", ""date"": ""2024-12-17"", ""score"": 5, ""commentId"": ""239265642"", ""imgs"": [], ""userNickName"": ""t*6"", ""replyCityName"": """", ""cityName"": """"}, {""author"": ""\u53bb*\u6237"", ""content"": ""\u53ef\u4ee5\u7684\uff01\u4ef7\u683c\u518d\u5b9e\u60e0\u4e00\u70b9\u4f1a\u66f4\u597d\uff01"", ""date"": ""2024-10-05"", ""score"": 4, ""commentId"": ""237507488"", ""imgs"": [{""small"": ""https://qimgs.qunarzz.com/mp_piao_0001/temp453943120653600639file_1728103459000.jpg_120x120_f440070b.jpg"", ""title"": """", ""big"": ""https://qimgs.qunarzz.com/mp_piao_0001/temp453943120653600639file_1728103459000.jpg""}], ""userNickName"": ""\u53bb*\u6237"", ""replyCityName"": """", ""cityName"": ""\u5e7f\u4e1c""}, {""author"": ""\u53bb*\u6237"", ""content"": ""\u7528\u6237\u672a\u70b9\u8bc4\uff0c\u7cfb\u7edf\u9ed8\u8ba4\u597d\u8bc4\u3002"", ""date"": ""2024-12-15"", ""score"": 5, ""commentId"": ""239228964"", ""imgs"": [], ""userNickName"": ""\u53bb*\u6237"", ""replyCityName"": """", ""cityName"": """"}, {""author"": ""\u53bb*\u6237"", ""content"": ""\u7528\u6237\u672a\u70b9\u8bc4\uff0c\u7cfb\u7edf\u9ed8\u8ba4\u597d\u8bc4\u3002"", ""date"": ""2024-12-15"", ""score"": 5, ""commentId"": ""239228955"", ""imgs"": [], ""userNickName"": ""\u53bb*\u6237"", ""replyCityName"": """", ""cityName"": """"}, {""author"": ""\u53bb*\u6237"", ""content"": ""\u4f53\u9a8c\u611f\u6781\u5dee\uff0c\u975e\u5e38\u5dee\uff0c\u8fd9\u662f\u6211\u53bb\u8fc7\u6700\u5dee\u7684\u4e00\u4e2a\u666f\u533a\uff0c\u670d\u52a1\u6001\u5ea6\u6781\u5176\u6076\u52a3\uff0c\u5343\u4e07\u4e0d\u8981\u53bb\u6f02\u6d41\uff0c60\u5143\u4e00\u4e2a\u4eba\uff0c\u6211\u4eec\u8fd8\u6ca1\u6709\u5750\u7a33\uff0c\u811a\u90fd\u8fd8\u6ca1\u6709\u4f38\u76f4\uff0c\u90a3\u4e2a\u963f\u53d4\u5c31\u5f3a\u884c\u6211\u4eec\u7684\u628a\u8239\u63a8\u4e0b\u53bb\u4e86\uff0c\u8fd8\u8ddf\u6211\u53d1\u4eec\u813e\u6c14\uff0c\u6211\u4eec\u95ee\u4ed6\u6709\u6ca1\u6709\u5f88\u6025\u7684\u90a3\u79cd\u5761\uff0c\u4ed6\u4e5f\u4e0d\u8bf4\u8bdd\uff0c\u7ed3\u679c\u5c31\u53ea\u6709\u70b9\u6c34\uff0c\u4e24\u4e09\u5206\u949f\u5c31\u4e0b\u53bb\u4e86\u3002\u6e38\u4e50\u8bbe\u65bd\u5168\u90fd\u662f\u751f\u9508\u7684\u554a\uff0c\u73bb\u7483\u6865\u8fd8\u6447\u6447\u6643\u6643\u7684\u7684\uff0c\u5e74\u4e45\u5931\u4fee\uff0c\u597d\u50cf20\u591a\u5e74\u6ca1\u4fee\u7684\u6837\u5b50\u3002\u5c0f\u5356\u90e8\u53ea\u5f00\u4e86\u4e00\u4e24\u95f4\uff0c\u800c\u4e14\u73af\u5883\u5f88\u5dee\uff0c\u6211\u90fd\u4e0d\u6562\u4e70\u91cc\u9762\u7684\u4e1c\u897f\u3002\u73af\u5883\u4e5f\u5f88\u810f\uff0c\u8fd8\u8bf4\u662f4A\u7ea7\u666f\u533a\uff1f\u6211\u770b\u662f\u6c11\u56fd\u65f6\u671f\u76844A\u7ea7\u666f\u533a\uff0c\u800c\u4e14\u4fee\u90fd\u4e0d\u4fee\u4e00\u4e0b\u7684\u90a3\u79cd\u3002\u8fde\u56fe\u7247\u90fd\u61d2\u5f97\u62cd\uff0c\u5c31\u62cd\u4e86\u51e0\u5f20\uff0c\u8def\u4e0a\u90fd\u6ca1\u89c1\u5230\u51e0\u4e2a\u4eba\uff0c\u680f\u6746\u90fd\u662f\u70c2\u7684\u3002\u9664\u4e86\u4e00\u70b9\u6c34\u90fd\u6ca1\u4ec0\u4e48\u597d\u73a9\u7684\u3002\u771f\u7684\u7edd\u5bf9\u4e0d\u4f1a\u53bb\u7b2c\u4e8c\u6b21\uff01\u8fdb\u53bb\u8fd8\u8981\ud83d\udcb5\u94b1\u3002\u8def\u6709\u4e00\u4e9b\u90fd\u584c\u65b9\u4e86\u3002\ud83d\ude44"", ""date"": ""2024-09-16"", ""score"": 1, ""commentId"": ""236854729"", ""imgs"": [], ""userNickName"": ""\u53bb*\u6237"", ""replyCityName"": """", ""cityName"": ""\u5e7f\u4e1c""}, {""author"": ""w*2"", ""content"": ""\u7528\u6237\u672a\u70b9\u8bc4\uff0c\u7cfb\u7edf\u9ed8\u8ba4\u597d\u8bc4\u3002"", ""date"": ""2024-12-11"", ""score"": 5, ""commentId"": ""239189818"", ""imgs"": [], ""userNickName"": ""w*2"", ""replyCityName"": """", ""cityName"": """"}, {""author"": ""w*2"", ""content"": ""\u7528\u6237\u672a\u70b9\u8bc4\uff0c\u7cfb\u7edf\u9ed8\u8ba4\u597d\u8bc4\u3002"", ""date"": ""2024-12-11"", ""score"": 5, ""commentId"": ""239188596"", ""imgs"": [], ""userNickName"": ""w*2"", ""replyCityName"": """", ""cityName"": """"}, {""author"": ""\u53bb*\u6237"", ""content"": ""\u7528\u6237\u672a\u70b9\u8bc4\uff0c\u7cfb\u7edf\u9ed8\u8ba4\u597d\u8bc4\u3002"", ""date"": ""2024-12-10"", ""score"": 5, ""commentId"": ""239176005"", ""imgs"": [], ""userNickName"": ""\u53bb*\u6237"", ""replyCityName"": """", ""cityName"": """"}, {""author"": ""\u5c0f*\u626c"", ""content"": ""\u7528\u6237\u672a\u70b9\u8bc4\uff0c\u7cfb\u7edf\u9ed8\u8ba4\u597d\u8bc4\u3002"", ""date"": ""2024-12-10"", ""score"": 5, ""commentId"": ""239175085"", ""imgs"": [], ""userNickName"": ""\u5c0f*\u626c"", ""replyCityName"": """", ""cityName"": """"}], ""score"": 4.9, ""commentCount"": 2544}, ""statusCode"": 200}"
砚洲岛,https://qimgs.qunarzz.com/piao_qsight_provider_piao_qsight_web/0105t120008h3tf2c8DB2_C_900_504.jpg_280x200_ac1c35f4.jpg,肇庆市,鼎湖区,广东省肇庆市鼎湖区广利镇,5,4.8,感受岭南民俗风情,https://piao.qunar.com/ticket/detail_4066964999.html?st=a3clM0QlRTklQkMlOEUlRTYlQjklOTYlRTUlOEMlQkElMjZpZCUzRDE2MDM1JTI2dHlwZSUzRDAlMjZpZHglM0Q4JTI2cXQlM0QlMjZhcGslM0QyJTI2c2MlM0RXV1clMjZ1ciUzRCVFNCVCOCVBRCVFNSVCMSVCMSUyNmxyJTNEJUU0JUI4JUFEJUU1JUIxJUIxJTI2ZnQlM0QlN0IlN0Q%3D#from=mpl_search_suggest,198.0,N/A,砚洲岛拓展基地位于肇庆市鼎湖区，距广州仅85公里，离鼎湖山景区牌坊3公里。该岛四面环水、绿树成荫，岛上还有美丽的乡村田园风光，果树成林、鸡犬相闻，如世外桃园。砚洲岛拓展基地建于2002年，占地20多公顷，其中果林和树林80亩，其余为广阔的草地和沙滩。基地培训设施齐全，高空项目、水上项目、场地项目、激光野战等可满足专业拓展训练需求，其它基础设施注重保持自然原始风格，拥有木屋别墅6幢12个标间，多人间多间，帐蓬上百个；木屋餐厅可同时容纳上百人用餐，野炊灶台数十个，单车数50辆，露天木屋酒吧一个，,1/1-12/31；周一至周日；全天开放,https://qimgs.qunarzz.com/piao_qsight_provider_piao_qsight_web/0105t120008h3tf2c8DB2_C_900_504.jpg_710x360_ff3040c7.jpg〇https://qimgs.qunarzz.com/piao_qsight_provider_piao_qsight_web/01010120008h3thb6BAC7_C_900_504_Q90_Mtg_7.jpg_710x360_bd7ddcaa.jpg〇https://qimgs.qunarzz.com/piao_qsight_provider_piao_qsight_web/0100x1200080xabvw133F_C_900_504_Q90_Mtg_7.jpg_710x360_31fc5689.jpg〇https://qimgs.qunarzz.com/piao_qsight_provider_piao_qsight_web/0105t120008h3tf2c8DB2_C_900_504_Q90_Mtg_7.jpg_710x360_ce12f825.jpg〇https://imgs.qunarzz.com/sight/p0/201311/04/950a4dc5ac15593ac8d65eac.jpg_710x360_e4eca279.jpg〇https://imgs.qunarzz.com/sight/p0/201311/04/6bc85b99c0ad6e8dc8d65eac.jpg_710x360_5c6c9bae.jpg〇https://imgs.qunarzz.com/sight/p0/201311/04/f889c52385adaa79c8d65eac.jpg_710x360_94b575b3.jpg〇https://imgs.qunarzz.com/sight/p0/201311/04/6ec2ac7e3a459b36c8d65eac.jpg_710x360_3ddbd495.jpg〇https://imgs.qunarzz.com/sight/p0/201311/04/cbe3c87c65e6f737c8d65eac.jpg_710x360_97892452.jpg〇https://qimgs.qunarzz.com/piao_qsight_provider_piao_qsight_web/62bc47c2aebc7a31ffffffffc8d65eac.jpg_710x360_62c1435b.jpg〇https://qimgs.qunarzz.com/piao_qsight_provider_piao_qsight_web/837a7f9b01596802.jpg_710x360_4b495765.jpg〇https://qimgs.qunarzz.com/piao_qsight_provider_piao_qsight_web/9aaff944de0ca802.jpg_710x360_5a218c15.jpg〇https://qimgs.qunarzz.com/piao_qsight_provider_piao_qsight_web/3141be721de21902.jpg_710x360_6bd91a90.jpg〇https://qimgs.qunarzz.com/piao_qsight_provider_piao_qsight_web/a3b51977887a2d02.jpg_710x360_31af003e.jpg〇https://qimgs.qunarzz.com/piao_qsight_provider_piao_qsight_web/4eb793e862017e02.jpg_710x360_5aca472e.jpg〇https://qimgs.qunarzz.com/piao_qsight_provider_piao_qsight_web/3ba868ffd3d9902.jpg_710x360_8c9dc732.jpg〇https://qimgs.qunarzz.com/piao_qsight_provider_piao_qsight_web/6884bbec47c4ad02.jpg_710x360_3fd2f951.jpg〇https://qimgs.qunarzz.com/piao_qsight_provider_piao_qsight_web/18137430983aa437.jpg_710x360_9a5ec039.jpg〇https://qimgs.qunarzz.com/piao_qsight_provider_piao_qsight_web/27278e42964602b5.jpg_710x360_fb4b8c69.jpg〇https://qimgs.qunarzz.com/piao_qsight_provider_piao_qsight_web/065ca5ce4caf71b5.jpg_710x360_805c5deb.jpg〇https://qimgs.qunarzz.com/piao_qsight_provider_piao_qsight_web/8bb96be3bd15b0b5.jpg_710x360_af3954cc.jpg〇https://qimgs.qunarzz.com/piao_qsight_provider_piao_qsight_web/32377aa5d1f39cb5.jpg_710x360_6032ac9f.jpg〇https://qimgs.qunarzz.com/piao_qsight_provider_piao_qsight_web/47b4d18ddb2e2cb5.jpg_710x360_201e57c6.jpg〇https://qimgs.qunarzz.com/piao_qsight_provider_piao_qsight_web/5d445969b3fdbb5.jpg_710x360_9f34efaa.jpg〇https://qimgs.qunarzz.com/piao_qsight_provider_piao_qsight_web/d7208fe693c997b5.jpg_710x360_effdd613.jpg〇https://qimgs.qunarzz.com/piao_qsight_provider_piao_qsight_web/5a74081133b5aab5.jpg_710x360_d95f6c2a.jpg〇https://qimgs.qunarzz.com/piao_qsight_provider_piao_qsight_web/1b1e0647fa096ab5.jpg_710x360_9fa1eeaf.jpg〇https://qimgs.qunarzz.com/piao_qsight_provider_piao_qsight_web/dd6ba92b5303a1b5.jpg_710x360_d1c3d99b.jpg〇https://qimgs.qunarzz.com/piao_qsight_provider_piao_qsight_web/c7156e45135192b5.jpg_710x360_13894311.jpg,"{""ret"": true, ""data"": {""tagList"": [{""tagType"": 1, ""tagScore"": 5, ""tagNum"": 5, ""tagName"": ""\u597d\u8bc4""}, {""tagType"": 0, ""tagScore"": 5, ""tagNum"": 5, ""tagName"": ""\u5168\u90e8""}], ""commentList"": [{""author"": ""g*1"", ""content"": ""\u7528\u6237\u672a\u70b9\u8bc4\uff0c\u7cfb\u7edf\u9ed8\u8ba4\u597d\u8bc4\u3002"", ""date"": ""2023-06-10"", ""score"": 5, ""commentId"": ""226158516"", ""imgs"": [], ""userNickName"": ""g*1"", ""replyCityName"": """", ""cityName"": """"}, {""author"": ""\u53bb*\u6237"", ""content"": ""\u7528\u6237\u672a\u70b9\u8bc4\uff0c\u7cfb\u7edf\u9ed8\u8ba4\u597d\u8bc4\u3002"", ""date"": ""2023-05-31"", ""score"": 5, ""commentId"": ""225753369"", ""imgs"": [], ""userNickName"": ""\u53bb*\u6237"", ""replyCityName"": """", ""cityName"": """"}, {""author"": ""x*1"", ""content"": ""\u4e94\u5757\u94b1\u8239\u7968\u5305\u6765\u56de\uff0c\u5c9b\u4e0a\u6709\u5f88\u591a\u5b97\u7960\uff0c\u6709\u5bfa\u5e99\uff0c\u4e0d\u8fc7\u73b0\u5728\u5f7c\u5cb8\u5bfa\u8c8c\u4f3c\u5728\u4fee\uff0c\u6c99\u6ee9\u4e0a\u6709\u8bb8\u591a\u5783\u573e\uff0c\u74f6\u5b50\u4e4b\u7c7b\u7684\uff0c\u5e72\u51c0\u5ea6\u4e5f\u8fd8\u884c\u5427\uff0c\u6c34\u597d\u591a\u6ce1\u6ce1\u6709\u70b9\u810f\uff0c\u6709\u5361\u4e01\u8f66\u548c\u4e09\u5339\u9a6c\uff0c\u4e0d\u8fc7\u6536\u8d39\u6709\u70b9\u513f\u8d35\uff0c\u9a6c\u8dd1\u4e00\u5708\u8981\u4e8c\u5341\uff0c\u5361\u4e01\u8f66\u5355\u4eba\u4e8c\u5341\uff0c\u53cc\u4eba\u4e09\u5341\uff0c\u4e09\u5708\uff0c\u8f66\u5b50\u8d85\u7ea7\u6296\u7684\uff0c\u4e0d\u8fc7\u5f88\u5feb\uff0c\u5413\u6b7b\u4e86\u3002"", ""date"": ""2018-04-30"", ""score"": 5, ""commentId"": ""205993087"", ""imgs"": [{""small"": ""https://imgs.qunarzz.com/piao/fusion/1804/fa/3ba868ffd3d9902.jpg_120x120_1d692035.jpg"", ""title"": """", ""big"": ""https://imgs.qunarzz.com/piao/fusion/1804/fa/3ba868ffd3d9902.jpg""}, {""small"": ""https://imgs.qunarzz.com/piao/fusion/1804/51/4eb793e862017e02.jpg_120x120_341ac643.jpg"", ""title"": """", ""big"": ""https://imgs.qunarzz.com/piao/fusion/1804/51/4eb793e862017e02.jpg""}, {""small"": ""https://imgs.qunarzz.com/piao/fusion/1804/13/a3b51977887a2d02.jpg_120x120_b2708e0c.jpg"", ""title"": """", ""big"": ""https://imgs.qunarzz.com/piao/fusion/1804/13/a3b51977887a2d02.jpg""}, {""small"": ""https://imgs.qunarzz.com/piao/fusion/1804/d7/3141be721de21902.jpg_120x120_818ed026.jpg"", ""title"": """", ""big"": ""https://imgs.qunarzz.com/piao/fusion/1804/d7/3141be721de21902.jpg""}, {""small"": ""https://imgs.qunarzz.com/piao/fusion/1804/f3/9aaff944de0ca802.jpg_120x120_988b103b.jpg"", ""title"": """", ""big"": ""https://imgs.qunarzz.com/piao/fusion/1804/f3/9aaff944de0ca802.jpg""}, {""small"": ""https://imgs.qunarzz.com/piao/fusion/1804/46/837a7f9b01596802.jpg_120x120_e80abe2c.jpg"", ""title"": """", ""big"": ""https://imgs.qunarzz.com/piao/fusion/1804/46/837a7f9b01596802.jpg""}], ""userNickName"": ""x*1"", ""replyCityName"": """", ""cityName"": """"}, {""author"": ""\u7cbe*\u4fa0"", ""content"": ""\u53d1\u73b0\u51e0\u4e4e\u5bb6\u5bb6\u6237\u6237\u90fd\u5728\u95e8\u524d\u96d5\u523b\u7aef\u781a\uff0c\u5230\u5904\u90fd\u5806\u653e\u7740\u7aef\u781a\u77f3\u6599\uff0c\u6709\u7684\u5c31\u5728\u95e8\u524d\u8bbe\u5e97\u94fa\u7ecf\u8425\uff0c\u53ee\u53ee\u5f53\u5f53\u7684\u51ff\u77f3\u58f0\u6216\u7535\u8f6c\u3001\u98ce\u673a\u58f0\u4e0d\u7edd\u4e8e\u8033\uff0c\u7ea2\u706b\u7684\u573a\u9762\u4ee4\u4eba\u53f9\u4e3a\u89c2\u6b62\uff0c\u6587\u5316\u6751\u679c\u771f\u540d\u4e0d\u865a\u4f20\uff01\u4ece\u6751\u5185\u5efa\u7b51\u770b\uff0c\u6751\u6c11\u7684\u751f\u6d3b\u6c34\u5e73\u4e0d\u7b97\u4f4e\uff0c\u7aef\u781a\u884c\u4e1a\u65e0\u7591\u662f\u81f4\u5bcc\u6e20\u9053\uff0c\u4f46\u4ee4\u6211\u7591\u60d1\u7684\u662f\uff0c\u4ef7\u683c\u6602\u8d35\u7684\u7aef\u781a\u7a76\u7adf\u6709\u591a\u5927\u7684\u5e02\u573a\u5462\uff1f\u7adf\u80fd\u5bb9\u7eb3\u5982\u6b64\u5927\u7684\u4ea7\u91cf\u3002"", ""date"": ""2016-09-14"", ""score"": 4, ""commentId"": ""128422527"", ""imgs"": [{""small"": ""https://imgs.qunarzz.com/piao/fusion/1609/50/6884bbec47c4ad02.jpg_120x120_c2674b84.jpg"", ""title"": """", ""big"": ""https://imgs.qunarzz.com/piao/fusion/1609/50/6884bbec47c4ad02.jpg""}], ""userNickName"": ""\u7cbe*\u4fa0"", ""replyCityName"": """", ""cityName"": """"}, {""author"": ""W*6"", ""content"": ""\u8d85\u7ea7\u597d\u73a9\u7684\u5730\u65b9\uff0c\u98ce\u666f\u5f88\u6f02\u4eae"", ""date"": ""2016-12-14"", ""score"": 5, ""commentId"": ""136014865"", ""imgs"": [], ""userNickName"": ""W*6"", ""replyCityName"": """", ""cityName"": """"}], ""score"": 4.8, ""commentCount"": 5}, ""statusCode"": 200}"
砚洲岛航空运动旅游营地,https://qimgs.qunarzz.com/piao_qsight_provider_piao_qsight_web/0106i120008wq1khw43F4_C_900_504.jpg_280x200_e1ee0291.jpg,肇庆市,鼎湖区,广东省肇庆市鼎湖区广利至砚洲轮渡线,3,5.0,N/A,https://piao.qunar.com/ticket/detail_1194684361.html?st=a3clM0QlRTklQkMlOEUlRTYlQjklOTYlRTUlOEMlQkElMjZpZCUzRDUxMTI2MCUyNnR5cGUlM0QwJTI2aWR4JTNENyUyNnF0JTNEJTI2YXBrJTNEMiUyNnNjJTNEV1dXJTI2dXIlM0QlRTQlQjglQUQlRTUlQjElQjElMjZsciUzRCVFNCVCOCVBRCVFNSVCMSVCMSUyNmZ0JTNEJTdCJTdE#from=mpl_search_suggest,198.0,N/A,N/A,"1/1-12/31；周一至周日；09:00-12:00,14:00-18:00开园",https://qimgs.qunarzz.com/piao_qsight_provider_piao_qsight_web/0106i120008wq1khw43F4_C_900_504.jpg_710x360_93815075.jpg〇https://qimgs.qunarzz.com/piao_qsight_provider_piao_qsight_web/0102q120008wq1mhl095C_C_900_504_Q90_Mtg_7.png_710x360_d053a751.png〇https://qimgs.qunarzz.com/piao_qsight_provider_piao_qsight_web/0105g120008wq1o0r07D5_C_900_504_Q90_Mtg_7.jpg_710x360_b6a1082c.jpg〇https://qimgs.qunarzz.com/piao_qsight_provider_piao_qsight_web/0104p120008wq1m28703E_C_900_504_Q90_Mtg_7.jpg_710x360_9e45c7d6.jpg〇https://qimgs.qunarzz.com/piao_qsight_provider_piao_qsight_web/0106i120008wq1khw43F4_C_900_504_Q90_Mtg_7.jpg_710x360_686dcbcb.jpg〇https://imgs.qunarzz.com/sight/p0/2106/4f/4f6bee9a3349df30a3.img.jpg_710x360_252b65e2.jpg〇https://imgs.qunarzz.com/sight/p0/2106/cb/cbb2bd32611f9114a3.img.jpg_710x360_e4875bc0.jpg〇https://imgs.qunarzz.com/sight/p0/2106/6b/6be26fe012a1061da3.img.jpg_710x360_19c63e0b.jpg〇https://imgs.qunarzz.com/sight/p0/2106/4f/4f025450c552df4a3.img.jpg_710x360_6700a744.jpg〇https://imgs.qunarzz.com/sight/p0/2106/55/554f011211cba78a3.img.jpg_710x360_8743492b.jpg,"{""ret"": true, ""data"": {""tagList"": [{""tagType"": 32, ""tagScore"": 5, ""tagNum"": 1, ""tagName"": ""\u670d\u52a1\u597d""}, {""tagType"": 16, ""tagScore"": 5, ""tagNum"": 1, ""tagName"": ""\u9760\u8c31""}, {""tagType"": 8, ""tagScore"": 5, ""tagNum"": 1, ""tagName"": ""\u4fbf\u5b9c""}, {""tagType"": 4, ""tagScore"": 5, ""tagNum"": 1, ""tagName"": ""\u53d6\u7968\u65b9\u4fbf""}, {""tagType"": 1, ""tagScore"": 5, ""tagNum"": 3, ""tagName"": ""\u597d\u8bc4""}, {""tagType"": 0, ""tagScore"": 5, ""tagNum"": 3, ""tagName"": ""\u5168\u90e8""}], ""commentList"": [{""author"": ""\u53bb*\u6237"", ""content"": ""\u8fd8\u4e0d\u9519\uff0c\u6ca1\u6709\u5f88\u523a\u6fc0\uff0c\u98ce\u666f\u5f88\u597d\uff0c\u6559\u7ec3\u5f88\u7ec6\u5fc3\u8d1f\u8d23\u3002\u867d\u7136\u662f\u5927\u592a\u9633\uff0c\u4f46\u662f\u7a7a\u4e2d\u98ce\u5f88\u5927\uff0c\u5efa\u8bae\u6015\u51b7\u7684\u59d0\u59b9\u7a7f\u539a\u4e00\u70b9\u7684\u8863\u670d\u3002\u4e0b\u6b21\u6709\u673a\u4f1a\u4f1a\u518d\u6765\u3002\u2764\ufe0f"", ""date"": ""2024-12-01"", ""score"": 5, ""commentId"": ""239016442"", ""imgs"": [{""small"": ""https://qimgs.qunarzz.com/mp_piao_0001/temp6468848639568442813file_1732984775000.jpg_120x120_2993b07d.jpg"", ""title"": """", ""big"": ""https://qimgs.qunarzz.com/mp_piao_0001/temp6468848639568442813file_1732984775000.jpg""}, {""small"": ""https://qimgs.qunarzz.com/mp_piao_0001/temp6398098642507588242file_1732984775000.jpg_120x120_5bb7769a.jpg"", ""title"": """", ""big"": ""https://qimgs.qunarzz.com/mp_piao_0001/temp6398098642507588242file_1732984775000.jpg""}, {""small"": ""https://qimgs.qunarzz.com/mp_piao_0001/temp7830195808132207613file_1732984775000.jpg_120x120_88a535a8.jpg"", ""title"": """", ""big"": ""https://qimgs.qunarzz.com/mp_piao_0001/temp7830195808132207613file_1732984775000.jpg""}, {""small"": ""https://qimgs.qunarzz.com/mp_piao_0001/temp9058745074975851376file_1732984775000.jpg_120x120_13b06b15.jpg"", ""title"": """", ""big"": ""https://qimgs.qunarzz.com/mp_piao_0001/temp9058745074975851376file_1732984775000.jpg""}], ""userNickName"": ""\u53bb*\u6237"", ""replyCityName"": """", ""cityName"": ""\u5e7f\u4e1c""}, {""author"": ""p*6"", ""content"": ""\u7528\u6237\u672a\u70b9\u8bc4\uff0c\u7cfb\u7edf\u9ed8\u8ba4\u597d\u8bc4\u3002"", ""date"": ""2023-05-31"", ""score"": 5, ""commentId"": ""225818892"", ""imgs"": [], ""userNickName"": ""p*6"", ""replyCityName"": """", ""cityName"": """"}, {""author"": ""p*6"", ""content"": ""\u7528\u6237\u672a\u70b9\u8bc4\uff0c\u7cfb\u7edf\u9ed8\u8ba4\u597d\u8bc4\u3002"", ""date"": ""2023-05-31"", ""score"": 5, ""commentId"": ""225739013"", ""imgs"": [], ""userNickName"": ""p*6"", ""replyCityName"": """", ""cityName"": """"}], ""score"": 5.0, ""commentCount"": 3}, ""statusCode"": 200}"
砚洲岛,https://qimgs.qunarzz.com/piao_qsight_provider_piao_qsight_web/0105t120008h3tf2c8DB2_C_900_504.jpg_280x200_ac1c35f4.jpg,肇庆市,鼎湖区,广东省肇庆市鼎湖区广利镇,3,5.0,感受岭南民俗风情,https://piao.qunar.com/ticket/detail_1041173103.html?st=a3clM0QlRTklQkMlOEUlRTYlQjklOTYlRTUlOEMlQkElMjZpZCUzRDUxMzcyNiUyNnR5cGUlM0QwJTI2aWR4JTNENiUyNnF0JTNEJTI2YXBrJTNEMiUyNnNjJTNEV1dXJTI2dXIlM0QlRTQlQjglQUQlRTUlQjElQjElMjZsciUzRCVFNCVCOCVBRCVFNSVCMSVCMSUyNmZ0JTNEJTdCJTdE#from=mpl_search_suggest,100.0,N/A,砚洲岛，位于世界著名景区——鼎湖山之南，是广东省的江心岛。全岛面积6.32平方公里，距广州市80公里，对外连接有广佛、广三、广肇高速，珠外环高速，321国道，铁路，城际轻轨，一小时到达珠三角；离肇庆市区仅18公里，有15路公交车直达码头，交通便利。,1/1-12/31；周一至周日；全天开放,https://qimgs.qunarzz.com/piao_qsight_provider_piao_qsight_web/0105t120008h3tf2c8DB2_C_900_504.jpg_710x360_ff3040c7.jpg〇https://qimgs.qunarzz.com/piao_qsight_provider_piao_qsight_web/01010120008h3thb6BAC7_C_900_504_Q90_Mtg_7.jpg_710x360_bd7ddcaa.jpg〇https://qimgs.qunarzz.com/piao_qsight_provider_piao_qsight_web/0100x1200080xabvw133F_C_900_504_Q90_Mtg_7.jpg_710x360_31fc5689.jpg〇https://qimgs.qunarzz.com/piao_qsight_provider_piao_qsight_web/0105t120008h3tf2c8DB2_C_900_504_Q90_Mtg_7.jpg_710x360_ce12f825.jpg,"{""ret"": true, ""data"": {""tagList"": [{""tagType"": 1, ""tagScore"": 5, ""tagNum"": 3, ""tagName"": ""\u597d\u8bc4""}, {""tagType"": 0, ""tagScore"": 5, ""tagNum"": 3, ""tagName"": ""\u5168\u90e8""}], ""commentList"": [{""author"": ""o*7"", ""content"": ""\u7528\u6237\u672a\u70b9\u8bc4\uff0c\u7cfb\u7edf\u9ed8\u8ba4\u597d\u8bc4\u3002"", ""date"": ""2024-05-05"", ""score"": 5, ""commentId"": ""233258770"", ""imgs"": [], ""userNickName"": ""o*7"", ""replyCityName"": """", ""cityName"": """"}, {""author"": ""x*8"", ""content"": ""\u7528\u6237\u672a\u70b9\u8bc4\uff0c\u7cfb\u7edf\u9ed8\u8ba4\u597d\u8bc4\u3002"", ""date"": ""2023-05-30"", ""score"": 5, ""commentId"": ""225722490"", ""imgs"": [], ""userNickName"": ""x*8"", ""replyCityName"": """", ""cityName"": """"}, {""author"": ""\u8d75*\u5ca9"", ""content"": ""\u7528\u6237\u672a\u70b9\u8bc4\uff0c\u7cfb\u7edf\u9ed8\u8ba4\u597d\u8bc4\u3002"", ""date"": ""2022-07-04"", ""score"": 5, ""commentId"": ""222487557"", ""imgs"": [], ""userNickName"": ""\u8d75*\u5ca9"", ""replyCityName"": """", ""cityName"": """"}], ""score"": 5.0, ""commentCount"": 3}, ""statusCode"": 200}"
紫云谷,https://qimgs.qunarzz.com/piao_qsight_provider_piao_qsight_web/100a1f000001grjg3CEC8_C_900_504.jpg_280x200_41a8aa34.jpg,肇庆市,鼎湖区,广东省肇庆市高要区沿江路东南郊烂柯山,1292,4.7,端砚的发源地,https://piao.qunar.com/ticket/detail_3413327942.html?st=a3clM0QlRTklQkMlOEUlRTYlQjklOTYlRTUlOEMlQkElMjZpZCUzRDM1MjIzJTI2dHlwZSUzRDAlMjZpZHglM0Q1JTI2cXQlM0QlMjZhcGslM0QyJTI2c2MlM0RXV1clMjZ1ciUzRCVFNCVCOCVBRCVFNSVCMSVCMSUyNmxyJTNEJUU0JUI4JUFEJUU1JUIxJUIxJTI2ZnQlM0QlN0IlN0Q%3D#from=mpl_search_suggest,7.0,N/A,紫云谷旅游风景区位于肇庆东南郊烂柯山脉，西江羚羊峡省级自然保护区内，有着丰富森林资源，游人可吸纳山氧、弄瀑戏水、沐浴山泉，置身于大自然包围之中。紫云谷是由七星岩、鼎湖山和“烂柯山羚羊峡”构成的肇庆“金三角旅游区”的重要组成部分。紫云谷欢乐山泉水世界位于紫云谷景区内，100%的天然山泉水、空气负离子含量极高，溪水清澈见底，微风夹带着丝丝水雾……占地面积达5000平方米的山泉水世界水池集激情冲浪池、欢乐儿童池和水疗健体标准池于一体。纵身一跃跳入水中，好像一下子变成了这山泉中的小鱼，舒畅而痛快。紫云谷因出产中国四大名砚之首的“端砚”而闻名、坑子、麻子坑。当然不能错过寻访三大名坑以及古端砚遗址。登上399级的阶梯、坑子、麻子坑”三大名坑，紫云谷还有唐朝年间开采砚石的千年老坑洞。不能错过的还有西江美食。围坐在西江边上，点上一条超级大鲮鱼蒸榄角，炒个黄沙蚬，再加一锅浓浓的生滚鲜鱼汤、一大煲香喷喷的鱼干焗饭……,1/1-12/31；春、秋、冬季；08:30-17:30开园,https://qimgs.qunarzz.com/piao_qsight_provider_piao_qsight_web/100a1f000001grjg3CEC8_C_900_504.jpg_710x360_2395b83b.jpg〇https://qimgs.qunarzz.com/piao_qsight_provider_piao_qsight_web/350q0x000000l4g8m6E7C_C_900_504_Q90_Mtg_7.jpg_710x360_8e6a2f4b.jpg〇https://qimgs.qunarzz.com/piao_qsight_provider_piao_qsight_web/350v0x000000le7k3FF83_C_900_504_Q90_Mtg_7.jpg_710x360_3dd51326.jpg〇https://qimgs.qunarzz.com/piao_qsight_provider_piao_qsight_web/35010x000000lg34d4272_C_900_504_Q90_Mtg_7.jpg_710x360_bead8209.jpg〇https://qimgs.qunarzz.com/piao_qsight_provider_piao_qsight_web/010151200085lbi8n2107_C_900_504_Q90_Mtg_7.jpg_710x360_881bfbe9.jpg〇https://qimgs.qunarzz.com/piao_qsight_provider_piao_qsight_web/350f0x000000l36jr21FE_C_900_504_Q90_Mtg_7.jpg_710x360_571f35f4.jpg〇https://qimgs.qunarzz.com/piao_qsight_provider_piao_qsight_web/350r0x000000l1l0t4A5B_C_900_504_Q90_Mtg_7.jpg_710x360_88cc7234.jpg〇https://qimgs.qunarzz.com/piao_qsight_provider_piao_qsight_web/350p0x000000l2al55CAA_C_900_504_Q90_Mtg_7.jpg_710x360_25e82894.jpg〇https://qimgs.qunarzz.com/piao_qsight_provider_piao_qsight_web/350w0x000000l9724F8C9_C_900_504_Q90_Mtg_7.jpg_710x360_6321a0de.jpg〇https://qimgs.qunarzz.com/piao_qsight_provider_piao_qsight_web/100a1f000001grjg3CEC8_C_900_504_Q90_Mtg_7.jpg_710x360_960db3af.jpg〇https://imgs.qunarzz.com/sight/p0/1507/db/b1e3fa4079901c0a0e222eb4533d6303.water.jpg_710x360_a267fae6.jpg〇https://imgs.qunarzz.com/sight/p0/201301/16/dd0a652cb0456d9f93835fbb.jpg_710x360_c1872193.jpg〇https://imgs.qunarzz.com/sight/p0/201301/16/ab46ab5994071cab93835fbb.png_710x360_d2f7409b.png〇https://imgs.qunarzz.com/sight/p0/201301/16/37f3692ff5b1177593835fbb.png_710x360_33ede0df.png〇https://imgs.qunarzz.com/sight/p0/201301/16/3ecd11ed9e7f9a8393835fbb.png_710x360_73e7ef70.png〇https://imgs.qunarzz.com/sight/p0/201301/16/c76d6cc9e65ce09f93835fbb.png_710x360_0b9a31ae.png〇https://imgs.qunarzz.com/sight/p0/1507/b3/8d69cc401c65b0f2e717412575b797bf.water.jpg_710x360_36c1d3fa.jpg〇https://imgs.qunarzz.com/sight/p0/1507/ef/26968a6a6f17ae2fd11003840806a6d4.water.jpg_710x360_39a8c2e8.jpg〇https://imgs.qunarzz.com/sight/p0/1507/6e/552cf4d86a97166cbef770399d570e8f.water.jpg_710x360_bf35846c.jpg〇https://imgs.qunarzz.com/sight/p0/1507/54/ecaaa1f767f9c645cc7b7664c85fb4fe.water.jpg_710x360_1a808612.jpg〇https://imgs.qunarzz.com/sight/p0/1507/32/b7bb0fa3d89f5a364b0861ceb60faa89.water.jpg_710x360_04aa99fb.jpg,"{""ret"": true, ""data"": {""tagList"": [{""tagType"": 32, ""tagScore"": 5, ""tagNum"": 6, ""tagName"": ""\u670d\u52a1\u597d""}, {""tagType"": 16, ""tagScore"": 5, ""tagNum"": 9, ""tagName"": ""\u9760\u8c31""}, {""tagType"": 8, ""tagScore"": 5, ""tagNum"": 7, ""tagName"": ""\u4fbf\u5b9c""}, {""tagType"": 4, ""tagScore"": 5, ""tagNum"": 17, ""tagName"": ""\u53d6\u7968\u65b9\u4fbf""}, {""tagType"": 3, ""tagScore"": 5, ""tagNum"": 5, ""tagName"": ""\u5dee\u8bc4""}, {""tagType"": 2, ""tagScore"": 5, ""tagNum"": 26, ""tagName"": ""\u4e2d\u8bc4""}, {""tagType"": 1, ""tagScore"": 5, ""tagNum"": 1240, ""tagName"": ""\u597d\u8bc4""}, {""tagType"": 0, ""tagScore"": 5, ""tagNum"": 1292, ""tagName"": ""\u5168\u90e8""}], ""commentList"": [{""author"": ""f*0"", ""content"": ""\u7528\u6237\u672a\u70b9\u8bc4\uff0c\u7cfb\u7edf\u9ed8\u8ba4\u597d\u8bc4\u3002"", ""date"": ""2024-11-15"", ""score"": 5, ""commentId"": ""238774897"", ""imgs"": [], ""userNickName"": ""f*0"", ""replyCityName"": """", ""cityName"": """"}, {""author"": ""c*4"", ""content"": ""\u7528\u6237\u672a\u70b9\u8bc4\uff0c\u7cfb\u7edf\u9ed8\u8ba4\u597d\u8bc4\u3002"", ""date"": ""2024-09-17"", ""score"": 5, ""commentId"": ""236856386"", ""imgs"": [], ""userNickName"": ""c*4"", ""replyCityName"": """", ""cityName"": """"}, {""author"": ""\u53bb*\u6237"", ""content"": ""\u7528\u6237\u672a\u70b9\u8bc4\uff0c\u7cfb\u7edf\u9ed8\u8ba4\u597d\u8bc4\u3002"", ""date"": ""2024-09-09"", ""score"": 5, ""commentId"": ""236465958"", ""imgs"": [], ""userNickName"": ""\u53bb*\u6237"", ""replyCityName"": """", ""cityName"": """"}, {""author"": ""\u5927*s"", ""content"": ""\u7801\u5934\u6e21\u8239\u8239\u592b\u6001\u5ea6\u6076\u52a3\uff0c\u5751\u4eba\u8d5a\u9ed1\u5fc3\u94b1"", ""date"": ""2024-09-14"", ""score"": 1, ""commentId"": ""236766241"", ""imgs"": [], ""userNickName"": ""\u5927*s"", ""replyCityName"": """", ""cityName"": ""\u5e7f\u4e1c""}, {""author"": ""l*7"", ""content"": ""\u7528\u6237\u672a\u70b9\u8bc4\uff0c\u7cfb\u7edf\u9ed8\u8ba4\u597d\u8bc4\u3002"", ""date"": ""2024-03-28"", ""score"": 5, ""commentId"": ""232697404"", ""imgs"": [], ""userNickName"": ""l*7"", ""replyCityName"": """", ""cityName"": """"}, {""author"": ""l*e"", ""content"": ""\u7528\u6237\u672a\u70b9\u8bc4\uff0c\u7cfb\u7edf\u9ed8\u8ba4\u597d\u8bc4\u3002"", ""date"": ""2024-03-27"", ""score"": 5, ""commentId"": ""232675978"", ""imgs"": [], ""userNickName"": ""l*e"", ""replyCityName"": """", ""cityName"": """"}, {""author"": ""\u53bb*\u6237"", ""content"": ""\u7528\u6237\u672a\u70b9\u8bc4\uff0c\u7cfb\u7edf\u9ed8\u8ba4\u597d\u8bc4\u3002"", ""date"": ""2023-11-04"", ""score"": 5, ""commentId"": ""230068615"", ""imgs"": [], ""userNickName"": ""\u53bb*\u6237"", ""replyCityName"": """", ""cityName"": """"}, {""author"": ""a*9"", ""content"": ""\u7528\u6237\u672a\u70b9\u8bc4\uff0c\u7cfb\u7edf\u9ed8\u8ba4\u597d\u8bc4\u3002"", ""date"": ""2023-11-04"", ""score"": 5, ""commentId"": ""230046766"", ""imgs"": [], ""userNickName"": ""a*9"", ""replyCityName"": """", ""cityName"": """"}, {""author"": ""a*9"", ""content"": ""\u7528\u6237\u672a\u70b9\u8bc4\uff0c\u7cfb\u7edf\u9ed8\u8ba4\u597d\u8bc4\u3002"", ""date"": ""2023-11-04"", ""score"": 5, ""commentId"": ""230046747"", ""imgs"": [], ""userNickName"": ""a*9"", ""replyCityName"": """", ""cityName"": """"}, {""author"": ""\u53bb*\u6237"", ""content"": ""\u7528\u6237\u672a\u70b9\u8bc4\uff0c\u7cfb\u7edf\u9ed8\u8ba4\u597d\u8bc4\u3002"", ""date"": ""2023-11-02"", ""score"": 5, ""commentId"": ""229838558"", ""imgs"": [], ""userNickName"": ""\u53bb*\u6237"", ""replyCityName"": """", ""cityName"": """"}], ""score"": 4.7, ""commentCount"": 1292}, ""statusCode"": 200}"
九龙湖,https://imgs.qunarzz.com/sight/p0/1603/69/691b731b6811572a90.water.jpg_280x200_d32230bd.jpg,肇庆市,鼎湖区,肇庆市鼎湖区凤凰镇内,69,4.1,宛如九条蛟龙聚首而得名,https://piao.qunar.com/ticket/detail_430575384.html?st=a3clM0QlRTklQkMlOEUlRTYlQjklOTYlRTUlOEMlQkElMjZpZCUzRDUyNTYlMjZ0eXBlJTNEMCUyNmlkeCUzRDEzJTI2cXQlM0QlMjZhcGslM0QyJTI2c2MlM0RXV1clMjZ1ciUzRCVFNCVCOCVBRCVFNSVCMSVCMSUyNmxyJTNEJUU0JUI4JUFEJUU1JUIxJUIxJTI2ZnQlM0QlN0IlN0Q%3D#from=mpl_search_suggest,-1.0,N/A,肇庆市九龙湖——位于肇庆市鼎湖区凤凰镇内，集雨林面积达146平方公里，湖面面积达3.67平方公里，平均水深12米，湖面呈“人”字形，由九条山溪水汇合而成，九条山溪又宛如九条蛟龙腾空欲出，故有“九龙湖”之称。不同的季节形成了九龙湖四大景观：春天彩绿抒怀、夏天冰爽山泉、秋天山岭胜景、冬天飞雾奇观。春天，各种植物焕发生机，出现不同颜色的绿，在各种山花的衬托下，形成了彩绿的九龙湖，激起游人美好的情怀，浪漫的情感；夏天，清澈的山泉会显得更冰凉爽快，在溪流中戏水，在天然的潭水中浸浴、畅泳，倍感超级冰爽；秋天，秋高气爽，登上望龙岭或天神峰，可见九条山脉盘绕着九龙湖，在九龙湖水面的衬托下，仿佛九龙戏水，蔚为壮观；冬天，太阳日出时，湖水在太阳温暖的呼唤下，湖面形成一束束不同形态的白雾在舞动，仿若人间仙境，此时乘船游湖就像与众仙共舞，乐比天宫！九龙湖，像集奇、幽、野、趣于一体的原始山水风景画，是您寻幽探奇，回归自然的理想之处。在这里，您既可以森林观光探奇，感受山川风情，又可以在湖边度假，还可以参与原野拓展培训，激劢意志，熔练团队……九龙湖中心景区的天神沟雨林保护区猎奇探胜：幽谷深处景观丰富，瀑布、水潭、水叠、奇藤、趣石众多，就连恐龙时期的孑遗植物，有“活化石”之称的桫椤也整片藏于幽谷中。游览期间或穿越森林，纲索栈道，或跨越峡谷，或攀岩扶壁，或轻松行走铁索、过悬桥，让您体验无限野趣！,1/1-12/31；周一至周日；08:00-21:00开园,https://imgs.qunarzz.com/sight/p0/1603/69/691b731b6811572a90.water.jpg_710x360_49747aa4.jpg〇https://imgs.qunarzz.com/sight/p0/1408/28/0e78efc305f9c0dad3544995821b1b0a.jpg_710x360_3692d671.jpg〇https://imgs.qunarzz.com/sight/p0/1408/28/98c4c0f00c8821402327627e78dfc692.jpg_710x360_6387b253.jpg〇https://imgs.qunarzz.com/sight/p0/1408/28/dd571713ce4b327eaf7dfd549c5babae.jpg_710x360_7c8d3a96.jpg,"{""ret"": true, ""data"": {""tagList"": [{""tagType"": 3, ""tagScore"": 5, ""tagNum"": 3, ""tagName"": ""\u5dee\u8bc4""}, {""tagType"": 2, ""tagScore"": 5, ""tagNum"": 3, ""tagName"": ""\u4e2d\u8bc4""}, {""tagType"": 1, ""tagScore"": 5, ""tagNum"": 58, ""tagName"": ""\u597d\u8bc4""}, {""tagType"": 0, ""tagScore"": 5, ""tagNum"": 69, ""tagName"": ""\u5168\u90e8""}], ""commentList"": [{""author"": ""r*3"", ""content"": ""\u7528\u6237\u672a\u70b9\u8bc4\uff0c\u7cfb\u7edf\u9ed8\u8ba4\u597d\u8bc4\u3002"", ""date"": ""2024-11-02"", ""score"": 5, ""commentId"": ""238067250"", ""imgs"": [], ""userNickName"": ""r*3"", ""replyCityName"": """", ""cityName"": """"}, {""author"": ""\u53bb*\u6237\uff08\u8be5\u7528\u6237\u5df2\u6ce8\u9500\uff09"", ""content"": ""\u7528\u6237\u672a\u70b9\u8bc4\uff0c\u7cfb\u7edf\u9ed8\u8ba4\u597d\u8bc4\u3002"", ""date"": ""2022-04-14"", ""score"": 5, ""commentId"": ""222279385"", ""imgs"": [], ""userNickName"": ""\u53bb*\u6237\uff08\u8be5\u7528\u6237\u5df2\u6ce8\u9500\uff09"", ""replyCityName"": """", ""cityName"": """"}, {""author"": ""\u7cbe*\u4fa0"", ""content"": ""\u5f92\u6b65\u4e5d\u9f99\u6e56\u2014\u2014\u6570\u5e74\u524d\u9996\u6b21\u6765\u65f6\uff0c\u53ea\u5728\u6c34\u5e93\u4e0b\u7684\u5c71\u6c34\u6cf3\u6c60\u4e0e\u5927\u575d\u533a\u6e38\u73a9\uff0c\u6b64\u6b21\u4e3a\u524d\u5f804\u516c\u91cc\u5916\u7684\u5ea6\u5047\u9152\u5e97\uff0c\u5934\u9876\u70c8\u65e5\u7ed5\u6e56\u6df1\u5ea6\u6e38\uff01\u8239\u6e38\u4e5d\u9f99\u6e56\u2014\u2014\u54c8\uff01\u5927\u5927\u7684\u60ca\u559c\uff01\u56e0\u4e3a\u5ea6\u5047\u9152\u5e97\u5728\u666f\u533a\u6838\u5fc3\u7684\u5c9b\u4e0a\uff0c\u6545\u5165\u4f4f\u9152\u5e97\u5373\u8d60\u900160\u5143\u95e8\u7968\u4e24\u5f20\uff01\u7b49\u4e8e\u6263\u51cf\u4e86120\u5143\u623f\u8d39\uff01\u4ffa\u66f4\u662f\u5c0a\u8d35\u8bd5\u7761+\u514d\u8d39\u6e38\u89c8\uff01\u5750\u7740\u6e38\u8239\u767b\u5c9b\u5165\u4f4f\uff0c\u5fd2\u6709\u8da3\u7684\u4f53\u9a8c\uff01"", ""date"": ""2017-10-08"", ""score"": 4, ""commentId"": ""204129525"", ""imgs"": [{""small"": ""https://imgs.qunarzz.com/p/tts9/1712/e3/4bb894e0f59cef02.jpg_120x120_e7e5137c.jpg"", ""title"": """", ""big"": ""https://imgs.qunarzz.com/p/tts9/1712/e3/4bb894e0f59cef02.jpg""}, {""small"": ""https://imgs.qunarzz.com/p/tts6/1712/6f/e69f4f5bf7c0fe02.jpg_120x120_f5f56919.jpg"", ""title"": """", ""big"": ""https://imgs.qunarzz.com/p/tts6/1712/6f/e69f4f5bf7c0fe02.jpg""}, {""small"": ""https://imgs.qunarzz.com/p/tts0/1712/d3/8ee71444d7dd7402.jpg_120x120_41b23158.jpg"", ""title"": """", ""big"": ""https://imgs.qunarzz.com/p/tts0/1712/d3/8ee71444d7dd7402.jpg""}, {""small"": ""https://imgs.qunarzz.com/p/tts6/1712/db/c8e7f47d2ce1ab02.jpg_120x120_21c35f0f.jpg"", ""title"": """", ""big"": ""https://imgs.qunarzz.com/p/tts6/1712/db/c8e7f47d2ce1ab02.jpg""}], ""userNickName"": ""\u7cbe*\u4fa0"", ""replyCityName"": """", ""cityName"": """"}, {""author"": ""\u98ce*L"", ""content"": ""\u4e5d\u9f99\u6e56\u597d\u7f8e\uff0c\u4e0d\u8fc7\u7f51\u8d2d\u95e8\u7968\u4e5f\u4e0d\u662f\u5f88\u4fbf\u5b9c\uff0c\u8fd8\u8981\u4e00\u6b21\u6027\u4e7010\u5f20"", ""date"": ""2018-07-29"", ""score"": 5, ""commentId"": ""207016461"", ""imgs"": [{""small"": ""https://imgs.qunarzz.com/p/tts2/1808/d6/235e5a89befec402.jpg_120x120_4d7e78ba.jpg"", ""title"": """", ""big"": ""https://imgs.qunarzz.com/p/tts2/1808/d6/235e5a89befec402.jpg""}], ""userNickName"": ""\u98ce*L"", ""replyCityName"": """", ""cityName"": """"}, {""author"": ""n*5"", ""content"": ""\u7528\u6237\u672a\u70b9\u8bc4\uff0c\u7cfb\u7edf\u9ed8\u8ba4\u597d\u8bc4\u3002"", ""date"": ""2018-05-31"", ""score"": 5, ""commentId"": ""206382854"", ""imgs"": [], ""userNickName"": ""n*5"", ""replyCityName"": """", ""cityName"": """"}, {""author"": ""Q*9"", ""content"": ""\u73af\u5883\u4e0d\u9519\uff0c\u503c\u5f97\u4e00\u6e38\uff0c\u6eaa\u6c34\u6808\u9053\uff0c"", ""date"": ""2018-07-04"", ""score"": 5, ""commentId"": ""206760981"", ""imgs"": [], ""userNickName"": ""Q*9"", ""replyCityName"": """", ""cityName"": """"}, {""author"": ""M*7"", ""content"": ""\u8fd9\u91cc\u662f\u8087\u5e86\u51e4\u51f0\u53e4\u9547\u7684\u53e4\u8001\u666f\u70b9\uff0c\u4e00\u5b9a\u5f97\u53bb\u770b\u770b\u3002"", ""date"": ""2018-05-04"", ""score"": 5, ""commentId"": ""206130539"", ""imgs"": [], ""userNickName"": ""M*7"", ""replyCityName"": """", ""cityName"": """"}, {""author"": ""f*o"", ""content"": ""\u8d85\u7ea7\u51c9\u723d\u7684\u907f\u6691\u80dc\u5730\uff0c\u9ad8\u901f\u4e0b\u6765\u4e0d\u8fdc\u5c31\u662f\u4e86\uff0c\u642d\u6e21\u8239\u8fc7\u53bb\uff0c\u6cbf\u7740\u5c71\u6eaa\u5f80\u4e0a\u722c\uff0c\u6e7f\u5ea6\u6bd4\u8f83\u9ad8\uff0c\u8863\u670d\u4e00\u76f4\u6e7f\u900f\uff0c\u4f46\u662f\u5c31\u662f\u4e0d\u89c9\u5f97\u70ed\uff0c\u884c\u7a0b2\u4e2a\u591a\u5c0f\u65f6\uff0c\u6ce8\u610f\u8981\u51c6\u5907\u5e72\u7cae\uff0c\u6cbf\u9014\u90fd\u6ca1\u6709\u6d17\u624b\u95f4\uff0c\u63a2\u9669\u597d\u5730\u65b9\uff0c\u6691\u5047\u5ea6\u5047\u7684\u9996\u9009\uff0c\u53bb\u4e86\u4e00\u6b21\u8fd8\u60f3\u53bb\u7b2c\u4e8c\u6b21\uff0c\u8fd8\u53ef\u4ee5\u6e38\u6cf3\u3002"", ""date"": ""2017-08-22"", ""score"": 5, ""commentId"": ""204761831"", ""imgs"": [], ""userNickName"": ""f*o"", ""replyCityName"": """", ""cityName"": """"}, {""author"": ""_*3"", ""content"": ""\u4e5d\u9f99\u6e56\uff0c\u50cf\u96c6\u5947\u3001\u5e7d\u3001\u91ce\u3001\u8da3\u4e8e\u4e00\u4f53\u7684\u539f\u59cb\u5c71\u6c34\u98ce\u666f\u753b\uff0c\u662f\u5bfb\u5e7d\u63a2\u5947\uff0c\u56de\u5f52\u81ea\u7136\u7684\u7406\u60f3\u4e4b\u5904\u3002\u5728\u8fd9\u91cc\uff0c\u4f60\u65e2\u53ef\u4ee5\u68ee\u6797\u89c2\u5149\u63a2\u5947\uff0c\u611f\u53d7\u5c71\u5ddd\u98ce\u60c5\uff0c\u53c8\u53ef\u4ee5\u5728\u6e56\u8fb9\u5ea6\u5047\uff0c\u4eab\u53d7\u5feb\u610f\u7684\u65f6\u5149\u3002"", ""date"": ""2017-06-29"", ""score"": 5, ""commentId"": ""204912154"", ""imgs"": [{""small"": ""https://imgs.qunarzz.com/p/tts2/1801/cf/d60beeca91dfe702.jpg_120x120_969e5bbb.jpg"", ""title"": """", ""big"": ""https://imgs.qunarzz.com/p/tts2/1801/cf/d60beeca91dfe702.jpg""}, {""small"": ""https://imgs.qunarzz.com/p/tts5/1801/44/ee099219ea842502.jpg_120x120_10f4fe85.jpg"", ""title"": """", ""big"": ""https://imgs.qunarzz.com/p/tts5/1801/44/ee099219ea842502.jpg""}, {""small"": ""https://imgs.qunarzz.com/p/tts3/1801/b6/a1a92e622f16a02.jpg_120x120_d90e7fc2.jpg"", ""title"": """", ""big"": ""https://imgs.qunarzz.com/p/tts3/1801/b6/a1a92e622f16a02.jpg""}], ""userNickName"": ""_*3"", ""replyCityName"": """", ""cityName"": """"}, {""author"": ""\u5c0f*\u5a03"", ""content"": ""\u4e5d\u9f99\u6e56\u662f\u4e00\u5927\u7247\u96e8\u6797\uff0c\u91cc\u9762\u6709\u5c71\u6709\u6c34\uff0c\u6709\u6811\u6709\u6728\uff0c\u6709\u82b1\u6709\u8349\uff0c\u98ce\u666f\u76f8\u5f53\u4f18\u7f8e\uff0c\u7a7a\u6c14\u4e5f\u975e\u5e38\u65b0\u9c9c\uff0c\u9002\u5408\u5e26\u7740\u5bb6\u91cc\u7684\u8001\u4eba\u8fc7\u6765\u5ea6\u5ea6\u5047\uff0c\u62cd\u62cd\u7167\u3002"", ""date"": ""2017-06-14"", ""score"": 4, ""commentId"": ""204973023"", ""imgs"": [{""small"": ""https://imgs.qunarzz.com/p/tts2/1801/cd/7fae3fddbabc6e02.jpg_120x120_18ddd7e2.jpg"", ""title"": """", ""big"": ""https://imgs.qunarzz.com/p/tts2/1801/cd/7fae3fddbabc6e02.jpg""}, {""small"": ""https://imgs.qunarzz.com/p/tts3/1801/b8/413c26e0430c2a02.jpg_120x120_d220ff1b.jpg"", ""title"": """", ""big"": ""https://imgs.qunarzz.com/p/tts3/1801/b8/413c26e0430c2a02.jpg""}, {""small"": ""https://imgs.qunarzz.com/p/tts3/1801/db/f3126a518108b502.jpg_120x120_05eeb6bd.jpg"", ""title"": """", ""big"": ""https://imgs.qunarzz.com/p/tts3/1801/db/f3126a518108b502.jpg""}], ""userNickName"": ""\u5c0f*\u5a03"", ""replyCityName"": """", ""cityName"": """"}], ""score"": 4.1, ""commentCount"": 69}, ""statusCode"": 200}"
鼎湖大峡谷,https://qimgs.qunarzz.com/piao_qsight_provider_piao_qsight_web/0104012000atmjuz1013C_C_900_504.jpg_280x200_6fd63fe5.jpg,肇庆市,鼎湖区,肇庆市鼎湖区东进大道68号,87,5.0,鼎湖大峡谷位于鼎湖区幸福农场西北150米.,https://piao.qunar.com/ticket/detail_308365003.html?st=a3clM0QlRTklQkMlOEUlRTYlQjklOTYlRTUlOEMlQkElMjZpZCUzRDUxNzYzMiUyNnR5cGUlM0QwJTI2aWR4JTNENCUyNnF0JTNEJTI2YXBrJTNEMiUyNnNjJTNEV1dXJTI2dXIlM0QlRTQlQjglQUQlRTUlQjElQjElMjZsciUzRCVFNCVCOCVBRCVFNSVCMSVCMSUyNmZ0JTNEJTdCJTdE#from=mpl_search_suggest,38.0,N/A,鼎湖大峡谷位于鼎湖区幸福农场西北150米.,1/1-12/31；周一至周日；10:00-20:00开园,https://qimgs.qunarzz.com/piao_qsight_provider_piao_qsight_web/0104012000atmjuz1013C_C_900_504.jpg_710x360_2173e0c7.jpg〇https://qimgs.qunarzz.com/piao_qsight_provider_piao_qsight_web/0105312000atmjq4s2C82_C_900_504_Q90_Mtg_7.jpg_710x360_dc05b9c0.jpg〇https://qimgs.qunarzz.com/piao_qsight_provider_piao_qsight_web/0104k12000atmws7jBBAD_C_900_504_Q90_Mtg_7.jpg_710x360_43bfc86c.jpg〇https://qimgs.qunarzz.com/piao_qsight_provider_piao_qsight_web/0105712000atmjt4c3B2D_C_900_504_Q90_Mtg_7.jpg_710x360_38b5ac13.jpg〇https://qimgs.qunarzz.com/piao_qsight_provider_piao_qsight_web/0104012000atmjuz1013C_C_900_504_Q90_Mtg_7.jpg_710x360_8c6d63e8.jpg,"{""ret"": true, ""data"": {""tagList"": [{""tagType"": 1, ""tagScore"": 5, ""tagNum"": 87, ""tagName"": ""\u597d\u8bc4""}, {""tagType"": 0, ""tagScore"": 5, ""tagNum"": 87, ""tagName"": ""\u5168\u90e8""}], ""commentList"": [{""author"": ""i*6"", ""content"": ""\u7528\u6237\u672a\u70b9\u8bc4\uff0c\u7cfb\u7edf\u9ed8\u8ba4\u597d\u8bc4\u3002"", ""date"": ""2024-11-01"", ""score"": 5, ""commentId"": ""237963194"", ""imgs"": [], ""userNickName"": ""i*6"", ""replyCityName"": """", ""cityName"": """"}, {""author"": ""\u53bb*\u6237"", ""content"": ""\u7528\u6237\u672a\u70b9\u8bc4\uff0c\u7cfb\u7edf\u9ed8\u8ba4\u597d\u8bc4\u3002"", ""date"": ""2024-11-01"", ""score"": 5, ""commentId"": ""237950660"", ""imgs"": [], ""userNickName"": ""\u53bb*\u6237"", ""replyCityName"": """", ""cityName"": """"}, {""author"": ""\u53bb*\u6237"", ""content"": ""\u7528\u6237\u672a\u70b9\u8bc4\uff0c\u7cfb\u7edf\u9ed8\u8ba4\u597d\u8bc4\u3002"", ""date"": ""2024-08-14"", ""score"": 5, ""commentId"": ""235509226"", ""imgs"": [], ""userNickName"": ""\u53bb*\u6237"", ""replyCityName"": """", ""cityName"": """"}, {""author"": ""\u53bb*\u6237"", ""content"": ""\u7528\u6237\u672a\u70b9\u8bc4\uff0c\u7cfb\u7edf\u9ed8\u8ba4\u597d\u8bc4\u3002"", ""date"": ""2024-03-19"", ""score"": 5, ""commentId"": ""232513099"", ""imgs"": [], ""userNickName"": ""\u53bb*\u6237"", ""replyCityName"": """", ""cityName"": """"}, {""author"": ""a*6"", ""content"": ""\u7528\u6237\u672a\u70b9\u8bc4\uff0c\u7cfb\u7edf\u9ed8\u8ba4\u597d\u8bc4\u3002"", ""date"": ""2024-03-16"", ""score"": 5, ""commentId"": ""232314471"", ""imgs"": [], ""userNickName"": ""a*6"", ""replyCityName"": """", ""cityName"": """"}, {""author"": ""\u53bb*\u6237"", ""content"": ""\u7528\u6237\u672a\u70b9\u8bc4\uff0c\u7cfb\u7edf\u9ed8\u8ba4\u597d\u8bc4\u3002"", ""date"": ""2024-03-07"", ""score"": 5, ""commentId"": ""231824096"", ""imgs"": [], ""userNickName"": ""\u53bb*\u6237"", ""replyCityName"": """", ""cityName"": """"}, {""author"": ""s*0"", ""content"": ""\u7528\u6237\u672a\u70b9\u8bc4\uff0c\u7cfb\u7edf\u9ed8\u8ba4\u597d\u8bc4\u3002"", ""date"": ""2023-11-05"", ""score"": 5, ""commentId"": ""230164827"", ""imgs"": [], ""userNickName"": ""s*0"", ""replyCityName"": """", ""cityName"": """"}, {""author"": ""n*2"", ""content"": ""\u7528\u6237\u672a\u70b9\u8bc4\uff0c\u7cfb\u7edf\u9ed8\u8ba4\u597d\u8bc4\u3002"", ""date"": ""2023-11-04"", ""score"": 5, ""commentId"": ""230072061"", ""imgs"": [], ""userNickName"": ""n*2"", ""replyCityName"": """", ""cityName"": """"}, {""author"": ""k*6"", ""content"": ""\u7528\u6237\u672a\u70b9\u8bc4\uff0c\u7cfb\u7edf\u9ed8\u8ba4\u597d\u8bc4\u3002"", ""date"": ""2023-11-03"", ""score"": 5, ""commentId"": ""230006098"", ""imgs"": [], ""userNickName"": ""k*6"", ""replyCityName"": """", ""cityName"": """"}, {""author"": ""R*\u674e"", ""content"": ""\u7528\u6237\u672a\u70b9\u8bc4\uff0c\u7cfb\u7edf\u9ed8\u8ba4\u597d\u8bc4\u3002"", ""date"": ""2023-11-02"", ""score"": 5, ""commentId"": ""229910932"", ""imgs"": [], ""userNickName"": ""R*\u674e"", ""replyCityName"": """", ""cityName"": """"}], ""score"": 5.0, ""commentCount"": 87}, ""statusCode"": 200}"
鼎湖,https://qimgs.qunarzz.com/piao_qsight_provider_piao_qsight_web/100p1f000001gpdpfFE34_C_900_504.jpg_280x200_917d5e8e.jpg,肇庆市,鼎湖区,肇庆市鼎湖区境内,-1,-1.0,碧波荡漾的“小桂林”,https://piao.qunar.com/ticket/detail_1709726888.html?st=a3clM0QlRTklQkMlOEUlRTYlQjklOTYlRTUlOEMlQkElMjZpZCUzRDUxNjE0MSUyNnR5cGUlM0QwJTI2aWR4JTNEMTElMjZxdCUzRCUyNmFwayUzRDIlMjZzYyUzRFdXVyUyNnVyJTNEJUU0JUI4JUFEJUU1JUIxJUIxJTI2bHIlM0QlRTQlQjglQUQlRTUlQjElQjElMjZmdCUzRCU3QiU3RA%3D%3D#from=mpl_search_suggest,500.0,N/A,N/A,1/1-12/31；周一至周日；全天开放,https://qimgs.qunarzz.com/piao_qsight_provider_piao_qsight_web/100p1f000001gpdpfFE34_C_900_504.jpg_710x360_8f14850d.jpg〇https://qimgs.qunarzz.com/piao_qsight_provider_piao_qsight_web/100p1f000001gpdpfFE34_C_900_504_Q90_Mtg_7.jpg_710x360_a6c92e51.jpg,"{""ret"": true, ""data"": {""tagList"": [{""tagType"": 0, ""tagScore"": 5, ""tagNum"": 0, ""tagName"": ""\u5168\u90e8""}], ""score"": 0.0, ""commentCount"": 0}, ""statusCode"": 200}"
天湖鹭鸟生态风景区,https://qimgs.qunarzz.com/piao_qsight_provider_piao_qsight_web/1lo7212000ckdq09gB180_C_900_504.jpg_280x200_380e3224.jpg,肇庆市,鼎湖区,广东省肇庆市鼎湖区沙浦镇天湖水产养殖基地内,18,5.0,肇庆天湖鹭鸟天堂生态邨，位于西江边的鼎湖区沙埔镇。由于原生态环境好，栖息了上万只鹭鸟。加上对自然环境的保护及对野生鸟类的,https://piao.qunar.com/ticket/detail_3559004521.html?st=a3clM0QlRTklQkMlOEUlRTYlQjklOTYlRTUlOEMlQkElMjZpZCUzRDUxMjE1NSUyNnR5cGUlM0QwJTI2aWR4JTNEMiUyNnF0JTNEJTI2YXBrJTNEMiUyNnNjJTNEV1dXJTI2dXIlM0QlRTQlQjglQUQlRTUlQjElQjElMjZsciUzRCVFNCVCOCVBRCVFNSVCMSVCMSUyNmZ0JTNEJTdCJTdE#from=mpl_search_suggest,29.3,N/A,肇庆天湖鹭鸟天堂生态邨，位于西江边的鼎湖区沙埔镇。由于原生态环境好，栖息了上万只鹭鸟。加上对自然环境的保护及对野生鸟类的喂养，成为了候鸟的天堂。,1/1-12/31；周一至周日；08:00-18:00开园,https://qimgs.qunarzz.com/piao_qsight_provider_piao_qsight_web/1lo7212000ckdq09gB180_C_900_504.jpg_710x360_6eb11364.jpg〇https://qimgs.qunarzz.com/piao_qsight_provider_piao_qsight_web/1lo6j12000bsx6mmb0E1D_C_900_504_Q90_Mtg_7.jpg_710x360_23601b62.jpg〇https://qimgs.qunarzz.com/piao_qsight_provider_piao_qsight_web/1lo5812000bsx7xw988AE_C_900_504_Q90_Mtg_7.jpg_710x360_a7e6336b.jpg〇https://qimgs.qunarzz.com/piao_qsight_provider_piao_qsight_web/1lo5z12000bsx6uz2DE6A_C_900_504_Q90_Mtg_7.jpg_710x360_90a222d6.jpg〇https://qimgs.qunarzz.com/piao_qsight_provider_piao_qsight_web/1lo1212000bsx72xc1E44_C_900_504_Q90_Mtg_7.jpg_710x360_b75d302f.jpg〇https://qimgs.qunarzz.com/piao_qsight_provider_piao_qsight_web/1lo0912000bsxauaq18A1_C_900_504_Q90_Mtg_7.jpg_710x360_e6a320f9.jpg〇https://qimgs.qunarzz.com/piao_qsight_provider_piao_qsight_web/1lo2412000bsx6xry8A0D_C_900_504_Q90_Mtg_7.jpg_710x360_01a4a14d.jpg〇https://qimgs.qunarzz.com/piao_qsight_provider_piao_qsight_web/1lo5h12000bsx7wzw740E_C_900_504_Q90_Mtg_7.jpg_710x360_0a3b3fa6.jpg〇https://qimgs.qunarzz.com/piao_qsight_provider_piao_qsight_web/1lo1w12000bsx82viDB5C_C_900_504_Q90_Mtg_7.jpg_710x360_79b3cd4c.jpg〇https://qimgs.qunarzz.com/piao_qsight_provider_piao_qsight_web/1lo1m12000bsx7tz17F81_C_900_504_Q90_Mtg_7.jpg_710x360_7e626dc4.jpg〇https://qimgs.qunarzz.com/piao_qsight_provider_piao_qsight_web/1lo7212000ckdq09gB180_C_900_504_Q90_Mtg_7.jpg_710x360_37803c30.jpg〇https://imgs.qunarzz.com/sight/p0/2109/9c/9c9babe3aeb6f2eba3.img.jpg_710x360_a9274441.jpg〇https://imgs.qunarzz.com/sight/p0/2109/68/6897d1afb80290e9a3.img.jpg_710x360_46d50b97.jpg,"{""ret"": true, ""data"": {""tagList"": [{""tagType"": 1, ""tagScore"": 5, ""tagNum"": 18, ""tagName"": ""\u597d\u8bc4""}, {""tagType"": 0, ""tagScore"": 5, ""tagNum"": 18, ""tagName"": ""\u5168\u90e8""}], ""commentList"": [{""author"": ""\u53bb*\u6237"", ""content"": ""\u7528\u6237\u672a\u70b9\u8bc4\uff0c\u7cfb\u7edf\u9ed8\u8ba4\u597d\u8bc4\u3002"", ""date"": ""2024-11-02"", ""score"": 5, ""commentId"": ""238122019"", ""imgs"": [], ""userNickName"": ""\u53bb*\u6237"", ""replyCityName"": """", ""cityName"": """"}, {""author"": ""g*7"", ""content"": ""\u7528\u6237\u672a\u70b9\u8bc4\uff0c\u7cfb\u7edf\u9ed8\u8ba4\u597d\u8bc4\u3002"", ""date"": ""2024-07-23"", ""score"": 5, ""commentId"": ""234953642"", ""imgs"": [], ""userNickName"": ""g*7"", ""replyCityName"": """", ""cityName"": """"}, {""author"": ""\u53bb*\u6237"", ""content"": ""\u7528\u6237\u672a\u70b9\u8bc4\uff0c\u7cfb\u7edf\u9ed8\u8ba4\u597d\u8bc4\u3002"", ""date"": ""2024-02-25"", ""score"": 5, ""commentId"": ""231597252"", ""imgs"": [], ""userNickName"": ""\u53bb*\u6237"", ""replyCityName"": """", ""cityName"": """"}, {""author"": ""\u53bb*\u6237"", ""content"": ""\u7528\u6237\u672a\u70b9\u8bc4\uff0c\u7cfb\u7edf\u9ed8\u8ba4\u597d\u8bc4\u3002"", ""date"": ""2024-02-25"", ""score"": 5, ""commentId"": ""231596730"", ""imgs"": [], ""userNickName"": ""\u53bb*\u6237"", ""replyCityName"": """", ""cityName"": """"}, {""author"": ""\u53bb*\u6237"", ""content"": ""\u7528\u6237\u672a\u70b9\u8bc4\uff0c\u7cfb\u7edf\u9ed8\u8ba4\u597d\u8bc4\u3002"", ""date"": ""2024-02-25"", ""score"": 5, ""commentId"": ""231596330"", ""imgs"": [], ""userNickName"": ""\u53bb*\u6237"", ""replyCityName"": """", ""cityName"": """"}, {""author"": ""h*6"", ""content"": ""\u7528\u6237\u672a\u70b9\u8bc4\uff0c\u7cfb\u7edf\u9ed8\u8ba4\u597d\u8bc4\u3002"", ""date"": ""2024-01-09"", ""score"": 5, ""commentId"": ""230995791"", ""imgs"": [], ""userNickName"": ""h*6"", ""replyCityName"": """", ""cityName"": """"}, {""author"": ""\u53bb*\u6237"", ""content"": ""\u7528\u6237\u672a\u70b9\u8bc4\uff0c\u7cfb\u7edf\u9ed8\u8ba4\u597d\u8bc4\u3002"", ""date"": ""2023-12-29"", ""score"": 5, ""commentId"": ""230883867"", ""imgs"": [], ""userNickName"": ""\u53bb*\u6237"", ""replyCityName"": """", ""cityName"": """"}, {""author"": ""b*2"", ""content"": ""\u7528\u6237\u672a\u70b9\u8bc4\uff0c\u7cfb\u7edf\u9ed8\u8ba4\u597d\u8bc4\u3002"", ""date"": ""2023-12-26"", ""score"": 5, ""commentId"": ""230847710"", ""imgs"": [], ""userNickName"": ""b*2"", ""replyCityName"": """", ""cityName"": """"}, {""author"": ""s*4"", ""content"": ""\u7528\u6237\u672a\u70b9\u8bc4\uff0c\u7cfb\u7edf\u9ed8\u8ba4\u597d\u8bc4\u3002"", ""date"": ""2023-06-02"", ""score"": 5, ""commentId"": ""226051580"", ""imgs"": [], ""userNickName"": ""s*4"", ""replyCityName"": """", ""cityName"": """"}, {""author"": ""J*9"", ""content"": ""\u7528\u6237\u672a\u70b9\u8bc4\uff0c\u7cfb\u7edf\u9ed8\u8ba4\u597d\u8bc4\u3002"", ""date"": ""2022-11-15"", ""score"": 5, ""commentId"": ""223796557"", ""imgs"": [], ""userNickName"": ""J*9"", ""replyCityName"": """", ""cityName"": """"}], ""score"": 5.0, ""commentCount"": 18}, ""statusCode"": 200}"
砚阳湖果果绳网乐园,https://qimgs.qunarzz.com/piao_qsight_provider_piao_qsight_web/0102012000bxzaxs65C39_C_900_504.jpg_280x200_709ebd79.jpg,肇庆市,鼎湖区,肇庆市鼎湖区永利大道旁,-1,-1.0,N/A,https://piao.qunar.com/ticket/detail_3715927373.html?st=a3clM0QlRTklQkMlOEUlRTYlQjklOTYlRTUlOEMlQkElMjZpZCUzRDUyMTI0NiUyNnR5cGUlM0QwJTI2aWR4JTNEMTAlMjZxdCUzRCUyNmFwayUzRDIlMjZzYyUzRFdXVyUyNnVyJTNEJUU0JUI4JUFEJUU1JUIxJUIxJTI2bHIlM0QlRTQlQjglQUQlRTUlQjElQjElMjZmdCUzRCU3QiU3RA%3D%3D#from=mpl_search_suggest,39.9,N/A,N/A,1/1-12/31；周一至周五；16:00-22:00开园,https://qimgs.qunarzz.com/piao_qsight_provider_piao_qsight_web/0102012000bxzaxs65C39_C_900_504.jpg_710x360_22536896.jpg,"{""ret"": true, ""data"": {""tagList"": [{""tagType"": 0, ""tagScore"": 5, ""tagNum"": 0, ""tagName"": ""\u5168\u90e8""}], ""score"": 0.0, ""commentCount"": 0}, ""statusCode"": 200}"
藏龙沟,https://imgs.qunarzz.com/sight/p0/1510/33/33dc1a866dba86b2.water.jpg_280x200_4b942001.jpg,肇庆市,鼎湖区,广东省肇庆市鼎湖区藏龙沟风景区内,5,5.0,这里有众多的植被,https://piao.qunar.com/ticket/detail_2335365506.html?st=a3clM0QlRTklQkMlOEUlRTYlQjklOTYlRTUlOEMlQkElMjZpZCUzRDQ1NTcwNSUyNnR5cGUlM0QwJTI2aWR4JTNEMSUyNnF0JTNEJTI2YXBrJTNEMiUyNnNjJTNEV1dXJTI2dXIlM0QlRTQlQjglQUQlRTUlQjElQjElMjZsciUzRCVFNCVCOCVBRCVFNSVCMSVCMSUyNmZ0JTNEJTdCJTdE#from=mpl_search_suggest,7.0,N/A,景区有鼎湖后花园之称，自然生态林木覆盖整个景区，100%天然大氧吧。沟长6000米满布奇石瀑布，内分三大区域：植物区、溯溪区、探险区，适合各类人士户外活动。,1/1-12/31；周一至周日；8:00-17:30开园,https://imgs.qunarzz.com/sight/p0/1510/33/33dc1a866dba86b2.water.jpg_710x360_b906d439.jpg〇https://qimgs.qunarzz.com/piao_qsight_provider_piao_qsight_web/010351200092lp57031D0_C_900_504_Q90_Mtg_7.jpg_710x360_727e8094.jpg〇https://qimgs.qunarzz.com/piao_qsight_provider_piao_qsight_web/bb68b58eee040612d5d88cd3544444b8.jpg_710x360_18692e6b.jpg〇https://qimgs.qunarzz.com/piao_qsight_provider_piao_qsight_web/9fb0e672841f3037.jpg_710x360_ebc4437b.jpg,"{""ret"": true, ""data"": {""tagList"": [{""tagType"": 1, ""tagScore"": 5, ""tagNum"": 5, ""tagName"": ""\u597d\u8bc4""}, {""tagType"": 0, ""tagScore"": 5, ""tagNum"": 5, ""tagName"": ""\u5168\u90e8""}], ""commentList"": [{""author"": ""u*4"", ""content"": ""\u7528\u6237\u672a\u70b9\u8bc4\uff0c\u7cfb\u7edf\u9ed8\u8ba4\u597d\u8bc4\u3002"", ""date"": ""2023-10-17"", ""score"": 5, ""commentId"": ""229432604"", ""imgs"": [], ""userNickName"": ""u*4"", ""replyCityName"": """", ""cityName"": """"}, {""author"": ""x*8"", ""content"": ""\u7528\u6237\u672a\u70b9\u8bc4\uff0c\u7cfb\u7edf\u9ed8\u8ba4\u597d\u8bc4\u3002"", ""date"": ""2023-09-06"", ""score"": 5, ""commentId"": ""228179470"", ""imgs"": [], ""userNickName"": ""x*8"", ""replyCityName"": """", ""cityName"": """"}, {""author"": ""\u83b2*\u59d0"", ""content"": ""\u7528\u6237\u672a\u70b9\u8bc4\uff0c\u7cfb\u7edf\u9ed8\u8ba4\u597d\u8bc4\u3002"", ""date"": ""2023-08-20"", ""score"": 5, ""commentId"": ""227489357"", ""imgs"": [], ""userNickName"": ""\u83b2*\u59d0"", ""replyCityName"": """", ""cityName"": """"}, {""author"": ""\u83b2*\u59d0"", ""content"": ""\u7528\u6237\u672a\u70b9\u8bc4\uff0c\u7cfb\u7edf\u9ed8\u8ba4\u597d\u8bc4\u3002"", ""date"": ""2023-08-20"", ""score"": 5, ""commentId"": ""227487722"", ""imgs"": [], ""userNickName"": ""\u83b2*\u59d0"", ""replyCityName"": """", ""cityName"": """"}, {""author"": ""\u53bb*\u6237"", ""content"": ""\u7528\u6237\u672a\u70b9\u8bc4\uff0c\u7cfb\u7edf\u9ed8\u8ba4\u597d\u8bc4\u3002"", ""date"": ""2023-06-30"", ""score"": 5, ""commentId"": ""226394817"", ""imgs"": [], ""userNickName"": ""\u53bb*\u6237"", ""replyCityName"": """", ""cityName"": """"}], ""score"": 5.0, ""commentCount"": 5}, ""statusCode"": 200}"
元气森林肇庆工业旅游景区,https://qimgs.qunarzz.com/piao_qsight_provider_piao_qsight_web/CghzflW7H_iATdynAAA-FlXAIeA738_C_900_504.jpg_280x200_e742c64d.jpg,肇庆市,鼎湖区,肇庆市鼎湖区创业路桂花园东南侧约210米,-1,-1.0,N/A,https://piao.qunar.com/ticket/detail_4015326275.html?st=a3clM0QlRTklQkMlOEUlRTYlQjklOTYlRTUlOEMlQkElMjZpZCUzRDUyMjE1NCUyNnR5cGUlM0QwJTI2aWR4JTNEOSUyNnF0JTNEJTI2YXBrJTNEMiUyNnNjJTNEV1dXJTI2dXIlM0QlRTQlQjglQUQlRTUlQjElQjElMjZsciUzRCVFNCVCOCVBRCVFNSVCMSVCMSUyNmZ0JTNEJTdCJTdE#from=mpl_search_suggest,25.0,N/A,N/A,"1/1-12/31；周一至周日；09:00-11:00,14:00-17:00开园",https://qimgs.qunarzz.com/piao_qsight_provider_piao_qsight_web/CghzflW7H_iATdynAAA-FlXAIeA738_C_900_504.jpg_710x360_a48badde.jpg,"{""ret"": true, ""data"": {""tagList"": [{""tagType"": 0, ""tagScore"": 5, ""tagNum"": 0, ""tagName"": ""\u5168\u90e8""}], ""score"": 0.0, ""commentCount"": 0}, ""statusCode"": 200}"
下灶丛林越野俱乐部,https://imgs.qunarzz.com/sight/p0/2108/94/9410230c9e93b0aca3.img.jpg_280x200_cae26606.jpg,肇庆市,高要区,广东省肇庆市高要区白土镇下灶村宋隆河东南500米,1,5.0,没有驾驶证也可以开的山地越野四驱车，2分钟包教包会，全套护具。另外还有帅气的赛车服装租赁，拍个帅气的视频照片。,https://piao.qunar.com/ticket/detail_4049322680.html?st=a3clM0QlRTklQUIlOTglRTglQTYlODElRTUlOEMlQkElMjZpZCUzRDUxMTYwOCUyNnR5cGUlM0QwJTI2aWR4JTNEMTElMjZxdCUzRCUyNmFwayUzRDIlMjZzYyUzRFdXVyUyNnVyJTNEJUU0JUI4JUFEJUU1JUIxJUIxJTI2bHIlM0QlRTQlQjglQUQlRTUlQjElQjElMjZmdCUzRCU3QiU3RA%3D%3D#from=mpl_search_suggest,-1.0,N/A,没有驾驶证也可以开的山地越野四驱车，2分钟包教包会，全套护具。另外还有帅气的赛车服装租赁，拍个帅气的视频照片。,9:00-19:00,https://imgs.qunarzz.com/sight/p0/2108/94/9410230c9e93b0aca3.img.jpg_710x360_8fafab33.jpg〇https://imgs.qunarzz.com/sight/p0/2108/a6/a633e9b38a295d03a3.img.jpg_710x360_247bbe22.jpg,"{""ret"": true, ""data"": {""tagList"": [{""tagType"": 1, ""tagScore"": 5, ""tagNum"": 1, ""tagName"": ""\u597d\u8bc4""}, {""tagType"": 0, ""tagScore"": 5, ""tagNum"": 1, ""tagName"": ""\u5168\u90e8""}], ""commentList"": [{""author"": ""j*4"", ""content"": ""\u7528\u6237\u672a\u70b9\u8bc4\uff0c\u7cfb\u7edf\u9ed8\u8ba4\u597d\u8bc4\u3002"", ""date"": ""2023-06-03"", ""score"": 5, ""commentId"": ""226092241"", ""imgs"": [], ""userNickName"": ""j*4"", ""replyCityName"": """", ""cityName"": """"}], ""score"": 5.0, ""commentCount"": 1}, ""statusCode"": 200}"
天凯温泉度假山莊,https://imgs.qunarzz.com/sight/p0/2102/ef/ef8c8dec654953e7a3.img.jpg_280x200_ef6338c7.jpg,肇庆市,高要区,肇庆高要区文直路69号,6,5.0,肇庆凯骏温泉山莊是一家集住、吃于一体的日式温泉度假山莊，坐落在人杰地灵、依山傍水、环境优雅、风景秀丽的肇庆市高要区禄步镇,https://piao.qunar.com/ticket/detail_2501551180.html?st=a3clM0QlRTklQUIlOTglRTglQTYlODElRTUlOEMlQkElMjZpZCUzRDUxMDg1MiUyNnR5cGUlM0QwJTI2aWR4JTNEMTAlMjZxdCUzRCUyNmFwayUzRDIlMjZzYyUzRFdXVyUyNnVyJTNEJUU0JUI4JUFEJUU1JUIxJUIxJTI2bHIlM0QlRTQlQjglQUQlRTUlQjElQjElMjZmdCUzRCU3QiU3RA%3D%3D#from=mpl_search_suggest,-1.0,N/A,肇庆凯骏温泉山莊是一家集住、吃于一体的日式温泉度假山莊，坐落在人杰地灵、依山傍水、环境优雅、风景秀丽的肇庆市高要区禄步镇。邻近美丽的西江河畔，依山而建，拥有绿树木荫的山顶森林公园和四平方公里的大自然田园风光。离禄步高速收费站出口仅有一公里，离肇庆著名五A景点七星岩风景区及德庆悦城龙母祖庙风景区也只需二十分钟车程，交通十分方便，是您旅游、度假、休闲的理想地方。山莊内日式园林设计，大堂装修高雅华贵、房间宽阔舒适、设备先进齐全、满足您娱乐旅游度假、休闲娱乐、商务会议的各种要求，定能让您有宾至如归的感觉。  山莊拥有各类型的日式豪华水疗套房96间(套)，每间房都拥有独立的日式豪华含锶温泉泡池及日式茶室等附属设施，住客更可免费体验价值500元/人锶冷暖温泉体验馆游泳，还提供提供精心打造凯骏锶泉健养菜肴、西江生猛河鲜及肇庆本土地方农家风味特色美食的禄运轩餐厅及凯骏餐厅火锅店、日式温泉男女宾休闲俱乐部、卡拉0K豪华房、大小*能商务会议室和接待室、小型进口商品超市等多项设施，是您旅游、度假、休闲的好去处。肇庆凯骏温泉山莊热诚欢迎您的光临！,1/1-12/31；周一至周日；全天开放,https://imgs.qunarzz.com/sight/p0/2102/ef/ef8c8dec654953e7a3.img.jpg_710x360_bc4a63a4.jpg〇https://imgs.qunarzz.com/sight/p0/2102/46/464b10e8cc03a814a3.img.jpg_710x360_825f9c24.jpg〇https://imgs.qunarzz.com/sight/p0/2102/38/38bd325de7df3a29a3.img.jpg_710x360_781f23b2.jpg〇https://imgs.qunarzz.com/sight/p0/2102/49/496afa911c2bb5b2a3.img.jpg_710x360_ca9b5d63.jpg〇https://imgs.qunarzz.com/sight/p0/2102/3a/3aaea489bbd0e64a3.img.jpg_710x360_703322a9.jpg〇https://imgs.qunarzz.com/sight/p0/2102/89/899e93e22224055da3.img.jpg_710x360_8cb19a9c.jpg〇https://imgs.qunarzz.com/sight/p0/2102/c5/c5daacb02d68e8d8a3.img.jpg_710x360_d91a4b41.jpg〇https://imgs.qunarzz.com/sight/p0/2102/18/18e774eac64a7347a3.img.png_710x360_7dbd515b.png,"{""ret"": true, ""data"": {""tagList"": [{""tagType"": 1, ""tagScore"": 5, ""tagNum"": 6, ""tagName"": ""\u597d\u8bc4""}, {""tagType"": 0, ""tagScore"": 5, ""tagNum"": 6, ""tagName"": ""\u5168\u90e8""}], ""commentList"": [{""author"": ""t*e"", ""content"": ""\u7528\u6237\u672a\u70b9\u8bc4\uff0c\u7cfb\u7edf\u9ed8\u8ba4\u597d\u8bc4\u3002"", ""date"": ""2023-12-09"", ""score"": 5, ""commentId"": ""230636083"", ""imgs"": [], ""userNickName"": ""t*e"", ""replyCityName"": """", ""cityName"": """"}, {""author"": ""q*2"", ""content"": ""\u7528\u6237\u672a\u70b9\u8bc4\uff0c\u7cfb\u7edf\u9ed8\u8ba4\u597d\u8bc4\u3002"", ""date"": ""2023-11-12"", ""score"": 5, ""commentId"": ""230248274"", ""imgs"": [], ""userNickName"": ""q*2"", ""replyCityName"": """", ""cityName"": """"}, {""author"": ""\u6d77*\u96c0"", ""content"": ""\u7528\u6237\u672a\u70b9\u8bc4\uff0c\u7cfb\u7edf\u9ed8\u8ba4\u597d\u8bc4\u3002"", ""date"": ""2023-06-01"", ""score"": 5, ""commentId"": ""225980373"", ""imgs"": [], ""userNickName"": ""\u6d77*\u96c0"", ""replyCityName"": """", ""cityName"": """"}, {""author"": ""\u6d77*\u96c0"", ""content"": ""\u7528\u6237\u672a\u70b9\u8bc4\uff0c\u7cfb\u7edf\u9ed8\u8ba4\u597d\u8bc4\u3002"", ""date"": ""2023-06-01"", ""score"": 5, ""commentId"": ""225979538"", ""imgs"": [], ""userNickName"": ""\u6d77*\u96c0"", ""replyCityName"": """", ""cityName"": """"}, {""author"": ""\u53bb*\u6237"", ""content"": ""\u7528\u6237\u672a\u70b9\u8bc4\uff0c\u7cfb\u7edf\u9ed8\u8ba4\u597d\u8bc4\u3002"", ""date"": ""2023-03-23"", ""score"": 5, ""commentId"": ""224861667"", ""imgs"": [], ""userNickName"": ""\u53bb*\u6237"", ""replyCityName"": """", ""cityName"": """"}, {""author"": ""w*0"", ""content"": ""\u7528\u6237\u672a\u70b9\u8bc4\uff0c\u7cfb\u7edf\u9ed8\u8ba4\u597d\u8bc4\u3002"", ""date"": ""2023-02-16"", ""score"": 5, ""commentId"": ""224138383"", ""imgs"": [], ""userNickName"": ""w*0"", ""replyCityName"": """", ""cityName"": """"}], ""score"": 5.0, ""commentCount"": 6}, ""statusCode"": 200}"
西江酒文化展馆,https://qimgs.qunarzz.com/piao_qsight_provider_piao_qsight_web/0103l1200082ophmu2A05_C_900_504.jpg_280x200_e1c225c2.jpg,肇庆市,高要区,肇庆市高要区蛟塘镇S272西江酒厂内,1,5.0,肇庆市西江酒文化馆位于肇庆市高要区蛟塘镇，距离高明明城高速路口车程仅10分钟。广佛肇城区前来本基地，车程仅需1-1.5小,https://piao.qunar.com/ticket/detail_2863889283.html?st=a3clM0QlRTklQUIlOTglRTglQTYlODElRTUlOEMlQkElMjZpZCUzRDUwOTIwNyUyNnR5cGUlM0QwJTI2aWR4JTNEOSUyNnF0JTNEJTI2YXBrJTNEMiUyNnNjJTNEV1dXJTI2dXIlM0QlRTQlQjglQUQlRTUlQjElQjElMjZsciUzRCVFNCVCOCVBRCVFNSVCMSVCMSUyNmZ0JTNEJTdCJTdE#from=mpl_search_suggest,-1.0,N/A,"肇庆市西江酒文化馆位于肇庆市高要区蛟塘镇，距离高明明城高速路口车程仅10分钟。广佛肇城区前来本基地，车程仅需1-1.5小时。本基地主要由西江酒厂生产区域和西江酒文化馆两部分构成。肇庆市西江酒厂有限公司的前身是始建于1953年的国营高要县酿酒厂，到今天为止，西江酒厂已有66年的酿酒历史。2004年乐从供销集团全资收购肇庆市西江酿酒厂,并于2005年元月在高要市蛟塘镇重新奠基成立了目前的肇庆市西江酒厂有限公司，酒厂于当年12月正式投产。前期投资超过6千万元，到目前总投资超过1亿元，酒厂占地面积208亩、建筑面积4万多平方米；拥有现代化的煮饭酿酒车间、传统的酒库车间、设备先进的包装车间，每小时可灌装8000瓶酒的自动化包装生产线、每小时可灌装4000瓶的药酒生产线、每小时可灌装2000瓶酒的异形瓶生产线。酒厂的检验设备齐全和精良，拥有美国进口的安捷伦气相色谱仪等先进的检测设备。酒厂建立了完善的质量管理体系，连续获得米酒、配制酒、果酒及葡萄酒食品生产许可证，并获得出口食品生产企业备案注册证，并通过了IS9001质量体系认证，HACCP体系认证。西江酒厂目前年产米酒能力可达5万吨，药酒（保健酒）我生产能力2万吨，成为广东省     最   大  的酿酒基地之一，广东省（非啤酒）酒类生产出口量  最    大   的企业。酒厂主要生产销售酒类，包括白酒、配制酒、葡萄酒系列酒，并承接上述产品的OEM加工业务。主要产品有西江米酒、西江龙酒、肇宴酒、巴戟酒、田七补酒、姜露酒、桑果酒、花果露酒等等，产品远销香港、澳门、马来西亚、等二十多个国家和地区，深受海内外消费者的喜爱。",1/1-12/31；周一至周日；9:00-17:00开园,https://qimgs.qunarzz.com/piao_qsight_provider_piao_qsight_web/0103l1200082ophmu2A05_C_900_504.jpg_710x360_561b533f.jpg〇https://qimgs.qunarzz.com/piao_qsight_provider_piao_qsight_web/0103l1200082ope1lEE15_C_900_504_Q90_Mtg_7.jpg_710x360_dc1232be.jpg〇https://qimgs.qunarzz.com/piao_qsight_provider_piao_qsight_web/0104h1200082ope1mC65B_C_900_504_Q90_Mtg_7.jpg_710x360_45055890.jpg〇https://qimgs.qunarzz.com/piao_qsight_provider_piao_qsight_web/0105d1200082ope1n1BF8_C_900_504_Q90_Mtg_7.jpg_710x360_6384ded8.jpg〇https://qimgs.qunarzz.com/piao_qsight_provider_piao_qsight_web/0104h1200082opeif2330_C_900_504_Q90_Mtg_7.jpg_710x360_20bf9df0.jpg〇https://qimgs.qunarzz.com/piao_qsight_provider_piao_qsight_web/0101t1200082ophn0EBD9_C_900_504_Q90_Mtg_7.jpg_710x360_79a3eb65.jpg〇https://qimgs.qunarzz.com/piao_qsight_provider_piao_qsight_web/0102p1200082oph7t6006_C_900_504_Q90_Mtg_7.jpg_710x360_9198c735.jpg〇https://qimgs.qunarzz.com/piao_qsight_provider_piao_qsight_web/010691200082opei94C84_C_900_504_Q90_Mtg_7.jpg_710x360_f8299802.jpg〇https://qimgs.qunarzz.com/piao_qsight_provider_piao_qsight_web/0102p1200082opfu0D72A_C_900_504_Q90_Mtg_7.jpg_710x360_3d9b784d.jpg〇https://qimgs.qunarzz.com/piao_qsight_provider_piao_qsight_web/0104h1200082opg7l3C44_C_900_504_Q90_Mtg_7.jpg_710x360_7ebd780b.jpg〇https://qimgs.qunarzz.com/piao_qsight_provider_piao_qsight_web/0103l1200082ophmu2A05_C_900_504_Q90_Mtg_7.jpg_710x360_f3fa4a9c.jpg〇https://imgs.qunarzz.com/piao_qsight_web_piao_qsight_web/0103l1200082ophmu2A05_R_1600_10000.jpg_710x360_4d0e7733.jpg,"{""ret"": true, ""data"": {""tagList"": [{""tagType"": 1, ""tagScore"": 5, ""tagNum"": 1, ""tagName"": ""\u597d\u8bc4""}, {""tagType"": 0, ""tagScore"": 5, ""tagNum"": 1, ""tagName"": ""\u5168\u90e8""}], ""commentList"": [{""author"": ""g*8"", ""content"": ""\u7528\u6237\u672a\u70b9\u8bc4\uff0c\u7cfb\u7edf\u9ed8\u8ba4\u597d\u8bc4\u3002"", ""date"": ""2021-11-04"", ""score"": 5, ""commentId"": ""221293478"", ""imgs"": [], ""userNickName"": ""g*8"", ""replyCityName"": """", ""cityName"": """"}], ""score"": 5.0, ""commentCount"": 1}, ""statusCode"": 200}"
黄金沟森林旅游景区,https://qimgs.qunarzz.com/piao_qsight_provider_piao_qsight_web/01012120008qiuaoq5E4D_C_900_504.jpg_280x200_5770e370.jpg,肇庆市,鼎湖区,广东省肇庆市鼎湖区413县道,285,4.9,高空观光体验旅游新时尚,https://piao.qunar.com/ticket/detail_3492830705.html?st=a3clM0QlRTklQkMlOEUlRTYlQjklOTYlRTUlOEMlQkElMjZpZCUzRDQwODklMjZ0eXBlJTNEMCUyNmlkeCUzRDMlMjZxdCUzRCUyNmFwayUzRDIlMjZzYyUzRFdXVyUyNnVyJTNEJUU0JUI4JUFEJUU1JUIxJUIxJTI2bHIlM0QlRTQlQjglQUQlRTUlQjElQjElMjZmdCUzRCU3QiU3RA%3D%3D#from=mpl_search_suggest,47.0,N/A,黄金沟旅游风景区是广东省电视台“第二届生存大挑战”拍摄基地之一，因当地村民曾在此采沙淘金而得名黄金沟。是典型的亚热带雨林，植被浓密，面临碧波万顷的九坑河，毗邻神秘原始的古法造纸坊。碧湖、青山、绿竹、老屋、伴你远离尘嚣熙攘，步入神话中的世外桃源。魅力山水，古韵人文，令人恍如隔世。景区内“曲径通幽春寂寂，绿树翠竹水潺潺”。峡谷幽深崎嶙，瀑布成群，悬崖峭壁，古树葱葱，水质清澈，可直接饮用。有溯溪探险，急流勇退，空中走钢丝，竹伐拉纤，独龙桥，空中飞索，铁索天梯，天然滑道，溪边野炊，山泉畅泳；还有可开展拓展培训的定向越野，户外攀岩，悬崖下降，露营。为充分开发黄金沟生态旅游资源，发掘本土文化资源，保护当地人文、生态环境的同时，将黄金沟打造成为集旅游、休闲、养生、度假及自然科普教育为一体的生态旅游胜地，发展新的绿色旅游模式，有关部门于近日又投入近千万巨资开始第二期工程——打造天湖度假胜地。届时，将从原来的溯溪探险增设天湖、万绿谷露营区、烧烤场、客家民居度假村、万绿谷休闲养生区、大型户外拓展基地。,1/1-12/31；周一至周日；08:30-17:00开园,https://qimgs.qunarzz.com/piao_qsight_provider_piao_qsight_web/01012120008qiuaoq5E4D_C_900_504.jpg_710x360_6bf467fc.jpg〇https://qimgs.qunarzz.com/piao_qsight_provider_piao_qsight_web/01012120008qiuaoq5E4D_C_900_504_Q90_Mtg_7.jpg_710x360_2ab577cc.jpg〇https://imgs.qunarzz.com/sight/p0/201403/07/f1e7ad4b089af28f63458ffd53846138.jpg_710x360_dfe140c3.jpg〇https://imgs.qunarzz.com/sight/p0/201403/07/577f57c6faa89f595416e3b54c38be20.jpg_710x360_8406d495.jpg〇https://imgs.qunarzz.com/sight/p0/201403/07/e9241f87f1858c8f4603ac7a6b9e2aad.jpg_710x360_e603250c.jpg〇https://imgs.qunarzz.com/sight/p0/201403/07/aad940bce7a877a49afcceebe3496f2a.jpg_710x360_26c54401.jpg〇https://qimgs.qunarzz.com/piao_qsight_provider_piao_qsight_web/038419737e70c502.jpg_710x360_2b8c0e94.jpg〇https://qimgs.qunarzz.com/piao_qsight_provider_piao_qsight_web/80c26a6ee2d82802.jpg_710x360_259f919c.jpg〇https://qimgs.qunarzz.com/piao_qsight_provider_piao_qsight_web/73a5b6128cda4b02.jpg_710x360_592b83af.jpg〇https://qimgs.qunarzz.com/piao_qsight_provider_piao_qsight_web/9ac24ed572a60f02.jpg_710x360_ec2293c5.jpg〇https://qimgs.qunarzz.com/piao_qsight_provider_piao_qsight_web/aac10efc61e59b02.jpg_710x360_2b179b9a.jpg〇https://qimgs.qunarzz.com/piao_qsight_provider_piao_qsight_web/f1abec4044a09b02.jpg_710x360_c2d0604c.jpg〇https://qimgs.qunarzz.com/piao_qsight_provider_piao_qsight_web/65d9020131ed1402.jpg_710x360_c1ccc58e.jpg〇https://qimgs.qunarzz.com/piao_qsight_provider_piao_qsight_web/8b6f5f6325d9cf02.jpg_710x360_c0ed5158.jpg〇https://qimgs.qunarzz.com/piao_qsight_provider_piao_qsight_web/ab4722cc33ea8c02.jpg_710x360_de6c25c4.jpg〇https://qimgs.qunarzz.com/piao_qsight_provider_piao_qsight_web/b28a931762919502.jpg_710x360_cb691fc2.jpg〇https://qimgs.qunarzz.com/piao_qsight_provider_piao_qsight_web/d4d51ae28476c102.jpg_710x360_b9a37911.jpg〇https://qimgs.qunarzz.com/piao_qsight_provider_piao_qsight_web/d39a5f51a5f0f202.jpg_710x360_9a02976f.jpg〇https://qimgs.qunarzz.com/piao_qsight_provider_piao_qsight_web/6d91540ef14b0d02.jpg_710x360_00a33b61.jpg〇https://qimgs.qunarzz.com/piao_qsight_provider_piao_qsight_web/e5d612140503d502.jpg_710x360_10fed402.jpg〇https://qimgs.qunarzz.com/piao_qsight_provider_piao_qsight_web/a95e545f831f7602.jpg_710x360_b09d057f.jpg〇https://qimgs.qunarzz.com/piao_qsight_provider_piao_qsight_web/94b7b370ffdeda37.jpg_710x360_c9577d38.jpg,"{""ret"": true, ""data"": {""tagList"": [{""tagType"": 32, ""tagScore"": 5, ""tagNum"": 1, ""tagName"": ""\u670d\u52a1\u597d""}, {""tagType"": 4, ""tagScore"": 5, ""tagNum"": 1, ""tagName"": ""\u53d6\u7968\u65b9\u4fbf""}, {""tagType"": 3, ""tagScore"": 5, ""tagNum"": 1, ""tagName"": ""\u5dee\u8bc4""}, {""tagType"": 2, ""tagScore"": 5, ""tagNum"": 4, ""tagName"": ""\u4e2d\u8bc4""}, {""tagType"": 1, ""tagScore"": 5, ""tagNum"": 280, ""tagName"": ""\u597d\u8bc4""}, {""tagType"": 0, ""tagScore"": 5, ""tagNum"": 285, ""tagName"": ""\u5168\u90e8""}], ""commentList"": [{""author"": ""k*8"", ""content"": ""\u7528\u6237\u672a\u70b9\u8bc4\uff0c\u7cfb\u7edf\u9ed8\u8ba4\u597d\u8bc4\u3002"", ""date"": ""2024-12-18"", ""score"": 5, ""commentId"": ""239288497"", ""imgs"": [], ""userNickName"": ""k*8"", ""replyCityName"": """", ""cityName"": """"}, {""author"": ""k*8"", ""content"": ""\u7528\u6237\u672a\u70b9\u8bc4\uff0c\u7cfb\u7edf\u9ed8\u8ba4\u597d\u8bc4\u3002"", ""date"": ""2024-12-18"", ""score"": 5, ""commentId"": ""239288380"", ""imgs"": [], ""userNickName"": ""k*8"", ""replyCityName"": """", ""cityName"": """"}, {""author"": ""h*2"", ""content"": ""\u7528\u6237\u672a\u70b9\u8bc4\uff0c\u7cfb\u7edf\u9ed8\u8ba4\u597d\u8bc4\u3002"", ""date"": ""2024-11-05"", ""score"": 5, ""commentId"": ""238580941"", ""imgs"": [], ""userNickName"": ""h*2"", ""replyCityName"": """", ""cityName"": """"}, {""author"": ""\u53bb*\u6237"", ""content"": ""\u7528\u6237\u672a\u70b9\u8bc4\uff0c\u7cfb\u7edf\u9ed8\u8ba4\u597d\u8bc4\u3002"", ""date"": ""2024-11-05"", ""score"": 5, ""commentId"": ""238575850"", ""imgs"": [], ""userNickName"": ""\u53bb*\u6237"", ""replyCityName"": """", ""cityName"": """"}, {""author"": ""g*9"", ""content"": ""\u7528\u6237\u672a\u70b9\u8bc4\uff0c\u7cfb\u7edf\u9ed8\u8ba4\u597d\u8bc4\u3002"", ""date"": ""2024-11-05"", ""score"": 5, ""commentId"": ""238559455"", ""imgs"": [], ""userNickName"": ""g*9"", ""replyCityName"": """", ""cityName"": """"}, {""author"": ""\u53bb*\u6237"", ""content"": ""\u7528\u6237\u672a\u70b9\u8bc4\uff0c\u7cfb\u7edf\u9ed8\u8ba4\u597d\u8bc4\u3002"", ""date"": ""2024-11-05"", ""score"": 5, ""commentId"": ""238553738"", ""imgs"": [], ""userNickName"": ""\u53bb*\u6237"", ""replyCityName"": """", ""cityName"": """"}, {""author"": ""\u53bb*\u6237"", ""content"": ""\u7528\u6237\u672a\u70b9\u8bc4\uff0c\u7cfb\u7edf\u9ed8\u8ba4\u597d\u8bc4\u3002"", ""date"": ""2024-11-04"", ""score"": 5, ""commentId"": ""238436740"", ""imgs"": [], ""userNickName"": ""\u53bb*\u6237"", ""replyCityName"": """", ""cityName"": """"}, {""author"": ""z*1"", ""content"": ""\u7528\u6237\u672a\u70b9\u8bc4\uff0c\u7cfb\u7edf\u9ed8\u8ba4\u597d\u8bc4\u3002"", ""date"": ""2024-11-03"", ""score"": 5, ""commentId"": ""238267731"", ""imgs"": [], ""userNickName"": ""z*1"", ""replyCityName"": """", ""cityName"": """"}, {""author"": ""\u53bb*\u6237"", ""content"": ""\u7528\u6237\u672a\u70b9\u8bc4\uff0c\u7cfb\u7edf\u9ed8\u8ba4\u597d\u8bc4\u3002"", ""date"": ""2024-11-03"", ""score"": 5, ""commentId"": ""238251046"", ""imgs"": [], ""userNickName"": ""\u53bb*\u6237"", ""replyCityName"": """", ""cityName"": """"}, {""author"": ""l*o"", ""content"": ""\u7528\u6237\u672a\u70b9\u8bc4\uff0c\u7cfb\u7edf\u9ed8\u8ba4\u597d\u8bc4\u3002"", ""date"": ""2024-11-03"", ""score"": 5, ""commentId"": ""238250334"", ""imgs"": [], ""userNickName"": ""l*o"", ""replyCityName"": """", ""cityName"": """"}], ""score"": 4.9, ""commentCount"": 285}, ""statusCode"": 200}"
猫爪谷景区,https://qimgs.qunarzz.com/piao_qsight_provider_piao_qsight_web/0101l120008qh8p959B0C_C_900_504.jpg_280x200_6c7b5179.jpg,肇庆市,高要区,广东省肇庆市高要区回龙镇刘村村委会黄丝坑路口直入500米,443,5.0,猫爪谷生态农场坐落于高要区回龙镇，回龙镇拥有造型独特的广府特色建筑群落，集优越的自然生态、人文历史及养生度假资源于一身。,https://piao.qunar.com/ticket/detail_1667473888.html?st=a3clM0QlRTklQUIlOTglRTglQTYlODElRTUlOEMlQkElMjZpZCUzRDUwNjM4MiUyNnR5cGUlM0QwJTI2aWR4JTNEOCUyNnF0JTNEJTI2YXBrJTNEMiUyNnNjJTNEV1dXJTI2dXIlM0QlRTQlQjglQUQlRTUlQjElQjElMjZsciUzRCVFNCVCOCVBRCVFNSVCMSVCMSUyNmZ0JTNEJTdCJTdE#from=mpl_search_suggest,-1.0,4A景区,猫爪谷生态农场坐落于高要区回龙镇，回龙镇拥有造型独特的广府特色建筑群落，集优越的自然生态、人文历史及养生度假资源于一身。猫爪谷生态农场通过整合利用回龙镇现有资源，面向广佛肇，辐射粤港澳大湾区，是以乡村休闲旅游为亮点的综合旅游区，一期规划占地600亩，定位为AAAA级景区。以“生态农业+休闲旅游”为主题，发展现代农业、亲子体验、科普教育、休闲团建、户外拓展等*能为主导的生态型田园综合体。希望构建成一个集生产、加工、销售、休闲观光农业、网络购物于一体的第六产业化农业生态基地。猫爪谷生态农场以优越的农田风貌，丰富的山体景观，特色的水资源为优势，以特色星空帐篷别墅，动植物种养体验区，大片花海/樱花林，亲子教育研学等互动景点及自然水上项目为特色。涵盖休闲娱乐、度假观光、科普教育等多样化旅游形式。远离城市喧嚣，展露自然之美，走进猫爪谷主题农场，可体验人杰地灵之气、钟灵毓秀之美，得山野之庇佑、修养身心而别致有味。欢迎大家一览猫爪谷生态之美。,1/1-12/31；周一至周日；09:00-21:00开园,https://qimgs.qunarzz.com/piao_qsight_provider_piao_qsight_web/0101l120008qh8p959B0C_C_900_504.jpg_710x360_872e8be9.jpg〇https://qimgs.qunarzz.com/piao_qsight_provider_piao_qsight_web/350r1f000001g0zyyB8B8_C_900_504_Q90_Mtg_7.jpg_710x360_56c29ec4.jpg〇https://qimgs.qunarzz.com/piao_qsight_provider_piao_qsight_web/100i1f000001gp23y646E_C_900_504_Q90_Mtg_7.jpg_710x360_0e5f5c0c.jpg〇https://qimgs.qunarzz.com/piao_qsight_provider_piao_qsight_web/350n1f000001g1mwq51A7_C_900_504_Q90_Mtg_7.jpg_710x360_353a6b81.jpg〇https://qimgs.qunarzz.com/piao_qsight_provider_piao_qsight_web/350o1f000001g1f0e8A1C_C_900_504_Q90_Mtg_7.jpg_710x360_e70fd9ab.jpg〇https://qimgs.qunarzz.com/piao_qsight_provider_piao_qsight_web/35071f000001gj9b8F907_C_900_504_Q90_Mtg_7.jpg_710x360_067d97a3.jpg〇https://qimgs.qunarzz.com/piao_qsight_provider_piao_qsight_web/01017120008qoc8hi31C5_C_900_504_Q90_Mtg_7.jpg_710x360_39501099.jpg〇https://qimgs.qunarzz.com/piao_qsight_provider_piao_qsight_web/350r1f000001g0zymE663_C_900_504_Q90_Mtg_7.jpg_710x360_c60ab08e.jpg〇https://qimgs.qunarzz.com/piao_qsight_provider_piao_qsight_web/350l1f000001g2qr9662F_C_900_504_Q90_Mtg_7.jpg_710x360_1ee62322.jpg〇https://qimgs.qunarzz.com/piao_qsight_provider_piao_qsight_web/35011f000001gfi08E348_C_900_504_Q90_Mtg_7.jpg_710x360_c251356a.jpg〇https://qimgs.qunarzz.com/piao_qsight_provider_piao_qsight_web/0101l120008qh8p959B0C_C_900_504_Q90_Mtg_7.jpg_710x360_dd46fcf3.jpg〇https://imgs.qunarzz.com/sight/p0/2108/52/52c760249ee295e3a3.img.jpg_710x360_5fb913f5.jpg〇https://imgs.qunarzz.com/sight/p0/2108/1f/1f39c80f7e996fafa3.img.jpg_710x360_3a74a620.jpg〇https://imgs.qunarzz.com/sight/p0/2108/d3/d357874f4666e8eaa3.img.jpg_710x360_bd50096d.jpg,"{""ret"": true, ""data"": {""tagList"": [{""tagType"": 8, ""tagScore"": 5, ""tagNum"": 1, ""tagName"": ""\u4fbf\u5b9c""}, {""tagType"": 4, ""tagScore"": 5, ""tagNum"": 1, ""tagName"": ""\u53d6\u7968\u65b9\u4fbf""}, {""tagType"": 3, ""tagScore"": 5, ""tagNum"": 3, ""tagName"": ""\u5dee\u8bc4""}, {""tagType"": 2, ""tagScore"": 5, ""tagNum"": 1, ""tagName"": ""\u4e2d\u8bc4""}, {""tagType"": 1, ""tagScore"": 5, ""tagNum"": 438, ""tagName"": ""\u597d\u8bc4""}, {""tagType"": 0, ""tagScore"": 5, ""tagNum"": 443, ""tagName"": ""\u5168\u90e8""}], ""commentList"": [{""author"": ""\u549a*\u545b"", ""content"": ""\u7528\u6237\u672a\u70b9\u8bc4\uff0c\u7cfb\u7edf\u9ed8\u8ba4\u597d\u8bc4\u3002"", ""date"": ""2024-12-01"", ""score"": 5, ""commentId"": ""239031879"", ""imgs"": [], ""userNickName"": ""\u549a*\u545b"", ""replyCityName"": """", ""cityName"": """"}, {""author"": ""g*5"", ""content"": ""\u7528\u6237\u672a\u70b9\u8bc4\uff0c\u7cfb\u7edf\u9ed8\u8ba4\u597d\u8bc4\u3002"", ""date"": ""2024-12-01"", ""score"": 5, ""commentId"": ""239030267"", ""imgs"": [], ""userNickName"": ""g*5"", ""replyCityName"": """", ""cityName"": """"}, {""author"": ""g*5"", ""content"": ""\u7528\u6237\u672a\u70b9\u8bc4\uff0c\u7cfb\u7edf\u9ed8\u8ba4\u597d\u8bc4\u3002"", ""date"": ""2024-12-01"", ""score"": 5, ""commentId"": ""239030266"", ""imgs"": [], ""userNickName"": ""g*5"", ""replyCityName"": """", ""cityName"": """"}, {""author"": ""g*5"", ""content"": ""\u7528\u6237\u672a\u70b9\u8bc4\uff0c\u7cfb\u7edf\u9ed8\u8ba4\u597d\u8bc4\u3002"", ""date"": ""2024-12-01"", ""score"": 5, ""commentId"": ""239030255"", ""imgs"": [], ""userNickName"": ""g*5"", ""replyCityName"": """", ""cityName"": """"}, {""author"": ""g*5"", ""content"": ""\u7528\u6237\u672a\u70b9\u8bc4\uff0c\u7cfb\u7edf\u9ed8\u8ba4\u597d\u8bc4\u3002"", ""date"": ""2024-12-01"", ""score"": 5, ""commentId"": ""239030250"", ""imgs"": [], ""userNickName"": ""g*5"", ""replyCityName"": """", ""cityName"": """"}, {""author"": ""J*8"", ""content"": ""\u7528\u6237\u672a\u70b9\u8bc4\uff0c\u7cfb\u7edf\u9ed8\u8ba4\u597d\u8bc4\u3002"", ""date"": ""2024-12-01"", ""score"": 5, ""commentId"": ""239029262"", ""imgs"": [], ""userNickName"": ""J*8"", ""replyCityName"": """", ""cityName"": """"}, {""author"": ""\u53bb*\u6237"", ""content"": ""\u7528\u6237\u672a\u70b9\u8bc4\uff0c\u7cfb\u7edf\u9ed8\u8ba4\u597d\u8bc4\u3002"", ""date"": ""2024-12-01"", ""score"": 5, ""commentId"": ""239018057"", ""imgs"": [], ""userNickName"": ""\u53bb*\u6237"", ""replyCityName"": """", ""cityName"": """"}, {""author"": ""g*5"", ""content"": ""\u7528\u6237\u672a\u70b9\u8bc4\uff0c\u7cfb\u7edf\u9ed8\u8ba4\u597d\u8bc4\u3002"", ""date"": ""2024-11-20"", ""score"": 5, ""commentId"": ""238869224"", ""imgs"": [], ""userNickName"": ""g*5"", ""replyCityName"": """", ""cityName"": """"}, {""author"": ""g*5"", ""content"": ""\u7528\u6237\u672a\u70b9\u8bc4\uff0c\u7cfb\u7edf\u9ed8\u8ba4\u597d\u8bc4\u3002"", ""date"": ""2024-11-20"", ""score"": 5, ""commentId"": ""238868473"", ""imgs"": [], ""userNickName"": ""g*5"", ""replyCityName"": """", ""cityName"": """"}, {""author"": ""g*5"", ""content"": ""\u7528\u6237\u672a\u70b9\u8bc4\uff0c\u7cfb\u7edf\u9ed8\u8ba4\u597d\u8bc4\u3002"", ""date"": ""2024-11-20"", ""score"": 5, ""commentId"": ""238867812"", ""imgs"": [], ""userNickName"": ""g*5"", ""replyCityName"": """", ""cityName"": """"}], ""score"": 5.0, ""commentCount"": 443}, ""statusCode"": 200}"
绿地樾湖生态园,https://qimgs.qunarzz.com/piao_qsight_provider_piao_qsight_web/temp58783471089671327400104912000bgkz3hh5341_wmr.jpg_280x200_efcca96c.jpg,肇庆市,高要区,广东省肇庆市高要区回龙镇绿地樾湖生态园,-1,-1.0,N/A,https://piao.qunar.com/ticket/detail_3126601499.html?st=a3clM0QlRTklQUIlOTglRTglQTYlODElRTUlOEMlQkElMjZpZCUzRDUxNDI1NSUyNnR5cGUlM0QwJTI2aWR4JTNENyUyNnF0JTNEJTI2YXBrJTNEMiUyNnNjJTNEV1dXJTI2dXIlM0QlRTQlQjglQUQlRTUlQjElQjElMjZsciUzRCVFNCVCOCVBRCVFNSVCMSVCMSUyNmZ0JTNEJTdCJTdE#from=mpl_search_suggest,488.0,N/A,N/A,8:00-18:00,https://qimgs.qunarzz.com/piao_qsight_provider_piao_qsight_web/temp58783471089671327400104912000bgkz3hh5341_wmr.jpg_710x360_0d3021dd.jpg,"{""ret"": true, ""data"": {""tagList"": [{""tagType"": 0, ""tagScore"": 5, ""tagNum"": 0, ""tagName"": ""\u5168\u90e8""}], ""score"": 0.0, ""commentCount"": 0}, ""statusCode"": 200}"
哈哈乐农耕文化园,https://qimgs.qunarzz.com/piao_qsight_provider_piao_qsight_web/0104o12000a08tcza1F8C_C_900_504.jpg_280x200_5b3557fb.jpg,肇庆市,高要区,广东省肇庆市高要区莲塘镇Y184哈哈乐农耕文化园,-1,-1.0,哈哈乐农耕文化园是肇庆农耕文化主题园区。全园分为虾塘养殖区、瓜果种植区、农耕文化展示区、神符山风景区、康养民宿区、亲子田,https://piao.qunar.com/ticket/detail_4134592766.html?st=a3clM0QlRTklQUIlOTglRTglQTYlODElRTUlOEMlQkElMjZpZCUzRDUxNzY0OSUyNnR5cGUlM0QwJTI2aWR4JTNENSUyNnF0JTNEJTI2YXBrJTNEMiUyNnNjJTNEV1dXJTI2dXIlM0QlRTQlQjglQUQlRTUlQjElQjElMjZsciUzRCVFNCVCOCVBRCVFNSVCMSVCMSUyNmZ0JTNEJTdCJTdE#from=mpl_search_suggest,10.0,N/A,哈哈乐农耕文化园是肇庆农耕文化主题园区。全园分为虾塘养殖区、瓜果种植区、农耕文化展示区、神符山风景区、康养民宿区、亲子田园区等。内容丰富，农耕情趣，欢乐田园。,1/1-12/31；周一至周日；08:30-17:30开园,https://qimgs.qunarzz.com/piao_qsight_provider_piao_qsight_web/0104o12000a08tcza1F8C_C_900_504.jpg_710x360_1b12e3e1.jpg〇https://qimgs.qunarzz.com/piao_qsight_provider_piao_qsight_web/0103s12000a08tcz99B30_C_900_504_Q90_Mtg_7.jpg_710x360_e75dd1b0.jpg〇https://qimgs.qunarzz.com/piao_qsight_provider_piao_qsight_web/0104o12000a08tcza1F8C_C_900_504_Q90_Mtg_7.jpg_710x360_d65b53ff.jpg〇https://qimgs.qunarzz.com/piao_qsight_provider_piao_qsight_web/0101712000a08t7co8760_C_900_504_Q90_Mtg_7.jpg_710x360_fc905dab.jpg,"{""ret"": true, ""data"": {""tagList"": [{""tagType"": 0, ""tagScore"": 5, ""tagNum"": 0, ""tagName"": ""\u5168\u90e8""}], ""score"": 0.0, ""commentCount"": 0}, ""statusCode"": 200}"
绿地·樾湖生态园,https://qimgs.qunarzz.com/piao_qsight_provider_piao_qsight_web/1lo3612000dd8v9ir429D_C_900_504.jpg_280x200_e4d15c39.jpg,肇庆市,高要区,肇庆市高要区Y195,-1,-1.0,4500亩山湖美景,https://piao.qunar.com/ticket/detail_1614276106.html?st=a3clM0QlRTklQUIlOTglRTglQTYlODElRTUlOEMlQkElMjZpZCUzRDUyOTgwOCUyNnR5cGUlM0QwJTI2aWR4JTNENCUyNnF0JTNEJTI2YXBrJTNEMiUyNnNjJTNEV1dXJTI2dXIlM0QlRTQlQjglQUQlRTUlQjElQjElMjZsciUzRCVFNCVCOCVBRCVFNSVCMSVCMSUyNmZ0JTNEJTdCJTdE#from=mpl_search_suggest,38.0,3A景区,N/A,1/1-12/31；周一至周日；09:00-22:00开园,https://qimgs.qunarzz.com/piao_qsight_provider_piao_qsight_web/1lo3612000dd8v9ir429D_C_900_504.jpg_710x360_4fde8ce7.jpg〇https://qimgs.qunarzz.com/piao_qsight_provider_piao_qsight_web/1lo4u12000dd8uzvz50C0_C_900_504_Q90_Mtg_7.jpg_710x360_cff50f0f.jpg〇https://qimgs.qunarzz.com/piao_qsight_provider_piao_qsight_web/1lo1l12000dd8x976509A_C_900_504_Q90_Mtg_7.jpg_710x360_85105c43.jpg〇https://qimgs.qunarzz.com/piao_qsight_provider_piao_qsight_web/1lo3812000dd8xn1hE020_C_900_504_Q90_Mtg_7.jpg_710x360_61d04c36.jpg〇https://qimgs.qunarzz.com/piao_qsight_provider_piao_qsight_web/1lo2z12000dd8wb2cC080_C_900_504_Q90_Mtg_7.jpg_710x360_54262074.jpg〇https://qimgs.qunarzz.com/piao_qsight_provider_piao_qsight_web/1lo6012000dd8x970DB9F_C_900_504_Q90_Mtg_7.jpg_710x360_44711457.jpg〇https://qimgs.qunarzz.com/piao_qsight_provider_piao_qsight_web/1lo6y12000dd8v0x12EB8_C_900_504_Q90_Mtg_7.jpg_710x360_189587c4.jpg〇https://qimgs.qunarzz.com/piao_qsight_provider_piao_qsight_web/1lo4212000dd8ve2960AA_C_900_504_Q90_Mtg_7.jpg_710x360_281c3756.jpg〇https://qimgs.qunarzz.com/piao_qsight_provider_piao_qsight_web/1lo6e12000dd8uq8hC49D_C_900_504_Q90_Mtg_7.jpg_710x360_a2fad48e.jpg〇https://qimgs.qunarzz.com/piao_qsight_provider_piao_qsight_web/1lo6112000dd8xb2r73E0_C_900_504_Q90_Mtg_7.jpg_710x360_f99918fc.jpg〇https://qimgs.qunarzz.com/piao_qsight_provider_piao_qsight_web/1lo3612000dd8v9ir429D_C_900_504_Q90_Mtg_7.jpg_710x360_71c74f74.jpg,"{""ret"": true, ""data"": {""tagList"": [{""tagType"": 0, ""tagScore"": 5, ""tagNum"": 0, ""tagName"": ""\u5168\u90e8""}], ""score"": 0.0, ""commentCount"": 0}, ""statusCode"": 200}"
宋隆小镇•花世界旅游度假岛,https://imgs.qunarzz.com/sight/p0/1703/c8/c83f84a56d7cea02a3.water.jpg_280x200_b5777a75.jpg,肇庆市,高要区,广东省肇庆市高要区白土镇金广大道,243,4.9,360°完美度假体系，唯美绽放,https://piao.qunar.com/ticket/detail_3905549905.html?st=a3clM0QlRTklQUIlOTglRTglQTYlODElRTUlOEMlQkElMjZpZCUzRDQ2MDgyNyUyNnR5cGUlM0QwJTI2aWR4JTNEMyUyNnF0JTNEJTI2YXBrJTNEMiUyNnNjJTNEV1dXJTI2dXIlM0QlRTQlQjglQUQlRTUlQjElQjElMjZsciUzRCVFNCVCOCVBRCVFNSVCMSVCMSUyNmZ0JTNEJTdCJTdE#from=mpl_search_suggest,500.0,N/A,宋隆小镇位于高要市白土镇金广大道，紧邻广肇高速、广明高速和江肇高速，是集旅游、度假、居住、商务、婚纱摄影基地、投资于一体的大型综合地产高端项目。总面积约4500亩的山湖，1100亩水体、30多亩浪漫花海。小镇有着深厚的历史文化底蕴吸引你的到来，大美宋隆砚、宋隆商业小镇、宋隆文化村、东坡食府、精品度假酒店、湖心会所、有机农场、利玛窦礼堂、熙园、湿地公园。打造自然观光、休闲度假、健康疗养、科普教育于一体的大型综合高端小镇，斥巨资打造花世界四季花林、汉诺威马术俱乐部、卡丁车场、宋隆动物乐园、宋隆马戏、水杉林欢乐谷、水上游船、钓鱼岛、烧烤、特色餐饮等游乐项目和拓展项目，共同构筑360°完美度假体系……唯美绽放，一切只为满足你奢享的度假需求！,01/01-12/31；09:00-18:00开园,https://imgs.qunarzz.com/sight/p0/1703/c8/c83f84a56d7cea02a3.water.jpg_710x360_65b84398.jpg〇https://imgs.qunarzz.com/sight/p0/1703/df/df73cc908d199799a3.water.jpg_710x360_6e0cead3.jpg〇https://imgs.qunarzz.com/sight/p0/1703/4f/4f8bda40e42b7f2da3.water.jpg_710x360_e25c865c.jpg〇https://imgs.qunarzz.com/sight/p0/1703/c1/c15b38eaf7399266a3.water.jpg_710x360_2c9fc7f0.jpg〇https://imgs.qunarzz.com/sight/p0/1703/95/951ea278f730d723a3.water.jpg_710x360_08fe6def.jpg〇https://imgs.qunarzz.com/sight/p0/1703/6e/6e241a64f482be6ba3.water.jpg_710x360_e79262a0.jpg〇https://imgs.qunarzz.com/sight/p0/1703/42/4209cb1179769a08a3.water.jpg_710x360_386c61cd.jpg〇https://imgs.qunarzz.com/sight/p0/1703/2f/2fdfa18c0211e4c2a3.water.jpg_710x360_03bb87ef.jpg〇https://imgs.qunarzz.com/sight/p0/1609/b9/b91225907894e68aa3.img.jpg_710x360_fd1675fb.jpg〇https://imgs.qunarzz.com/sight/p0/1703/d7/d7b870456b0d87cca3.water.jpg_710x360_1da25462.jpg〇https://imgs.qunarzz.com/sight/p0/1609/bb/bb469107577a88afa3.img.jpg_710x360_041a4a70.jpg〇https://imgs.qunarzz.com/sight/p0/1703/99/9935941d75029009a3.water.jpg_710x360_1528864e.jpg〇https://imgs.qunarzz.com/sight/p0/1609/df/df73cc908d199799a3.img.jpg_710x360_a62c7a27.jpg〇https://imgs.qunarzz.com/sight/p0/1703/53/53a582cf44bbf964a3.water.jpg_710x360_33f586cf.jpg〇https://imgs.qunarzz.com/sight/p0/1609/fc/fc29763d1c87617da3.img.jpg_710x360_e5d656df.jpg〇https://imgs.qunarzz.com/sight/p0/1609/5b/5b565f4f4dc408b9a3.img.jpg_710x360_c0cb6d14.jpg〇https://imgs.qunarzz.com/sight/p0/1609/89/89f3599948a7f097a3.img.jpg_710x360_6c205585.jpg〇https://imgs.qunarzz.com/sight/p0/1609/8a/8a1ac59e7d7464e6a3.img.jpg_710x360_4b7795b6.jpg〇https://imgs.qunarzz.com/sight/p0/1703/e4/e4035d4449451fb3a3.water.jpg_710x360_dbcbdaff.jpg〇https://imgs.qunarzz.com/sight/p0/1609/d0/d079ddfc3e9b63cba3.img.jpg_710x360_f40fecf4.jpg〇https://imgs.qunarzz.com/sight/p0/1609/df/df77d66f2f1bb18ba3.img.jpg_710x360_371c226e.jpg〇https://imgs.qunarzz.com/sight/p0/1609/9b/9bee0654b878c67aa3.img.jpg_710x360_4981492f.jpg〇https://imgs.qunarzz.com/sight/p0/1609/62/6290fcece52b0918a3.img.jpg_710x360_426fb99c.jpg〇https://imgs.qunarzz.com/sight/p0/1609/af/af73ae6455e8cd14a3.img.jpg_710x360_65d62a84.jpg〇https://imgs.qunarzz.com/sight/p0/1703/84/84291275776b881ca3.water.jpg_710x360_68ae7b67.jpg〇https://imgs.qunarzz.com/sight/p0/1609/75/75fd27d9050b859ea3.img.jpg_710x360_5a6ceefd.jpg〇https://imgs.qunarzz.com/sight/p0/1609/b4/b493a8112d76012fa3.img.jpg_710x360_44d75b83.jpg,"{""ret"": true, ""data"": {""tagList"": [{""tagType"": 32, ""tagScore"": 5, ""tagNum"": 1, ""tagName"": ""\u670d\u52a1\u597d""}, {""tagType"": 16, ""tagScore"": 5, ""tagNum"": 5, ""tagName"": ""\u9760\u8c31""}, {""tagType"": 8, ""tagScore"": 5, ""tagNum"": 4, ""tagName"": ""\u4fbf\u5b9c""}, {""tagType"": 4, ""tagScore"": 5, ""tagNum"": 6, ""tagName"": ""\u53d6\u7968\u65b9\u4fbf""}, {""tagType"": 3, ""tagScore"": 5, ""tagNum"": 4, ""tagName"": ""\u5dee\u8bc4""}, {""tagType"": 2, ""tagScore"": 5, ""tagNum"": 5, ""tagName"": ""\u4e2d\u8bc4""}, {""tagType"": 1, ""tagScore"": 5, ""tagNum"": 234, ""tagName"": ""\u597d\u8bc4""}, {""tagType"": 0, ""tagScore"": 5, ""tagNum"": 243, ""tagName"": ""\u5168\u90e8""}], ""commentList"": [{""author"": ""\u78ca*\u86cb"", ""content"": ""\u65e9\u5c31\u5012\u95ed\u4e86\uff0c\u8349\uff0c\u767d\u8dd1\u4e00\u8d9f"", ""date"": ""2022-04-17"", ""score"": 1, ""commentId"": ""222283065"", ""imgs"": [], ""userNickName"": ""\u78ca*\u86cb"", ""replyCityName"": """", ""cityName"": """"}, {""author"": ""f*0"", ""content"": ""2018-10-06\u9002\u5408\u4e00\u5bb6\u8001\u5c11\u53bb\u7684\u5723\u5730\uff0c\u73e0\u4e09\u89d2\u9644\u8fd1\uff0c\u56fd\u5e86\u5047\u671f\u4eba\u5c11\uff0c\u905b\u5a03\u7684\u597d\u5730\u65b9\uff0c\u5c0f\u670b\u53cb\u5f00\u5fc3\u5230\u98de\u8d77\uff01"", ""date"": ""2018-10-06"", ""score"": 5, ""commentId"": ""208094248"", ""imgs"": [{""small"": ""https://imgs.qunarzz.com/piao/fusion/1810/70/6e82bf2d5d2cc102.jpg_120x120_583da7f4.jpg"", ""title"": """", ""big"": ""https://imgs.qunarzz.com/piao/fusion/1810/70/6e82bf2d5d2cc102.jpg""}, {""small"": ""https://imgs.qunarzz.com/piao/fusion/1810/19/08ed7e07c03b9002.jpg_120x120_458e9ecd.jpg"", ""title"": """", ""big"": ""https://imgs.qunarzz.com/piao/fusion/1810/19/08ed7e07c03b9002.jpg""}], ""userNickName"": ""f*0"", ""replyCityName"": """", ""cityName"": """"}, {""author"": ""f*0"", ""content"": ""2018-10-06\u9002\u5408\u4e00\u5bb6\u8001\u5c11\u53bb\u7684\u5723\u5730\uff0c\u73e0\u4e09\u89d2\u9644\u8fd1\uff0c\u56fd\u5e86\u5047\u671f\u4eba\u5c11\uff0c\u905b\u5a03\u7684\u597d\u5730\u65b9\uff0c\u5c0f\u670b\u53cb\u5f00\u5fc3\u5230\u98de\u8d77\uff01"", ""date"": ""2018-10-06"", ""score"": 5, ""commentId"": ""208094245"", ""imgs"": [{""small"": ""https://imgs.qunarzz.com/piao/fusion/1810/70/6e82bf2d5d2cc102.jpg_120x120_583da7f4.jpg"", ""title"": """", ""big"": ""https://imgs.qunarzz.com/piao/fusion/1810/70/6e82bf2d5d2cc102.jpg""}], ""userNickName"": ""f*0"", ""replyCityName"": """", ""cityName"": """"}, {""author"": ""f*0"", ""content"": ""\u9002\u5408\u4e00\u5bb6\u8001\u5c11\u53bb\u7684\u5723\u5730\uff0c\u73e0\u4e09\u89d2\u9644\u8fd1\uff0c\u56fd\u5e86\u5047\u671f\u4eba\u5c11\uff0c\u905b\u5a03\u7684\u597d\u5730\u65b9\uff0c\u5c0f\u670b\u53cb\u5f00\u5fc3\u5230\u98de\u8d77\uff01"", ""date"": ""2018-10-06"", ""score"": 5, ""commentId"": ""208094237"", ""imgs"": [{""small"": ""https://imgs.qunarzz.com/piao/fusion/1810/31/953a80a44e794f02.jpg_120x120_81def189.jpg"", ""title"": """", ""big"": ""https://imgs.qunarzz.com/piao/fusion/1810/31/953a80a44e794f02.jpg""}, {""small"": ""https://imgs.qunarzz.com/piao/fusion/1810/8b/3ed7f76cb7895202.jpg_120x120_f80514eb.jpg"", ""title"": """", ""big"": ""https://imgs.qunarzz.com/piao/fusion/1810/8b/3ed7f76cb7895202.jpg""}, {""small"": ""https://imgs.qunarzz.com/piao/fusion/1810/ca/5d7f9f5e6371be02.jpg_120x120_9d4804dd.jpg"", ""title"": """", ""big"": ""https://imgs.qunarzz.com/piao/fusion/1810/ca/5d7f9f5e6371be02.jpg""}], ""userNickName"": ""f*0"", ""replyCityName"": """", ""cityName"": """"}, {""author"": ""x*9"", ""content"": ""\u90fd\u5012\u95ed\u4e86\u4e5f\u4e0d\u66f4\u65b0\u8d44\u6599\uff0c\u641e\u7684\u4ec0\u4e48\u9b3c\uff1f\uff01"", ""date"": ""2019-06-08"", ""score"": 1, ""commentId"": ""210827015"", ""imgs"": [], ""userNickName"": ""x*9"", ""replyCityName"": """", ""cityName"": """"}, {""author"": ""f*0"", ""content"": ""\u9002\u5408\u4e00\u5bb6\u8001\u5c11\u53bb\u7684\u5723\u5730\uff0c\u73e0\u4e09\u89d2\u9644\u8fd1\uff0c\u56fd\u5e86\u5047\u671f\u4eba\u5c11\uff0c\u905b\u5a03\u7684\u597d\u5730\u65b9\uff0c\u5c0f\u670b\u53cb\u5f00\u5fc3\u5230\u98de\u8d77\uff01"", ""date"": ""2018-10-06"", ""score"": 5, ""commentId"": ""208094243"", ""imgs"": [{""small"": ""https://imgs.qunarzz.com/piao/fusion/1810/1d/6a57effa24a23902.jpg_120x120_f05c9ff5.jpg"", ""title"": """", ""big"": ""https://imgs.qunarzz.com/piao/fusion/1810/1d/6a57effa24a23902.jpg""}, {""small"": ""https://imgs.qunarzz.com/piao/fusion/1810/6a/bc8b2adfd4edc002.jpg_120x120_ed971c30.jpg"", ""title"": """", ""big"": ""https://imgs.qunarzz.com/piao/fusion/1810/6a/bc8b2adfd4edc002.jpg""}], ""userNickName"": ""f*0"", ""replyCityName"": """", ""cityName"": """"}, {""author"": ""i*3"", ""content"": ""\u8d2d\u7968\u51fa\u7968\u65b9\u4fbf\uff0c\u82b1\u4e16\u754c\u5ea6\u5047\u5c9b\u6bd4\u8f83\u597d\u73a9\uff0c\u53bb\u7684\u65f6\u5019\u9634\u5929\uff0c\u4f46\u4e2d\u5348\u73a9\u7684\u65f6\u5019\u8fd8\u662f\u633a\u6652\u7684\uff0c\u7279\u522b\u662f\u73a9\u673a\u52a8\u6e38\u620f\uff0c\u6ca1\u6709\u906e\u6321\u7684\u5730\u65b9\u76f8\u5f53\u6652\uff0c\u56e0\u4e3a\u6709\u9650\u8eab\u9ad8\uff0c\u5c0f\u670b\u53cb\u80fd\u591f\u73a9\u7684\u9879\u76ee\u4e0d\u591a\uff0c\u770b\u5230\u7684\u52a8\u7269\u79cd\u7c7b\u4e0d\u592a\u591a\uff0c\u4f46\u53ef\u4ee5\u53bb\u5582\u7334\u5b50\u548c\u9526\u9ca4\uff0c\u95e8\u7968\u4e0d\u7b97\u4fbf\u5b9c\uff0c\u867d\u71361.2\u7c73\u4ee5\u4e0b\u5c0f\u5b69\u514d\u7968\uff0c\u5982\u679c\u5c0f\u5b69\u5b50\u60f3\u73a9\u673a\u52a8\u6e38\u620f\u8fd8\u662f\u4e70\u513f\u7ae5\u7968\u5212\u7b97\u4e00\u70b9\u3002"", ""date"": ""2018-04-23"", ""score"": 4, ""commentId"": ""205948363"", ""imgs"": [{""small"": ""https://imgs.qunarzz.com/p/tts1/1804/b1/1b4a0ecebc16eb02.jpg_120x120_c515f457.jpg"", ""title"": """", ""big"": ""https://imgs.qunarzz.com/p/tts1/1804/b1/1b4a0ecebc16eb02.jpg""}, {""small"": ""https://imgs.qunarzz.com/p/tts1/1804/27/33c3a5bdf6d77202.jpg_120x120_e135cbfe.jpg"", ""title"": """", ""big"": ""https://imgs.qunarzz.com/p/tts1/1804/27/33c3a5bdf6d77202.jpg""}, {""small"": ""https://imgs.qunarzz.com/p/tts9/1804/e5/23d39598d7624002.jpg_120x120_883c0206.jpg"", ""title"": """", ""big"": ""https://imgs.qunarzz.com/p/tts9/1804/e5/23d39598d7624002.jpg""}], ""userNickName"": ""i*3"", ""replyCityName"": """", ""cityName"": """"}, {""author"": ""D*5"", ""content"": ""\u5b8b\u9686\u5c0f\u9547\u7684\u8bbe\u8ba1\u5143\u7d20\u7b97\u5f88\u4e30\u5bcc\u3002\u82b1\u4e16\u754c\u5ea6\u5047\u5c9b\u6ee1\u8db3\u4e86\u5927\u4eba\u548c\u5c0f\u670b\u53cb\u7684\u73a9\u4e50\u9700\u6c42\uff0c\u6709\u673a\u52a8\u6e38\u620f\uff0c\u52a8\u7269\u56ed\uff0c\u52a8\u7269\u8868\u6f14\u573a\uff0c\u5361\u4e01\u8f66\u573a\uff0c\u9a91\u9a6c\u8bad\u7ec3\u8425\uff0c\u6e38\u6e56\u7b49\u7b49\u3002\u5c0f\u9547\u4e0a\uff0c\u8fd8\u6709\u827a\u672f\u6444\u5f71\u57fa\u5730\uff0c\u5b8b\u9686\u6587\u5316\u533a\u3002\u6574\u4f53\u4e0a\uff0c\u662f\u4e2a\u4e0d\u9519\u7684\u7efc\u5408\u5ea6\u5047\u5730\u65b9\u3002\u5f53\u7136\uff0c\u7531\u4e8e\u8fd8\u5728\u4e0d\u65ad\u5b8c\u5584\uff0c\u90e8\u5206\u914d\u5957\u8bbe\u65bd\u8fd8\u6709\u5f85\u52a0\u5f3a\u3002\u73b0\u573a\u8d2d\u7968\u8fd8\u662f\u7f51\u7edc\u8d2d\u7968\u4e5f\u5f88\u65b9\u4fbf\uff0c\u4f18\u60e0\u529b\u5ea6\u5dee\u4e0d\u591a\u3002\u8981\u6ce8\u610f\u7684\u662f\uff0c1.2\u4e00\u4e0b\u5c0f\u7ae5\u662f\u514d\u7968\uff0c\u4f46\u91cc\u9762\u673a\u52a8\u6e38\u620f\u9700\u8981\u9010\u9879\u8ba1\u8d39\u7684\u3002\u6210\u4eba\u7968\u5c31\u5168\u5305\u4e86\u3002\u9910\u996e\u7684\u8bdd\uff0c\u63a8\u8350\u5c0f\u9547\u95e8\u5916\u7684\u4e1c\u5761\u98df\u5e9c\uff0c\u6027\u4ef7\u6bd4\u975e\u5e38\u597d\uff0c\u7edd\u5bf9\u8d85\u503c\u3002"", ""date"": ""2017-06-25"", ""score"": 4, ""commentId"": ""204919386"", ""imgs"": [{""small"": ""https://imgs.qunarzz.com/p/tts4/1801/5f/622e06d2988ead02.jpg_120x120_bf25249b.jpg"", ""title"": """", ""big"": ""https://imgs.qunarzz.com/p/tts4/1801/5f/622e06d2988ead02.jpg""}, {""small"": ""https://imgs.qunarzz.com/p/tts3/1801/f8/eac06fadd41fd302.jpg_120x120_bc94c2c9.jpg"", ""title"": """", ""big"": ""https://imgs.qunarzz.com/p/tts3/1801/f8/eac06fadd41fd302.jpg""}, {""small"": ""https://imgs.qunarzz.com/p/tts2/1801/dd/431b788ff42daa02.jpg_120x120_5952d5c6.jpg"", ""title"": """", ""big"": ""https://imgs.qunarzz.com/p/tts2/1801/dd/431b788ff42daa02.jpg""}, {""small"": ""https://imgs.qunarzz.com/p/tts7/1801/3a/0c32011ec3eab02.jpg_120x120_f7e08b13.jpg"", ""title"": """", ""big"": ""https://imgs.qunarzz.com/p/tts7/1801/3a/0c32011ec3eab02.jpg""}, {""small"": ""https://imgs.qunarzz.com/p/tts7/1801/d1/ec37a65ae9b19e02.jpg_120x120_de3fe674.jpg"", ""title"": """", ""big"": ""https://imgs.qunarzz.com/p/tts7/1801/d1/ec37a65ae9b19e02.jpg""}, {""small"": ""https://imgs.qunarzz.com/p/tts1/1801/f0/44c03b825b119302.jpg_120x120_1d9f213d.jpg"", ""title"": """", ""big"": ""https://imgs.qunarzz.com/p/tts1/1801/f0/44c03b825b119302.jpg""}, {""small"": ""https://imgs.qunarzz.com/p/tts7/1801/89/efa14a4a1e17e02.jpg_120x120_24ec5b56.jpg"", ""title"": """", ""big"": ""https://imgs.qunarzz.com/p/tts7/1801/89/efa14a4a1e17e02.jpg""}, {""small"": ""https://imgs.qunarzz.com/p/tts3/1801/55/6f3d87fb10f6da02.jpg_120x120_9858cee9.jpg"", ""title"": """", ""big"": ""https://imgs.qunarzz.com/p/tts3/1801/55/6f3d87fb10f6da02.jpg""}, {""small"": ""https://imgs.qunarzz.com/p/tts3/1801/ff/054b4df32c0c7c02.jpg_120x120_fe7ba9f8.jpg"", ""title"": """", ""big"": ""https://imgs.qunarzz.com/p/tts3/1801/ff/054b4df32c0c7c02.jpg""}], ""userNickName"": ""D*5"", ""replyCityName"": """", ""cityName"": """"}, {""author"": ""l*0"", ""content"": ""\u7528\u6237\u672a\u70b9\u8bc4\uff0c\u7cfb\u7edf\u9ed8\u8ba4\u597d\u8bc4\u3002"", ""date"": ""2018-12-26"", ""score"": 5, ""commentId"": ""208842063"", ""imgs"": [], ""userNickName"": ""l*0"", ""replyCityName"": """", ""cityName"": """"}, {""author"": ""l*0"", ""content"": ""\u7528\u6237\u672a\u70b9\u8bc4\uff0c\u7cfb\u7edf\u9ed8\u8ba4\u597d\u8bc4\u3002"", ""date"": ""2018-12-26"", ""score"": 5, ""commentId"": ""208842037"", ""imgs"": [], ""userNickName"": ""l*0"", ""replyCityName"": """", ""cityName"": """"}], ""score"": 4.9, ""commentCount"": 243}, ""statusCode"": 200}"
月光流域,https://qimgs.qunarzz.com/piao_qsight_provider_piao_qsight_web/1lo2b12000cwj8f32E421_C_900_504.jpg_280x200_c57ad9b4.jpg,肇庆市,高要区,广东省肇庆市高要区小湘镇联星社区上水新村410号,1,5.0,N/A,https://piao.qunar.com/ticket/detail_3844133500.html?st=a3clM0QlRTklQUIlOTglRTglQTYlODElRTUlOEMlQkElMjZpZCUzRDUyNTUxNyUyNnR5cGUlM0QwJTI2aWR4JTNEMiUyNnF0JTNEJTI2YXBrJTNEMiUyNnNjJTNEV1dXJTI2dXIlM0QlRTQlQjglQUQlRTUlQjElQjElMjZsciUzRCVFNCVCOCVBRCVFNSVCMSVCMSUyNmZ0JTNEJTdCJTdE#from=mpl_search_suggest,38.0,N/A,N/A,01/01-08/16；周一至周日；09:00-21:00开园；（20:00停止入园）,https://qimgs.qunarzz.com/piao_qsight_provider_piao_qsight_web/1lo2b12000cwj8f32E421_C_900_504.jpg_710x360_a406f696.jpg〇https://qimgs.qunarzz.com/piao_qsight_provider_piao_qsight_web/1lo6v12000cwj8f545983_C_900_504_Q90_Mtg_7.jpg_710x360_2cd8cc77.jpg〇https://qimgs.qunarzz.com/piao_qsight_provider_piao_qsight_web/1lo2o12000ey1mfwa6932_C_900_504_Q90_Mtg_7.jpg_710x360_19f54b2c.jpg〇https://qimgs.qunarzz.com/piao_qsight_provider_piao_qsight_web/1lo2912000ey1le9y17C0_C_900_504_Q90_Mtg_7.jpg_710x360_b61469c0.jpg〇https://qimgs.qunarzz.com/piao_qsight_provider_piao_qsight_web/1lo6l12000cwj8hgvCC9F_C_900_504_Q90_Mtg_7.jpg_710x360_60176e7f.jpg〇https://qimgs.qunarzz.com/piao_qsight_provider_piao_qsight_web/1lo5m12000cwj9a1m7BDE_C_900_504_Q90_Mtg_7.png_710x360_55426f87.png〇https://qimgs.qunarzz.com/piao_qsight_provider_piao_qsight_web/1lo4p12000ey1m1is57D4_C_900_504_Q90_Mtg_7.jpg_710x360_0beb7911.jpg〇https://qimgs.qunarzz.com/piao_qsight_provider_piao_qsight_web/1lo5q12000ey1m1qtB9BA_C_900_504_Q90_Mtg_7.jpg_710x360_30867c5b.jpg〇https://qimgs.qunarzz.com/piao_qsight_provider_piao_qsight_web/1lo4u12000cwj8xpc46EE_C_900_504_Q90_Mtg_7.jpg_710x360_a9e26065.jpg〇https://qimgs.qunarzz.com/piao_qsight_provider_piao_qsight_web/1lo6x12000cwj96vo6C35_C_900_504_Q90_Mtg_7.png_710x360_818d4dd2.png〇https://qimgs.qunarzz.com/piao_qsight_provider_piao_qsight_web/1lo2b12000cwj8f32E421_C_900_504_Q90_Mtg_7.jpg_710x360_4faaed50.jpg,"{""ret"": true, ""data"": {""tagList"": [{""tagType"": 1, ""tagScore"": 5, ""tagNum"": 1, ""tagName"": ""\u597d\u8bc4""}, {""tagType"": 0, ""tagScore"": 5, ""tagNum"": 1, ""tagName"": ""\u5168\u90e8""}], ""commentList"": [{""author"": ""\u8377*8"", ""content"": ""\u7528\u6237\u672a\u70b9\u8bc4\uff0c\u7cfb\u7edf\u9ed8\u8ba4\u597d\u8bc4\u3002"", ""date"": ""2024-07-22"", ""score"": 5, ""commentId"": ""234941514"", ""imgs"": [], ""userNickName"": ""\u8377*8"", ""replyCityName"": """", ""cityName"": """"}], ""score"": 5.0, ""commentCount"": 1}, ""statusCode"": 200}"
肇庆恒大梦幻奇趣园,https://qimgs.qunarzz.com/piao_qsight_provider_piao_qsight_web/010691200005q2lp3A7B6_C_900_504.jpg_280x200_9f38a49a.jpg,肇庆市,高要区,广东省肇庆市高要区195乡道恒大世纪梦幻花园C4区第一栋首层,206,5.0,肇庆梦幻奇趣园位于肇庆市高要区白土镇恒大世纪梦幻城内，一期由生态植物、梦幻景观、奇趣探险、互动娱乐等四大主题构成，占地总,https://piao.qunar.com/ticket/detail_1459173318.html?st=a3clM0QlRTklQUIlOTglRTglQTYlODElRTUlOEMlQkElMjZpZCUzRDUwNzE1MSUyNnR5cGUlM0QwJTI2aWR4JTNEMSUyNnF0JTNEJTI2YXBrJTNEMiUyNnNjJTNEV1dXJTI2dXIlM0QlRTQlQjglQUQlRTUlQjElQjElMjZsciUzRCVFNCVCOCVBRCVFNSVCMSVCMSUyNmZ0JTNEJTdCJTdE#from=mpl_search_suggest,20.0,N/A,肇庆梦幻奇趣园位于肇庆市高要区白土镇恒大世纪梦幻城内，一期由生态植物、梦幻景观、奇趣探险、互动娱乐等四大主题构成，占地总面积约300余亩，致力于构建户外绿色生态型、寓教于乐的家庭休闲中心及旅游休闲胜地，打造城市家庭亲子一站式“轻度假”和网红打卡的目的地。二期项目将拓展奇趣乐园嘉年华、萌宠部落、冰雪海洋馆、丛林探险、奇趣水上乐园、青少年营地等主题项目。,1/1-12/31；周一至周日；09:00-18:00开园；（17:00停止入园）,https://qimgs.qunarzz.com/piao_qsight_provider_piao_qsight_web/010691200005q2lp3A7B6_C_900_504.jpg_710x360_f0df2d26.jpg〇https://qimgs.qunarzz.com/piao_qsight_provider_piao_qsight_web/0104d1200005q2p96D95C_C_900_504_Q90_Mtg_7.jpg_710x360_a6ad753e.jpg〇https://qimgs.qunarzz.com/piao_qsight_provider_piao_qsight_web/1lo3512000bp1pfdo9F17_C_900_504_Q90_Mtg_7.jpg_710x360_92f39e05.jpg〇https://qimgs.qunarzz.com/piao_qsight_provider_piao_qsight_web/0105g1200005q2m96EA50_C_900_504_Q90_Mtg_7.jpg_710x360_a779831d.jpg〇https://qimgs.qunarzz.com/piao_qsight_provider_piao_qsight_web/0103w1200005q2nfkCAB9_C_900_504_Q90_Mtg_7.png_710x360_4100ae01.png〇https://qimgs.qunarzz.com/piao_qsight_provider_piao_qsight_web/010431200005q2m2g6540_C_900_504_Q90_Mtg_7.jpg_710x360_6fc0d80f.jpg〇https://qimgs.qunarzz.com/piao_qsight_provider_piao_qsight_web/1lo1712000bp1ozwiEEB3_C_900_504_Q90_Mtg_7.jpg_710x360_def00b11.jpg〇https://qimgs.qunarzz.com/piao_qsight_provider_piao_qsight_web/0101n1200005q2omx2775_C_900_504_Q90_Mtg_7.jpg_710x360_e9fc7bd4.jpg〇https://qimgs.qunarzz.com/piao_qsight_provider_piao_qsight_web/1lo2f12000bp1p54i4AA5_C_900_504_Q90_Mtg_7.jpg_710x360_3c3c0562.jpg〇https://qimgs.qunarzz.com/piao_qsight_provider_piao_qsight_web/0102t1200005q2p2fDECB_C_900_504_Q90_Mtg_7.jpg_710x360_b6f10bc1.jpg〇https://qimgs.qunarzz.com/piao_qsight_provider_piao_qsight_web/010691200005q2lp3A7B6_C_900_504_Q90_Mtg_7.jpg_710x360_09bb24cf.jpg〇https://qimgs.qunarzz.com/piao_qsight_provider_piao_qsight_web/4888e81325dc058dac76c93c4fb01f13.jpg_710x360_fb6709b5.jpg〇https://qimgs.qunarzz.com/piao_qsight_provider_piao_qsight_web/ef68b674630e4735bddd9fd771b6dc42.jpg_710x360_b15ea5a4.jpg〇https://qimgs.qunarzz.com/piao_qsight_provider_piao_qsight_web/d5246d9ad51442656d52e151ea48dcd9.jpg_710x360_4cb0a0a3.jpg〇https://qimgs.qunarzz.com/piao_qsight_provider_piao_qsight_web/9ae106962a41f8d9a6342d74394f1613.jpg_710x360_4a1cb7a4.jpg〇https://qimgs.qunarzz.com/piao_qsight_provider_piao_qsight_web/bb3d2174265a926bfd9c5e5a09873883.jpg_710x360_abaebef8.jpg〇https://qimgs.qunarzz.com/piao_qsight_provider_piao_qsight_web/00b4cf122c83f908e7de02551610c908.jpg_710x360_d78b6f49.jpg〇https://qimgs.qunarzz.com/piao_qsight_provider_piao_qsight_web/c8d98672eff5f3f207b48be0147af36a.jpg_710x360_b29eb8af.jpg〇https://qimgs.qunarzz.com/piao_qsight_provider_piao_qsight_web/7a456d7627abdd7fb036c44d39c3a186.jpg_710x360_76c715e0.jpg〇https://qimgs.qunarzz.com/piao_qsight_provider_piao_qsight_web/e9d9b2991316b2a800980f11858a22dd.jpg_710x360_b348243f.jpg〇https://qimgs.qunarzz.com/piao_qsight_provider_piao_qsight_web/0b426315e677bd6b18ac7c9b33015f6c.jpg_710x360_d9dfd001.jpg〇https://qimgs.qunarzz.com/piao_qsight_provider_piao_qsight_web/b1652fce69f0300495cc5916aa720533.jpg_710x360_08691d5d.jpg〇https://qimgs.qunarzz.com/piao_qsight_provider_piao_qsight_web/39faabb7b4d5b74be9720220e7960f80.jpg_710x360_721eefc3.jpg〇https://qimgs.qunarzz.com/piao_qsight_provider_piao_qsight_web/04f2286f141b9e0cc0caaf7a8924ec12.jpg_710x360_c18504aa.jpg〇https://qimgs.qunarzz.com/piao_qsight_provider_piao_qsight_web/2d6d0e9ef8498da1a17b983375c2e990.jpg_710x360_e10f895b.jpg〇https://qimgs.qunarzz.com/piao_qsight_provider_piao_qsight_web/fca9ac4767c1a9e8b880b18a04d5730f.jpg_710x360_d2fd19ed.jpg〇https://qimgs.qunarzz.com/piao_qsight_provider_piao_qsight_web/0ae15daf9ea6b02e3a408928bdbb3abd.jpg_710x360_62ed15be.jpg〇https://qimgs.qunarzz.com/piao_qsight_provider_piao_qsight_web/fe6cd56771d33dbc11a3af32b84289bd.jpg_710x360_8d7031d4.jpg〇https://qimgs.qunarzz.com/piao_qsight_provider_piao_qsight_web/956cde004f0ba44ad37dbe0776d52d4d.jpg_710x360_fc0456c1.jpg〇https://qimgs.qunarzz.com/piao_qsight_provider_piao_qsight_web/6e65517d482ca13c8520d547b790f895.jpg_710x360_86e42a50.jpg〇https://qimgs.qunarzz.com/piao_qsight_provider_piao_qsight_web/7ef6e70c7873d62e92c05c287da10a89.jpg_710x360_79afe2a5.jpg,"{""ret"": true, ""data"": {""tagList"": [{""tagType"": 1, ""tagScore"": 5, ""tagNum"": 206, ""tagName"": ""\u597d\u8bc4""}, {""tagType"": 0, ""tagScore"": 5, ""tagNum"": 206, ""tagName"": ""\u5168\u90e8""}], ""commentList"": [{""author"": ""p*3"", ""content"": ""\u7528\u6237\u672a\u70b9\u8bc4\uff0c\u7cfb\u7edf\u9ed8\u8ba4\u597d\u8bc4\u3002"", ""date"": ""2024-12-01"", ""score"": 5, ""commentId"": ""239019686"", ""imgs"": [], ""userNickName"": ""p*3"", ""replyCityName"": """", ""cityName"": """"}, {""author"": ""j*6"", ""content"": ""\u7528\u6237\u672a\u70b9\u8bc4\uff0c\u7cfb\u7edf\u9ed8\u8ba4\u597d\u8bc4\u3002"", ""date"": ""2024-11-20"", ""score"": 5, ""commentId"": ""238857458"", ""imgs"": [], ""userNickName"": ""j*6"", ""replyCityName"": """", ""cityName"": """"}, {""author"": ""k*2"", ""content"": ""\u7528\u6237\u672a\u70b9\u8bc4\uff0c\u7cfb\u7edf\u9ed8\u8ba4\u597d\u8bc4\u3002"", ""date"": ""2024-11-20"", ""score"": 5, ""commentId"": ""238851434"", ""imgs"": [], ""userNickName"": ""k*2"", ""replyCityName"": """", ""cityName"": """"}, {""author"": ""\u53bb*\u6237"", ""content"": ""\u7528\u6237\u672a\u70b9\u8bc4\uff0c\u7cfb\u7edf\u9ed8\u8ba4\u597d\u8bc4\u3002"", ""date"": ""2024-06-05"", ""score"": 5, ""commentId"": ""234223291"", ""imgs"": [], ""userNickName"": ""\u53bb*\u6237"", ""replyCityName"": """", ""cityName"": """"}, {""author"": ""S*s"", ""content"": ""\u7528\u6237\u672a\u70b9\u8bc4\uff0c\u7cfb\u7edf\u9ed8\u8ba4\u597d\u8bc4\u3002"", ""date"": ""2024-06-03"", ""score"": 5, ""commentId"": ""234108712"", ""imgs"": [], ""userNickName"": ""S*s"", ""replyCityName"": """", ""cityName"": """"}, {""author"": ""\u53bb*\u6237"", ""content"": ""\u7528\u6237\u672a\u70b9\u8bc4\uff0c\u7cfb\u7edf\u9ed8\u8ba4\u597d\u8bc4\u3002"", ""date"": ""2024-03-16"", ""score"": 5, ""commentId"": ""232241615"", ""imgs"": [], ""userNickName"": ""\u53bb*\u6237"", ""replyCityName"": """", ""cityName"": """"}, {""author"": ""f*6"", ""content"": ""\u7528\u6237\u672a\u70b9\u8bc4\uff0c\u7cfb\u7edf\u9ed8\u8ba4\u597d\u8bc4\u3002"", ""date"": ""2024-03-14"", ""score"": 5, ""commentId"": ""232069053"", ""imgs"": [], ""userNickName"": ""f*6"", ""replyCityName"": """", ""cityName"": """"}, {""author"": ""m*g"", ""content"": ""\u7528\u6237\u672a\u70b9\u8bc4\uff0c\u7cfb\u7edf\u9ed8\u8ba4\u597d\u8bc4\u3002"", ""date"": ""2024-03-12"", ""score"": 5, ""commentId"": ""231963000"", ""imgs"": [], ""userNickName"": ""m*g"", ""replyCityName"": """", ""cityName"": """"}, {""author"": ""o*3"", ""content"": ""\u7528\u6237\u672a\u70b9\u8bc4\uff0c\u7cfb\u7edf\u9ed8\u8ba4\u597d\u8bc4\u3002"", ""date"": ""2024-03-12"", ""score"": 5, ""commentId"": ""231946111"", ""imgs"": [], ""userNickName"": ""o*3"", ""replyCityName"": """", ""cityName"": """"}, {""author"": ""o*3"", ""content"": ""\u7528\u6237\u672a\u70b9\u8bc4\uff0c\u7cfb\u7edf\u9ed8\u8ba4\u597d\u8bc4\u3002"", ""date"": ""2024-03-12"", ""score"": 5, ""commentId"": ""231943512"", ""imgs"": [], ""userNickName"": ""o*3"", ""replyCityName"": """", ""cityName"": """"}], ""score"": 5.0, ""commentCount"": 206}, ""statusCode"": 200}"
广宁竹海,https://imgs.qunarzz.com/sight/p0/1607/60/602122a68b838f65b4.img.jpg_280x200_409196a6.jpg,肇庆市,广宁县,广东省肇庆市广宁县,-1,-1.0,天然的大氧吧，亲子旅游的好去处,https://piao.qunar.com/ticket/detail_3680965089.html?st=a3clM0QlRTUlQjklQkYlRTUlQUUlODElRTUlOEUlQkYlMjZpZCUzRDQ1OTk5MCUyNnR5cGUlM0QwJTI2aWR4JTNEMyUyNnF0JTNEJTI2YXBrJTNEMiUyNnNjJTNEV1dXJTI2dXIlM0QlRTQlQjglQUQlRTUlQjElQjElMjZsciUzRCVFNCVCOCVBRCVFNSVCMSVCMSUyNmZ0JTNEJTdCJTdE#from=mpl_search_suggest,-1.0,N/A,[广宁竹海大观]位于著名的竹子之乡——广宁县， 景区占地面积8.13平方公里， 空气负离子达9.8万个/立方厘米，是天然的大氧吧！景区距离广州130公里、肇庆90公里，交通十分便利。 包括凌波栈道、绥江远眺、沙滩乐园、五彩石龙龟、绿道寻幽、忘忧岛等景点，是休闲度假，亲子旅游的好去处！,暂无,https://imgs.qunarzz.com/sight/p0/1607/60/602122a68b838f65b4.img.jpg_710x360_9ecfe98f.jpg,"{""ret"": true, ""data"": {""tagList"": [{""tagType"": 0, ""tagScore"": 5, ""tagNum"": 0, ""tagName"": ""\u5168\u90e8""}], ""score"": 0.0, ""commentCount"": 0}, ""statusCode"": 200}"
宝锭山风景区,https://qimgs.qunarzz.com/piao_qsight_provider_piao_qsight_web/0104k120008i2ituj4F68_C_900_504.jpg_280x200_7781d1fe.jpg,肇庆市,广宁县,广东省肇庆市广宁县南街街道碧翠湖,3,4.0,因两座大山山影似元宝得名,https://piao.qunar.com/ticket/detail_2277880442.html?st=a3clM0QlRTUlQjklQkYlRTUlQUUlODElRTUlOEUlQkYlMjZpZCUzRDMzNjU2JTI2dHlwZSUzRDAlMjZpZHglM0QyJTI2cXQlM0QlMjZhcGslM0QyJTI2c2MlM0RXV1clMjZ1ciUzRCVFNCVCOCVBRCVFNSVCMSVCMSUyNmxyJTNEJUU0JUI4JUFEJUU1JUIxJUIxJTI2ZnQlM0QlN0IlN0Q%3D#from=mpl_search_suggest,-1.0,N/A,宝锭山景区就位于宝锭山下，传说财神以金元宝试探竹痴郑板桥，但郑板桥不为所动，所留下的元宝就变成了宝锭山。宝锭山景区是一个依傍自然奇特的湖光山色、绚丽多姿的动植物种类的展示。宝锭山景区内具有丰富的科普资源：拥有150多种珍稀竹子，1000多种植物资源，200多种珍稀动物。聚宝天地和君子园：进入由金砖作墙、两锭巨大金元宝托起一串金灿灿的古钱币的景区大门，便是聚宝天地，走过九宫八卦飞星图转运坛，手捧聚宝盆向人们惠赐财运，转身而望，两块宝锭与一座青山组成的天然巨大宝锭遥遥相对应，何其相似乃尔！环湖边是一条由一个个金钱铺就的丁财路。,1/1-12/31；周一至周日；08:00-18:30开园,https://qimgs.qunarzz.com/piao_qsight_provider_piao_qsight_web/0104k120008i2ituj4F68_C_900_504.jpg_710x360_a04dcae3.jpg〇https://qimgs.qunarzz.com/piao_qsight_provider_piao_qsight_web/0104k120008i2ituj4F68_C_900_504_Q90_Mtg_7.jpg_710x360_dc7581c5.jpg〇https://imgs.qunarzz.com/sight/p0/1410/28/ebd0770b648ed7e43c22d91dd6d467e0.jpg_710x360_23a4468f.jpg〇https://imgs.qunarzz.com/sight/p0/201301/10/d6fe260c1538baf793835fbb.png_710x360_3f649a8c.png〇https://imgs.qunarzz.com/sight/p0/201301/10/448ed255ec40a13593835fbb.png_710x360_0bf57cac.png〇https://imgs.qunarzz.com/sight/p0/201301/10/cbcdb0d43db7774b93835fbb.png_710x360_97406103.png,"{""ret"": true, ""data"": {""tagList"": [{""tagType"": 4, ""tagScore"": 5, ""tagNum"": 1, ""tagName"": ""\u53d6\u7968\u65b9\u4fbf""}, {""tagType"": 3, ""tagScore"": 5, ""tagNum"": 1, ""tagName"": ""\u5dee\u8bc4""}, {""tagType"": 1, ""tagScore"": 5, ""tagNum"": 2, ""tagName"": ""\u597d\u8bc4""}, {""tagType"": 0, ""tagScore"": 5, ""tagNum"": 3, ""tagName"": ""\u5168\u90e8""}], ""commentList"": [{""author"": ""a*9"", ""content"": ""\u666f\u533a\u4e00\u822c\uff0c\u7af9\u5c55\u89c8\u5385\u4e0d\u9519\uff0c\u5c0f\u670b\u53cb\u559c\u6b22\u6e38\u8239\u3002"", ""date"": ""2015-10-19"", ""score"": 5, ""commentId"": ""85988377"", ""imgs"": [{""small"": ""https://imgs.qunarzz.com/piao/fusion/1510/5a/3aae997fcf708.jpg_120x120_39053a1b.jpg"", ""title"": """", ""big"": ""https://imgs.qunarzz.com/piao/fusion/1510/5a/3aae997fcf708.jpg""}, {""small"": ""https://imgs.qunarzz.com/piao/fusion/1510/cb/388f8069c5829f.jpg_120x120_3a11aa0e.jpg"", ""title"": """", ""big"": ""https://imgs.qunarzz.com/piao/fusion/1510/cb/388f8069c5829f.jpg""}, {""small"": ""https://imgs.qunarzz.com/piao/fusion/1510/9c/830a2e804d7080.jpg_120x120_dc80fa44.jpg"", ""title"": """", ""big"": ""https://imgs.qunarzz.com/piao/fusion/1510/9c/830a2e804d7080.jpg""}, {""small"": ""https://imgs.qunarzz.com/piao/fusion/1510/d1/97dbc9c145d91c.jpg_120x120_4e5bbe23.jpg"", ""title"": """", ""big"": ""https://imgs.qunarzz.com/piao/fusion/1510/d1/97dbc9c145d91c.jpg""}, {""small"": ""https://imgs.qunarzz.com/piao/fusion/1510/87/bdd5cbca7a0c3.jpg_120x120_8724d120.jpg"", ""title"": """", ""big"": ""https://imgs.qunarzz.com/piao/fusion/1510/87/bdd5cbca7a0c3.jpg""}], ""userNickName"": ""a*9"", ""replyCityName"": """", ""cityName"": """"}, {""author"": ""8*g"", ""content"": ""\u73af\u5883\u4e0d\u9519\uff0c\u503c\u5f97\u4e00\u53bb\uff0c\u4e0b\u6b21\u8fd8\u4f1a\u53bb"", ""date"": ""2015-10-12"", ""score"": 5, ""commentId"": ""84661906"", ""imgs"": [], ""userNickName"": ""8*g"", ""replyCityName"": """", ""cityName"": """"}, {""author"": ""t*2"", ""content"": ""\u4e00\u822c\u822c\uff0c\u6c92\u4ec0\u4e48\u7279\u522b\u3002"", ""date"": ""2015-07-25"", ""score"": 2, ""commentId"": ""61772776"", ""imgs"": [], ""userNickName"": ""t*2"", ""replyCityName"": """", ""cityName"": """"}], ""score"": 4.0, ""commentCount"": 3}, ""statusCode"": 200}"
绥江竹海生态旅游景区,https://qimgs.qunarzz.com/piao_qsight_provider_piao_qsight_web/100612000000sg46mF39D_C_900_504.jpg_280x200_bdd2a976.jpg,肇庆市,广宁县,广东省肇庆市广宁县南街街道东乡平头沙,241,4.6,有万亩竹海，四季均可观竹,https://piao.qunar.com/ticket/detail_1335156969.html?st=a3clM0QlRTUlQjklQkYlRTUlQUUlODElRTUlOEUlQkYlMjZpZCUzRDEyNzAyJTI2dHlwZSUzRDAlMjZpZHglM0QxJTI2cXQlM0QlMjZhcGslM0QyJTI2c2MlM0RXV1clMjZ1ciUzRCVFNCVCOCVBRCVFNSVCMSVCMSUyNmxyJTNEJUU0JUI4JUFEJUU1JUIxJUIxJTI2ZnQlM0QlN0IlN0Q%3D#from=mpl_search_suggest,-1.0,4A景区,广宁竹海大观旅游景区成立于2002年，是广东省肇庆市重点旅游企业。景区地处广东省面积大的竹林，规划面积达8.13平方公里，一河两岸，为山水环绕地，是集康养、休闲、亲子游玩、餐饮、住宿于一体的旅游景区，广宁竹海大观景区是广东省森林康养基地试点单位，国家AAA级旅游景区，肇庆市千里走廊重点示范单位。,1/1-12/31；周一至周日；08:00-17:30开园,https://qimgs.qunarzz.com/piao_qsight_provider_piao_qsight_web/100612000000sg46mF39D_C_900_504.jpg_710x360_cce42766.jpg〇https://qimgs.qunarzz.com/piao_qsight_provider_piao_qsight_web/100u12000000sfgu91181_C_900_504_Q90_Mtg_7.jpg_710x360_05da9fd2.jpg〇https://qimgs.qunarzz.com/piao_qsight_provider_piao_qsight_web/100612000000sg46mF39D_C_900_504_Q90_Mtg_7.jpg_710x360_81adb936.jpg〇https://imgs.qunarzz.com/sight/p0/1410/22/79d73b18d06516a52ff74b8f40122d0f.jpg_710x360_4d5cab34.jpg〇https://imgs.qunarzz.com/sight/p0/1410/22/a9d029639ff74ff6387ec30be83b2c9a.jpg_710x360_3ecd640e.jpg〇https://imgs.qunarzz.com/sight/p0/1410/22/83f3517bb8b964b6826db3e16509238d.jpg_710x360_727fa0d1.jpg〇https://imgs.qunarzz.com/sight/p0/1410/22/db96bbed76438b39cac0f1cfd47ff9c4.jpg_710x360_48d3da15.jpg〇https://imgs.qunarzz.com/sight/p0/1410/22/05c0a287fa1d419f63752abbf7d3683d.jpg_710x360_160744d1.jpg〇https://imgs.qunarzz.com/sight/p0/1410/22/59f63d39e2c0c42b0f3330aa8301b7a4.jpg_710x360_f8242e35.jpg〇https://imgs.qunarzz.com/sight/p0/1410/22/6bb7d7e42c3b50e954af5f67c92fcb33.jpg_710x360_26b87c4c.jpg〇https://imgs.qunarzz.com/sight/p0/1409/11/6073e302b4eafbd8fbf0de790e4e0d1b.jpg_710x360_82b03d69.jpg〇https://imgs.qunarzz.com/sight/p0/1409/11/ce5dd13f4790674861c5e9513f9539a3.jpg_710x360_f1e5e5db.jpg〇https://imgs.qunarzz.com/sight/p0/1409/11/ee5f0ad076a674098a6dcb1ee01bdaff.jpg_710x360_40219ba0.jpg〇https://imgs.qunarzz.com/sight/p0/201403/07/8427dbba52cf180e903b0de627a20e89.jpg_710x360_fcaea0fc.jpg〇https://imgs.qunarzz.com/sight/p0/201403/07/39e141893da0e5eba8408df6b6f063a5.jpg_710x360_3f77b0a7.jpg〇https://imgs.qunarzz.com/sight/p0/201403/07/ad6f74ad4e1bf78c90262a98157fe2ab.jpg_710x360_6d9f927a.jpg〇https://imgs.qunarzz.com/sight/p0/201403/07/9b5f3d29a162fcfb0ff421e0a52243b1.jpg_710x360_2212037a.jpg〇https://imgs.qunarzz.com/sight/p0/201403/07/d222c476cf46d50a0f1b27449b94d4d2.jpg_710x360_150536e5.jpg〇https://qimgs.qunarzz.com/piao_qsight_provider_piao_qsight_web/f8463baa24b09ce9ffffffffc8d65eac.jpg_710x360_c0c4ac9a.jpg〇https://qimgs.qunarzz.com/piao_qsight_provider_piao_qsight_web/83f98e1ff51ff302.jpg_710x360_ad32b6d0.jpg〇https://qimgs.qunarzz.com/piao_qsight_provider_piao_qsight_web/bf85d4d7f18ae902.jpg_710x360_af8aa325.jpg〇https://qimgs.qunarzz.com/piao_qsight_provider_piao_qsight_web/1e20145c310b2002.jpg_710x360_6219d3fd.jpg〇https://qimgs.qunarzz.com/piao_qsight_provider_piao_qsight_web/82a51ddebee7ad02.jpg_710x360_d5ea49f3.jpg〇https://qimgs.qunarzz.com/piao_qsight_provider_piao_qsight_web/9c0ef2838f26c302.jpg_710x360_4d36b65b.jpg〇https://qimgs.qunarzz.com/piao_qsight_provider_piao_qsight_web/9eb3f29dd3596f02.jpg_710x360_d8f07196.jpg〇https://qimgs.qunarzz.com/piao_qsight_provider_piao_qsight_web/f345ef33f22e7b02.jpg_710x360_135739e2.jpg〇https://qimgs.qunarzz.com/piao_qsight_provider_piao_qsight_web/54095e3d45480a02.jpg_710x360_e8ba2164.jpg〇https://qimgs.qunarzz.com/piao_qsight_provider_piao_qsight_web/720785b8324ff402.jpg_710x360_c364af91.jpg〇https://qimgs.qunarzz.com/piao_qsight_provider_piao_qsight_web/7f05869177f7d502.jpg_710x360_682fa4bd.jpg〇https://qimgs.qunarzz.com/piao_qsight_provider_piao_qsight_web/92302b82e1d7d402.jpg_710x360_33814ecc.jpg〇https://qimgs.qunarzz.com/piao_qsight_provider_piao_qsight_web/3f991787085f7c02.jpg_710x360_39e75355.jpg〇https://qimgs.qunarzz.com/piao_qsight_provider_piao_qsight_web/144d2badcc85e02.jpg_710x360_14d0a8a5.jpg〇https://qimgs.qunarzz.com/piao_qsight_provider_piao_qsight_web/049a44398e96d02.jpg_710x360_d56b6299.jpg〇https://qimgs.qunarzz.com/piao_qsight_provider_piao_qsight_web/2e98c9c936ca6c02.jpg_710x360_8bfe928f.jpg〇https://qimgs.qunarzz.com/piao_qsight_provider_piao_qsight_web/e85f87afaec1b502.jpg_710x360_0dfb54f1.jpg〇https://qimgs.qunarzz.com/piao_qsight_provider_piao_qsight_web/cb6fc12605440402.jpg_710x360_5dbbd5f4.jpg〇https://qimgs.qunarzz.com/piao_qsight_provider_piao_qsight_web/f1bfa75317af2502.jpg_710x360_75e17393.jpg,"{""ret"": true, ""data"": {""tagList"": [{""tagType"": 32, ""tagScore"": 5, ""tagNum"": 2, ""tagName"": ""\u670d\u52a1\u597d""}, {""tagType"": 16, ""tagScore"": 5, ""tagNum"": 1, ""tagName"": ""\u9760\u8c31""}, {""tagType"": 8, ""tagScore"": 5, ""tagNum"": 2, ""tagName"": ""\u4fbf\u5b9c""}, {""tagType"": 4, ""tagScore"": 5, ""tagNum"": 4, ""tagName"": ""\u53d6\u7968\u65b9\u4fbf""}, {""tagType"": 3, ""tagScore"": 5, ""tagNum"": 12, ""tagName"": ""\u5dee\u8bc4""}, {""tagType"": 2, ""tagScore"": 5, ""tagNum"": 13, ""tagName"": ""\u4e2d\u8bc4""}, {""tagType"": 1, ""tagScore"": 5, ""tagNum"": 216, ""tagName"": ""\u597d\u8bc4""}, {""tagType"": 0, ""tagScore"": 5, ""tagNum"": 241, ""tagName"": ""\u5168\u90e8""}], ""commentList"": [{""author"": ""d*4"", ""content"": ""\u4ece\u6ca1\u53bb\u8fc7\u90a3\u4e48\u5dee\u7684\u666f\u533a\uff0c\u8fdb\u53bb\u5565\u90fd\u6ca1\uff0c\u91ce\u8349\u4e1b\u751f\uff0c68\u7684\u95e8\u7968\u53ea\u80fd\u5750\u4e2a\u7af9\u6392\uff0c\u5176\u5b83\u60f3\u770b\u60f3\u73a9\u7684\u9879\u76ee\u5168\u90e8\u8981\u53e6\u5916\u4ed8\u8d39\uff0c\u4e14\u8fd8\u4e0d\u4fbf\u5b9c\uff0c\u5de5\u4f5c\u4eba\u5458\u7684\u6001\u5ea6\u8fd8\u6781\u5dee\u3002\u8fd9\u6837\u7684\u666f\u533a\u8fd8\u80fd\u8d70\u591a\u8fdc"", ""date"": ""2024-02-16"", ""score"": 1, ""commentId"": ""231452345"", ""imgs"": [], ""userNickName"": ""d*4"", ""replyCityName"": """", ""cityName"": ""\u5e7f\u4e1c""}, {""author"": ""d*4"", ""content"": ""\u4ece\u6ca1\u53bb\u8fc7\u90a3\u4e48\u5dee\u7684\u666f\u533a\uff0c\u8fdb\u53bb\u5565\u90fd\u6ca1\uff0c\u91ce\u8349\u4e1b\u751f\uff0c68\u7684\u95e8\u7968\u53ea\u80fd\u5750\u4e2a\u7af9\u6392\uff0c\u5176\u5b83\u60f3\u770b\u60f3\u73a9\u7684\u9879\u76ee\u5168\u90e8\u8981\u53e6\u5916\u4ed8\u8d39\uff0c\u4e14\u8fd8\u4e0d\u4fbf\u5b9c\uff0c\u5de5\u4f5c\u4eba\u5458\u7684\u6001\u5ea6\u8fd8\u6781\u5dee\u3002\u8fd9\u6837\u7684\u666f\u533a\u8fd8\u80fd\u8d70\u591a\u8fdc"", ""date"": ""2024-02-16"", ""score"": 1, ""commentId"": ""231452340"", ""imgs"": [], ""userNickName"": ""d*4"", ""replyCityName"": """", ""cityName"": ""\u5e7f\u4e1c""}, {""author"": ""\u5c0f*\u597d"", ""content"": ""\u7528\u6237\u672a\u70b9\u8bc4\uff0c\u7cfb\u7edf\u9ed8\u8ba4\u597d\u8bc4\u3002"", ""date"": ""2024-05-05"", ""score"": 5, ""commentId"": ""233303818"", ""imgs"": [], ""userNickName"": ""\u5c0f*\u597d"", ""replyCityName"": """", ""cityName"": """"}, {""author"": ""f*8"", ""content"": ""\u7528\u6237\u672a\u70b9\u8bc4\uff0c\u7cfb\u7edf\u9ed8\u8ba4\u597d\u8bc4\u3002"", ""date"": ""2024-05-05"", ""score"": 5, ""commentId"": ""233291679"", ""imgs"": [], ""userNickName"": ""f*8"", ""replyCityName"": """", ""cityName"": """"}, {""author"": ""\u53bb*\u6237"", ""content"": ""\u7528\u6237\u672a\u70b9\u8bc4\uff0c\u7cfb\u7edf\u9ed8\u8ba4\u597d\u8bc4\u3002"", ""date"": ""2024-04-08"", ""score"": 5, ""commentId"": ""232815036"", ""imgs"": [], ""userNickName"": ""\u53bb*\u6237"", ""replyCityName"": """", ""cityName"": """"}, {""author"": ""\u53bb*\u6237"", ""content"": ""\u7528\u6237\u672a\u70b9\u8bc4\uff0c\u7cfb\u7edf\u9ed8\u8ba4\u597d\u8bc4\u3002"", ""date"": ""2024-04-08"", ""score"": 5, ""commentId"": ""232813545"", ""imgs"": [], ""userNickName"": ""\u53bb*\u6237"", ""replyCityName"": """", ""cityName"": """"}, {""author"": ""c*5"", ""content"": ""\u7528\u6237\u672a\u70b9\u8bc4\uff0c\u7cfb\u7edf\u9ed8\u8ba4\u597d\u8bc4\u3002"", ""date"": ""2024-04-08"", ""score"": 5, ""commentId"": ""232813451"", ""imgs"": [], ""userNickName"": ""c*5"", ""replyCityName"": """", ""cityName"": """"}, {""author"": ""\u84b8*\u84b8"", ""content"": ""\u7528\u6237\u672a\u70b9\u8bc4\uff0c\u7cfb\u7edf\u9ed8\u8ba4\u597d\u8bc4\u3002"", ""date"": ""2024-04-01"", ""score"": 5, ""commentId"": ""232731022"", ""imgs"": [], ""userNickName"": ""\u84b8*\u84b8"", ""replyCityName"": """", ""cityName"": """"}, {""author"": ""\u524d*h"", ""content"": ""\u7528\u6237\u672a\u70b9\u8bc4\uff0c\u7cfb\u7edf\u9ed8\u8ba4\u597d\u8bc4\u3002"", ""date"": ""2024-03-18"", ""score"": 5, ""commentId"": ""232469610"", ""imgs"": [], ""userNickName"": ""\u524d*h"", ""replyCityName"": """", ""cityName"": """"}, {""author"": ""j*1"", ""content"": ""\u7528\u6237\u672a\u70b9\u8bc4\uff0c\u7cfb\u7edf\u9ed8\u8ba4\u597d\u8bc4\u3002"", ""date"": ""2024-03-15"", ""score"": 5, ""commentId"": ""232227118"", ""imgs"": [], ""userNickName"": ""j*1"", ""replyCityName"": """", ""cityName"": """"}], ""score"": 4.6, ""commentCount"": 241}, ""statusCode"": 200}"
广新农业生态园,https://qimgs.qunarzz.com/piao_qsight_provider_piao_qsight_web/04973f332324b616cd9a1cf273ec4157.jpg_280x200_ac839e31.jpg,肇庆市,高要区,广东省肇庆高要市白土镇绿茵大道,-1,-1.0,集示范教育、观光度假于一体的生态旅游地,https://piao.qunar.com/ticket/detail_2019333799.html?st=a3clM0QlRTklQUIlOTglRTglQTYlODElRTUlOEMlQkElMjZpZCUzRDcyNjklMjZ0eXBlJTNEMCUyNmlkeCUzRDE3JTI2cXQlM0QlMjZhcGslM0QyJTI2c2MlM0RXV1clMjZ1ciUzRCVFNCVCOCVBRCVFNSVCMSVCMSUyNmxyJTNEJUU0JUI4JUFEJUU1JUIxJUIxJTI2ZnQlM0QlN0IlN0Q%3D#from=mpl_search_suggest,-1.0,N/A,"高要广新农业生态园占地5000多亩，离肇庆七星岩、鼎湖山18公里，交通十分便利，相继被评为""广东省生态示范场、补充耕地易地开发示范基地、农业现代化示范区、环境教育基地、科普教育基地。拥有500多个餐位的农家菜馆、西餐厅，可尽享田园生态民美食，500多个床位的风格各异的、充满欧陆风情的别墅群和旅馆，近40种娱乐项目；供500多人聚会的会议中心及10多个中小会议室；别具特色亲子菜园，提供游人亲自下田摘野菜、施肥、松土、浇水等一系列劳动，不仅使游人乐在其中，而且教乐结合，寓教于乐，是一个集示范、教育、观光、度假、商务会议于一体的综合生态旅游度假胜地。广新农业生态园始建于1999年4月，占地面积5000多亩，是高要市委、市政府贯彻1999年召开的全省山区工作会议精神，以土地整理推动农业综合开发的项目。该园以土地复垦、整理为基础，通过山水田林路综合治理，积极打造土地开发整理、环境教育、农业观光、科普教育等基地品牌。2000年12月，被省环境保护局授予“广东省生态示范场”称号；2001年1月，被省委宣传部、省环境保护局定为“广东省环境教育基地”；2001年1月，被省国土资源厅定为“补充耕地易地开发示范基地”；2001年10月，被省农业厅列入“广东省农业现代化示范区”；2002年被省科协定为“广东省科普教育基地”，“广东省青少年科技教育基地”并获得省农业厅“全省大禹杯优胜奖”，被省旅游局评为“广东省旅游新亮点”，是集土地整理示范、农业生态示范、环境教育、农业观光、休闲度假、商务会议于一体的理想之园。",全天开放,https://qimgs.qunarzz.com/piao_qsight_provider_piao_qsight_web/04973f332324b616cd9a1cf273ec4157.jpg_710x360_6e431b2b.jpg〇https://qimgs.qunarzz.com/piao_qsight_provider_piao_qsight_web/91620fc91e1da537.jpg_710x360_532fe539.jpg,"{""ret"": true, ""data"": {""tagList"": [{""tagType"": 0, ""tagScore"": 5, ""tagNum"": 0, ""tagName"": ""\u5168\u90e8""}], ""score"": 0.0, ""commentCount"": 0}, ""statusCode"": 200}"
肇庆高尔夫度假村,https://qimgs.qunarzz.com/piao_qsight_provider_piao_qsight_web/100d0t000000ilbxt9D7F_C_900_504.jpg_280x200_bf623aaa.jpg,肇庆市,高要区,白土镇0195乡道恒大·世纪梦幻城内,-1,-1.0,高尔夫，一个优雅健康的休闲社交活动,https://piao.qunar.com/ticket/detail_3003464840.html?st=a3clM0QlRTklQUIlOTglRTglQTYlODElRTUlOEMlQkElMjZpZCUzRDExNDM0JTI2dHlwZSUzRDAlMjZpZHglM0QxNiUyNnF0JTNEJTI2YXBrJTNEMiUyNnNjJTNEV1dXJTI2dXIlM0QlRTQlQjglQUQlRTUlQjElQjElMjZsciUzRCVFNCVCOCVBRCVFNSVCMSVCMSUyNmZ0JTNEJTdCJTdE#from=mpl_search_suggest,-1.0,N/A,"肇庆高尔夫渡假村位于肇庆市南部，毗邻肇庆风景秀丽的七星岩及鼎湖山等国家旅游名胜景点。拥有连绵7,300码的18洞冠军标准级球场，当中9洞为灯光夜场，是一代传奇大满贯得主加利•皮亚（Gary Player）在中国的首件作品。其独具匠心的设计把肇庆独有的天然景致巧夺天工地混合在球道设计上，使球场极具挑战性及趣味性。肇庆高尔夫渡假村配备有会所、中、西餐厅、酒店式客房、灯光高尔夫练习场，高尔夫专卖店、会议室、展销厅、商务中心、网球场、沙滩排球场、按摩沐足、美容护肤、健身室、桌球室、乒乓球室、钓鱼台、康体径、沙滩排球、卡拉OK、烧烤场及儿童游乐室等设施。其在球场中央开发独具一格的“翠雅山庄”花园式别墅、洋房住宅群，为肇庆投资者提供梦寐以求的雅致居所，更是一个不可错过的黄金投资机会。渡假村的别墅、洋房也成为众多名流青睐、光顾、栖息、置业之所，再加上专业的管理服务，务求令肇庆高尔夫渡假村成为肇庆市首屈一指的打球、商务及渡假胜地。",1/1-12/31；周一至周日；06:00-19:30开园,https://qimgs.qunarzz.com/piao_qsight_provider_piao_qsight_web/100d0t000000ilbxt9D7F_C_900_504.jpg_710x360_df1b89d7.jpg〇https://qimgs.qunarzz.com/piao_qsight_provider_piao_qsight_web/100b0t000000ip77cDD34_C_900_504_Q90_Mtg_7.jpg_710x360_8981f12a.jpg〇https://qimgs.qunarzz.com/piao_qsight_provider_piao_qsight_web/100n0t000000ilvdv8E64_C_900_504_Q90_Mtg_7.jpg_710x360_c1aec6da.jpg〇https://qimgs.qunarzz.com/piao_qsight_provider_piao_qsight_web/100m0t000000iw71m4807_C_900_504_Q90_Mtg_7.jpg_710x360_6a852811.jpg〇https://qimgs.qunarzz.com/piao_qsight_provider_piao_qsight_web/100o0t000000ilnin1C94_C_900_504_Q90_Mtg_7.jpg_710x360_fe3cb9f9.jpg〇https://qimgs.qunarzz.com/piao_qsight_provider_piao_qsight_web/100d0t000000ilbxt9D7F_C_900_504_Q90_Mtg_7.jpg_710x360_380b6a6d.jpg〇https://imgs.qunarzz.com/sight/p0/1502/d3/d365274bc75d043.water.jpg_710x360_c16f0923.jpg〇https://imgs.qunarzz.com/sight/p0/1502/50/50620ed1223d7253.water.jpg_710x360_261a77e1.jpg〇https://imgs.qunarzz.com/sight/p0/1502/eb/eba46d1cdb858480.water.jpg_710x360_160580f5.jpg〇https://imgs.qunarzz.com/sight/p0/1502/ab/abcca17d9639787c.water.jpg_710x360_cac6e45c.jpg〇https://qimgs.qunarzz.com/piao_qsight_provider_piao_qsight_web/09ca5ae864e5fb37.jpg_710x360_e848acb4.jpg,"{""ret"": true, ""data"": {""tagList"": [{""tagType"": 0, ""tagScore"": 5, ""tagNum"": 0, ""tagName"": ""\u5168\u90e8""}], ""score"": 0.0, ""commentCount"": 0}, ""statusCode"": 200}"
龙霆越野俱乐部,https://imgs.qunarzz.com/sight/p0/2108/65/65d432c7fba7601da3.img.jpg_280x200_4d7136b6.jpg,肇庆市,高要区,广东省肇庆市高要区回龙镇刘村下荷禄(猫爪谷水库旁),-1,-1.0,没有驾驶证也可以开的山地越野四驱车，2分钟包教包会，全套护具。另外还有帅气的赛车服装租赁，拍个帅气的视频照片。,https://piao.qunar.com/ticket/detail_1876230603.html?st=a3clM0QlRTklQUIlOTglRTglQTYlODElRTUlOEMlQkElMjZpZCUzRDUxMTYxNSUyNnR5cGUlM0QwJTI2aWR4JTNENiUyNnF0JTNEJTI2YXBrJTNEMiUyNnNjJTNEV1dXJTI2dXIlM0QlRTQlQjglQUQlRTUlQjElQjElMjZsciUzRCVFNCVCOCVBRCVFNSVCMSVCMSUyNmZ0JTNEJTdCJTdE#from=mpl_search_suggest,188.0,N/A,没有驾驶证也可以开的山地越野四驱车，2分钟包教包会，全套护具。另外还有帅气的赛车服装租赁，拍个帅气的视频照片。,9:00~18:00,https://imgs.qunarzz.com/sight/p0/2108/65/65d432c7fba7601da3.img.jpg_710x360_7595b172.jpg〇https://imgs.qunarzz.com/sight/p0/2108/48/48f49820c7066dba3.img.jpg_710x360_2efcdd50.jpg〇https://imgs.qunarzz.com/sight/p0/2108/5d/5d8b796e97ff1501a3.img.jpg_710x360_a64b5618.jpg〇https://imgs.qunarzz.com/sight/p0/2108/68/685747f3a83bcd8a3.img.jpg_710x360_6d4cb621.jpg,"{""ret"": true, ""data"": {""tagList"": [{""tagType"": 0, ""tagScore"": 5, ""tagNum"": 0, ""tagName"": ""\u5168\u90e8""}], ""score"": 0.0, ""commentCount"": 0}, ""statusCode"": 200}"
中游房车露营基地,https://qimgs.qunarzz.com/piao_qsight_provider_piao_qsight_web/0102d120008ccah5x95B6_C_900_504.jpg_280x200_475a0413.jpg,肇庆市,端州区,肇庆市端州区北岭二路与石牌路交叉路口北侧(石牌广场),-1,-1.0,房车院落设计大气简约、舒适奢华整个院落空间感十足，无论是轰趴烧烤、还是聚会聊天都是极佳选择，会客卡座沙发完全依照高端居家,https://piao.qunar.com/ticket/detail_3316566381.html?st=a3clM0QlRTclQUIlQUYlRTUlQjclOUUlRTUlOEMlQkElMjZpZCUzRDUxMzg5OCUyNnR5cGUlM0QwJTI2aWR4JTNEMjglMjZxdCUzRCUyNmFwayUzRDIlMjZzYyUzRFdXVyUyNnVyJTNEJUU0JUI4JUFEJUU1JUIxJUIxJTI2bHIlM0QlRTQlQjglQUQlRTUlQjElQjElMjZmdCUzRCU3QiU3RA%3D%3D#from=mpl_search_suggest,-1.0,N/A,房车院落设计大气简约、舒适奢华整个院落空间感十足，无论是轰趴烧烤、还是聚会聊天都是极佳选择，会客卡座沙发完全依照高端居家环境设计，大空间、好享受进口10米拖挂房车安全、舒适、放心。,1/1-12/31；周一至周日；14:00-23:59开园,https://qimgs.qunarzz.com/piao_qsight_provider_piao_qsight_web/0102d120008ccah5x95B6_C_900_504.jpg_710x360_0a714ed9.jpg〇https://qimgs.qunarzz.com/piao_qsight_provider_piao_qsight_web/0103s120008ccagt41A83_C_900_504_Q90_Mtg_7.jpg_710x360_0df3c16d.jpg〇https://qimgs.qunarzz.com/piao_qsight_provider_piao_qsight_web/0102g120008ccam6z4C93_C_900_504_Q90_Mtg_7.png_710x360_920d89e0.png〇https://qimgs.qunarzz.com/piao_qsight_provider_piao_qsight_web/01018120008ccalsp4D5B_C_900_504_Q90_Mtg_7.jpg_710x360_41e8beb0.jpg〇https://qimgs.qunarzz.com/piao_qsight_provider_piao_qsight_web/0105f120008ccahec5520_C_900_504_Q90_Mtg_7.jpg_710x360_7659baf3.jpg〇https://qimgs.qunarzz.com/piao_qsight_provider_piao_qsight_web/0102d120008ccah5x95B6_C_900_504_Q90_Mtg_7.jpg_710x360_4247a54f.jpg,"{""ret"": true, ""data"": {""tagList"": [{""tagType"": 0, ""tagScore"": 5, ""tagNum"": 0, ""tagName"": ""\u5168\u90e8""}], ""score"": 0.0, ""commentCount"": 0}, ""statusCode"": 200}"
荟萃园,https://imgs.qunarzz.com/sight/p53/201211/02/2d73bbb9f44731cc93835fbb.jpg_280x200_9a90376f.jpg,肇庆市,端州区,广东省肇庆市境内,-1,-1.0,有芦荟王国之称,https://piao.qunar.com/ticket/detail_1455106836.html?st=a3clM0QlRTclQUIlQUYlRTUlQjclOUUlRTUlOEMlQkElMjZpZCUzRDMxMjI2JTI2dHlwZSUzRDAlMjZpZHglM0QyNyUyNnF0JTNEJTI2YXBrJTNEMiUyNnNjJTNEV1dXJTI2dXIlM0QlRTQlQjglQUQlRTUlQjElQjElMjZsciUzRCVFNCVCOCVBRCVFNSVCMSVCMSUyNmZ0JTNEJTdCJTdE#from=mpl_search_suggest,-1.0,N/A,这里有芦荟王国之称，在这里可以了解近635种芦荟培植知识，据专家介绍:芦荟要种上三年以上才会开花。而且这里还可免费品尝芦荟之宝---贡品芦荟花茶。,暂无,https://imgs.qunarzz.com/sight/p53/201211/02/2d73bbb9f44731cc93835fbb.jpg_710x360_cdb0b72b.jpg,"{""ret"": true, ""data"": {""tagList"": [{""tagType"": 0, ""tagScore"": 5, ""tagNum"": 0, ""tagName"": ""\u5168\u90e8""}], ""score"": 0.0, ""commentCount"": 0}, ""statusCode"": 200}"
水月宫,https://imgs.qunarzz.com/sight/p26/201211/03/9281b25aba5166b493835fbb.jpg_280x200_69dad990.jpg,肇庆市,端州区,肇庆市星湖中心区石室岩南麓,3,3.3,水月宫，位于肇庆市星湖中心区石室岩南麓，北靠崧台，面临红莲湖，曾因立有高6米、重7吨的铜铸佛像摩利支天而闻名省港澳和东南,https://piao.qunar.com/ticket/detail_1205128300.html?st=a3clM0QlRTclQUIlQUYlRTUlQjclOUUlRTUlOEMlQkElMjZpZCUzRDk0NzYlMjZ0eXBlJTNEMCUyNmlkeCUzRDI2JTI2cXQlM0QlMjZhcGslM0QyJTI2c2MlM0RXV1clMjZ1ciUzRCVFNCVCOCVBRCVFNSVCMSVCMSUyNmxyJTNEJUU0JUI4JUFEJUU1JUIxJUIxJTI2ZnQlM0QlN0IlN0Q%3D#from=mpl_search_suggest,-1.0,N/A,水月宫，位于肇庆市星湖中心区石室岩南麓，北靠崧台，面临红莲湖，曾因立有高6米、重7吨的铜铸佛像摩利支天而闻名省港澳和东南亚各国。水月宫原为观音堂，建于明嘉靖年间（1522-1566年），但“频年为风雨所折”，后得官民“乐于趋事”，遂于明万历二年（1574年）冬“辟广升高，壮址展基”。据传，观音能显现32种不同的应化色相，其中以“水月”，因名“水月宫”。宫殿建成后再为风雨所折。明*九年（1636年），两广总督熊文灿倾赀十余万重建。1943年，水月宫遭日寇空袭炸毁。1957年，水月宫按原样再行重建。水月宫占地面积6000平方米，建筑面积2500平方米，为钢筋混凝土仿古殿式结构，由大殿、东厢、西厢、后殿4部分组成：大殿，飞檐斗拱、彩釉生辉、华丽堂皇；东西两厢，精美质朴、宽敞明亮，建有回廊相连；后殿，一座两层高的楼阁，依岩建在高台上，尤显其巍峨雄壮。水月宫大殿昔有摩利支天菩萨（身高6米）偕二天女（身高5米），金身巍然，赤足鼎立；摩利支天双目稍向下凝望，微笑、温厚、慈祥，楣榜“苦海慈航”。佛像铸于明*九年（1636年），为表彰郑芝龙得摩利支天庇佑战胜刘香所铸。可惜原铸件已全部毁于“文化大革命”的烈焰之中。现在看到的摩利支天偕二天女是1986年铸造的复制品。水月宫有红墙相围。墙内大殿前，设有庭院式花园，四时繁花似锦，争艳斗丽；墙外大门前，种有百年古榕6棵，盘根错节，枝叶繁茂。,暂无,https://imgs.qunarzz.com/sight/p26/201211/03/9281b25aba5166b493835fbb.jpg_710x360_41b7b915.jpg〇https://qimgs.qunarzz.com/piao_qsight_provider_piao_qsight_web/cc1f5bafeb8313bb70a7af6314dd1bdb.jpg_710x360_cb8f48c4.jpg〇https://qimgs.qunarzz.com/piao_qsight_provider_piao_qsight_web/caf5ec1eebfcbf778f704ef3c50222cd.jpg_710x360_c7d1e513.jpg〇https://qimgs.qunarzz.com/piao_qsight_provider_piao_qsight_web/17ddb0026b5c8835baedde6e5eb9a9a1.jpg_710x360_9eb75d22.jpg〇https://qimgs.qunarzz.com/piao_qsight_provider_piao_qsight_web/3b20f238b926ffc01f4db5e71cf7813f.jpg_710x360_ebc92b4f.jpg〇https://qimgs.qunarzz.com/piao_qsight_provider_piao_qsight_web/e65f98749fc640bd272f46e67fef9604.jpg_710x360_f83929e3.jpg〇https://qimgs.qunarzz.com/piao_qsight_provider_piao_qsight_web/d47542ca3f7821cf2e13ef4742461b83.jpg_710x360_357182f6.jpg〇https://qimgs.qunarzz.com/piao_qsight_provider_piao_qsight_web/2cce11c98f6608c68b16e54af401a5b9.jpg_710x360_2f3bb501.jpg〇https://qimgs.qunarzz.com/piao_qsight_provider_piao_qsight_web/9b0683227829acb5.jpg_710x360_3e09b055.jpg〇https://qimgs.qunarzz.com/piao_qsight_provider_piao_qsight_web/1a5279949bcd55b5.jpg_710x360_323ce78a.jpg〇https://qimgs.qunarzz.com/piao_qsight_provider_piao_qsight_web/0f6c658ecae91ab5.jpg_710x360_9c97c31e.jpg〇https://qimgs.qunarzz.com/piao_qsight_provider_piao_qsight_web/afd07b5bac08dab5.jpg_710x360_cde1ca0b.jpg〇https://qimgs.qunarzz.com/piao_qsight_provider_piao_qsight_web/8c17b1a33308b7b5.jpg_710x360_3e4260e0.jpg,"{""ret"": true, ""data"": {""tagList"": [{""tagType"": 3, ""tagScore"": 5, ""tagNum"": 1, ""tagName"": ""\u5dee\u8bc4""}, {""tagType"": 1, ""tagScore"": 5, ""tagNum"": 2, ""tagName"": ""\u597d\u8bc4""}, {""tagType"": 0, ""tagScore"": 5, ""tagNum"": 3, ""tagName"": ""\u5168\u90e8""}], ""commentList"": [{""author"": ""t*4"", ""content"": ""\u8fd8\u884c\u8fd8\u884c\u8fd8\u884c\u8fd8\u884c\u8fd8\u884c"", ""date"": ""2021-05-02"", ""score"": 1, ""commentId"": ""218604403"", ""imgs"": [], ""userNickName"": ""t*4"", ""replyCityName"": """", ""cityName"": """"}, {""author"": ""W*6"", ""content"": ""\u91cc\u9762\u7a7a\u6c14\u6e05\u65b0\uff0c\u73af\u5883\u81ea\u7136\u606c\u9759\uff0c\u5f88\u559c\u6b22"", ""date"": ""2016-12-14"", ""score"": 5, ""commentId"": ""136014766"", ""imgs"": [], ""userNickName"": ""W*6"", ""replyCityName"": """", ""cityName"": """"}, {""author"": ""\u7cbe*\u4fa0"", ""content"": ""\u8087\u5e86\u4e03\u661f\u5ca9\u666f\u533a\u91cc\u7684\u4e00\u5ea7\u53e4\u8001\u9053\u89c2\u4e0e\u5bfa\u5e99\uff0c\u5c31\u5728\u5c71\u811a\u4e0b\uff0c\u73af\u5883\u6e05\u5e7d\u3002"", ""date"": ""2016-07-31"", ""score"": 4, ""commentId"": ""123606892"", ""imgs"": [], ""userNickName"": ""\u7cbe*\u4fa0"", ""replyCityName"": """", ""cityName"": """"}], ""score"": 3.3, ""commentCount"": 3}, ""statusCode"": 200}"
盘古山,https://imgs.qunarzz.com/sight/p0/1510/e4/e436aa500f4a1f2b.water.jpg_280x200_ce7868f2.jpg,肇庆市,端州区,广东省肇庆市端州区盘古生态文化景区,4,3.8,体验蚩尤部落少数民族的热情，野蛮和淳朴,https://piao.qunar.com/ticket/detail_4003495140.html?st=a3clM0QlRTclQUIlQUYlRTUlQjclOUUlRTUlOEMlQkElMjZpZCUzRDQwMjUxJTI2dHlwZSUzRDAlMjZpZHglM0QyNSUyNnF0JTNEJTI2YXBrJTNEMiUyNnNjJTNEV1dXJTI2dXIlM0QlRTQlQjglQUQlRTUlQjElQjElMjZsciUzRCVFNCVCOCVBRCVFNSVCMSVCMSUyNmZ0JTNEJTdCJTdE#from=mpl_search_suggest,-1.0,N/A,肇庆盘古山景区内气候宜人，年均气温18°C，冬暖夏凉86050个CM3，是良好的疗养保健场所。,01/01-12/31；08:30-18:00开园,https://imgs.qunarzz.com/sight/p0/1510/e4/e436aa500f4a1f2b.water.jpg_710x360_2af1769b.jpg,"{""ret"": true, ""data"": {""tagList"": [{""tagType"": 3, ""tagScore"": 5, ""tagNum"": 1, ""tagName"": ""\u5dee\u8bc4""}, {""tagType"": 1, ""tagScore"": 5, ""tagNum"": 3, ""tagName"": ""\u597d\u8bc4""}, {""tagType"": 0, ""tagScore"": 5, ""tagNum"": 4, ""tagName"": ""\u5168\u90e8""}], ""commentList"": [{""author"": ""W*6"", ""content"": ""\u98ce\u666f\u4f18\u7f8e\uff0c\u73af\u5883\u4e5f\u662f\u86ee\u597d\u7684\uff0c\u73a9\u7684\u5f88\u5f00\u5fc3"", ""date"": ""2016-12-14"", ""score"": 5, ""commentId"": ""136014904"", ""imgs"": [], ""userNickName"": ""W*6"", ""replyCityName"": """", ""cityName"": """"}, {""author"": ""q*5"", ""content"": ""\u597d\u73a9         \u7ee7\u7eed"", ""date"": ""2016-05-18"", ""score"": 5, ""commentId"": ""116553709"", ""imgs"": [], ""userNickName"": ""q*5"", ""replyCityName"": """", ""cityName"": """"}, {""author"": ""q*r"", ""content"": ""\u54c8\u54c8\u54c8\u54c8\uff0c\u8fd9\u4e2a\u4e00\u822c\u822c\u5427"", ""date"": ""2015-09-04"", ""score"": 4, ""commentId"": ""74372818"", ""imgs"": [], ""userNickName"": ""q*r"", ""replyCityName"": """", ""cityName"": """"}, {""author"": ""v*9"", ""content"": ""\u6211\u4e4b\u524d\u53bb\u8fc7\uff0c\u9a97\u94b1\uff0c\u6211\u4e0a\u6b21\u62ff\u4e86\u4e24\u5343\u51e0\u5143\u5165\u53bb\u7ffb\u51fa\u6765\u5f97\u8fc7\u767e\u51e0\uff0c\u6655\u4e86"", ""date"": ""2015-07-15"", ""score"": 1, ""commentId"": ""59555694"", ""imgs"": [], ""userNickName"": ""v*9"", ""replyCityName"": """", ""cityName"": """"}], ""score"": 3.8, ""commentCount"": 4}, ""statusCode"": 200}"
肇庆星岩礼堂,https://imgs.qunarzz.com/sight/p0/1503/42/42ce13935c46272f.water.jpg_280x200_c0c822aa.jpg,肇庆市,端州区,广东广州肇庆市端州区天宁北路78号,1,4.0,肇庆天宁北路78号,https://piao.qunar.com/ticket/detail_3327360981.html?st=a3clM0QlRTclQUIlQUYlRTUlQjclOUUlRTUlOEMlQkElMjZpZCUzRDIxMzQwNCUyNnR5cGUlM0QwJTI2aWR4JTNEMjQlMjZxdCUzRCUyNmFwayUzRDIlMjZzYyUzRFdXVyUyNnVyJTNEJUU0JUI4JUFEJUU1JUIxJUIxJTI2bHIlM0QlRTQlQjglQUQlRTUlQjElQjElMjZmdCUzRCU3QiU3RA%3D%3D#from=mpl_search_suggest,-1.0,N/A,肇庆天宁北路78号...,暂无,https://imgs.qunarzz.com/sight/p0/1503/42/42ce13935c46272f.water.jpg_710x360_e209992a.jpg〇https://imgs.qunarzz.com/sight/p0/1503/fe/fec4685d143b8abc.water.jpg_710x360_b9a576b3.jpg〇https://imgs.qunarzz.com/sight/p0/1503/51/51959c3e88927e6d.water.jpg_710x360_1d00002b.jpg〇https://imgs.qunarzz.com/sight/p0/1503/df/df6821627418d920.water.jpg_710x360_43823a8b.jpg〇https://imgs.qunarzz.com/sight/p0/1503/4b/4b5576106dc5125c.water.jpg_710x360_685b070d.jpg〇https://qimgs.qunarzz.com/piao_qsight_provider_piao_qsight_web/fa1b92846d741502.jpg_710x360_5e56b48f.jpg,"{""ret"": true, ""data"": {""tagList"": [{""tagType"": 1, ""tagScore"": 5, ""tagNum"": 1, ""tagName"": ""\u597d\u8bc4""}, {""tagType"": 0, ""tagScore"": 5, ""tagNum"": 1, ""tagName"": ""\u5168\u90e8""}], ""commentList"": [{""author"": ""\u7cbe*\u4fa0"", ""content"": ""\u5979\u98ce\u5149\u79c0\u4e3d\u3001\u73af\u5883\u4f18\u7f8e\u3001\u7a7a\u6c14\u6e05\u65b0\u3001\u4eba\u53e3\u5c11\u663e\u5f97\u8f83\u5b81\u9759\u3001\u6162\u8282\u594f\u7684\u4f11\u95f2\u5c0f\u57ce\u6c14\u6c1b\u8f83\u6d53\u3001\u4ecd\u4fdd\u7559\u7740\u4e00\u4e9b\u4f20\u7edf\u5c0f\u5403\u3001\u4f4f\u5bbf\u4e0e\u996e\u98df\u9009\u62e9\u8f83\u591a\uff08\u76f8\u5bf9\u4fbf\u5b9c\uff09\u3001\u7aef\u5dde\u53e4\u57ce\u662f\u8ddd\u79bb\u5e7f\u5dde\u6700\u8fd1\u7684\u53e4\u57ce\uff08\u4ecd\u4fdd\u7559\u53e4\u57ce\u5899\u4e0e\u57ce\u697c\uff09\u3001\u6709\u591a\u8d9f\u706b\u8f66\u7ecf\u8fc7\uff0c\u8fd8\u6709\u6211\u6700\u7231\u7684\u201c\u661f\u6e56\u97f3\u4e50\u55b7\u6cc9\u201d\uff08\u4e5f\u662f\u6211\u559c\u6b22\u8087\u5e86\u7684\u6838\u5fc3\u539f\u56e0\uff09\uff0c\u56e0\u6b64\u5979\u4e5f\u662f\u201c\u7a77\u6e38\u5723\u5730\u201d\u3002"", ""date"": ""2016-09-14"", ""score"": 4, ""commentId"": ""128422164"", ""imgs"": [{""small"": ""https://imgs.qunarzz.com/piao/fusion/1609/bf/fa1b92846d741502.jpg_120x120_f6e5143e.jpg"", ""title"": """", ""big"": ""https://imgs.qunarzz.com/piao/fusion/1609/bf/fa1b92846d741502.jpg""}], ""userNickName"": ""\u7cbe*\u4fa0"", ""replyCityName"": """", ""cityName"": """"}], ""score"": 4.0, ""commentCount"": 1}, ""statusCode"": 200}"
《水月夜星湖》实景夜游剧场,https://qimgs.qunarzz.com/piao_qsight_provider_piao_qsight_web/0103k120009275el96985_C_900_504.jpg_280x200_34c27717.jpg,肇庆市,端州区,广东省肇庆市端州区七星岩南门码头附近,-1,-1.0,“水月夜星湖”选址位于肇庆市知名景点七星岩景区五龙亭内。以五龙亭为舞台，以石室岩为背景，融合以七仙女下凡为主题的中国舞蹈,https://piao.qunar.com/ticket/detail_4121571489.html?st=a3clM0QlRTclQUIlQUYlRTUlQjclOUUlRTUlOEMlQkElMjZpZCUzRDUxODA1NiUyNnR5cGUlM0QwJTI2aWR4JTNEMjklMjZxdCUzRCUyNmFwayUzRDIlMjZzYyUzRFdXVyUyNnVyJTNEJUU0JUI4JUFEJUU1JUIxJUIxJTI2bHIlM0QlRTQlQjglQUQlRTUlQjElQjElMjZmdCUzRCU3QiU3RA%3D%3D#from=mpl_search_suggest,-1.0,N/A,“水月夜星湖”选址位于肇庆市知名景点七星岩景区五龙亭内。以五龙亭为舞台，以石室岩为背景，融合以七仙女下凡为主题的中国舞蹈剧场，为观众演绎唯美的千年神话，开辟肇庆实景演出之先河。踏上春晓码头的竹排，船桨泛起阵阵涟漪，迎面而来的水月岩云、水月宫、后乐亭、天柱阁、五龙亭如诗如画，醉人的星湖夜景尽收眼底。,1/1-12/31；周一至周日；19:30-22:30开园,https://qimgs.qunarzz.com/piao_qsight_provider_piao_qsight_web/0103k120009275el96985_C_900_504.jpg_710x360_7285bd05.jpg〇https://qimgs.qunarzz.com/piao_qsight_provider_piao_qsight_web/01002120009275bp08B9E_C_900_504_Q90_Mtg_7.jpg_710x360_623c866c.jpg〇https://qimgs.qunarzz.com/piao_qsight_provider_piao_qsight_web/0102c12000927527t9680_C_900_504_Q90_Mtg_7.jpg_710x360_34bd86de.jpg〇https://qimgs.qunarzz.com/piao_qsight_provider_piao_qsight_web/01041120009275d8hC8C8_C_900_504_Q90_Mtg_7.jpg_710x360_e13a8c55.jpg〇https://qimgs.qunarzz.com/piao_qsight_provider_piao_qsight_web/0101q1200092757w442BA_C_900_504_Q90_Mtg_7.jpg_710x360_71468031.jpg〇https://qimgs.qunarzz.com/piao_qsight_provider_piao_qsight_web/0103k120009275el96985_C_900_504_Q90_Mtg_7.jpg_710x360_73a6ba8e.jpg,"{""ret"": true, ""data"": {""tagList"": [{""tagType"": 0, ""tagScore"": 5, ""tagNum"": 0, ""tagName"": ""\u5168\u90e8""}], ""score"": 0.0, ""commentCount"": 0}, ""statusCode"": 200}"
禾雀花林,https://imgs.qunarzz.com/sight/p0/201403/07/29d7a27fa327e8426154947aac381977.jpg_280x200_26cee6e2.jpg,肇庆市,端州区,广东省肇庆市端州区北岭山盘古生态文化景区内,1,4.0,禾雀花为蝶形花科藤本植物，稀奇罕有，它异于常花之处在于：非草本非木本，长蛇般的藤蔓飞架于山涧间，盘桓在老树上，苍劲的枝条,https://piao.qunar.com/ticket/detail_3810816806.html?st=a3clM0QlRTclQUIlQUYlRTUlQjclOUUlRTUlOEMlQkElMjZpZCUzRDE3NzE1JTI2dHlwZSUzRDAlMjZpZHglM0QyMyUyNnF0JTNEJTI2YXBrJTNEMiUyNnNjJTNEV1dXJTI2dXIlM0QlRTQlQjglQUQlRTUlQjElQjElMjZsciUzRCVFNCVCOCVBRCVFNSVCMSVCMSUyNmZ0JTNEJTdCJTdE#from=mpl_search_suggest,-1.0,N/A,禾雀花为蝶形花科藤本植物，稀奇罕有，它异于常花之处在于：非草本非木本，长蛇般的藤蔓飞架于山涧间，盘桓在老树上，苍劲的枝条上无叶无芽，却接长着一串串簇串状的花蕊，在每年三、四月开花，连片、连片的，花萼是鸟头，花瓣是翅膀；花蕊长长地拖出尾巴，酷似禾雀，故名：禾雀花。常见的禾雀花白中微青的品种，但在北岭山盘古生态文化景区内还盛放着粉红色、红色、紫色稀有品种的禾雀花，因其极珍稀、极罕见，为其它地方所没有，极具观赏价值。可以说：盘古风景区是禾雀花的博物馆。,暂无,https://imgs.qunarzz.com/sight/p0/201403/07/29d7a27fa327e8426154947aac381977.jpg_710x360_7b0b6fd5.jpg,"{""ret"": true, ""data"": {""tagList"": [{""tagType"": 1, ""tagScore"": 5, ""tagNum"": 1, ""tagName"": ""\u597d\u8bc4""}, {""tagType"": 0, ""tagScore"": 5, ""tagNum"": 1, ""tagName"": ""\u5168\u90e8""}], ""commentList"": [{""author"": ""\u7cbe*\u4fa0"", ""content"": ""\u79be\u96c0\u82b1\u662f\u5e7f\u4e1c\u7279\u6709\u7684\u82b1\u5349\u54c1\u79cd\uff0c\u5947\u7279\u7684\u5982\u5c0f\u9e1f\u7684\u9020\u578b\uff0c\u5f88\u6709\u8da3\uff01"", ""date"": ""2016-07-31"", ""score"": 4, ""commentId"": ""123606364"", ""imgs"": [], ""userNickName"": ""\u7cbe*\u4fa0"", ""replyCityName"": """", ""cityName"": """"}], ""score"": 4.0, ""commentCount"": 1}, ""statusCode"": 200}"
波海公园,https://imgs.qunarzz.com/sight/p0/1512/58/58a3b6e98204a66790.water.jpg_280x200_7ed78732.jpg,肇庆市,端州区,广东省肇庆市端州区风华路,3,4.3,袅袅飘绢倚星湖，盈盈绿带串玉珠,https://piao.qunar.com/ticket/detail_1624436522.html?st=a3clM0QlRTclQUIlQUYlRTUlQjclOUUlRTUlOEMlQkElMjZpZCUzRDQ1NjczMiUyNnR5cGUlM0QwJTI2aWR4JTNEMjIlMjZxdCUzRCUyNmFwayUzRDIlMjZzYyUzRFdXVyUyNnVyJTNEJUU0JUI4JUFEJUU1JUIxJUIxJTI2bHIlM0QlRTQlQjglQUQlRTUlQjElQjElMjZmdCUzRCU3QiU3RA%3D%3D#from=mpl_search_suggest,-1.0,N/A,波海公园(Bohai Park)是位于肇庆市火车站对面的一个新建绿道公园，是广东绿道1号线起点。波海公园设计理念为：“绿色明珠――袅袅飘绢倚星湖，盈盈绿带串玉珠”整个公园由西至东分别点缀着“源点印象”、“波海浩淼”、“长堤半岛”、“林荫漫步”、“碧弯翠林”等五个各具特色的概念景区组成。植物种植以疏林草地为主，地形、地貌因地就势，形成开阔的视觉界面，在浓浓绿意中透出璇丽的星湖湖光山色。信步于悠长的木栈道上，在和风轻拂的湖岸敞开怀抱，目光驰聘于水天之际，怎能不是一种精神上的奢华。感悟无际波海湖的纯美，领略傲岸群峰之深邃。,01/01-12/31；全天开放,https://imgs.qunarzz.com/sight/p0/1512/58/58a3b6e98204a66790.water.jpg_710x360_117c1929.jpg〇https://imgs.qunarzz.com/sight/p0/1512/fd/fd2d91139595631490.water.jpg_710x360_fc754cae.jpg〇https://imgs.qunarzz.com/sight/p0/1512/12/12fb45c9bae3df0690.water.jpg_710x360_1396392f.jpg〇https://imgs.qunarzz.com/sight/p0/1512/e2/e2eb1355b3e1a73790.water.jpg_710x360_16626ff7.jpg〇https://qimgs.qunarzz.com/piao_qsight_provider_piao_qsight_web/86d994c8-b8bd-46af-9e51-19a988b817f4.jpg_710x360_1f467a10.jpg〇https://qimgs.qunarzz.com/piao_qsight_provider_piao_qsight_web/fa6e411fcbd00b02.jpg_710x360_1b68367a.jpg〇https://qimgs.qunarzz.com/piao_qsight_provider_piao_qsight_web/09a661b374cd38bd9d63f2fb489d7f51.jpg_710x360_e62dfdf7.jpg〇https://qimgs.qunarzz.com/piao_qsight_provider_piao_qsight_web/c75cbb8fa44b2f37.jpg_710x360_04f69b14.jpg〇https://qimgs.qunarzz.com/piao_qsight_provider_piao_qsight_web/36b9998eb225c9b5.jpg_710x360_04278100.jpg〇https://qimgs.qunarzz.com/piao_qsight_provider_piao_qsight_web/53ffb03de7b02fb5.jpg_710x360_486137e4.jpg〇https://qimgs.qunarzz.com/piao_qsight_provider_piao_qsight_web/b634874c006595b5.jpg_710x360_fdaa6a3f.jpg〇https://qimgs.qunarzz.com/piao_qsight_provider_piao_qsight_web/916be99692acceb5.jpg_710x360_7e19f857.jpg,"{""ret"": true, ""data"": {""tagList"": [{""tagType"": 1, ""tagScore"": 5, ""tagNum"": 3, ""tagName"": ""\u597d\u8bc4""}, {""tagType"": 0, ""tagScore"": 5, ""tagNum"": 3, ""tagName"": ""\u5168\u90e8""}], ""commentList"": [{""author"": ""\u7cbe*\u4fa0"", ""content"": ""\u79bb\u706b\u8f66\u7ad9\u6700\u8fd1\u7684\u662f\u8fd1\u5e74\u65b0\u5efa\u6210\u7684\u6ce2\u6d77\u516c\u56ed\u4e0e\u73af\u6e56\u7eff\u9053\uff0c\u4e5f\u662f\u5e7f\u4e1c\u201c\u4e00\u53f7\u7eff\u9053\u201d\u7684\u8d77\u59cb\u70b9\uff0c\u4ece\u8fd9\u91cc\u7684\u89d2\u5ea6\u8fdc\u773a\u4e03\u661f\u5ca9\uff0c\u53ef\u4ee5\u89c2\u8d4f\u5230\u9177\u4f3c\u7684\u201c\u4ef0\u5367\u5c11\u5987\u201d\u5f62\u8c61\u3002 \u706b\u8f66\u7ad9\u5916\u4fbf\u662f\u5e7f\u9614\u7684\u4e03\u661f\u5ca9\u4e0e\u661f\u6e56\u98ce\u666f\u533a\uff08\u4e03\u661f\u5ca9\u6838\u5fc3\u533a\u6536\u8d3960\u5143\uff0c\u5176\u4f59\u6e56\u533a\u514d\u8d39\uff09\u3002"", ""date"": ""2016-09-14"", ""score"": 4, ""commentId"": ""128419692"", ""imgs"": [{""small"": ""https://imgs.qunarzz.com/piao/fusion/1609/69/fa6e411fcbd00b02.jpg_120x120_efaf68da.jpg"", ""title"": """", ""big"": ""https://imgs.qunarzz.com/piao/fusion/1609/69/fa6e411fcbd00b02.jpg""}], ""userNickName"": ""\u7cbe*\u4fa0"", ""replyCityName"": """", ""cityName"": """"}, {""author"": ""W*6"", ""content"": ""\u73af\u5883\u4f18\u7f8e\uff0c\u7a7a\u6c14\u6e05\u65b0\uff0c\u6563\u6b65\u5176\u95f4\u5f88\u662f\u4eab\u53d7"", ""date"": ""2016-12-14"", ""score"": 5, ""commentId"": ""136014463"", ""imgs"": [], ""userNickName"": ""W*6"", ""replyCityName"": """", ""cityName"": """"}, {""author"": ""\u7cbe*\u4fa0"", ""content"": ""\u5c31\u5728\u8087\u5e86\u706b\u8f66\u7ad9\u5916\u9762\uff0c\u98ce\u5149\u79c0\u4e3d\uff0c\u9002\u5408\u5f92\u6b65\u89c2\u8d4f\u6e56\u666f\u548c\u4f11\u95f2\u953b\u70bc\u3002"", ""date"": ""2016-07-30"", ""score"": 4, ""commentId"": ""123593947"", ""imgs"": [], ""userNickName"": ""\u7cbe*\u4fa0"", ""replyCityName"": """", ""cityName"": """"}], ""score"": 4.3, ""commentCount"": 3}, ""statusCode"": 200}"
西江,https://qimgs.qunarzz.com/piao_qsight_provider_piao_qsight_web/10071f000001h6wvq2D87_C_900_504.jpg_280x200_ca33da1c.jpg,肇庆市,端州区,广东省肇庆市高要区,5,4.4,游览有名的砚渚清风,https://piao.qunar.com/ticket/detail_1373277360.html?st=a3clM0QlRTclQUIlQUYlRTUlQjclOUUlRTUlOEMlQkElMjZpZCUzRDkxMjIlMjZ0eXBlJTNEMCUyNmlkeCUzRDIxJTI2cXQlM0QlMjZhcGslM0QyJTI2c2MlM0RXV1clMjZ1ciUzRCVFNCVCOCVBRCVFNSVCMSVCMSUyNmxyJTNEJUU0JUI4JUFEJUU1JUIxJUIxJTI2ZnQlM0QlN0IlN0Q%3D#from=mpl_search_suggest,-1.0,N/A,"西江由西往东流经肇庆全境，然后从新会市的崖门流入南海。西江流经肇庆的这一段，风光秀丽，胜迹众多，如若乘船游览西江景色，别有风味。若乘船从东往西而来，远远映入眼帘的便是“浮”于西江中央的状如端砚的砚洲岛。传说，在宋仁宗庆历二年（1042年），被誉为“包青天”的包拯任端州知郡事三年期满离肇庆时，船出羚羊峡，突然波浪翻腾，狂风骤起。包公事感跷蹊，立即查问手下人。原来是端州砚工为了表达他们对包公体恤民情的敬仰，托人送来了一方用黄布裹着的端砚。手下人见是一方石砚，并非金银珠宝，于是便收下了。包公立即取来端砚抛到江中。刹时，风平浪静。后来，在包公掷砚处便隆起了一块陆洲，这就是砚洲岛。包砚的那块黄布，顺流而下，在不远处的西江边形成了一片黄色的沙滩，这就是现在""黄布沙""。当地人根据此传说，在砚洲岛上建起了一座包公祠，至今犹存，且香火不断。这就是西江二十景之“砚渚清风”。过得砚洲，便来到了中国地理书上称之为“西江三峡”的羚羊峡。西江三峡由羚羊峡、三榕峡、大鼎峡组成。西江的风光，也因有三峡而闻名。西江三峡景色怡人，风光秀丽，从东向西有二十处景点：砚渚清风、羚峡归帆、罗隐下院、桃溪夕照、望夫归石、出入山虎、清风仙阁、归猿古洞、景福花冢、古塔倒影、江楼晚眺、宝塔雨云、白沙夜月、五显渔灯、五马归槽、龟蛇锁江、镇水大鼎、鹅窟涛声、龙舌王侯、榕峡钓台。",具体营业状态以当天开放情况为准,https://qimgs.qunarzz.com/piao_qsight_provider_piao_qsight_web/10071f000001h6wvq2D87_C_900_504.jpg_710x360_f031fef1.jpg〇https://qimgs.qunarzz.com/piao_qsight_provider_piao_qsight_web/0102r120008k442i59F82_C_900_504_Q90_Mtg_7.jpg_710x360_97d899a6.jpg〇https://qimgs.qunarzz.com/piao_qsight_provider_piao_qsight_web/10071f000001h6wvq2D87_C_900_504_Q90_Mtg_7.jpg_710x360_c2e7b585.jpg〇https://qimgs.qunarzz.com/piao_qsight_provider_piao_qsight_web/19d31df96f56f183ddb12cfb.jpg_710x360_5411d3ae.jpg〇https://qimgs.qunarzz.com/piao_qsight_provider_piao_qsight_web/9571130a75da7e02.jpg_710x360_fbba653b.jpg〇https://qimgs.qunarzz.com/piao_qsight_provider_piao_qsight_web/79ae3be460642502.jpg_710x360_7baa695b.jpg〇https://qimgs.qunarzz.com/piao_qsight_provider_piao_qsight_web/78ae8b992dea7e02.jpg_710x360_2186e108.jpg〇https://qimgs.qunarzz.com/piao_qsight_provider_piao_qsight_web/01f3b3cc35497e02.jpg_710x360_eda15b8a.jpg〇https://qimgs.qunarzz.com/piao_qsight_provider_piao_qsight_web/ace66736e8338802.jpg_710x360_56378a91.jpg〇https://qimgs.qunarzz.com/piao_qsight_provider_piao_qsight_web/59a7048a37282002.jpg_710x360_43c1305b.jpg〇https://qimgs.qunarzz.com/piao_qsight_provider_piao_qsight_web/0eb42eecb5fb4b02.jpg_710x360_6f4424cd.jpg〇https://qimgs.qunarzz.com/piao_qsight_provider_piao_qsight_web/262b4aaa826e48b61f88fccd76b39294.jpg_710x360_bb269db5.jpg〇https://qimgs.qunarzz.com/piao_qsight_provider_piao_qsight_web/6b7bdc60a619f22235c4724b0dc1bbe5.jpg_710x360_ed966bd4.jpg〇https://qimgs.qunarzz.com/piao_qsight_provider_piao_qsight_web/887210ae748fe0d3fb455cf70a0a6be6.jpg_710x360_a000bc84.jpg〇https://qimgs.qunarzz.com/piao_qsight_provider_piao_qsight_web/62166148df531f148ca9b8d095dbfffe.jpg_710x360_fa5e4b93.jpg〇https://qimgs.qunarzz.com/piao_qsight_provider_piao_qsight_web/c916d862abd218a21d3715956298ac53.jpg_710x360_e8a4e540.jpg〇https://qimgs.qunarzz.com/piao_qsight_provider_piao_qsight_web/72f59203d2ebce0842c9fdf412283014.jpg_710x360_6659e107.jpg〇https://qimgs.qunarzz.com/piao_qsight_provider_piao_qsight_web/9a25196d5066075b5428331b6aacf7f5.jpg_710x360_06baceaa.jpg〇https://qimgs.qunarzz.com/piao_qsight_provider_piao_qsight_web/a72529e71c7b8904146a0e7da9abfb66.jpg_710x360_5daf820d.jpg〇https://qimgs.qunarzz.com/piao_qsight_provider_piao_qsight_web/fa5ba51ec3ff74f8fbdd8c5988a20f7c.jpg_710x360_a1ff4e55.jpg〇https://qimgs.qunarzz.com/piao_qsight_provider_piao_qsight_web/3dd07f2a24599275da92a5a172b94566.jpg_710x360_987499a0.jpg〇https://qimgs.qunarzz.com/piao_qsight_provider_piao_qsight_web/0fbfba557e63cb801dffe4ecdfef3324.jpg_710x360_b578bc3d.jpg〇https://qimgs.qunarzz.com/piao_qsight_provider_piao_qsight_web/8f7980633cbaa8dce289ad9573e3741c.jpg_710x360_4a0a511d.jpg,"{""ret"": true, ""data"": {""tagList"": [{""tagType"": 32, ""tagScore"": 5, ""tagNum"": 1, ""tagName"": ""\u670d\u52a1\u597d""}, {""tagType"": 1, ""tagScore"": 5, ""tagNum"": 5, ""tagName"": ""\u597d\u8bc4""}, {""tagType"": 0, ""tagScore"": 5, ""tagNum"": 5, ""tagName"": ""\u5168\u90e8""}], ""commentList"": [{""author"": ""i*5"", ""content"": ""\u5404\u65b9\u9762\u4f53\u9a8c\u90fd\u975e\u5e38\u597d\uff0c\u5bfc\u6e38\u5b89\u6392\u975e\u5e38\u5408\u7406\uff0c\u666f\u8272\u4e5f\u5f88\u6f02\u4eae\uff0c\u9664\u4e86\u4eba\u591a\u65f6\u95f4\u4e0d\u592a\u591f\u6ca1\u6bdb\u75c5\uff0c\u503c\u5f97\u4e00\u6e38"", ""date"": ""2018-07-27"", ""score"": 5, ""commentId"": ""206946416"", ""imgs"": [{""small"": ""https://imgs.qunarzz.com/piao/fusion/1807/da/78ae8b992dea7e02.jpg_120x120_099f3928.jpg"", ""title"": """", ""big"": ""https://imgs.qunarzz.com/piao/fusion/1807/da/78ae8b992dea7e02.jpg""}, {""small"": ""https://imgs.qunarzz.com/piao/fusion/1807/c9/79ae3be460642502.jpg_120x120_79c0e969.jpg"", ""title"": """", ""big"": ""https://imgs.qunarzz.com/piao/fusion/1807/c9/79ae3be460642502.jpg""}, {""small"": ""https://imgs.qunarzz.com/piao/fusion/1807/bf/9571130a75da7e02.jpg_120x120_8c87ec71.jpg"", ""title"": """", ""big"": ""https://imgs.qunarzz.com/piao/fusion/1807/bf/9571130a75da7e02.jpg""}], ""userNickName"": ""i*5"", ""replyCityName"": """", ""cityName"": """"}, {""author"": ""\u7cbe*\u4fa0"", ""content"": ""\u518d\u5ea6\u4efb\u6027\u6a2a\u6e21\u897f\u6c5f\u2014\u2014\u53ef\u60dc\u5728\u96fe\u973e\u4e2d\uff01\u65e2\u7136\u4e0e\u516c\u4ea4\u540c\u4e3a2\u5143\uff0c\u5f53\u7136\u5750\u8239\u66f4\u6709\u98ce\u60c5\u5566\uff01\u4e5f\u66f4\u4fbf\u6377\uff01\u8239\u6b21\u6bd4\u516c\u4ea4\u8fd8\u5bc6\uff0c\u4e00\u4e0a\u5cb8\u5c31\u662f\u8087\u5e86\u7684\u4e2d\u5fc3\u8001\u57ce\u533a\uff0c\u975e\u5e38\u65b9\u4fbf\uff01 \u9ece\u6c0f\u5364\u9e21\u811a\uff0c\u597d\u4e45\u624d\u8d5a\u52305\u5143\u5956\u91d1\uff0c\u53ea\u9700\u4ed86.5\u5143\uff01\u5473\u9053\u8fd8\u4e0d\u9519\u5427\uff01\u5f53\u4f5c\u96f6\u98df\uff01"", ""date"": ""2016-12-24"", ""score"": 4, ""commentId"": ""136644853"", ""imgs"": [{""small"": ""https://imgs.qunarzz.com/piao/fusion/1612/7f/ace66736e8338802.jpg_120x120_371f5230.jpg"", ""title"": """", ""big"": ""https://imgs.qunarzz.com/piao/fusion/1612/7f/ace66736e8338802.jpg""}, {""small"": ""https://imgs.qunarzz.com/piao/fusion/1612/4d/01f3b3cc35497e02.jpg_120x120_20ca5c49.jpg"", ""title"": """", ""big"": ""https://imgs.qunarzz.com/piao/fusion/1612/4d/01f3b3cc35497e02.jpg""}], ""userNickName"": ""\u7cbe*\u4fa0"", ""replyCityName"": """", ""cityName"": """"}, {""author"": ""\u7cbe*\u4fa0"", ""content"": ""\u508d\u665a\u91cd\u901b\u4e86\u5d07\u79a7\u5854\u3001\u897f\u6c5f\u6ee8\u3001\u6587\u5e99\u3002\u665a\u4e0a\u4f4f30\u5143\u98ce\u6247\u623f\uff0c\u4e3a\u4e86\u6536\u770b\u5973\u6392\u5927\u5956\u8d5b\u4e2d\u53e4\u5927\u6218\uff0c\u653e\u5f03\u4e86\u89c2\u8d4f\u6bcf\u665a8\u70b9\u5f00\u59cb\u7684\u661f\u6e56\u97f3\u4e50\u55b7\u6cc9\uff08\u5e73\u65f620\u5206\u949f\uff0c\u8282\u5047\u65e530\u5206\u949f\uff09\u3002\u5f53\u6211\u540e\u6765\u53bb\u901b\u591c\u8857\u65f6\uff0c\u7ea69\u70b9\u53bb\u5230\u661f\u6e56\u5e7f\u573a\uff0c\u5374\u53d1\u73b0\u97f3\u4e50\u55b7\u6cc9\u4ecd\u5728\u8868\u6f14\uff0c\u53ef\u60dc\u6211\u53ea\u5174\u594b\u5730\u9676\u9189\u4e8610\u5206\u949f\u4fbf\u7ed3\u675f\u4e86\u3002"", ""date"": ""2016-09-14"", ""score"": 4, ""commentId"": ""128422092"", ""imgs"": [{""small"": ""https://imgs.qunarzz.com/piao/fusion/1609/bb/59a7048a37282002.jpg_120x120_8e5ecc2d.jpg"", ""title"": """", ""big"": ""https://imgs.qunarzz.com/piao/fusion/1609/bb/59a7048a37282002.jpg""}], ""userNickName"": ""\u7cbe*\u4fa0"", ""replyCityName"": """", ""cityName"": """"}, {""author"": ""\u7cbe*\u4fa0"", ""content"": ""\u4e00\u53f6\u8f7b\u821f\u6e21\u6c5f\u6765\u2014\u2014\u539f\u6765\u4ffa\u4e0b\u69bb\u7684\u4e3d\u6676\u5927\u9152\u5e97\u697c\u4e0b\u897f\u6c5f\u8fb9\u5c31\u662f\u6e21\u53e3\uff0c1.5\u5143\u8f7b\u677e\u5feb\u6377\u53c8\u4fbf\u5b9c\u5230\u8fbe\u5bf9\u5cb8\u7684\u8087\u5e86\u8001\u57ce\u4e2d\u5fc3\uff01\u592a\u65b9\u4fbf\u5566\uff01\u987a\u9053\u5f53\u5750\u6e38\u8239\u4e86\uff01 \u98ce\u96e8\u8fc7\u540e\u89c1\u5f69\u971e\uff01\u2014\u2014\u6b63\u5728\u9152\u5e97\u897f\u9910\u5385\u54c1\u5c1d\u4f20\u7edf\u7f8e\u5473\u53c8\u5b9e\u60e0\u7684\u4e2d\u9910\uff0c\u5076\u7136\u8f6c\u8eab\u4e00\u770b\uff0c\u88ab\u897f\u6c5f\u4e0a\u7a7a\u7684\u7eda\u4e3d\u665a\u971e\u60ca\u5446\u4e86\uff01\u53ef\u6c14\u6ca1\u4f4f\u5230\u6700\u7f8e\u6c5f\u666f\u623f\u554a\uff01\u540e\u6094\u6b7b\u4e86\uff01 \u897f\u6c5f\u65e5\u51fa\u2014\u2014\u8087\u5e86\u9ad8\u8981\u4e3d\u6676\u5927\u9152\u5e97\u9633\u53f0\u3002\u597d\u56f0\u554a\uff0106\uff1a20\u7ea0\u7ed3\u6323\u624e\u7740\u8d77\u5e8a\u8d4f\u666f\uff01\u697c\u4e0b\u5df2\u6709\u5927\u53d4\u5927\u5988\u5728\u6668\u8fd0\u6216\u6765\u559d\u65e9\u8336\uff01\u65e0\u8bed\uff01\u518d\u7761\u4f1a\u624d\u53bb\u3002"", ""date"": ""2016-08-04"", ""score"": 4, ""commentId"": ""124086931"", ""imgs"": [{""small"": ""https://imgs.qunarzz.com/piao/fusion/1608/a2/0eb42eecb5fb4b02.jpg_120x120_d6340807.jpg"", ""title"": """", ""big"": ""https://imgs.qunarzz.com/piao/fusion/1608/a2/0eb42eecb5fb4b02.jpg""}], ""userNickName"": ""\u7cbe*\u4fa0"", ""replyCityName"": """", ""cityName"": """"}, {""author"": ""W*6"", ""content"": ""\u666f\u8272\u86ee\u597d\u7684\u5730\u65b9\uff0c\u5f88\u559c\u6b22"", ""date"": ""2016-12-14"", ""score"": 5, ""commentId"": ""136014436"", ""imgs"": [], ""userNickName"": ""W*6"", ""replyCityName"": """", ""cityName"": """"}], ""score"": 4.4, ""commentCount"": 5}, ""statusCode"": 200}"
崇禧塔,https://imgs.qunarzz.com/sight/p0/1611/77/7792916fd7c12f40a3.water.jpg_280x200_cd4acbb9.jpg,肇庆市,端州区,广东省肇庆市端州区江滨中路,2,4.5,浮雕花纹精致，金碧辉煌，可饱览四周美景,https://piao.qunar.com/ticket/detail_3685639370.html?st=a3clM0QlRTclQUIlQUYlRTUlQjclOUUlRTUlOEMlQkElMjZpZCUzRDQxOCUyNnR5cGUlM0QwJTI2aWR4JTNEMjAlMjZxdCUzRCUyNmFwayUzRDIlMjZzYyUzRFdXVyUyNnVyJTNEJUU0JUI4JUFEJUU1JUIxJUIxJTI2bHIlM0QlRTQlQjglQUQlRTUlQjElQjElMjZmdCUzRCU3QiU3RA%3D%3D#from=mpl_search_suggest,-1.0,N/A,崇禧塔在肇庆市东西江畔。始建于明万历十年（1582年）九月，万历十三年四月建成。建国后重修。塔高57．5米，砖木结构，平面八角形，外观9层，内分17层。内部运用砖拱设计，既美观又能减轻塔身的压力。塔基石刻须弥座上的浮雕，造像明朗，花纹精致，该塔与对岸巽峰、文明两塔遥遥相对，装点了江山景色。塔外观比例均匀协调，每层塔檐均用绿色琉璃瓦铺盖，檐角悬挂风铃，铃声嘹亮悦耳，塔腔内底层至五层砌有佛龛，过去，龛内供奉泥塑佛像。从乾清门进入塔内，循级登塔，左右盘旋，每至平座，可凭栏远眺，四周景物，尽收眼底。塔刹用铁铸的覆盆、宝珠、紫铜葫芦装置，金碧辉煌。1983年再次全面修葺。当代名书法家赵朴初题书“崇德塔”匾额及撰书“七垦高北斗，一塔耸南天”楹联。1962年公布为广东省文物保护单位。,9:00-17:00，16:00停止入场。,https://imgs.qunarzz.com/sight/p0/1611/77/7792916fd7c12f40a3.water.jpg_710x360_1c5ac225.jpg〇https://imgs.qunarzz.com/sight/p0/1611/d7/d77d63fb2738c8a1a3.water.jpg_710x360_a1de4218.jpg〇https://qimgs.qunarzz.com/piao_qsight_provider_piao_qsight_web/6149c215-96f0-400a-a7b0-ea431ac8fdd7.jpg_710x360_05a5ed3a.jpg〇https://qimgs.qunarzz.com/piao_qsight_provider_piao_qsight_web/f19d31e54d3f001b6c06b0b23e6d6b4a.jpg_710x360_38b5d453.jpg〇https://qimgs.qunarzz.com/piao_qsight_provider_piao_qsight_web/67c375324c949a.jpg_710x360_eca91e31.jpg〇https://qimgs.qunarzz.com/piao_qsight_provider_piao_qsight_web/87cd0dda63be9b.jpg_710x360_121009a6.jpg〇https://qimgs.qunarzz.com/piao_qsight_provider_piao_qsight_web/a78cce4544529d.jpg_710x360_67eb8930.jpg〇https://qimgs.qunarzz.com/piao_qsight_provider_piao_qsight_web/ece22c0b0a9ec5.jpg_710x360_8c4ffa4a.jpg〇https://qimgs.qunarzz.com/piao_qsight_provider_piao_qsight_web/46421c565e25a1.jpg_710x360_0017a22f.jpg,"{""ret"": true, ""data"": {""tagList"": [{""tagType"": 1, ""tagScore"": 5, ""tagNum"": 2, ""tagName"": ""\u597d\u8bc4""}, {""tagType"": 0, ""tagScore"": 5, ""tagNum"": 2, ""tagName"": ""\u5168\u90e8""}], ""commentList"": [{""author"": ""W*6"", ""content"": ""\u5efa\u7b51\u98ce\u683c\u72ec\u7279\uff0c\u4fdd\u5b58\u5b8c\u597d\uff0c\u5f88\u6b23\u8d4f"", ""date"": ""2016-12-14"", ""score"": 5, ""commentId"": ""136014583"", ""imgs"": [], ""userNickName"": ""W*6"", ""replyCityName"": """", ""cityName"": """"}, {""author"": ""\u7cbe*\u4fa0"", ""content"": ""\u5efa\u5728\u8087\u5e86\u5e02\u533a\u897f\u6c5f\u8fb9\u7684\u4e00\u5ea7\u53e4\u8001\u7684\u7816\u5854\uff0c\u9020\u578b\u53e4\u6734\uff0c\u767b\u5854\u773a\u671b\u6c5f\u666f\u4e0d\u9519\uff01"", ""date"": ""2016-07-31"", ""score"": 4, ""commentId"": ""123607621"", ""imgs"": [], ""userNickName"": ""\u7cbe*\u4fa0"", ""replyCityName"": """", ""cityName"": """"}], ""score"": 4.5, ""commentCount"": 2}, ""statusCode"": 200}"
丽谯楼,https://imgs.qunarzz.com/sight/p81/201211/09/3bcdbb421de6991593835fbb.jpg_280x200_df72d837.jpg,肇庆市,端州区,广东省肇庆市城中路175号,2,4.5,"丽谯楼原名御书楼，又称永明宫、红楼，座落在肇庆市城中路。
宋徽宗赵佶曾为端王，端州是他的封地，继皇位后，升端州为府，御书",https://piao.qunar.com/ticket/detail_3733595492.html?st=a3clM0QlRTclQUIlQUYlRTUlQjclOUUlRTUlOEMlQkElMjZpZCUzRDQ1OTYlMjZ0eXBlJTNEMCUyNmlkeCUzRDE5JTI2cXQlM0QlMjZhcGslM0QyJTI2c2MlM0RXV1clMjZ1ciUzRCVFNCVCOCVBRCVFNSVCMSVCMSUyNmxyJTNEJUU0JUI4JUFEJUU1JUIxJUIxJTI2ZnQlM0QlN0IlN0Q%3D#from=mpl_search_suggest,-1.0,N/A,丽谯楼原名御书楼，又称永明宫、红楼，座落在肇庆市城中路。宋徽宗赵佶曾为端王，端州是他的封地，继皇位后，升端州为府，御书“肇庆府”。为供奉御书，于宋重和元年（1118年），府衙前曾筑高台建楼，名御书楼。明天顺六年（1462年），郡守黄瑜重建，改称为丽谯楼。明末（1646年），桂王朱由榔抗清时在此*，改作永明宫。建国初，因该楼红色，俗称红楼。丽谯楼曾陈列铜壶滴漏、乾宁铜钟、大藤鼓等报时器，以报时刻。楼后的府衙是古端州治所，宋名臣包拯曾于此任职三年，政绩卓著，以不持一砚归的清廉之风闻名于世。现在丽谯楼的台基拱道门上还有匾额“古端名郡”和对联“星岩朗曜光山海，砚渚清风播古今”。,01/01-12/31；8:00-19:00开园,https://imgs.qunarzz.com/sight/p81/201211/09/3bcdbb421de6991593835fbb.jpg_710x360_ea7cbe9a.jpg〇https://qimgs.qunarzz.com/piao_qsight_provider_piao_qsight_web/debb9dcbb84e7c02.jpg_710x360_7c9d1856.jpg〇https://qimgs.qunarzz.com/piao_qsight_provider_piao_qsight_web/6b9b54569043b2b5.jpg_710x360_3e166c2c.jpg〇https://qimgs.qunarzz.com/piao_qsight_provider_piao_qsight_web/833a4822f4baf2b5.jpg_710x360_8f8272d0.jpg〇https://qimgs.qunarzz.com/piao_qsight_provider_piao_qsight_web/9d1142aebd50a5b5.jpg_710x360_425f461d.jpg〇https://qimgs.qunarzz.com/piao_qsight_provider_piao_qsight_web/7f4b800b76406eb5.jpg_710x360_056086e8.jpg〇https://qimgs.qunarzz.com/piao_qsight_provider_piao_qsight_web/3aaab34b63d34fb5.jpg_710x360_f0477e31.jpg〇https://qimgs.qunarzz.com/piao_qsight_provider_piao_qsight_web/756757f979bc78b5.jpg_710x360_8c512525.jpg〇https://qimgs.qunarzz.com/piao_qsight_provider_piao_qsight_web/3e8d9164d7a66a37.jpg_710x360_95a73314.jpg〇https://qimgs.qunarzz.com/piao_qsight_provider_piao_qsight_web/3e99749c681dcb.jpg_710x360_b53aa142.jpg〇https://qimgs.qunarzz.com/piao_qsight_provider_piao_qsight_web/48b23c9cffef47.jpg_710x360_c89c7edb.jpg,"{""ret"": true, ""data"": {""tagList"": [{""tagType"": 1, ""tagScore"": 5, ""tagNum"": 2, ""tagName"": ""\u597d\u8bc4""}, {""tagType"": 0, ""tagScore"": 5, ""tagNum"": 2, ""tagName"": ""\u5168\u90e8""}], ""commentList"": [{""author"": ""W*6"", ""content"": ""\u662f\u4e00\u5904\u53e4\u5efa\u7b51\uff0c\u4fdd\u5b58\u7684\u6bd4\u8f83\u597d\uff0c\u5386\u53f2\u98ce\u97f5\u72b9\u5b58"", ""date"": ""2016-12-14"", ""score"": 5, ""commentId"": ""136014514"", ""imgs"": [], ""userNickName"": ""W*6"", ""replyCityName"": """", ""cityName"": """"}, {""author"": ""\u7cbe*\u4fa0"", ""content"": ""\u4e00\u5ea7\u53e4\u8001\u7684\u57ce\u95e8\uff0c\u5c31\u5728\u8001\u57ce\u533a\u7684\u9a6c\u8def\u65c1\uff0c\u5f88\u6709\u57ce\u5899\u9057\u5740\u5728\u9644\u8fd1\u3002"", ""date"": ""2016-07-31"", ""score"": 4, ""commentId"": ""123607423"", ""imgs"": [], ""userNickName"": ""\u7cbe*\u4fa0"", ""replyCityName"": """", ""cityName"": """"}], ""score"": 4.5, ""commentCount"": 2}, ""statusCode"": 200}"
文昌阁,https://imgs.qunarzz.com/sight/p37/201211/07/b514eb3c55337dc193835fbb.jpg_280x200_b260ea93.jpg,肇庆市,端州区,肇庆市端州区朝阳路,2,4.5,道光、咸丰、同治年间曾多次修缮,https://piao.qunar.com/ticket/detail_510945164.html?st=a3clM0QlRTclQUIlQUYlRTUlQjclOUUlRTUlOEMlQkElMjZpZCUzRDEzNDE0JTI2dHlwZSUzRDAlMjZpZHglM0QxOCUyNnF0JTNEJTI2YXBrJTNEMiUyNnNjJTNEV1dXJTI2dXIlM0QlRTQlQjglQUQlRTUlQjElQjElMjZsciUzRCVFNCVCOCVBRCVFNSVCMSVCMSUyNmZ0JTNEJTdCJTdE#from=mpl_search_suggest,-1.0,N/A,文昌阁在端州区朝阳路东侧。又名奎星阁、奎光阁。始建年代不详，清乾隆二十四年（1759）重建，嘉庆七年（1802）重修，增建斋舍并改称“文昌阁”。道光、咸丰、同治年间曾多次修缮。该阁为平面六角形，砖木构筑的三层楼阁式建筑，总高15米。每层均有瓦檐，由下而上逐层缩小，六角攒尖顶，黄釉陶质葫芦形塔刹。底层南面开一门，门上方镶嵌“文昌阁”汉白玉石匾额，墙高4．6米，东南面和西南面各开一长方形的窗。第二层墙高4．03米，南面开一拱窗，东南面和西南面也有一个长方形的窗。第三层，墙高3.74米，南面开一圆窗，窗上端镶嵌“奎光”汉白玉石匾，东南、西南、西北、东北均开一长方形窗。整座建筑像竖...,暂无,https://imgs.qunarzz.com/sight/p37/201211/07/b514eb3c55337dc193835fbb.jpg_710x360_15f49610.jpg〇https://qimgs.qunarzz.com/piao_qsight_provider_piao_qsight_web/16f21d089c2b0cfbffffffffc8d65eac.jpg_710x360_3b908749.jpg〇https://qimgs.qunarzz.com/piao_qsight_provider_piao_qsight_web/4478cea143da6437.jpg_710x360_d859a53c.jpg〇https://qimgs.qunarzz.com/piao_qsight_provider_piao_qsight_web/245d4736ebbb1f.jpg_710x360_4992749b.jpg〇https://qimgs.qunarzz.com/piao_qsight_provider_piao_qsight_web/a53b5d55db3b9b.jpg_710x360_d88e3c93.jpg,"{""ret"": true, ""data"": {""tagList"": [{""tagType"": 1, ""tagScore"": 5, ""tagNum"": 2, ""tagName"": ""\u597d\u8bc4""}, {""tagType"": 0, ""tagScore"": 5, ""tagNum"": 2, ""tagName"": ""\u5168\u90e8""}], ""commentList"": [{""author"": ""W*6"", ""content"": ""\u662f\u4e00\u5904\u53e4\u5efa\u7b51\u4e86\uff0c\u4fdd\u5b58\u7684\u8fd8\u662f\u86ee\u597d\u7684"", ""date"": ""2016-12-14"", ""score"": 5, ""commentId"": ""136014796"", ""imgs"": [], ""userNickName"": ""W*6"", ""replyCityName"": """", ""cityName"": """"}, {""author"": ""\u7cbe*\u4fa0"", ""content"": ""\u5cad\u5357\u7279\u8272\u7684\u53e4\u5efa\u7b51\uff0c\u901a\u5e38\u5728\u5e7f\u4e1c\u7684\u53e4\u8001\u4e61\u6751\u91cc\u90fd\u80fd\u770b\u5230\u7c7b\u4f3c\u7684\u697c\u9601\u3002"", ""date"": ""2016-07-31"", ""score"": 4, ""commentId"": ""123607054"", ""imgs"": [], ""userNickName"": ""\u7cbe*\u4fa0"", ""replyCityName"": """", ""cityName"": """"}], ""score"": 4.5, ""commentCount"": 2}, ""statusCode"": 200}"
将军山景区,https://qimgs.qunarzz.com/piao_qsight_provider_piao_qsight_web/01047120009d42pw9EF1F_C_900_504.jpg_280x200_a9150622.jpg,肇庆市,端州区,肇庆市端州区环山公路,2,5.0,源自昆仑山脉的宝地,https://piao.qunar.com/ticket/detail_2014821640.html?st=a3clM0QlRTclQUIlQUYlRTUlQjclOUUlRTUlOEMlQkElMjZpZCUzRDQ2MjM5OSUyNnR5cGUlM0QwJTI2aWR4JTNEMTclMjZxdCUzRCUyNmFwayUzRDIlMjZzYyUzRFdXVyUyNnVyJTNEJUU0JUI4JUFEJUU1JUIxJUIxJTI2bHIlM0QlRTQlQjglQUQlRTUlQjElQjElMjZmdCUzRCU3QiU3RA%3D%3D#from=mpl_search_suggest,-1.0,N/A,"肇庆北岭将军山，因南北朝年间三国蜀将关公在此显灵而得名。 将军山旅游风景区占地5000亩,坐落在旅游城市---广东省肇庆市北郊,与著名景区七星岩相接。景区内林木花草馥郁，山峦苍翠蔚然，空气清新甜润，景色明丽怡人。进入景区，一条长4800米的景观公路和1000多步的林间石梯小道供您选择。蜿蜒多姿的景观公路，犹如一条灵动的长龙盘山飞舞，漫行其间，定会令您移步见奇，涉目成趣。 上到享有“天下名山第一台”美誉的云修台，您就可体验到＂已穷千里目，未上一层楼＂的感觉了，云修台里面的＂神龙回首神石＂、“菩提圣树”等罕见特景更会令您驻足其间，留连忘返。景区内建筑群廊腰缦回，檐牙高啄。全国规模较大的财神庙坐落其间，集中供奉的文、武财神，藏传五姓财神及福、禄、寿、喜、千手观音等数十尊吉祥神，很大限度地为您展示了中国财神文化的真谛。保持着原始风貌的宋代端砚（石）洞穴遗址---宋坑，遍布山野沟壑， 每一个坑洞都仿佛一个古老而神秘的故事，使您在优雅的休闲中，不时唤醒远古的遐思。景区内雾天亦别有一番韵致，云修台上薄雾缭绕，人行其间犹如在仙山琼宇里一般，在这种超凡脱俗的境界里，自然的生出一种不虚此行的由衷感觉。 整个景区处高势之优，登临游览，不仅可以远眺西江英姿，纵览七星秀色，俯瞰肇庆全景，而且可以谒神旺财，祈福转运，让您的心愿得以寄托，实为高雅之士，时尚一族，悠闲游客登高览胜，休闲度假，踏青健身及祈福求财的绝佳去处。",1/1-12/31；周一至周日；全天开放,https://qimgs.qunarzz.com/piao_qsight_provider_piao_qsight_web/01047120009d42pw9EF1F_C_900_504.jpg_710x360_71b03f34.jpg〇https://qimgs.qunarzz.com/piao_qsight_provider_piao_qsight_web/01047120009d42pw9EF1F_C_900_504_Q90_Mtg_7.jpg_710x360_21b82695.jpg,"{""ret"": true, ""data"": {""tagList"": [{""tagType"": 1, ""tagScore"": 5, ""tagNum"": 2, ""tagName"": ""\u597d\u8bc4""}, {""tagType"": 0, ""tagScore"": 5, ""tagNum"": 2, ""tagName"": ""\u5168\u90e8""}], ""commentList"": [{""author"": ""c*9"", ""content"": ""\u7528\u6237\u672a\u70b9\u8bc4\uff0c\u7cfb\u7edf\u9ed8\u8ba4\u597d\u8bc4\u3002"", ""date"": ""2022-07-04"", ""score"": 5, ""commentId"": ""222486468"", ""imgs"": [], ""userNickName"": ""c*9"", ""replyCityName"": """", ""cityName"": """"}, {""author"": ""\u53bb*\u6237"", ""content"": ""\u7528\u6237\u672a\u70b9\u8bc4\uff0c\u7cfb\u7edf\u9ed8\u8ba4\u597d\u8bc4\u3002"", ""date"": ""2022-06-29"", ""score"": 5, ""commentId"": ""222461377"", ""imgs"": [], ""userNickName"": ""\u53bb*\u6237"", ""replyCityName"": """", ""cityName"": """"}], ""score"": 5.0, ""commentCount"": 2}, ""statusCode"": 200}"
龙溪水上乐园,https://qimgs.qunarzz.com/piao_qsight_provider_piao_qsight_web/0101q12000b6psjt2AACA_C_900_504.jpg_280x200_1776cb7a.jpg,肇庆市,端州区,广东省肇庆市端州区龙溪生态园西北,28,5.0,龙溪水上乐园主要分为六大项目：儿童区、造浪区、泳池区、竞速卡丁车、超级射击、开心遥控船。另外乐园还打造了网红休闲区，特色,https://piao.qunar.com/ticket/detail_2512778012.html?st=a3clM0QlRTclQUIlQUYlRTUlQjclOUUlRTUlOEMlQkElMjZpZCUzRDUxMTQ1NSUyNnR5cGUlM0QwJTI2aWR4JTNEMTYlMjZxdCUzRCUyNmFwayUzRDIlMjZzYyUzRFdXVyUyNnVyJTNEJUU0JUI4JUFEJUU1JUIxJUIxJTI2bHIlM0QlRTQlQjglQUQlRTUlQjElQjElMjZmdCUzRCU3QiU3RA%3D%3D#from=mpl_search_suggest,-1.0,N/A,龙溪水上乐园主要分为六大项目：儿童区、造浪区、泳池区、竞速卡丁车、超级射击、开心遥控船。另外乐园还打造了网红休闲区，特色饮品及小吃一应俱全。儿童区内的亲子水寨温馨有爱、造浪区内掀起激情浪花。在这里，你可以领略浪花冲击的无限快感；你可以享受海滨风情的休闲浪漫；更可以欣赏主题音乐派对的精彩演绎。龙溪水上乐园，超大的游玩空间，完善的配套设施及清新宜人的环境让您尽情体验水上乐趣！,09/01-10/31；周一至周日；09:00-19:00开园；（19:00停止入园）,https://qimgs.qunarzz.com/piao_qsight_provider_piao_qsight_web/0101q12000b6psjt2AACA_C_900_504.jpg_710x360_3ba2e3ec.jpg〇https://qimgs.qunarzz.com/piao_qsight_provider_piao_qsight_web/0103l12000b6ps5wz02FF_C_900_504_Q90_Mtg_7.jpg_710x360_1e50097d.jpg〇https://qimgs.qunarzz.com/piao_qsight_provider_piao_qsight_web/0102512000b6ps0g4EDAB_C_900_504_Q90_Mtg_7.jpg_710x360_33a5e56c.jpg〇https://qimgs.qunarzz.com/piao_qsight_provider_piao_qsight_web/0104412000b6ps5ddCC54_C_900_504_Q90_Mtg_7.jpg_710x360_f019f347.jpg〇https://qimgs.qunarzz.com/piao_qsight_provider_piao_qsight_web/0104x12000b6psqah4A75_C_900_504_Q90_Mtg_7.jpg_710x360_2e198515.jpg〇https://qimgs.qunarzz.com/piao_qsight_provider_piao_qsight_web/0101q12000b6psjt2AACA_C_900_504_Q90_Mtg_7.jpg_710x360_576f4604.jpg,"{""ret"": true, ""data"": {""tagList"": [{""tagType"": 1, ""tagScore"": 5, ""tagNum"": 28, ""tagName"": ""\u597d\u8bc4""}, {""tagType"": 0, ""tagScore"": 5, ""tagNum"": 28, ""tagName"": ""\u5168\u90e8""}], ""commentList"": [{""author"": ""\u53bb*\u6237"", ""content"": ""\u7528\u6237\u672a\u70b9\u8bc4\uff0c\u7cfb\u7edf\u9ed8\u8ba4\u597d\u8bc4\u3002"", ""date"": ""2023-09-10"", ""score"": 5, ""commentId"": ""228410587"", ""imgs"": [], ""userNickName"": ""\u53bb*\u6237"", ""replyCityName"": """", ""cityName"": """"}, {""author"": ""\u53bb*\u6237"", ""content"": ""\u7528\u6237\u672a\u70b9\u8bc4\uff0c\u7cfb\u7edf\u9ed8\u8ba4\u597d\u8bc4\u3002"", ""date"": ""2023-09-10"", ""score"": 5, ""commentId"": ""228410063"", ""imgs"": [], ""userNickName"": ""\u53bb*\u6237"", ""replyCityName"": """", ""cityName"": """"}, {""author"": ""\u53bb*\u6237"", ""content"": ""\u7528\u6237\u672a\u70b9\u8bc4\uff0c\u7cfb\u7edf\u9ed8\u8ba4\u597d\u8bc4\u3002"", ""date"": ""2023-07-11"", ""score"": 5, ""commentId"": ""226532997"", ""imgs"": [], ""userNickName"": ""\u53bb*\u6237"", ""replyCityName"": """", ""cityName"": """"}, {""author"": ""\u53bb*\u6237"", ""content"": ""\u7528\u6237\u672a\u70b9\u8bc4\uff0c\u7cfb\u7edf\u9ed8\u8ba4\u597d\u8bc4\u3002"", ""date"": ""2023-07-11"", ""score"": 5, ""commentId"": ""226532943"", ""imgs"": [], ""userNickName"": ""\u53bb*\u6237"", ""replyCityName"": """", ""cityName"": """"}, {""author"": ""p*6"", ""content"": ""\u7528\u6237\u672a\u70b9\u8bc4\uff0c\u7cfb\u7edf\u9ed8\u8ba4\u597d\u8bc4\u3002"", ""date"": ""2022-10-26"", ""score"": 5, ""commentId"": ""223595458"", ""imgs"": [], ""userNickName"": ""p*6"", ""replyCityName"": """", ""cityName"": """"}, {""author"": ""\u53bb*\u6237"", ""content"": ""\u7528\u6237\u672a\u70b9\u8bc4\uff0c\u7cfb\u7edf\u9ed8\u8ba4\u597d\u8bc4\u3002"", ""date"": ""2022-10-25"", ""score"": 5, ""commentId"": ""223586332"", ""imgs"": [], ""userNickName"": ""\u53bb*\u6237"", ""replyCityName"": """", ""cityName"": """"}, {""author"": ""\u53bb*\u6237"", ""content"": ""\u7528\u6237\u672a\u70b9\u8bc4\uff0c\u7cfb\u7edf\u9ed8\u8ba4\u597d\u8bc4\u3002"", ""date"": ""2022-10-25"", ""score"": 5, ""commentId"": ""223586329"", ""imgs"": [], ""userNickName"": ""\u53bb*\u6237"", ""replyCityName"": """", ""cityName"": """"}, {""author"": ""\u53bb*\u6237"", ""content"": ""\u7528\u6237\u672a\u70b9\u8bc4\uff0c\u7cfb\u7edf\u9ed8\u8ba4\u597d\u8bc4\u3002"", ""date"": ""2022-10-25"", ""score"": 5, ""commentId"": ""223583212"", ""imgs"": [], ""userNickName"": ""\u53bb*\u6237"", ""replyCityName"": """", ""cityName"": """"}, {""author"": ""\u53bb*\u6237"", ""content"": ""\u7528\u6237\u672a\u70b9\u8bc4\uff0c\u7cfb\u7edf\u9ed8\u8ba4\u597d\u8bc4\u3002"", ""date"": ""2022-10-25"", ""score"": 5, ""commentId"": ""223583200"", ""imgs"": [], ""userNickName"": ""\u53bb*\u6237"", ""replyCityName"": """", ""cityName"": """"}, {""author"": ""\u53bb*\u6237"", ""content"": ""\u7528\u6237\u672a\u70b9\u8bc4\uff0c\u7cfb\u7edf\u9ed8\u8ba4\u597d\u8bc4\u3002"", ""date"": ""2022-10-25"", ""score"": 5, ""commentId"": ""223582718"", ""imgs"": [], ""userNickName"": ""\u53bb*\u6237"", ""replyCityName"": """", ""cityName"": """"}], ""score"": 5.0, ""commentCount"": 28}, ""statusCode"": 200}"
汉谋图书馆,https://imgs.qunarzz.com/sight/p0/201403/11/6b276d67415c85b725c647b7e39c8553.jpg_280x200_7a41ae5b.jpg,肇庆市,端州区,广东省肇庆市端州区宝月台,-1,-1.0,位于端州区宝月台，该地为肇庆八景之一的“宝月荷香”。早在宋代，任端州知郡事的包拯便在这里建立星岩书院，汉谋图书馆的前身就,https://piao.qunar.com/ticket/detail_4155208318.html?st=a3clM0QlRTclQUIlQUYlRTUlQjclOUUlRTUlOEMlQkElMjZpZCUzRDE4OTQ5OSUyNnR5cGUlM0QwJTI2aWR4JTNENDQlMjZxdCUzRCUyNmFwayUzRDIlMjZzYyUzRFdXVyUyNnVyJTNEJUU0JUI4JUFEJUU1JUIxJUIxJTI2bHIlM0QlRTQlQjglQUQlRTUlQjElQjElMjZmdCUzRCU3QiU3RA%3D%3D#from=mpl_search_suggest,-1.0,N/A,位于端州区宝月台，该地为肇庆八景之一的“宝月荷香”。早在宋代，任端州知郡事的包拯便在这里建立星岩书院，汉谋图书馆的前身就是星岩书院的“众绿厅”。清代时星岩书院改为包公祠，后又改作魁星楼，至民国初因年久失修坍毁。1917年，新加坡华侨陈祝龄捐资重建魁星楼。1935年，肇庆籍的*高级将领余汉谋捐资改建并赠一批古籍，因此更名为“汉谋图书馆”。该楼高二层，绿琉璃瓦歇山顶，砖木结构，总面积为400平方米，楼四周设有圆柱回廊。该图书馆面对宝月湖，周围环境清幽，是读书的好地方。,暂无,https://imgs.qunarzz.com/sight/p0/201403/11/6b276d67415c85b725c647b7e39c8553.jpg_710x360_b70f7088.jpg,"{""ret"": true, ""data"": {""tagList"": [{""tagType"": 0, ""tagScore"": 5, ""tagNum"": 0, ""tagName"": ""\u5168\u90e8""}], ""score"": 0.0, ""commentCount"": 0}, ""statusCode"": 200}"
东方禅林,https://imgs.qunarzz.com/sight/p0/201403/07/09026b1b1571092d2cada0bdd21ec3d7.jpg_280x200_1a01a1b7.jpg,肇庆市,端州区,广东省肇庆市七星岩内阿坡岩与犀牛岗之间,-1,-1.0,东方禅林始建于1995年夏，建成于1996年2月12日，占地面积20万平方米，正门朝南，内设4个景群，分别是佛光道、莲花,https://piao.qunar.com/ticket/detail_509389713.html?st=a3clM0QlRTclQUIlQUYlRTUlQjclOUUlRTUlOEMlQkElMjZpZCUzRDE1OTQ5JTI2dHlwZSUzRDAlMjZpZHglM0Q0MiUyNnF0JTNEJTI2YXBrJTNEMiUyNnNjJTNEV1dXJTI2dXIlM0QlRTQlQjglQUQlRTUlQjElQjElMjZsciUzRCVFNCVCOCVBRCVFNSVCMSVCMSUyNmZ0JTNEJTdCJTdE#from=mpl_search_suggest,-1.0,N/A,东方禅林始建于1995年夏，建成于1996年2月12日，占地面积20万平方米，正门朝南，内设4个景群，分别是佛光道、莲花湾、祖师岗和罗汉岛，共有景段15个，大小佛像1000多尊。进入大门，算是踏上了佛光道。大道上，佛光普照，苦海慈航，首先映入眼帘的是笑容满面的弥勒佛和分立两旁的“风调雨顺”四大保护神，紧接着便是左手侧的东方三圣、西方三圣和八变观音的雕塑群。罗汉岛是东方禅林的主体，总体布局是：岛的中央位置，有新修建的释迦牟尼卧佛。卧佛连底座计，长76米，宽22米，高48米，重20吨，是用一块整体的汉白玉雕刻而成，为中国所罕见。卧佛头西脚东，侧身面南，两腿伸直，左手平放腿上，右手弯曲托头，作“吉祥睡”。卧佛四周有500罗汉围绕，一尊尊背向卧佛，分列五排，同时，内围面向卧佛背部还有12尊天女像，它们或蹲、或坐、或立，神态各异手势万千。祖师岗，位于罗汉岛西边，门前安置有禅宗祖师达摩的汉白玉雕像，循级直上，是横三世佛，旁有四大菩萨，前有释迦牟尼的十大弟子。莲花湾就设在罗汉岛与祖师岗之间。这里是半月形的浅水湾放生池，水面上莲花朵朵，浅水下游鱼欢畅。,01/01-12/31；7:30-17:30开园,https://imgs.qunarzz.com/sight/p0/201403/07/09026b1b1571092d2cada0bdd21ec3d7.jpg_710x360_013e8eaf.jpg〇https://qimgs.qunarzz.com/piao_qsight_provider_piao_qsight_web/7dbfca9350cedd709ae3a1a0d7dfc461.jpg_710x360_502a07ef.jpg〇https://qimgs.qunarzz.com/piao_qsight_provider_piao_qsight_web/85ff49d6df67b937.jpg_710x360_248ffcba.jpg〇https://qimgs.qunarzz.com/piao_qsight_provider_piao_qsight_web/6c7c8235d25c78.jpg_710x360_be01b9fd.jpg,"{""ret"": true, ""data"": {""tagList"": [{""tagType"": 0, ""tagScore"": 5, ""tagNum"": 0, ""tagName"": ""\u5168\u90e8""}], ""score"": 0.0, ""commentCount"": 0}, ""statusCode"": 200}"
肇庆失恋博物馆,https://qimgs.qunarzz.com/piao_qsight_provider_piao_qsight_web/temp16578306946958595448100r0z000000nibyqA9BE_wmr.jpg_280x200_51a0d164.jpg,肇庆市,端州区,肇庆市端州区天宁北路63号好世界三楼,-1,-1.0,肇庆失恋博物馆是以失恋展品、故事为核心，以丰富的场景主题营造沉浸式的参馆体验。同时，馆内收集并免费寄存失恋旧物、故事，择,https://piao.qunar.com/ticket/detail_619081166.html?st=a3clM0QlRTclQUIlQUYlRTUlQjclOUUlRTUlOEMlQkElMjZpZCUzRDQ3NjU0NCUyNnR5cGUlM0QwJTI2aWR4JTNENDElMjZxdCUzRCUyNmFwayUzRDIlMjZzYyUzRFdXVyUyNnVyJTNEJUU0JUI4JUFEJUU1JUIxJUIxJTI2bHIlM0QlRTQlQjglQUQlRTUlQjElQjElMjZmdCUzRCU3QiU3RA%3D%3D#from=mpl_search_suggest,-1.0,N/A,肇庆失恋博物馆是以失恋展品、故事为核心，以丰富的场景主题营造沉浸式的参馆体验。同时，馆内收集并免费寄存失恋旧物、故事，择优进行展出，可以让您曾经的回忆在这里得到寄托。,01/01-12/31；10:00-22:30开园,https://qimgs.qunarzz.com/piao_qsight_provider_piao_qsight_web/temp16578306946958595448100r0z000000nibyqA9BE_wmr.jpg_710x360_3f8b49d2.jpg,"{""ret"": true, ""data"": {""tagList"": [{""tagType"": 0, ""tagScore"": 5, ""tagNum"": 0, ""tagName"": ""\u5168\u90e8""}], ""score"": 0.0, ""commentCount"": 0}, ""statusCode"": 200}"
3D魔幻艺术全国巡回展（肇庆站）,https://imgs.qunarzz.com/sight/p0/201406/25/302f04826995e16beb565e93002c4889.jpg_280x200_93a8bf33.jpg,肇庆市,端州区,广东省肇庆市端州区信安大道南泰安路名仕荟（城东旧昌大昌对面）,-1,-1.0,既可摸也又可照相的幻觉体验型美术馆,https://piao.qunar.com/ticket/detail_1247833527.html?st=a3clM0QlRTclQUIlQUYlRTUlQjclOUUlRTUlOEMlQkElMjZpZCUzRDE5NTY0MSUyNnR5cGUlM0QwJTI2aWR4JTNENDAlMjZxdCUzRCUyNmFwayUzRDIlMjZzYyUzRFdXVyUyNnVyJTNEJUU0JUI4JUFEJUU1JUIxJUIxJTI2bHIlM0QlRTQlQjglQUQlRTUlQjElQjElMjZmdCUzRCU3QiU3RA%3D%3D#from=mpl_search_suggest,-1.0,N/A,魔幻技术通过将2次元(平面)变成3次元(立体)画的视觉效果，可将传统绘画概念转变成全新的艺术样式。它不仅可以观看，而且可以用于亲身体验，随着数码相机和智能手机的应用越来越普遍，魔幻艺术的注目度也不断提升。无论是青少年、恋人还是家庭群体都可快乐参与，通过摆出各种有趣姿势、拍摄怪诞合影等方式，与艺术作品融为一体，收获惊喜不断。不是看完就结束，是你既可摸也又可照相的幻觉体验型美术馆！在魔幻艺术展览馆完全可以使用相机或摄像工具进行拍摄。在这里你就是导演，又是画中的主人公。发挥你的想象力，表演各种有趣的姿态，成为参与和交流的场所。魔幻艺术的历史是起源于60年代的幻视艺术运动，打破立体绘制与二维视觉界限，让观者视觉与平衡感产生“错觉”，是一种融合透视学、设计学、几何学及心理学的艺术形式。,01/01-12/31；10:00-21:30开园,https://imgs.qunarzz.com/sight/p0/201406/25/302f04826995e16beb565e93002c4889.jpg_710x360_9d50f8c5.jpg〇https://imgs.qunarzz.com/sight/p0/201406/25/c21c5d1450742ebc655e33758db926b6.jpg_710x360_deed9446.jpg,"{""ret"": true, ""data"": {""tagList"": [{""tagType"": 0, ""tagScore"": 5, ""tagNum"": 0, ""tagName"": ""\u5168\u90e8""}], ""score"": 0.0, ""commentCount"": 0}, ""statusCode"": 200}"
裹蒸作坊,https://imgs.qunarzz.com/sight/p0/201303/05/bdf551ca14fc2ef5c8d65eac.jpg_280x200_427c8212.jpg,肇庆市,端州区,广东省肇庆市端州区,-1,-1.0,特有的风味食品，有源远的历史,https://piao.qunar.com/ticket/detail_3984208709.html?st=a3clM0QlRTclQUIlQUYlRTUlQjclOUUlRTUlOEMlQkElMjZpZCUzRDMxMjI3JTI2dHlwZSUzRDAlMjZpZHglM0QzOSUyNnF0JTNEJTI2YXBrJTNEMiUyNnNjJTNEV1dXJTI2dXIlM0QlRTQlQjglQUQlRTUlQjElQjElMjZsciUzRCVFNCVCOCVBRCVFNSVCMSVCMSUyNmZ0JTNEJTdCJTdE#from=mpl_search_suggest,-1.0,N/A,裹蒸粽是肇庆市特有的风味食品，有源远的历史，在这里可以看到著名的裹蒸粽制作过程及生产方法，（游客可免费品尝肇庆裹粽），还可自由选购被喻为“吉祥龙粽”的裹蒸粽。,暂无,https://imgs.qunarzz.com/sight/p0/201303/05/bdf551ca14fc2ef5c8d65eac.jpg_710x360_d4549262.jpg,"{""ret"": true, ""data"": {""tagList"": [{""tagType"": 0, ""tagScore"": 5, ""tagNum"": 0, ""tagName"": ""\u5168\u90e8""}], ""score"": 0.0, ""commentCount"": 0}, ""statusCode"": 200}"
肇庆中游国际房车露营地,https://mp-piao-admincp.qunarzz.com/mp_piao_admin_mp_piao_admin/admin/20217/30d54820c6727b9958d585769ab3c5c2.png_280x200_7ef61cce.png,肇庆市,端州区,广东省肇庆市端州区北岭四路41号,-1,-1.0,N/A,https://piao.qunar.com/ticket/detail_1468444451.html?st=a3clM0QlRTclQUIlQUYlRTUlQjclOUUlRTUlOEMlQkElMjZpZCUzRDUyNDAyMyUyNnR5cGUlM0QwJTI2aWR4JTNEMzglMjZxdCUzRCUyNmFwayUzRDIlMjZzYyUzRFdXVyUyNnVyJTNEJUU0JUI4JUFEJUU1JUIxJUIxJTI2bHIlM0QlRTQlQjglQUQlRTUlQjElQjElMjZmdCUzRCU3QiU3RA%3D%3D#from=mpl_search_suggest,-1.0,N/A,N/A,暂无,https://mp-piao-admincp.qunarzz.com/mp_piao_admin_mp_piao_admin/admin/20217/30d54820c6727b9958d585769ab3c5c2.png_710x360_c2302e12.png,"{""ret"": true, ""data"": {""tagList"": [{""tagType"": 0, ""tagScore"": 5, ""tagNum"": 0, ""tagName"": ""\u5168\u90e8""}], ""score"": 0.0, ""commentCount"": 0}, ""statusCode"": 200}"
百家姓寻根园,https://imgs.qunarzz.com/sight/p0/201403/07/10712ba8cefdc21d759bb6a2f0c9a80b.jpg_280x200_9291d8b1.jpg,肇庆市,端州区,广东省肇庆市端州区,-1,-1.0,源远流长的姓氏，是宗族的徽章，是家庭和民族大家庭的维系力量，“尊姓大名”。然而，贵姓从何而来？典出何故，源自何时，祖籍何,https://piao.qunar.com/ticket/detail_298662307.html?st=a3clM0QlRTclQUIlQUYlRTUlQjclOUUlRTUlOEMlQkElMjZpZCUzRDI1NzEyJTI2dHlwZSUzRDAlMjZpZHglM0Q0MyUyNnF0JTNEJTI2YXBrJTNEMiUyNnNjJTNEV1dXJTI2dXIlM0QlRTQlQjglQUQlRTUlQjElQjElMjZsciUzRCVFNCVCOCVBRCVFNSVCMSVCMSUyNmZ0JTNEJTdCJTdE#from=mpl_search_suggest,-1.0,N/A,源远流长的姓氏，是宗族的徽章，是家庭和民族大家庭的维系力量，“尊姓大名”。然而，贵姓从何而来？典出何故，源自何时，祖籍何处，郡望何方，始祖何人，相貌如何，辈份字谱，如何排行，同族同宗分布在哪些地方，历史上出现过哪些风云人物，而今在全国人口中排名第几……盘古风景区百家姓寻根园里可以找出你自己姓氏的起源、分支。,暂无,https://imgs.qunarzz.com/sight/p0/201403/07/10712ba8cefdc21d759bb6a2f0c9a80b.jpg_710x360_b30addab.jpg,"{""ret"": true, ""data"": {""tagList"": [{""tagType"": 0, ""tagScore"": 5, ""tagNum"": 0, ""tagName"": ""\u5168\u90e8""}], ""score"": 0.0, ""commentCount"": 0}, ""statusCode"": 200}"
双龙瀑布,https://imgs.qunarzz.com/sight/p92/201211/07/53925a6ef0db366593835fbb.jpg_280x200_c5872939.jpg,肇庆市,端州区,广东省肇庆市端州区,-1,-1.0,森林繁茂、风景秀丽，幽幽林间，溪流潺潺,https://piao.qunar.com/ticket/detail_1920631451.html?st=a3clM0QlRTclQUIlQUYlRTUlQjclOUUlRTUlOEMlQkElMjZpZCUzRDI1NzY5JTI2dHlwZSUzRDAlMjZpZHglM0QzNyUyNnF0JTNEJTI2YXBrJTNEMiUyNnNjJTNEV1dXJTI2dXIlM0QlRTQlQjglQUQlRTUlQjElQjElMjZsciUzRCVFNCVCOCVBRCVFNSVCMSVCMSUyNmZ0JTNEJTdCJTdE#from=mpl_search_suggest,-1.0,N/A,盘古风景区山高谷深、瀑飞溪潺、森林繁茂、风景秀丽，幽幽林间，溪流潺潺，由上而下的清泉在参天古树、嶙峋怪石、丛丛灌木中流过，形成了一组组野趣横生的瀑布群。进入景区，“未见其人，先闻其声”，时而“叮咚、叮咚”作响，时而“哗哗”不绝，一路上都是不绝的泉音跟随着你跳动的脚步，与你欢快相伴同行。走近那清美优雅的瀑布，飞溅的水珠像飞升的精灵、纯洁的天使，溅到你的脸上、身上，清凉舒爽，瞬间开启你灵感的源泉，拨动你运动的神经，让你感到无比畅快、清新舒适，让你完全可以放松身心渐渐融入这山野的精气，让自己的也成为这山野的精灵，那是何等的新奇美妙！用这里山泉泡制的茶别有风味，尤为清香甘甜！同时，这里的泉水有良好的保健养生效果。有些久治不愈的脂肪肝、口腔溃疡患者用此地的泉水泡茶饮用一段时间，不治而愈。消息传开，每天来此欣赏美景之余装水回家饮用的游客络绎不绝。,01/01-12/31；9:00-17:00开园,https://imgs.qunarzz.com/sight/p92/201211/07/53925a6ef0db366593835fbb.jpg_710x360_0c2bc266.jpg,"{""ret"": true, ""data"": {""tagList"": [{""tagType"": 0, ""tagScore"": 5, ""tagNum"": 0, ""tagName"": ""\u5168\u90e8""}], ""score"": 0.0, ""commentCount"": 0}, ""statusCode"": 200}"
星湖山庄,https://imgs.qunarzz.com/sight/p84/201211/02/1d2eccde8c6afec993835fbb.jpg_280x200_c1a3d372.jpg,肇庆市,端州区,广东省肇庆市北岭山星湖山庄度假村（市党校侧）,-1,-1.0,多款精心设计的独立式、连体式别墅,https://piao.qunar.com/ticket/detail_597303086.html?st=a3clM0QlRTclQUIlQUYlRTUlQjclOUUlRTUlOEMlQkElMjZpZCUzRDEzMzc5JTI2dHlwZSUzRDAlMjZpZHglM0QzNiUyNnF0JTNEJTI2YXBrJTNEMiUyNnNjJTNEV1dXJTI2dXIlM0QlRTQlQjglQUQlRTUlQjElQjElMjZsciUzRCVFNCVCOCVBRCVFNSVCMSVCMSUyNmZ0JTNEJTdCJTdE#from=mpl_search_suggest,-1.0,N/A,星湖山庄座落于松林环绕、泉水潺潺、风景如画的广东七星岩旅游渡假区，山庄依星湖而建，前瞻七星岩及如诗似画的星湖，背靠清幽翠绿的松林美景，居住期间实为人生一大逍遥乐事。星湖山庄独特的中西合壁设计与天然美景融为一体，为四周环境倍添雅意，教人流连忘返，尽洗都市尘嚣俗虑。备有多款精心设计的独立式、连体式别墅，必有一款合您心意。,暂无,https://imgs.qunarzz.com/sight/p84/201211/02/1d2eccde8c6afec993835fbb.jpg_710x360_754d88cd.jpg〇https://qimgs.qunarzz.com/piao_qsight_provider_piao_qsight_web/06bb9f0b6ea8a2.jpg_710x360_5ec335a5.jpg,"{""ret"": true, ""data"": {""tagList"": [{""tagType"": 0, ""tagScore"": 5, ""tagNum"": 0, ""tagName"": ""\u5168\u90e8""}], ""score"": 0.0, ""commentCount"": 0}, ""statusCode"": 200}"
星湖度假农庄,https://imgs.qunarzz.com/sight/p49/201211/06/f3de11680e7598f893835fbb.jpg_280x200_8b771173.jpg,肇庆市,端州区,广东省肇庆市白土镇,-1,-1.0,星湖素有“珠三角万绿湖”之称，他位于广东省肇庆市白土镇，与广新农业生态园、肇庆高尔夫度假村、肇庆鼎湖、七星岩、南海西岸、,https://piao.qunar.com/ticket/detail_2907955431.html?st=a3clM0QlRTclQUIlQUYlRTUlQjclOUUlRTUlOEMlQkElMjZpZCUzRDM0MjMlMjZ0eXBlJTNEMCUyNmlkeCUzRDM0JTI2cXQlM0QlMjZhcGslM0QyJTI2c2MlM0RXV1clMjZ1ciUzRCVFNCVCOCVBRCVFNSVCMSVCMSUyNmxyJTNEJUU0JUI4JUFEJUU1JUIxJUIxJTI2ZnQlM0QlN0IlN0Q%3D#from=mpl_search_suggest,-1.0,N/A,星湖素有“珠三角万绿湖”之称，他位于广东省肇庆市白土镇，与广新农业生态园、肇庆高尔夫度假村、肇庆鼎湖、七星岩、南海西岸、德庆龙母祖庙等风景区形成一条旅游长廊。星湖度假村交通便利，湖区内山青水秀，碧波荡漾，鸟语花香，风景秀丽，可谓一湾一景，是一块不可多得的风水宝地。现园内有可采摘的龙眼园、荔枝园、杨桃园、芒果园、石榴园，一年四季鲜果不断。另外，还有被誉为“黄金树”之称的檀香树的种植基地。,暂无,https://imgs.qunarzz.com/sight/p49/201211/06/f3de11680e7598f893835fbb.jpg_710x360_8919f804.jpg,"{""ret"": true, ""data"": {""tagList"": [{""tagType"": 0, ""tagScore"": 5, ""tagNum"": 0, ""tagName"": ""\u5168\u90e8""}], ""score"": 0.0, ""commentCount"": 0}, ""statusCode"": 200}"
安定郡祠碑,https://imgs.qunarzz.com/sight/p0/201403/11/438408435e4ff93afe2fca80775727f4.jpg_280x200_82f1ebb6.jpg,肇庆市,端州区,广东省肇庆市端州区东郊渡头村梁氏宗祠内,-1,-1.0,安定郡祠碑原存放在端州区东郊渡头村梁氏宗祠内，碑原名“安定郡祠记”。碑高0.36米，宽0.50米，楷书，刻于宋嘉定十五（,https://piao.qunar.com/ticket/detail_3238052624.html?st=a3clM0QlRTclQUIlQUYlRTUlQjclOUUlRTUlOEMlQkElMjZpZCUzRDE4OTM2MiUyNnR5cGUlM0QwJTI2aWR4JTNEMzMlMjZxdCUzRCUyNmFwayUzRDIlMjZzYyUzRFdXVyUyNnVyJTNEJUU0JUI4JUFEJUU1JUIxJUIxJTI2bHIlM0QlRTQlQjglQUQlRTUlQjElQjElMjZmdCUzRCU3QiU3RA%3D%3D#from=mpl_search_suggest,-1.0,N/A,安定郡祠碑原存放在端州区东郊渡头村梁氏宗祠内，碑原名“安定郡祠记”。碑高0.36米，宽0.50米，楷书，刻于宋嘉定十五（1222），是当地仅存的宋代碑记，碑文记载渡头村梁氏始祖梁燮为宋咸平元年（998）进士，先后两次任端州刺史，他见这里山青水秀，气候温和，土地肥沃，便将粤北南雄的二十九姓百姓迁至此地生活，这座碑也和当地百姓一样，在这方土地存续至今。,01/01-12/31；9:00-17:00开园,https://imgs.qunarzz.com/sight/p0/201403/11/438408435e4ff93afe2fca80775727f4.jpg_710x360_90153fc5.jpg,"{""ret"": true, ""data"": {""tagList"": [{""tagType"": 0, ""tagScore"": 5, ""tagNum"": 0, ""tagName"": ""\u5168\u90e8""}], ""score"": 0.0, ""commentCount"": 0}, ""statusCode"": 200}"
肇庆星湖游船,https://imgs.qunarzz.com/sight/p0/1801/6d/6d36ee35e47a557fa3.water.jpg_280x200_bbbffb25.jpg,肇庆市,端州区,广东省肇庆市端州区星湖西路牌坊码头,-1,-1.0,在码头乘上船，沿着既定的航线游览,https://piao.qunar.com/ticket/detail_4179109744.html?st=a3clM0QlRTclQUIlQUYlRTUlQjclOUUlRTUlOEMlQkElMjZpZCUzRDQ2NzI0MyUyNnR5cGUlM0QwJTI2aWR4JTNEMzIlMjZxdCUzRCUyNmFwayUzRDIlMjZzYyUzRFdXVyUyNnVyJTNEJUU0JUI4JUFEJUU1JUIxJUIxJTI2bHIlM0QlRTQlQjglQUQlRTUlQjElQjElMjZmdCUzRCU3QiU3RA%3D%3D#from=mpl_search_suggest,-1.0,N/A,在码头乘上船，沿着既定的航线游览，东方禅林码头-湿地公园（鹤岛）-出米洞码头-罗汉岛码头。或者从仙女湖出米洞码头开始，出米洞码头-湿地公园（鹤岛）-东方禅林码头-罗汉岛码头。登上鹤岛，沿着木栈道行走，就可以见到湿地之神——丹顶鹤，运气好的话，欣赏一生难得一见的“世界绝活”丹顶鹤编队飞翔。,暂无,https://imgs.qunarzz.com/sight/p0/1801/6d/6d36ee35e47a557fa3.water.jpg_710x360_5e37de74.jpg,"{""ret"": true, ""data"": {""tagList"": [{""tagType"": 0, ""tagScore"": 5, ""tagNum"": 0, ""tagName"": ""\u5168\u90e8""}], ""score"": 0.0, ""commentCount"": 0}, ""statusCode"": 200}"
宝鼎园,https://imgs.qunarzz.com/sight/p0/201402/08/1b54f08aa45023d04ebb33c72b20f22f.jpg_280x200_23749925.jpg,肇庆市,端州区,广东省肇庆市鼎湖区上山路坑口镇鼎湖山,-1,-1.0,鼎文化、青铜文化和岭南文化完美三合一,https://piao.qunar.com/ticket/detail_1810958722.html?st=a3clM0QlRTclQUIlQUYlRTUlQjclOUUlRTUlOEMlQkElMjZpZCUzRDE5MzY4OCUyNnR5cGUlM0QwJTI2aWR4JTNEMzElMjZxdCUzRCUyNmFwayUzRDIlMjZzYyUzRFdXVyUyNnVyJTNEJUU0JUI4JUFEJUU1JUIxJUIxJTI2bHIlM0QlRTQlQjglQUQlRTUlQjElQjElMjZmdCUzRCU3QiU3RA%3D%3D#from=mpl_search_suggest,-1.0,N/A,"古典文化浓郁，古朴建筑别致，鼎文化、青铜文化和岭南文化完美三合一。园内更可观赏两大世界奇观，足可令人叹为观止！宝鼎园位于鼎湖山的天湖景区旁，于2000年12月30日建成，占地面积约1.3万平方米，园内青山环抱，风景优美，充满了中国古文化气息，以展示中国古代鼎文化为主题，将中国的青铜器鼎、鼎文化和自然与山水文化融为一体。宝鼎园的南面是青铜文化展廊，内摆放有复制的各个朝代的青铜宝鼎：兽面纹方鼎、大禾方鼎、龙纹鼎、秦公鼎、四联鼎，造工精巧无比，是劳动人民智慧的结晶。除了古代的鼎之外，这里还有三个纪念宝鼎值得我们去细细观赏。一是纪念香港回归的香港宝鼎复制品，让我们牢牢记住香港回归的激动时刻；二是纪念澳门回归的澳门宝鼎复制品，让我们为国家强盛增添无限的荣誉感；三是中国政府向联合国赠送的世纪宝鼎复制品，更是激发起我们无限的民族自信心和民族自豪感。不过，莫过于列入上海大世界基尼斯纪录的端溪龙皇砚和肇庆九龙宝鼎。九龙宝鼎高6．68米，宽5．58米，重16吨，呈三足鼎立,足顶端有三个大龙头，龙口下又有三组对称的龙纹，共9龙。宝鼎的到来，会给我们带来国泰民安、风调雨顺、五谷丰登的吉兆，当时就引来庆云寺的和尚为它诵经开光。在九龙宝鼎前，问鼎祈福，可祈求一年到头工作顺利、生意兴隆、身体健康、福禄绵长。",夏季、秋季(6月1日-11月30日):5:30-18:30；冬季、春季(12月1日-次年5月31日):6:00-18:00。,https://imgs.qunarzz.com/sight/p0/201402/08/1b54f08aa45023d04ebb33c72b20f22f.jpg_710x360_ca93b2ae.jpg〇https://imgs.qunarzz.com/sight/p0/201402/08/22baaa73b9e0330122c53093e39fff95.jpg_710x360_0b587840.jpg〇https://imgs.qunarzz.com/sight/p0/201402/08/577d82747dd3686046808a30e68a8ce7.jpg_710x360_21cb07bd.jpg〇https://qimgs.qunarzz.com/piao_qsight_provider_piao_qsight_web/a1a72d42e7f4f371f8e91fcb42a5523f.jpg_710x360_771659c0.jpg〇https://qimgs.qunarzz.com/piao_qsight_provider_piao_qsight_web/0d97ecc04a03a0dc226b4f5774667532.jpg_710x360_76b93456.jpg〇https://qimgs.qunarzz.com/piao_qsight_provider_piao_qsight_web/0ee1e9433df629e8b210ba9a3fa0326f.jpg_710x360_bb0dc9f6.jpg〇https://qimgs.qunarzz.com/piao_qsight_provider_piao_qsight_web/c687e292f586d5b5fc3cb98a599fb666.jpg_710x360_1b8a0c37.jpg〇https://qimgs.qunarzz.com/piao_qsight_provider_piao_qsight_web/2f3a4561d23220a7bc8572af50ebce9e.jpg_710x360_ddc42f59.jpg〇https://qimgs.qunarzz.com/piao_qsight_provider_piao_qsight_web/10a29fd656aff72f0a7acee8d31d3a77.jpg_710x360_323d0a04.jpg〇https://qimgs.qunarzz.com/piao_qsight_provider_piao_qsight_web/dc93e78af90563596d99b5314cf7aa6f.jpg_710x360_53440a92.jpg〇https://qimgs.qunarzz.com/piao_qsight_provider_piao_qsight_web/cd4487d3db377fab768e55818dcaa0e8.jpg_710x360_0980280f.jpg〇https://qimgs.qunarzz.com/piao_qsight_provider_piao_qsight_web/2915d8e200aca8b5.jpg_710x360_f7aea63e.jpg〇https://qimgs.qunarzz.com/piao_qsight_provider_piao_qsight_web/74fb0f97769e9b5.jpg_710x360_86a4e56f.jpg〇https://qimgs.qunarzz.com/piao_qsight_provider_piao_qsight_web/aaeae8c1142815b5.jpg_710x360_bed2d0d1.jpg,"{""ret"": true, ""data"": {""tagList"": [{""tagType"": 0, ""tagScore"": 5, ""tagNum"": 0, ""tagName"": ""\u5168\u90e8""}], ""score"": 0.0, ""commentCount"": 0}, ""statusCode"": 200}"
护龙祖庙,https://imgs.qunarzz.com/sight/p0/201403/11/1e2d59589d267f848cc13fa18b6171b1.jpg_280x200_4554c139.jpg,肇庆市,端州区,广东省肇庆市端州区黄岗镇前村,-1,-1.0,古树怀抱，环境清幽，田园秀色一览无遗,https://piao.qunar.com/ticket/detail_3902726442.html?st=a3clM0QlRTclQUIlQUYlRTUlQjclOUUlRTUlOEMlQkElMjZpZCUzRDE4OTUxNCUyNnR5cGUlM0QwJTI2aWR4JTNENTklMjZxdCUzRCUyNmFwayUzRDIlMjZzYyUzRFdXVyUyNnVyJTNEJUU0JUI4JUFEJUU1JUIxJUIxJTI2bHIlM0QlRTQlQjglQUQlRTUlQjElQjElMjZmdCUzRCU3QiU3RA%3D%3D#from=mpl_search_suggest,-1.0,N/A,护龙祖庙始建于清初，同治十年（1871）重修。四周古树怀抱，环境清幽，有小溪潺潺流过，庙前远眺，田园秀色一览无遗。庙为三进院落四合院式布局，面积136平方米，大门上方镶嵌楷书“护龙祖庙”石匾，前后殿为硬山顶，面宽进深均三间，建筑物前设“低头牵”，抬梁与穿十混合式梁架结构，两殿之间以平面方形的卷棚顶庙亭相连，亭两侧空地边缘，还用矮墙连贯前殿与后殿，使之浑然一体。1984年公布为肇庆市文物保护单位。,01/01-12/31；全天开放,https://imgs.qunarzz.com/sight/p0/201403/11/1e2d59589d267f848cc13fa18b6171b1.jpg_710x360_39379e2b.jpg〇https://qimgs.qunarzz.com/piao_qsight_provider_piao_qsight_web/1f9f6464-e341-4c08-94f8-18346272f9e0.jpg_710x360_5ceac956.jpg〇https://qimgs.qunarzz.com/piao_qsight_provider_piao_qsight_web/342dfdfe8d8f6e37.jpg_710x360_98f0425e.jpg〇https://qimgs.qunarzz.com/piao_qsight_provider_piao_qsight_web/478b6d2b64965a37.jpg_710x360_53faad27.jpg,"{""ret"": true, ""data"": {""tagList"": [{""tagType"": 0, ""tagScore"": 5, ""tagNum"": 0, ""tagName"": ""\u5168\u90e8""}], ""score"": 0.0, ""commentCount"": 0}, ""statusCode"": 200}"
城东清真寺,https://qimgs.qunarzz.com/piao_qsight_provider_piao_qsight_web/629923f67a7cd.jpg_280x200_6db4821e.jpg,肇庆市,端州区,广东省肇庆市端州区康乐中路48号附近,-1,-1.0,市内现存的年代较早的伊斯兰教清真寺之一,https://piao.qunar.com/ticket/detail_1487697785.html?st=a3clM0QlRTclQUIlQUYlRTUlQjclOUUlRTUlOEMlQkElMjZpZCUzRDE1MDI5JTI2dHlwZSUzRDAlMjZpZHglM0Q1OCUyNnF0JTNEJTI2YXBrJTNEMiUyNnNjJTNEV1dXJTI2dXIlM0QlRTQlQjglQUQlRTUlQjElQjElMjZsciUzRCVFNCVCOCVBRCVFNSVCMSVCMSUyNmZ0JTNEJTdCJTdE#from=mpl_search_suggest,-1.0,N/A,在端州区水师营路。是市内现存的年代较早的伊斯兰教清真寺之一，始建年代不详，根据寺内所存的“乾隆重修清真寺碑记”载，该寺“相传创自唐宋”，但另有一说始建于明代。清康熙、乾隆、道光年间曾多次修葺、扩建。寺内地方宽阔，今仅存礼拜殿。殿面宽三间、进深三间，通面宽13米，通进深4.6米。硬山顶，殿内不设偶像，体现出伊斯兰教的特色。寺内大部分场地已辟作校舍。1991年夏，因礼拜殿严重残破倾危，已全部拆除重建。1984年公布为肇庆市文物保护单位。,暂无,https://qimgs.qunarzz.com/piao_qsight_provider_piao_qsight_web/629923f67a7cd.jpg_710x360_30924872.jpg〇https://qimgs.qunarzz.com/piao_qsight_provider_piao_qsight_web/d16c4298d77cb0.jpg_710x360_43225eb8.jpg,"{""ret"": true, ""data"": {""tagList"": [{""tagType"": 0, ""tagScore"": 5, ""tagNum"": 0, ""tagName"": ""\u5168\u90e8""}], ""score"": 0.0, ""commentCount"": 0}, ""statusCode"": 200}"
仙掌岩,https://imgs.qunarzz.com/sight/p0/1611/eb/eb6dd0a1e13cb023a3.water.jpg_280x200_7a6f292e.jpg,肇庆市,端州区,肇庆市端州区星湖大道肇庆星湖名胜风景区内,-1,-1.0,肇庆七星之一，若仙人巨掌擎天,https://piao.qunar.com/ticket/detail_682172479.html?st=a3clM0QlRTclQUIlQUYlRTUlQjclOUUlRTUlOEMlQkElMjZpZCUzRDMxMjI1JTI2dHlwZSUzRDAlMjZpZHglM0Q1NyUyNnF0JTNEJTI2YXBrJTNEMiUyNnNjJTNEV1dXJTI2dXIlM0QlRTQlQjglQUQlRTUlQjElQjElMjZsciUzRCVFNCVCOCVBRCVFNSVCMSVCMSUyNmZ0JTNEJTdCJTdE#from=mpl_search_suggest,-1.0,N/A,"七星岩是由闻风岩、玉屏岩、石室岩、天柱岩、蟾蜍岩、仙掌岩和阿坡岩七座岩石级成。峰岩陡立峻峭，娇烧多姿，好像点缀在天空中的北斗七星。 　　仙掌岩为肇庆七星之一,若仙人巨掌擎天，有天将欲倾我独撑的气势。",01/01-12/31；7:30-17:30开园,https://imgs.qunarzz.com/sight/p0/1611/eb/eb6dd0a1e13cb023a3.water.jpg_710x360_4d2120cc.jpg〇https://imgs.qunarzz.com/sight/p0/1611/6d/6deaeda65c47e0c7a3.water.jpg_710x360_78e631ef.jpg,"{""ret"": true, ""data"": {""tagList"": [{""tagType"": 0, ""tagScore"": 5, ""tagNum"": 0, ""tagName"": ""\u5168\u90e8""}], ""score"": 0.0, ""commentCount"": 0}, ""statusCode"": 200}"
天主教堂,https://imgs.qunarzz.com/sight/p0/201304/18/05e081a8959b6b15c8d65eac.jpg_280x200_d6b08150.jpg,肇庆市,端州区,广东省肇庆市端州区,-1,-1.0,具有鲜明的意大利建筑特色,https://piao.qunar.com/ticket/detail_49632484.html?st=a3clM0QlRTclQUIlQUYlRTUlQjclOUUlRTUlOEMlQkElMjZpZCUzRDE5MDc2MCUyNnR5cGUlM0QwJTI2aWR4JTNENTYlMjZxdCUzRCUyNmFwayUzRDIlMjZzYyUzRFdXVyUyNnVyJTNEJUU0JUI4JUFEJUU1JUIxJUIxJTI2bHIlM0QlRTQlQjglQUQlRTUlQjElQjElMjZmdCUzRCU3QiU3RA%3D%3D#from=mpl_search_suggest,-1.0,N/A,天主教堂建于清光绪三十一年（1905），原有圣堂、神甫楼、厨房、花园，现存圣堂和神甫楼，占地面积125平方米，具有鲜明的意大利建筑特色。圣堂高大，其后端是哥特式的建筑，竖十字架标志，楼内共三层，中空，利用回廊上落，顶部悬挂大钟一个，直径0.70米，钟绳下垂到楼下地面通道，圣堂内还有一个彩色的耶稣塑像，放置在圣坛一侧。堂内排列木椅，供教徒诵经和唱赞歌时应用。圣堂西侧是一座两层的神甫楼，砖木构筑，是非常具有特色的建筑，值得一看。,暂无,https://imgs.qunarzz.com/sight/p0/201304/18/05e081a8959b6b15c8d65eac.jpg_710x360_2181c448.jpg,"{""ret"": true, ""data"": {""tagList"": [{""tagType"": 0, ""tagScore"": 5, ""tagNum"": 0, ""tagName"": ""\u5168\u90e8""}], ""score"": 0.0, ""commentCount"": 0}, ""statusCode"": 200}"
宋坑遗址,https://imgs.qunarzz.com/sight/p0/201303/08/08e5db34b4d43b6cc8d65eac.jpg_280x200_c6b31023.jpg,肇庆市,端州区,广东省肇庆市端州区盘古生态文化景区,-1,-1.0,文房四宝，以砚为首。四大地方名砚。端砚至今有1350年历史，肇庆有端砚闻名于世界。而历代很多收藏家的端砚珍品都出自肇庆的,https://piao.qunar.com/ticket/detail_689299768.html?st=a3clM0QlRTclQUIlQUYlRTUlQjclOUUlRTUlOEMlQkElMjZpZCUzRDE5MjU1JTI2dHlwZSUzRDAlMjZpZHglM0Q1NSUyNnF0JTNEJTI2YXBrJTNEMiUyNnNjJTNEV1dXJTI2dXIlM0QlRTQlQjglQUQlRTUlQjElQjElMjZsciUzRCVFNCVCOCVBRCVFNSVCMSVCMSUyNmZ0JTNEJTdCJTdE#from=mpl_search_suggest,-1.0,N/A,文房四宝，以砚为首。四大地方名砚。端砚至今有1350年历史，肇庆有端砚闻名于世界。而历代很多收藏家的端砚珍品都出自肇庆的宋坑，1972年美术工艺大师黎铿用一块宋坑砚石雕刻出著名的“百鸟鸣春”砚，被北京故宫博物馆收藏。 宋坑（老宋坑、宋公坑）的地理坑位在肇庆北岭盘古风景区，盘古祖殿后约2公里，是宋代以前开坑，坑口有好几个”字型的三个坑洞，有70多米深，其中有2个是相通，非常有趣。,暂无,https://imgs.qunarzz.com/sight/p0/201303/08/08e5db34b4d43b6cc8d65eac.jpg_710x360_e2e90cb8.jpg,"{""ret"": true, ""data"": {""tagList"": [{""tagType"": 0, ""tagScore"": 5, ""tagNum"": 0, ""tagName"": ""\u5168\u90e8""}], ""score"": 0.0, ""commentCount"": 0}, ""statusCode"": 200}"
聚客密室逃脱,https://imgs.qunarzz.com/sight/p0/1412/b5/4557fe4c77c6a8a24a7e2309f8a66f1a.water.jpg_280x200_90713fa6.jpg,肇庆市,端州区,广东省肇庆市端州区工农北路10号5楼（即君豪宾馆5楼）,-1,-1.0,带上你的智囊团，体验密室逃脱的乐趣,https://piao.qunar.com/ticket/detail_3911215272.html?st=a3clM0QlRTclQUIlQUYlRTUlQjclOUUlRTUlOEMlQkElMjZpZCUzRDE5OTg1MiUyNnR5cGUlM0QwJTI2aWR4JTNENTQlMjZxdCUzRCUyNmFwayUzRDIlMjZzYyUzRFdXVyUyNnVyJTNEJUU0JUI4JUFEJUU1JUIxJUIxJTI2bHIlM0QlRTQlQjglQUQlRTUlQjElQjElMjZmdCUzRCU3QiU3RA%3D%3D#from=mpl_search_suggest,-1.0,N/A,JESS在不知情的情况下被政界高官强行入罪，成为其代罪羊被判入狱，面临死刑。而他的弟弟PHILY精心计划，准备营救哥哥越狱。他成*进入了JESS所在的监狱，在各处设置好逃离监狱的隐藏线索，在JESS被执行死刑的前一晚，弟弟PHILY和他在监狱里结识的朋友开始了他哥哥JESS的拯救行动。喜欢做人体实验的变态连环杀手，绑架并折磨他认为没有珍惜生命的受害者，令他们“重新体验生命的价值”。根据可靠的情报，这个杀手禁锢着多年来一直追查着他的探员，你们需要在有限的时间里寻找线索，解救探员。两大惊险主题，等你挑战！,暂无,https://imgs.qunarzz.com/sight/p0/1412/b5/4557fe4c77c6a8a24a7e2309f8a66f1a.water.jpg_710x360_81595ea8.jpg〇https://imgs.qunarzz.com/sight/p0/1412/be/4c2e1b831cad7c1dae1393fba03a1317.water.jpg_710x360_2e172ab4.jpg〇https://imgs.qunarzz.com/sight/p0/1412/be/e39072099278a002943b4588dd369b00.water.jpg_710x360_c17ed95f.jpg〇https://imgs.qunarzz.com/sight/p0/1412/ac/19ec357034be46a1c706fd61dd3e55c3.water.jpg_710x360_28e5d80f.jpg〇https://imgs.qunarzz.com/sight/p0/1412/e3/f16f81846770fa32aea0702bf7d0b49f.water.jpg_710x360_3a5dee81.jpg〇https://imgs.qunarzz.com/sight/p0/1412/18/12288ab61ff9eb0cc245465acf92ccd5.water.jpg_710x360_971de1cb.jpg〇https://imgs.qunarzz.com/sight/p0/1412/2e/d4e60862ce7f04f1564b0e94af3498a0.water.jpg_710x360_60ed03c7.jpg〇https://qimgs.qunarzz.com/piao_qsight_provider_piao_qsight_web/ca241f9147a46ef7.jpg_710x360_64105aa9.jpg,"{""ret"": true, ""data"": {""tagList"": [{""tagType"": 0, ""tagScore"": 5, ""tagNum"": 0, ""tagName"": ""\u5168\u90e8""}], ""score"": 0.0, ""commentCount"": 0}, ""statusCode"": 200}"
龟顶山炮台,https://imgs.qunarzz.com/sight/p0/201403/11/08ecae5e2aaf1a010ceda32edbe9902d.jpg_280x200_a5170f9b.jpg,肇庆市,端州区,广东省肇庆市端州区区西郊龟顶山,-1,-1.0,龟顶山炮台建于1920年，是罗阳镇守使林虎在肇庆所筑的七座炮台之一。龟顶山在西江大鼎峡北岸，海拔230米，是肇庆西南的屏,https://piao.qunar.com/ticket/detail_4216224628.html?st=a3clM0QlRTclQUIlQUYlRTUlQjclOUUlRTUlOEMlQkElMjZpZCUzRDE4OTQ5NCUyNnR5cGUlM0QwJTI2aWR4JTNENTMlMjZxdCUzRCUyNmFwayUzRDIlMjZzYyUzRFdXVyUyNnVyJTNEJUU0JUI4JUFEJUU1JUIxJUIxJTI2bHIlM0QlRTQlQjglQUQlRTUlQjElQjElMjZmdCUzRCU3QiU3RA%3D%3D#from=mpl_search_suggest,-1.0,N/A,龟顶山炮台建于1920年，是罗阳镇守使林虎在肇庆所筑的七座炮台之一。龟顶山在西江大鼎峡北岸，海拔230米，是肇庆西南的屏障，战略地位重要。炮台另配有三座烽火台和一座掩体工事。烽火台也在山顶上，相距36米，直径从3.8米到4.2米不等，青砖垒砌台壁；掩体则位于山顶东北面，在烽火台前沿稍低处，长20米，宽10米，底部离地面1.25米。整个形成了一个相对完备的战斗工事。,01/01-12/31；全天开放,https://imgs.qunarzz.com/sight/p0/201403/11/08ecae5e2aaf1a010ceda32edbe9902d.jpg_710x360_50805fb3.jpg〇https://qimgs.qunarzz.com/piao_qsight_provider_piao_qsight_web/955e8d02aa54e537.jpg_710x360_edc8e370.jpg,"{""ret"": true, ""data"": {""tagList"": [{""tagType"": 0, ""tagScore"": 5, ""tagNum"": 0, ""tagName"": ""\u5168\u90e8""}], ""score"": 0.0, ""commentCount"": 0}, ""statusCode"": 200}"
星湖新皇酒楼,https://imgs.qunarzz.com/sight/p0/1706/18/181f827154b55ccca3.water.jpg_280x200_15861b3c.jpg,肇庆市,端州区,广东省肇庆市端州区端州四路星湖国际广场二期中庭,-1,-1.0,星湖新皇酒楼是一间餐饮酒家，坐落于端州四路繁华地段，位于星湖国际广场二期西侧二、三层，经营早、午、晚三市，环境优雅，专营,https://piao.qunar.com/ticket/detail_2302711286.html?st=a3clM0QlRTclQUIlQUYlRTUlQjclOUUlRTUlOEMlQkElMjZpZCUzRDQ2NDEwOSUyNnR5cGUlM0QwJTI2aWR4JTNENTIlMjZxdCUzRCUyNmFwayUzRDIlMjZzYyUzRFdXVyUyNnVyJTNEJUU0JUI4JUFEJUU1JUIxJUIxJTI2bHIlM0QlRTQlQjglQUQlRTUlQjElQjElMjZmdCUzRCU3QiU3RA%3D%3D#from=mpl_search_suggest,-1.0,N/A,星湖新皇酒楼是一间餐饮酒家，坐落于端州四路繁华地段，位于星湖国际广场二期西侧二、三层，经营早、午、晚三市，环境优雅，专营高级燕包翅、海鲜及火锅美食等。,暂无,https://imgs.qunarzz.com/sight/p0/1706/18/181f827154b55ccca3.water.jpg_710x360_e266e4dc.jpg〇https://imgs.qunarzz.com/sight/p0/1706/2e/2e8cbad6075d4be2a3.water.jpg_710x360_c07ce47b.jpg〇https://imgs.qunarzz.com/sight/p0/1706/91/91ce5310d8a574e3a3.water.jpg_710x360_5049b7f3.jpg〇https://imgs.qunarzz.com/sight/p0/1706/ec/ec2c9cd8ee9e6459a3.water.jpg_710x360_061b5f0e.jpg,"{""ret"": true, ""data"": {""tagList"": [{""tagType"": 0, ""tagScore"": 5, ""tagNum"": 0, ""tagName"": ""\u5168\u90e8""}], ""score"": 0.0, ""commentCount"": 0}, ""statusCode"": 200}"
羚山炮台,https://imgs.qunarzz.com/sight/p0/201403/07/1b293bfc03079c5fe5f2b559c0122043.jpg_280x200_34d06bec.jpg,肇庆市,端州区,广东省肇庆市端州区东南郊,-1,-1.0,历来兵家必争之地,https://piao.qunar.com/ticket/detail_3152711681.html?st=a3clM0QlRTclQUIlQUYlRTUlQjclOUUlRTUlOEMlQkElMjZpZCUzRDgzNjQlMjZ0eXBlJTNEMCUyNmlkeCUzRDUxJTI2cXQlM0QlMjZhcGslM0QyJTI2c2MlM0RXV1clMjZ1ciUzRCVFNCVCOCVBRCVFNSVCMSVCMSUyNmxyJTNEJUU0JUI4JUFEJUU1JUIxJUIxJTI2ZnQlM0QlN0IlN0Q%3D#from=mpl_search_suggest,-1.0,N/A,羚山炮台在端州区东南郊，西江羚羊峡入口北岸之羚山。建于1920年，是肇罗阳镇守使林虎在肇庆所筑的七座炮台之一。此炮台控制旱峡陆路及羚山峡水道交通的要冲，形势险要，这里是历来兵家必争之地。炮台主体建筑设在红岗制高点，以主体暗堡（母堡）为中心，在平面为长方形的阵地上按照东南、东北、西南、西北四个方位分设四座较小的暗堡（子堡），炮台暗堡结构与当地其他炮台一样。除了子母堡之间以堑壕连结之外，从东北的干堡起，还有一条跨度极长的堑壕往东延伸，经过按榔盒山、秀才坑、蛇头山直抵文笔（已拆毁的建筑物）处再转南抵羚山寺（已拆毁），并直达羚羊峡人口处止，全长3000米，水陆路在其监视的范围内，工程浩大，攻击与防御相结合，令人叹为观止。,01/01-12/31；全天开放,https://imgs.qunarzz.com/sight/p0/201403/07/1b293bfc03079c5fe5f2b559c0122043.jpg_710x360_e2fd4f18.jpg〇https://qimgs.qunarzz.com/piao_qsight_provider_piao_qsight_web/9263668118436b37.jpg_710x360_7546fc8c.jpg〇https://qimgs.qunarzz.com/piao_qsight_provider_piao_qsight_web/2a2bdd361d021d.jpg_710x360_49f18f67.jpg〇https://qimgs.qunarzz.com/piao_qsight_provider_piao_qsight_web/b49ca77f9dc4d8.jpg_710x360_051296f0.jpg,"{""ret"": true, ""data"": {""tagList"": [{""tagType"": 0, ""tagScore"": 5, ""tagNum"": 0, ""tagName"": ""\u5168\u90e8""}], ""score"": 0.0, ""commentCount"": 0}, ""statusCode"": 200}"
盘古祖殿,https://imgs.qunarzz.com/sight/p93/201211/05/5c6d21fe7b453bf593835fbb.jpg_280x200_5300a7d5.jpg,肇庆市,端州区,肇庆市北岭七星岩旅游渡假区盘古大道,-1,-1.0,全国闻名的古建筑肇庆盘古祖殿，原址在肇庆市北岭山凤尾拖铃北麓的榄坑园岗仔。始建于北宋大中祥符七年（1014年）。元代中叶,https://piao.qunar.com/ticket/detail_1977076065.html?st=a3clM0QlRTclQUIlQUYlRTUlQjclOUUlRTUlOEMlQkElMjZpZCUzRDI0MTEzJTI2dHlwZSUzRDAlMjZpZHglM0Q1MCUyNnF0JTNEJTI2YXBrJTNEMiUyNnNjJTNEV1dXJTI2dXIlM0QlRTQlQjglQUQlRTUlQjElQjElMjZsciUzRCVFNCVCOCVBRCVFNSVCMSVCMSUyNmZ0JTNEJTdCJTdE#from=mpl_search_suggest,-1.0,N/A,"全国闻名的古建筑肇庆盘古祖殿，原址在肇庆市北岭山凤尾拖铃北麓的榄坑园岗仔。始建于北宋大中祥符七年（1014年）。元代中叶泰定元年（1324年），肇庆瑶首黄宝才等出山受朝廷招安,时在北岭北麓榄坑（瑶山之一）的盘瓠祖殿因瑶民逐渐出山与汉人杂居而需要迁出。传说当时迁建选址是因蚂蚁迹图，认为北岭南麓盘古坑口是福地。元统。元年（1333年）建十皇殿（盘古祖殿）于盘古坑口元统三年（1331年及至正十一年1351年）两广汉瑶联合反抗元朝的民族压迫，在广西壮军支援下两度攻克肇庆府城。同呼吸共命运的战斗情谊，促进了两广汉瑶民族的互相尊重与融洽相处，十皇殿（盘古祖殿）便是在这样的历史背景产生的汉瑶两族祖先共祀一室的独特文化遗存。原祖殿外观似明清建筑，坐北向南，前有一大平台，背后是庙宇，东侧有庙祝卧室及厨房，面积约二百多平方米。正门门头写有“盘古祖殿”四个大字，门面两条石柱，将其分成三跨，上有虾公梁，石柱刻有对联，对联中有“开天垂象物，辟地启鸿蒙”等字样，墙面为青砖构缝清水墙，青瓦房屋。殿内有一天井，将殿分为前后两进，前低后高，东西两侧均有厢房及走廊，后进有一神台及神龛，龛上立盘古（元始天尊）像一尊，两旁有汉瑶共奉的十位祖先神：伏羲皇、神龙皇、轩辕皇，颛顼皇、少昊皇、高辛皇、衡山皇、后土皇、白马皇、盘瓠皇。祖殿内香火鼎盛、灵气感人，每逢农历10月16日盘古诞，民间组织的庙会活动，热闹非常。历史上盘古祖殿经过多次重修，现还保留着重修盘古祖殿碑刻两块，一块是清代康熙22年（1683年）的“重修盘古祖殿题名记”碑，质地为宋坑砚石，现存博物馆珍藏。另一块是龙飞岁癸己年的“题名记”碑，质地为宋坑砚石，现存于盘古祖殿，十分珍贵。2003年6月10日民营企业肇庆市盘古生态文化景区旅游有限公司，投入巨资，在风水极佳的盘古风景区内重修盘古祖殿。（祖殿坐北朝南，青龙含珠，后靠北岭山，前有七星奇峰朝拜及玉带环腰的西江河，左面青龙是将军山，右面白虎是文笔峰，并且祖殿正对女卧佛乳峰。必旺丁、旺财、旺贵也）经过数月重修，整座殿宇笼罩于树林之中，虽然颜色简朴，但灵气感人，正所谓“碧玉不图颜色好，只留清气满人间。”祖殿从神像到建筑艺术都达到和谐统一，以独特的古风，崭新的面貌矗立在北岭山麓，为肇庆这座历史文化名城增添了耀眼一笔。",暂无,https://imgs.qunarzz.com/sight/p93/201211/05/5c6d21fe7b453bf593835fbb.jpg_710x360_6ccdf83d.jpg,"{""ret"": true, ""data"": {""tagList"": [{""tagType"": 0, ""tagScore"": 5, ""tagNum"": 0, ""tagName"": ""\u5168\u90e8""}], ""score"": 0.0, ""commentCount"": 0}, ""statusCode"": 200}"
奥威斯酒店,https://imgs.qunarzz.com/sight/p0/1912/1b/1b725b77d0c3ceffa3.img.jpg_280x200_87bd7d4b.jpg,肇庆市,端州区,广东省肇庆市端州区星湖大道西（广播电视中心对面）,-1,-1.0,N/A,https://piao.qunar.com/ticket/detail_2272592953.html?st=a3clM0QlRTclQUIlQUYlRTUlQjclOUUlRTUlOEMlQkElMjZpZCUzRDQ3NjQ4NiUyNnR5cGUlM0QwJTI2aWR4JTNENDklMjZxdCUzRCUyNmFwayUzRDIlMjZzYyUzRFdXVyUyNnVyJTNEJUU0JUI4JUFEJUU1JUIxJUIxJTI2bHIlM0QlRTQlQjglQUQlRTUlQjElQjElMjZmdCUzRCU3QiU3RA%3D%3D#from=mpl_search_suggest,-1.0,N/A,N/A,01/01-12/31,https://imgs.qunarzz.com/sight/p0/1912/1b/1b725b77d0c3ceffa3.img.jpg_710x360_4670103e.jpg,"{""ret"": true, ""data"": {""tagList"": [{""tagType"": 0, ""tagScore"": 5, ""tagNum"": 0, ""tagName"": ""\u5168\u90e8""}], ""score"": 0.0, ""commentCount"": 0}, ""statusCode"": 200}"
包公井,https://imgs.qunarzz.com/sight/p95/201211/09/07d90f09b3249c0193835fbb.jpg_280x200_34f21966.jpg,肇庆市,端州区,广东省肇庆市端州区,-1,-1.0,纪念包公的爱民之举,https://piao.qunar.com/ticket/detail_2226631550.html?st=a3clM0QlRTclQUIlQUYlRTUlQjclOUUlRTUlOEMlQkElMjZpZCUzRDk1NDElMjZ0eXBlJTNEMCUyNmlkeCUzRDQ4JTI2cXQlM0QlMjZhcGslM0QyJTI2c2MlM0RXV1clMjZ1ciUzRCVFNCVCOCVBRCVFNSVCMSVCMSUyNmxyJTNEJUU0JUI4JUFEJUU1JUIxJUIxJTI2ZnQlM0QlN0IlN0Q%3D#from=mpl_search_suggest,-1.0,N/A,"宋代名臣包拯，在肇庆任端州知郡事3年，为官清廉，大办实事，造福端州.当时居民因长年饮用不洁净的水，瘟疫、疾病时有发生.包拯发动群众在城区开挖水井七口.居民感激包公将这七口水井称为包公井.肇庆的水井到了清末民初已数不胜数，基本上所有街巷都有饮用水井.由于包公井年代久远,七口井在何处，却鲜为人知.据元末明初郡人董源《义井记》云：相传郡城包公所凿之井有七：一在府治内.在府治西岳庙旁则第二井也.在县学前街南，俗称义井，则第三井也.其四是分司巷口.其五在广济仓右.其六在北门之左.其七在主帅堂前.明末清初著名学者屈大均《广东新语》云""包孝肃为端州守，尝穿七井.城以内五，城以外二，以象七星.其在西门外者，曰龙顶岗井，居民环抱，清源滑甘.""现保存至今.其一，府治内（丽谯楼元末明初均为肇庆府衙所在地）.该井相传为包公锁妖井，有""包捉陆放马成湖""的传说，可惜解放初已填平了.其二：龙顶岗井（今称大井头），附近原有西岳庙一座.现该井水源充足，可以饮用.井呈圆筒形，以弧形花岗石砌井壁，井栏为石灰石，栏口内壁有近二十条深深的绳痕.看来井壁是清代时重新砌筑的，而石灰石井栏则为原物.其三：在今米仓巷，即原包拯储粮备荒的丰济仓所在地（元代改名广济仓）.该井井栏早毁，井水无人饮用.",暂无,https://imgs.qunarzz.com/sight/p95/201211/09/07d90f09b3249c0193835fbb.jpg_710x360_b9b46b96.jpg〇https://qimgs.qunarzz.com/piao_qsight_provider_piao_qsight_web/c7b73dab14d878.jpg_710x360_e89ca312.jpg〇https://qimgs.qunarzz.com/piao_qsight_provider_piao_qsight_web/ac2e55ba2d2a83.jpg_710x360_f7831085.jpg〇https://qimgs.qunarzz.com/piao_qsight_provider_piao_qsight_web/107a76084359d.jpg_710x360_de4fb48a.jpg〇https://qimgs.qunarzz.com/piao_qsight_provider_piao_qsight_web/00b3445df4d5ff.jpg_710x360_c9f30e41.jpg,"{""ret"": true, ""data"": {""tagList"": [{""tagType"": 0, ""tagScore"": 5, ""tagNum"": 0, ""tagName"": ""\u5168\u90e8""}], ""score"": 0.0, ""commentCount"": 0}, ""statusCode"": 200}"
阆凤岩,https://imgs.qunarzz.com/sight/p0/201302/28/d5594f20ccf69846c8d65eac.jpg_280x200_f2db117f.jpg,肇庆市,端州区,广东省肇庆市端州区,-1,-1.0,阆凤岩旧名石角岩。以道教经籍有“昆仑山三角，其一角干辰之辉，名曰阆凤巅”之说而得名。岩高耸如削，与玉屏岩之西峰对峙，气势,https://piao.qunar.com/ticket/detail_461873637.html?st=a3clM0QlRTclQUIlQUYlRTUlQjclOUUlRTUlOEMlQkElMjZpZCUzRDEwNTQlMjZ0eXBlJTNEMCUyNmlkeCUzRDM1JTI2cXQlM0QlMjZhcGslM0QyJTI2c2MlM0RXV1clMjZ1ciUzRCVFNCVCOCVBRCVFNSVCMSVCMSUyNmxyJTNEJUU0JUI4JUFEJUU1JUIxJUIxJTI2ZnQlM0QlN0IlN0Q%3D#from=mpl_search_suggest,-1.0,N/A,阆凤岩旧名石角岩。以道教经籍有“昆仑山三角，其一角干辰之辉，名曰阆凤巅”之说而得名。岩高耸如削，与玉屏岩之西峰对峙，气势雄伟；循玉屏岩南麓，可拾级而登，经玉皇殿东侧攀登峰顶，极目远眺，东望羚羊峡、鼎湖山，环视七星岩全景。岩东南北三面临水，溶洞特多。顶峰南面有无底洞，洞口直径约2米，深邃黝黑，蜿蜒曲折而下，难穷其底。岩西麓有揽胜牌坊、栖云亭、蓬壶径。径下有流霞岛，又名钟鼓洞，洞中一穴钟乳下垂若帐幔，中有一石，相传是歌仙刘三姐的化身，水满时，洞中滴水叮当作响，如听仙乐。其东有含珠洞，洞内有水，穴名蚊龙窟，穴外有两石下垂如悬磐，叩之铿然有声。,暂无,https://imgs.qunarzz.com/sight/p0/201302/28/d5594f20ccf69846c8d65eac.jpg_710x360_467dee08.jpg,"{""ret"": true, ""data"": {""tagList"": [{""tagType"": 0, ""tagScore"": 5, ""tagNum"": 0, ""tagName"": ""\u5168\u90e8""}], ""score"": 0.0, ""commentCount"": 0}, ""statusCode"": 200}"
纪念五君祠,https://imgs.qunarzz.com/sight/p5/201211/09/664154223482334c93835fbb.jpg_280x200_76dc71b6.jpg,肇庆市,端州区,广东省肇庆市端州区城北路,-1,-1.0,建筑为硬山顶，硬山搁檩式结构，室内两层,https://piao.qunar.com/ticket/detail_2541862252.html?st=a3clM0QlRTclQUIlQUYlRTUlQjclOUUlRTUlOEMlQkElMjZpZCUzRDE0MzkyJTI2dHlwZSUzRDAlMjZpZHglM0Q0NyUyNnF0JTNEJTI2YXBrJTNEMiUyNnNjJTNEV1dXJTI2dXIlM0QlRTQlQjglQUQlRTUlQjElQjElMjZsciUzRCVFNCVCOCVBRCVFNSVCMSVCMSUyNmZ0JTNEJTdCJTdE#from=mpl_search_suggest,-1.0,N/A,纪念五君祠在端州区城北路，现端州医院院内。建于1922年，原称三君祠，为纪念1915年肇庆洪水泛滥景福围崩决时大力救灾的邓瑶光、凌福彭、叶兰泉三人。1935年，又将热心当地水利事业的余汉谋、梁祖诰二人列进祠内纪念，遂改名为纪念五君祠。该祠结构与一般的祠堂建筑不同，实属书室结构。建筑为硬山顶，硬山搁檩式结构，室内分两层，铺楼板，中间为厅堂，旁边为居室，中以天井分隔，总面积336平方米。1925年冬至1926年4月，叶挺独立团第三营营部进驻该祠；同年5月，第三营随团离肇出师北伐。此祠在民国时期曾是肇庆景福围董事会的会址，故祠内有水利碑记多通，现墙壁上尚镶嵌有碑记三通。其一是《鱼圩归蛋民资生告示碑》，高1.60米，宽0.80米，楷书，刻于清乾隆八年（1743），碑文规定捞捕鱼花（鱼苗）的鱼步归蛋民经营，详列鱼批名称地点及经营者姓名。其二是《七十二鱼破拨归景福围告示碑》，高0.96米，宽0.62米，楷书，刻于1916年，记述土豪勾结蛋长欺压蛋民，中饱私囊，蛋民难以营生，因此把梅子汛至羚羊峡的七十二鱼神拨归景福围管理。其三是《禁在堤岸建筑店铺告示碑》，高0.96米，宽0.50米，楷书，刻于1916年，碑文规定，为确保景福围的安全，严禁在堤岸要害地方三玛街、塔脚街、来紫坊等处建筑铺屋。1984年公布为肇庆市文物保护单位。,01/01-12/31；全天开放,https://imgs.qunarzz.com/sight/p5/201211/09/664154223482334c93835fbb.jpg_710x360_73da795b.jpg〇https://qimgs.qunarzz.com/piao_qsight_provider_piao_qsight_web/5f511e45487b10.jpg_710x360_c159a2d0.jpg〇https://qimgs.qunarzz.com/piao_qsight_provider_piao_qsight_web/a76a06473b957e.jpg_710x360_72468bd3.jpg,"{""ret"": true, ""data"": {""tagList"": [{""tagType"": 0, ""tagScore"": 5, ""tagNum"": 0, ""tagName"": ""\u5168\u90e8""}], ""score"": 0.0, ""commentCount"": 0}, ""statusCode"": 200}"
元魁塔,https://imgs.qunarzz.com/sight/p0/201403/07/2d13c61549c473cf8459044e3b6a5503.jpg_280x200_dd4d5143.jpg,肇庆市,端州区,广东省肇庆市端州区东堤二路,-1,-1.0,1984年公布为肇庆市文物保护单位,https://piao.qunar.com/ticket/detail_405524777.html?st=a3clM0QlRTclQUIlQUYlRTUlQjclOUUlRTUlOEMlQkElMjZpZCUzRDUwMjQlMjZ0eXBlJTNEMCUyNmlkeCUzRDQ2JTI2cXQlM0QlMjZhcGslM0QyJTI2c2MlM0RXV1clMjZ1ciUzRCVFNCVCOCVBRCVFNSVCMSVCMSUyNmxyJTNEJUU0JUI4JUFEJUU1JUIxJUIxJTI2ZnQlM0QlN0IlN0Q%3D#from=mpl_search_suggest,-1.0,N/A,元魁塔在端州区东堤二路，南临西江。始建于明天启三年（1623），相传力渡头村梁挺芳、梁挺高兄弟同科中学、仕途畅通之时回乡所律，故名“元魁塔”。该塔高27米，平面八角形，外观七层，内为十层，属楼阁式穿壁绕平座砖石塔。塔基用石，塔身砌砖，各层于南北两面辟拱门，塔刹的覆盆与葫芦则是铁铸。该塔的造型，自下而上，每层高度按比例递减，塔檐及千座逐层收缩，塔壁外面，各层八个面仍有前人修塔留下的四个“插杆洞眼”。元魁塔虽然矮小，但玲珑清秀，它不但有明代的建筑特色，而且有唐宋的建筑风格，很有研究价值。此外，它与北岸的崇禧塔，南岸之文明塔和卖峰塔隔江对峙，构成“四塔擎天”的罕有景观，实属难得。,暂不开放,https://imgs.qunarzz.com/sight/p0/201403/07/2d13c61549c473cf8459044e3b6a5503.jpg_710x360_9dd9da5b.jpg〇https://qimgs.qunarzz.com/piao_qsight_provider_piao_qsight_web/a32ae1e1-5fbd-4d69-9475-17e817e3be3c.jpg_710x360_2cb29abd.jpg〇https://qimgs.qunarzz.com/piao_qsight_provider_piao_qsight_web/0288f589699ad40a2dde03bb8c1f2a0d.jpg_710x360_6ccd8f3e.jpg〇https://qimgs.qunarzz.com/piao_qsight_provider_piao_qsight_web/c789e9a711a8ca37.jpg_710x360_77cdac63.jpg〇https://qimgs.qunarzz.com/piao_qsight_provider_piao_qsight_web/1ba98be7f2de1.jpg_710x360_71d99031.jpg〇https://qimgs.qunarzz.com/piao_qsight_provider_piao_qsight_web/f5ca2d47ca307b.jpg_710x360_8a2d8a51.jpg,"{""ret"": true, ""data"": {""tagList"": [{""tagType"": 0, ""tagScore"": 5, ""tagNum"": 0, ""tagName"": ""\u5168\u90e8""}], ""score"": 0.0, ""commentCount"": 0}, ""statusCode"": 200}"
葫芦山,https://imgs.qunarzz.com/sight/p0/1409/25/94a3d09898c120b1798e9a2c6bc6bd3d.jpg_280x200_a289c3ff.jpg,肇庆市,鼎湖区,广东省肇庆市鼎湖区四莲公路分界村路段,5,3.2,为苏州园林式设计，回廊曲折，庭台楼阁,https://piao.qunar.com/ticket/detail_4113912669.html?st=a3clM0QlRTklQkMlOEUlRTYlQjklOTYlRTUlOEMlQkElMjZpZCUzRDE0NzQ2JTI2dHlwZSUzRDAlMjZpZHglM0QxNiUyNnF0JTNEJTI2YXBrJTNEMiUyNnNjJTNEV1dXJTI2dXIlM0QlRTQlQjglQUQlRTUlQjElQjElMjZsciUzRCVFNCVCOCVBRCVFNSVCMSVCMSUyNmZ0JTNEJTdCJTdE#from=mpl_search_suggest,-1.0,N/A,鼎湖山景区有一个新开发的风景点——葫芦山游览区。葫芦山是新近开发的旅游风景区，为苏州园林式设计，回廊曲折，庭台楼阁。葫芦山奇山秀水不绝，渡涧泉浅流涓涓，宛如世外桃源。这里流雾行云经常出没，缠绕山岳，使庙宇楼台变得宛如仙境。慈云寺为鼎湖山的三十六招提之一，始建于明万历年间，迄今400余年，现所见之寺是1997年重建的，建筑面积300O多平方米。整个建筑以岭南建筑特色为主，但又融入了江南的建筑风格。,01/01-12/31；09:00-19:00开园,https://imgs.qunarzz.com/sight/p0/1409/25/94a3d09898c120b1798e9a2c6bc6bd3d.jpg_710x360_1a2ce195.jpg〇https://imgs.qunarzz.com/sight/p0/1409/25/c458690e9a6a8c91421aa3e9d229222d.jpg_710x360_5b1708a9.jpg〇https://imgs.qunarzz.com/sight/p0/1409/25/70d19a709589a9ea08f4221719dc8dc3.jpg_710x360_34ea13cd.jpg〇https://imgs.qunarzz.com/sight/p0/1409/25/ab97b9858120dfcf0f4c2a5c9bfc470c.jpg_710x360_54f78e52.jpg〇https://imgs.qunarzz.com/sight/p0/1409/25/2c2401de0eeddefd6e948898f5e7e2e8.jpg_710x360_3713bb4d.jpg〇https://qimgs.qunarzz.com/piao_qsight_provider_piao_qsight_web/a219be1b66be2b02.jpg_710x360_9aaf49ee.jpg,"{""ret"": true, ""data"": {""tagList"": [{""tagType"": 3, ""tagScore"": 5, ""tagNum"": 1, ""tagName"": ""\u5dee\u8bc4""}, {""tagType"": 2, ""tagScore"": 5, ""tagNum"": 2, ""tagName"": ""\u4e2d\u8bc4""}, {""tagType"": 1, ""tagScore"": 5, ""tagNum"": 2, ""tagName"": ""\u597d\u8bc4""}, {""tagType"": 0, ""tagScore"": 5, ""tagNum"": 5, ""tagName"": ""\u5168\u90e8""}], ""commentList"": [{""author"": ""\u53bb*\u6237"", ""content"": ""\u5927\u95e8\u53e3\u5165\u4e00\u5343\u7c73\u6709\u95f4\u6148\u4e91\u5bfa\uff0c\u6709\u548c\u5c1a\u5ff5\u7ecf\uff0c\u5165\u6765\u4e0d\u7528\u95e8\u7968\uff0c\u53ea\u8981\u9632\u706b\u767b\u8bb0\u4e00\u4e0b\u5c31\u53ef\u4ee5\u4e86"", ""date"": ""2023-02-20"", ""score"": 3, ""commentId"": ""224201154"", ""imgs"": [{""small"": ""https://mp-piao-admincp.qunarzz.com/mp_piao_admin_mp_piao_admin/fusion/20232/a6849b47877e203c37a0f5a14601516c.jpg_120x120_67a88e45.jpg"", ""title"": """", ""big"": ""https://mp-piao-admincp.qunarzz.com/mp_piao_admin_mp_piao_admin/fusion/20232/a6849b47877e203c37a0f5a14601516c.jpg""}, {""small"": ""https://mp-piao-admincp.qunarzz.com/mp_piao_admin_mp_piao_admin/fusion/20232/e6ff7f684de679b941904178f6787d54.jpg_120x120_dd8231db.jpg"", ""title"": """", ""big"": ""https://mp-piao-admincp.qunarzz.com/mp_piao_admin_mp_piao_admin/fusion/20232/e6ff7f684de679b941904178f6787d54.jpg""}, {""small"": ""https://mp-piao-admincp.qunarzz.com/mp_piao_admin_mp_piao_admin/fusion/20232/26aaefdc912d8916cb2cb60d1eb1f78a.jpg_120x120_3a54eb13.jpg"", ""title"": """", ""big"": ""https://mp-piao-admincp.qunarzz.com/mp_piao_admin_mp_piao_admin/fusion/20232/26aaefdc912d8916cb2cb60d1eb1f78a.jpg""}, {""small"": ""https://mp-piao-admincp.qunarzz.com/mp_piao_admin_mp_piao_admin/fusion/20232/c2dead77b112e852af63e74ccacee95b.jpg_120x120_76fea1f8.jpg"", ""title"": """", ""big"": ""https://mp-piao-admincp.qunarzz.com/mp_piao_admin_mp_piao_admin/fusion/20232/c2dead77b112e852af63e74ccacee95b.jpg""}, {""small"": ""https://mp-piao-admincp.qunarzz.com/mp_piao_admin_mp_piao_admin/fusion/20232/b9129984644d40617c08f81a84255f32.jpg_120x120_24bab8d6.jpg"", ""title"": """", ""big"": ""https://mp-piao-admincp.qunarzz.com/mp_piao_admin_mp_piao_admin/fusion/20232/b9129984644d40617c08f81a84255f32.jpg""}, {""small"": ""https://mp-piao-admincp.qunarzz.com/mp_piao_admin_mp_piao_admin/fusion/20232/0bcd2a790447522bebb4e712cff3a44b.jpg_120x120_a7674eb9.jpg"", ""title"": """", ""big"": ""https://mp-piao-admincp.qunarzz.com/mp_piao_admin_mp_piao_admin/fusion/20232/0bcd2a790447522bebb4e712cff3a44b.jpg""}, {""small"": ""https://mp-piao-admincp.qunarzz.com/mp_piao_admin_mp_piao_admin/fusion/20232/05d414d9957f876ebbf90cfd65677c9c.jpg_120x120_89ba24da.jpg"", ""title"": """", ""big"": ""https://mp-piao-admincp.qunarzz.com/mp_piao_admin_mp_piao_admin/fusion/20232/05d414d9957f876ebbf90cfd65677c9c.jpg""}, {""small"": ""https://mp-piao-admincp.qunarzz.com/mp_piao_admin_mp_piao_admin/fusion/20232/7689d785509eb963ef2128ee76a1c7bd.jpg_120x120_d964f2e1.jpg"", ""title"": """", ""big"": ""https://mp-piao-admincp.qunarzz.com/mp_piao_admin_mp_piao_admin/fusion/20232/7689d785509eb963ef2128ee76a1c7bd.jpg""}, {""small"": ""https://mp-piao-admincp.qunarzz.com/mp_piao_admin_mp_piao_admin/fusion/20232/e56ebf26d01a6214b519e09c3c0701f5.jpg_120x120_9031a73f.jpg"", ""title"": """", ""big"": ""https://mp-piao-admincp.qunarzz.com/mp_piao_admin_mp_piao_admin/fusion/20232/e56ebf26d01a6214b519e09c3c0701f5.jpg""}], ""userNickName"": ""\u53bb*\u6237"", ""replyCityName"": """", ""cityName"": ""\u5e7f\u4e1c""}, {""author"": ""\u5929*\u957f"", ""content"": ""\u4e0d\u662f\u5df2\u7ecf\u5173\u95e8\u4e86\u5417\uff0c\u4ec0\u4e48\u65f6\u5019\u53c8\u5f00\u95e8\u4e86\u5417\uff1f"", ""date"": ""2020-09-17"", ""score"": 1, ""commentId"": ""215876976"", ""imgs"": [], ""userNickName"": ""\u5929*\u957f"", ""replyCityName"": """", ""cityName"": """"}, {""author"": ""\u7cbe*\u4fa0"", ""content"": ""\u56e0\u4e0d\u77e5\u53bb\u54ea\u597d\uff0c\u4fbf\u968f\u610f\u9009\u62e9\u5750\u516c\u4ea4\u524d\u5f80\u4ece\u672a\u9020\u8bbf\u7684\u846b\u82a6\u5c71\u98ce\u666f\u533a\uff0c\u9014\u4e2d\u7ecf\u8fc7\u8def\u53e3\u3002\u610f\u5916\u60ca\u559c\u6765\u4e86\uff01\u9876\u7740\u70c8\u65e5\u4e0e\u9177\u70ed\u767b\u4e0a\u6c34\u5e93\u9876\uff0c\u53d1\u73b0\u7adf\u662f\u4e00\u5e45\u76f8\u5f53\u5b81\u9759\u79c0\u4e3d\u7684\u5c71\u6c34\u98ce\u5149\u56fe\uff0c\u5e73\u9759\u78a7\u6f84\u7684\u6e56\u9762\u5012\u6620\u7740\u84dd\u5929\u767d\u4e91\u4e0e\u6811\u6728\u8471\u90c1\u7684\u5c71\u5cf0\uff0c\u5b8c\u6210\u51fa\u4e4e\u610f\u6599\u4e4b\u7f8e\uff0c\u4ee4\u6211\u66f4\u611f\u9707\u64bc\uff0c\u5fc3\u7075\u7684\u6ee1\u8db3\u611f\u66f4\u5f3a\u3002\u56e0\u6e38\u4eba\u6781\u5c11\u3001\u4e07\u7c41\u4ff1\u9759\uff0c\u4eff\u4f5b\u4e00\u5904\u4eba\u95f4\u79d8\u5883\uff0c\u5728\u6b64\u8d4f\u666f\u4e0e\u6c89\u601d\u771f\u662f\u60ec\u610f\u65e0\u6bd4\u3002"", ""date"": ""2016-09-14"", ""score"": 4, ""commentId"": ""128423160"", ""imgs"": [{""small"": ""https://imgs.qunarzz.com/piao/fusion/1609/a3/a219be1b66be2b02.jpg_120x120_0997c98d.jpg"", ""title"": """", ""big"": ""https://imgs.qunarzz.com/piao/fusion/1609/a3/a219be1b66be2b02.jpg""}], ""userNickName"": ""\u7cbe*\u4fa0"", ""replyCityName"": """", ""cityName"": """"}, {""author"": ""W*6"", ""content"": ""\u98ce\u666f\u81ea\u7136\u7f8e\uff0c\u7a7a\u6c14\u6e05\u65b0\uff0c\u73af\u5883\u4f18\u7f8e"", ""date"": ""2016-12-14"", ""score"": 5, ""commentId"": ""136014571"", ""imgs"": [], ""userNickName"": ""W*6"", ""replyCityName"": """", ""cityName"": """"}, {""author"": ""q*6"", ""content"": ""\u4e0d\u9519\uff0c\u98ce\u666f\u4f18\u7f8e\uff0c\u7a7a\u6c14\u4e5f\u4e0d\u9519\uff0c\u6709\u65f6\u95f4\u4e0b\u6b21\u518d\u53bb"", ""date"": ""2015-11-11"", ""score"": 3, ""commentId"": ""90756268"", ""imgs"": [], ""userNickName"": ""q*6"", ""replyCityName"": """", ""cityName"": """"}], ""score"": 3.2, ""commentCount"": 5}, ""statusCode"": 200}"
