景点名称,景点图片,city,county,景点地址,景点参观人数,景点评分,景点短语,景点链接,景点最低价格,景点等级,景点详细信息,景点开放时间,景点图片合集,json
林业科普馆,https://imgs.qunarzz.com/sight/p63/201211/07/a2bc6203c97da9af93835fbb.jpg_280x200_41aa275d.jpg,茂名市,茂南区,广东省茂名市茂南区茂名森林公园内,-1,-1.0,林业科普科普馆建筑面积有2000平方米。科普馆设有3个大型的动物展厅，展出有兽类、鸟类、爬行类、蝴蝶类近百种珍贵动物实物,https://piao.qunar.com/ticket/detail_4237068954.html?st=a3clM0QlRTglOEMlODIlRTUlOEQlOTclRTUlOEMlQkElMjZpZCUzRDIyMTA5JTI2dHlwZSUzRDAlMjZpZHglM0QxNiUyNnF0JTNEJTI2YXBrJTNEMiUyNnNjJTNEV1dXJTI2dXIlM0QlRTQlQjglQUQlRTUlQjElQjElMjZsciUzRCVFNCVCOCVBRCVFNSVCMSVCMSUyNmZ0JTNEJTdCJTdE#from=mpl_search_suggest,-1.0,N/A,林业科普科普馆建筑面积有2000平方米。科普馆设有3个大型的动物展厅，展出有兽类、鸟类、爬行类、蝴蝶类近百种珍贵动物实物标本，还有大量的野生动物的图谱和资料，展品琳琅满目，图文并茂，是广大游客特别是中小学生学习野生动物知识、开展科普教育的不可多得的大课堂。,暂无,https://imgs.qunarzz.com/sight/p63/201211/07/a2bc6203c97da9af93835fbb.jpg_710x360_357a4926.jpg,"{""ret"": true, ""data"": {""tagList"": [{""tagType"": 0, ""tagScore"": 5, ""tagNum"": 0, ""tagName"": ""\u5168\u90e8""}], ""score"": 0.0, ""commentCount"": 0}, ""statusCode"": 200}"
牛魔王亲子乐园,https://qimgs.qunarzz.com/piao_qsight_provider_piao_qsight_web/0102q12000ckkstb76F3F_C_900_504.jpg_280x200_f996b663.jpg,茂名市,高州市,广东省茂名市高州市领创博览城2号楼外广场,2,5.0,N/A,https://piao.qunar.com/ticket/detail_2832318498.html?st=a3clM0QlRTklQUIlOTglRTUlQjclOUUlRTUlQjglODIlMjZpZCUzRDUyMzI4NCUyNnR5cGUlM0QwJTI2aWR4JTNENSUyNnF0JTNEJTI2YXBrJTNEMiUyNnNjJTNEV1dXJTI2dXIlM0QlRTQlQjglQUQlRTUlQjElQjElMjZsciUzRCVFNCVCOCVBRCVFNSVCMSVCMSUyNmZ0JTNEJTdCJTdE#from=mpl_search_suggest,28.0,N/A,N/A,1/1-12/31；周一至周日；09:00-22:00开园,https://qimgs.qunarzz.com/piao_qsight_provider_piao_qsight_web/0102q12000ckkstb76F3F_C_900_504.jpg_710x360_f38b0531.jpg,"{""ret"": true, ""data"": {""tagList"": [{""tagType"": 1, ""tagScore"": 5, ""tagNum"": 2, ""tagName"": ""\u597d\u8bc4""}, {""tagType"": 0, ""tagScore"": 5, ""tagNum"": 2, ""tagName"": ""\u5168\u90e8""}], ""commentList"": [{""author"": ""\u53bb*\u6237"", ""content"": ""\u7528\u6237\u672a\u70b9\u8bc4\uff0c\u7cfb\u7edf\u9ed8\u8ba4\u597d\u8bc4\u3002"", ""date"": ""2024-03-17"", ""score"": 5, ""commentId"": ""232402186"", ""imgs"": [], ""userNickName"": ""\u53bb*\u6237"", ""replyCityName"": """", ""cityName"": """"}, {""author"": ""\u56db*\u5bb6"", ""content"": ""\u7528\u6237\u672a\u70b9\u8bc4\uff0c\u7cfb\u7edf\u9ed8\u8ba4\u597d\u8bc4\u3002"", ""date"": ""2024-01-31"", ""score"": 5, ""commentId"": ""231255233"", ""imgs"": [], ""userNickName"": ""\u56db*\u5bb6"", ""replyCityName"": """", ""cityName"": """"}], ""score"": 5.0, ""commentCount"": 2}, ""statusCode"": 200}"
粤龙山风景区,https://qimgs.qunarzz.com/piao_qsight_provider_piao_qsight_web/0100u120008aqc9suE970_C_900_504.jpg_280x200_7b0043f4.jpg,茂名市,高州市,广东省茂名市高州市山尾官坑村,301,5.0,尽得山乡水国之乐,https://piao.qunar.com/ticket/detail_1700349497.html?st=a3clM0QlRTklQUIlOTglRTUlQjclOUUlRTUlQjglODIlMjZpZCUzRDUxMDU5NCUyNnR5cGUlM0QwJTI2aWR4JTNEMiUyNnF0JTNEJTI2YXBrJTNEMiUyNnNjJTNEV1dXJTI2dXIlM0QlRTQlQjglQUQlRTUlQjElQjElMjZsciUzRCVFNCVCOCVBRCVFNSVCMSVCMSUyNmZ0JTNEJTdCJTdE#from=mpl_search_suggest,29.9,3A景区,"粤龙山风景区：省级重点旅游风景区，国家AAA级生态旅游景区，风景区位于茂名市高州市山美街道官杨村,地理位置优越，粤龙山投资项目占地面积约2640000平方米，建筑占地面积约60000平方米，是茂名市重点建设项目。有独特的自然环境优势，东有谢牛岭山脉作靠山，西有东部干渠水源，是个天然的生态风景区，距离高州市仅有5KM。主要建设内容：以生态开发为宗旨的综合型旅游区，包括吃、住、行、游、娱、购，全方面开发相关旅游项目。景区主要建设有：十公里登山路、环湖路、农耕科普区、亲子乐园、水上乐园、特色水上婚纱摄影、世界特色景点浓缩群、高凉文化(高凉寨、俚族村、冼太家园、高凉彩石馆等)、农特产一条街、特色小食街、不夜天啤酒广场、大型宴席广场、酒楼、旅业、房车露营基地等。风景区内森林茂盛，绿草连绵，百亩杜鹃花美不胜收，溪流众多，奇石连堆，形成了观景湖、荷花湖等自然景观，粤龙山里的谢牛岭山脉泉眼众多，溪流成河，形成了湖光山色的世界。观景湖大堤西侧，建有环湖路路基及亲水栈道，以游龙戏水造型设计为一水上舞台，直径2米，长近千米，占水面积近2千平方米。以水下通道连于岸堤看台，远看似巨型蛟龙于水上，天中明月，净似杨柳楼头、携酒船上，解缆平湖，尽得山乡水国之乐，南国风情，于斯尽也。",1/1-12/31；周一至周日；08:30-18:30开园,https://qimgs.qunarzz.com/piao_qsight_provider_piao_qsight_web/0100u120008aqc9suE970_C_900_504.jpg_710x360_0c0ac2e7.jpg〇https://qimgs.qunarzz.com/piao_qsight_provider_piao_qsight_web/01044120008aqc0x271BB_C_900_504_Q90_Mtg_7.jpg_710x360_5e959c19.jpg〇https://qimgs.qunarzz.com/piao_qsight_provider_piao_qsight_web/01046120008aqc3v1C540_C_900_504_Q90_Mtg_7.jpg_710x360_d1f3d95a.jpg〇https://qimgs.qunarzz.com/piao_qsight_provider_piao_qsight_web/01033120008aqc7lhF004_C_900_504_Q90_Mtg_7.jpg_710x360_f11053f6.jpg〇https://qimgs.qunarzz.com/piao_qsight_provider_piao_qsight_web/0100q120008aqc476B951_C_900_504_Q90_Mtg_7.jpg_710x360_f8fc348e.jpg〇https://qimgs.qunarzz.com/piao_qsight_provider_piao_qsight_web/0103j120008aqc53c8688_C_900_504_Q90_Mtg_7.jpg_710x360_3b624be2.jpg〇https://qimgs.qunarzz.com/piao_qsight_provider_piao_qsight_web/0100u120008aqc9suE970_C_900_504_Q90_Mtg_7.jpg_710x360_39d6b808.jpg,"{""ret"": true, ""data"": {""tagList"": [{""tagType"": 4, ""tagScore"": 5, ""tagNum"": 1, ""tagName"": ""\u53d6\u7968\u65b9\u4fbf""}, {""tagType"": 2, ""tagScore"": 5, ""tagNum"": 1, ""tagName"": ""\u4e2d\u8bc4""}, {""tagType"": 1, ""tagScore"": 5, ""tagNum"": 300, ""tagName"": ""\u597d\u8bc4""}, {""tagType"": 0, ""tagScore"": 5, ""tagNum"": 301, ""tagName"": ""\u5168\u90e8""}], ""commentList"": [{""author"": ""\u53bb*\u6237"", ""content"": ""\u7528\u6237\u672a\u70b9\u8bc4\uff0c\u7cfb\u7edf\u9ed8\u8ba4\u597d\u8bc4\u3002"", ""date"": ""2024-12-25"", ""score"": 5, ""commentId"": ""239376971"", ""imgs"": [], ""userNickName"": ""\u53bb*\u6237"", ""replyCityName"": """", ""cityName"": """"}, {""author"": ""\u53bb*\u6237"", ""content"": ""\u7528\u6237\u672a\u70b9\u8bc4\uff0c\u7cfb\u7edf\u9ed8\u8ba4\u597d\u8bc4\u3002"", ""date"": ""2024-12-25"", ""score"": 5, ""commentId"": ""239375640"", ""imgs"": [], ""userNickName"": ""\u53bb*\u6237"", ""replyCityName"": """", ""cityName"": """"}, {""author"": ""q*\u6237"", ""content"": ""\u7528\u6237\u672a\u70b9\u8bc4\uff0c\u7cfb\u7edf\u9ed8\u8ba4\u597d\u8bc4\u3002"", ""date"": ""2024-12-25"", ""score"": 5, ""commentId"": ""239374464"", ""imgs"": [], ""userNickName"": ""q*\u6237"", ""replyCityName"": """", ""cityName"": """"}, {""author"": ""q*6"", ""content"": ""\u7528\u6237\u672a\u70b9\u8bc4\uff0c\u7cfb\u7edf\u9ed8\u8ba4\u597d\u8bc4\u3002"", ""date"": ""2024-12-25"", ""score"": 5, ""commentId"": ""239373879"", ""imgs"": [], ""userNickName"": ""q*6"", ""replyCityName"": """", ""cityName"": """"}, {""author"": ""y*0"", ""content"": ""\u7528\u6237\u672a\u70b9\u8bc4\uff0c\u7cfb\u7edf\u9ed8\u8ba4\u597d\u8bc4\u3002"", ""date"": ""2024-12-24"", ""score"": 5, ""commentId"": ""239348746"", ""imgs"": [], ""userNickName"": ""y*0"", ""replyCityName"": """", ""cityName"": """"}, {""author"": ""\u53bb*\u6237"", ""content"": ""\u7528\u6237\u672a\u70b9\u8bc4\uff0c\u7cfb\u7edf\u9ed8\u8ba4\u597d\u8bc4\u3002"", ""date"": ""2024-12-24"", ""score"": 5, ""commentId"": ""239347307"", ""imgs"": [], ""userNickName"": ""\u53bb*\u6237"", ""replyCityName"": """", ""cityName"": """"}, {""author"": ""\u53bb*\u6237"", ""content"": ""\u7528\u6237\u672a\u70b9\u8bc4\uff0c\u7cfb\u7edf\u9ed8\u8ba4\u597d\u8bc4\u3002"", ""date"": ""2024-12-23"", ""score"": 5, ""commentId"": ""239331782"", ""imgs"": [], ""userNickName"": ""\u53bb*\u6237"", ""replyCityName"": """", ""cityName"": """"}, {""author"": ""w*4"", ""content"": ""\u7528\u6237\u672a\u70b9\u8bc4\uff0c\u7cfb\u7edf\u9ed8\u8ba4\u597d\u8bc4\u3002"", ""date"": ""2024-12-17"", ""score"": 5, ""commentId"": ""239265443"", ""imgs"": [], ""userNickName"": ""w*4"", ""replyCityName"": """", ""cityName"": """"}, {""author"": ""s*3"", ""content"": ""\u7528\u6237\u672a\u70b9\u8bc4\uff0c\u7cfb\u7edf\u9ed8\u8ba4\u597d\u8bc4\u3002"", ""date"": ""2024-12-16"", ""score"": 5, ""commentId"": ""239248240"", ""imgs"": [], ""userNickName"": ""s*3"", ""replyCityName"": """", ""cityName"": """"}, {""author"": ""w*5"", ""content"": ""\u7528\u6237\u672a\u70b9\u8bc4\uff0c\u7cfb\u7edf\u9ed8\u8ba4\u597d\u8bc4\u3002"", ""date"": ""2024-12-12"", ""score"": 5, ""commentId"": ""239204305"", ""imgs"": [], ""userNickName"": ""w*5"", ""replyCityName"": """", ""cityName"": """"}], ""score"": 5.0, ""commentCount"": 301}, ""statusCode"": 200}"
高州仙人洞景区,https://qimgs.qunarzz.com/piao_qsight_provider_piao_qsight_web/01017120009bdgjft26B0_C_900_504.jpg_280x200_ad53da0f.jpg,茂名市,高州市,广东省茂名市高州市深镇镇仙人洞村,2319,4.9,天然瀑布群气势磅礴,https://piao.qunar.com/ticket/detail_917104371.html?st=a3clM0QlRTklQUIlOTglRTUlQjclOUUlRTUlQjglODIlMjZpZCUzRDQ5OTElMjZ0eXBlJTNEMCUyNmlkeCUzRDElMjZxdCUzRCUyNmFwayUzRDIlMjZzYyUzRFdXVyUyNnVyJTNEJUU0JUI4JUFEJUU1JUIxJUIxJTI2bHIlM0QlRTQlQjglQUQlRTUlQjElQjElMjZmdCUzRCU3QiU3RA%3D%3D#from=mpl_search_suggest,50.0,4A景区,仙人洞自然风景旅游区是一个森林瀑布集中分布区。该区除了分布着大片的杜鹃林、千亩竹海、原始森林和天然瀑布群，还有珍稀植物禾雀花。这里的杜鹃林全是野生的，花开时节，漫山红遍，十分壮丽；千亩竹林一片翠绿，清风摇,1/1-12/31；周一至周日；08:00-17:00开园,https://qimgs.qunarzz.com/piao_qsight_provider_piao_qsight_web/01017120009bdgjft26B0_C_900_504.jpg_710x360_457d8ce4.jpg〇https://qimgs.qunarzz.com/piao_qsight_provider_piao_qsight_web/0106l120009bdgeld461C_C_900_504_Q90_Mtg_7.jpg_710x360_9709f4c1.jpg〇https://qimgs.qunarzz.com/piao_qsight_provider_piao_qsight_web/0102q120009bdfx3q5A17_C_900_504_Q90_Mtg_7.jpg_710x360_077f514c.jpg〇https://qimgs.qunarzz.com/piao_qsight_provider_piao_qsight_web/0106f120009bdgklp60A3_C_900_504_Q90_Mtg_7.jpg_710x360_c05df722.jpg〇https://qimgs.qunarzz.com/piao_qsight_provider_piao_qsight_web/01057120009bdghl225D2_C_900_504_Q90_Mtg_7.jpg_710x360_f52afb33.jpg〇https://qimgs.qunarzz.com/piao_qsight_provider_piao_qsight_web/0103q120009bdfz6xDE0A_C_900_504_Q90_Mtg_7.jpg_710x360_82a4b417.jpg〇https://qimgs.qunarzz.com/piao_qsight_provider_piao_qsight_web/01056120009bdghku8CC9_C_900_504_Q90_Mtg_7.jpg_710x360_a4c4fe59.jpg〇https://qimgs.qunarzz.com/piao_qsight_provider_piao_qsight_web/01066120009bdgcf142D0_C_900_504_Q90_Mtg_7.jpg_710x360_20adf8b3.jpg〇https://qimgs.qunarzz.com/piao_qsight_provider_piao_qsight_web/0100v120009bdga3k67FC_C_900_504_Q90_Mtg_7.jpg_710x360_32702ccf.jpg〇https://qimgs.qunarzz.com/piao_qsight_provider_piao_qsight_web/0106a120009bdg8on0FDC_C_900_504_Q90_Mtg_7.jpg_710x360_6a1bbdca.jpg〇https://qimgs.qunarzz.com/piao_qsight_provider_piao_qsight_web/01017120009bdgjft26B0_C_900_504_Q90_Mtg_7.jpg_710x360_6c435b8c.jpg〇https://imgs.qunarzz.com/sight/p0/1810/31/3144e463b9d0b4a7a3.img.jpg_710x360_9693680c.jpg〇https://imgs.qunarzz.com/sight/p0/1810/f1/f1617b86583d4c13a3.img.jpg_710x360_62f86448.jpg〇https://imgs.qunarzz.com/sight/p0/1810/a7/a73d0510fab9d583a3.img.jpg_710x360_2ad64d80.jpg〇https://imgs.qunarzz.com/sight/p0/1810/f3/f389b00e9f015678a3.img.jpg_710x360_0e440dc6.jpg〇https://imgs.qunarzz.com/sight/p0/1810/6d/6df36c1c427c820da3.img.jpg_710x360_ac660a29.jpg〇https://imgs.qunarzz.com/sight/p0/1810/a1/a10b812743ac518ba3.img.jpg_710x360_bfb31815.jpg〇https://imgs.qunarzz.com/sight/p0/1810/39/39eaa1d000c27a1aa3.img.jpg_710x360_7844e6ea.jpg〇https://qimgs.qunarzz.com/piao_qsight_provider_piao_qsight_web/1851db0e533a348207cce794f58ddca4.jpg_710x360_16385503.jpg〇https://qimgs.qunarzz.com/piao_qsight_provider_piao_qsight_web/6661a4b26168ab28aa13f6ef261c2871.jpg_710x360_e7c80a44.jpg〇https://qimgs.qunarzz.com/piao_qsight_provider_piao_qsight_web/87bc1ec1687b5c87aa29367a08c4424e.jpg_710x360_a8148232.jpg〇https://qimgs.qunarzz.com/piao_qsight_provider_piao_qsight_web/64dc521804dad28556422d2334b7ccfa.jpg_710x360_eba9df95.jpg〇https://qimgs.qunarzz.com/piao_qsight_provider_piao_qsight_web/ef77d5b50bb1ee88ce32559d870c3c77.jpg_710x360_fefc10f5.jpg〇https://qimgs.qunarzz.com/piao_qsight_provider_piao_qsight_web/77cfa0808321e84e3ccffaeb5d19cb37.jpg_710x360_b8ca116d.jpg〇https://qimgs.qunarzz.com/piao_qsight_provider_piao_qsight_web/3797ac94a109d2fe6595a4c409615c5d.jpg_710x360_6a02575d.jpg〇https://qimgs.qunarzz.com/piao_qsight_provider_piao_qsight_web/1562181612719100l16000000ytmdlFA10_D_640_10000.jpg_710x360_a858f78f.jpg〇https://qimgs.qunarzz.com/piao_qsight_provider_piao_qsight_web/1562181612585100k16000000yxmxvEF1D_D_640_10000.jpg_710x360_56f7978d.jpg〇https://qimgs.qunarzz.com/piao_qsight_provider_piao_qsight_web/1562181612277100d16000000yrz4fA249_D_640_10000.jpg_710x360_75236a13.jpg〇https://qimgs.qunarzz.com/piao_qsight_provider_piao_qsight_web/1562039304421100v15000000z1txkBF73_D_640_10000.jpg_710x360_faa60135.jpg〇https://qimgs.qunarzz.com/piao_qsight_provider_piao_qsight_web/47fa5b4ac1594e02.jpg_710x360_45159f70.jpg〇https://qimgs.qunarzz.com/piao_qsight_provider_piao_qsight_web/200191147a794502.jpg_710x360_1efe07ba.jpg〇https://qimgs.qunarzz.com/piao_qsight_provider_piao_qsight_web/1ff858e1fac07302.jpg_710x360_136d3357.jpg〇https://qimgs.qunarzz.com/piao_qsight_provider_piao_qsight_web/cdeb5d7a7b51ce02.jpg_710x360_a764b00b.jpg〇https://qimgs.qunarzz.com/piao_qsight_provider_piao_qsight_web/df193ae891fb3102.jpg_710x360_fad56670.jpg〇https://qimgs.qunarzz.com/piao_qsight_provider_piao_qsight_web/fd0faac8cbddce02.jpg_710x360_f7aa0bb5.jpg〇https://qimgs.qunarzz.com/piao_qsight_provider_piao_qsight_web/c386a1991f812202.jpg_710x360_0509fd6a.jpg〇https://qimgs.qunarzz.com/piao_qsight_provider_piao_qsight_web/a624ea81325e1f02.jpg_710x360_a15c8b4a.jpg〇https://qimgs.qunarzz.com/piao_qsight_provider_piao_qsight_web/893ac0b02d9fc602.jpg_710x360_0a88cc4f.jpg,"{""ret"": true, ""data"": {""tagList"": [{""tagType"": 32, ""tagScore"": 5, ""tagNum"": 7, ""tagName"": ""\u670d\u52a1\u597d""}, {""tagType"": 16, ""tagScore"": 5, ""tagNum"": 6, ""tagName"": ""\u9760\u8c31""}, {""tagType"": 8, ""tagScore"": 5, ""tagNum"": 5, ""tagName"": ""\u4fbf\u5b9c""}, {""tagType"": 4, ""tagScore"": 5, ""tagNum"": 11, ""tagName"": ""\u53d6\u7968\u65b9\u4fbf""}, {""tagType"": 3, ""tagScore"": 5, ""tagNum"": 11, ""tagName"": ""\u5dee\u8bc4""}, {""tagType"": 2, ""tagScore"": 5, ""tagNum"": 7, ""tagName"": ""\u4e2d\u8bc4""}, {""tagType"": 1, ""tagScore"": 5, ""tagNum"": 2277, ""tagName"": ""\u597d\u8bc4""}, {""tagType"": 0, ""tagScore"": 5, ""tagNum"": 2319, ""tagName"": ""\u5168\u90e8""}], ""commentList"": [{""author"": ""\u53bb*\u6237"", ""content"": ""\u7528\u6237\u672a\u70b9\u8bc4\uff0c\u7cfb\u7edf\u9ed8\u8ba4\u597d\u8bc4\u3002"", ""date"": ""2024-12-27"", ""score"": 5, ""commentId"": ""239389591"", ""imgs"": [], ""userNickName"": ""\u53bb*\u6237"", ""replyCityName"": """", ""cityName"": """"}, {""author"": ""\u53bb*\u6237"", ""content"": ""\u7528\u6237\u672a\u70b9\u8bc4\uff0c\u7cfb\u7edf\u9ed8\u8ba4\u597d\u8bc4\u3002"", ""date"": ""2024-12-24"", ""score"": 5, ""commentId"": ""239355026"", ""imgs"": [], ""userNickName"": ""\u53bb*\u6237"", ""replyCityName"": """", ""cityName"": """"}, {""author"": ""\u53bb*\u6237"", ""content"": ""\u7528\u6237\u672a\u70b9\u8bc4\uff0c\u7cfb\u7edf\u9ed8\u8ba4\u597d\u8bc4\u3002"", ""date"": ""2024-12-17"", ""score"": 5, ""commentId"": ""239263708"", ""imgs"": [], ""userNickName"": ""\u53bb*\u6237"", ""replyCityName"": """", ""cityName"": """"}, {""author"": ""\u53bb*\u6237"", ""content"": ""\u7528\u6237\u672a\u70b9\u8bc4\uff0c\u7cfb\u7edf\u9ed8\u8ba4\u597d\u8bc4\u3002"", ""date"": ""2024-12-17"", ""score"": 5, ""commentId"": ""239261933"", ""imgs"": [], ""userNickName"": ""\u53bb*\u6237"", ""replyCityName"": """", ""cityName"": """"}, {""author"": ""\u53bb*\u6237"", ""content"": ""\u7528\u6237\u672a\u70b9\u8bc4\uff0c\u7cfb\u7edf\u9ed8\u8ba4\u597d\u8bc4\u3002"", ""date"": ""2024-12-17"", ""score"": 5, ""commentId"": ""239258921"", ""imgs"": [], ""userNickName"": ""\u53bb*\u6237"", ""replyCityName"": """", ""cityName"": """"}, {""author"": ""\u9c7c*\u9c7c"", ""content"": ""\u7528\u6237\u672a\u70b9\u8bc4\uff0c\u7cfb\u7edf\u9ed8\u8ba4\u597d\u8bc4\u3002"", ""date"": ""2024-12-14"", ""score"": 5, ""commentId"": ""239221939"", ""imgs"": [], ""userNickName"": ""\u9c7c*\u9c7c"", ""replyCityName"": """", ""cityName"": """"}, {""author"": ""\u53bb*\u6237"", ""content"": ""\u7528\u6237\u672a\u70b9\u8bc4\uff0c\u7cfb\u7edf\u9ed8\u8ba4\u597d\u8bc4\u3002"", ""date"": ""2024-12-14"", ""score"": 5, ""commentId"": ""239220519"", ""imgs"": [], ""userNickName"": ""\u53bb*\u6237"", ""replyCityName"": """", ""cityName"": """"}, {""author"": ""\u53bb*\u6237"", ""content"": ""\u7528\u6237\u672a\u70b9\u8bc4\uff0c\u7cfb\u7edf\u9ed8\u8ba4\u597d\u8bc4\u3002"", ""date"": ""2024-12-10"", ""score"": 5, ""commentId"": ""239170330"", ""imgs"": [], ""userNickName"": ""\u53bb*\u6237"", ""replyCityName"": """", ""cityName"": """"}, {""author"": ""\u53bb*\u6237"", ""content"": ""\u7528\u6237\u672a\u70b9\u8bc4\uff0c\u7cfb\u7edf\u9ed8\u8ba4\u597d\u8bc4\u3002"", ""date"": ""2024-12-09"", ""score"": 5, ""commentId"": ""239146781"", ""imgs"": [], ""userNickName"": ""\u53bb*\u6237"", ""replyCityName"": """", ""cityName"": """"}, {""author"": ""h*6"", ""content"": ""\u7528\u6237\u672a\u70b9\u8bc4\uff0c\u7cfb\u7edf\u9ed8\u8ba4\u597d\u8bc4\u3002"", ""date"": ""2024-12-07"", ""score"": 5, ""commentId"": ""239129577"", ""imgs"": [], ""userNickName"": ""h*6"", ""replyCityName"": """", ""cityName"": """"}], ""score"": 4.9, ""commentCount"": 2319}, ""statusCode"": 200}"
长坡旧城遗址,https://imgs.qunarzz.com/sight/p2/201211/07/7059d4b56f48cb9793835fbb.jpg_280x200_7452bcb5.jpg,茂名市,高州市,高州市区向长坡镇方向约20公里,-1,-1.0,"“旧城遗址”是茂名市仅有的二个省级重点文物保护单位之一(另一个是高州“宝光塔"")，也是我省较古老的，具有1400多年的历",https://piao.qunar.com/ticket/detail_852089743.html?st=a3clM0QlRTklQUIlOTglRTUlQjclOUUlRTUlQjglODIlMjZpZCUzRDExOTgzJTI2dHlwZSUzRDAlMjZpZHglM0QxNSUyNnF0JTNEJTI2YXBrJTNEMiUyNnNjJTNEV1dXJTI2dXIlM0QlRTQlQjglQUQlRTUlQjElQjElMjZsciUzRCVFNCVCOCVBRCVFNSVCMSVCMSUyNmZ0JTNEJTdCJTdE#from=mpl_search_suggest,-1.0,N/A,"“旧城遗址”是茂名市仅有的二个省级重点文物保护单位之一(另一个是高州“宝光塔"")，也是我省较古老的，具有1400多年的历史。旧城据府、县志记载：旧城原为电白郡、县治所。南朝萧梁时代(公元503―557)置电自郡，建郡城于此。随废郡为县，此城即为电白县城，又曾是高州路的治所。元大德8年前，旧城又曾是州、路治所，后高州路改高州府，高州府管辖茂名、信宜、电白、化州、廉江、吴川六县，府城仍在长坡旧城。明朝正统年间，旧城曾毁于贼寇，公元1468年，电白县治所才迁至今电白电城，高州府治所亦迁茂名(今高州镇)。并划旧电白城附廊和北部的郎韶、地安、怀德等六乡属茂名，从此，这座城也属茂名县，称电白堡，百姓则叫它“旧城”。从梁至明，旧城作为州、郡、府、县近一千年。旧城由于长期是州、府、县治的所在地，是当时的政治、经济、文化中心，所以现存古迹众多。中有陈仓米，年代久远；东有三官山，龙脉盘旋；西有鳌鱼吸水，鉴水如练；北有宝鸭穿莲、石狗衔烟；南有石井生莲，大座通天。现在城址尤存，古城结构依稀可辨，城墙有内外两重，呈“回""字形，东、西、南、北四个城门的遗迹还很清楚。内、外城墙之间有东、南、西、北四条城壕(即护城河)。在城周各处还保存有许多烧砖筑城的砖窑(称古窑群)。",暂无,https://imgs.qunarzz.com/sight/p2/201211/07/7059d4b56f48cb9793835fbb.jpg_710x360_9e14d1b2.jpg,"{""ret"": true, ""data"": {""tagList"": [{""tagType"": 0, ""tagScore"": 5, ""tagNum"": 0, ""tagName"": ""\u5168\u90e8""}], ""score"": 0.0, ""commentCount"": 0}, ""statusCode"": 200}"
根子荔枝文化旅游区,https://imgs.qunarzz.com/sight/p1/201211/09/212106c60a5cf7e493835fbb.jpg_280x200_ce39b3e6.jpg,茂名市,高州市,广东省茂名高州市根子荔枝文化旅游区,2,4.5,全国著名荔枝生产基地，俚人风情独特,https://piao.qunar.com/ticket/detail_894301697.html?st=a3clM0QlRTklQUIlOTglRTUlQjclOUUlRTUlQjglODIlMjZpZCUzRDExMzEzJTI2dHlwZSUzRDAlMjZpZHglM0QxMyUyNnF0JTNEJTI2YXBrJTNEMiUyNnNjJTNEV1dXJTI2dXIlM0QlRTQlQjglQUQlRTUlQjElQjElMjZsciUzRCVFNCVCOCVBRCVFNSVCMSVCMSUyNmZ0JTNEJTdCJTdE#from=mpl_search_suggest,-1.0,N/A,根子荔枝文化旅游区毗邻茂名和高州市区”47公里；距茂名火车站25公里，湛江飞机场102公里。广湛高速公路的开通、茂名机场的建设和高州至阳春，高州至玉林省道的拓宽及洛(洛阳)湛(湛江)铁路将在高州穿境而过，可大大地加强高州与广州和珠江三免洲地区的联系，高州至广州不外乎数个小的车程，作为茂名旅游体系重要组成部分的高州荔枝文化旅游区秀丽的田园风光，自然风光，全国著名的荔枝生产基地风貌和独特的俚人风情将吸引众多的游客。,暂无,https://imgs.qunarzz.com/sight/p1/201211/09/212106c60a5cf7e493835fbb.jpg_710x360_0ee5af6b.jpg〇https://qimgs.qunarzz.com/piao_qsight_provider_piao_qsight_web/33dafb4d4fb9e5f7.jpg_710x360_87cb3e71.jpg〇https://qimgs.qunarzz.com/piao_qsight_provider_piao_qsight_web/e53045f4a81469f7.jpg_710x360_898ae0d0.jpg〇https://qimgs.qunarzz.com/piao_qsight_provider_piao_qsight_web/c7b88847c4b10f7.jpg_710x360_7704fd71.jpg〇https://qimgs.qunarzz.com/piao_qsight_provider_piao_qsight_web/1cdad052504019f7.jpg_710x360_beab3c9e.jpg〇https://qimgs.qunarzz.com/piao_qsight_provider_piao_qsight_web/a5315283d339d3f7.jpg_710x360_f8ca7299.jpg〇https://qimgs.qunarzz.com/piao_qsight_provider_piao_qsight_web/9d82ca5ae501baf7.jpg_710x360_d66e9c98.jpg〇https://qimgs.qunarzz.com/piao_qsight_provider_piao_qsight_web/536c74aac661bcf7.jpg_710x360_7ffa1be4.jpg,"{""ret"": true, ""data"": {""tagList"": [{""tagType"": 1, ""tagScore"": 5, ""tagNum"": 2, ""tagName"": ""\u597d\u8bc4""}, {""tagType"": 0, ""tagScore"": 5, ""tagNum"": 2, ""tagName"": ""\u5168\u90e8""}], ""commentList"": [{""author"": ""j*6"", ""content"": ""\u98ce\u666f\u79c0\u4e3d\uff0c\u73af\u5883\u4f18\u7f8e\uff0c\u8354\u679d\u597d\u751c"", ""date"": ""2017-06-05"", ""score"": 5, ""commentId"": ""200963763"", ""imgs"": [], ""userNickName"": ""j*6"", ""replyCityName"": """", ""cityName"": """"}, {""author"": ""z*1"", ""content"": ""\u6839\u5b50\u9547\u98ce\u666f\u7f8e\u4e3d\uff0c\u7ea2\u8354\u9601\uff0c\u8d21\u56ed\u8354\u679d\u53e4\u6751\u535a\u7269\u9986"", ""date"": ""2016-01-09"", ""score"": 4, ""commentId"": ""101569257"", ""imgs"": [{""small"": ""https://imgs.qunarzz.com/piao/fusion/1601/b7/9d82ca5ae501baf7.jpg_120x120_b004f6b6.jpg"", ""title"": """", ""big"": ""https://imgs.qunarzz.com/piao/fusion/1601/b7/9d82ca5ae501baf7.jpg""}, {""small"": ""https://imgs.qunarzz.com/piao/fusion/1601/65/a5315283d339d3f7.jpg_120x120_58345951.jpg"", ""title"": """", ""big"": ""https://imgs.qunarzz.com/piao/fusion/1601/65/a5315283d339d3f7.jpg""}, {""small"": ""https://imgs.qunarzz.com/piao/fusion/1601/e1/1cdad052504019f7.jpg_120x120_c171a5e2.jpg"", ""title"": """", ""big"": ""https://imgs.qunarzz.com/piao/fusion/1601/e1/1cdad052504019f7.jpg""}, {""small"": ""https://imgs.qunarzz.com/piao/fusion/1601/16/c7b88847c4b10f7.jpg_120x120_2b2b5e11.jpg"", ""title"": """", ""big"": ""https://imgs.qunarzz.com/piao/fusion/1601/16/c7b88847c4b10f7.jpg""}, {""small"": ""https://imgs.qunarzz.com/piao/fusion/1601/69/e53045f4a81469f7.jpg_120x120_63a17160.jpg"", ""title"": """", ""big"": ""https://imgs.qunarzz.com/piao/fusion/1601/69/e53045f4a81469f7.jpg""}, {""small"": ""https://imgs.qunarzz.com/piao/fusion/1601/77/33dafb4d4fb9e5f7.jpg_120x120_01035248.jpg"", ""title"": """", ""big"": ""https://imgs.qunarzz.com/piao/fusion/1601/77/33dafb4d4fb9e5f7.jpg""}, {""small"": ""https://imgs.qunarzz.com/piao/fusion/1601/71/536c74aac661bcf7.jpg_120x120_7f5d8280.jpg"", ""title"": """", ""big"": ""https://imgs.qunarzz.com/piao/fusion/1601/71/536c74aac661bcf7.jpg""}], ""userNickName"": ""z*1"", ""replyCityName"": """", ""cityName"": """"}], ""score"": 4.5, ""commentCount"": 2}, ""statusCode"": 200}"
乐天星光温泉美食水汇,https://mp-piao-admincp.qunarzz.com/mp_piao_admin_mp_piao_admin/admin/20217/30d54820c6727b9958d585769ab3c5c2.png_280x200_7ef61cce.png,茂名市,高州市,广东省茂名市高州市乐天大道1号,1,5.0,N/A,https://piao.qunar.com/ticket/detail_1279968233.html?st=a3clM0QlRTklQUIlOTglRTUlQjclOUUlRTUlQjglODIlMjZpZCUzRDUxNTkwNSUyNnR5cGUlM0QwJTI2aWR4JTNEMTElMjZxdCUzRCUyNmFwayUzRDIlMjZzYyUzRFdXVyUyNnVyJTNEJUU0JUI4JUFEJUU1JUIxJUIxJTI2bHIlM0QlRTQlQjglQUQlRTUlQjElQjElMjZmdCUzRCU3QiU3RA%3D%3D#from=mpl_search_suggest,-1.0,N/A,N/A,08:00-23:00,https://mp-piao-admincp.qunarzz.com/mp_piao_admin_mp_piao_admin/admin/20217/30d54820c6727b9958d585769ab3c5c2.png_710x360_c2302e12.png,"{""ret"": true, ""data"": {""tagList"": [{""tagType"": 1, ""tagScore"": 5, ""tagNum"": 1, ""tagName"": ""\u597d\u8bc4""}, {""tagType"": 0, ""tagScore"": 5, ""tagNum"": 1, ""tagName"": ""\u5168\u90e8""}], ""commentList"": [{""author"": ""\u53bb*\u6237"", ""content"": ""\u7528\u6237\u672a\u70b9\u8bc4\uff0c\u7cfb\u7edf\u9ed8\u8ba4\u597d\u8bc4\u3002"", ""date"": ""2023-03-12"", ""score"": 5, ""commentId"": ""224726678"", ""imgs"": [], ""userNickName"": ""\u53bb*\u6237"", ""replyCityName"": """", ""cityName"": """"}], ""score"": 5.0, ""commentCount"": 1}, ""statusCode"": 200}"
广垦(茂名)国家热带农业公园,https://qimgs.qunarzz.com/piao_qsight_provider_piao_qsight_web/0101z12000f6snudc120C_C_900_504.jpg_280x200_f662b27e.jpg,茂名市,化州市,茂名市化州市石湾街道公园路1号,631,4.9,山水相映的农业生态园,https://piao.qunar.com/ticket/detail_273489325.html?st=a3clM0QlRTUlOEMlOTYlRTUlQjclOUUlRTUlQjglODIlMjZpZCUzRDQ2MjQ5NyUyNnR5cGUlM0QwJTI2aWR4JTNEMSUyNnF0JTNEJTI2YXBrJTNEMiUyNnNjJTNEV1dXJTI2dXIlM0QlRTQlQjglQUQlRTUlQjElQjElMjZsciUzRCVFNCVCOCVBRCVFNSVCMSVCMSUyNmZ0JTNEJTdCJTdE#from=mpl_search_suggest,23.5,4A景区,广垦（茂名）国家热带农业公园作为广东农垦生态旅游发展的靓丽名片，将为广大游客书写生态旅游的迷人风采，展现广东农垦热带现代农业崭新风貌。,1/1-12/31；周一至周日；09:00-18:00开园,https://qimgs.qunarzz.com/piao_qsight_provider_piao_qsight_web/0101z12000f6snudc120C_C_900_504.jpg_710x360_fa99d516.jpg〇https://qimgs.qunarzz.com/piao_qsight_provider_piao_qsight_web/0101z12000f6snudc120C_C_900_504_Q90_Mtg_7.jpg_710x360_e4cab70e.jpg〇https://qimgs.qunarzz.com/piao_qsight_provider_piao_qsight_web/0100o120008j4zf3g033E_C_900_504_Q90_Mtg_7.jpg_710x360_3d4359f2.jpg〇https://qimgs.qunarzz.com/piao_qsight_provider_piao_qsight_web/01019120008jm037dFF53_C_900_504_Q90_Mtg_7.jpg_710x360_909f66e0.jpg〇https://qimgs.qunarzz.com/piao_qsight_provider_piao_qsight_web/100o0e0000006zh8k742A_C_900_504_Q90_Mtg_7.jpg_710x360_8c8599a8.jpg〇https://imgs.qunarzz.com/sight/p0/1703/bf/bf86da8c0ed348caa3.img.jpg_710x360_edb828cf.jpg〇https://imgs.qunarzz.com/sight/p0/1703/a5/a5296d77a728bada3.img.jpg_710x360_830f2e56.jpg〇https://imgs.qunarzz.com/sight/p0/1703/6f/6f3baadebf2c9edda3.img.jpg_710x360_4b61a8fc.jpg〇https://imgs.qunarzz.com/sight/p0/1703/e6/e62dc71fc10700c5a3.img.jpg_710x360_093ab479.jpg〇https://imgs.qunarzz.com/sight/p0/1703/ec/ec3ccec4f1693c7da3.img.jpg_710x360_410f94a7.jpg〇https://imgs.qunarzz.com/sight/p0/1703/5b/5bb266b593cbe0c9a3.img.jpg_710x360_da6d8c6a.jpg〇https://imgs.qunarzz.com/sight/p0/1703/d7/d727156a5d7282dfa3.img.jpg_710x360_3e53a49b.jpg〇https://imgs.qunarzz.com/sight/p0/1703/91/91db9c0af05ca867a3.img.jpg_710x360_651ead28.jpg〇https://imgs.qunarzz.com/sight/p0/1703/35/35a948eaa7ca909a3.img.jpg_710x360_a4df864f.jpg〇https://imgs.qunarzz.com/sight/p0/1703/35/355c3bb3fdf3911da3.img.jpg_710x360_b31c65d4.jpg〇https://qimgs.qunarzz.com/piao_qsight_provider_piao_qsight_web/bd5cc534912bbeb5.jpg_710x360_95c8b18c.jpg〇https://qimgs.qunarzz.com/piao_qsight_provider_piao_qsight_web/0bfbf3911127afb5.jpg_710x360_9912de55.jpg〇https://qimgs.qunarzz.com/piao_qsight_provider_piao_qsight_web/9269e61d46c4ecb5.jpg_710x360_bf6a8153.jpg〇https://qimgs.qunarzz.com/piao_qsight_provider_piao_qsight_web/85e778325a532202.jpg_710x360_bebf21bc.jpg〇https://qimgs.qunarzz.com/piao_qsight_provider_piao_qsight_web/0265040438077702.jpg_710x360_1ce2cac2.jpg〇https://qimgs.qunarzz.com/piao_qsight_provider_piao_qsight_web/f3d691c8e782b102.jpg_710x360_068a6e00.jpg〇https://qimgs.qunarzz.com/piao_qsight_provider_piao_qsight_web/a5dc7715b23a3b02.jpg_710x360_0d5ceeec.jpg〇https://qimgs.qunarzz.com/piao_qsight_provider_piao_qsight_web/18a48ccf4b3cbb02.jpg_710x360_b056d95e.jpg〇https://qimgs.qunarzz.com/piao_qsight_provider_piao_qsight_web/86470e5cd0093802.jpg_710x360_6f38c036.jpg〇https://qimgs.qunarzz.com/piao_qsight_provider_piao_qsight_web/4895e080adfe02.jpg_710x360_d95e9c9a.jpg〇https://qimgs.qunarzz.com/piao_qsight_provider_piao_qsight_web/79d267c118791502.jpg_710x360_2e0c02ba.jpg〇https://qimgs.qunarzz.com/piao_qsight_provider_piao_qsight_web/9807619ce4873602.jpg_710x360_12a1000d.jpg〇https://qimgs.qunarzz.com/piao_qsight_provider_piao_qsight_web/9e2c3bf2c3b0a402.jpg_710x360_ea462f0b.jpg〇https://qimgs.qunarzz.com/piao_qsight_provider_piao_qsight_web/36b4908d0ea6f202.jpg_710x360_f126d686.jpg〇https://qimgs.qunarzz.com/piao_qsight_provider_piao_qsight_web/8cba3d079a218d02.jpg_710x360_142e09e2.jpg〇https://qimgs.qunarzz.com/piao_qsight_provider_piao_qsight_web/9d0173db8529db02.jpg_710x360_d249be1f.jpg〇https://qimgs.qunarzz.com/piao_qsight_provider_piao_qsight_web/b1c1a24397a81902.jpg_710x360_27d1399d.jpg〇https://qimgs.qunarzz.com/piao_qsight_provider_piao_qsight_web/c2bbb5fbc5c62702.jpg_710x360_28ebc408.jpg〇https://qimgs.qunarzz.com/piao_qsight_provider_piao_qsight_web/07649efd88ae9202.jpg_710x360_7dad96e5.jpg〇https://qimgs.qunarzz.com/piao_qsight_provider_piao_qsight_web/11d82c590d914902.jpg_710x360_cf4f3f96.jpg,"{""ret"": true, ""data"": {""tagList"": [{""tagType"": 32, ""tagScore"": 5, ""tagNum"": 1, ""tagName"": ""\u670d\u52a1\u597d""}, {""tagType"": 4, ""tagScore"": 5, ""tagNum"": 2, ""tagName"": ""\u53d6\u7968\u65b9\u4fbf""}, {""tagType"": 3, ""tagScore"": 5, ""tagNum"": 4, ""tagName"": ""\u5dee\u8bc4""}, {""tagType"": 2, ""tagScore"": 5, ""tagNum"": 8, ""tagName"": ""\u4e2d\u8bc4""}, {""tagType"": 1, ""tagScore"": 5, ""tagNum"": 614, ""tagName"": ""\u597d\u8bc4""}, {""tagType"": 0, ""tagScore"": 5, ""tagNum"": 631, ""tagName"": ""\u5168\u90e8""}], ""commentList"": [{""author"": ""k*2"", ""content"": ""\u7528\u6237\u672a\u70b9\u8bc4\uff0c\u7cfb\u7edf\u9ed8\u8ba4\u597d\u8bc4\u3002"", ""date"": ""2024-12-12"", ""score"": 5, ""commentId"": ""239202212"", ""imgs"": [], ""userNickName"": ""k*2"", ""replyCityName"": """", ""cityName"": """"}, {""author"": ""l*9"", ""content"": ""\u7528\u6237\u672a\u70b9\u8bc4\uff0c\u7cfb\u7edf\u9ed8\u8ba4\u597d\u8bc4\u3002"", ""date"": ""2024-12-11"", ""score"": 5, ""commentId"": ""239188136"", ""imgs"": [], ""userNickName"": ""l*9"", ""replyCityName"": """", ""cityName"": """"}, {""author"": ""h*9"", ""content"": ""\u7528\u6237\u672a\u70b9\u8bc4\uff0c\u7cfb\u7edf\u9ed8\u8ba4\u597d\u8bc4\u3002"", ""date"": ""2024-11-26"", ""score"": 5, ""commentId"": ""238960945"", ""imgs"": [], ""userNickName"": ""h*9"", ""replyCityName"": """", ""cityName"": """"}, {""author"": ""\u53bb*\u6237"", ""content"": ""\u7528\u6237\u672a\u70b9\u8bc4\uff0c\u7cfb\u7edf\u9ed8\u8ba4\u597d\u8bc4\u3002"", ""date"": ""2024-11-05"", ""score"": 5, ""commentId"": ""238577269"", ""imgs"": [], ""userNickName"": ""\u53bb*\u6237"", ""replyCityName"": """", ""cityName"": """"}, {""author"": ""\u53bb*\u6237"", ""content"": ""\u7528\u6237\u672a\u70b9\u8bc4\uff0c\u7cfb\u7edf\u9ed8\u8ba4\u597d\u8bc4\u3002"", ""date"": ""2024-11-02"", ""score"": 5, ""commentId"": ""238099828"", ""imgs"": [], ""userNickName"": ""\u53bb*\u6237"", ""replyCityName"": """", ""cityName"": """"}, {""author"": ""\u53bb*\u6237"", ""content"": ""\u7528\u6237\u672a\u70b9\u8bc4\uff0c\u7cfb\u7edf\u9ed8\u8ba4\u597d\u8bc4\u3002"", ""date"": ""2024-11-02"", ""score"": 5, ""commentId"": ""238087526"", ""imgs"": [], ""userNickName"": ""\u53bb*\u6237"", ""replyCityName"": """", ""cityName"": """"}, {""author"": ""s*g"", ""content"": ""\u7528\u6237\u672a\u70b9\u8bc4\uff0c\u7cfb\u7edf\u9ed8\u8ba4\u597d\u8bc4\u3002"", ""date"": ""2024-09-23"", ""score"": 5, ""commentId"": ""237149166"", ""imgs"": [], ""userNickName"": ""s*g"", ""replyCityName"": """", ""cityName"": """"}, {""author"": ""p*8"", ""content"": ""\u7528\u6237\u672a\u70b9\u8bc4\uff0c\u7cfb\u7edf\u9ed8\u8ba4\u597d\u8bc4\u3002"", ""date"": ""2024-08-12"", ""score"": 5, ""commentId"": ""235443790"", ""imgs"": [], ""userNickName"": ""p*8"", ""replyCityName"": """", ""cityName"": """"}, {""author"": ""p*2"", ""content"": ""\u7528\u6237\u672a\u70b9\u8bc4\uff0c\u7cfb\u7edf\u9ed8\u8ba4\u597d\u8bc4\u3002"", ""date"": ""2024-07-24"", ""score"": 5, ""commentId"": ""234992291"", ""imgs"": [], ""userNickName"": ""p*2"", ""replyCityName"": """", ""cityName"": """"}, {""author"": ""t*1"", ""content"": ""\u7528\u6237\u672a\u70b9\u8bc4\uff0c\u7cfb\u7edf\u9ed8\u8ba4\u597d\u8bc4\u3002"", ""date"": ""2024-06-04"", ""score"": 5, ""commentId"": ""234206303"", ""imgs"": [], ""userNickName"": ""t*1"", ""replyCityName"": """", ""cityName"": """"}], ""score"": 4.9, ""commentCount"": 631}, ""statusCode"": 200}"
茂名森林公园水上乐园,https://qimgs.qunarzz.com/piao_qsight_provider_piao_qsight_web/0101p120009rahihz9AD3_C_900_504.jpg_280x200_af5bebd5.jpg,茂名市,茂南区,广东省茂名市茂南区茂名森林公园旁国际童玩节内,-1,-1.0,体验让人心潮澎湃的项目,https://piao.qunar.com/ticket/detail_3530334791.html?st=a3clM0QlRTglOEMlODIlRTUlOEQlOTclRTUlOEMlQkElMjZpZCUzRDUxMTM1NCUyNnR5cGUlM0QwJTI2aWR4JTNEMTUlMjZxdCUzRCUyNmFwayUzRDIlMjZzYyUzRFdXVyUyNnVyJTNEJUU0JUI4JUFEJUU1JUIxJUIxJTI2bHIlM0QlRTQlQjglQUQlRTUlQjElQjElMjZmdCUzRCU3QiU3RA%3D%3D#from=mpl_search_suggest,-1.0,N/A,N/A,1/1-12/31；周一至周日；12:00-21:00开园,https://qimgs.qunarzz.com/piao_qsight_provider_piao_qsight_web/0101p120009rahihz9AD3_C_900_504.jpg_710x360_346e189e.jpg〇https://qimgs.qunarzz.com/piao_qsight_provider_piao_qsight_web/100p0q000000gbodlFB87_C_900_504_Q90_Mtg_7.jpg_710x360_b86b03b5.jpg〇https://qimgs.qunarzz.com/piao_qsight_provider_piao_qsight_web/0105p120009nihc8b42E4_C_900_504_Q90_Mtg_7.jpg_710x360_4ff983cf.jpg〇https://qimgs.qunarzz.com/piao_qsight_provider_piao_qsight_web/01012120009rahmaz8993_C_900_504_Q90_Mtg_7.jpg_710x360_f047208d.jpg〇https://qimgs.qunarzz.com/piao_qsight_provider_piao_qsight_web/100n0r000000hc3p50543_C_900_504_Q90_Mtg_7.jpg_710x360_7029b337.jpg〇https://qimgs.qunarzz.com/piao_qsight_provider_piao_qsight_web/01023120009rahkk77024_C_900_504_Q90_Mtg_7.jpg_710x360_ac93a4c5.jpg〇https://qimgs.qunarzz.com/piao_qsight_provider_piao_qsight_web/01054120009rahn2lF7AD_C_900_504_Q90_Mtg_7.jpg_710x360_1e508645.jpg〇https://qimgs.qunarzz.com/piao_qsight_provider_piao_qsight_web/0100o120009rahn2g25B0_C_900_504_Q90_Mtg_7.jpg_710x360_23f6eb7d.jpg〇https://qimgs.qunarzz.com/piao_qsight_provider_piao_qsight_web/0105w120009rahhd8B0AC_C_900_504_Q90_Mtg_7.jpg_710x360_a36e0258.jpg〇https://qimgs.qunarzz.com/piao_qsight_provider_piao_qsight_web/10070r000000hthsyBDDE_C_900_504_Q90_Mtg_7.jpg_710x360_5722dd18.jpg〇https://qimgs.qunarzz.com/piao_qsight_provider_piao_qsight_web/0101p120009rahihz9AD3_C_900_504_Q90_Mtg_7.jpg_710x360_15642533.jpg,"{""ret"": true, ""data"": {""tagList"": [{""tagType"": 0, ""tagScore"": 5, ""tagNum"": 0, ""tagName"": ""\u5168\u90e8""}], ""score"": 0.0, ""commentCount"": 0}, ""statusCode"": 200}"
乐天温泉度假村,https://qimgs.qunarzz.com/piao_qsight_provider_piao_qsight_web/100f0t000000imu7q5F0C_C_900_504.jpg_280x200_8486cc85.jpg,茂名市,高州市,茂名市高州市乐天大道1号,102,5.0,旅游度假胜地,https://piao.qunar.com/ticket/detail_600629195.html?st=a3clM0QlRTklQUIlOTglRTUlQjclOUUlRTUlQjglODIlMjZpZCUzRDQ1NjIyOCUyNnR5cGUlM0QwJTI2aWR4JTNENCUyNnF0JTNEJTI2YXBrJTNEMiUyNnNjJTNEV1dXJTI2dXIlM0QlRTQlQjglQUQlRTUlQjElQjElMjZsciUzRCVFNCVCOCVBRCVFNSVCMSVCMSUyNmZ0JTNEJTdCJTdE#from=mpl_search_suggest,188.0,N/A,高州乐天温泉度假村属广东乐天集团旗下企业之一，位于中国南海之滨—广东茂名”的美誉之城—高州，毗邻沈海、西部沿海高速，距湛江机场仅60分钟车程，茂名火车站仅30分钟，广州374公里，深圳451公里。度假村占地面积46389平方米，规划总建筑面积71190平方米。度假村拥有设施配套齐全的超五星级乐天花园酒店、充满浓郁东南亚风情的乐天冰泉•水世界、乐天温泉等丰富的度假项目，是一个集自然风光、休闲娱乐、健康养生、商务会议与一体的旅游度假胜地,1/1-12/31；周一至周日；08:00-22:30开园；（22:00停止入园）,https://qimgs.qunarzz.com/piao_qsight_provider_piao_qsight_web/100f0t000000imu7q5F0C_C_900_504.jpg_710x360_bcd608c2.jpg〇https://qimgs.qunarzz.com/piao_qsight_provider_piao_qsight_web/100f0t000000imu7tAE67_C_900_504_Q90_Mtg_7.jpg_710x360_86405846.jpg〇https://qimgs.qunarzz.com/piao_qsight_provider_piao_qsight_web/10060t000000infv84716_C_900_504_Q90_Mtg_7.jpg_710x360_d484457f.jpg〇https://qimgs.qunarzz.com/piao_qsight_provider_piao_qsight_web/100g1f000001gqwnr9EF8_C_900_504_Q90_Mtg_7.jpg_710x360_724607e6.jpg〇https://qimgs.qunarzz.com/piao_qsight_provider_piao_qsight_web/100g0t000000inidi0681_C_900_504_Q90_Mtg_7.jpg_710x360_28e630c2.jpg〇https://qimgs.qunarzz.com/piao_qsight_provider_piao_qsight_web/10030t000000iojq9C561_C_900_504_Q90_Mtg_7.jpg_710x360_f7fb10a5.jpg〇https://qimgs.qunarzz.com/piao_qsight_provider_piao_qsight_web/100f0t000000imu7q5F0C_C_900_504_Q90_Mtg_7.jpg_710x360_298de85b.jpg〇https://imgs.qunarzz.com/sight/p0/1511/e1/e16a2bccad3624ab90.img.jpg_710x360_67c53060.jpg〇https://imgs.qunarzz.com/sight/p0/1511/31/31220046b98f8c9590.img.jpg_710x360_2e332487.jpg〇https://imgs.qunarzz.com/sight/p0/1511/e3/e35c99fa454f3a2a90.img.jpg_710x360_66dfb73f.jpg〇https://imgs.qunarzz.com/sight/p0/1511/31/317739cd8759bbe290.img.jpg_710x360_04096b6b.jpg〇https://imgs.qunarzz.com/sight/p0/1511/3f/3f0a4489ef927c1b90.img.jpg_710x360_fc37d652.jpg〇https://qimgs.qunarzz.com/piao_qsight_provider_piao_qsight_web/fa1513cba5effc02.jpg_710x360_c9e41ff0.jpg,"{""ret"": true, ""data"": {""tagList"": [{""tagType"": 32, ""tagScore"": 5, ""tagNum"": 2, ""tagName"": ""\u670d\u52a1\u597d""}, {""tagType"": 16, ""tagScore"": 5, ""tagNum"": 3, ""tagName"": ""\u9760\u8c31""}, {""tagType"": 8, ""tagScore"": 5, ""tagNum"": 1, ""tagName"": ""\u4fbf\u5b9c""}, {""tagType"": 4, ""tagScore"": 5, ""tagNum"": 2, ""tagName"": ""\u53d6\u7968\u65b9\u4fbf""}, {""tagType"": 1, ""tagScore"": 5, ""tagNum"": 102, ""tagName"": ""\u597d\u8bc4""}, {""tagType"": 0, ""tagScore"": 5, ""tagNum"": 102, ""tagName"": ""\u5168\u90e8""}], ""commentList"": [{""author"": ""k*3"", ""content"": ""\u7528\u6237\u672a\u70b9\u8bc4\uff0c\u7cfb\u7edf\u9ed8\u8ba4\u597d\u8bc4\u3002"", ""date"": ""2024-07-01"", ""score"": 5, ""commentId"": ""234552964"", ""imgs"": [], ""userNickName"": ""k*3"", ""replyCityName"": """", ""cityName"": """"}, {""author"": ""k*3"", ""content"": ""\u7528\u6237\u672a\u70b9\u8bc4\uff0c\u7cfb\u7edf\u9ed8\u8ba4\u597d\u8bc4\u3002"", ""date"": ""2024-07-01"", ""score"": 5, ""commentId"": ""234552914"", ""imgs"": [], ""userNickName"": ""k*3"", ""replyCityName"": """", ""cityName"": """"}, {""author"": ""\u53bb*\u6237"", ""content"": ""\u7528\u6237\u672a\u70b9\u8bc4\uff0c\u7cfb\u7edf\u9ed8\u8ba4\u597d\u8bc4\u3002"", ""date"": ""2024-06-02"", ""score"": 5, ""commentId"": ""233972761"", ""imgs"": [], ""userNickName"": ""\u53bb*\u6237"", ""replyCityName"": """", ""cityName"": """"}, {""author"": ""z*7"", ""content"": ""\u7528\u6237\u672a\u70b9\u8bc4\uff0c\u7cfb\u7edf\u9ed8\u8ba4\u597d\u8bc4\u3002"", ""date"": ""2024-03-27"", ""score"": 5, ""commentId"": ""232686430"", ""imgs"": [], ""userNickName"": ""z*7"", ""replyCityName"": """", ""cityName"": """"}, {""author"": ""z*7"", ""content"": ""\u7528\u6237\u672a\u70b9\u8bc4\uff0c\u7cfb\u7edf\u9ed8\u8ba4\u597d\u8bc4\u3002"", ""date"": ""2024-03-27"", ""score"": 5, ""commentId"": ""232684764"", ""imgs"": [], ""userNickName"": ""z*7"", ""replyCityName"": """", ""cityName"": """"}, {""author"": ""p*9"", ""content"": ""\u7528\u6237\u672a\u70b9\u8bc4\uff0c\u7cfb\u7edf\u9ed8\u8ba4\u597d\u8bc4\u3002"", ""date"": ""2024-03-23"", ""score"": 5, ""commentId"": ""232617567"", ""imgs"": [], ""userNickName"": ""p*9"", ""replyCityName"": """", ""cityName"": """"}, {""author"": ""\u53bb*\u6237"", ""content"": ""\u7528\u6237\u672a\u70b9\u8bc4\uff0c\u7cfb\u7edf\u9ed8\u8ba4\u597d\u8bc4\u3002"", ""date"": ""2024-01-31"", ""score"": 5, ""commentId"": ""231246445"", ""imgs"": [], ""userNickName"": ""\u53bb*\u6237"", ""replyCityName"": """", ""cityName"": """"}, {""author"": ""q*\u6237"", ""content"": ""\u7528\u6237\u672a\u70b9\u8bc4\uff0c\u7cfb\u7edf\u9ed8\u8ba4\u597d\u8bc4\u3002"", ""date"": ""2024-01-21"", ""score"": 5, ""commentId"": ""231090495"", ""imgs"": [], ""userNickName"": ""q*\u6237"", ""replyCityName"": """", ""cityName"": """"}, {""author"": ""\u53bb*\u6237"", ""content"": ""\u7528\u6237\u672a\u70b9\u8bc4\uff0c\u7cfb\u7edf\u9ed8\u8ba4\u597d\u8bc4\u3002"", ""date"": ""2023-11-27"", ""score"": 5, ""commentId"": ""230474062"", ""imgs"": [], ""userNickName"": ""\u53bb*\u6237"", ""replyCityName"": """", ""cityName"": """"}, {""author"": ""\u53bb*\u6237"", ""content"": ""\u7528\u6237\u672a\u70b9\u8bc4\uff0c\u7cfb\u7edf\u9ed8\u8ba4\u597d\u8bc4\u3002"", ""date"": ""2023-11-27"", ""score"": 5, ""commentId"": ""230473376"", ""imgs"": [], ""userNickName"": ""\u53bb*\u6237"", ""replyCityName"": """", ""cityName"": """"}], ""score"": 5.0, ""commentCount"": 102}, ""statusCode"": 200}"
玉湖风景区,https://qimgs.qunarzz.com/piao_qsight_provider_piao_qsight_web/350t0w000000kccjb30FF_C_900_504.jpg_280x200_11b4538d.jpg,茂名市,高州市,广东省茂名市高州市长坡镇玉湖风景区,107,4.6,四面环山，湖水碧绿,https://piao.qunar.com/ticket/detail_2332739971.html?st=a3clM0QlRTklQUIlOTglRTUlQjclOUUlRTUlQjglODIlMjZpZCUzRDE5MjU5MiUyNnR5cGUlM0QwJTI2aWR4JTNEMyUyNnF0JTNEJTI2YXBrJTNEMiUyNnNjJTNEV1dXJTI2dXIlM0QlRTQlQjglQUQlRTUlQjElQjElMjZsciUzRCVFNCVCOCVBRCVFNSVCMSVCMSUyNmZ0JTNEJTdCJTdE#from=mpl_search_suggest,24.7,N/A,玉湖水面平静如镜、碧绿如玉，故被人们称为“玉湖”。景区大坝巍峨，青山叠翠，绿水如碧，空气清新，千岛浮洋，鱼跃鸟翔，百果飘香，流光溢彩。玉湖风景区日月同辉、龟蛇锁坝、七星伴月、百鸟朝凤、龙子仙女、水上迷宫、小鸟天堂、水仙恋碧波等景点，有别致的亭台馆榭、雕像碑刻、迥廊曲径、奇花异草，工程、自然、人文景观等旅游资源丰富，是茂名市著名的“后花园”。玉湖航运公司可同时接待250人乘船观光旅游。玉湖风景区四季如春、空气清新，是天然超级“氧吧”，是旅游、度假、会议、培训的理想地方，是茂名十大休闲好去处，也是茂名十景之一。,1/1-12/31；周一至周日；全天开放,https://qimgs.qunarzz.com/piao_qsight_provider_piao_qsight_web/350t0w000000kccjb30FF_C_900_504.jpg_710x360_b9439e60.jpg〇https://qimgs.qunarzz.com/piao_qsight_provider_piao_qsight_web/350b0w000000keouf98FE_C_900_504_Q90_Mtg_7.jpg_710x360_bf021ce8.jpg〇https://qimgs.qunarzz.com/piao_qsight_provider_piao_qsight_web/0100c1200086nsazq5A77_C_900_504_Q90_Mtg_7.jpg_710x360_209b0e8a.jpg〇https://qimgs.qunarzz.com/piao_qsight_provider_piao_qsight_web/350o0w000000kb52w9A02_C_900_504_Q90_Mtg_7.jpg_710x360_989ff8f4.jpg〇https://qimgs.qunarzz.com/piao_qsight_provider_piao_qsight_web/350t0w000000kcck48742_C_900_504_Q90_Mtg_7.jpg_710x360_e6393636.jpg〇https://qimgs.qunarzz.com/piao_qsight_provider_piao_qsight_web/350g0w000000kczog4A98_C_900_504_Q90_Mtg_7.jpg_710x360_7e382366.jpg〇https://qimgs.qunarzz.com/piao_qsight_provider_piao_qsight_web/100r1f000001gonwe8BDA_C_900_504_Q90_Mtg_7.jpg_710x360_3fbf9ff8.jpg〇https://qimgs.qunarzz.com/piao_qsight_provider_piao_qsight_web/350f0w000000kcbiw4FE1_C_900_504_Q90_Mtg_7.jpg_710x360_82ebd522.jpg〇https://qimgs.qunarzz.com/piao_qsight_provider_piao_qsight_web/35090w000000kepbn9DCC_C_900_504_Q90_Mtg_7.jpg_710x360_39cf525c.jpg〇https://qimgs.qunarzz.com/piao_qsight_provider_piao_qsight_web/350p0w000000kbfk5F9A3_C_900_504_Q90_Mtg_7.jpg_710x360_aacf490a.jpg〇https://qimgs.qunarzz.com/piao_qsight_provider_piao_qsight_web/350t0w000000kccjb30FF_C_900_504_Q90_Mtg_7.jpg_710x360_12505564.jpg〇https://imgs.qunarzz.com/sight/p0/201309/18/78dbe8fd70b81914c8d65eac.png_710x360_3438392c.png〇https://imgs.qunarzz.com/sight/p0/201309/18/dd24100763bd10b9c8d65eac.png_710x360_79528792.png〇https://imgs.qunarzz.com/sight/p0/201309/18/d1a5a667e3473108c8d65eac.png_710x360_a05de9b4.png〇https://imgs.qunarzz.com/sight/p0/201309/18/7cec7285a626ad2dc8d65eac.png_710x360_b0ea598a.png,"{""ret"": true, ""data"": {""tagList"": [{""tagType"": 3, ""tagScore"": 5, ""tagNum"": 3, ""tagName"": ""\u5dee\u8bc4""}, {""tagType"": 2, ""tagScore"": 5, ""tagNum"": 5, ""tagName"": ""\u4e2d\u8bc4""}, {""tagType"": 1, ""tagScore"": 5, ""tagNum"": 99, ""tagName"": ""\u597d\u8bc4""}, {""tagType"": 0, ""tagScore"": 5, ""tagNum"": 107, ""tagName"": ""\u5168\u90e8""}], ""commentList"": [{""author"": ""\u53bb*\u6237"", ""content"": ""\u7528\u6237\u672a\u70b9\u8bc4\uff0c\u7cfb\u7edf\u9ed8\u8ba4\u597d\u8bc4\u3002"", ""date"": ""2024-12-11"", ""score"": 5, ""commentId"": ""239197449"", ""imgs"": [], ""userNickName"": ""\u53bb*\u6237"", ""replyCityName"": """", ""cityName"": """"}, {""author"": ""\u53bb*\u6237"", ""content"": ""\u7528\u6237\u672a\u70b9\u8bc4\uff0c\u7cfb\u7edf\u9ed8\u8ba4\u597d\u8bc4\u3002"", ""date"": ""2024-11-26"", ""score"": 5, ""commentId"": ""238960030"", ""imgs"": [], ""userNickName"": ""\u53bb*\u6237"", ""replyCityName"": """", ""cityName"": """"}, {""author"": ""j*8"", ""content"": ""\u7528\u6237\u672a\u70b9\u8bc4\uff0c\u7cfb\u7edf\u9ed8\u8ba4\u597d\u8bc4\u3002"", ""date"": ""2024-11-19"", ""score"": 5, ""commentId"": ""238849387"", ""imgs"": [], ""userNickName"": ""j*8"", ""replyCityName"": """", ""cityName"": """"}, {""author"": ""\u53bb*\u6237"", ""content"": ""\u7528\u6237\u672a\u70b9\u8bc4\uff0c\u7cfb\u7edf\u9ed8\u8ba4\u597d\u8bc4\u3002"", ""date"": ""2024-09-06"", ""score"": 5, ""commentId"": ""236352873"", ""imgs"": [], ""userNickName"": ""\u53bb*\u6237"", ""replyCityName"": """", ""cityName"": """"}, {""author"": ""\u53bb*\u6237"", ""content"": ""\u7f51\u4e0a\u4e70\u7968\u5c115\u5757\u94b1\uff0c\u5165\u53e3\u65f6\u8bf4\u6ca1\u670925\u5757\u94b1\u7684\uff0c\u90fd\u662f30\u5757\u7684\uff0c\u53eb\u6211\u9000\u4e86\u518d\u4e70\u7968\uff0c\u6211\u4e5f\u662f\u7b2c\u4e00\u6b21\u89c1\u8fd9\u79cd\u64cd\u4f5c\uff0c\u90a3\u4f60\u7f51\u4e0a\u8fd9\u4e2a\u4ef7\u662f\u5e72\u561b\u7528\u7684\uff1f"", ""date"": ""2024-02-19"", ""score"": 3, ""commentId"": ""231491027"", ""imgs"": [{""small"": ""https://qimgs.qunarzz.com/mp_piao_0001/temp8721887152524841607file_1708328157000.jpg_120x120_449c8f17.jpg"", ""title"": """", ""big"": ""https://qimgs.qunarzz.com/mp_piao_0001/temp8721887152524841607file_1708328157000.jpg""}], ""userNickName"": ""\u53bb*\u6237"", ""replyCityName"": """", ""cityName"": ""\u5e7f\u4e1c""}, {""author"": ""d*3"", ""content"": ""\u7528\u6237\u672a\u70b9\u8bc4\uff0c\u7cfb\u7edf\u9ed8\u8ba4\u597d\u8bc4\u3002"", ""date"": ""2024-04-10"", ""score"": 5, ""commentId"": ""232867188"", ""imgs"": [], ""userNickName"": ""d*3"", ""replyCityName"": """", ""cityName"": """"}, {""author"": ""d*3"", ""content"": ""\u7528\u6237\u672a\u70b9\u8bc4\uff0c\u7cfb\u7edf\u9ed8\u8ba4\u597d\u8bc4\u3002"", ""date"": ""2024-04-10"", ""score"": 5, ""commentId"": ""232865819"", ""imgs"": [], ""userNickName"": ""d*3"", ""replyCityName"": """", ""cityName"": """"}, {""author"": ""l*3"", ""content"": ""\u7528\u6237\u672a\u70b9\u8bc4\uff0c\u7cfb\u7edf\u9ed8\u8ba4\u597d\u8bc4\u3002"", ""date"": ""2024-03-22"", ""score"": 5, ""commentId"": ""232602617"", ""imgs"": [], ""userNickName"": ""l*3"", ""replyCityName"": """", ""cityName"": """"}, {""author"": ""h*9"", ""content"": ""\u7528\u6237\u672a\u70b9\u8bc4\uff0c\u7cfb\u7edf\u9ed8\u8ba4\u597d\u8bc4\u3002"", ""date"": ""2024-03-19"", ""score"": 5, ""commentId"": ""232520337"", ""imgs"": [], ""userNickName"": ""h*9"", ""replyCityName"": """", ""cityName"": """"}, {""author"": ""p*\u960e"", ""content"": ""\u7528\u6237\u672a\u70b9\u8bc4\uff0c\u7cfb\u7edf\u9ed8\u8ba4\u597d\u8bc4\u3002"", ""date"": ""2024-02-10"", ""score"": 5, ""commentId"": ""231365046"", ""imgs"": [], ""userNickName"": ""p*\u960e"", ""replyCityName"": """", ""cityName"": """"}], ""score"": 4.6, ""commentCount"": 107}, ""statusCode"": 200}"
城冼太庙,https://imgs.qunarzz.com/sight/p7/201211/01/c09638e0b9a0845c93835fbb.jpg_280x200_067f1dd9.jpg,茂名市,高州市,广东省茂名高州城区人民路,1,3.0,该庙始建于明嘉靖十四年（公元1535年），在明、清两代曾先后重修。整座庙宇建筑面积达800余平方米，砖木结构，红墙绿瓦，,https://piao.qunar.com/ticket/detail_158029870.html?st=a3clM0QlRTklQUIlOTglRTUlQjclOUUlRTUlQjglODIlMjZpZCUzRDE3NzAlMjZ0eXBlJTNEMCUyNmlkeCUzRDE0JTI2cXQlM0QlMjZhcGslM0QyJTI2c2MlM0RXV1clMjZ1ciUzRCVFNCVCOCVBRCVFNSVCMSVCMSUyNmxyJTNEJUU0JUI4JUFEJUU1JUIxJUIxJTI2ZnQlM0QlN0IlN0Q%3D#from=mpl_search_suggest,-1.0,N/A,该庙始建于明嘉靖十四年（公元1535年），在明、清两代曾先后重修。整座庙宇建筑面积达800余平方米，砖木结构，红墙绿瓦，斗拱飞檐，运用彩绘、堆塑、雕刻等艺术形式进行装饰，显得精致而华丽，具有浓郁的民族风格和地方风貌。主体建筑分前殿、中殿、正殿三进。正殿为穿斗式梁架结构，雕梁画栋，金碧辉煌。庙的顶脊有灰塑双龙戏珠等饰物。庙内《冼夫人记》碑、《恭谒冼夫人庙书》碑等碑刻保存完好。庙中有清同治年间的玉香炉，晚清驻美国、古巴、秘鲁三国大使陈兰彬和工部左侍郎杨颐等人为该庙撰写的楹联等，以及多幅明清珍贵石碑记等。它们与一批当代书画家墨宝，多幅精致木刻、石刻，一起形成了富有特色和文化含量的冼庙景观。,01/01-12/31；8:00-18:00开园,https://imgs.qunarzz.com/sight/p7/201211/01/c09638e0b9a0845c93835fbb.jpg_710x360_5bb53360.jpg〇https://qimgs.qunarzz.com/piao_qsight_provider_piao_qsight_web/b1979185207f0e.jpg_710x360_3b58e8e8.jpg〇https://qimgs.qunarzz.com/piao_qsight_provider_piao_qsight_web/5815dae906e700.jpg_710x360_f6ebba0a.jpg〇https://qimgs.qunarzz.com/piao_qsight_provider_piao_qsight_web/09220bf004e632.jpg_710x360_7b565716.jpg〇https://qimgs.qunarzz.com/piao_qsight_provider_piao_qsight_web/c2712894ae1c6c0d320b45d01fd8b421.jpg_710x360_d7afbb03.jpg〇https://qimgs.qunarzz.com/piao_qsight_provider_piao_qsight_web/20e8c5facc9df637.jpg_710x360_dab3a4b9.jpg,"{""ret"": true, ""data"": {""tagList"": [{""tagType"": 2, ""tagScore"": 5, ""tagNum"": 1, ""tagName"": ""\u4e2d\u8bc4""}, {""tagType"": 0, ""tagScore"": 5, ""tagNum"": 1, ""tagName"": ""\u5168\u90e8""}], ""commentList"": [{""author"": ""s*0"", ""content"": ""666666\u5f88\u597d\u73a9\u7684\uff0c\u5927\u5bb6\u4e00\u8d77\u53bb\u73a9\u5427\u3002"", ""date"": ""2015-08-14"", ""score"": 3, ""commentId"": ""67846135"", ""imgs"": [{""small"": ""https://imgs.qunarzz.com/piao/fusion/1508/9c/09220bf004e632.jpg_120x120_89b259ba.jpg"", ""title"": """", ""big"": ""https://imgs.qunarzz.com/piao/fusion/1508/9c/09220bf004e632.jpg""}, {""small"": ""https://imgs.qunarzz.com/piao/fusion/1508/34/5815dae906e700.jpg_120x120_c9c8d3e2.jpg"", ""title"": """", ""big"": ""https://imgs.qunarzz.com/piao/fusion/1508/34/5815dae906e700.jpg""}, {""small"": ""https://imgs.qunarzz.com/piao/fusion/1508/86/b1979185207f0e.jpg_120x120_0adf9c3b.jpg"", ""title"": """", ""big"": ""https://imgs.qunarzz.com/piao/fusion/1508/86/b1979185207f0e.jpg""}], ""userNickName"": ""s*0"", ""replyCityName"": """", ""cityName"": """"}], ""score"": 3.0, ""commentCount"": 1}, ""statusCode"": 200}"
宝光塔,https://imgs.qunarzz.com/sight/p64/201211/00/d82fbf564e47354393835fbb.jpg_280x200_41e2c1c3.jpg,茂名市,高州市,高州市区鉴江西岸,1,5.0,装饰华丽，浮雕精美，登高可览城内外景色,https://piao.qunar.com/ticket/detail_1866459641.html?st=a3clM0QlRTklQUIlOTglRTUlQjclOUUlRTUlQjglODIlMjZpZCUzRDE0NDQlMjZ0eXBlJTNEMCUyNmlkeCUzRDEyJTI2cXQlM0QlMjZhcGslM0QyJTI2c2MlM0RXV1clMjZ1ciUzRCVFNCVCOCVBRCVFNSVCMSVCMSUyNmxyJTNEJUU0JUI4JUFEJUU1JUIxJUIxJTI2ZnQlM0QlN0IlN0Q%3D#from=mpl_search_suggest,-1.0,N/A,建于明万历四年（1,暂无,https://imgs.qunarzz.com/sight/p64/201211/00/d82fbf564e47354393835fbb.jpg_710x360_9af5891a.jpg〇https://qimgs.qunarzz.com/piao_qsight_provider_piao_qsight_web/bc2137543a4b36b5.jpg_710x360_c980ea9a.jpg〇https://qimgs.qunarzz.com/piao_qsight_provider_piao_qsight_web/2aca7c102733cbb5.jpg_710x360_8fa929e3.jpg〇https://qimgs.qunarzz.com/piao_qsight_provider_piao_qsight_web/97da1c7a7fbcf7b5.jpg_710x360_0aa0a735.jpg,"{""ret"": true, ""data"": {""tagList"": [{""tagType"": 1, ""tagScore"": 5, ""tagNum"": 1, ""tagName"": ""\u597d\u8bc4""}, {""tagType"": 0, ""tagScore"": 5, ""tagNum"": 1, ""tagName"": ""\u5168\u90e8""}], ""commentList"": [{""author"": ""j*9"", ""content"": ""\u5b9d\u5149\u5854\u4fd7\u79f0\u201c\u7c89\u5854\u201d\uff0c\u4f4d\u4e8e\u9ad8\u5dde\u57ce\u897f\u9274\u6c5f\u8fb9\u4e0a\uff0c\u7531\u660e\u671d\u4e07\u5386\u56db\u5e74\uff08\u516c\u51431576\uff09\uff0c\u9ad8\u5dde\u77e5\u5e9c\u5f20\u90a6\u4f0a\u5021\u5efa\u3002\u5171\u8017\u8d4413\u4e07\u4e24\u767d\u91d1\uff08\u94f6\u5143\uff09\u3002\u5854\u4e3a\u5e73\u9762\u516b\u89d2\u4e5d\u5c42\u4eff\u697c\u9601\u5f0f\u7816\u5854\u3002\u901a\u9ad865\uff0e8\u7c73\uff0c\u5e95\u5ea7\u5e73\u9762\u76f4\u5f8412\u7c73\uff0c\u5854\u8154\u4e3a\u58c1\u5185\u6298\u4e0a\u5f0f\uff0c\u53ef\u5230\u8fbe\u9876\u5c42\u3002\u5854\u8eab\u5047\u5e73\u5ea7\uff0c\u6bcf\u5c42\u5f00\u4e1c\u3001\u5357\u3001\u897f\u3001\u5317\u56db\u4e2a\u5c0f\u95e8\u3002\u8fc7\u53bb\u5854\u5185\u5e95\u5c42\u5851\u6709\u4f5b\u50cf\uff0c\u88c5\u9970\u534e\u4e3d\uff0c\u7c89\u5f69\u938f\u91d1\u3002\u89e3\u653e\u540e\u66fe\u5148\u540e\u4e24\u6b21\u7ef4\u4fee\uff0c\u4f46\u56e0\u7ecf\u8fc7\u591a\u6b21\u96f7\u51fb\uff0c\u5854\u9876\u6e17\u6f0f\uff0c\u5854\u8eab\u51fa\u73b0\u88c2\u75d5\u30021993\u5e74\u518d\u6b21\u7ef4\u4fee\u52a0\u56fa\uff0c\u73b0\u4e3a\u94dc\u8d28\u846b\u82a6\u578b\u5854\u9876\u3002\u8be5\u5854\u5177\u6709\u8f83\u9ad8\u7684\u5386\u53f2\u3001\u79d1\u7814\u548c\u827a\u672f\u4ef7\u503c\uff0c\u662f\u5e7f\u4e1c\u7701\u6587\u7269\u4fdd\u62a4\u5355\u4f4d\u3002"", ""date"": ""2023-01-15"", ""score"": 5, ""commentId"": ""223936964"", ""imgs"": [{""small"": ""https://mp-piao-admincp.qunarzz.com/mp_piao_admin_mp_piao_admin/fusion/20231/bf6fbf9d987fac536d3c45ce83dc496a.jpg_120x120_5fcaeeec.jpg"", ""title"": """", ""big"": ""https://mp-piao-admincp.qunarzz.com/mp_piao_admin_mp_piao_admin/fusion/20231/bf6fbf9d987fac536d3c45ce83dc496a.jpg""}, {""small"": ""https://mp-piao-admincp.qunarzz.com/mp_piao_admin_mp_piao_admin/fusion/20231/68d434e85a47f2e6d3a212fc7b9a6278.jpg_120x120_55182dd1.jpg"", ""title"": """", ""big"": ""https://mp-piao-admincp.qunarzz.com/mp_piao_admin_mp_piao_admin/fusion/20231/68d434e85a47f2e6d3a212fc7b9a6278.jpg""}, {""small"": ""https://mp-piao-admincp.qunarzz.com/mp_piao_admin_mp_piao_admin/fusion/20231/68d13f7d31d6fa397d7634984ba8bbca.jpg_120x120_f39ca33c.jpg"", ""title"": """", ""big"": ""https://mp-piao-admincp.qunarzz.com/mp_piao_admin_mp_piao_admin/fusion/20231/68d13f7d31d6fa397d7634984ba8bbca.jpg""}, {""small"": ""https://mp-piao-admincp.qunarzz.com/mp_piao_admin_mp_piao_admin/fusion/20231/e1f142843b72a5dc416ca5b6d181862b.jpg_120x120_0449b6ac.jpg"", ""title"": """", ""big"": ""https://mp-piao-admincp.qunarzz.com/mp_piao_admin_mp_piao_admin/fusion/20231/e1f142843b72a5dc416ca5b6d181862b.jpg""}, {""small"": ""https://mp-piao-admincp.qunarzz.com/mp_piao_admin_mp_piao_admin/fusion/20231/5ebcc4efc4937fa23cfeaadb7d3e41a8.jpg_120x120_d30b5f57.jpg"", ""title"": """", ""big"": ""https://mp-piao-admincp.qunarzz.com/mp_piao_admin_mp_piao_admin/fusion/20231/5ebcc4efc4937fa23cfeaadb7d3e41a8.jpg""}, {""small"": ""https://mp-piao-admincp.qunarzz.com/mp_piao_admin_mp_piao_admin/fusion/20231/bad84e023ab9b7c6d33c4503f21fd8d4.jpg_120x120_a6616e5c.jpg"", ""title"": """", ""big"": ""https://mp-piao-admincp.qunarzz.com/mp_piao_admin_mp_piao_admin/fusion/20231/bad84e023ab9b7c6d33c4503f21fd8d4.jpg""}], ""userNickName"": ""j*9"", ""replyCityName"": """", ""cityName"": ""\u5e7f\u4e1c""}], ""score"": 5.0, ""commentCount"": 1}, ""statusCode"": 200}"
食为天农业科普园,https://imgs.qunarzz.com/sight/p0/2109/4d/4dfaba5bd6e0058ea3.img.jpg_280x200_77e55cf8.jpg,茂名市,茂南区,茂名市茂南区陂垌村,-1,-1.0,茂名市食为天农业科普园主要经营农业技术研发及推广；种植、销售：蔬菜、水果。， 始终坚持用户至上，用心服务于客户，坚持用自,https://piao.qunar.com/ticket/detail_1143995380.html?st=a3clM0QlRTglOEMlODIlRTUlOEQlOTclRTUlOEMlQkElMjZpZCUzRDUxMTgxMCUyNnR5cGUlM0QwJTI2aWR4JTNEMTQlMjZxdCUzRCUyNmFwayUzRDIlMjZzYyUzRFdXVyUyNnVyJTNEJUU0JUI4JUFEJUU1JUIxJUIxJTI2bHIlM0QlRTQlQjglQUQlRTUlQjElQjElMjZmdCUzRCU3QiU3RA%3D%3D#from=mpl_search_suggest,-1.0,N/A,茂名市食为天农业科普园主要经营农业技术研发及推广；种植、销售：蔬菜、水果。， 始终坚持用户至上，用心服务于客户，坚持用自己的服务去打动客户，秉承“保证一 流质量，保持一 级信誉”的经营理念。,1/1-12/31；周一至周日；8:00-18:00开园,https://imgs.qunarzz.com/sight/p0/2109/4d/4dfaba5bd6e0058ea3.img.jpg_710x360_55a25494.jpg,"{""ret"": true, ""data"": {""tagList"": [{""tagType"": 0, ""tagScore"": 5, ""tagNum"": 0, ""tagName"": ""\u5168\u90e8""}], ""score"": 0.0, ""commentCount"": 0}, ""statusCode"": 200}"
奇瓜园,https://imgs.qunarzz.com/sight/p92/201211/08/52703274a0a3b09493835fbb.jpg_280x200_7ae3454d.jpg,茂名市,茂南区,广东省茂名市茂南区茂名森林公园内,-1,-1.0,奇瓜园奇瓜荟萃，是赏瓜的好去处。瓜熟时节，在奇瓜园您可以看到象蛇一样弯弯曲曲又长又大的蛇瓜，象皇冠一样美丽的佛手瓜，全身,https://piao.qunar.com/ticket/detail_495520553.html?st=a3clM0QlRTglOEMlODIlRTUlOEQlOTclRTUlOEMlQkElMjZpZCUzRDI1ODM5JTI2dHlwZSUzRDAlMjZpZHglM0QxMiUyNnF0JTNEJTI2YXBrJTNEMiUyNnNjJTNEV1dXJTI2dXIlM0QlRTQlQjglQUQlRTUlQjElQjElMjZsciUzRCVFNCVCOCVBRCVFNSVCMSVCMSUyNmZ0JTNEJTdCJTdE#from=mpl_search_suggest,-1.0,N/A,奇瓜园奇瓜荟萃，是赏瓜的好去处。瓜熟时节，在奇瓜园您可以看到象蛇一样弯弯曲曲又长又大的蛇瓜，象皇冠一样美丽的佛手瓜，全身长满疙瘩的疙瘩瓜，还有颈黄腰绿的龙凤瓢，老鼠模样的老鼠瓜，黄金间碧玉的鸳鸯梨，冰清玉洁的“金童”和“玉女”……同时，瓜棚内设置的“瓜之迷”、“瓜哥俏皮话廊”，给您增长知识，增加情趣。漫步奇瓜园，一定能令你心情愉快，大开眼界。,暂无,https://imgs.qunarzz.com/sight/p92/201211/08/52703274a0a3b09493835fbb.jpg_710x360_6bd7fddb.jpg,"{""ret"": true, ""data"": {""tagList"": [{""tagType"": 0, ""tagScore"": 5, ""tagNum"": 0, ""tagName"": ""\u5168\u90e8""}], ""score"": 0.0, ""commentCount"": 0}, ""statusCode"": 200}"
天空之城真人实景密室逃脱,https://imgs.qunarzz.com/sight/p0/1410/1e/021b72855c578e330fda40c5f52533f2.water.jpg_280x200_dca4379c.jpg,茂名市,茂南区,广东省茂名市茂南区迎宾一路党校西侧宾南路6号,-1,-1.0,考验你逻辑思维、创造力、想象力,https://piao.qunar.com/ticket/detail_727114923.html?st=a3clM0QlRTglOEMlODIlRTUlOEQlOTclRTUlOEMlQkElMjZpZCUzRDE5ODcyMyUyNnR5cGUlM0QwJTI2aWR4JTNEMTAlMjZxdCUzRCUyNmFwayUzRDIlMjZzYyUzRFdXVyUyNnVyJTNEJUU0JUI4JUFEJUU1JUIxJUIxJTI2bHIlM0QlRTQlQjglQUQlRTUlQjElQjElMjZmdCUzRCU3QiU3RA%3D%3D#from=mpl_search_suggest,-1.0,N/A,天空之城真人实景密室逃脱由茂名千匙文化传媒强势打造，2014年年初开业，近千平米场地，六大多空间主题密室，还有各类小型主题陆续开放中。恭迎各方喜爱恐怖、刺激、冒险的玩家前来参与一小时的刺激逃离计划！考验你逻辑思维、创造力、想象力、细心、耐心及团队默契。,景区暂时停业，详情请以景区公示为准；原开放时间:14:00-24:00,https://imgs.qunarzz.com/sight/p0/1410/1e/021b72855c578e330fda40c5f52533f2.water.jpg_710x360_56cadc8e.jpg〇https://imgs.qunarzz.com/sight/p0/1410/9a/3988d5d670a27ef20946e9fe19f085e3.water.jpg_710x360_d33e8c98.jpg〇https://imgs.qunarzz.com/sight/p0/1410/98/1fa0bf38b3f11d8109c8a89a55f14f51.water.jpg_710x360_63ee6130.jpg〇https://imgs.qunarzz.com/sight/p0/1410/8f/9d4754af6935cc174d88b51c417da538.water.jpg_710x360_3439adfd.jpg〇https://imgs.qunarzz.com/sight/p0/1410/fc/f98708ba04bf656b3c98e40777bcfb60.water.jpg_710x360_eae26e5f.jpg,"{""ret"": true, ""data"": {""tagList"": [{""tagType"": 0, ""tagScore"": 5, ""tagNum"": 0, ""tagName"": ""\u5168\u90e8""}], ""score"": 0.0, ""commentCount"": 0}, ""statusCode"": 200}"
猛兽园,https://imgs.qunarzz.com/sight/p59/201211/00/6fd5982279be163293835fbb.jpg_280x200_84e7945a.jpg,茂名市,茂南区,广东省茂名市茂南区茂名森林公园内,-1,-1.0,动物界中的大力士，身体魁梧雄壮,https://piao.qunar.com/ticket/detail_2471864789.html?st=a3clM0QlRTglOEMlODIlRTUlOEQlOTclRTUlOEMlQkElMjZpZCUzRDI1MzY5JTI2dHlwZSUzRDAlMjZpZHglM0Q5JTI2cXQlM0QlMjZhcGslM0QyJTI2c2MlM0RXV1clMjZ1ciUzRCVFNCVCOCVBRCVFNSVCMSVCMSUyNmxyJTNEJUU0JUI4JUFEJUU1JUIxJUIxJTI2ZnQlM0QlN0IlN0Q%3D#from=mpl_search_suggest,-1.0,N/A,猛兽园是一组猛兽的笼舍展区，有黑熊、东北虎、非洲狮、金钱豹等凶猛食肉动物。黑熊又叫狗熊，是动物界中的大力士，身体魁梧雄壮，但四条腿很短，走起路来摇摇晃晃，看上去笨头笨脑的。其实它不仅善于游泳和奔跑，还是出色的爬树能手呢。黑熊喜欢在笼子里窜来窜去，将爪子搭在铁枝上，咧着大嘴与您面面相觑，红彤彤的舌头，寒森森的利牙，血腥味迎面扑来。此时，您的心一定会缩紧狂跳，其实它并无恶意，在食物方面，对它们而言，蜂蜜比肉食更有吸引力。威风凛凛的东北虎就不一样了，强悍凶猛，当它森然的目光与您的视线相遇时，您会真切地感受到“虎视眈眈”的压力；当低沉而具有穿透力的虎啸声传入您的耳里时，您会觉得一股寒意从脚底升起。此时此刻，此情此景，您肯定体会到老虎为什么象征了“力量、勇敢和不可战胜”。非洲狮被人们誉为“兽中之王”，这不是因为它的凶猛和巨大，而是因为它那洪亮的吼声和威武的雄姿。狮子的牙齿上下颌各有一对裂齿，咬起食物来“齿到肉开”，干脆利落，令人联想起剪刀的两片利锋。金钱豹形如其名，全身棕黄而遍布黑褐色金钱花斑，头圆耳小，样子娇小得玲珑可爱。但是千万别被它的外表所迷惑，它性情刚烈，可凶猛了，打起架来，可不管你是老虎还是狮子。,暂无,https://imgs.qunarzz.com/sight/p59/201211/00/6fd5982279be163293835fbb.jpg_710x360_acb923e3.jpg,"{""ret"": true, ""data"": {""tagList"": [{""tagType"": 0, ""tagScore"": 5, ""tagNum"": 0, ""tagName"": ""\u5168\u90e8""}], ""score"": 0.0, ""commentCount"": 0}, ""statusCode"": 200}"
露天矿生态公园,https://qimgs.qunarzz.com/piao_qsight_provider_piao_qsight_web/10081f000001gqiw7BFBD_C_900_504.jpg_280x200_1a644853.jpg,茂名市,茂南区,广东省茂名市茂南区采矿路,-1,-1.0,矿场遗址，湖水碧绿清澈,https://piao.qunar.com/ticket/detail_2822848761.html?st=a3clM0QlRTglOEMlODIlRTUlOEQlOTclRTUlOEMlQkElMjZpZCUzRDUyOTEzMCUyNnR5cGUlM0QwJTI2aWR4JTNEOCUyNnF0JTNEJTI2YXBrJTNEMiUyNnNjJTNEV1dXJTI2dXIlM0QlRTQlQjglQUQlRTUlQjElQjElMjZsciUzRCVFNCVCOCVBRCVFNSVCMSVCMSUyNmZ0JTNEJTdCJTdE#from=mpl_search_suggest,-1.0,N/A,N/A,1/1-12/31；周一至周日；08:00-22:00开园,https://qimgs.qunarzz.com/piao_qsight_provider_piao_qsight_web/10081f000001gqiw7BFBD_C_900_504.jpg_710x360_3c5320b0.jpg〇https://qimgs.qunarzz.com/piao_qsight_provider_piao_qsight_web/10081f000001gqiw7BFBD_C_900_504_Q90_Mtg_7.jpg_710x360_b5d5a597.jpg,"{""ret"": true, ""data"": {""tagList"": [{""tagType"": 0, ""tagScore"": 5, ""tagNum"": 0, ""tagName"": ""\u5168\u90e8""}], ""score"": 0.0, ""commentCount"": 0}, ""statusCode"": 200}"
鳄人谷生态旅游区,https://imgs.qunarzz.com/sight/p0/1802/7c/7cddf9993c7cb3da3.img.jpg_280x200_751b42e3.jpg,茂名市,高州市,广东省茂名市高州市分界镇良种繁育场内,14,4.8,集鳄鱼主题观光游乐一体的综合性生态旅游区,https://piao.qunar.com/ticket/detail_2346890720.html?st=a3clM0QlRTklQUIlOTglRTUlQjclOUUlRTUlQjglODIlMjZpZCUzRDQ2NzQ1MCUyNnR5cGUlM0QwJTI2aWR4JTNEMTAlMjZxdCUzRCUyNmFwayUzRDIlMjZzYyUzRFdXVyUyNnVyJTNEJUU0JUI4JUFEJUU1JUIxJUIxJTI2bHIlM0QlRTQlQjglQUQlRTUlQjElQjElMjZmdCUzRCU3QiU3RA%3D%3D#from=mpl_search_suggest,-1.0,N/A,广东鳄人谷生态旅游区位于广东省茂名市高州分界镇宏益鳄鱼世界产业园内，距离茂名城区25公里，临近汕湛高速、包茂高速交通便捷区位优越。景区规划用地2200亩，计划总投资12亿元，分三期建设，规划建成集鳄鱼驯养繁育科普、鳄鱼产业链的展示、鳄鱼主题观光游乐于一体，融合一二三产业的综合性生态旅游区。项目一期建设计划2018年完成，规划内容包括综合服务区、繁育养殖区、人鳄互动体验区、湿地生态区、加工产业区等五个*能区，集科普教育、游乐、餐饮、购物于一体，是休闲娱乐、旅游度假、商务会议的极佳场所，更是亲子互动、团体旅游的优选基地。,景区暂时停业，详情请以景区公示为准；原开放时间::9:00-17:00,https://imgs.qunarzz.com/sight/p0/1802/7c/7cddf9993c7cb3da3.img.jpg_710x360_e05d06c0.jpg〇https://imgs.qunarzz.com/sight/p0/1802/bd/bdadc26c2c1991baa3.img.jpg_710x360_db5310fc.jpg〇https://imgs.qunarzz.com/sight/p0/1802/f1/f1c7ed77c81699a2a3.img.jpg_710x360_cd1b3ada.jpg〇https://qimgs.qunarzz.com/piao_qsight_provider_piao_qsight_web/6795f93386039f02.jpg_710x360_be200984.jpg〇https://qimgs.qunarzz.com/piao_qsight_provider_piao_qsight_web/20d2e19c8bac5b02.jpg_710x360_b4e8dcc3.jpg,"{""ret"": true, ""data"": {""tagList"": [{""tagType"": 8, ""tagScore"": 5, ""tagNum"": 1, ""tagName"": ""\u4fbf\u5b9c""}, {""tagType"": 2, ""tagScore"": 5, ""tagNum"": 1, ""tagName"": ""\u4e2d\u8bc4""}, {""tagType"": 1, ""tagScore"": 5, ""tagNum"": 13, ""tagName"": ""\u597d\u8bc4""}, {""tagType"": 0, ""tagScore"": 5, ""tagNum"": 14, ""tagName"": ""\u5168\u90e8""}], ""commentList"": [{""author"": ""\u5c0f*i"", ""content"": ""\u7528\u6237\u672a\u70b9\u8bc4\uff0c\u7cfb\u7edf\u9ed8\u8ba4\u597d\u8bc4\u3002"", ""date"": ""2020-01-22"", ""score"": 5, ""commentId"": ""213964377"", ""imgs"": [], ""userNickName"": ""\u5c0f*i"", ""replyCityName"": """", ""cityName"": """"}, {""author"": ""\u5c0f*i"", ""content"": ""\u7528\u6237\u672a\u70b9\u8bc4\uff0c\u7cfb\u7edf\u9ed8\u8ba4\u597d\u8bc4\u3002"", ""date"": ""2020-01-22"", ""score"": 5, ""commentId"": ""213964373"", ""imgs"": [], ""userNickName"": ""\u5c0f*i"", ""replyCityName"": """", ""cityName"": """"}, {""author"": ""\u72c2*\u674f"", ""content"": ""\u9664\u4e86\u770b\u9cc4\u9c7c\u8fd8\u662f\u770b\u9cc4\u9c7c\uff0c\u5e76\u6ca1\u6709\u5176\u4ed6\u4eae\u70b9\uff01\u4ea4\u901a\u5f88\u4fbf\u5229\uff0c\u51e0\u4e4e\u5c31\u5728\u9ad8\u901f\u51fa\u53e3\u8fb9\u4e0a\uff0c\u4f4d\u7f6e\u597d\u627e\uff0c\u5e0c\u671b\u4ee5\u540e\u4f1a\u6dfb\u52a0\u591a\u4e00\u4e9b\u73a9\u70b9\u3002"", ""date"": ""2018-05-17"", ""score"": 3, ""commentId"": ""206230859"", ""imgs"": [{""small"": ""https://imgs.qunarzz.com/piao/fusion/1805/19/20d2e19c8bac5b02.jpg_120x120_eac539b2.jpg"", ""title"": """", ""big"": ""https://imgs.qunarzz.com/piao/fusion/1805/19/20d2e19c8bac5b02.jpg""}, {""small"": ""https://imgs.qunarzz.com/piao/fusion/1805/44/6795f93386039f02.jpg_120x120_3bef17d7.jpg"", ""title"": """", ""big"": ""https://imgs.qunarzz.com/piao/fusion/1805/44/6795f93386039f02.jpg""}], ""userNickName"": ""\u72c2*\u674f"", ""replyCityName"": """", ""cityName"": """"}, {""author"": ""\u51c0*\u8bd7"", ""content"": ""\u7528\u6237\u672a\u70b9\u8bc4\uff0c\u7cfb\u7edf\u9ed8\u8ba4\u597d\u8bc4\u3002"", ""date"": ""2018-08-29"", ""score"": 5, ""commentId"": ""207433360"", ""imgs"": [], ""userNickName"": ""\u51c0*\u8bd7"", ""replyCityName"": """", ""cityName"": """"}, {""author"": ""\u51c0*\u8bd7"", ""content"": ""\u7528\u6237\u672a\u70b9\u8bc4\uff0c\u7cfb\u7edf\u9ed8\u8ba4\u597d\u8bc4\u3002"", ""date"": ""2018-08-29"", ""score"": 5, ""commentId"": ""207433333"", ""imgs"": [], ""userNickName"": ""\u51c0*\u8bd7"", ""replyCityName"": """", ""cityName"": """"}, {""author"": ""d*6"", ""content"": ""\u7528\u6237\u672a\u70b9\u8bc4\uff0c\u7cfb\u7edf\u9ed8\u8ba4\u597d\u8bc4\u3002"", ""date"": ""2018-08-22"", ""score"": 5, ""commentId"": ""207301762"", ""imgs"": [], ""userNickName"": ""d*6"", ""replyCityName"": """", ""cityName"": """"}, {""author"": ""d*6"", ""content"": ""\u7528\u6237\u672a\u70b9\u8bc4\uff0c\u7cfb\u7edf\u9ed8\u8ba4\u597d\u8bc4\u3002"", ""date"": ""2018-08-22"", ""score"": 5, ""commentId"": ""207301741"", ""imgs"": [], ""userNickName"": ""d*6"", ""replyCityName"": """", ""cityName"": """"}, {""author"": ""g*1"", ""content"": ""\u7528\u6237\u672a\u70b9\u8bc4\uff0c\u7cfb\u7edf\u9ed8\u8ba4\u597d\u8bc4\u3002"", ""date"": ""2018-08-12"", ""score"": 5, ""commentId"": ""207141393"", ""imgs"": [], ""userNickName"": ""g*1"", ""replyCityName"": """", ""cityName"": """"}, {""author"": ""\u590f*\u597d"", ""content"": ""\u7528\u6237\u672a\u70b9\u8bc4\uff0c\u7cfb\u7edf\u9ed8\u8ba4\u597d\u8bc4\u3002"", ""date"": ""2018-07-18"", ""score"": 5, ""commentId"": ""206840523"", ""imgs"": [], ""userNickName"": ""\u590f*\u597d"", ""replyCityName"": """", ""cityName"": """"}, {""author"": ""j*5"", ""content"": ""\u7528\u6237\u672a\u70b9\u8bc4\uff0c\u7cfb\u7edf\u9ed8\u8ba4\u597d\u8bc4\u3002"", ""date"": ""2018-05-21"", ""score"": 5, ""commentId"": ""206258449"", ""imgs"": [], ""userNickName"": ""j*5"", ""replyCityName"": """", ""cityName"": """"}], ""score"": 4.8, ""commentCount"": 14}, ""statusCode"": 200}"
世界名人塑像长廊,https://imgs.qunarzz.com/sight/p31/201211/07/feab612b0d0e25f893835fbb.jpg_280x200_e885e298.jpg,茂名市,茂南区,广东省茂名市茂南区茂名森林公园内,1,5.0,汇集了古今中外六十多个名人的头像雕塑,https://piao.qunar.com/ticket/detail_2503127805.html?st=a3clM0QlRTglOEMlODIlRTUlOEQlOTclRTUlOEMlQkElMjZpZCUzRDI2ODQwJTI2dHlwZSUzRDAlMjZpZHglM0Q3JTI2cXQlM0QlMjZhcGslM0QyJTI2c2MlM0RXV1clMjZ1ciUzRCVFNCVCOCVBRCVFNSVCMSVCMSUyNmxyJTNEJUU0JUI4JUFEJUU1JUIxJUIxJTI2ZnQlM0QlN0IlN0Q%3D#from=mpl_search_suggest,-1.0,N/A,在世界名人塑像长廊里，汇集了古今中外六十多个名人的头像雕塑。如我国古代伟大思想家孔子”的东汉科学家张衡，我国新文学奠基者之一的现当代作家巴金，以及《蒙娜丽莎》的创作者――意大利文艺大师达?芬奇，发明了电报机、白炽电灯的美国发明家爱迪生等等。漫步在世界名人塑像长廊，如同倘徉在知识的海洋里，给人以知识的启迪，令人肃然起敬，心灵受到震撼，催人奋进,暂无,https://imgs.qunarzz.com/sight/p31/201211/07/feab612b0d0e25f893835fbb.jpg_710x360_67258597.jpg,"{""ret"": true, ""data"": {""tagList"": [{""tagType"": 1, ""tagScore"": 5, ""tagNum"": 1, ""tagName"": ""\u597d\u8bc4""}, {""tagType"": 0, ""tagScore"": 5, ""tagNum"": 1, ""tagName"": ""\u5168\u90e8""}], ""commentList"": [{""author"": ""a*3"", ""content"": ""\u4eca\u5929\u5728\u6d6a\u6f2b\u6d77\u5cb8\u4e00\u5929\u6e38\u5f88\u597d\u73a9\u554a\uff01"", ""date"": ""2021-04-02"", ""score"": 5, ""commentId"": ""218332766"", ""imgs"": [], ""userNickName"": ""a*3"", ""replyCityName"": """", ""cityName"": """"}], ""score"": 5.0, ""commentCount"": 1}, ""statusCode"": 200}"
有福城,https://qimgs.qunarzz.com/piao_qsight_provider_piao_qsight_web/temp570784649314012844601059120009jkylls6CC1_wmr.jpg_280x200_811f433b.jpg,茂名市,电白区,广东省茂名市电白区南海街道办海城二路7号/有福城景区,-1,-1.0,"沉浸式音画舞剧故事梗概：

由冼夫人的心愿而幻化的意志——清歌，带着人性本真的初心来到有福城，希望自己能够成为“福星",https://piao.qunar.com/ticket/detail_2097917817.html?st=a3clM0QlRTclOTQlQjUlRTclOTklQkQlRTUlOEMlQkElMjZpZCUzRDUxNDcwNyUyNnR5cGUlM0QwJTI2aWR4JTNEMTElMjZxdCUzRCUyNmFwayUzRDIlMjZzYyUzRFdXVyUyNnVyJTNEJUU0JUI4JUFEJUU1JUIxJUIxJTI2bHIlM0QlRTQlQjglQUQlRTUlQjElQjElMjZmdCUzRCU3QiU3RA%3D%3D#from=mpl_search_suggest,-1.0,N/A,沉浸式音画舞剧故事梗概：由冼夫人的心愿而幻化的意志——清歌，带着人性本真的初心来到有福城，希望自己能够成为“福星”。却不知，自己是人人想要争夺和得到的“好运气”。在药柜中，清歌见识了众意志们为了达到自己的目 的和所求，展现出的冷漠、麻木、虚伪，甚至对仁者生死的漠视，这让清歌对于自己成为福星的愿望产生了怀疑。遇见了仁者，让清歌学会了始终善念。仁者的宽厚、纯善以及甘于奉献，让清歌对于“福星”有了新的认识。同时，清歌也在帮助仁者研制治病的药方时，告诉仁者救世需救心的道理，并研制出了救心的良方。但意志们不断膨胀的“欲望”是难医治的。良方的失效，让清歌意识到，想要彻底治好人心，除了善良，还要有方法和手段。与谋士的三局棋，让清歌学会了“舍得”并且明白：欲望是无法治愈的，只有利导和制衡将人心的欲念导向好的方向。但谋士无所不用其极的掠夺他人的成*，占据别人的胜利，所有人都沦为他的棋子，让清歌一次产生了“截杀”之心。她用简单的“弃子”击碎了谋士的天启“奇局”，而清歌也有了术的进阶。狂人用一场为天下人祈福的盛大仪式，邀请清歌为天下人许愿。清歌以为自己终于可以实现“福星”的使命。但只因为一个小小沉香屑，狂人却大开杀戒。并拿走了所有人的幸福，以此要挟清歌用运气庇佑他的王权千秋万代。清歌用自己的气运揭示了狂人欲盖弥彰的真相。为天下人祈福的盛典 ，其实是狂人掩盖自己罪恶的过去而忏悔的道场。清歌让狂人直面了内心的不堪和恐惧，同时将自己的气运散尽，将幸福还给天下人。自己灵力消失，成为低阶的意志。,"09:00-22:00 , 21:00停止入园",https://qimgs.qunarzz.com/piao_qsight_provider_piao_qsight_web/temp570784649314012844601059120009jkylls6CC1_wmr.jpg_710x360_cbb35985.jpg,"{""ret"": true, ""data"": {""tagList"": [{""tagType"": 0, ""tagScore"": 5, ""tagNum"": 0, ""tagName"": ""\u5168\u90e8""}], ""score"": 0.0, ""commentCount"": 0}, ""statusCode"": 200}"
仙娘谷游乐中心,https://qimgs.qunarzz.com/piao_qsight_provider_piao_qsight_web/CghzflW7H_iATdynAAA-FlXAIeA738_C_900_504.jpg_280x200_e742c64d.jpg,茂名市,电白区,电白区罗坑镇高华村委会棉花地,-1,-1.0,N/A,https://piao.qunar.com/ticket/detail_9280537.html?st=a3clM0QlRTclOTQlQjUlRTclOTklQkQlRTUlOEMlQkElMjZpZCUzRDUyNjc0OCUyNnR5cGUlM0QwJTI2aWR4JTNEMTAlMjZxdCUzRCUyNmFwayUzRDIlMjZzYyUzRFdXVyUyNnVyJTNEJUU0JUI4JUFEJUU1JUIxJUIxJTI2bHIlM0QlRTQlQjglQUQlRTUlQjElQjElMjZmdCUzRCU3QiU3RA%3D%3D#from=mpl_search_suggest,-1.0,N/A,N/A,1/1-12/31；周一至周日；08:00-21:00开园；（18:00停止入园）,https://qimgs.qunarzz.com/piao_qsight_provider_piao_qsight_web/CghzflW7H_iATdynAAA-FlXAIeA738_C_900_504.jpg_710x360_a48badde.jpg,"{""ret"": true, ""data"": {""tagList"": [{""tagType"": 0, ""tagScore"": 5, ""tagNum"": 0, ""tagName"": ""\u5168\u90e8""}], ""score"": 0.0, ""commentCount"": 0}, ""statusCode"": 200}"
古郡越野,https://qimgs.qunarzz.com/piao_qsight_provider_piao_qsight_web/0101g120008i3cmrk0AA9_C_900_504.png_280x200_cbf8dc77.png,茂名市,高州市,茂名市高州市南塘镇平乐塘村,-1,-1.0,N/A,https://piao.qunar.com/ticket/detail_312749608.html?st=a3clM0QlRTklQUIlOTglRTUlQjclOUUlRTUlQjglODIlMjZpZCUzRDUzODY2MiUyNnR5cGUlM0QwJTI2aWR4JTNEMjMlMjZxdCUzRCUyNmFwayUzRDIlMjZzYyUzRFdXVyUyNnVyJTNEJUU0JUI4JUFEJUU1JUIxJUIxJTI2bHIlM0QlRTQlQjglQUQlRTUlQjElQjElMjZmdCUzRCU3QiU3RA%3D%3D#from=mpl_search_suggest,-1.0,N/A,N/A,具体营业状态以当天开放情况为准。,https://qimgs.qunarzz.com/piao_qsight_provider_piao_qsight_web/0101g120008i3cmrk0AA9_C_900_504.png_710x360_6d550772.png〇https://qimgs.qunarzz.com/piao_qsight_provider_piao_qsight_web/0105h120008i3c8ht11D4_C_900_504_Q90_Mtg_7.jpg_710x360_fe55eec3.jpg〇https://qimgs.qunarzz.com/piao_qsight_provider_piao_qsight_web/0104d120008i3ci6h788B_C_900_504_Q90_Mtg_7.jpg_710x360_61a34c64.jpg〇https://qimgs.qunarzz.com/piao_qsight_provider_piao_qsight_web/0105c120008i3cv7a226A_C_900_504_Q90_Mtg_7.jpg_710x360_7b17671a.jpg〇https://qimgs.qunarzz.com/piao_qsight_provider_piao_qsight_web/01013120008i3chn00E88_C_900_504_Q90_Mtg_7.jpg_710x360_a3b5e5ee.jpg〇https://qimgs.qunarzz.com/piao_qsight_provider_piao_qsight_web/0101g120008i3cmrk0AA9_C_900_504_Q90_Mtg_7.png_710x360_5964c2b2.png,"{""ret"": true, ""data"": {""tagList"": [{""tagType"": 0, ""tagScore"": 5, ""tagNum"": 0, ""tagName"": ""\u5168\u90e8""}], ""score"": 0.0, ""commentCount"": 0}, ""statusCode"": 200}"
OG 真人密室逃脱,https://imgs.qunarzz.com/sight/p0/201404/24/ccb3b4f77ddbff9cd96f9f6013ca42b2.jpg_280x200_3351fcfd.jpg,茂名市,茂南区,广东省茂名市新福一路43号二楼,-1,-1.0,真人密室逃脱思维拓展中心,https://piao.qunar.com/ticket/detail_1618694423.html?st=a3clM0QlRTglOEMlODIlRTUlOEQlOTclRTUlOEMlQkElMjZpZCUzRDE5NDcxMiUyNnR5cGUlM0QwJTI2aWR4JTNEMTMlMjZxdCUzRCUyNmFwayUzRDIlMjZzYyUzRFdXVyUyNnVyJTNEJUU0JUI4JUFEJUU1JUIxJUIxJTI2bHIlM0QlRTQlQjglQUQlRTUlQjElQjElMjZmdCUzRCU3QiU3RA%3D%3D#from=mpl_search_suggest,-1.0,N/A,茂名OG真人密室逃脱思维拓展中心，以原创故事情节为主线，贯穿各个主题房间。理由2《务府有鬼》和《绝处逢生》神秘线索、诡异场景、破译暗码、突破重围，让每一位玩家都能在互动娱乐中体验到前所未有的趣味、新奇、神秘及惊喜！理由3OG真人密室逃脱有别于网络虚拟的解密类（房间逃出）游戏模式，游戏精心布置的现实场景与多重机关会很大限度地挑战你的个人及团队的逻辑推理。,暂无,https://imgs.qunarzz.com/sight/p0/201404/24/ccb3b4f77ddbff9cd96f9f6013ca42b2.jpg_710x360_1b6555a4.jpg〇https://imgs.qunarzz.com/sight/p0/201404/24/ac5bd446e606cb533589b2c75486ecf6.jpg_710x360_0298796f.jpg〇https://imgs.qunarzz.com/sight/p0/201404/24/2996c1fb941a708b14c6e8a1b3a809be.jpg_710x360_16f5b012.jpg〇https://imgs.qunarzz.com/sight/p0/201404/24/11a567aa57ff32201bfe3b7d42528674.jpg_710x360_b6d43ab1.jpg〇https://imgs.qunarzz.com/sight/p0/201404/24/62021bd4658764398d806b8de8dc4e71.jpg_710x360_4f6b1371.jpg,"{""ret"": true, ""data"": {""tagList"": [{""tagType"": 0, ""tagScore"": 5, ""tagNum"": 0, ""tagName"": ""\u5168\u90e8""}], ""score"": 0.0, ""commentCount"": 0}, ""statusCode"": 200}"
高州南果花乡农业公园,https://mp-piao-admincp.qunarzz.com/mp_piao_admin_mp_piao_admin/admin/20217/30d54820c6727b9958d585769ab3c5c2.png_280x200_7ef61cce.png,茂名市,高州市,茂名市高州市镇江镇南果花乡农业公园,-1,-1.0,高州南果花乡农业公园位于中国水果之乡广东省茂名高州市的镇江镇，是一个集农业观光、体验和乡村野趣游戏于一体的现代化立体农业,https://piao.qunar.com/ticket/detail_3564108567.html?st=a3clM0QlRTklQUIlOTglRTUlQjclOUUlRTUlQjglODIlMjZpZCUzRDUwNTQ4MSUyNnR5cGUlM0QwJTI2aWR4JTNEMjIlMjZxdCUzRCUyNmFwayUzRDIlMjZzYyUzRFdXVyUyNnVyJTNEJUU0JUI4JUFEJUU1JUIxJUIxJTI2bHIlM0QlRTQlQjglQUQlRTUlQjElQjElMjZmdCUzRCU3QiU3RA%3D%3D#from=mpl_search_suggest,-1.0,N/A,高州南果花乡农业公园位于中国水果之乡广东省茂名高州市的镇江镇，是一个集农业观光、体验和乡村野趣游戏于一体的现代化立体农业项目，除从事绿色水果、蔬菜的生产、销售等农业本色业务外，还提供乡村风味餐饮、野营住宿、水果采摘、垂钓与捞鱼、农村传统儿童游戏体验、传统农耕文化展示与体验、现代农业观光与体验等农业特色休闲服务。,1/1-12/31；周一至周日；8:30-18:00开园,https://mp-piao-admincp.qunarzz.com/mp_piao_admin_mp_piao_admin/admin/20217/30d54820c6727b9958d585769ab3c5c2.png_710x360_c2302e12.png,"{""ret"": true, ""data"": {""tagList"": [{""tagType"": 0, ""tagScore"": 5, ""tagNum"": 0, ""tagName"": ""\u5168\u90e8""}], ""score"": 0.0, ""commentCount"": 0}, ""statusCode"": 200}"
广东鳄人谷生态旅游区,https://qimgs.qunarzz.com/piao_qsight_provider_piao_qsight_web/100w1f000001gwbldDD9B_C_900_504.jpg_280x200_68d29e0b.jpg,茂名市,高州市,X612(高州路),-1,-1.0,N/A,https://piao.qunar.com/ticket/detail_3436836869.html?st=a3clM0QlRTklQUIlOTglRTUlQjclOUUlRTUlQjglODIlMjZpZCUzRDUyOTExNCUyNnR5cGUlM0QwJTI2aWR4JTNEMjElMjZxdCUzRCUyNmFwayUzRDIlMjZzYyUzRFdXVyUyNnVyJTNEJUU0JUI4JUFEJUU1JUIxJUIxJTI2bHIlM0QlRTQlQjglQUQlRTUlQjElQjElMjZmdCUzRCU3QiU3RA%3D%3D#from=mpl_search_suggest,-1.0,N/A,N/A,具体营业状态以当天开放情况为准,https://qimgs.qunarzz.com/piao_qsight_provider_piao_qsight_web/100w1f000001gwbldDD9B_C_900_504.jpg_710x360_a9d3c71c.jpg〇https://qimgs.qunarzz.com/piao_qsight_provider_piao_qsight_web/100u0p000000fjhoi1972_C_900_504_Q90_Mtg_7.jpg_710x360_3cf86b6d.jpg〇https://qimgs.qunarzz.com/piao_qsight_provider_piao_qsight_web/10010p000000fwfzuEB69_C_900_504_Q90_Mtg_7.jpg_710x360_3c6f15bd.jpg〇https://qimgs.qunarzz.com/piao_qsight_provider_piao_qsight_web/100w1f000001gwbldDD9B_C_900_504_Q90_Mtg_7.jpg_710x360_151743cb.jpg,"{""ret"": true, ""data"": {""tagList"": [{""tagType"": 0, ""tagScore"": 5, ""tagNum"": 0, ""tagName"": ""\u5168\u90e8""}], ""score"": 0.0, ""commentCount"": 0}, ""statusCode"": 200}"
茂名市茂南区星空艺术馆,https://qimgs.qunarzz.com/piao_qsight_provider_piao_qsight_web/temp15625186544125423085100g13000000u1issD855_wmr.jpg_280x200_2802498f.jpg,茂名市,茂南区,茂名市茂南区文光一街南一巷二楼,-1,-1.0,N/A,https://piao.qunar.com/ticket/detail_3803573776.html?st=a3clM0QlRTglOEMlODIlRTUlOEQlOTclRTUlOEMlQkElMjZpZCUzRDQ3MzY3MSUyNnR5cGUlM0QwJTI2aWR4JTNEMTElMjZxdCUzRCUyNmFwayUzRDIlMjZzYyUzRFdXVyUyNnVyJTNEJUU0JUI4JUFEJUU1JUIxJUIxJTI2bHIlM0QlRTQlQjglQUQlRTUlQjElQjElMjZmdCUzRCU3QiU3RA%3D%3D#from=mpl_search_suggest,-1.0,N/A,N/A,1/1-12/31；10:00-23:30开园,https://qimgs.qunarzz.com/piao_qsight_provider_piao_qsight_web/temp15625186544125423085100g13000000u1issD855_wmr.jpg_710x360_ff21a1e2.jpg,"{""ret"": true, ""data"": {""tagList"": [{""tagType"": 0, ""tagScore"": 5, ""tagNum"": 0, ""tagName"": ""\u5168\u90e8""}], ""score"": 0.0, ""commentCount"": 0}, ""statusCode"": 200}"
高州水库,https://imgs.qunarzz.com/sight/p88/201211/05/c51f2d844b6b63da93835fbb.jpg_280x200_960635d8.jpg,茂名市,高州市,广东省茂名市高州市,-1,-1.0,色同碧，吹来轻风，飘来薄雾,https://piao.qunar.com/ticket/detail_1109763568.html?st=a3clM0QlRTklQUIlOTglRTUlQjclOUUlRTUlQjglODIlMjZpZCUzRDE0MDMlMjZ0eXBlJTNEMCUyNmlkeCUzRDIwJTI2cXQlM0QlMjZhcGslM0QyJTI2c2MlM0RXV1clMjZ1ciUzRCVFNCVCOCVBRCVFNSVCMSVCMSUyNmxyJTNEJUU0JUI4JUFEJUU1JUIxJUIxJTI2ZnQlM0QlN0IlN0Q%3D#from=mpl_search_suggest,-1.0,N/A,玉湖，湖水与山光、天色同碧，吹来轻风，飘来薄雾，绕着山，绕着轩榭和游人，此情此景，使人疑为蓬莱仙景；玉湖的山是连绵起伏的，娇媚得如彩点染。也许是水绿树绿的原因吧，风来松涛阵阵，绿浪无边。它与石骨大坝、良德大坝等八条泥龙连接，锁住了曹江和大井河，兜住了11.5亿立方米的水，形成一个闻名遐迩的人工湖――高州水库。山是大自然的造成物，湖是人创造的奇迹。每当细雨蒙蒙，那山犹如披着面纱的少女似的，能看到的是隐隐约约的秀气的脸蛋。面对这诱人的神韵，恐怕就连“江郎才尽”的诗人，也许会灵犀一点通，吟咏出令诗神也叹服的绝唱。1959年，水库建成蓄水，淹没了良德、石骨、黄塘、均墟四个古老的墟镇(其中良德墟曾是唐明皇太监高力士的故乡)，移民5万50多米。也许是山高水深，也许是季节变更星移物换的缘故吧，水色也跟着变。春水蓝、夏水绿、秋水青、冬水黝蓝。水变山也变，青也罢，绿也罢，湖水却永远是鱼的乐园。玉湖的雕塑点缀着自然美。当人们来到纪念碑前，便沉浸于夯硪的铜像的想象之中，看他们腰圆膀阔，举硪同夯，人们一下子回到当年筑堤造湖的情景：4万民工搬土运泥，肩挑手推，夯硪者随着夯硪的起落，“哎哟，哎哟”地发出铿锵的号声。这原始的诗，描绘出眼前如此雄伟壮丽的场面――玉湖。而今它的美不仅仅是纪念，而且变成了玉湖一景。,1/1-12/31；08:00-18:00开园,https://imgs.qunarzz.com/sight/p88/201211/05/c51f2d844b6b63da93835fbb.jpg_710x360_3255d098.jpg〇https://qimgs.qunarzz.com/piao_qsight_provider_piao_qsight_web/79b54a82e1e7fc37.jpg_710x360_3dba811b.jpg〇https://qimgs.qunarzz.com/piao_qsight_provider_piao_qsight_web/34c4f308ac784cb5.jpg_710x360_fefc7a35.jpg〇https://qimgs.qunarzz.com/piao_qsight_provider_piao_qsight_web/aa32c3dc5c52ffb5.jpg_710x360_f451a04a.jpg〇https://qimgs.qunarzz.com/piao_qsight_provider_piao_qsight_web/68254a0d86da78b5.jpg_710x360_77034527.jpg〇https://qimgs.qunarzz.com/piao_qsight_provider_piao_qsight_web/c5d407956f9a2fb5.jpg_710x360_05543774.jpg〇https://qimgs.qunarzz.com/piao_qsight_provider_piao_qsight_web/335d9bdc92c25eb5.jpg_710x360_2fe9dcac.jpg〇https://qimgs.qunarzz.com/piao_qsight_provider_piao_qsight_web/577fdc03a9b5fcb5.jpg_710x360_1f172090.jpg〇https://qimgs.qunarzz.com/piao_qsight_provider_piao_qsight_web/0d31cc4200f0dbb5.jpg_710x360_93426ef3.jpg〇https://qimgs.qunarzz.com/piao_qsight_provider_piao_qsight_web/3b3b276164cbc0.jpg_710x360_d3a0500c.jpg〇https://qimgs.qunarzz.com/piao_qsight_provider_piao_qsight_web/f424600ad0d509.jpg_710x360_8ec79846.jpg〇https://qimgs.qunarzz.com/piao_qsight_provider_piao_qsight_web/7d9d5dc5bdaf2.jpg_710x360_9ece3982.jpg,"{""ret"": true, ""data"": {""tagList"": [{""tagType"": 0, ""tagScore"": 5, ""tagNum"": 0, ""tagName"": ""\u5168\u90e8""}], ""score"": 0.0, ""commentCount"": 0}, ""statusCode"": 200}"
乐天冰泉水世界,https://imgs.qunarzz.com/sight/p0/201406/06/93fc7ffb0b701d7034d37fc843bc8731.jpg_280x200_1ab1bfb1.jpg,茂名市,高州市,广东茂名高州市乐天大道1号（近石仔岭大转盘）酒店1楼后花园,-1,-1.0,为您在炎炎夏日打造一个避暑乐园,https://piao.qunar.com/ticket/detail_2432893668.html?st=a3clM0QlRTklQUIlOTglRTUlQjclOUUlRTUlQjglODIlMjZpZCUzRDE5NTM0NSUyNnR5cGUlM0QwJTI2aWR4JTNEMTklMjZxdCUzRCUyNmFwayUzRDIlMjZzYyUzRFdXVyUyNnVyJTNEJUU0JUI4JUFEJUU1JUIxJUIxJTI2bHIlM0QlRTQlQjglQUQlRTUlQjElQjElMjZmdCUzRCU3QiU3RA%3D%3D#from=mpl_search_suggest,-1.0,N/A,乐天冰泉·水世界是乐天温泉度假村一个全新的度假项目，融合自然景观与园林建筑与一体的水世界，鸟语花香，水天一色，专业救生员全程守护，尽享碧波畅泳的乐趣。琳琅满目的水果盛宴，让您在舒解身心的同时，带给孩子们一个色彩缤纷的夏天。在这里您可以点上一杯新鲜的果汁或鸡尾酒享受日光浴的乐趣，漫步在印尼风情的“果城水都”。这里也是您和家人。乐天冰泉·水世界现已全面开放！设有大型儿童乐园区、多款冰果、冰酒、花茶等半百数量的泡池。另外，附设有干蒸、湿蒸、冷冻房。休闲餐饮配套齐全。男女更衣室均设有贵宾休息区，热情、周到、温柔、细腻的亲情服务！,暂无,https://imgs.qunarzz.com/sight/p0/201406/06/93fc7ffb0b701d7034d37fc843bc8731.jpg_710x360_f8a3a544.jpg〇https://imgs.qunarzz.com/sight/p0/201406/06/eba7d37613bff90f11f740a0f833b294.jpg_710x360_4ac78690.jpg〇https://imgs.qunarzz.com/sight/p0/201406/06/d47ec40f5f5c376213f75fceb14b4535.jpg_710x360_92b186dd.jpg〇https://imgs.qunarzz.com/sight/p0/201406/06/570e0fcc46c117c13f6f521c19a014d6.jpg_710x360_59a3616b.jpg〇https://imgs.qunarzz.com/sight/p0/201406/06/f54321285ee7c6a61b34f75238a3e954.jpg_710x360_073452e8.jpg〇https://qimgs.qunarzz.com/piao_qsight_provider_piao_qsight_web/498c13d9c8f7d1f7.jpg_710x360_6ae60e78.jpg,"{""ret"": true, ""data"": {""tagList"": [{""tagType"": 0, ""tagScore"": 5, ""tagNum"": 0, ""tagName"": ""\u5168\u90e8""}], ""score"": 0.0, ""commentCount"": 0}, ""statusCode"": 200}"
高州嘉乐比旅游小镇,https://qimgs.qunarzz.com/piao_qsight_provider_piao_qsight_web/0104o12000a2xgaw70B23_C_900_504.jpg_280x200_5a3983d2.jpg,茂名市,高州市,广东省茂名市高州市S280(茂高快线),-1,-1.0,N/A,https://piao.qunar.com/ticket/detail_1953194636.html?st=a3clM0QlRTklQUIlOTglRTUlQjclOUUlRTUlQjglODIlMjZpZCUzRDUxODMwNiUyNnR5cGUlM0QwJTI2aWR4JTNEMTglMjZxdCUzRCUyNmFwayUzRDIlMjZzYyUzRFdXVyUyNnVyJTNEJUU0JUI4JUFEJUU1JUIxJUIxJTI2bHIlM0QlRTQlQjglQUQlRTUlQjElQjElMjZmdCUzRCU3QiU3RA%3D%3D#from=mpl_search_suggest,-1.0,N/A,N/A,具体营业状态以当天开放情况为准。,https://qimgs.qunarzz.com/piao_qsight_provider_piao_qsight_web/0104o12000a2xgaw70B23_C_900_504.jpg_710x360_a63c0b0b.jpg,"{""ret"": true, ""data"": {""tagList"": [{""tagType"": 0, ""tagScore"": 5, ""tagNum"": 0, ""tagName"": ""\u5168\u90e8""}], ""score"": 0.0, ""commentCount"": 0}, ""statusCode"": 200}"
高凉岭,https://qimgs.qunarzz.com/piao_qsight_provider_piao_qsight_web/9207a95bee53df37.jpg_280x200_c4c26fed.jpg,茂名市,高州市,广东省茂名高州市高凉岭旅游区,-1,-1.0,一座耸入苍穹的雄伟大山,https://piao.qunar.com/ticket/detail_1447949605.html?st=a3clM0QlRTklQUIlOTglRTUlQjclOUUlRTUlQjglODIlMjZpZCUzRDc5MTYlMjZ0eXBlJTNEMCUyNmlkeCUzRDE3JTI2cXQlM0QlMjZhcGslM0QyJTI2c2MlM0RXV1clMjZ1ciUzRCVFNCVCOCVBRCVFNSVCMSVCMSUyNmxyJTNEJUU0JUI4JUFEJUU1JUIxJUIxJTI2ZnQlM0QlN0IlN0Q%3D#from=mpl_search_suggest,-1.0,N/A,从高州城出发，沿石骨河北行20公里，可见一座耸入苍穹的雄伟大山，这便是风光如画的高凉岭。据《高州府志》记载，此山“本名高梁，以群峰高耸，盛暑如秋，故更名高凉”。它集奇山、怪石、佳果于一岭，向来是游览胜地。高凉岭以它秀丽的风光闻名遐迩。从山脚拾级逶迤而上，石径如带如练，两旁藤萝牵衣，野花夹道，四面松涛呼呼作响，令人心旷神怡。山腰上，有一座金碧辉煌的古刹，这便是冼夫人庙，香火鼎盛，成为我市一个著名的宗教旅游景点。高凉岭石多且怪。有二人下棋的仙奕石，欲跃龙门的鲤鱼石，引颈啼晓的金鸡石。有的石如金牛戏水，双狮对耍，白鹤飞天。还有石鼓、石船、石池、石床、石桌等等。其中特别引人注目的要数试剑石，此石长约三丈，高达丈余，形似猪腰，中间裂为两半，裂缝处整齐如切。当地传说云：“冼夫人当年曾戌兵高凉，为振军威，以剑劈石，故成此状。”试剑石因此而得名。高凉岭背北向南处，有一片方圆数十亩的绿色林海。各种树木，混杂其间。树根下，石隙间，有潺潺流水，淙淙作响。昔日的僧人，曾在冼太庙旁截水为池，并种夏荷，养金龟，名曰“放生池”。如今，此池尚存水清如镜。林海中，四时佳果，摘之不完，它的果实浑身长刺，收获时砸开其外壳，取黄色果仁，用以炖鸡，味道清香可口，是健身延年之佳品。,01/01-12/31；全天开放,https://qimgs.qunarzz.com/piao_qsight_provider_piao_qsight_web/9207a95bee53df37.jpg_710x360_b0341c48.jpg,"{""ret"": true, ""data"": {""tagList"": [{""tagType"": 0, ""tagScore"": 5, ""tagNum"": 0, ""tagName"": ""\u5168\u90e8""}], ""score"": 0.0, ""commentCount"": 0}, ""statusCode"": 200}"
观山寺群,https://imgs.qunarzz.com/sight/p92/201211/03/5fe80e084b6c071693835fbb.jpg_280x200_17c6ac08.jpg,茂名市,高州市,广东省茂名高州市观山上,-1,-1.0,山青水秀，风景迷人,https://piao.qunar.com/ticket/detail_959844234.html?st=a3clM0QlRTklQUIlOTglRTUlQjclOUUlRTUlQjglODIlMjZpZCUzRDEwMDczJTI2dHlwZSUzRDAlMjZpZHglM0QxNiUyNnF0JTNEJTI2YXBrJTNEMiUyNnNjJTNEV1dXJTI2dXIlM0QlRTQlQjglQUQlRTUlQjElQjElMjZsciUzRCVFNCVCOCVBRCVFNSVCMSVCMSUyNmZ0JTNEJTdCJTdE#from=mpl_search_suggest,-1.0,N/A,观山寺群位于高州市之西的观山上，观山东临鉴江，南对南宫岭，山青水秀，风景迷人。明代以来，这里先后建起了观山寺、玉泉寺、吕仙殿、潘仙殿、报德祠等寺庙建筑群。民国期间，又开辟了中山公园，建有中山亭、若？亭、茂植亭、咏风亭、襟江亭、旷怡亭和断碑亭等建筑，使观山增添了不少色彩。在这些建筑群体的各个不同地方，分别树有各种碑记，其中有诗碑、记事碑、记*碑、捐题碑以及各个名家题词手迹碑记等。在山上的断崖处，还有摩崖石刻，这些建筑群体和石刻群体，结构有序，典雅大方，颇有风韵。观山寺群中、玉泉寺等，但由于历遭严重破坏。目前尚存的只有玉泉寺、吕祖殿、潘仙殿、报德祠，其余的建筑被破坏拆除。但山光水色，景貌依然。,暂无,https://imgs.qunarzz.com/sight/p92/201211/03/5fe80e084b6c071693835fbb.jpg_710x360_52b24a0d.jpg,"{""ret"": true, ""data"": {""tagList"": [{""tagType"": 0, ""tagScore"": 5, ""tagNum"": 0, ""tagName"": ""\u5168\u90e8""}], ""score"": 0.0, ""commentCount"": 0}, ""statusCode"": 200}"
虎头山,https://qimgs.qunarzz.com/piao_qsight_provider_piao_qsight_web/0102912000f6riijaF367_C_900_504.jpg_280x200_a44405b5.jpg,茂名市,电白区,茂名市电白区绿海路与滨海路交叉口,4,2.0,水清沙白，可垂钓赏海景,https://piao.qunar.com/ticket/detail_2915751152.html?st=a3clM0QlRTclOTQlQjUlRTclOTklQkQlRTUlOEMlQkElMjZpZCUzRDU3MyUyNnR5cGUlM0QwJTI2aWR4JTNEOSUyNnF0JTNEJTI2YXBrJTNEMiUyNnNjJTNEV1dXJTI2dXIlM0QlRTQlQjglQUQlRTUlQjElQjElMjZsciUzRCVFNCVCOCVBRCVFNSVCMSVCMSUyNmZ0JTNEJTdCJTdE#from=mpl_search_suggest,-1.0,N/A,虎头山海滨旅游区位于电白县南海半岛，占地面积3.73平方公里。面向南海湾，背靠水东经济开发区，与水东港相邻，距县城约6公里。是风光毓秀、景色迷人的水东湾省级旅游度假区的重要组成部分。这里有理想的天然海滨浴场，海滩绵延1,具体营业状态以当天开放情况为准,https://qimgs.qunarzz.com/piao_qsight_provider_piao_qsight_web/0102912000f6riijaF367_C_900_504.jpg_710x360_3d822af5.jpg〇https://qimgs.qunarzz.com/piao_qsight_provider_piao_qsight_web/0102912000f6riijaF367_C_900_504_Q90_Mtg_7.jpg_710x360_adc39f0f.jpg〇https://imgs.qunarzz.com/sight/p0/1410/17/1dcebfa831ba7c24d9a2848ee62cd220.jpg_710x360_f8418716.jpg〇https://imgs.qunarzz.com/sight/p0/1410/17/40c8c631fb6397ed517502536b61dd98.jpg_710x360_1b524f78.jpg〇https://imgs.qunarzz.com/sight/p0/1410/17/38f4c654dc77bff257fca2ab3abac7d9.jpg_710x360_a5f69e5b.jpg〇https://qimgs.qunarzz.com/piao_qsight_provider_piao_qsight_web/05203e1dd07a33eece52463ed4227cb1.jpg_710x360_d2fb71da.jpg,"{""ret"": true, ""data"": {""tagList"": [{""tagType"": 3, ""tagScore"": 5, ""tagNum"": 3, ""tagName"": ""\u5dee\u8bc4""}, {""tagType"": 1, ""tagScore"": 5, ""tagNum"": 1, ""tagName"": ""\u597d\u8bc4""}, {""tagType"": 0, ""tagScore"": 5, ""tagNum"": 4, ""tagName"": ""\u5168\u90e8""}], ""commentList"": [{""author"": ""i*5"", ""content"": ""\u6ca1\u6709\u4e00\u6ee9\u597d\u73a9\uff0c\u4f46\u662f\u4eba\u5c11\uff0c\u4e00\u6ee9\u5f80\u4e0b\u8d70\u5c31\u5230"", ""date"": ""2022-08-07"", ""score"": 4, ""commentId"": ""222705885"", ""imgs"": [], ""userNickName"": ""i*5"", ""replyCityName"": """", ""cityName"": """"}, {""author"": ""n*6"", ""content"": ""\u5c31\u50cf\u6ca1\u4eba\u8981\u7684\u516c\u56ed\u4e00\u70b9\u90fd\u4e0d\u597d\u73a9"", ""date"": ""2020-11-22"", ""score"": 1, ""commentId"": ""217405293"", ""imgs"": [], ""userNickName"": ""n*6"", ""replyCityName"": """", ""cityName"": """"}, {""author"": ""\u6c34*\u4e0b"", ""content"": ""\u5f53\u5730\u7684\u65c5\u6e38\u5c40\u600e\u6837\u628a\u5173\u7684\uff0c\u660e\u77e5\u864e\u5934\u5c71\u514d\u8d39\u7684\uff0c\u8fd8\u653e\u4e2a\u95e8\u7968\u51fa\u6765\u7cca\u5f04\u987e\u5ba2\u3002"", ""date"": ""2016-05-05"", ""score"": 1, ""commentId"": ""115282128"", ""imgs"": [], ""userNickName"": ""\u6c34*\u4e0b"", ""replyCityName"": """", ""cityName"": """"}, {""author"": ""q*1"", ""content"": ""\u864e\u5934\u5c71\u4e0d\u7528\u95e8\u7968\uff0c\u4e0a\u9762\u6240\u8c13\u7684\u95e8\u7968\u662f\u5047\u7684"", ""date"": ""2015-08-01"", ""score"": 2, ""commentId"": ""63513985"", ""imgs"": [], ""userNickName"": ""q*1"", ""replyCityName"": """", ""cityName"": """"}], ""score"": 2.0, ""commentCount"": 4}, ""statusCode"": 200}"
冼夫人影视基地（有福城）,https://qimgs.qunarzz.com/piao_qsight_provider_piao_qsight_web/01059120009jkylls6CC1_C_900_504.jpg_280x200_4a342bd4.jpg,茂名市,电白区,广东省茂名市电白区南海街道海城二路7号,16,5.0,有福城景区位于广东省茂名市电白区南海岛晏镜岭东侧，距离市中心25公里，茂名站29公里。占地面积约2.3万平方米，其中建筑,https://piao.qunar.com/ticket/detail_1618663883.html?st=a3clM0QlRTclOTQlQjUlRTclOTklQkQlRTUlOEMlQkElMjZpZCUzRDUxNDg3OCUyNnR5cGUlM0QwJTI2aWR4JTNEOCUyNnF0JTNEJTI2YXBrJTNEMiUyNnNjJTNEV1dXJTI2dXIlM0QlRTQlQjglQUQlRTUlQjElQjElMjZsciUzRCVFNCVCOCVBRCVFNSVCMSVCMSUyNmZ0JTNEJTdCJTdE#from=mpl_search_suggest,-1.0,N/A,有福城景区位于广东省茂名市电白区南海岛晏镜岭东侧，距离市中心25公里，茂名站29公里。占地面积约2.3万平方米，其中建筑面积约为5000平方米。景区南侧是12公里长，沙质洁白细软、宽阔平缓的沙滩，沿沙滩外侧是连续不断宽达800至1000米的沿海防护林带。有福城景区旨在打造以冼夫人文化为IP，集演艺、文创、商业为一体，全国“人文历史+科技+文化+演艺”融合的沉浸式新文旅目的地。,1/1-12/31；周一至周日；09:00-21:00开园,https://qimgs.qunarzz.com/piao_qsight_provider_piao_qsight_web/01059120009jkylls6CC1_C_900_504.jpg_710x360_1d8d915e.jpg〇https://qimgs.qunarzz.com/piao_qsight_provider_piao_qsight_web/01006120009jkymc19E4B_C_900_504_Q90_Mtg_7.jpg_710x360_c70b6ee5.jpg〇https://qimgs.qunarzz.com/piao_qsight_provider_piao_qsight_web/0106u120009dymxc5B6BD_C_900_504_Q90_Mtg_7.jpg_710x360_a56a78bd.jpg〇https://qimgs.qunarzz.com/piao_qsight_provider_piao_qsight_web/0105e120009jkyovn87D8_C_900_504_Q90_Mtg_7.png_710x360_2501c69b.png〇https://qimgs.qunarzz.com/piao_qsight_provider_piao_qsight_web/01004120009dymy55CC46_C_900_504_Q90_Mtg_7.jpg_710x360_bca424b3.jpg〇https://qimgs.qunarzz.com/piao_qsight_provider_piao_qsight_web/0101v120009jn1f5dECBA_C_900_504_Q90_Mtg_7.jpg_710x360_8e24754c.jpg〇https://qimgs.qunarzz.com/piao_qsight_provider_piao_qsight_web/01027120009jkyoc53CF8_C_900_504_Q90_Mtg_7.jpg_710x360_4747a7a6.jpg〇https://qimgs.qunarzz.com/piao_qsight_provider_piao_qsight_web/0105r120009jkyoc94041_C_900_504_Q90_Mtg_7.png_710x360_1465dbc7.png〇https://qimgs.qunarzz.com/piao_qsight_provider_piao_qsight_web/01072120009jkyr8c978A_C_900_504_Q90_Mtg_7.jpg_710x360_7613f9ca.jpg〇https://qimgs.qunarzz.com/piao_qsight_provider_piao_qsight_web/01072120009jkyqfkDF1D_C_900_504_Q90_Mtg_7.jpg_710x360_010ffa1d.jpg〇https://qimgs.qunarzz.com/piao_qsight_provider_piao_qsight_web/01059120009jkylls6CC1_C_900_504_Q90_Mtg_7.jpg_710x360_9fd479c9.jpg〇https://imgs.qunarzz.com/sight/p0/2206/7a/7a0a1613bad1c66ea3.water.jpg_710x360_173f7688.jpg〇https://imgs.qunarzz.com/sight/p0/2206/1f/1f33b2a698fa96e4a3.water.jpg_710x360_b9b13956.jpg〇https://imgs.qunarzz.com/sight/p0/2206/34/3445670c49e67ee8a3.water.jpg_710x360_76da6104.jpg〇https://imgs.qunarzz.com/sight/p0/2206/56/56d0d72ce41e969da3.water.jpg_710x360_f955a926.jpg〇https://imgs.qunarzz.com/sight/p0/2206/2f/2f9237a47729c5c2a3.water.jpg_710x360_4ff0d4f2.jpg〇https://imgs.qunarzz.com/sight/p0/2206/6b/6b339a061e0a25aea3.water.jpg_710x360_6e05c26c.jpg〇https://imgs.qunarzz.com/sight/p0/2206/8c/8ccbdf1fdcb6a5baa3.water.jpg_710x360_12cc08be.jpg〇https://imgs.qunarzz.com/sight/p0/2206/9c/9c41911b51d8fcd6a3.water.jpg_710x360_a59db321.jpg〇https://imgs.qunarzz.com/sight/p0/2206/74/743c7214d44b3c83a3.water.jpg_710x360_5ba04871.jpg〇https://imgs.qunarzz.com/sight/p0/2206/7f/7f9d816d7f6e3159a3.water.jpg_710x360_c14727f1.jpg〇https://imgs.qunarzz.com/sight/p0/2206/35/35caa0635726a9e3a3.water.jpg_710x360_6bb9653c.jpg〇https://imgs.qunarzz.com/sight/p0/2206/f1/f196fea2a0167c77a3.water.jpg_710x360_68f1efd9.jpg〇https://imgs.qunarzz.com/sight/p0/2206/b7/b7db07339617d71ea3.water.jpg_710x360_55f31a4d.jpg〇https://imgs.qunarzz.com/sight/p0/2206/f7/f74e8dbd78debceba3.water.jpg_710x360_13bc6a1c.jpg〇https://imgs.qunarzz.com/sight/p0/2206/5f/5fafe9e53caaf761a3.water.jpg_710x360_9b3fc99c.jpg,"{""ret"": true, ""data"": {""tagList"": [{""tagType"": 1, ""tagScore"": 5, ""tagNum"": 16, ""tagName"": ""\u597d\u8bc4""}, {""tagType"": 0, ""tagScore"": 5, ""tagNum"": 16, ""tagName"": ""\u5168\u90e8""}], ""commentList"": [{""author"": ""\u53bb*\u6237"", ""content"": ""\u54b1\u5927\u8302\u540d\u7684\u5f71\u89c6\u57fa\u5730\uff0c\u51bc\u592b\u4eba\u4f20\u5947\u5f71\u89c6\u5267\u62cd\u6444\u70b9\u3002\u5b8c\u6574\u7684\u5357\u5317\u671d\u98ce\u683c\u53e4\u5efa\u7b51\uff0c\u592a\u7f8e\u4e86\uff0c\u7279\u522b\u591c\u666f\u3002\u5927\u578b\u6c89\u6d78\u5f0f\u7948\u798f\u5267\u3010\u5fc3\u9999\u3011\u4e5f\u503c\u5f97\u4e00\u770b\uff0c\u5c0f\u54e5\u54e5\u53e4\u88c5\u5f88\u5e05\u54e6\uff01"", ""date"": ""2022-05-19"", ""score"": 5, ""commentId"": ""222348060"", ""imgs"": [{""small"": ""https://imgs.qunarzz.com/piao/fusion/2205/44/1cd25aff9737f302.jpg_120x120_d702bab5.jpg"", ""title"": """", ""big"": ""https://imgs.qunarzz.com/piao/fusion/2205/44/1cd25aff9737f302.jpg""}, {""small"": ""https://imgs.qunarzz.com/piao/fusion/2205/60/bc17ab578bb59d02.jpg_120x120_f9cd498d.jpg"", ""title"": """", ""big"": ""https://imgs.qunarzz.com/piao/fusion/2205/60/bc17ab578bb59d02.jpg""}, {""small"": ""https://imgs.qunarzz.com/piao/fusion/2205/4a/c08bf132b972502.jpg_120x120_9d172564.jpg"", ""title"": """", ""big"": ""https://imgs.qunarzz.com/piao/fusion/2205/4a/c08bf132b972502.jpg""}, {""small"": ""https://imgs.qunarzz.com/piao/fusion/2205/a5/d6264a37732d3802.jpg_120x120_c8f8c5a9.jpg"", ""title"": """", ""big"": ""https://imgs.qunarzz.com/piao/fusion/2205/a5/d6264a37732d3802.jpg""}, {""small"": ""https://imgs.qunarzz.com/piao/fusion/2205/b8/75ffddaeeb1a9302.jpg_120x120_b7826944.jpg"", ""title"": """", ""big"": ""https://imgs.qunarzz.com/piao/fusion/2205/b8/75ffddaeeb1a9302.jpg""}, {""small"": ""https://imgs.qunarzz.com/piao/fusion/2205/22/48841a9288388d02.jpg_120x120_18ceddd8.jpg"", ""title"": """", ""big"": ""https://imgs.qunarzz.com/piao/fusion/2205/22/48841a9288388d02.jpg""}, {""small"": ""https://imgs.qunarzz.com/piao/fusion/2205/9c/096d4489243f2302.jpg_120x120_97c7ee39.jpg"", ""title"": """", ""big"": ""https://imgs.qunarzz.com/piao/fusion/2205/9c/096d4489243f2302.jpg""}, {""small"": ""https://imgs.qunarzz.com/piao/fusion/2205/94/9bb6dac2476c802.jpg_120x120_ccbf2668.jpg"", ""title"": """", ""big"": ""https://imgs.qunarzz.com/piao/fusion/2205/94/9bb6dac2476c802.jpg""}, {""small"": ""https://imgs.qunarzz.com/piao/fusion/2205/58/2bdc8ced3e6e3802.jpg_120x120_7f573c1d.jpg"", ""title"": """", ""big"": ""https://imgs.qunarzz.com/piao/fusion/2205/58/2bdc8ced3e6e3802.jpg""}], ""userNickName"": ""\u53bb*\u6237"", ""replyCityName"": """", ""cityName"": """"}, {""author"": ""\u53bb*\u6237"", ""content"": ""\u8302\u540d\u6709\u798f\u57ce\u666f\u533a\u4f4d\u4e8e\u4e00\u6ee9\u65c1\u8fb9\uff01\u8e29\u8e29\u4e2d\u56fd\u7b2c\u4e00\u6ee9\u7684\u6d77\u6ee9\uff01\u5438\u5438\u6709\u798f\u57ce\u7684\u798f\u6c14\uff01\u5728\u6536\u53d6\u6709\u798f\u57ce\u3010\u5fc3\u9999\u3011\u8282\u76ee\u91cc\u6f14\u5458\u7684\u795d\u798f\uff01\u4f55\u4e50\u800c\u4e0d\u4e3a"", ""date"": ""2022-06-24"", ""score"": 5, ""commentId"": ""222453577"", ""imgs"": [{""small"": ""https://mp-piao-admincp.qunarzz.com/mp_piao_admin_mp_piao_admin/fusion/20226/e7e2eacf2736a1c6934493712b5b7705.jpg_120x120_0a54178d.jpg"", ""title"": """", ""big"": ""https://mp-piao-admincp.qunarzz.com/mp_piao_admin_mp_piao_admin/fusion/20226/e7e2eacf2736a1c6934493712b5b7705.jpg""}], ""userNickName"": ""\u53bb*\u6237"", ""replyCityName"": """", ""cityName"": """"}, {""author"": ""n*1"", ""content"": ""\u8d85\u597d\u73a9\u7684\u5730\u65b9\uff0c\u5c24\u5176\u662f\u90a3\u53f0\u8868\u6f14\u7cbe\u7f8e\u7edd\u4f26\uff0c\u8d85\u7ea7\u597d\u770b\u3002"", ""date"": ""2022-05-20"", ""score"": 5, ""commentId"": ""222348743"", ""imgs"": [{""small"": ""https://mp-piao-admincp.qunarzz.com/mp_piao_admin_mp_piao_admin/fusion/20225/3c60688fa58a71f4c807baa67345d53a.jpg_120x120_0193609e.jpg"", ""title"": """", ""big"": ""https://mp-piao-admincp.qunarzz.com/mp_piao_admin_mp_piao_admin/fusion/20225/3c60688fa58a71f4c807baa67345d53a.jpg""}, {""small"": ""https://mp-piao-admincp.qunarzz.com/mp_piao_admin_mp_piao_admin/fusion/20225/0d62983f44fcb213b63d4a2e0df09c9d.jpg_120x120_c6b6d14f.jpg"", ""title"": """", ""big"": ""https://mp-piao-admincp.qunarzz.com/mp_piao_admin_mp_piao_admin/fusion/20225/0d62983f44fcb213b63d4a2e0df09c9d.jpg""}, {""small"": ""https://mp-piao-admincp.qunarzz.com/mp_piao_admin_mp_piao_admin/fusion/20225/39fe4c62903d8f10451934dc6ee332c8.jpg_120x120_0466fa8b.jpg"", ""title"": """", ""big"": ""https://mp-piao-admincp.qunarzz.com/mp_piao_admin_mp_piao_admin/fusion/20225/39fe4c62903d8f10451934dc6ee332c8.jpg""}], ""userNickName"": ""n*1"", ""replyCityName"": """", ""cityName"": """"}, {""author"": ""\u563f*5"", ""content"": ""\u8302\u540d\u6709\u798f\u57ce\u8d85\u7ea7\u8d5e\uff0c\u5468\u516d\u7684\u65f6\u5019\u7279\u610f\u5e26\u8001\u5a46\u53bb\u62cd\u5199\u771f\uff0c\u8d85\u7ea7\u51fa\u7247\u3002\u8fd8\u539f\u4e86\u5f53\u65f6\u53e4\u9999\u53e4\u8272\u7684\u57ce\u5899\uff01\u5f88\u503c\u5f97\u8fd9\u4e00\u6b21\u7684\u5199\u771f\u65c5\u884c"", ""date"": ""2022-06-24"", ""score"": 5, ""commentId"": ""222453574"", ""imgs"": [], ""userNickName"": ""\u563f*5"", ""replyCityName"": """", ""cityName"": """"}, {""author"": ""u*1"", ""content"": ""\u7528\u6237\u672a\u70b9\u8bc4\uff0c\u7cfb\u7edf\u9ed8\u8ba4\u597d\u8bc4\u3002"", ""date"": ""2022-07-18"", ""score"": 5, ""commentId"": ""222556314"", ""imgs"": [], ""userNickName"": ""u*1"", ""replyCityName"": """", ""cityName"": """"}, {""author"": ""e*1"", ""content"": ""\u7528\u6237\u672a\u70b9\u8bc4\uff0c\u7cfb\u7edf\u9ed8\u8ba4\u597d\u8bc4\u3002"", ""date"": ""2022-07-16"", ""score"": 5, ""commentId"": ""222547829"", ""imgs"": [], ""userNickName"": ""e*1"", ""replyCityName"": """", ""cityName"": """"}, {""author"": ""\u53bb*\u6237"", ""content"": ""\u7528\u6237\u672a\u70b9\u8bc4\uff0c\u7cfb\u7edf\u9ed8\u8ba4\u597d\u8bc4\u3002"", ""date"": ""2022-07-11"", ""score"": 5, ""commentId"": ""222526100"", ""imgs"": [], ""userNickName"": ""\u53bb*\u6237"", ""replyCityName"": """", ""cityName"": """"}, {""author"": ""\u53bb*\u6237"", ""content"": ""\u7528\u6237\u672a\u70b9\u8bc4\uff0c\u7cfb\u7edf\u9ed8\u8ba4\u597d\u8bc4\u3002"", ""date"": ""2022-07-06"", ""score"": 5, ""commentId"": ""222503322"", ""imgs"": [], ""userNickName"": ""\u53bb*\u6237"", ""replyCityName"": """", ""cityName"": """"}, {""author"": ""\u53bb*\u6237"", ""content"": ""\u7528\u6237\u672a\u70b9\u8bc4\uff0c\u7cfb\u7edf\u9ed8\u8ba4\u597d\u8bc4\u3002"", ""date"": ""2022-07-06"", ""score"": 5, ""commentId"": ""222503191"", ""imgs"": [], ""userNickName"": ""\u53bb*\u6237"", ""replyCityName"": """", ""cityName"": """"}, {""author"": ""\u53bb*\u6237"", ""content"": ""\u7528\u6237\u672a\u70b9\u8bc4\uff0c\u7cfb\u7edf\u9ed8\u8ba4\u597d\u8bc4\u3002"", ""date"": ""2022-07-06"", ""score"": 5, ""commentId"": ""222503180"", ""imgs"": [], ""userNickName"": ""\u53bb*\u6237"", ""replyCityName"": """", ""cityName"": """"}], ""score"": 5.0, ""commentCount"": 16}, ""statusCode"": 200}"
冰雪游乐园,https://imgs.qunarzz.com/sight/p0/1706/9a/9a810bbb8ecfa0f7a3.img.jpg_280x200_9f22644d.jpg,茂名市,电白区,茂名市水东湾中国第一滩景区内,34,5.0,冰雪雕塑艺术语言描绘着一幅幅壮丽的画卷,https://piao.qunar.com/ticket/detail_2497358349.html?st=a3clM0QlRTclOTQlQjUlRTclOTklQkQlRTUlOEMlQkElMjZpZCUzRDQ2NDE0NiUyNnR5cGUlM0QwJTI2aWR4JTNENyUyNnF0JTNEJTI2YXBrJTNEMiUyNnNjJTNEV1dXJTI2dXIlM0QlRTQlQjglQUQlRTUlQjElQjElMjZsciUzRCVFNCVCOCVBRCVFNSVCMSVCMSUyNmZ0JTNEJTdCJTdE#from=mpl_search_suggest,-1.0,N/A,南海旅游岛中国第一滩·冰雪游乐园，北国风光、千里冰封、万里雪飘。在银装素裹的松花江北岸，有一极好的旅游去处~~~哈尔滨冰雪游乐园。在这里冰城的能工巧匠用智慧与技巧，以冰雪雕塑艺术语言描绘着一幅幅壮丽的画卷。随着哈尔滨冰雪游乐园知名度的提升，每年都吸引着数百万的国内外游客在冰雪节期间来哈尔滨旅游。国家领导人及多国驻华使节都曾亲临参观哈尔滨冰雪游乐园，均给予了高度赞誉。2004年，哈尔滨冰雪游乐园被国家文化部授予“全国文化产业示范基地”称号；2006年哈尔滨冰雪游乐园在澳门获得由世界华商协会授予的文化艺术特殊贡献奖。 冰雪游乐园已经成为哈尔滨市的一张冰雪旅游名片。,9:00-22:00,https://imgs.qunarzz.com/sight/p0/1706/9a/9a810bbb8ecfa0f7a3.img.jpg_710x360_1cac2339.jpg,"{""ret"": true, ""data"": {""tagList"": [{""tagType"": 1, ""tagScore"": 5, ""tagNum"": 34, ""tagName"": ""\u597d\u8bc4""}, {""tagType"": 0, ""tagScore"": 5, ""tagNum"": 34, ""tagName"": ""\u5168\u90e8""}], ""commentList"": [{""author"": ""s*5"", ""content"": ""\u7528\u6237\u672a\u70b9\u8bc4\uff0c\u7cfb\u7edf\u9ed8\u8ba4\u597d\u8bc4\u3002"", ""date"": ""2020-11-03"", ""score"": 5, ""commentId"": ""217066082"", ""imgs"": [], ""userNickName"": ""s*5"", ""replyCityName"": """", ""cityName"": """"}, {""author"": ""s*5"", ""content"": ""\u7528\u6237\u672a\u70b9\u8bc4\uff0c\u7cfb\u7edf\u9ed8\u8ba4\u597d\u8bc4\u3002"", ""date"": ""2020-11-03"", ""score"": 5, ""commentId"": ""217066057"", ""imgs"": [], ""userNickName"": ""s*5"", ""replyCityName"": """", ""cityName"": """"}, {""author"": ""r*9"", ""content"": ""\u7528\u6237\u672a\u70b9\u8bc4\uff0c\u7cfb\u7edf\u9ed8\u8ba4\u597d\u8bc4\u3002"", ""date"": ""2020-09-11"", ""score"": 5, ""commentId"": ""215777105"", ""imgs"": [], ""userNickName"": ""r*9"", ""replyCityName"": """", ""cityName"": """"}, {""author"": ""r*9"", ""content"": ""\u7528\u6237\u672a\u70b9\u8bc4\uff0c\u7cfb\u7edf\u9ed8\u8ba4\u597d\u8bc4\u3002"", ""date"": ""2020-09-11"", ""score"": 5, ""commentId"": ""215777085"", ""imgs"": [], ""userNickName"": ""r*9"", ""replyCityName"": """", ""cityName"": """"}, {""author"": ""y*0"", ""content"": ""\u7528\u6237\u672a\u70b9\u8bc4\uff0c\u7cfb\u7edf\u9ed8\u8ba4\u597d\u8bc4\u3002"", ""date"": ""2020-09-07"", ""score"": 5, ""commentId"": ""215707408"", ""imgs"": [], ""userNickName"": ""y*0"", ""replyCityName"": """", ""cityName"": """"}, {""author"": ""y*0"", ""content"": ""\u7528\u6237\u672a\u70b9\u8bc4\uff0c\u7cfb\u7edf\u9ed8\u8ba4\u597d\u8bc4\u3002"", ""date"": ""2020-09-07"", ""score"": 5, ""commentId"": ""215707404"", ""imgs"": [], ""userNickName"": ""y*0"", ""replyCityName"": """", ""cityName"": """"}, {""author"": ""r*1"", ""content"": ""\u7528\u6237\u672a\u70b9\u8bc4\uff0c\u7cfb\u7edf\u9ed8\u8ba4\u597d\u8bc4\u3002"", ""date"": ""2020-08-05"", ""score"": 5, ""commentId"": ""215366477"", ""imgs"": [], ""userNickName"": ""r*1"", ""replyCityName"": """", ""cityName"": """"}, {""author"": ""r*1"", ""content"": ""\u7528\u6237\u672a\u70b9\u8bc4\uff0c\u7cfb\u7edf\u9ed8\u8ba4\u597d\u8bc4\u3002"", ""date"": ""2020-08-05"", ""score"": 5, ""commentId"": ""215366476"", ""imgs"": [], ""userNickName"": ""r*1"", ""replyCityName"": """", ""cityName"": """"}, {""author"": ""c*5"", ""content"": ""\u7528\u6237\u672a\u70b9\u8bc4\uff0c\u7cfb\u7edf\u9ed8\u8ba4\u597d\u8bc4\u3002"", ""date"": ""2019-11-05"", ""score"": 5, ""commentId"": ""213212334"", ""imgs"": [], ""userNickName"": ""c*5"", ""replyCityName"": """", ""cityName"": """"}, {""author"": ""c*5"", ""content"": ""\u7528\u6237\u672a\u70b9\u8bc4\uff0c\u7cfb\u7edf\u9ed8\u8ba4\u597d\u8bc4\u3002"", ""date"": ""2019-11-05"", ""score"": 5, ""commentId"": ""213212010"", ""imgs"": [], ""userNickName"": ""c*5"", ""replyCityName"": """", ""cityName"": """"}], ""score"": 5.0, ""commentCount"": 34}, ""statusCode"": 200}"
放鸡岛生态旅游国际度假区,https://qimgs.qunarzz.com/piao_qsight_provider_piao_qsight_web/0100a120008a9y9k05DAD_C_900_504.jpg_280x200_feb4cd6b.jpg,茂名市,电白区,广东省茂名市电白区翠湖路15号,3452,4.8,山景融合海洋风光,https://piao.qunar.com/ticket/detail_1300368323.html?st=a3clM0QlRTclOTQlQjUlRTclOTklQkQlRTUlOEMlQkElMjZpZCUzRDYyOTAlMjZ0eXBlJTNEMCUyNmlkeCUzRDYlMjZxdCUzRCUyNmFwayUzRDIlMjZzYyUzRFdXVyUyNnVyJTNEJUU0JUI4JUFEJUU1JUIxJUIxJTI2bHIlM0QlRTQlQjglQUQlRTUlQjElQjElMjZmdCUzRCU3QiU3RA%3D%3D#from=mpl_search_suggest,-1.0,4A景区,"放鸡岛""石奇、礁美、滩佳、鱼丰、林绿、鸟多""生态资源、人文景观十分丰富，特别是景观10年时间的深度规划、保护性开发和科学利用，已集海上乐园、休闲度假、商务会议为一体，以休闲度假、潜水培训、乘舟海钓、帆船体验、潜水探险、海上娱乐、海岛婚礼、商务会议拓展及四季主题为主要*能的综合型滨海旅游胜地，是全省首批省级旅游度假区，国家AAAA级旅游区。15海里的太阳能灯塔，指引船舶安全航行。放鸡岛呈橄榄形，东北、西南走向长2公里0.91公里0.10公里，岸线长5.96公里135米（东北部），面积1. 9平方公里，是电白县23个岛屿中较大的海岛。。海岛地段可分为四个类型：侵蚀剥蚀低丘陵、海积阶地、沙滩、岩滩。由于长期受海蚀作用，基岩裸露，海蚀崖、海蚀糟沟，海蚀洞穴随处可见。山坡怪石兀立，植被茂盛，景色秀丽。西北部海岸，沙质洁白松散，北部沿岸海域水深1.3米至2.0米，东南部沿岸海域水深2.6米至10米，海水清澈见底，透明度可达8米。岛上既有自然景观资源，又有人文景观资源。自然景观有：岛景秀丽，石景多姿；沙滩、蚀洞、岩石、林木、阳光、海水，具全。东南部海域面临浩瀚南海，涛声如吼，常年浪击岛岸悬崖峭壁，雄伟坚挺，奇礁怪石遍布：景观形象丰富，势态逼真，唐代至今称奇景观有“南天飞石”、“鸡海迥澜”、“仙石听涛”、“羊礁观日”、“鲤鱼吐珠”、“群石眠澜”。人文景观； “ 湾州寻古”、“渔火闹汛”、“灯耀南海”、“群鸟翱翔”、“白帆竞逐”、“李陈庙祠”及有唐朝宰相李德被贬崖山的“湾州庙”遗址。还有都市斗牛、水族馆、植物标本馆和珊瑚礁观光区。目前海上游乐项目有：冲浪摩托艇、游艇、海上自助香蕉船、海面拖曳伞、海泳、潜水、钓鱼、沙滩跑车等项目。",1/1-12/31；周一至周日；10:00-17:00开园,https://qimgs.qunarzz.com/piao_qsight_provider_piao_qsight_web/0100a120008a9y9k05DAD_C_900_504.jpg_710x360_395357e6.jpg〇https://qimgs.qunarzz.com/piao_qsight_provider_piao_qsight_web/01036120009rbyxul5BF3_C_900_504_Q90_Mtg_7.jpg_710x360_5a3a5771.jpg〇https://qimgs.qunarzz.com/piao_qsight_provider_piao_qsight_web/1lo6h12000bukxakxF288_C_900_504_Q90_Mtg_7.jpg_710x360_1ba510db.jpg〇https://qimgs.qunarzz.com/piao_qsight_provider_piao_qsight_web/0103q120009rbyrrxB598_C_900_504_Q90_Mtg_7.jpg_710x360_50363481.jpg〇https://qimgs.qunarzz.com/piao_qsight_provider_piao_qsight_web/01046120008a9ydso2764_C_900_504_Q90_Mtg_7.png_710x360_ce1f4dd6.png〇https://qimgs.qunarzz.com/piao_qsight_provider_piao_qsight_web/01059120008a9ybprD6ED_C_900_504_Q90_Mtg_7.png_710x360_e18a8e3f.png〇https://qimgs.qunarzz.com/piao_qsight_provider_piao_qsight_web/0101r120009rbyyy77F39_C_900_504_Q90_Mtg_7.jpg_710x360_cba7deaa.jpg〇https://qimgs.qunarzz.com/piao_qsight_provider_piao_qsight_web/10040w000000knlobD4CB_C_900_504_Q90_Mtg_7.jpg_710x360_b1d9591d.jpg〇https://qimgs.qunarzz.com/piao_qsight_provider_piao_qsight_web/10080w000000kotb8CF9E_C_900_504_Q90_Mtg_7.jpg_710x360_31c4f6d3.jpg〇https://qimgs.qunarzz.com/piao_qsight_provider_piao_qsight_web/100l1f000001gqehuF5EC_C_900_504_Q90_Mtg_7.jpg_710x360_68e8c307.jpg〇https://qimgs.qunarzz.com/piao_qsight_provider_piao_qsight_web/0100a120008a9y9k05DAD_C_900_504_Q90_Mtg_7.jpg_710x360_b50e344d.jpg〇https://imgs.qunarzz.com/sight/p0/1411/fb/176356b2c107cfeb7735dcccb9a5adcb.water.jpg_710x360_b82e2712.jpg〇https://imgs.qunarzz.com/sight/p0/1411/40/c69f14c304e702f582c62cac1e2133aa.water.jpg_710x360_3a222c36.jpg〇https://imgs.qunarzz.com/sight/p0/1411/62/ef14fafbd463e5b08b987379d1851a3b.water.jpg_710x360_4aa8c553.jpg〇https://imgs.qunarzz.com/sight/p0/1411/97/e350f60e7fde676283a5208571d338e8.water.jpg_710x360_929f005d.jpg〇https://imgs.qunarzz.com/sight/p0/1411/a2/c7974aae13d3c0d26c7287cdbf5bebdc.water.jpg_710x360_d05f0b1e.jpg〇https://imgs.qunarzz.com/sight/p0/1411/59/03f4b35c08a298fe1032d6cfe0082b54.water.jpg_710x360_249e4f13.jpg〇https://qimgs.qunarzz.com/piao_qsight_provider_piao_qsight_web/783a01d3544fb702.jpg_710x360_15cf36a3.jpg〇https://qimgs.qunarzz.com/piao_qsight_provider_piao_qsight_web/f8735b02a5a8802.jpg_710x360_347b04e3.jpg〇https://qimgs.qunarzz.com/piao_qsight_provider_piao_qsight_web/4162190ef4b9ef02.jpg_710x360_700d25d7.jpg〇https://qimgs.qunarzz.com/piao_qsight_provider_piao_qsight_web/a9bd1845d31d9a02.jpg_710x360_7748ecf9.jpg〇https://qimgs.qunarzz.com/piao_qsight_provider_piao_qsight_web/e9c0839655e6c602.jpg_710x360_39ac58a7.jpg〇https://qimgs.qunarzz.com/piao_qsight_provider_piao_qsight_web/6e6281960c7ca702.jpg_710x360_491cd69b.jpg〇https://qimgs.qunarzz.com/piao_qsight_provider_piao_qsight_web/6abd26ed53cc7302.jpg_710x360_dc2d2145.jpg〇https://qimgs.qunarzz.com/piao_qsight_provider_piao_qsight_web/a93ee81fad4a4f02.jpg_710x360_bb1a4969.jpg〇https://qimgs.qunarzz.com/piao_qsight_provider_piao_qsight_web/62065b8acbddf502.jpg_710x360_3b69e941.jpg〇https://qimgs.qunarzz.com/piao_qsight_provider_piao_qsight_web/8118ad43e87e002.jpg_710x360_308c32e9.jpg〇https://qimgs.qunarzz.com/piao_qsight_provider_piao_qsight_web/55edf1a871aafc1ed36fbb2e15e1394e.jpg_710x360_9c9ed59e.jpg〇https://qimgs.qunarzz.com/piao_qsight_provider_piao_qsight_web/95bf2fa8e1996aecf577cfcef31a9ea5.jpg_710x360_904283af.jpg〇https://qimgs.qunarzz.com/piao_qsight_provider_piao_qsight_web/70ccc397f927bbed0973f53f47466a95.jpg_710x360_e94da573.jpg〇https://qimgs.qunarzz.com/piao_qsight_provider_piao_qsight_web/1076522bcfd3e4fabdec6e04ab4a8bdd.jpg_710x360_07aa87f5.jpg〇https://qimgs.qunarzz.com/piao_qsight_provider_piao_qsight_web/1562036705892100t15000000yfjvs98E1_D_640_10000.jpg_710x360_38b90909.jpg〇https://qimgs.qunarzz.com/piao_qsight_provider_piao_qsight_web/1562036705054100w15000000ymizl8D94_D_640_10000.jpg_710x360_1e81d8b8.jpg〇https://qimgs.qunarzz.com/piao_qsight_provider_piao_qsight_web/1562036704865100t15000000ygjbc42EC_D_640_10000.jpg_710x360_12c4d69a.jpg〇https://qimgs.qunarzz.com/piao_qsight_provider_piao_qsight_web/1562036705486100e15000000yi94z6F6A_D_640_10000.jpg_710x360_aac8a331.jpg〇https://qimgs.qunarzz.com/piao_qsight_provider_piao_qsight_web/1562036704617100315000000yi7yt30D0_D_640_10000.jpg_710x360_496ed7ef.jpg〇https://qimgs.qunarzz.com/piao_qsight_provider_piao_qsight_web/1562036705335100l15000000yfo3pA67A_D_640_10000.jpg_710x360_b71034a0.jpg,"{""ret"": true, ""data"": {""tagList"": [{""tagType"": 32, ""tagScore"": 5, ""tagNum"": 18, ""tagName"": ""\u670d\u52a1\u597d""}, {""tagType"": 16, ""tagScore"": 5, ""tagNum"": 26, ""tagName"": ""\u9760\u8c31""}, {""tagType"": 8, ""tagScore"": 5, ""tagNum"": 21, ""tagName"": ""\u4fbf\u5b9c""}, {""tagType"": 4, ""tagScore"": 5, ""tagNum"": 47, ""tagName"": ""\u53d6\u7968\u65b9\u4fbf""}, {""tagType"": 3, ""tagScore"": 5, ""tagNum"": 39, ""tagName"": ""\u5dee\u8bc4""}, {""tagType"": 2, ""tagScore"": 5, ""tagNum"": 54, ""tagName"": ""\u4e2d\u8bc4""}, {""tagType"": 1, ""tagScore"": 5, ""tagNum"": 3314, ""tagName"": ""\u597d\u8bc4""}, {""tagType"": 0, ""tagScore"": 5, ""tagNum"": 3452, ""tagName"": ""\u5168\u90e8""}], ""commentList"": [{""author"": ""\u5929*\u661f"", ""content"": ""\u7528\u6237\u672a\u70b9\u8bc4\uff0c\u7cfb\u7edf\u9ed8\u8ba4\u597d\u8bc4\u3002"", ""date"": ""2024-09-15"", ""score"": 5, ""commentId"": ""236775077"", ""imgs"": [], ""userNickName"": ""\u5929*\u661f"", ""replyCityName"": """", ""cityName"": """"}, {""author"": ""d*0"", ""content"": ""\u7528\u6237\u672a\u70b9\u8bc4\uff0c\u7cfb\u7edf\u9ed8\u8ba4\u597d\u8bc4\u3002"", ""date"": ""2024-09-10"", ""score"": 5, ""commentId"": ""236542581"", ""imgs"": [], ""userNickName"": ""d*0"", ""replyCityName"": """", ""cityName"": """"}, {""author"": ""\u53bb*\u6237"", ""content"": ""\u7528\u6237\u672a\u70b9\u8bc4\uff0c\u7cfb\u7edf\u9ed8\u8ba4\u597d\u8bc4\u3002"", ""date"": ""2024-09-10"", ""score"": 5, ""commentId"": ""236539145"", ""imgs"": [], ""userNickName"": ""\u53bb*\u6237"", ""replyCityName"": """", ""cityName"": """"}, {""author"": ""\u53bb*\u6237"", ""content"": ""\u7528\u6237\u672a\u70b9\u8bc4\uff0c\u7cfb\u7edf\u9ed8\u8ba4\u597d\u8bc4\u3002"", ""date"": ""2024-09-09"", ""score"": 5, ""commentId"": ""236488107"", ""imgs"": [], ""userNickName"": ""\u53bb*\u6237"", ""replyCityName"": """", ""cityName"": """"}, {""author"": ""h*4"", ""content"": ""\u7528\u6237\u672a\u70b9\u8bc4\uff0c\u7cfb\u7edf\u9ed8\u8ba4\u597d\u8bc4\u3002"", ""date"": ""2024-09-08"", ""score"": 5, ""commentId"": ""236453965"", ""imgs"": [], ""userNickName"": ""h*4"", ""replyCityName"": """", ""cityName"": """"}, {""author"": ""p*3"", ""content"": ""\u7528\u6237\u672a\u70b9\u8bc4\uff0c\u7cfb\u7edf\u9ed8\u8ba4\u597d\u8bc4\u3002"", ""date"": ""2024-09-08"", ""score"": 5, ""commentId"": ""236449333"", ""imgs"": [], ""userNickName"": ""p*3"", ""replyCityName"": """", ""cityName"": """"}, {""author"": ""\u53bb*\u6237"", ""content"": ""\u7528\u6237\u672a\u70b9\u8bc4\uff0c\u7cfb\u7edf\u9ed8\u8ba4\u597d\u8bc4\u3002"", ""date"": ""2024-09-07"", ""score"": 5, ""commentId"": ""236401117"", ""imgs"": [], ""userNickName"": ""\u53bb*\u6237"", ""replyCityName"": """", ""cityName"": """"}, {""author"": ""\u674e*7"", ""content"": ""\u7528\u6237\u672a\u70b9\u8bc4\uff0c\u7cfb\u7edf\u9ed8\u8ba4\u597d\u8bc4\u3002"", ""date"": ""2024-09-07"", ""score"": 5, ""commentId"": ""236387821"", ""imgs"": [], ""userNickName"": ""\u674e*7"", ""replyCityName"": """", ""cityName"": """"}, {""author"": ""\u674e*7"", ""content"": ""\u7528\u6237\u672a\u70b9\u8bc4\uff0c\u7cfb\u7edf\u9ed8\u8ba4\u597d\u8bc4\u3002"", ""date"": ""2024-09-07"", ""score"": 5, ""commentId"": ""236387654"", ""imgs"": [], ""userNickName"": ""\u674e*7"", ""replyCityName"": """", ""cityName"": """"}, {""author"": ""\u53bb*\u6237"", ""content"": ""\u7528\u6237\u672a\u70b9\u8bc4\uff0c\u7cfb\u7edf\u9ed8\u8ba4\u597d\u8bc4\u3002"", ""date"": ""2024-09-07"", ""score"": 5, ""commentId"": ""236387513"", ""imgs"": [], ""userNickName"": ""\u53bb*\u6237"", ""replyCityName"": """", ""cityName"": """"}], ""score"": 4.8, ""commentCount"": 3452}, ""statusCode"": 200}"
中国第一滩-游乐场,https://qimgs.qunarzz.com/piao_qsight_provider_piao_qsight_web/100m0w000000kju3y7A07_C_900_504.jpg_280x200_2ef48278.jpg,茂名市,电白区,茂名市电白区第一滩旅游度假区内,-1,-1.0,茂名第一滩旅游度假区旁边游乐场斥资全新建设，全面引进多项大型机动游乐项目，嗨翻天。与爱的人留下难忘回忆，美丽在这里无需等,https://piao.qunar.com/ticket/detail_1484309978.html?st=a3clM0QlRTclOTQlQjUlRTclOTklQkQlRTUlOEMlQkElMjZpZCUzRDUwNDQxOSUyNnR5cGUlM0QwJTI2aWR4JTNENSUyNnF0JTNEJTI2YXBrJTNEMiUyNnNjJTNEV1dXJTI2dXIlM0QlRTQlQjglQUQlRTUlQjElQjElMjZsciUzRCVFNCVCOCVBRCVFNSVCMSVCMSUyNmZ0JTNEJTdCJTdE#from=mpl_search_suggest,695.0,N/A,茂名第一滩旅游度假区旁边游乐场斥资全新建设，全面引进多项大型机动游乐项目，嗨翻天。与爱的人留下难忘回忆，美丽在这里无需等待。,具体营业状态以当天开放情况为准,https://qimgs.qunarzz.com/piao_qsight_provider_piao_qsight_web/100m0w000000kju3y7A07_C_900_504.jpg_710x360_afeeee74.jpg〇https://qimgs.qunarzz.com/piao_qsight_provider_piao_qsight_web/10020w000000khj6u64A5_C_900_504_Q90_Mtg_7.jpg_710x360_92bf98f7.jpg〇https://qimgs.qunarzz.com/piao_qsight_provider_piao_qsight_web/100w0w000000kghio7010_C_900_504_Q90_Mtg_7.jpg_710x360_91baa869.jpg〇https://qimgs.qunarzz.com/piao_qsight_provider_piao_qsight_web/100f0w000000kah0sE0D6_C_900_504_Q90_Mtg_7.jpg_710x360_ac074e78.jpg〇https://qimgs.qunarzz.com/piao_qsight_provider_piao_qsight_web/10010w000000kndky2AEB_C_900_504_Q90_Mtg_7.jpg_710x360_b642188d.jpg〇https://qimgs.qunarzz.com/piao_qsight_provider_piao_qsight_web/100w0w000000kghip0FDA_C_900_504_Q90_Mtg_7.jpg_710x360_71e1fcdc.jpg〇https://qimgs.qunarzz.com/piao_qsight_provider_piao_qsight_web/100t0w000000kai134962_C_900_504_Q90_Mtg_7.jpg_710x360_7a6c6cff.jpg〇https://qimgs.qunarzz.com/piao_qsight_provider_piao_qsight_web/100m0w000000kju3y7A07_C_900_504_Q90_Mtg_7.jpg_710x360_b583100f.jpg,"{""ret"": true, ""data"": {""tagList"": [{""tagType"": 0, ""tagScore"": 5, ""tagNum"": 0, ""tagName"": ""\u5168\u90e8""}], ""score"": 0.0, ""commentCount"": 0}, ""statusCode"": 200}"
茂名市滨海cs野战拓展基地,https://imgs.qunarzz.com/sight/p0/1411/71/b15cf835a858a2a663e7f2ceb4427a57.water.jpg_280x200_4c7c1862.jpg,茂名市,电白区,广东省茂名市电白县茂港南海镇霞里虎头山风景区观海长廊右转800米,1,1.0,环绕战场音效，逼真的野战场景,https://piao.qunar.com/ticket/detail_3505951933.html?st=a3clM0QlRTclOTQlQjUlRTclOTklQkQlRTUlOEMlQkElMjZpZCUzRDE5ODk4NiUyNnR5cGUlM0QwJTI2aWR4JTNENCUyNnF0JTNEJTI2YXBrJTNEMiUyNnNjJTNEV1dXJTI2dXIlM0QlRTQlQjglQUQlRTUlQjElQjElMjZsciUzRCVFNCVCOCVBRCVFNSVCMSVCMSUyNmZ0JTNEJTdCJTdE#from=mpl_search_suggest,695.0,N/A,滨海CS野战拓展基地成立于2014年，是一家专业从事“体验式培训”研究和推广的咨询及培训服务机构。每年为机关单位、大小企业、外资企业等公司策划组织企业培训、企业活动、真人CS野战等项目。致力为企业打造一支具有凝聚力、战斗力的高效团队。同时通过我们策划组织新颖、趣味的各项活动，使朋友之间、企业与客户之间加深沟通和感情交流。,暂无,https://imgs.qunarzz.com/sight/p0/1411/71/b15cf835a858a2a663e7f2ceb4427a57.water.jpg_710x360_820ce0bc.jpg〇https://imgs.qunarzz.com/sight/p0/1411/a1/26bcc7f975964f821e8bc01429d04f0b.water.jpg_710x360_3ce93386.jpg〇https://qimgs.qunarzz.com/piao_qsight_provider_piao_qsight_web/7c875e445a9a3537.jpg_710x360_6f8c3ce2.jpg,"{""ret"": true, ""data"": {""tagList"": [{""tagType"": 3, ""tagScore"": 5, ""tagNum"": 1, ""tagName"": ""\u5dee\u8bc4""}, {""tagType"": 0, ""tagScore"": 5, ""tagNum"": 1, ""tagName"": ""\u5168\u90e8""}], ""commentList"": [{""author"": ""\u53bb*\u6237"", ""content"": ""\u4e1c\u839e\u5bb6\u798f\u706b\u9505\u4e0d\u7b26\u5408\u5403\u597d\u5403\u5403\u597d\u5403"", ""date"": ""2024-06-07"", ""score"": 1, ""commentId"": ""234257008"", ""imgs"": [], ""userNickName"": ""\u53bb*\u6237"", ""replyCityName"": """", ""cityName"": ""\u5e7f\u4e1c""}], ""score"": 1.0, ""commentCount"": 1}, ""statusCode"": 200}"
浪漫海岸国际旅游度假区,https://qimgs.qunarzz.com/piao_qsight_provider_piao_qsight_web/1lo5u12000c2km6f30636_C_900_504.jpg_280x200_cff3ec7e.jpg,茂名市,电白区,广东省茂名市电白区博贺镇尖岗管理区,4022,4.7,水清沙白的海滨约会胜地,https://piao.qunar.com/ticket/detail_3857255189.html?st=a3clM0QlRTclOTQlQjUlRTclOTklQkQlRTUlOEMlQkElMjZpZCUzRDM3MjUzJTI2dHlwZSUzRDAlMjZpZHglM0QzJTI2cXQlM0QlMjZhcGslM0QyJTI2c2MlM0RXV1clMjZ1ciUzRCVFNCVCOCVBRCVFNSVCMSVCMSUyNmxyJTNEJUU0JUI4JUFEJUU1JUIxJUIxJTI2ZnQlM0QlN0IlN0Q%3D#from=mpl_search_suggest,72.0,4A景区,著名国画家关山月题名“茂名市电白龙头山海湾乐园”。海滩边建有楼房、舞厅、餐厅；林带内设置磨石凳；筑千年海龟海鲞池；购置游艇。是电白县观海、游览的胜地。浪漫海岸是以“爱”与“浪漫”、为主题的度假区，这里充满东南亚异域风情，是集旅游观光、休闲度假、海上娱乐、商务会议、婚礼庆典、拓展训练、美食购物等为一体的综合性旅游度假区。“浪漫巴厘风情，海岸至尊享受”，浪漫海岸——让世界浪漫起来！顺着身体和心灵的指引，探寻心灵寄托之处沐浴着南海岸边的阳光，享受着东南亚热带气息的环绕，穿梭在浪漫海岸梦幻般的环境，体会着大自然清新的呵护……。,1/1-12/31；周一至周日；08:00-22:00开园,https://qimgs.qunarzz.com/piao_qsight_provider_piao_qsight_web/1lo5u12000c2km6f30636_C_900_504.jpg_710x360_9d1b18bc.jpg〇https://qimgs.qunarzz.com/piao_qsight_provider_piao_qsight_web/1lo0z12000fpjkzxx4740_C_900_504_Q90_Mtg_7.jpg_710x360_42ab1796.jpg〇https://qimgs.qunarzz.com/piao_qsight_provider_piao_qsight_web/1lo0612000fpjkpg6E812_C_900_504_Q90_Mtg_7.jpg_710x360_f5c02a97.jpg〇https://qimgs.qunarzz.com/piao_qsight_provider_piao_qsight_web/1lo6v12000c2kkjfgA84C_C_900_504_Q90_Mtg_7.jpg_710x360_ff6f7433.jpg〇https://qimgs.qunarzz.com/piao_qsight_provider_piao_qsight_web/1lo4212000c1hxhh8729D_C_900_504_Q90_Mtg_7.jpg_710x360_6ac13adc.jpg〇https://qimgs.qunarzz.com/piao_qsight_provider_piao_qsight_web/1lo5012000c2kl3vv47F5_C_900_504_Q90_Mtg_7.jpg_710x360_39bca592.jpg〇https://qimgs.qunarzz.com/piao_qsight_provider_piao_qsight_web/1lo5v12000c1hxozr085D_C_900_504_Q90_Mtg_7.jpg_710x360_adc0d3c8.jpg〇https://qimgs.qunarzz.com/piao_qsight_provider_piao_qsight_web/1lo3h12000c2kkpbaB12C_C_900_504_Q90_Mtg_7.jpg_710x360_52f1b2d5.jpg〇https://qimgs.qunarzz.com/piao_qsight_provider_piao_qsight_web/1lo1t12000c1hxgzd09CE_C_900_504_Q90_Mtg_7.jpg_710x360_29b705a6.jpg〇https://qimgs.qunarzz.com/piao_qsight_provider_piao_qsight_web/1lo3y12000c1hx732DD37_C_900_504_Q90_Mtg_7.jpg_710x360_68630b25.jpg〇https://qimgs.qunarzz.com/piao_qsight_provider_piao_qsight_web/1lo5u12000c2km6f30636_C_900_504_Q90_Mtg_7.jpg_710x360_3e2e5bf9.jpg〇https://imgs.qunarzz.com/sight/p0/201301/11/5f466099ec36195e93835fbb.png_710x360_44a78dfe.png〇https://imgs.qunarzz.com/sight/p0/201301/11/9bef8a55bab9a0bd93835fbb.png_710x360_d1002780.png〇https://imgs.qunarzz.com/sight/p0/201301/11/92bbff25bf2603a893835fbb.png_710x360_d417e604.png〇https://imgs.qunarzz.com/sight/p0/201301/11/95456ac92d606ed493835fbb.png_710x360_3c74f906.png,"{""ret"": true, ""data"": {""tagList"": [{""tagType"": 32, ""tagScore"": 5, ""tagNum"": 29, ""tagName"": ""\u670d\u52a1\u597d""}, {""tagType"": 16, ""tagScore"": 5, ""tagNum"": 39, ""tagName"": ""\u9760\u8c31""}, {""tagType"": 8, ""tagScore"": 5, ""tagNum"": 46, ""tagName"": ""\u4fbf\u5b9c""}, {""tagType"": 4, ""tagScore"": 5, ""tagNum"": 79, ""tagName"": ""\u53d6\u7968\u65b9\u4fbf""}, {""tagType"": 3, ""tagScore"": 5, ""tagNum"": 49, ""tagName"": ""\u5dee\u8bc4""}, {""tagType"": 2, ""tagScore"": 5, ""tagNum"": 53, ""tagName"": ""\u4e2d\u8bc4""}, {""tagType"": 1, ""tagScore"": 5, ""tagNum"": 3758, ""tagName"": ""\u597d\u8bc4""}, {""tagType"": 0, ""tagScore"": 5, ""tagNum"": 4022, ""tagName"": ""\u5168\u90e8""}], ""commentList"": [{""author"": ""\u53bb*\u6237"", ""content"": ""\u7528\u6237\u672a\u70b9\u8bc4\uff0c\u7cfb\u7edf\u9ed8\u8ba4\u597d\u8bc4\u3002"", ""date"": ""2024-12-25"", ""score"": 5, ""commentId"": ""239376683"", ""imgs"": [], ""userNickName"": ""\u53bb*\u6237"", ""replyCityName"": """", ""cityName"": """"}, {""author"": ""\u771f*\u5988"", ""content"": ""\u7528\u6237\u672a\u70b9\u8bc4\uff0c\u7cfb\u7edf\u9ed8\u8ba4\u597d\u8bc4\u3002"", ""date"": ""2024-12-13"", ""score"": 5, ""commentId"": ""239217188"", ""imgs"": [], ""userNickName"": ""\u771f*\u5988"", ""replyCityName"": """", ""cityName"": """"}, {""author"": ""\u53bb*\u6237"", ""content"": ""\u963f\u5a1f\u670d\u52a1\u6001\u5ea6\u4e0d\u9519\u54e6\u54c8\u54c8\u54c8\u4e0b\u6b21\u518d\u6765"", ""date"": ""2024-07-12"", ""score"": 5, ""commentId"": ""234789877"", ""imgs"": [{""small"": ""https://qimgs.qunarzz.com/mp_piao_0001/temp11403277333029807692file_1720745301000.jpg_120x120_e6da5b8c.jpg"", ""title"": """", ""big"": ""https://qimgs.qunarzz.com/mp_piao_0001/temp11403277333029807692file_1720745301000.jpg""}, {""small"": ""https://qimgs.qunarzz.com/mp_piao_0001/temp16788101453304403555file_1720745301000.jpg_120x120_26d87180.jpg"", ""title"": """", ""big"": ""https://qimgs.qunarzz.com/mp_piao_0001/temp16788101453304403555file_1720745301000.jpg""}], ""userNickName"": ""\u53bb*\u6237"", ""replyCityName"": """", ""cityName"": ""\u5e7f\u4e1c""}, {""author"": ""c*0"", ""content"": ""\u7528\u6237\u672a\u70b9\u8bc4\uff0c\u7cfb\u7edf\u9ed8\u8ba4\u597d\u8bc4\u3002"", ""date"": ""2024-11-19"", ""score"": 5, ""commentId"": ""238849395"", ""imgs"": [], ""userNickName"": ""c*0"", ""replyCityName"": """", ""cityName"": """"}, {""author"": ""b*1"", ""content"": ""\u7528\u6237\u672a\u70b9\u8bc4\uff0c\u7cfb\u7edf\u9ed8\u8ba4\u597d\u8bc4\u3002"", ""date"": ""2024-11-17"", ""score"": 5, ""commentId"": ""238802899"", ""imgs"": [], ""userNickName"": ""b*1"", ""replyCityName"": """", ""cityName"": """"}, {""author"": ""b*1"", ""content"": ""\u7528\u6237\u672a\u70b9\u8bc4\uff0c\u7cfb\u7edf\u9ed8\u8ba4\u597d\u8bc4\u3002"", ""date"": ""2024-11-17"", ""score"": 5, ""commentId"": ""238802890"", ""imgs"": [], ""userNickName"": ""b*1"", ""replyCityName"": """", ""cityName"": """"}, {""author"": ""\u53bb*\u6237"", ""content"": ""\u7528\u6237\u672a\u70b9\u8bc4\uff0c\u7cfb\u7edf\u9ed8\u8ba4\u597d\u8bc4\u3002"", ""date"": ""2024-11-16"", ""score"": 5, ""commentId"": ""238787519"", ""imgs"": [], ""userNickName"": ""\u53bb*\u6237"", ""replyCityName"": """", ""cityName"": """"}, {""author"": ""\u53bb*\u6237"", ""content"": ""\u7528\u6237\u672a\u70b9\u8bc4\uff0c\u7cfb\u7edf\u9ed8\u8ba4\u597d\u8bc4\u3002"", ""date"": ""2024-11-08"", ""score"": 5, ""commentId"": ""238694754"", ""imgs"": [], ""userNickName"": ""\u53bb*\u6237"", ""replyCityName"": """", ""cityName"": """"}, {""author"": ""\u76ae*\u884c"", ""content"": ""\u7528\u6237\u672a\u70b9\u8bc4\uff0c\u7cfb\u7edf\u9ed8\u8ba4\u597d\u8bc4\u3002"", ""date"": ""2024-11-07"", ""score"": 5, ""commentId"": ""238688581"", ""imgs"": [], ""userNickName"": ""\u76ae*\u884c"", ""replyCityName"": """", ""cityName"": """"}, {""author"": ""\u98d8*-"", ""content"": ""\u7528\u6237\u672a\u70b9\u8bc4\uff0c\u7cfb\u7edf\u9ed8\u8ba4\u597d\u8bc4\u3002"", ""date"": ""2024-11-06"", ""score"": 5, ""commentId"": ""238654550"", ""imgs"": [], ""userNickName"": ""\u98d8*-"", ""replyCityName"": """", ""cityName"": """"}], ""score"": 4.7, ""commentCount"": 4022}, ""statusCode"": 200}"
御水古温泉旅游度假区,https://qimgs.qunarzz.com/piao_qsight_provider_piao_qsight_web/1lo6u12000c1hwaok3A1A_C_900_504.jpg_280x200_9fde8982.jpg,茂名市,电白区,茂名市电白区麻岗镇热水村,2902,4.9,环境幽雅的天然温泉,https://piao.qunar.com/ticket/detail_1994445052.html?st=a3clM0QlRTclOTQlQjUlRTclOTklQkQlRTUlOEMlQkElMjZpZCUzRDM1NTExJTI2dHlwZSUzRDAlMjZpZHglM0QyJTI2cXQlM0QlMjZhcGslM0QyJTI2c2MlM0RXV1clMjZ1ciUzRCVFNCVCOCVBRCVFNSVCMSVCMSUyNmxyJTNEJUU0JUI4JUFEJUU1JUIxJUIxJTI2ZnQlM0QlN0IlN0Q%3D#from=mpl_search_suggest,138.0,4A景区,御水古温泉度假村集温泉、旅游、餐饮住宿、会务培训、休闲娱乐等项目于一体，拥用200多间客房，舒适豪华、宽敞明亮。南亚式洋楼和别墅每间都设有独立温泉池，让游客在绿色与宁静中的秘密空间找回自我。度假村设有巴厘岛风情的温泉池区43个形状不一、*能各异的温泉池错落有致地分布在绿树林荫之中。温泉泡浴、温泉冲浪、温泉SPA、温泉鱼疗、温泉磁沙、养生保健、干湿蒸、水上拓展等项目一应俱全。度假村拥有一个集探险，穿越，探洞，岩降，溯溪为一体的户外拓展训练基地。通过精心设计的各种活动让游客们受到各种启发，从而达到磨练意志、发掘潜能、陶冶情操、完善人格、熔炼团队的目的。御水古温泉度假村的美食同时令游客赞不绝口。这里的餐厅充满农家风格、洋溢着乡土情调，地道的绿色菜肴、独具地方特色的农家小炒及各种不同*能的保健套餐，热情周到、体贴入微的服务，让游客们尽情品尝享用美味佳肴。多*能国际会议中心可同时容纳300多人就座，装修豪华气派，设备先进，*能齐全，是举行各种商务会议、会务培训的理想场所。此外，度假村的配套设施还有豪华KTV包厢、保健按摩中心、棋牌室、运动球场、烧烤场、特产购物商场等配套设备。,1/1-12/31；周一至周日；08:00-23:59开园；（23:00停止入园）,https://qimgs.qunarzz.com/piao_qsight_provider_piao_qsight_web/1lo6u12000c1hwaok3A1A_C_900_504.jpg_710x360_ff30bf53.jpg〇https://qimgs.qunarzz.com/piao_qsight_provider_piao_qsight_web/1lo3812000c2vmnweF48C_C_900_504_Q90_Mtg_7.jpg_710x360_780c559c.jpg〇https://qimgs.qunarzz.com/piao_qsight_provider_piao_qsight_web/1lo3w12000c2vmdx49933_C_900_504_Q90_Mtg_7.jpg_710x360_b08930ab.jpg〇https://qimgs.qunarzz.com/piao_qsight_provider_piao_qsight_web/1lo4u12000c1hwcb3EA86_C_900_504_Q90_Mtg_7.jpg_710x360_3414af55.jpg〇https://qimgs.qunarzz.com/piao_qsight_provider_piao_qsight_web/1lo3v12000c2vqsv616D4_C_900_504_Q90_Mtg_7.png_710x360_b292facc.png〇https://qimgs.qunarzz.com/piao_qsight_provider_piao_qsight_web/1lo2912000c2vmgrx0FE5_C_900_504_Q90_Mtg_7.jpg_710x360_ea1275dc.jpg〇https://qimgs.qunarzz.com/piao_qsight_provider_piao_qsight_web/1lo6512000c2w43fg0F9B_C_900_504_Q90_Mtg_7.jpg_710x360_a79e621e.jpg〇https://qimgs.qunarzz.com/piao_qsight_provider_piao_qsight_web/1lo5w12000c1hvqvv4F50_C_900_504_Q90_Mtg_7.jpg_710x360_b9165cf9.jpg〇https://qimgs.qunarzz.com/piao_qsight_provider_piao_qsight_web/1lo5212000c2w484yF56B_C_900_504_Q90_Mtg_7.jpg_710x360_b8a08c44.jpg〇https://qimgs.qunarzz.com/piao_qsight_provider_piao_qsight_web/1lo2z12000c1hwdj49837_C_900_504_Q90_Mtg_7.jpg_710x360_ecd32e52.jpg〇https://qimgs.qunarzz.com/piao_qsight_provider_piao_qsight_web/1lo6u12000c1hwaok3A1A_C_900_504_Q90_Mtg_7.jpg_710x360_72454f3b.jpg〇https://imgs.qunarzz.com/sight/p0/201212/24/e781bcc3db21218393835fbb.png_710x360_6b1b1b8a.png〇https://imgs.qunarzz.com/sight/p0/201212/24/d997de225d43bd3993835fbb.png_710x360_9aa13468.png〇https://imgs.qunarzz.com/sight/p0/201212/24/511191bff90c7ad393835fbb.png_710x360_7cb89d9f.png〇https://imgs.qunarzz.com/sight/p0/201212/24/254263d94c5bd5af93835fbb.png_710x360_74b656d0.png,"{""ret"": true, ""data"": {""tagList"": [{""tagType"": 32, ""tagScore"": 5, ""tagNum"": 25, ""tagName"": ""\u670d\u52a1\u597d""}, {""tagType"": 16, ""tagScore"": 5, ""tagNum"": 32, ""tagName"": ""\u9760\u8c31""}, {""tagType"": 8, ""tagScore"": 5, ""tagNum"": 23, ""tagName"": ""\u4fbf\u5b9c""}, {""tagType"": 4, ""tagScore"": 5, ""tagNum"": 40, ""tagName"": ""\u53d6\u7968\u65b9\u4fbf""}, {""tagType"": 3, ""tagScore"": 5, ""tagNum"": 20, ""tagName"": ""\u5dee\u8bc4""}, {""tagType"": 2, ""tagScore"": 5, ""tagNum"": 27, ""tagName"": ""\u4e2d\u8bc4""}, {""tagType"": 1, ""tagScore"": 5, ""tagNum"": 2825, ""tagName"": ""\u597d\u8bc4""}, {""tagType"": 0, ""tagScore"": 5, ""tagNum"": 2902, ""tagName"": ""\u5168\u90e8""}], ""commentList"": [{""author"": ""\u5468*\u534e"", ""content"": ""\u7528\u6237\u672a\u70b9\u8bc4\uff0c\u7cfb\u7edf\u9ed8\u8ba4\u597d\u8bc4\u3002"", ""date"": ""2024-12-26"", ""score"": 5, ""commentId"": ""239385400"", ""imgs"": [], ""userNickName"": ""\u5468*\u534e"", ""replyCityName"": """", ""cityName"": """"}, {""author"": ""\u53bb*\u6237"", ""content"": ""\u7528\u6237\u672a\u70b9\u8bc4\uff0c\u7cfb\u7edf\u9ed8\u8ba4\u597d\u8bc4\u3002"", ""date"": ""2024-12-22"", ""score"": 5, ""commentId"": ""239323326"", ""imgs"": [], ""userNickName"": ""\u53bb*\u6237"", ""replyCityName"": """", ""cityName"": """"}, {""author"": ""\u53bb*\u6237"", ""content"": ""\u7528\u6237\u672a\u70b9\u8bc4\uff0c\u7cfb\u7edf\u9ed8\u8ba4\u597d\u8bc4\u3002"", ""date"": ""2024-12-09"", ""score"": 5, ""commentId"": ""239146685"", ""imgs"": [], ""userNickName"": ""\u53bb*\u6237"", ""replyCityName"": """", ""cityName"": """"}, {""author"": ""\u53bb*\u6237"", ""content"": ""\u7528\u6237\u672a\u70b9\u8bc4\uff0c\u7cfb\u7edf\u9ed8\u8ba4\u597d\u8bc4\u3002"", ""date"": ""2024-12-09"", ""score"": 5, ""commentId"": ""239146676"", ""imgs"": [], ""userNickName"": ""\u53bb*\u6237"", ""replyCityName"": """", ""cityName"": """"}, {""author"": ""\u53bb*\u6237"", ""content"": ""\u7528\u6237\u672a\u70b9\u8bc4\uff0c\u7cfb\u7edf\u9ed8\u8ba4\u597d\u8bc4\u3002"", ""date"": ""2024-12-09"", ""score"": 5, ""commentId"": ""239146610"", ""imgs"": [], ""userNickName"": ""\u53bb*\u6237"", ""replyCityName"": """", ""cityName"": """"}, {""author"": ""\u53bb*\u6237"", ""content"": ""\u7528\u6237\u672a\u70b9\u8bc4\uff0c\u7cfb\u7edf\u9ed8\u8ba4\u597d\u8bc4\u3002"", ""date"": ""2024-12-09"", ""score"": 5, ""commentId"": ""239146568"", ""imgs"": [], ""userNickName"": ""\u53bb*\u6237"", ""replyCityName"": """", ""cityName"": """"}, {""author"": ""d*2"", ""content"": ""\u7528\u6237\u672a\u70b9\u8bc4\uff0c\u7cfb\u7edf\u9ed8\u8ba4\u597d\u8bc4\u3002"", ""date"": ""2024-12-08"", ""score"": 5, ""commentId"": ""239136203"", ""imgs"": [], ""userNickName"": ""d*2"", ""replyCityName"": """", ""cityName"": """"}, {""author"": ""\u4e00*\u590f"", ""content"": ""\u7528\u6237\u672a\u70b9\u8bc4\uff0c\u7cfb\u7edf\u9ed8\u8ba4\u597d\u8bc4\u3002"", ""date"": ""2024-12-01"", ""score"": 5, ""commentId"": ""239040309"", ""imgs"": [], ""userNickName"": ""\u4e00*\u590f"", ""replyCityName"": """", ""cityName"": """"}, {""author"": ""\u53bb*\u6237"", ""content"": ""\u7528\u6237\u672a\u70b9\u8bc4\uff0c\u7cfb\u7edf\u9ed8\u8ba4\u597d\u8bc4\u3002"", ""date"": ""2024-12-01"", ""score"": 5, ""commentId"": ""239039706"", ""imgs"": [], ""userNickName"": ""\u53bb*\u6237"", ""replyCityName"": """", ""cityName"": """"}, {""author"": ""D*7"", ""content"": ""\u7528\u6237\u672a\u70b9\u8bc4\uff0c\u7cfb\u7edf\u9ed8\u8ba4\u597d\u8bc4\u3002"", ""date"": ""2024-11-27"", ""score"": 5, ""commentId"": ""238981962"", ""imgs"": [], ""userNickName"": ""D*7"", ""replyCityName"": """", ""cityName"": """"}], ""score"": 4.9, ""commentCount"": 2902}, ""statusCode"": 200}"
冼太夫人故里文化旅游区,https://qimgs.qunarzz.com/piao_qsight_provider_piao_qsight_web/350a12000000srsk1E549_C_900_504.jpg_280x200_04a839ae.jpg,茂名市,电白区,茂名市电白区电城镇北5公里的山兜村,88,4.9,探访巾帼英雄故里,https://piao.qunar.com/ticket/detail_543469760.html?st=a3clM0QlRTclOTQlQjUlRTclOTklQkQlRTUlOEMlQkElMjZpZCUzRDQ3MjYxMCUyNnR5cGUlM0QwJTI2aWR4JTNEMSUyNnF0JTNEJTI2YXBrJTNEMiUyNnNjJTNEV1dXJTI2dXIlM0QlRTQlQjglQUQlRTUlQjElQjElMjZsciUzRCVFNCVCOCVBRCVFNSVCMSVCMSUyNmZ0JTNEJTdCJTdE#from=mpl_search_suggest,19.0,4A景区,冼太夫人故里文化旅游景区拥有冼太夫人文化核心的冼墓（隋谯国夫人墓，茂名地区的全国重点文物保护单位）、冼庙（娘娘庙，是与冼太夫人墓城同期的隋代古庙，是历史上很早的冼太夫人庙）、冼府（山兜丁村）。在对全国重点文物保护单位娘娘庙的两次修葺及核心景区的设施建设中，景区遵循尊重历史、精益求精的原则，尽心竭力打造历史文化名人名胜景区，得到了时任中共广东省委常委、宣传部长慎海雄同志的高度评价，称赞为“规划有国际视野”。广东省文物局局长龙家有给予了充分的肯定，称之为：“民营企业文物保护的范例”。,1/1-12/31；周一至周日；08:00-18:00开园,https://qimgs.qunarzz.com/piao_qsight_provider_piao_qsight_web/350a12000000srsk1E549_C_900_504.jpg_710x360_911d0f0f.jpg〇https://qimgs.qunarzz.com/piao_qsight_provider_piao_qsight_web/350u12000000sqfz957BA_C_900_504_Q90_Mtg_7.jpg_710x360_3ffe04d2.jpg〇https://qimgs.qunarzz.com/piao_qsight_provider_piao_qsight_web/100n1f000001gpe5vABC1_C_900_504_Q90_Mtg_7.jpg_710x360_3bc4ab1f.jpg〇https://qimgs.qunarzz.com/piao_qsight_provider_piao_qsight_web/350812000000sqnzf6617_C_900_504_Q90_Mtg_7.jpg_710x360_8763a2dd.jpg〇https://qimgs.qunarzz.com/piao_qsight_provider_piao_qsight_web/350312000000ss76z4C52_C_900_504_Q90_Mtg_7.jpg_710x360_4d79d4f3.jpg〇https://qimgs.qunarzz.com/piao_qsight_provider_piao_qsight_web/350512000000ssz7g070D_C_900_504_Q90_Mtg_7.jpg_710x360_586667cc.jpg〇https://qimgs.qunarzz.com/piao_qsight_provider_piao_qsight_web/350112000000t3e9gBCA2_C_900_504_Q90_Mtg_7.jpg_710x360_01be526a.jpg〇https://qimgs.qunarzz.com/piao_qsight_provider_piao_qsight_web/350w12000000swi7a504B_C_900_504_Q90_Mtg_7.jpg_710x360_289d3cef.jpg〇https://qimgs.qunarzz.com/piao_qsight_provider_piao_qsight_web/350m12000000szutxB9BC_C_900_504_Q90_Mtg_7.jpg_710x360_36bc7f1d.jpg〇https://qimgs.qunarzz.com/piao_qsight_provider_piao_qsight_web/0102o120008jbppcf82D5_C_900_504_Q90_Mtg_7.jpg_710x360_068188b9.jpg〇https://qimgs.qunarzz.com/piao_qsight_provider_piao_qsight_web/350a12000000srsk1E549_C_900_504_Q90_Mtg_7.jpg_710x360_bf805e07.jpg〇https://imgs.qunarzz.com/sight/p0/1903/3f/3f51d9981f7efe53a3.img.jpg_710x360_61f91da0.jpg〇https://imgs.qunarzz.com/sight/p0/1903/d3/d35c2e40c8726c67a3.img.jpg_710x360_ff3d6e22.jpg〇https://imgs.qunarzz.com/sight/p0/1903/20/206378a1b0eb9af6a3.img.jpg_710x360_1707bda2.jpg〇https://imgs.qunarzz.com/sight/p0/1903/24/24147f2c0f6737efa3.img.jpg_710x360_3201ae7e.jpg〇https://imgs.qunarzz.com/sight/p0/1903/68/680a70725c2d7135a3.img.jpg_710x360_61f940b2.jpg〇https://imgs.qunarzz.com/sight/p0/1903/96/96be008cb8d8acbca3.img.jpg_710x360_84005f3b.jpg〇https://imgs.qunarzz.com/sight/p0/1903/ed/ed69110dfa9a54a9a3.img.jpg_710x360_2839182c.jpg〇https://qimgs.qunarzz.com/piao_qsight_provider_piao_qsight_web/91b657ba9c8cfa37.jpg_710x360_faec7ae3.jpg,"{""ret"": true, ""data"": {""tagList"": [{""tagType"": 3, ""tagScore"": 5, ""tagNum"": 2, ""tagName"": ""\u5dee\u8bc4""}, {""tagType"": 1, ""tagScore"": 5, ""tagNum"": 86, ""tagName"": ""\u597d\u8bc4""}, {""tagType"": 0, ""tagScore"": 5, ""tagNum"": 88, ""tagName"": ""\u5168\u90e8""}], ""commentList"": [{""author"": ""u*7"", ""content"": ""\u7528\u6237\u672a\u70b9\u8bc4\uff0c\u7cfb\u7edf\u9ed8\u8ba4\u597d\u8bc4\u3002"", ""date"": ""2024-11-07"", ""score"": 5, ""commentId"": ""238666826"", ""imgs"": [], ""userNickName"": ""u*7"", ""replyCityName"": """", ""cityName"": """"}, {""author"": ""h*6"", ""content"": ""\u7528\u6237\u672a\u70b9\u8bc4\uff0c\u7cfb\u7edf\u9ed8\u8ba4\u597d\u8bc4\u3002"", ""date"": ""2024-10-31"", ""score"": 5, ""commentId"": ""237905186"", ""imgs"": [], ""userNickName"": ""h*6"", ""replyCityName"": """", ""cityName"": """"}, {""author"": ""h*6"", ""content"": ""\u7528\u6237\u672a\u70b9\u8bc4\uff0c\u7cfb\u7edf\u9ed8\u8ba4\u597d\u8bc4\u3002"", ""date"": ""2024-08-27"", ""score"": 5, ""commentId"": ""235931189"", ""imgs"": [], ""userNickName"": ""h*6"", ""replyCityName"": """", ""cityName"": """"}, {""author"": ""\u53bb*\u6237"", ""content"": ""\u7528\u6237\u672a\u70b9\u8bc4\uff0c\u7cfb\u7edf\u9ed8\u8ba4\u597d\u8bc4\u3002"", ""date"": ""2024-08-17"", ""score"": 5, ""commentId"": ""235596205"", ""imgs"": [], ""userNickName"": ""\u53bb*\u6237"", ""replyCityName"": """", ""cityName"": """"}, {""author"": ""l*7"", ""content"": ""\u7528\u6237\u672a\u70b9\u8bc4\uff0c\u7cfb\u7edf\u9ed8\u8ba4\u597d\u8bc4\u3002"", ""date"": ""2024-08-16"", ""score"": 5, ""commentId"": ""235570233"", ""imgs"": [], ""userNickName"": ""l*7"", ""replyCityName"": """", ""cityName"": """"}, {""author"": ""l*7"", ""content"": ""\u7528\u6237\u672a\u70b9\u8bc4\uff0c\u7cfb\u7edf\u9ed8\u8ba4\u597d\u8bc4\u3002"", ""date"": ""2024-08-16"", ""score"": 5, ""commentId"": ""235570123"", ""imgs"": [], ""userNickName"": ""l*7"", ""replyCityName"": """", ""cityName"": """"}, {""author"": ""f*5"", ""content"": ""\u7528\u6237\u672a\u70b9\u8bc4\uff0c\u7cfb\u7edf\u9ed8\u8ba4\u597d\u8bc4\u3002"", ""date"": ""2024-07-30"", ""score"": 5, ""commentId"": ""235104654"", ""imgs"": [], ""userNickName"": ""f*5"", ""replyCityName"": """", ""cityName"": """"}, {""author"": ""\u53bb*\u6237"", ""content"": ""\u7528\u6237\u672a\u70b9\u8bc4\uff0c\u7cfb\u7edf\u9ed8\u8ba4\u597d\u8bc4\u3002"", ""date"": ""2024-07-16"", ""score"": 5, ""commentId"": ""234833991"", ""imgs"": [], ""userNickName"": ""\u53bb*\u6237"", ""replyCityName"": """", ""cityName"": """"}, {""author"": ""\u53bb*\u6237"", ""content"": ""\u7528\u6237\u672a\u70b9\u8bc4\uff0c\u7cfb\u7edf\u9ed8\u8ba4\u597d\u8bc4\u3002"", ""date"": ""2024-06-26"", ""score"": 5, ""commentId"": ""234493855"", ""imgs"": [], ""userNickName"": ""\u53bb*\u6237"", ""replyCityName"": """", ""cityName"": """"}, {""author"": ""\u53bb*\u6237\uff08\u8be5\u7528\u6237\u5df2\u6ce8\u9500\uff09"", ""content"": ""\u7528\u6237\u672a\u70b9\u8bc4\uff0c\u7cfb\u7edf\u9ed8\u8ba4\u597d\u8bc4\u3002"", ""date"": ""2024-06-21"", ""score"": 5, ""commentId"": ""234424853"", ""imgs"": [], ""userNickName"": ""\u53bb*\u6237\uff08\u8be5\u7528\u6237\u5df2\u6ce8\u9500\uff09"", ""replyCityName"": """", ""cityName"": """"}], ""score"": 4.9, ""commentCount"": 88}, ""statusCode"": 200}"
牙象大地艺术公园,https://qimgs.qunarzz.com/piao_qsight_provider_piao_qsight_web/0105n120009cyjfsnEB2C_C_900_504.jpg_280x200_8086b912.jpg,茂名市,茂南区,广东省茂名市茂南区210专线木头塘公交站东南100米,3,5.0,牙象大地艺术公园是一个田园综合体示范项目，其以美丽的田园风光，打造出创新有趣的艺术构图，彩色的稻田顿时也变得鲜活起来，吸,https://piao.qunar.com/ticket/detail_1547122244.html?st=a3clM0QlRTglOEMlODIlRTUlOEQlOTclRTUlOEMlQkElMjZpZCUzRDUwODM4MSUyNnR5cGUlM0QwJTI2aWR4JTNENSUyNnF0JTNEJTI2YXBrJTNEMiUyNnNjJTNEV1dXJTI2dXIlM0QlRTQlQjglQUQlRTUlQjElQjElMjZsciUzRCVFNCVCOCVBRCVFNSVCMSVCMSUyNmZ0JTNEJTdCJTdE#from=mpl_search_suggest,-1.0,N/A,牙象大地艺术公园是一个田园综合体示范项目，其以美丽的田园风光，打造出创新有趣的艺术构图，彩色的稻田顿时也变得鲜活起来，吸引了附近大量的游客前去游玩，是一处新晋的网红打卡地。,1/1-12/31；周一至周五；08:30-18:00开园,https://qimgs.qunarzz.com/piao_qsight_provider_piao_qsight_web/0105n120009cyjfsnEB2C_C_900_504.jpg_710x360_058a1d35.jpg〇https://qimgs.qunarzz.com/piao_qsight_provider_piao_qsight_web/0102s120009cyjktxB57D_C_900_504_Q90_Mtg_7.jpg_710x360_1309b7eb.jpg〇https://qimgs.qunarzz.com/piao_qsight_provider_piao_qsight_web/0102q120009cyjiryDEB5_C_900_504_Q90_Mtg_7.jpg_710x360_cdc960a6.jpg〇https://qimgs.qunarzz.com/piao_qsight_provider_piao_qsight_web/0105u120009cyje522F83_C_900_504_Q90_Mtg_7.jpg_710x360_5d3a42d4.jpg〇https://qimgs.qunarzz.com/piao_qsight_provider_piao_qsight_web/0105n120009cyjfsnEB2C_C_900_504_Q90_Mtg_7.jpg_710x360_8b77586c.jpg,"{""ret"": true, ""data"": {""tagList"": [{""tagType"": 1, ""tagScore"": 5, ""tagNum"": 3, ""tagName"": ""\u597d\u8bc4""}, {""tagType"": 0, ""tagScore"": 5, ""tagNum"": 3, ""tagName"": ""\u5168\u90e8""}], ""commentList"": [{""author"": ""l*5"", ""content"": ""\u7528\u6237\u672a\u70b9\u8bc4\uff0c\u7cfb\u7edf\u9ed8\u8ba4\u597d\u8bc4\u3002"", ""date"": ""2023-09-20"", ""score"": 5, ""commentId"": ""228865008"", ""imgs"": [], ""userNickName"": ""l*5"", ""replyCityName"": """", ""cityName"": """"}, {""author"": ""\u91d1*\u9c7c"", ""content"": ""\u7528\u6237\u672a\u70b9\u8bc4\uff0c\u7cfb\u7edf\u9ed8\u8ba4\u597d\u8bc4\u3002"", ""date"": ""2023-04-04"", ""score"": 5, ""commentId"": ""224991956"", ""imgs"": [], ""userNickName"": ""\u91d1*\u9c7c"", ""replyCityName"": """", ""cityName"": """"}, {""author"": ""a*2"", ""content"": ""\u7528\u6237\u672a\u70b9\u8bc4\uff0c\u7cfb\u7edf\u9ed8\u8ba4\u597d\u8bc4\u3002"", ""date"": ""2022-11-03"", ""score"": 5, ""commentId"": ""223704301"", ""imgs"": [], ""userNickName"": ""a*2"", ""replyCityName"": """", ""cityName"": """"}], ""score"": 5.0, ""commentCount"": 3}, ""statusCode"": 200}"
茂名江滨公园,https://imgs.qunarzz.com/sight/p21/201211/07/8ea2ad813bfe9bd593835fbb.jpg_280x200_9cd52c0c.jpg,茂名市,茂南区,广东省茂名市茂南区滨河南路1号江滨公园内,-1,-1.0,茂名江滨公园不足与一些大气的公园相比较，但是园内小巧的亭台楼阁却也和秀气的江南园林有点类似。树木葱茏的江滨公园不收门票，,https://piao.qunar.com/ticket/detail_2874692415.html?st=a3clM0QlRTglOEMlODIlRTUlOEQlOTclRTUlOEMlQkElMjZpZCUzRDY1NDglMjZ0eXBlJTNEMCUyNmlkeCUzRDQlMjZxdCUzRCUyNmFwayUzRDIlMjZzYyUzRFdXVyUyNnVyJTNEJUU0JUI4JUFEJUU1JUIxJUIxJTI2bHIlM0QlRTQlQjglQUQlRTUlQjElQjElMjZmdCUzRCU3QiU3RA%3D%3D#from=mpl_search_suggest,545.0,N/A,茂名江滨公园不足与一些大气的公园相比较，但是园内小巧的亭台楼阁却也和秀气的江南园林有点类似。树木葱茏的江滨公园不收门票，是一个消暑的好去处。从公园的湖边登到江堤上，视野更加开阔，茂名城的景色更显亮丽，公园增加了这座城市的亲和力。,暂无,https://imgs.qunarzz.com/sight/p21/201211/07/8ea2ad813bfe9bd593835fbb.jpg_710x360_1bc10ea3.jpg,"{""ret"": true, ""data"": {""tagList"": [{""tagType"": 0, ""tagScore"": 5, ""tagNum"": 0, ""tagName"": ""\u5168\u90e8""}], ""score"": 0.0, ""commentCount"": 0}, ""statusCode"": 200}"
茂名星空失恋艺术馆,https://qimgs.qunarzz.com/piao_qsight_provider_piao_qsight_web/temp88897611108059082270104k3224v7tnu7rk18A4_wmr.jpg_280x200_a8be5d98.jpg,茂名市,茂南区,茂名市茂南区文光一街南一巷（二楼）,1,4.0,茂名网红拍照圣地，融合了浪漫星空、绘画、更多的互动场景和元素。,https://piao.qunar.com/ticket/detail_181736907.html?st=a3clM0QlRTglOEMlODIlRTUlOEQlOTclRTUlOEMlQkElMjZpZCUzRDUwNDM2NyUyNnR5cGUlM0QwJTI2aWR4JTNEMyUyNnF0JTNEJTI2YXBrJTNEMiUyNnNjJTNEV1dXJTI2dXIlM0QlRTQlQjglQUQlRTUlQjElQjElMjZsciUzRCVFNCVCOCVBRCVFNSVCMSVCMSUyNmZ0JTNEJTdCJTdE#from=mpl_search_suggest,695.0,N/A,茂名网红拍照圣地，融合了浪漫星空、绘画、更多的互动场景和元素。,1/1-12/31；周一至周日；11:00-23:00开园,https://qimgs.qunarzz.com/piao_qsight_provider_piao_qsight_web/temp88897611108059082270104k3224v7tnu7rk18A4_wmr.jpg_710x360_573ddf68.jpg,"{""ret"": true, ""data"": {""tagList"": [{""tagType"": 1, ""tagScore"": 5, ""tagNum"": 1, ""tagName"": ""\u597d\u8bc4""}, {""tagType"": 0, ""tagScore"": 5, ""tagNum"": 1, ""tagName"": ""\u5168\u90e8""}], ""commentList"": [{""author"": ""\u53bb*\u6237"", ""content"": ""\u4ecb\u4e48\u8bf4\u5450\uff0c\u95e8\u796836\ud83d\ude4a"", ""date"": ""2024-02-06"", ""score"": 4, ""commentId"": ""231337327"", ""imgs"": [], ""userNickName"": ""\u53bb*\u6237"", ""replyCityName"": """", ""cityName"": ""\u5e7f\u4e1c""}], ""score"": 4.0, ""commentCount"": 1}, ""statusCode"": 200}"
雅米乐园,https://qimgs.qunarzz.com/piao_qsight_provider_piao_qsight_web/0102l120008f0p60m2D03_C_900_504.png_280x200_a0e449d6.png,茂名市,茂南区,环市南路文武庙旁,5,4.2,N/A,https://piao.qunar.com/ticket/detail_3217449191.html?st=a3clM0QlRTglOEMlODIlRTUlOEQlOTclRTUlOEMlQkElMjZpZCUzRDUxMTE2NyUyNnR5cGUlM0QwJTI2aWR4JTNEMiUyNnF0JTNEJTI2YXBrJTNEMiUyNnNjJTNEV1dXJTI2dXIlM0QlRTQlQjglQUQlRTUlQjElQjElMjZsciUzRCVFNCVCOCVBRCVFNSVCMSVCMSUyNmZ0JTNEJTdCJTdE#from=mpl_search_suggest,695.0,N/A,N/A,1/1-12/31；周一至周六；09:00-17:00开园,https://qimgs.qunarzz.com/piao_qsight_provider_piao_qsight_web/0102l120008f0p60m2D03_C_900_504.png_710x360_9127578c.png〇https://qimgs.qunarzz.com/piao_qsight_provider_piao_qsight_web/01031120008f0p2nz2B92_C_900_504_Q90_Mtg_7.png_710x360_7ab22d78.png〇https://qimgs.qunarzz.com/piao_qsight_provider_piao_qsight_web/01062120008f0p5hc9576_C_900_504_Q90_Mtg_7.png_710x360_ae55f744.png〇https://qimgs.qunarzz.com/piao_qsight_provider_piao_qsight_web/0100t120008f0p60kFF78_C_900_504_Q90_Mtg_7.png_710x360_b8292b1e.png〇https://qimgs.qunarzz.com/piao_qsight_provider_piao_qsight_web/01020120008f0p4ug32B2_C_900_504_Q90_Mtg_7.png_710x360_795ef674.png〇https://qimgs.qunarzz.com/piao_qsight_provider_piao_qsight_web/0102x120008f0p6uk198F_C_900_504_Q90_Mtg_7.png_710x360_cddc19be.png〇https://qimgs.qunarzz.com/piao_qsight_provider_piao_qsight_web/0102l120008f0p60m2D03_C_900_504_Q90_Mtg_7.png_710x360_4f157e33.png〇https://imgs.qunarzz.com/sight/p0/2105/c0/c086a7f1b3d34c0ca3.img.jpg_710x360_190ffb9a.jpg〇https://imgs.qunarzz.com/sight/p0/2105/81/81dd035707dc04e4a3.img.jpg_710x360_bf296a6d.jpg〇https://imgs.qunarzz.com/sight/p0/2105/7f/7fececb33586b452a3.img.jpg_710x360_2d4fd149.jpg〇https://imgs.qunarzz.com/sight/p0/2105/d9/d9be57aeae0be3bea3.img.jpg_710x360_af7cdccc.jpg,"{""ret"": true, ""data"": {""tagList"": [{""tagType"": 3, ""tagScore"": 5, ""tagNum"": 1, ""tagName"": ""\u5dee\u8bc4""}, {""tagType"": 1, ""tagScore"": 5, ""tagNum"": 4, ""tagName"": ""\u597d\u8bc4""}, {""tagType"": 0, ""tagScore"": 5, ""tagNum"": 5, ""tagName"": ""\u5168\u90e8""}], ""commentList"": [{""author"": ""\u53bb*\u6237"", ""content"": ""\u6bd4\u793e\u533a\u516c\u56ed\u90fd\u4e0d\u5982\uff0c\u8fd8\u6536\u8d39\u3002"", ""date"": ""2024-02-15"", ""score"": 1, ""commentId"": ""231439352"", ""imgs"": [{""small"": ""https://qimgs.qunarzz.com/mp_piao_0001/temp2035915056288424597file_1707968863000.jpg_120x120_d0f7405e.jpg"", ""title"": """", ""big"": ""https://qimgs.qunarzz.com/mp_piao_0001/temp2035915056288424597file_1707968863000.jpg""}, {""small"": ""https://qimgs.qunarzz.com/mp_piao_0001/temp3920723688388904808file_1707968863000.jpg_120x120_be5a1f4e.jpg"", ""title"": """", ""big"": ""https://qimgs.qunarzz.com/mp_piao_0001/temp3920723688388904808file_1707968863000.jpg""}], ""userNickName"": ""\u53bb*\u6237"", ""replyCityName"": """", ""cityName"": ""\u5e7f\u4e1c""}, {""author"": ""c*9"", ""content"": ""\u7528\u6237\u672a\u70b9\u8bc4\uff0c\u7cfb\u7edf\u9ed8\u8ba4\u597d\u8bc4\u3002"", ""date"": ""2021-11-17"", ""score"": 5, ""commentId"": ""221456022"", ""imgs"": [], ""userNickName"": ""c*9"", ""replyCityName"": """", ""cityName"": """"}, {""author"": ""o*t"", ""content"": ""\u7528\u6237\u672a\u70b9\u8bc4\uff0c\u7cfb\u7edf\u9ed8\u8ba4\u597d\u8bc4\u3002"", ""date"": ""2021-11-03"", ""score"": 5, ""commentId"": ""221173459"", ""imgs"": [], ""userNickName"": ""o*t"", ""replyCityName"": """", ""cityName"": """"}, {""author"": ""x*6"", ""content"": ""\u7528\u6237\u672a\u70b9\u8bc4\uff0c\u7cfb\u7edf\u9ed8\u8ba4\u597d\u8bc4\u3002"", ""date"": ""2021-11-02"", ""score"": 5, ""commentId"": ""221158897"", ""imgs"": [], ""userNickName"": ""x*6"", ""replyCityName"": """", ""cityName"": """"}, {""author"": ""x*6"", ""content"": ""\u7528\u6237\u672a\u70b9\u8bc4\uff0c\u7cfb\u7edf\u9ed8\u8ba4\u597d\u8bc4\u3002"", ""date"": ""2021-11-02"", ""score"": 5, ""commentId"": ""221158187"", ""imgs"": [], ""userNickName"": ""x*6"", ""replyCityName"": """", ""cityName"": """"}], ""score"": 4.2, ""commentCount"": 5}, ""statusCode"": 200}"
牙象游乐园,https://qimgs.qunarzz.com/piao_qsight_provider_piao_qsight_web/0106v12000ck7kker1463_C_900_504.jpg_280x200_77d6219a.jpg,茂名市,茂南区,广东省茂名市茂南区金塘镇村委会旁,4,5.0,N/A,https://piao.qunar.com/ticket/detail_3760218791.html?st=a3clM0QlRTglOEMlODIlRTUlOEQlOTclRTUlOEMlQkElMjZpZCUzRDUxOTQzOSUyNnR5cGUlM0QwJTI2aWR4JTNENiUyNnF0JTNEJTI2YXBrJTNEMiUyNnNjJTNEV1dXJTI2dXIlM0QlRTQlQjglQUQlRTUlQjElQjElMjZsciUzRCVFNCVCOCVBRCVFNSVCMSVCMSUyNmZ0JTNEJTdCJTdE#from=mpl_search_suggest,-1.0,N/A,N/A,1/1-12/31；周一至周五；10:00-20:00开园,https://qimgs.qunarzz.com/piao_qsight_provider_piao_qsight_web/0106v12000ck7kker1463_C_900_504.jpg_710x360_f9d19ab4.jpg,"{""ret"": true, ""data"": {""tagList"": [{""tagType"": 1, ""tagScore"": 5, ""tagNum"": 4, ""tagName"": ""\u597d\u8bc4""}, {""tagType"": 0, ""tagScore"": 5, ""tagNum"": 4, ""tagName"": ""\u5168\u90e8""}], ""commentList"": [{""author"": ""w*6"", ""content"": ""\u7528\u6237\u672a\u70b9\u8bc4\uff0c\u7cfb\u7edf\u9ed8\u8ba4\u597d\u8bc4\u3002"", ""date"": ""2024-01-31"", ""score"": 5, ""commentId"": ""231225102"", ""imgs"": [], ""userNickName"": ""w*6"", ""replyCityName"": """", ""cityName"": """"}, {""author"": ""w*6"", ""content"": ""\u7528\u6237\u672a\u70b9\u8bc4\uff0c\u7cfb\u7edf\u9ed8\u8ba4\u597d\u8bc4\u3002"", ""date"": ""2023-12-20"", ""score"": 5, ""commentId"": ""230770271"", ""imgs"": [], ""userNickName"": ""w*6"", ""replyCityName"": """", ""cityName"": """"}, {""author"": ""w*6"", ""content"": ""\u7528\u6237\u672a\u70b9\u8bc4\uff0c\u7cfb\u7edf\u9ed8\u8ba4\u597d\u8bc4\u3002"", ""date"": ""2023-12-20"", ""score"": 5, ""commentId"": ""230760353"", ""imgs"": [], ""userNickName"": ""w*6"", ""replyCityName"": """", ""cityName"": """"}, {""author"": ""w*6"", ""content"": ""\u7528\u6237\u672a\u70b9\u8bc4\uff0c\u7cfb\u7edf\u9ed8\u8ba4\u597d\u8bc4\u3002"", ""date"": ""2023-12-20"", ""score"": 5, ""commentId"": ""230760352"", ""imgs"": [], ""userNickName"": ""w*6"", ""replyCityName"": """", ""cityName"": """"}], ""score"": 5.0, ""commentCount"": 4}, ""statusCode"": 200}"
茂名森林公园,https://qimgs.qunarzz.com/piao_qsight_provider_piao_qsight_web/0100e12000a0ay0xt4F8C_C_900_504.png_280x200_2258b390.png,茂名市,茂南区,茂名市茂南区公馆镇125乡道,4923,4.9,野生动物保护科普教育基地,https://piao.qunar.com/ticket/detail_4063147872.html?st=a3clM0QlRTglOEMlODIlRTUlOEQlOTclRTUlOEMlQkElMjZpZCUzRDEwMzQ5JTI2dHlwZSUzRDAlMjZpZHglM0QxJTI2cXQlM0QlMjZhcGslM0QyJTI2c2MlM0RXV1clMjZ1ciUzRCVFNCVCOCVBRCVFNSVCMSVCMSUyNmxyJTNEJUU0JUI4JUFEJUU1JUIxJUIxJTI2ZnQlM0QlN0IlN0Q%3D#from=mpl_search_suggest,25.0,4A景区,茂名森林公园距广东茂名市区仅12公里，占地面积4500亩。公园总体规划本着“以森林为主，以引种新、奇、特南亚热带。该森林公园中主峰区平和岭，海拔56.4米，面积147亩，登高远望，可纵览市区全景。其绿化以常绿亚热带树种为基调，针阔混交，不同色彩搭配，使公园绿化多彩多姿。设有和塔远眺(和平塔)、红桃报春（,1/1-12/31；周一至周日；08:30-17:00开园,https://qimgs.qunarzz.com/piao_qsight_provider_piao_qsight_web/0100e12000a0ay0xt4F8C_C_900_504.png_710x360_34afeccc.png〇https://qimgs.qunarzz.com/piao_qsight_provider_piao_qsight_web/0101n12000a0axqr91DCC_C_900_504_Q90_Mtg_7.png_710x360_39b5e172.png〇https://qimgs.qunarzz.com/piao_qsight_provider_piao_qsight_web/0100j1200097u6i0mFBC6_C_900_504_Q90_Mtg_7.jpg_710x360_79fa93bb.jpg〇https://qimgs.qunarzz.com/piao_qsight_provider_piao_qsight_web/010551200097u6floC3FE_C_900_504_Q90_Mtg_7.jpg_710x360_cc4be7c2.jpg〇https://qimgs.qunarzz.com/piao_qsight_provider_piao_qsight_web/0104t1200097u6dst24C4_C_900_504_Q90_Mtg_7.jpg_710x360_a57ab09c.jpg〇https://qimgs.qunarzz.com/piao_qsight_provider_piao_qsight_web/0101w12000a0axv3x0D30_C_900_504_Q90_Mtg_7.jpg_710x360_cf3e8e10.jpg〇https://qimgs.qunarzz.com/piao_qsight_provider_piao_qsight_web/0105b1200097u6aa41405_C_900_504_Q90_Mtg_7.jpg_710x360_d0026e00.jpg〇https://qimgs.qunarzz.com/piao_qsight_provider_piao_qsight_web/0102b12000a0axvj72883_C_900_504_Q90_Mtg_7.jpg_710x360_c38560e9.jpg〇https://qimgs.qunarzz.com/piao_qsight_provider_piao_qsight_web/0101012000a0axv3w90BF_C_900_504_Q90_Mtg_7.png_710x360_dd537e33.png〇https://qimgs.qunarzz.com/piao_qsight_provider_piao_qsight_web/0106z12000a0axsmm13C3_C_900_504_Q90_Mtg_7.jpg_710x360_167ee5ce.jpg〇https://qimgs.qunarzz.com/piao_qsight_provider_piao_qsight_web/0100e12000a0ay0xt4F8C_C_900_504_Q90_Mtg_7.png_710x360_c266e49f.png,"{""ret"": true, ""data"": {""tagList"": [{""tagType"": 32, ""tagScore"": 5, ""tagNum"": 6, ""tagName"": ""\u670d\u52a1\u597d""}, {""tagType"": 16, ""tagScore"": 5, ""tagNum"": 6, ""tagName"": ""\u9760\u8c31""}, {""tagType"": 8, ""tagScore"": 5, ""tagNum"": 9, ""tagName"": ""\u4fbf\u5b9c""}, {""tagType"": 4, ""tagScore"": 5, ""tagNum"": 12, ""tagName"": ""\u53d6\u7968\u65b9\u4fbf""}, {""tagType"": 3, ""tagScore"": 5, ""tagNum"": 2, ""tagName"": ""\u5dee\u8bc4""}, {""tagType"": 2, ""tagScore"": 5, ""tagNum"": 42, ""tagName"": ""\u4e2d\u8bc4""}, {""tagType"": 1, ""tagScore"": 5, ""tagNum"": 4858, ""tagName"": ""\u597d\u8bc4""}, {""tagType"": 0, ""tagScore"": 5, ""tagNum"": 4923, ""tagName"": ""\u5168\u90e8""}], ""commentList"": [{""author"": ""I*o"", ""content"": ""\u6bd4\u8f83\u7834\u843d\u7684\u611f\u89c9\uff0c\u786c\u4ef6\u5931\u4fee\uff0c\u52a8\u7269\u79cd\u7c7b\u5c11\uff0c\u4e0d\u8fc7\u536b\u751f\u6e05\u6d01\u7167\u987e\u5f97\u4e0d\u9519"", ""date"": ""2024-12-21"", ""score"": 3, ""commentId"": ""239316232"", ""imgs"": [{""small"": ""https://qimgs.qunarzz.com/mp_piao_0001/temp11662508260664543658file_1734793379000.jpg_120x120_cfe2b3aa.jpg"", ""title"": """", ""big"": ""https://qimgs.qunarzz.com/mp_piao_0001/temp11662508260664543658file_1734793379000.jpg""}, {""small"": ""https://qimgs.qunarzz.com/mp_piao_0001/temp4295755325789988116file_1734793379000.jpg_120x120_79c70c8c.jpg"", ""title"": """", ""big"": ""https://qimgs.qunarzz.com/mp_piao_0001/temp4295755325789988116file_1734793379000.jpg""}, {""small"": ""https://qimgs.qunarzz.com/mp_piao_0001/temp17637658107462198028file_1734793379000.jpg_120x120_e5332b62.jpg"", ""title"": """", ""big"": ""https://qimgs.qunarzz.com/mp_piao_0001/temp17637658107462198028file_1734793379000.jpg""}], ""userNickName"": ""I*o"", ""replyCityName"": """", ""cityName"": ""\u6fb3\u95e8\u7279\u522b\u884c\u653f\u533a""}, {""author"": ""\u597d*3"", ""content"": ""\u633a\u597d\u73a9\u7684\u6709\u690d\u7269\u548c\u52a8\u7269\u3002"", ""date"": ""2024-10-05"", ""score"": 5, ""commentId"": ""237495321"", ""imgs"": [{""small"": ""https://qimgs.qunarzz.com/mp_piao_0001/temp5447000129732952283file_1728060813000.jpg_120x120_c4ec9aed.jpg"", ""title"": """", ""big"": ""https://qimgs.qunarzz.com/mp_piao_0001/temp5447000129732952283file_1728060813000.jpg""}, {""small"": ""https://qimgs.qunarzz.com/mp_piao_0001/temp7459364255081440515file_1728060813000.jpg_120x120_e83ce534.jpg"", ""title"": """", ""big"": ""https://qimgs.qunarzz.com/mp_piao_0001/temp7459364255081440515file_1728060813000.jpg""}, {""small"": ""https://qimgs.qunarzz.com/mp_piao_0001/temp17887765574077740226file_1728060813000.jpg_120x120_eb86204d.jpg"", ""title"": """", ""big"": ""https://qimgs.qunarzz.com/mp_piao_0001/temp17887765574077740226file_1728060813000.jpg""}], ""userNickName"": ""\u597d*3"", ""replyCityName"": """", ""cityName"": ""\u5e7f\u4e1c""}, {""author"": ""c*1"", ""content"": ""\u7528\u6237\u672a\u70b9\u8bc4\uff0c\u7cfb\u7edf\u9ed8\u8ba4\u597d\u8bc4\u3002"", ""date"": ""2024-12-25"", ""score"": 5, ""commentId"": ""239374498"", ""imgs"": [], ""userNickName"": ""c*1"", ""replyCityName"": """", ""cityName"": """"}, {""author"": ""c*1"", ""content"": ""\u7528\u6237\u672a\u70b9\u8bc4\uff0c\u7cfb\u7edf\u9ed8\u8ba4\u597d\u8bc4\u3002"", ""date"": ""2024-12-25"", ""score"": 5, ""commentId"": ""239372412"", ""imgs"": [], ""userNickName"": ""c*1"", ""replyCityName"": """", ""cityName"": """"}, {""author"": ""\u53bb*\u6237"", ""content"": ""\u7528\u6237\u672a\u70b9\u8bc4\uff0c\u7cfb\u7edf\u9ed8\u8ba4\u597d\u8bc4\u3002"", ""date"": ""2024-12-24"", ""score"": 5, ""commentId"": ""239350904"", ""imgs"": [], ""userNickName"": ""\u53bb*\u6237"", ""replyCityName"": """", ""cityName"": """"}, {""author"": ""\u53bb*\u6237"", ""content"": ""\u7528\u6237\u672a\u70b9\u8bc4\uff0c\u7cfb\u7edf\u9ed8\u8ba4\u597d\u8bc4\u3002"", ""date"": ""2024-12-23"", ""score"": 5, ""commentId"": ""239334470"", ""imgs"": [], ""userNickName"": ""\u53bb*\u6237"", ""replyCityName"": """", ""cityName"": """"}, {""author"": ""\u53bb*\u6237"", ""content"": ""\u7528\u6237\u672a\u70b9\u8bc4\uff0c\u7cfb\u7edf\u9ed8\u8ba4\u597d\u8bc4\u3002"", ""date"": ""2024-12-23"", ""score"": 5, ""commentId"": ""239334348"", ""imgs"": [], ""userNickName"": ""\u53bb*\u6237"", ""replyCityName"": """", ""cityName"": """"}, {""author"": ""\u6d77*\u609f"", ""content"": ""\u7528\u6237\u672a\u70b9\u8bc4\uff0c\u7cfb\u7edf\u9ed8\u8ba4\u597d\u8bc4\u3002"", ""date"": ""2024-12-23"", ""score"": 5, ""commentId"": ""239330312"", ""imgs"": [], ""userNickName"": ""\u6d77*\u609f"", ""replyCityName"": """", ""cityName"": """"}, {""author"": ""\u53bb*\u6237"", ""content"": ""\u7528\u6237\u672a\u70b9\u8bc4\uff0c\u7cfb\u7edf\u9ed8\u8ba4\u597d\u8bc4\u3002"", ""date"": ""2024-12-23"", ""score"": 5, ""commentId"": ""239330189"", ""imgs"": [], ""userNickName"": ""\u53bb*\u6237"", ""replyCityName"": """", ""cityName"": """"}, {""author"": ""\u53bb*\u6237"", ""content"": ""\u7528\u6237\u672a\u70b9\u8bc4\uff0c\u7cfb\u7edf\u9ed8\u8ba4\u597d\u8bc4\u3002"", ""date"": ""2024-12-22"", ""score"": 5, ""commentId"": ""239318595"", ""imgs"": [], ""userNickName"": ""\u53bb*\u6237"", ""replyCityName"": """", ""cityName"": """"}], ""score"": 4.9, ""commentCount"": 4923}, ""statusCode"": 200}"
大唐荔乡文化旅游区,https://qimgs.qunarzz.com/piao_qsight_provider_piao_qsight_web/0105f120009nbu2gx2467_C_900_504.jpg_280x200_e6a94dee.jpg,茂名市,高州市,广东省茂名市高州市元坝大道高州荔枝主题公园,23,5.0,大唐荔乡文化旅游区位于广东省高州市根子镇元坝大道，占地3平方公里，连绵在古荔枝群中，人文资源丰富，自然景观绚丽，产业独具,https://piao.qunar.com/ticket/detail_2469846681.html?st=a3clM0QlRTklQUIlOTglRTUlQjclOUUlRTUlQjglODIlMjZpZCUzRDUxNjc1MCUyNnR5cGUlM0QwJTI2aWR4JTNEOSUyNnF0JTNEJTI2YXBrJTNEMiUyNnNjJTNEV1dXJTI2dXIlM0QlRTQlQjglQUQlRTUlQjElQjElMjZsciUzRCVFNCVCOCVBRCVFNSVCMSVCMSUyNmZ0JTNEJTdCJTdE#from=mpl_search_suggest,-1.0,4A景区,大唐荔乡文化旅游区位于广东省高州市根子镇元坝大道，占地3平方公里，连绵在古荔枝群中，人文资源丰富，自然景观绚丽，产业独具特色，是全国农业旅游示范点、国家 AAA级旅游景区、中国重要农业文化遗产(广东岭南荔枝种植示范)的主要组成部分之一，是首批广东乡村旅游精品线路，是全国一百个红色旅游景点之一;这里有成园于隋唐年间并向唐代杨贵妃进贡荔枝的贡园，有成片岭南风貌的甜美荔村，是世界荔枝文化发祥地，荔枝产业集聚区，每年接待中外游客200余万人次。,1/1-12/31；周一至周日；10:00-18:00开园；（17:00停止入园）,https://qimgs.qunarzz.com/piao_qsight_provider_piao_qsight_web/0105f120009nbu2gx2467_C_900_504.jpg_710x360_fe9af922.jpg〇https://qimgs.qunarzz.com/piao_qsight_provider_piao_qsight_web/0102f120009jxbgbdE6ED_C_900_504_Q90_Mtg_7.jpg_710x360_28b27302.jpg〇https://qimgs.qunarzz.com/piao_qsight_provider_piao_qsight_web/0104h120009jxblov8D3B_C_900_504_Q90_Mtg_7.png_710x360_c74895d5.png〇https://qimgs.qunarzz.com/piao_qsight_provider_piao_qsight_web/0101x120009jxbnyl68BC_C_900_504_Q90_Mtg_7.png_710x360_effc710d.png〇https://qimgs.qunarzz.com/piao_qsight_provider_piao_qsight_web/0103e120009jxbppi7317_C_900_504_Q90_Mtg_7.png_710x360_aa32f312.png〇https://qimgs.qunarzz.com/piao_qsight_provider_piao_qsight_web/01061120009jxbppd66D5_C_900_504_Q90_Mtg_7.png_710x360_e6d8b168.png〇https://qimgs.qunarzz.com/piao_qsight_provider_piao_qsight_web/0104t120009jxbmoy5300_C_900_504_Q90_Mtg_7.jpg_710x360_d86cb294.jpg〇https://qimgs.qunarzz.com/piao_qsight_provider_piao_qsight_web/01022120009jxbuaa198A_C_900_504_Q90_Mtg_7.png_710x360_88beaa41.png〇https://qimgs.qunarzz.com/piao_qsight_provider_piao_qsight_web/0102q120009nbtt199FDD_C_900_504_Q90_Mtg_7.png_710x360_4ed7a7e0.png〇https://qimgs.qunarzz.com/piao_qsight_provider_piao_qsight_web/0104f120009jxbtp49AA8_C_900_504_Q90_Mtg_7.png_710x360_669eed87.png〇https://qimgs.qunarzz.com/piao_qsight_provider_piao_qsight_web/0105f120009nbu2gx2467_C_900_504_Q90_Mtg_7.jpg_710x360_acb8a73b.jpg,"{""ret"": true, ""data"": {""tagList"": [{""tagType"": 1, ""tagScore"": 5, ""tagNum"": 23, ""tagName"": ""\u597d\u8bc4""}, {""tagType"": 0, ""tagScore"": 5, ""tagNum"": 23, ""tagName"": ""\u5168\u90e8""}], ""commentList"": [{""author"": ""y*3"", ""content"": ""\u7528\u6237\u672a\u70b9\u8bc4\uff0c\u7cfb\u7edf\u9ed8\u8ba4\u597d\u8bc4\u3002"", ""date"": ""2024-12-14"", ""score"": 5, ""commentId"": ""239223209"", ""imgs"": [], ""userNickName"": ""y*3"", ""replyCityName"": """", ""cityName"": """"}, {""author"": ""f*9"", ""content"": ""\u7528\u6237\u672a\u70b9\u8bc4\uff0c\u7cfb\u7edf\u9ed8\u8ba4\u597d\u8bc4\u3002"", ""date"": ""2024-10-18"", ""score"": 5, ""commentId"": ""237735943"", ""imgs"": [], ""userNickName"": ""f*9"", ""replyCityName"": """", ""cityName"": """"}, {""author"": ""\u53bb*\u6237"", ""content"": ""\u7528\u6237\u672a\u70b9\u8bc4\uff0c\u7cfb\u7edf\u9ed8\u8ba4\u597d\u8bc4\u3002"", ""date"": ""2024-09-21"", ""score"": 5, ""commentId"": ""237060411"", ""imgs"": [], ""userNickName"": ""\u53bb*\u6237"", ""replyCityName"": """", ""cityName"": """"}, {""author"": ""\u53bb*\u6237"", ""content"": ""\u7528\u6237\u672a\u70b9\u8bc4\uff0c\u7cfb\u7edf\u9ed8\u8ba4\u597d\u8bc4\u3002"", ""date"": ""2024-09-18"", ""score"": 5, ""commentId"": ""236957898"", ""imgs"": [], ""userNickName"": ""\u53bb*\u6237"", ""replyCityName"": """", ""cityName"": """"}, {""author"": ""\u53bb*\u6237"", ""content"": ""\u7528\u6237\u672a\u70b9\u8bc4\uff0c\u7cfb\u7edf\u9ed8\u8ba4\u597d\u8bc4\u3002"", ""date"": ""2024-07-27"", ""score"": 5, ""commentId"": ""235035281"", ""imgs"": [], ""userNickName"": ""\u53bb*\u6237"", ""replyCityName"": """", ""cityName"": """"}, {""author"": ""\u53bb*\u6237"", ""content"": ""\u7528\u6237\u672a\u70b9\u8bc4\uff0c\u7cfb\u7edf\u9ed8\u8ba4\u597d\u8bc4\u3002"", ""date"": ""2024-07-10"", ""score"": 5, ""commentId"": ""234729371"", ""imgs"": [], ""userNickName"": ""\u53bb*\u6237"", ""replyCityName"": """", ""cityName"": """"}, {""author"": ""\u53bb*\u6237"", ""content"": ""\u7528\u6237\u672a\u70b9\u8bc4\uff0c\u7cfb\u7edf\u9ed8\u8ba4\u597d\u8bc4\u3002"", ""date"": ""2024-06-30"", ""score"": 5, ""commentId"": ""234536881"", ""imgs"": [], ""userNickName"": ""\u53bb*\u6237"", ""replyCityName"": """", ""cityName"": """"}, {""author"": ""\u53bb*\u6237"", ""content"": ""\u7528\u6237\u672a\u70b9\u8bc4\uff0c\u7cfb\u7edf\u9ed8\u8ba4\u597d\u8bc4\u3002"", ""date"": ""2024-05-30"", ""score"": 5, ""commentId"": ""233791683"", ""imgs"": [], ""userNickName"": ""\u53bb*\u6237"", ""replyCityName"": """", ""cityName"": """"}, {""author"": ""\u5927*\u76fe"", ""content"": ""\u7528\u6237\u672a\u70b9\u8bc4\uff0c\u7cfb\u7edf\u9ed8\u8ba4\u597d\u8bc4\u3002"", ""date"": ""2024-04-27"", ""score"": 5, ""commentId"": ""233118717"", ""imgs"": [], ""userNickName"": ""\u5927*\u76fe"", ""replyCityName"": """", ""cityName"": """"}, {""author"": ""m*4"", ""content"": ""\u7528\u6237\u672a\u70b9\u8bc4\uff0c\u7cfb\u7edf\u9ed8\u8ba4\u597d\u8bc4\u3002"", ""date"": ""2024-03-14"", ""score"": 5, ""commentId"": ""232113623"", ""imgs"": [], ""userNickName"": ""m*4"", ""replyCityName"": """", ""cityName"": """"}], ""score"": 5.0, ""commentCount"": 23}, ""statusCode"": 200}"
古郡水城,https://qimgs.qunarzz.com/piao_qsight_provider_piao_qsight_web/0101d12000aa2w9jq7B66_C_900_504.jpg_280x200_b45b6781.jpg,茂名市,高州市,广东省茂名市高州市南塘镇平乐塘村,338,4.9,水上乐园既刺激又童趣十足,https://piao.qunar.com/ticket/detail_1971053919.html?st=a3clM0QlRTklQUIlOTglRTUlQjclOUUlRTUlQjglODIlMjZpZCUzRDQ2Nzk1NSUyNnR5cGUlM0QwJTI2aWR4JTNEOCUyNnF0JTNEJTI2YXBrJTNEMiUyNnNjJTNEV1dXJTI2dXIlM0QlRTQlQjglQUQlRTUlQjElQjElMjZsciUzRCVFNCVCOCVBRCVFNSVCMSVCMSUyNmZ0JTNEJTdCJTdE#from=mpl_search_suggest,48.0,N/A,古郡水城水上乐园，位于高州市南塘镇平乐塘村委会，占地面积：220亩，由高州市明丰旅游开发有限公司投资0.8亿元打造的生态休闲文化旅游主题乐园。项目包括主体工程(水上娱乐设施)、接待中心、 休闲餐饮、停车场、配套设施回用水处理措施，环保厕所等。其中水上娱乐设施包括欢乐海洋(5+4 台)、儿童梦幻水城、水寨池、落水池(6个)、山洪爆发、超级大喇叭，小喇叭，冲天大回旋，小冲天，家庭漂流滑梯，彩虹滑梯，旋转滑梯等项目，打造森林式的水上乐园。,1/1-12/31；周一至周日；11:00-21:00开园；（20:00停止入园）,https://qimgs.qunarzz.com/piao_qsight_provider_piao_qsight_web/0101d12000aa2w9jq7B66_C_900_504.jpg_710x360_ab46e58e.jpg〇https://qimgs.qunarzz.com/piao_qsight_provider_piao_qsight_web/100e0r000000hgbaa6F47_C_900_504_Q90_Mtg_7.jpg_710x360_d9f28fc2.jpg〇https://qimgs.qunarzz.com/piao_qsight_provider_piao_qsight_web/100h1f000001grtz6D092_C_900_504_Q90_Mtg_7.jpg_710x360_7e56cd9d.jpg〇https://qimgs.qunarzz.com/piao_qsight_provider_piao_qsight_web/100n0r000000hcmhwF666_C_900_504_Q90_Mtg_7.jpg_710x360_4e3d6104.jpg〇https://qimgs.qunarzz.com/piao_qsight_provider_piao_qsight_web/0105712000aa2w6h0A1D1_C_900_504_Q90_Mtg_7.jpg_710x360_f352e813.jpg〇https://qimgs.qunarzz.com/piao_qsight_provider_piao_qsight_web/10090r000000hfyukF120_C_900_504_Q90_Mtg_7.png_710x360_df61960e.png〇https://qimgs.qunarzz.com/piao_qsight_provider_piao_qsight_web/0105112000aa2vxm739D2_C_900_504_Q90_Mtg_7.jpg_710x360_1113c471.jpg〇https://qimgs.qunarzz.com/piao_qsight_provider_piao_qsight_web/100v0r000000ho1oqFE4F_C_900_504_Q90_Mtg_7.jpg_710x360_2d8f8acf.jpg〇https://qimgs.qunarzz.com/piao_qsight_provider_piao_qsight_web/0103d12000aa2wbwe996B_C_900_504_Q90_Mtg_7.jpg_710x360_b7224df9.jpg〇https://qimgs.qunarzz.com/piao_qsight_provider_piao_qsight_web/0100c12000aa2w5irEA31_C_900_504_Q90_Mtg_7.jpg_710x360_ac281e89.jpg〇https://qimgs.qunarzz.com/piao_qsight_provider_piao_qsight_web/0101d12000aa2w9jq7B66_C_900_504_Q90_Mtg_7.jpg_710x360_b209d1c1.jpg〇https://imgs.qunarzz.com/sight/p0/1804/9c/9c0ef41328d8954ba3.img.jpg_710x360_9b7cb2c4.jpg〇https://imgs.qunarzz.com/sight/p0/1804/4c/4cb653026b1233afa3.img.jpg_710x360_3b4aa6d8.jpg〇https://imgs.qunarzz.com/sight/p0/1804/9a/9acf4c99d564b365a3.img.jpg_710x360_c7d60833.jpg〇https://imgs.qunarzz.com/sight/p0/1804/45/45565582f05df3c1a3.img.jpg_710x360_6436a344.jpg〇https://imgs.qunarzz.com/sight/p0/1804/c3/c3b00714ba60870ba3.img.jpg_710x360_29ecc1aa.jpg〇https://imgs.qunarzz.com/sight/p0/1804/b4/b4d10ef3ec91eb3da3.img.png_710x360_e146c378.png〇https://imgs.qunarzz.com/sight/p0/1804/78/786e30ca7064c4d5a3.img.jpg_710x360_b0849820.jpg〇https://qimgs.qunarzz.com/piao_qsight_provider_piao_qsight_web/5d01135a66992d02.jpg_710x360_835d6f3f.jpg〇https://qimgs.qunarzz.com/piao_qsight_provider_piao_qsight_web/3ae8233089c3be02.jpg_710x360_96cc74e7.jpg〇https://qimgs.qunarzz.com/piao_qsight_provider_piao_qsight_web/141170ff44e35902.jpg_710x360_9ed9702e.jpg,"{""ret"": true, ""data"": {""tagList"": [{""tagType"": 3, ""tagScore"": 5, ""tagNum"": 6, ""tagName"": ""\u5dee\u8bc4""}, {""tagType"": 1, ""tagScore"": 5, ""tagNum"": 330, ""tagName"": ""\u597d\u8bc4""}, {""tagType"": 0, ""tagScore"": 5, ""tagNum"": 338, ""tagName"": ""\u5168\u90e8""}], ""commentList"": [{""author"": ""\u53bb*\u6237"", ""content"": ""\u8fd9\u4e2a\u7968\u4ef7\u8fd8\u662f\u633a\u5212\u7b97\u7684\uff0c\u633a\u597d\u73a9\u7684\uff0c\u8fd8\u6709\u6e29\u6cc9\uff0c\u5c31\u662f\u666f\u533a\u67d0\u4e2a\u963f\u59e8\u6001\u5ea6\u6781\u5ea6\u6076\u52a3\uff0c\u5728\u513f\u7ae5\u533a\u6e38\u73a9\uff0c\u6211\u5b69\u5b50\u592a\u5c0f\u4e86\uff0c\u4e0d\u6562\u4e0a\u6ed1\u68af\uff0c\u5e26\u4ed6\u4e0a\u53bb\uff0c\u53ef\u80fd\u5979\u558a\u4e86\u4e00\u6b21\u6211\u6ca1\u542c\u5230\uff0c\u592a\u5435\u4e86\uff0c\u5c31\u88ab\u8fb1\u9a82\u4e86\u534a\u5c0f\u65f6\uff0c\u8981\u7acb\u523b\u8d76\u6211\u51fa\u53bb\uff0c\u5176\u4ed6\u5de5\u4f5c\u4eba\u5458\u5236\u6b62\u90fd\u5236\u6b62\u4e0d\u4f4f\uff0c\u6211\u8d70\u51fa\u6765\u4e86\u8fd8\u4e00\u76f4\u6307\u7740\u6211\u8fb1\u9a82\u5341\u51e0\u5206\u949f\uff0c\u5b9e\u5728\u662f\u592a\u6076\u52a3\u4e86\uff0c\u4f53\u9a8c\u611f\u76f4\u63a5\u4e3a0"", ""date"": ""2024-08-12"", ""score"": 2, ""commentId"": ""235446710"", ""imgs"": [], ""userNickName"": ""\u53bb*\u6237"", ""replyCityName"": """", ""cityName"": ""\u5e7f\u4e1c""}, {""author"": ""g*3"", ""content"": ""\u7528\u6237\u672a\u70b9\u8bc4\uff0c\u7cfb\u7edf\u9ed8\u8ba4\u597d\u8bc4\u3002"", ""date"": ""2024-11-07"", ""score"": 5, ""commentId"": ""238685543"", ""imgs"": [], ""userNickName"": ""g*3"", ""replyCityName"": """", ""cityName"": """"}, {""author"": ""\u60c5*O"", ""content"": ""\u8fd9\u4e2a\u666f\u533a\u5a31\u4e50\u662f\u6211\u89c1\u8fc7\u6700\u5dee\u7684\u4e00\u4e2a\uff0c\u771f\u7684\u7b2c\u4e00\u6b21\u89c1\u5230\u8d2d\u7968\u540e\u73a9\u5927\u5587\u53ed\u9700\u8981\u8981\u81ea\u5df1\u79df\u76ae\u8247\uff0c\u6309\u65f6\u95f4\u8ba1\u7b97\u624d\u80fd\u53bb\u73a9\u7684\u3002\u5728\u5e7f\u5dde\u957f\u9686\uff0c\u5728\u9f0e\u9f99\u6e7e\u90fd\u6ca1\u89c1\u8fc7\u8fd9\u79cd\u60c5\u51b5\uff0c\u666f\u533a\u5185\u8bbe\u7f6e\u989d\u5916\u6709\u5176\u4ed6\u8d39\u7528\u3002\u91cc\u9762\u4e00\u4e2a\u6cf3\u6c60\uff0c\u4e00\u4e2a\u5927\u5587\u53ed\uff0c\u4e00\u4e2a\u6ed1\u68af\uff0c\u4e00\u4e2a\u513f\u7ae5\u6c60\u2026\u2026\u6ca1\u4e86\u2026\u5f00\u4e86\u4e8c\u5c0f\u65f6\u8f66\uff0c\u5c31\u8fd9\u6837\uff01\u4ee5\u540e\u90fd\u4e0d\u6765\u4e86\u3002"", ""date"": ""2024-08-10"", ""score"": 1, ""commentId"": ""235395091"", ""imgs"": [], ""userNickName"": ""\u60c5*O"", ""replyCityName"": """", ""cityName"": ""\u5e7f\u4e1c""}, {""author"": ""c*8"", ""content"": ""\u7528\u6237\u672a\u70b9\u8bc4\uff0c\u7cfb\u7edf\u9ed8\u8ba4\u597d\u8bc4\u3002"", ""date"": ""2024-10-31"", ""score"": 5, ""commentId"": ""237906434"", ""imgs"": [], ""userNickName"": ""c*8"", ""replyCityName"": """", ""cityName"": """"}, {""author"": ""\u53bb*\u6237"", ""content"": ""\u7528\u6237\u672a\u70b9\u8bc4\uff0c\u7cfb\u7edf\u9ed8\u8ba4\u597d\u8bc4\u3002"", ""date"": ""2024-10-31"", ""score"": 5, ""commentId"": ""237906287"", ""imgs"": [], ""userNickName"": ""\u53bb*\u6237"", ""replyCityName"": """", ""cityName"": """"}, {""author"": ""\u60c5*O"", ""content"": ""\u7528\u6237\u672a\u70b9\u8bc4\uff0c\u7cfb\u7edf\u9ed8\u8ba4\u597d\u8bc4\u3002"", ""date"": ""2024-10-31"", ""score"": 5, ""commentId"": ""237906144"", ""imgs"": [], ""userNickName"": ""\u60c5*O"", ""replyCityName"": """", ""cityName"": """"}, {""author"": ""J*8"", ""content"": ""\u7528\u6237\u672a\u70b9\u8bc4\uff0c\u7cfb\u7edf\u9ed8\u8ba4\u597d\u8bc4\u3002"", ""date"": ""2024-09-30"", ""score"": 5, ""commentId"": ""237394404"", ""imgs"": [], ""userNickName"": ""J*8"", ""replyCityName"": """", ""cityName"": """"}, {""author"": ""J*8"", ""content"": ""\u7528\u6237\u672a\u70b9\u8bc4\uff0c\u7cfb\u7edf\u9ed8\u8ba4\u597d\u8bc4\u3002"", ""date"": ""2024-09-30"", ""score"": 5, ""commentId"": ""237393682"", ""imgs"": [], ""userNickName"": ""J*8"", ""replyCityName"": """", ""cityName"": """"}, {""author"": ""w*0"", ""content"": ""\u7528\u6237\u672a\u70b9\u8bc4\uff0c\u7cfb\u7edf\u9ed8\u8ba4\u597d\u8bc4\u3002"", ""date"": ""2024-09-29"", ""score"": 5, ""commentId"": ""237373528"", ""imgs"": [], ""userNickName"": ""w*0"", ""replyCityName"": """", ""cityName"": """"}, {""author"": ""w*0"", ""content"": ""\u7528\u6237\u672a\u70b9\u8bc4\uff0c\u7cfb\u7edf\u9ed8\u8ba4\u597d\u8bc4\u3002"", ""date"": ""2024-09-29"", ""score"": 5, ""commentId"": ""237373037"", ""imgs"": [], ""userNickName"": ""w*0"", ""replyCityName"": """", ""cityName"": """"}], ""score"": 4.9, ""commentCount"": 338}, ""statusCode"": 200}"
古郡水城汤泉山温泉,https://qimgs.qunarzz.com/piao_qsight_provider_piao_qsight_web/0104b12000adzu28dDE5B_C_900_504.jpg_280x200_c553067b.jpg,茂名市,高州市,广东省茂名市高州市南塘镇平乐塘村,4,5.0,N/A,https://piao.qunar.com/ticket/detail_1383155900.html?st=a3clM0QlRTklQUIlOTglRTUlQjclOUUlRTUlQjglODIlMjZpZCUzRDUyMDkwNCUyNnR5cGUlM0QwJTI2aWR4JTNENyUyNnF0JTNEJTI2YXBrJTNEMiUyNnNjJTNEV1dXJTI2dXIlM0QlRTQlQjglQUQlRTUlQjElQjElMjZsciUzRCVFNCVCOCVBRCVFNSVCMSVCMSUyNmZ0JTNEJTdCJTdE#from=mpl_search_suggest,48.0,N/A,N/A,1/1-12/31；周一至周日；11:00-21:00开园；（20:00停止入园）,https://qimgs.qunarzz.com/piao_qsight_provider_piao_qsight_web/0104b12000adzu28dDE5B_C_900_504.jpg_710x360_e370a88e.jpg〇https://qimgs.qunarzz.com/piao_qsight_provider_piao_qsight_web/0102h12000adzu3mxAD50_C_900_504_Q90_Mtg_7.jpg_710x360_9998751e.jpg〇https://qimgs.qunarzz.com/piao_qsight_provider_piao_qsight_web/0103s12000adzu4vp6B94_C_900_504_Q90_Mtg_7.jpg_710x360_ee1583dd.jpg〇https://qimgs.qunarzz.com/piao_qsight_provider_piao_qsight_web/0102012000adzu4vnFE7B_C_900_504_Q90_Mtg_7.jpg_710x360_020c6106.jpg〇https://qimgs.qunarzz.com/piao_qsight_provider_piao_qsight_web/0105s12000adzu61o0CE0_C_900_504_Q90_Mtg_7.jpg_710x360_146ffaa8.jpg〇https://qimgs.qunarzz.com/piao_qsight_provider_piao_qsight_web/0104b12000adzu28dDE5B_C_900_504_Q90_Mtg_7.jpg_710x360_21b5fb24.jpg,"{""ret"": true, ""data"": {""tagList"": [{""tagType"": 1, ""tagScore"": 5, ""tagNum"": 4, ""tagName"": ""\u597d\u8bc4""}, {""tagType"": 0, ""tagScore"": 5, ""tagNum"": 4, ""tagName"": ""\u5168\u90e8""}], ""commentList"": [{""author"": ""t*3"", ""content"": ""\u7528\u6237\u672a\u70b9\u8bc4\uff0c\u7cfb\u7edf\u9ed8\u8ba4\u597d\u8bc4\u3002"", ""date"": ""2024-05-31"", ""score"": 5, ""commentId"": ""233803291"", ""imgs"": [], ""userNickName"": ""t*3"", ""replyCityName"": """", ""cityName"": """"}, {""author"": ""m*4"", ""content"": ""\u7528\u6237\u672a\u70b9\u8bc4\uff0c\u7cfb\u7edf\u9ed8\u8ba4\u597d\u8bc4\u3002"", ""date"": ""2024-03-31"", ""score"": 5, ""commentId"": ""232719519"", ""imgs"": [], ""userNickName"": ""m*4"", ""replyCityName"": """", ""cityName"": """"}, {""author"": ""g*2"", ""content"": ""\u7528\u6237\u672a\u70b9\u8bc4\uff0c\u7cfb\u7edf\u9ed8\u8ba4\u597d\u8bc4\u3002"", ""date"": ""2024-03-31"", ""score"": 5, ""commentId"": ""232719477"", ""imgs"": [], ""userNickName"": ""g*2"", ""replyCityName"": """", ""cityName"": """"}, {""author"": ""\u4f55*\u840d"", ""content"": ""\u7528\u6237\u672a\u70b9\u8bc4\uff0c\u7cfb\u7edf\u9ed8\u8ba4\u597d\u8bc4\u3002"", ""date"": ""2023-11-05"", ""score"": 5, ""commentId"": ""230163248"", ""imgs"": [], ""userNickName"": ""\u4f55*\u840d"", ""replyCityName"": """", ""cityName"": """"}], ""score"": 5.0, ""commentCount"": 4}, ""statusCode"": 200}"
岭南凤凰园,https://qimgs.qunarzz.com/piao_qsight_provider_piao_qsight_web/1lo5m12000d9yd3yu08BE_C_900_504.jpg_280x200_5f01a09a.jpg,茂名市,高州市,广东省茂名市高州市G207团结金坑队,411,5.0,"岭南凤凰园位于广东省茂名市高州市宝光街道茶亭木兰大道中，占地300余亩，呈现出独具杨氏风格的江南园林之景观。

岭南凤凰",https://piao.qunar.com/ticket/detail_3329090879.html?st=a3clM0QlRTklQUIlOTglRTUlQjclOUUlRTUlQjglODIlMjZpZCUzRDUxNDE4NiUyNnR5cGUlM0QwJTI2aWR4JTNENiUyNnF0JTNEJTI2YXBrJTNEMiUyNnNjJTNEV1dXJTI2dXIlM0QlRTQlQjglQUQlRTUlQjElQjElMjZsciUzRCVFNCVCOCVBRCVFNSVCMSVCMSUyNmZ0JTNEJTdCJTdE#from=mpl_search_suggest,56.0,N/A,岭南凤凰园位于广东省茂名市高州市宝光街道茶亭木兰大道中，占地300余亩，呈现出独具杨氏风格的江南园林之景观。岭南凤凰园依山傍水，把“叠山、理水、建筑、绿化”作为建园的四要素，其中“叠山”就是用太湖石叠砌成各式各样的假山堆砌自然，奇石有趣，群瀑飞溅，溪水从山上悬岩石缝流出，形成宽阔的瀑布群流入湖中，烟雾缭绕。江南园林甲天下，凤凰园林甲江南。这是杨幸注的美好夙愿。整个园林满布珍贵的太湖石，几十吨乃至一百多吨，高7米以上，宽5米多的奇形怪状的太湖石就有一百多块，能独立成景的有数百块。这些玲珑剔透的太湖石，奇形怪状，千姿百态，浑穆古朴，凝重深沉，超凡脱俗，独立成峰的孤石，并列成林的景观，巧作构思，有像凤凰展翅，有的似猛虎啸山，有如骏马腾飞，有若鸳鸯戏水，有如金鸡报喜，有象征一帆风顺、招财进宝等，栩栩如生。同时，园林遍种名树，奇花异草，绿树成荫，曲径通幽，溶洞花巷，引人入胜，尽显绿杨特色，实为炎炎夏日避暑胜地。,1/1-12/31；周一至周日；08:30-19:00开园,https://qimgs.qunarzz.com/piao_qsight_provider_piao_qsight_web/1lo5m12000d9yd3yu08BE_C_900_504.jpg_710x360_80aa53a7.jpg〇https://qimgs.qunarzz.com/piao_qsight_provider_piao_qsight_web/0106l120009a98ifs43BB_C_900_504_Q90_Mtg_7.jpg_710x360_c84b2483.jpg〇https://qimgs.qunarzz.com/piao_qsight_provider_piao_qsight_web/0105n120009a98orwFEA6_C_900_504_Q90_Mtg_7.jpg_710x360_e889683c.jpg〇https://qimgs.qunarzz.com/piao_qsight_provider_piao_qsight_web/1lo5n12000d9ydnv1E63B_C_900_504_Q90_Mtg_7.jpg_710x360_e2025c75.jpg〇https://qimgs.qunarzz.com/piao_qsight_provider_piao_qsight_web/0104z120009a98mtmA7BD_C_900_504_Q90_Mtg_7.jpg_710x360_90b435b0.jpg〇https://qimgs.qunarzz.com/piao_qsight_provider_piao_qsight_web/1lo6u12000d9ydcxm8E77_C_900_504_Q90_Mtg_7.jpg_710x360_4b592f41.jpg〇https://qimgs.qunarzz.com/piao_qsight_provider_piao_qsight_web/0103x120009a98s7jD375_C_900_504_Q90_Mtg_7.jpg_710x360_de6d30ef.jpg〇https://qimgs.qunarzz.com/piao_qsight_provider_piao_qsight_web/01037120009a98mtkB5F1_C_900_504_Q90_Mtg_7.jpg_710x360_aaf3ac63.jpg〇https://qimgs.qunarzz.com/piao_qsight_provider_piao_qsight_web/1lo5m12000d9yd3yu08BE_C_900_504_Q90_Mtg_7.jpg_710x360_19aec2a2.jpg,"{""ret"": true, ""data"": {""tagList"": [{""tagType"": 1, ""tagScore"": 5, ""tagNum"": 411, ""tagName"": ""\u597d\u8bc4""}, {""tagType"": 0, ""tagScore"": 5, ""tagNum"": 411, ""tagName"": ""\u5168\u90e8""}], ""commentList"": [{""author"": ""\u53bb*\u6237"", ""content"": ""\u7528\u6237\u672a\u70b9\u8bc4\uff0c\u7cfb\u7edf\u9ed8\u8ba4\u597d\u8bc4\u3002"", ""date"": ""2024-12-17"", ""score"": 5, ""commentId"": ""239265269"", ""imgs"": [], ""userNickName"": ""\u53bb*\u6237"", ""replyCityName"": """", ""cityName"": """"}, {""author"": ""e*1"", ""content"": ""\u7528\u6237\u672a\u70b9\u8bc4\uff0c\u7cfb\u7edf\u9ed8\u8ba4\u597d\u8bc4\u3002"", ""date"": ""2024-12-17"", ""score"": 5, ""commentId"": ""239264523"", ""imgs"": [], ""userNickName"": ""e*1"", ""replyCityName"": """", ""cityName"": """"}, {""author"": ""e*1"", ""content"": ""\u7528\u6237\u672a\u70b9\u8bc4\uff0c\u7cfb\u7edf\u9ed8\u8ba4\u597d\u8bc4\u3002"", ""date"": ""2024-12-17"", ""score"": 5, ""commentId"": ""239262940"", ""imgs"": [], ""userNickName"": ""e*1"", ""replyCityName"": """", ""cityName"": """"}, {""author"": ""f*0"", ""content"": ""\u7528\u6237\u672a\u70b9\u8bc4\uff0c\u7cfb\u7edf\u9ed8\u8ba4\u597d\u8bc4\u3002"", ""date"": ""2024-12-17"", ""score"": 5, ""commentId"": ""239262934"", ""imgs"": [], ""userNickName"": ""f*0"", ""replyCityName"": """", ""cityName"": """"}, {""author"": ""\u53bb*\u6237"", ""content"": ""\u7528\u6237\u672a\u70b9\u8bc4\uff0c\u7cfb\u7edf\u9ed8\u8ba4\u597d\u8bc4\u3002"", ""date"": ""2024-11-26"", ""score"": 5, ""commentId"": ""238956285"", ""imgs"": [], ""userNickName"": ""\u53bb*\u6237"", ""replyCityName"": """", ""cityName"": """"}, {""author"": ""\u53bb*\u6237"", ""content"": ""\u7528\u6237\u672a\u70b9\u8bc4\uff0c\u7cfb\u7edf\u9ed8\u8ba4\u597d\u8bc4\u3002"", ""date"": ""2024-11-26"", ""score"": 5, ""commentId"": ""238952037"", ""imgs"": [], ""userNickName"": ""\u53bb*\u6237"", ""replyCityName"": """", ""cityName"": """"}, {""author"": ""\u53bb*\u6237"", ""content"": ""\u7528\u6237\u672a\u70b9\u8bc4\uff0c\u7cfb\u7edf\u9ed8\u8ba4\u597d\u8bc4\u3002"", ""date"": ""2024-11-19"", ""score"": 5, ""commentId"": ""238843177"", ""imgs"": [], ""userNickName"": ""\u53bb*\u6237"", ""replyCityName"": """", ""cityName"": """"}, {""author"": ""\u53bb*\u6237"", ""content"": ""\u7528\u6237\u672a\u70b9\u8bc4\uff0c\u7cfb\u7edf\u9ed8\u8ba4\u597d\u8bc4\u3002"", ""date"": ""2024-11-07"", ""score"": 5, ""commentId"": ""238673622"", ""imgs"": [], ""userNickName"": ""\u53bb*\u6237"", ""replyCityName"": """", ""cityName"": """"}, {""author"": ""m*1"", ""content"": ""\u7528\u6237\u672a\u70b9\u8bc4\uff0c\u7cfb\u7edf\u9ed8\u8ba4\u597d\u8bc4\u3002"", ""date"": ""2024-11-06"", ""score"": 5, ""commentId"": ""238626566"", ""imgs"": [], ""userNickName"": ""m*1"", ""replyCityName"": """", ""cityName"": """"}, {""author"": ""m*1"", ""content"": ""\u7528\u6237\u672a\u70b9\u8bc4\uff0c\u7cfb\u7edf\u9ed8\u8ba4\u597d\u8bc4\u3002"", ""date"": ""2024-11-06"", ""score"": 5, ""commentId"": ""238623037"", ""imgs"": [], ""userNickName"": ""m*1"", ""replyCityName"": """", ""cityName"": """"}], ""score"": 5.0, ""commentCount"": 411}, ""statusCode"": 200}"
大雾岭,https://imgs.qunarzz.com/sight/p36/201211/05/8f79d2952989537893835fbb.jpg_280x200_5666be21.jpg,茂名市,信宜市,广东省茂名信宜市,-1,-1.0,苍山环抱，树木茂盛，湖面清澈如镜,https://piao.qunar.com/ticket/detail_1709639294.html?st=a3clM0QlRTQlQkYlQTElRTUlQUUlOUMlRTUlQjglODIlMjZpZCUzRDE1NjcyJTI2dHlwZSUzRDAlMjZpZHglM0QxNCUyNnF0JTNEJTI2YXBrJTNEMiUyNnNjJTNEV1dXJTI2dXIlM0QlRTQlQjglQUQlRTUlQjElQjElMjZsciUzRCVFNCVCOCVBRCVFNSVCMSVCMSUyNmZ0JTNEJTdCJTdE#from=mpl_search_suggest,-1.0,N/A,大雾岭旅游区地处茂名市北部，离信宜城区38公里，地跨信宜、高州两地。大雾岭由云开山脉以及数十座海拔1000米以上的山峰组成，群山连绵不绝，高耸入云，其中海拔1500以上的山峰就有29座，是集生态保护、科学研究、旅游度假、高山疗养为一体的森林公园和自然保护区。大雾岭旅游区的主峰大田顶。如果说地势高挺的信宜是粤西的青藏高原，那么大雾岭就是粤西的喜马拉雅山山脉，而海拔1704米的大田顶则是粤西的珠穆朗玛峰了。相传离山顶不远处的东侧有一片平整的大田地，此峰因而得其名。山顶北面就是广东省732电视差转台的电视发射塔，整个粤西乃至广西部分地区的电视频道都是接受这里的转播信号。大田顶上有茂密的原始森林，风光奇丽无比；山顶旁边屹立着三座小山，远远望去犹如栖息着三个仙鹤，奇趣无穷。人称“天湖”的高山水库，苍山环抱，树木茂盛，湖面清澈如镜。每当云雾四起时，峰峦若隐若现，如身处仙境，雾里看花。晨观日出，红日喷薄，霞光万道，雾气散去之时，玉宇澄清，群峰青翠欲滴，空气象过滤般清新。,暂无,https://imgs.qunarzz.com/sight/p36/201211/05/8f79d2952989537893835fbb.jpg_710x360_7b390d99.jpg,"{""ret"": true, ""data"": {""tagList"": [{""tagType"": 0, ""tagScore"": 5, ""tagNum"": 0, ""tagName"": ""\u5168\u90e8""}], ""score"": 0.0, ""commentCount"": 0}, ""statusCode"": 200}"
AOMOZON奥摩欢乐牧场,https://qimgs.qunarzz.com/piao_qsight_provider_piao_qsight_web/temp991571868899446689201011120009we5dp2A684_wmr.jpg_280x200_b75afff0.jpg,茂名市,信宜市,广东省茂名市信宜市锦江画廊碧道慢行道,-1,-1.0,N/A,https://piao.qunar.com/ticket/detail_384851059.html?st=a3clM0QlRTQlQkYlQTElRTUlQUUlOUMlRTUlQjglODIlMjZpZCUzRDUxNzU3OSUyNnR5cGUlM0QwJTI2aWR4JTNEMTMlMjZxdCUzRCUyNmFwayUzRDIlMjZzYyUzRFdXVyUyNnVyJTNEJUU0JUI4JUFEJUU1JUIxJUIxJTI2bHIlM0QlRTQlQjglQUQlRTUlQjElQjElMjZmdCUzRCU3QiU3RA%3D%3D#from=mpl_search_suggest,-1.0,N/A,N/A,具体营业状态以当天开放情况为准,https://qimgs.qunarzz.com/piao_qsight_provider_piao_qsight_web/temp991571868899446689201011120009we5dp2A684_wmr.jpg_710x360_65c1b5a4.jpg,"{""ret"": true, ""data"": {""tagList"": [{""tagType"": 0, ""tagScore"": 5, ""tagNum"": 0, ""tagName"": ""\u5168\u90e8""}], ""score"": 0.0, ""commentCount"": 0}, ""statusCode"": 200}"
甲门峡漂流,https://imgs.qunarzz.com/sight/p0/201309/12/e113f02f6fbcd7dbc8d65eac.jpg_280x200_5019c30f.jpg,茂名市,信宜市,广东省茂名市信宜市池洞镇东安闸村,55,4.3,由天然峡谷组成，落差无数，激流澎湃,https://piao.qunar.com/ticket/detail_1217800005.html?st=a3clM0QlRTQlQkYlQTElRTUlQUUlOUMlRTUlQjglODIlMjZpZCUzRDE5MjQ5MyUyNnR5cGUlM0QwJTI2aWR4JTNEMTIlMjZxdCUzRCUyNmFwayUzRDIlMjZzYyUzRFdXVyUyNnVyJTNEJUU0JUI4JUFEJUU1JUIxJUIxJTI2bHIlM0QlRTQlQjglQUQlRTUlQjElQjElMjZmdCUzRCU3QiU3RA%3D%3D#from=mpl_search_suggest,-1.0,N/A,”的甲门峡漂流，景区四周，树木郁郁葱葱，怪石嶙峋、空气清新、民风纯朴，是亲近大自然的理想之地。河道两岸百年野芋、珍稀花草，争芳斗艳，四周风光，犹如一幅画卷，美不胜收。在漂流整个过程中，每一处都是精彩的乐章，每一处都是惊险并快乐着的回忆。,景区暂时停业，详情请以景区公示为准。原开放时间:5月1日-8月31日12:00-15:00。,https://imgs.qunarzz.com/sight/p0/201309/12/e113f02f6fbcd7dbc8d65eac.jpg_710x360_ee6cbfc0.jpg〇https://imgs.qunarzz.com/sight/p0/201309/12/8b00a155d526faa5c8d65eac.jpg_710x360_56910d8a.jpg〇https://imgs.qunarzz.com/sight/p0/201309/12/f8ac7f2d2f32170ac8d65eac.jpg_710x360_bacd16a1.jpg〇https://imgs.qunarzz.com/sight/p0/201309/12/90a89cdc43ff34ecc8d65eac.jpg_710x360_532ca7c7.jpg〇https://imgs.qunarzz.com/sight/p0/201309/12/1badd2de4d75ee68c8d65eac.jpg_710x360_29931e10.jpg〇https://imgs.qunarzz.com/sight/p0/201309/12/633b9456c3777e13c8d65eac.jpg_710x360_5765eee7.jpg〇https://imgs.qunarzz.com/sight/p0/201309/12/4c1efcde7cb479a1c8d65eac.jpg_710x360_6dfe2175.jpg〇https://qimgs.qunarzz.com/piao_qsight_provider_piao_qsight_web/bfd19113df2abc02.jpg_710x360_770959f9.jpg〇https://qimgs.qunarzz.com/piao_qsight_provider_piao_qsight_web/4a92f1db2a8c4202.jpg_710x360_143e8251.jpg〇https://qimgs.qunarzz.com/piao_qsight_provider_piao_qsight_web/e8784d3bc097f0f7.jpg_710x360_48c82a67.jpg〇https://qimgs.qunarzz.com/piao_qsight_provider_piao_qsight_web/6b913916af60d1f7.jpg_710x360_172883e9.jpg,"{""ret"": true, ""data"": {""tagList"": [{""tagType"": 16, ""tagScore"": 5, ""tagNum"": 1, ""tagName"": ""\u9760\u8c31""}, {""tagType"": 8, ""tagScore"": 5, ""tagNum"": 1, ""tagName"": ""\u4fbf\u5b9c""}, {""tagType"": 4, ""tagScore"": 5, ""tagNum"": 2, ""tagName"": ""\u53d6\u7968\u65b9\u4fbf""}, {""tagType"": 3, ""tagScore"": 5, ""tagNum"": 2, ""tagName"": ""\u5dee\u8bc4""}, {""tagType"": 2, ""tagScore"": 5, ""tagNum"": 9, ""tagName"": ""\u4e2d\u8bc4""}, {""tagType"": 1, ""tagScore"": 5, ""tagNum"": 44, ""tagName"": ""\u597d\u8bc4""}, {""tagType"": 0, ""tagScore"": 5, ""tagNum"": 55, ""tagName"": ""\u5168\u90e8""}], ""commentList"": [{""author"": ""p*7"", ""content"": ""\u7528\u6237\u672a\u70b9\u8bc4\uff0c\u7cfb\u7edf\u9ed8\u8ba4\u597d\u8bc4\u3002"", ""date"": ""2019-11-05"", ""score"": 5, ""commentId"": ""213216335"", ""imgs"": [], ""userNickName"": ""p*7"", ""replyCityName"": """", ""cityName"": """"}, {""author"": ""c*8"", ""content"": ""\u7528\u6237\u672a\u70b9\u8bc4\uff0c\u7cfb\u7edf\u9ed8\u8ba4\u597d\u8bc4\u3002"", ""date"": ""2019-11-02"", ""score"": 5, ""commentId"": ""212988289"", ""imgs"": [], ""userNickName"": ""c*8"", ""replyCityName"": """", ""cityName"": """"}, {""author"": ""l*4"", ""content"": ""\u7528\u6237\u672a\u70b9\u8bc4\uff0c\u7cfb\u7edf\u9ed8\u8ba4\u597d\u8bc4\u3002"", ""date"": ""2019-08-31"", ""score"": 5, ""commentId"": ""211854105"", ""imgs"": [], ""userNickName"": ""l*4"", ""replyCityName"": """", ""cityName"": """"}, {""author"": ""b*9"", ""content"": ""\u7528\u6237\u672a\u70b9\u8bc4\uff0c\u7cfb\u7edf\u9ed8\u8ba4\u597d\u8bc4\u3002"", ""date"": ""2019-08-07"", ""score"": 5, ""commentId"": ""211465433"", ""imgs"": [], ""userNickName"": ""b*9"", ""replyCityName"": """", ""cityName"": """"}, {""author"": ""\u4e00*\u821f"", ""content"": ""\u7528\u6237\u672a\u70b9\u8bc4\uff0c\u7cfb\u7edf\u9ed8\u8ba4\u597d\u8bc4\u3002"", ""date"": ""2019-07-31"", ""score"": 5, ""commentId"": ""211380470"", ""imgs"": [], ""userNickName"": ""\u4e00*\u821f"", ""replyCityName"": """", ""cityName"": """"}, {""author"": ""z*3"", ""content"": ""\u7528\u6237\u672a\u70b9\u8bc4\uff0c\u7cfb\u7edf\u9ed8\u8ba4\u597d\u8bc4\u3002"", ""date"": ""2018-11-07"", ""score"": 5, ""commentId"": ""208523140"", ""imgs"": [], ""userNickName"": ""z*3"", ""replyCityName"": """", ""cityName"": """"}, {""author"": ""q*7"", ""content"": ""\u7528\u6237\u672a\u70b9\u8bc4\uff0c\u7cfb\u7edf\u9ed8\u8ba4\u597d\u8bc4\u3002"", ""date"": ""2018-08-23"", ""score"": 5, ""commentId"": ""207315064"", ""imgs"": [], ""userNickName"": ""q*7"", ""replyCityName"": """", ""cityName"": """"}, {""author"": ""_*9"", ""content"": ""\u4e0d\u662f\u597d\u957f\u3002\u8fd8\u53ef\u4ee5\u5427\u3002                                  "", ""date"": ""2018-03-06"", ""score"": 4, ""commentId"": ""206018646"", ""imgs"": [], ""userNickName"": ""_*9"", ""replyCityName"": """", ""cityName"": """"}, {""author"": ""\u5218*\u5065"", ""content"": ""\u7528\u6237\u672a\u70b9\u8bc4\uff0c\u7cfb\u7edf\u9ed8\u8ba4\u597d\u8bc4\u3002"", ""date"": ""2018-07-24"", ""score"": 5, ""commentId"": ""206912697"", ""imgs"": [], ""userNickName"": ""\u5218*\u5065"", ""replyCityName"": """", ""cityName"": """"}, {""author"": ""j*3"", ""content"": ""\u7528\u6237\u672a\u70b9\u8bc4\uff0c\u7cfb\u7edf\u9ed8\u8ba4\u597d\u8bc4\u3002"", ""date"": ""2018-06-26"", ""score"": 5, ""commentId"": ""206639800"", ""imgs"": [], ""userNickName"": ""j*3"", ""replyCityName"": """", ""cityName"": """"}], ""score"": 4.3, ""commentCount"": 55}, ""statusCode"": 200}"
隆古书院,https://imgs.qunarzz.com/sight/p65/201211/00/91d1f8a4838d16d193835fbb.jpg_280x200_40bc111d.jpg,茂名市,信宜市,广东省茂名信宜市镇隆镇,1,5.0,集中了一批颇有特色的保存完好的古书院,https://piao.qunar.com/ticket/detail_2020755750.html?st=a3clM0QlRTQlQkYlQTElRTUlQUUlOUMlRTUlQjglODIlMjZpZCUzRDEyOTgyJTI2dHlwZSUzRDAlMjZpZHglM0QxMSUyNnF0JTNEJTI2YXBrJTNEMiUyNnNjJTNEV1dXJTI2dXIlM0QlRTQlQjglQUQlRTUlQjElQjElMjZsciUzRCVFNCVCOCVBRCVFNSVCMSVCMSUyNmZ0JTNEJTdCJTdE#from=mpl_search_suggest,-1.0,N/A,镇隆古书院位于信宜市的镇隆镇，那里有岭南地区罕见的古建筑群，集中了一批颇有特色的保存完好的古书院。镇隆建城于公元621年，从那时起到1952年，它一直是信宜县城的所在地，在唐贞观到宋熙宁的430多年中，它还作过窦州州府。虽然它的辉煌时期己经过去，现在的它只是一条村——信宜镇隆镇八坊村。不过，它却留下了一份沉甸甸的历史文化遗产，成为吸引中外旅客的好去处。,暂无,https://imgs.qunarzz.com/sight/p65/201211/00/91d1f8a4838d16d193835fbb.jpg_710x360_d5aa6131.jpg,"{""ret"": true, ""data"": {""tagList"": [{""tagType"": 1, ""tagScore"": 5, ""tagNum"": 1, ""tagName"": ""\u597d\u8bc4""}, {""tagType"": 0, ""tagScore"": 5, ""tagNum"": 1, ""tagName"": ""\u5168\u90e8""}], ""commentList"": [{""author"": ""p*7"", ""content"": ""\u662f\u53eb\uff1a\u9547\u9686\u53e4\u4e66\u9662\uff0c\u4e0d\u662f\u9686\u53e4\u4e66\u9662"", ""date"": ""2015-11-04"", ""score"": 5, ""commentId"": ""89323834"", ""imgs"": [], ""userNickName"": ""p*7"", ""replyCityName"": """", ""cityName"": """"}], ""score"": 5.0, ""commentCount"": 1}, ""statusCode"": 200}"
茂名信宜龙玄峡,https://imgs.qunarzz.com/sight/p0/201301/05/ab12d974778dffed93835fbb.png_280x200_60a6af26.png,茂名市,信宜市,广东省茂名信宜市洪冠镇龙玄峡,-1,-1.0,怪石嶙峋，绿树红花，茂竹修林，景色壮丽,https://piao.qunar.com/ticket/detail_1019604285.html?st=a3clM0QlRTQlQkYlQTElRTUlQUUlOUMlRTUlQjglODIlMjZpZCUzRDM3NDA4JTI2dHlwZSUzRDAlMjZpZHglM0QxMCUyNnF0JTNEJTI2YXBrJTNEMiUyNnNjJTNEV1dXJTI2dXIlM0QlRTQlQjglQUQlRTUlQjElQjElMjZsciUzRCVFNCVCOCVBRCVFNSVCMSVCMSUyNmZ0JTNEJTdCJTdE#from=mpl_search_suggest,545.0,N/A,龙玄峡漂流是广东信宜市开发旅游景点。此河段从云丽水电站水陂至蓝村桥头的河道，全程4公里多，是黄华江一段狭长河道，以幽、深、奇、秀、险而闻名。河两岸青山相对出，悬崖峭壁，怪石嶙峋。绿树红花，茂竹修林，景色壮丽。河流集千泉百溪，水流湍急，清澈见底。人在水上漂，如在画中游。景区修建孔雀岛、鳄鱼岛、弓箭场、探险桥、水上游乐园与生态农耕园等景点。打造一个集旅游观光、绿色饮食、度假游乐于一体的旅游胜地。龙玄峡漂流位于信宜市黄华江上游，全长3.8公里，河水清澈见底，河流两岸有许多奇形怪状的石群，这些石头臼体大小不一，直径由10多厘米到3米多不等。臼体的平面一般为圆形、椭圆形、匙形和不规则的半圆形。其形状如臼如缸，如杯如桶、如盆如碗；上宽下窄，上沿圆而平滑，往下渐宽，底部又渐收窄，内壁光滑无隙，有螺旋状条纹凸起。有的小臼体中，装着满满的溪水，还有小鱼在里面游动，非常有趣。现在每天吸引了珠江三角洲、湛江、茂名等地的大批游客前来观光、漂流。它蜿蜒西去犹如一条回眸顾盼的巨龙，全程狭长蜿蜒4公里，景由天成，是黄华江在洪冠镇境内的一段优美乐章！两岸青山绿树相辉影，倒映水中入画来。河床怪石林立，被誉为水上石林。千百年来，大自然的鬼斧神工在这里留下了珍禽百兽栩栩如生的踪迹。集千泉百溪一路奔来的河水，或平流、或险滩、或急流，随处可见，天然泳池思接千古，优美动人传说道之不尽、经久不衰。从起漂点漂至下游约3.5公里处，河道平缓开阔豁然开朗，正逢云丽水电站出水口，水流倍增，击起千层浪，高潮跌宕、惊险刺激、扣人心弦。两岸悬崖峭壁、怪石嶙峋，青山相对、绿树红花、水流湍急，顺漂而下心旷神怡。,暂无,https://imgs.qunarzz.com/sight/p0/201301/05/ab12d974778dffed93835fbb.png_710x360_d6e3b7a2.png〇https://imgs.qunarzz.com/sight/p0/201301/05/99b2c92bfc2930d893835fbb.png_710x360_d975ab7f.png〇https://imgs.qunarzz.com/sight/p0/201301/05/45ba3dc8eb99cc7893835fbb.png_710x360_7e7c9fcb.png〇https://imgs.qunarzz.com/sight/p0/201301/05/ada6cfca168a474f93835fbb.png_710x360_65134ae2.png〇https://imgs.qunarzz.com/sight/p0/201301/05/87ea9b60d8acc4b293835fbb.png_710x360_ba69c3de.png〇https://imgs.qunarzz.com/sight/p0/201301/05/6f2081bb0370f0c393835fbb.png_710x360_76b9fe4b.png,"{""ret"": true, ""data"": {""tagList"": [{""tagType"": 0, ""tagScore"": 5, ""tagNum"": 0, ""tagName"": ""\u5168\u90e8""}], ""score"": 0.0, ""commentCount"": 0}, ""statusCode"": 200}"
信宜马安竹海旅游区,https://qimgs.qunarzz.com/piao_qsight_provider_piao_qsight_web/0102o12000fgxacjg5DA1_C_900_504.jpg_280x200_36c01738.jpg,茂名市,信宜市,广东省茂名市信宜市马安村,-1,-1.0,N/A,https://piao.qunar.com/ticket/detail_3497710772.html?st=a3clM0QlRTQlQkYlQTElRTUlQUUlOUMlRTUlQjglODIlMjZpZCUzRDUzMzQ3NCUyNnR5cGUlM0QwJTI2aWR4JTNEOSUyNnF0JTNEJTI2YXBrJTNEMiUyNnNjJTNEV1dXJTI2dXIlM0QlRTQlQjglQUQlRTUlQjElQjElMjZsciUzRCVFNCVCOCVBRCVFNSVCMSVCMSUyNmZ0JTNEJTdCJTdE#from=mpl_search_suggest,60.0,N/A,N/A,暂无,https://qimgs.qunarzz.com/piao_qsight_provider_piao_qsight_web/0102o12000fgxacjg5DA1_C_900_504.jpg_710x360_88ee1d24.jpg〇https://qimgs.qunarzz.com/piao_qsight_provider_piao_qsight_web/0101e12000fgx9kfi2EFF_C_900_504_Q90_Mtg_7.jpg_710x360_21c3aadf.jpg〇https://qimgs.qunarzz.com/piao_qsight_provider_piao_qsight_web/0104f12000fgxa8xn6D31_C_900_504_Q90_Mtg_7.jpg_710x360_4ea56a45.jpg〇https://qimgs.qunarzz.com/piao_qsight_provider_piao_qsight_web/0101h12000fgx8wgbAC1C_C_900_504_Q90_Mtg_7.jpg_710x360_cf26db86.jpg〇https://qimgs.qunarzz.com/piao_qsight_provider_piao_qsight_web/0101f12000fgx9kfj8435_C_900_504_Q90_Mtg_7.jpg_710x360_5c43be24.jpg〇https://qimgs.qunarzz.com/piao_qsight_provider_piao_qsight_web/0100j12000fgxaml4CF44_C_900_504_Q90_Mtg_7.jpg_710x360_369fc28c.jpg〇https://qimgs.qunarzz.com/piao_qsight_provider_piao_qsight_web/0105b12000fgxa8xp8A41_C_900_504_Q90_Mtg_7.jpg_710x360_5f2b3ee2.jpg〇https://qimgs.qunarzz.com/piao_qsight_provider_piao_qsight_web/0104112000fgx9kff34A6_C_900_504_Q90_Mtg_7.jpg_710x360_9e2f28de.jpg〇https://qimgs.qunarzz.com/piao_qsight_provider_piao_qsight_web/0102o12000fgxacjg5DA1_C_900_504_Q90_Mtg_7.jpg_710x360_ad119c93.jpg,"{""ret"": true, ""data"": {""tagList"": [{""tagType"": 0, ""tagScore"": 5, ""tagNum"": 0, ""tagName"": ""\u5168\u90e8""}], ""score"": 0.0, ""commentCount"": 0}, ""statusCode"": 200}"
中国牙雕艺术馆,https://mp-piao-admincp.qunarzz.com/mp_piao_admin_mp_piao_admin/admin/20217/30d54820c6727b9958d585769ab3c5c2.png_280x200_7ef61cce.png,茂名市,信宜市,茂名市信宜市迎宾大道北迎宾楼西北侧约240米,-1,-1.0,N/A,https://piao.qunar.com/ticket/detail_3620839485.html?st=a3clM0QlRTQlQkYlQTElRTUlQUUlOUMlRTUlQjglODIlMjZpZCUzRDUzMDAxOSUyNnR5cGUlM0QwJTI2aWR4JTNEOCUyNnF0JTNEJTI2YXBrJTNEMiUyNnNjJTNEV1dXJTI2dXIlM0QlRTQlQjglQUQlRTUlQjElQjElMjZsciUzRCVFNCVCOCVBRCVFNSVCMSVCMSUyNmZ0JTNEJTdCJTdE#from=mpl_search_suggest,48.0,N/A,N/A,1/1-12/31；周二至周五；10:00-21:00开园,https://mp-piao-admincp.qunarzz.com/mp_piao_admin_mp_piao_admin/admin/20217/30d54820c6727b9958d585769ab3c5c2.png_710x360_c2302e12.png,"{""ret"": true, ""data"": {""tagList"": [{""tagType"": 0, ""tagScore"": 5, ""tagNum"": 0, ""tagName"": ""\u5168\u90e8""}], ""score"": 0.0, ""commentCount"": 0}, ""statusCode"": 200}"
山水双合,https://qimgs.qunarzz.com/piao_qsight_provider_piao_qsight_web/0102d12000f3v1jmkA4B9_C_900_504.jpg_280x200_9df20661.jpg,茂名市,信宜市,广东省茂名市信宜市G359(银妃大道南路),-1,-1.0,N/A,https://piao.qunar.com/ticket/detail_3838399663.html?st=a3clM0QlRTQlQkYlQTElRTUlQUUlOUMlRTUlQjglODIlMjZpZCUzRDUzMTAyNiUyNnR5cGUlM0QwJTI2aWR4JTNENyUyNnF0JTNEJTI2YXBrJTNEMiUyNnNjJTNEV1dXJTI2dXIlM0QlRTQlQjglQUQlRTUlQjElQjElMjZsciUzRCVFNCVCOCVBRCVFNSVCMSVCMSUyNmZ0JTNEJTdCJTdE#from=mpl_search_suggest,18.0,N/A,N/A,1/1-12/31；周一至周日；09:00-17:00开园；（17:00停止入园）,https://qimgs.qunarzz.com/piao_qsight_provider_piao_qsight_web/0102d12000f3v1jmkA4B9_C_900_504.jpg_710x360_5b901b05.jpg〇https://qimgs.qunarzz.com/piao_qsight_provider_piao_qsight_web/0103712000f5z1an57EA0_C_900_504_Q90_Mtg_7.jpg_710x360_795636c1.jpg〇https://qimgs.qunarzz.com/piao_qsight_provider_piao_qsight_web/0104r12000f3v201aCEF9_C_900_504_Q90_Mtg_7.jpg_710x360_62cf2723.jpg〇https://qimgs.qunarzz.com/piao_qsight_provider_piao_qsight_web/0104m12000f3v27h53052_C_900_504_Q90_Mtg_7.jpg_710x360_37d73cd1.jpg〇https://qimgs.qunarzz.com/piao_qsight_provider_piao_qsight_web/0103012000f3v1k6w06C3_C_900_504_Q90_Mtg_7.jpg_710x360_8f1a89b3.jpg〇https://qimgs.qunarzz.com/piao_qsight_provider_piao_qsight_web/0103212000f3v1mcg6BA5_C_900_504_Q90_Mtg_7.jpg_710x360_8ee3dae5.jpg〇https://qimgs.qunarzz.com/piao_qsight_provider_piao_qsight_web/0105p12000f3v1oimB740_C_900_504_Q90_Mtg_7.jpg_710x360_39ad0ab1.jpg〇https://qimgs.qunarzz.com/piao_qsight_provider_piao_qsight_web/0106v12000f3v1w2iD6DC_C_900_504_Q90_Mtg_7.jpg_710x360_998f0fe7.jpg〇https://qimgs.qunarzz.com/piao_qsight_provider_piao_qsight_web/0102f12000f3v26e8F019_C_900_504_Q90_Mtg_7.jpg_710x360_626edb36.jpg〇https://qimgs.qunarzz.com/piao_qsight_provider_piao_qsight_web/0104912000f3v1ee43CD6_C_900_504_Q90_Mtg_7.jpg_710x360_3fe7c7ef.jpg〇https://qimgs.qunarzz.com/piao_qsight_provider_piao_qsight_web/0102d12000f3v1jmkA4B9_C_900_504_Q90_Mtg_7.jpg_710x360_b1b0a8b6.jpg,"{""ret"": true, ""data"": {""tagList"": [{""tagType"": 0, ""tagScore"": 5, ""tagNum"": 0, ""tagName"": ""\u5168\u90e8""}], ""score"": 0.0, ""commentCount"": 0}, ""statusCode"": 200}"
天马山生态旅游区,https://qimgs.qunarzz.com/piao_qsight_provider_piao_qsight_web/350n0v000000jviknC4CF_C_900_504.jpg_280x200_d25232b4.jpg,茂名市,信宜市,茂名市信宜市北界镇旺将村的西南边,421,4.7,横跨两省，四季如春,https://piao.qunar.com/ticket/detail_3231252602.html?st=a3clM0QlRTQlQkYlQTElRTUlQUUlOUMlRTUlQjglODIlMjZpZCUzRDUyNDYlMjZ0eXBlJTNEMCUyNmlkeCUzRDYlMjZxdCUzRCUyNmFwayUzRDIlMjZzYyUzRFdXVyUyNnVyJTNEJUU0JUI4JUFEJUU1JUIxJUIxJTI2bHIlM0QlRTQlQjglQUQlRTUlQjElQjElMjZmdCUzRCU3QiU3RA%3D%3D#from=mpl_search_suggest,53.3,N/A,天马山生态旅游区位于信宜市北界镇旺将村的西南边。海拔1080米的天马山有蓊蓊郁郁的森林、清澈的甘泉、幽深的峡谷、形态各异的瀑布、鬼斧神工的怪石、高旷令人神往的南国大草原，旅游资源得天独厚。有桫椤、鸡毛松、红花荷、人头蕨等珍稀树种，果狸、箭猪、山龟、山鸡等野生动物。天马山还有浓厚的人文色彩，曾是苗人聚居之地，留下石砌梯田、石屋遗址和大片茶树、柠檬。由于景区处在我省与广西北流紧邻的边远山区，远离工业的污染，生态环境没有受到人类的破坏，区内森林植被繁茂，树木郁郁葱葱，在一个天然的森林公园中，形成了满目皆翠的绿色世界，据测，景区内每立方厘米拥有十万个负氧离子，是一个天然的大氧吧。置身其中，给人以“返朴归真，回归自然”的感受。,1/1-12/31；周一至周日；08:00-17:00开园,https://qimgs.qunarzz.com/piao_qsight_provider_piao_qsight_web/350n0v000000jviknC4CF_C_900_504.jpg_710x360_6bc4c151.jpg〇https://qimgs.qunarzz.com/piao_qsight_provider_piao_qsight_web/350i0v000000jv9vv3ACF_C_900_504_Q90_Mtg_7.jpg_710x360_e8b117be.jpg〇https://qimgs.qunarzz.com/piao_qsight_provider_piao_qsight_web/350d0v000000juz34A372_C_900_504_Q90_Mtg_7.jpg_710x360_63237494.jpg〇https://qimgs.qunarzz.com/piao_qsight_provider_piao_qsight_web/350v0v000000k7i3hBCB2_C_900_504_Q90_Mtg_7.jpg_710x360_7ef78fa9.jpg〇https://qimgs.qunarzz.com/piao_qsight_provider_piao_qsight_web/35070v000000kd4zp83CD_C_900_504_Q90_Mtg_7.jpg_710x360_39a8c533.jpg〇https://qimgs.qunarzz.com/piao_qsight_provider_piao_qsight_web/350b0v000000jyucuFC2F_C_900_504_Q90_Mtg_7.jpg_710x360_d4e7e10b.jpg〇https://qimgs.qunarzz.com/piao_qsight_provider_piao_qsight_web/350m0v000000k5u893E00_C_900_504_Q90_Mtg_7.jpg_710x360_b3361c52.jpg〇https://qimgs.qunarzz.com/piao_qsight_provider_piao_qsight_web/350w0v000000k2hlfAEA0_C_900_504_Q90_Mtg_7.jpg_710x360_bd287aef.jpg〇https://qimgs.qunarzz.com/piao_qsight_provider_piao_qsight_web/350g0v000000jx5au3A68_C_900_504_Q90_Mtg_7.jpg_710x360_a6558446.jpg〇https://qimgs.qunarzz.com/piao_qsight_provider_piao_qsight_web/350s0v000000k3bz5E532_C_900_504_Q90_Mtg_7.jpg_710x360_c8fae175.jpg〇https://qimgs.qunarzz.com/piao_qsight_provider_piao_qsight_web/350n0v000000jviknC4CF_C_900_504_Q90_Mtg_7.jpg_710x360_56cab441.jpg〇https://imgs.qunarzz.com/sight/p0/201403/07/568bfeef381e1d1da469c169e81e5b2f.jpg_710x360_19e29fe3.jpg〇https://imgs.qunarzz.com/sight/p0/201403/07/f3b9bdfc20cc4428c3e637e31a06cfb0.jpg_710x360_7fded445.jpg〇https://imgs.qunarzz.com/sight/p0/201403/07/1e2ccb5fc89c9ab1d9fc76def04a40d9.jpg_710x360_39d9940a.jpg〇https://imgs.qunarzz.com/sight/p93/201211/00/b302e253869a334793835fbb.jpg_710x360_9be68559.jpg〇https://qimgs.qunarzz.com/piao_qsight_provider_piao_qsight_web/c6cfc12327a9de02.jpg_710x360_e8738ec4.jpg〇https://qimgs.qunarzz.com/piao_qsight_provider_piao_qsight_web/a13f822aa8c34e02.jpg_710x360_de7b01d6.jpg〇https://qimgs.qunarzz.com/piao_qsight_provider_piao_qsight_web/4bcaa15e258f1702.jpg_710x360_8a350b2b.jpg〇https://qimgs.qunarzz.com/piao_qsight_provider_piao_qsight_web/93d34f330d5b7e02.jpg_710x360_84e8254d.jpg〇https://qimgs.qunarzz.com/piao_qsight_provider_piao_qsight_web/b40e61cda2250902.jpg_710x360_b870d7d1.jpg〇https://qimgs.qunarzz.com/piao_qsight_provider_piao_qsight_web/cd3c036211add802.jpg_710x360_91f58f82.jpg〇https://qimgs.qunarzz.com/piao_qsight_provider_piao_qsight_web/1549843496143100o11000000qiw9tF50F_D_640_10000.jpg_710x360_3bb00ce5.jpg〇https://qimgs.qunarzz.com/piao_qsight_provider_piao_qsight_web/1549843495817100o11000000qiw9s856C_D_640_10000.jpg_710x360_5e568f04.jpg〇https://qimgs.qunarzz.com/piao_qsight_provider_piao_qsight_web/1549843495453100m11000000qtftnCC79_D_640_10000.jpg_710x360_4455e112.jpg〇https://qimgs.qunarzz.com/piao_qsight_provider_piao_qsight_web/1549843495183100p11000000qj6qk4F4A_D_640_10000.jpg_710x360_dd4ffe2f.jpg〇https://qimgs.qunarzz.com/piao_qsight_provider_piao_qsight_web/1549843494915100d11000000qikom89B3_D_640_10000.jpg_710x360_bf34ed91.jpg〇https://qimgs.qunarzz.com/piao_qsight_provider_piao_qsight_web/b204f2929e722602.jpg_710x360_f1f5740c.jpg〇https://qimgs.qunarzz.com/piao_qsight_provider_piao_qsight_web/36c529c600826602.jpg_710x360_1992016c.jpg〇https://qimgs.qunarzz.com/piao_qsight_provider_piao_qsight_web/1547751709700100c10000000oylye31DC_D_640_10000.jpg_710x360_1bcd825f.jpg〇https://qimgs.qunarzz.com/piao_qsight_provider_piao_qsight_web/1547751709321100210000000p31n839EB_D_640_10000.jpg_710x360_46abd7fe.jpg〇https://qimgs.qunarzz.com/piao_qsight_provider_piao_qsight_web/1547751709017100b10000000oycqy3DEC_D_640_10000.jpg_710x360_39b1bda7.jpg〇https://qimgs.qunarzz.com/piao_qsight_provider_piao_qsight_web/1547751708697100a10000000oxabd8D9F_D_640_10000.jpg_710x360_14868478.jpg〇https://qimgs.qunarzz.com/piao_qsight_provider_piao_qsight_web/1547751708446100i10000000ous8n2E83_D_640_10000.jpg_710x360_a8d3f49b.jpg〇https://qimgs.qunarzz.com/piao_qsight_provider_piao_qsight_web/c696d870a0215102.jpg_710x360_a8b16663.jpg〇https://qimgs.qunarzz.com/piao_qsight_provider_piao_qsight_web/45761f554ee69b02.jpg_710x360_48eb1ae9.jpg,"{""ret"": true, ""data"": {""tagList"": [{""tagType"": 32, ""tagScore"": 5, ""tagNum"": 3, ""tagName"": ""\u670d\u52a1\u597d""}, {""tagType"": 16, ""tagScore"": 5, ""tagNum"": 2, ""tagName"": ""\u9760\u8c31""}, {""tagType"": 8, ""tagScore"": 5, ""tagNum"": 2, ""tagName"": ""\u4fbf\u5b9c""}, {""tagType"": 4, ""tagScore"": 5, ""tagNum"": 5, ""tagName"": ""\u53d6\u7968\u65b9\u4fbf""}, {""tagType"": 3, ""tagScore"": 5, ""tagNum"": 1, ""tagName"": ""\u5dee\u8bc4""}, {""tagType"": 2, ""tagScore"": 5, ""tagNum"": 18, ""tagName"": ""\u4e2d\u8bc4""}, {""tagType"": 1, ""tagScore"": 5, ""tagNum"": 390, ""tagName"": ""\u597d\u8bc4""}, {""tagType"": 0, ""tagScore"": 5, ""tagNum"": 421, ""tagName"": ""\u5168\u90e8""}], ""commentList"": [{""author"": ""\u53bb*\u6237"", ""content"": ""\u7528\u6237\u672a\u70b9\u8bc4\uff0c\u7cfb\u7edf\u9ed8\u8ba4\u597d\u8bc4\u3002"", ""date"": ""2024-11-19"", ""score"": 5, ""commentId"": ""238848982"", ""imgs"": [], ""userNickName"": ""\u53bb*\u6237"", ""replyCityName"": """", ""cityName"": """"}, {""author"": ""\u53bb*\u6237"", ""content"": ""\u7528\u6237\u672a\u70b9\u8bc4\uff0c\u7cfb\u7edf\u9ed8\u8ba4\u597d\u8bc4\u3002"", ""date"": ""2024-11-06"", ""score"": 5, ""commentId"": ""238648855"", ""imgs"": [], ""userNickName"": ""\u53bb*\u6237"", ""replyCityName"": """", ""cityName"": """"}, {""author"": ""j*6"", ""content"": ""\u7528\u6237\u672a\u70b9\u8bc4\uff0c\u7cfb\u7edf\u9ed8\u8ba4\u597d\u8bc4\u3002"", ""date"": ""2024-11-06"", ""score"": 5, ""commentId"": ""238622888"", ""imgs"": [], ""userNickName"": ""j*6"", ""replyCityName"": """", ""cityName"": """"}, {""author"": ""\u53bb*\u6237"", ""content"": ""\u7528\u6237\u672a\u70b9\u8bc4\uff0c\u7cfb\u7edf\u9ed8\u8ba4\u597d\u8bc4\u3002"", ""date"": ""2024-11-05"", ""score"": 5, ""commentId"": ""238564927"", ""imgs"": [], ""userNickName"": ""\u53bb*\u6237"", ""replyCityName"": """", ""cityName"": """"}, {""author"": ""\u53bb*\u6237"", ""content"": ""\u7528\u6237\u672a\u70b9\u8bc4\uff0c\u7cfb\u7edf\u9ed8\u8ba4\u597d\u8bc4\u3002"", ""date"": ""2024-11-05"", ""score"": 5, ""commentId"": ""238547210"", ""imgs"": [], ""userNickName"": ""\u53bb*\u6237"", ""replyCityName"": """", ""cityName"": """"}, {""author"": ""\u4e00*\u4e0b"", ""content"": ""\u7528\u6237\u672a\u70b9\u8bc4\uff0c\u7cfb\u7edf\u9ed8\u8ba4\u597d\u8bc4\u3002"", ""date"": ""2024-11-03"", ""score"": 5, ""commentId"": ""238278861"", ""imgs"": [], ""userNickName"": ""\u4e00*\u4e0b"", ""replyCityName"": """", ""cityName"": """"}, {""author"": ""\u4e00*\u4e0b"", ""content"": ""\u7528\u6237\u672a\u70b9\u8bc4\uff0c\u7cfb\u7edf\u9ed8\u8ba4\u597d\u8bc4\u3002"", ""date"": ""2024-11-03"", ""score"": 5, ""commentId"": ""238277528"", ""imgs"": [], ""userNickName"": ""\u4e00*\u4e0b"", ""replyCityName"": """", ""cityName"": """"}, {""author"": ""\u4e00*\u4e0b"", ""content"": ""\u7528\u6237\u672a\u70b9\u8bc4\uff0c\u7cfb\u7edf\u9ed8\u8ba4\u597d\u8bc4\u3002"", ""date"": ""2024-11-03"", ""score"": 5, ""commentId"": ""238276784"", ""imgs"": [], ""userNickName"": ""\u4e00*\u4e0b"", ""replyCityName"": """", ""cityName"": """"}, {""author"": ""\u9f99*l"", ""content"": ""\u7528\u6237\u672a\u70b9\u8bc4\uff0c\u7cfb\u7edf\u9ed8\u8ba4\u597d\u8bc4\u3002"", ""date"": ""2024-11-02"", ""score"": 5, ""commentId"": ""238079836"", ""imgs"": [], ""userNickName"": ""\u9f99*l"", ""replyCityName"": """", ""cityName"": """"}, {""author"": ""o*1"", ""content"": ""\u7528\u6237\u672a\u70b9\u8bc4\uff0c\u7cfb\u7edf\u9ed8\u8ba4\u597d\u8bc4\u3002"", ""date"": ""2024-09-04"", ""score"": 5, ""commentId"": ""236265537"", ""imgs"": [], ""userNickName"": ""o*1"", ""replyCityName"": """", ""cityName"": """"}], ""score"": 4.7, ""commentCount"": 421}, ""statusCode"": 200}"
三华李度假区,https://qimgs.qunarzz.com/piao_qsight_provider_piao_qsight_web/0104a120009ns9wisECA9_C_900_504.jpg_280x200_8d25ecf7.jpg,茂名市,信宜市,广东省茂名市信宜市G359,47,5.0,N/A,https://piao.qunar.com/ticket/detail_3338653945.html?st=a3clM0QlRTQlQkYlQTElRTUlQUUlOUMlRTUlQjglODIlMjZpZCUzRDUxNjUyMCUyNnR5cGUlM0QwJTI2aWR4JTNENSUyNnF0JTNEJTI2YXBrJTNEMiUyNnNjJTNEV1dXJTI2dXIlM0QlRTQlQjglQUQlRTUlQjElQjElMjZsciUzRCVFNCVCOCVBRCVFNSVCMSVCMSUyNmZ0JTNEJTdCJTdE#from=mpl_search_suggest,42.0,N/A,N/A,1/1-12/31；周一至周日；09:00-18:00开园,https://qimgs.qunarzz.com/piao_qsight_provider_piao_qsight_web/0104a120009ns9wisECA9_C_900_504.jpg_710x360_3a4e5772.jpg〇https://qimgs.qunarzz.com/piao_qsight_provider_piao_qsight_web/01021120009ns9lhsC22E_C_900_504_Q90_Mtg_7.jpg_710x360_7a26bda9.jpg〇https://qimgs.qunarzz.com/piao_qsight_provider_piao_qsight_web/0103s120009nsa680A59C_C_900_504_Q90_Mtg_7.jpg_710x360_3d196e27.jpg〇https://qimgs.qunarzz.com/piao_qsight_provider_piao_qsight_web/0101j120009ns9mzk2C7D_C_900_504_Q90_Mtg_7.jpg_710x360_610b2232.jpg〇https://qimgs.qunarzz.com/piao_qsight_provider_piao_qsight_web/0106s120009m1gw7a5612_C_900_504_Q90_Mtg_7.jpg_710x360_e0e79871.jpg〇https://qimgs.qunarzz.com/piao_qsight_provider_piao_qsight_web/0101j120009ns9w9yF646_C_900_504_Q90_Mtg_7.jpg_710x360_8deeb780.jpg〇https://qimgs.qunarzz.com/piao_qsight_provider_piao_qsight_web/0106z120009nsa1q7A738_C_900_504_Q90_Mtg_7.jpg_710x360_e196f448.jpg〇https://qimgs.qunarzz.com/piao_qsight_provider_piao_qsight_web/01029120009nsa60y291A_C_900_504_Q90_Mtg_7.jpg_710x360_698d0478.jpg〇https://qimgs.qunarzz.com/piao_qsight_provider_piao_qsight_web/0101t120009m1h4s47308_C_900_504_Q90_Mtg_7.jpg_710x360_c93a474c.jpg〇https://qimgs.qunarzz.com/piao_qsight_provider_piao_qsight_web/0103s120009m1gqobBD36_C_900_504_Q90_Mtg_7.jpg_710x360_d7062d38.jpg〇https://qimgs.qunarzz.com/piao_qsight_provider_piao_qsight_web/0104a120009ns9wisECA9_C_900_504_Q90_Mtg_7.jpg_710x360_7a383381.jpg,"{""ret"": true, ""data"": {""tagList"": [{""tagType"": 1, ""tagScore"": 5, ""tagNum"": 47, ""tagName"": ""\u597d\u8bc4""}, {""tagType"": 0, ""tagScore"": 5, ""tagNum"": 47, ""tagName"": ""\u5168\u90e8""}], ""commentList"": [{""author"": ""q*1"", ""content"": ""\u7528\u6237\u672a\u70b9\u8bc4\uff0c\u7cfb\u7edf\u9ed8\u8ba4\u597d\u8bc4\u3002"", ""date"": ""2024-12-01"", ""score"": 5, ""commentId"": ""239030001"", ""imgs"": [], ""userNickName"": ""q*1"", ""replyCityName"": """", ""cityName"": """"}, {""author"": ""x*1"", ""content"": ""\u7528\u6237\u672a\u70b9\u8bc4\uff0c\u7cfb\u7edf\u9ed8\u8ba4\u597d\u8bc4\u3002"", ""date"": ""2024-12-01"", ""score"": 5, ""commentId"": ""239026966"", ""imgs"": [], ""userNickName"": ""x*1"", ""replyCityName"": """", ""cityName"": """"}, {""author"": ""h*3"", ""content"": ""\u7528\u6237\u672a\u70b9\u8bc4\uff0c\u7cfb\u7edf\u9ed8\u8ba4\u597d\u8bc4\u3002"", ""date"": ""2024-12-01"", ""score"": 5, ""commentId"": ""239026615"", ""imgs"": [], ""userNickName"": ""h*3"", ""replyCityName"": """", ""cityName"": """"}, {""author"": ""n*3"", ""content"": ""\u7528\u6237\u672a\u70b9\u8bc4\uff0c\u7cfb\u7edf\u9ed8\u8ba4\u597d\u8bc4\u3002"", ""date"": ""2024-12-01"", ""score"": 5, ""commentId"": ""239026600"", ""imgs"": [], ""userNickName"": ""n*3"", ""replyCityName"": """", ""cityName"": """"}, {""author"": ""u*3"", ""content"": ""\u7528\u6237\u672a\u70b9\u8bc4\uff0c\u7cfb\u7edf\u9ed8\u8ba4\u597d\u8bc4\u3002"", ""date"": ""2024-12-01"", ""score"": 5, ""commentId"": ""239024096"", ""imgs"": [], ""userNickName"": ""u*3"", ""replyCityName"": """", ""cityName"": """"}, {""author"": ""\u53bb*\u6237"", ""content"": ""\u7528\u6237\u672a\u70b9\u8bc4\uff0c\u7cfb\u7edf\u9ed8\u8ba4\u597d\u8bc4\u3002"", ""date"": ""2024-12-01"", ""score"": 5, ""commentId"": ""239023311"", ""imgs"": [], ""userNickName"": ""\u53bb*\u6237"", ""replyCityName"": """", ""cityName"": """"}, {""author"": ""w*6"", ""content"": ""\u7528\u6237\u672a\u70b9\u8bc4\uff0c\u7cfb\u7edf\u9ed8\u8ba4\u597d\u8bc4\u3002"", ""date"": ""2024-09-23"", ""score"": 5, ""commentId"": ""237148459"", ""imgs"": [], ""userNickName"": ""w*6"", ""replyCityName"": """", ""cityName"": """"}, {""author"": ""\u53bb*\u6237"", ""content"": ""\u7528\u6237\u672a\u70b9\u8bc4\uff0c\u7cfb\u7edf\u9ed8\u8ba4\u597d\u8bc4\u3002"", ""date"": ""2024-09-21"", ""score"": 5, ""commentId"": ""237045842"", ""imgs"": [], ""userNickName"": ""\u53bb*\u6237"", ""replyCityName"": """", ""cityName"": """"}, {""author"": ""x*6"", ""content"": ""\u7528\u6237\u672a\u70b9\u8bc4\uff0c\u7cfb\u7edf\u9ed8\u8ba4\u597d\u8bc4\u3002"", ""date"": ""2024-09-05"", ""score"": 5, ""commentId"": ""236314093"", ""imgs"": [], ""userNickName"": ""x*6"", ""replyCityName"": """", ""cityName"": """"}, {""author"": ""y*0"", ""content"": ""\u7528\u6237\u672a\u70b9\u8bc4\uff0c\u7cfb\u7edf\u9ed8\u8ba4\u597d\u8bc4\u3002"", ""date"": ""2024-06-03"", ""score"": 5, ""commentId"": ""234123197"", ""imgs"": [], ""userNickName"": ""y*0"", ""replyCityName"": """", ""cityName"": """"}], ""score"": 5.0, ""commentCount"": 47}, ""statusCode"": 200}"
石根山,https://qimgs.qunarzz.com/piao_qsight_provider_piao_qsight_web/350h0w000000kp6e32BF8_C_900_504.jpg_280x200_799a79d5.jpg,茂名市,信宜市,茂名市信宜市朱砂镇207国道与209县道交叉口石根山风景旅游区,601,4.7,登山道蜿蜒崎岖,https://piao.qunar.com/ticket/detail_2168813852.html?st=a3clM0QlRTQlQkYlQTElRTUlQUUlOUMlRTUlQjglODIlMjZpZCUzRDE4NzAzMyUyNnR5cGUlM0QwJTI2aWR4JTNENCUyNnF0JTNEJTI2YXBrJTNEMiUyNnNjJTNEV1dXJTI2dXIlM0QlRTQlQjglQUQlRTUlQjElQjElMjZsciUzRCVFNCVCOCVBRCVFNSVCMSVCMSUyNmZ0JTNEJTdCJTdE#from=mpl_search_suggest,40.0,N/A,石根山，位于广东省与广西壮族自治区界山，位于广东省信宜市朱砂镇石根村与广西广西壮族自治区岑溪市水汶镇交界处，属粤西云开山脉山峰。白垩纪末、第三纪初，地壳因为受到强有力的挤压，褶皱隆起，成为绵亘的山脉，石根山花岗岩质的火成岩变质而形成片麻岩石质，由于构造变形分解和风化改造而成，是“云开古陆”核部地质层。石根山海拔988米。山似塔状，远望犹如一座生动的笑佛面像。207国道、洛湛铁路从附近经过。石根山造形奇特，拔地而起，直插云霄，一峰独秀。若玉笋，若箭炮，气势磅礴，雄伟壮丽！傲立峰巅，极目骋怀，八桂风云萦脑海，百粤景物入眼帘。,1/1-12/31；周一至周日；08:00-18:00开园；（16:30停止入园）,https://qimgs.qunarzz.com/piao_qsight_provider_piao_qsight_web/350h0w000000kp6e32BF8_C_900_504.jpg_710x360_882afefa.jpg〇https://qimgs.qunarzz.com/piao_qsight_provider_piao_qsight_web/350t0w000000knnj797F3_C_900_504_Q90_Mtg_7.jpg_710x360_ec634903.jpg〇https://qimgs.qunarzz.com/piao_qsight_provider_piao_qsight_web/350l0w000000knrqvCED0_C_900_504_Q90_Mtg_7.jpg_710x360_e8575164.jpg〇https://qimgs.qunarzz.com/piao_qsight_provider_piao_qsight_web/350a0w000000koxdc1ED1_C_900_504_Q90_Mtg_7.jpg_710x360_38cee8ea.jpg〇https://qimgs.qunarzz.com/piao_qsight_provider_piao_qsight_web/350w0w000000ktn1i98B0_C_900_504_Q90_Mtg_7.jpg_710x360_da5894ef.jpg〇https://qimgs.qunarzz.com/piao_qsight_provider_piao_qsight_web/35090w000000kq0co4FC8_C_900_504_Q90_Mtg_7.jpg_710x360_63ce2680.jpg〇https://qimgs.qunarzz.com/piao_qsight_provider_piao_qsight_web/35080w000000knstz8273_C_900_504_Q90_Mtg_7.jpg_710x360_a56955d7.jpg〇https://qimgs.qunarzz.com/piao_qsight_provider_piao_qsight_web/350m0w000000kwzmiC276_C_900_504_Q90_Mtg_7.jpg_710x360_29b945d8.jpg〇https://qimgs.qunarzz.com/piao_qsight_provider_piao_qsight_web/350g0w000000koapg1BB1_C_900_504_Q90_Mtg_7.jpg_710x360_62d21918.jpg〇https://qimgs.qunarzz.com/piao_qsight_provider_piao_qsight_web/350i0w000000kmfac208B_C_900_504_Q90_Mtg_7.jpg_710x360_171654aa.jpg〇https://qimgs.qunarzz.com/piao_qsight_provider_piao_qsight_web/350h0w000000kp6e32BF8_C_900_504_Q90_Mtg_7.jpg_710x360_57cb8994.jpg〇https://imgs.qunarzz.com/sight/p0/1907/ce/ce28186715e11082a3.img.jpg_710x360_cb3ab4b6.jpg〇https://imgs.qunarzz.com/sight/p0/1907/27/279ba8ad700af6eda3.img.jpg_710x360_afd465cc.jpg〇https://imgs.qunarzz.com/sight/p0/1907/16/16fc2555d1a7a0e7a3.img.jpg_710x360_ae4d12cf.jpg〇https://imgs.qunarzz.com/sight/p0/1907/b9/b9ee8f8bd43a1cf9a3.img.jpg_710x360_7e812a9a.jpg〇https://imgs.qunarzz.com/sight/p0/1907/c1/c1e13268c696e7dfa3.img.jpg_710x360_305e9cb5.jpg〇https://imgs.qunarzz.com/sight/p0/1907/97/97a1b1588aceaa6a3.img.jpg_710x360_3abf3865.jpg〇https://imgs.qunarzz.com/sight/p0/1907/57/57c90399d6f32921a3.img.jpg_710x360_95e9a351.jpg〇https://imgs.qunarzz.com/sight/p0/1907/ae/aec617ff03152679a3.img.jpg_710x360_589f6acb.jpg〇https://imgs.qunarzz.com/sight/p0/1907/db/db5c1f3db48ee66ea3.img.jpg_710x360_a3de0ac8.jpg〇https://imgs.qunarzz.com/sight/p0/1907/60/60ae6a437d284a1a3.img.jpg_710x360_4b0f25ee.jpg〇https://qimgs.qunarzz.com/piao_qsight_provider_piao_qsight_web/47e46156fbe36902.jpg_710x360_1af56f8d.jpg〇https://qimgs.qunarzz.com/piao_qsight_provider_piao_qsight_web/76b4c771ef2f2702.jpg_710x360_33545318.jpg〇https://qimgs.qunarzz.com/piao_qsight_provider_piao_qsight_web/9eee015fd52e6b02.jpg_710x360_b56ec881.jpg〇https://qimgs.qunarzz.com/piao_qsight_provider_piao_qsight_web/3c79135a36f3d002.jpg_710x360_919eff0e.jpg〇https://qimgs.qunarzz.com/piao_qsight_provider_piao_qsight_web/c2ac97b630b602.jpg_710x360_d9aa7e82.jpg〇https://qimgs.qunarzz.com/piao_qsight_provider_piao_qsight_web/604afea173c9f502.jpg_710x360_15f8a24d.jpg〇https://qimgs.qunarzz.com/piao_qsight_provider_piao_qsight_web/b0b06ee47c7fb202.jpg_710x360_aae1f1ac.jpg〇https://qimgs.qunarzz.com/piao_qsight_provider_piao_qsight_web/be7ea07db41fdd02.jpg_710x360_e5b25440.jpg〇https://qimgs.qunarzz.com/piao_qsight_provider_piao_qsight_web/288b2fbc50049302.jpg_710x360_c8314dfd.jpg〇https://qimgs.qunarzz.com/piao_qsight_provider_piao_qsight_web/8cc9ac324f841d02.jpg_710x360_d73d935a.jpg〇https://qimgs.qunarzz.com/piao_qsight_provider_piao_qsight_web/166abaece9ff5d02.jpg_710x360_3773fbe5.jpg〇https://qimgs.qunarzz.com/piao_qsight_provider_piao_qsight_web/f0805ec8ed6dce02.jpg_710x360_94612bb3.jpg〇https://qimgs.qunarzz.com/piao_qsight_provider_piao_qsight_web/8bf2de8254d03902.jpg_710x360_127e2a1c.jpg〇https://qimgs.qunarzz.com/piao_qsight_provider_piao_qsight_web/4c4ba8cbba5f9402.jpg_710x360_25be86e1.jpg〇https://qimgs.qunarzz.com/piao_qsight_provider_piao_qsight_web/7ea27a9ae3960b02.jpg_710x360_d2477204.jpg〇https://qimgs.qunarzz.com/piao_qsight_provider_piao_qsight_web/a022e30b1a3ea702.jpg_710x360_b5fc3d61.jpg〇https://qimgs.qunarzz.com/piao_qsight_provider_piao_qsight_web/0f3e5126474f6d02.jpg_710x360_ef7072c5.jpg〇https://qimgs.qunarzz.com/piao_qsight_provider_piao_qsight_web/c4ed1216f3904002.jpg_710x360_01bf1cfd.jpg〇https://qimgs.qunarzz.com/piao_qsight_provider_piao_qsight_web/88c911a43dfe9a02.jpg_710x360_fffb8030.jpg〇https://qimgs.qunarzz.com/piao_qsight_provider_piao_qsight_web/ba0cd08aac515c02.jpg_710x360_0614a49f.jpg,"{""ret"": true, ""data"": {""tagList"": [{""tagType"": 32, ""tagScore"": 5, ""tagNum"": 2, ""tagName"": ""\u670d\u52a1\u597d""}, {""tagType"": 16, ""tagScore"": 5, ""tagNum"": 1, ""tagName"": ""\u9760\u8c31""}, {""tagType"": 4, ""tagScore"": 5, ""tagNum"": 3, ""tagName"": ""\u53d6\u7968\u65b9\u4fbf""}, {""tagType"": 3, ""tagScore"": 5, ""tagNum"": 8, ""tagName"": ""\u5dee\u8bc4""}, {""tagType"": 2, ""tagScore"": 5, ""tagNum"": 12, ""tagName"": ""\u4e2d\u8bc4""}, {""tagType"": 1, ""tagScore"": 5, ""tagNum"": 565, ""tagName"": ""\u597d\u8bc4""}, {""tagType"": 0, ""tagScore"": 5, ""tagNum"": 601, ""tagName"": ""\u5168\u90e8""}], ""commentList"": [{""author"": ""\u53bb*\u6237"", ""content"": ""\u7528\u6237\u672a\u70b9\u8bc4\uff0c\u7cfb\u7edf\u9ed8\u8ba4\u597d\u8bc4\u3002"", ""date"": ""2024-12-18"", ""score"": 5, ""commentId"": ""239283004"", ""imgs"": [], ""userNickName"": ""\u53bb*\u6237"", ""replyCityName"": """", ""cityName"": """"}, {""author"": ""\u53bb*\u6237"", ""content"": ""\u7528\u6237\u672a\u70b9\u8bc4\uff0c\u7cfb\u7edf\u9ed8\u8ba4\u597d\u8bc4\u3002"", ""date"": ""2024-12-06"", ""score"": 5, ""commentId"": ""239121507"", ""imgs"": [], ""userNickName"": ""\u53bb*\u6237"", ""replyCityName"": """", ""cityName"": """"}, {""author"": ""\u53bb*\u6237"", ""content"": ""\u7528\u6237\u672a\u70b9\u8bc4\uff0c\u7cfb\u7edf\u9ed8\u8ba4\u597d\u8bc4\u3002"", ""date"": ""2024-11-06"", ""score"": 5, ""commentId"": ""238617389"", ""imgs"": [], ""userNickName"": ""\u53bb*\u6237"", ""replyCityName"": """", ""cityName"": """"}, {""author"": ""i*8"", ""content"": ""\u7528\u6237\u672a\u70b9\u8bc4\uff0c\u7cfb\u7edf\u9ed8\u8ba4\u597d\u8bc4\u3002"", ""date"": ""2024-11-04"", ""score"": 5, ""commentId"": ""238414815"", ""imgs"": [], ""userNickName"": ""i*8"", ""replyCityName"": """", ""cityName"": """"}, {""author"": ""x*4"", ""content"": ""\u7528\u6237\u672a\u70b9\u8bc4\uff0c\u7cfb\u7edf\u9ed8\u8ba4\u597d\u8bc4\u3002"", ""date"": ""2024-11-03"", ""score"": 5, ""commentId"": ""238176299"", ""imgs"": [], ""userNickName"": ""x*4"", ""replyCityName"": """", ""cityName"": """"}, {""author"": ""\u53bb*\u6237"", ""content"": ""\u7528\u6237\u672a\u70b9\u8bc4\uff0c\u7cfb\u7edf\u9ed8\u8ba4\u597d\u8bc4\u3002"", ""date"": ""2024-10-24"", ""score"": 5, ""commentId"": ""237818535"", ""imgs"": [], ""userNickName"": ""\u53bb*\u6237"", ""replyCityName"": """", ""cityName"": """"}, {""author"": ""Y*e"", ""content"": ""\u7528\u6237\u672a\u70b9\u8bc4\uff0c\u7cfb\u7edf\u9ed8\u8ba4\u597d\u8bc4\u3002"", ""date"": ""2024-10-19"", ""score"": 5, ""commentId"": ""237748929"", ""imgs"": [], ""userNickName"": ""Y*e"", ""replyCityName"": """", ""cityName"": """"}, {""author"": ""\u79d1*\u541b"", ""content"": ""\u7528\u6237\u672a\u70b9\u8bc4\uff0c\u7cfb\u7edf\u9ed8\u8ba4\u597d\u8bc4\u3002"", ""date"": ""2024-09-25"", ""score"": 5, ""commentId"": ""237244122"", ""imgs"": [], ""userNickName"": ""\u79d1*\u541b"", ""replyCityName"": """", ""cityName"": """"}, {""author"": ""\u79d1*\u541b"", ""content"": ""\u7528\u6237\u672a\u70b9\u8bc4\uff0c\u7cfb\u7edf\u9ed8\u8ba4\u597d\u8bc4\u3002"", ""date"": ""2024-09-25"", ""score"": 5, ""commentId"": ""237244119"", ""imgs"": [], ""userNickName"": ""\u79d1*\u541b"", ""replyCityName"": """", ""cityName"": """"}, {""author"": ""\u53bb*\u6237"", ""content"": ""\u7528\u6237\u672a\u70b9\u8bc4\uff0c\u7cfb\u7edf\u9ed8\u8ba4\u597d\u8bc4\u3002"", ""date"": ""2024-05-21"", ""score"": 5, ""commentId"": ""233646456"", ""imgs"": [], ""userNickName"": ""\u53bb*\u6237"", ""replyCityName"": """", ""cityName"": """"}], ""score"": 4.7, ""commentCount"": 601}, ""statusCode"": 200}"
高州花田美温泉度假村,https://qimgs.qunarzz.com/piao_qsight_provider_piao_qsight_web/CghzflW7IA6AKGPbAAA4x2Gv3VY561_C_900_504.jpg_280x200_ea72e709.jpg,茂名市,信宜市,广东省茂名市高州市潭头镇六同管区樟木根村莲花禅寺东400米,6,5.0,花田美温泉度假村位于鉴江河畔，紧邻 207 国道，距离潭头镇中心约 2 公里，交通便利。该项目是一个以康乐、餐饮、住宿、,https://piao.qunar.com/ticket/detail_1359262122.html?st=a3clM0QlRTQlQkYlQTElRTUlQUUlOUMlRTUlQjglODIlMjZpZCUzRDUxMjgzMiUyNnR5cGUlM0QwJTI2aWR4JTNEMyUyNnF0JTNEJTI2YXBrJTNEMiUyNnNjJTNEV1dXJTI2dXIlM0QlRTQlQjglQUQlRTUlQjElQjElMjZsciUzRCVFNCVCOCVBRCVFNSVCMSVCMSUyNmZ0JTNEJTdCJTdE#from=mpl_search_suggest,54.0,N/A,花田美温泉度假村位于鉴江河畔，紧邻 207 国道，距离潭头镇中心约 2 公里，交通便利。该项目是一个以康乐、餐饮、住宿、泳浴、旅游、接待会议为一体的综合性休闲度假区。内设露天花草温泉、理疗温泉、儿童乐池、成人泳池等温泉池28个。,1/1-12/31；周一至周日；08:00-22:00开园,https://qimgs.qunarzz.com/piao_qsight_provider_piao_qsight_web/CghzflW7IA6AKGPbAAA4x2Gv3VY561_C_900_504.jpg_710x360_2c7ec973.jpg,"{""ret"": true, ""data"": {""tagList"": [{""tagType"": 1, ""tagScore"": 5, ""tagNum"": 6, ""tagName"": ""\u597d\u8bc4""}, {""tagType"": 0, ""tagScore"": 5, ""tagNum"": 6, ""tagName"": ""\u5168\u90e8""}], ""commentList"": [{""author"": ""\u53bb*\u6237"", ""content"": ""\u7528\u6237\u672a\u70b9\u8bc4\uff0c\u7cfb\u7edf\u9ed8\u8ba4\u597d\u8bc4\u3002"", ""date"": ""2023-02-27"", ""score"": 5, ""commentId"": ""224480825"", ""imgs"": [], ""userNickName"": ""\u53bb*\u6237"", ""replyCityName"": """", ""cityName"": """"}, {""author"": ""g*8"", ""content"": ""\u7528\u6237\u672a\u70b9\u8bc4\uff0c\u7cfb\u7edf\u9ed8\u8ba4\u597d\u8bc4\u3002"", ""date"": ""2023-01-02"", ""score"": 5, ""commentId"": ""223906433"", ""imgs"": [], ""userNickName"": ""g*8"", ""replyCityName"": """", ""cityName"": """"}, {""author"": ""\u53bb*\u6237"", ""content"": ""\u7528\u6237\u672a\u70b9\u8bc4\uff0c\u7cfb\u7edf\u9ed8\u8ba4\u597d\u8bc4\u3002"", ""date"": ""2022-11-02"", ""score"": 5, ""commentId"": ""223670943"", ""imgs"": [], ""userNickName"": ""\u53bb*\u6237"", ""replyCityName"": """", ""cityName"": """"}, {""author"": ""\u53bb*\u6237"", ""content"": ""\u7528\u6237\u672a\u70b9\u8bc4\uff0c\u7cfb\u7edf\u9ed8\u8ba4\u597d\u8bc4\u3002"", ""date"": ""2022-11-02"", ""score"": 5, ""commentId"": ""223670933"", ""imgs"": [], ""userNickName"": ""\u53bb*\u6237"", ""replyCityName"": """", ""cityName"": """"}, {""author"": ""u*7"", ""content"": ""\u7528\u6237\u672a\u70b9\u8bc4\uff0c\u7cfb\u7edf\u9ed8\u8ba4\u597d\u8bc4\u3002"", ""date"": ""2022-03-06"", ""score"": 5, ""commentId"": ""221983378"", ""imgs"": [], ""userNickName"": ""u*7"", ""replyCityName"": """", ""cityName"": """"}, {""author"": ""\u5f00*4"", ""content"": ""\u7528\u6237\u672a\u70b9\u8bc4\uff0c\u7cfb\u7edf\u9ed8\u8ba4\u597d\u8bc4\u3002"", ""date"": ""2022-01-10"", ""score"": 5, ""commentId"": ""221701740"", ""imgs"": [], ""userNickName"": ""\u5f00*4"", ""replyCityName"": """", ""cityName"": """"}], ""score"": 5.0, ""commentCount"": 6}, ""statusCode"": 200}"
西江温泉度假村,https://qimgs.qunarzz.com/piao_qsight_provider_piao_qsight_web/0105e1200096n36opA9C3_C_900_504.jpg_280x200_a5560fe0.jpg,茂名市,信宜市,广东省茂名市信宜市北界镇西江河畔旁,307,5.0,水温较高达80度以上,https://piao.qunar.com/ticket/detail_2531001591.html?st=a3clM0QlRTQlQkYlQTElRTUlQUUlOUMlRTUlQjglODIlMjZpZCUzRDQ5MzclMjZ0eXBlJTNEMCUyNmlkeCUzRDElMjZxdCUzRCUyNmFwayUzRDIlMjZzYyUzRFdXVyUyNnVyJTNEJUU0JUI4JUFEJUU1JUIxJUIxJTI2bHIlM0QlRTQlQjglQUQlRTUlQjElQjElMjZmdCUzRCU3QiU3RA%3D%3D#from=mpl_search_suggest,52.0,N/A,在依山傍水的信宜西江边，有个温度为80℃的泉眼，围绕着泉眼，人们建起了度假村，取名为西江温泉度假村，还成为广东省旅游度假好去处。西江温泉度假村座落于南国玉都――信宜市郊北界镇西江岸边，西江温泉故此得名，距市中心12公里，村之四周群山起伏，峰峦叠翠，风光秀丽，景色迷人，村前西江蜿蜒，河水清澈。如此山青水碧、鸟语花香之地，大自然景色与田园风光交映生辉之所，真可谓不是桃花源，胜似桃花源。据地质专家分析，西江温泉断裂带在远古造山运动时形成，属华南著名三大断裂带之一。西江温泉自然水温高达摄氏80度以上，露天泉涌100多处，月流量近10万立方米，每小时流量约60立方米，地下热源达两平方公里。温泉水可作健身理疗治病，已有近千年和历史，特别在当今生活丰富多彩的文明时代，人们追求高层次、高质素的生活享受，温泉旅游更是风靡全球。西江温泉度假村，占地面积400多亩，环境优美，格调高雅。雄伟设计，独树一帜。村中还有度假宾馆、度假别墅、自然温泉区、大小会议中心、贵宾浸身雅室等。自然温泉景区又分为童趣区、情侣区、瀑布区。有游泳池、贵妃池、药物健身池、药物理疗池、牛奶美容池。并设有多种规格的豪华客房、中西餐饮、歌厅舞池、会议接待及篮球、网球、羽毛球、乒乓球、射箭、烧烤等场所。各种设施应有尽有，足令游客留连忘返。,1/1-12/31；周一至周日；09:00-23:30开园,https://qimgs.qunarzz.com/piao_qsight_provider_piao_qsight_web/0105e1200096n36opA9C3_C_900_504.jpg_710x360_4b20b45e.jpg〇https://qimgs.qunarzz.com/piao_qsight_provider_piao_qsight_web/0103y1200096jqnk1390C_C_900_504_Q90_Mtg_7.jpg_710x360_0a321104.jpg〇https://qimgs.qunarzz.com/piao_qsight_provider_piao_qsight_web/35091b000001baa9h7FD3_C_900_504_Q90_Mtg_7.jpg_710x360_a92c49b5.jpg〇https://qimgs.qunarzz.com/piao_qsight_provider_piao_qsight_web/0106y1200096jqms1A756_C_900_504_Q90_Mtg_7.jpg_710x360_62a85fff.jpg〇https://qimgs.qunarzz.com/piao_qsight_provider_piao_qsight_web/0105q1200096jqr3pB330_C_900_504_Q90_Mtg_7.jpg_710x360_26ae6906.jpg〇https://qimgs.qunarzz.com/piao_qsight_provider_piao_qsight_web/010581200096jr37o1F93_C_900_504_Q90_Mtg_7.jpg_710x360_c1b13b93.jpg〇https://qimgs.qunarzz.com/piao_qsight_provider_piao_qsight_web/010591200096n397q0691_C_900_504_Q90_Mtg_7.jpg_710x360_088a0171.jpg〇https://qimgs.qunarzz.com/piao_qsight_provider_piao_qsight_web/0105e1200096n36opA9C3_C_900_504_Q90_Mtg_7.jpg_710x360_99fd681c.jpg〇https://imgs.qunarzz.com/sight/p0/201403/07/fd9108b5952b0ebb369e772bd8ae210d.jpg_710x360_55a93e61.jpg〇https://imgs.qunarzz.com/sight/p0/201403/07/ebf4b48e614cff5af512c8f41ee8d9a8.jpg_710x360_8c8e35ed.jpg〇https://imgs.qunarzz.com/sight/p0/201403/07/1148619001d3761ec33a88c17128418f.jpg_710x360_befcc06c.jpg〇https://imgs.qunarzz.com/sight/p0/201403/07/1e7bb4ed66502dc4bfe78f68d583165b.jpg_710x360_6e169d3b.jpg〇https://imgs.qunarzz.com/sight/p14/201211/02/18bd7c5e04310ca793835fbb.jpg_710x360_d6bc3e01.jpg〇https://qimgs.qunarzz.com/piao_qsight_provider_piao_qsight_web/57ac604e99057437.jpg_710x360_a7361a5b.jpg,"{""ret"": true, ""data"": {""tagList"": [{""tagType"": 3, ""tagScore"": 5, ""tagNum"": 1, ""tagName"": ""\u5dee\u8bc4""}, {""tagType"": 2, ""tagScore"": 5, ""tagNum"": 1, ""tagName"": ""\u4e2d\u8bc4""}, {""tagType"": 1, ""tagScore"": 5, ""tagNum"": 305, ""tagName"": ""\u597d\u8bc4""}, {""tagType"": 0, ""tagScore"": 5, ""tagNum"": 307, ""tagName"": ""\u5168\u90e8""}], ""commentList"": [{""author"": ""k*5"", ""content"": ""\u7528\u6237\u672a\u70b9\u8bc4\uff0c\u7cfb\u7edf\u9ed8\u8ba4\u597d\u8bc4\u3002"", ""date"": ""2024-12-17"", ""score"": 5, ""commentId"": ""239269795"", ""imgs"": [], ""userNickName"": ""k*5"", ""replyCityName"": """", ""cityName"": """"}, {""author"": ""\u53bb*\u6237"", ""content"": ""\u7528\u6237\u672a\u70b9\u8bc4\uff0c\u7cfb\u7edf\u9ed8\u8ba4\u597d\u8bc4\u3002"", ""date"": ""2024-12-10"", ""score"": 5, ""commentId"": ""239177126"", ""imgs"": [], ""userNickName"": ""\u53bb*\u6237"", ""replyCityName"": """", ""cityName"": """"}, {""author"": ""\u53bb*\u6237"", ""content"": ""\u7528\u6237\u672a\u70b9\u8bc4\uff0c\u7cfb\u7edf\u9ed8\u8ba4\u597d\u8bc4\u3002"", ""date"": ""2024-12-10"", ""score"": 5, ""commentId"": ""239176365"", ""imgs"": [], ""userNickName"": ""\u53bb*\u6237"", ""replyCityName"": """", ""cityName"": """"}, {""author"": ""\u53bb*\u6237"", ""content"": ""\u7528\u6237\u672a\u70b9\u8bc4\uff0c\u7cfb\u7edf\u9ed8\u8ba4\u597d\u8bc4\u3002"", ""date"": ""2024-12-10"", ""score"": 5, ""commentId"": ""239175727"", ""imgs"": [], ""userNickName"": ""\u53bb*\u6237"", ""replyCityName"": """", ""cityName"": """"}, {""author"": ""\u53bb*\u6237"", ""content"": ""\u7528\u6237\u672a\u70b9\u8bc4\uff0c\u7cfb\u7edf\u9ed8\u8ba4\u597d\u8bc4\u3002"", ""date"": ""2024-12-09"", ""score"": 5, ""commentId"": ""239154377"", ""imgs"": [], ""userNickName"": ""\u53bb*\u6237"", ""replyCityName"": """", ""cityName"": """"}, {""author"": ""i*9"", ""content"": ""\u7528\u6237\u672a\u70b9\u8bc4\uff0c\u7cfb\u7edf\u9ed8\u8ba4\u597d\u8bc4\u3002"", ""date"": ""2024-12-03"", ""score"": 5, ""commentId"": ""239079427"", ""imgs"": [], ""userNickName"": ""i*9"", ""replyCityName"": """", ""cityName"": """"}, {""author"": ""\u53bb*\u6237"", ""content"": ""\u7528\u6237\u672a\u70b9\u8bc4\uff0c\u7cfb\u7edf\u9ed8\u8ba4\u597d\u8bc4\u3002"", ""date"": ""2024-11-26"", ""score"": 5, ""commentId"": ""238962418"", ""imgs"": [], ""userNickName"": ""\u53bb*\u6237"", ""replyCityName"": """", ""cityName"": """"}, {""author"": ""\u53bb*\u6237"", ""content"": ""\u7528\u6237\u672a\u70b9\u8bc4\uff0c\u7cfb\u7edf\u9ed8\u8ba4\u597d\u8bc4\u3002"", ""date"": ""2024-11-26"", ""score"": 5, ""commentId"": ""238962313"", ""imgs"": [], ""userNickName"": ""\u53bb*\u6237"", ""replyCityName"": """", ""cityName"": """"}, {""author"": ""c*5"", ""content"": ""\u7528\u6237\u672a\u70b9\u8bc4\uff0c\u7cfb\u7edf\u9ed8\u8ba4\u597d\u8bc4\u3002"", ""date"": ""2024-11-25"", ""score"": 5, ""commentId"": ""238929446"", ""imgs"": [], ""userNickName"": ""c*5"", ""replyCityName"": """", ""cityName"": """"}, {""author"": ""q*0"", ""content"": ""\u7528\u6237\u672a\u70b9\u8bc4\uff0c\u7cfb\u7edf\u9ed8\u8ba4\u597d\u8bc4\u3002"", ""date"": ""2024-11-20"", ""score"": 5, ""commentId"": ""238869940"", ""imgs"": [], ""userNickName"": ""q*0"", ""replyCityName"": """", ""cityName"": """"}], ""score"": 5.0, ""commentCount"": 307}, ""statusCode"": 200}"
信宜莲花湖庄园,https://qimgs.qunarzz.com/piao_qsight_provider_piao_qsight_web/01060120008a70q7z97BC_C_900_504.jpg_280x200_636a1529.jpg,茂名市,信宜市,茂名市信宜市池垌镇包茂高速信宜北出口207国道往北方向1.2公里,905,5.0,江南水乡特色，适合亲子游,https://piao.qunar.com/ticket/detail_1317296390.html?st=a3clM0QlRTQlQkYlQTElRTUlQUUlOUMlRTUlQjglODIlMjZpZCUzRDUwNDkyNiUyNnR5cGUlM0QwJTI2aWR4JTNEMiUyNnF0JTNEJTI2YXBrJTNEMiUyNnNjJTNEV1dXJTI2dXIlM0QlRTQlQjglQUQlRTUlQjElQjElMjZsciUzRCVFNCVCOCVBRCVFNSVCMSVCMSUyNmZ0JTNEJTdCJTdE#from=mpl_search_suggest,33.0,N/A,N/A,"1/1-12/31；周一至周五,周日；09:00-22:00开园",https://qimgs.qunarzz.com/piao_qsight_provider_piao_qsight_web/01060120008a70q7z97BC_C_900_504.jpg_710x360_4b755e04.jpg〇https://qimgs.qunarzz.com/piao_qsight_provider_piao_qsight_web/01007120008a70ido0BE4_C_900_504_Q90_Mtg_7.jpg_710x360_181a2474.jpg〇https://qimgs.qunarzz.com/piao_qsight_provider_piao_qsight_web/01040120008a70nd11BAB_C_900_504_Q90_Mtg_7.jpg_710x360_bc638c7c.jpg〇https://qimgs.qunarzz.com/piao_qsight_provider_piao_qsight_web/1lo5z12000esfndtsFFCB_C_900_504_Q90_Mtg_7.jpg_710x360_23e697f1.jpg〇https://qimgs.qunarzz.com/piao_qsight_provider_piao_qsight_web/1lo0d12000esfmsw6F609_C_900_504_Q90_Mtg_7.png_710x360_ca22071b.png〇https://qimgs.qunarzz.com/piao_qsight_provider_piao_qsight_web/1lo3j12000esfnd6l32CC_C_900_504_Q90_Mtg_7.png_710x360_66c371a8.png〇https://qimgs.qunarzz.com/piao_qsight_provider_piao_qsight_web/0100d120008a70lgf9654_C_900_504_Q90_Mtg_7.jpg_710x360_467c632f.jpg〇https://qimgs.qunarzz.com/piao_qsight_provider_piao_qsight_web/01011120008a70hazFB3C_C_900_504_Q90_Mtg_7.jpg_710x360_a6fa72a8.jpg〇https://qimgs.qunarzz.com/piao_qsight_provider_piao_qsight_web/0101g120008a70q299482_C_900_504_Q90_Mtg_7.jpg_710x360_aa059f39.jpg〇https://qimgs.qunarzz.com/piao_qsight_provider_piao_qsight_web/0101i120008a70pjp3A17_C_900_504_Q90_Mtg_7.jpg_710x360_054031e1.jpg〇https://qimgs.qunarzz.com/piao_qsight_provider_piao_qsight_web/01060120008a70q7z97BC_C_900_504_Q90_Mtg_7.jpg_710x360_6c01778a.jpg〇https://imgs.qunarzz.com/sight/p0/2001/bb/bb7a3b77f96bddcca3.img.jpg_710x360_39c5b95e.jpg〇https://imgs.qunarzz.com/sight/p0/2001/26/2683dcd489013137a3.img.jpg_710x360_ae639ea1.jpg〇https://imgs.qunarzz.com/sight/p0/2001/7e/7eb10abfd3b43f3fa3.img.jpg_710x360_a59873b2.jpg〇https://imgs.qunarzz.com/sight/p0/2001/1f/1fbabd03a4541082a3.img.jpg_710x360_5bf020f6.jpg〇https://qimgs.qunarzz.com/piao_qsight_provider_piao_qsight_web/87672abcd577bf02.jpg_710x360_0424784c.jpg〇https://qimgs.qunarzz.com/piao_qsight_provider_piao_qsight_web/9aa22bdafc87a202.jpg_710x360_4c3040f1.jpg〇https://qimgs.qunarzz.com/piao_qsight_provider_piao_qsight_web/beac34fcae33b702.jpg_710x360_e7b0e611.jpg〇https://qimgs.qunarzz.com/piao_qsight_provider_piao_qsight_web/ec1e1951a4eeb402.jpg_710x360_f9de416a.jpg〇https://qimgs.qunarzz.com/piao_qsight_provider_piao_qsight_web/8753bb49a0329a02.jpg_710x360_372ebb54.jpg〇https://qimgs.qunarzz.com/piao_qsight_provider_piao_qsight_web/6b5cbf181421c602.jpg_710x360_dffb7016.jpg〇https://qimgs.qunarzz.com/piao_qsight_provider_piao_qsight_web/01ea3cdaba2f6302.jpg_710x360_bacec8a1.jpg〇https://qimgs.qunarzz.com/piao_qsight_provider_piao_qsight_web/ec05cf7a8f0c1b02.jpg_710x360_2387f9f3.jpg〇https://qimgs.qunarzz.com/piao_qsight_provider_piao_qsight_web/934ec5b2c4b5a88d483efd55124383ea.jpg_710x360_f3fad0cb.jpg〇https://qimgs.qunarzz.com/piao_qsight_provider_piao_qsight_web/4fbb76444ca120ed3ef7672d9ace7ab9.jpg_710x360_c8d6784b.jpg〇https://qimgs.qunarzz.com/piao_qsight_provider_piao_qsight_web/81b1b6dacb2eea42daa60f746cd01419.jpg_710x360_b4b88142.jpg〇https://qimgs.qunarzz.com/piao_qsight_provider_piao_qsight_web/9f100e1a1cd5ba436185823bad90efab.jpg_710x360_d39d95fa.jpg〇https://qimgs.qunarzz.com/piao_qsight_provider_piao_qsight_web/fa561e5dfe0f3efe2f6fc889ed4c1c85.jpg_710x360_d703cd77.jpg〇https://qimgs.qunarzz.com/piao_qsight_provider_piao_qsight_web/52661cd8ba4422568b4edd532f66081b.jpg_710x360_f124581c.jpg〇https://qimgs.qunarzz.com/piao_qsight_provider_piao_qsight_web/3235f8ceced63974be00fc07d5292450.jpg_710x360_616b0b81.jpg〇https://qimgs.qunarzz.com/piao_qsight_provider_piao_qsight_web/276c2a8733ea8609001a17a27c997a71.jpg_710x360_3708508c.jpg〇https://qimgs.qunarzz.com/piao_qsight_provider_piao_qsight_web/9448f60abe322b45f3daf33749560750.jpg_710x360_58f483e8.jpg〇https://qimgs.qunarzz.com/piao_qsight_provider_piao_qsight_web/d8e96a62ed48cf9807ddb7fc40ce6af5.jpg_710x360_ea37d8bc.jpg〇https://qimgs.qunarzz.com/piao_qsight_provider_piao_qsight_web/7614840e58b64b8c7b2f566b1976ebf2.jpg_710x360_98d63a4f.jpg,"{""ret"": true, ""data"": {""tagList"": [{""tagType"": 32, ""tagScore"": 5, ""tagNum"": 3, ""tagName"": ""\u670d\u52a1\u597d""}, {""tagType"": 16, ""tagScore"": 5, ""tagNum"": 2, ""tagName"": ""\u9760\u8c31""}, {""tagType"": 8, ""tagScore"": 5, ""tagNum"": 2, ""tagName"": ""\u4fbf\u5b9c""}, {""tagType"": 4, ""tagScore"": 5, ""tagNum"": 4, ""tagName"": ""\u53d6\u7968\u65b9\u4fbf""}, {""tagType"": 3, ""tagScore"": 5, ""tagNum"": 3, ""tagName"": ""\u5dee\u8bc4""}, {""tagType"": 2, ""tagScore"": 5, ""tagNum"": 1, ""tagName"": ""\u4e2d\u8bc4""}, {""tagType"": 1, ""tagScore"": 5, ""tagNum"": 898, ""tagName"": ""\u597d\u8bc4""}, {""tagType"": 0, ""tagScore"": 5, ""tagNum"": 905, ""tagName"": ""\u5168\u90e8""}], ""commentList"": [{""author"": ""o*7"", ""content"": ""\u7528\u6237\u672a\u70b9\u8bc4\uff0c\u7cfb\u7edf\u9ed8\u8ba4\u597d\u8bc4\u3002"", ""date"": ""2024-12-04"", ""score"": 5, ""commentId"": ""239081838"", ""imgs"": [], ""userNickName"": ""o*7"", ""replyCityName"": """", ""cityName"": """"}, {""author"": ""h*w"", ""content"": ""\u7528\u6237\u672a\u70b9\u8bc4\uff0c\u7cfb\u7edf\u9ed8\u8ba4\u597d\u8bc4\u3002"", ""date"": ""2024-11-07"", ""score"": 5, ""commentId"": ""238669867"", ""imgs"": [], ""userNickName"": ""h*w"", ""replyCityName"": """", ""cityName"": """"}, {""author"": ""h*w"", ""content"": ""\u7528\u6237\u672a\u70b9\u8bc4\uff0c\u7cfb\u7edf\u9ed8\u8ba4\u597d\u8bc4\u3002"", ""date"": ""2024-11-07"", ""score"": 5, ""commentId"": ""238669386"", ""imgs"": [], ""userNickName"": ""h*w"", ""replyCityName"": """", ""cityName"": """"}, {""author"": ""l*y"", ""content"": ""\u7528\u6237\u672a\u70b9\u8bc4\uff0c\u7cfb\u7edf\u9ed8\u8ba4\u597d\u8bc4\u3002"", ""date"": ""2024-11-06"", ""score"": 5, ""commentId"": ""238654333"", ""imgs"": [], ""userNickName"": ""l*y"", ""replyCityName"": """", ""cityName"": """"}, {""author"": ""\u53bb*\u6237"", ""content"": ""\u7528\u6237\u672a\u70b9\u8bc4\uff0c\u7cfb\u7edf\u9ed8\u8ba4\u597d\u8bc4\u3002"", ""date"": ""2024-11-05"", ""score"": 5, ""commentId"": ""238590624"", ""imgs"": [], ""userNickName"": ""\u53bb*\u6237"", ""replyCityName"": """", ""cityName"": """"}, {""author"": ""\u53bb*\u6237"", ""content"": ""\u7528\u6237\u672a\u70b9\u8bc4\uff0c\u7cfb\u7edf\u9ed8\u8ba4\u597d\u8bc4\u3002"", ""date"": ""2024-11-05"", ""score"": 5, ""commentId"": ""238590462"", ""imgs"": [], ""userNickName"": ""\u53bb*\u6237"", ""replyCityName"": """", ""cityName"": """"}, {""author"": ""\u53bb*\u6237"", ""content"": ""\u7528\u6237\u672a\u70b9\u8bc4\uff0c\u7cfb\u7edf\u9ed8\u8ba4\u597d\u8bc4\u3002"", ""date"": ""2024-11-05"", ""score"": 5, ""commentId"": ""238590396"", ""imgs"": [], ""userNickName"": ""\u53bb*\u6237"", ""replyCityName"": """", ""cityName"": """"}, {""author"": ""\u53bb*\u6237"", ""content"": ""\u7528\u6237\u672a\u70b9\u8bc4\uff0c\u7cfb\u7edf\u9ed8\u8ba4\u597d\u8bc4\u3002"", ""date"": ""2024-11-05"", ""score"": 5, ""commentId"": ""238589567"", ""imgs"": [], ""userNickName"": ""\u53bb*\u6237"", ""replyCityName"": """", ""cityName"": """"}, {""author"": ""\u53bb*\u6237"", ""content"": ""\u7528\u6237\u672a\u70b9\u8bc4\uff0c\u7cfb\u7edf\u9ed8\u8ba4\u597d\u8bc4\u3002"", ""date"": ""2024-11-05"", ""score"": 5, ""commentId"": ""238589327"", ""imgs"": [], ""userNickName"": ""\u53bb*\u6237"", ""replyCityName"": """", ""cityName"": """"}, {""author"": ""o*7"", ""content"": ""\u7528\u6237\u672a\u70b9\u8bc4\uff0c\u7cfb\u7edf\u9ed8\u8ba4\u597d\u8bc4\u3002"", ""date"": ""2024-11-05"", ""score"": 5, ""commentId"": ""238587181"", ""imgs"": [], ""userNickName"": ""o*7"", ""replyCityName"": """", ""cityName"": """"}], ""score"": 5.0, ""commentCount"": 905}, ""statusCode"": 200}"
