景点名称,景点图片,city,county,景点地址,景点参观人数,景点评分,景点短语,景点链接,景点最低价格,景点等级,景点详细信息,景点开放时间,景点图片合集,json
逍遥游-个人飞机梦,https://imgs.qunarzz.com/sight/p0/1711/ba/baee173dc96195cca3.water.jpg_280x200_d0740efb.jpg,阳江市,阳东区,广东省阳江市阳东县合山机场,-1,-1.0,驾驶自己的专机遨游蓝天,https://piao.qunar.com/ticket/detail_4110126119.html?st=a3clM0QlRTklOTglQjMlRTQlQjglOUMlRTUlOEMlQkElMjZpZCUzRDE5NDE4OSUyNnR5cGUlM0QwJTI2aWR4JTNEMjAlMjZxdCUzRCUyNmFwayUzRDIlMjZzYyUzRFdXVyUyNnVyJTNEJUU0JUI4JUFEJUU1JUIxJUIxJTI2bHIlM0QlRTQlQjglQUQlRTUlQjElQjElMjZmdCUzRCU3QiU3RA%3D%3D#from=mpl_search_suggest,-1.0,N/A,在我们这里，你完全不需要有一点飞行驾驶基础，只要你符合基本的身体条件，你就可以驾驶属于你的专机翱翔天空，体验非同一般的驾乘之旅。整次的飞机驾驶体验中，客户完全可以自己驾驶飞机，起飞、降落、转弯，同时还可以由机长操作体验失重等特技飞行。随着中国经济的不断发展和国人生活水平的不断提高，生活质量开始有了质的提高”服务，同时拥有一定消费能力群体的基数也在不断增加，这一部分人群的消费能力得不到释放，必然会寻求高端享受，于是，豪车、游艇、飞机由原来的奢侈品成为了必需品，正是基于这种大环境和大背景下，逍遥游（飞行）俱乐部应运而生了。,暂无,https://imgs.qunarzz.com/sight/p0/1711/ba/baee173dc96195cca3.water.jpg_710x360_2285fd2d.jpg,"{""ret"": true, ""data"": {""tagList"": [{""tagType"": 0, ""tagScore"": 5, ""tagNum"": 0, ""tagName"": ""\u5168\u90e8""}], ""score"": 0.0, ""commentCount"": 0}, ""statusCode"": 200}"
阳江漆器博物馆,https://qimgs.qunarzz.com/piao_qsight_provider_piao_qsight_web/temp182523524822276387250105o1200096nf14h229B_wmr.jpg_280x200_8c547b47.jpg,阳江市,阳东区,阳江市阳东区雅白线雅韶中学北侧约220米,-1,-1.0,文化之旅,https://piao.qunar.com/ticket/detail_1990877900.html?st=a3clM0QlRTklOTglQjMlRTQlQjglOUMlRTUlOEMlQkElMjZpZCUzRDUwNDIzNyUyNnR5cGUlM0QwJTI2aWR4JTNEMTclMjZxdCUzRCUyNmFwayUzRDIlMjZzYyUzRFdXVyUyNnVyJTNEJUU0JUI4JUFEJUU1JUIxJUIxJTI2bHIlM0QlRTQlQjglQUQlRTUlQjElQjElMjZmdCUzRCU3QiU3RA%3D%3D#from=mpl_search_suggest,-1.0,N/A,阳江漆器博物馆位于阳江漆艺院内，是2016年底增设的一间民间博物馆，内设有阳江漆器历史展厅、阳江漆艺精品展厅、阳江漆艺制作流程动态展演区与阳江漆艺文创产品展销厅，陈列了300多件颇具代表性的漆器和漆画。,1/1-12/31；周一至周日；09:00-18:00开园；（17:30停止入园）,https://qimgs.qunarzz.com/piao_qsight_provider_piao_qsight_web/temp182523524822276387250105o1200096nf14h229B_wmr.jpg_710x360_dc60aeec.jpg,"{""ret"": true, ""data"": {""tagList"": [{""tagType"": 0, ""tagScore"": 5, ""tagNum"": 0, ""tagName"": ""\u5168\u90e8""}], ""score"": 0.0, ""commentCount"": 0}, ""statusCode"": 200}"
阳江中翔高空跳伞基地,https://qimgs.qunarzz.com/piao_qsight_provider_piao_qsight_web/0100b120009509i2fC44E_C_900_504.jpg_280x200_178e831f.jpg,阳江市,阳东区,阳江市阳东区合山机场内,-1,-1.0,N/A,https://piao.qunar.com/ticket/detail_588892083.html?st=a3clM0QlRTklOTglQjMlRTQlQjglOUMlRTUlOEMlQkElMjZpZCUzRDUxNTUwMyUyNnR5cGUlM0QwJTI2aWR4JTNENiUyNnF0JTNEJTI2YXBrJTNEMiUyNnNjJTNEV1dXJTI2dXIlM0QlRTQlQjglQUQlRTUlQjElQjElMjZsciUzRCVFNCVCOCVBRCVFNSVCMSVCMSUyNmZ0JTNEJTdCJTdE#from=mpl_search_suggest,100.0,N/A,N/A,1/1-12/31；周一至周日；09:00-18:00开园,https://qimgs.qunarzz.com/piao_qsight_provider_piao_qsight_web/0100b120009509i2fC44E_C_900_504.jpg_710x360_9716bef9.jpg〇https://qimgs.qunarzz.com/piao_qsight_provider_piao_qsight_web/010651200095098lnA83B_C_900_504_Q90_Mtg_7.jpg_710x360_dcd0e5b6.jpg〇https://qimgs.qunarzz.com/piao_qsight_provider_piao_qsight_web/0105a120009509kk2FD3B_C_900_504_Q90_Mtg_7.jpg_710x360_23c1d3c7.jpg〇https://qimgs.qunarzz.com/piao_qsight_provider_piao_qsight_web/0105z120009509c6z0A91_C_900_504_Q90_Mtg_7.jpg_710x360_29244649.jpg〇https://qimgs.qunarzz.com/piao_qsight_provider_piao_qsight_web/0100b120009509i2fC44E_C_900_504_Q90_Mtg_7.jpg_710x360_e15ea68d.jpg,"{""ret"": true, ""data"": {""tagList"": [{""tagType"": 0, ""tagScore"": 5, ""tagNum"": 0, ""tagName"": ""\u5168\u90e8""}], ""score"": 0.0, ""commentCount"": 0}, ""statusCode"": 200}"
广东阳江跳伞基地,https://qimgs.qunarzz.com/piao_qsight_provider_piao_qsight_web/0105d12000847ppa7D191_C_900_504.jpg_280x200_aeee4fa3.jpg,阳江市,阳东区,广东省阳江市阳东区合山镇合山机场,-1,-1.0,N/A,https://piao.qunar.com/ticket/detail_1258123948.html?st=a3clM0QlRTklOTglQjMlRTQlQjglOUMlRTUlOEMlQkElMjZpZCUzRDUxNzMwMyUyNnR5cGUlM0QwJTI2aWR4JTNENSUyNnF0JTNEJTI2YXBrJTNEMiUyNnNjJTNEV1dXJTI2dXIlM0QlRTQlQjglQUQlRTUlQjElQjElMjZsciUzRCVFNCVCOCVBRCVFNSVCMSVCMSUyNmZ0JTNEJTdCJTdE#from=mpl_search_suggest,80.0,N/A,N/A,1/1-12/31；周一至周日；09:00-18:00开园,https://qimgs.qunarzz.com/piao_qsight_provider_piao_qsight_web/0105d12000847ppa7D191_C_900_504.jpg_710x360_a5ce66ea.jpg〇https://qimgs.qunarzz.com/piao_qsight_provider_piao_qsight_web/0105d12000847ppa7D191_C_900_504_Q90_Mtg_7.jpg_710x360_9b7406d6.jpg,"{""ret"": true, ""data"": {""tagList"": [{""tagType"": 0, ""tagScore"": 5, ""tagNum"": 0, ""tagName"": ""\u5168\u90e8""}], ""score"": 0.0, ""commentCount"": 0}, ""statusCode"": 200}"
广东阳江驼峰高空跳伞基地,https://qimgs.qunarzz.com/piao_qsight_provider_piao_qsight_web/100l1f000001gqfrp108F_C_900_504.jpg_280x200_9f8c9283.jpg,阳江市,阳东区,广东省阳江市阳东县合山镇合山机场,2,5.0,刺激挑战极限高空,https://piao.qunar.com/ticket/detail_1017129435.html?st=a3clM0QlRTklOTglQjMlRTQlQjglOUMlRTUlOEMlQkElMjZpZCUzRDUwNDQwOSUyNnR5cGUlM0QwJTI2aWR4JTNENCUyNnF0JTNEJTI2YXBrJTNEMiUyNnNjJTNEV1dXJTI2dXIlM0QlRTQlQjglQUQlRTUlQjElQjElMjZsciUzRCVFNCVCOCVBRCVFNSVCMSVCMSUyNmZ0JTNEJTdCJTdE#from=mpl_search_suggest,100.0,N/A,广东阳江跳伞的5个理由4000米高空出舱，自由落体50秒左右，体验感一级棒沿海基地，湛蓝天空，一头扎进棉花糖云朵景色美，高清运动相机全程跟拍，记录精彩瞬间单人跳伞培训基地，可Solo，跳伞气氛好高铁直达，交通便利,1/1-12/31；周一至周日；09:00-17:00开园,https://qimgs.qunarzz.com/piao_qsight_provider_piao_qsight_web/100l1f000001gqfrp108F_C_900_504.jpg_710x360_a296d1e5.jpg〇https://qimgs.qunarzz.com/piao_qsight_provider_piao_qsight_web/350g1a0000018ghdy3EC7_C_900_504_Q90_Mtg_7.jpg_710x360_bf494dbc.jpg〇https://qimgs.qunarzz.com/piao_qsight_provider_piao_qsight_web/350g180000013m11g8560_C_900_504_Q90_Mtg_7.jpg_710x360_52431d96.jpg〇https://qimgs.qunarzz.com/piao_qsight_provider_piao_qsight_web/350e1a0000018ijhc082D_C_900_504_Q90_Mtg_7.jpg_710x360_735390d3.jpg〇https://qimgs.qunarzz.com/piao_qsight_provider_piao_qsight_web/350j180000013kuojA4F3_C_900_504_Q90_Mtg_7.jpg_710x360_c04ee238.jpg〇https://qimgs.qunarzz.com/piao_qsight_provider_piao_qsight_web/350l1a0000018fygaB1B3_C_900_504_Q90_Mtg_7.jpg_710x360_65e03bc6.jpg〇https://qimgs.qunarzz.com/piao_qsight_provider_piao_qsight_web/350i180000013k5mmB6AD_C_900_504_Q90_Mtg_7.jpg_710x360_8b2012fc.jpg〇https://qimgs.qunarzz.com/piao_qsight_provider_piao_qsight_web/350m1a0000018p6c8F34C_C_900_504_Q90_Mtg_7.jpg_710x360_a6261e7c.jpg〇https://qimgs.qunarzz.com/piao_qsight_provider_piao_qsight_web/10090n000000ej4uyB586_C_900_504_Q90_Mtg_7.jpg_710x360_b3f2e8e8.jpg〇https://qimgs.qunarzz.com/piao_qsight_provider_piao_qsight_web/10050i0000009o2ki4331_C_900_504_Q90_Mtg_7.jpg_710x360_6352b9b2.jpg〇https://qimgs.qunarzz.com/piao_qsight_provider_piao_qsight_web/100l1f000001gqfrp108F_C_900_504_Q90_Mtg_7.jpg_710x360_7a4a33a7.jpg,"{""ret"": true, ""data"": {""tagList"": [{""tagType"": 1, ""tagScore"": 5, ""tagNum"": 2, ""tagName"": ""\u597d\u8bc4""}, {""tagType"": 0, ""tagScore"": 5, ""tagNum"": 2, ""tagName"": ""\u5168\u90e8""}], ""commentList"": [{""author"": ""\u545c*\u74dc"", ""content"": ""\u7528\u6237\u672a\u70b9\u8bc4\uff0c\u7cfb\u7edf\u9ed8\u8ba4\u597d\u8bc4\u3002"", ""date"": ""2023-07-24"", ""score"": 5, ""commentId"": ""226745380"", ""imgs"": [], ""userNickName"": ""\u545c*\u74dc"", ""replyCityName"": """", ""cityName"": """"}, {""author"": ""b*5"", ""content"": ""\u7528\u6237\u672a\u70b9\u8bc4\uff0c\u7cfb\u7edf\u9ed8\u8ba4\u597d\u8bc4\u3002"", ""date"": ""2021-08-14"", ""score"": 5, ""commentId"": ""220282171"", ""imgs"": [], ""userNickName"": ""b*5"", ""replyCityName"": """", ""cityName"": """"}], ""score"": 5.0, ""commentCount"": 2}, ""statusCode"": 200}"
阳江乐8小城,https://qimgs.qunarzz.com/piao_qsight_provider_piao_qsight_web/350s1d000001enez6268E_C_900_504.jpg_280x200_91ab8eae.jpg,阳江市,阳东区,广东省阳江市阳东区广雅路星港汇综合2楼3层,7,5.0,乐8小城是阳江市新一代的儿童社会角色主题乐园，其全国的少儿育乐模式，通过主题体验设计、全面立体的角色游戏，培养志趣，发掘,https://piao.qunar.com/ticket/detail_3213648773.html?st=a3clM0QlRTklOTglQjMlRTQlQjglOUMlRTUlOEMlQkElMjZpZCUzRDUwNTE2NyUyNnR5cGUlM0QwJTI2aWR4JTNEMyUyNnF0JTNEJTI2YXBrJTNEMiUyNnNjJTNEV1dXJTI2dXIlM0QlRTQlQjglQUQlRTUlQjElQjElMjZsciUzRCVFNCVCOCVBRCVFNSVCMSVCMSUyNmZ0JTNEJTdCJTdE#from=mpl_search_suggest,20.0,N/A,乐8小城是阳江市新一代的儿童社会角色主题乐园，其全国的少儿育乐模式，通过主题体验设计、全面立体的角色游戏，培养志趣，发掘孩子动手能力、协调统筹、团队合作和战胜挫折等四大关键能力，让孩子一生受益。在乐8小城，所有的街道、商店、车辆都被缩小了1/3，孩子是这座小镇的主人，他们在乐8小城做医生、消防员、押运员、警察、赛车手、飞行员、蛋糕师或记者，还有建筑工地，建造房子、发现古兵马俑、研究新的科学配方。,1/1-12/31；周二至周日；10:00-19:00开园,https://qimgs.qunarzz.com/piao_qsight_provider_piao_qsight_web/350s1d000001enez6268E_C_900_504.jpg_710x360_51cc6b3d.jpg〇https://qimgs.qunarzz.com/piao_qsight_provider_piao_qsight_web/350m1d000001epx953059_C_900_504_Q90_Mtg_7.jpg_710x360_ef6f2f47.jpg〇https://qimgs.qunarzz.com/piao_qsight_provider_piao_qsight_web/350n1d000001efljl9391_C_900_504_Q90_Mtg_7.jpg_710x360_7815cd40.jpg〇https://qimgs.qunarzz.com/piao_qsight_provider_piao_qsight_web/35081d000001egqcp0C7C_C_900_504_Q90_Mtg_7.jpg_710x360_bf713328.jpg〇https://qimgs.qunarzz.com/piao_qsight_provider_piao_qsight_web/350e1d000001ejaclDF23_C_900_504_Q90_Mtg_7.jpg_710x360_061930df.jpg〇https://qimgs.qunarzz.com/piao_qsight_provider_piao_qsight_web/350s1d000001enez6268E_C_900_504_Q90_Mtg_7.jpg_710x360_0d2cc820.jpg,"{""ret"": true, ""data"": {""tagList"": [{""tagType"": 1, ""tagScore"": 5, ""tagNum"": 7, ""tagName"": ""\u597d\u8bc4""}, {""tagType"": 0, ""tagScore"": 5, ""tagNum"": 7, ""tagName"": ""\u5168\u90e8""}], ""commentList"": [{""author"": ""n*0"", ""content"": ""\u7528\u6237\u672a\u70b9\u8bc4\uff0c\u7cfb\u7edf\u9ed8\u8ba4\u597d\u8bc4\u3002"", ""date"": ""2021-10-20"", ""score"": 5, ""commentId"": ""220946339"", ""imgs"": [], ""userNickName"": ""n*0"", ""replyCityName"": """", ""cityName"": """"}, {""author"": ""p*7"", ""content"": ""\u7528\u6237\u672a\u70b9\u8bc4\uff0c\u7cfb\u7edf\u9ed8\u8ba4\u597d\u8bc4\u3002"", ""date"": ""2021-06-02"", ""score"": 5, ""commentId"": ""219191509"", ""imgs"": [], ""userNickName"": ""p*7"", ""replyCityName"": """", ""cityName"": """"}, {""author"": ""p*7"", ""content"": ""\u7528\u6237\u672a\u70b9\u8bc4\uff0c\u7cfb\u7edf\u9ed8\u8ba4\u597d\u8bc4\u3002"", ""date"": ""2021-06-02"", ""score"": 5, ""commentId"": ""219190768"", ""imgs"": [], ""userNickName"": ""p*7"", ""replyCityName"": """", ""cityName"": """"}, {""author"": ""w*4"", ""content"": ""\u7528\u6237\u672a\u70b9\u8bc4\uff0c\u7cfb\u7edf\u9ed8\u8ba4\u597d\u8bc4\u3002"", ""date"": ""2021-04-21"", ""score"": 5, ""commentId"": ""218497288"", ""imgs"": [], ""userNickName"": ""w*4"", ""replyCityName"": """", ""cityName"": """"}, {""author"": ""r*7"", ""content"": ""\u7528\u6237\u672a\u70b9\u8bc4\uff0c\u7cfb\u7edf\u9ed8\u8ba4\u597d\u8bc4\u3002"", ""date"": ""2020-11-06"", ""score"": 5, ""commentId"": ""217230669"", ""imgs"": [], ""userNickName"": ""r*7"", ""replyCityName"": """", ""cityName"": """"}, {""author"": ""d*9"", ""content"": ""\u7528\u6237\u672a\u70b9\u8bc4\uff0c\u7cfb\u7edf\u9ed8\u8ba4\u597d\u8bc4\u3002"", ""date"": ""2020-10-27"", ""score"": 5, ""commentId"": ""216894249"", ""imgs"": [], ""userNickName"": ""d*9"", ""replyCityName"": """", ""cityName"": """"}, {""author"": ""j*5"", ""content"": ""\u7528\u6237\u672a\u70b9\u8bc4\uff0c\u7cfb\u7edf\u9ed8\u8ba4\u597d\u8bc4\u3002"", ""date"": ""2020-09-22"", ""score"": 5, ""commentId"": ""215939733"", ""imgs"": [], ""userNickName"": ""j*5"", ""replyCityName"": """", ""cityName"": """"}], ""score"": 5.0, ""commentCount"": 7}, ""statusCode"": 200}"
阳江福兴松鼠王国乐园,https://qimgs.qunarzz.com/piao_qsight_provider_piao_qsight_web/350t1c000001c8lseF3E1_C_900_504.jpg_280x200_63410c46.jpg,阳江市,阳东区,阳江市阳东区雅韶镇365省道与S32西部沿海高速出口交叉口东北50米,402,5.0,与萌宠互动，娱乐项目众多,https://piao.qunar.com/ticket/detail_3480258841.html?st=a3clM0QlRTklOTglQjMlRTQlQjglOUMlRTUlOEMlQkElMjZpZCUzRDUwNDI4OSUyNnR5cGUlM0QwJTI2aWR4JTNEMiUyNnF0JTNEJTI2YXBrJTNEMiUyNnNjJTNEV1dXJTI2dXIlM0QlRTQlQjglQUQlRTUlQjElQjElMjZsciUzRCVFNCVCOCVBRCVFNSVCMSVCMSUyNmZ0JTNEJTdCJTdE#from=mpl_search_suggest,38.0,N/A,阳江福兴松鼠王国位于原阳江阳东区福兴休闲生态园（AAA），占地约350亩，是由福兴休闲生态园耗资1.5亿，重新打造的粤西一个主题公园松鼠王国。项目地距离阳江市中心约为8公里，以高品质度假体验休闲公园为蓝本，致力于构建户外生态型寓教于乐的家庭休闲中心，打造城市家庭亲子一站式“轻度假”目的地，是阳江首 个集生态、娱乐、教育于一体的群年龄层皆可参与的乐园。 恐龙乐园集观光休闲、科普教育、互动休验于一体，这里仿佛让人穿超越至上亿年前，丛林里穿梭着各种各样的“活”恐龙，他们摇晃着凶狠的脑袋、血盆大嘴里吐着白雾、使劲摆着强壮的尾巴，有奔行于丛林之中，并发出一声声凶狠凌厉的怪叫，让人毛骨悚然。相伴它们的还有远古的鳄鱼、会吃人的食人花、凶狠的大猩猩及吐着信子的毒蛇和散发着毒性的蜈蚣，一道道光音响设施、喷雾效果、林中怪兽、机器恐龙、游戏等趣味项目营造巨树区内神秘的气氛，树丛中烟雾缭绕，隐约可闻阵阵恐龙的吼叫声，充满神秘气息。这是一个危险的世界，却又乐趣重生，等着游客们尽情发现探索。大型无动力乐园是景区构具亮点的一个区域以亲子游乐为主，有相当惊心动魄的高空滑索、五光十色的彩虹滑道、刺激好玩的飞天椅、可爱的魔力小火车、令人流连忘返的过山车、灰姑娘的旋转木马、太空星球，迷人的缤纷丛林......,1/1-12/31；周一至周五；10:00-20:00开园,https://qimgs.qunarzz.com/piao_qsight_provider_piao_qsight_web/350t1c000001c8lseF3E1_C_900_504.jpg_710x360_234f516f.jpg〇https://qimgs.qunarzz.com/piao_qsight_provider_piao_qsight_web/350n1c000001c7n3mC492_C_900_504_Q90_Mtg_7.jpg_710x360_d6633415.jpg〇https://qimgs.qunarzz.com/piao_qsight_provider_piao_qsight_web/350f1c000001c8kqjA3DA_C_900_504_Q90_Mtg_7.jpg_710x360_3c466d05.jpg〇https://qimgs.qunarzz.com/piao_qsight_provider_piao_qsight_web/350t1c000001c8m9f759C_C_900_504_Q90_Mtg_7.jpg_710x360_75912ad1.jpg〇https://qimgs.qunarzz.com/piao_qsight_provider_piao_qsight_web/35011c000001clhawEEE6_C_900_504_Q90_Mtg_7.jpg_710x360_7f703835.jpg〇https://qimgs.qunarzz.com/piao_qsight_provider_piao_qsight_web/350l1c000001c8qx5BDBD_C_900_504_Q90_Mtg_7.jpg_710x360_46bfc485.jpg〇https://qimgs.qunarzz.com/piao_qsight_provider_piao_qsight_web/350e1c000001cbbwe3995_C_900_504_Q90_Mtg_7.jpg_710x360_ff3ad19d.jpg〇https://qimgs.qunarzz.com/piao_qsight_provider_piao_qsight_web/350a1c000001c9wrvEE92_C_900_504_Q90_Mtg_7.jpg_710x360_adde59b7.jpg〇https://qimgs.qunarzz.com/piao_qsight_provider_piao_qsight_web/350v1c000001cjm8h17CB_C_900_504_Q90_Mtg_7.png_710x360_af7e14e0.png〇https://qimgs.qunarzz.com/piao_qsight_provider_piao_qsight_web/350q1c000001c9ufs594A_C_900_504_Q90_Mtg_7.jpg_710x360_67356555.jpg〇https://qimgs.qunarzz.com/piao_qsight_provider_piao_qsight_web/350t1c000001c8lseF3E1_C_900_504_Q90_Mtg_7.jpg_710x360_597b812f.jpg〇https://imgs.qunarzz.com/sight/p0/1912/8b/8bd266a3dfc31331a3.img.jpg_710x360_2fc042eb.jpg〇https://imgs.qunarzz.com/sight/p0/1912/f1/f11853fa4beabc34a3.img.jpg_710x360_94d70762.jpg〇https://imgs.qunarzz.com/sight/p0/1912/7b/7b6fbe8cc0b2d48aa3.img.jpg_710x360_96801d8f.jpg〇https://imgs.qunarzz.com/sight/p0/1912/ec/ec949d8f903cd803a3.img.jpg_710x360_077d97a0.jpg〇https://qimgs.qunarzz.com/piao_qsight_provider_piao_qsight_web/fe3572dcb5315c02.jpg_710x360_82079ce3.jpg〇https://qimgs.qunarzz.com/piao_qsight_provider_piao_qsight_web/e1ac9d215d12b502.jpg_710x360_3292cfc5.jpg〇https://qimgs.qunarzz.com/piao_qsight_provider_piao_qsight_web/1b3f46489c94ee02.jpg_710x360_9b776d98.jpg〇https://qimgs.qunarzz.com/piao_qsight_provider_piao_qsight_web/0d8779e17ad7ee02.jpg_710x360_c9f31560.jpg,"{""ret"": true, ""data"": {""tagList"": [{""tagType"": 32, ""tagScore"": 5, ""tagNum"": 1, ""tagName"": ""\u670d\u52a1\u597d""}, {""tagType"": 16, ""tagScore"": 5, ""tagNum"": 2, ""tagName"": ""\u9760\u8c31""}, {""tagType"": 8, ""tagScore"": 5, ""tagNum"": 1, ""tagName"": ""\u4fbf\u5b9c""}, {""tagType"": 4, ""tagScore"": 5, ""tagNum"": 1, ""tagName"": ""\u53d6\u7968\u65b9\u4fbf""}, {""tagType"": 2, ""tagScore"": 5, ""tagNum"": 1, ""tagName"": ""\u4e2d\u8bc4""}, {""tagType"": 1, ""tagScore"": 5, ""tagNum"": 400, ""tagName"": ""\u597d\u8bc4""}, {""tagType"": 0, ""tagScore"": 5, ""tagNum"": 402, ""tagName"": ""\u5168\u90e8""}], ""commentList"": [{""author"": ""\u53bb*\u6237"", ""content"": ""\u7528\u6237\u672a\u70b9\u8bc4\uff0c\u7cfb\u7edf\u9ed8\u8ba4\u597d\u8bc4\u3002"", ""date"": ""2024-08-17"", ""score"": 5, ""commentId"": ""235586957"", ""imgs"": [], ""userNickName"": ""\u53bb*\u6237"", ""replyCityName"": """", ""cityName"": """"}, {""author"": ""\u5143*\u54e5"", ""content"": ""\u7528\u6237\u672a\u70b9\u8bc4\uff0c\u7cfb\u7edf\u9ed8\u8ba4\u597d\u8bc4\u3002"", ""date"": ""2024-07-23"", ""score"": 5, ""commentId"": ""234965852"", ""imgs"": [], ""userNickName"": ""\u5143*\u54e5"", ""replyCityName"": """", ""cityName"": """"}, {""author"": ""\u53bb*\u6237"", ""content"": ""\u7528\u6237\u672a\u70b9\u8bc4\uff0c\u7cfb\u7edf\u9ed8\u8ba4\u597d\u8bc4\u3002"", ""date"": ""2024-06-05"", ""score"": 5, ""commentId"": ""234230713"", ""imgs"": [], ""userNickName"": ""\u53bb*\u6237"", ""replyCityName"": """", ""cityName"": """"}, {""author"": ""\u53bb*\u6237"", ""content"": ""\u7528\u6237\u672a\u70b9\u8bc4\uff0c\u7cfb\u7edf\u9ed8\u8ba4\u597d\u8bc4\u3002"", ""date"": ""2024-06-05"", ""score"": 5, ""commentId"": ""234227134"", ""imgs"": [], ""userNickName"": ""\u53bb*\u6237"", ""replyCityName"": """", ""cityName"": """"}, {""author"": ""h*2"", ""content"": ""\u7528\u6237\u672a\u70b9\u8bc4\uff0c\u7cfb\u7edf\u9ed8\u8ba4\u597d\u8bc4\u3002"", ""date"": ""2024-03-17"", ""score"": 5, ""commentId"": ""232394450"", ""imgs"": [], ""userNickName"": ""h*2"", ""replyCityName"": """", ""cityName"": """"}, {""author"": ""g*9"", ""content"": ""\u7528\u6237\u672a\u70b9\u8bc4\uff0c\u7cfb\u7edf\u9ed8\u8ba4\u597d\u8bc4\u3002"", ""date"": ""2024-03-14"", ""score"": 5, ""commentId"": ""232125293"", ""imgs"": [], ""userNickName"": ""g*9"", ""replyCityName"": """", ""cityName"": """"}, {""author"": ""y*7"", ""content"": ""\u7528\u6237\u672a\u70b9\u8bc4\uff0c\u7cfb\u7edf\u9ed8\u8ba4\u597d\u8bc4\u3002"", ""date"": ""2024-03-14"", ""score"": 5, ""commentId"": ""232110985"", ""imgs"": [], ""userNickName"": ""y*7"", ""replyCityName"": """", ""cityName"": """"}, {""author"": ""\u70df*\u65e7"", ""content"": ""\u7528\u6237\u672a\u70b9\u8bc4\uff0c\u7cfb\u7edf\u9ed8\u8ba4\u597d\u8bc4\u3002"", ""date"": ""2024-02-20"", ""score"": 5, ""commentId"": ""231508751"", ""imgs"": [], ""userNickName"": ""\u70df*\u65e7"", ""replyCityName"": """", ""cityName"": """"}, {""author"": ""\u53bb*\u6237"", ""content"": ""\u7528\u6237\u672a\u70b9\u8bc4\uff0c\u7cfb\u7edf\u9ed8\u8ba4\u597d\u8bc4\u3002"", ""date"": ""2024-02-07"", ""score"": 5, ""commentId"": ""231340287"", ""imgs"": [], ""userNickName"": ""\u53bb*\u6237"", ""replyCityName"": """", ""cityName"": """"}, {""author"": ""d*2"", ""content"": ""\u7528\u6237\u672a\u70b9\u8bc4\uff0c\u7cfb\u7edf\u9ed8\u8ba4\u597d\u8bc4\u3002"", ""date"": ""2023-09-27"", ""score"": 5, ""commentId"": ""229138191"", ""imgs"": [], ""userNickName"": ""d*2"", ""replyCityName"": """", ""cityName"": """"}], ""score"": 5.0, ""commentCount"": 402}, ""statusCode"": 200}"
阳江温泉,https://qimgs.qunarzz.com/piao_qsight_provider_piao_qsight_web/0105v12000f6rbgy82B5B_C_900_504.jpg_280x200_782dd7e1.jpg,阳江市,阳东区,阳江市阳东区广南线,370,4.9,园林环境中的大型天然温泉,https://piao.qunar.com/ticket/detail_3979178612.html?st=a3clM0QlRTklOTglQjMlRTQlQjglOUMlRTUlOEMlQkElMjZpZCUzRDE0Mzg4JTI2dHlwZSUzRDAlMjZpZHglM0QxJTI2cXQlM0QlMjZhcGslM0QyJTI2c2MlM0RXV1clMjZ1ciUzRCVFNCVCOCVBRCVFNSVCMSVCMSUyNmxyJTNEJUU0JUI4JUFEJUU1JUIxJUIxJTI2ZnQlM0QlN0IlN0Q%3D#from=mpl_search_suggest,45.0,N/A,阳江温泉度假村规模宏大，坐落于阳江市阳东县合山镇325国道旁，扼粤西要冲，与国家AAAA级的阳江海陵岛闸坡旅游区毗邻，并有阳湛高速、开阳高速、沿海高速连接广东各地，交通、地理位置十分优越，今年9月3日通车的开阳高速那龙出入口离大门口约1公里，广州至度假村仅1.5小时车程，深圳至度假村约2.5小时车程。占地面积超过 5000平方米的大型水上乐园坐落于阳江温泉度假村温泉区内，人造海浪，超高刺激滑道，冲浪及十多种儿童戏水项目，将带给您惊喜、乐趣、刺激。“龙涎”冰泉瀑布区“山中有瀑，瀑中有洞，洞中有泉。”一瞬间您可以体验“春、夏、秋”三季不同温度的水世界。阳江温泉度假村拥有五星级的温泉假日酒店、“一瀑、三湖、六泉、八池”系列大型露天温泉健康中心。五星级的假日酒店外观设计极具汉唐风格，充满东方神韵。拥有近 200套豪华商务客房，近40套带私家庭院及车位的豪华别墅。阳江温泉度假村的温泉历史悠久，是一个古老而神奇的温泉。经中山医学院微量元素、矿泉分析室检测分析，泉水富含硫化氢及弱放射性氡等五十多种对人体有益的微量元素，属稀有的医疗保健热矿泉，是三大医疗性热泉之一，对多种潜在疾病、美容、减肥均有独特疗效。,1/1-12/31；周一至周日；15:00-23:30开园,https://qimgs.qunarzz.com/piao_qsight_provider_piao_qsight_web/0105v12000f6rbgy82B5B_C_900_504.jpg_710x360_7dad3443.jpg〇https://qimgs.qunarzz.com/piao_qsight_provider_piao_qsight_web/0105v12000f6rbgy82B5B_C_900_504_Q90_Mtg_7.jpg_710x360_130f7031.jpg〇https://qimgs.qunarzz.com/piao_qsight_provider_piao_qsight_web/0101g12000ab30pctA32E_C_900_504_Q90_Mtg_7.jpg_710x360_645be5f0.jpg〇https://qimgs.qunarzz.com/piao_qsight_provider_piao_qsight_web/100u0a0000004u83pD762_C_900_504_Q90_Mtg_7.jpg_710x360_3c64d3dd.jpg〇https://qimgs.qunarzz.com/piao_qsight_provider_piao_qsight_web/100s0a0000004u8j88317_C_900_504_Q90_Mtg_7.jpg_710x360_6670a3dd.jpg〇https://qimgs.qunarzz.com/piao_qsight_provider_piao_qsight_web/100r0a0000004u7jpEC7B_C_900_504_Q90_Mtg_7.jpg_710x360_b6468274.jpg〇https://qimgs.qunarzz.com/piao_qsight_provider_piao_qsight_web/0102u12000ab30mo6E501_C_900_504_Q90_Mtg_7.jpg_710x360_8c5117fd.jpg〇https://qimgs.qunarzz.com/piao_qsight_provider_piao_qsight_web/100o0a0000004u7w6DA3C_C_900_504_Q90_Mtg_7.jpg_710x360_bfe7be3f.jpg〇https://imgs.qunarzz.com/sight/p0/1411/ef/22485b99c66f7c27fefadb0d8673cccf.water.jpg_710x360_7d91c3d7.jpg〇https://imgs.qunarzz.com/sight/p0/1411/fa/2149f6a866a17018def9b10c0091b89e.water.jpg_710x360_f0c09cbd.jpg〇https://imgs.qunarzz.com/sight/p0/1411/a1/d8cacfddee0920da1c16ece87c231bea.water.jpg_710x360_051e4fac.jpg〇https://imgs.qunarzz.com/sight/p0/1411/5b/8b288ee379e725f1c30acf8e87aa624a.water.jpg_710x360_0b456073.jpg〇https://imgs.qunarzz.com/sight/p0/1411/de/d3dc3f99c827c3faef0be6725ee84c06.water.jpg_710x360_ba0bb691.jpg〇https://imgs.qunarzz.com/sight/p0/1411/6f/5868ed1450faa1dd0606fa46c2c4dd14.water.jpg_710x360_3e23960c.jpg〇https://imgs.qunarzz.com/sight/p0/1411/9b/011a80b817a2e48614f5a8f2de997452.water.jpg_710x360_4dcf469c.jpg〇https://imgs.qunarzz.com/sight/p0/1411/e7/672ead594b7531f64ade84df4f7ababf.water.jpg_710x360_fff71780.jpg〇https://imgs.qunarzz.com/sight/p0/1411/de/e454f0ef30adc95e78b2e38e1535b43c.water.jpg_710x360_28cdf16d.jpg〇https://imgs.qunarzz.com/sight/p0/1411/a5/4ec9b71b660cbe71a13cee7bc54b3146.water.jpg_710x360_f25f7c45.jpg〇https://imgs.qunarzz.com/sight/p0/201403/07/47039b0d669dbba90d1b029e6f500385.jpg_710x360_8eac09b6.jpg〇https://imgs.qunarzz.com/sight/p0/201403/07/ac976b29c7c845027c924ff0291ad0cb.jpg_710x360_07d20d7a.jpg〇https://imgs.qunarzz.com/sight/p0/201403/07/059d7f1431045175f4435faa13b3e52d.jpg_710x360_9c40dc3b.jpg〇https://imgs.qunarzz.com/sight/p0/201403/07/5414719e19b64e16b8611d6e1cf39818.jpg_710x360_b948aad4.jpg〇https://imgs.qunarzz.com/sight/p0/201403/07/f5d22008a896f3052a6c3673828ebbdd.jpg_710x360_9dc07a5d.jpg〇https://qimgs.qunarzz.com/piao_qsight_provider_piao_qsight_web/11acc49bfc6f7902.jpg_710x360_6fb9dfcc.jpg〇https://qimgs.qunarzz.com/piao_qsight_provider_piao_qsight_web/b23b246946f70302.jpg_710x360_92c52153.jpg〇https://qimgs.qunarzz.com/piao_qsight_provider_piao_qsight_web/574ff8a2009d4602.jpg_710x360_e3ee0234.jpg〇https://qimgs.qunarzz.com/piao_qsight_provider_piao_qsight_web/de76ac8c8a3a102.jpg_710x360_7c822438.jpg〇https://qimgs.qunarzz.com/piao_qsight_provider_piao_qsight_web/f25a32fba23c0402.jpg_710x360_91c0f360.jpg〇https://qimgs.qunarzz.com/piao_qsight_provider_piao_qsight_web/7db6a88c06b39f02.jpg_710x360_c736e05d.jpg〇https://qimgs.qunarzz.com/piao_qsight_provider_piao_qsight_web/92854fefd0433402.jpg_710x360_d571f3bf.jpg〇https://qimgs.qunarzz.com/piao_qsight_provider_piao_qsight_web/76a02407630d5f02.jpg_710x360_7cba953e.jpg〇https://qimgs.qunarzz.com/piao_qsight_provider_piao_qsight_web/c0b0462bbedd7002.jpg_710x360_020bd41a.jpg〇https://qimgs.qunarzz.com/piao_qsight_provider_piao_qsight_web/d04f8d4b3743c602.jpg_710x360_a09ea70d.jpg〇https://qimgs.qunarzz.com/piao_qsight_provider_piao_qsight_web/652883befa5fcd02.jpg_710x360_4d55075a.jpg〇https://qimgs.qunarzz.com/piao_qsight_provider_piao_qsight_web/9347877b514eb02.jpg_710x360_f31c49ce.jpg〇https://qimgs.qunarzz.com/piao_qsight_provider_piao_qsight_web/b4d0d75b50b73ff7.jpg_710x360_c9084075.jpg〇https://qimgs.qunarzz.com/piao_qsight_provider_piao_qsight_web/53ef5937c43650f7.jpg_710x360_1e40dfc3.jpg〇https://qimgs.qunarzz.com/piao_qsight_provider_piao_qsight_web/958970e4dbcad9f7.jpg_710x360_0916fb5e.jpg,"{""ret"": true, ""data"": {""tagList"": [{""tagType"": 32, ""tagScore"": 5, ""tagNum"": 7, ""tagName"": ""\u670d\u52a1\u597d""}, {""tagType"": 16, ""tagScore"": 5, ""tagNum"": 8, ""tagName"": ""\u9760\u8c31""}, {""tagType"": 8, ""tagScore"": 5, ""tagNum"": 9, ""tagName"": ""\u4fbf\u5b9c""}, {""tagType"": 4, ""tagScore"": 5, ""tagNum"": 12, ""tagName"": ""\u53d6\u7968\u65b9\u4fbf""}, {""tagType"": 3, ""tagScore"": 5, ""tagNum"": 4, ""tagName"": ""\u5dee\u8bc4""}, {""tagType"": 2, ""tagScore"": 5, ""tagNum"": 9, ""tagName"": ""\u4e2d\u8bc4""}, {""tagType"": 1, ""tagScore"": 5, ""tagNum"": 357, ""tagName"": ""\u597d\u8bc4""}, {""tagType"": 0, ""tagScore"": 5, ""tagNum"": 370, ""tagName"": ""\u5168\u90e8""}], ""commentList"": [{""author"": ""b*9"", ""content"": ""\u7528\u6237\u672a\u70b9\u8bc4\uff0c\u7cfb\u7edf\u9ed8\u8ba4\u597d\u8bc4\u3002"", ""date"": ""2024-04-10"", ""score"": 5, ""commentId"": ""232866066"", ""imgs"": [], ""userNickName"": ""b*9"", ""replyCityName"": """", ""cityName"": """"}, {""author"": ""\u53bb*\u6237"", ""content"": ""\u7528\u6237\u672a\u70b9\u8bc4\uff0c\u7cfb\u7edf\u9ed8\u8ba4\u597d\u8bc4\u3002"", ""date"": ""2024-02-29"", ""score"": 5, ""commentId"": ""231689501"", ""imgs"": [], ""userNickName"": ""\u53bb*\u6237"", ""replyCityName"": """", ""cityName"": """"}, {""author"": ""\u53bb*\u6237"", ""content"": ""\u7528\u6237\u672a\u70b9\u8bc4\uff0c\u7cfb\u7edf\u9ed8\u8ba4\u597d\u8bc4\u3002"", ""date"": ""2024-02-12"", ""score"": 5, ""commentId"": ""231385892"", ""imgs"": [], ""userNickName"": ""\u53bb*\u6237"", ""replyCityName"": """", ""cityName"": """"}, {""author"": ""o*8"", ""content"": ""\u7528\u6237\u672a\u70b9\u8bc4\uff0c\u7cfb\u7edf\u9ed8\u8ba4\u597d\u8bc4\u3002"", ""date"": ""2024-01-30"", ""score"": 5, ""commentId"": ""231209977"", ""imgs"": [], ""userNickName"": ""o*8"", ""replyCityName"": """", ""cityName"": """"}, {""author"": ""o*8"", ""content"": ""\u7528\u6237\u672a\u70b9\u8bc4\uff0c\u7cfb\u7edf\u9ed8\u8ba4\u597d\u8bc4\u3002"", ""date"": ""2024-01-30"", ""score"": 5, ""commentId"": ""231209973"", ""imgs"": [], ""userNickName"": ""o*8"", ""replyCityName"": """", ""cityName"": """"}, {""author"": ""p*9"", ""content"": ""\u7528\u6237\u672a\u70b9\u8bc4\uff0c\u7cfb\u7edf\u9ed8\u8ba4\u597d\u8bc4\u3002"", ""date"": ""2023-05-04"", ""score"": 5, ""commentId"": ""225343661"", ""imgs"": [], ""userNickName"": ""p*9"", ""replyCityName"": """", ""cityName"": """"}, {""author"": ""\u53bb*\u6237"", ""content"": ""\u7528\u6237\u672a\u70b9\u8bc4\uff0c\u7cfb\u7edf\u9ed8\u8ba4\u597d\u8bc4\u3002"", ""date"": ""2023-03-01"", ""score"": 5, ""commentId"": ""224539509"", ""imgs"": [], ""userNickName"": ""\u53bb*\u6237"", ""replyCityName"": """", ""cityName"": """"}, {""author"": ""l*1"", ""content"": ""\u7528\u6237\u672a\u70b9\u8bc4\uff0c\u7cfb\u7edf\u9ed8\u8ba4\u597d\u8bc4\u3002"", ""date"": ""2023-02-20"", ""score"": 5, ""commentId"": ""224198310"", ""imgs"": [], ""userNickName"": ""l*1"", ""replyCityName"": """", ""cityName"": """"}, {""author"": ""r*6"", ""content"": ""\u7528\u6237\u672a\u70b9\u8bc4\uff0c\u7cfb\u7edf\u9ed8\u8ba4\u597d\u8bc4\u3002"", ""date"": ""2023-02-08"", ""score"": 5, ""commentId"": ""224047416"", ""imgs"": [], ""userNickName"": ""r*6"", ""replyCityName"": """", ""cityName"": """"}, {""author"": ""\u53bb*\u6237"", ""content"": ""\u7528\u6237\u672a\u70b9\u8bc4\uff0c\u7cfb\u7edf\u9ed8\u8ba4\u597d\u8bc4\u3002"", ""date"": ""2023-02-08"", ""score"": 5, ""commentId"": ""224047414"", ""imgs"": [], ""userNickName"": ""\u53bb*\u6237"", ""replyCityName"": """", ""cityName"": """"}], ""score"": 4.9, ""commentCount"": 370}, ""statusCode"": 200}"
东湖星岛,https://imgs.qunarzz.com/sight/p0/201303/29/b5b7706bb0c94720c8d65eac.jpg_280x200_a9c353d8.jpg,阳江市,阳东区,广东省阳江市阳东县,-1,-1.0,东湖水库是阳江八景之一,https://piao.qunar.com/ticket/detail_1509506550.html?st=a3clM0QlRTklOTglQjMlRTQlQjglOUMlRTUlOEMlQkElMjZpZCUzRDE4ODIxMyUyNnR5cGUlM0QwJTI2aWR4JTNEMTUlMjZxdCUzRCUyNmFwayUzRDIlMjZzYyUzRFdXVyUyNnVyJTNEJUU0JUI4JUFEJUU1JUIxJUIxJTI2bHIlM0QlRTQlQjglQUQlRTUlQjElQjElMjZmdCUzRCU3QiU3RA%3D%3D#from=mpl_search_suggest,-1.0,N/A,东湖水库是阳江八景之一。该库区水面星星点点分布着108个岛，故名曰“东湖星岛”它位于阳东县那龙镇东南5公里。东湖原名老邓水库，它从1959年11月动工，1961年10月竣工，共建成大坝3条，堵住了那龙河的一条支流，与周围的群山环抱而成库区。东湖水库的集雨面积达50多平方公里，水库容量达1。23亿立方米，是广东省库容超亿立方米的大型水库之一。深坳河、黑木头河、大陂黄竹水河三条河的潺潺流水和水库周围高山的淙淙清泉源源不断注入库区，水库四季水源充足。,暂无,https://imgs.qunarzz.com/sight/p0/201303/29/b5b7706bb0c94720c8d65eac.jpg_710x360_6152ce91.jpg,"{""ret"": true, ""data"": {""tagList"": [{""tagType"": 0, ""tagScore"": 5, ""tagNum"": 0, ""tagName"": ""\u5168\u90e8""}], ""score"": 0.0, ""commentCount"": 0}, ""statusCode"": 200}"
阳江跑酷卡丁车,https://imgs.qunarzz.com/sight/p0/2106/a8/a877e66d3ca879f0a3.img.jpg_280x200_3604702c.jpg,阳江市,阳东区,广东省阳江市海陵岛保利皇冠假日酒店卡丁车俱乐部,-1,-1.0,N/A,https://piao.qunar.com/ticket/detail_1277237335.html?st=a3clM0QlRTklOTglQjMlRTQlQjglOUMlRTUlOEMlQkElMjZpZCUzRDUxMTI2MSUyNnR5cGUlM0QwJTI2aWR4JTNEMTQlMjZxdCUzRCUyNmFwayUzRDIlMjZzYyUzRFdXVyUyNnVyJTNEJUU0JUI4JUFEJUU1JUIxJUIxJTI2bHIlM0QlRTQlQjglQUQlRTUlQjElQjElMjZmdCUzRCU3QiU3RA%3D%3D#from=mpl_search_suggest,-1.0,N/A,N/A,08:30-21:00,https://imgs.qunarzz.com/sight/p0/2106/a8/a877e66d3ca879f0a3.img.jpg_710x360_167c32e0.jpg,"{""ret"": true, ""data"": {""tagList"": [{""tagType"": 0, ""tagScore"": 5, ""tagNum"": 0, ""tagName"": ""\u5168\u90e8""}], ""score"": 0.0, ""commentCount"": 0}, ""statusCode"": 200}"
北桂园,https://qimgs.qunarzz.com/piao_qsight_provider_piao_qsight_web/3504180000014h4ltBE3C_C_900_504.jpg_280x200_39fa4d2c.jpg,阳江市,阳东区,广东省阳江市阳东区北桂皇族园旅游区内,-1,-1.0,N/A,https://piao.qunar.com/ticket/detail_733163095.html?st=a3clM0QlRTklOTglQjMlRTQlQjglOUMlRTUlOEMlQkElMjZpZCUzRDQ3NTUzOCUyNnR5cGUlM0QwJTI2aWR4JTNEMTMlMjZxdCUzRCUyNmFwayUzRDIlMjZzYyUzRFdXVyUyNnVyJTNEJUU0JUI4JUFEJUU1JUIxJUIxJTI2bHIlM0QlRTQlQjglQUQlRTUlQjElQjElMjZmdCUzRCU3QiU3RA%3D%3D#from=mpl_search_suggest,-1.0,N/A,N/A,1/1-12/31；周一至周日；09:00-18:00开园,https://qimgs.qunarzz.com/piao_qsight_provider_piao_qsight_web/3504180000014h4ltBE3C_C_900_504.jpg_710x360_5c8128d6.jpg〇https://qimgs.qunarzz.com/piao_qsight_provider_piao_qsight_web/350p180000014hedxBD17_C_900_504_Q90_Mtg_7.jpg_710x360_a799b2e9.jpg〇https://qimgs.qunarzz.com/piao_qsight_provider_piao_qsight_web/350w180000014oau3A63E_C_900_504_Q90_Mtg_7.jpg_710x360_f9e7f9e5.jpg〇https://qimgs.qunarzz.com/piao_qsight_provider_piao_qsight_web/350q180000014jfsaF1AB_C_900_504_Q90_Mtg_7.jpg_710x360_9f1568ca.jpg〇https://qimgs.qunarzz.com/piao_qsight_provider_piao_qsight_web/350c180000014kskmB896_C_900_504_Q90_Mtg_7.jpg_710x360_cf14ce6d.jpg〇https://qimgs.qunarzz.com/piao_qsight_provider_piao_qsight_web/350o180000014gzk41EB8_C_900_504_Q90_Mtg_7.jpg_710x360_4ac2bec8.jpg〇https://qimgs.qunarzz.com/piao_qsight_provider_piao_qsight_web/3508180000014ica9A22A_C_900_504_Q90_Mtg_7.jpg_710x360_586e368a.jpg〇https://qimgs.qunarzz.com/piao_qsight_provider_piao_qsight_web/350w180000014o6lw090E_C_900_504_Q90_Mtg_7.jpg_710x360_05239b31.jpg〇https://qimgs.qunarzz.com/piao_qsight_provider_piao_qsight_web/350b180000014kj93E928_C_900_504_Q90_Mtg_7.jpg_710x360_f19853a9.jpg〇https://qimgs.qunarzz.com/piao_qsight_provider_piao_qsight_web/350b180000014knld75A6_C_900_504_Q90_Mtg_7.jpg_710x360_7a696486.jpg〇https://qimgs.qunarzz.com/piao_qsight_provider_piao_qsight_web/3504180000014h4ltBE3C_C_900_504_Q90_Mtg_7.jpg_710x360_a76d32fa.jpg,"{""ret"": true, ""data"": {""tagList"": [{""tagType"": 0, ""tagScore"": 5, ""tagNum"": 0, ""tagName"": ""\u5168\u90e8""}], ""score"": 0.0, ""commentCount"": 0}, ""statusCode"": 200}"
阳江漆艺院,https://qimgs.qunarzz.com/piao_qsight_provider_piao_qsight_web/100e13000000vky58BF4A_C_900_504.jpg_280x200_cc1f2a9d.jpg,阳江市,阳东区,阳江市阳东区雅白线雅韶中学北侧约250米,-1,-1.0,阳江漆艺展厅,https://piao.qunar.com/ticket/detail_1490294780.html?st=a3clM0QlRTklOTglQjMlRTQlQjglOUMlRTUlOEMlQkElMjZpZCUzRDQ3NDYzMiUyNnR5cGUlM0QwJTI2aWR4JTNEMTklMjZxdCUzRCUyNmFwayUzRDIlMjZzYyUzRFdXVyUyNnVyJTNEJUU0JUI4JUFEJUU1JUIxJUIxJTI2bHIlM0QlRTQlQjglQUQlRTUlQjElQjElMjZmdCUzRCU3QiU3RA%3D%3D#from=mpl_search_suggest,-1.0,N/A,阳江漆艺院座落于阳江市雅韶镇，建筑面积约4000㎡，景区中“阳江漆器博物馆”内设“阳江漆器历史展厅”“阳江漆艺展厅”“阳江漆艺制作流程动态展演区”、“阳江漆艺文创产品展销厅”“行政综合办公区”，是集创作、展示、旅游、研发、教学、生产和销售于一体的综合性特色文化展示窗囗。在这里既能让您一览阳江漆艺悠久的历史，又能近距离了解阳江漆艺传统的制作过程。让您更加直观地感受阳江漆艺传统文化给您带来的无穷魅力。,1/1-12/31；周一至周日；9:00-17:30开园,https://qimgs.qunarzz.com/piao_qsight_provider_piao_qsight_web/100e13000000vky58BF4A_C_900_504.jpg_710x360_2f9398a0.jpg〇https://qimgs.qunarzz.com/piao_qsight_provider_piao_qsight_web/100213000000vpa13BB72_C_900_504_Q90_Mtg_7.jpg_710x360_628169f3.jpg〇https://qimgs.qunarzz.com/piao_qsight_provider_piao_qsight_web/100613000000vitir4BD8_C_900_504_Q90_Mtg_7.jpg_710x360_f5e423d7.jpg〇https://qimgs.qunarzz.com/piao_qsight_provider_piao_qsight_web/100j13000000vhpov7AE2_C_900_504_Q90_Mtg_7.jpg_710x360_73431892.jpg〇https://qimgs.qunarzz.com/piao_qsight_provider_piao_qsight_web/100d13000000vgput47A7_C_900_504_Q90_Mtg_7.jpg_710x360_e9139d83.jpg〇https://qimgs.qunarzz.com/piao_qsight_provider_piao_qsight_web/100u13000000vi65p76B0_C_900_504_Q90_Mtg_7.jpg_710x360_1c83b14a.jpg〇https://qimgs.qunarzz.com/piao_qsight_provider_piao_qsight_web/100j13000000vhpp08743_C_900_504_Q90_Mtg_7.jpg_710x360_0811ca40.jpg〇https://qimgs.qunarzz.com/piao_qsight_provider_piao_qsight_web/100q13000000vjhjw3FEE_C_900_504_Q90_Mtg_7.jpg_710x360_00069d27.jpg〇https://qimgs.qunarzz.com/piao_qsight_provider_piao_qsight_web/100e13000000vky58BF4A_C_900_504_Q90_Mtg_7.jpg_710x360_6f12b3ee.jpg〇https://imgs.qunarzz.com/sight/p0/1907/d7/d77a09027c4c6512a3.img.png_710x360_44398864.png〇https://imgs.qunarzz.com/sight/p0/1907/f3/f30ce34860275960a3.img.png_710x360_9cb6f185.png〇https://imgs.qunarzz.com/sight/p0/1907/8b/8bb96fbfb8233844a3.img.png_710x360_e6c16f8e.png〇https://imgs.qunarzz.com/sight/p0/1907/7d/7dbdf8223a6a3a07a3.img.png_710x360_57906c1e.png〇https://qimgs.qunarzz.com/piao_qsight_provider_piao_qsight_web/6940917124df3950ea6bc80efd16c423.jpg_710x360_78b082c1.jpg〇https://qimgs.qunarzz.com/piao_qsight_provider_piao_qsight_web/f2b2974acdbef3f3812751b5d78fdf5e.jpg_710x360_334f491a.jpg〇https://qimgs.qunarzz.com/piao_qsight_provider_piao_qsight_web/6ed8a567602f698f722893cc0f3f088a.jpg_710x360_459b83a4.jpg〇https://qimgs.qunarzz.com/piao_qsight_provider_piao_qsight_web/b09ba40c23f334e805973e4e012b7713.jpg_710x360_71a617d1.jpg〇https://qimgs.qunarzz.com/piao_qsight_provider_piao_qsight_web/d0a95be2674d1c6542d70f4b3ed4520d.jpg_710x360_05f89c0b.jpg〇https://qimgs.qunarzz.com/piao_qsight_provider_piao_qsight_web/58c3f1a53c589e4681820deaa7039f3b.jpg_710x360_80564b73.jpg〇https://qimgs.qunarzz.com/piao_qsight_provider_piao_qsight_web/68589036494c5b76c71e339c27a8642b.jpg_710x360_3c9546ce.jpg〇https://qimgs.qunarzz.com/piao_qsight_provider_piao_qsight_web/ea6b4f46351e7c2b6b4526d07e403527.jpg_710x360_cb28238a.jpg〇https://qimgs.qunarzz.com/piao_qsight_provider_piao_qsight_web/2d60a72f1ee6e1c2f95837572ce0f3a0.jpg_710x360_06bb0a6f.jpg〇https://qimgs.qunarzz.com/piao_qsight_provider_piao_qsight_web/2f3d3c43d10baeb78789935a1e1d1f43.jpg_710x360_db73e1dc.jpg〇https://qimgs.qunarzz.com/piao_qsight_provider_piao_qsight_web/3d739ab939185ea7f95dfa305958845e.jpg_710x360_f6c7d4c3.jpg〇https://qimgs.qunarzz.com/piao_qsight_provider_piao_qsight_web/492651b572af2ff007b24c091993f7c1.jpg_710x360_8d08b981.jpg,"{""ret"": true, ""data"": {""tagList"": [{""tagType"": 0, ""tagScore"": 5, ""tagNum"": 0, ""tagName"": ""\u5168\u90e8""}], ""score"": 0.0, ""commentCount"": 0}, ""statusCode"": 200}"
葛洲,https://qimgs.qunarzz.com/piao_qsight_provider_piao_qsight_web/01058120008i9piuo8691_C_900_504.jpg_280x200_83e8e108.jpg,阳江市,阳东区,广东省阳江市阳东区,-1,-1.0,N/A,https://piao.qunar.com/ticket/detail_908756879.html?st=a3clM0QlRTklOTglQjMlRTQlQjglOUMlRTUlOEMlQkElMjZpZCUzRDUyOTE5MiUyNnR5cGUlM0QwJTI2aWR4JTNEMTglMjZxdCUzRCUyNmFwayUzRDIlMjZzYyUzRFdXVyUyNnVyJTNEJUU0JUI4JUFEJUU1JUIxJUIxJTI2bHIlM0QlRTQlQjglQUQlRTUlQjElQjElMjZmdCUzRCU3QiU3RA%3D%3D#from=mpl_search_suggest,-1.0,N/A,N/A,暂无,https://qimgs.qunarzz.com/piao_qsight_provider_piao_qsight_web/01058120008i9piuo8691_C_900_504.jpg_710x360_7ccc1d6a.jpg,"{""ret"": true, ""data"": {""tagList"": [{""tagType"": 0, ""tagScore"": 5, ""tagNum"": 0, ""tagName"": ""\u5168\u90e8""}], ""score"": 0.0, ""commentCount"": 0}, ""statusCode"": 200}"
莲花垌,https://imgs.qunarzz.com/sight/p48/201211/06/b9f0fead28172eb393835fbb.jpg_280x200_ff32fcf0.jpg,阳江市,阳东区,广东省阳江市阳东县春湾镇,-1,-1.0,高低错落，嶙峋各状，千姿百态,https://piao.qunar.com/ticket/detail_2609220746.html?st=a3clM0QlRTklOTglQjMlRTQlQjglOUMlRTUlOEMlQkElMjZpZCUzRDEyMTk3JTI2dHlwZSUzRDAlMjZpZHglM0QxNiUyNnF0JTNEJTI2YXBrJTNEMiUyNnNjJTNEV1dXJTI2dXIlM0QlRTQlQjglQUQlRTUlQjElQjElMjZsciUzRCVFNCVCOCVBRCVFNSVCMSVCMSUyNmZ0JTNEJTdCJTdE#from=mpl_search_suggest,-1.0,N/A,莲花垌又名阳春石林，位于春湾镇东１公里，垌四周有６座峰峦连腰而围，恰似六瓣莲花，故名莲花垌。石林高低错落，嶙峋各状，千姿百态的莲花峰、骆驼峰、蛤蟆石、观音合十、仙人过坳等，维妙维肖，吸引游人指点猜测。,暂无,https://imgs.qunarzz.com/sight/p48/201211/06/b9f0fead28172eb393835fbb.jpg_710x360_530cbc6d.jpg,"{""ret"": true, ""data"": {""tagList"": [{""tagType"": 0, ""tagScore"": 5, ""tagNum"": 0, ""tagName"": ""\u5168\u90e8""}], ""score"": 0.0, ""commentCount"": 0}, ""statusCode"": 200}"
海陵岛飞华海水上娱乐俱乐部,https://mp-piao-admincp.qunarzz.com/mp_piao_admin_mp_piao_admin/admin/20217/30d54820c6727b9958d585769ab3c5c2.png_280x200_7ef61cce.png,阳江市,江城区,广东省阳江市江城区保利大道保利F区,-1,-1.0,N/A,https://piao.qunar.com/ticket/detail_591725316.html?st=a3clM0QlRTYlQjElOUYlRTUlOUYlOEUlRTUlOEMlQkElMjZpZCUzRDUzODk4MiUyNnR5cGUlM0QwJTI2aWR4JTNENjMlMjZxdCUzRCUyNmFwayUzRDIlMjZzYyUzRFdXVyUyNnVyJTNEJUU0JUI4JUFEJUU1JUIxJUIxJTI2bHIlM0QlRTQlQjglQUQlRTUlQjElQjElMjZmdCUzRCU3QiU3RA%3D%3D#from=mpl_search_suggest,-1.0,N/A,N/A,1/1-12/31；周一至周日；08:00-18:00开园,https://mp-piao-admincp.qunarzz.com/mp_piao_admin_mp_piao_admin/admin/20217/30d54820c6727b9958d585769ab3c5c2.png_710x360_c2302e12.png,"{""ret"": true, ""data"": {""tagList"": [{""tagType"": 0, ""tagScore"": 5, ""tagNum"": 0, ""tagName"": ""\u5168\u90e8""}], ""score"": 0.0, ""commentCount"": 0}, ""statusCode"": 200}"
江南辉煌跳伞飞行俱乐部阳江基地,https://qimgs.qunarzz.com/piao_qsight_provider_piao_qsight_web/0105t12000ewnz4z27DCC_C_900_504.png_280x200_fcbd62a3.png,阳江市,江城区,广东省阳江市江城区海陵岛十里银滩西区保利银滩P区6幢13号,-1,-1.0,N/A,https://piao.qunar.com/ticket/detail_3722732045.html?st=a3clM0QlRTYlQjElOUYlRTUlOUYlOEUlRTUlOEMlQkElMjZpZCUzRDUzODcxNSUyNnR5cGUlM0QwJTI2aWR4JTNENjIlMjZxdCUzRCUyNmFwayUzRDIlMjZzYyUzRFdXVyUyNnVyJTNEJUU0JUI4JUFEJUU1JUIxJUIxJTI2bHIlM0QlRTQlQjglQUQlRTUlQjElQjElMjZmdCUzRCU3QiU3RA%3D%3D#from=mpl_search_suggest,-1.0,N/A,N/A,暂无,https://qimgs.qunarzz.com/piao_qsight_provider_piao_qsight_web/0105t12000ewnz4z27DCC_C_900_504.png_710x360_0422d99e.png〇https://qimgs.qunarzz.com/piao_qsight_provider_piao_qsight_web/0106212000ewnzt2w3CF6_C_900_504_Q90_Mtg_7.png_710x360_3f908dc1.png〇https://qimgs.qunarzz.com/piao_qsight_provider_piao_qsight_web/0100r12000ewnzsvi40A1_C_900_504_Q90_Mtg_7.png_710x360_9b3820c6.png〇https://qimgs.qunarzz.com/piao_qsight_provider_piao_qsight_web/0100812000ewnz8vr440D_C_900_504_Q90_Mtg_7.png_710x360_8c9e3adc.png〇https://qimgs.qunarzz.com/piao_qsight_provider_piao_qsight_web/0105t12000ewnz4z27DCC_C_900_504_Q90_Mtg_7.png_710x360_0bb3fe8f.png,"{""ret"": true, ""data"": {""tagList"": [{""tagType"": 0, ""tagScore"": 5, ""tagNum"": 0, ""tagName"": ""\u5168\u90e8""}], ""score"": 0.0, ""commentCount"": 0}, ""statusCode"": 200}"
绿野秘境庄园,https://qimgs.qunarzz.com/piao_qsight_provider_piao_qsight_web/1lo0d12000d4tfzrn31D9_C_900_504.jpg_280x200_f1cd0f21.jpg,阳江市,江城区,阳江市高新区平冈镇廉村管理区台冯村站港公路边右侧,-1,-1.0,N/A,https://piao.qunar.com/ticket/detail_805810379.html?st=a3clM0QlRTYlQjElOUYlRTUlOUYlOEUlRTUlOEMlQkElMjZpZCUzRDUzNjQzMyUyNnR5cGUlM0QwJTI2aWR4JTNENjElMjZxdCUzRCUyNmFwayUzRDIlMjZzYyUzRFdXVyUyNnVyJTNEJUU0JUI4JUFEJUU1JUIxJUIxJTI2bHIlM0QlRTQlQjglQUQlRTUlQjElQjElMjZmdCUzRCU3QiU3RA%3D%3D#from=mpl_search_suggest,-1.0,N/A,N/A,1/1-12/31；周一至周日；08:30-18:00开园,https://qimgs.qunarzz.com/piao_qsight_provider_piao_qsight_web/1lo0d12000d4tfzrn31D9_C_900_504.jpg_710x360_b5237070.jpg〇https://qimgs.qunarzz.com/piao_qsight_provider_piao_qsight_web/1lo4212000d4tgeekA139_C_900_504_Q90_Mtg_7.jpg_710x360_42ad0dc2.jpg〇https://qimgs.qunarzz.com/piao_qsight_provider_piao_qsight_web/1lo0b12000d4tgofeD66B_C_900_504_Q90_Mtg_7.jpg_710x360_e44f8d6a.jpg〇https://qimgs.qunarzz.com/piao_qsight_provider_piao_qsight_web/1lo4t12000d4tg0xqEDC0_C_900_504_Q90_Mtg_7.jpg_710x360_613a4ed1.jpg〇https://qimgs.qunarzz.com/piao_qsight_provider_piao_qsight_web/1lo5412000d4tg9z90F14_C_900_504_Q90_Mtg_7.jpg_710x360_d9505ebe.jpg〇https://qimgs.qunarzz.com/piao_qsight_provider_piao_qsight_web/1lo5p12000d4tfzrz277A_C_900_504_Q90_Mtg_7.jpg_710x360_652f84f5.jpg〇https://qimgs.qunarzz.com/piao_qsight_provider_piao_qsight_web/1lo2u12000d4th4he36C2_C_900_504_Q90_Mtg_7.jpg_710x360_0b03715a.jpg〇https://qimgs.qunarzz.com/piao_qsight_provider_piao_qsight_web/1lo0d12000d4tfzrn31D9_C_900_504_Q90_Mtg_7.jpg_710x360_fa87d4ba.jpg,"{""ret"": true, ""data"": {""tagList"": [{""tagType"": 0, ""tagScore"": 5, ""tagNum"": 0, ""tagName"": ""\u5168\u90e8""}], ""score"": 0.0, ""commentCount"": 0}, ""statusCode"": 200}"
鸳鸯石,https://imgs.qunarzz.com/sight/p62/201211/05/5dbc3ac3ef3922fb93835fbb.jpg_280x200_2f26633c.jpg,阳江市,阳东区,广东省阳江东平镇玉豚山海滨公园内的北环迳山腰上,2,3.0,像一对栖息枝头的多情鸳鸯，栩栩如生,https://piao.qunar.com/ticket/detail_1145819063.html?st=a3clM0QlRTklOTglQjMlRTQlQjglOUMlRTUlOEMlQkElMjZpZCUzRDMxMzQzJTI2dHlwZSUzRDAlMjZpZHglM0QxMCUyNnF0JTNEJTI2YXBrJTNEMiUyNnNjJTNEV1dXJTI2dXIlM0QlRTQlQjglQUQlRTUlQjElQjElMjZsciUzRCVFNCVCOCVBRCVFNSVCMSVCMSUyNmZ0JTNEJTdCJTdE#from=mpl_search_suggest,-1.0,N/A,鸳鸯情石——旧称珓杯石，位于阳江东平镇玉豚山海滨公园内的北环迳山腰上，为两块形状相似，并对立在一块椭图形基石上的自然巨石。像一对栖息枝头的多情鸳鸯，栩栩如生，惹人喜爱。这两块大石，看似摇摇欲坠，但千百年来风风雨雨，依然巍然挺立。两石间构成的“长廊”能容下10多人坐立，抬头而望，可见一线苍穹。 相传一位品貌双全的姑娘，家境富有，却爱上了一位穷小子。虽然父母百般刁难，但她对爱情始终如一。父母没有办法，便要穷小子一月内凑足一百颗珍珠方可成亲。为了与有情人成为眷属，穷小子夜以继日到珍珠湾采珠，因劳累过度不幸溺水身亡。姑娘闻讯，呼天抢地，亦投海殉情。这对男女青年死后，变成两樽沾满珍珠的石头，这就是今天的鸳鸯石。据说石头上珍珠的影迹至今尚可辩认。 　　还因南平也有一对鸳鸯石，因此传说东平和南平的这对鸳鸯石为“孔雀东南飞”的焦仲卿和刘兰芝所化。,暂无,https://imgs.qunarzz.com/sight/p62/201211/05/5dbc3ac3ef3922fb93835fbb.jpg_710x360_689ca721.jpg,"{""ret"": true, ""data"": {""tagList"": [{""tagType"": 3, ""tagScore"": 5, ""tagNum"": 1, ""tagName"": ""\u5dee\u8bc4""}, {""tagType"": 1, ""tagScore"": 5, ""tagNum"": 1, ""tagName"": ""\u597d\u8bc4""}, {""tagType"": 0, ""tagScore"": 5, ""tagNum"": 2, ""tagName"": ""\u5168\u90e8""}], ""commentList"": [{""author"": ""k*2"", ""content"": ""\u98ce\u666f\u4f18\u7f8e\uff0c\u4ea4\u901a\u4fbf\u5229\u73af\u5883\u4f18\u96c5"", ""date"": ""2015-10-23"", ""score"": 5, ""commentId"": ""87136960"", ""imgs"": [], ""userNickName"": ""k*2"", ""replyCityName"": """", ""cityName"": """"}, {""author"": ""h*6"", ""content"": ""\u6ca1\u610f\u601d\uff0c\u6211\u53bb\u8fc7\uff0c\u5c31\u6709\u4fe9\u4e2a\u77f3\u5934\uff0c\u7279\u522b\u5c0f"", ""date"": ""2015-10-09"", ""score"": 1, ""commentId"": ""83963971"", ""imgs"": [], ""userNickName"": ""h*6"", ""replyCityName"": """", ""cityName"": """"}], ""score"": 3.0, ""commentCount"": 2}, ""statusCode"": 200}"
阳江涛景高尔夫度假村,https://imgs.qunarzz.com/sight/p0/201308/26/faf22126d10535f8c8d65eac.jpg_280x200_67fd3079.jpg,阳江市,阳东区,广东省阳江市阳东区325国道开阳高速那龙出口东800米,2,4.5,挑战山地形球场,https://piao.qunar.com/ticket/detail_2471379097.html?st=a3clM0QlRTklOTglQjMlRTQlQjglOUMlRTUlOEMlQkElMjZpZCUzRDE5MjI2NCUyNnR5cGUlM0QwJTI2aWR4JTNEOSUyNnF0JTNEJTI2YXBrJTNEMiUyNnNjJTNEV1dXJTI2dXIlM0QlRTQlQjglQUQlRTUlQjElQjElMjZsciUzRCVFNCVCOCVBRCVFNSVCMSVCMSUyNmZ0JTNEJTdCJTdE#from=mpl_search_suggest,-1.0,N/A,阳江涛景高尔夫度假村坐落在广东省美丽的海滨城市阳江市，整个度假村占地4200余亩，主要由两个18洞国际标准高尔夫球场、一座按五星级标准设计的酒店和度假别墅以及其他附属配套设施组成。18洞国际标准高尔夫球场——松涛球场建成于2006年底。球场占地面积约50万平方米，球道总长7264码，属山地形球场。“松涛”设计独特，依山丘起伏、沟壑环绕之地势而建，若隐若现于山峦松林之间。其中A场的“将军洞”和B场的“君临天下”构思巧妙，将 “享受尊贵、感悟人生”的哲学思想融入到了大自然的美景之中；还有B场的14号球道——“香格里拉”，碧绿的球道点缀着银色的沙坑，松涛声中夹杂着鸟鸣随阳光洒向绿茸茸果岭，GOLF自然、人文与运动的和谐精神在这里被展示得淋漓尽致，堪称世外桃源、人间仙境。,7:00-18:00,https://imgs.qunarzz.com/sight/p0/201308/26/faf22126d10535f8c8d65eac.jpg_710x360_97a05398.jpg〇https://imgs.qunarzz.com/sight/p0/201308/26/be5fb09f9c05afb7c8d65eac.jpg_710x360_bf6e0f5c.jpg〇https://imgs.qunarzz.com/sight/p0/201308/26/fb992c5016fda550c8d65eac.jpg_710x360_e2dc4223.jpg〇https://qimgs.qunarzz.com/piao_qsight_provider_piao_qsight_web/780ac6f03d4a8b6fd53cdd13c3afeb1f.jpg_710x360_c98a73db.jpg〇https://qimgs.qunarzz.com/piao_qsight_provider_piao_qsight_web/435f0c2d32a05e06d04ba1d5b8dd6c9d.jpg_710x360_5a6f0188.jpg〇https://qimgs.qunarzz.com/piao_qsight_provider_piao_qsight_web/45a74cfd0eca3537.jpg_710x360_ef2fd2e5.jpg,"{""ret"": true, ""data"": {""tagList"": [{""tagType"": 1, ""tagScore"": 5, ""tagNum"": 2, ""tagName"": ""\u597d\u8bc4""}, {""tagType"": 0, ""tagScore"": 5, ""tagNum"": 2, ""tagName"": ""\u5168\u90e8""}], ""commentList"": [{""author"": ""\u5730*\u56e2"", ""content"": ""\u5468\u672b\u65f6\u542c\u670b\u53cb\u8bf4\u9633\u6c5f\u90ca\u533a\u6709\u9ad8\u5c14\u592b\u7403\u573a\u5c31\u9a6c\u4e0a\u5306\u5306\u548c\u670b\u53cb\u9a71\u8f66\u5230\u9ad8\u5c14\u592b\u7403\u573a\u53bb\uff0c\u603b\u4f53\u6765\u8bf4\u662f\u633a\u597d\u7684\uff0c\u53ea\u4e0d\u8fc7\u662f\u8bbe\u65bd\u8fd8\u4e0d\u662f\u5f88\u5b8c\u5584\uff0c\u7adf\u7136\u8fd8\u6709\u65bd\u5de5\u7684\uff0c\u6536\u94f6\u5458\u7684\u6001\u5ea6\u5f88\u56a3\u5f20\uff0c\u597d\u50cf\u6211\u4eec\u6b20\u5979\u94b1\u4e0d\u8fd8\u90a3\u6837\uff0c\u4e0d\u8fc7\u7403\u7ae5\u7684\u6001\u5ea6\u5f88\u597d\uff0c\u5f88\u548c\u5584\uff0c\u65b0\u624b\u6253\u7403\u9694\u58c1\u8fd8\u6709\u6559\u7ec3\u5458\u5728\u6307\u5bfc\uff0c\u8fd9\u70b9\u503c\u5f97\u80af\u5b9a\uff0c\u8fd8\u662f\u633a\u4e0d\u9519\u7684"", ""date"": ""2015-04-11"", ""score"": 4, ""commentId"": ""40631586"", ""imgs"": [], ""userNickName"": ""\u5730*\u56e2"", ""replyCityName"": """", ""cityName"": """"}, {""author"": ""\u5609*\u8c6a"", ""content"": ""\u8fd8\u6ca1\u53bb\u8fc7\uff0c\u627e\u4e2a\u65f6\u95f4\u53bb\u4f53\u9a8c\u4e00\u4e0b\u3002"", ""date"": ""2015-10-22"", ""score"": 5, ""commentId"": ""86909188"", ""imgs"": [], ""userNickName"": ""\u5609*\u8c6a"", ""replyCityName"": """", ""cityName"": """"}], ""score"": 4.5, ""commentCount"": 2}, ""statusCode"": 200}"
大澳渔村,https://imgs.qunarzz.com/sight/p0/201303/05/470a64c494a31f35c8d65eac.jpg_280x200_c2e47574.jpg,阳江市,阳东区,广东省阳江市阳东县东平镇,3,5.0,东平大澳渔村是一个古老的渔港，位于阳东县东平镇东南，史称“六澳之首”，是中国古代南方“海上丝绸之路”的必经港口。昔日港口,https://piao.qunar.com/ticket/detail_767449859.html?st=a3clM0QlRTklOTglQjMlRTQlQjglOUMlRTUlOEMlQkElMjZpZCUzRDEzNTY1JTI2dHlwZSUzRDAlMjZpZHglM0Q4JTI2cXQlM0QlMjZhcGslM0QyJTI2c2MlM0RXV1clMjZ1ciUzRCVFNCVCOCVBRCVFNSVCMSVCMSUyNmxyJTNEJUU0JUI4JUFEJUU1JUIxJUIxJTI2ZnQlM0QlN0IlN0Q%3D#from=mpl_search_suggest,-1.0,N/A,东平大澳渔村是一个古老的渔港，位于阳东县东平镇东南，史称“六澳之首”，是中国古代南方“海上丝绸之路”的必经港口。昔日港口商贸繁盛，与广州的“十三行”相并列，史称“十三行尾”。大澳渔村至今仍然保持古渔村风貌，遗迹众多，古色古香，为渔家民俗文化之珍品。有“全国首家渔家民俗风情馆”、“爱国主义教育基地”、“古渔民民居群”、“大澳万人坟”、“海上日出”、“葛洲帆影”、“古商会旧址”、“海角琼楼”、“古炮楼”等景点，集旅游观光、博览渔家文化等*能于一体，是现今“阳江十景”之一。,暂无,https://imgs.qunarzz.com/sight/p0/201303/05/470a64c494a31f35c8d65eac.jpg_710x360_adb048ce.jpg〇https://qimgs.qunarzz.com/piao_qsight_provider_piao_qsight_web/a80d6cd32df1c8b9eee62fe468cf5347.jpg_710x360_fe03956a.jpg〇https://qimgs.qunarzz.com/piao_qsight_provider_piao_qsight_web/2d319e5bc7902f1eec53702350b7b582.jpg_710x360_5d17469d.jpg〇https://qimgs.qunarzz.com/piao_qsight_provider_piao_qsight_web/1c73237086068a5a97940d0e2aa6ba15.jpg_710x360_da16137d.jpg〇https://qimgs.qunarzz.com/piao_qsight_provider_piao_qsight_web/ff98b55d3669936fe8ad8836974ff490.jpg_710x360_d3a907e6.jpg〇https://qimgs.qunarzz.com/piao_qsight_provider_piao_qsight_web/9fca7cf20cae6caf0abf8a22c2549637.jpg_710x360_cbac20e1.jpg〇https://qimgs.qunarzz.com/piao_qsight_provider_piao_qsight_web/77a8bcfa82f70ed0c26cc2f1a2fa201b.jpg_710x360_c59018dd.jpg〇https://qimgs.qunarzz.com/piao_qsight_provider_piao_qsight_web/80a81d7e0516eee7249fab892c1d7c26.jpg_710x360_f3ef8bd2.jpg〇https://qimgs.qunarzz.com/piao_qsight_provider_piao_qsight_web/30edbba56a087edb3c0cd5e237be26f9.jpg_710x360_d23d0df3.jpg〇https://qimgs.qunarzz.com/piao_qsight_provider_piao_qsight_web/c4e2dfdacb28d1c902c5a2f5ed9d341e.jpg_710x360_7a0b0914.jpg〇https://qimgs.qunarzz.com/piao_qsight_provider_piao_qsight_web/38d25f2f302eee51bf5a596f0dab3f5d.jpg_710x360_ee360a8d.jpg〇https://qimgs.qunarzz.com/piao_qsight_provider_piao_qsight_web/92ee53b710a19a302b0e527a8854f2b0.jpg_710x360_dc7ee25a.jpg〇https://qimgs.qunarzz.com/piao_qsight_provider_piao_qsight_web/59dc7e4a006e13fab24d17425fdb50be.jpg_710x360_7fd38649.jpg〇https://qimgs.qunarzz.com/piao_qsight_provider_piao_qsight_web/c1c8116b874efadc5bbed50c2b632c28.jpg_710x360_575d97d4.jpg〇https://qimgs.qunarzz.com/piao_qsight_provider_piao_qsight_web/e07afb66ad747f26690134366d236e69.jpg_710x360_d32c04f0.jpg〇https://qimgs.qunarzz.com/piao_qsight_provider_piao_qsight_web/fea25a451bb6c3faa4ad97078ee26be3.jpg_710x360_5fc461bc.jpg〇https://qimgs.qunarzz.com/piao_qsight_provider_piao_qsight_web/f0da4aded24bb0444b21ed30e57bca88.jpg_710x360_cca72e61.jpg〇https://qimgs.qunarzz.com/piao_qsight_provider_piao_qsight_web/2fcff25f04553ad09e13400e409b9d9b.jpg_710x360_5f68103b.jpg〇https://qimgs.qunarzz.com/piao_qsight_provider_piao_qsight_web/5942d373503318d0fd8f9954d8c15e19.jpg_710x360_30100035.jpg〇https://qimgs.qunarzz.com/piao_qsight_provider_piao_qsight_web/723b8829ff99c38cf30230bd76b68a8c.jpg_710x360_7018734d.jpg〇https://qimgs.qunarzz.com/piao_qsight_provider_piao_qsight_web/7bf1b9e4a6d561949c2c4eca03d54871.jpg_710x360_6d758b95.jpg,"{""ret"": true, ""data"": {""tagList"": [{""tagType"": 16, ""tagScore"": 5, ""tagNum"": 1, ""tagName"": ""\u9760\u8c31""}, {""tagType"": 8, ""tagScore"": 5, ""tagNum"": 1, ""tagName"": ""\u4fbf\u5b9c""}, {""tagType"": 4, ""tagScore"": 5, ""tagNum"": 1, ""tagName"": ""\u53d6\u7968\u65b9\u4fbf""}, {""tagType"": 1, ""tagScore"": 5, ""tagNum"": 3, ""tagName"": ""\u597d\u8bc4""}, {""tagType"": 0, ""tagScore"": 5, ""tagNum"": 3, ""tagName"": ""\u5168\u90e8""}], ""commentList"": [{""author"": ""d*o"", ""content"": ""\u8d85\u7ea7\u597d \u53bb\u4e4b\u524d\u4e00\u5929\u4e70\u7684 \u5373\u65f6\u53d1\u7684\u7535\u5b50\u7968 \u53bb\u7684\u90a3\u5929\u624d\u77e5\u9053\u4eba\u7279\u522b\u7279\u522b\u7684\u591a \u6211\u4eec\u62ff\u7740\u7535\u5b50\u7968\u4e00\u8def\u901a\u884c\u65e0\u963b \u800c\u4e14\u73b0\u573a\u770b\u4e86\u624d\u77e5\u9053\u4fbf\u5b9c\u5f88\u591a\uff01\uff01"", ""date"": ""2015-04-12"", ""score"": 5, ""commentId"": ""40762920"", ""imgs"": [{""small"": ""https://imgs.qunarzz.com/piao/fusion/1504/fb/54e2c160011ee5.jpg_120x120_5d083243.jpg"", ""title"": """", ""big"": ""https://imgs.qunarzz.com/piao/fusion/1504/fb/54e2c160011ee5.jpg""}, {""small"": ""https://imgs.qunarzz.com/piao/fusion/1504/4f/5795f4306e080c.jpg_120x120_d8bcd2c6.jpg"", ""title"": """", ""big"": ""https://imgs.qunarzz.com/piao/fusion/1504/4f/5795f4306e080c.jpg""}], ""userNickName"": ""d*o"", ""replyCityName"": """", ""cityName"": """"}, {""author"": ""\u5730*\u56e2"", ""content"": ""\u5468\u672b\u548c\u670b\u53cb\u4e00\u8d77\u5230\u4e1c\u5e73\u6e38\u73a9\u548c\u9493\u9c7c\uff0c\u7136\u540e\u7ecf\u8fc7\u5927\u6fb3\u6e14\u6751\uff0c\u8fd9\u91cc\u662f\u4e00\u4e2a\u5929\u7136\u7684\u5c0f\u6e14\u6751\uff0c\u8fd9\u91cc\u7684\u6c11\u98ce\u6734\u7d20\uff0c\u5728\u8fd9\u91cc\u53ef\u4ee5\u5403\u5230\u7eaf\u6b63\u7684\u6d77\u9c9c\uff0c\u5f88\u597d\u5403\uff0c\u5047\u5982\u81ea\u5df1\u5728\u6d77\u9493\u5230\u6d77\u9c9c\u53ef\u4ee5\u5728\u8fd9\u91cc\u52a0\u5de5\uff0c\u53ea\u6536\u4e9b\u8bb8\u52a0\u5de5\u8d39\u800c\u5df2\uff0c\u800c\u4e14\u8fd8\u6709\u673a\u4f1a\u8ddf\u7740\u6e14\u6c11\u4eec\u51fa\u8fd1\u6d77\u6355\u9c7c\uff0c\u4f53\u9a8c\u5927\u83b7\u800c\u5f52\u7684\u611f\u89c9\uff01"", ""date"": ""2015-04-12"", ""score"": 5, ""commentId"": ""40757409"", ""imgs"": [], ""userNickName"": ""\u5730*\u56e2"", ""replyCityName"": """", ""cityName"": """"}, {""author"": ""\u5609*\u8c6a"", ""content"": ""\u542c\u8bf4\u5f88\u4e0d\u9519\uff0c\u80fd\u9493\u9c7c?\u3002\u6709\u7a7a\u5c31\u53bb\u3002"", ""date"": ""2015-10-22"", ""score"": 5, ""commentId"": ""86909437"", ""imgs"": [], ""userNickName"": ""\u5609*\u8c6a"", ""replyCityName"": """", ""cityName"": """"}], ""score"": 5.0, ""commentCount"": 3}, ""statusCode"": 200}"
南鹏岛,https://imgs.qunarzz.com/sight/p92/201211/07/156cbf7704fa3ba293835fbb.jpg_280x200_a4f9f4ef.jpg,阳江市,江城区,广东省阳江市江城区,-1,-1.0,含有探险和科考价值,https://piao.qunar.com/ticket/detail_293193845.html?st=a3clM0QlRTYlQjElOUYlRTUlOUYlOEUlRTUlOEMlQkElMjZpZCUzRDE0ODQ4JTI2dHlwZSUzRDAlMjZpZHglM0Q1MyUyNnF0JTNEJTI2YXBrJTNEMiUyNnNjJTNEV1dXJTI2dXIlM0QlRTQlQjglQUQlRTUlQjElQjElMjZsciUzRCVFNCVCOCVBRCVFNSVCMSVCMSUyNmZ0JTNEJTdCJTdE#from=mpl_search_suggest,-1.0,N/A,位于海陵岛的东南方，是一个孤岛，占地1.6平方公里，附近海域盛产很多珍贵海产品，岛上野牛、野兔、山羊成群结队，还有二战时期日军侵略留下的军事遗址，含有探险和科考价值。,01/01-12/31；全天开放,https://imgs.qunarzz.com/sight/p92/201211/07/156cbf7704fa3ba293835fbb.jpg_710x360_1b768074.jpg,"{""ret"": true, ""data"": {""tagList"": [{""tagType"": 0, ""tagScore"": 5, ""tagNum"": 0, ""tagName"": ""\u5168\u90e8""}], ""score"": 0.0, ""commentCount"": 0}, ""statusCode"": 200}"
东平大澳渔家文化邨,https://mp-piao-admincp.qunarzz.com/mp_piao_admin_mp_piao_admin/admin/20217/30d54820c6727b9958d585769ab3c5c2.png_280x200_7ef61cce.png,阳江市,阳东区,广东省阳江市阳东区大澳渔家文化村,-1,-1.0,N/A,https://piao.qunar.com/ticket/detail_3984776664.html?st=a3clM0QlRTklOTglQjMlRTQlQjglOUMlRTUlOEMlQkElMjZpZCUzRDUyOTQ4MiUyNnR5cGUlM0QwJTI2aWR4JTNEMTElMjZxdCUzRCUyNmFwayUzRDIlMjZzYyUzRFdXVyUyNnVyJTNEJUU0JUI4JUFEJUU1JUIxJUIxJTI2bHIlM0QlRTQlQjglQUQlRTUlQjElQjElMjZmdCUzRCU3QiU3RA%3D%3D#from=mpl_search_suggest,-1.0,4A景区,N/A,1/1-12/31；周一至周日；全天开放,https://mp-piao-admincp.qunarzz.com/mp_piao_admin_mp_piao_admin/admin/20217/30d54820c6727b9958d585769ab3c5c2.png_710x360_c2302e12.png,"{""ret"": true, ""data"": {""tagList"": [{""tagType"": 0, ""tagScore"": 5, ""tagNum"": 0, ""tagName"": ""\u5168\u90e8""}], ""score"": 0.0, ""commentCount"": 0}, ""statusCode"": 200}"
阳江赶海,https://mp-piao-admincp.qunarzz.com/mp_piao_admin_mp_piao_admin/admin/20217/30d54820c6727b9958d585769ab3c5c2.png_280x200_7ef61cce.png,阳江市,江城区,N/A,-1,-1.0,近距离观察海洋生物,https://piao.qunar.com/ticket/detail_1205351764.html?st=a3clM0QlRTYlQjElOUYlRTUlOUYlOEUlRTUlOEMlQkElMjZpZCUzRDUzNzIwOCUyNnR5cGUlM0QwJTI2aWR4JTNENTklMjZxdCUzRCUyNmFwayUzRDIlMjZzYyUzRFdXVyUyNnVyJTNEJUU0JUI4JUFEJUU1JUIxJUIxJTI2bHIlM0QlRTQlQjglQUQlRTUlQjElQjElMjZmdCUzRCU3QiU3RA%3D%3D#from=mpl_search_suggest,-1.0,N/A,N/A,暂无,https://mp-piao-admincp.qunarzz.com/mp_piao_admin_mp_piao_admin/admin/20217/30d54820c6727b9958d585769ab3c5c2.png_710x360_c2302e12.png,"{""ret"": true, ""data"": {""tagList"": [{""tagType"": 0, ""tagScore"": 5, ""tagNum"": 0, ""tagName"": ""\u5168\u90e8""}], ""score"": 0.0, ""commentCount"": 0}, ""statusCode"": 200}"
光影の诱惑,https://qimgs.qunarzz.com/piao_qsight_provider_piao_qsight_web/CghzflW7H_iATdynAAA-FlXAIeA738_C_900_504.jpg_280x200_e742c64d.jpg,阳江市,江城区,阳江市江城区江朗大道与站前路交叉路口往东北约180米,-1,-1.0,N/A,https://piao.qunar.com/ticket/detail_1059957031.html?st=a3clM0QlRTYlQjElOUYlRTUlOUYlOEUlRTUlOEMlQkElMjZpZCUzRDUyOTU4NSUyNnR5cGUlM0QwJTI2aWR4JTNENTglMjZxdCUzRCUyNmFwayUzRDIlMjZzYyUzRFdXVyUyNnVyJTNEJUU0JUI4JUFEJUU1JUIxJUIxJTI2bHIlM0QlRTQlQjglQUQlRTUlQjElQjElMjZmdCUzRCU3QiU3RA%3D%3D#from=mpl_search_suggest,-1.0,N/A,N/A,具体营业状态以当天开放情况为准。,https://qimgs.qunarzz.com/piao_qsight_provider_piao_qsight_web/CghzflW7H_iATdynAAA-FlXAIeA738_C_900_504.jpg_710x360_a48badde.jpg,"{""ret"": true, ""data"": {""tagList"": [{""tagType"": 0, ""tagScore"": 5, ""tagNum"": 0, ""tagName"": ""\u5168\u90e8""}], ""score"": 0.0, ""commentCount"": 0}, ""statusCode"": 200}"
珍珠湾旅游度假区,https://qimgs.qunarzz.com/piao_qsight_provider_piao_qsight_web/10061f000001gquua7B25_C_900_504.jpg_280x200_04aaa0db.jpg,阳江市,阳东区,广东省阳江市阳东区东平镇,34,4.9,白浪沙滩海水浴场,https://piao.qunar.com/ticket/detail_2273449728.html?st=a3clM0QlRTklOTglQjMlRTQlQjglOUMlRTUlOEMlQkElMjZpZCUzRDMxMjk5JTI2dHlwZSUzRDAlMjZpZHglM0Q3JTI2cXQlM0QlMjZhcGslM0QyJTI2c2MlM0RXV1clMjZ1ciUzRCVFNCVCOCVBRCVFNSVCMSVCMSUyNmxyJTNEJUU0JUI4JUFEJUU1JUIxJUIxJTI2ZnQlM0QlN0IlN0Q%3D#from=mpl_search_suggest,-1.0,N/A,东平珍珠湾旅游区位于阳江市阳东县境内区内风光秀丽，一条长达2公里的半月型沙滩环抱着一湾碧水，岸边林海苍翠，珍珠湾沙滩海湾开阔，沙质洁净，坡度平缓，波浪适中，海水清澈无污染，海湾内无礁石，是男女少皆宜的天然海水浴场。珍珠湾周围还拥有多处奇景古迹 。,1/1-12/31；周一至周日；7:00-21:00开园,https://qimgs.qunarzz.com/piao_qsight_provider_piao_qsight_web/10061f000001gquua7B25_C_900_504.jpg_710x360_5867dc5f.jpg〇https://qimgs.qunarzz.com/piao_qsight_provider_piao_qsight_web/0106v120008k22vji0265_C_900_504_Q90_Mtg_7.jpg_710x360_1972b683.jpg〇https://qimgs.qunarzz.com/piao_qsight_provider_piao_qsight_web/10061f000001gquua7B25_C_900_504_Q90_Mtg_7.jpg_710x360_90eca41d.jpg〇https://imgs.qunarzz.com/sight/p0/1410/14/dc9120a46336db3ad6dc170942c0f967.jpg_710x360_34a743df.jpg〇https://imgs.qunarzz.com/sight/p0/1410/14/cb13a1bb6e2c5dce65b0f2e98262ad9a.jpg_710x360_67f45c1f.jpg〇https://imgs.qunarzz.com/sight/p0/1410/14/e70caaa9cfb34f149e3d86276ecf1925.jpg_710x360_ed9d6314.jpg,"{""ret"": true, ""data"": {""tagList"": [{""tagType"": 3, ""tagScore"": 5, ""tagNum"": 1, ""tagName"": ""\u5dee\u8bc4""}, {""tagType"": 1, ""tagScore"": 5, ""tagNum"": 33, ""tagName"": ""\u597d\u8bc4""}, {""tagType"": 0, ""tagScore"": 5, ""tagNum"": 34, ""tagName"": ""\u5168\u90e8""}], ""commentList"": [{""author"": ""\u53bb*\u6237"", ""content"": ""\u7528\u6237\u672a\u70b9\u8bc4\uff0c\u7cfb\u7edf\u9ed8\u8ba4\u597d\u8bc4\u3002"", ""date"": ""2023-11-04"", ""score"": 5, ""commentId"": ""230121812"", ""imgs"": [], ""userNickName"": ""\u53bb*\u6237"", ""replyCityName"": """", ""cityName"": """"}, {""author"": ""\u53bb*\u6237"", ""content"": ""\u7528\u6237\u672a\u70b9\u8bc4\uff0c\u7cfb\u7edf\u9ed8\u8ba4\u597d\u8bc4\u3002"", ""date"": ""2023-11-04"", ""score"": 5, ""commentId"": ""230121569"", ""imgs"": [], ""userNickName"": ""\u53bb*\u6237"", ""replyCityName"": """", ""cityName"": """"}, {""author"": ""u*2"", ""content"": ""\u7528\u6237\u672a\u70b9\u8bc4\uff0c\u7cfb\u7edf\u9ed8\u8ba4\u597d\u8bc4\u3002"", ""date"": ""2023-11-03"", ""score"": 5, ""commentId"": ""229980047"", ""imgs"": [], ""userNickName"": ""u*2"", ""replyCityName"": """", ""cityName"": """"}, {""author"": ""S*8"", ""content"": ""\u7528\u6237\u672a\u70b9\u8bc4\uff0c\u7cfb\u7edf\u9ed8\u8ba4\u597d\u8bc4\u3002"", ""date"": ""2023-11-02"", ""score"": 5, ""commentId"": ""229908903"", ""imgs"": [], ""userNickName"": ""S*8"", ""replyCityName"": """", ""cityName"": """"}, {""author"": ""S*8"", ""content"": ""\u7528\u6237\u672a\u70b9\u8bc4\uff0c\u7cfb\u7edf\u9ed8\u8ba4\u597d\u8bc4\u3002"", ""date"": ""2023-11-02"", ""score"": 5, ""commentId"": ""229908613"", ""imgs"": [], ""userNickName"": ""S*8"", ""replyCityName"": """", ""cityName"": """"}, {""author"": ""\u5bd2*6"", ""content"": ""\u7528\u6237\u672a\u70b9\u8bc4\uff0c\u7cfb\u7edf\u9ed8\u8ba4\u597d\u8bc4\u3002"", ""date"": ""2023-11-01"", ""score"": 5, ""commentId"": ""229742798"", ""imgs"": [], ""userNickName"": ""\u5bd2*6"", ""replyCityName"": """", ""cityName"": """"}, {""author"": ""x*2"", ""content"": ""\u7528\u6237\u672a\u70b9\u8bc4\uff0c\u7cfb\u7edf\u9ed8\u8ba4\u597d\u8bc4\u3002"", ""date"": ""2023-10-31"", ""score"": 5, ""commentId"": ""229631210"", ""imgs"": [], ""userNickName"": ""x*2"", ""replyCityName"": """", ""cityName"": """"}, {""author"": ""x*2"", ""content"": ""\u7528\u6237\u672a\u70b9\u8bc4\uff0c\u7cfb\u7edf\u9ed8\u8ba4\u597d\u8bc4\u3002"", ""date"": ""2023-10-31"", ""score"": 5, ""commentId"": ""229631205"", ""imgs"": [], ""userNickName"": ""x*2"", ""replyCityName"": """", ""cityName"": """"}, {""author"": ""x*2"", ""content"": ""\u7528\u6237\u672a\u70b9\u8bc4\uff0c\u7cfb\u7edf\u9ed8\u8ba4\u597d\u8bc4\u3002"", ""date"": ""2023-10-31"", ""score"": 5, ""commentId"": ""229631138"", ""imgs"": [], ""userNickName"": ""x*2"", ""replyCityName"": """", ""cityName"": """"}, {""author"": ""\u6797*3"", ""content"": ""\u7528\u6237\u672a\u70b9\u8bc4\uff0c\u7cfb\u7edf\u9ed8\u8ba4\u597d\u8bc4\u3002"", ""date"": ""2023-10-30"", ""score"": 5, ""commentId"": ""229608473"", ""imgs"": [], ""userNickName"": ""\u6797*3"", ""replyCityName"": """", ""cityName"": """"}], ""score"": 4.9, ""commentCount"": 34}, ""statusCode"": 200}"
阳江山海经农业大观园,https://qimgs.qunarzz.com/piao_qsight_provider_piao_qsight_web/0100p120008gd7vjf2FB4_C_900_504.jpg_280x200_d101b2f2.jpg,阳江市,江城区,广东省阳江市江城区麻礼沙村山海经花海,-1,-1.0,N/A,https://piao.qunar.com/ticket/detail_2424856415.html?st=a3clM0QlRTYlQjElOUYlRTUlOUYlOEUlRTUlOEMlQkElMjZpZCUzRDUyOTYxNiUyNnR5cGUlM0QwJTI2aWR4JTNENTclMjZxdCUzRCUyNmFwayUzRDIlMjZzYyUzRFdXVyUyNnVyJTNEJUU0JUI4JUFEJUU1JUIxJUIxJTI2bHIlM0QlRTQlQjglQUQlRTUlQjElQjElMjZmdCUzRCU3QiU3RA%3D%3D#from=mpl_search_suggest,-1.0,N/A,N/A,1/1-12/31；周一至周日；09:00-18:00开园,https://qimgs.qunarzz.com/piao_qsight_provider_piao_qsight_web/0100p120008gd7vjf2FB4_C_900_504.jpg_710x360_73531f37.jpg,"{""ret"": true, ""data"": {""tagList"": [{""tagType"": 0, ""tagScore"": 5, ""tagNum"": 0, ""tagName"": ""\u5168\u90e8""}], ""score"": 0.0, ""commentCount"": 0}, ""statusCode"": 200}"
海陵岛天成游船,https://qimgs.qunarzz.com/piao_qsight_provider_piao_qsight_web/010491200087dedjuA7F6_C_900_504.jpg_280x200_5d35dd0d.jpg,阳江市,江城区,阳江市江城区闸坡中心渔港高桩码头,-1,-1.0,N/A,https://piao.qunar.com/ticket/detail_1487247321.html?st=a3clM0QlRTYlQjElOUYlRTUlOUYlOEUlRTUlOEMlQkElMjZpZCUzRDUzNjUyMyUyNnR5cGUlM0QwJTI2aWR4JTNENjAlMjZxdCUzRCUyNmFwayUzRDIlMjZzYyUzRFdXVyUyNnVyJTNEJUU0JUI4JUFEJUU1JUIxJUIxJTI2bHIlM0QlRTQlQjglQUQlRTUlQjElQjElMjZmdCUzRCU3QiU3RA%3D%3D#from=mpl_search_suggest,-1.0,N/A,N/A,具体营业状态以当天开放情况为准,https://qimgs.qunarzz.com/piao_qsight_provider_piao_qsight_web/010491200087dedjuA7F6_C_900_504.jpg_710x360_17f832d7.jpg〇https://qimgs.qunarzz.com/piao_qsight_provider_piao_qsight_web/010491200087dedjuA7F6_C_900_504_Q90_Mtg_7.jpg_710x360_7d65e896.jpg,"{""ret"": true, ""data"": {""tagList"": [{""tagType"": 0, ""tagScore"": 5, ""tagNum"": 0, ""tagName"": ""\u5168\u90e8""}], ""score"": 0.0, ""commentCount"": 0}, ""statusCode"": 200}"
星空之眼摩天轮(星港汇店),https://qimgs.qunarzz.com/piao_qsight_provider_piao_qsight_web/0105p12000azi3qr8C90B_C_900_504.jpg_280x200_fe3871a0.jpg,阳江市,阳东区,广东省阳江市阳东区广雅路星港汇5楼摩天轮广场,-1,-1.0,星空之眼摩天轮是粤西地区一个屋顶摩天轮，为阳江标志性景点，摩天轮直径为52米，乘客座舱有30个，可同时容纳180位乘客，,https://piao.qunar.com/ticket/detail_3858647244.html?st=a3clM0QlRTklOTglQjMlRTQlQjglOUMlRTUlOEMlQkElMjZpZCUzRDUwODI1MyUyNnR5cGUlM0QwJTI2aWR4JTNEMTIlMjZxdCUzRCUyNmFwayUzRDIlMjZzYyUzRFdXVyUyNnVyJTNEJUU0JUI4JUFEJUU1JUIxJUIxJTI2bHIlM0QlRTQlQjglQUQlRTUlQjElQjElMjZmdCUzRCU3QiU3RA%3D%3D#from=mpl_search_suggest,-1.0,N/A,星空之眼摩天轮是粤西地区一个屋顶摩天轮，为阳江标志性景点，摩天轮直径为52米，乘客座舱有30个，可同时容纳180位乘客，摩天轮旋转一周所需时间为15分钟，当到达80米时，可以独揽全程人文风光，视野宽阔，这里不仅仅是观景的平台，更是一种蕴含着人与摩天轮的城市休闲生活态度，有属实的娱乐环境、温馨优质的服务，将带给人休闲、娱乐、观光一体的生活体验。,具体营业状态以当天开放情况为准,https://qimgs.qunarzz.com/piao_qsight_provider_piao_qsight_web/0105p12000azi3qr8C90B_C_900_504.jpg_710x360_e2013136.jpg〇https://qimgs.qunarzz.com/piao_qsight_provider_piao_qsight_web/0105p12000azi3qr8C90B_C_900_504_Q90_Mtg_7.jpg_710x360_52ef3de0.jpg,"{""ret"": true, ""data"": {""tagList"": [{""tagType"": 0, ""tagScore"": 5, ""tagNum"": 0, ""tagName"": ""\u5168\u90e8""}], ""score"": 0.0, ""commentCount"": 0}, ""statusCode"": 200}"
海鲜排挡,https://imgs.qunarzz.com/sight/p58/201211/00/1ea291b5a33a8cf093835fbb.jpg_280x200_951f468a.jpg,阳江市,江城区,广东省阳江市江城区闸坡镇东方银滩,-1,-1.0,餐厅为于海边悬崖上、正宗、品种齐全的生猛海鲜。,https://piao.qunar.com/ticket/detail_1537973235.html?st=a3clM0QlRTYlQjElOUYlRTUlOUYlOEUlRTUlOEMlQkElMjZpZCUzRDI2MzgwJTI2dHlwZSUzRDAlMjZpZHglM0Q1NiUyNnF0JTNEJTI2YXBrJTNEMiUyNnNjJTNEV1dXJTI2dXIlM0QlRTQlQjglQUQlRTUlQjElQjElMjZsciUzRCVFNCVCOCVBRCVFNSVCMSVCMSUyNmZ0JTNEJTdCJTdE#from=mpl_search_suggest,-1.0,N/A,餐厅为于海边悬崖上、正宗、品种齐全的生猛海鲜。,暂无,https://imgs.qunarzz.com/sight/p58/201211/00/1ea291b5a33a8cf093835fbb.jpg_710x360_a8e59546.jpg,"{""ret"": true, ""data"": {""tagList"": [{""tagType"": 0, ""tagScore"": 5, ""tagNum"": 0, ""tagName"": ""\u5168\u90e8""}], ""score"": 0.0, ""commentCount"": 0}, ""statusCode"": 200}"
灵谷庙,https://imgs.qunarzz.com/sight/p0/201303/29/73ecc8bf0a2bdc7cc8d65eac.jpg_280x200_633c21ea.jpg,阳江市,江城区,广东省阳江市江城区海陵岛灵谷村,-1,-1.0,时庙中熙熙攘攘，香烟绩绕,https://piao.qunar.com/ticket/detail_445085990.html?st=a3clM0QlRTYlQjElOUYlRTUlOUYlOEUlRTUlOEMlQkElMjZpZCUzRDE4ODIyNiUyNnR5cGUlM0QwJTI2aWR4JTNENTUlMjZxdCUzRCUyNmFwayUzRDIlMjZzYyUzRFdXVyUyNnVyJTNEJUU0JUI4JUFEJUU1JUIxJUIxJTI2bHIlM0QlRTQlQjglQUQlRTUlQjElQjElMjZmdCUzRCU3QiU3RA%3D%3D#from=mpl_search_suggest,-1.0,N/A,灵谷庙位于广东阳江市海陵岛东北部的灵谷村，庙址在村首。庙门西向，正对浅海湾，庙宇属民间神庙，彩饰艳丽，浓青重彩，正殿的供台主位是战神“灵谷公”，神坛两侧有真人大小彩塑，既非宗教先祖，亦非历史人物。造型栩栩如生，服饰华丽，庙里无宗教人士主持活动，却香客如云，声名远播。逢吉日，四村乡人，衣衫干净，敬备香油，向庙中赶去，或许愿奉香，或卜卦问签，是时庙中熙熙攘攘，香烟绩绕。吸引了许多远方的游客，在此体会一番中国民间文化中寓意深刻的鬼神文化气氛。,暂无,https://imgs.qunarzz.com/sight/p0/201303/29/73ecc8bf0a2bdc7cc8d65eac.jpg_710x360_c811a418.jpg,"{""ret"": true, ""data"": {""tagList"": [{""tagType"": 0, ""tagScore"": 5, ""tagNum"": 0, ""tagName"": ""\u5168\u90e8""}], ""score"": 0.0, ""commentCount"": 0}, ""statusCode"": 200}"
望海亭,https://imgs.qunarzz.com/sight/p7/201211/08/adf002b0bede3cea93835fbb.jpg_280x200_894f390a.jpg,阳江市,江城区,N/A,-1,-1.0,亭在悬崖山的海边，视野辽阔，登斯亭也，凉风习习，眼前南海，一览无遗东方银滩望海亭,https://piao.qunar.com/ticket/detail_2994056891.html?st=a3clM0QlRTYlQjElOUYlRTUlOUYlOEUlRTUlOEMlQkElMjZpZCUzRDIwNjk3JTI2dHlwZSUzRDAlMjZpZHglM0Q1NCUyNnF0JTNEJTI2YXBrJTNEMiUyNnNjJTNEV1dXJTI2dXIlM0QlRTQlQjglQUQlRTUlQjElQjElMjZsciUzRCVFNCVCOCVBRCVFNSVCMSVCMSUyNmZ0JTNEJTdCJTdE#from=mpl_search_suggest,-1.0,N/A,亭在悬崖山的海边，视野辽阔，登斯亭也，凉风习习，眼前南海，一览无遗东方银滩望海亭,暂无,https://imgs.qunarzz.com/sight/p7/201211/08/adf002b0bede3cea93835fbb.jpg_710x360_d2ed6beb.jpg,"{""ret"": true, ""data"": {""tagList"": [{""tagType"": 0, ""tagScore"": 5, ""tagNum"": 0, ""tagName"": ""\u5168\u90e8""}], ""score"": 0.0, ""commentCount"": 0}, ""statusCode"": 200}"
北洛秘境山体公园,https://qimgs.qunarzz.com/piao_qsight_provider_piao_qsight_web/0104y120009jhjf1sDDD9_C_900_504.jpg_280x200_e1b8943c.jpg,阳江市,江城区,广东省阳江市海陵岛闸坡镇北洛秘境国际旅游度假区,229,5.0,"在感受阳光、沙滩和海浪的同时，也可以前往附近的山体公园，感受大自然的美丽。
在北洛秘境旁边形成了一大片山体，在这里能听到",https://piao.qunar.com/ticket/detail_3180113330.html?st=a3clM0QlRTYlQjElOUYlRTUlOUYlOEUlRTUlOEMlQkElMjZpZCUzRDUxMTg5MyUyNnR5cGUlM0QwJTI2aWR4JTNEMTUlMjZxdCUzRCUyNmFwayUzRDIlMjZzYyUzRFdXVyUyNnVyJTNEJUU0JUI4JUFEJUU1JUIxJUIxJTI2bHIlM0QlRTQlQjglQUQlRTUlQjElQjElMjZmdCUzRCU3QiU3RA%3D%3D#from=mpl_search_suggest,188.0,N/A,在感受阳光、沙滩和海浪的同时，也可以前往附近的山体公园，感受大自然的美丽。在北洛秘境旁边形成了一大片山体，在这里能听到海浪拍击着岩石，仿佛在演奏着一曲铿锵有力的高歌。,1/1-12/31；周一至周日；08:00-17:30开园；（17:00停止入园）,https://qimgs.qunarzz.com/piao_qsight_provider_piao_qsight_web/0104y120009jhjf1sDDD9_C_900_504.jpg_710x360_de9fb86b.jpg〇https://qimgs.qunarzz.com/piao_qsight_provider_piao_qsight_web/01016120009jhjjm65631_C_900_504_Q90_Mtg_7.jpg_710x360_3f74b88d.jpg〇https://qimgs.qunarzz.com/piao_qsight_provider_piao_qsight_web/0100z120009jhjb1p0E87_C_900_504_Q90_Mtg_7.jpg_710x360_b40a51c4.jpg〇https://qimgs.qunarzz.com/piao_qsight_provider_piao_qsight_web/0101h12000a0oonjgA5DE_C_900_504_Q90_Mtg_7.jpg_710x360_c63a4a9d.jpg〇https://qimgs.qunarzz.com/piao_qsight_provider_piao_qsight_web/0106s12000a0oop8t080F_C_900_504_Q90_Mtg_7.jpg_710x360_1549a0b8.jpg〇https://qimgs.qunarzz.com/piao_qsight_provider_piao_qsight_web/0103u120009jhjjm9601B_C_900_504_Q90_Mtg_7.jpg_710x360_621a022f.jpg〇https://qimgs.qunarzz.com/piao_qsight_provider_piao_qsight_web/0106l120009jhjfucA8CC_C_900_504_Q90_Mtg_7.jpg_710x360_0c94ca04.jpg〇https://qimgs.qunarzz.com/piao_qsight_provider_piao_qsight_web/0107012000a0oo8cm4B4B_C_900_504_Q90_Mtg_7.jpg_710x360_0083867d.jpg〇https://qimgs.qunarzz.com/piao_qsight_provider_piao_qsight_web/0100k120009jhjf23EDC2_C_900_504_Q90_Mtg_7.jpg_710x360_39408f34.jpg〇https://qimgs.qunarzz.com/piao_qsight_provider_piao_qsight_web/01067120009jhj8315C4B_C_900_504_Q90_Mtg_7.jpg_710x360_7cf0e391.jpg〇https://qimgs.qunarzz.com/piao_qsight_provider_piao_qsight_web/0104y120009jhjf1sDDD9_C_900_504_Q90_Mtg_7.jpg_710x360_fc189929.jpg,"{""ret"": true, ""data"": {""tagList"": [{""tagType"": 8, ""tagScore"": 5, ""tagNum"": 1, ""tagName"": ""\u4fbf\u5b9c""}, {""tagType"": 3, ""tagScore"": 5, ""tagNum"": 2, ""tagName"": ""\u5dee\u8bc4""}, {""tagType"": 1, ""tagScore"": 5, ""tagNum"": 227, ""tagName"": ""\u597d\u8bc4""}, {""tagType"": 0, ""tagScore"": 5, ""tagNum"": 229, ""tagName"": ""\u5168\u90e8""}], ""commentList"": [{""author"": ""a*4"", ""content"": ""\u7528\u6237\u672a\u70b9\u8bc4\uff0c\u7cfb\u7edf\u9ed8\u8ba4\u597d\u8bc4\u3002"", ""date"": ""2023-11-26"", ""score"": 5, ""commentId"": ""230460408"", ""imgs"": [], ""userNickName"": ""a*4"", ""replyCityName"": """", ""cityName"": """"}, {""author"": ""\u8d2a*\u732a"", ""content"": ""\u7528\u6237\u672a\u70b9\u8bc4\uff0c\u7cfb\u7edf\u9ed8\u8ba4\u597d\u8bc4\u3002"", ""date"": ""2023-11-05"", ""score"": 5, ""commentId"": ""230154420"", ""imgs"": [], ""userNickName"": ""\u8d2a*\u732a"", ""replyCityName"": """", ""cityName"": """"}, {""author"": ""\u53bb*\u6237"", ""content"": ""\u7528\u6237\u672a\u70b9\u8bc4\uff0c\u7cfb\u7edf\u9ed8\u8ba4\u597d\u8bc4\u3002"", ""date"": ""2023-11-04"", ""score"": 5, ""commentId"": ""230116567"", ""imgs"": [], ""userNickName"": ""\u53bb*\u6237"", ""replyCityName"": """", ""cityName"": """"}, {""author"": ""J*4"", ""content"": ""\u7528\u6237\u672a\u70b9\u8bc4\uff0c\u7cfb\u7edf\u9ed8\u8ba4\u597d\u8bc4\u3002"", ""date"": ""2023-11-04"", ""score"": 5, ""commentId"": ""230114833"", ""imgs"": [], ""userNickName"": ""J*4"", ""replyCityName"": """", ""cityName"": """"}, {""author"": ""\u53bb*\u6237"", ""content"": ""\u7528\u6237\u672a\u70b9\u8bc4\uff0c\u7cfb\u7edf\u9ed8\u8ba4\u597d\u8bc4\u3002"", ""date"": ""2023-11-04"", ""score"": 5, ""commentId"": ""230100170"", ""imgs"": [], ""userNickName"": ""\u53bb*\u6237"", ""replyCityName"": """", ""cityName"": """"}, {""author"": ""\u53bb*\u6237"", ""content"": ""\u7528\u6237\u672a\u70b9\u8bc4\uff0c\u7cfb\u7edf\u9ed8\u8ba4\u597d\u8bc4\u3002"", ""date"": ""2023-11-04"", ""score"": 5, ""commentId"": ""230098817"", ""imgs"": [], ""userNickName"": ""\u53bb*\u6237"", ""replyCityName"": """", ""cityName"": """"}, {""author"": ""m*7"", ""content"": ""\u7528\u6237\u672a\u70b9\u8bc4\uff0c\u7cfb\u7edf\u9ed8\u8ba4\u597d\u8bc4\u3002"", ""date"": ""2023-11-03"", ""score"": 5, ""commentId"": ""230026319"", ""imgs"": [], ""userNickName"": ""m*7"", ""replyCityName"": """", ""cityName"": """"}, {""author"": ""\u53bb*\u6237"", ""content"": ""\u7528\u6237\u672a\u70b9\u8bc4\uff0c\u7cfb\u7edf\u9ed8\u8ba4\u597d\u8bc4\u3002"", ""date"": ""2023-11-03"", ""score"": 5, ""commentId"": ""230017149"", ""imgs"": [], ""userNickName"": ""\u53bb*\u6237"", ""replyCityName"": """", ""cityName"": """"}, {""author"": ""\u53bb*\u6237"", ""content"": ""\u7528\u6237\u672a\u70b9\u8bc4\uff0c\u7cfb\u7edf\u9ed8\u8ba4\u597d\u8bc4\u3002"", ""date"": ""2023-11-03"", ""score"": 5, ""commentId"": ""230002376"", ""imgs"": [], ""userNickName"": ""\u53bb*\u6237"", ""replyCityName"": """", ""cityName"": """"}, {""author"": ""o*7"", ""content"": ""\u7528\u6237\u672a\u70b9\u8bc4\uff0c\u7cfb\u7edf\u9ed8\u8ba4\u597d\u8bc4\u3002"", ""date"": ""2023-11-03"", ""score"": 5, ""commentId"": ""229996843"", ""imgs"": [], ""userNickName"": ""o*7"", ""replyCityName"": """", ""cityName"": """"}], ""score"": 5.0, ""commentCount"": 229}, ""statusCode"": 200}"
闸坡,https://qimgs.qunarzz.com/piao_qsight_provider_piao_qsight_web/0102n12000bbe2rw27FC1_C_900_504.jpg_280x200_a3a78473.jpg,阳江市,江城区,阳江市江城区海滨路阳江汽车总站闸坡车站西南侧约270米,901,4.8,体验出海尝生猛海鲜,https://piao.qunar.com/ticket/detail_2082612446.html?st=a3clM0QlRTYlQjElOUYlRTUlOUYlOEUlRTUlOEMlQkElMjZpZCUzRDE4ODIxNiUyNnR5cGUlM0QwJTI2aWR4JTNEMTQlMjZxdCUzRCUyNmFwayUzRDIlMjZzYyUzRFdXVyUyNnVyJTNEJUU0JUI4JUFEJUU1JUIxJUIxJTI2bHIlM0QlRTQlQjglQUQlRTUlQjElQjElMjZmdCUzRCU3QiU3RA%3D%3D#from=mpl_search_suggest,500.0,N/A,闸坡是海陵岛重镇，辖区17平方公里，常住人口三万。前清时期，西南沿海港口成为船舶避风补给之处，闸坡镇开始建制。随着商务和渔业生产的发展，镇上渐渐有了店铺作坊，有了酒肆茶楼，有了集市贸易。港口内船密人稠，镇外开辟了稻田菜地，如今作为全国十大渔港的闸坡港，海市热闹非凡。闸坡紧靠大角湾，是一个以渔业为主的古镇，位于海陵岛，海陵岛位于广东省阳江市西南端。大角湾位于闸坡镇东南。滩长2.45公里，宽50至60米，以阳光、沙滩、海浪、海鲜驰名于世。在闸坡能得到完全的放松，充分的刺激，游乐项目包括冲浪、橡皮艇、摩托艇、沙滩赛马、骑骆驼、沙滩排球、逐浪溜冰、激光射击、钓鱼、烧烤等。闸坡镇每到入夜异常热闹，夜市通宵营业。,1/1-12/31；周一至周日；全天开放,https://qimgs.qunarzz.com/piao_qsight_provider_piao_qsight_web/0102n12000bbe2rw27FC1_C_900_504.jpg_710x360_2e993f42.jpg〇https://qimgs.qunarzz.com/piao_qsight_provider_piao_qsight_web/0100d12000b95uae4B930_C_900_504_Q90_Mtg_7.jpg_710x360_337b0402.jpg〇https://qimgs.qunarzz.com/piao_qsight_provider_piao_qsight_web/0101e12000b95pi3t90D5_C_900_504_Q90_Mtg_7.jpg_710x360_24d84496.jpg〇https://qimgs.qunarzz.com/piao_qsight_provider_piao_qsight_web/0101k12000brfbkjh7E7B_C_900_504_Q90_Mtg_7.jpg_710x360_1f0780e3.jpg〇https://qimgs.qunarzz.com/piao_qsight_provider_piao_qsight_web/0104g12000b95tv198103_C_900_504_Q90_Mtg_7.jpg_710x360_c77aaa16.jpg〇https://qimgs.qunarzz.com/piao_qsight_provider_piao_qsight_web/0102n12000bbe2rw27FC1_C_900_504_Q90_Mtg_7.jpg_710x360_d2144d9b.jpg〇https://qimgs.qunarzz.com/piao_qsight_provider_piao_qsight_web/a7da19b35dd17902.jpg_710x360_d4f3244a.jpg〇https://qimgs.qunarzz.com/piao_qsight_provider_piao_qsight_web/dcb33a30d9fa3c02.jpg_710x360_06d6a989.jpg〇https://qimgs.qunarzz.com/piao_qsight_provider_piao_qsight_web/1fab4efcd76bd902.jpg_710x360_84d8cc58.jpg〇https://qimgs.qunarzz.com/piao_qsight_provider_piao_qsight_web/ad443a0c2858f002.jpg_710x360_444f802b.jpg〇https://qimgs.qunarzz.com/piao_qsight_provider_piao_qsight_web/7a272bc94153a902.jpg_710x360_e982edf2.jpg〇https://qimgs.qunarzz.com/piao_qsight_provider_piao_qsight_web/5c88396e797df902.jpg_710x360_b17306e1.jpg〇https://qimgs.qunarzz.com/piao_qsight_provider_piao_qsight_web/de50dcaa7f80f902.jpg_710x360_78955350.jpg〇https://qimgs.qunarzz.com/piao_qsight_provider_piao_qsight_web/7f3285ee4b47d602.jpg_710x360_89b0b92c.jpg〇https://qimgs.qunarzz.com/piao_qsight_provider_piao_qsight_web/808528f16e2f8c02.jpg_710x360_1501a128.jpg〇https://qimgs.qunarzz.com/piao_qsight_provider_piao_qsight_web/e24b8e226e51f702.jpg_710x360_2b8f830b.jpg〇https://qimgs.qunarzz.com/piao_qsight_provider_piao_qsight_web/5132c376288a9702.jpg_710x360_c4b33af4.jpg〇https://qimgs.qunarzz.com/piao_qsight_provider_piao_qsight_web/0b8ac616fe177102.jpg_710x360_871a66a0.jpg〇https://qimgs.qunarzz.com/piao_qsight_provider_piao_qsight_web/b355c685f24c3a02.jpg_710x360_769b257f.jpg〇https://qimgs.qunarzz.com/piao_qsight_provider_piao_qsight_web/93ad9817b05c3f02.jpg_710x360_69357565.jpg〇https://qimgs.qunarzz.com/piao_qsight_provider_piao_qsight_web/47c8c67ff7e4bb02.jpg_710x360_364110b3.jpg〇https://qimgs.qunarzz.com/piao_qsight_provider_piao_qsight_web/6ee770db64906b02.jpg_710x360_92d55c46.jpg〇https://qimgs.qunarzz.com/piao_qsight_provider_piao_qsight_web/607550ef8b253b02.jpg_710x360_217de77d.jpg〇https://qimgs.qunarzz.com/piao_qsight_provider_piao_qsight_web/c5b8d2f46289c902.jpg_710x360_d16d414b.jpg〇https://qimgs.qunarzz.com/piao_qsight_provider_piao_qsight_web/66876f050eae4202.jpg_710x360_837d5aee.jpg,"{""ret"": true, ""data"": {""tagList"": [{""tagType"": 32, ""tagScore"": 5, ""tagNum"": 15, ""tagName"": ""\u670d\u52a1\u597d""}, {""tagType"": 16, ""tagScore"": 5, ""tagNum"": 17, ""tagName"": ""\u9760\u8c31""}, {""tagType"": 8, ""tagScore"": 5, ""tagNum"": 20, ""tagName"": ""\u4fbf\u5b9c""}, {""tagType"": 4, ""tagScore"": 5, ""tagNum"": 20, ""tagName"": ""\u53d6\u7968\u65b9\u4fbf""}, {""tagType"": 3, ""tagScore"": 5, ""tagNum"": 3, ""tagName"": ""\u5dee\u8bc4""}, {""tagType"": 2, ""tagScore"": 5, ""tagNum"": 8, ""tagName"": ""\u4e2d\u8bc4""}, {""tagType"": 1, ""tagScore"": 5, ""tagNum"": 873, ""tagName"": ""\u597d\u8bc4""}, {""tagType"": 0, ""tagScore"": 5, ""tagNum"": 901, ""tagName"": ""\u5168\u90e8""}], ""commentList"": [{""author"": ""k*6"", ""content"": ""\u623f\u95f4\u5f88\u5e72\u51c0\uff0c\uff01\u97f3\u54cd\u97f3\u8d28\u4e0d\u9519\uff0c\u7ba1\u5bb6\u670d\u52a1\u6001\u5ea6\u5f88\u597d\uff0c\u6709\u6c42\u5fc5\u5e94\u3002\u6709\u53a8\u623f\u53ef\u4ee5\u505a\u996d\u5f88 ok\uff0c\u4e0b\u6b21\u8fc7\u6765\u8fd8\u4f1a\u9009\u62e9\u8fd9\u91cc\u3002"", ""date"": ""2024-08-08"", ""score"": 5, ""commentId"": ""235346978"", ""imgs"": [{""small"": ""https://qimgs.qunarzz.com/mp_piao_0001/temp7006686681023871986file_1723109374000.jpg_120x120_f0975c87.jpg"", ""title"": """", ""big"": ""https://qimgs.qunarzz.com/mp_piao_0001/temp7006686681023871986file_1723109374000.jpg""}, {""small"": ""https://qimgs.qunarzz.com/mp_piao_0001/temp15583421038721929603file_1723109374000.jpg_120x120_2f8a9814.jpg"", ""title"": """", ""big"": ""https://qimgs.qunarzz.com/mp_piao_0001/temp15583421038721929603file_1723109374000.jpg""}, {""small"": ""https://qimgs.qunarzz.com/mp_piao_0001/temp3030026251517886342file_1723109374000.jpg_120x120_7acfd39d.jpg"", ""title"": """", ""big"": ""https://qimgs.qunarzz.com/mp_piao_0001/temp3030026251517886342file_1723109374000.jpg""}, {""small"": ""https://qimgs.qunarzz.com/mp_piao_0001/temp7289682326589984747file_1723109374000.jpg_120x120_022a2c71.jpg"", ""title"": """", ""big"": ""https://qimgs.qunarzz.com/mp_piao_0001/temp7289682326589984747file_1723109374000.jpg""}], ""userNickName"": ""k*6"", ""replyCityName"": ""\u5e7f\u4e1c"", ""cityName"": ""\u5c71\u897f""}, {""author"": ""\u53bb*\u6237"", ""content"": ""\u548c\u51e0\u4e2a\u670b\u53cb\u4e00\u8d77\u51fa\u6e38\uff0c\u5f88\u5e78\u8fd0\u7684\u662f\u6ca1\u6709\u4e0b\u96e8\uff0c\u5929\u6c14\u683c\u5916\u6674\u6717\u2600\uff0c\u73a9\u7684\u5f88\u5f00\u5fc3\u3002\u4f4f\u7684\u4e5f\u5f88\u8212\u670d\uff0c\u5f88\u5212\u7b97\u3002\u4e0b\u6b21\u8fd8\u8981\u6765"", ""date"": ""2024-08-15"", ""score"": 5, ""commentId"": ""235545592"", ""imgs"": [{""small"": ""https://qimgs.qunarzz.com/mp_piao_0001/temp16466191240359310511file_1723691767000.jpg_120x120_4c3b2abe.jpg"", ""title"": """", ""big"": ""https://qimgs.qunarzz.com/mp_piao_0001/temp16466191240359310511file_1723691767000.jpg""}, {""small"": ""https://qimgs.qunarzz.com/mp_piao_0001/temp3847890508736023594file_1723691767000.jpg_120x120_542dac54.jpg"", ""title"": """", ""big"": ""https://qimgs.qunarzz.com/mp_piao_0001/temp3847890508736023594file_1723691767000.jpg""}, {""small"": ""https://qimgs.qunarzz.com/mp_piao_0001/temp12768245537850915102file_1723691767000.jpg_120x120_6845cd91.jpg"", ""title"": """", ""big"": ""https://qimgs.qunarzz.com/mp_piao_0001/temp12768245537850915102file_1723691767000.jpg""}], ""userNickName"": ""\u53bb*\u6237"", ""replyCityName"": ""\u5e7f\u4e1c"", ""cityName"": ""\u5c71\u4e1c""}, {""author"": ""\u53bb*\u6237"", ""content"": ""\u623f\u5b50\u6027\u4ef7\u6bd4\u9ad8\uff0c\u7ba1\u5bb6\u963f\u5f6c\u7279\u522b\u597d\uff0c\u670d\u52a1\u5468\u5230\uff0c\u6709\u95ee\u5fc5\u7b54\uff0c\u56de\u590d\u5feb\uff0c\u5e2e\u5fd9\u89e3\u51b3\u95ee\u9898\u5feb\uff0c\u975e\u5e38\u6ee1\u610f\uff0c\u4e0b\u6b21\u63a8\u8350\u670b\u53cb\u6765\uff01"", ""date"": ""2024-08-08"", ""score"": 5, ""commentId"": ""235346350"", ""imgs"": [{""small"": ""https://qimgs.qunarzz.com/mp_piao_0001/temp8503319250835316633file_1723081414000.jpg_120x120_3f178e0a.jpg"", ""title"": """", ""big"": ""https://qimgs.qunarzz.com/mp_piao_0001/temp8503319250835316633file_1723081414000.jpg""}, {""small"": ""https://qimgs.qunarzz.com/mp_piao_0001/temp9888926021074078257file_1723081414000.jpg_120x120_cfc34666.jpg"", ""title"": """", ""big"": ""https://qimgs.qunarzz.com/mp_piao_0001/temp9888926021074078257file_1723081414000.jpg""}, {""small"": ""https://qimgs.qunarzz.com/mp_piao_0001/temp6323896475998839139file_1723081414000.jpg_120x120_8e43542c.jpg"", ""title"": """", ""big"": ""https://qimgs.qunarzz.com/mp_piao_0001/temp6323896475998839139file_1723081414000.jpg""}], ""userNickName"": ""\u53bb*\u6237"", ""replyCityName"": ""\u5e7f\u4e1c"", ""cityName"": ""\u56db\u5ddd""}, {""author"": ""\u53bb*\u6237"", ""content"": ""\u536b\u751f\u5f88\u5e72\u51c0\uff0c\u73af\u5883\u4e0d\u9519\uff01 \u623f\u95f4\u7684\u5e8a\u90fd\u5f88\u5927\uff0c\u670d\u52a1\u4e5f\u5f88\u597d\uff01 \u4e00\u5bb6\u4eba\u73a9\u7684\u7279\u522b\u5f00\u5fc3\uff01 \u4e0b\u6b21\u8fd8\u4f1a\u518d\u6765\u73a9\u7684\ud83d\udc4d"", ""date"": ""2024-08-28"", ""score"": 5, ""commentId"": ""235975935"", ""imgs"": [{""small"": ""https://qimgs.qunarzz.com/mp_piao_0001/temp585397609771562197file_1724824971000.jpg_120x120_f4ec002d.jpg"", ""title"": """", ""big"": ""https://qimgs.qunarzz.com/mp_piao_0001/temp585397609771562197file_1724824971000.jpg""}, {""small"": ""https://qimgs.qunarzz.com/mp_piao_0001/temp52626091360154010file_1724824971000.jpg_120x120_44c76d97.jpg"", ""title"": """", ""big"": ""https://qimgs.qunarzz.com/mp_piao_0001/temp52626091360154010file_1724824971000.jpg""}, {""small"": ""https://qimgs.qunarzz.com/mp_piao_0001/temp9695737168857193268file_1724824971000.jpg_120x120_a5907fb2.jpg"", ""title"": """", ""big"": ""https://qimgs.qunarzz.com/mp_piao_0001/temp9695737168857193268file_1724824971000.jpg""}], ""userNickName"": ""\u53bb*\u6237"", ""replyCityName"": ""\u5e7f\u4e1c"", ""cityName"": ""\u5929\u6d25""}, {""author"": ""x*1"", ""content"": ""\u4e00\u6d41\u7684\u670d\u52a1\uff0c\u4f18\u7f8e\u7684\u73af\u5883\uff0c\u4ee4\u4eba\u60ec\u610f\u65e0\u6bd4\u3002\u623f\u95f4\u5e03\u7f6e\u6e29\u99a8\u8212\u9002\uff0c\u8bbe\u65bd\u8bbe\u5907\u9f50\u5168\u3002\u70e7\u70e4\u6e38\u6cf3\u9ebb\u5c06\u7b49\u5a31\u4e50\u9879\u76ee\u5f88\u591a\uff0c\u4f4f\u7684\u8212\u5fc3\uff0c\u73a9\u7684\u5f00\u5fc3\uff0c\u6709\u673a\u4f1a\u518d\u6765\u3002"", ""date"": ""2024-10-09"", ""score"": 5, ""commentId"": ""237571516"", ""imgs"": [], ""userNickName"": ""x*1"", ""replyCityName"": ""\u5e7f\u4e1c"", ""cityName"": ""\u6cb3\u5357""}, {""author"": ""\u53bb*\u6237"", ""content"": ""\u7528\u6237\u672a\u70b9\u8bc4\uff0c\u7cfb\u7edf\u9ed8\u8ba4\u597d\u8bc4\u3002"", ""date"": ""2022-06-10"", ""score"": 5, ""commentId"": ""222429431"", ""imgs"": [], ""userNickName"": ""\u53bb*\u6237"", ""replyCityName"": """", ""cityName"": """"}, {""author"": ""k*7"", ""content"": ""\u7528\u6237\u672a\u70b9\u8bc4\uff0c\u7cfb\u7edf\u9ed8\u8ba4\u597d\u8bc4\u3002"", ""date"": ""2022-06-04"", ""score"": 5, ""commentId"": ""222418529"", ""imgs"": [], ""userNickName"": ""k*7"", ""replyCityName"": """", ""cityName"": """"}, {""author"": ""h*2"", ""content"": ""\u597d\uff0c\u666f\u7f8e\uff0c\u5403\u996d\u65b9\u4fbf\uff0c\u6574\u4f53\u4e0d\u9519\uff0c\u5c0f\u8881\u5f88\u68d2"", ""date"": ""2022-05-02"", ""score"": 5, ""commentId"": ""222305329"", ""imgs"": [], ""userNickName"": ""h*2"", ""replyCityName"": """", ""cityName"": """"}, {""author"": ""i*3"", ""content"": ""\u7528\u6237\u672a\u70b9\u8bc4\uff0c\u7cfb\u7edf\u9ed8\u8ba4\u597d\u8bc4\u3002"", ""date"": ""2021-10-14"", ""score"": 5, ""commentId"": ""220915903"", ""imgs"": [], ""userNickName"": ""i*3"", ""replyCityName"": """", ""cityName"": """"}, {""author"": ""r*3"", ""content"": ""\u7528\u6237\u672a\u70b9\u8bc4\uff0c\u7cfb\u7edf\u9ed8\u8ba4\u597d\u8bc4\u3002"", ""date"": ""2021-09-08"", ""score"": 5, ""commentId"": ""220689690"", ""imgs"": [], ""userNickName"": ""r*3"", ""replyCityName"": """", ""cityName"": """"}], ""score"": 4.8, ""commentCount"": 901}, ""statusCode"": 200}"
海天旅游度假村,https://imgs.qunarzz.com/sight/p0/201304/15/41239cc8434edae9c8d65eac.jpg_280x200_1b787b52.jpg,阳江市,阳西县,广东省阳西县沙扒镇海滨东路48号,-1,-1.0,天蓝水碧，鸥翔鱼游，礁石环岛棋布,https://piao.qunar.com/ticket/detail_440701885.html?st=a3clM0QlRTklOTglQjMlRTglQTUlQkYlRTUlOEUlQkYlMjZpZCUzRDE5MDY1NCUyNnR5cGUlM0QwJTI2aWR4JTNEMTklMjZxdCUzRCUyNmFwayUzRDIlMjZzYyUzRFdXVyUyNnVyJTNEJUU0JUI4JUFEJUU1JUIxJUIxJTI2bHIlM0QlRTQlQjglQUQlRTUlQjElQjElMjZmdCUzRCU3QiU3RA%3D%3D#from=mpl_search_suggest,-1.0,N/A,海天旅游度假邨位于环境优美的沙扒镇东南海岸，以健康、环保为主题，融海上观光、运动、游乐、休闲度假于一体，是独具特色的海滨旅游度假区。区内既有完善的综合服务设施，还设有蛋家文化展览馆、文化广场、祭海广场等颇具地方特色的设施。纵观全貌，度假邨前环碧水、岛屿星罗棋布；后耸云峰、树木葱茏叠秀。远离都市烦嚣、尽纳三川奇韵。游客白昼搏浪嬉水，驾轻舟垂钓，尽得海上运动之乐趣；晚上银滩漫步，观渔火听涛，细品浪漫人生之真谛。,暂无,https://imgs.qunarzz.com/sight/p0/201304/15/41239cc8434edae9c8d65eac.jpg_710x360_e9af7482.jpg〇https://imgs.qunarzz.com/sight/p0/201304/15/b783b1cd89726d2ec8d65eac.jpg_710x360_44cb6214.jpg,"{""ret"": true, ""data"": {""tagList"": [{""tagType"": 0, ""tagScore"": 5, ""tagNum"": 0, ""tagName"": ""\u5168\u90e8""}], ""score"": 0.0, ""commentCount"": 0}, ""statusCode"": 200}"
青州岛,https://qimgs.qunarzz.com/piao_qsight_provider_piao_qsight_web/0100g120009dh64sw5EAA_C_900_504.jpg_280x200_30606a46.jpg,阳江市,阳西县,阳江市阳西县沙扒湾,-1,-1.0,沙白水清，海岸线优美,https://piao.qunar.com/ticket/detail_3495133708.html?st=a3clM0QlRTklOTglQjMlRTglQTUlQkYlRTUlOEUlQkYlMjZpZCUzRDUyOTIwNSUyNnR5cGUlM0QwJTI2aWR4JTNEMTglMjZxdCUzRCUyNmFwayUzRDIlMjZzYyUzRFdXVyUyNnVyJTNEJUU0JUI4JUFEJUU1JUIxJUIxJTI2bHIlM0QlRTQlQjglQUQlRTUlQjElQjElMjZmdCUzRCU3QiU3RA%3D%3D#from=mpl_search_suggest,-1.0,N/A,N/A,1/1-12/31；周一至周日；全天开放,https://qimgs.qunarzz.com/piao_qsight_provider_piao_qsight_web/0100g120009dh64sw5EAA_C_900_504.jpg_710x360_477baec3.jpg〇https://qimgs.qunarzz.com/piao_qsight_provider_piao_qsight_web/0100g120009dh64sw5EAA_C_900_504_Q90_Mtg_7.jpg_710x360_3d901f2a.jpg,"{""ret"": true, ""data"": {""tagList"": [{""tagType"": 0, ""tagScore"": 5, ""tagNum"": 0, ""tagName"": ""\u5168\u90e8""}], ""score"": 0.0, ""commentCount"": 0}, ""statusCode"": 200}"
大垌山净业寺,https://imgs.qunarzz.com/sight/p7/201211/02/20eaa35f7e059d3193835fbb.jpg_280x200_78dc4479.jpg,阳江市,阳西县,广东阳江阳西县城西五公里大垌山,-1,-1.0,三载游人重访柳，万花绕砌不妨禅,https://piao.qunar.com/ticket/detail_2296890910.html?st=a3clM0QlRTklOTglQjMlRTglQTUlQkYlRTUlOEUlQkYlMjZpZCUzRDE3ODMlMjZ0eXBlJTNEMCUyNmlkeCUzRDE3JTI2cXQlM0QlMjZhcGslM0QyJTI2c2MlM0RXV1clMjZ1ciUzRCVFNCVCOCVBRCVFNSVCMSVCMSUyNmxyJTNEJUU0JUI4JUFEJUU1JUIxJUIxJTI2ZnQlM0QlN0IlN0Q%3D#from=mpl_search_suggest,-1.0,N/A,"大垌山净业寺位于阳西县城西五公里大垌山，是佛的王国，又称万佛城。净业寺历史悠久，清乾隆五十六年（1791）和道光二年（1822年）两次重修。净业寺初名静业庵,清康熙十六年大规模重修时,改名为净业寺。民国二十年阳江县长李伯振组织修缮，成为著名景点。毁于""文化大革命""期间；1988年阳西建县后重建，初具规模.净业寺群山环绕，风光秀美，古树婆娑，寺内有潺潺流水。净业寺坐西朝东南，宝殿斗拱飞檐，黄瓦朱柱，雕梁画栋，巍然耸立；正门上方，悬挂着中国佛教协会会长赵朴初题写的横匾""净业寺""。2000年，妙空法师尽毕生积蓄，打造两千多尊缅甸玉佛，捐赠大垌山净业寺，长7米，高2.5米，重27吨，造型精美。大垌山净业寺是佛教名刹，慕名来访的名人墨客、达官显贵不胜其数。留下名联：""三载游人重访柳，万花绕砌不妨禅""。全国佛教协会会长赵朴初、中国国画大师关山月分别为大垌山净业寺题辞题字。",暂无,https://imgs.qunarzz.com/sight/p7/201211/02/20eaa35f7e059d3193835fbb.jpg_710x360_854d8e19.jpg,"{""ret"": true, ""data"": {""tagList"": [{""tagType"": 0, ""tagScore"": 5, ""tagNum"": 0, ""tagName"": ""\u5168\u90e8""}], ""score"": 0.0, ""commentCount"": 0}, ""statusCode"": 200}"
沙扒湾奇乐摩天轮,https://qimgs.qunarzz.com/piao_qsight_provider_piao_qsight_web/100n1f000001gpcly0B89_C_900_504.jpg_280x200_8426fec0.jpg,阳江市,阳西县,阳江市阳西县沙扒镇海滨路沙扒祖庙附近奇乐游乐园,-1,-1.0,在半空中欣赏壮美海景,https://piao.qunar.com/ticket/detail_670399662.html?st=a3clM0QlRTklOTglQjMlRTglQTUlQkYlRTUlOEUlQkYlMjZpZCUzRDUxMTI0NiUyNnR5cGUlM0QwJTI2aWR4JTNEMTYlMjZxdCUzRCUyNmFwayUzRDIlMjZzYyUzRFdXVyUyNnVyJTNEJUU0JUI4JUFEJUU1JUIxJUIxJTI2bHIlM0QlRTQlQjglQUQlRTUlQjElQjElMjZmdCUzRCU3QiU3RA%3D%3D#from=mpl_search_suggest,-1.0,N/A,N/A,暂无,https://qimgs.qunarzz.com/piao_qsight_provider_piao_qsight_web/100n1f000001gpcly0B89_C_900_504.jpg_710x360_e31bb049.jpg〇https://qimgs.qunarzz.com/piao_qsight_provider_piao_qsight_web/100v0t000000iy2ra7B5D_C_900_504_Q90_Mtg_7.jpg_710x360_3490f8eb.jpg〇https://qimgs.qunarzz.com/piao_qsight_provider_piao_qsight_web/100p0t000000im5sp25CF_C_900_504_Q90_Mtg_7.jpg_710x360_370ffae5.jpg〇https://qimgs.qunarzz.com/piao_qsight_provider_piao_qsight_web/100c0t000000ipo8jC3AF_C_900_504_Q90_Mtg_7.jpg_710x360_f8115c3e.jpg〇https://qimgs.qunarzz.com/piao_qsight_provider_piao_qsight_web/100w0t000000it28xE3DF_C_900_504_Q90_Mtg_7.jpg_710x360_3a28a61a.jpg〇https://qimgs.qunarzz.com/piao_qsight_provider_piao_qsight_web/100t0t000000in2rqFF6A_C_900_504_Q90_Mtg_7.jpg_710x360_8f931a33.jpg〇https://qimgs.qunarzz.com/piao_qsight_provider_piao_qsight_web/100n1f000001gpcly0B89_C_900_504_Q90_Mtg_7.jpg_710x360_2de53139.jpg〇https://imgs.qunarzz.com/sight/p0/2106/c3/c3da761c971ab329a3.img.jpg_710x360_8c8dfd4c.jpg,"{""ret"": true, ""data"": {""tagList"": [{""tagType"": 0, ""tagScore"": 5, ""tagNum"": 0, ""tagName"": ""\u5168\u90e8""}], ""score"": 0.0, ""commentCount"": 0}, ""statusCode"": 200}"
海陵岛海上乐园,https://qimgs.qunarzz.com/piao_qsight_provider_piao_qsight_web/0104l120009hefgdiC126_C_900_504.jpg_280x200_bd63a220.jpg,阳江市,江城区,阳江市江城区海滨路38号,6,5.0,N/A,https://piao.qunar.com/ticket/detail_3352439396.html?st=a3clM0QlRTYlQjElOUYlRTUlOUYlOEUlRTUlOEMlQkElMjZpZCUzRDUwODEyOSUyNnR5cGUlM0QwJTI2aWR4JTNEMTMlMjZxdCUzRCUyNmFwayUzRDIlMjZzYyUzRFdXVyUyNnVyJTNEJUU0JUI4JUFEJUU1JUIxJUIxJTI2bHIlM0QlRTQlQjglQUQlRTUlQjElQjElMjZmdCUzRCU3QiU3RA%3D%3D#from=mpl_search_suggest,100.0,N/A,N/A,1/1-12/31；周一至周日；09:00-18:00开园,https://qimgs.qunarzz.com/piao_qsight_provider_piao_qsight_web/0104l120009hefgdiC126_C_900_504.jpg_710x360_ececf4dc.jpg〇https://qimgs.qunarzz.com/piao_qsight_provider_piao_qsight_web/0104l120009hefgdiC126_C_900_504_Q90_Mtg_7.jpg_710x360_ee226446.jpg,"{""ret"": true, ""data"": {""tagList"": [{""tagType"": 1, ""tagScore"": 5, ""tagNum"": 6, ""tagName"": ""\u597d\u8bc4""}, {""tagType"": 0, ""tagScore"": 5, ""tagNum"": 6, ""tagName"": ""\u5168\u90e8""}], ""commentList"": [{""author"": ""l*3"", ""content"": ""\u7528\u6237\u672a\u70b9\u8bc4\uff0c\u7cfb\u7edf\u9ed8\u8ba4\u597d\u8bc4\u3002"", ""date"": ""2024-11-21"", ""score"": 5, ""commentId"": ""238872883"", ""imgs"": [], ""userNickName"": ""l*3"", ""replyCityName"": """", ""cityName"": """"}, {""author"": ""x*5"", ""content"": ""\u7528\u6237\u672a\u70b9\u8bc4\uff0c\u7cfb\u7edf\u9ed8\u8ba4\u597d\u8bc4\u3002"", ""date"": ""2024-11-06"", ""score"": 5, ""commentId"": ""238648874"", ""imgs"": [], ""userNickName"": ""x*5"", ""replyCityName"": """", ""cityName"": """"}, {""author"": ""\u53bb*\u6237"", ""content"": ""\u7528\u6237\u672a\u70b9\u8bc4\uff0c\u7cfb\u7edf\u9ed8\u8ba4\u597d\u8bc4\u3002"", ""date"": ""2024-10-17"", ""score"": 5, ""commentId"": ""237685192"", ""imgs"": [], ""userNickName"": ""\u53bb*\u6237"", ""replyCityName"": """", ""cityName"": """"}, {""author"": ""\u53bb*\u6237"", ""content"": ""\u7528\u6237\u672a\u70b9\u8bc4\uff0c\u7cfb\u7edf\u9ed8\u8ba4\u597d\u8bc4\u3002"", ""date"": ""2024-08-27"", ""score"": 5, ""commentId"": ""235933054"", ""imgs"": [], ""userNickName"": ""\u53bb*\u6237"", ""replyCityName"": """", ""cityName"": """"}, {""author"": ""h*y"", ""content"": ""\u7528\u6237\u672a\u70b9\u8bc4\uff0c\u7cfb\u7edf\u9ed8\u8ba4\u597d\u8bc4\u3002"", ""date"": ""2023-09-04"", ""score"": 5, ""commentId"": ""228073870"", ""imgs"": [], ""userNickName"": ""h*y"", ""replyCityName"": """", ""cityName"": """"}, {""author"": ""\u53bb*\u6237"", ""content"": ""\u7528\u6237\u672a\u70b9\u8bc4\uff0c\u7cfb\u7edf\u9ed8\u8ba4\u597d\u8bc4\u3002"", ""date"": ""2023-07-21"", ""score"": 5, ""commentId"": ""226668120"", ""imgs"": [], ""userNickName"": ""\u53bb*\u6237"", ""replyCityName"": """", ""cityName"": """"}], ""score"": 5.0, ""commentCount"": 6}, ""statusCode"": 200}"
冼夫人冯盎将军文化公园,https://mp-piao-admincp.qunarzz.com/mp_piao_admin_mp_piao_admin/admin/20217/30d54820c6727b9958d585769ab3c5c2.png_280x200_7ef61cce.png,阳江市,江城区,广东省阳江市江城区广南线冼夫人冯盎将军文化公园,-1,-1.0,N/A,https://piao.qunar.com/ticket/detail_2480972623.html?st=a3clM0QlRTYlQjElOUYlRTUlOUYlOEUlRTUlOEMlQkElMjZpZCUzRDUxMzgxNSUyNnR5cGUlM0QwJTI2aWR4JTNEMjklMjZxdCUzRCUyNmFwayUzRDIlMjZzYyUzRFdXVyUyNnVyJTNEJUU0JUI4JUFEJUU1JUIxJUIxJTI2bHIlM0QlRTQlQjglQUQlRTUlQjElQjElMjZmdCUzRCU3QiU3RA%3D%3D#from=mpl_search_suggest,-1.0,N/A,N/A,9:00-17:00,https://mp-piao-admincp.qunarzz.com/mp_piao_admin_mp_piao_admin/admin/20217/30d54820c6727b9958d585769ab3c5c2.png_710x360_c2302e12.png,"{""ret"": true, ""data"": {""tagList"": [{""tagType"": 0, ""tagScore"": 5, ""tagNum"": 0, ""tagName"": ""\u5168\u90e8""}], ""score"": 0.0, ""commentCount"": 0}, ""statusCode"": 200}"
海马海洋奇幻馆,https://imgs.qunarzz.com/sight/p0/1708/a6/a6912dd69c47e87ba3.img.png_280x200_bf685510.png,阳江市,江城区,阳江市江城区达港路瓦晒村,105,4.6,亲密接触珍稀海洋生物,https://piao.qunar.com/ticket/detail_1598615156.html?st=a3clM0QlRTYlQjElOUYlRTUlOUYlOEUlRTUlOEMlQkElMjZpZCUzRDQ2NTY4OSUyNnR5cGUlM0QwJTI2aWR4JTNEMjglMjZxdCUzRCUyNmFwayUzRDIlMjZzYyUzRFdXVyUyNnVyJTNEJUU0JUI4JUFEJUU1JUIxJUIxJTI2bHIlM0QlRTQlQjglQUQlRTUlQjElQjElMjZmdCUzRCU3QiU3RA%3D%3D#from=mpl_search_suggest,-1.0,N/A,海马·海洋奇幻馆，坐落于中国十大美岛——海陵岛亚高海洋生物研发中心，占地面积2800平方米，由船艇穿越区、海马触摸区、生命树娱乐区、生命科技展示厅、码头集市五部分组成，是一个集科研、展示、互动于一体的多*能海洋主题馆，也是中国先进的海洋产业旅游示范项目。,1/1-12/31；周一至周日；09:00-18:00开园,https://imgs.qunarzz.com/sight/p0/1708/a6/a6912dd69c47e87ba3.img.png_710x360_b9dea11d.png〇https://imgs.qunarzz.com/sight/p0/1708/6e/6e247ec521a6e5ada3.img.png_710x360_6459bd2f.png〇https://imgs.qunarzz.com/sight/p0/1708/5f/5f1e84096209e54da3.img.png_710x360_57561bd9.png〇https://imgs.qunarzz.com/sight/p0/1708/bd/bdc72b6c45e0ac9ea3.img.png_710x360_321aab47.png〇https://imgs.qunarzz.com/sight/p0/1708/ad/ad803b5ac9806aeba3.img.png_710x360_4a3f65f0.png〇https://qimgs.qunarzz.com/piao_qsight_provider_piao_qsight_web/aa9e772b8a32202.jpg_710x360_f51d8cf1.jpg〇https://qimgs.qunarzz.com/piao_qsight_provider_piao_qsight_web/30d4d2f2d0151902.jpg_710x360_e5cde204.jpg〇https://qimgs.qunarzz.com/piao_qsight_provider_piao_qsight_web/b3b5cc90febfee02.jpg_710x360_54e718f5.jpg〇https://qimgs.qunarzz.com/piao_qsight_provider_piao_qsight_web/3fa72adb23f3b102.jpg_710x360_df99e40e.jpg〇https://qimgs.qunarzz.com/piao_qsight_provider_piao_qsight_web/e840e83656b35302.jpg_710x360_33a239ed.jpg〇https://qimgs.qunarzz.com/piao_qsight_provider_piao_qsight_web/19409d4961b8d102.jpg_710x360_3b6f5e5a.jpg〇https://qimgs.qunarzz.com/piao_qsight_provider_piao_qsight_web/979811ba8d881302.jpg_710x360_a9eaed94.jpg〇https://qimgs.qunarzz.com/piao_qsight_provider_piao_qsight_web/c6d0f1adf14f3f02.jpg_710x360_4e58e118.jpg〇https://qimgs.qunarzz.com/piao_qsight_provider_piao_qsight_web/365741660dd82802.jpg_710x360_7596daff.jpg〇https://qimgs.qunarzz.com/piao_qsight_provider_piao_qsight_web/d75a622b8b50902.jpg_710x360_75357af8.jpg〇https://qimgs.qunarzz.com/piao_qsight_provider_piao_qsight_web/77754b58c25cb402.jpg_710x360_bfb0b53a.jpg〇https://qimgs.qunarzz.com/piao_qsight_provider_piao_qsight_web/01da2dc42e206e02.jpg_710x360_49d10927.jpg〇https://qimgs.qunarzz.com/piao_qsight_provider_piao_qsight_web/c3afc7a421d30302.jpg_710x360_463056a5.jpg〇https://qimgs.qunarzz.com/piao_qsight_provider_piao_qsight_web/209d9e1fe63aea02.jpg_710x360_66011745.jpg〇https://qimgs.qunarzz.com/piao_qsight_provider_piao_qsight_web/ca660e26d6ed0902.jpg_710x360_f3618a98.jpg〇https://qimgs.qunarzz.com/piao_qsight_provider_piao_qsight_web/1be36b69e8f56502.jpg_710x360_db0e6b3e.jpg〇https://qimgs.qunarzz.com/piao_qsight_provider_piao_qsight_web/5c183d7df63ca602.jpg_710x360_bf82a9b4.jpg〇https://qimgs.qunarzz.com/piao_qsight_provider_piao_qsight_web/00abbcf2915aae02.jpg_710x360_44b81228.jpg〇https://qimgs.qunarzz.com/piao_qsight_provider_piao_qsight_web/78ce3e8a1e70302.jpg_710x360_3fb45613.jpg〇https://qimgs.qunarzz.com/piao_qsight_provider_piao_qsight_web/e8877aa9f1497902.jpg_710x360_8e7ecc55.jpg,"{""ret"": true, ""data"": {""tagList"": [{""tagType"": 32, ""tagScore"": 5, ""tagNum"": 1, ""tagName"": ""\u670d\u52a1\u597d""}, {""tagType"": 4, ""tagScore"": 5, ""tagNum"": 1, ""tagName"": ""\u53d6\u7968\u65b9\u4fbf""}, {""tagType"": 3, ""tagScore"": 5, ""tagNum"": 4, ""tagName"": ""\u5dee\u8bc4""}, {""tagType"": 2, ""tagScore"": 5, ""tagNum"": 2, ""tagName"": ""\u4e2d\u8bc4""}, {""tagType"": 1, ""tagScore"": 5, ""tagNum"": 94, ""tagName"": ""\u597d\u8bc4""}, {""tagType"": 0, ""tagScore"": 5, ""tagNum"": 105, ""tagName"": ""\u5168\u90e8""}], ""commentList"": [{""author"": ""y*9"", ""content"": ""\u7968\u4ef7\u6709\u70b9\u5c0f\u8d35\uff0c\u9986\u5185\u7684\u73af\u5883\u8fd8\u4e0d\u9519\uff0c\u6709\u6d77\u9a6c\u53ef\u89c2\u770b\uff0c\u4f46\u662f\u54c1\u79cd\u5c11\u4e86\u70b9\u3002"", ""date"": ""2018-04-23"", ""score"": 5, ""commentId"": ""205911908"", ""imgs"": [{""small"": ""https://imgs.qunarzz.com/piao/fusion/1804/3b/77bdc92726d11602.jpg_120x120_c2d69ae5.jpg"", ""title"": """", ""big"": ""https://imgs.qunarzz.com/piao/fusion/1804/3b/77bdc92726d11602.jpg""}, {""small"": ""https://imgs.qunarzz.com/piao/fusion/1804/4b/6469cf971aec1d02.jpg_120x120_0ea71024.jpg"", ""title"": """", ""big"": ""https://imgs.qunarzz.com/piao/fusion/1804/4b/6469cf971aec1d02.jpg""}, {""small"": ""https://imgs.qunarzz.com/piao/fusion/1804/7a/de7149fb45a29502.jpg_120x120_ec9f062c.jpg"", ""title"": """", ""big"": ""https://imgs.qunarzz.com/piao/fusion/1804/7a/de7149fb45a29502.jpg""}, {""small"": ""https://imgs.qunarzz.com/piao/fusion/1804/15/04c238be31713702.jpg_120x120_56766711.jpg"", ""title"": """", ""big"": ""https://imgs.qunarzz.com/piao/fusion/1804/15/04c238be31713702.jpg""}, {""small"": ""https://imgs.qunarzz.com/piao/fusion/1804/6d/4308236879cd8302.jpg_120x120_8d620f08.jpg"", ""title"": """", ""big"": ""https://imgs.qunarzz.com/piao/fusion/1804/6d/4308236879cd8302.jpg""}, {""small"": ""https://imgs.qunarzz.com/piao/fusion/1804/98/451b1c7adbbf0302.jpg_120x120_4a8575e7.jpg"", ""title"": """", ""big"": ""https://imgs.qunarzz.com/piao/fusion/1804/98/451b1c7adbbf0302.jpg""}, {""small"": ""https://imgs.qunarzz.com/piao/fusion/1804/4a/a46180583ca8e102.jpg_120x120_d61edbfc.jpg"", ""title"": """", ""big"": ""https://imgs.qunarzz.com/piao/fusion/1804/4a/a46180583ca8e102.jpg""}, {""small"": ""https://imgs.qunarzz.com/piao/fusion/1804/1d/4c17bb7460ada102.jpg_120x120_b2baf657.jpg"", ""title"": """", ""big"": ""https://imgs.qunarzz.com/piao/fusion/1804/1d/4c17bb7460ada102.jpg""}, {""small"": ""https://imgs.qunarzz.com/piao/fusion/1804/ba/1a40006d4b0b3802.jpg_120x120_e4a1517e.jpg"", ""title"": """", ""big"": ""https://imgs.qunarzz.com/piao/fusion/1804/ba/1a40006d4b0b3802.jpg""}], ""userNickName"": ""y*9"", ""replyCityName"": """", ""cityName"": """"}, {""author"": ""y*9"", ""content"": ""\u9986\u5185\u7684\u73af\u5883\u8fd8\u4e0d\u9519\uff0c\u6709\u513f\u7ae5\u6e38\u4e50\u8bbe\u65bd\u3002\u4f46\u662f\uff0c\u6d77\u9a6c\u7684\u54c1\u79cd\u4e0d\u591f\u591a\u3002"", ""date"": ""2018-04-23"", ""score"": 5, ""commentId"": ""205911907"", ""imgs"": [{""small"": ""https://imgs.qunarzz.com/piao/fusion/1804/26/b6655833dd991c02.jpg_120x120_be8c02e6.jpg"", ""title"": """", ""big"": ""https://imgs.qunarzz.com/piao/fusion/1804/26/b6655833dd991c02.jpg""}, {""small"": ""https://imgs.qunarzz.com/piao/fusion/1804/92/294b7c04cc769402.jpg_120x120_0e2c24e6.jpg"", ""title"": """", ""big"": ""https://imgs.qunarzz.com/piao/fusion/1804/92/294b7c04cc769402.jpg""}, {""small"": ""https://imgs.qunarzz.com/piao/fusion/1804/fc/4fea9a3ceb84b002.jpg_120x120_34587fe5.jpg"", ""title"": """", ""big"": ""https://imgs.qunarzz.com/piao/fusion/1804/fc/4fea9a3ceb84b002.jpg""}, {""small"": ""https://imgs.qunarzz.com/piao/fusion/1804/dd/e6e4ea6a6be9b202.jpg_120x120_83b3409b.jpg"", ""title"": """", ""big"": ""https://imgs.qunarzz.com/piao/fusion/1804/dd/e6e4ea6a6be9b202.jpg""}, {""small"": ""https://imgs.qunarzz.com/piao/fusion/1804/cb/3556ddd704f56702.jpg_120x120_57d9884b.jpg"", ""title"": """", ""big"": ""https://imgs.qunarzz.com/piao/fusion/1804/cb/3556ddd704f56702.jpg""}, {""small"": ""https://imgs.qunarzz.com/piao/fusion/1804/9a/358f6da167bf3402.jpg_120x120_9b8859d7.jpg"", ""title"": """", ""big"": ""https://imgs.qunarzz.com/piao/fusion/1804/9a/358f6da167bf3402.jpg""}, {""small"": ""https://imgs.qunarzz.com/piao/fusion/1804/c4/ef25877435cba202.jpg_120x120_be87304e.jpg"", ""title"": """", ""big"": ""https://imgs.qunarzz.com/piao/fusion/1804/c4/ef25877435cba202.jpg""}, {""small"": ""https://imgs.qunarzz.com/piao/fusion/1804/bc/8f5839c2e19b6c02.jpg_120x120_75114171.jpg"", ""title"": """", ""big"": ""https://imgs.qunarzz.com/piao/fusion/1804/bc/8f5839c2e19b6c02.jpg""}, {""small"": ""https://imgs.qunarzz.com/piao/fusion/1804/6d/2895cf253b2a1102.jpg_120x120_d7523c2a.jpg"", ""title"": """", ""big"": ""https://imgs.qunarzz.com/piao/fusion/1804/6d/2895cf253b2a1102.jpg""}], ""userNickName"": ""y*9"", ""replyCityName"": """", ""cityName"": """"}, {""author"": ""M*7"", ""content"": ""\u4f4d\u4e8e\u6d77\u9675\u5c9b\u201c\u6d77\u9a6c\u6d77\u6d0b\u5947\u5e7b\u9986\u201d\u8fd9\u666f\u70b9\u4ef7\u683c\u5408\u7406\uff0c\u53c8\u8fd8\u53ef\u4ee5\u8ba9\u5b69\u5b50\u4eec\u5b66\u4e60\u6d77\u6d0b\u77e5\u8bc6\u3001\u5b69\u5b50\u4eec\u73a9\u5f97\u4e0d\u4ea6\u4e50\u4e4e.\u4e0b\u6b21\u653e\u5047\u8fd8\u6765"", ""date"": ""2018-06-24"", ""score"": 5, ""commentId"": ""206644974"", ""imgs"": [{""small"": ""https://imgs.qunarzz.com/p/tts4/1806/6e/37379616e9960302.jpg_120x120_94287136.jpg"", ""title"": """", ""big"": ""https://imgs.qunarzz.com/p/tts4/1806/6e/37379616e9960302.jpg""}, {""small"": ""https://imgs.qunarzz.com/p/tts9/1806/9c/76e59b4fdc4e5702.jpg_120x120_c1b3f79d.jpg"", ""title"": """", ""big"": ""https://imgs.qunarzz.com/p/tts9/1806/9c/76e59b4fdc4e5702.jpg""}, {""small"": ""https://imgs.qunarzz.com/p/tts4/1806/80/00abbcf2915aae02.jpg_120x120_b26aad67.jpg"", ""title"": """", ""big"": ""https://imgs.qunarzz.com/p/tts4/1806/80/00abbcf2915aae02.jpg""}, {""small"": ""https://imgs.qunarzz.com/p/tts9/1806/6e/ca660e26d6ed0902.jpg_120x120_c4731231.jpg"", ""title"": """", ""big"": ""https://imgs.qunarzz.com/p/tts9/1806/6e/ca660e26d6ed0902.jpg""}, {""small"": ""https://imgs.qunarzz.com/p/tts7/1806/1c/01da2dc42e206e02.jpg_120x120_7da47073.jpg"", ""title"": """", ""big"": ""https://imgs.qunarzz.com/p/tts7/1806/1c/01da2dc42e206e02.jpg""}, {""small"": ""https://imgs.qunarzz.com/p/tts1/1806/51/d75a622b8b50902.jpg_120x120_4ed9991a.jpg"", ""title"": """", ""big"": ""https://imgs.qunarzz.com/p/tts1/1806/51/d75a622b8b50902.jpg""}, {""small"": ""https://imgs.qunarzz.com/p/tts4/1806/6d/979811ba8d881302.jpg_120x120_e81ec5ab.jpg"", ""title"": """", ""big"": ""https://imgs.qunarzz.com/p/tts4/1806/6d/979811ba8d881302.jpg""}], ""userNickName"": ""M*7"", ""replyCityName"": """", ""cityName"": """"}, {""author"": ""M*5"", ""content"": ""\u6d77\u9a6c\u5947\u5e7b\u9986\u662f\u4e2a\u597d\u5730\u65b9\uff0c\u867d\u7136\u5730\u65b9\u5c0f\u4e86\u4e00\u70b9\uff0c\u4f46\u662f\u53ef\u4ee5\u79d1\u666e\u5230\u597d\u591a\u6d77\u6d0b\u77e5\u8bc6\uff0c\u4f8b\u6d77\u9a6c\u7238\u7238\u751f\u5b9d\u5b9d\u8fd8\u662f\u5988\u5988\u2026\u2026\u8fd8\u53ef\u4ee5\u6478\u5230\u6d77\u661f\u54e6\uff0c\u7279\u522b\u9002\u5408\u5c0f\u670b\u53cb\u89c2\u8d4f\u73a9\u800d\u597d\u5730\u65b9\u2026\u2026"", ""date"": ""2018-06-24"", ""score"": 5, ""commentId"": ""206644975"", ""imgs"": [{""small"": ""https://imgs.qunarzz.com/p/tts8/1806/96/e8877aa9f1497902.jpg_120x120_2b90ca9e.jpg"", ""title"": """", ""big"": ""https://imgs.qunarzz.com/p/tts8/1806/96/e8877aa9f1497902.jpg""}, {""small"": ""https://imgs.qunarzz.com/p/tts8/1806/10/5c183d7df63ca602.jpg_120x120_531122a3.jpg"", ""title"": """", ""big"": ""https://imgs.qunarzz.com/p/tts8/1806/10/5c183d7df63ca602.jpg""}, {""small"": ""https://imgs.qunarzz.com/p/tts0/1806/a2/209d9e1fe63aea02.jpg_120x120_37596321.jpg"", ""title"": """", ""big"": ""https://imgs.qunarzz.com/p/tts0/1806/a2/209d9e1fe63aea02.jpg""}, {""small"": ""https://imgs.qunarzz.com/p/tts2/1806/c0/365741660dd82802.jpg_120x120_8b10f3dc.jpg"", ""title"": """", ""big"": ""https://imgs.qunarzz.com/p/tts2/1806/c0/365741660dd82802.jpg""}, {""small"": ""https://imgs.qunarzz.com/p/tts8/1806/22/19409d4961b8d102.jpg_120x120_a725ab0f.jpg"", ""title"": """", ""big"": ""https://imgs.qunarzz.com/p/tts8/1806/22/19409d4961b8d102.jpg""}, {""small"": ""https://imgs.qunarzz.com/p/tts8/1806/99/e840e83656b35302.jpg_120x120_86e3cb1a.jpg"", ""title"": """", ""big"": ""https://imgs.qunarzz.com/p/tts8/1806/99/e840e83656b35302.jpg""}], ""userNickName"": ""M*5"", ""replyCityName"": """", ""cityName"": """"}, {""author"": ""2*6"", ""content"": ""\u5404\u79cd\u6d77\u9a6c\uff0c\u54d7\u54d7\u5566\u5566\u7684\uff0c\u8fd8\u6709\u8d85\u5927\u6d77\u9f9f\uff0c\u80fd\u5b66\u5230\u4e0d\u5c11\u5173\u4e8e\u6d77\u9a6c\u548c\u6d77\u6d0b\u751f\u7269\u7684\u51b7\u77e5\u8bc6\uff0c\u5f53\u7136\u4e5f\u56e0\u4e3a\u89c4\u6a21\u4e0d\u5927\uff0c\u6e38\u73a9\u79cd\u7c7b\u4e0d\u591a\uff0c\u9002\u5408\u5e26\u5c0f\u5b69\u5b50\u53bb\u770b\u770b\u3002"", ""date"": ""2019-04-10"", ""score"": 4, ""commentId"": ""210007644"", ""imgs"": [], ""userNickName"": ""2*6"", ""replyCityName"": """", ""cityName"": """"}, {""author"": ""k*6"", ""content"": ""\u7968\u8d35\uff0c\u5185\u5bb9\u5f88\u5c11\u6ca1\u4ec0\u4e48\u770b\u4e0d\u503c\u8fd9\u4ef7\u683c\uff0c\u6709\u4e2a\u5c0f\u513f\u7ae5\u4e50\u56ed\u8bbe\u8ba1\u5514\u9519"", ""date"": ""2018-09-01"", ""score"": 3, ""commentId"": ""207493940"", ""imgs"": [{""small"": ""https://imgs.qunarzz.com/piao/fusion/1809/88/3fa72adb23f3b102.jpg_120x120_12c78530.jpg"", ""title"": """", ""big"": ""https://imgs.qunarzz.com/piao/fusion/1809/88/3fa72adb23f3b102.jpg""}, {""small"": ""https://imgs.qunarzz.com/piao/fusion/1809/28/b3b5cc90febfee02.jpg_120x120_62c2d279.jpg"", ""title"": """", ""big"": ""https://imgs.qunarzz.com/piao/fusion/1809/28/b3b5cc90febfee02.jpg""}, {""small"": ""https://imgs.qunarzz.com/piao/fusion/1809/bd/30d4d2f2d0151902.jpg_120x120_e162e907.jpg"", ""title"": """", ""big"": ""https://imgs.qunarzz.com/piao/fusion/1809/bd/30d4d2f2d0151902.jpg""}, {""small"": ""https://imgs.qunarzz.com/piao/fusion/1809/1d/aa9e772b8a32202.jpg_120x120_f9038b8e.jpg"", ""title"": """", ""big"": ""https://imgs.qunarzz.com/piao/fusion/1809/1d/aa9e772b8a32202.jpg""}], ""userNickName"": ""k*6"", ""replyCityName"": """", ""cityName"": """"}, {""author"": ""M*8"", ""content"": ""\u5f88\u9002\u5408\u4eb2\u5b50\u4e00\u5bb6\u6765\u6e38\u73a9\uff0c\u5bb6\u91cc\u8001\u4eba\u8fc760\u5c81\u514d\u7968\u5165\u573a\uff0c\u5f88\u4eba\u6027\u5316\u7684\u5b89\u6392\u3002\u6211\u4eec\u89c1\u5230\u5e73\u5e38\u53ea\u80fd\u5728\u4e2d\u836f\u91cc\u7684\u6d3b\u6d77\u9a6c\uff0c\u91d1\u9ec4\u8272\u7684\uff0c\u5c0f\u670b\u53cb\u4e00\u8def\u53fd\u53fd\u55b3\u55b3\u5730\u8ffd\u7740\u8bb2\u89e3\u7684\u5de5\u4f5c\u4eba\u5458\u95ee\uff0c\u800c\u8fd9\u4e9b\u5458\u5de5\u90fd\u5f88\u70ed\u60c5\u5f88\u8010\u5fc3\u5730\u56de\u7b54\u6240\u6709\u7684\u95ee\u9898\uff0c\u5173\u4e8e\u6d77\u9a6c\u7684\u79cd\u7c7b\uff0c\u6d77\u9a6c\u7531\u7238\u7238\u751f\u5b69\u5b50\u7684\uff0c\u600e\u6837\u5403\u4e1c\u897f\u7684\uff0c\u90fd\u8bb2\u89e3\u7ed9\u6211\u4eec\u542c\u3002\u800c\u4e14\uff0c\u91cc\u9762\u8fd8\u6709\u5176\u4ed6\u6c34\u65cf\u73ca\u745a\uff0c\u70ed\u5e26\u9c7c\uff0c\u548c\u690d\u7269\u5927\u6218\u50f5\u5c38\uff0c\u6295\u5f71\u6c99\u6c60\u635e\u9c7c\u8fd9\u4e9b\u65b0\u5174\u7684\u6e38\u4e50\u8bbe\u65bd\uff0c\u5b69\u5b50\u78e8\u8e6d\u4e862\u4e2a\u5c0f\u65f6\u90fd\u4e0d\u820d\u5f97\u8d70\uff0c\u5e73\u5e38\u5bb6\u957f\u5c11\u966a\u5b69\u5b50\u7684\uff0c\u8fd9\u4e2a\u771f\u7684\u662f\u4e00\u4e2a\u5f88\u597d\u7684\u4eb2\u5b50\u6e38\u73a9\u53bb\u5904\u3002\u771f\u5fc3\u63a8\u8350~~~"", ""date"": ""2017-09-29"", ""score"": 5, ""commentId"": ""204410304"", ""imgs"": [{""small"": ""https://imgs.qunarzz.com/p/tts4/1712/8c/38c1e55872b57902.jpg_120x120_c4cfa194.jpg"", ""title"": """", ""big"": ""https://imgs.qunarzz.com/p/tts4/1712/8c/38c1e55872b57902.jpg""}, {""small"": ""https://imgs.qunarzz.com/p/tts7/1712/2d/f2163a8b400c1502.jpg_120x120_f0ee7d95.jpg"", ""title"": """", ""big"": ""https://imgs.qunarzz.com/p/tts7/1712/2d/f2163a8b400c1502.jpg""}, {""small"": ""https://imgs.qunarzz.com/p/tts6/1712/22/6eccaa0d83e18b02.jpg_120x120_c051bccf.jpg"", ""title"": """", ""big"": ""https://imgs.qunarzz.com/p/tts6/1712/22/6eccaa0d83e18b02.jpg""}, {""small"": ""https://imgs.qunarzz.com/p/tts8/1712/5e/b2b0d43cb4f98b02.jpg_120x120_f2ccb8e1.jpg"", ""title"": """", ""big"": ""https://imgs.qunarzz.com/p/tts8/1712/5e/b2b0d43cb4f98b02.jpg""}, {""small"": ""https://imgs.qunarzz.com/p/tts1/1712/34/82df2394c3738b02.jpg_120x120_17ef0376.jpg"", ""title"": """", ""big"": ""https://imgs.qunarzz.com/p/tts1/1712/34/82df2394c3738b02.jpg""}, {""small"": ""https://imgs.qunarzz.com/p/tts6/1712/75/e9027a8259fb7402.jpg_120x120_5a00fb0a.jpg"", ""title"": """", ""big"": ""https://imgs.qunarzz.com/p/tts6/1712/75/e9027a8259fb7402.jpg""}, {""small"": ""https://imgs.qunarzz.com/p/tts9/1712/83/ff4bb5527d0fa202.jpg_120x120_1bd0bc01.jpg"", ""title"": """", ""big"": ""https://imgs.qunarzz.com/p/tts9/1712/83/ff4bb5527d0fa202.jpg""}, {""small"": ""https://imgs.qunarzz.com/p/tts4/1712/94/1fb91bcf4da6b602.jpg_120x120_925a5461.jpg"", ""title"": """", ""big"": ""https://imgs.qunarzz.com/p/tts4/1712/94/1fb91bcf4da6b602.jpg""}, {""small"": ""https://imgs.qunarzz.com/p/tts2/1712/9d/5e5d4091e4574702.jpg_120x120_e872e874.jpg"", ""title"": """", ""big"": ""https://imgs.qunarzz.com/p/tts2/1712/9d/5e5d4091e4574702.jpg""}, {""small"": ""https://imgs.qunarzz.com/p/tts6/1712/4b/a993cf9f0ae12f02.jpg_120x120_5eb738e3.jpg"", ""title"": """", ""big"": ""https://imgs.qunarzz.com/p/tts6/1712/4b/a993cf9f0ae12f02.jpg""}], ""userNickName"": ""M*8"", ""replyCityName"": """", ""cityName"": """"}, {""author"": ""y*9"", ""content"": ""\u7968\u4ef7\u6709\u70b9\u5c0f\u8d35\uff0c\u9986\u5185\u7684\u73af\u5883\u8fd8\u4e0d\u9519\uff0c\u6709\u6d77\u9a6c\u53ef\u89c2\u770b\uff0c\u4f46\u662f\u54c1\u79cd\u5c11\u4e86\u70b9\u3002"", ""date"": ""2018-04-23"", ""score"": 0, ""commentId"": ""216123229"", ""imgs"": [{""small"": ""https://img1.qunarzz.com/piao/fusion/1804/ba/1a40006d4b0b3802.jpg_120x120_e4a1517e.jpg"", ""title"": """", ""big"": ""https://img1.qunarzz.com/piao/fusion/1804/ba/1a40006d4b0b3802.jpg""}, {""small"": ""https://img1.qunarzz.com/piao/fusion/1804/1d/4c17bb7460ada102.jpg_120x120_b2baf657.jpg"", ""title"": """", ""big"": ""https://img1.qunarzz.com/piao/fusion/1804/1d/4c17bb7460ada102.jpg""}, {""small"": ""https://img1.qunarzz.com/piao/fusion/1804/4a/a46180583ca8e102.jpg_120x120_d61edbfc.jpg"", ""title"": """", ""big"": ""https://img1.qunarzz.com/piao/fusion/1804/4a/a46180583ca8e102.jpg""}, {""small"": ""https://img1.qunarzz.com/piao/fusion/1804/98/451b1c7adbbf0302.jpg_120x120_4a8575e7.jpg"", ""title"": """", ""big"": ""https://img1.qunarzz.com/piao/fusion/1804/98/451b1c7adbbf0302.jpg""}, {""small"": ""https://img1.qunarzz.com/piao/fusion/1804/6d/4308236879cd8302.jpg_120x120_8d620f08.jpg"", ""title"": """", ""big"": ""https://img1.qunarzz.com/piao/fusion/1804/6d/4308236879cd8302.jpg""}, {""small"": ""https://img1.qunarzz.com/piao/fusion/1804/15/04c238be31713702.jpg_120x120_56766711.jpg"", ""title"": """", ""big"": ""https://img1.qunarzz.com/piao/fusion/1804/15/04c238be31713702.jpg""}, {""small"": ""https://img1.qunarzz.com/piao/fusion/1804/7a/de7149fb45a29502.jpg_120x120_ec9f062c.jpg"", ""title"": """", ""big"": ""https://img1.qunarzz.com/piao/fusion/1804/7a/de7149fb45a29502.jpg""}, {""small"": ""https://img1.qunarzz.com/piao/fusion/1804/4b/6469cf971aec1d02.jpg_120x120_0ea71024.jpg"", ""title"": """", ""big"": ""https://img1.qunarzz.com/piao/fusion/1804/4b/6469cf971aec1d02.jpg""}, {""small"": ""https://img1.qunarzz.com/piao/fusion/1804/3b/77bdc92726d11602.jpg_120x120_c2d69ae5.jpg"", ""title"": """", ""big"": ""https://img1.qunarzz.com/piao/fusion/1804/3b/77bdc92726d11602.jpg""}], ""userNickName"": ""y*9"", ""replyCityName"": """", ""cityName"": """"}, {""author"": ""y*9"", ""content"": ""\u9986\u5185\u7684\u73af\u5883\u8fd8\u4e0d\u9519\uff0c\u6709\u513f\u7ae5\u6e38\u4e50\u8bbe\u65bd\u3002\u4f46\u662f\uff0c\u6d77\u9a6c\u7684\u54c1\u79cd\u4e0d\u591f\u591a\u3002"", ""date"": ""2018-04-23"", ""score"": 0, ""commentId"": ""216123224"", ""imgs"": [{""small"": ""https://img1.qunarzz.com/piao/fusion/1804/6d/2895cf253b2a1102.jpg_120x120_d7523c2a.jpg"", ""title"": """", ""big"": ""https://img1.qunarzz.com/piao/fusion/1804/6d/2895cf253b2a1102.jpg""}, {""small"": ""https://img1.qunarzz.com/piao/fusion/1804/bc/8f5839c2e19b6c02.jpg_120x120_75114171.jpg"", ""title"": """", ""big"": ""https://img1.qunarzz.com/piao/fusion/1804/bc/8f5839c2e19b6c02.jpg""}, {""small"": ""https://img1.qunarzz.com/piao/fusion/1804/c4/ef25877435cba202.jpg_120x120_be87304e.jpg"", ""title"": """", ""big"": ""https://img1.qunarzz.com/piao/fusion/1804/c4/ef25877435cba202.jpg""}, {""small"": ""https://img1.qunarzz.com/piao/fusion/1804/9a/358f6da167bf3402.jpg_120x120_9b8859d7.jpg"", ""title"": """", ""big"": ""https://img1.qunarzz.com/piao/fusion/1804/9a/358f6da167bf3402.jpg""}, {""small"": ""https://img1.qunarzz.com/piao/fusion/1804/cb/3556ddd704f56702.jpg_120x120_57d9884b.jpg"", ""title"": """", ""big"": ""https://img1.qunarzz.com/piao/fusion/1804/cb/3556ddd704f56702.jpg""}, {""small"": ""https://img1.qunarzz.com/piao/fusion/1804/dd/e6e4ea6a6be9b202.jpg_120x120_83b3409b.jpg"", ""title"": """", ""big"": ""https://img1.qunarzz.com/piao/fusion/1804/dd/e6e4ea6a6be9b202.jpg""}, {""small"": ""https://img1.qunarzz.com/piao/fusion/1804/fc/4fea9a3ceb84b002.jpg_120x120_34587fe5.jpg"", ""title"": """", ""big"": ""https://img1.qunarzz.com/piao/fusion/1804/fc/4fea9a3ceb84b002.jpg""}, {""small"": ""https://img1.qunarzz.com/piao/fusion/1804/92/294b7c04cc769402.jpg_120x120_0e2c24e6.jpg"", ""title"": """", ""big"": ""https://img1.qunarzz.com/piao/fusion/1804/92/294b7c04cc769402.jpg""}, {""small"": ""https://img1.qunarzz.com/piao/fusion/1804/26/b6655833dd991c02.jpg_120x120_be8c02e6.jpg"", ""title"": """", ""big"": ""https://img1.qunarzz.com/piao/fusion/1804/26/b6655833dd991c02.jpg""}], ""userNickName"": ""y*9"", ""replyCityName"": """", ""cityName"": """"}, {""author"": ""a*7"", ""content"": ""\u5f88\u9002\u5408\u4eb2\u5b50\u4e00\u5bb6\u6765\u6e38\u73a9\uff0c\u5bb6\u91cc\u8001\u4eba\u8fc760\u5c81\u514d\u7968\u5165\u573a\uff0c\u5f88\u4eba\u6027\u5316\u7684\u5b89\u6392\u3002\u6211\u4eec\u89c1\u5230\u5e73\u5e38\u53ea\u80fd\u5728\u4e2d\u836f\u91cc\u7684\u6d3b\u6d77\u9a6c\uff0c\u91d1\u9ec4\u8272\u7684\uff0c\u5c0f\u670b\u53cb\u4e00\u8def\u53fd\u53fd\u55b3\u55b3\u5730\u8ffd\u7740\u8bb2\u89e3\u7684\u5de5\u4f5c\u4eba\u5458\u95ee\uff0c\u800c\u8fd9\u4e9b\u5458\u5de5\u90fd\u5f88\u70ed\u60c5\u5f88\u8010\u5fc3\u5730\u56de\u7b54\u6240\u6709\u7684\u95ee\u9898\uff0c\u5173\u4e8e\u6d77\u9a6c\u7684\u79cd\u7c7b\uff0c\u6d77\u9a6c\u7531\u7238\u7238\u751f\u5b69\u5b50\u7684\uff0c\u600e\u6837\u5403\u4e1c\u897f\u7684\uff0c\u90fd\u8bb2\u89e3\u7ed9\u6211\u4eec\u542c\u3002\u800c\u4e14\uff0c\u91cc\u9762\u8fd8\u6709\u5176\u4ed6\u6c34\u65cf\u73ca\u745a\uff0c\u70ed\u5e26\u9c7c\uff0c\u548c\u690d\u7269\u5927\u6218\u50f5\u5c38\uff0c\u6295\u5f71\u6c99\u6c60\u635e\u9c7c\u8fd9\u4e9b\u65b0\u5174\u7684\u6e38\u4e50\u8bbe\u65bd\uff0c\u5b69\u5b50\u78e8\u8e6d\u4e862\u4e2a\u5c0f\u65f6\u90fd\u4e0d\u820d\u5f97\u8d70\uff0c\u5e73\u5e38\u5bb6\u957f\u5c11\u966a\u5b69\u5b50\u7684\uff0c\u8fd9\u4e2a\u771f\u7684\u662f\u4e00\u4e2a\u5f88\u597d\u7684\u4eb2\u5b50\u6e38\u73a9\u53bb\u5904\u3002\u771f\u5fc3\u63a8\u8350~~~"", ""date"": ""2017-09-29"", ""score"": 0, ""commentId"": ""216123216"", ""imgs"": [{""small"": ""https://img1.qunarzz.com/p/tts6/1712/4b/a993cf9f0ae12f02.jpg_120x120_5eb738e3.jpg"", ""title"": """", ""big"": ""https://img1.qunarzz.com/p/tts6/1712/4b/a993cf9f0ae12f02.jpg""}, {""small"": ""https://img1.qunarzz.com/p/tts2/1712/9d/5e5d4091e4574702.jpg_120x120_e872e874.jpg"", ""title"": """", ""big"": ""https://img1.qunarzz.com/p/tts2/1712/9d/5e5d4091e4574702.jpg""}, {""small"": ""https://img1.qunarzz.com/p/tts4/1712/94/1fb91bcf4da6b602.jpg_120x120_925a5461.jpg"", ""title"": """", ""big"": ""https://img1.qunarzz.com/p/tts4/1712/94/1fb91bcf4da6b602.jpg""}, {""small"": ""https://img1.qunarzz.com/p/tts9/1712/83/ff4bb5527d0fa202.jpg_120x120_1bd0bc01.jpg"", ""title"": """", ""big"": ""https://img1.qunarzz.com/p/tts9/1712/83/ff4bb5527d0fa202.jpg""}, {""small"": ""https://img1.qunarzz.com/p/tts6/1712/75/e9027a8259fb7402.jpg_120x120_5a00fb0a.jpg"", ""title"": """", ""big"": ""https://img1.qunarzz.com/p/tts6/1712/75/e9027a8259fb7402.jpg""}, {""small"": ""https://img1.qunarzz.com/p/tts1/1712/34/82df2394c3738b02.jpg_120x120_17ef0376.jpg"", ""title"": """", ""big"": ""https://img1.qunarzz.com/p/tts1/1712/34/82df2394c3738b02.jpg""}, {""small"": ""https://img1.qunarzz.com/p/tts8/1712/5e/b2b0d43cb4f98b02.jpg_120x120_f2ccb8e1.jpg"", ""title"": """", ""big"": ""https://img1.qunarzz.com/p/tts8/1712/5e/b2b0d43cb4f98b02.jpg""}, {""small"": ""https://img1.qunarzz.com/p/tts6/1712/22/6eccaa0d83e18b02.jpg_120x120_c051bccf.jpg"", ""title"": """", ""big"": ""https://img1.qunarzz.com/p/tts6/1712/22/6eccaa0d83e18b02.jpg""}, {""small"": ""https://img1.qunarzz.com/p/tts7/1712/2d/f2163a8b400c1502.jpg_120x120_f0ee7d95.jpg"", ""title"": """", ""big"": ""https://img1.qunarzz.com/p/tts7/1712/2d/f2163a8b400c1502.jpg""}], ""userNickName"": ""a*7"", ""replyCityName"": """", ""cityName"": """"}], ""score"": 4.6, ""commentCount"": 105}, ""statusCode"": 200}"
阳江漂移车馆,https://imgs.qunarzz.com/sight/p0/1801/f0/f0f79b0cdba0db34a3.img.png_280x200_654fc6af.png,阳江市,江城区,阳江市海陵岛滨海路6号首层（即山海湾假日酒店首层）,3,5.0,给人带来意想不到的体验,https://piao.qunar.com/ticket/detail_3785196882.html?st=a3clM0QlRTYlQjElOUYlRTUlOUYlOEUlRTUlOEMlQkElMjZpZCUzRDQ2NzEzNCUyNnR5cGUlM0QwJTI2aWR4JTNEMjclMjZxdCUzRCUyNmFwayUzRDIlMjZzYyUzRFdXVyUyNnVyJTNEJUU0JUI4JUFEJUU1JUIxJUIxJTI2bHIlM0QlRTQlQjglQUQlRTUlQjElQjElMjZmdCUzRCU3QiU3RA%3D%3D#from=mpl_search_suggest,-1.0,N/A,"漂移车馆位于阳江海陵岛滨海路6号首层（即山海湾假日酒店首层）,由国外引进的一款疯狂炫酷的大玩具飘移车，良好的操控性旨在让大人，儿童体验真正飘移的快乐，可承载重量136KG，心宽体胖的朋友也不用担心。500瓦的电机可以提供高达25迈每小时（40KM/H）的速度，这个尺寸的小车上也可以为你提供很不错的“巅峰感”了哟,360度急转弯无论是操作性能跟场地赛道都给人带来意想不到的体验。",1/1-12/31；周一至周日；13:00-22:00开园,https://imgs.qunarzz.com/sight/p0/1801/f0/f0f79b0cdba0db34a3.img.png_710x360_81e9c325.png〇https://imgs.qunarzz.com/sight/p0/1801/6e/6e973bb1f5eac168a3.img.png_710x360_217787b7.png〇https://imgs.qunarzz.com/sight/p0/1801/ec/ec35a1a793489c0fa3.img.png_710x360_b6bfb22a.png,"{""ret"": true, ""data"": {""tagList"": [{""tagType"": 1, ""tagScore"": 5, ""tagNum"": 3, ""tagName"": ""\u597d\u8bc4""}, {""tagType"": 0, ""tagScore"": 5, ""tagNum"": 3, ""tagName"": ""\u5168\u90e8""}], ""commentList"": [{""author"": ""i*2"", ""content"": ""\u8fd8\u53ef\u4ee5\u5427\uff0c\u548c\u5973\u513f\u4f53\u9a8c\u4e00\u4e0b"", ""date"": ""2018-09-23"", ""score"": 5, ""commentId"": ""207938380"", ""imgs"": [], ""userNickName"": ""i*2"", ""replyCityName"": """", ""cityName"": """"}, {""author"": ""z*4"", ""content"": ""\u7528\u6237\u672a\u70b9\u8bc4\uff0c\u7cfb\u7edf\u9ed8\u8ba4\u597d\u8bc4\u3002"", ""date"": ""2018-09-01"", ""score"": 5, ""commentId"": ""207488956"", ""imgs"": [], ""userNickName"": ""z*4"", ""replyCityName"": """", ""cityName"": """"}, {""author"": ""C*x"", ""content"": ""\u7528\u6237\u672a\u70b9\u8bc4\uff0c\u7cfb\u7edf\u9ed8\u8ba4\u597d\u8bc4\u3002"", ""date"": ""2018-08-05"", ""score"": 5, ""commentId"": ""207053664"", ""imgs"": [], ""userNickName"": ""C*x"", ""replyCityName"": """", ""cityName"": """"}], ""score"": 5.0, ""commentCount"": 3}, ""statusCode"": 200}"
月亮湾滨海乐园,https://qimgs.qunarzz.com/piao_qsight_provider_piao_qsight_web/temp66044034942009058040102012000bo835kpE096_wmr.jpg_280x200_d3649076.jpg,阳江市,阳西县,广东省阳西县沙扒镇镇月亮湾景区滨海童趣乐园,-1,-1.0,N/A,https://piao.qunar.com/ticket/detail_3851291413.html?st=a3clM0QlRTklOTglQjMlRTglQTUlQkYlRTUlOEUlQkYlMjZpZCUzRDUxNjY4MSUyNnR5cGUlM0QwJTI2aWR4JTNEMjAlMjZxdCUzRCUyNmFwayUzRDIlMjZzYyUzRFdXVyUyNnVyJTNEJUU0JUI4JUFEJUU1JUIxJUIxJTI2bHIlM0QlRTQlQjglQUQlRTUlQjElQjElMjZmdCUzRCU3QiU3RA%3D%3D#from=mpl_search_suggest,-1.0,N/A,N/A,暂无,https://qimgs.qunarzz.com/piao_qsight_provider_piao_qsight_web/temp66044034942009058040102012000bo835kpE096_wmr.jpg_710x360_7ebb9499.jpg,"{""ret"": true, ""data"": {""tagList"": [{""tagType"": 0, ""tagScore"": 5, ""tagNum"": 0, ""tagName"": ""\u5168\u90e8""}], ""score"": 0.0, ""commentCount"": 0}, ""statusCode"": 200}"
沙扒镇海水浴场,https://imgs.qunarzz.com/sight/p0/1801/fa/fa2b5504607e8c25a3.water.jpg_280x200_862ddc1e.jpg,阳江市,阳西县,广东省阳江市阳西县海滨大道36号,-1,-1.0,面临南海，碧波湛蓝，水天一色，气象万千,https://piao.qunar.com/ticket/detail_239852341.html?st=a3clM0QlRTklOTglQjMlRTglQTUlQkYlRTUlOEUlQkYlMjZpZCUzRDQ2NzI3MCUyNnR5cGUlM0QwJTI2aWR4JTNEMTUlMjZxdCUzRCUyNmFwayUzRDIlMjZzYyUzRFdXVyUyNnVyJTNEJUU0JUI4JUFEJUU1JUIxJUIxJTI2bHIlM0QlRTQlQjglQUQlRTUlQjElQjElMjZmdCUzRCU3QiU3RA%3D%3D#from=mpl_search_suggest,-1.0,N/A,沙扒海水浴场位于沙扒镇烟敦岭和白额岭之间，沙环长3.5公里，宽300米，面临南海，碧波湛蓝，水天一色，气象万千。,暂无,https://imgs.qunarzz.com/sight/p0/1801/fa/fa2b5504607e8c25a3.water.jpg_710x360_d109024f.jpg,"{""ret"": true, ""data"": {""tagList"": [{""tagType"": 0, ""tagScore"": 5, ""tagNum"": 0, ""tagName"": ""\u5168\u90e8""}], ""score"": 0.0, ""commentCount"": 0}, ""statusCode"": 200}"
大树岛,https://imgs.qunarzz.com/sight/p0/201303/29/518f0a03c7d82bd9c8d65eac.jpg_280x200_550da3fe.jpg,阳江市,阳西县,广东省阳江市阳西县万山群岛中部,3,2.7,环境幽雅，空气清新，海水湛蓝，岩岸石奇,https://piao.qunar.com/ticket/detail_4164359984.html?st=a3clM0QlRTklOTglQjMlRTglQTUlQkYlRTUlOEUlQkYlMjZpZCUzRDE4ODIyMSUyNnR5cGUlM0QwJTI2aWR4JTNEMTQlMjZxdCUzRCUyNmFwayUzRDIlMjZzYyUzRFdXVyUyNnVyJTNEJUU0JUI4JUFEJUU1JUIxJUIxJTI2bHIlM0QlRTQlQjglQUQlRTUlQjElQjElMjZmdCUzRCU3QiU3RA%3D%3D#from=mpl_search_suggest,-1.0,N/A,大树岛位于广东省阳江市阳西县万山群岛中部，面积6.23平方公里，环境幽雅，空气清新，海水湛蓝，岩岸石奇，树木茂盛，鸟语花香。岛上沙滩沙质细幼，金黄色的沙滩配蔚蓝洁净的海水和岸边高大的椰树，从岸边往海中心走50米海水都还未齐腰。有“小海南岛”盛誉。,暂无,https://imgs.qunarzz.com/sight/p0/201303/29/518f0a03c7d82bd9c8d65eac.jpg_710x360_0cd46368.jpg〇https://qimgs.qunarzz.com/piao_qsight_provider_piao_qsight_web/ce5ad6daf7dd06f269bfac69b9ec68b3.jpg_710x360_d393a1e8.jpg〇https://qimgs.qunarzz.com/piao_qsight_provider_piao_qsight_web/4110dc794acf9c14c02c205a492ab1f2.jpg_710x360_07d80fc7.jpg〇https://qimgs.qunarzz.com/piao_qsight_provider_piao_qsight_web/dd4136e180f7600f2ff2fbe76f17f970.jpg_710x360_588cbfa6.jpg〇https://qimgs.qunarzz.com/piao_qsight_provider_piao_qsight_web/2da1e5e187756aac4a8a4119affd45f9.jpg_710x360_f7b2749a.jpg〇https://qimgs.qunarzz.com/piao_qsight_provider_piao_qsight_web/5a0941a53a3b39f26fcb7db4f7018730.jpg_710x360_de517c4a.jpg〇https://qimgs.qunarzz.com/piao_qsight_provider_piao_qsight_web/81ed305e3b717bc731d50f57859b4e30.jpg_710x360_22b507b1.jpg〇https://qimgs.qunarzz.com/piao_qsight_provider_piao_qsight_web/3993820495d5b6867bbe2891f92500b2.jpg_710x360_84db337a.jpg〇https://qimgs.qunarzz.com/piao_qsight_provider_piao_qsight_web/7c843afd8dfda5f46d32250ea2389d15.jpg_710x360_6a8f12ad.jpg〇https://qimgs.qunarzz.com/piao_qsight_provider_piao_qsight_web/7c3bb2aaf2214beca2c9fa5d9f7a8f88.jpg_710x360_a184851f.jpg〇https://qimgs.qunarzz.com/piao_qsight_provider_piao_qsight_web/da8a9953c0c934f026353d429effb0c7.jpg_710x360_6809ddab.jpg〇https://qimgs.qunarzz.com/piao_qsight_provider_piao_qsight_web/c89e18a2cd79d155a69b1299b590e6a7.jpg_710x360_d87759c0.jpg〇https://qimgs.qunarzz.com/piao_qsight_provider_piao_qsight_web/6023b29151a3f5273c1fd00b3c83d071.jpg_710x360_066f45df.jpg〇https://qimgs.qunarzz.com/piao_qsight_provider_piao_qsight_web/76668245962913ddc9912d60e8485163.jpg_710x360_702de840.jpg〇https://qimgs.qunarzz.com/piao_qsight_provider_piao_qsight_web/513ae28ec2e711d7386d183347b56347.jpg_710x360_20d5864d.jpg〇https://qimgs.qunarzz.com/piao_qsight_provider_piao_qsight_web/d5ce2fae01c0493427eb0f5403b552c3.jpg_710x360_114f1de6.jpg〇https://qimgs.qunarzz.com/piao_qsight_provider_piao_qsight_web/87b512e19430863e77d9db4098b88c29.jpg_710x360_8ae080ad.jpg〇https://qimgs.qunarzz.com/piao_qsight_provider_piao_qsight_web/30de19b91c883fc42615ea51ee18688d.jpg_710x360_35792065.jpg〇https://qimgs.qunarzz.com/piao_qsight_provider_piao_qsight_web/a0b54ee3fc94a7f7.jpg_710x360_28249f32.jpg〇https://qimgs.qunarzz.com/piao_qsight_provider_piao_qsight_web/19cbd7dad08457f7.jpg_710x360_c3cff424.jpg〇https://qimgs.qunarzz.com/piao_qsight_provider_piao_qsight_web/a8f472957403b1f7.jpg_710x360_762475c7.jpg,"{""ret"": true, ""data"": {""tagList"": [{""tagType"": 3, ""tagScore"": 5, ""tagNum"": 2, ""tagName"": ""\u5dee\u8bc4""}, {""tagType"": 1, ""tagScore"": 5, ""tagNum"": 1, ""tagName"": ""\u597d\u8bc4""}, {""tagType"": 0, ""tagScore"": 5, ""tagNum"": 3, ""tagName"": ""\u5168\u90e8""}], ""commentList"": [{""author"": ""u*7"", ""content"": ""\u5de8\u5751\uff0c\u8c01\u53bb\u8c01\u540e\u6094\uff0c\u4e0a\u5c9b5\u5206\u949f\u8239\u7968150-\u4e0a\u5c9b\u8d3980-\u5c9b\u4e0a\u5230\u5904\u90fd\u662f\u5783\u573e"", ""date"": ""2021-08-13"", ""score"": 1, ""commentId"": ""220280277"", ""imgs"": [], ""userNickName"": ""u*7"", ""replyCityName"": """", ""cityName"": """"}, {""author"": ""i*2"", ""content"": ""\u4e0a\u5c9b\u8981\u7ed9\u94b1\u3001\u597d\u50cf\u662f20\u5757\u4e00\u4e2a"", ""date"": ""2018-04-21"", ""score"": 2, ""commentId"": ""205892904"", ""imgs"": [], ""userNickName"": ""i*2"", ""replyCityName"": """", ""cityName"": """"}, {""author"": ""\u5609*\u8c6a"", ""content"": ""\u514d\u8d39\u7684\u4e00\u4e2a\u666f\u70b9\uff0c\u81ea\u7136\uff0c\u7f8e\u4e3d\u3002"", ""date"": ""2015-10-22"", ""score"": 5, ""commentId"": ""86909869"", ""imgs"": [], ""userNickName"": ""\u5609*\u8c6a"", ""replyCityName"": """", ""cityName"": """"}], ""score"": 2.7, ""commentCount"": 3}, ""statusCode"": 200}"
极速滑索,https://imgs.qunarzz.com/sight/p29/201211/03/c83f98e796ec629493835fbb.jpg_280x200_ab49bff2.jpg,阳江市,江城区,广东省阳江市江城区东方银滩,-1,-1.0,请问您是否被烦闷枯燥的生活困扰，无法解脱?是否觉得做任何事都平淡无趣？现在您需要的是一次精神上的洗礼速度刺激感官神经的极,https://piao.qunar.com/ticket/detail_1980711287.html?st=a3clM0QlRTYlQjElOUYlRTUlOUYlOEUlRTUlOEMlQkElMjZpZCUzRDIyNTQxJTI2dHlwZSUzRDAlMjZpZHglM0Q0NSUyNnF0JTNEJTI2YXBrJTNEMiUyNnNjJTNEV1dXJTI2dXIlM0QlRTQlQjglQUQlRTUlQjElQjElMjZsciUzRCVFNCVCOCVBRCVFNSVCMSVCMSUyNmZ0JTNEJTdCJTdE#from=mpl_search_suggest,-1.0,N/A,"请问您是否被烦闷枯燥的生活困扰，无法解脱?是否觉得做任何事都平淡无趣？现在您需要的是一次精神上的洗礼速度刺激感官神经的极限快感。快来加入勇敢者的行列。滑索是客运架空索道的原始形式。我国古代的西南山区，有不少河流渡口利用竹索或藤索渡河,称为“笮”，也称为“悬度”。到明清时期，西南地区建造了许多这种无动力原始索道，至今在偏僻山区仍能见到。极速滑索项目将于5月底开业”全长666米。滑索作为新兴的娱乐项目，被称为极限运动。穿戴柔性吊具的乘客，悬挂在滑动小车下，以斜拉的两根钢绳为轨道，利用重力，从高处向低处飞速滑下，这就是滑索。滑索运动充满速度感和刺激性，可以轻松跨越山谷、河流、湖面等障碍，让乘客体会到凌空飞渡的新奇感受，因此深得游客，尤其是年轻人的喜爱。现在把它的独特的原始感觉放于大海与悬崖之上。",暂无,https://imgs.qunarzz.com/sight/p29/201211/03/c83f98e796ec629493835fbb.jpg_710x360_ab2eb709.jpg,"{""ret"": true, ""data"": {""tagList"": [{""tagType"": 0, ""tagScore"": 5, ""tagNum"": 0, ""tagName"": ""\u5168\u90e8""}], ""score"": 0.0, ""commentCount"": 0}, ""statusCode"": 200}"
阳江沙扒景隆海洋馆,https://imgs.qunarzz.com/sight/p0/1806/6c/6c104b2e8dd78b08a3.img.jpg_280x200_9ee7672f.jpg,阳江市,阳西县,广东省阳江市阳西县沙扒镇,49,4.9,集游乐、观赏、科教为一体的多功能展馆,https://piao.qunar.com/ticket/detail_917342007.html?st=a3clM0QlRTklOTglQjMlRTglQTUlQkYlRTUlOEUlQkYlMjZpZCUzRDQ2ODYyNCUyNnR5cGUlM0QwJTI2aWR4JTNEMTMlMjZxdCUzRCUyNmFwayUzRDIlMjZzYyUzRFdXVyUyNnVyJTNEJUU0JUI4JUFEJUU1JUIxJUIxJTI2bHIlM0QlRTQlQjglQUQlRTUlQjElQjElMjZmdCUzRCU3QiU3RA%3D%3D#from=mpl_search_suggest,-1.0,N/A,沙扒湾景隆海洋馆坐落在阳西沙扒湾镇，海滩渡假区，是阳江地区唯 一的一间成规模的海洋馆，同时又是一个集游乐、观赏、科教为一体的多*能展馆，占地面积近2千平方米，总投资近五百万元。海洋馆正在不断引进新的海洋动物，使展示内容更新颖，更充实的同时，推动海洋知识科普活动的发展，争取把海洋馆办成青少年海洋科普教育基地。 景隆海洋馆分初步为二个区域展示海底动物世界和能够提供与海洋相关的少年儿童参与性的活动场所。馆内观赏性的项目包括：大型的珊瑚海底世界可以看到色彩斑斓的鱼儿欢快地在珊瑚丛中游来游去，似乎伸手可及；让人仿佛进入深海中与海豚共舞的幻灯隧道、观赏阴森凶猛的深海鯊魚猎食场景、来到水母区，你可看到一群群的水母透过各种颜色柔和的灯光，仿如悠悠绿带，飘飘渺渺；二百多斤重的百岁海龟带着它的孙辈们在深海礁石中自由暢泳。各种来自非律宾等东南亚海域的希有鱼种、有的象小丑活泼可爱，有些却面目睁眝，其中特色别种类包括（即将到馆）在深海中神出鬼没的大海怪、名字吓人的魔鬼魚、近百斤重的大龙石鱼、形象怪异的石头鱼等让你仿如置身于大自然海洋中探秘。,景区暂时停业，详情请以景区公示为准。原开放时间9:00-21:00,https://imgs.qunarzz.com/sight/p0/1806/6c/6c104b2e8dd78b08a3.img.jpg_710x360_f3ceaea7.jpg〇https://imgs.qunarzz.com/sight/p0/1806/62/62ccecac557c8891a3.img.jpg_710x360_2c4db725.jpg〇https://imgs.qunarzz.com/sight/p0/1806/9a/9aa1be6e483e0207a3.img.jpg_710x360_30835abc.jpg〇https://imgs.qunarzz.com/sight/p0/1806/f0/f04dfd2dbd13ed0fa3.img.jpg_710x360_16dafeb2.jpg〇https://imgs.qunarzz.com/sight/p0/1806/bf/bfff32ce735dbc73a3.img.jpg_710x360_02fe1e2f.jpg〇https://imgs.qunarzz.com/sight/p0/1806/3d/3d2092faffb80d4ba3.img.jpg_710x360_87215914.jpg〇https://imgs.qunarzz.com/sight/p0/1806/bb/bb116cc47b9af3f4a3.img.jpg_710x360_8281ae22.jpg〇https://qimgs.qunarzz.com/piao_qsight_provider_piao_qsight_web/7ded6f7554041002.jpg_710x360_e694125e.jpg〇https://qimgs.qunarzz.com/piao_qsight_provider_piao_qsight_web/e6b67717886ecd02.jpg_710x360_8eb62c39.jpg〇https://qimgs.qunarzz.com/piao_qsight_provider_piao_qsight_web/437f0a9c6661f108de981d56aac7537c.jpg_710x360_3a7ff8fd.jpg〇https://qimgs.qunarzz.com/piao_qsight_provider_piao_qsight_web/159fb1015b4771d816dd300401e1a8df.jpg_710x360_48e3cd93.jpg〇https://qimgs.qunarzz.com/piao_qsight_provider_piao_qsight_web/0532291c2c2dc337.jpg_710x360_7452760b.jpg,"{""ret"": true, ""data"": {""tagList"": [{""tagType"": 32, ""tagScore"": 5, ""tagNum"": 1, ""tagName"": ""\u670d\u52a1\u597d""}, {""tagType"": 16, ""tagScore"": 5, ""tagNum"": 1, ""tagName"": ""\u9760\u8c31""}, {""tagType"": 8, ""tagScore"": 5, ""tagNum"": 1, ""tagName"": ""\u4fbf\u5b9c""}, {""tagType"": 4, ""tagScore"": 5, ""tagNum"": 1, ""tagName"": ""\u53d6\u7968\u65b9\u4fbf""}, {""tagType"": 3, ""tagScore"": 5, ""tagNum"": 1, ""tagName"": ""\u5dee\u8bc4""}, {""tagType"": 1, ""tagScore"": 5, ""tagNum"": 48, ""tagName"": ""\u597d\u8bc4""}, {""tagType"": 0, ""tagScore"": 5, ""tagNum"": 49, ""tagName"": ""\u5168\u90e8""}], ""commentList"": [{""author"": ""\u6b65*\u9e3f"", ""content"": ""\u7528\u6237\u672a\u70b9\u8bc4\uff0c\u7cfb\u7edf\u9ed8\u8ba4\u597d\u8bc4\u3002"", ""date"": ""2019-10-25"", ""score"": 5, ""commentId"": ""212815753"", ""imgs"": [], ""userNickName"": ""\u6b65*\u9e3f"", ""replyCityName"": """", ""cityName"": """"}, {""author"": ""d*3"", ""content"": ""\u7528\u6237\u672a\u70b9\u8bc4\uff0c\u7cfb\u7edf\u9ed8\u8ba4\u597d\u8bc4\u3002"", ""date"": ""2019-09-28"", ""score"": 5, ""commentId"": ""212548997"", ""imgs"": [], ""userNickName"": ""d*3"", ""replyCityName"": """", ""cityName"": """"}, {""author"": ""q*1"", ""content"": ""\u7528\u6237\u672a\u70b9\u8bc4\uff0c\u7cfb\u7edf\u9ed8\u8ba4\u597d\u8bc4\u3002"", ""date"": ""2019-09-26"", ""score"": 5, ""commentId"": ""212519289"", ""imgs"": [], ""userNickName"": ""q*1"", ""replyCityName"": """", ""cityName"": """"}, {""author"": ""q*3"", ""content"": ""\u7528\u6237\u672a\u70b9\u8bc4\uff0c\u7cfb\u7edf\u9ed8\u8ba4\u597d\u8bc4\u3002"", ""date"": ""2019-09-17"", ""score"": 5, ""commentId"": ""212293451"", ""imgs"": [], ""userNickName"": ""q*3"", ""replyCityName"": """", ""cityName"": """"}, {""author"": ""j*4"", ""content"": ""\u7528\u6237\u672a\u70b9\u8bc4\uff0c\u7cfb\u7edf\u9ed8\u8ba4\u597d\u8bc4\u3002"", ""date"": ""2019-08-22"", ""score"": 5, ""commentId"": ""211691458"", ""imgs"": [], ""userNickName"": ""j*4"", ""replyCityName"": """", ""cityName"": """"}, {""author"": ""\u8283*\u73cd"", ""content"": ""\u7528\u6237\u672a\u70b9\u8bc4\uff0c\u7cfb\u7edf\u9ed8\u8ba4\u597d\u8bc4\u3002"", ""date"": ""2019-08-02"", ""score"": 5, ""commentId"": ""211409886"", ""imgs"": [], ""userNickName"": ""\u8283*\u73cd"", ""replyCityName"": """", ""cityName"": """"}, {""author"": ""\u8283*\u73cd"", ""content"": ""\u7528\u6237\u672a\u70b9\u8bc4\uff0c\u7cfb\u7edf\u9ed8\u8ba4\u597d\u8bc4\u3002"", ""date"": ""2019-08-02"", ""score"": 5, ""commentId"": ""211409885"", ""imgs"": [], ""userNickName"": ""\u8283*\u73cd"", ""replyCityName"": """", ""cityName"": """"}, {""author"": ""b*3"", ""content"": ""\u7528\u6237\u672a\u70b9\u8bc4\uff0c\u7cfb\u7edf\u9ed8\u8ba4\u597d\u8bc4\u3002"", ""date"": ""2019-07-30"", ""score"": 5, ""commentId"": ""211358715"", ""imgs"": [], ""userNickName"": ""b*3"", ""replyCityName"": """", ""cityName"": """"}, {""author"": ""l*0"", ""content"": ""\u7528\u6237\u672a\u70b9\u8bc4\uff0c\u7cfb\u7edf\u9ed8\u8ba4\u597d\u8bc4\u3002"", ""date"": ""2019-07-26"", ""score"": 5, ""commentId"": ""211329368"", ""imgs"": [], ""userNickName"": ""l*0"", ""replyCityName"": """", ""cityName"": """"}, {""author"": ""d*9"", ""content"": ""\u7528\u6237\u672a\u70b9\u8bc4\uff0c\u7cfb\u7edf\u9ed8\u8ba4\u597d\u8bc4\u3002"", ""date"": ""2019-07-05"", ""score"": 5, ""commentId"": ""211066815"", ""imgs"": [], ""userNickName"": ""d*9"", ""replyCityName"": """", ""cityName"": """"}], ""score"": 4.9, ""commentCount"": 49}, ""statusCode"": 200}"
沙扒湾奇乐冰雪大世界,https://imgs.qunarzz.com/sight/p0/1708/6c/6cecb671bb614e3aa3.water.jpg_280x200_6aa8899a.jpg,阳江市,阳西县,阳江市阳西县沙扒湾沙滩入口处,5,3.2,享受缤纷冰雪世界,https://piao.qunar.com/ticket/detail_2916537078.html?st=a3clM0QlRTklOTglQjMlRTglQTUlQkYlRTUlOEUlQkYlMjZpZCUzRDQ2NjEyMCUyNnR5cGUlM0QwJTI2aWR4JTNEMTIlMjZxdCUzRCUyNmFwayUzRDIlMjZzYyUzRFdXVyUyNnVyJTNEJUU0JUI4JUFEJUU1JUIxJUIxJTI2bHIlM0QlRTQlQjglQUQlRTUlQjElQjElMjZmdCUzRCU3QiU3RA%3D%3D#from=mpl_search_suggest,-1.0,N/A,沙扒湾奇乐冰雪大世界享受缤纷冰雪世界，畅快一夏。,1/1-12/31；周一至周日；09:00-21:00开园,https://imgs.qunarzz.com/sight/p0/1708/6c/6cecb671bb614e3aa3.water.jpg_710x360_822c717d.jpg〇https://imgs.qunarzz.com/sight/p0/1708/bd/bd8ea0f18dceb425a3.water.jpg_710x360_82d7e118.jpg〇https://imgs.qunarzz.com/sight/p0/1708/e9/e9fc3dadafa42ddba3.water.jpg_710x360_e6b53b78.jpg〇https://imgs.qunarzz.com/sight/p0/1708/30/30e8df8edf5499aa3.water.jpg_710x360_925646e3.jpg,"{""ret"": true, ""data"": {""tagList"": [{""tagType"": 3, ""tagScore"": 5, ""tagNum"": 1, ""tagName"": ""\u5dee\u8bc4""}, {""tagType"": 1, ""tagScore"": 5, ""tagNum"": 3, ""tagName"": ""\u597d\u8bc4""}, {""tagType"": 0, ""tagScore"": 5, ""tagNum"": 5, ""tagName"": ""\u5168\u90e8""}], ""commentList"": [{""author"": ""\u6b65*\u9e3f"", ""content"": ""\u7528\u6237\u672a\u70b9\u8bc4\uff0c\u7cfb\u7edf\u9ed8\u8ba4\u597d\u8bc4\u3002"", ""date"": ""2019-10-25"", ""score"": 5, ""commentId"": ""212815644"", ""imgs"": [], ""userNickName"": ""\u6b65*\u9e3f"", ""replyCityName"": """", ""cityName"": """"}, {""author"": ""t*6"", ""content"": ""\u5dee\u8bc4\uff01\u8d85\u7ea7\u5751\uff0c\u8fdb\u53bb\u540e\u8981\u73a9\u96ea\u8f66\u5341\u5757\u94b1\uff0c\u4e0d\u73a9\u53ef\u4ee5\uff0c\u81ea\u5df1\u53bb\u770b\u6076\u5fc3\u7684\u51b0\u96d5\uff0c\u5c31\u53ea\u6709\u51e0\u5757\uff0c\u5c31\u8fd9\u6837\uff0c\u9664\u4e86\u51b7\u4ec0\u4e48\u90fd\u6ca1\u6709\uff0c\u590f\u5929\u53bb\u8fd8\u8981\u591a\u51fa\u5341\u5757\u94b1\u4e70\u889c\u5b50\u79df\u62a4\u819d\uff0c\u5988\u554a\uff0c\u8c01\u4f1a\u51ac\u5929\u53bb\uff0c\u6211\u770b\u4ee5\u540e\u8fde\u68c9\u8863\u4e5f\u8981\u94b1\uff0c\u6700\u540e\uff0c\u670d\u52a1\u6001\u5ea6\u8d85\u5dee\uff0c\u9a97\u4f60\u53bb\u73a9\u96ea\u8f66\u6700\u540e\u8bf4\u4e86\u53e5\u8981\u5341\u5757\u94b1\u624d\u80fd\u73a9\u5426\u5219\u8fde\u5c0f\u5b69\u73a9\u7684\u90fd\u4e0d\u7ed9\u73a9\uff0c\u592a\u6076\u52a3\u4e86\uff01\uff01"", ""date"": ""2017-10-04"", ""score"": 1, ""commentId"": ""202967732"", ""imgs"": [{""small"": ""https://imgs.qunarzz.com/piao/fusion/1710/49/bd0b62399be4c602.jpg_120x120_408e2c88.jpg"", ""title"": """", ""big"": ""https://imgs.qunarzz.com/piao/fusion/1710/49/bd0b62399be4c602.jpg""}, {""small"": ""https://imgs.qunarzz.com/piao/fusion/1710/4f/a746e0023ee9ac02.jpg_120x120_6a5f43ed.jpg"", ""title"": """", ""big"": ""https://imgs.qunarzz.com/piao/fusion/1710/4f/a746e0023ee9ac02.jpg""}, {""small"": ""https://imgs.qunarzz.com/piao/fusion/1710/b9/9ce37a842fdfec02.jpg_120x120_9836934e.jpg"", ""title"": """", ""big"": ""https://imgs.qunarzz.com/piao/fusion/1710/b9/9ce37a842fdfec02.jpg""}, {""small"": ""https://imgs.qunarzz.com/piao/fusion/1710/fa/b7a10a59ba536902.jpg_120x120_0a08a35a.jpg"", ""title"": """", ""big"": ""https://imgs.qunarzz.com/piao/fusion/1710/fa/b7a10a59ba536902.jpg""}], ""userNickName"": ""t*6"", ""replyCityName"": """", ""cityName"": """"}, {""author"": ""q*5"", ""content"": ""\u7528\u6237\u672a\u70b9\u8bc4\uff0c\u7cfb\u7edf\u9ed8\u8ba4\u597d\u8bc4\u3002"", ""date"": ""2018-09-25"", ""score"": 5, ""commentId"": ""207956656"", ""imgs"": [], ""userNickName"": ""q*5"", ""replyCityName"": """", ""cityName"": """"}, {""author"": ""q*5"", ""content"": ""\u7528\u6237\u672a\u70b9\u8bc4\uff0c\u7cfb\u7edf\u9ed8\u8ba4\u597d\u8bc4\u3002"", ""date"": ""2018-09-25"", ""score"": 5, ""commentId"": ""207956655"", ""imgs"": [], ""userNickName"": ""q*5"", ""replyCityName"": """", ""cityName"": """"}, {""author"": ""t*6"", ""content"": ""\u5dee\u8bc4\uff01\u8d85\u7ea7\u5751\uff0c\u8fdb\u53bb\u540e\u8981\u73a9\u96ea\u8f66\u5341\u5757\u94b1\uff0c\u4e0d\u73a9\u53ef\u4ee5\uff0c\u81ea\u5df1\u53bb\u770b\u6076\u5fc3\u7684\u51b0\u96d5\uff0c\u5c31\u53ea\u6709\u51e0\u5757\uff0c\u5c31\u8fd9\u6837\uff0c\u9664\u4e86\u51b7\u4ec0\u4e48\u90fd\u6ca1\u6709\uff0c\u590f\u5929\u53bb\u8fd8\u8981\u591a\u51fa\u5341\u5757\u94b1\u4e70\u889c\u5b50\u79df\u62a4\u819d\uff0c\u5988\u554a\uff0c\u8c01\u4f1a\u51ac\u5929\u53bb\uff0c\u6211\u770b\u4ee5\u540e\u8fde\u68c9\u8863\u4e5f\u8981\u94b1\uff0c\u6700\u540e\uff0c\u670d\u52a1\u6001\u5ea6\u8d85\u5dee\uff0c\u9a97\u4f60\u53bb\u73a9\u96ea\u8f66\u6700\u540e\u8bf4\u4e86\u53e5\u8981\u5341\u5757\u94b1\u624d\u80fd\u73a9\u5426\u5219\u8fde\u5c0f\u5b69\u73a9\u7684\u90fd\u4e0d\u7ed9\u73a9\uff0c\u592a\u6076\u52a3\u4e86\uff01\uff01"", ""date"": ""2017-10-04"", ""score"": 0, ""commentId"": ""216123922"", ""imgs"": [{""small"": ""https://img1.qunarzz.com/piao/fusion/1710/fa/b7a10a59ba536902.jpg_120x120_0a08a35a.jpg"", ""title"": """", ""big"": ""https://img1.qunarzz.com/piao/fusion/1710/fa/b7a10a59ba536902.jpg""}, {""small"": ""https://img1.qunarzz.com/piao/fusion/1710/b9/9ce37a842fdfec02.jpg_120x120_9836934e.jpg"", ""title"": """", ""big"": ""https://img1.qunarzz.com/piao/fusion/1710/b9/9ce37a842fdfec02.jpg""}, {""small"": ""https://img1.qunarzz.com/piao/fusion/1710/4f/a746e0023ee9ac02.jpg_120x120_6a5f43ed.jpg"", ""title"": """", ""big"": ""https://img1.qunarzz.com/piao/fusion/1710/4f/a746e0023ee9ac02.jpg""}, {""small"": ""https://img1.qunarzz.com/piao/fusion/1710/49/bd0b62399be4c602.jpg_120x120_408e2c88.jpg"", ""title"": """", ""big"": ""https://img1.qunarzz.com/piao/fusion/1710/49/bd0b62399be4c602.jpg""}], ""userNickName"": ""t*6"", ""replyCityName"": """", ""cityName"": """"}], ""score"": 3.2, ""commentCount"": 5}, ""statusCode"": 200}"
东水山,https://imgs.qunarzz.com/sight/p0/201403/07/a70abd7999a8fc0d5be203bb3ffd2e88.jpg_280x200_4dcda4d6.jpg,阳江市,阳西县,广东省阳江市阳西县,1,5.0,广东省第四高山，天然的聚宝库,https://piao.qunar.com/ticket/detail_3717857692.html?st=a3clM0QlRTklOTglQjMlRTglQTUlQkYlRTUlOEUlQkYlMjZpZCUzRDg0NzIlMjZ0eXBlJTNEMCUyNmlkeCUzRDExJTI2cXQlM0QlMjZhcGslM0QyJTI2c2MlM0RXV1clMjZ1ciUzRCVFNCVCOCVBRCVFNSVCMSVCMSUyNmxyJTNEJUU0JUI4JUFEJUU1JUIxJUIxJTI2ZnQlM0QlN0IlN0Q%3D#from=mpl_search_suggest,-1.0,N/A,东水山景区位于阳西西北山区，距县城约40公里，主峰鹅凰障高达1337米，是广东省第四高山，山顶可眺望南海。景区由于特殊的地理环境和气候，使世界濒临绝迹的许多珍贵植物在这里得以保存下来，已发现的珍稀树种有猪血木、红山茶、月杜鹃等以及各种野生动物，是天然的聚宝库。东水山有漫山遍墅的翠竹、形状各异的各种奇石、独具一格的流水瀑布，还有那古法造纸作坊。坐在绿树掩映的村庄中吃粗粮，嚼野菜，品山茶，会让你感到滋味无穷。位于村后的盘古宫，是东水人来源久远的写照。他们崇拜先人，畏敬鬼神，在东水，有无数人居的岩洞。东水山景区内的望夫山为全国九大望夫山之一。,暂无,https://imgs.qunarzz.com/sight/p0/201403/07/a70abd7999a8fc0d5be203bb3ffd2e88.jpg_710x360_11351741.jpg〇https://qimgs.qunarzz.com/piao_qsight_provider_piao_qsight_web/70de192f40cef428b5fcfad535247d57.jpg_710x360_892684ae.jpg〇https://qimgs.qunarzz.com/piao_qsight_provider_piao_qsight_web/545c1fc984a4f737.jpg_710x360_d9328d08.jpg〇https://qimgs.qunarzz.com/piao_qsight_provider_piao_qsight_web/e0a1bcb2d7c4e337.jpg_710x360_fb7333b8.jpg〇https://qimgs.qunarzz.com/piao_qsight_provider_piao_qsight_web/7317d9b144281a.jpg_710x360_1189776f.jpg,"{""ret"": true, ""data"": {""tagList"": [{""tagType"": 1, ""tagScore"": 5, ""tagNum"": 1, ""tagName"": ""\u597d\u8bc4""}, {""tagType"": 0, ""tagScore"": 5, ""tagNum"": 1, ""tagName"": ""\u5168\u90e8""}], ""commentList"": [{""author"": ""\u5609*\u8c6a"", ""content"": ""\u5929\u6c14\u597d\u7684\u65f6\u5019\u5f88\u6f02\u4eae\uff0c\u84dd\u5929\u767d\u4e91\u5012\u5f71\u3002"", ""date"": ""2015-10-22"", ""score"": 5, ""commentId"": ""86909737"", ""imgs"": [], ""userNickName"": ""\u5609*\u8c6a"", ""replyCityName"": """", ""cityName"": """"}], ""score"": 5.0, ""commentCount"": 1}, ""statusCode"": 200}"
阳西沙扒月亮湾沙雕梦幻乐园,https://imgs.qunarzz.com/sight/p0/1508/6f/3be269f282a7b3a6e220346f1263e44d.water.jpg_280x200_56c72965.jpg,阳江市,阳西县,广东省阳江市阳西县沙扒镇月亮湾滨海国际旅游度假区,1,4.0,动静结合、丰富多彩的乐园,https://piao.qunar.com/ticket/detail_452978069.html?st=a3clM0QlRTklOTglQjMlRTglQTUlQkYlRTUlOEUlQkYlMjZpZCUzRDQ1MzI2OCUyNnR5cGUlM0QwJTI2aWR4JTNEMTAlMjZxdCUzRCUyNmFwayUzRDIlMjZzYyUzRFdXVyUyNnVyJTNEJUU0JUI4JUFEJUU1JUIxJUIxJTI2bHIlM0QlRTQlQjglQUQlRTUlQjElQjElMjZmdCUzRCU3QiU3RA%3D%3D#from=mpl_search_suggest,-1.0,N/A,景区分企鹅展示区、沙雕展示区、互动游乐区三大部分。企鹅展示区有大小企鹅萌宠2015只，沙雕展示区有：城墙、小叮当、大力水手、美人鱼、黛西寻梦、喜洋洋与灰太狼、蝴蝶侠、熊出没、海绵宝宝、汽车总动员、路巨人、超能陆战队、白雪公主与七个小矮人、阿童木、米奇、*夫熊猫、圣诞老人、墨菲与小伙伴、hellolitty城堡、沙雕大头贴、沙雕酒吧等22组作品。动静结合、丰富多彩。同时本乐园每天晚上19:30-22:00。内容包括：激光音乐秀、泡泡秀、沙滩音乐节、沙雕酒吧、孔明灯区、射击、射箭、抛花圈等。,暂无,https://imgs.qunarzz.com/sight/p0/1508/6f/3be269f282a7b3a6e220346f1263e44d.water.jpg_710x360_7c8cfc5d.jpg〇https://imgs.qunarzz.com/sight/p0/1508/27/c992f3d5b4eb652a51f1a6cb53ef58b4.water.jpg_710x360_780de1e7.jpg〇https://imgs.qunarzz.com/sight/p0/1508/de/978e267526e28ebb5d63476a0ad5771e.water.jpg_710x360_3e55dfd1.jpg,"{""ret"": true, ""data"": {""tagList"": [{""tagType"": 1, ""tagScore"": 5, ""tagNum"": 1, ""tagName"": ""\u597d\u8bc4""}, {""tagType"": 0, ""tagScore"": 5, ""tagNum"": 1, ""tagName"": ""\u5168\u90e8""}], ""commentList"": [{""author"": ""c*2"", ""content"": ""\u975e\u5e38\u6f02\u4eae!\u4e5f\u975e\u5e38\u7684\u6709\u521b\u610f\uff0c\u56f0\u4e3a\u628a\u6c99\u96d5\u5728\u6d77\u8fb9\u6b63\u53ef\u4ee5\u8868\u793a\u521b\u610f\u4eba\u6709\u4e3b\u89c1,\u548c\u6709\u827a\u672f\u7684\u5929\u4efd,\u65e2\u53ef\u4ee5\u4e27\u793a\u521b\u4f5c\u4eba\u7684\u667a\u5546\u548c\u5228\u4f5c\u65b9\u9762\u7684\u80fd\u529b\uff0c\u4e5f\u53ef\u4ee5\u8ba9\u66f4\u591a\u7684\u4eba\u770b\u5230\u4ed6\uff08\u5979\uff09\u4eec\u7684\u4f5c\u54c1.\u56e0\u4e3a\u4eba\u4eec\u4e00\u65e6\u5929\u6c14\u708e\u70ed\u6216\u662f\u5fc3\u60c5\u4e0d\u597d\u7684\u65f6\u523b,\u4ed6\uff08\u5979\uff09\u4eec\u5c31\u4f1a\u5230\u6d77\u8fb9\u6563\u5fc3\u6216\u662f\u73a9\uff0c\u8fd9\u6837\u4e00\u6765,\u53ea\u6709\u4e24\u79cd\u8bf4\u6cd5:\u4e00\u6765\u5462\uff1f\u7b2c\u4e00,\u6253\u73a9\u52aa\u529b\u2018\u7b2c\u4e8c:\u53ef\u4ee5\u4f7f\u5fc3\u60c5\u4e0d\u597d\u7684\u4eba\u770b\u4e86\u5fc3\u60c5\u80fd\u591f\u597d\u8d77\u9752\u83dc\u5e02\u573a"", ""date"": ""2016-01-26"", ""score"": 4, ""commentId"": ""103612626"", ""imgs"": [], ""userNickName"": ""c*2"", ""replyCityName"": """", ""cityName"": """"}], ""score"": 4.0, ""commentCount"": 1}, ""statusCode"": 200}"
阳西青洲岛,https://imgs.qunarzz.com/sight/p0/1509/ae/aebf5707c4952904.water.jpg_280x200_d66664b4.jpg,阳江市,阳西县,阳江市阳西县沙扒镇沙扒湾海天度假村,345,4.6,生态完好海产丰富,https://piao.qunar.com/ticket/detail_4022969014.html?st=a3clM0QlRTklOTglQjMlRTglQTUlQkYlRTUlOEUlQkYlMjZpZCUzRDMyNzc5JTI2dHlwZSUzRDAlMjZpZHglM0Q5JTI2cXQlM0QlMjZhcGslM0QyJTI2c2MlM0RXV1clMjZ1ciUzRCVFNCVCOCVBRCVFNSVCMSVCMSUyNmxyJTNEJUU0JUI4JUFEJUU1JUIxJUIxJTI2ZnQlM0QlN0IlN0Q%3D#from=mpl_search_suggest,-1.0,N/A,青洲岛位于沙扒湾海面十里处，这里风平浪静，海产资源丰富。每当盛夏，特别是七、八月是鱿鱼渔讯期。停泊在青洲岛周围的灯光刺钓船排满了整条海平线，点点灯光与晴空繁星相辉映，何其壮观。随着万道霞光从天际直射而上，把西天的云彩烧成赤红、丹红、淡红。当夜幕降临，打开渔灯，鱿鱼仔、钢针等一些趋光鱼类就集合到小艇周围。用网兜一捞，你就能有丰富斩获。回到岸边，现场可以炭烧鱿鱼。一股香喷喷的气息充斥在空气之中，调动起你的食欲。再配上清凉的啤酒坐在海边，倾听海浪轻涌沙岸声，享受拂面而来的阵阵海风，与三五知己聊天嬉戏，幸福指数直线飙升。,1/1-12/31；周一至周日；09:00-15:30开园,https://imgs.qunarzz.com/sight/p0/201301/17/b0289d075c7d30d193835fbb.jpg_710x360_09d4a1dc.jpg〇https://imgs.qunarzz.com/sight/p0/1509/35/358811c4857c6a2e.water.jpg_710x360_35d23ce5.jpg〇https://imgs.qunarzz.com/sight/p0/1509/bc/bc15a1c85fd6cf3b.water.jpg_710x360_c6e6f8f4.jpg〇https://imgs.qunarzz.com/sight/p0/1509/97/9701398d33e41ca0.water.jpg_710x360_6e6975b5.jpg〇https://imgs.qunarzz.com/sight/p0/1509/ec/ecf01bbf7491a7e8.water.jpg_710x360_a71d6cbd.jpg〇https://imgs.qunarzz.com/sight/p0/1509/bc/bc15a1c85fd6cf3b.water.jpg_710x360_c6e6f8f4.jpg〇https://imgs.qunarzz.com/sight/p0/1509/b4/b4f631d1fdcc63e9.water.jpg_710x360_aaf77690.jpg〇https://imgs.qunarzz.com/sight/p0/1509/ae/aebf5707c4952904.water.jpg_710x360_95c50e76.jpg〇https://imgs.qunarzz.com/sight/p0/1509/af/af623abd600cc41.water.jpg_710x360_c0f837df.jpg〇https://imgs.qunarzz.com/sight/p0/1509/97/9748b12705523a0c.water.jpg_710x360_d3ee5414.jpg〇https://imgs.qunarzz.com/sight/p0/1509/35/358811c4857c6a2e.water.jpg_710x360_35d23ce5.jpg〇https://imgs.qunarzz.com/sight/p0/1509/5b/5b60fbf2476d300b.water.jpg_710x360_07051d84.jpg〇https://imgs.qunarzz.com/sight/p0/1509/ed/eda5ecbbbbe7b40c.water.jpg_710x360_51e8fe2d.jpg〇https://imgs.qunarzz.com/sight/p0/1509/77/773538c6741a659b.water.jpg_710x360_8fb19ae9.jpg〇https://imgs.qunarzz.com/sight/p0/1509/fd/fdaae0fa30dfa276.water.jpg_710x360_0ce5ef8e.jpg〇https://imgs.qunarzz.com/sight/p0/1509/6a/6a833107484211cf.water.jpg_710x360_93b9af9b.jpg〇https://imgs.qunarzz.com/sight/p0/1509/81/817de8c77636d7a2.water.jpg_710x360_4e20a256.jpg〇https://imgs.qunarzz.com/sight/p0/1509/84/8417b0ad1582e17c.water.jpg_710x360_65654287.jpg,"{""ret"": true, ""data"": {""tagList"": [{""tagType"": 32, ""tagScore"": 5, ""tagNum"": 17, ""tagName"": ""\u670d\u52a1\u597d""}, {""tagType"": 16, ""tagScore"": 5, ""tagNum"": 17, ""tagName"": ""\u9760\u8c31""}, {""tagType"": 8, ""tagScore"": 5, ""tagNum"": 16, ""tagName"": ""\u4fbf\u5b9c""}, {""tagType"": 4, ""tagScore"": 5, ""tagNum"": 27, ""tagName"": ""\u53d6\u7968\u65b9\u4fbf""}, {""tagType"": 3, ""tagScore"": 5, ""tagNum"": 3, ""tagName"": ""\u5dee\u8bc4""}, {""tagType"": 2, ""tagScore"": 5, ""tagNum"": 8, ""tagName"": ""\u4e2d\u8bc4""}, {""tagType"": 1, ""tagScore"": 5, ""tagNum"": 314, ""tagName"": ""\u597d\u8bc4""}, {""tagType"": 0, ""tagScore"": 5, ""tagNum"": 345, ""tagName"": ""\u5168\u90e8""}], ""commentList"": [{""author"": ""\u53bb*\u6237"", ""content"": ""\u7528\u6237\u672a\u70b9\u8bc4\uff0c\u7cfb\u7edf\u9ed8\u8ba4\u597d\u8bc4\u3002"", ""date"": ""2022-10-18"", ""score"": 5, ""commentId"": ""223561565"", ""imgs"": [], ""userNickName"": ""\u53bb*\u6237"", ""replyCityName"": """", ""cityName"": """"}, {""author"": ""u*8"", ""content"": ""\u7528\u6237\u672a\u70b9\u8bc4\uff0c\u7cfb\u7edf\u9ed8\u8ba4\u597d\u8bc4\u3002"", ""date"": ""2022-10-04"", ""score"": 5, ""commentId"": ""223494994"", ""imgs"": [], ""userNickName"": ""u*8"", ""replyCityName"": """", ""cityName"": """"}, {""author"": ""c*4"", ""content"": ""\u7528\u6237\u672a\u70b9\u8bc4\uff0c\u7cfb\u7edf\u9ed8\u8ba4\u597d\u8bc4\u3002"", ""date"": ""2022-08-17"", ""score"": 5, ""commentId"": ""222810865"", ""imgs"": [], ""userNickName"": ""c*4"", ""replyCityName"": """", ""cityName"": """"}, {""author"": ""Y*k"", ""content"": ""\u7528\u6237\u672a\u70b9\u8bc4\uff0c\u7cfb\u7edf\u9ed8\u8ba4\u597d\u8bc4\u3002"", ""date"": ""2022-08-16"", ""score"": 5, ""commentId"": ""222794968"", ""imgs"": [], ""userNickName"": ""Y*k"", ""replyCityName"": """", ""cityName"": """"}, {""author"": ""H*y"", ""content"": ""\u7528\u6237\u672a\u70b9\u8bc4\uff0c\u7cfb\u7edf\u9ed8\u8ba4\u597d\u8bc4\u3002"", ""date"": ""2022-08-05"", ""score"": 5, ""commentId"": ""222687618"", ""imgs"": [], ""userNickName"": ""H*y"", ""replyCityName"": """", ""cityName"": """"}, {""author"": ""f*2"", ""content"": ""\u7528\u6237\u672a\u70b9\u8bc4\uff0c\u7cfb\u7edf\u9ed8\u8ba4\u597d\u8bc4\u3002"", ""date"": ""2022-08-05"", ""score"": 5, ""commentId"": ""222687366"", ""imgs"": [], ""userNickName"": ""f*2"", ""replyCityName"": """", ""cityName"": """"}, {""author"": ""\u53bb*\u6237"", ""content"": ""\u7528\u6237\u672a\u70b9\u8bc4\uff0c\u7cfb\u7edf\u9ed8\u8ba4\u597d\u8bc4\u3002"", ""date"": ""2022-07-12"", ""score"": 5, ""commentId"": ""222534866"", ""imgs"": [], ""userNickName"": ""\u53bb*\u6237"", ""replyCityName"": """", ""cityName"": """"}, {""author"": ""f*3"", ""content"": ""\u7528\u6237\u672a\u70b9\u8bc4\uff0c\u7cfb\u7edf\u9ed8\u8ba4\u597d\u8bc4\u3002"", ""date"": ""2021-11-05"", ""score"": 5, ""commentId"": ""221305320"", ""imgs"": [], ""userNickName"": ""f*3"", ""replyCityName"": """", ""cityName"": """"}, {""author"": ""\u6211*\u4ed4"", ""content"": ""\u975e\u5e38\u65b9\u4fbf\uff0c\u4ef7\u683c\u5408\u7406\uff0c\u670d\u52a1\u6001\u5ea6\u975e\u5e38\u597d\uff01"", ""date"": ""2021-09-14"", ""score"": 5, ""commentId"": ""220719419"", ""imgs"": [], ""userNickName"": ""\u6211*\u4ed4"", ""replyCityName"": """", ""cityName"": """"}, {""author"": ""t*9"", ""content"": ""\u7528\u6237\u672a\u70b9\u8bc4\uff0c\u7cfb\u7edf\u9ed8\u8ba4\u597d\u8bc4\u3002"", ""date"": ""2021-08-30"", ""score"": 5, ""commentId"": ""220612995"", ""imgs"": [], ""userNickName"": ""t*9"", ""replyCityName"": """", ""cityName"": """"}], ""score"": 4.6, ""commentCount"": 345}, ""statusCode"": 200}"
沙扒湾欢乐水上世界,https://qimgs.qunarzz.com/piao_qsight_provider_piao_qsight_web/1lo2w12000c6zkhjjE3E4_C_900_504.jpg_280x200_4b9b6a2f.jpg,阳江市,阳西县,阳江市阳西县阳西沙扒湾星级度假酒店东南侧约110米,22,5.0,N/A,https://piao.qunar.com/ticket/detail_612325480.html?st=a3clM0QlRTklOTglQjMlRTglQTUlQkYlRTUlOEUlQkYlMjZpZCUzRDUyMjgwNSUyNnR5cGUlM0QwJTI2aWR4JTNENyUyNnF0JTNEJTI2YXBrJTNEMiUyNnNjJTNEV1dXJTI2dXIlM0QlRTQlQjglQUQlRTUlQjElQjElMjZsciUzRCVFNCVCOCVBRCVFNSVCMSVCMSUyNmZ0JTNEJTdCJTdE#from=mpl_search_suggest,-1.0,N/A,N/A,05/01-12/31；周一至周日；13:00-23:00开园；（22:30停止入园）,https://qimgs.qunarzz.com/piao_qsight_provider_piao_qsight_web/1lo2w12000c6zkhjjE3E4_C_900_504.jpg_710x360_15f5c00b.jpg〇https://qimgs.qunarzz.com/piao_qsight_provider_piao_qsight_web/1lo6a12000dov5543BBD6_C_900_504_Q90_Mtg_7.jpg_710x360_2dfcdca2.jpg〇https://qimgs.qunarzz.com/piao_qsight_provider_piao_qsight_web/1lo2p12000dzg352x9E96_C_900_504_Q90_Mtg_7.jpg_710x360_4e4439ab.jpg〇https://qimgs.qunarzz.com/piao_qsight_provider_piao_qsight_web/1lo4d12000c6zkruo1AED_C_900_504_Q90_Mtg_7.jpg_710x360_0ae128b4.jpg〇https://qimgs.qunarzz.com/piao_qsight_provider_piao_qsight_web/1lo1x12000dzg354nB41A_C_900_504_Q90_Mtg_7.jpg_710x360_90d337e0.jpg〇https://qimgs.qunarzz.com/piao_qsight_provider_piao_qsight_web/1lo6d12000dzg67ra74D4_C_900_504_Q90_Mtg_7.jpg_710x360_de1d4ce4.jpg〇https://qimgs.qunarzz.com/piao_qsight_provider_piao_qsight_web/1lo7112000dzg5x5rB5DA_C_900_504_Q90_Mtg_7.jpg_710x360_82b8a7eb.jpg〇https://qimgs.qunarzz.com/piao_qsight_provider_piao_qsight_web/1lo5o12000dzg6ca782CA_C_900_504_Q90_Mtg_7.jpg_710x360_c82aee0c.jpg〇https://qimgs.qunarzz.com/piao_qsight_provider_piao_qsight_web/1lo0c12000c6zkt1m3B65_C_900_504_Q90_Mtg_7.jpg_710x360_a1fc9dfd.jpg〇https://qimgs.qunarzz.com/piao_qsight_provider_piao_qsight_web/1lo6k12000dov5jzm49CE_C_900_504_Q90_Mtg_7.jpg_710x360_1760d21d.jpg〇https://qimgs.qunarzz.com/piao_qsight_provider_piao_qsight_web/1lo2w12000c6zkhjjE3E4_C_900_504_Q90_Mtg_7.jpg_710x360_4d8b8084.jpg,"{""ret"": true, ""data"": {""tagList"": [{""tagType"": 1, ""tagScore"": 5, ""tagNum"": 22, ""tagName"": ""\u597d\u8bc4""}, {""tagType"": 0, ""tagScore"": 5, ""tagNum"": 22, ""tagName"": ""\u5168\u90e8""}], ""commentList"": [{""author"": ""\u53bb*\u6237"", ""content"": ""\u7528\u6237\u672a\u70b9\u8bc4\uff0c\u7cfb\u7edf\u9ed8\u8ba4\u597d\u8bc4\u3002"", ""date"": ""2024-10-16"", ""score"": 5, ""commentId"": ""237656014"", ""imgs"": [], ""userNickName"": ""\u53bb*\u6237"", ""replyCityName"": """", ""cityName"": """"}, {""author"": ""\u53bb*\u6237"", ""content"": ""\u7528\u6237\u672a\u70b9\u8bc4\uff0c\u7cfb\u7edf\u9ed8\u8ba4\u597d\u8bc4\u3002"", ""date"": ""2024-09-26"", ""score"": 5, ""commentId"": ""237292745"", ""imgs"": [], ""userNickName"": ""\u53bb*\u6237"", ""replyCityName"": """", ""cityName"": """"}, {""author"": ""\u53bb*\u6237"", ""content"": ""\u7528\u6237\u672a\u70b9\u8bc4\uff0c\u7cfb\u7edf\u9ed8\u8ba4\u597d\u8bc4\u3002"", ""date"": ""2024-09-26"", ""score"": 5, ""commentId"": ""237291995"", ""imgs"": [], ""userNickName"": ""\u53bb*\u6237"", ""replyCityName"": """", ""cityName"": """"}, {""author"": ""\u53bb*\u6237"", ""content"": ""\u7528\u6237\u672a\u70b9\u8bc4\uff0c\u7cfb\u7edf\u9ed8\u8ba4\u597d\u8bc4\u3002"", ""date"": ""2024-09-26"", ""score"": 5, ""commentId"": ""237291901"", ""imgs"": [], ""userNickName"": ""\u53bb*\u6237"", ""replyCityName"": """", ""cityName"": """"}, {""author"": ""\u53bb*\u6237"", ""content"": ""\u7528\u6237\u672a\u70b9\u8bc4\uff0c\u7cfb\u7edf\u9ed8\u8ba4\u597d\u8bc4\u3002"", ""date"": ""2024-09-26"", ""score"": 5, ""commentId"": ""237291581"", ""imgs"": [], ""userNickName"": ""\u53bb*\u6237"", ""replyCityName"": """", ""cityName"": """"}, {""author"": ""\u53bb*\u6237"", ""content"": ""\u7528\u6237\u672a\u70b9\u8bc4\uff0c\u7cfb\u7edf\u9ed8\u8ba4\u597d\u8bc4\u3002"", ""date"": ""2024-09-09"", ""score"": 5, ""commentId"": ""236472907"", ""imgs"": [], ""userNickName"": ""\u53bb*\u6237"", ""replyCityName"": """", ""cityName"": """"}, {""author"": ""\u53bb*\u6237"", ""content"": ""\u7528\u6237\u672a\u70b9\u8bc4\uff0c\u7cfb\u7edf\u9ed8\u8ba4\u597d\u8bc4\u3002"", ""date"": ""2024-09-09"", ""score"": 5, ""commentId"": ""236472733"", ""imgs"": [], ""userNickName"": ""\u53bb*\u6237"", ""replyCityName"": """", ""cityName"": """"}, {""author"": ""p*9"", ""content"": ""\u7528\u6237\u672a\u70b9\u8bc4\uff0c\u7cfb\u7edf\u9ed8\u8ba4\u597d\u8bc4\u3002"", ""date"": ""2024-09-04"", ""score"": 5, ""commentId"": ""236276318"", ""imgs"": [], ""userNickName"": ""p*9"", ""replyCityName"": """", ""cityName"": """"}, {""author"": ""t*9"", ""content"": ""\u7528\u6237\u672a\u70b9\u8bc4\uff0c\u7cfb\u7edf\u9ed8\u8ba4\u597d\u8bc4\u3002"", ""date"": ""2024-09-04"", ""score"": 5, ""commentId"": ""236275015"", ""imgs"": [], ""userNickName"": ""t*9"", ""replyCityName"": """", ""cityName"": """"}, {""author"": ""t*9"", ""content"": ""\u7528\u6237\u672a\u70b9\u8bc4\uff0c\u7cfb\u7edf\u9ed8\u8ba4\u597d\u8bc4\u3002"", ""date"": ""2024-09-04"", ""score"": 5, ""commentId"": ""236274843"", ""imgs"": [], ""userNickName"": ""t*9"", ""replyCityName"": """", ""cityName"": """"}], ""score"": 5.0, ""commentCount"": 22}, ""statusCode"": 200}"
阳江山海经农业大观园,https://imgs.qunarzz.com/sight/p0/2203/48/481648617e8dde7ca3.img.png_280x200_e2eb4f67.png,阳江市,江城区,广东省阳江市江城区麻礼沙村山海经花海,-1,-1.0,阳江市山海经农业大观园项目位于海陵岛沙村，占地面积近3000亩，首期投入5000万元，打造350亩的花海项目，在11月份,https://piao.qunar.com/ticket/detail_3342896510.html?st=a3clM0QlRTYlQjElOUYlRTUlOUYlOEUlRTUlOEMlQkElMjZpZCUzRDUxNDIwMyUyNnR5cGUlM0QwJTI2aWR4JTNEMzAlMjZxdCUzRCUyNmFwayUzRDIlMjZzYyUzRFdXVyUyNnVyJTNEJUU0JUI4JUFEJUU1JUIxJUIxJTI2bHIlM0QlRTQlQjglQUQlRTUlQjElQjElMjZmdCUzRCU3QiU3RA%3D%3D#from=mpl_search_suggest,-1.0,N/A,阳江市山海经农业大观园项目位于海陵岛沙村，占地面积近3000亩，首期投入5000万元，打造350亩的花海项目，在11月份已种下波斯菊、蛇目菊、硫华菊等花卉，经过一个多月的生长和精心打理，目前各种花卉长势良好，有的已经开始开花。,1/1-12/31；周一至周日；09:00-18:00开园,https://imgs.qunarzz.com/sight/p0/2203/48/481648617e8dde7ca3.img.png_710x360_632a7c8e.png,"{""ret"": true, ""data"": {""tagList"": [{""tagType"": 0, ""tagScore"": 5, ""tagNum"": 0, ""tagName"": ""\u5168\u90e8""}], ""score"": 0.0, ""commentCount"": 0}, ""statusCode"": 200}"
通天蜡烛,https://imgs.qunarzz.com/sight/p0/201303/29/e21ffa8a44c9e91ac8d65eac.jpg_280x200_2619bf27.jpg,阳江市,阳春市,广东省阳江市阳春市春湾镇,-1,-1.0,拔地攀天起，一柱乾坤连,https://piao.qunar.com/ticket/detail_1358107488.html?st=a3clM0QlRTklOTglQjMlRTYlOTglQTUlRTUlQjglODIlMjZpZCUzRDE4ODIzNyUyNnR5cGUlM0QwJTI2aWR4JTNEMTUlMjZxdCUzRCUyNmFwayUzRDIlMjZzYyUzRFdXVyUyNnVyJTNEJUU0JUI4JUFEJUU1JUIxJUIxJTI2bHIlM0QlRTQlQjglQUQlRTUlQjElQjElMjZmdCUzRCU3QiU3RA%3D%3D#from=mpl_search_suggest,-1.0,N/A,这巨烛的来历有一段非常感人的故事：相传当时春湾虽然山清水秀，但虫鼠横行，害得当地染疫者家破人亡，一神仙变成垂垂老者行乞于村中，得一孝子热情招呼，感其诚，施以灵丹妙药拯救村中病危者，并赐长明蜡烛，嘱其点燃，可驱病虫。孝子遵其嘱，点燃后，虫蛾扑火，病害尽除。,暂无,https://imgs.qunarzz.com/sight/p0/201303/29/e21ffa8a44c9e91ac8d65eac.jpg_710x360_6021708f.jpg,"{""ret"": true, ""data"": {""tagList"": [{""tagType"": 0, ""tagScore"": 5, ""tagNum"": 0, ""tagName"": ""\u5168\u90e8""}], ""score"": 0.0, ""commentCount"": 0}, ""statusCode"": 200}"
合水镇平北村,https://imgs.qunarzz.com/sight/p59/201211/07/6d40d1e3f22e6da193835fbb.jpg_280x200_2f41bb31.jpg,阳江市,阳春市,广东省阳江市阳春市合水镇平北村,-1,-1.0,平北石山群峰：平北村位于阳春市合水镇北部，这里群山环绕着一个广阔草地，面积约1.2平方公里。该处具有典型的喀斯特岩溶地貌,https://piao.qunar.com/ticket/detail_2516572572.html?st=a3clM0QlRTklOTglQjMlRTYlOTglQTUlRTUlQjglODIlMjZpZCUzRDEyNDMxJTI2dHlwZSUzRDAlMjZpZHglM0QxNCUyNnF0JTNEJTI2YXBrJTNEMiUyNnNjJTNEV1dXJTI2dXIlM0QlRTQlQjglQUQlRTUlQjElQjElMjZsciUzRCVFNCVCOCVBRCVFNSVCMSVCMSUyNmZ0JTNEJTdCJTdE#from=mpl_search_suggest,-1.0,N/A,平北石山群峰：平北村位于阳春市合水镇北部，这里群山环绕着一个广阔草地，面积约1.2平方公里。该处具有典型的喀斯特岩溶地貌特征，一座座巍峨峻峭的石山群峰簇拥屏列，层峦叠翠，奇峰怪石状人状物，如剑锋，如石笋，如怪兽。山上许多溶洞奇形怪状，幽深莫测。山下数十座古朴的农屋座落在青山绿水之间，这里阡陷交错，满月苍翠，环境洁静宜人，宁静幽秘，每逢早晚云雾缭绕，田畴景色美不胜收，一番诱人的水墨风景。走过石山西边后背，便看见阳春的母亲河――漠阳江穿山而过；登上群山东北边，那乌古桥近在咫尺，楼房与青山，相映成趣；中间绿油青翠的草地，如画般宁静秀丽。平北田原风光：每逢节假日，大批游人自发到这里领略旖旎的自然风光，众多摄影爱好者纷纷到这里捕捉大自然美景，一些诗画创作者也到这里寻找创作灵感，这里已成为人们回归自然、亲近大自然和享受大自然闲情逸趣的好去处。,暂无,https://imgs.qunarzz.com/sight/p59/201211/07/6d40d1e3f22e6da193835fbb.jpg_710x360_9aa2065d.jpg,"{""ret"": true, ""data"": {""tagList"": [{""tagType"": 0, ""tagScore"": 5, ""tagNum"": 0, ""tagName"": ""\u5168\u90e8""}], ""score"": 0.0, ""commentCount"": 0}, ""statusCode"": 200}"
青竹农家乐园,https://imgs.qunarzz.com/sight/p50/201211/08/39af6926ac233ef393835fbb.jpg_280x200_b2edda14.jpg,阳江市,阳春市,广东省阳江市阳春市头堡村,-1,-1.0,尽兴感受多姿多彩的农家生活,https://piao.qunar.com/ticket/detail_581014182.html?st=a3clM0QlRTklOTglQjMlRTYlOTglQTUlRTUlQjglODIlMjZpZCUzRDE1NjkyJTI2dHlwZSUzRDAlMjZpZHglM0QxMyUyNnF0JTNEJTI2YXBrJTNEMiUyNnNjJTNEV1dXJTI2dXIlM0QlRTQlQjglQUQlRTUlQjElQjElMjZsciUzRCVFNCVCOCVBRCVFNSVCMSVCMSUyNmZ0JTNEJTdCJTdE#from=mpl_search_suggest,-1.0,N/A,青竹农家乐园位于城郊头堡村，这里山青水秀，环境洁静如人。在头堡村内的青竹农家乐园已成为城市人休闲、娱乐和品尝农家菜的。这里的农民纯朴和热情好客，村内有原始古朴的民居，有富有特色的农家菜肴，有风景优美的河塘水景，有连片绿油油的蔬菜和水果种植基地。每逢节假日游客相聚在这里，有品尝原汁原味农家菜的，有怡然自乐垂钓的，有购买特色农产品的，有野炊烧烤的，有赏乡村山光水色的，各地游客在这里尽兴感受多姿多彩的农家生活。特色的农家菜有：泥火局鸡、泥,暂无,https://imgs.qunarzz.com/sight/p50/201211/08/39af6926ac233ef393835fbb.jpg_710x360_0a206eee.jpg,"{""ret"": true, ""data"": {""tagList"": [{""tagType"": 0, ""tagScore"": 5, ""tagNum"": 0, ""tagName"": ""\u5168\u90e8""}], ""score"": 0.0, ""commentCount"": 0}, ""statusCode"": 200}"
东湖,https://imgs.qunarzz.com/sight/p0/201403/07/f8386fc7656f58b59499baaf459d35e6.jpg_280x200_054ff5a6.jpg,阳江市,阳春市,广东省阳江阳春市春城镇东湖水库,1,5.0,景色幽美，四面环山,https://piao.qunar.com/ticket/detail_2733200004.html?st=a3clM0QlRTklOTglQjMlRTYlOTglQTUlRTUlQjglODIlMjZpZCUzRDgwMDklMjZ0eXBlJTNEMCUyNmlkeCUzRDExJTI2cXQlM0QlMjZhcGslM0QyJTI2c2MlM0RXV1clMjZ1ciUzRCVFNCVCOCVBRCVFNSVCMSVCMSUyNmxyJTNEJUU0JUI4JUFEJUU1JUIxJUIxJTI2ZnQlM0QlN0IlN0Q%3D#from=mpl_search_suggest,-1.0,N/A,东湖旅游区位于阳江市东南部那龙河上游， 距阳江市区30公里。东湖景色幽美，四面环山，湖区面积达21平方公里，其中水域面积9平方公里，容积为1.2亿立方米，碧水青山，清澈晶莹。湖中108个小岛，连片小岛宛如银盘里的108颗翡翠，种着芒果、荔枝、龙眼、湿地松、桃花，一到春天，有如世外桃源，璀璨奇异。东湖还有一棵出土于那龙河的重达58吨，直径4.3米，长26米的古樟树王，据考证树龄在5000年以上。 湖中有水鱼、黄鱼、生鱼和难得一见的娃娃鱼；陆上有鸬鹚、白鹤、大雁、山鸡、鹰、天鹅、野猪、水獭、穿山甲等二十多种动物；珍稀植物近千种。,暂无,https://imgs.qunarzz.com/sight/p0/201403/07/f8386fc7656f58b59499baaf459d35e6.jpg_710x360_8db56e91.jpg,"{""ret"": true, ""data"": {""tagList"": [{""tagType"": 1, ""tagScore"": 5, ""tagNum"": 1, ""tagName"": ""\u597d\u8bc4""}, {""tagType"": 0, ""tagScore"": 5, ""tagNum"": 1, ""tagName"": ""\u5168\u90e8""}], ""commentList"": [{""author"": ""\u5609*\u8c6a"", ""content"": ""\u666f\u8272\u5f88\u6f02\u4eae\uff0c\u503c\u5f97\u53bb\u4e00\u8d9f\uff0c\u62cd\u7167\u3002"", ""date"": ""2015-10-22"", ""score"": 5, ""commentId"": ""86910007"", ""imgs"": [], ""userNickName"": ""\u5609*\u8c6a"", ""replyCityName"": """", ""cityName"": """"}], ""score"": 5.0, ""commentCount"": 1}, ""statusCode"": 200}"
月亮湾滨海度假区,https://qimgs.qunarzz.com/piao_qsight_provider_piao_qsight_web/0102a1200085ez1taEA12_C_900_504.jpg_280x200_58580429.jpg,阳江市,阳西县,广东省阳江市阳西县282省道e区2号楼,478,4.8,踏浪戏沙享迷人海岸线,https://piao.qunar.com/ticket/detail_2493635453.html?st=a3clM0QlRTklOTglQjMlRTglQTUlQkYlRTUlOEUlQkYlMjZpZCUzRDMyNzc4JTI2dHlwZSUzRDAlMjZpZHglM0Q4JTI2cXQlM0QlMjZhcGslM0QyJTI2c2MlM0RXV1clMjZ1ciUzRCVFNCVCOCVBRCVFNSVCMSVCMSUyNmxyJTNEJUU0JUI4JUFEJUU1JUIxJUIxJTI2ZnQlM0QlN0IlN0Q%3D#from=mpl_search_suggest,-1.0,N/A,月亮湾位于月亮湾海滨广东省阳西县，广州西南320公里处，南海之滨。月亮湾海滨，海岸线弯长达6.5公里，极像新月弧形，故名。月亮湾是个七公里长的海滩，坡缓水清沙细，宛如一弯新月……依山傍水，松林下情侣喁喁私语，夜半涛声依旧……月亮湾海滩两侧悬崖峭壁，礁石奇立，犹如世外桃源：“将军台”与“冼夫人祠”遥相响应，更抹上了壮丽而神秘的色彩[1]。,1/1-12/31；周一至周日；08:00-18:00开园,https://qimgs.qunarzz.com/piao_qsight_provider_piao_qsight_web/0102a1200085ez1taEA12_C_900_504.jpg_710x360_07551d12.jpg〇https://qimgs.qunarzz.com/piao_qsight_provider_piao_qsight_web/0102h1200086qqp3vCFA0_C_900_504_Q90_Mtg_7.jpg_710x360_ab059378.jpg〇https://qimgs.qunarzz.com/piao_qsight_provider_piao_qsight_web/0102a1200085ez1taEA12_C_900_504_Q90_Mtg_7.jpg_710x360_d0d6d0a3.jpg〇https://imgs.qunarzz.com/sight/p0/2004/fa/fa271e8ac65baee8a3.img.jpg_710x360_5d997a3f.jpg〇https://imgs.qunarzz.com/sight/p0/2004/20/201835dd972a8262a3.img.jpg_710x360_9d433523.jpg〇https://imgs.qunarzz.com/sight/p0/2004/dd/ddc003d69c5e5b03a3.img.jpg_710x360_baea2438.jpg〇https://imgs.qunarzz.com/sight/p0/2004/c8/c8eadc0dc272026a3.img.jpg_710x360_c9503992.jpg〇https://imgs.qunarzz.com/sight/p0/2004/91/910993802ce0cfbea3.img.jpg_710x360_b74c4d7c.jpg〇https://imgs.qunarzz.com/sight/p0/2004/c0/c0b5ae06a95249f7a3.img.jpg_710x360_cb831ad3.jpg〇https://imgs.qunarzz.com/sight/p0/2004/64/64948d0ab8e0bec4a3.img.jpg_710x360_78cce2e2.jpg〇https://imgs.qunarzz.com/sight/p0/1507/ad/c5f7606dceb16b9db8ae1ff2c5905c94.water.jpg_710x360_cd6c6472.jpg〇https://imgs.qunarzz.com/sight/p0/1507/41/7b10170f6fd768582d43ec683c4763f9.water.jpg_710x360_0318112b.jpg〇https://imgs.qunarzz.com/sight/p0/1507/ba/508a22e0f1cf00173a5fad6c7ed97c26.water.jpg_710x360_ac7f6445.jpg〇https://imgs.qunarzz.com/sight/p0/1507/e1/4b9271c3e99897a4362f3efd25f586d9.water.jpg_710x360_95c19796.jpg〇https://imgs.qunarzz.com/sight/p0/1507/f7/a04a19c49c88f4ed7a88134676353d0b.water.jpg_710x360_7b422c66.jpg〇https://imgs.qunarzz.com/sight/p0/1507/e1/14c40cf921411099943d8f152c9b9c19.water.jpg_710x360_9462f917.jpg〇https://imgs.qunarzz.com/sight/p0/1507/9b/ada557f5d186b8bc1b78a32f9466813c.water.jpg_710x360_c9a95bce.jpg〇https://imgs.qunarzz.com/sight/p0/1507/14/ad901a5be6222c8b3f13dff1661fe34c.water.jpg_710x360_200f5c69.jpg〇https://imgs.qunarzz.com/sight/p0/1507/bd/8ec58f981c4e23858f83ee2777b5483a.water.jpg_710x360_bc4c2643.jpg,"{""ret"": true, ""data"": {""tagList"": [{""tagType"": 32, ""tagScore"": 5, ""tagNum"": 13, ""tagName"": ""\u670d\u52a1\u597d""}, {""tagType"": 16, ""tagScore"": 5, ""tagNum"": 17, ""tagName"": ""\u9760\u8c31""}, {""tagType"": 8, ""tagScore"": 5, ""tagNum"": 18, ""tagName"": ""\u4fbf\u5b9c""}, {""tagType"": 4, ""tagScore"": 5, ""tagNum"": 21, ""tagName"": ""\u53d6\u7968\u65b9\u4fbf""}, {""tagType"": 3, ""tagScore"": 5, ""tagNum"": 17, ""tagName"": ""\u5dee\u8bc4""}, {""tagType"": 2, ""tagScore"": 5, ""tagNum"": 10, ""tagName"": ""\u4e2d\u8bc4""}, {""tagType"": 1, ""tagScore"": 5, ""tagNum"": 451, ""tagName"": ""\u597d\u8bc4""}, {""tagType"": 0, ""tagScore"": 5, ""tagNum"": 478, ""tagName"": ""\u5168\u90e8""}], ""commentList"": [{""author"": ""\u53bb*\u6237"", ""content"": ""\u7528\u6237\u672a\u70b9\u8bc4\uff0c\u7cfb\u7edf\u9ed8\u8ba4\u597d\u8bc4\u3002"", ""date"": ""2024-11-03"", ""score"": 5, ""commentId"": ""238207567"", ""imgs"": [], ""userNickName"": ""\u53bb*\u6237"", ""replyCityName"": """", ""cityName"": """"}, {""author"": ""\u5c0f*\u5b50"", ""content"": ""\u7528\u6237\u672a\u70b9\u8bc4\uff0c\u7cfb\u7edf\u9ed8\u8ba4\u597d\u8bc4\u3002"", ""date"": ""2024-08-04"", ""score"": 5, ""commentId"": ""235215641"", ""imgs"": [], ""userNickName"": ""\u5c0f*\u5b50"", ""replyCityName"": """", ""cityName"": """"}, {""author"": ""x*9"", ""content"": ""\u7528\u6237\u672a\u70b9\u8bc4\uff0c\u7cfb\u7edf\u9ed8\u8ba4\u597d\u8bc4\u3002"", ""date"": ""2022-09-18"", ""score"": 5, ""commentId"": ""223364207"", ""imgs"": [], ""userNickName"": ""x*9"", ""replyCityName"": """", ""cityName"": """"}, {""author"": ""j*p"", ""content"": ""\u7528\u6237\u672a\u70b9\u8bc4\uff0c\u7cfb\u7edf\u9ed8\u8ba4\u597d\u8bc4\u3002"", ""date"": ""2022-09-16"", ""score"": 5, ""commentId"": ""223337423"", ""imgs"": [], ""userNickName"": ""j*p"", ""replyCityName"": """", ""cityName"": """"}, {""author"": ""\u53bb*\u6237"", ""content"": ""\u7528\u6237\u672a\u70b9\u8bc4\uff0c\u7cfb\u7edf\u9ed8\u8ba4\u597d\u8bc4\u3002"", ""date"": ""2022-09-07"", ""score"": 5, ""commentId"": ""223185457"", ""imgs"": [], ""userNickName"": ""\u53bb*\u6237"", ""replyCityName"": """", ""cityName"": """"}, {""author"": ""t*4"", ""content"": ""\u7528\u6237\u672a\u70b9\u8bc4\uff0c\u7cfb\u7edf\u9ed8\u8ba4\u597d\u8bc4\u3002"", ""date"": ""2022-09-07"", ""score"": 5, ""commentId"": ""223185220"", ""imgs"": [], ""userNickName"": ""t*4"", ""replyCityName"": """", ""cityName"": """"}, {""author"": ""\u53bb*\u6237"", ""content"": ""\u7528\u6237\u672a\u70b9\u8bc4\uff0c\u7cfb\u7edf\u9ed8\u8ba4\u597d\u8bc4\u3002"", ""date"": ""2022-09-07"", ""score"": 5, ""commentId"": ""223184674"", ""imgs"": [], ""userNickName"": ""\u53bb*\u6237"", ""replyCityName"": """", ""cityName"": """"}, {""author"": ""t*4"", ""content"": ""\u7528\u6237\u672a\u70b9\u8bc4\uff0c\u7cfb\u7edf\u9ed8\u8ba4\u597d\u8bc4\u3002"", ""date"": ""2022-09-07"", ""score"": 5, ""commentId"": ""223184359"", ""imgs"": [], ""userNickName"": ""t*4"", ""replyCityName"": """", ""cityName"": """"}, {""author"": ""f*7"", ""content"": ""\u7528\u6237\u672a\u70b9\u8bc4\uff0c\u7cfb\u7edf\u9ed8\u8ba4\u597d\u8bc4\u3002"", ""date"": ""2022-09-06"", ""score"": 5, ""commentId"": ""223157749"", ""imgs"": [], ""userNickName"": ""f*7"", ""replyCityName"": """", ""cityName"": """"}, {""author"": ""Y*1"", ""content"": ""\u7528\u6237\u672a\u70b9\u8bc4\uff0c\u7cfb\u7edf\u9ed8\u8ba4\u597d\u8bc4\u3002"", ""date"": ""2022-08-30"", ""score"": 5, ""commentId"": ""223008568"", ""imgs"": [], ""userNickName"": ""Y*1"", ""replyCityName"": """", ""cityName"": """"}], ""score"": 4.8, ""commentCount"": 478}, ""statusCode"": 200}"
春湾石林,https://qimgs.qunarzz.com/piao_qsight_provider_piao_qsight_web/010541200092lq8t028E3_C_900_504.jpg_280x200_7f2cb9db.jpg,阳江市,阳春市,广东省阳江市阳春市春湾镇春湾风景区内,228,5.0,石峰林立，峥嵘突兀,https://piao.qunar.com/ticket/detail_925517532.html?st=a3clM0QlRTklOTglQjMlRTYlOTglQTUlRTUlQjglODIlMjZpZCUzRDE5MzgzMSUyNnR5cGUlM0QwJTI2aWR4JTNEOSUyNnF0JTNEJTI2YXBrJTNEMiUyNnNjJTNEV1dXJTI2dXIlM0QlRTQlQjglQUQlRTUlQjElQjElMjZsciUzRCVFNCVCOCVBRCVFNSVCMSVCMSUyNmZ0JTNEJTdCJTdE#from=mpl_search_suggest,-1.0,N/A,"春湾石林，又名“莲花洞石林”，位于阳春市春湾镇春湾风景区内，占地200多亩，山上有马头峰、骆驼峰、莲蓬峰、蛤蚧石、观音拜月石、仙人过坳石、百页剑门等怪石。从百页剑门进入石林中，石峰奇突，景象万千。有似“童子拜观音”、“猛狮过岭”、仰天嗥叫的野狼像等石头。湾石林位于阳春市,距龙宫岩600米，是一大片石林，由""百页剑门""、""马头峰""等6座石山峰峦组成(也叫百页剑门)，如刀枪剑戟，挺拔陡峭、直插云天。著名诗人韦丘吟为""万把青铜剑，锋芒指夜天，将军何处去，战马系槽前""，广为传诵。春湾风景区还有""通真岩""、""慈云岩""、""通天蜡烛""、春湾公园等景点。春湾石林也称莲花洞石林，是典型的石灰岩溶洞，四周被六座山峰所包围，恰似六瓣莲花，因此而得名。石林占地200多亩，山上怪石嶙峋，景点有马头峰、骆驼峰、莲蓬峰、蛤蚧石、观音拜月石、仙人过坳石、百页剑门等。慈云岩慈云寺建于岩前高台上，内有天然大山洞，是阳春著名的古迹之一。寺前有“三圣”造像，殿后崖壁上的石刻题字有20余处，为清朝中叶至民国时所刻。此外，这里还有石拱桥温泉度假区、铁屎迳铸钱遗址、铜陵桥与那乌桥、中山公园等风景名胜。",8:00-17:00，17:00停止进入。,https://qimgs.qunarzz.com/piao_qsight_provider_piao_qsight_web/010541200092lq8t028E3_C_900_504.jpg_710x360_2b612f85.jpg〇https://qimgs.qunarzz.com/piao_qsight_provider_piao_qsight_web/0104j1200092lq4yx51E9_C_900_504_Q90_Mtg_7.jpg_710x360_fb2e0b4a.jpg〇https://qimgs.qunarzz.com/piao_qsight_provider_piao_qsight_web/0101h1200092lq54wBF11_C_900_504_Q90_Mtg_7.jpg_710x360_4fe4b989.jpg〇https://qimgs.qunarzz.com/piao_qsight_provider_piao_qsight_web/010271200092lq5lc45B4_C_900_504_Q90_Mtg_7.jpg_710x360_01e9583a.jpg〇https://qimgs.qunarzz.com/piao_qsight_provider_piao_qsight_web/010541200092lq8t028E3_C_900_504_Q90_Mtg_7.jpg_710x360_a7fced71.jpg〇https://imgs.qunarzz.com/sight/p0/1710/20/20f4c9c584ca12f1a3.water.jpg_710x360_d5049219.jpg〇https://imgs.qunarzz.com/sight/p0/1710/b8/b86d3076c9d0b652a3.water.jpg_710x360_ee175c1b.jpg〇https://imgs.qunarzz.com/sight/p0/201403/05/66eaa730f11714f61f7114ad6d1b9865.jpg_710x360_fac223ca.jpg〇https://imgs.qunarzz.com/sight/p0/201403/05/d44b3cc932b1b61c5074cdb2db740772.jpg_710x360_309a0d95.jpg〇https://imgs.qunarzz.com/sight/p0/201403/05/cbbccb8664645a276e503d97b677699b.jpg_710x360_1a43108d.jpg〇https://qimgs.qunarzz.com/piao_qsight_provider_piao_qsight_web/c7b75bae46b2828898e0a60531229001.jpg_710x360_560dffa2.jpg〇https://qimgs.qunarzz.com/piao_qsight_provider_piao_qsight_web/f8df55b67786c2c30e75cdc40fee4768.jpg_710x360_93662305.jpg〇https://qimgs.qunarzz.com/piao_qsight_provider_piao_qsight_web/bf922c642261c321a61ec05de8c3c4a7.jpg_710x360_8b095f5d.jpg〇https://qimgs.qunarzz.com/piao_qsight_provider_piao_qsight_web/80c8e22b56169ab017be00c463380866.jpg_710x360_d8aa3329.jpg〇https://qimgs.qunarzz.com/piao_qsight_provider_piao_qsight_web/451d339a850215a00f5852f451caeaf6.jpg_710x360_9e7eef64.jpg〇https://qimgs.qunarzz.com/piao_qsight_provider_piao_qsight_web/5df490a6fc3c7db983c42746721fb970.jpg_710x360_b5f9474a.jpg〇https://qimgs.qunarzz.com/piao_qsight_provider_piao_qsight_web/2d18ffca73d6168c41bd4456d73ca37d.jpg_710x360_7174dd19.jpg〇https://qimgs.qunarzz.com/piao_qsight_provider_piao_qsight_web/0364e00a22fda4f0567243f2aa4296d0.jpg_710x360_60eca7e2.jpg〇https://qimgs.qunarzz.com/piao_qsight_provider_piao_qsight_web/f98e95e827693c9e37be2433937d94f7.jpg_710x360_ecb616e2.jpg〇https://qimgs.qunarzz.com/piao_qsight_provider_piao_qsight_web/377389944a5e370f4d872feb5c294bfb.jpg_710x360_3cf2871e.jpg〇https://qimgs.qunarzz.com/piao_qsight_provider_piao_qsight_web/f5f7faa5da566f7ead39006fac51f3a9.jpg_710x360_600e4c34.jpg〇https://qimgs.qunarzz.com/piao_qsight_provider_piao_qsight_web/2f05fd3bbf89845c64f1828bf37d9f2d.jpg_710x360_323e15aa.jpg〇https://qimgs.qunarzz.com/piao_qsight_provider_piao_qsight_web/c9aa3828c347380d70eb035b37ee2971.jpg_710x360_8f990d78.jpg〇https://qimgs.qunarzz.com/piao_qsight_provider_piao_qsight_web/771c1ac61642f305479f928de24d7232.jpg_710x360_d9f53516.jpg〇https://qimgs.qunarzz.com/piao_qsight_provider_piao_qsight_web/4f73dbd20ddf6a04b45bb5f729521197.jpg_710x360_3e5cba4a.jpg〇https://qimgs.qunarzz.com/piao_qsight_provider_piao_qsight_web/2155f9d33915d2ecb58e1ec5aa843448.jpg_710x360_7660227d.jpg〇https://qimgs.qunarzz.com/piao_qsight_provider_piao_qsight_web/a96e7b2378d39537554115c5f4a06fa8.jpg_710x360_7292f9e5.jpg〇https://qimgs.qunarzz.com/piao_qsight_provider_piao_qsight_web/6f2444eed6c86c4bbc0a555105fd5698.jpg_710x360_287064fc.jpg〇https://qimgs.qunarzz.com/piao_qsight_provider_piao_qsight_web/a937363101230908ce81fc8ed6ef8d20.jpg_710x360_dc2d885d.jpg〇https://qimgs.qunarzz.com/piao_qsight_provider_piao_qsight_web/9d16ac107e12c8af6be5966f8d149f8d.jpg_710x360_fd276939.jpg,"{""ret"": true, ""data"": {""tagList"": [{""tagType"": 32, ""tagScore"": 5, ""tagNum"": 1, ""tagName"": ""\u670d\u52a1\u597d""}, {""tagType"": 16, ""tagScore"": 5, ""tagNum"": 3, ""tagName"": ""\u9760\u8c31""}, {""tagType"": 8, ""tagScore"": 5, ""tagNum"": 2, ""tagName"": ""\u4fbf\u5b9c""}, {""tagType"": 4, ""tagScore"": 5, ""tagNum"": 3, ""tagName"": ""\u53d6\u7968\u65b9\u4fbf""}, {""tagType"": 3, ""tagScore"": 5, ""tagNum"": 1, ""tagName"": ""\u5dee\u8bc4""}, {""tagType"": 1, ""tagScore"": 5, ""tagNum"": 227, ""tagName"": ""\u597d\u8bc4""}, {""tagType"": 0, ""tagScore"": 5, ""tagNum"": 228, ""tagName"": ""\u5168\u90e8""}], ""commentList"": [{""author"": ""\u53bb*\u6237"", ""content"": ""\u7528\u6237\u672a\u70b9\u8bc4\uff0c\u7cfb\u7edf\u9ed8\u8ba4\u597d\u8bc4\u3002"", ""date"": ""2022-11-23"", ""score"": 5, ""commentId"": ""223821688"", ""imgs"": [], ""userNickName"": ""\u53bb*\u6237"", ""replyCityName"": """", ""cityName"": """"}, {""author"": ""\u53bb*\u6237"", ""content"": ""\u7528\u6237\u672a\u70b9\u8bc4\uff0c\u7cfb\u7edf\u9ed8\u8ba4\u597d\u8bc4\u3002"", ""date"": ""2022-11-23"", ""score"": 5, ""commentId"": ""223821675"", ""imgs"": [], ""userNickName"": ""\u53bb*\u6237"", ""replyCityName"": """", ""cityName"": """"}, {""author"": ""\u53bb*\u6237"", ""content"": ""\u7528\u6237\u672a\u70b9\u8bc4\uff0c\u7cfb\u7edf\u9ed8\u8ba4\u597d\u8bc4\u3002"", ""date"": ""2022-11-01"", ""score"": 5, ""commentId"": ""223631295"", ""imgs"": [], ""userNickName"": ""\u53bb*\u6237"", ""replyCityName"": """", ""cityName"": """"}, {""author"": ""v*9"", ""content"": ""\u7528\u6237\u672a\u70b9\u8bc4\uff0c\u7cfb\u7edf\u9ed8\u8ba4\u597d\u8bc4\u3002"", ""date"": ""2022-10-13"", ""score"": 5, ""commentId"": ""223542703"", ""imgs"": [], ""userNickName"": ""v*9"", ""replyCityName"": """", ""cityName"": """"}, {""author"": ""\u53bb*\u6237"", ""content"": ""\u7528\u6237\u672a\u70b9\u8bc4\uff0c\u7cfb\u7edf\u9ed8\u8ba4\u597d\u8bc4\u3002"", ""date"": ""2022-09-14"", ""score"": 5, ""commentId"": ""223315818"", ""imgs"": [], ""userNickName"": ""\u53bb*\u6237"", ""replyCityName"": """", ""cityName"": """"}, {""author"": ""\u53bb*\u6237"", ""content"": ""\u7528\u6237\u672a\u70b9\u8bc4\uff0c\u7cfb\u7edf\u9ed8\u8ba4\u597d\u8bc4\u3002"", ""date"": ""2022-08-31"", ""score"": 5, ""commentId"": ""223036148"", ""imgs"": [], ""userNickName"": ""\u53bb*\u6237"", ""replyCityName"": """", ""cityName"": """"}, {""author"": ""\u53bb*\u6237"", ""content"": ""\u7528\u6237\u672a\u70b9\u8bc4\uff0c\u7cfb\u7edf\u9ed8\u8ba4\u597d\u8bc4\u3002"", ""date"": ""2022-08-29"", ""score"": 5, ""commentId"": ""222982898"", ""imgs"": [], ""userNickName"": ""\u53bb*\u6237"", ""replyCityName"": """", ""cityName"": """"}, {""author"": ""\u53bb*\u6237"", ""content"": ""\u7528\u6237\u672a\u70b9\u8bc4\uff0c\u7cfb\u7edf\u9ed8\u8ba4\u597d\u8bc4\u3002"", ""date"": ""2022-08-25"", ""score"": 5, ""commentId"": ""222927242"", ""imgs"": [], ""userNickName"": ""\u53bb*\u6237"", ""replyCityName"": """", ""cityName"": """"}, {""author"": ""\u53bb*\u6237"", ""content"": ""\u7528\u6237\u672a\u70b9\u8bc4\uff0c\u7cfb\u7edf\u9ed8\u8ba4\u597d\u8bc4\u3002"", ""date"": ""2022-08-22"", ""score"": 5, ""commentId"": ""222872080"", ""imgs"": [], ""userNickName"": ""\u53bb*\u6237"", ""replyCityName"": """", ""cityName"": """"}, {""author"": ""\u53bb*\u6237"", ""content"": ""\u7528\u6237\u672a\u70b9\u8bc4\uff0c\u7cfb\u7edf\u9ed8\u8ba4\u597d\u8bc4\u3002"", ""date"": ""2022-08-21"", ""score"": 5, ""commentId"": ""222861406"", ""imgs"": [], ""userNickName"": ""\u53bb*\u6237"", ""replyCityName"": """", ""cityName"": """"}], ""score"": 5.0, ""commentCount"": 228}, ""statusCode"": 200}"
玉溪三洞,https://qimgs.qunarzz.com/piao_qsight_provider_piao_qsight_web/0101912000axmr8sjBCFE_C_900_504.jpg_280x200_f7cbcf64.jpg,阳江市,阳春市,广东省阳江市阳春市河朗镇Y208,142,4.5,景观丰富，以三变石为趣,https://piao.qunar.com/ticket/detail_2655336154.html?st=a3clM0QlRTklOTglQjMlRTYlOTglQTUlRTUlQjglODIlMjZpZCUzRDEzMzExJTI2dHlwZSUzRDAlMjZpZHglM0Q4JTI2cXQlM0QlMjZhcGslM0QyJTI2c2MlM0RXV1clMjZ1ciUzRCVFNCVCOCVBRCVFNSVCMSVCMSUyNmxyJTNEJUU0JUI4JUFEJUU1JUIxJUIxJTI2ZnQlM0QlN0IlN0Q%3D#from=mpl_search_suggest,36.0,N/A,玉溪三洞景区由漠阳江上游的甘婪河水穿透三座石山溶蚀而成，全长3公里多，均可坐船游览，由二洞乘船往上游。第二洞长约330米，河水清澈流璧，水中多生长鲤鱼。洞中景物丰富，尤以“三变石”为趣， 诗人张永枚曰：“远似渔翁钓清流，近如狮子滚绣球，忽变犀牛望明月，一石三景迷轻舟””石，酷似皇冠，游人在船上随即可拍摄一幅头戴皇冠的照片400米，上面有一层旱洞，水面距洞顶48米，该洞以“金盏叠泉”——一个个金色石盏满载清澈的泉水逐层下溢。诗人韦丘赞道：“串玉溪穿三洞天，柔情碧水石能言，声声燕语留归客，举桨犹疑落桨难。”在玉溪二洞下游的1公里处，还有玉溪第三洞，洞长约500米，既可坐船游玩，又可登岩赏景，洞中景物千姿百态，栩栩如生。坐船慢游其中，如穿梭在山水画廊，颇有桃源之趣。,1/1-12/31；周一至周日；09:00-17:30开园,https://qimgs.qunarzz.com/piao_qsight_provider_piao_qsight_web/0101912000axmr8sjBCFE_C_900_504.jpg_710x360_13b93997.jpg〇https://qimgs.qunarzz.com/piao_qsight_provider_piao_qsight_web/0101912000axmr8sjBCFE_C_900_504_Q90_Mtg_7.jpg_710x360_4568e958.jpg〇https://imgs.qunarzz.com/sight/p15/201211/06/562d0ed0d7c50a3393835fbb.jpg_710x360_279b91ce.jpg〇https://imgs.qunarzz.com/sight/p0/201403/07/93ce2c2502ec2b176deed4da70db0996.jpg_710x360_7c74272a.jpg〇https://imgs.qunarzz.com/sight/p0/201403/07/5af7732001291e86cd20b8a05fd74d86.jpg_710x360_0394c9b9.jpg〇https://imgs.qunarzz.com/sight/p0/201403/07/e0013d49803e981c2a0ac9a5bc839899.jpg_710x360_f6a1b8d4.jpg〇https://imgs.qunarzz.com/sight/p0/201403/07/85c2e2e3e4acdb6be066ec7cb00e35fd.jpg_710x360_5a7037dd.jpg〇https://qimgs.qunarzz.com/piao_qsight_provider_piao_qsight_web/1557516468956100i14000000vtt292FF1_D_640_10000.jpg_710x360_ed488cdb.jpg〇https://qimgs.qunarzz.com/piao_qsight_provider_piao_qsight_web/1557516468685100k14000000vz63wD2BC_D_640_10000.jpg_710x360_588819cf.jpg〇https://qimgs.qunarzz.com/piao_qsight_provider_piao_qsight_web/1557516468492100o14000000vttvlDC8C_D_640_10000.jpg_710x360_5281344b.jpg〇https://qimgs.qunarzz.com/piao_qsight_provider_piao_qsight_web/1557516468270100h14000000vwk654699_D_640_10000.jpg_710x360_98c19136.jpg〇https://qimgs.qunarzz.com/piao_qsight_provider_piao_qsight_web/1557516468009100h14000000vwk6436B8_D_640_10000.jpg_710x360_35009fb3.jpg〇https://qimgs.qunarzz.com/piao_qsight_provider_piao_qsight_web/1557516467771100l14000000vv5je9FE9_D_640_10000.jpg_710x360_f410c19e.jpg〇https://qimgs.qunarzz.com/piao_qsight_provider_piao_qsight_web/1557516467488100e14000000vxqkt9AC8_D_640_10000.jpg_710x360_1d97d057.jpg〇https://qimgs.qunarzz.com/piao_qsight_provider_piao_qsight_web/1557516467354100a14000000vwb4u03F4_D_640_10000.jpg_710x360_270d5d53.jpg〇https://qimgs.qunarzz.com/piao_qsight_provider_piao_qsight_web/1557516467180100i14000000vtt270E37_D_640_10000.jpg_710x360_6e35e324.jpg〇https://qimgs.qunarzz.com/piao_qsight_provider_piao_qsight_web/1557516466795100b14000000vxdju0DA2_D_640_10000.jpg_710x360_fe98668c.jpg〇https://qimgs.qunarzz.com/piao_qsight_provider_piao_qsight_web/1557516466687100514000000vxhsl85C7_D_640_10000.jpg_710x360_8306dd50.jpg〇https://qimgs.qunarzz.com/piao_qsight_provider_piao_qsight_web/1557516466219100e14000000vxqkrBB82_D_640_10000.jpg_710x360_842e4da0.jpg〇https://qimgs.qunarzz.com/piao_qsight_provider_piao_qsight_web/1557516466010100814000000vv6kwCED5_D_640_10000.jpg_710x360_09ebb005.jpg〇https://qimgs.qunarzz.com/piao_qsight_provider_piao_qsight_web/e0d494b16f74c402.jpg_710x360_90b2a597.jpg〇https://qimgs.qunarzz.com/piao_qsight_provider_piao_qsight_web/5750ca1ad5a6e602.jpg_710x360_504ea7b3.jpg〇https://qimgs.qunarzz.com/piao_qsight_provider_piao_qsight_web/ff773a6a69810b02.jpg_710x360_b034dea3.jpg〇https://qimgs.qunarzz.com/piao_qsight_provider_piao_qsight_web/c995335527019602.jpg_710x360_90634e92.jpg〇https://qimgs.qunarzz.com/piao_qsight_provider_piao_qsight_web/10a61dad91fffa02.jpg_710x360_79dcde89.jpg〇https://qimgs.qunarzz.com/piao_qsight_provider_piao_qsight_web/eb8752470c759302.jpg_710x360_ba8cda9f.jpg〇https://qimgs.qunarzz.com/piao_qsight_provider_piao_qsight_web/f38d30afd25bf202.jpg_710x360_2ffd2c32.jpg,"{""ret"": true, ""data"": {""tagList"": [{""tagType"": 8, ""tagScore"": 5, ""tagNum"": 1, ""tagName"": ""\u4fbf\u5b9c""}, {""tagType"": 3, ""tagScore"": 5, ""tagNum"": 4, ""tagName"": ""\u5dee\u8bc4""}, {""tagType"": 2, ""tagScore"": 5, ""tagNum"": 5, ""tagName"": ""\u4e2d\u8bc4""}, {""tagType"": 1, ""tagScore"": 5, ""tagNum"": 127, ""tagName"": ""\u597d\u8bc4""}, {""tagType"": 0, ""tagScore"": 5, ""tagNum"": 142, ""tagName"": ""\u5168\u90e8""}], ""commentList"": [{""author"": ""v*9"", ""content"": ""\u7528\u6237\u672a\u70b9\u8bc4\uff0c\u7cfb\u7edf\u9ed8\u8ba4\u597d\u8bc4\u3002"", ""date"": ""2024-11-25"", ""score"": 5, ""commentId"": ""238935166"", ""imgs"": [], ""userNickName"": ""v*9"", ""replyCityName"": """", ""cityName"": """"}, {""author"": ""\u5bd2*\u98a8"", ""content"": ""\u7528\u6237\u672a\u70b9\u8bc4\uff0c\u7cfb\u7edf\u9ed8\u8ba4\u597d\u8bc4\u3002"", ""date"": ""2024-11-04"", ""score"": 5, ""commentId"": ""238449510"", ""imgs"": [], ""userNickName"": ""\u5bd2*\u98a8"", ""replyCityName"": """", ""cityName"": """"}, {""author"": ""\u5bd2*\u98a8"", ""content"": ""\u7528\u6237\u672a\u70b9\u8bc4\uff0c\u7cfb\u7edf\u9ed8\u8ba4\u597d\u8bc4\u3002"", ""date"": ""2024-11-04"", ""score"": 5, ""commentId"": ""238449462"", ""imgs"": [], ""userNickName"": ""\u5bd2*\u98a8"", ""replyCityName"": """", ""cityName"": """"}, {""author"": ""\u53bb*\u6237"", ""content"": ""\u7528\u6237\u672a\u70b9\u8bc4\uff0c\u7cfb\u7edf\u9ed8\u8ba4\u597d\u8bc4\u3002"", ""date"": ""2024-11-01"", ""score"": 5, ""commentId"": ""237974349"", ""imgs"": [], ""userNickName"": ""\u53bb*\u6237"", ""replyCityName"": """", ""cityName"": """"}, {""author"": ""f*0"", ""content"": ""\u7528\u6237\u672a\u70b9\u8bc4\uff0c\u7cfb\u7edf\u9ed8\u8ba4\u597d\u8bc4\u3002"", ""date"": ""2024-09-18"", ""score"": 5, ""commentId"": ""236951045"", ""imgs"": [], ""userNickName"": ""f*0"", ""replyCityName"": """", ""cityName"": """"}, {""author"": ""\u53bb*\u6237"", ""content"": ""\u7528\u6237\u672a\u70b9\u8bc4\uff0c\u7cfb\u7edf\u9ed8\u8ba4\u597d\u8bc4\u3002"", ""date"": ""2024-09-13"", ""score"": 5, ""commentId"": ""236712716"", ""imgs"": [], ""userNickName"": ""\u53bb*\u6237"", ""replyCityName"": """", ""cityName"": """"}, {""author"": ""\u53bb*\u6237"", ""content"": ""\u7528\u6237\u672a\u70b9\u8bc4\uff0c\u7cfb\u7edf\u9ed8\u8ba4\u597d\u8bc4\u3002"", ""date"": ""2024-09-13"", ""score"": 5, ""commentId"": ""236711413"", ""imgs"": [], ""userNickName"": ""\u53bb*\u6237"", ""replyCityName"": """", ""cityName"": """"}, {""author"": ""\u5929*a"", ""content"": ""\u7528\u6237\u672a\u70b9\u8bc4\uff0c\u7cfb\u7edf\u9ed8\u8ba4\u597d\u8bc4\u3002"", ""date"": ""2024-04-12"", ""score"": 5, ""commentId"": ""232882582"", ""imgs"": [], ""userNickName"": ""\u5929*a"", ""replyCityName"": """", ""cityName"": """"}, {""author"": ""\u53bb*\u6237"", ""content"": ""\u7528\u6237\u672a\u70b9\u8bc4\uff0c\u7cfb\u7edf\u9ed8\u8ba4\u597d\u8bc4\u3002"", ""date"": ""2024-03-19"", ""score"": 5, ""commentId"": ""232513738"", ""imgs"": [], ""userNickName"": ""\u53bb*\u6237"", ""replyCityName"": """", ""cityName"": """"}, {""author"": ""r*8"", ""content"": ""\u7528\u6237\u672a\u70b9\u8bc4\uff0c\u7cfb\u7edf\u9ed8\u8ba4\u597d\u8bc4\u3002"", ""date"": ""2024-02-11"", ""score"": 5, ""commentId"": ""231374648"", ""imgs"": [], ""userNickName"": ""r*8"", ""replyCityName"": """", ""cityName"": """"}], ""score"": 4.5, ""commentCount"": 142}, ""statusCode"": 200}"
玉溪第三洞,https://qimgs.qunarzz.com/piao_qsight_provider_piao_qsight_web/0104m12000auc9lfk458A_C_900_504.jpg_280x200_0fc30dd7.jpg,阳江市,阳春市,广东省阳江市阳春市河朗镇Y208,25,5.0,洞内泛舟听泉水叮咚,https://piao.qunar.com/ticket/detail_2578950510.html?st=a3clM0QlRTklOTglQjMlRTYlOTglQTUlRTUlQjglODIlMjZpZCUzRDQ2Njk1NiUyNnR5cGUlM0QwJTI2aWR4JTNENyUyNnF0JTNEJTI2YXBrJTNEMiUyNnNjJTNEV1dXJTI2dXIlM0QlRTQlQjglQUQlRTUlQjElQjElMjZsciUzRCVFNCVCOCVBRCVFNSVCMSVCMSUyNmZ0JTNEJTdCJTdE#from=mpl_search_suggest,36.0,N/A,玉溪三洞-第三洞 位于阳春北部河朗镇。是玉溪三洞的最后一个景点。离玉溪一、二洞约500米处，第三洞是中国国家地质公园古河床，遗址最经典的一个洞。该溶洞陆游面积5万平方米，水游面积1.8万平方米。，其一河穿过大山、洞里清溪碧玉、洞外山清水秀，犹如桃源仙境。直享“小桂林”的称号。玉溪第三洞也是哈斯特地貌最完整类型最齐全的溶洞，洞中石笋、石柱、石花、石幔，千姿百态，诡谲奇特；目状取譬，无不形似神似。浆声灯影下，石柱高耸，石花烂漫，石幔磷光，璀璨耀眼，目眩神摇。让人感悟亿万年的地壳运动，沧海桑田，溶洞形成等科普知识，惊叹那天*造物的鬼斧神*.,1/1-12/31；周一至周日；09:00-17:30开园；（17:00停止入园）,https://qimgs.qunarzz.com/piao_qsight_provider_piao_qsight_web/0104m12000auc9lfk458A_C_900_504.jpg_710x360_d7a3db80.jpg〇https://qimgs.qunarzz.com/piao_qsight_provider_piao_qsight_web/0104m12000auc9lfk458A_C_900_504_Q90_Mtg_7.jpg_710x360_bfec1f47.jpg〇https://imgs.qunarzz.com/sight/p0/1712/d8/d861f0dea040af5fa3.water.jpg_710x360_6c7f6c72.jpg〇https://qimgs.qunarzz.com/piao_qsight_provider_piao_qsight_web/f252e65a02f60502.jpg_710x360_358cb776.jpg〇https://qimgs.qunarzz.com/piao_qsight_provider_piao_qsight_web/23abb1626448fd02.jpg_710x360_82a79dbe.jpg〇https://qimgs.qunarzz.com/piao_qsight_provider_piao_qsight_web/295d65385ff85402.jpg_710x360_54cae235.jpg〇https://qimgs.qunarzz.com/piao_qsight_provider_piao_qsight_web/dde56c11e29b6402.jpg_710x360_531822fc.jpg〇https://qimgs.qunarzz.com/piao_qsight_provider_piao_qsight_web/79f5899c40c11b02.jpg_710x360_f2581452.jpg〇https://qimgs.qunarzz.com/piao_qsight_provider_piao_qsight_web/c4819a7a0fa24d02.jpg_710x360_21cd9f5f.jpg〇https://qimgs.qunarzz.com/piao_qsight_provider_piao_qsight_web/bdc4998aafef8002.jpg_710x360_0781bc2a.jpg〇https://qimgs.qunarzz.com/piao_qsight_provider_piao_qsight_web/503de7b7ea05a49b9b547cf05d99fb73.jpg_710x360_c127d0fd.jpg〇https://qimgs.qunarzz.com/piao_qsight_provider_piao_qsight_web/a093aa71dcef2437.jpg_710x360_3c60e996.jpg,"{""ret"": true, ""data"": {""tagList"": [{""tagType"": 1, ""tagScore"": 5, ""tagNum"": 25, ""tagName"": ""\u597d\u8bc4""}, {""tagType"": 0, ""tagScore"": 5, ""tagNum"": 25, ""tagName"": ""\u5168\u90e8""}], ""commentList"": [{""author"": ""o*8"", ""content"": ""\u7528\u6237\u672a\u70b9\u8bc4\uff0c\u7cfb\u7edf\u9ed8\u8ba4\u597d\u8bc4\u3002"", ""date"": ""2024-11-12"", ""score"": 5, ""commentId"": ""238737061"", ""imgs"": [], ""userNickName"": ""o*8"", ""replyCityName"": """", ""cityName"": """"}, {""author"": ""f*0"", ""content"": ""\u7528\u6237\u672a\u70b9\u8bc4\uff0c\u7cfb\u7edf\u9ed8\u8ba4\u597d\u8bc4\u3002"", ""date"": ""2024-09-18"", ""score"": 5, ""commentId"": ""236950375"", ""imgs"": [], ""userNickName"": ""f*0"", ""replyCityName"": """", ""cityName"": """"}, {""author"": ""m*5"", ""content"": ""\u7528\u6237\u672a\u70b9\u8bc4\uff0c\u7cfb\u7edf\u9ed8\u8ba4\u597d\u8bc4\u3002"", ""date"": ""2024-08-07"", ""score"": 5, ""commentId"": ""235316072"", ""imgs"": [], ""userNickName"": ""m*5"", ""replyCityName"": """", ""cityName"": """"}, {""author"": ""d*1"", ""content"": ""\u7528\u6237\u672a\u70b9\u8bc4\uff0c\u7cfb\u7edf\u9ed8\u8ba4\u597d\u8bc4\u3002"", ""date"": ""2024-06-04"", ""score"": 5, ""commentId"": ""234195372"", ""imgs"": [], ""userNickName"": ""d*1"", ""replyCityName"": """", ""cityName"": """"}, {""author"": ""d*1"", ""content"": ""\u7528\u6237\u672a\u70b9\u8bc4\uff0c\u7cfb\u7edf\u9ed8\u8ba4\u597d\u8bc4\u3002"", ""date"": ""2024-06-04"", ""score"": 5, ""commentId"": ""234194517"", ""imgs"": [], ""userNickName"": ""d*1"", ""replyCityName"": """", ""cityName"": """"}, {""author"": ""l*8"", ""content"": ""\u7528\u6237\u672a\u70b9\u8bc4\uff0c\u7cfb\u7edf\u9ed8\u8ba4\u597d\u8bc4\u3002"", ""date"": ""2024-06-03"", ""score"": 5, ""commentId"": ""234123432"", ""imgs"": [], ""userNickName"": ""l*8"", ""replyCityName"": """", ""cityName"": """"}, {""author"": ""y*7"", ""content"": ""\u7528\u6237\u672a\u70b9\u8bc4\uff0c\u7cfb\u7edf\u9ed8\u8ba4\u597d\u8bc4\u3002"", ""date"": ""2024-06-01"", ""score"": 5, ""commentId"": ""233884312"", ""imgs"": [], ""userNickName"": ""y*7"", ""replyCityName"": """", ""cityName"": """"}, {""author"": ""y*7"", ""content"": ""\u7528\u6237\u672a\u70b9\u8bc4\uff0c\u7cfb\u7edf\u9ed8\u8ba4\u597d\u8bc4\u3002"", ""date"": ""2024-06-01"", ""score"": 5, ""commentId"": ""233883423"", ""imgs"": [], ""userNickName"": ""y*7"", ""replyCityName"": """", ""cityName"": """"}, {""author"": ""\u53bb*\u6237"", ""content"": ""\u7528\u6237\u672a\u70b9\u8bc4\uff0c\u7cfb\u7edf\u9ed8\u8ba4\u597d\u8bc4\u3002"", ""date"": ""2024-02-04"", ""score"": 5, ""commentId"": ""231312569"", ""imgs"": [], ""userNickName"": ""\u53bb*\u6237"", ""replyCityName"": """", ""cityName"": """"}, {""author"": ""h*9"", ""content"": ""\u7528\u6237\u672a\u70b9\u8bc4\uff0c\u7cfb\u7edf\u9ed8\u8ba4\u597d\u8bc4\u3002"", ""date"": ""2024-01-09"", ""score"": 5, ""commentId"": ""230989248"", ""imgs"": [], ""userNickName"": ""h*9"", ""replyCityName"": """", ""cityName"": """"}], ""score"": 5.0, ""commentCount"": 25}, ""statusCode"": 200}"
十里泉城,https://qimgs.qunarzz.com/piao_qsight_provider_piao_qsight_web/0106012000f6uind1F052_C_900_504.jpg_280x200_fe3dc994.jpg,阳江市,阳春市,广东省阳江市阳春市温泉大道,108,5.0,富通十里泉城，将山江资源和温泉亲水作为主题元素，建设有水岸风情亲水别墅，花园紧邻泳道；坐揽一线漠阳江景的温泉养生别墅，真,https://piao.qunar.com/ticket/detail_63808528.html?st=a3clM0QlRTklOTglQjMlRTYlOTglQTUlRTUlQjglODIlMjZpZCUzRDUxNjE2OSUyNnR5cGUlM0QwJTI2aWR4JTNENiUyNnF0JTNEJTI2YXBrJTNEMiUyNnNjJTNEV1dXJTI2dXIlM0QlRTQlQjglQUQlRTUlQjElQjElMjZsciUzRCVFNCVCOCVBRCVFNSVCMSVCMSUyNmZ0JTNEJTdCJTdE#from=mpl_search_suggest,78.0,N/A,富通十里泉城，将山江资源和温泉亲水作为主题元素，建设有水岸风情亲水别墅，花园紧邻泳道；坐揽一线漠阳江景的温泉养生别墅，真温泉入户，非凡品质，成*人士之选。,1/1-12/31；周一至周日；14:00-22:00开园,https://qimgs.qunarzz.com/piao_qsight_provider_piao_qsight_web/0106012000f6uind1F052_C_900_504.jpg_710x360_0521a504.jpg〇https://qimgs.qunarzz.com/piao_qsight_provider_piao_qsight_web/0106012000f6uind1F052_C_900_504_Q90_Mtg_7.jpg_710x360_12a46539.jpg〇https://qimgs.qunarzz.com/piao_qsight_provider_piao_qsight_web/0104p120009oi6ecoB1AE_C_900_504_Q90_Mtg_7.jpg_710x360_5bdb3b91.jpg〇https://qimgs.qunarzz.com/piao_qsight_provider_piao_qsight_web/0101r120009oi69je55CE_C_900_504_Q90_Mtg_7.jpg_710x360_9996ddfa.jpg〇https://qimgs.qunarzz.com/piao_qsight_provider_piao_qsight_web/0105i120009oi67zgC5E1_C_900_504_Q90_Mtg_7.jpg_710x360_316c8b26.jpg〇https://qimgs.qunarzz.com/piao_qsight_provider_piao_qsight_web/0102y120009oi6jpy648B_C_900_504_Q90_Mtg_7.jpg_710x360_25bcf47e.jpg〇https://qimgs.qunarzz.com/piao_qsight_provider_piao_qsight_web/0103x120009oi6j0v5CFF_C_900_504_Q90_Mtg_7.jpg_710x360_69319095.jpg〇https://qimgs.qunarzz.com/piao_qsight_provider_piao_qsight_web/0104n120009oi6araC082_C_900_504_Q90_Mtg_7.jpg_710x360_613d7bb3.jpg〇https://qimgs.qunarzz.com/piao_qsight_provider_piao_qsight_web/01018120009ricdjbAD60_C_900_504_Q90_Mtg_7.jpg_710x360_f5b85f48.jpg〇https://qimgs.qunarzz.com/piao_qsight_provider_piao_qsight_web/01001120009rid0cv85C6_C_900_504_Q90_Mtg_7.jpg_710x360_745b55bd.jpg〇https://qimgs.qunarzz.com/piao_qsight_provider_piao_qsight_web/01019120009rick37B5C0_C_900_504_Q90_Mtg_7.jpg_710x360_282b6b2a.jpg〇https://imgs.qunarzz.com/sight/p0/2207/93/93b1cd3a44c6fe84a3.img.jpg_710x360_4c53dd89.jpg〇https://imgs.qunarzz.com/sight/p0/2207/86/860d1527c6b09925a3.img.jpg_710x360_1a0665ec.jpg〇https://imgs.qunarzz.com/sight/p0/2207/c7/c7cd3369d9f648c6a3.img.jpg_710x360_8b6adcf7.jpg〇https://imgs.qunarzz.com/sight/p0/2207/e7/e7488480f1ea5ada3.img.jpg_710x360_caa08bad.jpg,"{""ret"": true, ""data"": {""tagList"": [{""tagType"": 1, ""tagScore"": 5, ""tagNum"": 108, ""tagName"": ""\u597d\u8bc4""}, {""tagType"": 0, ""tagScore"": 5, ""tagNum"": 108, ""tagName"": ""\u5168\u90e8""}], ""commentList"": [{""author"": ""k*5"", ""content"": ""\u7528\u6237\u672a\u70b9\u8bc4\uff0c\u7cfb\u7edf\u9ed8\u8ba4\u597d\u8bc4\u3002"", ""date"": ""2024-11-03"", ""score"": 5, ""commentId"": ""238293005"", ""imgs"": [], ""userNickName"": ""k*5"", ""replyCityName"": """", ""cityName"": """"}, {""author"": ""k*5"", ""content"": ""\u7528\u6237\u672a\u70b9\u8bc4\uff0c\u7cfb\u7edf\u9ed8\u8ba4\u597d\u8bc4\u3002"", ""date"": ""2024-11-03"", ""score"": 5, ""commentId"": ""238291118"", ""imgs"": [], ""userNickName"": ""k*5"", ""replyCityName"": """", ""cityName"": """"}, {""author"": ""h*8"", ""content"": ""\u7528\u6237\u672a\u70b9\u8bc4\uff0c\u7cfb\u7edf\u9ed8\u8ba4\u597d\u8bc4\u3002"", ""date"": ""2024-11-03"", ""score"": 5, ""commentId"": ""238278096"", ""imgs"": [], ""userNickName"": ""h*8"", ""replyCityName"": """", ""cityName"": """"}, {""author"": ""q*8"", ""content"": ""\u7528\u6237\u672a\u70b9\u8bc4\uff0c\u7cfb\u7edf\u9ed8\u8ba4\u597d\u8bc4\u3002"", ""date"": ""2024-11-01"", ""score"": 5, ""commentId"": ""237989339"", ""imgs"": [], ""userNickName"": ""q*8"", ""replyCityName"": """", ""cityName"": """"}, {""author"": ""\u4f59*\u7fa4"", ""content"": ""\u7528\u6237\u672a\u70b9\u8bc4\uff0c\u7cfb\u7edf\u9ed8\u8ba4\u597d\u8bc4\u3002"", ""date"": ""2024-11-01"", ""score"": 5, ""commentId"": ""237988972"", ""imgs"": [], ""userNickName"": ""\u4f59*\u7fa4"", ""replyCityName"": """", ""cityName"": """"}, {""author"": ""\u4f59*\u7fa4"", ""content"": ""\u7528\u6237\u672a\u70b9\u8bc4\uff0c\u7cfb\u7edf\u9ed8\u8ba4\u597d\u8bc4\u3002"", ""date"": ""2024-11-01"", ""score"": 5, ""commentId"": ""237984352"", ""imgs"": [], ""userNickName"": ""\u4f59*\u7fa4"", ""replyCityName"": """", ""cityName"": """"}, {""author"": ""\u4f59*\u7fa4"", ""content"": ""\u7528\u6237\u672a\u70b9\u8bc4\uff0c\u7cfb\u7edf\u9ed8\u8ba4\u597d\u8bc4\u3002"", ""date"": ""2024-11-01"", ""score"": 5, ""commentId"": ""237983223"", ""imgs"": [], ""userNickName"": ""\u4f59*\u7fa4"", ""replyCityName"": """", ""cityName"": """"}, {""author"": ""\u53bb*\u6237"", ""content"": ""\u7528\u6237\u672a\u70b9\u8bc4\uff0c\u7cfb\u7edf\u9ed8\u8ba4\u597d\u8bc4\u3002"", ""date"": ""2024-09-18"", ""score"": 5, ""commentId"": ""236953188"", ""imgs"": [], ""userNickName"": ""\u53bb*\u6237"", ""replyCityName"": """", ""cityName"": """"}, {""author"": ""\u53bb*\u6237"", ""content"": ""\u7528\u6237\u672a\u70b9\u8bc4\uff0c\u7cfb\u7edf\u9ed8\u8ba4\u597d\u8bc4\u3002"", ""date"": ""2024-09-18"", ""score"": 5, ""commentId"": ""236952797"", ""imgs"": [], ""userNickName"": ""\u53bb*\u6237"", ""replyCityName"": """", ""cityName"": """"}, {""author"": ""\u53bb*\u6237"", ""content"": ""\u7528\u6237\u672a\u70b9\u8bc4\uff0c\u7cfb\u7edf\u9ed8\u8ba4\u597d\u8bc4\u3002"", ""date"": ""2024-09-18"", ""score"": 5, ""commentId"": ""236952426"", ""imgs"": [], ""userNickName"": ""\u53bb*\u6237"", ""replyCityName"": """", ""cityName"": """"}], ""score"": 5.0, ""commentCount"": 108}, ""statusCode"": 200}"
白水瀑布,https://imgs.qunarzz.com/sight/p0/201211/00/b364aa3aa87f637893835fbb.jpg_280x200_c91d8195.jpg,阳江市,阳春市,广东阳春市,3,2.3,古名十三叠泉，一叠一状,https://piao.qunar.com/ticket/detail_1492255971.html?st=a3clM0QlRTklOTglQjMlRTYlOTglQTUlRTUlQjglODIlMjZpZCUzRDE1NTY2JTI2dHlwZSUzRDAlMjZpZHglM0QxMiUyNnF0JTNEJTI2YXBrJTNEMiUyNnNjJTNEV1dXJTI2dXIlM0QlRTQlQjglQUQlRTUlQjElQjElMjZsciUzRCVFNCVCOCVBRCVFNSVCMSVCMSUyNmZ0JTNEJTdCJTdE#from=mpl_search_suggest,-1.0,N/A,白水瀑布在八甲区的八甲山。古名十三叠泉，一叠一状，落差有２４７米。瀑布跌下“响水潭”每逢阳光高照，潭中彩虹随波飘忽，如一条艳丽金鳞银甲“天龙”现身。,暂无,https://imgs.qunarzz.com/sight/p0/201211/00/b364aa3aa87f637893835fbb.jpg_710x360_af8acf9f.jpg〇https://qimgs.qunarzz.com/piao_qsight_provider_piao_qsight_web/8034d21ab0c7d4e2ae2e9e8c4543dadd.jpg_710x360_53ce5325.jpg〇https://qimgs.qunarzz.com/piao_qsight_provider_piao_qsight_web/6aa42f82a1cfa1.jpg_710x360_744ccbfc.jpg,"{""ret"": true, ""data"": {""tagList"": [{""tagType"": 3, ""tagScore"": 5, ""tagNum"": 2, ""tagName"": ""\u5dee\u8bc4""}, {""tagType"": 1, ""tagScore"": 5, ""tagNum"": 1, ""tagName"": ""\u597d\u8bc4""}, {""tagType"": 0, ""tagScore"": 5, ""tagNum"": 3, ""tagName"": ""\u5168\u90e8""}], ""commentList"": [{""author"": ""b*2"", ""content"": ""\u4fee\u8def\uff0c\u4ec0\u4e48\u4e5f\u770b\u4e0d\u5230\u4e86\u3002\u60f3\u6765\u7684\u8981\u6253\u542c\u6e05\u695a"", ""date"": ""2018-10-04"", ""score"": 1, ""commentId"": ""208080240"", ""imgs"": [], ""userNickName"": ""b*2"", ""replyCityName"": """", ""cityName"": """"}, {""author"": ""\u5609*\u8c6a"", ""content"": ""\u7011\u5e03\u4e0d\u662f\u5f88\u5927\uff0c\u4e5f\u633a\u597d\u73a9\u7684\u3002\u5c31\u662f\u4ea4\u901a\u4e0d\u592a\u5b8c\u5584\u3002"", ""date"": ""2015-10-22"", ""score"": 5, ""commentId"": ""86909674"", ""imgs"": [], ""userNickName"": ""\u5609*\u8c6a"", ""replyCityName"": """", ""cityName"": """"}, {""author"": ""z*2"", ""content"": ""\u8be5\u666f\u70b9\u5c31\u662f\u4e00\u4e2a\u9a97\u4eba\u7684\u666f\u70b9\uff0c\u8fdb\u53bb\u4ec0\u4e48\u90fd\u6ca1\u6709\uff0c\u4e0d\u662f\u4e2a\u65c5\u6e38\u533a\uff0c\u8fdb\u53bb\u5c31\u662f\u4e61\u6751\u9a6c\u8def\u3002"", ""date"": ""2015-05-04"", ""score"": 1, ""commentId"": ""45919500"", ""imgs"": [], ""userNickName"": ""z*2"", ""replyCityName"": """", ""cityName"": """"}], ""score"": 2.3, ""commentCount"": 3}, ""statusCode"": 200}"
慈云岩,https://imgs.qunarzz.com/sight/p0/201403/05/a71fe4bde27beaa9474eb861e6f5f71f.jpg_280x200_67142693.jpg,阳江市,阳春市,广东阳江阳春市春湾风景区内,-1,-1.0,凭栏纵目，春湾风光，尽收眼底,https://piao.qunar.com/ticket/detail_746914810.html?st=a3clM0QlRTklOTglQjMlRTYlOTglQTUlRTUlQjglODIlMjZpZCUzRDE5Mzg0MCUyNnR5cGUlM0QwJTI2aWR4JTNEMTclMjZxdCUzRCUyNmFwayUzRDIlMjZzYyUzRFdXVyUyNnVyJTNEJUU0JUI4JUFEJUU1JUIxJUIxJTI2bHIlM0QlRTQlQjglQUQlRTUlQjElQjElMjZmdCUzRCU3QiU3RA%3D%3D#from=mpl_search_suggest,-1.0,N/A,慈云岩在春湾中山公园内。该岩是阳春著名的古迹之一。从公园门口牌坊进园，便可见到其屹立于右前方，浑穆端庄，卓拨挺秀。岩前高台上建有慈云寺，寺中立“三圣”塑像。殿后崖壁上的石刻题字有20余帧，高低错落，大都是清朝中叶至民国时所刻。与铜石、崆峒两岩石刻同属阳春摩崖石刻艺术的珍宝。从寺左面的阁门进去，沿石阶上十多级，有一石窟叫观音阁，内有数尊观音塑像。慈从慈云岩末侧的磴道上去，可以直到100多米高的山顶。在这里凭栏纵目，春湾风光，尽收眼底。,暂无,https://imgs.qunarzz.com/sight/p0/201403/05/a71fe4bde27beaa9474eb861e6f5f71f.jpg_710x360_1431efde.jpg〇https://imgs.qunarzz.com/sight/p0/201403/05/be3ca8744a69483111ddcd29f6f41a2a.jpg_710x360_5c985cef.jpg〇https://imgs.qunarzz.com/sight/p0/201403/05/be1a5f38bb796a38345f3c4933da443a.jpg_710x360_ea709b32.jpg〇https://imgs.qunarzz.com/sight/p0/201403/05/198368e20a48d944f2824b3da5983a11.jpg_710x360_687a14b5.jpg〇https://imgs.qunarzz.com/sight/p0/201403/05/2e2ec7d72f82c04c634b9fab75649a3e.jpg_710x360_0438ae1c.jpg,"{""ret"": true, ""data"": {""tagList"": [{""tagType"": 0, ""tagScore"": 5, ""tagNum"": 0, ""tagName"": ""\u5168\u90e8""}], ""score"": 0.0, ""commentCount"": 0}, ""statusCode"": 200}"
通真岩,https://imgs.qunarzz.com/sight/p0/1711/ba/baee173dc96195cca3.water.jpg_280x200_d0740efb.jpg,阳江市,阳春市,广东省阳江市阳春市春湾镇,-1,-1.0,刘三姐与祖父自广西传歌至此，得道升仙,https://piao.qunar.com/ticket/detail_1515279951.html?st=a3clM0QlRTklOTglQjMlRTYlOTglQTUlRTUlQjglODIlMjZpZCUzRDIyNyUyNnR5cGUlM0QwJTI2aWR4JTNEMTYlMjZxdCUzRCUyNmFwayUzRDIlMjZzYyUzRFdXVyUyNnVyJTNEJUU0JUI4JUFEJUU1JUIxJUIxJTI2bHIlM0QlRTQlQjglQUQlRTUlQjElQjElMjZmdCUzRCU3QiU3RA%3D%3D#from=mpl_search_suggest,-1.0,N/A,建于隋代、原为铜石岩、德惠寺。相传唐景隆年间，广西贵县刘三姐与祖父自广西传歌至此，得道升仙。宋真宗赵恒赐名为通真岩，当地百姓为纪念刘三姐，曾在岩内建起楼台琼阁、庙寺神像，每逢农历二月十五日刘三姐诞辰日，便把塑神像抬下山，搭起歌台对歌欢庆，岩内至今仍有当年传歌台和刘三姐祖父的陵墓。观岩壁上保存北宋理学家周敦颐、广东转运使祖无择题名、广东转运副使许彦先题诗及明清文人的摩岩石刻20题。,暂无,https://imgs.qunarzz.com/sight/p0/1711/ba/baee173dc96195cca3.water.jpg_710x360_2285fd2d.jpg,"{""ret"": true, ""data"": {""tagList"": [{""tagType"": 0, ""tagScore"": 5, ""tagNum"": 0, ""tagName"": ""\u5168\u90e8""}], ""score"": 0.0, ""commentCount"": 0}, ""statusCode"": 200}"
崆峒岩风景区,https://qimgs.qunarzz.com/piao_qsight_provider_piao_qsight_web/100f1f000001gq9rj2590_C_900_504.jpg_280x200_43404916.jpg,阳江市,阳春市,广东省阳江市阳春市崆峒岩风景区,244,4.8,古雅清幽的崆峒禅寺,https://piao.qunar.com/ticket/detail_758599082.html?st=a3clM0QlRTklOTglQjMlRTYlOTglQTUlRTUlQjglODIlMjZpZCUzRDIxNzAlMjZ0eXBlJTNEMCUyNmlkeCUzRDUlMjZxdCUzRCUyNmFwayUzRDIlMjZzYyUzRFdXVyUyNnVyJTNEJUU0JUI4JUFEJUU1JUIxJUIxJTI2bHIlM0QlRTQlQjglQUQlRTUlQjElQjElMjZmdCUzRCU3QiU3RA%3D%3D#from=mpl_search_suggest,18.0,N/A,崆峒岩在县城西四公里处。外观石林起伏，紫翠夺目，像是一座大自然石盆景瑰奇处。洞内广深约百米，上下层迭如巨厦，并有石柱支撑。大洞通小洞，明室通暗室窦，多姿多态的钟乳石，或若飞禽，或似走兽，洞中还存有元、明、清各代摩崖石刻，为书法技术爱好者所珍爱。另有鼓钟石，左右击之一岩皆应，悦耳之声胜于真钟鼓。 在县城西四公里处。外观石林起伏，紫翠夺目，像是一座大自然石盆景瑰奇处。洞内广深约百米，上下层迭如巨厦，并有石柱支撑。,1/1-12/31；周一至周日；09:00-17:00开园,https://qimgs.qunarzz.com/piao_qsight_provider_piao_qsight_web/100f1f000001gq9rj2590_C_900_504.jpg_710x360_9d7a4597.jpg〇https://qimgs.qunarzz.com/piao_qsight_provider_piao_qsight_web/10030q000000gd5zt6A58_C_900_504_Q90_Mtg_7.jpg_710x360_d66398a2.jpg〇https://qimgs.qunarzz.com/piao_qsight_provider_piao_qsight_web/100r0q000000g9uygEE68_C_900_504_Q90_Mtg_7.jpg_710x360_d20038b2.jpg〇https://qimgs.qunarzz.com/piao_qsight_provider_piao_qsight_web/10050q000000gdxzpB508_C_900_504_Q90_Mtg_7.jpg_710x360_7d739563.jpg〇https://qimgs.qunarzz.com/piao_qsight_provider_piao_qsight_web/100o0q000000gaa24AEE4_C_900_504_Q90_Mtg_7.jpg_710x360_4c0a65be.jpg〇https://qimgs.qunarzz.com/piao_qsight_provider_piao_qsight_web/100s0q000000gibd3EB27_C_900_504_Q90_Mtg_7.jpg_710x360_131f73a3.jpg〇https://qimgs.qunarzz.com/piao_qsight_provider_piao_qsight_web/100t0q000000gbg83B59D_C_900_504_Q90_Mtg_7.jpg_710x360_505b7980.jpg〇https://qimgs.qunarzz.com/piao_qsight_provider_piao_qsight_web/100p0q000000g9xxdAE36_C_900_504_Q90_Mtg_7.jpg_710x360_779be314.jpg〇https://qimgs.qunarzz.com/piao_qsight_provider_piao_qsight_web/100h0q000000gcrd8DEAF_C_900_504_Q90_Mtg_7.jpg_710x360_230a01f1.jpg〇https://qimgs.qunarzz.com/piao_qsight_provider_piao_qsight_web/100f1f000001gq9rj2590_C_900_504_Q90_Mtg_7.jpg_710x360_57d12ea1.jpg〇https://imgs.qunarzz.com/sight/p7/201211/01/67f3bc617767429c93835fbb.jpg_710x360_0296c7f3.jpg〇https://imgs.qunarzz.com/sight/p0/201403/07/1b01b1f99514ea227d5382c4a229d739.jpg_710x360_7287f1d0.jpg〇https://imgs.qunarzz.com/sight/p0/201403/07/e29cc9bef842bfa3fa2531a3931b7b31.jpg_710x360_329f3734.jpg〇https://imgs.qunarzz.com/sight/p0/201403/07/e4aebc1b4debe1f98af815228cbe3213.jpg_710x360_51637549.jpg〇https://qimgs.qunarzz.com/piao_qsight_provider_piao_qsight_web/d8ecb8ab3e2a1f02.jpg_710x360_ec288a2d.jpg〇https://qimgs.qunarzz.com/piao_qsight_provider_piao_qsight_web/36aca71557903102.jpg_710x360_e058dd45.jpg〇https://qimgs.qunarzz.com/piao_qsight_provider_piao_qsight_web/b2a8ce3d548c7502.jpg_710x360_66909de9.jpg〇https://qimgs.qunarzz.com/piao_qsight_provider_piao_qsight_web/cd40e4eeb66a7402.jpg_710x360_29693d60.jpg〇https://qimgs.qunarzz.com/piao_qsight_provider_piao_qsight_web/af97d2ff8b4e6702.jpg_710x360_391b527e.jpg〇https://qimgs.qunarzz.com/piao_qsight_provider_piao_qsight_web/67be32fe50bad502.jpg_710x360_d769fc6a.jpg〇https://qimgs.qunarzz.com/piao_qsight_provider_piao_qsight_web/866b173726b64602.jpg_710x360_caefbeed.jpg〇https://qimgs.qunarzz.com/piao_qsight_provider_piao_qsight_web/22f2e17ca204c802.jpg_710x360_a1faaca8.jpg〇https://qimgs.qunarzz.com/piao_qsight_provider_piao_qsight_web/289e8c88a742d202.jpg_710x360_d88a5734.jpg〇https://qimgs.qunarzz.com/piao_qsight_provider_piao_qsight_web/86f066738363a702.jpg_710x360_1a25caac.jpg〇https://qimgs.qunarzz.com/piao_qsight_provider_piao_qsight_web/c63ed33c98f00c02.jpg_710x360_d894055b.jpg〇https://qimgs.qunarzz.com/piao_qsight_provider_piao_qsight_web/7a2d34f2deb84102.jpg_710x360_df06f157.jpg〇https://qimgs.qunarzz.com/piao_qsight_provider_piao_qsight_web/37fb105ddb7db902.jpg_710x360_fc12315c.jpg〇https://qimgs.qunarzz.com/piao_qsight_provider_piao_qsight_web/9b5e4898309dbb02.jpg_710x360_5c038696.jpg〇https://qimgs.qunarzz.com/piao_qsight_provider_piao_qsight_web/de3dc8de533b9e02.jpg_710x360_deb7e2b0.jpg〇https://qimgs.qunarzz.com/piao_qsight_provider_piao_qsight_web/f61abbc9c906b502.jpg_710x360_d37e2272.jpg〇https://qimgs.qunarzz.com/piao_qsight_provider_piao_qsight_web/4e2394e033606602.jpg_710x360_bd771035.jpg〇https://qimgs.qunarzz.com/piao_qsight_provider_piao_qsight_web/a5f2ef51429da702.jpg_710x360_61b1e940.jpg〇https://qimgs.qunarzz.com/piao_qsight_provider_piao_qsight_web/e7930353d2ca5a02.jpg_710x360_3e1ec3c5.jpg〇https://qimgs.qunarzz.com/piao_qsight_provider_piao_qsight_web/b162eb1415845502.jpg_710x360_22d2df69.jpg,"{""ret"": true, ""data"": {""tagList"": [{""tagType"": 8, ""tagScore"": 5, ""tagNum"": 1, ""tagName"": ""\u4fbf\u5b9c""}, {""tagType"": 4, ""tagScore"": 5, ""tagNum"": 1, ""tagName"": ""\u53d6\u7968\u65b9\u4fbf""}, {""tagType"": 2, ""tagScore"": 5, ""tagNum"": 12, ""tagName"": ""\u4e2d\u8bc4""}, {""tagType"": 1, ""tagScore"": 5, ""tagNum"": 231, ""tagName"": ""\u597d\u8bc4""}, {""tagType"": 0, ""tagScore"": 5, ""tagNum"": 244, ""tagName"": ""\u5168\u90e8""}], ""commentList"": [{""author"": ""\u53bb*\u6237"", ""content"": ""\u7528\u6237\u672a\u70b9\u8bc4\uff0c\u7cfb\u7edf\u9ed8\u8ba4\u597d\u8bc4\u3002"", ""date"": ""2024-12-03"", ""score"": 5, ""commentId"": ""239071218"", ""imgs"": [], ""userNickName"": ""\u53bb*\u6237"", ""replyCityName"": """", ""cityName"": """"}, {""author"": ""l*9"", ""content"": ""\u7528\u6237\u672a\u70b9\u8bc4\uff0c\u7cfb\u7edf\u9ed8\u8ba4\u597d\u8bc4\u3002"", ""date"": ""2024-11-29"", ""score"": 5, ""commentId"": ""239003580"", ""imgs"": [], ""userNickName"": ""l*9"", ""replyCityName"": """", ""cityName"": """"}, {""author"": ""x*6"", ""content"": ""\u7528\u6237\u672a\u70b9\u8bc4\uff0c\u7cfb\u7edf\u9ed8\u8ba4\u597d\u8bc4\u3002"", ""date"": ""2024-11-15"", ""score"": 5, ""commentId"": ""238785578"", ""imgs"": [], ""userNickName"": ""x*6"", ""replyCityName"": """", ""cityName"": """"}, {""author"": ""i*6"", ""content"": ""\u7528\u6237\u672a\u70b9\u8bc4\uff0c\u7cfb\u7edf\u9ed8\u8ba4\u597d\u8bc4\u3002"", ""date"": ""2024-11-04"", ""score"": 5, ""commentId"": ""238430487"", ""imgs"": [], ""userNickName"": ""i*6"", ""replyCityName"": """", ""cityName"": """"}, {""author"": ""\u53bb*\u6237"", ""content"": ""\u7528\u6237\u672a\u70b9\u8bc4\uff0c\u7cfb\u7edf\u9ed8\u8ba4\u597d\u8bc4\u3002"", ""date"": ""2024-11-03"", ""score"": 5, ""commentId"": ""238267654"", ""imgs"": [], ""userNickName"": ""\u53bb*\u6237"", ""replyCityName"": """", ""cityName"": """"}, {""author"": ""\u76d2*\u59d0"", ""content"": ""\u7528\u6237\u672a\u70b9\u8bc4\uff0c\u7cfb\u7edf\u9ed8\u8ba4\u597d\u8bc4\u3002"", ""date"": ""2024-11-02"", ""score"": 5, ""commentId"": ""238107720"", ""imgs"": [], ""userNickName"": ""\u76d2*\u59d0"", ""replyCityName"": """", ""cityName"": """"}, {""author"": ""\u5927*L"", ""content"": ""\u7528\u6237\u672a\u70b9\u8bc4\uff0c\u7cfb\u7edf\u9ed8\u8ba4\u597d\u8bc4\u3002"", ""date"": ""2024-11-02"", ""score"": 5, ""commentId"": ""238104870"", ""imgs"": [], ""userNickName"": ""\u5927*L"", ""replyCityName"": """", ""cityName"": """"}, {""author"": ""\u53bb*\u6237"", ""content"": ""\u7528\u6237\u672a\u70b9\u8bc4\uff0c\u7cfb\u7edf\u9ed8\u8ba4\u597d\u8bc4\u3002"", ""date"": ""2024-09-24"", ""score"": 5, ""commentId"": ""237203838"", ""imgs"": [], ""userNickName"": ""\u53bb*\u6237"", ""replyCityName"": """", ""cityName"": """"}, {""author"": ""\u53bb*\u6237"", ""content"": ""\u7528\u6237\u672a\u70b9\u8bc4\uff0c\u7cfb\u7edf\u9ed8\u8ba4\u597d\u8bc4\u3002"", ""date"": ""2024-09-24"", ""score"": 5, ""commentId"": ""237201545"", ""imgs"": [], ""userNickName"": ""\u53bb*\u6237"", ""replyCityName"": """", ""cityName"": """"}, {""author"": ""m*8"", ""content"": ""\u7528\u6237\u672a\u70b9\u8bc4\uff0c\u7cfb\u7edf\u9ed8\u8ba4\u597d\u8bc4\u3002"", ""date"": ""2024-09-07"", ""score"": 5, ""commentId"": ""236411890"", ""imgs"": [], ""userNickName"": ""m*8"", ""replyCityName"": """", ""cityName"": """"}], ""score"": 4.8, ""commentCount"": 244}, ""statusCode"": 200}"
龙宫岩,https://qimgs.qunarzz.com/piao_qsight_provider_piao_qsight_web/0106n12000d20mm9w4290_C_900_504.jpg_280x200_1b33d29c.jpg,阳江市,阳春市,广东省阳江市阳春市春湾镇春湾风景区内,81,5.0,溪水清澈，石群形态奇特,https://piao.qunar.com/ticket/detail_4023642152.html?st=a3clM0QlRTklOTglQjMlRTYlOTglQTUlRTUlQjglODIlMjZpZCUzRDU4NzIlMjZ0eXBlJTNEMCUyNmlkeCUzRDEwJTI2cXQlM0QlMjZhcGslM0QyJTI2c2MlM0RXV1clMjZ1ciUzRCVFNCVCOCVBRCVFNSVCMSVCMSUyNmxyJTNEJUU0JUI4JUFEJUU1JUIxJUIxJTI2ZnQlM0QlN0IlN0Q%3D#from=mpl_search_suggest,-1.0,N/A,龙宫岩位于春湾风景区内，长千米。岩洞口高十米，宽三米，洞景妖娆独特多姿，各种海生、陆生动物的形象，比比皆是。景物可分为四段：首希“迎宾廊”，多吊悬状钟乳，有如彩旗飞舞、彩灯悬挂，有似各种奇花异卉，还有泉水呆啸响的“石鼓”，构成迎宾乐章。次段“龙王殿”，面积百平方米，有石狮守门，有如雕宫柱、似锦庭墙，还有龙珠和珍珠蚌景物；三段称“聚宝库”；四段是一座宫殿式的洞厅，叫“龙母阁”，其间石笋、石幔琳琅满目。,1/1-12/31；周一至周日；09:00-17:00开园,https://qimgs.qunarzz.com/piao_qsight_provider_piao_qsight_web/0106n12000d20mm9w4290_C_900_504.jpg_710x360_172936ca.jpg〇https://qimgs.qunarzz.com/piao_qsight_provider_piao_qsight_web/0101612000d20nk4l849A_C_900_504_Q90_Mtg_7.jpg_710x360_83ba66ad.jpg〇https://qimgs.qunarzz.com/piao_qsight_provider_piao_qsight_web/0106n12000d20mm9w4290_C_900_504_Q90_Mtg_7.jpg_710x360_edc81fce.jpg〇https://imgs.qunarzz.com/sight/p0/1710/42/4240d97b82abcac3a3.water.jpg_710x360_1570aa02.jpg〇https://imgs.qunarzz.com/sight/p0/1710/d0/d06d72f41b2116f4a3.water.jpg_710x360_a7b0a7bb.jpg〇https://qimgs.qunarzz.com/piao_qsight_provider_piao_qsight_web/c526c0a9851c4302.jpg_710x360_9781eb7a.jpg〇https://qimgs.qunarzz.com/piao_qsight_provider_piao_qsight_web/48461bb58bfc3702.jpg_710x360_563d0713.jpg〇https://qimgs.qunarzz.com/piao_qsight_provider_piao_qsight_web/9aa641bba391b902.jpg_710x360_2d8ebe80.jpg〇https://qimgs.qunarzz.com/piao_qsight_provider_piao_qsight_web/c890956207226202.jpg_710x360_edf274ff.jpg〇https://qimgs.qunarzz.com/piao_qsight_provider_piao_qsight_web/d1d33d5cc144b137.jpg_710x360_370e1ba5.jpg,"{""ret"": true, ""data"": {""tagList"": [{""tagType"": 32, ""tagScore"": 5, ""tagNum"": 1, ""tagName"": ""\u670d\u52a1\u597d""}, {""tagType"": 16, ""tagScore"": 5, ""tagNum"": 2, ""tagName"": ""\u9760\u8c31""}, {""tagType"": 8, ""tagScore"": 5, ""tagNum"": 1, ""tagName"": ""\u4fbf\u5b9c""}, {""tagType"": 4, ""tagScore"": 5, ""tagNum"": 2, ""tagName"": ""\u53d6\u7968\u65b9\u4fbf""}, {""tagType"": 1, ""tagScore"": 5, ""tagNum"": 81, ""tagName"": ""\u597d\u8bc4""}, {""tagType"": 0, ""tagScore"": 5, ""tagNum"": 81, ""tagName"": ""\u5168\u90e8""}], ""commentList"": [{""author"": ""e*4"", ""content"": ""\u7528\u6237\u672a\u70b9\u8bc4\uff0c\u7cfb\u7edf\u9ed8\u8ba4\u597d\u8bc4\u3002"", ""date"": ""2020-11-04"", ""score"": 5, ""commentId"": ""217136424"", ""imgs"": [], ""userNickName"": ""e*4"", ""replyCityName"": """", ""cityName"": """"}, {""author"": ""z*2"", ""content"": ""\u7528\u6237\u672a\u70b9\u8bc4\uff0c\u7cfb\u7edf\u9ed8\u8ba4\u597d\u8bc4\u3002"", ""date"": ""2020-09-08"", ""score"": 5, ""commentId"": ""215726423"", ""imgs"": [], ""userNickName"": ""z*2"", ""replyCityName"": """", ""cityName"": """"}, {""author"": ""f*7"", ""content"": ""\u7528\u6237\u672a\u70b9\u8bc4\uff0c\u7cfb\u7edf\u9ed8\u8ba4\u597d\u8bc4\u3002"", ""date"": ""2020-02-20"", ""score"": 5, ""commentId"": ""214316825"", ""imgs"": [], ""userNickName"": ""f*7"", ""replyCityName"": """", ""cityName"": """"}, {""author"": ""m*1"", ""content"": ""\u7528\u6237\u672a\u70b9\u8bc4\uff0c\u7cfb\u7edf\u9ed8\u8ba4\u597d\u8bc4\u3002"", ""date"": ""2019-11-11"", ""score"": 5, ""commentId"": ""213354823"", ""imgs"": [], ""userNickName"": ""m*1"", ""replyCityName"": """", ""cityName"": """"}, {""author"": ""g*1"", ""content"": ""\u7528\u6237\u672a\u70b9\u8bc4\uff0c\u7cfb\u7edf\u9ed8\u8ba4\u597d\u8bc4\u3002"", ""date"": ""2019-11-06"", ""score"": 5, ""commentId"": ""213291036"", ""imgs"": [], ""userNickName"": ""g*1"", ""replyCityName"": """", ""cityName"": """"}, {""author"": ""\u65c5*1"", ""content"": ""\u7528\u6237\u672a\u70b9\u8bc4\uff0c\u7cfb\u7edf\u9ed8\u8ba4\u597d\u8bc4\u3002"", ""date"": ""2019-11-06"", ""score"": 5, ""commentId"": ""213269642"", ""imgs"": [], ""userNickName"": ""\u65c5*1"", ""replyCityName"": """", ""cityName"": """"}, {""author"": ""z*\u83dc"", ""content"": ""\u7528\u6237\u672a\u70b9\u8bc4\uff0c\u7cfb\u7edf\u9ed8\u8ba4\u597d\u8bc4\u3002"", ""date"": ""2019-11-05"", ""score"": 5, ""commentId"": ""213202766"", ""imgs"": [], ""userNickName"": ""z*\u83dc"", ""replyCityName"": """", ""cityName"": """"}, {""author"": ""\u5403*A"", ""content"": ""\u7528\u6237\u672a\u70b9\u8bc4\uff0c\u7cfb\u7edf\u9ed8\u8ba4\u597d\u8bc4\u3002"", ""date"": ""2019-11-04"", ""score"": 5, ""commentId"": ""213117612"", ""imgs"": [], ""userNickName"": ""\u5403*A"", ""replyCityName"": """", ""cityName"": """"}, {""author"": ""q*1"", ""content"": ""\u7528\u6237\u672a\u70b9\u8bc4\uff0c\u7cfb\u7edf\u9ed8\u8ba4\u597d\u8bc4\u3002"", ""date"": ""2019-11-04"", ""score"": 5, ""commentId"": ""213108642"", ""imgs"": [], ""userNickName"": ""q*1"", ""replyCityName"": """", ""cityName"": """"}, {""author"": ""q*6"", ""content"": ""\u7528\u6237\u672a\u70b9\u8bc4\uff0c\u7cfb\u7edf\u9ed8\u8ba4\u597d\u8bc4\u3002"", ""date"": ""2019-11-03"", ""score"": 5, ""commentId"": ""213038481"", ""imgs"": [], ""userNickName"": ""q*6"", ""replyCityName"": """", ""cityName"": """"}], ""score"": 5.0, ""commentCount"": 81}, ""statusCode"": 200}"
阳江春都温泉,https://qimgs.qunarzz.com/piao_qsight_provider_piao_qsight_web/0100f12000f6qb66365D4_C_900_504.jpg_280x200_153a79ea.jpg,阳江市,阳春市,阳春市马水镇河表水库,393,4.8,群山环抱中畅享温泉,https://piao.qunar.com/ticket/detail_3280210670.html?st=a3clM0QlRTklOTglQjMlRTYlOTglQTUlRTUlQjglODIlMjZpZCUzRDMxMzAwJTI2dHlwZSUzRDAlMjZpZHglM0Q0JTI2cXQlM0QlMjZhcGslM0QyJTI2c2MlM0RXV1clMjZ1ciUzRCVFNCVCOCVBRCVFNSVCMSVCMSUyNmxyJTNEJUU0JUI4JUFEJUU1JUIxJUIxJTI2ZnQlM0QlN0IlN0Q%3D#from=mpl_search_suggest,54.0,N/A,春都温泉度假村坐落在高山盆地之中，占地面积近万亩，其中水面积二千亩。她背靠崇山峻岭，面临河表水库，旁有千亩桔园。内有高山峡谷，奇岩怪洞；流泉飞瀑，曲径通幽；层林叠翠，古木参天；小桥流水，亭台楼榭；清溪潺潺，花果飘香；雾雨时节，烟霞缥渺；山色苍苍，湖水茫茫，置身其中，宛若蓬莱仙境。春都温泉风景区泉水属世界珍稀高热氡泉，水温高达摄氏79.4度，含氡量108.17马海，矿化度低，人体必需的多种微量元素蕴于水中，水质透澈，浴于池中，豁情逸意。　春都温泉现已开放石景园和钓鱼台；建有露天温泉池38个，室内温泉18个；各类高级客房、豪华别墅、日式木屋共138套；中餐厅设有300个餐位；另有会议厅、茗茶室、理疗中心、购物商场、娱乐中心等配套设施；是旅游，探险集会度假，休闲，娱乐的人间胜地。,1/1-12/31；周一至周日；08:00-23:59开园,https://qimgs.qunarzz.com/piao_qsight_provider_piao_qsight_web/0100f12000f6qb66365D4_C_900_504.jpg_710x360_632d15de.jpg〇https://qimgs.qunarzz.com/piao_qsight_provider_piao_qsight_web/0100f12000f6qb66365D4_C_900_504_Q90_Mtg_7.jpg_710x360_f836c3ee.jpg〇https://imgs.qunarzz.com/sight/p12/201211/09/c1c426b6dc00ce9b93835fbb.jpg_710x360_aaaefa22.jpg〇https://imgs.qunarzz.com/sight/p76/201211/07/e62144ddad16457493835fbb.jpg_710x360_b0619efc.jpg〇https://imgs.qunarzz.com/sight/p0/201403/07/1cb70a9670503a0546f2541bcce1c969.jpg_710x360_6eb13886.jpg〇https://imgs.qunarzz.com/sight/p0/201403/07/4c42310832244f69ad3199cf2aa62e29.jpg_710x360_77ff8742.jpg〇https://imgs.qunarzz.com/sight/p0/201403/07/faaa770cbc6cf0abca5cd5160277caf4.jpg_710x360_e44f1cc6.jpg,"{""ret"": true, ""data"": {""tagList"": [{""tagType"": 32, ""tagScore"": 5, ""tagNum"": 1, ""tagName"": ""\u670d\u52a1\u597d""}, {""tagType"": 8, ""tagScore"": 5, ""tagNum"": 3, ""tagName"": ""\u4fbf\u5b9c""}, {""tagType"": 4, ""tagScore"": 5, ""tagNum"": 1, ""tagName"": ""\u53d6\u7968\u65b9\u4fbf""}, {""tagType"": 3, ""tagScore"": 5, ""tagNum"": 10, ""tagName"": ""\u5dee\u8bc4""}, {""tagType"": 2, ""tagScore"": 5, ""tagNum"": 10, ""tagName"": ""\u4e2d\u8bc4""}, {""tagType"": 1, ""tagScore"": 5, ""tagNum"": 369, ""tagName"": ""\u597d\u8bc4""}, {""tagType"": 0, ""tagScore"": 5, ""tagNum"": 393, ""tagName"": ""\u5168\u90e8""}], ""commentList"": [{""author"": ""\u53bb*\u6237"", ""content"": ""\u7528\u6237\u672a\u70b9\u8bc4\uff0c\u7cfb\u7edf\u9ed8\u8ba4\u597d\u8bc4\u3002"", ""date"": ""2024-12-12"", ""score"": 5, ""commentId"": ""239203266"", ""imgs"": [], ""userNickName"": ""\u53bb*\u6237"", ""replyCityName"": """", ""cityName"": """"}, {""author"": ""\u53bb*\u6237"", ""content"": ""\u7528\u6237\u672a\u70b9\u8bc4\uff0c\u7cfb\u7edf\u9ed8\u8ba4\u597d\u8bc4\u3002"", ""date"": ""2024-12-11"", ""score"": 5, ""commentId"": ""239191290"", ""imgs"": [], ""userNickName"": ""\u53bb*\u6237"", ""replyCityName"": """", ""cityName"": """"}, {""author"": ""\u53bb*\u6237"", ""content"": ""\u7528\u6237\u672a\u70b9\u8bc4\uff0c\u7cfb\u7edf\u9ed8\u8ba4\u597d\u8bc4\u3002"", ""date"": ""2024-12-03"", ""score"": 5, ""commentId"": ""239076084"", ""imgs"": [], ""userNickName"": ""\u53bb*\u6237"", ""replyCityName"": """", ""cityName"": """"}, {""author"": ""\u53bb*\u6237"", ""content"": ""\u7528\u6237\u672a\u70b9\u8bc4\uff0c\u7cfb\u7edf\u9ed8\u8ba4\u597d\u8bc4\u3002"", ""date"": ""2024-11-27"", ""score"": 5, ""commentId"": ""238978190"", ""imgs"": [], ""userNickName"": ""\u53bb*\u6237"", ""replyCityName"": """", ""cityName"": """"}, {""author"": ""q*g"", ""content"": ""\u7528\u6237\u672a\u70b9\u8bc4\uff0c\u7cfb\u7edf\u9ed8\u8ba4\u597d\u8bc4\u3002"", ""date"": ""2024-11-03"", ""score"": 5, ""commentId"": ""238256153"", ""imgs"": [], ""userNickName"": ""q*g"", ""replyCityName"": """", ""cityName"": """"}, {""author"": ""J*m"", ""content"": ""\u7528\u6237\u672a\u70b9\u8bc4\uff0c\u7cfb\u7edf\u9ed8\u8ba4\u597d\u8bc4\u3002"", ""date"": ""2024-09-24"", ""score"": 5, ""commentId"": ""237181434"", ""imgs"": [], ""userNickName"": ""J*m"", ""replyCityName"": """", ""cityName"": """"}, {""author"": ""\u53bb*\u6237"", ""content"": ""\u7528\u6237\u672a\u70b9\u8bc4\uff0c\u7cfb\u7edf\u9ed8\u8ba4\u597d\u8bc4\u3002"", ""date"": ""2024-05-25"", ""score"": 5, ""commentId"": ""233719330"", ""imgs"": [], ""userNickName"": ""\u53bb*\u6237"", ""replyCityName"": """", ""cityName"": """"}, {""author"": ""l*m"", ""content"": ""\u7528\u6237\u672a\u70b9\u8bc4\uff0c\u7cfb\u7edf\u9ed8\u8ba4\u597d\u8bc4\u3002"", ""date"": ""2024-03-09"", ""score"": 5, ""commentId"": ""231875088"", ""imgs"": [], ""userNickName"": ""l*m"", ""replyCityName"": """", ""cityName"": """"}, {""author"": ""\u53bb*\u6237"", ""content"": ""\u7528\u6237\u672a\u70b9\u8bc4\uff0c\u7cfb\u7edf\u9ed8\u8ba4\u597d\u8bc4\u3002"", ""date"": ""2024-03-07"", ""score"": 5, ""commentId"": ""231825480"", ""imgs"": [], ""userNickName"": ""\u53bb*\u6237"", ""replyCityName"": """", ""cityName"": """"}, {""author"": ""\u53bb*\u6237"", ""content"": ""\u7528\u6237\u672a\u70b9\u8bc4\uff0c\u7cfb\u7edf\u9ed8\u8ba4\u597d\u8bc4\u3002"", ""date"": ""2024-03-07"", ""score"": 5, ""commentId"": ""231825477"", ""imgs"": [], ""userNickName"": ""\u53bb*\u6237"", ""replyCityName"": """", ""cityName"": """"}], ""score"": 4.8, ""commentCount"": 393}, ""statusCode"": 200}"
云山绿湖度假村,https://qimgs.qunarzz.com/piao_qsight_provider_piao_qsight_web/0105312000b0qjs57C75A_C_900_504.jpg_280x200_ee0f628a.jpg,阳江市,阳春市,广东省阳江市阳春市岗美镇那排那马水库,17,5.0,呼吸新鲜空气感受优美风景,https://piao.qunar.com/ticket/detail_3817355441.html?st=a3clM0QlRTklOTglQjMlRTYlOTglQTUlRTUlQjglODIlMjZpZCUzRDUwODk1NCUyNnR5cGUlM0QwJTI2aWR4JTNEMyUyNnF0JTNEJTI2YXBrJTNEMiUyNnNjJTNEV1dXJTI2dXIlM0QlRTQlQjglQUQlRTUlQjElQjElMjZsciUzRCVFNCVCOCVBRCVFNSVCMSVCMSUyNmZ0JTNEJTdCJTdE#from=mpl_search_suggest,19.0,N/A,广东云山绿湖旅游度假村位于广东省阳春市岗美镇那马水库，总占地2432亩。园区内道路畅通，山峦起伏，树木葱茏，空气清新，漫步于小路远尘世而亲自然，一路上的绿阴庇护，尽享山路情趣，实为一个难得的“天然氧吧”。这里山青水秀，湖光山色。是休闲放松的好去处。,1/1-12/31；周一至周日；09:00-20:00开园,https://qimgs.qunarzz.com/piao_qsight_provider_piao_qsight_web/0105312000b0qjs57C75A_C_900_504.jpg_710x360_2bc9aa41.jpg〇https://qimgs.qunarzz.com/piao_qsight_provider_piao_qsight_web/0100c12000b0qkj3qF65D_C_900_504_Q90_Mtg_7.jpg_710x360_35c86ec7.jpg〇https://qimgs.qunarzz.com/piao_qsight_provider_piao_qsight_web/0101112000b0qkd282559_C_900_504_Q90_Mtg_7.jpg_710x360_4b495aa3.jpg〇https://qimgs.qunarzz.com/piao_qsight_provider_piao_qsight_web/0105312000b0qjs57C75A_C_900_504_Q90_Mtg_7.jpg_710x360_8cea99b4.jpg〇https://imgs.qunarzz.com/sight/p0/2009/8c/8cd41830b0eab21aa3.img.jpg_710x360_5f03b1e5.jpg〇https://imgs.qunarzz.com/sight/p0/2009/e5/e5fead6bd24c7699a3.img.jpg_710x360_feec136f.jpg,"{""ret"": true, ""data"": {""tagList"": [{""tagType"": 1, ""tagScore"": 5, ""tagNum"": 17, ""tagName"": ""\u597d\u8bc4""}, {""tagType"": 0, ""tagScore"": 5, ""tagNum"": 17, ""tagName"": ""\u5168\u90e8""}], ""commentList"": [{""author"": ""J*G"", ""content"": ""\u7528\u6237\u672a\u70b9\u8bc4\uff0c\u7cfb\u7edf\u9ed8\u8ba4\u597d\u8bc4\u3002"", ""date"": ""2024-11-02"", ""score"": 5, ""commentId"": ""238124038"", ""imgs"": [], ""userNickName"": ""J*G"", ""replyCityName"": """", ""cityName"": """"}, {""author"": ""o*1"", ""content"": ""\u7528\u6237\u672a\u70b9\u8bc4\uff0c\u7cfb\u7edf\u9ed8\u8ba4\u597d\u8bc4\u3002"", ""date"": ""2024-11-02"", ""score"": 5, ""commentId"": ""238096734"", ""imgs"": [], ""userNickName"": ""o*1"", ""replyCityName"": """", ""cityName"": """"}, {""author"": ""\u53bb*\u6237"", ""content"": ""\u7528\u6237\u672a\u70b9\u8bc4\uff0c\u7cfb\u7edf\u9ed8\u8ba4\u597d\u8bc4\u3002"", ""date"": ""2024-10-01"", ""score"": 5, ""commentId"": ""237417555"", ""imgs"": [], ""userNickName"": ""\u53bb*\u6237"", ""replyCityName"": """", ""cityName"": """"}, {""author"": ""p*3"", ""content"": ""\u7528\u6237\u672a\u70b9\u8bc4\uff0c\u7cfb\u7edf\u9ed8\u8ba4\u597d\u8bc4\u3002"", ""date"": ""2024-01-10"", ""score"": 5, ""commentId"": ""231011335"", ""imgs"": [], ""userNickName"": ""p*3"", ""replyCityName"": """", ""cityName"": """"}, {""author"": ""n*2"", ""content"": ""\u7528\u6237\u672a\u70b9\u8bc4\uff0c\u7cfb\u7edf\u9ed8\u8ba4\u597d\u8bc4\u3002"", ""date"": ""2023-06-03"", ""score"": 5, ""commentId"": ""226094227"", ""imgs"": [], ""userNickName"": ""n*2"", ""replyCityName"": """", ""cityName"": """"}, {""author"": ""\u53bb*\u6237"", ""content"": ""\u7528\u6237\u672a\u70b9\u8bc4\uff0c\u7cfb\u7edf\u9ed8\u8ba4\u597d\u8bc4\u3002"", ""date"": ""2023-03-04"", ""score"": 5, ""commentId"": ""224609288"", ""imgs"": [], ""userNickName"": ""\u53bb*\u6237"", ""replyCityName"": """", ""cityName"": """"}, {""author"": ""A*\u937e"", ""content"": ""\u7528\u6237\u672a\u70b9\u8bc4\uff0c\u7cfb\u7edf\u9ed8\u8ba4\u597d\u8bc4\u3002"", ""date"": ""2023-02-27"", ""score"": 5, ""commentId"": ""224481168"", ""imgs"": [], ""userNickName"": ""A*\u937e"", ""replyCityName"": """", ""cityName"": """"}, {""author"": ""h*7"", ""content"": ""\u7528\u6237\u672a\u70b9\u8bc4\uff0c\u7cfb\u7edf\u9ed8\u8ba4\u597d\u8bc4\u3002"", ""date"": ""2023-02-22"", ""score"": 5, ""commentId"": ""224235841"", ""imgs"": [], ""userNickName"": ""h*7"", ""replyCityName"": """", ""cityName"": """"}, {""author"": ""3*2"", ""content"": ""\u7528\u6237\u672a\u70b9\u8bc4\uff0c\u7cfb\u7edf\u9ed8\u8ba4\u597d\u8bc4\u3002"", ""date"": ""2022-06-22"", ""score"": 5, ""commentId"": ""222449259"", ""imgs"": [], ""userNickName"": ""3*2"", ""replyCityName"": """", ""cityName"": """"}, {""author"": ""t*1"", ""content"": ""\u7528\u6237\u672a\u70b9\u8bc4\uff0c\u7cfb\u7edf\u9ed8\u8ba4\u597d\u8bc4\u3002"", ""date"": ""2022-06-02"", ""score"": 5, ""commentId"": ""222391998"", ""imgs"": [], ""userNickName"": ""t*1"", ""replyCityName"": """", ""cityName"": """"}], ""score"": 5.0, ""commentCount"": 17}, ""statusCode"": 200}"
凌霄岩,https://qimgs.qunarzz.com/piao_qsight_provider_piao_qsight_web/0104o120008s78hip58A1_C_900_504.jpg_280x200_de094e9b.jpg,阳江市,阳春市,阳江市阳春市河朗镇198乡道,652,4.8,造访天然溶洞景观,https://piao.qunar.com/ticket/detail_606695383.html?st=a3clM0QlRTklOTglQjMlRTYlOTglQTUlRTUlQjglODIlMjZpZCUzRDM3NDglMjZ0eXBlJTNEMCUyNmlkeCUzRDIlMjZxdCUzRCUyNmFwayUzRDIlMjZzYyUzRFdXVyUyNnVyJTNEJUU0JUI4JUFEJUU1JUIxJUIxJTI2bHIlM0QlRTQlQjglQUQlRTUlQjElQjElMjZmdCUzRCU3QiU3RA%3D%3D#from=mpl_search_suggest,42.8,4A景区,凌霄岩在县城东北六十公里处。岩洞分正岩、东岩、西岩三个部分，总面积近三万平方米，各岩有大小洞无数，层次繁多。正岩一处，便有三层九个洞厅。石钟乳甚为壮观。其中凌霄厅宽达二十米，高七十余米。厅内竦立着40座高大如莲花塔般的石柱，置身其间，如入雄伟宫殿。岩内岩外河流交错互通，泛舟进出别有风趣。,1/1-12/31；周一至周日；08:30-17:00开园,https://qimgs.qunarzz.com/piao_qsight_provider_piao_qsight_web/0104o120008s78hip58A1_C_900_504.jpg_710x360_d23577d4.jpg〇https://qimgs.qunarzz.com/piao_qsight_provider_piao_qsight_web/0105t120008s786ut17E3_C_900_504_Q90_Mtg_7.jpg_710x360_2e42f4fb.jpg〇https://qimgs.qunarzz.com/piao_qsight_provider_piao_qsight_web/0102l120008s77tpy9C40_C_900_504_Q90_Mtg_7.jpg_710x360_1d9e7f3e.jpg〇https://qimgs.qunarzz.com/piao_qsight_provider_piao_qsight_web/01029120008s78jms93B7_C_900_504_Q90_Mtg_7.jpg_710x360_057f6a38.jpg〇https://qimgs.qunarzz.com/piao_qsight_provider_piao_qsight_web/0100n120008s784jm00B8_C_900_504_Q90_Mtg_7.jpg_710x360_0b7e1774.jpg〇https://qimgs.qunarzz.com/piao_qsight_provider_piao_qsight_web/0105c120008s78j0xE0B5_C_900_504_Q90_Mtg_7.jpg_710x360_f54072b6.jpg〇https://qimgs.qunarzz.com/piao_qsight_provider_piao_qsight_web/0103d120008s784k5DAA8_C_900_504_Q90_Mtg_7.jpg_710x360_0b62af4b.jpg〇https://qimgs.qunarzz.com/piao_qsight_provider_piao_qsight_web/0100q120008s789zhA12A_C_900_504_Q90_Mtg_7.jpg_710x360_9d210b9f.jpg〇https://qimgs.qunarzz.com/piao_qsight_provider_piao_qsight_web/0105x120008s784jc1417_C_900_504_Q90_Mtg_7.jpg_710x360_fff2ccf2.jpg〇https://qimgs.qunarzz.com/piao_qsight_provider_piao_qsight_web/0102a120008s786ux6D4F_C_900_504_Q90_Mtg_7.jpg_710x360_1a2415e9.jpg〇https://qimgs.qunarzz.com/piao_qsight_provider_piao_qsight_web/0104o120008s78hip58A1_C_900_504_Q90_Mtg_7.jpg_710x360_e57205dc.jpg〇https://imgs.qunarzz.com/sight/p0/1408/18/3271ed6c22f9ac4b5d1530205af51b17.jpg_710x360_2091055b.jpg〇https://imgs.qunarzz.com/sight/p0/1408/18/f2fad3e525c7d30cb8c273ab03210668.jpg_710x360_513ecda6.jpg〇https://imgs.qunarzz.com/sight/p0/201402/20/7a49d2968c41c101ba3ac1ea8107a793.jpg_710x360_4f38a2f3.jpg〇https://imgs.qunarzz.com/sight/p0/201402/20/3af7a7db1f0bb8d1e1f5fa65087ba0a9.jpg_710x360_60a0098a.jpg〇https://qimgs.qunarzz.com/piao_qsight_provider_piao_qsight_web/04fa8b9e2db77237.jpg_710x360_93193046.jpg〇https://qimgs.qunarzz.com/piao_qsight_provider_piao_qsight_web/4cbeb02cdffcceb27a9fbae1d30870c5.jpg_710x360_636bac9d.jpg〇https://qimgs.qunarzz.com/piao_qsight_provider_piao_qsight_web/88ee13d3f7ef6557ab09a89bbccb02c8.jpg_710x360_dbcf1ed0.jpg〇https://qimgs.qunarzz.com/piao_qsight_provider_piao_qsight_web/aa4432eecff8c7a4e97ebf4cfefba022.jpg_710x360_f62de2bb.jpg〇https://qimgs.qunarzz.com/piao_qsight_provider_piao_qsight_web/8d73bee682fd1448f49f2ec957b5f7a6.jpg_710x360_c242dcfb.jpg〇https://qimgs.qunarzz.com/piao_qsight_provider_piao_qsight_web/7c5f12654736cfb056ef488076f1deed.jpg_710x360_2b1432e9.jpg〇https://qimgs.qunarzz.com/piao_qsight_provider_piao_qsight_web/2992d6b702834d74c25a7b635e1967ad.jpg_710x360_a51be612.jpg〇https://qimgs.qunarzz.com/piao_qsight_provider_piao_qsight_web/956106e3b6cf91f4db877a36450e927b.jpg_710x360_dd735d2e.jpg〇https://qimgs.qunarzz.com/piao_qsight_provider_piao_qsight_web/7869f12967d5273071360ebe2826eda1.jpg_710x360_0e020b4e.jpg〇https://qimgs.qunarzz.com/piao_qsight_provider_piao_qsight_web/d6b64d62039d6ac340b202877d76d5cd.jpg_710x360_07fa64a9.jpg〇https://qimgs.qunarzz.com/piao_qsight_provider_piao_qsight_web/51fa725940f22426642f149113185485.jpg_710x360_47a622b5.jpg〇https://qimgs.qunarzz.com/piao_qsight_provider_piao_qsight_web/3740c7c8d3f1af88417368df5aa9abb8.jpg_710x360_5fe3ffe9.jpg〇https://qimgs.qunarzz.com/piao_qsight_provider_piao_qsight_web/584bc63800eaef9132f4110188ec5a96.jpg_710x360_614ff169.jpg〇https://qimgs.qunarzz.com/piao_qsight_provider_piao_qsight_web/4fd119d7656d15b07b9a4ba63d077e16.jpg_710x360_9e0e2c09.jpg〇https://qimgs.qunarzz.com/piao_qsight_provider_piao_qsight_web/4d6ebf128d2e9f769ef215fdd90d49c4.jpg_710x360_70575705.jpg〇https://qimgs.qunarzz.com/piao_qsight_provider_piao_qsight_web/934d396875962e9ff21ea0baa24809e3.jpg_710x360_49ccf831.jpg〇https://qimgs.qunarzz.com/piao_qsight_provider_piao_qsight_web/85db32be4b4c39b8a8ace5d17566e0d3.jpg_710x360_d20bf48a.jpg〇https://qimgs.qunarzz.com/piao_qsight_provider_piao_qsight_web/00055af1d2246a5279dfd0b1dc05da2a.jpg_710x360_beb63cdd.jpg〇https://qimgs.qunarzz.com/piao_qsight_provider_piao_qsight_web/318d92581ab061e5386a8db50f8544b3.jpg_710x360_87a56486.jpg〇https://qimgs.qunarzz.com/piao_qsight_provider_piao_qsight_web/750b987619577483a379e7ea1f02e9a9.jpg_710x360_c2e4dd52.jpg,"{""ret"": true, ""data"": {""tagList"": [{""tagType"": 3, ""tagScore"": 5, ""tagNum"": 9, ""tagName"": ""\u5dee\u8bc4""}, {""tagType"": 2, ""tagScore"": 5, ""tagNum"": 10, ""tagName"": ""\u4e2d\u8bc4""}, {""tagType"": 1, ""tagScore"": 5, ""tagNum"": 628, ""tagName"": ""\u597d\u8bc4""}, {""tagType"": 0, ""tagScore"": 5, ""tagNum"": 652, ""tagName"": ""\u5168\u90e8""}], ""commentList"": [{""author"": ""\u53bb*\u6237"", ""content"": ""\u7528\u6237\u672a\u70b9\u8bc4\uff0c\u7cfb\u7edf\u9ed8\u8ba4\u597d\u8bc4\u3002"", ""date"": ""2024-12-24"", ""score"": 5, ""commentId"": ""239350627"", ""imgs"": [], ""userNickName"": ""\u53bb*\u6237"", ""replyCityName"": """", ""cityName"": """"}, {""author"": ""\u53bb*\u6237"", ""content"": ""\u7528\u6237\u672a\u70b9\u8bc4\uff0c\u7cfb\u7edf\u9ed8\u8ba4\u597d\u8bc4\u3002"", ""date"": ""2024-12-24"", ""score"": 5, ""commentId"": ""239344229"", ""imgs"": [], ""userNickName"": ""\u53bb*\u6237"", ""replyCityName"": """", ""cityName"": """"}, {""author"": ""\u53bb*\u6237"", ""content"": ""\u7528\u6237\u672a\u70b9\u8bc4\uff0c\u7cfb\u7edf\u9ed8\u8ba4\u597d\u8bc4\u3002"", ""date"": ""2024-12-18"", ""score"": 5, ""commentId"": ""239287176"", ""imgs"": [], ""userNickName"": ""\u53bb*\u6237"", ""replyCityName"": """", ""cityName"": """"}, {""author"": ""A*n"", ""content"": ""\u7528\u6237\u672a\u70b9\u8bc4\uff0c\u7cfb\u7edf\u9ed8\u8ba4\u597d\u8bc4\u3002"", ""date"": ""2024-12-18"", ""score"": 5, ""commentId"": ""239284033"", ""imgs"": [], ""userNickName"": ""A*n"", ""replyCityName"": """", ""cityName"": """"}, {""author"": ""\u53bb*\u6237"", ""content"": ""\u7528\u6237\u672a\u70b9\u8bc4\uff0c\u7cfb\u7edf\u9ed8\u8ba4\u597d\u8bc4\u3002"", ""date"": ""2024-12-18"", ""score"": 5, ""commentId"": ""239281719"", ""imgs"": [], ""userNickName"": ""\u53bb*\u6237"", ""replyCityName"": """", ""cityName"": """"}, {""author"": ""\u53bb*\u6237"", ""content"": ""\u7528\u6237\u672a\u70b9\u8bc4\uff0c\u7cfb\u7edf\u9ed8\u8ba4\u597d\u8bc4\u3002"", ""date"": ""2024-12-18"", ""score"": 5, ""commentId"": ""239280728"", ""imgs"": [], ""userNickName"": ""\u53bb*\u6237"", ""replyCityName"": """", ""cityName"": """"}, {""author"": ""\u53bb*\u6237"", ""content"": ""\u7528\u6237\u672a\u70b9\u8bc4\uff0c\u7cfb\u7edf\u9ed8\u8ba4\u597d\u8bc4\u3002"", ""date"": ""2024-12-18"", ""score"": 5, ""commentId"": ""239280419"", ""imgs"": [], ""userNickName"": ""\u53bb*\u6237"", ""replyCityName"": """", ""cityName"": """"}, {""author"": ""\u53bb*\u6237"", ""content"": ""\u7528\u6237\u672a\u70b9\u8bc4\uff0c\u7cfb\u7edf\u9ed8\u8ba4\u597d\u8bc4\u3002"", ""date"": ""2024-12-18"", ""score"": 5, ""commentId"": ""239278598"", ""imgs"": [], ""userNickName"": ""\u53bb*\u6237"", ""replyCityName"": """", ""cityName"": """"}, {""author"": ""v*4"", ""content"": ""\u7528\u6237\u672a\u70b9\u8bc4\uff0c\u7cfb\u7edf\u9ed8\u8ba4\u597d\u8bc4\u3002"", ""date"": ""2024-12-17"", ""score"": 5, ""commentId"": ""239255415"", ""imgs"": [], ""userNickName"": ""v*4"", ""replyCityName"": """", ""cityName"": """"}, {""author"": ""\u53bb*\u6237"", ""content"": ""\u7528\u6237\u672a\u70b9\u8bc4\uff0c\u7cfb\u7edf\u9ed8\u8ba4\u597d\u8bc4\u3002"", ""date"": ""2024-12-05"", ""score"": 5, ""commentId"": ""239106294"", ""imgs"": [], ""userNickName"": ""\u53bb*\u6237"", ""replyCityName"": """", ""cityName"": """"}], ""score"": 4.8, ""commentCount"": 652}, ""statusCode"": 200}"
月亮湾滨海度假区,https://qimgs.qunarzz.com/piao_qsight_provider_piao_qsight_web/0102a1200085ez1taEA12_C_900_504.jpg_280x200_58580429.jpg,阳江市,阳西县,广东省阳江市阳西县282省道e区2号楼,56,5.0,踏浪戏沙享迷人海岸线,https://piao.qunar.com/ticket/detail_3596071186.html?st=a3clM0QlRTklOTglQjMlRTglQTUlQkYlRTUlOEUlQkYlMjZpZCUzRDQ2MjA2MyUyNnR5cGUlM0QwJTI2aWR4JTNENSUyNnF0JTNEJTI2YXBrJTNEMiUyNnNjJTNEV1dXJTI2dXIlM0QlRTQlQjglQUQlRTUlQjElQjElMjZsciUzRCVFNCVCOCVBRCVFNSVCMSVCMSUyNmZ0JTNEJTdCJTdE#from=mpl_search_suggest,-1.0,N/A,月亮湾位于广东省阳西县沙扒镇，拥有绵长8公里海滩；坡缓、水清、沙如玉，宛如一弯新月，故名。月亮湾海水，达到A级沐浴水平。水温冬暖夏凉，盐度高、无污染，具有杀菌消炎，有益皮肤健康的*能。 月亮湾依山傍海，远离喧哗，松林茂密，礁石奇立，旅游资源丰富，素有“东方夏威夷”，“中国马尔代夫”之称。是一幅天然的滨海风景画!,1/1-12/31；周一至周日；08:00-18:00开园,https://qimgs.qunarzz.com/piao_qsight_provider_piao_qsight_web/0102a1200085ez1taEA12_C_900_504.jpg_710x360_07551d12.jpg〇https://qimgs.qunarzz.com/piao_qsight_provider_piao_qsight_web/0102h1200086qqp3vCFA0_C_900_504_Q90_Mtg_7.jpg_710x360_ab059378.jpg〇https://qimgs.qunarzz.com/piao_qsight_provider_piao_qsight_web/0102a1200085ez1taEA12_C_900_504_Q90_Mtg_7.jpg_710x360_d0d6d0a3.jpg〇https://qimgs.qunarzz.com/piao_qsight_provider_piao_qsight_web/fee71e27143127179c1366f9de42cebd.jpg_710x360_6bd912bd.jpg〇https://qimgs.qunarzz.com/piao_qsight_provider_piao_qsight_web/152b5804c6cfbf699ff400a2a34cc837.jpg_710x360_a81595c4.jpg〇https://qimgs.qunarzz.com/piao_qsight_provider_piao_qsight_web/3cb042b6091f19b5.jpg_710x360_c9faf88a.jpg〇https://qimgs.qunarzz.com/piao_qsight_provider_piao_qsight_web/7b9f8e8eee89b8b5.jpg_710x360_db30e167.jpg〇https://qimgs.qunarzz.com/piao_qsight_provider_piao_qsight_web/8e1dc38d7c90c2b5.jpg_710x360_512cb8c2.jpg〇https://qimgs.qunarzz.com/piao_qsight_provider_piao_qsight_web/46a09432656a78b5.jpg_710x360_74e147f4.jpg〇https://qimgs.qunarzz.com/piao_qsight_provider_piao_qsight_web/0ad5fc8bccab0c37.jpg_710x360_a2ddef24.jpg〇https://qimgs.qunarzz.com/piao_qsight_provider_piao_qsight_web/65aa94f7e8bf0.jpg_710x360_17701d5a.jpg〇https://qimgs.qunarzz.com/piao_qsight_provider_piao_qsight_web/de58dfb1896c31.jpg_710x360_c73e59b9.jpg〇https://qimgs.qunarzz.com/piao_qsight_provider_piao_qsight_web/a0bb7d6d009945.jpg_710x360_eee5d6b5.jpg〇https://qimgs.qunarzz.com/piao_qsight_provider_piao_qsight_web/0b028c464d643a.jpg_710x360_2f15637c.jpg,"{""ret"": true, ""data"": {""tagList"": [{""tagType"": 1, ""tagScore"": 5, ""tagNum"": 56, ""tagName"": ""\u597d\u8bc4""}, {""tagType"": 0, ""tagScore"": 5, ""tagNum"": 56, ""tagName"": ""\u5168\u90e8""}], ""commentList"": [{""author"": ""\u9ece*\u598d"", ""content"": ""\u7528\u6237\u672a\u70b9\u8bc4\uff0c\u7cfb\u7edf\u9ed8\u8ba4\u597d\u8bc4\u3002"", ""date"": ""2024-11-04"", ""score"": 5, ""commentId"": ""238392692"", ""imgs"": [], ""userNickName"": ""\u9ece*\u598d"", ""replyCityName"": """", ""cityName"": """"}, {""author"": ""\u53bb*\u6237"", ""content"": ""\u7528\u6237\u672a\u70b9\u8bc4\uff0c\u7cfb\u7edf\u9ed8\u8ba4\u597d\u8bc4\u3002"", ""date"": ""2024-11-03"", ""score"": 5, ""commentId"": ""238256432"", ""imgs"": [], ""userNickName"": ""\u53bb*\u6237"", ""replyCityName"": """", ""cityName"": """"}, {""author"": ""\u53bb*\u6237"", ""content"": ""\u7528\u6237\u672a\u70b9\u8bc4\uff0c\u7cfb\u7edf\u9ed8\u8ba4\u597d\u8bc4\u3002"", ""date"": ""2024-11-03"", ""score"": 5, ""commentId"": ""238204824"", ""imgs"": [], ""userNickName"": ""\u53bb*\u6237"", ""replyCityName"": """", ""cityName"": """"}, {""author"": ""\u53bb*\u6237"", ""content"": ""\u7528\u6237\u672a\u70b9\u8bc4\uff0c\u7cfb\u7edf\u9ed8\u8ba4\u597d\u8bc4\u3002"", ""date"": ""2024-09-25"", ""score"": 5, ""commentId"": ""237262637"", ""imgs"": [], ""userNickName"": ""\u53bb*\u6237"", ""replyCityName"": """", ""cityName"": """"}, {""author"": ""\u53bb*\u6237"", ""content"": ""\u7528\u6237\u672a\u70b9\u8bc4\uff0c\u7cfb\u7edf\u9ed8\u8ba4\u597d\u8bc4\u3002"", ""date"": ""2024-09-25"", ""score"": 5, ""commentId"": ""237262471"", ""imgs"": [], ""userNickName"": ""\u53bb*\u6237"", ""replyCityName"": """", ""cityName"": """"}, {""author"": ""\u53bb*\u6237"", ""content"": ""\u7528\u6237\u672a\u70b9\u8bc4\uff0c\u7cfb\u7edf\u9ed8\u8ba4\u597d\u8bc4\u3002"", ""date"": ""2024-09-25"", ""score"": 5, ""commentId"": ""237245324"", ""imgs"": [], ""userNickName"": ""\u53bb*\u6237"", ""replyCityName"": """", ""cityName"": """"}, {""author"": ""\u9f99*r"", ""content"": ""\u7528\u6237\u672a\u70b9\u8bc4\uff0c\u7cfb\u7edf\u9ed8\u8ba4\u597d\u8bc4\u3002"", ""date"": ""2024-09-13"", ""score"": 5, ""commentId"": ""236715865"", ""imgs"": [], ""userNickName"": ""\u9f99*r"", ""replyCityName"": """", ""cityName"": """"}, {""author"": ""\u53bb*\u6237"", ""content"": ""\u7528\u6237\u672a\u70b9\u8bc4\uff0c\u7cfb\u7edf\u9ed8\u8ba4\u597d\u8bc4\u3002"", ""date"": ""2024-08-08"", ""score"": 5, ""commentId"": ""235341503"", ""imgs"": [], ""userNickName"": ""\u53bb*\u6237"", ""replyCityName"": """", ""cityName"": """"}, {""author"": ""\u53bb*\u6237"", ""content"": ""\u7528\u6237\u672a\u70b9\u8bc4\uff0c\u7cfb\u7edf\u9ed8\u8ba4\u597d\u8bc4\u3002"", ""date"": ""2024-08-07"", ""score"": 5, ""commentId"": ""235320028"", ""imgs"": [], ""userNickName"": ""\u53bb*\u6237"", ""replyCityName"": """", ""cityName"": """"}, {""author"": ""\u53bb*\u6237"", ""content"": ""\u7528\u6237\u672a\u70b9\u8bc4\uff0c\u7cfb\u7edf\u9ed8\u8ba4\u597d\u8bc4\u3002"", ""date"": ""2024-08-06"", ""score"": 5, ""commentId"": ""235287473"", ""imgs"": [], ""userNickName"": ""\u53bb*\u6237"", ""replyCityName"": """", ""cityName"": """"}], ""score"": 5.0, ""commentCount"": 56}, ""statusCode"": 200}"
沙扒湾,https://qimgs.qunarzz.com/piao_qsight_provider_piao_qsight_web/010411200086yl8et2438_C_900_504.jpg_280x200_b12348ff.jpg,阳江市,阳西县,广东省阳江市阳西县沙扒镇海滨东四巷三号,1068,4.5,小镇天然海滨浴场,https://piao.qunar.com/ticket/detail_97024739.html?st=a3clM0QlRTklOTglQjMlRTglQTUlQkYlRTUlOEUlQkYlMjZpZCUzRDE5NTklMjZ0eXBlJTNEMCUyNmlkeCUzRDQlMjZxdCUzRCUyNmFwayUzRDIlMjZzYyUzRFdXVyUyNnVyJTNEJUU0JUI4JUFEJUU1JUIxJUIxJTI2bHIlM0QlRTQlQjglQUQlRTUlQjElQjElMjZmdCUzRCU3QiU3RA%3D%3D#from=mpl_search_suggest,500.0,N/A,沙扒湾位于阳江地区阳西县沙扒镇，有中国的“马尔代夫”之称。它头枕风光秀丽的北仔岭，面向浩瀚的南海。包括沙扒海滨、月亮湾、青洲岛和白额岭等景点。这里，湾似虹，沙如玉，岸边绿林含翠，海面碧波粼粼，是一个理想的天然浴场。沙扒湾海岸线长2公里，由于住宿接待酒店少，规模较小，外来旅游人数有限，因此这里没有其他海滩的喧哗，2公里长的海岸线上可能只留下你一个人长长的脚印。岸边马尾松林带7万多平方米，绿树成荫。沙扒湾的海滩是自由出入的，离镇中心步行也只需十五分钟。如果住在海韵居酒店，可在房间换好泳装直接前往海边。青洲岛在沙扒湾的对面，须乘豪华游艇前往。青洲岛周围生态保存得非常好，海水清澈、海产丰富。在这里可以畅游清澈的海水，抓海胆、海参，还可以捡五彩的鹅卵石。傍晚坐在沙滩边上的餐厅，吹着海风，看着日落，品着真正的海鲜，写意非常。晚饭后漫步往古朴的渔村，看着坐在家门织网的渔家妇女，感受粤西渔村的祥和生活。散步后返回沙滩上，又看到另一番热闹：当地村民三五知己地坐在沙滩上喝着啤酒，听着涛声，数着星星，欣赏着远处阳西新八景之一的“青洲渔火”，还有偶尔天空上璀璨的烟花……。,1/1-12/31；周一至周日；07:00-19:30开园,https://qimgs.qunarzz.com/piao_qsight_provider_piao_qsight_web/010411200086yl8et2438_C_900_504.jpg_710x360_539b7e6e.jpg〇https://qimgs.qunarzz.com/piao_qsight_provider_piao_qsight_web/01061120008bxzf4k584B_C_900_504_Q90_Mtg_7.jpg_710x360_a56482cf.jpg〇https://qimgs.qunarzz.com/piao_qsight_provider_piao_qsight_web/01052120008qixf4149C9_C_900_504_Q90_Mtg_7.jpg_710x360_204d7235.jpg〇https://qimgs.qunarzz.com/piao_qsight_provider_piao_qsight_web/0104e120008k48jmzB043_C_900_504_Q90_Mtg_7.jpg_710x360_2b7ecb70.jpg〇https://qimgs.qunarzz.com/piao_qsight_provider_piao_qsight_web/0106d120008qixk5z3290_C_900_504_Q90_Mtg_7.jpg_710x360_d4a3b62b.jpg〇https://qimgs.qunarzz.com/piao_qsight_provider_piao_qsight_web/0100j1200086ykv53ED3E_C_900_504_Q90_Mtg_7.jpg_710x360_771acd5d.jpg〇https://qimgs.qunarzz.com/piao_qsight_provider_piao_qsight_web/0102m120008qixonfBB0D_C_900_504_Q90_Mtg_7.jpg_710x360_0a84972a.jpg〇https://qimgs.qunarzz.com/piao_qsight_provider_piao_qsight_web/0103j120008qix5ew38B2_C_900_504_Q90_Mtg_7.jpg_710x360_dbe03d83.jpg〇https://qimgs.qunarzz.com/piao_qsight_provider_piao_qsight_web/0104g120008qix34uCB80_C_900_504_Q90_Mtg_7.jpg_710x360_4bdeda61.jpg〇https://qimgs.qunarzz.com/piao_qsight_provider_piao_qsight_web/0105a120008qixiu07B03_C_900_504_Q90_Mtg_7.jpg_710x360_12ab3d26.jpg〇https://qimgs.qunarzz.com/piao_qsight_provider_piao_qsight_web/010411200086yl8et2438_C_900_504_Q90_Mtg_7.jpg_710x360_4a60e217.jpg〇https://imgs.qunarzz.com/sight/p0/201307/15/a875c7238af0c137c8d65eac.jpg_710x360_519e25c3.jpg〇https://imgs.qunarzz.com/sight/p0/201307/15/ac3ae883f35a7533c8d65eac.jpg_710x360_fca614e3.jpg〇https://imgs.qunarzz.com/sight/p0/201307/15/a597e7707dc2b5a8c8d65eac.jpg_710x360_3af2caca.jpg〇https://imgs.qunarzz.com/sight/p0/201307/15/c5ccd5f7366e71d8c8d65eac.jpg_710x360_3a2110f4.jpg〇https://imgs.qunarzz.com/sight/p0/201307/15/d56d10b4a661987dc8d65eac.jpg_710x360_cf09fce1.jpg〇https://imgs.qunarzz.com/sight/p0/1505/78/78ada88c5d547a20.water.jpg_710x360_6a6b61a1.jpg〇https://imgs.qunarzz.com/sight/p0/1508/7e/8137a8a0dbec2a03370b5e2887dd0f01.water.jpg_710x360_68c3eec8.jpg〇https://imgs.qunarzz.com/sight/p0/1508/4d/d13611754919d407797b55e312c0d012.water.jpg_710x360_affc067e.jpg〇https://qimgs.qunarzz.com/piao_qsight_provider_piao_qsight_web/f845b2c00bd877e8ddb12cfb.jpg_710x360_52951bcf.jpg〇https://qimgs.qunarzz.com/piao_qsight_provider_piao_qsight_web/c0e6bb6bc4b683.jpg_710x360_e4585d81.jpg〇https://qimgs.qunarzz.com/piao_qsight_provider_piao_qsight_web/739a815b58851683ddb12cfb.jpg_710x360_8e341ea6.jpg〇https://qimgs.qunarzz.com/piao_qsight_provider_piao_qsight_web/11cc127645fd05.jpg_710x360_17dba135.jpg〇https://qimgs.qunarzz.com/piao_qsight_provider_piao_qsight_web/81f12bb3c799c1abddb12cfb.jpg_710x360_5d539e97.jpg〇https://qimgs.qunarzz.com/piao_qsight_provider_piao_qsight_web/725c26a3ad6180.jpg_710x360_bc469c58.jpg〇https://qimgs.qunarzz.com/piao_qsight_provider_piao_qsight_web/c30f9a4aae788e43847c599980f1a1b1.jpg_710x360_c4d7d5a9.jpg〇https://qimgs.qunarzz.com/piao_qsight_provider_piao_qsight_web/963db403caec0239397a77b333eba4d1.jpg_710x360_c431af6f.jpg〇https://qimgs.qunarzz.com/piao_qsight_provider_piao_qsight_web/194bc7d58023f361da19abc7d90c5964.jpg_710x360_728e6899.jpg〇https://qimgs.qunarzz.com/piao_qsight_provider_piao_qsight_web/5d1a577074fa0944cff4676b233862b4.jpg_710x360_a0a0a4a0.jpg〇https://qimgs.qunarzz.com/piao_qsight_provider_piao_qsight_web/b09aaf1f3b18bc9d43d6aec4d1fea703.jpg_710x360_6507d093.jpg〇https://qimgs.qunarzz.com/piao_qsight_provider_piao_qsight_web/5660abb6fc6717ed79268a61f648c098.jpg_710x360_cfda28f4.jpg〇https://qimgs.qunarzz.com/piao_qsight_provider_piao_qsight_web/8955e20adfbce4f4a5dffd4761dbc947.jpg_710x360_7471a51e.jpg〇https://qimgs.qunarzz.com/piao_qsight_provider_piao_qsight_web/e71288f996817d4398ee9be66b6b4e37.jpg_710x360_78fa8196.jpg〇https://qimgs.qunarzz.com/piao_qsight_provider_piao_qsight_web/7f547453f192b8237f29fe9e1bfb692d.jpg_710x360_937d00bd.jpg〇https://qimgs.qunarzz.com/piao_qsight_provider_piao_qsight_web/d0d9bc830f6c0d02.jpg_710x360_041850d9.jpg〇https://qimgs.qunarzz.com/piao_qsight_provider_piao_qsight_web/6cf1d1a0c01fba02.jpg_710x360_65d14eac.jpg〇https://qimgs.qunarzz.com/piao_qsight_provider_piao_qsight_web/1548195435450100psa152q0q65qz43AE0_D_640_10000.jpg_710x360_c9a5c0af.jpg〇https://qimgs.qunarzz.com/piao_qsight_provider_piao_qsight_web/1548195435160100osa1439xd02s3k6D8E_D_640_10000.jpg_710x360_8e25f752.jpg〇https://qimgs.qunarzz.com/piao_qsight_provider_piao_qsight_web/1548195434944100nsa133ttztzt801F9A_D_640_10000.jpg_710x360_bea5c3e5.jpg,"{""ret"": true, ""data"": {""tagList"": [{""tagType"": 32, ""tagScore"": 5, ""tagNum"": 15, ""tagName"": ""\u670d\u52a1\u597d""}, {""tagType"": 16, ""tagScore"": 5, ""tagNum"": 14, ""tagName"": ""\u9760\u8c31""}, {""tagType"": 8, ""tagScore"": 5, ""tagNum"": 27, ""tagName"": ""\u4fbf\u5b9c""}, {""tagType"": 4, ""tagScore"": 5, ""tagNum"": 36, ""tagName"": ""\u53d6\u7968\u65b9\u4fbf""}, {""tagType"": 3, ""tagScore"": 5, ""tagNum"": 16, ""tagName"": ""\u5dee\u8bc4""}, {""tagType"": 2, ""tagScore"": 5, ""tagNum"": 40, ""tagName"": ""\u4e2d\u8bc4""}, {""tagType"": 1, ""tagScore"": 5, ""tagNum"": 955, ""tagName"": ""\u597d\u8bc4""}, {""tagType"": 0, ""tagScore"": 5, ""tagNum"": 1068, ""tagName"": ""\u5168\u90e8""}], ""commentList"": [{""author"": ""\u53bb*\u6237"", ""content"": ""\u7528\u6237\u672a\u70b9\u8bc4\uff0c\u7cfb\u7edf\u9ed8\u8ba4\u597d\u8bc4\u3002"", ""date"": ""2024-10-16"", ""score"": 5, ""commentId"": ""237656963"", ""imgs"": [], ""userNickName"": ""\u53bb*\u6237"", ""replyCityName"": """", ""cityName"": """"}, {""author"": ""\u53bb*\u6237"", ""content"": ""\u7528\u6237\u672a\u70b9\u8bc4\uff0c\u7cfb\u7edf\u9ed8\u8ba4\u597d\u8bc4\u3002"", ""date"": ""2022-08-31"", ""score"": 5, ""commentId"": ""223034036"", ""imgs"": [], ""userNickName"": ""\u53bb*\u6237"", ""replyCityName"": """", ""cityName"": """"}, {""author"": ""\u53bb*\u6237"", ""content"": ""\u7528\u6237\u672a\u70b9\u8bc4\uff0c\u7cfb\u7edf\u9ed8\u8ba4\u597d\u8bc4\u3002"", ""date"": ""2021-09-19"", ""score"": 5, ""commentId"": ""220742849"", ""imgs"": [], ""userNickName"": ""\u53bb*\u6237"", ""replyCityName"": """", ""cityName"": """"}, {""author"": ""\u53bb*\u6237"", ""content"": ""\u7528\u6237\u672a\u70b9\u8bc4\uff0c\u7cfb\u7edf\u9ed8\u8ba4\u597d\u8bc4\u3002"", ""date"": ""2021-08-31"", ""score"": 5, ""commentId"": ""220620369"", ""imgs"": [], ""userNickName"": ""\u53bb*\u6237"", ""replyCityName"": """", ""cityName"": """"}, {""author"": ""d*4"", ""content"": ""\u7528\u6237\u672a\u70b9\u8bc4\uff0c\u7cfb\u7edf\u9ed8\u8ba4\u597d\u8bc4\u3002"", ""date"": ""2021-08-27"", ""score"": 5, ""commentId"": ""220559127"", ""imgs"": [], ""userNickName"": ""d*4"", ""replyCityName"": """", ""cityName"": """"}, {""author"": ""j*8"", ""content"": ""\u7528\u6237\u672a\u70b9\u8bc4\uff0c\u7cfb\u7edf\u9ed8\u8ba4\u597d\u8bc4\u3002"", ""date"": ""2021-08-16"", ""score"": 5, ""commentId"": ""220328332"", ""imgs"": [], ""userNickName"": ""j*8"", ""replyCityName"": """", ""cityName"": """"}, {""author"": ""\u90b9*\u575a"", ""content"": ""\u7528\u6237\u672a\u70b9\u8bc4\uff0c\u7cfb\u7edf\u9ed8\u8ba4\u597d\u8bc4\u3002"", ""date"": ""2021-06-15"", ""score"": 5, ""commentId"": ""219503304"", ""imgs"": [], ""userNickName"": ""\u90b9*\u575a"", ""replyCityName"": """", ""cityName"": """"}, {""author"": ""s*0"", ""content"": ""\u7528\u6237\u672a\u70b9\u8bc4\uff0c\u7cfb\u7edf\u9ed8\u8ba4\u597d\u8bc4\u3002"", ""date"": ""2021-06-14"", ""score"": 5, ""commentId"": ""219477290"", ""imgs"": [], ""userNickName"": ""s*0"", ""replyCityName"": """", ""cityName"": """"}, {""author"": ""k*0"", ""content"": ""\u7528\u6237\u672a\u70b9\u8bc4\uff0c\u7cfb\u7edf\u9ed8\u8ba4\u597d\u8bc4\u3002"", ""date"": ""2021-06-04"", ""score"": 5, ""commentId"": ""219316105"", ""imgs"": [], ""userNickName"": ""k*0"", ""replyCityName"": """", ""cityName"": """"}, {""author"": ""p*4"", ""content"": ""\u7528\u6237\u672a\u70b9\u8bc4\uff0c\u7cfb\u7edf\u9ed8\u8ba4\u597d\u8bc4\u3002"", ""date"": ""2021-06-03"", ""score"": 5, ""commentId"": ""219216895"", ""imgs"": [], ""userNickName"": ""p*4"", ""replyCityName"": """", ""cityName"": """"}], ""score"": 4.5, ""commentCount"": 1068}, ""statusCode"": 200}"
神话乐园,https://qimgs.qunarzz.com/piao_qsight_provider_piao_qsight_web/01030120009db6s1m5BF6_C_900_504.jpg_280x200_ea1f49f7.jpg,阳江市,阳西县,广东省阳江市阳西县月亮湾大道追光公寓西南侧约230米,2,5.0,沙扒月亮湾新建了一个神话游乐王国游乐场,https://piao.qunar.com/ticket/detail_3628335770.html?st=a3clM0QlRTklOTglQjMlRTglQTUlQkYlRTUlOEUlQkYlMjZpZCUzRDUxNDI5MyUyNnR5cGUlM0QwJTI2aWR4JTNEMyUyNnF0JTNEJTI2YXBrJTNEMiUyNnNjJTNEV1dXJTI2dXIlM0QlRTQlQjglQUQlRTUlQjElQjElMjZsciUzRCVFNCVCOCVBRCVFNSVCMSVCMSUyNmZ0JTNEJTdCJTdE#from=mpl_search_suggest,35.0,N/A,沙扒月亮湾新建了一个神话游乐王国游乐场,1/1-12/31；周一至周日；09:00-23:00开园,https://qimgs.qunarzz.com/piao_qsight_provider_piao_qsight_web/01030120009db6s1m5BF6_C_900_504.jpg_710x360_1db8aa12.jpg〇https://qimgs.qunarzz.com/piao_qsight_provider_piao_qsight_web/01019120009db6sfo630D_C_900_504_Q90_Mtg_7.jpg_710x360_77baf97c.jpg〇https://qimgs.qunarzz.com/piao_qsight_provider_piao_qsight_web/01049120009db6ihp4048_C_900_504_Q90_Mtg_7.jpg_710x360_6dbda24d.jpg〇https://qimgs.qunarzz.com/piao_qsight_provider_piao_qsight_web/0100p120009db6txgA362_C_900_504_Q90_Mtg_7.jpg_710x360_3439f4da.jpg〇https://qimgs.qunarzz.com/piao_qsight_provider_piao_qsight_web/0106x120009db6pbu1F00_C_900_504_Q90_Mtg_7.jpg_710x360_04c8011f.jpg〇https://qimgs.qunarzz.com/piao_qsight_provider_piao_qsight_web/01025120009db6sfp25B2_C_900_504_Q90_Mtg_7.jpg_710x360_a325eca2.jpg〇https://qimgs.qunarzz.com/piao_qsight_provider_piao_qsight_web/0106h120009db6v496598_C_900_504_Q90_Mtg_7.jpg_710x360_e86ea5ba.jpg〇https://qimgs.qunarzz.com/piao_qsight_provider_piao_qsight_web/0105a120009db6vceAEF3_C_900_504_Q90_Mtg_7.jpg_710x360_55000243.jpg〇https://qimgs.qunarzz.com/piao_qsight_provider_piao_qsight_web/01030120009db6s1m5BF6_C_900_504_Q90_Mtg_7.jpg_710x360_4f878cfa.jpg,"{""ret"": true, ""data"": {""tagList"": [{""tagType"": 1, ""tagScore"": 5, ""tagNum"": 2, ""tagName"": ""\u597d\u8bc4""}, {""tagType"": 0, ""tagScore"": 5, ""tagNum"": 2, ""tagName"": ""\u5168\u90e8""}], ""commentList"": [{""author"": ""\u53bb*\u6237"", ""content"": ""\u7528\u6237\u672a\u70b9\u8bc4\uff0c\u7cfb\u7edf\u9ed8\u8ba4\u597d\u8bc4\u3002"", ""date"": ""2022-11-02"", ""score"": 5, ""commentId"": ""223672453"", ""imgs"": [], ""userNickName"": ""\u53bb*\u6237"", ""replyCityName"": """", ""cityName"": """"}, {""author"": ""\u53bb*\u6237"", ""content"": ""\u7528\u6237\u672a\u70b9\u8bc4\uff0c\u7cfb\u7edf\u9ed8\u8ba4\u597d\u8bc4\u3002"", ""date"": ""2022-11-02"", ""score"": 5, ""commentId"": ""223672440"", ""imgs"": [], ""userNickName"": ""\u53bb*\u6237"", ""replyCityName"": """", ""cityName"": """"}], ""score"": 5.0, ""commentCount"": 2}, ""statusCode"": 200}"
阳西咸水矿温泉,https://qimgs.qunarzz.com/piao_qsight_provider_piao_qsight_web/0103b1200086usqe93145_C_900_504.jpg_280x200_e7f76517.jpg,阳江市,阳西县,阳江市阳西县生态开发区1号,1723,4.8,伴湖而生的温泉度假山庄,https://piao.qunar.com/ticket/detail_1272923522.html?st=a3clM0QlRTklOTglQjMlRTglQTUlQkYlRTUlOEUlQkYlMjZpZCUzRDMzMDI2JTI2dHlwZSUzRDAlMjZpZHglM0QxJTI2cXQlM0QlMjZhcGslM0QyJTI2c2MlM0RXV1clMjZ1ciUzRCVFNCVCOCVBRCVFNSVCMSVCMSUyNmxyJTNEJUU0JUI4JUFEJUU1JUIxJUIxJTI2ZnQlM0QlN0IlN0Q%3D#from=mpl_search_suggest,54.5,4A景区,阳西咸水矿温泉旅游度假山庄倚岭伴湖而生，是一家由广东省阳西县双飞高新科技发展有限责任公司投资，按高标准、高品位打造以咸水矿温泉为核心，集温泉养生、休闲保健、生态旅游以及完善的食、住、娱、购等配套设施于一体的的温泉养生旅游度假区。园林式的自然布局，小径通幽，果树婆娑，塑石飞瀑，亭台水榭，50多个大小不一，*能各异的公共温泉泡池宛若翡翠，星星点点，闪烁其间。分温泉鱼池、有氧浮浴池、波音能量池、脚底按摩池、枪林弹雨池、石板浴等。30多个浓情套间，一池一房，简约雅致，风情万种。东方园林艺术与全新养生温泉文化浑然天成，细微处尽显大师匠心灵感，古朴与浪漫宛若与生俱来……四季陶然，四季为你演绎美丽、快乐心情！,1/1-12/31；周一至周日；14:30-23:00开园,https://qimgs.qunarzz.com/piao_qsight_provider_piao_qsight_web/0103b1200086usqe93145_C_900_504.jpg_710x360_247d86e6.jpg〇https://qimgs.qunarzz.com/piao_qsight_provider_piao_qsight_web/0103b1200086usqe93145_C_900_504_Q90_Mtg_7.jpg_710x360_58dc81c0.jpg〇https://imgs.qunarzz.com/sight/p0/201403/07/ece996195930892bd461f30a209ab55e.jpg_710x360_e8f88df0.jpg〇https://imgs.qunarzz.com/sight/p0/201403/07/79d9f8c591138f94e6c3dd43f38a1f49.jpg_710x360_f1e3dd93.jpg〇https://imgs.qunarzz.com/sight/p0/201403/07/d87c34a93f212310e62f8cea48b6f057.jpg_710x360_f808be81.jpg,"{""ret"": true, ""data"": {""tagList"": [{""tagType"": 3, ""tagScore"": 5, ""tagNum"": 5, ""tagName"": ""\u5dee\u8bc4""}, {""tagType"": 2, ""tagScore"": 5, ""tagNum"": 38, ""tagName"": ""\u4e2d\u8bc4""}, {""tagType"": 1, ""tagScore"": 5, ""tagNum"": 1661, ""tagName"": ""\u597d\u8bc4""}, {""tagType"": 0, ""tagScore"": 5, ""tagNum"": 1723, ""tagName"": ""\u5168\u90e8""}, {""tagType"": 99, ""tagScore"": 5, ""tagNum"": 94, ""tagName"": ""\u73af\u5883\u4e0d\u9519""}, {""tagType"": 99, ""tagScore"": 5, ""tagNum"": 48, ""tagName"": ""\u670d\u52a1\u597d""}, {""tagType"": 99, ""tagScore"": 5, ""tagNum"": 39, ""tagName"": ""\u4f11\u95f2\u597d\u53bb\u5904""}], ""commentList"": [{""author"": ""t*0"", ""content"": ""\u7528\u6237\u672a\u70b9\u8bc4\uff0c\u7cfb\u7edf\u9ed8\u8ba4\u597d\u8bc4\u3002"", ""date"": ""2024-12-27"", ""score"": 5, ""commentId"": ""239388154"", ""imgs"": [], ""userNickName"": ""t*0"", ""replyCityName"": """", ""cityName"": """"}, {""author"": ""\u53bb*\u6237"", ""content"": ""\u7528\u6237\u672a\u70b9\u8bc4\uff0c\u7cfb\u7edf\u9ed8\u8ba4\u597d\u8bc4\u3002"", ""date"": ""2024-12-27"", ""score"": 5, ""commentId"": ""239386821"", ""imgs"": [], ""userNickName"": ""\u53bb*\u6237"", ""replyCityName"": """", ""cityName"": """"}, {""author"": ""s*9"", ""content"": ""\u7528\u6237\u672a\u70b9\u8bc4\uff0c\u7cfb\u7edf\u9ed8\u8ba4\u597d\u8bc4\u3002"", ""date"": ""2024-12-27"", ""score"": 5, ""commentId"": ""239386574"", ""imgs"": [], ""userNickName"": ""s*9"", ""replyCityName"": """", ""cityName"": """"}, {""author"": ""s*9"", ""content"": ""\u7528\u6237\u672a\u70b9\u8bc4\uff0c\u7cfb\u7edf\u9ed8\u8ba4\u597d\u8bc4\u3002"", ""date"": ""2024-12-27"", ""score"": 5, ""commentId"": ""239386568"", ""imgs"": [], ""userNickName"": ""s*9"", ""replyCityName"": """", ""cityName"": """"}, {""author"": ""\u53bb*\u6237"", ""content"": ""\u7528\u6237\u672a\u70b9\u8bc4\uff0c\u7cfb\u7edf\u9ed8\u8ba4\u597d\u8bc4\u3002"", ""date"": ""2024-12-25"", ""score"": 5, ""commentId"": ""239376923"", ""imgs"": [], ""userNickName"": ""\u53bb*\u6237"", ""replyCityName"": """", ""cityName"": """"}, {""author"": ""h*6"", ""content"": ""\u7528\u6237\u672a\u70b9\u8bc4\uff0c\u7cfb\u7edf\u9ed8\u8ba4\u597d\u8bc4\u3002"", ""date"": ""2024-12-24"", ""score"": 5, ""commentId"": ""239359113"", ""imgs"": [], ""userNickName"": ""h*6"", ""replyCityName"": """", ""cityName"": """"}, {""author"": ""\u53bb*\u6237"", ""content"": ""\u7528\u6237\u672a\u70b9\u8bc4\uff0c\u7cfb\u7edf\u9ed8\u8ba4\u597d\u8bc4\u3002"", ""date"": ""2024-12-24"", ""score"": 5, ""commentId"": ""239358747"", ""imgs"": [], ""userNickName"": ""\u53bb*\u6237"", ""replyCityName"": """", ""cityName"": """"}, {""author"": ""\u7eb8*\u8ff7"", ""content"": ""\u7528\u6237\u672a\u70b9\u8bc4\uff0c\u7cfb\u7edf\u9ed8\u8ba4\u597d\u8bc4\u3002"", ""date"": ""2024-12-24"", ""score"": 5, ""commentId"": ""239358368"", ""imgs"": [], ""userNickName"": ""\u7eb8*\u8ff7"", ""replyCityName"": """", ""cityName"": """"}, {""author"": ""\u7eb8*\u8ff7"", ""content"": ""\u7528\u6237\u672a\u70b9\u8bc4\uff0c\u7cfb\u7edf\u9ed8\u8ba4\u597d\u8bc4\u3002"", ""date"": ""2024-12-24"", ""score"": 5, ""commentId"": ""239357581"", ""imgs"": [], ""userNickName"": ""\u7eb8*\u8ff7"", ""replyCityName"": """", ""cityName"": """"}, {""author"": ""\u53bb*\u6237"", ""content"": ""\u7528\u6237\u672a\u70b9\u8bc4\uff0c\u7cfb\u7edf\u9ed8\u8ba4\u597d\u8bc4\u3002"", ""date"": ""2024-12-24"", ""score"": 5, ""commentId"": ""239357120"", ""imgs"": [], ""userNickName"": ""\u53bb*\u6237"", ""replyCityName"": """", ""cityName"": """"}], ""score"": 4.8, ""commentCount"": 1723}, ""statusCode"": 200}"
阳江伝心湾,https://imgs.qunarzz.com/sight/p0/2006/50/50cd24d6522066fda3.img.png_280x200_cc6f22b6.png,阳江市,江城区,广东省阳江市江城区海陵岛保利大道保利海陵岛度假村P区保利银滩游客中心,1,5.0,阳江保利伝心湾位于广东省阳江市海陵岛，风光毓秀，粗犷壮阔，保利银滩滩长8000米，平均宽150米，空气清新，沙质洁净均匀,https://piao.qunar.com/ticket/detail_438588879.html?st=a3clM0QlRTYlQjElOUYlRTUlOUYlOEUlRTUlOEMlQkElMjZpZCUzRDUwNzM0MyUyNnR5cGUlM0QwJTI2aWR4JTNEMjYlMjZxdCUzRCUyNmFwayUzRDIlMjZzYyUzRFdXVyUyNnVyJTNEJUU0JUI4JUFEJUU1JUIxJUIxJTI2bHIlM0QlRTQlQjglQUQlRTUlQjElQjElMjZmdCUzRCU3QiU3RA%3D%3D#from=mpl_search_suggest,-1.0,N/A,阳江保利伝心湾位于广东省阳江市海陵岛，风光毓秀，粗犷壮阔，保利银滩滩长8000米，平均宽150米，空气清新，沙质洁净均匀，水质清澈透明。设有帆船、潜水、游艇、水上垂钓等水上项目以及沙滩排球、足球等体育活动项目，是休闲度假好去处。,01/01-12/31；09:00-18:00开园,https://imgs.qunarzz.com/sight/p0/2006/50/50cd24d6522066fda3.img.png_710x360_46224b7f.png〇https://imgs.qunarzz.com/sight/p0/2006/a0/a0583c9c8d291606a3.img.jpg_710x360_8c9eab59.jpg〇https://imgs.qunarzz.com/sight/p0/2006/fe/fe53b9f90010a2baa3.img.jpg_710x360_3aa77e6b.jpg〇https://imgs.qunarzz.com/sight/p0/2006/82/820d57f51809bb5aa3.img.jpg_710x360_862a8b9d.jpg,"{""ret"": true, ""data"": {""tagList"": [{""tagType"": 1, ""tagScore"": 5, ""tagNum"": 1, ""tagName"": ""\u597d\u8bc4""}, {""tagType"": 0, ""tagScore"": 5, ""tagNum"": 1, ""tagName"": ""\u5168\u90e8""}], ""commentList"": [{""author"": ""\u53bb*\u6237"", ""content"": ""\u7528\u6237\u672a\u70b9\u8bc4\uff0c\u7cfb\u7edf\u9ed8\u8ba4\u597d\u8bc4\u3002"", ""date"": ""2022-11-13"", ""score"": 5, ""commentId"": ""223793277"", ""imgs"": [], ""userNickName"": ""\u53bb*\u6237"", ""replyCityName"": """", ""cityName"": """"}], ""score"": 5.0, ""commentCount"": 1}, ""statusCode"": 200}"
春湾风景区,https://qimgs.qunarzz.com/piao_qsight_provider_piao_qsight_web/0104r12000f6pxzhz75AA_C_900_504.jpg_280x200_e488ec0f.jpg,阳江市,阳春市,阳江市阳春市春湾外景影视基地旁,955,4.9,山峰奇秀的“小桂林”,https://piao.qunar.com/ticket/detail_1418906989.html?st=a3clM0QlRTklOTglQjMlRTYlOTglQTUlRTUlQjglODIlMjZpZCUzRDEwMTc3JTI2dHlwZSUzRDAlMjZpZHglM0QxJTI2cXQlM0QlMjZhcGslM0QyJTI2c2MlM0RXV1clMjZ1ciUzRCVFNCVCOCVBRCVFNSVCMSVCMSUyNmxyJTNEJUU0JUI4JUFEJUU1JUIxJUIxJTI2ZnQlM0QlN0IlN0Q%3D#from=mpl_search_suggest,33.0,4A景区,春湾景区位于春湾镇，含龙宫岩、春湾石林、通天蜡烛、慈云岩、通真岩五个景点。龙宫岩长1000多米，景色瑰丽，像传说中的海底龙宫。岩洞分四段：首段迎宾廊，“龙王水族”栩栩如生；二段龙王殿，惟妙惟肖；三段聚宝库，内有“镇宫宝塔”、“定海神针”、“金玉龙床”等宝物；四段龙母阁，“龙宫罗帐”、“龙女浴池”等形象逼真。洞内常年有清溪碧水。身历其境，你会惊叹造物主的鬼斧神工！春湾石林，也称“百页剑门”，从“百页剑门”进入，草地四周矗立着无数如刀似剑的石峰，高60多米，宽50多米，极其险峻奇特。珠江电影制片厂、香港亚洲电视台等这里先后拍摄了《岳飞》等30多部影视片。通天蜡烛位于春湾镇春湾公园湖畔，屹立在碧水莲荷之中的通天蜡烛，高近100米，底宽30米，是春湾石群中拔地擎天的园柱形奇峰。峰顶有一石突起，似烛蕊一般，因此叫做“通天蜡烛”。每到春夏之交，满山树木碧绿与水中莲荷晖映成趣，湖边泛舟垂钓，令客留连忘返.慈云岩慈云寺建于岩前高台上，内有天然大山洞，是阳春著名的古迹之一。前有“三圣”造像。殿后崖壁上的石刻题字有20余处，为清朝中叶至民国时所刻。通真岩又名“刘三妹歌台”，传说刘三姐在此传歌台升仙，故此地又叫“通真岩”。宋真宗御赐“通真”二字；有宋理学家周敦颐等题词。在通真岩旁边的小岩洞里，有一个很像妇女乳房的岩石，千百年来，不停地滴下泉水，当地人叫“地母之乳”，意为大地母亲的乳汁。据传有人用来了擦眼睛，有明目之效。,1/1-12/31；周一至周日；08:00-17:30开园,https://qimgs.qunarzz.com/piao_qsight_provider_piao_qsight_web/0104r12000f6pxzhz75AA_C_900_504.jpg_710x360_bf5c865f.jpg〇https://qimgs.qunarzz.com/piao_qsight_provider_piao_qsight_web/0104r12000f6pxzhz75AA_C_900_504_Q90_Mtg_7.jpg_710x360_ebefcc8c.jpg〇https://imgs.qunarzz.com/sight/p0/201403/07/0957baa88b1b122799643620181e6458.jpg_710x360_80f63c80.jpg〇https://imgs.qunarzz.com/sight/p0/201403/07/15cf24f03f5d808621beeb81088ef698.jpg_710x360_7f7c547b.jpg〇https://imgs.qunarzz.com/sight/p0/201403/07/b90b79ec7b342fd57784310fdc30b838.jpg_710x360_4ace259e.jpg〇https://imgs.qunarzz.com/sight/p0/201403/07/eaea94f833e485acb0f1f91ee85d2c28.jpg_710x360_3084fc38.jpg〇https://imgs.qunarzz.com/sight/p84/201211/08/4c1832ec4af1fc3b93835fbb.jpg_710x360_b00c03bd.jpg〇https://qimgs.qunarzz.com/piao_qsight_provider_piao_qsight_web/1e807549ee018a8458504c2c4ae88e9e.jpg_710x360_a37ca389.jpg〇https://qimgs.qunarzz.com/piao_qsight_provider_piao_qsight_web/8ca9a85e3fec32a68bb314cccda029a3.jpg_710x360_1369577e.jpg〇https://qimgs.qunarzz.com/piao_qsight_provider_piao_qsight_web/b127ae60691e48b66bae53c514e3f380.jpg_710x360_db23564f.jpg〇https://qimgs.qunarzz.com/piao_qsight_provider_piao_qsight_web/59a1c98ebf2bbc4515c7fe5fe13be36f.jpg_710x360_fd181328.jpg〇https://qimgs.qunarzz.com/piao_qsight_provider_piao_qsight_web/ed6a3258494f5d62f8b1802412e6e1cb.jpg_710x360_f074bc00.jpg〇https://qimgs.qunarzz.com/piao_qsight_provider_piao_qsight_web/afcb7faeebe3c2417dbb32b5eb70bd9d.jpg_710x360_186fb4d7.jpg〇https://qimgs.qunarzz.com/piao_qsight_provider_piao_qsight_web/579d7e4d98dd17b30f117cb62dec9d3e.jpg_710x360_399f889b.jpg〇https://qimgs.qunarzz.com/piao_qsight_provider_piao_qsight_web/724e576c935cbbafda6093525b8c028c.jpg_710x360_bffe1160.jpg〇https://qimgs.qunarzz.com/piao_qsight_provider_piao_qsight_web/3ab5f43e5b733f02.jpg_710x360_f4900ae0.jpg〇https://qimgs.qunarzz.com/piao_qsight_provider_piao_qsight_web/dc25f0d5246a9d02.jpg_710x360_ac091097.jpg〇https://qimgs.qunarzz.com/piao_qsight_provider_piao_qsight_web/ba8a49208d04fa02.jpg_710x360_3cf9b686.jpg〇https://qimgs.qunarzz.com/piao_qsight_provider_piao_qsight_web/fd7592df6c4af02.jpg_710x360_730732ca.jpg〇https://qimgs.qunarzz.com/piao_qsight_provider_piao_qsight_web/6b6e52b03c3eaf02.jpg_710x360_223cc31d.jpg〇https://qimgs.qunarzz.com/piao_qsight_provider_piao_qsight_web/15574837203111557406274728100p14000000vu55pFDD1D64010000jpgprocautoorient.jpg_710x360_a13c2587.jpg〇https://qimgs.qunarzz.com/piao_qsight_provider_piao_qsight_web/15574837202551557406274592100714000000wbozk708DD64010000jpgprocautoorient.jpg_710x360_91992f9b.jpg〇https://qimgs.qunarzz.com/piao_qsight_provider_piao_qsight_web/15574837201441557406274131100114000000w7xo8E511D64010000jpgprocautoorient.jpg_710x360_9f26326d.jpg〇https://qimgs.qunarzz.com/piao_qsight_provider_piao_qsight_web/15574837197701557406273899100n14000000vu2k44073D64010000jpgprocautoorient.jpg_710x360_6cedbb51.jpg〇https://qimgs.qunarzz.com/piao_qsight_provider_piao_qsight_web/15574837190791557406273612100v14000000w623iAF95D64010000jpgprocautoorient.jpg_710x360_13487635.jpg〇https://qimgs.qunarzz.com/piao_qsight_provider_piao_qsight_web/15574837189421557406273474100v14000000w623h9F76D64010000jpgprocautoorient.jpg_710x360_d3b778b1.jpg〇https://qimgs.qunarzz.com/piao_qsight_provider_piao_qsight_web/15574837188581557406273272100j14000000vuixa147BD64010000jpgprocautoorient.jpg_710x360_a29f5510.jpg,"{""ret"": true, ""data"": {""tagList"": [{""tagType"": 32, ""tagScore"": 5, ""tagNum"": 4, ""tagName"": ""\u670d\u52a1\u597d""}, {""tagType"": 16, ""tagScore"": 5, ""tagNum"": 3, ""tagName"": ""\u9760\u8c31""}, {""tagType"": 8, ""tagScore"": 5, ""tagNum"": 3, ""tagName"": ""\u4fbf\u5b9c""}, {""tagType"": 4, ""tagScore"": 5, ""tagNum"": 5, ""tagName"": ""\u53d6\u7968\u65b9\u4fbf""}, {""tagType"": 3, ""tagScore"": 5, ""tagNum"": 2, ""tagName"": ""\u5dee\u8bc4""}, {""tagType"": 2, ""tagScore"": 5, ""tagNum"": 8, ""tagName"": ""\u4e2d\u8bc4""}, {""tagType"": 1, ""tagScore"": 5, ""tagNum"": 938, ""tagName"": ""\u597d\u8bc4""}, {""tagType"": 0, ""tagScore"": 5, ""tagNum"": 955, ""tagName"": ""\u5168\u90e8""}], ""commentList"": [{""author"": ""A*n"", ""content"": ""\u7528\u6237\u672a\u70b9\u8bc4\uff0c\u7cfb\u7edf\u9ed8\u8ba4\u597d\u8bc4\u3002"", ""date"": ""2024-12-18"", ""score"": 5, ""commentId"": ""239284151"", ""imgs"": [], ""userNickName"": ""A*n"", ""replyCityName"": """", ""cityName"": """"}, {""author"": ""v*4"", ""content"": ""\u7528\u6237\u672a\u70b9\u8bc4\uff0c\u7cfb\u7edf\u9ed8\u8ba4\u597d\u8bc4\u3002"", ""date"": ""2024-12-17"", ""score"": 5, ""commentId"": ""239263921"", ""imgs"": [], ""userNickName"": ""v*4"", ""replyCityName"": """", ""cityName"": """"}, {""author"": ""\u53bb*\u6237"", ""content"": ""\u7528\u6237\u672a\u70b9\u8bc4\uff0c\u7cfb\u7edf\u9ed8\u8ba4\u597d\u8bc4\u3002"", ""date"": ""2024-12-16"", ""score"": 5, ""commentId"": ""239246682"", ""imgs"": [], ""userNickName"": ""\u53bb*\u6237"", ""replyCityName"": """", ""cityName"": """"}, {""author"": ""p*2"", ""content"": ""\u7528\u6237\u672a\u70b9\u8bc4\uff0c\u7cfb\u7edf\u9ed8\u8ba4\u597d\u8bc4\u3002"", ""date"": ""2024-12-13"", ""score"": 5, ""commentId"": ""239211240"", ""imgs"": [], ""userNickName"": ""p*2"", ""replyCityName"": """", ""cityName"": """"}, {""author"": ""\u53bb*\u6237"", ""content"": ""\u7528\u6237\u672a\u70b9\u8bc4\uff0c\u7cfb\u7edf\u9ed8\u8ba4\u597d\u8bc4\u3002"", ""date"": ""2024-12-11"", ""score"": 5, ""commentId"": ""239189604"", ""imgs"": [], ""userNickName"": ""\u53bb*\u6237"", ""replyCityName"": """", ""cityName"": """"}, {""author"": ""r*6"", ""content"": ""\u7528\u6237\u672a\u70b9\u8bc4\uff0c\u7cfb\u7edf\u9ed8\u8ba4\u597d\u8bc4\u3002"", ""date"": ""2024-12-08"", ""score"": 5, ""commentId"": ""239143606"", ""imgs"": [], ""userNickName"": ""r*6"", ""replyCityName"": """", ""cityName"": """"}, {""author"": ""w*8"", ""content"": ""\u7528\u6237\u672a\u70b9\u8bc4\uff0c\u7cfb\u7edf\u9ed8\u8ba4\u597d\u8bc4\u3002"", ""date"": ""2024-11-27"", ""score"": 5, ""commentId"": ""238980860"", ""imgs"": [], ""userNickName"": ""w*8"", ""replyCityName"": """", ""cityName"": """"}, {""author"": ""w*8"", ""content"": ""\u7528\u6237\u672a\u70b9\u8bc4\uff0c\u7cfb\u7edf\u9ed8\u8ba4\u597d\u8bc4\u3002"", ""date"": ""2024-11-27"", ""score"": 5, ""commentId"": ""238978500"", ""imgs"": [], ""userNickName"": ""w*8"", ""replyCityName"": """", ""cityName"": """"}, {""author"": ""v*9"", ""content"": ""\u7528\u6237\u672a\u70b9\u8bc4\uff0c\u7cfb\u7edf\u9ed8\u8ba4\u597d\u8bc4\u3002"", ""date"": ""2024-11-25"", ""score"": 5, ""commentId"": ""238935740"", ""imgs"": [], ""userNickName"": ""v*9"", ""replyCityName"": """", ""cityName"": """"}, {""author"": ""v*9"", ""content"": ""\u7528\u6237\u672a\u70b9\u8bc4\uff0c\u7cfb\u7edf\u9ed8\u8ba4\u597d\u8bc4\u3002"", ""date"": ""2024-11-25"", ""score"": 5, ""commentId"": ""238931382"", ""imgs"": [], ""userNickName"": ""v*9"", ""replyCityName"": """", ""cityName"": """"}], ""score"": 4.9, ""commentCount"": 955}, ""statusCode"": 200}"
月亮湾碧海蓝天度假邨,https://qimgs.qunarzz.com/piao_qsight_provider_piao_qsight_web/100l1f000001gqhwh8DBC_C_900_504.jpg_280x200_93f62a44.jpg,阳江市,阳西县,广东阳江市阳西县织篢农场沙扒镇书村距县城约40公里,11,5.0,犹如世外桃源,https://piao.qunar.com/ticket/detail_4212613445.html?st=a3clM0QlRTklOTglQjMlRTglQTUlQkYlRTUlOEUlQkYlMjZpZCUzRDQ2ODA0OSUyNnR5cGUlM0QwJTI2aWR4JTNENiUyNnF0JTNEJTI2YXBrJTNEMiUyNnNjJTNEV1dXJTI2dXIlM0QlRTQlQjglQUQlRTUlQjElQjElMjZsciUzRCVFNCVCOCVBRCVFNSVCMSVCMSUyNmZ0JTNEJTdCJTdE#from=mpl_search_suggest,-1.0,N/A,位于广东省阳西县，广州西南320公里处，南海之滨。月亮湾海滨，海岸线弯长达6.5公里，像新月弧形，故名。月亮湾是个七公里长的海滩，坡缓 水清沙细，宛如一弯新月。依山傍水，松林下情侣喁喁私语，夜半涛声依旧，月亮湾海滩两侧悬崖峭壁，礁石奇立，犹如世外桃源。,1/1-12/31；周一至周日；全天开放,https://qimgs.qunarzz.com/piao_qsight_provider_piao_qsight_web/100l1f000001gqhwh8DBC_C_900_504.jpg_710x360_abcb5c7f.jpg〇https://qimgs.qunarzz.com/piao_qsight_provider_piao_qsight_web/100l0s000000hyynuB755_C_900_504_Q90_Mtg_7.jpg_710x360_50ac49ee.jpg〇https://qimgs.qunarzz.com/piao_qsight_provider_piao_qsight_web/01029120008idt3nnA7CD_C_900_504_Q90_Mtg_7.jpg_710x360_96798a15.jpg〇https://qimgs.qunarzz.com/piao_qsight_provider_piao_qsight_web/100i0s000000hxm75D885_C_900_504_Q90_Mtg_7.jpg_710x360_b91702fd.jpg〇https://qimgs.qunarzz.com/piao_qsight_provider_piao_qsight_web/10040s000000hxs3b0658_C_900_504_Q90_Mtg_7.jpg_710x360_f27a6d22.jpg〇https://qimgs.qunarzz.com/piao_qsight_provider_piao_qsight_web/100p0s000000hxxhj43BF_C_900_504_Q90_Mtg_7.jpg_710x360_455ebc5c.jpg〇https://qimgs.qunarzz.com/piao_qsight_provider_piao_qsight_web/10010s000000ibq0j47CB_C_900_504_Q90_Mtg_7.jpg_710x360_b66e7abb.jpg〇https://qimgs.qunarzz.com/piao_qsight_provider_piao_qsight_web/100l1f000001gqhwh8DBC_C_900_504_Q90_Mtg_7.jpg_710x360_7a6c464f.jpg,"{""ret"": true, ""data"": {""tagList"": [{""tagType"": 1, ""tagScore"": 5, ""tagNum"": 11, ""tagName"": ""\u597d\u8bc4""}, {""tagType"": 0, ""tagScore"": 5, ""tagNum"": 11, ""tagName"": ""\u5168\u90e8""}], ""commentList"": [{""author"": ""\u53bb*\u6237"", ""content"": ""\u7528\u6237\u672a\u70b9\u8bc4\uff0c\u7cfb\u7edf\u9ed8\u8ba4\u597d\u8bc4\u3002"", ""date"": ""2024-11-07"", ""score"": 5, ""commentId"": ""238656483"", ""imgs"": [], ""userNickName"": ""\u53bb*\u6237"", ""replyCityName"": """", ""cityName"": """"}, {""author"": ""d*0"", ""content"": ""\u7528\u6237\u672a\u70b9\u8bc4\uff0c\u7cfb\u7edf\u9ed8\u8ba4\u597d\u8bc4\u3002"", ""date"": ""2024-09-11"", ""score"": 5, ""commentId"": ""236627664"", ""imgs"": [], ""userNickName"": ""d*0"", ""replyCityName"": """", ""cityName"": """"}, {""author"": ""\u53bb*\u6237"", ""content"": ""\u7528\u6237\u672a\u70b9\u8bc4\uff0c\u7cfb\u7edf\u9ed8\u8ba4\u597d\u8bc4\u3002"", ""date"": ""2024-09-03"", ""score"": 5, ""commentId"": ""236217185"", ""imgs"": [], ""userNickName"": ""\u53bb*\u6237"", ""replyCityName"": """", ""cityName"": """"}, {""author"": ""\u53bb*\u6237"", ""content"": ""\u7528\u6237\u672a\u70b9\u8bc4\uff0c\u7cfb\u7edf\u9ed8\u8ba4\u597d\u8bc4\u3002"", ""date"": ""2021-08-19"", ""score"": 5, ""commentId"": ""220405343"", ""imgs"": [], ""userNickName"": ""\u53bb*\u6237"", ""replyCityName"": """", ""cityName"": """"}, {""author"": ""g*7"", ""content"": ""\u7528\u6237\u672a\u70b9\u8bc4\uff0c\u7cfb\u7edf\u9ed8\u8ba4\u597d\u8bc4\u3002"", ""date"": ""2021-06-18"", ""score"": 5, ""commentId"": ""219532606"", ""imgs"": [], ""userNickName"": ""g*7"", ""replyCityName"": """", ""cityName"": """"}, {""author"": ""e*1"", ""content"": ""\u7528\u6237\u672a\u70b9\u8bc4\uff0c\u7cfb\u7edf\u9ed8\u8ba4\u597d\u8bc4\u3002"", ""date"": ""2020-09-28"", ""score"": 5, ""commentId"": ""216527256"", ""imgs"": [], ""userNickName"": ""e*1"", ""replyCityName"": """", ""cityName"": """"}, {""author"": ""t*5"", ""content"": ""\u7528\u6237\u672a\u70b9\u8bc4\uff0c\u7cfb\u7edf\u9ed8\u8ba4\u597d\u8bc4\u3002"", ""date"": ""2020-09-26"", ""score"": 5, ""commentId"": ""216413873"", ""imgs"": [], ""userNickName"": ""t*5"", ""replyCityName"": """", ""cityName"": """"}, {""author"": ""x*9"", ""content"": ""\u7528\u6237\u672a\u70b9\u8bc4\uff0c\u7cfb\u7edf\u9ed8\u8ba4\u597d\u8bc4\u3002"", ""date"": ""2019-11-02"", ""score"": 5, ""commentId"": ""212923339"", ""imgs"": [], ""userNickName"": ""x*9"", ""replyCityName"": """", ""cityName"": """"}, {""author"": ""d*7"", ""content"": ""\u7528\u6237\u672a\u70b9\u8bc4\uff0c\u7cfb\u7edf\u9ed8\u8ba4\u597d\u8bc4\u3002"", ""date"": ""2019-06-03"", ""score"": 5, ""commentId"": ""210709236"", ""imgs"": [], ""userNickName"": ""d*7"", ""replyCityName"": """", ""cityName"": """"}, {""author"": ""d*7"", ""content"": ""\u7528\u6237\u672a\u70b9\u8bc4\uff0c\u7cfb\u7edf\u9ed8\u8ba4\u597d\u8bc4\u3002"", ""date"": ""2019-06-03"", ""score"": 5, ""commentId"": ""210709161"", ""imgs"": [], ""userNickName"": ""d*7"", ""replyCityName"": """", ""cityName"": """"}], ""score"": 5.0, ""commentCount"": 11}, ""statusCode"": 200}"
海边蹦极,https://imgs.qunarzz.com/sight/p5/201211/08/d0eb55272d0847b793835fbb.jpg_280x200_3490bcfd.jpg,阳江市,江城区,广东省阳江市江城区,1,5.0,在此可不在乎脚下深渊，象鸟儿般展翅,https://piao.qunar.com/ticket/detail_3001824506.html?st=a3clM0QlRTYlQjElOUYlRTUlOUYlOEUlRTUlOEMlQkElMjZpZCUzRDIxMjc2JTI2dHlwZSUzRDAlMjZpZHglM0QyNSUyNnF0JTNEJTI2YXBrJTNEMiUyNnNjJTNEV1dXJTI2dXIlM0QlRTQlQjglQUQlRTUlQjElQjElMjZsciUzRCVFNCVCOCVBRCVFNSVCMSVCMSUyNmZ0JTNEJTdCJTdE#from=mpl_search_suggest,-1.0,N/A,勇敢者的游戏--蹦极一根维系生命的绳索，牵着一腔拥抱青山碧水的激情，不在乎脚下几十米的深渊，象鸟儿般展翅，作一次真正意义上的投身，这就是勇敢者的游戏---目前户外活动中刺激度排行榜名列榜首的“蹦极”。东方银滩风景区的海边蹦极将于10月底完工对外开放。蹦极在国外被称为BUNGY（中文译音“蹦极”，也有译成“绑扎跳”），这一活动一出现，就以其新颖刺激和极富挑战性而吸引了各地的勇敢者。蹦极不同于人类现代发展过程中出现的跳伞运动，使其安全着陆。而蹦极的原动力，是人们试图找寻在万无一失的情况下与死神交臂的感觉。,暂无,https://imgs.qunarzz.com/sight/p5/201211/08/d0eb55272d0847b793835fbb.jpg_710x360_5231cca5.jpg,"{""ret"": true, ""data"": {""tagList"": [{""tagType"": 1, ""tagScore"": 5, ""tagNum"": 1, ""tagName"": ""\u597d\u8bc4""}, {""tagType"": 0, ""tagScore"": 5, ""tagNum"": 1, ""tagName"": ""\u5168\u90e8""}], ""commentList"": [{""author"": ""\u5609*\u8c6a"", ""content"": ""\u600e\u4e48\u6ca1\u6709\u8bc4\u8bba\u5462\uff0c\u5e0c\u671b\u80fd\u770b\u5230\u6765\u53c2\u8003\u4e00\u4e0b\u3002"", ""date"": ""2015-10-22"", ""score"": 5, ""commentId"": ""86909824"", ""imgs"": [], ""userNickName"": ""\u5609*\u8c6a"", ""replyCityName"": """", ""cityName"": """"}], ""score"": 5.0, ""commentCount"": 1}, ""statusCode"": 200}"
闸坡中心渔港,https://imgs.qunarzz.com/sight/p13/201211/04/0019ac6e8c707ef693835fbb.jpg_280x200_dba2a0ec.jpg,阳江市,江城区,广东省阳江市江城区海陵岛海陵岛,7,5.0,保护海洋环境，建设美丽海湾,https://piao.qunar.com/ticket/detail_4112654869.html?st=a3clM0QlRTYlQjElOUYlRTUlOUYlOEUlRTUlOEMlQkElMjZpZCUzRDI2MDMyJTI2dHlwZSUzRDAlMjZpZHglM0QyMyUyNnF0JTNEJTI2YXBrJTNEMiUyNnNjJTNEV1dXJTI2dXIlM0QlRTQlQjglQUQlRTUlQjElQjElMjZsciUzRCVFNCVCOCVBRCVFNSVCMSVCMSUyNmZ0JTNEJTdCJTdE#from=mpl_search_suggest,-1.0,N/A,闸坡渔港是全国著名渔港，港口三面环山，港池面积1.4平方公里，平均水深2.1米3.4米，可同时停泊船只2000余艘。渔港按水产品深加工、渔船维修、水产品交易、商业服务和休闲渔业五大*能规划建设，有350米的补给码头、465米的渔船泊位码头、5000平方米的水产品交易码头、5000吨级储油库和3000吨级船排修造厂，是广东省东南沿海船舶补给的重要中转站。闸坡渔港有基础雄厚的渔业捕捞单位6个，有拖、围、刺、钓作业机动渔船260艘，渔船机械总*率41313千瓦，是广东省重要的渔业生产基地。渔业后勤配套设施完善：有冰厂、冷冻厂共14间，生产能力达到制冰350吨/日，速冻138吨/日，冷藏1300吨/次，储冰3400吨/次。自1993年以来，闸坡渔港的建设纳入《广东省1994—2003年渔港建设整治计划》，我区从不间断对闸坡渔港进行治理和建设。1993年10，工程包括渔港码头、小船避风堤、疏浚港池等，工程总投资4177万元，1999年工程全部完成。2002年9月27日，并批准建设首期工程，包括建设渔业码头6278平方米，加固防波堤450米，疏浚港池、航道39万立方米，建设环港道路2500米及配套设施等。规划包括避风补给、生产休整、养殖、加工、贸易流通、休闲渔业六大*能。岸线布局规划分为三大区域：一是南面旧澳湾海洋渔业休闲区；二是蒲鱼洲湾渔业主港区；三是北部长沙湾海洋渔业深加工区。水域布局规划分为两个作业区：一是旧澳湾水域作业区；二是蒲鱼洲湾水域作业区。,01/01-12/31；6:00-21:00开园,https://imgs.qunarzz.com/sight/p13/201211/04/0019ac6e8c707ef693835fbb.jpg_710x360_5e9bac27.jpg,"{""ret"": true, ""data"": {""tagList"": [{""tagType"": 32, ""tagScore"": 5, ""tagNum"": 1, ""tagName"": ""\u670d\u52a1\u597d""}, {""tagType"": 16, ""tagScore"": 5, ""tagNum"": 1, ""tagName"": ""\u9760\u8c31""}, {""tagType"": 8, ""tagScore"": 5, ""tagNum"": 2, ""tagName"": ""\u4fbf\u5b9c""}, {""tagType"": 4, ""tagScore"": 5, ""tagNum"": 1, ""tagName"": ""\u53d6\u7968\u65b9\u4fbf""}, {""tagType"": 1, ""tagScore"": 5, ""tagNum"": 7, ""tagName"": ""\u597d\u8bc4""}, {""tagType"": 0, ""tagScore"": 5, ""tagNum"": 7, ""tagName"": ""\u5168\u90e8""}], ""commentList"": [{""author"": ""A*\u4e00\uff08\u8be5\u7528\u6237\u5df2\u6ce8\u9500\uff09"", ""content"": ""\u4ef7\u683c\u4f18\u60e0\u670d\u52a1\u633a\u597d\uff0c\u65c5\u6e38\u666f\u70b9\u633a\u591a"", ""date"": ""2020-08-16"", ""score"": 5, ""commentId"": ""215449795"", ""imgs"": [{""small"": ""https://mp-piao-admincp.qunarzz.com/mp_piao_admin_mp_piao_admin/fusion/20208/6619941c5a5fa5ce4787b712ac0a7add.jpg_120x120_aeaccc51.jpg"", ""title"": """", ""big"": ""https://mp-piao-admincp.qunarzz.com/mp_piao_admin_mp_piao_admin/fusion/20208/6619941c5a5fa5ce4787b712ac0a7add.jpg""}, {""small"": ""https://mp-piao-admincp.qunarzz.com/mp_piao_admin_mp_piao_admin/fusion/20208/2bd3f86c9bfa1e6b9651d1defde15fc9.jpg_120x120_006e2c9b.jpg"", ""title"": """", ""big"": ""https://mp-piao-admincp.qunarzz.com/mp_piao_admin_mp_piao_admin/fusion/20208/2bd3f86c9bfa1e6b9651d1defde15fc9.jpg""}, {""small"": ""https://mp-piao-admincp.qunarzz.com/mp_piao_admin_mp_piao_admin/fusion/20208/1044ff64ac37d3ab08bcf860d9bf4133.jpg_120x120_91745a68.jpg"", ""title"": """", ""big"": ""https://mp-piao-admincp.qunarzz.com/mp_piao_admin_mp_piao_admin/fusion/20208/1044ff64ac37d3ab08bcf860d9bf4133.jpg""}, {""small"": ""https://mp-piao-admincp.qunarzz.com/mp_piao_admin_mp_piao_admin/fusion/20208/2c219bc6cc2ed4d32e2093f99e67a7ad.jpg_120x120_0e6d9d3d.jpg"", ""title"": """", ""big"": ""https://mp-piao-admincp.qunarzz.com/mp_piao_admin_mp_piao_admin/fusion/20208/2c219bc6cc2ed4d32e2093f99e67a7ad.jpg""}, {""small"": ""https://mp-piao-admincp.qunarzz.com/mp_piao_admin_mp_piao_admin/fusion/20208/ca0d176cf7ca7f347d54540266585a34.jpg_120x120_5aab9182.jpg"", ""title"": """", ""big"": ""https://mp-piao-admincp.qunarzz.com/mp_piao_admin_mp_piao_admin/fusion/20208/ca0d176cf7ca7f347d54540266585a34.jpg""}], ""userNickName"": ""A*\u4e00\uff08\u8be5\u7528\u6237\u5df2\u6ce8\u9500\uff09"", ""replyCityName"": """", ""cityName"": """"}, {""author"": ""t*2"", ""content"": ""\u7528\u6237\u672a\u70b9\u8bc4\uff0c\u7cfb\u7edf\u9ed8\u8ba4\u597d\u8bc4\u3002"", ""date"": ""2020-10-13"", ""score"": 5, ""commentId"": ""216647304"", ""imgs"": [], ""userNickName"": ""t*2"", ""replyCityName"": """", ""cityName"": """"}, {""author"": ""t*2"", ""content"": ""\u7528\u6237\u672a\u70b9\u8bc4\uff0c\u7cfb\u7edf\u9ed8\u8ba4\u597d\u8bc4\u3002"", ""date"": ""2020-10-13"", ""score"": 5, ""commentId"": ""216647245"", ""imgs"": [], ""userNickName"": ""t*2"", ""replyCityName"": """", ""cityName"": """"}, {""author"": ""A*\u4e00\uff08\u8be5\u7528\u6237\u5df2\u6ce8\u9500\uff09"", ""content"": ""\u7528\u6237\u672a\u70b9\u8bc4\uff0c\u7cfb\u7edf\u9ed8\u8ba4\u597d\u8bc4\u3002"", ""date"": ""2020-09-14"", ""score"": 5, ""commentId"": ""215809176"", ""imgs"": [], ""userNickName"": ""A*\u4e00\uff08\u8be5\u7528\u6237\u5df2\u6ce8\u9500\uff09"", ""replyCityName"": """", ""cityName"": """"}, {""author"": ""e*9"", ""content"": ""\u8fd8\u53ef\u4ee5\uff0c\u884c\u7a0b\u81ea\u7531\u5b89\u6392\uff0c\u73a9\u5f97\u5f00\u5fc3\u5feb\u4e50"", ""date"": ""2020-08-31"", ""score"": 5, ""commentId"": ""215617224"", ""imgs"": [], ""userNickName"": ""e*9"", ""replyCityName"": """", ""cityName"": """"}, {""author"": ""\u8d81*\u8001"", ""content"": ""\u7528\u6237\u672a\u70b9\u8bc4\uff0c\u7cfb\u7edf\u9ed8\u8ba4\u597d\u8bc4\u3002"", ""date"": ""2020-08-29"", ""score"": 5, ""commentId"": ""215595258"", ""imgs"": [], ""userNickName"": ""\u8d81*\u8001"", ""replyCityName"": """", ""cityName"": """"}, {""author"": ""l*6"", ""content"": ""\u9152\u5e97\u73af\u5883\u633a\u597d\u7684\uff0c\u884c\u7a0b\u5b89\u6392\u81ea\u7531\uff0c\u5bfc\u6e38\u5c0f\u6797\u670d\u52a1\u6001\u5ea6\u4e0d\u9519\uff0c\u5317\u6d1b\u6e7e\u666f\u8272\u5f88\u7f8e"", ""date"": ""2020-08-27"", ""score"": 5, ""commentId"": ""215578120"", ""imgs"": [], ""userNickName"": ""l*6"", ""replyCityName"": """", ""cityName"": """"}], ""score"": 5.0, ""commentCount"": 7}, ""statusCode"": 200}"
马尾岛,https://qimgs.qunarzz.com/piao_qsight_provider_piao_qsight_web/100n1f000001gpcfg4EEF_C_900_504.jpg_280x200_73154237.jpg,阳江市,江城区,广东省阳江市江城区海陵岛闸坡镇西南端,22,4.7,观日落的好地点,https://piao.qunar.com/ticket/detail_1865636506.html?st=a3clM0QlRTYlQjElOUYlRTUlOUYlOEUlRTUlOEMlQkElMjZpZCUzRDcwOTUlMjZ0eXBlJTNEMCUyNmlkeCUzRDIyJTI2cXQlM0QlMjZhcGslM0QyJTI2c2MlM0RXV1clMjZ1ciUzRCVFNCVCOCVBRCVFNSVCMSVCMSUyNmxyJTNEJUU0JUI4JUFEJUU1JUIxJUIxJTI2ZnQlM0QlN0IlN0Q%3D#from=mpl_search_suggest,-1.0,N/A,马尾岛位于闸坡西南方，是半封闭型海岛，总面积1.3平方公里，海滩长约1.25公里，水深适度、海底平缓、沙质优良，有“海水大浴缸”之称，适合老人儿童玩乐。岛上森林植被丰富，怪石遍布，虫鸣蝶飞，林荫小道弯弯曲曲，保留着极浓的原始气息。山体被海浪千年万载的冲刷雕琢，形成了乱石滩、海蚀滩、一线天等奇异景观，细心的游客，除了观瞻北帝庙、灵曰灵庙和灯塔外，还有碉堡、战壕、古炮台等军事遗址。1992年、1994年马尾岛分别被广东省人民政府批准为省级风景名胜区、省级旅游度假,1/1-12/31；周一至周日；全天开放,https://qimgs.qunarzz.com/piao_qsight_provider_piao_qsight_web/100n1f000001gpcfg4EEF_C_900_504.jpg_710x360_49cd5542.jpg〇https://qimgs.qunarzz.com/piao_qsight_provider_piao_qsight_web/0100y120008ezaug770D7_C_900_504_Q90_Mtg_7.jpg_710x360_a25ebbb2.jpg〇https://qimgs.qunarzz.com/piao_qsight_provider_piao_qsight_web/100n1f000001gpcfg4EEF_C_900_504_Q90_Mtg_7.jpg_710x360_d854a78c.jpg〇https://qimgs.qunarzz.com/piao_qsight_provider_piao_qsight_web/1563132264641100616000000zg1uf0EAB_D_640_10000.jpg_710x360_4e1bd8bd.jpg〇https://qimgs.qunarzz.com/piao_qsight_provider_piao_qsight_web/1563132264522100n16000000zehmtA8BF_D_640_10000.jpg_710x360_4f040dbc.jpg〇https://qimgs.qunarzz.com/piao_qsight_provider_piao_qsight_web/1563132264380100u16000000zfegh01A1_D_640_10000.jpg_710x360_e393e35d.jpg〇https://qimgs.qunarzz.com/piao_qsight_provider_piao_qsight_web/56a0f06696cdb271dd3881fc0faef7ac.jpg_710x360_af0992af.jpg〇https://qimgs.qunarzz.com/piao_qsight_provider_piao_qsight_web/320ac2145bf32b7f7440f4876c794745.jpg_710x360_1cce56f5.jpg〇https://qimgs.qunarzz.com/piao_qsight_provider_piao_qsight_web/76042277c81d580091358d10ce6d49b5.jpg_710x360_f4832960.jpg〇https://qimgs.qunarzz.com/piao_qsight_provider_piao_qsight_web/e311e4d3173a3cfd3295c7d233ae1a41.jpg_710x360_5d0e56f5.jpg〇https://qimgs.qunarzz.com/piao_qsight_provider_piao_qsight_web/7157b227e5b410c4e160bca55e849377.jpg_710x360_02ed1bf6.jpg〇https://qimgs.qunarzz.com/piao_qsight_provider_piao_qsight_web/5abd5583a2fad931c2a803f23bc2b0f0.jpg_710x360_ea03c599.jpg〇https://qimgs.qunarzz.com/piao_qsight_provider_piao_qsight_web/c2372b5fed247b37.jpg_710x360_080c1b47.jpg〇https://qimgs.qunarzz.com/piao_qsight_provider_piao_qsight_web/ea90b28fe8164ab5.jpg_710x360_c1eaebbd.jpg〇https://qimgs.qunarzz.com/piao_qsight_provider_piao_qsight_web/b30793dffd60c5b5.jpg_710x360_9e583cab.jpg〇https://qimgs.qunarzz.com/piao_qsight_provider_piao_qsight_web/eebbda24589e19b5.jpg_710x360_850a906d.jpg〇https://qimgs.qunarzz.com/piao_qsight_provider_piao_qsight_web/369058dc089e59b5.jpg_710x360_11c8785c.jpg〇https://qimgs.qunarzz.com/piao_qsight_provider_piao_qsight_web/a00d77fc10be3cb5.jpg_710x360_f4d6405e.jpg〇https://qimgs.qunarzz.com/piao_qsight_provider_piao_qsight_web/6733b8e4c702efb5.jpg_710x360_1e9376f0.jpg〇https://qimgs.qunarzz.com/piao_qsight_provider_piao_qsight_web/45e4e5f6d623bfb5.jpg_710x360_83884d7b.jpg〇https://qimgs.qunarzz.com/piao_qsight_provider_piao_qsight_web/105315bbb8f36ab5.jpg_710x360_98b0f84c.jpg〇https://qimgs.qunarzz.com/piao_qsight_provider_piao_qsight_web/b8490ff9f44209b5.jpg_710x360_5485ef80.jpg〇https://qimgs.qunarzz.com/piao_qsight_provider_piao_qsight_web/612ab7ce2e6fd4b5.jpg_710x360_d5a9b107.jpg,"{""ret"": true, ""data"": {""tagList"": [{""tagType"": 32, ""tagScore"": 5, ""tagNum"": 1, ""tagName"": ""\u670d\u52a1\u597d""}, {""tagType"": 1, ""tagScore"": 5, ""tagNum"": 21, ""tagName"": ""\u597d\u8bc4""}, {""tagType"": 0, ""tagScore"": 5, ""tagNum"": 22, ""tagName"": ""\u5168\u90e8""}], ""commentList"": [{""author"": ""c*1"", ""content"": ""\u7528\u6237\u672a\u70b9\u8bc4\uff0c\u7cfb\u7edf\u9ed8\u8ba4\u597d\u8bc4\u3002"", ""date"": ""2022-08-30"", ""score"": 5, ""commentId"": ""222988834"", ""imgs"": [], ""userNickName"": ""c*1"", ""replyCityName"": """", ""cityName"": """"}, {""author"": ""m*6"", ""content"": ""\u7528\u6237\u672a\u70b9\u8bc4\uff0c\u7cfb\u7edf\u9ed8\u8ba4\u597d\u8bc4\u3002"", ""date"": ""2020-11-03"", ""score"": 5, ""commentId"": ""217037890"", ""imgs"": [], ""userNickName"": ""m*6"", ""replyCityName"": """", ""cityName"": """"}, {""author"": ""m*6"", ""content"": ""\u7528\u6237\u672a\u70b9\u8bc4\uff0c\u7cfb\u7edf\u9ed8\u8ba4\u597d\u8bc4\u3002"", ""date"": ""2020-11-03"", ""score"": 5, ""commentId"": ""217036691"", ""imgs"": [], ""userNickName"": ""m*6"", ""replyCityName"": """", ""cityName"": """"}, {""author"": ""r*9"", ""content"": ""\u7528\u6237\u672a\u70b9\u8bc4\uff0c\u7cfb\u7edf\u9ed8\u8ba4\u597d\u8bc4\u3002"", ""date"": ""2020-11-02"", ""score"": 5, ""commentId"": ""216980882"", ""imgs"": [], ""userNickName"": ""r*9"", ""replyCityName"": """", ""cityName"": """"}, {""author"": ""k*0"", ""content"": ""\u7528\u6237\u672a\u70b9\u8bc4\uff0c\u7cfb\u7edf\u9ed8\u8ba4\u597d\u8bc4\u3002"", ""date"": ""2020-11-02"", ""score"": 5, ""commentId"": ""216975946"", ""imgs"": [], ""userNickName"": ""k*0"", ""replyCityName"": """", ""cityName"": """"}, {""author"": ""c*5"", ""content"": ""\u7528\u6237\u672a\u70b9\u8bc4\uff0c\u7cfb\u7edf\u9ed8\u8ba4\u597d\u8bc4\u3002"", ""date"": ""2020-10-06"", ""score"": 5, ""commentId"": ""216596111"", ""imgs"": [], ""userNickName"": ""c*5"", ""replyCityName"": """", ""cityName"": """"}, {""author"": ""d*0"", ""content"": ""\u597d\u73a9\u554a\uff0c\u6c99\u6ee9\ud83c\udfd6\ufe0f\u6c34\u5f88\u6e05\u5f88\u84dd\uff0c\u5bfc\u6e38\u670d\u52a1\u6001\u5ea6\u597d\u3002"", ""date"": ""2020-09-24"", ""score"": 5, ""commentId"": ""216107246"", ""imgs"": [], ""userNickName"": ""d*0"", ""replyCityName"": """", ""cityName"": """"}, {""author"": ""a*9"", ""content"": ""\u7528\u6237\u672a\u70b9\u8bc4\uff0c\u7cfb\u7edf\u9ed8\u8ba4\u597d\u8bc4\u3002"", ""date"": ""2020-09-15"", ""score"": 5, ""commentId"": ""215827699"", ""imgs"": [], ""userNickName"": ""a*9"", ""replyCityName"": """", ""cityName"": """"}, {""author"": ""q*4"", ""content"": ""\u7528\u6237\u672a\u70b9\u8bc4\uff0c\u7cfb\u7edf\u9ed8\u8ba4\u597d\u8bc4\u3002"", ""date"": ""2020-09-08"", ""score"": 5, ""commentId"": ""215714588"", ""imgs"": [], ""userNickName"": ""q*4"", ""replyCityName"": """", ""cityName"": """"}, {""author"": ""l*6"", ""content"": ""\u7528\u6237\u672a\u70b9\u8bc4\uff0c\u7cfb\u7edf\u9ed8\u8ba4\u597d\u8bc4\u3002"", ""date"": ""2020-08-29"", ""score"": 5, ""commentId"": ""215596506"", ""imgs"": [], ""userNickName"": ""l*6"", ""replyCityName"": """", ""cityName"": """"}], ""score"": 4.7, ""commentCount"": 22}, ""statusCode"": 200}"
沐舍酒店高空天际泳池,https://qimgs.qunarzz.com/piao_qsight_provider_piao_qsight_web/01A6s120009qxyi7w039A_C_900_504.jpg_280x200_14def491.jpg,阳江市,江城区,阳江市江城区敏捷大道南敏捷·黄金海岸浪琴湾2幢105,2,5.0,海陵岛沐舍酒店地处阳江市海陵岛敏捷黄金海岸浪琴湾，酒店被热带绿荫环绕，毗邻著名景点—敏捷黄金海岸景区，景区内有一个面积达,https://piao.qunar.com/ticket/detail_2225840939.html?st=a3clM0QlRTYlQjElOUYlRTUlOUYlOEUlRTUlOEMlQkElMjZpZCUzRDUxMDk5OSUyNnR5cGUlM0QwJTI2aWR4JTNEMjElMjZxdCUzRCUyNmFwayUzRDIlMjZzYyUzRFdXVyUyNnVyJTNEJUU0JUI4JUFEJUU1JUIxJUIxJTI2bHIlM0QlRTQlQjglQUQlRTUlQjElQjElMjZmdCUzRCU3QiU3RA%3D%3D#from=mpl_search_suggest,-1.0,N/A,海陵岛沐舍酒店地处阳江市海陵岛敏捷黄金海岸浪琴湾，酒店被热带绿荫环绕，毗邻著名景点—敏捷黄金海岸景区，景区内有一个面积达5万M²水晶湖，设有海水、淡水泳池和海滩，以及趣味分呈的水上乐园，带给您耳目一新的休假体验。,1/1-12/31；周一至周日；09:00-18:00开园,https://qimgs.qunarzz.com/piao_qsight_provider_piao_qsight_web/01A6s120009qxyi7w039A_C_900_504.jpg_710x360_00d10198.jpg〇https://imgs.qunarzz.com/sight/p0/2104/9e/9eec3497d57da457a3.img.jpg_710x360_93f526d3.jpg,"{""ret"": true, ""data"": {""tagList"": [{""tagType"": 1, ""tagScore"": 5, ""tagNum"": 2, ""tagName"": ""\u597d\u8bc4""}, {""tagType"": 0, ""tagScore"": 5, ""tagNum"": 2, ""tagName"": ""\u5168\u90e8""}], ""commentList"": [{""author"": ""y*7"", ""content"": ""\u7528\u6237\u672a\u70b9\u8bc4\uff0c\u7cfb\u7edf\u9ed8\u8ba4\u597d\u8bc4\u3002"", ""date"": ""2021-11-05"", ""score"": 5, ""commentId"": ""221338558"", ""imgs"": [], ""userNickName"": ""y*7"", ""replyCityName"": """", ""cityName"": """"}, {""author"": ""y*7"", ""content"": ""\u7528\u6237\u672a\u70b9\u8bc4\uff0c\u7cfb\u7edf\u9ed8\u8ba4\u597d\u8bc4\u3002"", ""date"": ""2021-11-05"", ""score"": 5, ""commentId"": ""221336149"", ""imgs"": [], ""userNickName"": ""y*7"", ""replyCityName"": """", ""cityName"": """"}], ""score"": 5.0, ""commentCount"": 2}, ""statusCode"": 200}"
敏捷欢乐黄金海岸,https://qimgs.qunarzz.com/piao_qsight_provider_piao_qsight_web/0101d120008p0hh7yD142_C_900_504.jpg_280x200_1c8d0960.jpg,阳江市,江城区,广东省阳江市江城区度假区海陵岛敏捷黄金海岸,865,4.9,体验滨海泳湖与水上活动,https://piao.qunar.com/ticket/detail_3193135175.html?st=a3clM0QlRTYlQjElOUYlRTUlOUYlOEUlRTUlOEMlQkElMjZpZCUzRDE5NjA5MyUyNnR5cGUlM0QwJTI2aWR4JTNEMjAlMjZxdCUzRCUyNmFwayUzRDIlMjZzYyUzRFdXVyUyNnVyJTNEJUU0JUI4JUFEJUU1JUIxJUIxJTI2bHIlM0QlRTQlQjglQUQlRTUlQjElQjElMjZmdCUzRCU3QiU3RA%3D%3D#from=mpl_search_suggest,-1.0,N/A,欢乐黄金海岸是由敏捷集团斥巨资精心打造。独有奇迹般的滨海泳湖——“水晶湖”及五公里长的私家休闲度假海滩。超五公里长的私家海滩不仅提供私密的滨海浴场供游客冲浪和玩耍，还提供众多的趣味亲子沙滩娱乐项目，如沙滩车、沙滩足球、儿童戏沙、风筝等。湛蓝的海上更有新奇刺激的观光快艇、海上摩托艇、海上飞板等海上极限游乐设施等你游玩。水晶湖内拥有众多的新颖的娱乐休闲项目，超万平米的无边际泳池及缤纷儿童池、独木舟、水上冲锋舟、水上自行车、水上跳床、水上帆船将带您进入盛夏海岸的新天地。,1/1-12/31；周一至周五；09:00-18:00开园,https://qimgs.qunarzz.com/piao_qsight_provider_piao_qsight_web/0101d120008p0hh7yD142_C_900_504.jpg_710x360_14df90bd.jpg〇https://qimgs.qunarzz.com/piao_qsight_provider_piao_qsight_web/0100q120008p0hhs20445_C_900_504_Q90_Mtg_7.png_710x360_4becc54f.png〇https://qimgs.qunarzz.com/piao_qsight_provider_piao_qsight_web/0103r120008p0hmf1CB58_C_900_504_Q90_Mtg_7.png_710x360_9bc2e313.png〇https://qimgs.qunarzz.com/piao_qsight_provider_piao_qsight_web/01054120008p0hhzkB7A2_C_900_504_Q90_Mtg_7.png_710x360_75162e2f.png〇https://qimgs.qunarzz.com/piao_qsight_provider_piao_qsight_web/0101d120008p0hh7yD142_C_900_504_Q90_Mtg_7.jpg_710x360_0bb1bebd.jpg〇https://imgs.qunarzz.com/sight/p0/201407/23/2e7498e92fbfafb475a01763c14c6bd8.jpg_710x360_50231518.jpg〇https://imgs.qunarzz.com/sight/p0/201407/23/de317f96215617d03c6413b8ac19c13f.jpg_710x360_b0d45830.jpg〇https://imgs.qunarzz.com/sight/p0/201407/23/dd74a53f84d3ea040a1f80172006d8d0.jpg_710x360_30a07f4a.jpg〇https://qimgs.qunarzz.com/piao_qsight_provider_piao_qsight_web/4d96ff78d8c50df7.jpg_710x360_ef9b2366.jpg〇https://qimgs.qunarzz.com/piao_qsight_provider_piao_qsight_web/e60b38ff4f883902.jpg_710x360_02109bfa.jpg〇https://qimgs.qunarzz.com/piao_qsight_provider_piao_qsight_web/f6487e261e1a8902.jpg_710x360_07525e54.jpg〇https://qimgs.qunarzz.com/piao_qsight_provider_piao_qsight_web/9697197ee4eaf602.jpg_710x360_db174412.jpg〇https://qimgs.qunarzz.com/piao_qsight_provider_piao_qsight_web/1d6c79d27e415202.jpg_710x360_fb93187d.jpg〇https://qimgs.qunarzz.com/piao_qsight_provider_piao_qsight_web/19c47f40b64f3402.jpg_710x360_2e645d09.jpg〇https://qimgs.qunarzz.com/piao_qsight_provider_piao_qsight_web/4c00a14b2351c202.jpg_710x360_1ebea83e.jpg〇https://qimgs.qunarzz.com/piao_qsight_provider_piao_qsight_web/edc6909015b6cd02.jpg_710x360_6bcdf6b7.jpg〇https://qimgs.qunarzz.com/piao_qsight_provider_piao_qsight_web/942a1e6098998c02.jpg_710x360_02df9ac4.jpg〇https://qimgs.qunarzz.com/piao_qsight_provider_piao_qsight_web/c818809ac67edd02.jpg_710x360_1fa572fc.jpg〇https://qimgs.qunarzz.com/piao_qsight_provider_piao_qsight_web/b9fec609ee97802.jpg_710x360_69eb4008.jpg〇https://qimgs.qunarzz.com/piao_qsight_provider_piao_qsight_web/a5ffb2a895242202.jpg_710x360_0ae37774.jpg〇https://qimgs.qunarzz.com/piao_qsight_provider_piao_qsight_web/01373e6fcd59e902.jpg_710x360_72eb6c8d.jpg〇https://qimgs.qunarzz.com/piao_qsight_provider_piao_qsight_web/1b35e20c4c85dd02.jpg_710x360_abedba61.jpg〇https://qimgs.qunarzz.com/piao_qsight_provider_piao_qsight_web/f0cab5b02d691502.jpg_710x360_bab3bebf.jpg〇https://qimgs.qunarzz.com/piao_qsight_provider_piao_qsight_web/c1f27813edb16902.jpg_710x360_4343940b.jpg〇https://qimgs.qunarzz.com/piao_qsight_provider_piao_qsight_web/29ae569ad29fea02.jpg_710x360_ca43339f.jpg〇https://qimgs.qunarzz.com/piao_qsight_provider_piao_qsight_web/fb5051309531f402.jpg_710x360_2434383f.jpg〇https://qimgs.qunarzz.com/piao_qsight_provider_piao_qsight_web/9bd55c2d83499a02.jpg_710x360_8949eee0.jpg〇https://qimgs.qunarzz.com/piao_qsight_provider_piao_qsight_web/97224b91e7586902.jpg_710x360_23271962.jpg,"{""ret"": true, ""data"": {""tagList"": [{""tagType"": 32, ""tagScore"": 5, ""tagNum"": 5, ""tagName"": ""\u670d\u52a1\u597d""}, {""tagType"": 16, ""tagScore"": 5, ""tagNum"": 6, ""tagName"": ""\u9760\u8c31""}, {""tagType"": 8, ""tagScore"": 5, ""tagNum"": 5, ""tagName"": ""\u4fbf\u5b9c""}, {""tagType"": 4, ""tagScore"": 5, ""tagNum"": 8, ""tagName"": ""\u53d6\u7968\u65b9\u4fbf""}, {""tagType"": 3, ""tagScore"": 5, ""tagNum"": 9, ""tagName"": ""\u5dee\u8bc4""}, {""tagType"": 2, ""tagScore"": 5, ""tagNum"": 2, ""tagName"": ""\u4e2d\u8bc4""}, {""tagType"": 1, ""tagScore"": 5, ""tagNum"": 850, ""tagName"": ""\u597d\u8bc4""}, {""tagType"": 0, ""tagScore"": 5, ""tagNum"": 865, ""tagName"": ""\u5168\u90e8""}], ""commentList"": [{""author"": ""k*6"", ""content"": ""\u7528\u6237\u672a\u70b9\u8bc4\uff0c\u7cfb\u7edf\u9ed8\u8ba4\u597d\u8bc4\u3002"", ""date"": ""2024-11-06"", ""score"": 5, ""commentId"": ""238651189"", ""imgs"": [], ""userNickName"": ""k*6"", ""replyCityName"": """", ""cityName"": """"}, {""author"": ""\u53bb*\u6237"", ""content"": ""\u7528\u6237\u672a\u70b9\u8bc4\uff0c\u7cfb\u7edf\u9ed8\u8ba4\u597d\u8bc4\u3002"", ""date"": ""2024-09-29"", ""score"": 5, ""commentId"": ""237373095"", ""imgs"": [], ""userNickName"": ""\u53bb*\u6237"", ""replyCityName"": """", ""cityName"": """"}, {""author"": ""\u53bb*\u6237"", ""content"": ""\u7528\u6237\u672a\u70b9\u8bc4\uff0c\u7cfb\u7edf\u9ed8\u8ba4\u597d\u8bc4\u3002"", ""date"": ""2024-09-12"", ""score"": 5, ""commentId"": ""236637830"", ""imgs"": [], ""userNickName"": ""\u53bb*\u6237"", ""replyCityName"": """", ""cityName"": """"}, {""author"": ""f*0"", ""content"": ""\u7528\u6237\u672a\u70b9\u8bc4\uff0c\u7cfb\u7edf\u9ed8\u8ba4\u597d\u8bc4\u3002"", ""date"": ""2024-09-11"", ""score"": 5, ""commentId"": ""236625826"", ""imgs"": [], ""userNickName"": ""f*0"", ""replyCityName"": """", ""cityName"": """"}, {""author"": ""f*0"", ""content"": ""\u7528\u6237\u672a\u70b9\u8bc4\uff0c\u7cfb\u7edf\u9ed8\u8ba4\u597d\u8bc4\u3002"", ""date"": ""2024-09-11"", ""score"": 5, ""commentId"": ""236603724"", ""imgs"": [], ""userNickName"": ""f*0"", ""replyCityName"": """", ""cityName"": """"}, {""author"": ""f*0"", ""content"": ""\u7528\u6237\u672a\u70b9\u8bc4\uff0c\u7cfb\u7edf\u9ed8\u8ba4\u597d\u8bc4\u3002"", ""date"": ""2024-09-11"", ""score"": 5, ""commentId"": ""236602223"", ""imgs"": [], ""userNickName"": ""f*0"", ""replyCityName"": """", ""cityName"": """"}, {""author"": ""\u53bb*\u6237"", ""content"": ""\u7528\u6237\u672a\u70b9\u8bc4\uff0c\u7cfb\u7edf\u9ed8\u8ba4\u597d\u8bc4\u3002"", ""date"": ""2024-09-11"", ""score"": 5, ""commentId"": ""236589069"", ""imgs"": [], ""userNickName"": ""\u53bb*\u6237"", ""replyCityName"": """", ""cityName"": """"}, {""author"": ""r*1"", ""content"": ""\u7528\u6237\u672a\u70b9\u8bc4\uff0c\u7cfb\u7edf\u9ed8\u8ba4\u597d\u8bc4\u3002"", ""date"": ""2024-09-09"", ""score"": 5, ""commentId"": ""236510422"", ""imgs"": [], ""userNickName"": ""r*1"", ""replyCityName"": """", ""cityName"": """"}, {""author"": ""L*g"", ""content"": ""\u7528\u6237\u672a\u70b9\u8bc4\uff0c\u7cfb\u7edf\u9ed8\u8ba4\u597d\u8bc4\u3002"", ""date"": ""2023-11-03"", ""score"": 5, ""commentId"": ""230031124"", ""imgs"": [], ""userNickName"": ""L*g"", ""replyCityName"": """", ""cityName"": """"}, {""author"": ""\u53bb*\u6237"", ""content"": ""\u7528\u6237\u672a\u70b9\u8bc4\uff0c\u7cfb\u7edf\u9ed8\u8ba4\u597d\u8bc4\u3002"", ""date"": ""2023-11-03"", ""score"": 5, ""commentId"": ""230028518"", ""imgs"": [], ""userNickName"": ""\u53bb*\u6237"", ""replyCityName"": """", ""cityName"": """"}], ""score"": 4.9, ""commentCount"": 865}, ""statusCode"": 200}"
十里银滩,https://qimgs.qunarzz.com/piao_qsight_provider_piao_qsight_web/0104n12000f6qjkfd4652_C_900_504.jpg_280x200_340c369e.jpg,阳江市,江城区,广东省阳江市江城区海陵岛,473,5.0,超长海岸线的魅力风光,https://piao.qunar.com/ticket/detail_1484395439.html?st=a3clM0QlRTYlQjElOUYlRTUlOUYlOEUlRTUlOEMlQkElMjZpZCUzRDI2ODIxJTI2dHlwZSUzRDAlMjZpZHglM0QxOSUyNnF0JTNEJTI2YXBrJTNEMiUyNnNjJTNEV1dXJTI2dXIlM0QlRTQlQjglQUQlRTUlQjElQjElMjZsciUzRCVFNCVCOCVBRCVFNSVCMSVCMSUyNmZ0JTNEJTdCJTdE#from=mpl_search_suggest,-1.0,N/A,十里银滩海滨旅游度假区位于海陵岛中南部，可供开发土地22平方公里，地形结构为“前湾后湖、六湾拱护、八峰环绕、南海明珠”，沙滩长9.5公里，纵深腹地广阔，滩宽60—250米，1993年美国纽约海岸规划局长饶及人称之为“世界之钻”，1994。海滨浴场沙质优越、海水清澈、景观总体评价为一级。,1/1-12/31；周一至周日；07:00-19:00开园,https://qimgs.qunarzz.com/piao_qsight_provider_piao_qsight_web/0104n12000f6qjkfd4652_C_900_504.jpg_710x360_36efa8d7.jpg〇https://qimgs.qunarzz.com/piao_qsight_provider_piao_qsight_web/0104n12000f6qjkfd4652_C_900_504_Q90_Mtg_7.jpg_710x360_2c95785a.jpg〇https://qimgs.qunarzz.com/piao_qsight_provider_piao_qsight_web/350r15000000xd28hCCFE_C_900_504_Q90_Mtg_7.jpg_710x360_8c6dc644.jpg〇https://qimgs.qunarzz.com/piao_qsight_provider_piao_qsight_web/350q15000000xfxfq83E0_C_900_504_Q90_Mtg_7.jpg_710x360_b903d637.jpg〇https://qimgs.qunarzz.com/piao_qsight_provider_piao_qsight_web/350v15000000xporf7B39_C_900_504_Q90_Mtg_7.jpg_710x360_2e4eef26.jpg〇https://qimgs.qunarzz.com/piao_qsight_provider_piao_qsight_web/10051f000001gstp11287_C_900_504_Q90_Mtg_7.jpg_710x360_b9597bf4.jpg〇https://qimgs.qunarzz.com/piao_qsight_provider_piao_qsight_web/350t15000000xeos691FD_C_900_504_Q90_Mtg_7.jpg_710x360_fc4c712b.jpg〇https://qimgs.qunarzz.com/piao_qsight_provider_piao_qsight_web/0105o1200087dpip5578B_C_900_504_Q90_Mtg_7.jpg_710x360_c2e92bf4.jpg〇https://qimgs.qunarzz.com/piao_qsight_provider_piao_qsight_web/350815000000xeu2b71FD_C_900_504_Q90_Mtg_7.jpg_710x360_86de286b.jpg〇https://qimgs.qunarzz.com/piao_qsight_provider_piao_qsight_web/350715000000xvbnn78B4_C_900_504_Q90_Mtg_7.jpg_710x360_ddf2dbf8.jpg〇https://qimgs.qunarzz.com/piao_qsight_provider_piao_qsight_web/350j15000000xe5kwA68F_C_900_504_Q90_Mtg_7.jpg_710x360_90d0dfca.jpg〇https://imgs.qunarzz.com/sight/p0/1409/04/00e90314e3bade861b2b885e8331c422.jpg_710x360_db141617.jpg〇https://imgs.qunarzz.com/sight/p0/1409/04/ba106711f0b352a3e938ef570288272e.jpg_710x360_205410fa.jpg〇https://imgs.qunarzz.com/sight/p0/1409/04/3eb4d071562ce041eb2e49fbd5af3fc8.jpg_710x360_bd887e0c.jpg,"{""ret"": true, ""data"": {""tagList"": [{""tagType"": 32, ""tagScore"": 5, ""tagNum"": 4, ""tagName"": ""\u670d\u52a1\u597d""}, {""tagType"": 16, ""tagScore"": 5, ""tagNum"": 4, ""tagName"": ""\u9760\u8c31""}, {""tagType"": 8, ""tagScore"": 5, ""tagNum"": 2, ""tagName"": ""\u4fbf\u5b9c""}, {""tagType"": 4, ""tagScore"": 5, ""tagNum"": 3, ""tagName"": ""\u53d6\u7968\u65b9\u4fbf""}, {""tagType"": 3, ""tagScore"": 5, ""tagNum"": 4, ""tagName"": ""\u5dee\u8bc4""}, {""tagType"": 2, ""tagScore"": 5, ""tagNum"": 2, ""tagName"": ""\u4e2d\u8bc4""}, {""tagType"": 1, ""tagScore"": 5, ""tagNum"": 467, ""tagName"": ""\u597d\u8bc4""}, {""tagType"": 0, ""tagScore"": 5, ""tagNum"": 473, ""tagName"": ""\u5168\u90e8""}], ""commentList"": [{""author"": ""\u67d2*\u7433"", ""content"": ""\u5f88\u9ebb\u70e6\uff0c\u5546\u5bb6\u548c\u5bfc\u6e38\u6ca1\u6709\u6c9f\u901a\u597d\uff0c\u9047\u5230\u95ee\u9898\u627e\u5bfc\u6e38\uff0c\u628a\u95ee\u9898\u63a8\u7ed9\u5546\u5bb6\uff0c\u5546\u5bb6\u53c8\u63a8\u5bfc\u6e38\uff0c\u6ca1\u4eba\u613f\u610f\u4e3b\u52a8\u89e3\u51b3\uff0c\u5f97\u81ea\u5df1\u4e00\u4e2a\u4e00\u4e2a\u53bb\u627e\u4eba\u89e3\u51b3\u3002\u5e76\u4e14\u4e2d\u9014\u4f1a\u505c\u8f66\uff0c\u6253\u5e7f\u544a\u8bd5\u5403\u8d2d\u4e70\u4ed6\u4eec\u5546\u54c1\u3002\u6700\u6076\u5fc3\u7684\u662f\u672c\u6765\u5750\u8f66\u5c31\u5bb9\u6613\u72af\u56f0\uff0c\u5bfc\u6e38\u4f1a\u4e00\u76f4\u6253\u6270\u4f60\uff0c\u751a\u81f3\u628a\u7761\u7740\u7684\u4f60\u5f04\u9192\u558a\u8d77\u6765\u5f04\u597d\u8bc4\u3002"", ""date"": ""2024-08-09"", ""score"": 1, ""commentId"": ""235370930"", ""imgs"": [], ""userNickName"": ""\u67d2*\u7433"", ""replyCityName"": ""\u5e7f\u4e1c"", ""cityName"": ""\u5e7f\u4e1c""}, {""author"": ""\u53bb*\u6237"", ""content"": ""\u7528\u6237\u672a\u70b9\u8bc4\uff0c\u7cfb\u7edf\u9ed8\u8ba4\u597d\u8bc4\u3002"", ""date"": ""2024-09-24"", ""score"": 5, ""commentId"": ""237177427"", ""imgs"": [], ""userNickName"": ""\u53bb*\u6237"", ""replyCityName"": """", ""cityName"": """"}, {""author"": ""\u5f00*\u5fc3"", ""content"": ""\u7528\u6237\u672a\u70b9\u8bc4\uff0c\u7cfb\u7edf\u9ed8\u8ba4\u597d\u8bc4\u3002"", ""date"": ""2024-08-28"", ""score"": 5, ""commentId"": ""235940646"", ""imgs"": [], ""userNickName"": ""\u5f00*\u5fc3"", ""replyCityName"": """", ""cityName"": """"}, {""author"": ""\u5f00*\u5fc3"", ""content"": ""\u7528\u6237\u672a\u70b9\u8bc4\uff0c\u7cfb\u7edf\u9ed8\u8ba4\u597d\u8bc4\u3002"", ""date"": ""2024-08-22"", ""score"": 5, ""commentId"": ""235748535"", ""imgs"": [], ""userNickName"": ""\u5f00*\u5fc3"", ""replyCityName"": """", ""cityName"": """"}, {""author"": ""\u53bb*\u6237"", ""content"": ""\u7528\u6237\u672a\u70b9\u8bc4\uff0c\u7cfb\u7edf\u9ed8\u8ba4\u597d\u8bc4\u3002"", ""date"": ""2024-08-11"", ""score"": 5, ""commentId"": ""235400074"", ""imgs"": [], ""userNickName"": ""\u53bb*\u6237"", ""replyCityName"": """", ""cityName"": """"}, {""author"": ""e*3"", ""content"": ""\u4f53\u9a8c\u611f\u6700\u5dee\u7684\u6d77\u8fb9\u666f\u533a\uff0c\u65e0\u51b2\u5237\u5904\uff0c\u65e0\u516c\u5395\uff0c\u95ee\u4e2a\u4eba\u90fd\u7231\u6001\u5ea6\u975e\u5e38\u6076\u52a3\u7684\u6ca1\u6709\uff0c\u4e0d\u77e5\u9053\u3002\u4e0d\u77e5\u9053\u600e\u4e48\u505a\u7684\u666f\u533a"", ""date"": ""2024-02-13"", ""score"": 1, ""commentId"": ""231409454"", ""imgs"": [], ""userNickName"": ""e*3"", ""replyCityName"": """", ""cityName"": ""\u5e7f\u4e1c""}, {""author"": ""j*d"", ""content"": ""\u7528\u6237\u672a\u70b9\u8bc4\uff0c\u7cfb\u7edf\u9ed8\u8ba4\u597d\u8bc4\u3002"", ""date"": ""2023-09-24"", ""score"": 5, ""commentId"": ""229014079"", ""imgs"": [], ""userNickName"": ""j*d"", ""replyCityName"": """", ""cityName"": """"}, {""author"": ""\u7d20*\u8018"", ""content"": ""\u7528\u6237\u672a\u70b9\u8bc4\uff0c\u7cfb\u7edf\u9ed8\u8ba4\u597d\u8bc4\u3002"", ""date"": ""2023-08-15"", ""score"": 5, ""commentId"": ""227318512"", ""imgs"": [], ""userNickName"": ""\u7d20*\u8018"", ""replyCityName"": """", ""cityName"": """"}, {""author"": ""k*7"", ""content"": ""\u7528\u6237\u672a\u70b9\u8bc4\uff0c\u7cfb\u7edf\u9ed8\u8ba4\u597d\u8bc4\u3002"", ""date"": ""2023-08-14"", ""score"": 5, ""commentId"": ""227297817"", ""imgs"": [], ""userNickName"": ""k*7"", ""replyCityName"": """", ""cityName"": """"}, {""author"": ""c*7"", ""content"": ""\u4ef7\u683c\u4fbf\u5b9c\u4e0a\u8f66\u70b9\u65b9\u4fbf\u4e0b\u6b21\u7ee7\u7eed\u9009\u62e9"", ""date"": ""2023-07-22"", ""score"": 5, ""commentId"": ""226694313"", ""imgs"": [], ""userNickName"": ""c*7"", ""replyCityName"": """", ""cityName"": ""\u5e7f\u4e1c""}], ""score"": 5.0, ""commentCount"": 473}, ""statusCode"": 200}"
维纳斯皇家温泉(广东阳西店),https://qimgs.qunarzz.com/piao_qsight_provider_piao_qsight_web/3eeea4d252874402.jpg_280x200_82e9a9f7.jpg,阳江市,阳西县,阳江市阳西县湖景路8号,359,4.9,园林式的“空中温泉”,https://piao.qunar.com/ticket/detail_1649230585.html?st=a3clM0QlRTklOTglQjMlRTglQTUlQkYlRTUlOEUlQkYlMjZpZCUzRDQ1NTkzNyUyNnR5cGUlM0QwJTI2aWR4JTNEMiUyNnF0JTNEJTI2YXBrJTNEMiUyNnNjJTNEV1dXJTI2dXIlM0QlRTQlQjglQUQlRTUlQjElQjElMjZsciUzRCVFNCVCOCVBRCVFNSVCMSVCMSUyNmZ0JTNEJTdCJTdE#from=mpl_search_suggest,58.0,N/A,中国首家园林式“空中温泉”,1/1-12/31；周一至周日；15:30-23:30开园,https://qimgs.qunarzz.com/piao_qsight_provider_piao_qsight_web/100i1f000001gp2pmEE15_C_900_504.jpg_710x360_6b0a5cdb.jpg〇https://qimgs.qunarzz.com/piao_qsight_provider_piao_qsight_web/10030c0000006omhkE4C4_C_900_504_Q90_Mtg_7.jpg_710x360_ad1f9b7c.jpg〇https://qimgs.qunarzz.com/piao_qsight_provider_piao_qsight_web/100i1f000001gp2pmEE15_C_900_504_Q90_Mtg_7.jpg_710x360_fdfe8d99.jpg〇https://imgs.qunarzz.com/sight/p0/1605/6c/6cae83ebf0685efc90.water.jpg_710x360_2803423e.jpg〇https://imgs.qunarzz.com/sight/p0/1605/24/24b5ffbd8824e77f90.water.jpg_710x360_b54f0f17.jpg〇https://imgs.qunarzz.com/sight/p0/1605/98/98816a3b9412ce8990.water.jpg_710x360_9bc0911c.jpg〇https://imgs.qunarzz.com/sight/p0/1605/9b/9bb232615e85c40190.water.jpg_710x360_cf9804b4.jpg〇https://qimgs.qunarzz.com/piao_qsight_provider_piao_qsight_web/d14e18949500f502.jpg_710x360_60ef11c5.jpg〇https://qimgs.qunarzz.com/piao_qsight_provider_piao_qsight_web/e0014ad555428e02.jpg_710x360_139f929c.jpg〇https://qimgs.qunarzz.com/piao_qsight_provider_piao_qsight_web/d14e18949500f502.jpg_710x360_60ef11c5.jpg〇https://qimgs.qunarzz.com/piao_qsight_provider_piao_qsight_web/e5e0f7927907ba02.jpg_710x360_ceb701f9.jpg〇https://qimgs.qunarzz.com/piao_qsight_provider_piao_qsight_web/13daf8afd381ac02.jpg_710x360_8b6286c3.jpg〇https://qimgs.qunarzz.com/piao_qsight_provider_piao_qsight_web/6f0932d76bec4302.jpg_710x360_94625ad2.jpg〇https://qimgs.qunarzz.com/piao_qsight_provider_piao_qsight_web/d363b94c87582302.jpg_710x360_990cc909.jpg〇https://qimgs.qunarzz.com/piao_qsight_provider_piao_qsight_web/3eeea4d252874402.jpg_710x360_ee3aad02.jpg〇https://qimgs.qunarzz.com/piao_qsight_provider_piao_qsight_web/594e30fc9dfafe02.jpg_710x360_ba5631b4.jpg〇https://qimgs.qunarzz.com/piao_qsight_provider_piao_qsight_web/d1a8f0c5db335602.jpg_710x360_6bbe8133.jpg〇https://qimgs.qunarzz.com/piao_qsight_provider_piao_qsight_web/f8ccc85e2266c802.jpg_710x360_d12c889c.jpg〇https://qimgs.qunarzz.com/piao_qsight_provider_piao_qsight_web/b36ec1a57086f102.jpg_710x360_68bbc02b.jpg〇https://qimgs.qunarzz.com/piao_qsight_provider_piao_qsight_web/8465034b5b2c8302.jpg_710x360_f47a8626.jpg〇https://qimgs.qunarzz.com/piao_qsight_provider_piao_qsight_web/667f1942aecb8102.jpg_710x360_dfd8006b.jpg〇https://qimgs.qunarzz.com/piao_qsight_provider_piao_qsight_web/1a36812df077a802.jpg_710x360_3fbf48b7.jpg〇https://qimgs.qunarzz.com/piao_qsight_provider_piao_qsight_web/31c1288baf536d02.jpg_710x360_8f6ccbe0.jpg〇https://qimgs.qunarzz.com/piao_qsight_provider_piao_qsight_web/0ff4b1b60f583802.jpg_710x360_ad8a0cf1.jpg〇https://qimgs.qunarzz.com/piao_qsight_provider_piao_qsight_web/ffc7e8a96c317102.jpg_710x360_a2a3c0bf.jpg〇https://qimgs.qunarzz.com/piao_qsight_provider_piao_qsight_web/1aa804f0fa0a902.jpg_710x360_4a194a25.jpg〇https://qimgs.qunarzz.com/piao_qsight_provider_piao_qsight_web/42ba5dc05f5ce02.jpg_710x360_76d337f6.jpg,"{""ret"": true, ""data"": {""tagList"": [{""tagType"": 32, ""tagScore"": 5, ""tagNum"": 3, ""tagName"": ""\u670d\u52a1\u597d""}, {""tagType"": 16, ""tagScore"": 5, ""tagNum"": 4, ""tagName"": ""\u9760\u8c31""}, {""tagType"": 8, ""tagScore"": 5, ""tagNum"": 3, ""tagName"": ""\u4fbf\u5b9c""}, {""tagType"": 4, ""tagScore"": 5, ""tagNum"": 4, ""tagName"": ""\u53d6\u7968\u65b9\u4fbf""}, {""tagType"": 3, ""tagScore"": 5, ""tagNum"": 2, ""tagName"": ""\u5dee\u8bc4""}, {""tagType"": 2, ""tagScore"": 5, ""tagNum"": 3, ""tagName"": ""\u4e2d\u8bc4""}, {""tagType"": 1, ""tagScore"": 5, ""tagNum"": 352, ""tagName"": ""\u597d\u8bc4""}, {""tagType"": 0, ""tagScore"": 5, ""tagNum"": 359, ""tagName"": ""\u5168\u90e8""}], ""commentList"": [{""author"": ""o*0"", ""content"": ""\u7528\u6237\u672a\u70b9\u8bc4\uff0c\u7cfb\u7edf\u9ed8\u8ba4\u597d\u8bc4\u3002"", ""date"": ""2024-11-04"", ""score"": 5, ""commentId"": ""238381081"", ""imgs"": [], ""userNickName"": ""o*0"", ""replyCityName"": """", ""cityName"": """"}, {""author"": ""s*7"", ""content"": ""\u7528\u6237\u672a\u70b9\u8bc4\uff0c\u7cfb\u7edf\u9ed8\u8ba4\u597d\u8bc4\u3002"", ""date"": ""2024-10-16"", ""score"": 5, ""commentId"": ""237670472"", ""imgs"": [], ""userNickName"": ""s*7"", ""replyCityName"": """", ""cityName"": """"}, {""author"": ""\u53bb*\u6237"", ""content"": ""\u7528\u6237\u672a\u70b9\u8bc4\uff0c\u7cfb\u7edf\u9ed8\u8ba4\u597d\u8bc4\u3002"", ""date"": ""2024-01-30"", ""score"": 5, ""commentId"": ""231208901"", ""imgs"": [], ""userNickName"": ""\u53bb*\u6237"", ""replyCityName"": """", ""cityName"": """"}, {""author"": ""\u53bb*\u6237"", ""content"": ""\u7528\u6237\u672a\u70b9\u8bc4\uff0c\u7cfb\u7edf\u9ed8\u8ba4\u597d\u8bc4\u3002"", ""date"": ""2024-01-16"", ""score"": 5, ""commentId"": ""231057939"", ""imgs"": [], ""userNickName"": ""\u53bb*\u6237"", ""replyCityName"": """", ""cityName"": """"}, {""author"": ""\u5c0f*\u7389"", ""content"": ""\u7528\u6237\u672a\u70b9\u8bc4\uff0c\u7cfb\u7edf\u9ed8\u8ba4\u597d\u8bc4\u3002"", ""date"": ""2024-01-02"", ""score"": 5, ""commentId"": ""230919235"", ""imgs"": [], ""userNickName"": ""\u5c0f*\u7389"", ""replyCityName"": """", ""cityName"": """"}, {""author"": ""\u53bb*\u6237"", ""content"": ""\u7528\u6237\u672a\u70b9\u8bc4\uff0c\u7cfb\u7edf\u9ed8\u8ba4\u597d\u8bc4\u3002"", ""date"": ""2023-12-05"", ""score"": 5, ""commentId"": ""230601862"", ""imgs"": [], ""userNickName"": ""\u53bb*\u6237"", ""replyCityName"": """", ""cityName"": """"}, {""author"": ""\u4e00*\u4e0a"", ""content"": ""\u7528\u6237\u672a\u70b9\u8bc4\uff0c\u7cfb\u7edf\u9ed8\u8ba4\u597d\u8bc4\u3002"", ""date"": ""2023-09-12"", ""score"": 5, ""commentId"": ""228520693"", ""imgs"": [], ""userNickName"": ""\u4e00*\u4e0a"", ""replyCityName"": """", ""cityName"": """"}, {""author"": ""q*2"", ""content"": ""\u7528\u6237\u672a\u70b9\u8bc4\uff0c\u7cfb\u7edf\u9ed8\u8ba4\u597d\u8bc4\u3002"", ""date"": ""2023-08-24"", ""score"": 5, ""commentId"": ""227675721"", ""imgs"": [], ""userNickName"": ""q*2"", ""replyCityName"": """", ""cityName"": """"}, {""author"": ""\u53bb*\u6237"", ""content"": ""\u7528\u6237\u672a\u70b9\u8bc4\uff0c\u7cfb\u7edf\u9ed8\u8ba4\u597d\u8bc4\u3002"", ""date"": ""2023-07-27"", ""score"": 5, ""commentId"": ""226849541"", ""imgs"": [], ""userNickName"": ""\u53bb*\u6237"", ""replyCityName"": """", ""cityName"": """"}, {""author"": ""r*6"", ""content"": ""\u7528\u6237\u672a\u70b9\u8bc4\uff0c\u7cfb\u7edf\u9ed8\u8ba4\u597d\u8bc4\u3002"", ""date"": ""2023-06-21"", ""score"": 5, ""commentId"": ""226303527"", ""imgs"": [], ""userNickName"": ""r*6"", ""replyCityName"": """", ""cityName"": """"}], ""score"": 4.9, ""commentCount"": 359}, ""statusCode"": 200}"
顺璟游艇俱乐部,https://mp-piao-admincp.qunarzz.com/mp_piao_admin_mp_piao_admin/admin/20217/30d54820c6727b9958d585769ab3c5c2.png_280x200_7ef61cce.png,阳江市,江城区,广东省阳江市江城区海凌岛闸坡镇大天然渔排马尾岛方向,-1,-1.0,N/A,https://piao.qunar.com/ticket/detail_361852517.html?st=a3clM0QlRTYlQjElOUYlRTUlOUYlOEUlRTUlOEMlQkElMjZpZCUzRDUzMzk3OCUyNnR5cGUlM0QwJTI2aWR4JTNEMTglMjZxdCUzRCUyNmFwayUzRDIlMjZzYyUzRFdXVyUyNnVyJTNEJUU0JUI4JUFEJUU1JUIxJUIxJTI2bHIlM0QlRTQlQjglQUQlRTUlQjElQjElMjZmdCUzRCU3QiU3RA%3D%3D#from=mpl_search_suggest,2580.0,N/A,N/A,暂无,https://mp-piao-admincp.qunarzz.com/mp_piao_admin_mp_piao_admin/admin/20217/30d54820c6727b9958d585769ab3c5c2.png_710x360_c2302e12.png,"{""ret"": true, ""data"": {""tagList"": [{""tagType"": 0, ""tagScore"": 5, ""tagNum"": 0, ""tagName"": ""\u5168\u90e8""}], ""score"": 0.0, ""commentCount"": 0}, ""statusCode"": 200}"
闸坡海乐旅游,https://qimgs.qunarzz.com/piao_qsight_provider_piao_qsight_web/0105w120009d1ckcw41DC_C_900_504.jpg_280x200_9ad10bcd.jpg,阳江市,江城区,阳江市海陵岛闸坡中心渔港旅游码头（闸坡农贸市场西北200米）,-1,-1.0,N/A,https://piao.qunar.com/ticket/detail_78067164.html?st=a3clM0QlRTYlQjElOUYlRTUlOUYlOEUlRTUlOEMlQkElMjZpZCUzRDUzMTMwNyUyNnR5cGUlM0QwJTI2aWR4JTNEMTclMjZxdCUzRCUyNmFwayUzRDIlMjZzYyUzRFdXVyUyNnVyJTNEJUU0JUI4JUFEJUU1JUIxJUIxJTI2bHIlM0QlRTQlQjglQUQlRTUlQjElQjElMjZmdCUzRCU3QiU3RA%3D%3D#from=mpl_search_suggest,68.0,N/A,N/A,1/1-12/31；周一至周日；08:00-18:00开园,https://qimgs.qunarzz.com/piao_qsight_provider_piao_qsight_web/0105w120009d1ckcw41DC_C_900_504.jpg_710x360_5b49b814.jpg〇https://qimgs.qunarzz.com/piao_qsight_provider_piao_qsight_web/0106k120009d1cjoaD242_C_900_504_Q90_Mtg_7.jpg_710x360_69e280b5.jpg〇https://qimgs.qunarzz.com/piao_qsight_provider_piao_qsight_web/0100v120009d1cmpg05DA_C_900_504_Q90_Mtg_7.jpg_710x360_154b065b.jpg〇https://qimgs.qunarzz.com/piao_qsight_provider_piao_qsight_web/01020120009d1clsx76D9_C_900_504_Q90_Mtg_7.jpg_710x360_72a411c7.jpg〇https://qimgs.qunarzz.com/piao_qsight_provider_piao_qsight_web/0100a120009d1pf2oE5D0_C_900_504_Q90_Mtg_7.jpg_710x360_45b0d999.jpg〇https://qimgs.qunarzz.com/piao_qsight_provider_piao_qsight_web/01041120009d1cdpx42F1_C_900_504_Q90_Mtg_7.jpg_710x360_66997397.jpg〇https://qimgs.qunarzz.com/piao_qsight_provider_piao_qsight_web/0101h120009d1pikdE099_C_900_504_Q90_Mtg_7.jpg_710x360_dd9eef41.jpg〇https://qimgs.qunarzz.com/piao_qsight_provider_piao_qsight_web/01044120009d1coz4CB1A_C_900_504_Q90_Mtg_7.jpg_710x360_dac761d1.jpg〇https://qimgs.qunarzz.com/piao_qsight_provider_piao_qsight_web/0105h120009d1cgvx1E93_C_900_504_Q90_Mtg_7.jpg_710x360_5a3b7551.jpg〇https://qimgs.qunarzz.com/piao_qsight_provider_piao_qsight_web/01042120009d1ckce3A26_C_900_504_Q90_Mtg_7.jpg_710x360_141e97df.jpg〇https://qimgs.qunarzz.com/piao_qsight_provider_piao_qsight_web/0105w120009d1ckcw41DC_C_900_504_Q90_Mtg_7.jpg_710x360_385a12d5.jpg,"{""ret"": true, ""data"": {""tagList"": [{""tagType"": 0, ""tagScore"": 5, ""tagNum"": 0, ""tagName"": ""\u5168\u90e8""}], ""score"": 0.0, ""commentCount"": 0}, ""statusCode"": 200}"
鸳鸯湖公园,https://qimgs.qunarzz.com/piao_qsight_provider_piao_qsight_web/c5a95f94c2ce65b5.jpg_280x200_1b7de971.jpg,阳江市,江城区,广东省阳江市江城区鸳鸯湖畔,1,5.0,杨柳垂堤，山清水秀，别具南国湖光韵味,https://piao.qunar.com/ticket/detail_3633482007.html?st=a3clM0QlRTYlQjElOUYlRTUlOUYlOEUlRTUlOEMlQkElMjZpZCUzRDE0ODI5JTI2dHlwZSUzRDAlMjZpZHglM0QyNCUyNnF0JTNEJTI2YXBrJTNEMiUyNnNjJTNEV1dXJTI2dXIlM0QlRTQlQjglQUQlRTUlQjElQjElMjZsciUzRCVFNCVCOCVBRCVFNSVCMSVCMSUyNmZ0JTNEJTdCJTdE#from=mpl_search_suggest,-1.0,N/A,鸳鸯湖公园位于阳江市区鸳鸯湖畔。现建成景区面积16.7万平方米，绿化面积10.8万平方米，有鸳鸯湖、南国风筝场、风筝博览馆、海鸥观礼台和广场雕塑“放飞之梦”等景点。鸳鸯湖水面积为47公顷，为天然的气温调节湖。鸳鸯湖湖水清澈，湖岸杨柳垂堤，山清水秀，花繁叶茂，楼台阁榭点缀其间，与绿树相映成趣，别具南国湖光韵味。南国风筝场1991年建成，占地12万平方米，“南国风筝场”由原广东省省长叶选平题字。风筝场可容数万群众同时进行放飞风筝娱乐活动，是市民和游客休闲、娱乐的好去处，是我国极负盛名的风筝放飞场，我市每年在这里举行放风筝比赛。近年，阳江市对风筝场进行了改造，铺设花岗岩地面和草坪，种植风景树，点缀一些人文景观，修建了海鸥造型的观礼台、“放飞之梦”雕塑、环湖路、大型停车场和相关的旅游设施，安装许多亮丽的灯饰。每当华灯初上，风筝场溢彩流光，展现出美丽璀璨的夜景。鸳鸯湖公园还有风格古朴漠阳楼、阳江市博物馆、李萁烈士墓等景点以及游泳池、溜冰场、游乐园、健康中心、动物园等设施。,01/01-12/31；全天开放,https://imgs.qunarzz.com/sight/p11/201211/03/c80719bd24486df493835fbb.jpg_710x360_d87ffd99.jpg〇https://qimgs.qunarzz.com/piao_qsight_provider_piao_qsight_web/024393be992948b5.jpg_710x360_a805df69.jpg〇https://qimgs.qunarzz.com/piao_qsight_provider_piao_qsight_web/03e5b0364c8a1c37.jpg_710x360_3d439367.jpg〇https://qimgs.qunarzz.com/piao_qsight_provider_piao_qsight_web/91531c5f1fc574b5.jpg_710x360_b016b5d9.jpg〇https://qimgs.qunarzz.com/piao_qsight_provider_piao_qsight_web/450f328220f236b5.jpg_710x360_226e0b5c.jpg〇https://qimgs.qunarzz.com/piao_qsight_provider_piao_qsight_web/c5a95f94c2ce65b5.jpg_710x360_32e2e82e.jpg〇https://qimgs.qunarzz.com/piao_qsight_provider_piao_qsight_web/024393be992948b5.jpg_710x360_a805df69.jpg〇https://qimgs.qunarzz.com/piao_qsight_provider_piao_qsight_web/dc2199f154ea90b5.jpg_710x360_e8995f18.jpg〇https://qimgs.qunarzz.com/piao_qsight_provider_piao_qsight_web/7d1c1cc7aa5e83b5.jpg_710x360_82df2104.jpg〇https://qimgs.qunarzz.com/piao_qsight_provider_piao_qsight_web/864514c956d382b5.jpg_710x360_3a3af0f0.jpg〇https://qimgs.qunarzz.com/piao_qsight_provider_piao_qsight_web/2556a932923ae1b5.jpg_710x360_2229178e.jpg〇https://qimgs.qunarzz.com/piao_qsight_provider_piao_qsight_web/bff7877abefb12b5.jpg_710x360_98987f29.jpg〇https://qimgs.qunarzz.com/piao_qsight_provider_piao_qsight_web/2dbbe572a9b066b5.jpg_710x360_a3d6d7fe.jpg〇https://qimgs.qunarzz.com/piao_qsight_provider_piao_qsight_web/366bcd58f4afb7f7.jpg_710x360_70030b5c.jpg〇https://qimgs.qunarzz.com/piao_qsight_provider_piao_qsight_web/d7baad1b11aebef7.jpg_710x360_a34d332f.jpg〇https://qimgs.qunarzz.com/piao_qsight_provider_piao_qsight_web/12da20e1ca5debf7.jpg_710x360_81107c38.jpg〇https://qimgs.qunarzz.com/piao_qsight_provider_piao_qsight_web/cc6c8c03c84d4df7.jpg_710x360_bd449ac9.jpg〇https://qimgs.qunarzz.com/piao_qsight_provider_piao_qsight_web/a5193af105f251f7.jpg_710x360_d7e1b03a.jpg〇https://qimgs.qunarzz.com/piao_qsight_provider_piao_qsight_web/ae5a541613bfc8.jpg_710x360_5380cf37.jpg〇https://qimgs.qunarzz.com/piao_qsight_provider_piao_qsight_web/f58a43feaabb1bb4c8d65eac.jpg_710x360_fbe3ce8f.jpg〇https://qimgs.qunarzz.com/piao_qsight_provider_piao_qsight_web/80fc21b4d304e521c8d65eac.jpg_710x360_b054087e.jpg,"{""ret"": true, ""data"": {""tagList"": [{""tagType"": 1, ""tagScore"": 5, ""tagNum"": 1, ""tagName"": ""\u597d\u8bc4""}, {""tagType"": 0, ""tagScore"": 5, ""tagNum"": 1, ""tagName"": ""\u5168\u90e8""}], ""commentList"": [{""author"": ""y*n"", ""content"": ""\u8fd9\u5730\u65b9\u4e0d\u9519\uff0c\u73af\u5883\u4e0d\u9519\u670d\u52a1\u4e0a\u4e58\u73af\u3002"", ""date"": ""2017-04-30"", ""score"": 5, ""commentId"": ""204922947"", ""imgs"": [], ""userNickName"": ""y*n"", ""replyCityName"": """", ""cityName"": """"}], ""score"": 5.0, ""commentCount"": 1}, ""statusCode"": 200}"
保利银滩高尔夫球会,https://imgs.qunarzz.com/sight/p0/1802/5f/5f53a970853127b4a3.water.jpg_280x200_b3cdc18d.jpg,阳江市,江城区,广东省阳江市江城区海陵岛/闸坡十里银滩西区保利银滩U区会所,-1,-1.0,地处风光毓秀，粗犷壮阔的闸坡十里银滩,https://piao.qunar.com/ticket/detail_3761946537.html?st=a3clM0QlRTYlQjElOUYlRTUlOUYlOEUlRTUlOEMlQkElMjZpZCUzRDQ2NzYxNyUyNnR5cGUlM0QwJTI2aWR4JTNENDQlMjZxdCUzRCUyNmFwayUzRDIlMjZzYyUzRFdXVyUyNnVyJTNEJUU0JUI4JUFEJUU1JUIxJUIxJTI2bHIlM0QlRTQlQjglQUQlRTUlQjElQjElMjZmdCUzRCU3QiU3RA%3D%3D#from=mpl_search_suggest,-1.0,N/A,保利南海1号高尔夫球会地处广东阳江风光毓秀，粗犷壮阔的闸坡十里银滩。西邻海上丝绸之路博物馆南海I号，南向碧波荡漾的南海，背靠海陵岛“草王山”，是粤西地区国际标准18洞滨海高尔夫球场。球场是由世界著名高尔夫球场设计师施密特.科里负责设计，“海滩·GOLF”的融合，“海涛声中挥杆享受”是球场的特色。整个球场设计为18洞标准国际场地，球道总长6800码，总占地1100亩。球会依托海陵岛迷人的海岛风情打造出一个让人心情舒畅的18洞高尔夫球场。,暂无,https://imgs.qunarzz.com/sight/p0/1802/5f/5f53a970853127b4a3.water.jpg_710x360_81987892.jpg,"{""ret"": true, ""data"": {""tagList"": [{""tagType"": 0, ""tagScore"": 5, ""tagNum"": 0, ""tagName"": ""\u5168\u90e8""}], ""score"": 0.0, ""commentCount"": 0}, ""statusCode"": 200}"
北洛秘境地面露天泳池,https://qimgs.qunarzz.com/piao_qsight_provider_piao_qsight_web/0106o12000a0pme76DA33_C_900_504_Q90_Mtg_7.jpg_280x200_4c7e13bf.jpg,阳江市,江城区,阳江市江城区北洛湾大道北洛秘境度假酒店游玩中心,-1,-1.0,N/A,https://piao.qunar.com/ticket/detail_3420498718.html?st=a3clM0QlRTYlQjElOUYlRTUlOUYlOEUlRTUlOEMlQkElMjZpZCUzRDUyMTUxMyUyNnR5cGUlM0QwJTI2aWR4JTNENDMlMjZxdCUzRCUyNmFwayUzRDIlMjZzYyUzRFdXVyUyNnVyJTNEJUU0JUI4JUFEJUU1JUIxJUIxJTI2bHIlM0QlRTQlQjglQUQlRTUlQjElQjElMjZmdCUzRCU3QiU3RA%3D%3D#from=mpl_search_suggest,-1.0,N/A,N/A,1/1-12/31；周一至周日；08:00-20:30开园；（20:00停止入园）,https://qimgs.qunarzz.com/piao_qsight_provider_piao_qsight_web/0106o12000a0pme76DA33_C_900_504_Q90_Mtg_7.jpg_710x360_9afd5325.jpg〇https://qimgs.qunarzz.com/piao_qsight_provider_piao_qsight_web/0103o12000a0pmfn3F5E8_C_900_504_Q90_Mtg_7.jpg_710x360_1fb98071.jpg〇https://qimgs.qunarzz.com/piao_qsight_provider_piao_qsight_web/0102512000a0pml0z141E_C_900_504_Q90_Mtg_7.jpg_710x360_d9e052a6.jpg〇https://imgs.qunarzz.com/piao_qsight_web_piao_qsight_web/0102512000a0pml0z141E_R_1600_10000.jpg_710x360_432812ed.jpg,"{""ret"": true, ""data"": {""tagList"": [{""tagType"": 0, ""tagScore"": 5, ""tagNum"": 0, ""tagName"": ""\u5168\u90e8""}], ""score"": 0.0, ""commentCount"": 0}, ""statusCode"": 200}"
牛塘山文化景区,https://imgs.qunarzz.com/sight/p0/201301/16/bd1e869942224ddc93835fbb.jpg_280x200_24e6e701.jpg,阳江市,江城区,广东省阳江市江城区海陵岛,-1,-1.0,明代戏曲作家汤显祖贬谪徐闻时曾莫名至此,https://piao.qunar.com/ticket/detail_3034787531.html?st=a3clM0QlRTYlQjElOUYlRTUlOUYlOEUlRTUlOEMlQkElMjZpZCUzRDMzNjE5JTI2dHlwZSUzRDAlMjZpZHglM0Q0MiUyNnF0JTNEJTI2YXBrJTNEMiUyNnNjJTNEV1dXJTI2dXIlM0QlRTQlQjglQUQlRTUlQjElQjElMjZsciUzRCVFNCVCOCVBRCVFNSVCMSVCMSUyNmZ0JTNEJTdCJTdE#from=mpl_search_suggest,-1.0,N/A,该景点位于闸坡镇渔港西侧，明代著名戏曲作家汤显祖贬谪徐闻时曾莫名至此，景区有牡丹亭、许愿树、幸福泉、曲廊等景点，登上景区可观中国十大渔港之一的闸坡渔港全景，大型网箱养殖基地等等。,暂无,https://imgs.qunarzz.com/sight/p0/201301/16/bd1e869942224ddc93835fbb.jpg_710x360_b5d97faa.jpg,"{""ret"": true, ""data"": {""tagList"": [{""tagType"": 0, ""tagScore"": 5, ""tagNum"": 0, ""tagName"": ""\u5168\u90e8""}], ""score"": 0.0, ""commentCount"": 0}, ""statusCode"": 200}"
广东阳江保利南海1号高尔夫球会,https://imgs.qunarzz.com/sight/p0/1502/ac/ac45302528b9ea27.water.jpg_280x200_5b271430.jpg,阳江市,江城区,广东阳江4A级旅游景区海陵岛,-1,-1.0,风光毓秀的生态球场,https://piao.qunar.com/ticket/detail_2485077777.html?st=a3clM0QlRTYlQjElOUYlRTUlOUYlOEUlRTUlOEMlQkElMjZpZCUzRDIwMTgyOCUyNnR5cGUlM0QwJTI2aWR4JTNENDElMjZxdCUzRCUyNmFwayUzRDIlMjZzYyUzRFdXVyUyNnVyJTNEJUU0JUI4JUFEJUU1JUIxJUIxJTI2bHIlM0QlRTQlQjglQUQlRTUlQjElQjElMjZmdCUzRCU3QiU3RA%3D%3D#from=mpl_search_suggest,-1.0,N/A,保利南海I号高尔夫球会地处广东阳江风光毓秀，粗犷壮阔的闸坡十里银滩。西邻海上丝绸之路博物馆南海I号，南向碧波荡漾的南海，18洞滨海高尔夫球场。南海I号高尔夫球场是由世界著名高尔夫球场设计师施密特.科里负责设计，海滩GOLF的融合。整个球场设计为18洞标准国际场地，球道总长7100码，总占地1100亩。以热带风情设计为主的高尔夫会所是整个球场的心脏，集餐饮、会议、高球服务、用品销售等多*能于一身，给客户提供全方位的服务。规划建设内容包括：四家五星级酒店、大型生态体育公园、海景高层住宅和低密度住宅。保利银滩旨在塑造面向广东以及珠江三角洲、乃至全国的，集海滨度假，运动休闲、康体养生为一体的顶极生态型滨海国际旅游度假目的地和高档休闲社区。,7:00-18:00,https://imgs.qunarzz.com/sight/p0/1502/ac/ac45302528b9ea27.water.jpg_710x360_eeb492f9.jpg〇https://imgs.qunarzz.com/sight/p0/1502/83/83fc8e4f6b6b236c.water.jpg_710x360_9b73f3e2.jpg〇https://imgs.qunarzz.com/sight/p0/1502/95/95895015c650cf21.water.jpg_710x360_7711261f.jpg〇https://imgs.qunarzz.com/sight/p0/1502/a3/a36bf75194700748.water.jpg_710x360_c255b532.jpg〇https://imgs.qunarzz.com/sight/p0/1502/f5/f5eaf0bc3a9c50a0.water.jpg_710x360_0220249b.jpg〇https://qimgs.qunarzz.com/piao_qsight_provider_piao_qsight_web/cf627abd62fa1d37.jpg_710x360_3b4f5920.jpg,"{""ret"": true, ""data"": {""tagList"": [{""tagType"": 0, ""tagScore"": 5, ""tagNum"": 0, ""tagName"": ""\u5168\u90e8""}], ""score"": 0.0, ""commentCount"": 0}, ""statusCode"": 200}"
三山岛,https://qimgs.qunarzz.com/piao_qsight_provider_piao_qsight_web/0102g12000941dfej8DD3_C_900_504.jpg_280x200_904c6d6b.jpg,阳江市,江城区,三山岛,-1,-1.0,N/A,https://piao.qunar.com/ticket/detail_425038324.html?st=a3clM0QlRTYlQjElOUYlRTUlOUYlOEUlRTUlOEMlQkElMjZpZCUzRDUyOTU2NSUyNnR5cGUlM0QwJTI2aWR4JTNENDAlMjZxdCUzRCUyNmFwayUzRDIlMjZzYyUzRFdXVyUyNnVyJTNEJUU0JUI4JUFEJUU1JUIxJUIxJTI2bHIlM0QlRTQlQjglQUQlRTUlQjElQjElMjZmdCUzRCU3QiU3RA%3D%3D#from=mpl_search_suggest,-1.0,N/A,N/A,1/1-12/31；周一至周日；全天开放,https://qimgs.qunarzz.com/piao_qsight_provider_piao_qsight_web/0102g12000941dfej8DD3_C_900_504.jpg_710x360_adf44f05.jpg〇https://qimgs.qunarzz.com/piao_qsight_provider_piao_qsight_web/0102g12000941dfej8DD3_C_900_504_Q90_Mtg_7.jpg_710x360_1d776b64.jpg,"{""ret"": true, ""data"": {""tagList"": [{""tagType"": 0, ""tagScore"": 5, ""tagNum"": 0, ""tagName"": ""\u5168\u90e8""}], ""score"": 0.0, ""commentCount"": 0}, ""statusCode"": 200}"
GoSafari·银湾野奢帐篷露营地,https://imgs.qunarzz.com/sight/p0/2204/39/3920eaa7b907f305a3.water.jpg_280x200_0be9cf9d.jpg,阳江市,江城区,广东 省阳江市江城区海陵岛恒大海滨公园内,-1,-1.0,不负眼前的海岸风光,https://piao.qunar.com/ticket/detail_2716007225.html?st=a3clM0QlRTYlQjElOUYlRTUlOUYlOEUlRTUlOEMlQkElMjZpZCUzRDUxNDg2OSUyNnR5cGUlM0QwJTI2aWR4JTNEMzklMjZxdCUzRCUyNmFwayUzRDIlMjZzYyUzRFdXVyUyNnVyJTNEJUU0JUI4JUFEJUU1JUIxJUIxJTI2bHIlM0QlRTQlQjglQUQlRTUlQjElQjElMjZmdCUzRCU3QiU3RA%3D%3D#from=mpl_search_suggest,-1.0,N/A,N/A,1/1-12/31；周一至周日；全天开放,https://imgs.qunarzz.com/sight/p0/2204/39/3920eaa7b907f305a3.water.jpg_710x360_320a05e2.jpg〇https://imgs.qunarzz.com/sight/p0/2204/fc/fc483f334fb1d4e1a3.water.jpg_710x360_b2176ee2.jpg〇https://imgs.qunarzz.com/sight/p0/2204/77/77ecad0a10de78b2a3.water.jpg_710x360_5b61ac27.jpg,"{""ret"": true, ""data"": {""tagList"": [{""tagType"": 0, ""tagScore"": 5, ""tagNum"": 0, ""tagName"": ""\u5168\u90e8""}], ""score"": 0.0, ""commentCount"": 0}, ""statusCode"": 200}"
北洛秘境天际泳池,https://qimgs.qunarzz.com/piao_qsight_provider_piao_qsight_web/0100z12000a0pmhom080A_C_900_504.jpg_280x200_8e2d75d8.jpg,阳江市,江城区,广东省阳江市江城区闸坡镇海陵岛海滨三路北洛湾旅游景区顺峰秘境30层,-1,-1.0,N/A,https://piao.qunar.com/ticket/detail_3949515574.html?st=a3clM0QlRTYlQjElOUYlRTUlOUYlOEUlRTUlOEMlQkElMjZpZCUzRDUyMTE0NiUyNnR5cGUlM0QwJTI2aWR4JTNEMzglMjZxdCUzRCUyNmFwayUzRDIlMjZzYyUzRFdXVyUyNnVyJTNEJUU0JUI4JUFEJUU1JUIxJUIxJTI2bHIlM0QlRTQlQjglQUQlRTUlQjElQjElMjZmdCUzRCU3QiU3RA%3D%3D#from=mpl_search_suggest,-1.0,N/A,N/A,"1/1-12/31；周一至周日；08:00-12:00,14:00-18:00开园；（17:30停止入园）",https://qimgs.qunarzz.com/piao_qsight_provider_piao_qsight_web/0100z12000a0pmhom080A_C_900_504.jpg_710x360_1e275cc3.jpg〇https://qimgs.qunarzz.com/piao_qsight_provider_piao_qsight_web/0100z12000a0pmhom080A_C_900_504_Q90_Mtg_7.jpg_710x360_7ae7f2b8.jpg,"{""ret"": true, ""data"": {""tagList"": [{""tagType"": 0, ""tagScore"": 5, ""tagNum"": 0, ""tagName"": ""\u5168\u90e8""}], ""score"": 0.0, ""commentCount"": 0}, ""statusCode"": 200}"
阳江阳帆豆豉展览馆,https://qimgs.qunarzz.com/piao_qsight_provider_piao_qsight_web/0106j12000a03sji65FCC_C_900_504.jpg_280x200_55b880bc.jpg,阳江市,江城区,广东省阳江市江城区银沙北三路,-1,-1.0,阳帆豆豉展览馆坐落于美丽的中国阳江市漠阳江之畔，位于深海高速白沙出口处，由广东阳帆食品有限公司投资兴建，于2022年5月,https://piao.qunar.com/ticket/detail_4225634039.html?st=a3clM0QlRTYlQjElOUYlRTUlOUYlOEUlRTUlOEMlQkElMjZpZCUzRDUxNzk4MiUyNnR5cGUlM0QwJTI2aWR4JTNEMTYlMjZxdCUzRCUyNmFwayUzRDIlMjZzYyUzRFdXVyUyNnVyJTNEJUU0JUI4JUFEJUU1JUIxJUIxJTI2bHIlM0QlRTQlQjglQUQlRTUlQjElQjElMjZmdCUzRCU3QiU3RA%3D%3D#from=mpl_search_suggest,28.0,N/A,阳帆豆豉展览馆坐落于美丽的中国阳江市漠阳江之畔，位于深海高速白沙出口处，由广东阳帆食品有限公司投资兴建，于2022年5月正式开馆。来到阳帆豆豉展览馆，您能走进千年中国豆豉文化的发展史，了解百年阳江豆豉酿造的老传统，更能看到阳帆工厂是如何坚持用老传统生产制作阳江豆豉的。希望您能享受这次神奇的豆豉文化之旅。豆豉文化源远流长，是中华民族饮食文化的重要组成部分，阳帆豆豉展览馆一共五层，室内建筑面积约6000平方米，场馆内外可参观面积达3300平方米，由阳帆红色展厅、阳帆人才驿站、研学教室、阳帆豆豉非遗馆、阳帆微生物制曲车间、阳帆露天发酵场、阳帆封闭天然晒场、阳帆书法馆、旅游购物商场九大部分组成。设有专门旅游参观专用通道，配有餐饮区、大型绿化停车场，打造集生产、旅游、休闲、研学为一体的新型工业旅游景区。阳帆豆豉非遗馆由：“阳江豆豉地理标志“、”豆豉文化历史”、“阳江豆豉非遗传承”、“阳江豆豉制作工艺”“阳江豆豉*效”“豆豉饮食文化”六个展区组成。走进阳帆豆豉非遗馆，感受阳江百年的豆豉文化，品味具备特色的阳帆豆豉。通过对百年阳江豆豉酿造工艺的传播和普及，展现中华饮食文化的博大精深，展现中国传统酿造工艺的发展历程，展现阳帆独特的人文魅力。阳帆微生物制曲车间、阳帆露天发酵场及阳帆封闭天然晒场的展示，则集中展示了阳帆对阳江豆豉传统晒制工艺的传承和创新。,1/1-12/31；周一至周日；09:00-18:30开园；（18:00停止入园）,https://qimgs.qunarzz.com/piao_qsight_provider_piao_qsight_web/0106j12000a03sji65FCC_C_900_504.jpg_710x360_2dd114d5.jpg〇https://qimgs.qunarzz.com/piao_qsight_provider_piao_qsight_web/0106812000a0hch01ED87_C_900_504_Q90_Mtg_7.jpg_710x360_0e515812.jpg〇https://qimgs.qunarzz.com/piao_qsight_provider_piao_qsight_web/0100k12000a0hcfj8DF0D_C_900_504_Q90_Mtg_7.jpg_710x360_e0d6fd28.jpg〇https://qimgs.qunarzz.com/piao_qsight_provider_piao_qsight_web/0103n12000a03sfliF51C_C_900_504_Q90_Mtg_7.jpg_710x360_0629e12e.jpg〇https://qimgs.qunarzz.com/piao_qsight_provider_piao_qsight_web/0103x12000a0hch770466_C_900_504_Q90_Mtg_7.jpg_710x360_2d312e3b.jpg〇https://qimgs.qunarzz.com/piao_qsight_provider_piao_qsight_web/0100h12000a0hcerzB437_C_900_504_Q90_Mtg_7.jpg_710x360_04eab369.jpg〇https://qimgs.qunarzz.com/piao_qsight_provider_piao_qsight_web/0106312000a03u24rD0BD_C_900_504_Q90_Mtg_7.jpg_710x360_1b10bc49.jpg〇https://qimgs.qunarzz.com/piao_qsight_provider_piao_qsight_web/0104i12000a03scmg0039_C_900_504_Q90_Mtg_7.jpg_710x360_c9b4fe70.jpg〇https://qimgs.qunarzz.com/piao_qsight_provider_piao_qsight_web/0101e12000a03u4zaBF0C_C_900_504_Q90_Mtg_7.jpg_710x360_10a3b101.jpg〇https://qimgs.qunarzz.com/piao_qsight_provider_piao_qsight_web/0106j12000a03sji65FCC_C_900_504_Q90_Mtg_7.jpg_710x360_751f48a5.jpg,"{""ret"": true, ""data"": {""tagList"": [{""tagType"": 0, ""tagScore"": 5, ""tagNum"": 0, ""tagName"": ""\u5168\u90e8""}], ""score"": 0.0, ""commentCount"": 0}, ""statusCode"": 200}"
北山石塔,https://qimgs.qunarzz.com/piao_qsight_provider_piao_qsight_web/temp86873074714630807140101g120009ea561oFA27_wmr.jpg_280x200_f3848e2a.jpg,阳江市,江城区,广东省阳江市江城区北山公园内,-1,-1.0,山上亭台座座，树木参天,https://piao.qunar.com/ticket/detail_3510621503.html?st=a3clM0QlRTYlQjElOUYlRTUlOUYlOEUlRTUlOEMlQkElMjZpZCUzRDY0NDYlMjZ0eXBlJTNEMCUyNmlkeCUzRDM3JTI2cXQlM0QlMjZhcGslM0QyJTI2c2MlM0RXV1clMjZ1ciUzRCVFNCVCOCVBRCVFNSVCMSVCMSUyNmxyJTNEJUU0JUI4JUFEJUU1JUIxJUIxJTI2ZnQlM0QlN0IlN0Q%3D#from=mpl_search_suggest,-1.0,N/A,北山石塔位于阳江市区北山公园内，是原阳江古八景之一，曾用名有“东山泉石”、“北山耸翠”、,暂无,https://qimgs.qunarzz.com/piao_qsight_provider_piao_qsight_web/temp86873074714630807140101g120009ea561oFA27_wmr.jpg_710x360_139c95d3.jpg,"{""ret"": true, ""data"": {""tagList"": [{""tagType"": 0, ""tagScore"": 5, ""tagNum"": 0, ""tagName"": ""\u5168\u90e8""}], ""score"": 0.0, ""commentCount"": 0}, ""statusCode"": 200}"
石觉寺,https://imgs.qunarzz.com/sight/p91/201211/04/d85fa5b18851714993835fbb.jpg_280x200_f5b0e755.jpg,阳江市,江城区,位於阳江市区南三里外的漠阳江畔,-1,-1.0,阳江八景之一,https://piao.qunar.com/ticket/detail_1539082427.html?st=a3clM0QlRTYlQjElOUYlRTUlOUYlOEUlRTUlOEMlQkElMjZpZCUzRDk3NjElMjZ0eXBlJTNEMCUyNmlkeCUzRDM2JTI2cXQlM0QlMjZhcGslM0QyJTI2c2MlM0RXV1clMjZ1ciUzRCVFNCVCOCVBRCVFNSVCMSVCMSUyNmxyJTNEJUU0JUI4JUFEJUU1JUIxJUIxJTI2ZnQlM0QlN0IlN0Q%3D#from=mpl_search_suggest,-1.0,N/A,石觉寺位於广东省阳江市区南三里外的漠阳江畔，坐南朝北，占地面积四千平方米。“石觉禅林”，是阳江八景之一。始建於唐开元年间，原名开元寺，与开元塔旧址相连。历代五次重修。清顺治十一年(1554年)，邑人陈千胜、陈奇兄弟捐地拓建观音阁，掘出一石，上刻“石觉”二字，故改称“石觉寺”。康熙三年(1664年)增建大佛殿、准提亭。乾隆十三年、嘉庆二十二年两度重修，增建文昌阁。道光二十七年(1847年)又重修，民国五年(1910年)住持性坚法师再次重修。民国十二年(1923年)挖建放生池，民国十六年(1927年)建八角亭小拱桥。1945年雪峰法师(涤尘大师)再度重修，加高正殿，增建客房、禅房。寺门横额“漠阳福地”，系明朝本邑仙师朱在参所题;两边石联“漠江水？三摩地;顿钵山呈一指禅”，是清代状元林召棠所书。八角亭石匾“登彼岸”三字，乃苏东坡手迹。“文革”中本寺遭受严重破坏。宗教政策落实後，经过十多年的修葺，寺貌焕然一新。赵朴初先生题“石觉寺”三字，气势雄奇，为寺增辉。千佛塔高耸入云，登塔远眺，十里风光，尽收眼底。寺内碑刻15块，珍藏佛经100部。现任方丈莲宗法师，76岁，原籍广东省阳江市，1943年出家，师从雪峰法师，兼任广东省佛教协会常务理事，阳江市佛教协会会长，阳江市人大代表。,01/01-12/31；6:00-17:00开园,https://imgs.qunarzz.com/sight/p91/201211/04/d85fa5b18851714993835fbb.jpg_710x360_390026ea.jpg〇https://qimgs.qunarzz.com/piao_qsight_provider_piao_qsight_web/919ad2d2e83bea37.jpg_710x360_e5c63c9c.jpg,"{""ret"": true, ""data"": {""tagList"": [{""tagType"": 0, ""tagScore"": 5, ""tagNum"": 0, ""tagName"": ""\u5168\u90e8""}], ""score"": 0.0, ""commentCount"": 0}, ""statusCode"": 200}"
金山森林公园,https://imgs.qunarzz.com/sight/p94/201211/07/789961035d63d4db93835fbb.jpg_280x200_b5698e29.jpg,阳江市,江城区,广东省阳江市江城区东风三路,-1,-1.0,多功能国际比赛场地，独特的人文建筑景观,https://piao.qunar.com/ticket/detail_992391221.html?st=a3clM0QlRTYlQjElOUYlRTUlOUYlOEUlRTUlOEMlQkElMjZpZCUzRDMwMDclMjZ0eXBlJTNEMCUyNmlkeCUzRDM1JTI2cXQlM0QlMjZhcGslM0QyJTI2c2MlM0RXV1clMjZ1ciUzRCVFNCVCOCVBRCVFNSVCMSVCMSUyNmxyJTNEJUU0JUI4JUFEJUU1JUIxJUIxJTI2ZnQlM0QlN0IlN0Q%3D#from=mpl_search_suggest,-1.0,N/A,金山森林公园位于阳江市区东北郊区，毗邻市体育馆，总面积为721.4公顷，地理位置优越，交通极为方便，金山路把公园分为南北两个*能不同的园区，公园西有体育路。金山森林公园内有金山、大放鸡山、石塌山、官山等小有名气的山峰，它们和其他山峰相连形成半月型的绿色山脉。金山森林公园是市区难得的近郊森林公园，绿树成荫，植被覆盖90%以上，松林面积465公顷。有珍贵的南洋杉、大叶桃花心、樟树、红椎、盆架子等树种。公园内有放鸡岭水库和共青湖水库两座，水库水面宽阔，水质清澈，青山绿水构成了一道亮丽的风景线。金山森林公园一望无际，山青水秀、空气清新、是天然的大氧吧，也是登高揽胜、休闲健身、旅游度假、野外活动和科普教育的理想场所。置身其间，心旷神怡。掩映于森林公园绿树丛中的阳江市体育馆，洁白的顶棚像巨大的贝壳，构成一幅独特的人文建筑景观。阳江市体育馆建筑面积1.443万平方米，属于多*能国际标准二类比赛场地，2001年投入使用，可承接重大体育赛事和大型文艺表演。2001年10 月，中华人民共和国第九届运动会在这里举行室内排球赛。,暂无,https://imgs.qunarzz.com/sight/p94/201211/07/789961035d63d4db93835fbb.jpg_710x360_63089ff3.jpg〇https://qimgs.qunarzz.com/piao_qsight_provider_piao_qsight_web/a9b08296b1277537.jpg_710x360_549c51ae.jpg〇https://qimgs.qunarzz.com/piao_qsight_provider_piao_qsight_web/dc92d91f685d66b5.jpg_710x360_2307e444.jpg〇https://qimgs.qunarzz.com/piao_qsight_provider_piao_qsight_web/349665bbfca9c3b5.jpg_710x360_103c2d5f.jpg〇https://qimgs.qunarzz.com/piao_qsight_provider_piao_qsight_web/aaff128739286ab5.jpg_710x360_240e038b.jpg〇https://qimgs.qunarzz.com/piao_qsight_provider_piao_qsight_web/256e2716b4c044b5.jpg_710x360_27292796.jpg〇https://qimgs.qunarzz.com/piao_qsight_provider_piao_qsight_web/bde6e81aed50d8b5.jpg_710x360_f1f57edd.jpg〇https://qimgs.qunarzz.com/piao_qsight_provider_piao_qsight_web/ac04728ad7382cb5.jpg_710x360_4eac6a56.jpg〇https://qimgs.qunarzz.com/piao_qsight_provider_piao_qsight_web/5a2b1e38517756b5.jpg_710x360_acb95b21.jpg〇https://qimgs.qunarzz.com/piao_qsight_provider_piao_qsight_web/214abc2aca7bd5b5.jpg_710x360_5de377f0.jpg〇https://qimgs.qunarzz.com/piao_qsight_provider_piao_qsight_web/04b1822ed736a4b5.jpg_710x360_846a0dd0.jpg〇https://qimgs.qunarzz.com/piao_qsight_provider_piao_qsight_web/f96bb8a039c6def7.jpg_710x360_ef522b01.jpg〇https://qimgs.qunarzz.com/piao_qsight_provider_piao_qsight_web/0bbbf59fd96e62f7.jpg_710x360_f40bcf91.jpg〇https://qimgs.qunarzz.com/piao_qsight_provider_piao_qsight_web/9c7fd54aa7987bf7.jpg_710x360_f7b99194.jpg〇https://qimgs.qunarzz.com/piao_qsight_provider_piao_qsight_web/8fbca7d150ff7ff7.jpg_710x360_f64509ec.jpg〇https://qimgs.qunarzz.com/piao_qsight_provider_piao_qsight_web/f7e53aa9b981cbf7.jpg_710x360_53ea122d.jpg,"{""ret"": true, ""data"": {""tagList"": [{""tagType"": 0, ""tagScore"": 5, ""tagNum"": 0, ""tagName"": ""\u5168\u90e8""}], ""score"": 0.0, ""commentCount"": 0}, ""statusCode"": 200}"
保利·南海１号展览馆,https://mp-piao-admincp.qunarzz.com/mp_piao_admin_mp_piao_admin/admin/20217/30d54820c6727b9958d585769ab3c5c2.png_280x200_7ef61cce.png,阳江市,江城区,广东省阳江市江城区,-1,-1.0,保利南海一号展览馆位于广东省阳江市江城区，该馆主要开展以“南海Ⅰ号”品牌为内涵的商业配套项目，融合了依山靠海的独特资源，,https://piao.qunar.com/ticket/detail_1166627200.html?st=a3clM0QlRTYlQjElOUYlRTUlOUYlOEUlRTUlOEMlQkElMjZpZCUzRDUwOTM3NiUyNnR5cGUlM0QwJTI2aWR4JTNEMzQlMjZxdCUzRCUyNmFwayUzRDIlMjZzYyUzRFdXVyUyNnVyJTNEJUU0JUI4JUFEJUU1JUIxJUIxJTI2bHIlM0QlRTQlQjglQUQlRTUlQjElQjElMjZmdCUzRCU3QiU3RA%3D%3D#from=mpl_search_suggest,-1.0,N/A,保利南海一号展览馆位于广东省阳江市江城区，该馆主要开展以“南海Ⅰ号”品牌为内涵的商业配套项目，融合了依山靠海的独特资源，打造融船文化、海景和休闲元素于一体的文化景区。,全年 09:00-17:30(停止售票17:00)；农历除夕日闭馆，具体开放时间以景区当日实际情况为准。,https://mp-piao-admincp.qunarzz.com/mp_piao_admin_mp_piao_admin/admin/20217/30d54820c6727b9958d585769ab3c5c2.png_710x360_c2302e12.png,"{""ret"": true, ""data"": {""tagList"": [{""tagType"": 0, ""tagScore"": 5, ""tagNum"": 0, ""tagName"": ""\u5168\u90e8""}], ""score"": 0.0, ""commentCount"": 0}, ""statusCode"": 200}"
海陵岛天成游船,https://imgs.qunarzz.com/sight/p0/2007/1a/1a0b72855abe33bfa3.img.png_280x200_0fb3710d.png,阳江市,江城区,N/A,-1,-1.0,N/A,https://piao.qunar.com/ticket/detail_1868744752.html?st=a3clM0QlRTYlQjElOUYlRTUlOUYlOEUlRTUlOEMlQkElMjZpZCUzRDUwNzU5OCUyNnR5cGUlM0QwJTI2aWR4JTNEMzMlMjZxdCUzRCUyNmFwayUzRDIlMjZzYyUzRFdXVyUyNnVyJTNEJUU0JUI4JUFEJUU1JUIxJUIxJTI2bHIlM0QlRTQlQjglQUQlRTUlQjElQjElMjZmdCUzRCU3QiU3RA%3D%3D#from=mpl_search_suggest,-1.0,N/A,N/A,暂无,https://imgs.qunarzz.com/sight/p0/2007/1a/1a0b72855abe33bfa3.img.png_710x360_475345a8.png,"{""ret"": true, ""data"": {""tagList"": [{""tagType"": 0, ""tagScore"": 5, ""tagNum"": 0, ""tagName"": ""\u5168\u90e8""}], ""score"": 0.0, ""commentCount"": 0}, ""statusCode"": 200}"
阳江海陵岛车技坊,https://imgs.qunarzz.com/sight/p0/2103/50/50d20d10866412dda3.img.jpg_280x200_39692879.jpg,阳江市,江城区,广东省阳江市江城区海陵岛十里银滩西区保利银滩飞行乐园车技坊,-1,-1.0,车技坊为您展现融合跑酷街舞、汽车、摩托车的特技表演，如神龙摆尾、360度大旋转、单边双龙戏珠、双车单边刀片超车、平地花式,https://piao.qunar.com/ticket/detail_843887057.html?st=a3clM0QlRTYlQjElOUYlRTUlOUYlOEUlRTUlOEMlQkElMjZpZCUzRDUxMDkzNSUyNnR5cGUlM0QwJTI2aWR4JTNEMzIlMjZxdCUzRCUyNmFwayUzRDIlMjZzYyUzRFdXVyUyNnVyJTNEJUU0JUI4JUFEJUU1JUIxJUIxJTI2bHIlM0QlRTQlQjglQUQlRTUlQjElQjElMjZmdCUzRCU3QiU3RA%3D%3D#from=mpl_search_suggest,-1.0,N/A,车技坊为您展现融合跑酷街舞、汽车、摩托车的特技表演，如神龙摆尾、360度大旋转、单边双龙戏珠、双车单边刀片超车、平地花式、影视特技跑酷，车手们技术精湛，表演惊险刺激。车技坊的赛车手们还曾受邀请参加各类综艺表演，并参加过多项大赛均胜利而归。在观众的欢呼与汽车发动机的轰鸣声交织中，车技坊呈现超凡技艺定能令您过目难忘，赞叹不已。,19:00-21:30,https://imgs.qunarzz.com/sight/p0/2103/50/50d20d10866412dda3.img.jpg_710x360_70e50f64.jpg〇https://imgs.qunarzz.com/sight/p0/2103/13/13d1b13d504034caa3.img.jpg_710x360_e7ec7361.jpg〇https://imgs.qunarzz.com/sight/p0/2103/78/78f573fc24b170a9a3.img.jpg_710x360_9e85e524.jpg〇https://imgs.qunarzz.com/sight/p0/2103/f2/f269cedc44924d7ca3.img.jpg_710x360_048cea55.jpg〇https://imgs.qunarzz.com/sight/p0/2103/c7/c72bf083626a3df1a3.img.jpg_710x360_8a5f9a5c.jpg〇https://imgs.qunarzz.com/sight/p0/2103/4a/4ad91a6215ceba20a3.img.jpg_710x360_99dbad5f.jpg,"{""ret"": true, ""data"": {""tagList"": [{""tagType"": 0, ""tagScore"": 5, ""tagNum"": 0, ""tagName"": ""\u5168\u90e8""}], ""score"": 0.0, ""commentCount"": 0}, ""statusCode"": 200}"
恒大海上夏威夷玩海乐园,https://qimgs.qunarzz.com/piao_qsight_provider_piao_qsight_web/0104z12000axia90jBA16_C_900_504.jpg_280x200_aa1c2bc2.jpg,阳江市,江城区,恒大海上夏威夷海滨公园,-1,-1.0,恒大海上夏威夷玩海乐园位于广东省阳江市江城区恒大海上夏威夷海滨公园。恒大海上夏威夷，以齐全的配套，缔造了集文化、饮食、娱,https://piao.qunar.com/ticket/detail_2006064058.html?st=a3clM0QlRTYlQjElOUYlRTUlOUYlOEUlRTUlOEMlQkElMjZpZCUzRDUxMjI2NyUyNnR5cGUlM0QwJTI2aWR4JTNEMzElMjZxdCUzRCUyNmFwayUzRDIlMjZzYyUzRFdXVyUyNnVyJTNEJUU0JUI4JUFEJUU1JUIxJUIxJTI2bHIlM0QlRTQlQjglQUQlRTUlQjElQjElMjZmdCUzRCU3QiU3RA%3D%3D#from=mpl_search_suggest,-1.0,N/A,恒大海上夏威夷玩海乐园位于广东省阳江市江城区恒大海上夏威夷海滨公园。恒大海上夏威夷，以齐全的配套，缔造了集文化、饮食、娱乐、运动、养生、酒店和会议于一体的海洋文化旅游综合体，开创了全新山海温泉度假居住时代。,1/1-12/31；周一至周日；全天开放,https://qimgs.qunarzz.com/piao_qsight_provider_piao_qsight_web/0104z12000axia90jBA16_C_900_504.jpg_710x360_60964677.jpg〇https://qimgs.qunarzz.com/piao_qsight_provider_piao_qsight_web/0104z12000axia90jBA16_C_900_504_Q90_Mtg_7.jpg_710x360_4a10336a.jpg〇https://imgs.qunarzz.com/sight/p0/2306/60/60e6c41a80007950a3.water.jpg_710x360_3d152378.jpg,"{""ret"": true, ""data"": {""tagList"": [{""tagType"": 0, ""tagScore"": 5, ""tagNum"": 0, ""tagName"": ""\u5168\u90e8""}], ""score"": 0.0, ""commentCount"": 0}, ""statusCode"": 200}"
广东海上丝绸之路博物馆,https://qimgs.qunarzz.com/piao_qsight_provider_piao_qsight_web/0103v12000f6pxoag8E10_C_900_504.jpg_280x200_986aa9f5.jpg,阳江市,江城区,阳江市江城区十里银滩宋康大道,2943,4.8,探秘南海1号古沉船,https://piao.qunar.com/ticket/detail_3281537970.html?st=a3clM0QlRTYlQjElOUYlRTUlOUYlOEUlRTUlOEMlQkElMjZpZCUzRDM4NjYzJTI2dHlwZSUzRDAlMjZpZHglM0QxMSUyNnF0JTNEJTI2YXBrJTNEMiUyNnNjJTNEV1dXJTI2dXIlM0QlRTQlQjglQUQlRTUlQjElQjElMjZsciUzRCVFNCVCOCVBRCVFNSVCMSVCMSUyNmZ0JTNEJTdCJTdE#from=mpl_search_suggest,63.0,N/A,广东海上丝绸之路博物馆建筑特色鲜明，设计创意独特，紧扣海的主题，体现了海洋文化与南方建筑风格的柔美组合。立面由五个大小不一的椭圆体连环相扣组成，整体既似起伏的波浪，又如展翅的海鸥。建筑摈弃传统的梁架结构，把造船的龙骨结构和南方独特的干栏式建筑形式相结合，风格清新独特，堪称我国乃至世界上的地标式建筑。整个建筑使用层数为地上三层，地下一层。五个拱体包容了博物馆的陈列展示及办公区域，分区明晰——“水晶宫”。右侧两拱为文物展示厅，主要展示“南海I号”打捞出水的文物，左侧两拱为办公区域，科研、库存、设备及后勤系统均在此区。,1/1-12/31；周一至周日；09:00-17:30开园；（17:00停止入园）,https://qimgs.qunarzz.com/piao_qsight_provider_piao_qsight_web/0103v12000f6pxoag8E10_C_900_504.jpg_710x360_bd912d47.jpg〇https://qimgs.qunarzz.com/piao_qsight_provider_piao_qsight_web/0103v12000f6pxoag8E10_C_900_504_Q90_Mtg_7.jpg_710x360_2d84ec8d.jpg〇https://qimgs.qunarzz.com/piao_qsight_provider_piao_qsight_web/0105612000af5brac1A0A_C_900_504_Q90_Mtg_7.jpg_710x360_f8096884.jpg〇https://qimgs.qunarzz.com/piao_qsight_provider_piao_qsight_web/350c0y000000lmbqhADC6_C_900_504_Q90_Mtg_7.jpg_710x360_e8455472.jpg〇https://qimgs.qunarzz.com/piao_qsight_provider_piao_qsight_web/350s0y000000lqk4wE728_C_900_504_Q90_Mtg_7.jpg_710x360_f7cca675.jpg〇https://qimgs.qunarzz.com/piao_qsight_provider_piao_qsight_web/350t0y000000ljq9qE64D_C_900_504_Q90_Mtg_7.jpg_710x360_17890271.jpg〇https://qimgs.qunarzz.com/piao_qsight_provider_piao_qsight_web/350r0y000000li3psCAE8_C_900_504_Q90_Mtg_7.jpg_710x360_c390f8e6.jpg〇https://qimgs.qunarzz.com/piao_qsight_provider_piao_qsight_web/350j0y000000lj71a4EDC_C_900_504_Q90_Mtg_7.jpg_710x360_66b02b7a.jpg〇https://qimgs.qunarzz.com/piao_qsight_provider_piao_qsight_web/0105112000af6xpy14C07_C_900_504_Q90_Mtg_7.jpg_710x360_ec68133a.jpg〇https://qimgs.qunarzz.com/piao_qsight_provider_piao_qsight_web/0106m12000af6xi5n3FD1_C_900_504_Q90_Mtg_7.jpg_710x360_23a90383.jpg〇https://qimgs.qunarzz.com/piao_qsight_provider_piao_qsight_web/35090y000000lm3221340_C_900_504_Q90_Mtg_7.jpg_710x360_42813df3.jpg〇https://imgs.qunarzz.com/sight/p0/1811/d0/d0c93899a8f47151a3.img.jpg_710x360_91da9ca7.jpg〇https://imgs.qunarzz.com/sight/p0/1811/42/42a1632b637b1671a3.img.jpg_710x360_e7f07856.jpg〇https://imgs.qunarzz.com/sight/p0/1811/db/db6a6fd76077873aa3.img.jpg_710x360_9b90a98f.jpg〇https://imgs.qunarzz.com/sight/p0/201301/17/2fd6d42d921b521393835fbb.jpg_710x360_f8b80e2f.jpg〇https://imgs.qunarzz.com/sight/p0/201301/17/641bad696999319893835fbb.jpg_710x360_c9c83c52.jpg〇https://imgs.qunarzz.com/sight/p0/201301/17/99388f8c229df2d793835fbb.jpg_710x360_faec2cfe.jpg,"{""ret"": true, ""data"": {""tagList"": [{""tagType"": 32, ""tagScore"": 5, ""tagNum"": 20, ""tagName"": ""\u670d\u52a1\u597d""}, {""tagType"": 16, ""tagScore"": 5, ""tagNum"": 30, ""tagName"": ""\u9760\u8c31""}, {""tagType"": 8, ""tagScore"": 5, ""tagNum"": 18, ""tagName"": ""\u4fbf\u5b9c""}, {""tagType"": 4, ""tagScore"": 5, ""tagNum"": 63, ""tagName"": ""\u53d6\u7968\u65b9\u4fbf""}, {""tagType"": 3, ""tagScore"": 5, ""tagNum"": 14, ""tagName"": ""\u5dee\u8bc4""}, {""tagType"": 2, ""tagScore"": 5, ""tagNum"": 60, ""tagName"": ""\u4e2d\u8bc4""}, {""tagType"": 1, ""tagScore"": 5, ""tagNum"": 2820, ""tagName"": ""\u597d\u8bc4""}, {""tagType"": 0, ""tagScore"": 5, ""tagNum"": 2943, ""tagName"": ""\u5168\u90e8""}], ""commentList"": [{""author"": ""H*y"", ""content"": ""\u5954\u7740\u5357\u6d77\u4e00\u53f7\u53bb\u7684\u6d77\u9675\u5c9b\uff0c\u7f51\u4e0a\u4e70\u95e8\u7968\u4fbf\u5b9c\u4e03\u5757\u94b1\uff0c\u552e\u7968\u5904\u95e8\u53e3\u673a\u5b50\u53d6\u7968\u5f88\u65b9\u4fbf\uff0c70\u89c9\u5f97\u4e0d\u662f\u5f88\u503c\u5f97\uff0cVCR\u5385\u4e5f\u6ca1\u5f00\u653e\uff0c\u4e0d\u8fc7\u53ef\u4ee5\u770b\u5230\u5f88\u591a\u5b8b\u671d\u7684\u7cbe\u7f8e\u74f7\u5668\uff0c\u9996\u9970\uff0c\u535a\u7269\u9986\u95e8\u524d\u7684\u6c99\u6ee9\u4e5f\u5f88\u7f8e\uff0c\u901b\u5b8c\u535a\u7269\u9986\u8fd8\u53ef\u4ee5\u6c99\u6ee9\u8fb9\u73a9\u73a9"", ""date"": ""2024-11-21"", ""score"": 5, ""commentId"": ""238883367"", ""imgs"": [{""small"": ""https://qimgs.qunarzz.com/mp_piao_0001/temp16067712236448970258file_1732197375000.jpg_120x120_3a811393.jpg"", ""title"": """", ""big"": ""https://qimgs.qunarzz.com/mp_piao_0001/temp16067712236448970258file_1732197375000.jpg""}, {""small"": ""https://qimgs.qunarzz.com/mp_piao_0001/temp295607430522171217file_1732197375000.jpg_120x120_bf936bfb.jpg"", ""title"": """", ""big"": ""https://qimgs.qunarzz.com/mp_piao_0001/temp295607430522171217file_1732197375000.jpg""}, {""small"": ""https://qimgs.qunarzz.com/mp_piao_0001/temp5634619880159800354file_1732197375000.jpg_120x120_5fe8b7d0.jpg"", ""title"": """", ""big"": ""https://qimgs.qunarzz.com/mp_piao_0001/temp5634619880159800354file_1732197375000.jpg""}, {""small"": ""https://qimgs.qunarzz.com/mp_piao_0001/temp18166777178510295844file_1732197375000.jpg_120x120_bbef0f71.jpg"", ""title"": """", ""big"": ""https://qimgs.qunarzz.com/mp_piao_0001/temp18166777178510295844file_1732197375000.jpg""}, {""small"": ""https://qimgs.qunarzz.com/mp_piao_0001/temp785371628271125247file_1732197375000.jpg_120x120_1dd90efd.jpg"", ""title"": """", ""big"": ""https://qimgs.qunarzz.com/mp_piao_0001/temp785371628271125247file_1732197375000.jpg""}, {""small"": ""https://qimgs.qunarzz.com/mp_piao_0001/temp14176642848946118270file_1732197375000.jpg_120x120_8f0b3f7e.jpg"", ""title"": """", ""big"": ""https://qimgs.qunarzz.com/mp_piao_0001/temp14176642848946118270file_1732197375000.jpg""}, {""small"": ""https://qimgs.qunarzz.com/mp_piao_0001/temp950070709083951814file_1732197375000.jpg_120x120_23af2648.jpg"", ""title"": """", ""big"": ""https://qimgs.qunarzz.com/mp_piao_0001/temp950070709083951814file_1732197375000.jpg""}, {""small"": ""https://qimgs.qunarzz.com/mp_piao_0001/temp10997481139808718307file_1732197375000.jpg_120x120_e0e3db4d.jpg"", ""title"": """", ""big"": ""https://qimgs.qunarzz.com/mp_piao_0001/temp10997481139808718307file_1732197375000.jpg""}], ""userNickName"": ""H*y"", ""replyCityName"": """", ""cityName"": ""\u8d35\u5dde""}, {""author"": ""\u53bb*\u6237"", ""content"": ""\u5357\u6d77\u4e00\u53f7\uff0c\u4e0a\u6b21\u6765\u6b63\u5728\u5174\u5efa\uff0c\u8fd9\u6b21\u7279\u610f\u6765\u770b\u770b\uff0c\u95e8\u7968\u8fd8\u662f\u6709\u70b9\u8d35\uff0c\u91cc\u9762\u7684\u4e1c\u897f\u4e0d\u591a\uff0c\u6027\u4ef7\u6bd4\u4e0d\u9ad8\u3002"", ""date"": ""2023-09-22"", ""score"": 5, ""commentId"": ""228978184"", ""imgs"": [{""small"": ""https://mp-piao-admincp.qunarzz.com/mp_piao_admin_mp_piao_admin/fusion/20239/ea41482c87d04904098702ef79b7621c.jpg_120x120_2a4f7698.jpg"", ""title"": """", ""big"": ""https://mp-piao-admincp.qunarzz.com/mp_piao_admin_mp_piao_admin/fusion/20239/ea41482c87d04904098702ef79b7621c.jpg""}, {""small"": ""https://mp-piao-admincp.qunarzz.com/mp_piao_admin_mp_piao_admin/fusion/20239/5da9338c5b0e7d4b9f52af705f80bf79.jpg_120x120_8126b661.jpg"", ""title"": """", ""big"": ""https://mp-piao-admincp.qunarzz.com/mp_piao_admin_mp_piao_admin/fusion/20239/5da9338c5b0e7d4b9f52af705f80bf79.jpg""}, {""small"": ""https://mp-piao-admincp.qunarzz.com/mp_piao_admin_mp_piao_admin/fusion/20239/001acf70c725d74e02f407281d0bdf4f.jpg_120x120_4d720a88.jpg"", ""title"": """", ""big"": ""https://mp-piao-admincp.qunarzz.com/mp_piao_admin_mp_piao_admin/fusion/20239/001acf70c725d74e02f407281d0bdf4f.jpg""}, {""small"": ""https://mp-piao-admincp.qunarzz.com/mp_piao_admin_mp_piao_admin/fusion/20239/769eddab974e7da49ca819e252256389.jpg_120x120_90fd7f07.jpg"", ""title"": """", ""big"": ""https://mp-piao-admincp.qunarzz.com/mp_piao_admin_mp_piao_admin/fusion/20239/769eddab974e7da49ca819e252256389.jpg""}, {""small"": ""https://mp-piao-admincp.qunarzz.com/mp_piao_admin_mp_piao_admin/fusion/20239/c8700b2f2ebf4ee75f9ce418bc99ac4d.jpg_120x120_a20880d9.jpg"", ""title"": """", ""big"": ""https://mp-piao-admincp.qunarzz.com/mp_piao_admin_mp_piao_admin/fusion/20239/c8700b2f2ebf4ee75f9ce418bc99ac4d.jpg""}, {""small"": ""https://mp-piao-admincp.qunarzz.com/mp_piao_admin_mp_piao_admin/fusion/20239/74181125ef84d74f473b810f71fe1ad3.jpg_120x120_950de335.jpg"", ""title"": """", ""big"": ""https://mp-piao-admincp.qunarzz.com/mp_piao_admin_mp_piao_admin/fusion/20239/74181125ef84d74f473b810f71fe1ad3.jpg""}, {""small"": ""https://mp-piao-admincp.qunarzz.com/mp_piao_admin_mp_piao_admin/fusion/20239/42c1511e84d3fadf8b6f0fd5e2c5d9cd.jpg_120x120_fe350b4b.jpg"", ""title"": """", ""big"": ""https://mp-piao-admincp.qunarzz.com/mp_piao_admin_mp_piao_admin/fusion/20239/42c1511e84d3fadf8b6f0fd5e2c5d9cd.jpg""}, {""small"": ""https://mp-piao-admincp.qunarzz.com/mp_piao_admin_mp_piao_admin/fusion/20239/1b28d8479e4bf19902493707f1123ba3.jpg_120x120_dcdb4b20.jpg"", ""title"": """", ""big"": ""https://mp-piao-admincp.qunarzz.com/mp_piao_admin_mp_piao_admin/fusion/20239/1b28d8479e4bf19902493707f1123ba3.jpg""}, {""small"": ""https://mp-piao-admincp.qunarzz.com/mp_piao_admin_mp_piao_admin/fusion/20239/09209d5449c239998d03be1f337efe5d.jpg_120x120_9ecd0930.jpg"", ""title"": """", ""big"": ""https://mp-piao-admincp.qunarzz.com/mp_piao_admin_mp_piao_admin/fusion/20239/09209d5449c239998d03be1f337efe5d.jpg""}], ""userNickName"": ""\u53bb*\u6237"", ""replyCityName"": """", ""cityName"": ""\u5e7f\u897f""}, {""author"": ""\u53bb*\u6237"", ""content"": ""\u7528\u6237\u672a\u70b9\u8bc4\uff0c\u7cfb\u7edf\u9ed8\u8ba4\u597d\u8bc4\u3002"", ""date"": ""2024-12-27"", ""score"": 5, ""commentId"": ""239389941"", ""imgs"": [], ""userNickName"": ""\u53bb*\u6237"", ""replyCityName"": """", ""cityName"": """"}, {""author"": ""\u53bb*\u6237"", ""content"": ""\u7528\u6237\u672a\u70b9\u8bc4\uff0c\u7cfb\u7edf\u9ed8\u8ba4\u597d\u8bc4\u3002"", ""date"": ""2024-12-25"", ""score"": 5, ""commentId"": ""239369357"", ""imgs"": [], ""userNickName"": ""\u53bb*\u6237"", ""replyCityName"": """", ""cityName"": """"}, {""author"": ""f*y"", ""content"": ""\u7528\u6237\u672a\u70b9\u8bc4\uff0c\u7cfb\u7edf\u9ed8\u8ba4\u597d\u8bc4\u3002"", ""date"": ""2024-12-24"", ""score"": 5, ""commentId"": ""239345528"", ""imgs"": [], ""userNickName"": ""f*y"", ""replyCityName"": """", ""cityName"": """"}, {""author"": ""\u53bb*\u6237"", ""content"": ""\u7528\u6237\u672a\u70b9\u8bc4\uff0c\u7cfb\u7edf\u9ed8\u8ba4\u597d\u8bc4\u3002"", ""date"": ""2024-12-21"", ""score"": 5, ""commentId"": ""239312811"", ""imgs"": [], ""userNickName"": ""\u53bb*\u6237"", ""replyCityName"": """", ""cityName"": """"}, {""author"": ""\u53bb*\u6237"", ""content"": ""\u7528\u6237\u672a\u70b9\u8bc4\uff0c\u7cfb\u7edf\u9ed8\u8ba4\u597d\u8bc4\u3002"", ""date"": ""2024-12-11"", ""score"": 5, ""commentId"": ""239190091"", ""imgs"": [], ""userNickName"": ""\u53bb*\u6237"", ""replyCityName"": """", ""cityName"": """"}, {""author"": ""k*0"", ""content"": ""\u7528\u6237\u672a\u70b9\u8bc4\uff0c\u7cfb\u7edf\u9ed8\u8ba4\u597d\u8bc4\u3002"", ""date"": ""2024-12-10"", ""score"": 5, ""commentId"": ""239159955"", ""imgs"": [], ""userNickName"": ""k*0"", ""replyCityName"": """", ""cityName"": """"}, {""author"": ""7*8"", ""content"": ""\u7528\u6237\u672a\u70b9\u8bc4\uff0c\u7cfb\u7edf\u9ed8\u8ba4\u597d\u8bc4\u3002"", ""date"": ""2024-12-08"", ""score"": 5, ""commentId"": ""239141860"", ""imgs"": [], ""userNickName"": ""7*8"", ""replyCityName"": """", ""cityName"": """"}, {""author"": ""\u53bb*\u6237"", ""content"": ""\u7528\u6237\u672a\u70b9\u8bc4\uff0c\u7cfb\u7edf\u9ed8\u8ba4\u597d\u8bc4\u3002"", ""date"": ""2024-12-07"", ""score"": 5, ""commentId"": ""239128242"", ""imgs"": [], ""userNickName"": ""\u53bb*\u6237"", ""replyCityName"": """", ""cityName"": """"}], ""score"": 4.8, ""commentCount"": 2943}, ""statusCode"": 200}"
大角湾冰雪王国,https://qimgs.qunarzz.com/piao_qsight_provider_piao_qsight_web/100u1f000001gq97x400B_C_900_504.jpg_280x200_ab0f876c.jpg,阳江市,江城区,阳江市江城区闸坡镇海滨路38号阳江海陵岛大角湾风景名胜区内,400,4.9,冰雪过山车和童话城堡,https://piao.qunar.com/ticket/detail_2421536484.html?st=a3clM0QlRTYlQjElOUYlRTUlOUYlOEUlRTUlOEMlQkElMjZpZCUzRDQ2MzQ5MSUyNnR5cGUlM0QwJTI2aWR4JTNEMTAlMjZxdCUzRCUyNmFwayUzRDIlMjZzYyUzRFdXVyUyNnVyJTNEJUU0JUI4JUFEJUU1JUIxJUIxJTI2bHIlM0QlRTQlQjglQUQlRTUlQjElQjElMjZmdCUzRCU3QiU3RA%3D%3D#from=mpl_search_suggest,65.0,N/A,海陵岛的“冰雪王国”正式营业，游客不仅可以体验南国阳光、海浪、沙滩的夏日旅游乐趣，还可以体验北国飘雪结冰的奇景。到海陵岛体验一把“冰火两重天”的旅游乐趣吧！,1/1-12/31；周一至周日；09:30-20:30开园,https://qimgs.qunarzz.com/piao_qsight_provider_piao_qsight_web/100u1f000001gq97x400B_C_900_504.jpg_710x360_de52efbc.jpg〇https://qimgs.qunarzz.com/piao_qsight_provider_piao_qsight_web/100t0g0000007xfcb9583_C_900_504_Q90_Mtg_7.jpg_710x360_8a22a512.jpg〇https://qimgs.qunarzz.com/piao_qsight_provider_piao_qsight_web/100u1f000001gq97x400B_C_900_504_Q90_Mtg_7.jpg_710x360_b3815901.jpg〇https://imgs.qunarzz.com/sight/p0/1705/3f/3fe41e967b9ebb2ba3.water.jpg_710x360_184e7591.jpg〇https://imgs.qunarzz.com/sight/p0/1705/77/77765c0ea24dbb58a3.water.jpg_710x360_812e736c.jpg〇https://qimgs.qunarzz.com/piao_qsight_provider_piao_qsight_web/d34e7ea375ad7683245fb129d926b5af.jpg_710x360_7c24ec16.jpg〇https://qimgs.qunarzz.com/piao_qsight_provider_piao_qsight_web/4412e6bd6f95597ba6cdf69ea156e763.jpg_710x360_e33d88ae.jpg〇https://qimgs.qunarzz.com/piao_qsight_provider_piao_qsight_web/7f5fac1e6cccb75cf325047b73490ad3.jpg_710x360_145543e5.jpg〇https://qimgs.qunarzz.com/piao_qsight_provider_piao_qsight_web/3ec520d63b8885c6b8833a9b8b02c307.jpg_710x360_86308234.jpg〇https://qimgs.qunarzz.com/piao_qsight_provider_piao_qsight_web/bb2ed8e902465faf078ddfcca31b4be9.jpg_710x360_0ddcbff7.jpg〇https://qimgs.qunarzz.com/piao_qsight_provider_piao_qsight_web/79fcdcdf46c6d802.jpg_710x360_bfaef7c4.jpg〇https://qimgs.qunarzz.com/piao_qsight_provider_piao_qsight_web/c96fe5aa531fe502.jpg_710x360_8ea2c726.jpg〇https://qimgs.qunarzz.com/piao_qsight_provider_piao_qsight_web/d57b3ffd0ffa5502.jpg_710x360_4e7ac065.jpg〇https://qimgs.qunarzz.com/piao_qsight_provider_piao_qsight_web/0d636912ef0e502.jpg_710x360_b46731f6.jpg〇https://qimgs.qunarzz.com/piao_qsight_provider_piao_qsight_web/37e222075b8ece02.jpg_710x360_e95cc92b.jpg〇https://qimgs.qunarzz.com/piao_qsight_provider_piao_qsight_web/1e009831f584a302.jpg_710x360_c1ddcaa4.jpg〇https://qimgs.qunarzz.com/piao_qsight_provider_piao_qsight_web/d50d413f54e3e502.jpg_710x360_dd0bac1d.jpg〇https://qimgs.qunarzz.com/piao_qsight_provider_piao_qsight_web/0625387365440202.jpg_710x360_e35d7509.jpg〇https://qimgs.qunarzz.com/piao_qsight_provider_piao_qsight_web/f9d44aa207c07002.jpg_710x360_82cefb63.jpg〇https://qimgs.qunarzz.com/piao_qsight_provider_piao_qsight_web/6ed9f691d22a9702.jpg_710x360_422f83da.jpg〇https://qimgs.qunarzz.com/piao_qsight_provider_piao_qsight_web/ddea2b9c3e905202.jpg_710x360_48ab1296.jpg〇https://qimgs.qunarzz.com/piao_qsight_provider_piao_qsight_web/8311f2938d58f602.jpg_710x360_2d349186.jpg〇https://qimgs.qunarzz.com/piao_qsight_provider_piao_qsight_web/1405c2bf043a5502.jpg_710x360_0723c577.jpg〇https://qimgs.qunarzz.com/piao_qsight_provider_piao_qsight_web/8e740178e46fdb02.jpg_710x360_2a8bade0.jpg〇https://qimgs.qunarzz.com/piao_qsight_provider_piao_qsight_web/187e791d5c2e0502.jpg_710x360_8a1085c0.jpg,"{""ret"": true, ""data"": {""tagList"": [{""tagType"": 32, ""tagScore"": 5, ""tagNum"": 2, ""tagName"": ""\u670d\u52a1\u597d""}, {""tagType"": 16, ""tagScore"": 5, ""tagNum"": 2, ""tagName"": ""\u9760\u8c31""}, {""tagType"": 8, ""tagScore"": 5, ""tagNum"": 1, ""tagName"": ""\u4fbf\u5b9c""}, {""tagType"": 4, ""tagScore"": 5, ""tagNum"": 3, ""tagName"": ""\u53d6\u7968\u65b9\u4fbf""}, {""tagType"": 3, ""tagScore"": 5, ""tagNum"": 1, ""tagName"": ""\u5dee\u8bc4""}, {""tagType"": 2, ""tagScore"": 5, ""tagNum"": 3, ""tagName"": ""\u4e2d\u8bc4""}, {""tagType"": 1, ""tagScore"": 5, ""tagNum"": 391, ""tagName"": ""\u597d\u8bc4""}, {""tagType"": 0, ""tagScore"": 5, ""tagNum"": 400, ""tagName"": ""\u5168\u90e8""}], ""commentList"": [{""author"": ""\u53bb*\u6237"", ""content"": ""\u7528\u6237\u672a\u70b9\u8bc4\uff0c\u7cfb\u7edf\u9ed8\u8ba4\u597d\u8bc4\u3002"", ""date"": ""2024-11-05"", ""score"": 5, ""commentId"": ""238574662"", ""imgs"": [], ""userNickName"": ""\u53bb*\u6237"", ""replyCityName"": """", ""cityName"": """"}, {""author"": ""\u53bb*\u6237"", ""content"": ""\u7528\u6237\u672a\u70b9\u8bc4\uff0c\u7cfb\u7edf\u9ed8\u8ba4\u597d\u8bc4\u3002"", ""date"": ""2024-11-05"", ""score"": 5, ""commentId"": ""238573357"", ""imgs"": [], ""userNickName"": ""\u53bb*\u6237"", ""replyCityName"": """", ""cityName"": """"}, {""author"": ""z*3"", ""content"": ""\u7528\u6237\u672a\u70b9\u8bc4\uff0c\u7cfb\u7edf\u9ed8\u8ba4\u597d\u8bc4\u3002"", ""date"": ""2024-09-25"", ""score"": 5, ""commentId"": ""237246646"", ""imgs"": [], ""userNickName"": ""z*3"", ""replyCityName"": """", ""cityName"": """"}, {""author"": ""s*7"", ""content"": ""\u7528\u6237\u672a\u70b9\u8bc4\uff0c\u7cfb\u7edf\u9ed8\u8ba4\u597d\u8bc4\u3002"", ""date"": ""2024-09-22"", ""score"": 5, ""commentId"": ""237084156"", ""imgs"": [], ""userNickName"": ""s*7"", ""replyCityName"": """", ""cityName"": """"}, {""author"": ""\u53bb*\u6237"", ""content"": ""\u7528\u6237\u672a\u70b9\u8bc4\uff0c\u7cfb\u7edf\u9ed8\u8ba4\u597d\u8bc4\u3002"", ""date"": ""2024-09-16"", ""score"": 5, ""commentId"": ""236852263"", ""imgs"": [], ""userNickName"": ""\u53bb*\u6237"", ""replyCityName"": """", ""cityName"": """"}, {""author"": ""\u53bb*\u6237"", ""content"": ""\u7528\u6237\u672a\u70b9\u8bc4\uff0c\u7cfb\u7edf\u9ed8\u8ba4\u597d\u8bc4\u3002"", ""date"": ""2024-09-16"", ""score"": 5, ""commentId"": ""236852045"", ""imgs"": [], ""userNickName"": ""\u53bb*\u6237"", ""replyCityName"": """", ""cityName"": """"}, {""author"": ""\u53bb*\u6237"", ""content"": ""\u7528\u6237\u672a\u70b9\u8bc4\uff0c\u7cfb\u7edf\u9ed8\u8ba4\u597d\u8bc4\u3002"", ""date"": ""2024-09-15"", ""score"": 5, ""commentId"": ""236800700"", ""imgs"": [], ""userNickName"": ""\u53bb*\u6237"", ""replyCityName"": """", ""cityName"": """"}, {""author"": ""x*7"", ""content"": ""\u7528\u6237\u672a\u70b9\u8bc4\uff0c\u7cfb\u7edf\u9ed8\u8ba4\u597d\u8bc4\u3002"", ""date"": ""2024-09-07"", ""score"": 5, ""commentId"": ""236406095"", ""imgs"": [], ""userNickName"": ""x*7"", ""replyCityName"": """", ""cityName"": """"}, {""author"": ""\u98ce*\u5929"", ""content"": ""\u7528\u6237\u672a\u70b9\u8bc4\uff0c\u7cfb\u7edf\u9ed8\u8ba4\u597d\u8bc4\u3002"", ""date"": ""2024-09-05"", ""score"": 5, ""commentId"": ""236288996"", ""imgs"": [], ""userNickName"": ""\u98ce*\u5929"", ""replyCityName"": """", ""cityName"": """"}, {""author"": ""a*8"", ""content"": ""\u7528\u6237\u672a\u70b9\u8bc4\uff0c\u7cfb\u7edf\u9ed8\u8ba4\u597d\u8bc4\u3002"", ""date"": ""2024-08-18"", ""score"": 5, ""commentId"": ""235620998"", ""imgs"": [], ""userNickName"": ""a*8"", ""replyCityName"": """", ""cityName"": """"}], ""score"": 4.9, ""commentCount"": 400}, ""statusCode"": 200}"
瓦晒湾·海洋秘境,https://qimgs.qunarzz.com/piao_qsight_provider_piao_qsight_web/0104d120009vzf41bCB26_C_900_504_Q90_Mtg_7.jpg_280x200_a30c6593.jpg,阳江市,江城区,广东省阳江市江城区达港路瓦晒村,333,5.0,瓦晒湾.海洋秘境项位于阳江市海陵岛达港路瓦晒村口，总占地面积约10.8亩，项目以“潜水培训、传承海洋渔家文化、海洋科普研,https://piao.qunar.com/ticket/detail_2609124257.html?st=a3clM0QlRTYlQjElOUYlRTUlOUYlOEUlRTUlOEMlQkElMjZpZCUzRDUxMTM0MyUyNnR5cGUlM0QwJTI2aWR4JTNEOSUyNnF0JTNEJTI2YXBrJTNEMiUyNnNjJTNEV1dXJTI2dXIlM0QlRTQlQjglQUQlRTUlQjElQjElMjZsciUzRCVFNCVCOCVBRCVFNSVCMSVCMSUyNmZ0JTNEJTdCJTdE#from=mpl_search_suggest,59.9,N/A,瓦晒湾.海洋秘境项位于阳江市海陵岛达港路瓦晒村口，总占地面积约10.8亩，项目以“潜水培训、传承海洋渔家文化、海洋科普研学、海洋运动拓展”为总体定位，立足“大尺度景观构建，小组团体验连接”的设计思路，围绕“独特的海洋文化探秘奇趣体验”布局，拟将项目打造成为充满梦幻与想象的海洋生物科普基地、益智益教、寓教于乐的富有社会科学教育意义的魅力之境、阳江市海洋文化综合体标杆项目、广东省海洋亲子教育旅行目的地。项目将分为两期开发建设，规划投资6000万元人民币，设有潜水培训区、VR体验馆、渔家文化科普区、潜水演艺区、海底梦幻隧道、海洋生物科普展示区等主题游乐区，馆内还设有海洋鱼类培育技术研究区、实验区、水母培育室、鱼疗馆等将知识科普与游玩体验结合，让孩子们在快乐游玩的同时能学习到更多海陵岛海洋知识与传承文化，填补海陵岛海洋文化研学的空缺，通过“寓教于乐”的学习形式让瓦晒湾.海洋秘境成为阳江市乃至广东省海洋文化知识的“第三课堂”。集海洋环保教育、渔家文化、潜水教育、生物教育、游乐文化、演艺文化、海洋运动、生态文化、亲子文化相结合的大湾区城市群配套的海洋文化休闲游度假综合体。,1/1-12/31；周一至周日；09:00-18:00开园,https://qimgs.qunarzz.com/piao_qsight_provider_piao_qsight_web/1lo0t12000cx61nt51A3A_C_900_504.jpg_710x360_4a49c0c7.jpg〇https://qimgs.qunarzz.com/piao_qsight_provider_piao_qsight_web/0104d120009vzf41bCB26_C_900_504_Q90_Mtg_7.jpg_710x360_aa974f7d.jpg〇https://qimgs.qunarzz.com/piao_qsight_provider_piao_qsight_web/1lo6k12000cx62ya5A1E6_C_900_504_Q90_Mtg_7.png_710x360_38af0149.png〇https://qimgs.qunarzz.com/piao_qsight_provider_piao_qsight_web/1lo6a12000cx62561358A_C_900_504_Q90_Mtg_7.jpg_710x360_d2c5f80f.jpg〇https://qimgs.qunarzz.com/piao_qsight_provider_piao_qsight_web/1lo2p12000cx62tyxABD2_C_900_504_Q90_Mtg_7.png_710x360_e9f9a72e.png〇https://qimgs.qunarzz.com/piao_qsight_provider_piao_qsight_web/1lo5s12000cx639tg6E71_C_900_504_Q90_Mtg_7.jpg_710x360_680cd41e.jpg〇https://qimgs.qunarzz.com/piao_qsight_provider_piao_qsight_web/1lo5w12000cx637mu459C_C_900_504_Q90_Mtg_7.jpg_710x360_8e205273.jpg〇https://qimgs.qunarzz.com/piao_qsight_provider_piao_qsight_web/1lo3x12000cx63g023706_C_900_504_Q90_Mtg_7.jpg_710x360_f33b7733.jpg〇https://qimgs.qunarzz.com/piao_qsight_provider_piao_qsight_web/1lo2i12000cx62mbkFC71_C_900_504_Q90_Mtg_7.jpg_710x360_ef7f1cba.jpg〇https://qimgs.qunarzz.com/piao_qsight_provider_piao_qsight_web/0105t120009vzeyjqE18A_C_900_504_Q90_Mtg_7.jpg_710x360_16e9b0f4.jpg〇https://qimgs.qunarzz.com/piao_qsight_provider_piao_qsight_web/1lo0t12000cx61nt51A3A_C_900_504_Q90_Mtg_7.jpg_710x360_ded1c081.jpg〇https://imgs.qunarzz.com/sight/p0/2107/60/60009e6a8259b527a3.img.jpg_710x360_91fa2fde.jpg〇https://imgs.qunarzz.com/sight/p0/2107/7e/7e6d6543b4c12003a3.img.jpg_710x360_adc6c67b.jpg〇https://imgs.qunarzz.com/sight/p0/2107/c0/c04a69521d5ea6f0a3.img.jpg_710x360_d8df9757.jpg〇https://imgs.qunarzz.com/sight/p0/2107/e0/e0f60f45f4f0023a3.img.jpg_710x360_39c0fe0a.jpg〇https://imgs.qunarzz.com/sight/p0/2107/c0/c04a69521d5ea6f0a3.img.jpg_710x360_d8df9757.jpg〇https://imgs.qunarzz.com/sight/p0/2107/9f/9f618bed03cac243a3.img.jpg_710x360_323919ee.jpg〇https://imgs.qunarzz.com/sight/p0/2107/72/72b0cf18987ab94fa3.img.jpg_710x360_b12681c0.jpg〇https://imgs.qunarzz.com/sight/p0/2106/e5/e52565e3d0aab27da3.img.jpg_710x360_826d0a3b.jpg〇https://imgs.qunarzz.com/sight/p0/2106/ec/ec1a5dfb7355d903a3.img.jpg_710x360_72a3215b.jpg〇https://imgs.qunarzz.com/sight/p0/2106/8b/8bb680b57eeb9315a3.img.jpg_710x360_3f762887.jpg〇https://imgs.qunarzz.com/sight/p0/2106/dc/dccb0be6c96bbf93a3.img.jpg_710x360_d0b0b65d.jpg〇https://imgs.qunarzz.com/sight/p0/2106/f2/f2c6838d0666c230a3.img.jpg_710x360_60d5c715.jpg〇https://imgs.qunarzz.com/sight/p0/2106/7e/7ed3613c63f039a6a3.img.jpg_710x360_8192dc30.jpg〇https://imgs.qunarzz.com/sight/p0/2106/ae/ae7aa4c50344bfeea3.img.jpg_710x360_f442eb18.jpg,"{""ret"": true, ""data"": {""tagList"": [{""tagType"": 4, ""tagScore"": 5, ""tagNum"": 1, ""tagName"": ""\u53d6\u7968\u65b9\u4fbf""}, {""tagType"": 1, ""tagScore"": 5, ""tagNum"": 333, ""tagName"": ""\u597d\u8bc4""}, {""tagType"": 0, ""tagScore"": 5, ""tagNum"": 333, ""tagName"": ""\u5168\u90e8""}], ""commentList"": [{""author"": ""\u53bb*\u6237"", ""content"": ""\u7528\u6237\u672a\u70b9\u8bc4\uff0c\u7cfb\u7edf\u9ed8\u8ba4\u597d\u8bc4\u3002"", ""date"": ""2024-12-17"", ""score"": 5, ""commentId"": ""239263795"", ""imgs"": [], ""userNickName"": ""\u53bb*\u6237"", ""replyCityName"": """", ""cityName"": """"}, {""author"": ""\u53bb*\u6237"", ""content"": ""\u7528\u6237\u672a\u70b9\u8bc4\uff0c\u7cfb\u7edf\u9ed8\u8ba4\u597d\u8bc4\u3002"", ""date"": ""2024-11-03"", ""score"": 5, ""commentId"": ""238248649"", ""imgs"": [], ""userNickName"": ""\u53bb*\u6237"", ""replyCityName"": """", ""cityName"": """"}, {""author"": ""\u53bb*\u6237"", ""content"": ""\u7528\u6237\u672a\u70b9\u8bc4\uff0c\u7cfb\u7edf\u9ed8\u8ba4\u597d\u8bc4\u3002"", ""date"": ""2024-11-03"", ""score"": 5, ""commentId"": ""238248611"", ""imgs"": [], ""userNickName"": ""\u53bb*\u6237"", ""replyCityName"": """", ""cityName"": """"}, {""author"": ""\u53bb*\u6237"", ""content"": ""\u7528\u6237\u672a\u70b9\u8bc4\uff0c\u7cfb\u7edf\u9ed8\u8ba4\u597d\u8bc4\u3002"", ""date"": ""2024-11-03"", ""score"": 5, ""commentId"": ""238248573"", ""imgs"": [], ""userNickName"": ""\u53bb*\u6237"", ""replyCityName"": """", ""cityName"": """"}, {""author"": ""\u53bb*\u6237"", ""content"": ""\u7528\u6237\u672a\u70b9\u8bc4\uff0c\u7cfb\u7edf\u9ed8\u8ba4\u597d\u8bc4\u3002"", ""date"": ""2024-11-03"", ""score"": 5, ""commentId"": ""238245873"", ""imgs"": [], ""userNickName"": ""\u53bb*\u6237"", ""replyCityName"": """", ""cityName"": """"}, {""author"": ""\u53bb*\u6237"", ""content"": ""\u7528\u6237\u672a\u70b9\u8bc4\uff0c\u7cfb\u7edf\u9ed8\u8ba4\u597d\u8bc4\u3002"", ""date"": ""2024-11-03"", ""score"": 5, ""commentId"": ""238245853"", ""imgs"": [], ""userNickName"": ""\u53bb*\u6237"", ""replyCityName"": """", ""cityName"": """"}, {""author"": ""\u53bb*\u6237"", ""content"": ""\u7528\u6237\u672a\u70b9\u8bc4\uff0c\u7cfb\u7edf\u9ed8\u8ba4\u597d\u8bc4\u3002"", ""date"": ""2024-10-28"", ""score"": 5, ""commentId"": ""237863346"", ""imgs"": [], ""userNickName"": ""\u53bb*\u6237"", ""replyCityName"": """", ""cityName"": """"}, {""author"": ""\u53bb*\u6237"", ""content"": ""\u7528\u6237\u672a\u70b9\u8bc4\uff0c\u7cfb\u7edf\u9ed8\u8ba4\u597d\u8bc4\u3002"", ""date"": ""2024-09-28"", ""score"": 5, ""commentId"": ""237331084"", ""imgs"": [], ""userNickName"": ""\u53bb*\u6237"", ""replyCityName"": """", ""cityName"": """"}, {""author"": ""\u6c34*\u513f"", ""content"": ""\u7528\u6237\u672a\u70b9\u8bc4\uff0c\u7cfb\u7edf\u9ed8\u8ba4\u597d\u8bc4\u3002"", ""date"": ""2024-09-25"", ""score"": 5, ""commentId"": ""237260168"", ""imgs"": [], ""userNickName"": ""\u6c34*\u513f"", ""replyCityName"": """", ""cityName"": """"}, {""author"": ""\u6c34*\u513f"", ""content"": ""\u7528\u6237\u672a\u70b9\u8bc4\uff0c\u7cfb\u7edf\u9ed8\u8ba4\u597d\u8bc4\u3002"", ""date"": ""2024-09-25"", ""score"": 5, ""commentId"": ""237260100"", ""imgs"": [], ""userNickName"": ""\u6c34*\u513f"", ""replyCityName"": """", ""cityName"": """"}], ""score"": 5.0, ""commentCount"": 333}, ""statusCode"": 200}"
北洛湾风景区,https://qimgs.qunarzz.com/piao_qsight_provider_piao_qsight_web/10011f000001h36o5CF71_C_900_504.jpg_280x200_8a979409.jpg,阳江市,江城区,阳江市江城区海滨三路海陵岛西南端,355,5.0,田园、滨海风光兼收并蓄,https://piao.qunar.com/ticket/detail_461034079.html?st=a3clM0QlRTYlQjElOUYlRTUlOUYlOEUlRTUlOEMlQkElMjZpZCUzRDIwNzM1JTI2dHlwZSUzRDAlMjZpZHglM0Q4JTI2cXQlM0QlMjZhcGslM0QyJTI2c2MlM0RXV1clMjZ1ciUzRCVFNCVCOCVBRCVFNSVCMSVCMSUyNmxyJTNEJUU0JUI4JUFEJUU1JUIxJUIxJTI2ZnQlM0QlN0IlN0Q%3D#from=mpl_search_suggest,61.0,N/A,北洛湾风景区北洛湾风景区位于海陵岛西南端，三面环山，南面临海，滩长0.6公里，宽60—150米，沙质细腻、水质清洁、滩平波缓、呈螺线形湾。海湾背依平原腹地，左右马尾山与望瞭岭对峙；滩东南侧座落弧丘铁帽仔，铁帽仔与望瞭岭间形成狭窄的石滩，其中海盗藏宝洞、仙女洞、一线天、牛石等景色迷人；沙滩东北侧有天然泻湖穿过，构成了丰富的地貌和多层次的景观。登铁帽仔远望，南面是碧波万顷，北面是田园风光和滨海风光兼收并蓄，所有美景尽收眼底。门票：18元/人,1/1-12/31；周一至周日；08:00-18:00开园；（17:30停止入园）,https://qimgs.qunarzz.com/piao_qsight_provider_piao_qsight_web/10011f000001h36o5CF71_C_900_504.jpg_710x360_8e6cc720.jpg〇https://qimgs.qunarzz.com/piao_qsight_provider_piao_qsight_web/01074120009jhj3wc9813_C_900_504_Q90_Mtg_7.jpg_710x360_fbbc02d2.jpg〇https://qimgs.qunarzz.com/piao_qsight_provider_piao_qsight_web/0104212000a0op8kd1D84_C_900_504_Q90_Mtg_7.jpg_710x360_c47a211a.jpg〇https://qimgs.qunarzz.com/piao_qsight_provider_piao_qsight_web/0101f12000a0op6dx3530_C_900_504_Q90_Mtg_7.jpg_710x360_bf68454c.jpg〇https://qimgs.qunarzz.com/piao_qsight_provider_piao_qsight_web/0106q120009jhj00bAB89_C_900_504_Q90_Mtg_7.jpg_710x360_e880ab0e.jpg〇https://qimgs.qunarzz.com/piao_qsight_provider_piao_qsight_web/0105212000a0opeftB1F5_C_900_504_Q90_Mtg_7.jpg_710x360_b3d6913c.jpg〇https://qimgs.qunarzz.com/piao_qsight_provider_piao_qsight_web/0104y12000a0op8keE95B_C_900_504_Q90_Mtg_7.jpg_710x360_9a0a8ca4.jpg〇https://qimgs.qunarzz.com/piao_qsight_provider_piao_qsight_web/0101s120009jhj3w6CD77_C_900_504_Q90_Mtg_7.jpg_710x360_ba7480b7.jpg〇https://qimgs.qunarzz.com/piao_qsight_provider_piao_qsight_web/0101112000a0oou4hDCB0_C_900_504_Q90_Mtg_7.jpg_710x360_6ebf234d.jpg〇https://qimgs.qunarzz.com/piao_qsight_provider_piao_qsight_web/0102r12000a0oozxp969E_C_900_504_Q90_Mtg_7.jpg_710x360_53230c87.jpg〇https://qimgs.qunarzz.com/piao_qsight_provider_piao_qsight_web/10011f000001h36o5CF71_C_900_504_Q90_Mtg_7.jpg_710x360_c6c25c37.jpg,"{""ret"": true, ""data"": {""tagList"": [{""tagType"": 32, ""tagScore"": 5, ""tagNum"": 3, ""tagName"": ""\u670d\u52a1\u597d""}, {""tagType"": 16, ""tagScore"": 5, ""tagNum"": 3, ""tagName"": ""\u9760\u8c31""}, {""tagType"": 8, ""tagScore"": 5, ""tagNum"": 1, ""tagName"": ""\u4fbf\u5b9c""}, {""tagType"": 4, ""tagScore"": 5, ""tagNum"": 2, ""tagName"": ""\u53d6\u7968\u65b9\u4fbf""}, {""tagType"": 3, ""tagScore"": 5, ""tagNum"": 1, ""tagName"": ""\u5dee\u8bc4""}, {""tagType"": 1, ""tagScore"": 5, ""tagNum"": 354, ""tagName"": ""\u597d\u8bc4""}, {""tagType"": 0, ""tagScore"": 5, ""tagNum"": 355, ""tagName"": ""\u5168\u90e8""}], ""commentList"": [{""author"": ""\u53bb*\u6237"", ""content"": ""\u7528\u6237\u672a\u70b9\u8bc4\uff0c\u7cfb\u7edf\u9ed8\u8ba4\u597d\u8bc4\u3002"", ""date"": ""2024-12-17"", ""score"": 5, ""commentId"": ""239262232"", ""imgs"": [], ""userNickName"": ""\u53bb*\u6237"", ""replyCityName"": """", ""cityName"": """"}, {""author"": ""\u53bb*\u6237"", ""content"": ""\u7528\u6237\u672a\u70b9\u8bc4\uff0c\u7cfb\u7edf\u9ed8\u8ba4\u597d\u8bc4\u3002"", ""date"": ""2024-12-17"", ""score"": 5, ""commentId"": ""239257058"", ""imgs"": [], ""userNickName"": ""\u53bb*\u6237"", ""replyCityName"": """", ""cityName"": """"}, {""author"": ""\u53bb*\u6237"", ""content"": ""\u7528\u6237\u672a\u70b9\u8bc4\uff0c\u7cfb\u7edf\u9ed8\u8ba4\u597d\u8bc4\u3002"", ""date"": ""2024-12-10"", ""score"": 5, ""commentId"": ""239163730"", ""imgs"": [], ""userNickName"": ""\u53bb*\u6237"", ""replyCityName"": """", ""cityName"": """"}, {""author"": ""c*9"", ""content"": ""\u7528\u6237\u672a\u70b9\u8bc4\uff0c\u7cfb\u7edf\u9ed8\u8ba4\u597d\u8bc4\u3002"", ""date"": ""2024-12-08"", ""score"": 5, ""commentId"": ""239143173"", ""imgs"": [], ""userNickName"": ""c*9"", ""replyCityName"": """", ""cityName"": """"}, {""author"": ""p*1"", ""content"": ""\u7528\u6237\u672a\u70b9\u8bc4\uff0c\u7cfb\u7edf\u9ed8\u8ba4\u597d\u8bc4\u3002"", ""date"": ""2024-12-07"", ""score"": 5, ""commentId"": ""239128525"", ""imgs"": [], ""userNickName"": ""p*1"", ""replyCityName"": """", ""cityName"": """"}, {""author"": ""n*t"", ""content"": ""\u7528\u6237\u672a\u70b9\u8bc4\uff0c\u7cfb\u7edf\u9ed8\u8ba4\u597d\u8bc4\u3002"", ""date"": ""2024-12-04"", ""score"": 5, ""commentId"": ""239100412"", ""imgs"": [], ""userNickName"": ""n*t"", ""replyCityName"": """", ""cityName"": """"}, {""author"": ""\u53bb*\u6237"", ""content"": ""\u7528\u6237\u672a\u70b9\u8bc4\uff0c\u7cfb\u7edf\u9ed8\u8ba4\u597d\u8bc4\u3002"", ""date"": ""2024-12-04"", ""score"": 5, ""commentId"": ""239089971"", ""imgs"": [], ""userNickName"": ""\u53bb*\u6237"", ""replyCityName"": """", ""cityName"": """"}, {""author"": ""s*8"", ""content"": ""\u7528\u6237\u672a\u70b9\u8bc4\uff0c\u7cfb\u7edf\u9ed8\u8ba4\u597d\u8bc4\u3002"", ""date"": ""2024-11-30"", ""score"": 5, ""commentId"": ""239012961"", ""imgs"": [], ""userNickName"": ""s*8"", ""replyCityName"": """", ""cityName"": """"}, {""author"": ""a*5"", ""content"": ""\u7528\u6237\u672a\u70b9\u8bc4\uff0c\u7cfb\u7edf\u9ed8\u8ba4\u597d\u8bc4\u3002"", ""date"": ""2024-11-03"", ""score"": 5, ""commentId"": ""238299217"", ""imgs"": [], ""userNickName"": ""a*5"", ""replyCityName"": """", ""cityName"": """"}, {""author"": ""j*5"", ""content"": ""\u7528\u6237\u672a\u70b9\u8bc4\uff0c\u7cfb\u7edf\u9ed8\u8ba4\u597d\u8bc4\u3002"", ""date"": ""2024-10-17"", ""score"": 5, ""commentId"": ""237711578"", ""imgs"": [], ""userNickName"": ""j*5"", ""replyCityName"": """", ""cityName"": """"}], ""score"": 5.0, ""commentCount"": 355}, ""statusCode"": 200}"
海陵岛,https://qimgs.qunarzz.com/piao_qsight_provider_piao_qsight_web/100r1f000001goq94FA09_C_900_504.jpg_280x200_a359929a.jpg,阳江市,江城区,广东省阳江市江城区闸坡镇海滨路38号,1746,4.5,享优质海水浴场品尝海鲜,https://piao.qunar.com/ticket/detail_2283643754.html?st=a3clM0QlRTYlQjElOUYlRTUlOUYlOEUlRTUlOEMlQkElMjZpZCUzRDk1NDMlMjZ0eXBlJTNEMCUyNmlkeCUzRDEyJTI2cXQlM0QlMjZhcGslM0QyJTI2c2MlM0RXV1clMjZ1ciUzRCVFNCVCOCVBRCVFNSVCMSVCMSUyNmxyJTNEJUU0JUI4JUFEJUU1JUIxJUIxJTI2ZnQlM0QlN0IlN0Q%3D#from=mpl_search_suggest,7.0,N/A,"位于阳江的海陵岛，享有""南方北戴河""和""东方夏威夷""之美称，被誉为一块未经雕琢的翡翠。四面环海，以水碧、沙净和游海水、住海边、食海鲜、买海味的特色驰名中外。海陵岛全年日照时间长，年平均气温22.8度，年晴天数310天，四季分明，气候宜人，是旅游度假的理想地方。海陵岛海鲜可谓物美价廉，渔民特制的""蛋家菜""不可错过。虾和烧烤海味也别有风味。海陵岛位于广东阳江市西南端，是广东第四大岛。该岛交通便利，经广湛高速公路至广州仅2小时，经沿海高速公路至珠海仅1.5小时，是粤西、粤东、粤中的海上中转站。全岛陆地总面积107.8平方公里，有可供开发的土地58平方公里，耕地2.8万亩，浅海滩涂14.7万亩，岛岸线总长141.7公里，人口8.6万人。1992年6月18日，经广东省人民政府批准设立海陵岛经济开发试验区，辖海陵、闸坡两镇。海陵岛还有丰富的人文和历史景观，如太傅庙、灵谷庙、古炮台、镇海亭、观音阁等10多处，处处都有着一段悲壮动人的故事。十里银滩中段，银海城内还有一座面积6万平方米――宋城，城内有53座仿宋建筑，无论远观近瞻，都百态千姿，尉为壮观，更让人亲身体会宋王朝的气派雄伟。此外，岛上还有各具特色的连绵山峦，尤为神奇的是草王山，山上有山，山内有山，山山相叠，峰奇山趣，雄壮中且细腻，阔大而又缠绵，令人留连忘返，暇思无限。",1/1-12/31；周一至周日；全天开放,https://qimgs.qunarzz.com/piao_qsight_provider_piao_qsight_web/100r1f000001goq94FA09_C_900_504.jpg_710x360_0b326afa.jpg〇https://qimgs.qunarzz.com/piao_qsight_provider_piao_qsight_web/0104912000fq6zxyj6245_C_900_504_Q90_Mtg_7.jpg_710x360_28c2a0d1.jpg〇https://qimgs.qunarzz.com/piao_qsight_provider_piao_qsight_web/0102y12000fq6zj4g688E_C_900_504_Q90_Mtg_7.jpg_710x360_879be7c7.jpg〇https://qimgs.qunarzz.com/piao_qsight_provider_piao_qsight_web/10050y000000lxmwf37A9_C_900_504_Q90_Mtg_7.jpg_710x360_3701f85d.jpg〇https://qimgs.qunarzz.com/piao_qsight_provider_piao_qsight_web/0103k120008g4jgc405D8_C_900_504_Q90_Mtg_7.jpg_710x360_71ac277c.jpg〇https://qimgs.qunarzz.com/piao_qsight_provider_piao_qsight_web/10020u000000januq5135_C_900_504_Q90_Mtg_7.jpg_710x360_7156b6c2.jpg〇https://qimgs.qunarzz.com/piao_qsight_provider_piao_qsight_web/100t0u000000j3mopAF04_C_900_504_Q90_Mtg_7.jpg_710x360_b10a9235.jpg〇https://qimgs.qunarzz.com/piao_qsight_provider_piao_qsight_web/7b829a4197784e3791a424a63d513d94_C_900_504_Q90_Mtg_7.jpg_710x360_3eaa8cb8.jpg〇https://qimgs.qunarzz.com/piao_qsight_provider_piao_qsight_web/720841515abd4e8c978557558eb0ac48_C_900_504_Q90_Mtg_7.jpg_710x360_980e475c.jpg〇https://qimgs.qunarzz.com/piao_qsight_provider_piao_qsight_web/100r1f000001goq94FA09_C_900_504_Q90_Mtg_7.jpg_710x360_738ba1df.jpg〇https://imgs.qunarzz.com/sight/p0/201401/24/13254723098c597124097082b2f1a053.jpg_710x360_c997861e.jpg〇https://imgs.qunarzz.com/sight/p0/201401/24/2f41ba902fd8bd9bd7d0ca5fbc2b68ae.jpg_710x360_20d2e5dc.jpg〇https://imgs.qunarzz.com/sight/p0/201401/24/91c1678690cee8dd5cef4051cd35c813.jpg_710x360_9968b365.jpg〇https://imgs.qunarzz.com/sight/p0/201401/24/23076b9859c370545b339effde8eeecc.jpg_710x360_4b9c6ec0.jpg〇https://qimgs.qunarzz.com/piao_qsight_provider_piao_qsight_web/c30cc463dd7dbd9a.jpg_710x360_8add0793.jpg〇https://qimgs.qunarzz.com/piao_qsight_provider_piao_qsight_web/fac341a54d5f599a.jpg_710x360_c5fbc327.jpg〇https://qimgs.qunarzz.com/piao_qsight_provider_piao_qsight_web/6c7c0418f270a89a.jpg_710x360_5738ec7f.jpg〇https://qimgs.qunarzz.com/piao_qsight_provider_piao_qsight_web/ea9d220b3240ce9a.jpg_710x360_a4dd9970.jpg〇https://qimgs.qunarzz.com/piao_qsight_provider_piao_qsight_web/bc154845a175a19a.jpg_710x360_b2fb532a.jpg〇https://qimgs.qunarzz.com/piao_qsight_provider_piao_qsight_web/93359b8f87af4f9a.jpg_710x360_34c3408e.jpg〇https://qimgs.qunarzz.com/piao_qsight_provider_piao_qsight_web/6b1ce99e53e4159a.jpg_710x360_a65026b1.jpg〇https://qimgs.qunarzz.com/piao_qsight_provider_piao_qsight_web/6f27b74b859bb69a.jpg_710x360_0f428df8.jpg〇https://qimgs.qunarzz.com/piao_qsight_provider_piao_qsight_web/05a9590fe5203565b962a09b80cf7ed9.jpg_710x360_baf1cd01.jpg〇https://qimgs.qunarzz.com/piao_qsight_provider_piao_qsight_web/70d66a73c9ebde8340c61fe5612b9ef1.jpg_710x360_940b1265.jpg〇https://qimgs.qunarzz.com/piao_qsight_provider_piao_qsight_web/6180a204fd3c84783945c2ad95407048.jpg_710x360_d947c565.jpg〇https://qimgs.qunarzz.com/piao_qsight_provider_piao_qsight_web/f7277efab8e5f032e611598d7f959619.jpg_710x360_463023e2.jpg〇https://qimgs.qunarzz.com/piao_qsight_provider_piao_qsight_web/f7ce23bba0430102.jpg_710x360_fc96e918.jpg〇https://qimgs.qunarzz.com/piao_qsight_provider_piao_qsight_web/0c0b9e53c5b63d02.jpg_710x360_8c95fbb3.jpg〇https://qimgs.qunarzz.com/piao_qsight_provider_piao_qsight_web/c57719d7f832d32f660c814411816592.jpg_710x360_96d78c18.jpg〇https://qimgs.qunarzz.com/piao_qsight_provider_piao_qsight_web/9fa3d85561c5817f01df014802d61a2a.jpg_710x360_cd88cf5a.jpg〇https://qimgs.qunarzz.com/piao_qsight_provider_piao_qsight_web/1562875018042100916000000zhtz09900_D_640_10000.jpg_710x360_1ef7f603.jpg〇https://qimgs.qunarzz.com/piao_qsight_provider_piao_qsight_web/1562875017653100r16000000zdumw3968_D_640_10000.jpg_710x360_bddbd0fa.jpg〇https://qimgs.qunarzz.com/piao_qsight_provider_piao_qsight_web/1562875017014100f16000000zhhgqC55A_D_640_10000.jpg_710x360_e2327818.jpg〇https://qimgs.qunarzz.com/piao_qsight_provider_piao_qsight_web/1562875016391100d16000000zfzghF9DB_D_640_10000.jpg_710x360_815677da.jpg,"{""ret"": true, ""data"": {""tagList"": [{""tagType"": 32, ""tagScore"": 5, ""tagNum"": 4, ""tagName"": ""\u670d\u52a1\u597d""}, {""tagType"": 16, ""tagScore"": 5, ""tagNum"": 6, ""tagName"": ""\u9760\u8c31""}, {""tagType"": 8, ""tagScore"": 5, ""tagNum"": 5, ""tagName"": ""\u4fbf\u5b9c""}, {""tagType"": 4, ""tagScore"": 5, ""tagNum"": 7, ""tagName"": ""\u53d6\u7968\u65b9\u4fbf""}, {""tagType"": 3, ""tagScore"": 5, ""tagNum"": 13, ""tagName"": ""\u5dee\u8bc4""}, {""tagType"": 2, ""tagScore"": 5, ""tagNum"": 60, ""tagName"": ""\u4e2d\u8bc4""}, {""tagType"": 1, ""tagScore"": 5, ""tagNum"": 1595, ""tagName"": ""\u597d\u8bc4""}, {""tagType"": 0, ""tagScore"": 5, ""tagNum"": 1746, ""tagName"": ""\u5168\u90e8""}], ""commentList"": [{""author"": ""d*4"", ""content"": ""\u9152\u5e97\u9009\u4e86\u6d1b\u60a6\u9152\u5e97\u540c\u4e00\u680b\u697c\uff084\u53f7\u697c\uff09\u7684\u6c11\u5bbf\uff0c\u6761\u4ef6\u548c\u6d1b\u60a6\u5dee\u4e0d\u591a\uff0c\u6027\u4ef7\u6bd4\u597d\uff0c\u4e34\u6d77\u4e0d\u9519\uff0c\u6c99\u6ee9\u4e5f\u662f\u514d\u8d39\u6e38\u73a9\uff0c\u6e38\u6cf3\u4e0b\u6d77\u90fd\u53ef\u4ee5\u3002\u665a\u4e0a\u6d77\u9c9c\u662f\u5230\u6d77\u9c9c\u5e02\u573a\u81ea\u9009\u7684\uff0c\u4ef7\u683c\u5b9e\u60e0\uff0c\u4e70\u597d\u540e\u5c31\u5728\u5e02\u573a\u8fb9\u627e\u4e86\u4e2a\u9152\u5e97\u52a0\u5de5\uff0c\u52a0\u5de5\u8d39\u4e00\u8d77\u4e5f\u5c31100\u6765\u5757\u94b1\uff0c\u6574\u4f53\u5403\u4f4f\u90fd\u8fd8\u6ee1\u610f\uff0c\u4e5f\u6ca1\u78b0\u5230\u7f51\u4e0a\u7684\u90a3\u4e48\u591a\u96f7\u3002\u552f\u4e00\u78b0\u5230\u7684\u96f7\u53cd\u800c\u662f\u6d77\u9675\u5c9b\u7684\u4ea4\u8b66\uff0c\u4e13\u95e8\u5835\u622a\u6e38\u5ba2\u8f66\u8f86\uff0c\u6293\u7535\u52a8\u8f66\u4e5f\u90fd\u5bf9\u7740\u6e38\u5ba2\u6293\uff0c\u672c\u5730\u4eba\u6ca1\u770b\u89c1\u4e00\u4e2a\u5e26\u5934\u76d4\u7684\u90fd\u4e0d\u6293\uff0c\u6e38\u5ba2\u4e00\u4e2a\u4e0d\u5e26\u5934\u76d4\u5c31\u8981\u6293\uff0c\u5927\u5927\u5f71\u54cd\u65c5\u6e38\u4f53\u9a8c\u3002"", ""date"": ""2024-07-15"", ""score"": 1, ""commentId"": ""234825593"", ""imgs"": [{""small"": ""https://qimgs.qunarzz.com/mp_piao_0001/temp5739319778204450675file_1721022451000.jpg_120x120_f90933e5.jpg"", ""title"": """", ""big"": ""https://qimgs.qunarzz.com/mp_piao_0001/temp5739319778204450675file_1721022451000.jpg""}, {""small"": ""https://qimgs.qunarzz.com/mp_piao_0001/temp18290431973307929570file_1721022451000.jpg_120x120_2584c2c5.jpg"", ""title"": """", ""big"": ""https://qimgs.qunarzz.com/mp_piao_0001/temp18290431973307929570file_1721022451000.jpg""}, {""small"": ""https://qimgs.qunarzz.com/mp_piao_0001/temp8448938472796517500file_1721022451000.jpg_120x120_f1f82c3f.jpg"", ""title"": """", ""big"": ""https://qimgs.qunarzz.com/mp_piao_0001/temp8448938472796517500file_1721022451000.jpg""}], ""userNickName"": ""d*4"", ""replyCityName"": """", ""cityName"": ""\u5e7f\u4e1c""}, {""author"": ""l*3"", ""content"": ""\u7528\u6237\u672a\u70b9\u8bc4\uff0c\u7cfb\u7edf\u9ed8\u8ba4\u597d\u8bc4\u3002"", ""date"": ""2024-11-21"", ""score"": 5, ""commentId"": ""238872844"", ""imgs"": [], ""userNickName"": ""l*3"", ""replyCityName"": """", ""cityName"": """"}, {""author"": ""\u5f7c*\u76ae"", ""content"": ""\u7528\u6237\u672a\u70b9\u8bc4\uff0c\u7cfb\u7edf\u9ed8\u8ba4\u597d\u8bc4\u3002"", ""date"": ""2024-11-03"", ""score"": 5, ""commentId"": ""238155745"", ""imgs"": [], ""userNickName"": ""\u5f7c*\u76ae"", ""replyCityName"": """", ""cityName"": """"}, {""author"": ""l*g"", ""content"": ""\u7528\u6237\u672a\u70b9\u8bc4\uff0c\u7cfb\u7edf\u9ed8\u8ba4\u597d\u8bc4\u3002"", ""date"": ""2024-11-03"", ""score"": 5, ""commentId"": ""238136575"", ""imgs"": [], ""userNickName"": ""l*g"", ""replyCityName"": """", ""cityName"": """"}, {""author"": ""\u53bb*\u6237"", ""content"": ""\u7528\u6237\u672a\u70b9\u8bc4\uff0c\u7cfb\u7edf\u9ed8\u8ba4\u597d\u8bc4\u3002"", ""date"": ""2024-11-01"", ""score"": 5, ""commentId"": ""237984426"", ""imgs"": [], ""userNickName"": ""\u53bb*\u6237"", ""replyCityName"": """", ""cityName"": """"}, {""author"": ""\u53bb*\u6237"", ""content"": ""\u7528\u6237\u672a\u70b9\u8bc4\uff0c\u7cfb\u7edf\u9ed8\u8ba4\u597d\u8bc4\u3002"", ""date"": ""2024-10-17"", ""score"": 5, ""commentId"": ""237706132"", ""imgs"": [], ""userNickName"": ""\u53bb*\u6237"", ""replyCityName"": """", ""cityName"": """"}, {""author"": ""\u53bb*\u6237"", ""content"": ""\u7528\u6237\u672a\u70b9\u8bc4\uff0c\u7cfb\u7edf\u9ed8\u8ba4\u597d\u8bc4\u3002"", ""date"": ""2024-10-17"", ""score"": 5, ""commentId"": ""237706037"", ""imgs"": [], ""userNickName"": ""\u53bb*\u6237"", ""replyCityName"": """", ""cityName"": """"}, {""author"": ""\u53bb*\u6237"", ""content"": ""\u7528\u6237\u672a\u70b9\u8bc4\uff0c\u7cfb\u7edf\u9ed8\u8ba4\u597d\u8bc4\u3002"", ""date"": ""2024-10-17"", ""score"": 5, ""commentId"": ""237705591"", ""imgs"": [], ""userNickName"": ""\u53bb*\u6237"", ""replyCityName"": """", ""cityName"": """"}, {""author"": ""\u53bb*\u6237"", ""content"": ""\u7528\u6237\u672a\u70b9\u8bc4\uff0c\u7cfb\u7edf\u9ed8\u8ba4\u597d\u8bc4\u3002"", ""date"": ""2024-10-17"", ""score"": 5, ""commentId"": ""237704964"", ""imgs"": [], ""userNickName"": ""\u53bb*\u6237"", ""replyCityName"": """", ""cityName"": """"}, {""author"": ""w*7"", ""content"": ""\u975e\u5e38\u5f00\u5fc3\u6109\u5feb\u7684\u5165\u4f4f\u4f53\u9a8c\uff0c\u6574\u6d01\uff0c\u53ef\u4ee5\u8bf4\u662f\u6211\u5728\u6d77\u9675\u5c9b\u4f4f\u8fc7\u6700\u6ee1\u610f\u7684\u4e00\u5bb6\u522b\u5885\uff0c\u5bb6\u4eba\u4eec\u6296\u8ddf\u5f00\u5fc3\uff0c\u611f\u8c22\u6768\u7ba1\u5bb6\u7684\u4ecb\u7ecd"", ""date"": ""2024-04-20"", ""score"": 5, ""commentId"": ""233008965"", ""imgs"": [], ""userNickName"": ""w*7"", ""replyCityName"": """", ""cityName"": ""\u56db\u5ddd""}], ""score"": 4.5, ""commentCount"": 1746}, ""statusCode"": 200}"
北洛秘境国际旅游度假区,https://qimgs.qunarzz.com/piao_qsight_provider_piao_qsight_web/0100w12000f6s4nqhB9E1_C_900_504.jpg_280x200_8cd1a53e.jpg,阳江市,江城区,广东省阳江市江城区海陵岛阳江海陵岛大角湾风景名胜区内,2,5.0,N/A,https://piao.qunar.com/ticket/detail_1458970035.html?st=a3clM0QlRTYlQjElOUYlRTUlOUYlOEUlRTUlOEMlQkElMjZpZCUzRDUyMTk1MSUyNnR5cGUlM0QwJTI2aWR4JTNENyUyNnF0JTNEJTI2YXBrJTNEMiUyNnNjJTNEV1dXJTI2dXIlM0QlRTQlQjglQUQlRTUlQjElQjElMjZsciUzRCVFNCVCOCVBRCVFNSVCMSVCMSUyNmZ0JTNEJTdCJTdE#from=mpl_search_suggest,62.0,N/A,N/A,"中心泳池: 09:00-12:00  14:00-18:00(10月8号闭园)
海滩浴场: 08:00-18:00 (10月8号闭园)
山体公园:08:30-17:30(17:00停止验票)
悬崖泳池:09:00-18:00(17:30停止验票)
大门口售票处:08:30-17:30
天际泳池:08:00-12:00.  14:00-18:00 
具体营业状态以当天开放情况为准",https://qimgs.qunarzz.com/piao_qsight_provider_piao_qsight_web/0100w12000f6s4nqhB9E1_C_900_504.jpg_710x360_9cdaa1f3.jpg〇https://qimgs.qunarzz.com/piao_qsight_provider_piao_qsight_web/0100w12000f6s4nqhB9E1_C_900_504_Q90_Mtg_7.jpg_710x360_6f979c91.jpg〇https://qimgs.qunarzz.com/piao_qsight_provider_piao_qsight_web/0100o12000d6jwxqkBE4B_C_900_504_Q90_Mtg_7.jpg_710x360_4ce3234d.jpg,"{""ret"": true, ""data"": {""tagList"": [{""tagType"": 1, ""tagScore"": 5, ""tagNum"": 2, ""tagName"": ""\u597d\u8bc4""}, {""tagType"": 0, ""tagScore"": 5, ""tagNum"": 2, ""tagName"": ""\u5168\u90e8""}], ""commentList"": [{""author"": ""\u53bb*\u6237"", ""content"": ""\u7528\u6237\u672a\u70b9\u8bc4\uff0c\u7cfb\u7edf\u9ed8\u8ba4\u597d\u8bc4\u3002"", ""date"": ""2024-12-17"", ""score"": 5, ""commentId"": ""239256588"", ""imgs"": [], ""userNickName"": ""\u53bb*\u6237"", ""replyCityName"": """", ""cityName"": """"}, {""author"": ""\u53bb*\u6237"", ""content"": ""\u7528\u6237\u672a\u70b9\u8bc4\uff0c\u7cfb\u7edf\u9ed8\u8ba4\u597d\u8bc4\u3002"", ""date"": ""2024-12-13"", ""score"": 5, ""commentId"": ""239211611"", ""imgs"": [], ""userNickName"": ""\u53bb*\u6237"", ""replyCityName"": """", ""cityName"": """"}], ""score"": 5.0, ""commentCount"": 2}, ""statusCode"": 200}"
新圣洋渔家乐,https://qimgs.qunarzz.com/piao_qsight_provider_piao_qsight_web/10081f000001gqiqlD00C_C_900_504.jpg_280x200_547ebeba.jpg,阳江市,江城区,广东省阳江市江城区闸坡镇旧澳湾闸坡珍珠场段海域,23,5.0,欣赏海景，体验捕鱼乐趣,https://piao.qunar.com/ticket/detail_897504272.html?st=a3clM0QlRTYlQjElOUYlRTUlOUYlOEUlRTUlOEMlQkElMjZpZCUzRDQ1MTg1MSUyNnR5cGUlM0QwJTI2aWR4JTNENiUyNnF0JTNEJTI2YXBrJTNEMiUyNnNjJTNEV1dXJTI2dXIlM0QlRTQlQjglQUQlRTUlQjElQjElMjZsciUzRCVFNCVCOCVBRCVFNSVCMSVCMSUyNmZ0JTNEJTdCJTdE#from=mpl_search_suggest,580.0,N/A,渔家乐旅游项目是在当地政府及有关部门指导下，由新圣洋休闲渔业有限公司负责组织策划的新兴的、大众化的海上休闲渡假游，它 迎合了都市人崇尚自然、亲近自然、回归自然的愿望（闸坡）中心渔港为依托，以性格粗犷、胸怀开阔、热诚好客的蛋家渔民为导游，利用渔家自有的休闲渔船开展具有蛋家民俗风情特色的渔业休闲游。目前，渔家乐开展的内容主要有：（闸坡）中心渔港、海上渔家船游、船游海上渔村、赶海娱乐（拖网捕鱼、刺网捕鱼、海上钓鱼、海滩拾贝……）、食渔家特色美食（网仔鱼）等。,1/1-12/31；周一至周日；08:00-23:00开园,https://qimgs.qunarzz.com/piao_qsight_provider_piao_qsight_web/10081f000001gqiqlD00C_C_900_504.jpg_710x360_b0b461a9.jpg〇https://qimgs.qunarzz.com/piao_qsight_provider_piao_qsight_web/0104x12000bzde21e0BD4_C_900_504_Q90_Mtg_7.png_710x360_ca1fd492.png〇https://qimgs.qunarzz.com/piao_qsight_provider_piao_qsight_web/10081f000001gqiqlD00C_C_900_504_Q90_Mtg_7.jpg_710x360_fb0e3d61.jpg〇https://imgs.qunarzz.com/sight/p0/1507/32/ae69013a7c01a8b84f5dc95ddd73681f.water.jpg_710x360_0658970e.jpg〇https://imgs.qunarzz.com/sight/p0/1507/d2/eca94e3a59f667d7c7a845e3edbfd00f.water.jpg_710x360_556488a9.jpg〇https://imgs.qunarzz.com/sight/p0/1507/a9/d80566f0c8fcf2496461c5011eb8ea41.water.jpg_710x360_7f01125b.jpg〇https://imgs.qunarzz.com/sight/p0/1507/bc/856304f5fa2bcabce701cb351732082b.water.jpg_710x360_0e073772.jpg,"{""ret"": true, ""data"": {""tagList"": [{""tagType"": 1, ""tagScore"": 5, ""tagNum"": 23, ""tagName"": ""\u597d\u8bc4""}, {""tagType"": 0, ""tagScore"": 5, ""tagNum"": 23, ""tagName"": ""\u5168\u90e8""}], ""commentList"": [{""author"": ""\u9017*\u5c0f"", ""content"": ""\u7528\u6237\u672a\u70b9\u8bc4\uff0c\u7cfb\u7edf\u9ed8\u8ba4\u597d\u8bc4\u3002"", ""date"": ""2023-11-04"", ""score"": 5, ""commentId"": ""230121402"", ""imgs"": [], ""userNickName"": ""\u9017*\u5c0f"", ""replyCityName"": """", ""cityName"": """"}, {""author"": ""q*3"", ""content"": ""\u7528\u6237\u672a\u70b9\u8bc4\uff0c\u7cfb\u7edf\u9ed8\u8ba4\u597d\u8bc4\u3002"", ""date"": ""2019-09-24"", ""score"": 5, ""commentId"": ""212464336"", ""imgs"": [], ""userNickName"": ""q*3"", ""replyCityName"": """", ""cityName"": """"}, {""author"": ""j*5"", ""content"": ""\u7528\u6237\u672a\u70b9\u8bc4\uff0c\u7cfb\u7edf\u9ed8\u8ba4\u597d\u8bc4\u3002"", ""date"": ""2019-09-23"", ""score"": 5, ""commentId"": ""212436555"", ""imgs"": [], ""userNickName"": ""j*5"", ""replyCityName"": """", ""cityName"": """"}, {""author"": ""j*5"", ""content"": ""\u7528\u6237\u672a\u70b9\u8bc4\uff0c\u7cfb\u7edf\u9ed8\u8ba4\u597d\u8bc4\u3002"", ""date"": ""2019-09-23"", ""score"": 5, ""commentId"": ""212436531"", ""imgs"": [], ""userNickName"": ""j*5"", ""replyCityName"": """", ""cityName"": """"}, {""author"": ""j*5"", ""content"": ""\u7528\u6237\u672a\u70b9\u8bc4\uff0c\u7cfb\u7edf\u9ed8\u8ba4\u597d\u8bc4\u3002"", ""date"": ""2019-09-23"", ""score"": 5, ""commentId"": ""212436501"", ""imgs"": [], ""userNickName"": ""j*5"", ""replyCityName"": """", ""cityName"": """"}, {""author"": ""q*8"", ""content"": ""\u7528\u6237\u672a\u70b9\u8bc4\uff0c\u7cfb\u7edf\u9ed8\u8ba4\u597d\u8bc4\u3002"", ""date"": ""2019-09-22"", ""score"": 5, ""commentId"": ""212416098"", ""imgs"": [], ""userNickName"": ""q*8"", ""replyCityName"": """", ""cityName"": """"}, {""author"": ""a*4"", ""content"": ""\u7528\u6237\u672a\u70b9\u8bc4\uff0c\u7cfb\u7edf\u9ed8\u8ba4\u597d\u8bc4\u3002"", ""date"": ""2019-08-13"", ""score"": 5, ""commentId"": ""211535943"", ""imgs"": [], ""userNickName"": ""a*4"", ""replyCityName"": """", ""cityName"": """"}, {""author"": ""q*6"", ""content"": ""\u7528\u6237\u672a\u70b9\u8bc4\uff0c\u7cfb\u7edf\u9ed8\u8ba4\u597d\u8bc4\u3002"", ""date"": ""2019-08-08"", ""score"": 5, ""commentId"": ""211475830"", ""imgs"": [], ""userNickName"": ""q*6"", ""replyCityName"": """", ""cityName"": """"}, {""author"": ""p*1"", ""content"": ""\u7528\u6237\u672a\u70b9\u8bc4\uff0c\u7cfb\u7edf\u9ed8\u8ba4\u597d\u8bc4\u3002"", ""date"": ""2019-04-28"", ""score"": 5, ""commentId"": ""210143231"", ""imgs"": [], ""userNickName"": ""p*1"", ""replyCityName"": """", ""cityName"": """"}, {""author"": ""g*2"", ""content"": ""\u7528\u6237\u672a\u70b9\u8bc4\uff0c\u7cfb\u7edf\u9ed8\u8ba4\u597d\u8bc4\u3002"", ""date"": ""2018-09-26"", ""score"": 5, ""commentId"": ""207979757"", ""imgs"": [], ""userNickName"": ""g*2"", ""replyCityName"": """", ""cityName"": """"}], ""score"": 5.0, ""commentCount"": 23}, ""statusCode"": 200}"
渔家文化展览馆,https://qimgs.qunarzz.com/piao_qsight_provider_piao_qsight_web/0102l120009uoltvc7D46_C_900_504.jpg_280x200_93e14420.jpg,阳江市,江城区,阳江市江城区东风路海陵岛,1,5.0,在我国的浙江、福建、广东、广西沿海地区生活着一个疍民族群，他们至今仍保持着以前的生活习俗。“舟楫为宅，捕鱼为生”由于他们,https://piao.qunar.com/ticket/detail_2404652209.html?st=a3clM0QlRTYlQjElOUYlRTUlOUYlOEUlRTUlOEMlQkElMjZpZCUzRDUxNzIxOCUyNnR5cGUlM0QwJTI2aWR4JTNENSUyNnF0JTNEJTI2YXBrJTNEMiUyNnNjJTNEV1dXJTI2dXIlM0QlRTQlQjglQUQlRTUlQjElQjElMjZsciUzRCVFNCVCOCVBRCVFNSVCMSVCMSUyNmZ0JTNEJTdCJTdE#from=mpl_search_suggest,18.0,N/A,在我国的浙江、福建、广东、广西沿海地区生活着一个疍民族群，他们至今仍保持着以前的生活习俗。“舟楫为宅，捕鱼为生”由于他们的艇形状象蛋，称为“疍家人”。也被称为“水上的吉卜赛人”。闸坡渔家文化展览馆便是以此为根本的文化展览馆。,1/1-12/31；周一至周日；09:00-18:00开园,https://qimgs.qunarzz.com/piao_qsight_provider_piao_qsight_web/0102l120009uoltvc7D46_C_900_504.jpg_710x360_ca73efed.jpg〇https://qimgs.qunarzz.com/piao_qsight_provider_piao_qsight_web/0106v120009uolj8p706D_C_900_504_Q90_Mtg_7.jpg_710x360_5269e2a6.jpg〇https://qimgs.qunarzz.com/piao_qsight_provider_piao_qsight_web/01020120009uolk68A67A_C_900_504_Q90_Mtg_7.jpg_710x360_742b2c2f.jpg〇https://qimgs.qunarzz.com/piao_qsight_provider_piao_qsight_web/01050120009uoljgnE890_C_900_504_Q90_Mtg_7.jpg_710x360_1b0bb98c.jpg〇https://qimgs.qunarzz.com/piao_qsight_provider_piao_qsight_web/0106i120009uolrdq721D_C_900_504_Q90_Mtg_7.jpg_710x360_addd0fe8.jpg〇https://qimgs.qunarzz.com/piao_qsight_provider_piao_qsight_web/0106g120009uolsskA8C6_C_900_504_Q90_Mtg_7.jpg_710x360_c5857c2f.jpg〇https://qimgs.qunarzz.com/piao_qsight_provider_piao_qsight_web/01068120009uolk4k8F5D_C_900_504_Q90_Mtg_7.jpg_710x360_a0cb5005.jpg〇https://qimgs.qunarzz.com/piao_qsight_provider_piao_qsight_web/0106k120009uol8uw9DD8_C_900_504_Q90_Mtg_7.jpg_710x360_974cdca2.jpg〇https://qimgs.qunarzz.com/piao_qsight_provider_piao_qsight_web/0106u120009uoll2z5010_C_900_504_Q90_Mtg_7.jpg_710x360_bc6279ca.jpg〇https://qimgs.qunarzz.com/piao_qsight_provider_piao_qsight_web/0106f120009uolk65C2B6_C_900_504_Q90_Mtg_7.jpg_710x360_789018fb.jpg〇https://qimgs.qunarzz.com/piao_qsight_provider_piao_qsight_web/0102l120009uoltvc7D46_C_900_504_Q90_Mtg_7.jpg_710x360_3b63df0a.jpg,"{""ret"": true, ""data"": {""tagList"": [{""tagType"": 1, ""tagScore"": 5, ""tagNum"": 1, ""tagName"": ""\u597d\u8bc4""}, {""tagType"": 0, ""tagScore"": 5, ""tagNum"": 1, ""tagName"": ""\u5168\u90e8""}], ""commentList"": [{""author"": ""\u9633*\u5175"", ""content"": ""\u7528\u6237\u672a\u70b9\u8bc4\uff0c\u7cfb\u7edf\u9ed8\u8ba4\u597d\u8bc4\u3002"", ""date"": ""2023-09-25"", ""score"": 5, ""commentId"": ""229067400"", ""imgs"": [], ""userNickName"": ""\u9633*\u5175"", ""replyCityName"": """", ""cityName"": """"}], ""score"": 5.0, ""commentCount"": 1}, ""statusCode"": 200}"
海陵岛天麓山海旅游度假区,https://qimgs.qunarzz.com/piao_qsight_provider_piao_qsight_web/1lo5c12000bwxhput7FEA_C_900_504.jpg_280x200_a3db06bc.jpg,阳江市,江城区,广东省阳江市江城区天麓山海,617,5.0,海陵岛天麓山海旅游度假区，临近大角湾，三面观海，是海陵岛鸟瞰全海景的观景地。景区借助山、海、湾的资源优势，运用低碳环保理,https://piao.qunar.com/ticket/detail_194852781.html?st=a3clM0QlRTYlQjElOUYlRTUlOUYlOEUlRTUlOEMlQkElMjZpZCUzRDUxMjExMCUyNnR5cGUlM0QwJTI2aWR4JTNENCUyNnF0JTNEJTI2YXBrJTNEMiUyNnNjJTNEV1dXJTI2dXIlM0QlRTQlQjglQUQlRTUlQjElQjElMjZsciUzRCVFNCVCOCVBRCVFNSVCMSVCMSUyNmZ0JTNEJTdCJTdE#from=mpl_search_suggest,58.0,N/A,海陵岛天麓山海旅游度假区，临近大角湾，三面观海，是海陵岛鸟瞰全海景的观景地。景区借助山、海、湾的资源优势，运用低碳环保理念，发挥自然魅力，以区域的海洋文化、疍家文化为核心，建设包括生态旅游综合区、疍家文化小镇、主题度假空间三大主题板块，打造滨海人文内涵和森林生态为特色，展示完整的山海休闲生活度假模式体验，集登山探险、野外拓展、休闲观光、养生度假、科普教育、民俗文化体验为一体的滨海山地综合生态度假区。天麓山海度假区位于海陵岛进出必经之路的闸坡隧道正顶端，有优美的海景和优质深林绿化资源，是旅游度假的理想之地。站在山上放眼眺望，群峰起伏，峰峦千姿百态，整个疍家风情小镇、闸坡渔港和沙滩及周边乡村美景，都被尽收眼底。从远处看并不觉得风车雄伟高大，但是走近一看，不得不惊叹它的壮观与美丽。,1/1-12/31；日场；08:00-18:00开园；（17:00停止入园）,https://qimgs.qunarzz.com/piao_qsight_provider_piao_qsight_web/1lo5c12000bwxhput7FEA_C_900_504.jpg_710x360_b22dbd35.jpg〇https://qimgs.qunarzz.com/piao_qsight_provider_piao_qsight_web/0104f120007hxk94a2008_C_900_504_Q90_Mtg_7.jpg_710x360_3f366c45.jpg〇https://qimgs.qunarzz.com/piao_qsight_provider_piao_qsight_web/0105w120007hxlqxg05EB_C_900_504_Q90_Mtg_7.jpg_710x360_9a40f55e.jpg〇https://qimgs.qunarzz.com/piao_qsight_provider_piao_qsight_web/0105z120009kj5sow723F_C_900_504_Q90_Mtg_7.jpg_710x360_de470acd.jpg〇https://qimgs.qunarzz.com/piao_qsight_provider_piao_qsight_web/0101b120009kj5w3m81AF_C_900_504_Q90_Mtg_7.jpg_710x360_0ead07bb.jpg〇https://qimgs.qunarzz.com/piao_qsight_provider_piao_qsight_web/0102q120009kj5xgcF925_C_900_504_Q90_Mtg_7.jpg_710x360_057e5132.jpg〇https://qimgs.qunarzz.com/piao_qsight_provider_piao_qsight_web/01036120009kj5wf9998E_C_900_504_Q90_Mtg_7.jpg_710x360_f20cba53.jpg〇https://qimgs.qunarzz.com/piao_qsight_provider_piao_qsight_web/0103m120009kj5xgd4A92_C_900_504_Q90_Mtg_7.jpg_710x360_89f4dd46.jpg〇https://qimgs.qunarzz.com/piao_qsight_provider_piao_qsight_web/1lo5o12000bwxi2f899D1_C_900_504_Q90_Mtg_7.jpg_710x360_bc061efe.jpg〇https://qimgs.qunarzz.com/piao_qsight_provider_piao_qsight_web/1lo3w12000bwxi2f4631C_C_900_504_Q90_Mtg_7.jpg_710x360_0fdca343.jpg〇https://qimgs.qunarzz.com/piao_qsight_provider_piao_qsight_web/1lo5c12000bwxhput7FEA_C_900_504_Q90_Mtg_7.jpg_710x360_34cb8397.jpg〇https://imgs.qunarzz.com/piao_qsight_web_piao_qsight_web/1lo5c12000bwxhput7FEA_R_1600_10000.jpg_710x360_609eaf77.jpg,"{""ret"": true, ""data"": {""tagList"": [{""tagType"": 4, ""tagScore"": 5, ""tagNum"": 1, ""tagName"": ""\u53d6\u7968\u65b9\u4fbf""}, {""tagType"": 3, ""tagScore"": 5, ""tagNum"": 2, ""tagName"": ""\u5dee\u8bc4""}, {""tagType"": 2, ""tagScore"": 5, ""tagNum"": 1, ""tagName"": ""\u4e2d\u8bc4""}, {""tagType"": 1, ""tagScore"": 5, ""tagNum"": 614, ""tagName"": ""\u597d\u8bc4""}, {""tagType"": 0, ""tagScore"": 5, ""tagNum"": 617, ""tagName"": ""\u5168\u90e8""}], ""commentList"": [{""author"": ""\u53bb*\u6237"", ""content"": ""\u6ca1\u6709\u653b\u7565\u91cc\u9762\u8bf4\u7684\u90a3\u4e48\u597d\u73a9\uff0c\u4e0a\u5230\u5c71\u9876\u5730\u65b9\u4e5f\u4e0d\u5927\uff0c\u5c31\u662f\u62cd\u62cd\u7167\u8d70\u51e0\u6b65\u5c31\u5b8c\u4e86\uff0c\u89c2\u5149\u8f66\u4e0a\u53bb\u5341\u5206\u949f\uff0c\u4e0b\u6765\u5341\u5206\u949f\uff0c\u62cd\u4e2a\u7167\u5341\u5206\u949f\uff0c\u8fd9\u4e2a\u666f\u70b9\u534a\u4e2a\u5c0f\u65f6\u53ef\u4ee5\u641e\u5b9a\uff0c\u7136\u540e\u90a3\u4e2a\u98ce\u666f\u5f88\u591a\u5730\u65b9\u4e5f\u662f\u5c71\u6321\u4f4f\u7684\uff0c\u6811\u6321\u4f4f\u770b\u4e0d\u5230\uff0c\u53ea\u80fd\u770b\u5230\u90a3\u4e2a\u5f88\u591a\u505c\u4e86\u8239\u7684\u5df7\u53e3\uff0c\u4e0d\u5efa\u8bae\u53bb\uff0c\u6027\u4ef7\u6bd4\u4e0d\u9ad8\u4e0d\u503c\u5f97\u3002"", ""date"": ""2024-07-27"", ""score"": 3, ""commentId"": ""235041690"", ""imgs"": [], ""userNickName"": ""\u53bb*\u6237"", ""replyCityName"": """", ""cityName"": ""\u5e7f\u4e1c""}, {""author"": ""j*4"", ""content"": ""\u7528\u6237\u672a\u70b9\u8bc4\uff0c\u7cfb\u7edf\u9ed8\u8ba4\u597d\u8bc4\u3002"", ""date"": ""2024-12-27"", ""score"": 5, ""commentId"": ""239386807"", ""imgs"": [], ""userNickName"": ""j*4"", ""replyCityName"": """", ""cityName"": """"}, {""author"": ""\u53bb*\u6237"", ""content"": ""\u7528\u6237\u672a\u70b9\u8bc4\uff0c\u7cfb\u7edf\u9ed8\u8ba4\u597d\u8bc4\u3002"", ""date"": ""2024-12-23"", ""score"": 5, ""commentId"": ""239336628"", ""imgs"": [], ""userNickName"": ""\u53bb*\u6237"", ""replyCityName"": """", ""cityName"": """"}, {""author"": ""x*6"", ""content"": ""\u7528\u6237\u672a\u70b9\u8bc4\uff0c\u7cfb\u7edf\u9ed8\u8ba4\u597d\u8bc4\u3002"", ""date"": ""2024-12-23"", ""score"": 5, ""commentId"": ""239336165"", ""imgs"": [], ""userNickName"": ""x*6"", ""replyCityName"": """", ""cityName"": """"}, {""author"": ""k*6"", ""content"": ""\u7528\u6237\u672a\u70b9\u8bc4\uff0c\u7cfb\u7edf\u9ed8\u8ba4\u597d\u8bc4\u3002"", ""date"": ""2024-12-19"", ""score"": 5, ""commentId"": ""239293055"", ""imgs"": [], ""userNickName"": ""k*6"", ""replyCityName"": """", ""cityName"": """"}, {""author"": ""c*8"", ""content"": ""\u7528\u6237\u672a\u70b9\u8bc4\uff0c\u7cfb\u7edf\u9ed8\u8ba4\u597d\u8bc4\u3002"", ""date"": ""2024-12-19"", ""score"": 5, ""commentId"": ""239292646"", ""imgs"": [], ""userNickName"": ""c*8"", ""replyCityName"": """", ""cityName"": """"}, {""author"": ""\u53bb*\u6237"", ""content"": ""\u7528\u6237\u672a\u70b9\u8bc4\uff0c\u7cfb\u7edf\u9ed8\u8ba4\u597d\u8bc4\u3002"", ""date"": ""2024-12-18"", ""score"": 5, ""commentId"": ""239282948"", ""imgs"": [], ""userNickName"": ""\u53bb*\u6237"", ""replyCityName"": """", ""cityName"": """"}, {""author"": ""\u53bb*\u6237"", ""content"": ""\u7528\u6237\u672a\u70b9\u8bc4\uff0c\u7cfb\u7edf\u9ed8\u8ba4\u597d\u8bc4\u3002"", ""date"": ""2024-12-16"", ""score"": 5, ""commentId"": ""239247289"", ""imgs"": [], ""userNickName"": ""\u53bb*\u6237"", ""replyCityName"": """", ""cityName"": """"}, {""author"": ""\u53bb*\u6237"", ""content"": ""\u7528\u6237\u672a\u70b9\u8bc4\uff0c\u7cfb\u7edf\u9ed8\u8ba4\u597d\u8bc4\u3002"", ""date"": ""2024-12-16"", ""score"": 5, ""commentId"": ""239242284"", ""imgs"": [], ""userNickName"": ""\u53bb*\u6237"", ""replyCityName"": """", ""cityName"": """"}, {""author"": ""c*9"", ""content"": ""\u7528\u6237\u672a\u70b9\u8bc4\uff0c\u7cfb\u7edf\u9ed8\u8ba4\u597d\u8bc4\u3002"", ""date"": ""2024-12-08"", ""score"": 5, ""commentId"": ""239139822"", ""imgs"": [], ""userNickName"": ""c*9"", ""replyCityName"": """", ""cityName"": """"}], ""score"": 5.0, ""commentCount"": 617}, ""statusCode"": 200}"
海陵岛大角湾海上丝路旅游区,https://qimgs.qunarzz.com/piao_qsight_provider_piao_qsight_web/0105m120009f6q4um28A9_C_900_504.jpg_280x200_91d5f441.jpg,阳江市,江城区,阳江市江城区海滨路海陵岛大角湾海上丝路旅游区,12442,4.9,群峰环抱的纯净海湾,https://piao.qunar.com/ticket/detail_1865642057.html?st=a3clM0QlRTYlQjElOUYlRTUlOUYlOEUlRTUlOEMlQkElMjZpZCUzRDk3NDUlMjZ0eXBlJTNEMCUyNmlkeCUzRDIlMjZxdCUzRCUyNmFwayUzRDIlMjZzYyUzRFdXVyUyNnVyJTNEJUU0JUI4JUFEJUU1JUIxJUIxJTI2bHIlM0QlRTQlQjglQUQlRTUlQjElQjElMjZmdCUzRCU3QiU3RA%3D%3D#from=mpl_search_suggest,39.0,5A景区,大角湾风景名胜区位于广东阳江市海陵岛西南端，三面群峰拱护，面向浩瀚南海，沙滩长2.5公里，宽100米，因状似牛角，故名“大角湾”。这里地处南亚热带，全年日照时间长，年平均气温22.8℃，水温23.5℃，降雨量1816毫米，年晴天数310天，四季气侯宜人，素以阳光灿烂明媚，沙质均匀松软，海水清澈纯净，空气清新纯洁而著称，各类质素均达国际一类（级）标准，又因沙滩宽阔平坦，海浪柔软适中，无鲨鱼出没而成为名扬海内外的天然海水浴场。正所谓山无水不秀，峰无云不媚，景观层次丰富。,04/11-10/15；周一至周日；08:00-20:00开园；（19:00停止入园）,https://qimgs.qunarzz.com/piao_qsight_provider_piao_qsight_web/0105m120009f6q4um28A9_C_900_504.jpg_710x360_2acd3742.jpg〇https://qimgs.qunarzz.com/piao_qsight_provider_piao_qsight_web/0105l120009f6q5mw8962_C_900_504_Q90_Mtg_7.jpg_710x360_e3674f3d.jpg〇https://qimgs.qunarzz.com/piao_qsight_provider_piao_qsight_web/0100d120009shicrk5B65_C_900_504_Q90_Mtg_7.jpg_710x360_0e772f27.jpg〇https://qimgs.qunarzz.com/piao_qsight_provider_piao_qsight_web/0103p120009rkc2uy1EB1_C_900_504_Q90_Mtg_7.jpg_710x360_1c54a1a0.jpg〇https://qimgs.qunarzz.com/piao_qsight_provider_piao_qsight_web/0106h120009f6q5tnCB13_C_900_504_Q90_Mtg_7.jpg_710x360_593ec650.jpg〇https://qimgs.qunarzz.com/piao_qsight_provider_piao_qsight_web/01040120009f6q523B53C_C_900_504_Q90_Mtg_7.jpg_710x360_6e690330.jpg〇https://qimgs.qunarzz.com/piao_qsight_provider_piao_qsight_web/0100h120009f6q3c34A0B_C_900_504_Q90_Mtg_7.jpg_710x360_3ce579f7.jpg〇https://qimgs.qunarzz.com/piao_qsight_provider_piao_qsight_web/0101j120009f6q5g92776_C_900_504_Q90_Mtg_7.jpg_710x360_aa569818.jpg〇https://qimgs.qunarzz.com/piao_qsight_provider_piao_qsight_web/01017120009f6q86tC83E_C_900_504_Q90_Mtg_7.jpg_710x360_66a08198.jpg〇https://qimgs.qunarzz.com/piao_qsight_provider_piao_qsight_web/01007120009f6q5t0EF1F_C_900_504_Q90_Mtg_7.jpg_710x360_b6daeee6.jpg〇https://qimgs.qunarzz.com/piao_qsight_provider_piao_qsight_web/0105m120009f6q4um28A9_C_900_504_Q90_Mtg_7.jpg_710x360_0b2e01e4.jpg〇https://imgs.qunarzz.com/sight/p0/1509/4b/68322d0849f8c4f56d8a0c4b2520dc62.water.jpg_710x360_e91b0bb7.jpg〇https://imgs.qunarzz.com/sight/p0/201403/07/6ffb512cbf3d5dba3974df309c0e06af.jpg_710x360_27d546b2.jpg〇https://imgs.qunarzz.com/sight/p0/201403/07/d5f4ad1d8351a5a356c64d6b729bebd4.jpg_710x360_984b1378.jpg〇https://imgs.qunarzz.com/sight/p89/201211/01/a36618af6d5bbd9993835fbb.jpg_710x360_8f533652.jpg〇https://imgs.qunarzz.com/sight/p0/201403/07/b2f09c6f01944483d8711229c1dbcd4f.jpg_710x360_7ac62dc8.jpg〇https://imgs.qunarzz.com/sight/p0/1509/ef/f818b81e1718e3c7161b22bcc9c9de60.water.jpg_710x360_fe8d3bfa.jpg〇https://imgs.qunarzz.com/sight/p0/1509/c5/ecd7a3eecf7dbb52147f11c0c415606d.water.jpg_710x360_dc072ade.jpg〇https://qimgs.qunarzz.com/piao_qsight_provider_piao_qsight_web/b0d1d53f3602ee9a.jpg_710x360_2dd87fa9.jpg〇https://qimgs.qunarzz.com/piao_qsight_provider_piao_qsight_web/33c5eb1155a3a9a.jpg_710x360_7cb64662.jpg〇https://qimgs.qunarzz.com/piao_qsight_provider_piao_qsight_web/ca3a706b985f39a.jpg_710x360_06f4599a.jpg〇https://qimgs.qunarzz.com/piao_qsight_provider_piao_qsight_web/238fdbbd76c9079a.jpg_710x360_4fa89788.jpg〇https://qimgs.qunarzz.com/piao_qsight_provider_piao_qsight_web/734ea5c98975d29a.jpg_710x360_5c419071.jpg〇https://qimgs.qunarzz.com/piao_qsight_provider_piao_qsight_web/a3ed9362190bde9a.jpg_710x360_30f37810.jpg〇https://qimgs.qunarzz.com/piao_qsight_provider_piao_qsight_web/c0a322223f5e7ef7.jpg_710x360_e76f0ba3.jpg〇https://qimgs.qunarzz.com/piao_qsight_provider_piao_qsight_web/f8141fb76b75beb12b39b606382ff353.jpg_710x360_492c937d.jpg〇https://qimgs.qunarzz.com/piao_qsight_provider_piao_qsight_web/b2408cc299923697ace38717d069b62c.jpg_710x360_8730053e.jpg〇https://qimgs.qunarzz.com/piao_qsight_provider_piao_qsight_web/81aad93fefd260ecef83c9d3e66c1619.jpg_710x360_10ab9729.jpg〇https://qimgs.qunarzz.com/piao_qsight_provider_piao_qsight_web/9ab3673728702802.jpg_710x360_eb9e512b.jpg〇https://qimgs.qunarzz.com/piao_qsight_provider_piao_qsight_web/9e22fc38e80ff902.jpg_710x360_8e485072.jpg〇https://qimgs.qunarzz.com/piao_qsight_provider_piao_qsight_web/13b5e4d445297e02.jpg_710x360_8ed63031.jpg〇https://qimgs.qunarzz.com/piao_qsight_provider_piao_qsight_web/ce97a2cde8e0cb02.jpg_710x360_19815535.jpg〇https://qimgs.qunarzz.com/piao_qsight_provider_piao_qsight_web/5f3137596b7fdd093563ced8327bc8e7.jpg_710x360_73d69aa4.jpg〇https://qimgs.qunarzz.com/piao_qsight_provider_piao_qsight_web/1563218541022100q16000000zv0zw2D47_D_640_10000.jpg_710x360_37f97b31.jpg〇https://qimgs.qunarzz.com/piao_qsight_provider_piao_qsight_web/1563218542894100816000000zjjsxB55A_D_640_10000.jpg_710x360_a228c72f.jpg〇https://qimgs.qunarzz.com/piao_qsight_provider_piao_qsight_web/1563218540834100p16000000zsvat8D60_D_640_10000.jpg_710x360_68b39412.jpg〇https://qimgs.qunarzz.com/piao_qsight_provider_piao_qsight_web/1563218540653100n16000000zssp803F3_D_640_10000.jpg_710x360_491d988b.jpg〇https://qimgs.qunarzz.com/piao_qsight_provider_piao_qsight_web/1563218542552100l16000000zjiqi5613_D_640_10000.jpg_710x360_ee0fefad.jpg,"{""ret"": true, ""data"": {""tagList"": [{""tagType"": 32, ""tagScore"": 5, ""tagNum"": 98, ""tagName"": ""\u670d\u52a1\u597d""}, {""tagType"": 16, ""tagScore"": 5, ""tagNum"": 122, ""tagName"": ""\u9760\u8c31""}, {""tagType"": 8, ""tagScore"": 5, ""tagNum"": 108, ""tagName"": ""\u4fbf\u5b9c""}, {""tagType"": 4, ""tagScore"": 5, ""tagNum"": 207, ""tagName"": ""\u53d6\u7968\u65b9\u4fbf""}, {""tagType"": 3, ""tagScore"": 5, ""tagNum"": 71, ""tagName"": ""\u5dee\u8bc4""}, {""tagType"": 2, ""tagScore"": 5, ""tagNum"": 111, ""tagName"": ""\u4e2d\u8bc4""}, {""tagType"": 1, ""tagScore"": 5, ""tagNum"": 12100, ""tagName"": ""\u597d\u8bc4""}, {""tagType"": 0, ""tagScore"": 5, ""tagNum"": 12442, ""tagName"": ""\u5168\u90e8""}], ""commentList"": [{""author"": ""h*g"", ""content"": ""\u7528\u6237\u672a\u70b9\u8bc4\uff0c\u7cfb\u7edf\u9ed8\u8ba4\u597d\u8bc4\u3002"", ""date"": ""2024-12-18"", ""score"": 5, ""commentId"": ""239277198"", ""imgs"": [], ""userNickName"": ""h*g"", ""replyCityName"": """", ""cityName"": """"}, {""author"": ""x*3"", ""content"": ""\u7528\u6237\u672a\u70b9\u8bc4\uff0c\u7cfb\u7edf\u9ed8\u8ba4\u597d\u8bc4\u3002"", ""date"": ""2024-11-25"", ""score"": 5, ""commentId"": ""238937090"", ""imgs"": [], ""userNickName"": ""x*3"", ""replyCityName"": """", ""cityName"": """"}, {""author"": ""\u53bb*\u6237"", ""content"": ""\u7528\u6237\u672a\u70b9\u8bc4\uff0c\u7cfb\u7edf\u9ed8\u8ba4\u597d\u8bc4\u3002"", ""date"": ""2024-11-22"", ""score"": 5, ""commentId"": ""238883750"", ""imgs"": [], ""userNickName"": ""\u53bb*\u6237"", ""replyCityName"": """", ""cityName"": """"}, {""author"": ""h*7"", ""content"": ""\u7528\u6237\u672a\u70b9\u8bc4\uff0c\u7cfb\u7edf\u9ed8\u8ba4\u597d\u8bc4\u3002"", ""date"": ""2024-11-20"", ""score"": 5, ""commentId"": ""238866307"", ""imgs"": [], ""userNickName"": ""h*7"", ""replyCityName"": """", ""cityName"": """"}, {""author"": ""h*7"", ""content"": ""\u7528\u6237\u672a\u70b9\u8bc4\uff0c\u7cfb\u7edf\u9ed8\u8ba4\u597d\u8bc4\u3002"", ""date"": ""2024-11-20"", ""score"": 5, ""commentId"": ""238859243"", ""imgs"": [], ""userNickName"": ""h*7"", ""replyCityName"": """", ""cityName"": """"}, {""author"": ""y*9"", ""content"": ""\u7528\u6237\u672a\u70b9\u8bc4\uff0c\u7cfb\u7edf\u9ed8\u8ba4\u597d\u8bc4\u3002"", ""date"": ""2024-11-20"", ""score"": 5, ""commentId"": ""238858991"", ""imgs"": [], ""userNickName"": ""y*9"", ""replyCityName"": """", ""cityName"": """"}, {""author"": ""\u53bb*\u6237"", ""content"": ""\u7528\u6237\u672a\u70b9\u8bc4\uff0c\u7cfb\u7edf\u9ed8\u8ba4\u597d\u8bc4\u3002"", ""date"": ""2024-11-15"", ""score"": 5, ""commentId"": ""238780640"", ""imgs"": [], ""userNickName"": ""\u53bb*\u6237"", ""replyCityName"": """", ""cityName"": """"}, {""author"": ""\u53bb*\u6237"", ""content"": ""\u7528\u6237\u672a\u70b9\u8bc4\uff0c\u7cfb\u7edf\u9ed8\u8ba4\u597d\u8bc4\u3002"", ""date"": ""2024-11-11"", ""score"": 5, ""commentId"": ""238727838"", ""imgs"": [], ""userNickName"": ""\u53bb*\u6237"", ""replyCityName"": """", ""cityName"": """"}, {""author"": ""\u53bb*\u6237"", ""content"": ""\u7528\u6237\u672a\u70b9\u8bc4\uff0c\u7cfb\u7edf\u9ed8\u8ba4\u597d\u8bc4\u3002"", ""date"": ""2024-11-11"", ""score"": 5, ""commentId"": ""238724328"", ""imgs"": [], ""userNickName"": ""\u53bb*\u6237"", ""replyCityName"": """", ""cityName"": """"}, {""author"": ""\u9678*\u5b78"", ""content"": ""\u7528\u6237\u672a\u70b9\u8bc4\uff0c\u7cfb\u7edf\u9ed8\u8ba4\u597d\u8bc4\u3002"", ""date"": ""2024-11-06"", ""score"": 5, ""commentId"": ""238655241"", ""imgs"": [], ""userNickName"": ""\u9678*\u5b78"", ""replyCityName"": """", ""cityName"": """"}], ""score"": 4.9, ""commentCount"": 12442}, ""statusCode"": 200}"
海陵岛大角湾海上丝路旅游区,https://qimgs.qunarzz.com/piao_qsight_provider_piao_qsight_web/0105m120009f6q4um28A9_C_900_504.jpg_280x200_91d5f441.jpg,阳江市,江城区,阳江市江城区海滨路海陵岛大角湾海上丝路旅游区,529,5.0,群峰环抱的纯净海湾,https://piao.qunar.com/ticket/detail_4067871837.html?st=a3clM0QlRTYlQjElOUYlRTUlOUYlOEUlRTUlOEMlQkElMjZpZCUzRDQ2NDU0NCUyNnR5cGUlM0QwJTI2aWR4JTNEMSUyNnF0JTNEJTI2YXBrJTNEMiUyNnNjJTNEV1dXJTI2dXIlM0QlRTQlQjglQUQlRTUlQjElQjElMjZsciUzRCVFNCVCOCVBRCVFNSVCMSVCMSUyNmZ0JTNEJTdCJTdE#from=mpl_search_suggest,39.0,5A景区,海陵岛大角湾海上丝路旅游区，位于广东省阳江市海陵岛闸坡镇内，属亚热带季风气候。主要景点有大角湾、马尾岛、闸坡海市。它是集海泳、度假、食海鲜、购海味于一体的综合型滨海旅游区，是国家AAAAA级旅游景区。海陵岛海洋渔业资源十分丰富，素有“南海鱼仓”的美称。,04/11-10/15；周一至周日；08:00-20:00开园；（19:00停止入园）,https://qimgs.qunarzz.com/piao_qsight_provider_piao_qsight_web/0105m120009f6q4um28A9_C_900_504.jpg_710x360_2acd3742.jpg〇https://qimgs.qunarzz.com/piao_qsight_provider_piao_qsight_web/0105l120009f6q5mw8962_C_900_504_Q90_Mtg_7.jpg_710x360_e3674f3d.jpg〇https://qimgs.qunarzz.com/piao_qsight_provider_piao_qsight_web/0100d120009shicrk5B65_C_900_504_Q90_Mtg_7.jpg_710x360_0e772f27.jpg〇https://qimgs.qunarzz.com/piao_qsight_provider_piao_qsight_web/0103p120009rkc2uy1EB1_C_900_504_Q90_Mtg_7.jpg_710x360_1c54a1a0.jpg〇https://qimgs.qunarzz.com/piao_qsight_provider_piao_qsight_web/0106h120009f6q5tnCB13_C_900_504_Q90_Mtg_7.jpg_710x360_593ec650.jpg〇https://qimgs.qunarzz.com/piao_qsight_provider_piao_qsight_web/01040120009f6q523B53C_C_900_504_Q90_Mtg_7.jpg_710x360_6e690330.jpg〇https://qimgs.qunarzz.com/piao_qsight_provider_piao_qsight_web/0100h120009f6q3c34A0B_C_900_504_Q90_Mtg_7.jpg_710x360_3ce579f7.jpg〇https://qimgs.qunarzz.com/piao_qsight_provider_piao_qsight_web/0101j120009f6q5g92776_C_900_504_Q90_Mtg_7.jpg_710x360_aa569818.jpg〇https://qimgs.qunarzz.com/piao_qsight_provider_piao_qsight_web/01017120009f6q86tC83E_C_900_504_Q90_Mtg_7.jpg_710x360_66a08198.jpg〇https://qimgs.qunarzz.com/piao_qsight_provider_piao_qsight_web/01007120009f6q5t0EF1F_C_900_504_Q90_Mtg_7.jpg_710x360_b6daeee6.jpg〇https://qimgs.qunarzz.com/piao_qsight_provider_piao_qsight_web/0105m120009f6q4um28A9_C_900_504_Q90_Mtg_7.jpg_710x360_0b2e01e4.jpg〇https://imgs.qunarzz.com/sight/p0/1811/d0/d0c93899a8f47151a3.img.jpg_710x360_91da9ca7.jpg〇https://imgs.qunarzz.com/sight/p0/1811/42/42a1632b637b1671a3.img.jpg_710x360_e7f07856.jpg〇https://imgs.qunarzz.com/sight/p0/1811/db/db6a6fd76077873aa3.img.jpg_710x360_9b90a98f.jpg〇https://imgs.qunarzz.com/sight/p0/1707/12/1274c8095491d353a3.water.jpg_710x360_4886a0f3.jpg〇https://imgs.qunarzz.com/sight/p0/1707/7f/7f0520943c7b1f12a3.water.jpg_710x360_bab689a4.jpg,"{""ret"": true, ""data"": {""tagList"": [{""tagType"": 32, ""tagScore"": 5, ""tagNum"": 4, ""tagName"": ""\u670d\u52a1\u597d""}, {""tagType"": 16, ""tagScore"": 5, ""tagNum"": 4, ""tagName"": ""\u9760\u8c31""}, {""tagType"": 8, ""tagScore"": 5, ""tagNum"": 4, ""tagName"": ""\u4fbf\u5b9c""}, {""tagType"": 4, ""tagScore"": 5, ""tagNum"": 4, ""tagName"": ""\u53d6\u7968\u65b9\u4fbf""}, {""tagType"": 3, ""tagScore"": 5, ""tagNum"": 2, ""tagName"": ""\u5dee\u8bc4""}, {""tagType"": 1, ""tagScore"": 5, ""tagNum"": 527, ""tagName"": ""\u597d\u8bc4""}, {""tagType"": 0, ""tagScore"": 5, ""tagNum"": 529, ""tagName"": ""\u5168\u90e8""}], ""commentList"": [{""author"": ""\u53bb*\u6237"", ""content"": ""\u7528\u6237\u672a\u70b9\u8bc4\uff0c\u7cfb\u7edf\u9ed8\u8ba4\u597d\u8bc4\u3002"", ""date"": ""2024-12-11"", ""score"": 5, ""commentId"": ""239198619"", ""imgs"": [], ""userNickName"": ""\u53bb*\u6237"", ""replyCityName"": """", ""cityName"": """"}, {""author"": ""\u53bb*\u6237"", ""content"": ""\u7528\u6237\u672a\u70b9\u8bc4\uff0c\u7cfb\u7edf\u9ed8\u8ba4\u597d\u8bc4\u3002"", ""date"": ""2024-11-07"", ""score"": 5, ""commentId"": ""238686034"", ""imgs"": [], ""userNickName"": ""\u53bb*\u6237"", ""replyCityName"": """", ""cityName"": """"}, {""author"": ""k*9"", ""content"": ""\u7528\u6237\u672a\u70b9\u8bc4\uff0c\u7cfb\u7edf\u9ed8\u8ba4\u597d\u8bc4\u3002"", ""date"": ""2024-11-04"", ""score"": 5, ""commentId"": ""238468318"", ""imgs"": [], ""userNickName"": ""k*9"", ""replyCityName"": """", ""cityName"": """"}, {""author"": ""k*9"", ""content"": ""\u7528\u6237\u672a\u70b9\u8bc4\uff0c\u7cfb\u7edf\u9ed8\u8ba4\u597d\u8bc4\u3002"", ""date"": ""2024-11-04"", ""score"": 5, ""commentId"": ""238467855"", ""imgs"": [], ""userNickName"": ""k*9"", ""replyCityName"": """", ""cityName"": """"}, {""author"": ""b*6"", ""content"": ""\u7528\u6237\u672a\u70b9\u8bc4\uff0c\u7cfb\u7edf\u9ed8\u8ba4\u597d\u8bc4\u3002"", ""date"": ""2024-11-04"", ""score"": 5, ""commentId"": ""238444583"", ""imgs"": [], ""userNickName"": ""b*6"", ""replyCityName"": """", ""cityName"": """"}, {""author"": ""\u53bb*\u6237"", ""content"": ""\u7528\u6237\u672a\u70b9\u8bc4\uff0c\u7cfb\u7edf\u9ed8\u8ba4\u597d\u8bc4\u3002"", ""date"": ""2024-11-03"", ""score"": 5, ""commentId"": ""238302716"", ""imgs"": [], ""userNickName"": ""\u53bb*\u6237"", ""replyCityName"": """", ""cityName"": """"}, {""author"": ""\u53bb*\u6237"", ""content"": ""\u7528\u6237\u672a\u70b9\u8bc4\uff0c\u7cfb\u7edf\u9ed8\u8ba4\u597d\u8bc4\u3002"", ""date"": ""2024-11-03"", ""score"": 5, ""commentId"": ""238302484"", ""imgs"": [], ""userNickName"": ""\u53bb*\u6237"", ""replyCityName"": """", ""cityName"": """"}, {""author"": ""i*7"", ""content"": ""\u7528\u6237\u672a\u70b9\u8bc4\uff0c\u7cfb\u7edf\u9ed8\u8ba4\u597d\u8bc4\u3002"", ""date"": ""2024-11-03"", ""score"": 5, ""commentId"": ""238297854"", ""imgs"": [], ""userNickName"": ""i*7"", ""replyCityName"": """", ""cityName"": """"}, {""author"": ""\u53bb*\u6237"", ""content"": ""\u7528\u6237\u672a\u70b9\u8bc4\uff0c\u7cfb\u7edf\u9ed8\u8ba4\u597d\u8bc4\u3002"", ""date"": ""2024-11-03"", ""score"": 5, ""commentId"": ""238279440"", ""imgs"": [], ""userNickName"": ""\u53bb*\u6237"", ""replyCityName"": """", ""cityName"": """"}, {""author"": ""q*\u6237"", ""content"": ""\u7528\u6237\u672a\u70b9\u8bc4\uff0c\u7cfb\u7edf\u9ed8\u8ba4\u597d\u8bc4\u3002"", ""date"": ""2024-11-03"", ""score"": 5, ""commentId"": ""238248496"", ""imgs"": [], ""userNickName"": ""q*\u6237"", ""replyCityName"": """", ""cityName"": """"}], ""score"": 5.0, ""commentCount"": 529}, ""statusCode"": 200}"
海陵岛一号银滩,https://qimgs.qunarzz.com/piao_qsight_provider_piao_qsight_web/0104n12000f6qjkfd4652_C_900_504.jpg_280x200_340c369e.jpg,阳江市,江城区,阳江市江城区海陵岛宋康大道一号银滩,-1,-1.0,海滩宽阔，沙子细软,https://piao.qunar.com/ticket/detail_3290919064.html?st=a3clM0QlRTYlQjElOUYlRTUlOUYlOEUlRTUlOEMlQkElMjZpZCUzRDUyOTI0NyUyNnR5cGUlM0QwJTI2aWR4JTNENTIlMjZxdCUzRCUyNmFwayUzRDIlMjZzYyUzRFdXVyUyNnVyJTNEJUU0JUI4JUFEJUU1JUIxJUIxJTI2bHIlM0QlRTQlQjglQUQlRTUlQjElQjElMjZmdCUzRCU3QiU3RA%3D%3D#from=mpl_search_suggest,-1.0,N/A,N/A,10/10-04/20；周一至周日；08:00-18:00开园；（17:30停止入园）,https://qimgs.qunarzz.com/piao_qsight_provider_piao_qsight_web/0104n12000f6qjkfd4652_C_900_504.jpg_710x360_36efa8d7.jpg〇https://qimgs.qunarzz.com/piao_qsight_provider_piao_qsight_web/0104n12000f6qjkfd4652_C_900_504_Q90_Mtg_7.jpg_710x360_2c95785a.jpg〇https://qimgs.qunarzz.com/piao_qsight_provider_piao_qsight_web/350u15000000xem1r0784_C_900_504_Q90_Mtg_7.jpg_710x360_f8ec1ed9.jpg〇https://qimgs.qunarzz.com/piao_qsight_provider_piao_qsight_web/350r15000000xd28hCCFE_C_900_504_Q90_Mtg_7.jpg_710x360_8c6dc644.jpg〇https://qimgs.qunarzz.com/piao_qsight_provider_piao_qsight_web/350q15000000xfxfq83E0_C_900_504_Q90_Mtg_7.jpg_710x360_b903d637.jpg〇https://qimgs.qunarzz.com/piao_qsight_provider_piao_qsight_web/350v15000000xporf7B39_C_900_504_Q90_Mtg_7.jpg_710x360_2e4eef26.jpg〇https://qimgs.qunarzz.com/piao_qsight_provider_piao_qsight_web/10051f000001gstp11287_C_900_504_Q90_Mtg_7.jpg_710x360_b9597bf4.jpg〇https://qimgs.qunarzz.com/piao_qsight_provider_piao_qsight_web/350815000000xeu2b71FD_C_900_504_Q90_Mtg_7.jpg_710x360_86de286b.jpg〇https://qimgs.qunarzz.com/piao_qsight_provider_piao_qsight_web/350715000000xvbnn78B4_C_900_504_Q90_Mtg_7.jpg_710x360_ddf2dbf8.jpg〇https://qimgs.qunarzz.com/piao_qsight_provider_piao_qsight_web/350j15000000xe5kwA68F_C_900_504_Q90_Mtg_7.jpg_710x360_90d0dfca.jpg〇https://qimgs.qunarzz.com/piao_qsight_provider_piao_qsight_web/350t15000000xeos691FD_C_900_504_Q90_Mtg_7.jpg_710x360_fc4c712b.jpg,"{""ret"": true, ""data"": {""tagList"": [{""tagType"": 0, ""tagScore"": 5, ""tagNum"": 0, ""tagName"": ""\u5168\u90e8""}], ""score"": 0.0, ""commentCount"": 0}, ""statusCode"": 200}"
阳江市博物馆,https://qimgs.qunarzz.com/piao_qsight_provider_piao_qsight_web/temp93873495096789218331me1d12000au4as0h32A0_wmr.jpg_280x200_b9f16361.jpg,阳江市,江城区,阳江市江城区新江北路文化艺术中心d区,-1,-1.0,N/A,https://piao.qunar.com/ticket/detail_66583339.html?st=a3clM0QlRTYlQjElOUYlRTUlOUYlOEUlRTUlOEMlQkElMjZpZCUzRDUyMzU2MiUyNnR5cGUlM0QwJTI2aWR4JTNENTElMjZxdCUzRCUyNmFwayUzRDIlMjZzYyUzRFdXVyUyNnVyJTNEJUU0JUI4JUFEJUU1JUIxJUIxJTI2bHIlM0QlRTQlQjglQUQlRTUlQjElQjElMjZmdCUzRCU3QiU3RA%3D%3D#from=mpl_search_suggest,-1.0,N/A,N/A,暂无,https://qimgs.qunarzz.com/piao_qsight_provider_piao_qsight_web/temp93873495096789218331me1d12000au4as0h32A0_wmr.jpg_710x360_29432cda.jpg,"{""ret"": true, ""data"": {""tagList"": [{""tagType"": 0, ""tagScore"": 5, ""tagNum"": 0, ""tagName"": ""\u5168\u90e8""}], ""score"": 0.0, ""commentCount"": 0}, ""statusCode"": 200}"
生态海滨浴场,https://imgs.qunarzz.com/sight/p78/201211/09/2883b1869abd690c93835fbb.jpg_280x200_67168705.jpg,阳江市,江城区,广东省阳江市江城区东方银滩风景区内,-1,-1.0,从主门楼进入顺着“海誓山萌阶梯”而下，五分钟就抵达十里银滩生态浴场，滩长7.8公里，滩阔100到200米。畅游十里银滩，,https://piao.qunar.com/ticket/detail_2954166721.html?st=a3clM0QlRTYlQjElOUYlRTUlOUYlOEUlRTUlOEMlQkElMjZpZCUzRDIyOTk3JTI2dHlwZSUzRDAlMjZpZHglM0Q1MCUyNnF0JTNEJTI2YXBrJTNEMiUyNnNjJTNEV1dXJTI2dXIlM0QlRTQlQjglQUQlRTUlQjElQjElMjZsciUzRCVFNCVCOCVBRCVFNSVCMSVCMSUyNmZ0JTNEJTdCJTdE#from=mpl_search_suggest,-1.0,N/A,从主门楼进入顺着“海誓山萌阶梯”而下，五分钟就抵达十里银滩生态浴场，滩长7.8公里，滩阔100到200米。畅游十里银滩，海滩旁还有摩托艇、水床、足球、排球和朋友进行沙滩运动。或者赤足步行沙滩，感受自然的气息。与其它海滨浴场不同，东方银滩海滨浴场除了配备了全木结构的各种*能（商店、租赁、冲淋房、寄存、休闲房）的人性化设施（面积约为800平方米），更注重了生态环保的主题。享受完大海的拥抱，在沙滩的礁石有惊喜等着你，从悬崖里流泻而下的山泉水和礁石群里喷涌的山泉水交合一起，形成了天然生态浴场，山泉水中的矿物质含有丰富的微量元素，对人体有保健美容的作用。畅游其中，其乐无穷。海边岩石垂钓区，为游客提供很有特色的钓鱼环境，第三部分“日月观光台”这里可观日落月升，人伫立其中宛如画中游。,暂无,https://imgs.qunarzz.com/sight/p78/201211/09/2883b1869abd690c93835fbb.jpg_710x360_42d9d08f.jpg,"{""ret"": true, ""data"": {""tagList"": [{""tagType"": 0, ""tagScore"": 5, ""tagNum"": 0, ""tagName"": ""\u5168\u90e8""}], ""score"": 0.0, ""commentCount"": 0}, ""statusCode"": 200}"
演艺吧,https://qimgs.qunarzz.com/piao_qsight_provider_piao_qsight_web/temp44580350086820466870102r120008bln4nz25E1_wmr.jpg_280x200_f1b3a24f.jpg,阳江市,江城区,N/A,-1,-1.0,璀璨的灯光夜景从沙滩一直延伸到山顶,https://piao.qunar.com/ticket/detail_3385706237.html?st=a3clM0QlRTYlQjElOUYlRTUlOUYlOEUlRTUlOEMlQkElMjZpZCUzRDE2NjcwJTI2dHlwZSUzRDAlMjZpZHglM0Q0OSUyNnF0JTNEJTI2YXBrJTNEMiUyNnNjJTNEV1dXJTI2dXIlM0QlRTQlQjglQUQlRTUlQjElQjElMjZsciUzRCVFNCVCOCVBRCVFNSVCMSVCMSUyNmZ0JTNEJTdCJTdE#from=mpl_search_suggest,-1.0,N/A,"茶楼建筑面积为290平方米，演艺吧面积为360平方米。晚上到南海之窗――东方银滩来更是精彩迷人，这里璀璨的灯光夜景从沙滩一直延伸到山顶和天际的星空形成一片黑夜钻海，天上人间连为一体。漫步其中吹着海风聆听涛声, “演艺广场“开始精彩的节目表演，唱歌、跳舞、相声、小品……观赏节目之余令您领略无限热带海洋风情。",暂无,https://qimgs.qunarzz.com/piao_qsight_provider_piao_qsight_web/temp44580350086820466870102r120008bln4nz25E1_wmr.jpg_710x360_c60e1843.jpg,"{""ret"": true, ""data"": {""tagList"": [{""tagType"": 0, ""tagScore"": 5, ""tagNum"": 0, ""tagName"": ""\u5168\u90e8""}], ""score"": 0.0, ""commentCount"": 0}, ""statusCode"": 200}"
日月观光台,https://imgs.qunarzz.com/sight/p8/201211/03/6491170f8fdf43f793835fbb.jpg_280x200_cf3087f2.jpg,阳江市,江城区,广东省阳江市江城区东方银滩,-1,-1.0,日月观光台是搭建在海面之上的观海场所。“这里可观日落月升，人伫立其中宛如画中游。,https://piao.qunar.com/ticket/detail_140241501.html?st=a3clM0QlRTYlQjElOUYlRTUlOUYlOEUlRTUlOEMlQkElMjZpZCUzRDI1NTEwJTI2dHlwZSUzRDAlMjZpZHglM0Q0OCUyNnF0JTNEJTI2YXBrJTNEMiUyNnNjJTNEV1dXJTI2dXIlM0QlRTQlQjglQUQlRTUlQjElQjElMjZsciUzRCVFNCVCOCVBRCVFNSVCMSVCMSUyNmZ0JTNEJTdCJTdE#from=mpl_search_suggest,-1.0,N/A,日月观光台是搭建在海面之上的观海场所。“这里可观日落月升，人伫立其中宛如画中游。,暂无,https://imgs.qunarzz.com/sight/p8/201211/03/6491170f8fdf43f793835fbb.jpg_710x360_738d4d11.jpg,"{""ret"": true, ""data"": {""tagList"": [{""tagType"": 0, ""tagScore"": 5, ""tagNum"": 0, ""tagName"": ""\u5168\u90e8""}], ""score"": 0.0, ""commentCount"": 0}, ""statusCode"": 200}"
海陵岛红树林国家湿地公园,https://qimgs.qunarzz.com/piao_qsight_provider_piao_qsight_web/10011f000001h35g0CDE8_C_900_504.jpg_280x200_84b74594.jpg,阳江市,江城区,广东省阳江市江城区277省道与太傅大道交叉口,2005,5.0,景色优美的海滨湿地,https://piao.qunar.com/ticket/detail_81262394.html?st=a3clM0QlRTYlQjElOUYlRTUlOUYlOEUlRTUlOEMlQkElMjZpZCUzRDQ2NTIzMSUyNnR5cGUlM0QwJTI2aWR4JTNEMyUyNnF0JTNEJTI2YXBrJTNEMiUyNnNjJTNEV1dXJTI2dXIlM0QlRTQlQjglQUQlRTUlQjElQjElMjZsciUzRCVFNCVCOCVBRCVFNSVCMSVCMSUyNmZ0JTNEJTdCJTdE#from=mpl_search_suggest,7.0,N/A,海陵岛红树林湿地公园面积达650亩，并在2014年8月1日正式对游客开放，公园内有全市首条建在海上的跨海木栈道，四个观景凉亭，该公园是以亚热带红树林湿地为风景特征、以生态保护为主、以观光休闲和科普教育为辅的多*能生态公园，是今年海陵岛评出的“新八景”之一。阳江市海陵区旅游文体局 红树林湿地公园位于海陵岛东部神前湾，远处眺望，活像浮在海上的绿洲，与灵猴山遥望相映。游客可在红树林湿地公园的木栈道徒步，走在海面上，观赏一丛丛红树林，十分奇妙。由于本地浅海海产丰富，常有白鹭等海鸟在此觅食，它们时而停靠海边，时而在空中飞翔，在红霞与红林衬托下，呈现出一派和谐之美.,1/1-12/31；周一至周日；07:30-18:00开园,https://qimgs.qunarzz.com/piao_qsight_provider_piao_qsight_web/10011f000001h35g0CDE8_C_900_504.jpg_710x360_754c8004.jpg〇https://qimgs.qunarzz.com/piao_qsight_provider_piao_qsight_web/100k0i0000009l9b5DC9A_C_900_504_Q90_Mtg_7.jpg_710x360_12e7463b.jpg〇https://qimgs.qunarzz.com/piao_qsight_provider_piao_qsight_web/0106j120008ilbdwtC5D1_C_900_504_Q90_Mtg_7.jpg_710x360_46485ccf.jpg〇https://qimgs.qunarzz.com/piao_qsight_provider_piao_qsight_web/01015120008jlefdg9F52_C_900_504_Q90_Mtg_7.jpg_710x360_05b4ea30.jpg〇https://qimgs.qunarzz.com/piao_qsight_provider_piao_qsight_web/0100f120008jjwbta603C_C_900_504_Q90_Mtg_7.jpg_710x360_fcb019da.jpg〇https://qimgs.qunarzz.com/piao_qsight_provider_piao_qsight_web/10050i0000009ln8v9310_C_900_504_Q90_Mtg_7.jpg_710x360_6604a94c.jpg〇https://qimgs.qunarzz.com/piao_qsight_provider_piao_qsight_web/10011f000001h35g0CDE8_C_900_504_Q90_Mtg_7.jpg_710x360_82809f68.jpg〇https://imgs.qunarzz.com/sight/p0/1707/78/78f809e4d50c6535a3.water.jpg_710x360_f2c7f216.jpg〇https://imgs.qunarzz.com/sight/p0/1707/f8/f8ac1b41996eb4f4a3.water.jpg_710x360_07740459.jpg〇https://imgs.qunarzz.com/sight/p0/1707/67/67fc9cb1ae525a7fa3.water.jpg_710x360_6385f832.jpg,"{""ret"": true, ""data"": {""tagList"": [{""tagType"": 32, ""tagScore"": 5, ""tagNum"": 1, ""tagName"": ""\u670d\u52a1\u597d""}, {""tagType"": 16, ""tagScore"": 5, ""tagNum"": 7, ""tagName"": ""\u9760\u8c31""}, {""tagType"": 8, ""tagScore"": 5, ""tagNum"": 8, ""tagName"": ""\u4fbf\u5b9c""}, {""tagType"": 4, ""tagScore"": 5, ""tagNum"": 16, ""tagName"": ""\u53d6\u7968\u65b9\u4fbf""}, {""tagType"": 3, ""tagScore"": 5, ""tagNum"": 6, ""tagName"": ""\u5dee\u8bc4""}, {""tagType"": 2, ""tagScore"": 5, ""tagNum"": 9, ""tagName"": ""\u4e2d\u8bc4""}, {""tagType"": 1, ""tagScore"": 5, ""tagNum"": 1982, ""tagName"": ""\u597d\u8bc4""}, {""tagType"": 0, ""tagScore"": 5, ""tagNum"": 2005, ""tagName"": ""\u5168\u90e8""}], ""commentList"": [{""author"": ""\u53bb*\u6237"", ""content"": ""\u8bbe\u65bd\u975e\u5e38\u597d\uff0c\u5e8a\u7279\u522b\u7684\u8212\u670d\uff0c\u5468\u8fb9\u98ce\u666f\u4e5f\u5f88\u597d\uff0c\u53bb\u6c99\u6ee9\u6d77\u8fb9\u4e5f\u5f88\u8fd1\u8d70\u8def\u516b\u5206\u949f\u5de6\u53f3\uff0c\u7ba1\u5bb6\u670d\u52a1\u4e5f\u5f88\u4e0d\u9519\uff0c\u6709\u95ee\u5fc5\u7b54\uff0c\u8fd8\u5e2e\u6211\u4eec\u8ba2\u8d2d\u4e86\u70e7\u70e4\u98df\u6750\u8fd9\u4e9b\uff0c\u5f88\u63a8\u8350"", ""date"": ""2024-08-08"", ""score"": 5, ""commentId"": ""235346332"", ""imgs"": [{""small"": ""https://qimgs.qunarzz.com/mp_piao_0001/temp7337678218076944693file_1723078323000.jpg_120x120_237d9696.jpg"", ""title"": """", ""big"": ""https://qimgs.qunarzz.com/mp_piao_0001/temp7337678218076944693file_1723078323000.jpg""}, {""small"": ""https://qimgs.qunarzz.com/mp_piao_0001/temp14357203258053115323file_1723078323000.jpg_120x120_7d0bbdd3.jpg"", ""title"": """", ""big"": ""https://qimgs.qunarzz.com/mp_piao_0001/temp14357203258053115323file_1723078323000.jpg""}, {""small"": ""https://qimgs.qunarzz.com/mp_piao_0001/temp14168553730684803116file_1723078323000.jpg_120x120_e42dbbb5.jpg"", ""title"": """", ""big"": ""https://qimgs.qunarzz.com/mp_piao_0001/temp14168553730684803116file_1723078323000.jpg""}, {""small"": ""https://qimgs.qunarzz.com/mp_piao_0001/temp12334619488174678377file_1723078323000.jpg_120x120_236844d0.jpg"", ""title"": """", ""big"": ""https://qimgs.qunarzz.com/mp_piao_0001/temp12334619488174678377file_1723078323000.jpg""}, {""small"": ""https://qimgs.qunarzz.com/mp_piao_0001/temp12146582409837875374file_1723078323000.jpg_120x120_11e79299.jpg"", ""title"": """", ""big"": ""https://qimgs.qunarzz.com/mp_piao_0001/temp12146582409837875374file_1723078323000.jpg""}, {""small"": ""https://qimgs.qunarzz.com/mp_piao_0001/temp12023190550595893361file_1723078323000.jpg_120x120_8defd4d1.jpg"", ""title"": """", ""big"": ""https://qimgs.qunarzz.com/mp_piao_0001/temp12023190550595893361file_1723078323000.jpg""}], ""userNickName"": ""\u53bb*\u6237"", ""replyCityName"": ""\u5e7f\u4e1c"", ""cityName"": ""\u5c71\u4e1c""}, {""author"": ""\u53bb*\u6237"", ""content"": ""\u8fd9\u6b21\u7684\u4f4f\u5bbf\u975e\u5e38\u6ee1\u610f\uff0c\u9152\u5e97\u7ba1\u5bb6\u4eba\u5f88\u597d\u53d1\u73b0\u95ee\u9898\u4f1a\u7acb\u523b\u5e2e\u95e8\u89e3\u51b3\ud83d\udc4d\ud83d\udc4d\u79bb\u6c99\u6ee9\u4e5f\u5c31\u8d70\u8def\u51e0\u5206\u949f\u4e5f\u8fd8\u4e0d\u9519"", ""date"": ""2024-08-19"", ""score"": 5, ""commentId"": ""235661657"", ""imgs"": [{""small"": ""https://qimgs.qunarzz.com/mp_piao_0001/temp8316402322024977134file_1724077874000.jpg_120x120_0e8849aa.jpg"", ""title"": """", ""big"": ""https://qimgs.qunarzz.com/mp_piao_0001/temp8316402322024977134file_1724077874000.jpg""}, {""small"": ""https://qimgs.qunarzz.com/mp_piao_0001/temp7296314443806688960file_1724077874000.jpg_120x120_a573c1ab.jpg"", ""title"": """", ""big"": ""https://qimgs.qunarzz.com/mp_piao_0001/temp7296314443806688960file_1724077874000.jpg""}, {""small"": ""https://qimgs.qunarzz.com/mp_piao_0001/temp1272799717142882429file_1724077874000.jpg_120x120_28eba2d6.jpg"", ""title"": """", ""big"": ""https://qimgs.qunarzz.com/mp_piao_0001/temp1272799717142882429file_1724077874000.jpg""}], ""userNickName"": ""\u53bb*\u6237"", ""replyCityName"": ""\u5e7f\u4e1c"", ""cityName"": ""\u5929\u6d25""}, {""author"": ""\u53bb*\u6237"", ""content"": ""\u7528\u6237\u672a\u70b9\u8bc4\uff0c\u7cfb\u7edf\u9ed8\u8ba4\u597d\u8bc4\u3002"", ""date"": ""2024-09-02"", ""score"": 5, ""commentId"": ""236162579"", ""imgs"": [], ""userNickName"": ""\u53bb*\u6237"", ""replyCityName"": """", ""cityName"": """"}, {""author"": ""\u53bb*\u6237"", ""content"": ""\u7528\u6237\u672a\u70b9\u8bc4\uff0c\u7cfb\u7edf\u9ed8\u8ba4\u597d\u8bc4\u3002"", ""date"": ""2024-07-31"", ""score"": 5, ""commentId"": ""235141702"", ""imgs"": [], ""userNickName"": ""\u53bb*\u6237"", ""replyCityName"": """", ""cityName"": """"}, {""author"": ""\u53bb*\u6237"", ""content"": ""\u7528\u6237\u672a\u70b9\u8bc4\uff0c\u7cfb\u7edf\u9ed8\u8ba4\u597d\u8bc4\u3002"", ""date"": ""2024-07-17"", ""score"": 5, ""commentId"": ""234857514"", ""imgs"": [], ""userNickName"": ""\u53bb*\u6237"", ""replyCityName"": """", ""cityName"": """"}, {""author"": ""\u53bb*\u6237"", ""content"": ""\u7528\u6237\u672a\u70b9\u8bc4\uff0c\u7cfb\u7edf\u9ed8\u8ba4\u597d\u8bc4\u3002"", ""date"": ""2024-05-20"", ""score"": 5, ""commentId"": ""233610566"", ""imgs"": [], ""userNickName"": ""\u53bb*\u6237"", ""replyCityName"": """", ""cityName"": """"}, {""author"": ""\u53bb*\u6237"", ""content"": ""\u7528\u6237\u672a\u70b9\u8bc4\uff0c\u7cfb\u7edf\u9ed8\u8ba4\u597d\u8bc4\u3002"", ""date"": ""2024-05-18"", ""score"": 5, ""commentId"": ""233592579"", ""imgs"": [], ""userNickName"": ""\u53bb*\u6237"", ""replyCityName"": """", ""cityName"": """"}, {""author"": ""\u53bb*\u6237"", ""content"": ""\u7528\u6237\u672a\u70b9\u8bc4\uff0c\u7cfb\u7edf\u9ed8\u8ba4\u597d\u8bc4\u3002"", ""date"": ""2023-08-23"", ""score"": 5, ""commentId"": ""227606942"", ""imgs"": [], ""userNickName"": ""\u53bb*\u6237"", ""replyCityName"": """", ""cityName"": """"}, {""author"": ""\u53bb*\u6237"", ""content"": ""\u7528\u6237\u672a\u70b9\u8bc4\uff0c\u7cfb\u7edf\u9ed8\u8ba4\u597d\u8bc4\u3002"", ""date"": ""2023-07-21"", ""score"": 5, ""commentId"": ""226667803"", ""imgs"": [], ""userNickName"": ""\u53bb*\u6237"", ""replyCityName"": """", ""cityName"": """"}, {""author"": ""q*u"", ""content"": ""2023\u5e742\u67085\u65e5\u5230\uff0c\u666f\u533a\u5173\u95ed\u4e2d\uff0c\u5927\u5bb6\u4e0d\u8981\u767d\u8dd1\uff0c"", ""date"": ""2023-02-05"", ""score"": 1, ""commentId"": ""224030091"", ""imgs"": [{""small"": ""https://mp-piao-admincp.qunarzz.com/mp_piao_admin_mp_piao_admin/fusion/20232/7c5797a8cbd8eb53ab8691135d85dc6e.jpg_120x120_47ee994a.jpg"", ""title"": """", ""big"": ""https://mp-piao-admincp.qunarzz.com/mp_piao_admin_mp_piao_admin/fusion/20232/7c5797a8cbd8eb53ab8691135d85dc6e.jpg""}, {""small"": ""https://mp-piao-admincp.qunarzz.com/mp_piao_admin_mp_piao_admin/fusion/20232/54e3e2e27b731a6112ee73aa469a586c.jpg_120x120_4438e2fd.jpg"", ""title"": """", ""big"": ""https://mp-piao-admincp.qunarzz.com/mp_piao_admin_mp_piao_admin/fusion/20232/54e3e2e27b731a6112ee73aa469a586c.jpg""}], ""userNickName"": ""q*u"", ""replyCityName"": """", ""cityName"": ""\u5e7f\u4e1c""}], ""score"": 5.0, ""commentCount"": 2005}, ""statusCode"": 200}"
奕垌紫马滑雪场,https://imgs.qunarzz.com/sight/p0/2007/41/41ed850285c40871a3.img.png_280x200_8090a9f7.png,阳江市,江城区,广东阳江市江城区城东岗列街道白石坑新风西南侧,-1,-1.0,阳江奕洞紫马滑雪公司是中山市紫马滑雪体育发展有限公司下属的*家连锁滑雪场，该滑雪场位于阳江市郊区奕洞。奕洞滑雪场成立于2,https://piao.qunar.com/ticket/detail_1479983722.html?st=a3clM0QlRTYlQjElOUYlRTUlOUYlOEUlRTUlOEMlQkElMjZpZCUzRDUwNzU5NSUyNnR5cGUlM0QwJTI2aWR4JTNENDclMjZxdCUzRCUyNmFwayUzRDIlMjZzYyUzRFdXVyUyNnVyJTNEJUU0JUI4JUFEJUU1JUIxJUIxJTI2bHIlM0QlRTQlQjglQUQlRTUlQjElQjElMjZmdCUzRCU3QiU3RA%3D%3D#from=mpl_search_suggest,-1.0,N/A,阳江奕洞紫马滑雪公司是中山市紫马滑雪体育发展有限公司下属的*家连锁滑雪场，该滑雪场位于阳江市郊区奕洞。奕洞滑雪场成立于2019年10月，注册资金850万，奕洞滑雪场将秉承紫马滑雪的美好愿景，用全新的教学理念，诚信、务实、创新、高质，孜孜以求，力求满足顾客需求。奕洞滑雪场根植于阳江这个海滨城市，让滑雪走进无雪地区，让越来越多的群众成为滑雪运动爱好者，顺应国家大力发展冰雪运动的政策，稳步推进滑雪运动的发展。 紫马滑雪将一如既往不忘初心，让滑雪成为大众运动，为您提供优质的滑雪体验！,暂无,https://imgs.qunarzz.com/sight/p0/2007/41/41ed850285c40871a3.img.png_710x360_6710e993.png,"{""ret"": true, ""data"": {""tagList"": [{""tagType"": 0, ""tagScore"": 5, ""tagNum"": 0, ""tagName"": ""\u5168\u90e8""}], ""score"": 0.0, ""commentCount"": 0}, ""statusCode"": 200}"
银海宋城,https://imgs.qunarzz.com/sight/p0/201303/29/69c6b609cd2787c5c8d65eac.jpg_280x200_21d4d7ae.jpg,阳江市,江城区,广东省阳江市江城区海陵岛十里银滩上,-1,-1.0,城内的建筑完全照宋朝时的风格,https://piao.qunar.com/ticket/detail_615249101.html?st=a3clM0QlRTYlQjElOUYlRTUlOUYlOEUlRTUlOEMlQkElMjZpZCUzRDE4ODIzMSUyNnR5cGUlM0QwJTI2aWR4JTNENDYlMjZxdCUzRCUyNmFwayUzRDIlMjZzYyUzRFdXVyUyNnVyJTNEJUU0JUI4JUFEJUU1JUIxJUIxJTI2bHIlM0QlRTQlQjglQUQlRTUlQjElQjElMjZmdCUzRCU3QiU3RA%3D%3D#from=mpl_search_suggest,-1.0,N/A,海陵岛的银海宋城建在十里银滩上，城内的建筑完全照宋朝时的风格。每到旅游旺季，城内的工作人员会穿上宋代的服饰招迎游人，仿佛置身古代。,暂无,https://imgs.qunarzz.com/sight/p0/201303/29/69c6b609cd2787c5c8d65eac.jpg_710x360_f5b75bde.jpg,"{""ret"": true, ""data"": {""tagList"": [{""tagType"": 0, ""tagScore"": 5, ""tagNum"": 0, ""tagName"": ""\u5168\u90e8""}], ""score"": 0.0, ""commentCount"": 0}, ""statusCode"": 200}"
