景点名称,景点图片,city,county,景点地址,景点参观人数,景点评分,景点短语,景点链接,景点最低价格,景点等级,景点详细信息,景点开放时间,景点图片合集,json
梅东温泉宾馆(温泉),https://qimgs.qunarzz.com/piao_qsight_provider_piao_qsight_web/temp56442077296299353770102i12000bsadj6k2AD4_wmr.jpg_280x200_2edcc27c.jpg,韶关市,新丰县,广东省韶关市新丰县梅东村祥发路6号,-1,-1.0,N/A,https://piao.qunar.com/ticket/detail_3818264778.html?st=a3clM0QlRTYlOTYlQjAlRTQlQjglQjAlRTUlOEUlQkYlMjZpZCUzRDUyMDc5MSUyNnR5cGUlM0QwJTI2aWR4JTNEOCUyNnF0JTNEJTI2YXBrJTNEMiUyNnNjJTNEV1dXJTI2dXIlM0QlRTQlQjglQUQlRTUlQjElQjElMjZsciUzRCVFNCVCOCVBRCVFNSVCMSVCMSUyNmZ0JTNEJTdCJTdE#from=mpl_search_suggest,-1.0,N/A,N/A,暂无,https://qimgs.qunarzz.com/piao_qsight_provider_piao_qsight_web/temp56442077296299353770102i12000bsadj6k2AD4_wmr.jpg_710x360_9ac97c17.jpg,"{""ret"": true, ""data"": {""tagList"": [{""tagType"": 0, ""tagScore"": 5, ""tagNum"": 0, ""tagName"": ""\u5168\u90e8""}], ""score"": 0.0, ""commentCount"": 0}, ""statusCode"": 200}"
云髻山温泉度假山庄,https://imgs.qunarzz.com/sight/p0/201301/11/800790d94bc3e2b493835fbb.jpg_280x200_747fa09b.jpg,韶关市,新丰县,韶关市新丰县城西北9公里处,62,4.1,高山天然园林式温泉景区,https://piao.qunar.com/ticket/detail_935403800.html?st=a3clM0QlRTYlOTYlQjAlRTQlQjglQjAlRTUlOEUlQkYlMjZpZCUzRDM4NDQ5JTI2dHlwZSUzRDAlMjZpZHglM0Q3JTI2cXQlM0QlMjZhcGslM0QyJTI2c2MlM0RXV1clMjZ1ciUzRCVFNCVCOCVBRCVFNSVCMSVCMSUyNmxyJTNEJUU0JUI4JUFEJUU1JUIxJUIxJTI2ZnQlM0QlN0IlN0Q%3D#from=mpl_search_suggest,-1.0,N/A,云髻山在著名的新丰江水库源头，拥有得天独厚的自然环境，有广东“香格里拉”之称。云髻山旅游资源丰富，山、石、水、林、岩、泉巧妙地形成各种形象，美不胜收，让人沉醉、有满山红叶的山。云髻山具有山地气候特征。进入11月，漫山遍野的红色枫叶便成为云髻山风景区深秋季节的主色调。对于普通游客来说，到云髻山看红叶算是比较新的。从新丰江之源的,疫情期间温泉开放时间20:00-23:00(仅对住宿客人开放)；非疫情期间温泉开放时间9:00-22:00，现因疫情不对散客开放，详情可提前电话咨询山庄。,https://imgs.qunarzz.com/sight/p0/201301/11/800790d94bc3e2b493835fbb.jpg_710x360_b280a03a.jpg〇https://imgs.qunarzz.com/sight/p0/201403/10/71e1114f6196298d84f083bcd793f6d2.jpg_710x360_f3baacf1.jpg〇https://imgs.qunarzz.com/sight/p0/201403/10/088ea6c7c1e5cd10d5774c5eb6f6ec04.jpg_710x360_3c6e9cb5.jpg〇https://imgs.qunarzz.com/sight/p0/201403/10/a98392cd8866c4dd1487cde72b90d0b7.jpg_710x360_7c41b180.jpg〇https://imgs.qunarzz.com/sight/p0/201403/10/c1aa455c360e76d28c11a7260fbf0c0e.jpg_710x360_f7684be7.jpg〇https://imgs.qunarzz.com/sight/p0/201403/10/dfbac6ddb3985e45243460ea134cffef.jpg_710x360_1b4110dc.jpg,"{""ret"": true, ""data"": {""tagList"": [{""tagType"": 32, ""tagScore"": 5, ""tagNum"": 1, ""tagName"": ""\u670d\u52a1\u597d""}, {""tagType"": 16, ""tagScore"": 5, ""tagNum"": 2, ""tagName"": ""\u9760\u8c31""}, {""tagType"": 8, ""tagScore"": 5, ""tagNum"": 1, ""tagName"": ""\u4fbf\u5b9c""}, {""tagType"": 4, ""tagScore"": 5, ""tagNum"": 1, ""tagName"": ""\u53d6\u7968\u65b9\u4fbf""}, {""tagType"": 2, ""tagScore"": 5, ""tagNum"": 10, ""tagName"": ""\u4e2d\u8bc4""}, {""tagType"": 1, ""tagScore"": 5, ""tagNum"": 49, ""tagName"": ""\u597d\u8bc4""}, {""tagType"": 0, ""tagScore"": 5, ""tagNum"": 62, ""tagName"": ""\u5168\u90e8""}], ""commentList"": [{""author"": ""\u9633*\u671b"", ""content"": ""\u666f\u70b9\u4e00\u822c\u3002\u666f\u70b9\u8bbe\u65bd\u4e0d\u5b8c\u5584\u3002\u9152\u5e97\u86ee\u4e0d\u9519\uff0c\u5c31\u5728\u666f\u533a\u5185"", ""date"": ""2019-05-26"", ""score"": 3, ""commentId"": ""210559186"", ""imgs"": [], ""userNickName"": ""\u9633*\u671b"", ""replyCityName"": """", ""cityName"": """"}, {""author"": ""M*0"", ""content"": ""\u6c34\u6e29\u9ad8\u8fc7\u4e03\u5341\u5ea6\uff0c\u5343\u767e\u5e74\u6765\u6c34\u4e0d\u505c\u3002"", ""date"": ""2018-08-14"", ""score"": 4, ""commentId"": ""207208078"", ""imgs"": [], ""userNickName"": ""M*0"", ""replyCityName"": """", ""cityName"": """"}, {""author"": ""1*1"", ""content"": ""\u8ddf\u56e2\u53bb\u7684\uff01\uff01\u623f\u95f4\u8f83\u5c0f\uff0c\u7cfb\u5f00\u95e8\u4e00\u80a1\u6e7f\u6f6e\u5473\uff0c\u5f00\u7a7a\u8c03\u6563\u5473\uff01\u4f4f\u7684\u5730\u65b9\u4e5f\u4e0d\u597d\u627e\uff01\u7136\u540e\u53bb\u671b\u6708\u697c\u5403\u996d\uff0c\u996d\u83dc\u8fd87\u5206\uff0c\u84b8\u9c7c\u4e0d\u9519\uff0c\u7d2b\u82cf\u7086\u9e2d\uff0c\u4e0d\u597d\u5403 \uff0c\u6ca1\u6709\u9c9c\u5473\uff0c\u7d2b\u82cf\u5c31\u597d\u5403\u3002\u996d\u540e\u53bb\u4e86\u4e91\u9afb\u5c71\uff0c\u7ed3\u679c\u98ce\u666f\u533a\u8fd8\u898130\u5143\uff0c\u65e0\u8bed\uff0c\u4f4f\u623f\u5ba2\u4eba\u90fd\u8981\u7ed930\u5143\uff0c\u7136\u540e\u4e0a\u5c71\u770b\u98ce\u666f\uff0c\u672c\u6765\u662f\u60f3\u770b\u67ab\u53f6\u7684\uff0c\u7ed3\u679c\u6ca1\u6709\uff0c\u770b\u7684\u90fd\u662f\u7011\u5e03\uff01\u5927\u7684\u5c0f\u7684\u90fd\u6709\uff01\uff01\u4e0b\u5c71\u540e\u53bb\u6ce1\u6e29\u6cc9\uff01\u5341\u51e0\u4e2a\u6c60\u5c31\u5f003\u81f34\u4e2a\u6c60\uff0c\u4e0d\u597d\u73a9\uff0c\u4e0d\u723d\uff01\u6ce1\u5230\u4e00\u534a\u5de5\u4f5c\u4eba\u5458\u5c31\u653e\u6c34\uff0c\u95ee\u4ed6\u4e3a\u4ec0\u4e48\uff0c\u4ed6\u8bf4\uff0c\u5e2e\u6211\u4eec\u53bb\u65e7\u6c34\uff0c\u518d\u52a0\u70ed\u6c34\u3002\u771f\u7684\uff1f\u5047\u7684\uff1f\u540e\u6765\u53c8\u8fc7\u6765\u51e0\u5bf9\u60c5\u4fa3\u6ce1\u6e29\u6cc9\uff0c\u53ef\u662f\u524d\u534a\u5c0f\u65f6\uff0c\u5c31\u6211\u4eec\u4e24\u4e2a\uff0c\u539f\u6765\u76843 4\u4e2a\u6c60\u53d8\u4e861 2\u4e2a\u6c60\uff0c\u60c5\u4fa3\u4eec\u6765\u4e86\u5c31\u6324\u5728\u4e00\u8d77\u4e86\u3002\u3002\u3002\u3002\u3002\u603b\u7ed3\u6765\u8bf4\uff0c\u73af\u5883\u4e00\u822c\uff0c\u8bbe\u65bd\u4e00\u822c\uff0c\u670d\u52a1\u4e00\u822c\uff0c\u4f46\u6c34\u8d28\u8fd8\u53ef\u4ee5\uff01"", ""date"": ""2016-11-24"", ""score"": 3, ""commentId"": ""203903706"", ""imgs"": [{""small"": ""https://imgs.qunarzz.com/p/tts9/1712/25/7f7772e9ba64b502.jpg_120x120_179926a6.jpg"", ""title"": """", ""big"": ""https://imgs.qunarzz.com/p/tts9/1712/25/7f7772e9ba64b502.jpg""}, {""small"": ""https://imgs.qunarzz.com/p/tts6/1712/7a/8e89cb752c536802.jpg_120x120_39383def.jpg"", ""title"": """", ""big"": ""https://imgs.qunarzz.com/p/tts6/1712/7a/8e89cb752c536802.jpg""}, {""small"": ""https://imgs.qunarzz.com/p/tts4/1712/66/0018dbe661a74602.jpg_120x120_a3efb5e1.jpg"", ""title"": """", ""big"": ""https://imgs.qunarzz.com/p/tts4/1712/66/0018dbe661a74602.jpg""}, {""small"": ""https://imgs.qunarzz.com/p/tts4/1712/62/ca6a5d332423ba02.jpg_120x120_4d440865.jpg"", ""title"": """", ""big"": ""https://imgs.qunarzz.com/p/tts4/1712/62/ca6a5d332423ba02.jpg""}, {""small"": ""https://imgs.qunarzz.com/p/tts9/1712/7d/fc8a0e1b7c0ec502.jpg_120x120_541698c1.jpg"", ""title"": """", ""big"": ""https://imgs.qunarzz.com/p/tts9/1712/7d/fc8a0e1b7c0ec502.jpg""}, {""small"": ""https://imgs.qunarzz.com/p/tts5/1712/e2/e1aa891cce77cf02.jpg_120x120_784deb84.jpg"", ""title"": """", ""big"": ""https://imgs.qunarzz.com/p/tts5/1712/e2/e1aa891cce77cf02.jpg""}, {""small"": ""https://imgs.qunarzz.com/p/tts0/1712/70/a9772e9dcecced02.jpg_120x120_6e604183.jpg"", ""title"": """", ""big"": ""https://imgs.qunarzz.com/p/tts0/1712/70/a9772e9dcecced02.jpg""}, {""small"": ""https://imgs.qunarzz.com/p/tts1/1712/5f/b022e488872c1802.jpg_120x120_7d4f0941.jpg"", ""title"": """", ""big"": ""https://imgs.qunarzz.com/p/tts1/1712/5f/b022e488872c1802.jpg""}, {""small"": ""https://imgs.qunarzz.com/p/tts9/1712/cd/2d159231a666f202.jpg_120x120_f54fa423.jpg"", ""title"": """", ""big"": ""https://imgs.qunarzz.com/p/tts9/1712/cd/2d159231a666f202.jpg""}, {""small"": ""https://imgs.qunarzz.com/p/tts8/1712/9c/e3095cc2745e3f02.jpg_120x120_bdf938ad.jpg"", ""title"": """", ""big"": ""https://imgs.qunarzz.com/p/tts8/1712/9c/e3095cc2745e3f02.jpg""}], ""userNickName"": ""1*1"", ""replyCityName"": """", ""cityName"": """"}, {""author"": ""a*0"", ""content"": ""\u7528\u6237\u672a\u70b9\u8bc4\uff0c\u7cfb\u7edf\u9ed8\u8ba4\u597d\u8bc4\u3002"", ""date"": ""2018-02-01"", ""score"": 5, ""commentId"": ""205285152"", ""imgs"": [], ""userNickName"": ""a*0"", ""replyCityName"": """", ""cityName"": """"}, {""author"": ""w*4"", ""content"": ""\u7528\u6237\u672a\u70b9\u8bc4\uff0c\u7cfb\u7edf\u9ed8\u8ba4\u597d\u8bc4\u3002"", ""date"": ""2018-01-31"", ""score"": 5, ""commentId"": ""205270059"", ""imgs"": [], ""userNickName"": ""w*4"", ""replyCityName"": """", ""cityName"": """"}, {""author"": ""w*4"", ""content"": ""\u7528\u6237\u672a\u70b9\u8bc4\uff0c\u7cfb\u7edf\u9ed8\u8ba4\u597d\u8bc4\u3002"", ""date"": ""2018-01-30"", ""score"": 5, ""commentId"": ""205227099"", ""imgs"": [], ""userNickName"": ""w*4"", ""replyCityName"": """", ""cityName"": """"}, {""author"": ""M*8"", ""content"": ""\u73af\u5883\u536b\u751f\u5e72\u51c0\uff0c\u670d\u52a1\u6001\u5ea6\u4e00\u822c\uff0c\u6c34\u8d28\u6bd4\u8f83\u5e72\u51c0\uff0c\u6027\u4ef7\u6bd4\u8fd8\u53ef\u4ee5\u3002"", ""date"": ""2018-03-16"", ""score"": 5, ""commentId"": ""205979361"", ""imgs"": [], ""userNickName"": ""M*8"", ""replyCityName"": """", ""cityName"": """"}, {""author"": ""v*1"", ""content"": ""\u7528\u6237\u672a\u70b9\u8bc4\uff0c\u7cfb\u7edf\u9ed8\u8ba4\u597d\u8bc4\u3002"", ""date"": ""2018-01-23"", ""score"": 5, ""commentId"": ""205167126"", ""imgs"": [], ""userNickName"": ""v*1"", ""replyCityName"": """", ""cityName"": """"}, {""author"": ""l*u"", ""content"": ""\u7528\u6237\u672a\u70b9\u8bc4\uff0c\u7cfb\u7edf\u9ed8\u8ba4\u597d\u8bc4\u3002"", ""date"": ""2018-01-17"", ""score"": 5, ""commentId"": ""205146223"", ""imgs"": [], ""userNickName"": ""l*u"", ""replyCityName"": """", ""cityName"": """"}, {""author"": ""\u5f20*\u6781"", ""content"": ""\u7528\u6237\u672a\u70b9\u8bc4\uff0c\u7cfb\u7edf\u9ed8\u8ba4\u597d\u8bc4\u3002"", ""date"": ""2018-01-10"", ""score"": 5, ""commentId"": ""205123433"", ""imgs"": [], ""userNickName"": ""\u5f20*\u6781"", ""replyCityName"": """", ""cityName"": """"}], ""score"": 4.1, ""commentCount"": 62}, ""statusCode"": 200}"
新丰樱花峪,https://qimgs.qunarzz.com/piao_qsight_provider_piao_qsight_web/01067120009hefu0690F1_C_900_504.jpg_280x200_467b27cc.jpg,韶关市,新丰县,韶关市新丰县黄礤镇G220东侧,525,4.5,樱花品种有20多种,https://piao.qunar.com/ticket/detail_1684232669.html?st=a3clM0QlRTYlOTYlQjAlRTQlQjglQjAlRTUlOEUlQkYlMjZpZCUzRDM1NTA0JTI2dHlwZSUzRDAlMjZpZHglM0Q2JTI2cXQlM0QlMjZhcGslM0QyJTI2c2MlM0RXV1clMjZ1ciUzRCVFNCVCOCVBRCVFNSVCMSVCMSUyNmxyJTNEJUU0JUI4JUFEJUU1JUIxJUIxJTI2ZnQlM0QlN0IlN0Q%3D#from=mpl_search_suggest,-1.0,N/A,樱花峪位于黄礤镇偏北5公里处，总面积800多亩。区内的樱花品种有20多种，其中种植八重樱和寒绯樱居多。八重樱也叫关山，花色白色至深粉红色，开花较迟，由于有八重花瓣，称之为八重樱。寒绯樱花色是鲜红，适合温暖地区，却不耐寒，1月下旬已盛开。樱花峪现已盛开的品种大多是寒绯樱，花朵呈粉红色，一串串的犹如铃铛悬于枝头。两边的山坡上，一树树怒放的樱花，似一团绯云。走近细看，花梗细长而下垂，又像一盏盏红灯。簇簇花朵以蓝天白云为背景，在微风中轻轻摇曳，令游人颇感鲜奇，如入仙境。大家带着满心的喜悦争相与樱花合影，借此贴近大自然，吸取初春的气息。春节将至，到黄磜观赏樱花又成为了新丰人民春游踏青的好去处。说到樱花，很多人都会立刻想到是日本的国花，很多人也以为樱花出自东瀛。据文献资料考证，樱花应当是原产于中国。两千多年前的秦汉时期，樱花已在我国宫苑内栽培，至唐朝已普遍出现在私家庭园，日本栽种樱花才千余年历史。至于常有文称中国樱花传自日本，这与樱花此名谓在我国典籍中记载不多有关。因樱花和樱桃花外观很像，古人记述颇为含混，古代樱花便不似别的名花那么被人熟悉，但是在古老籍册仍可觅到它的点点芳踪。白居易有“小园新种红樱树，闲绕花枝便当游”的诗句，元代郭翼有“柳色青堪把，樱花雪未干”的诗句，明代于若瀛有“三月雨声细，樱花疑杏花”的诗句。 樱花热烈、纯洁、高尚。樱花绽放时很绚烂，但花期很短，开花到凋谢只不过七日之期。整棵樱树从开花到全谢大约16天左右，形成樱花美而易落的特点。欣赏樱花，不光是欣赏它妩媚娇艳，更重要的是赞赏它经历短暂的灿烂后随即凋谢的“壮烈”，不污不染、轻盈洒脱的性格。另外，据樱花的花期预报显示，在农历春节前后，赏花时间延续到清明前后。,1/1-12/31；周一至周日；08:30-17:30开园,https://qimgs.qunarzz.com/piao_qsight_provider_piao_qsight_web/01067120009hefu0690F1_C_900_504.jpg_710x360_12be83ba.jpg〇https://qimgs.qunarzz.com/piao_qsight_provider_piao_qsight_web/01067120009hefu0690F1_C_900_504_Q90_Mtg_7.jpg_710x360_86f170cc.jpg〇https://imgs.qunarzz.com/sight/p0/201403/24/626d9b252ce2cb4c75e38e002bc5c8b9.jpg_710x360_69d7e144.jpg〇https://imgs.qunarzz.com/sight/p0/201301/15/d6a250aefc13012893835fbb.png_710x360_6da3d5e6.png〇https://imgs.qunarzz.com/sight/p0/201301/15/c7119976679a3b8793835fbb.png_710x360_08707c5b.png〇https://imgs.qunarzz.com/sight/p0/201301/15/ce8dd4d6cd266fbb93835fbb.png_710x360_27d9e9ec.png,"{""ret"": true, ""data"": {""tagList"": [{""tagType"": 32, ""tagScore"": 5, ""tagNum"": 9, ""tagName"": ""\u670d\u52a1\u597d""}, {""tagType"": 16, ""tagScore"": 5, ""tagNum"": 11, ""tagName"": ""\u9760\u8c31""}, {""tagType"": 8, ""tagScore"": 5, ""tagNum"": 9, ""tagName"": ""\u4fbf\u5b9c""}, {""tagType"": 4, ""tagScore"": 5, ""tagNum"": 21, ""tagName"": ""\u53d6\u7968\u65b9\u4fbf""}, {""tagType"": 3, ""tagScore"": 5, ""tagNum"": 8, ""tagName"": ""\u5dee\u8bc4""}, {""tagType"": 2, ""tagScore"": 5, ""tagNum"": 14, ""tagName"": ""\u4e2d\u8bc4""}, {""tagType"": 1, ""tagScore"": 5, ""tagNum"": 471, ""tagName"": ""\u597d\u8bc4""}, {""tagType"": 0, ""tagScore"": 5, ""tagNum"": 525, ""tagName"": ""\u5168\u90e8""}], ""commentList"": [{""author"": ""k*7"", ""content"": ""\u7528\u6237\u672a\u70b9\u8bc4\uff0c\u7cfb\u7edf\u9ed8\u8ba4\u597d\u8bc4\u3002"", ""date"": ""2023-04-05"", ""score"": 5, ""commentId"": ""225004380"", ""imgs"": [], ""userNickName"": ""k*7"", ""replyCityName"": """", ""cityName"": """"}, {""author"": ""\u5c0f*\u7259"", ""content"": ""\u7528\u6237\u672a\u70b9\u8bc4\uff0c\u7cfb\u7edf\u9ed8\u8ba4\u597d\u8bc4\u3002"", ""date"": ""2023-04-04"", ""score"": 5, ""commentId"": ""224992909"", ""imgs"": [], ""userNickName"": ""\u5c0f*\u7259"", ""replyCityName"": """", ""cityName"": """"}, {""author"": ""l*7"", ""content"": ""\u7528\u6237\u672a\u70b9\u8bc4\uff0c\u7cfb\u7edf\u9ed8\u8ba4\u597d\u8bc4\u3002"", ""date"": ""2023-04-04"", ""score"": 5, ""commentId"": ""224986083"", ""imgs"": [], ""userNickName"": ""l*7"", ""replyCityName"": """", ""cityName"": """"}, {""author"": ""s*l"", ""content"": ""\u7528\u6237\u672a\u70b9\u8bc4\uff0c\u7cfb\u7edf\u9ed8\u8ba4\u597d\u8bc4\u3002"", ""date"": ""2023-03-29"", ""score"": 5, ""commentId"": ""224923487"", ""imgs"": [], ""userNickName"": ""s*l"", ""replyCityName"": """", ""cityName"": """"}, {""author"": ""u*9"", ""content"": ""\u7528\u6237\u672a\u70b9\u8bc4\uff0c\u7cfb\u7edf\u9ed8\u8ba4\u597d\u8bc4\u3002"", ""date"": ""2023-03-28"", ""score"": 5, ""commentId"": ""224920431"", ""imgs"": [], ""userNickName"": ""u*9"", ""replyCityName"": """", ""cityName"": """"}, {""author"": ""l*7"", ""content"": ""\u7528\u6237\u672a\u70b9\u8bc4\uff0c\u7cfb\u7edf\u9ed8\u8ba4\u597d\u8bc4\u3002"", ""date"": ""2023-03-28"", ""score"": 5, ""commentId"": ""224919909"", ""imgs"": [], ""userNickName"": ""l*7"", ""replyCityName"": """", ""cityName"": """"}, {""author"": ""\u6e14*\u4ed9"", ""content"": ""\u7528\u6237\u672a\u70b9\u8bc4\uff0c\u7cfb\u7edf\u9ed8\u8ba4\u597d\u8bc4\u3002"", ""date"": ""2023-03-28"", ""score"": 5, ""commentId"": ""224915890"", ""imgs"": [], ""userNickName"": ""\u6e14*\u4ed9"", ""replyCityName"": """", ""cityName"": """"}, {""author"": ""p*2"", ""content"": ""\u7528\u6237\u672a\u70b9\u8bc4\uff0c\u7cfb\u7edf\u9ed8\u8ba4\u597d\u8bc4\u3002"", ""date"": ""2023-03-28"", ""score"": 5, ""commentId"": ""224909826"", ""imgs"": [], ""userNickName"": ""p*2"", ""replyCityName"": """", ""cityName"": """"}, {""author"": ""\u53bb*\u6237"", ""content"": ""\u7528\u6237\u672a\u70b9\u8bc4\uff0c\u7cfb\u7edf\u9ed8\u8ba4\u597d\u8bc4\u3002"", ""date"": ""2023-03-25"", ""score"": 5, ""commentId"": ""224881572"", ""imgs"": [], ""userNickName"": ""\u53bb*\u6237"", ""replyCityName"": """", ""cityName"": """"}, {""author"": ""\u53bb*\u6237"", ""content"": ""\u7528\u6237\u672a\u70b9\u8bc4\uff0c\u7cfb\u7edf\u9ed8\u8ba4\u597d\u8bc4\u3002"", ""date"": ""2023-03-22"", ""score"": 5, ""commentId"": ""224854914"", ""imgs"": [], ""userNickName"": ""\u53bb*\u6237"", ""replyCityName"": """", ""cityName"": """"}], ""score"": 4.5, ""commentCount"": 525}, ""statusCode"": 200}"
梅东温泉宾馆(温泉),https://qimgs.qunarzz.com/piao_qsight_provider_piao_qsight_web/0102i12000bsadj6k2AD4_C_900_504.jpg_280x200_b249f78c.jpg,韶关市,新丰县,广东省韶关市新丰县梅中大道靠近,-1,-1.0,N/A,https://piao.qunar.com/ticket/detail_1000170002.html?st=a3clM0QlRTYlOTYlQjAlRTQlQjglQjAlRTUlOEUlQkYlMjZpZCUzRDUzNDU1MCUyNnR5cGUlM0QwJTI2aWR4JTNENSUyNnF0JTNEJTI2YXBrJTNEMiUyNnNjJTNEV1dXJTI2dXIlM0QlRTQlQjglQUQlRTUlQjElQjElMjZsciUzRCVFNCVCOCVBRCVFNSVCMSVCMSUyNmZ0JTNEJTdCJTdE#from=mpl_search_suggest,39.99,N/A,N/A,1/1-12/31；周一至周日；09:00-23:00开园,https://qimgs.qunarzz.com/piao_qsight_provider_piao_qsight_web/0102i12000bsadj6k2AD4_C_900_504.jpg_710x360_a1f5fcbb.jpg,"{""ret"": true, ""data"": {""tagList"": [{""tagType"": 0, ""tagScore"": 5, ""tagNum"": 0, ""tagName"": ""\u5168\u90e8""}], ""score"": 0.0, ""commentCount"": 0}, ""statusCode"": 200}"
松果部落露营地,https://imgs.qunarzz.com/sight/p0/2204/85/856c5fe3d592153ca3.water.jpg_280x200_993d6fe8.jpg,韶关市,曲江区,广东省韶关市曲江区罗坑镇中心坝黄屋村松果部落,-1,-1.0,北美风情欧式气息,https://piao.qunar.com/ticket/detail_2253148402.html?st=a3clM0QlRTYlOUIlQjIlRTYlQjElOUYlRTUlOEMlQkElMjZpZCUzRDUxNDg0MCUyNnR5cGUlM0QwJTI2aWR4JTNEMzAlMjZxdCUzRCUyNmFwayUzRDIlMjZzYyUzRFdXVyUyNnVyJTNEJUU0JUI4JUFEJUU1JUIxJUIxJTI2bHIlM0QlRTQlQjglQUQlRTUlQjElQjElMjZmdCUzRCU3QiU3RA%3D%3D#from=mpl_search_suggest,-1.0,N/A,松果部落露营地是一片树林 旁边有一个30亩的大茶园，可以射箭，露天KTV，旁边有多家民宿，拥有很多景点资源。是一个有北美气息的露营地。,具体营业状态以当天开放情况为准,https://imgs.qunarzz.com/sight/p0/2204/85/856c5fe3d592153ca3.water.jpg_710x360_255d957c.jpg〇https://imgs.qunarzz.com/sight/p0/2204/33/3352abe3ec52b4faa3.water.jpg_710x360_376ab8d8.jpg〇https://imgs.qunarzz.com/sight/p0/2204/c6/c66467ade0911aeba3.water.jpg_710x360_f759ec6b.jpg,"{""ret"": true, ""data"": {""tagList"": [{""tagType"": 0, ""tagScore"": 5, ""tagNum"": 0, ""tagName"": ""\u5168\u90e8""}], ""score"": 0.0, ""commentCount"": 0}, ""statusCode"": 200}"
韶关挑战者汽车特技,https://imgs.qunarzz.com/sight/p0/201403/11/995708fc1962e42b5280a3d8de26eb63.jpg_280x200_d6f7d360.jpg,韶关市,翁源县,广东省韶关市翁源县官渡镇,-1,-1.0,领略汽车、摩托车特技运动的激情与魅力,https://piao.qunar.com/ticket/detail_2256811461.html?st=a3clM0QlRTclQkYlODElRTYlQkElOTAlRTUlOEUlQkYlMjZpZCUzRDE5MDcyOCUyNnR5cGUlM0QwJTI2aWR4JTNENSUyNnF0JTNEJTI2YXBrJTNEMiUyNnNjJTNEV1dXJTI2dXIlM0QlRTQlQjglQUQlRTUlQjElQjElMjZsciUzRCVFNCVCOCVBRCVFNSVCMSVCMSUyNmZ0JTNEJTdCJTdE#from=mpl_search_suggest,-1.0,N/A,挑战者大型汽车特技表演场，位于韶关翁源县官渡镇广东省公安厅培训基地旁，表演场占地3万平方米2千万，观众台一次性可容纳1300名观众。由韶关“小飞侠”之称的华庆先为首的一众资深汽车、摩托车、跑酷等特技大师。出其不意、精彩绝伦的大型汽车特技隆重上演。蛇形绕桩、接龙、漂移入库、旋转、极速、飞车、急停及摩托车的大排量和小排量等多种尖端特技。不断演绎高难度动作，务必让各位亲爱的观众朋友们，尽情领略汽车、摩托车特技运动的激情与魅力，结合爆破、烟火、声光等高水准视觉设备，无论是视觉、听觉！让您切身感受到汽车特技不是单纯的电脑特技，而是充分体现时尚生活的动感触觉和车技水平的追求。,暂无,https://imgs.qunarzz.com/sight/p0/201403/11/995708fc1962e42b5280a3d8de26eb63.jpg_710x360_806966e5.jpg〇https://imgs.qunarzz.com/sight/p0/201310/30/ba438dc2b1a91461c8d65eac.jpg_710x360_0c82ab55.jpg〇https://imgs.qunarzz.com/sight/p0/201310/30/24883e0a1d5104bdc8d65eac.jpg_710x360_45930442.jpg〇https://imgs.qunarzz.com/sight/p0/201310/30/f472f06746fc8bc2c8d65eac.jpg_710x360_adcf9127.jpg〇https://imgs.qunarzz.com/sight/p0/201310/30/16191de49ad40db6c8d65eac.jpg_710x360_a6b5ef9d.jpg〇https://qimgs.qunarzz.com/piao_qsight_provider_piao_qsight_web/358caca9334ff7f7.jpg_710x360_7323f95b.jpg,"{""ret"": true, ""data"": {""tagList"": [{""tagType"": 0, ""tagScore"": 5, ""tagNum"": 0, ""tagName"": ""\u5168\u90e8""}], ""score"": 0.0, ""commentCount"": 0}, ""statusCode"": 200}"
韶关恒合温泉住宿,https://mp-piao-admincp.qunarzz.com/mp_piao_admin_mp_piao_admin/admin/20217/30d54820c6727b9958d585769ab3c5c2.png_280x200_7ef61cce.png,韶关市,曲江区,广东韶关曲江区大塘镇汤溪村委会李屋村5号,-1,-1.0,N/A,https://piao.qunar.com/ticket/detail_2154833879.html?st=a3clM0QlRTYlOUIlQjIlRTYlQjElOUYlRTUlOEMlQkElMjZpZCUzRDUzOTEwMyUyNnR5cGUlM0QwJTI2aWR4JTNEMzUlMjZxdCUzRCUyNmFwayUzRDIlMjZzYyUzRFdXVyUyNnVyJTNEJUU0JUI4JUFEJUU1JUIxJUIxJTI2bHIlM0QlRTQlQjglQUQlRTUlQjElQjElMjZmdCUzRCU3QiU3RA%3D%3D#from=mpl_search_suggest,-1.0,N/A,N/A,1/1-12/31；周一至周日；09:00-23:59开园,https://mp-piao-admincp.qunarzz.com/mp_piao_admin_mp_piao_admin/admin/20217/30d54820c6727b9958d585769ab3c5c2.png_710x360_c2302e12.png,"{""ret"": true, ""data"": {""tagList"": [{""tagType"": 0, ""tagScore"": 5, ""tagNum"": 0, ""tagName"": ""\u5168\u90e8""}], ""score"": 0.0, ""commentCount"": 0}, ""statusCode"": 200}"
趣营地,https://mp-piao-admincp.qunarzz.com/mp_piao_admin_mp_piao_admin/admin/20217/30d54820c6727b9958d585769ab3c5c2.png_280x200_7ef61cce.png,韶关市,仁化县,韶关市仁化县周田镇灵溪下洞村委石头背村小组,-1,-1.0,生态星空园林,https://piao.qunar.com/ticket/detail_3339625670.html?st=a3clM0QlRTQlQkIlODElRTUlOEMlOTYlRTUlOEUlQkYlMjZpZCUzRDUzOTIyOCUyNnR5cGUlM0QwJTI2aWR4JTNEMTclMjZxdCUzRCUyNmFwayUzRDIlMjZzYyUzRFdXVyUyNnVyJTNEJUU0JUI4JUFEJUU1JUIxJUIxJTI2bHIlM0QlRTQlQjglQUQlRTUlQjElQjElMjZmdCUzRCU3QiU3RA%3D%3D#from=mpl_search_suggest,-1.0,N/A,N/A,具体营业状态以当天开放情况为准,https://mp-piao-admincp.qunarzz.com/mp_piao_admin_mp_piao_admin/admin/20217/30d54820c6727b9958d585769ab3c5c2.png_710x360_c2302e12.png,"{""ret"": true, ""data"": {""tagList"": [{""tagType"": 0, ""tagScore"": 5, ""tagNum"": 0, ""tagName"": ""\u5168\u90e8""}], ""score"": 0.0, ""commentCount"": 0}, ""statusCode"": 200}"
红锦湾温泉酒店,https://imgs.qunarzz.com/sight/p0/1411/e1/53afde9df455ac506e77ab5787765832.water.jpg_280x200_e09ae812.jpg,韶关市,仁化县,广东省韶关市仁化县丹霞山环山北路1号红锦湾温泉酒店,-1,-1.0,集温泉养生，休闲度假、旅游购物于一体,https://piao.qunar.com/ticket/detail_2534976977.html?st=a3clM0QlRTQlQkIlODElRTUlOEMlOTYlRTUlOEUlQkYlMjZpZCUzRDE5OTA0NiUyNnR5cGUlM0QwJTI2aWR4JTNEMTYlMjZxdCUzRCUyNmFwayUzRDIlMjZzYyUzRFdXVyUyNnVyJTNEJUU0JUI4JUFEJUU1JUIxJUIxJTI2bHIlM0QlRTQlQjglQUQlRTUlQjElQjElMjZmdCUzRCU3QiU3RA%3D%3D#from=mpl_search_suggest,-1.0,N/A,韶关红锦湾温泉酒店于2014年1月开业，位于世界遗产地质公园---丹霞山大门右侧，连绵丹霞美景尽在眼帘。酒店按四星标准设计建造，糅合了典雅时尚的设计风格，与丹霞山层峦叠翠、连绵美景交相辉映，小桥流水形成一幅鱼翔浅底、生态岸然，人山水画卷。酒店内设127多间各式舒适典雅的豪华客房，配套设施有美食坊、丹霞风情街、露天温泉区、别墅、棋牌、桑拿、沐足、按摩、丹霞土特产于一体，是一家集温泉养生，休闲度假、研讨会议为一体的大型生态假型酒店。,暂无,https://imgs.qunarzz.com/sight/p0/1411/e1/53afde9df455ac506e77ab5787765832.water.jpg_710x360_99a647d4.jpg〇https://imgs.qunarzz.com/sight/p0/1411/2c/fc0617bec70eadc6006e3cb479e88cbe.water.jpg_710x360_0d4b2e52.jpg〇https://imgs.qunarzz.com/sight/p0/1411/2a/ebe1fd8ca1824c90b355b3b876fa56f2.water.jpg_710x360_4b435091.jpg〇https://imgs.qunarzz.com/sight/p0/1411/43/fa8d2f00c571c4eaebc2f81cc5ff5bf8.water.jpg_710x360_4a02896d.jpg,"{""ret"": true, ""data"": {""tagList"": [{""tagType"": 0, ""tagScore"": 5, ""tagNum"": 0, ""tagName"": ""\u5168\u90e8""}], ""score"": 0.0, ""commentCount"": 0}, ""statusCode"": 200}"
汤溪四合院温泉,https://qimgs.qunarzz.com/piao_qsight_provider_piao_qsight_web/1lo5b12000b6ycmp304C8_C_900_504.jpg_280x200_11abebad.jpg,韶关市,曲江区,广东省韶关市曲江区汤溪村李屋48号,-1,-1.0,N/A,https://piao.qunar.com/ticket/detail_3934522736.html?st=a3clM0QlRTYlOUIlQjIlRTYlQjElOUYlRTUlOEMlQkElMjZpZCUzRDUyMDE4OCUyNnR5cGUlM0QwJTI2aWR4JTNEMTQlMjZxdCUzRCUyNmFwayUzRDIlMjZzYyUzRFdXVyUyNnVyJTNEJUU0JUI4JUFEJUU1JUIxJUIxJTI2bHIlM0QlRTQlQjglQUQlRTUlQjElQjElMjZmdCUzRCU3QiU3RA%3D%3D#from=mpl_search_suggest,48.8,N/A,N/A,1/1-12/31；周一至周日；09:00-23:00开园,https://qimgs.qunarzz.com/piao_qsight_provider_piao_qsight_web/1lo5b12000b6ycmp304C8_C_900_504.jpg_710x360_b26bf48f.jpg〇https://qimgs.qunarzz.com/piao_qsight_provider_piao_qsight_web/1lo1112000b6yclb11D30_C_900_504_Q90_Mtg_7.jpg_710x360_1d4c89b1.jpg〇https://qimgs.qunarzz.com/piao_qsight_provider_piao_qsight_web/1lo0112000b6ycncj6565_C_900_504_Q90_Mtg_7.jpg_710x360_d18d7746.jpg〇https://qimgs.qunarzz.com/piao_qsight_provider_piao_qsight_web/1lo2o12000b6yclp28ECB_C_900_504_Q90_Mtg_7.jpg_710x360_9f2c4d0a.jpg〇https://qimgs.qunarzz.com/piao_qsight_provider_piao_qsight_web/1lo2t12000b6ycnwl8AF5_C_900_504_Q90_Mtg_7.png_710x360_1127ac18.png〇https://qimgs.qunarzz.com/piao_qsight_provider_piao_qsight_web/1lo4512000b6ychixCEC5_C_900_504_Q90_Mtg_7.png_710x360_66cd1093.png〇https://qimgs.qunarzz.com/piao_qsight_provider_piao_qsight_web/1lo5b12000b6ycmp304C8_C_900_504_Q90_Mtg_7.jpg_710x360_8ef02dc0.jpg,"{""ret"": true, ""data"": {""tagList"": [{""tagType"": 0, ""tagScore"": 5, ""tagNum"": 0, ""tagName"": ""\u5168\u90e8""}], ""score"": 0.0, ""commentCount"": 0}, ""statusCode"": 200}"
溪里颂温泉,https://qimgs.qunarzz.com/piao_qsight_provider_piao_qsight_web/1lo3r12000d35u9haAC92_C_900_504.jpg_280x200_1cfafa15.jpg,韶关市,曲江区,广东省韶关市曲江区大塘镇汤溪村委会旁边,-1,-1.0,N/A,https://piao.qunar.com/ticket/detail_1601698508.html?st=a3clM0QlRTYlOUIlQjIlRTYlQjElOUYlRTUlOEMlQkElMjZpZCUzRDUyNzA0MCUyNnR5cGUlM0QwJTI2aWR4JTNEMTMlMjZxdCUzRCUyNmFwayUzRDIlMjZzYyUzRFdXVyUyNnVyJTNEJUU0JUI4JUFEJUU1JUIxJUIxJTI2bHIlM0QlRTQlQjglQUQlRTUlQjElQjElMjZmdCUzRCU3QiU3RA%3D%3D#from=mpl_search_suggest,48.0,N/A,N/A,1/1-12/31；周一至周日；09:00-23:59开园；（23:00停止入园）,https://qimgs.qunarzz.com/piao_qsight_provider_piao_qsight_web/1lo3r12000d35u9haAC92_C_900_504.jpg_710x360_01362235.jpg〇https://qimgs.qunarzz.com/piao_qsight_provider_piao_qsight_web/1lo3012000d35tq6n45C2_C_900_504_Q90_Mtg_7.jpg_710x360_3946dc86.jpg〇https://qimgs.qunarzz.com/piao_qsight_provider_piao_qsight_web/1lo4212000d35uros4283_C_900_504_Q90_Mtg_7.jpg_710x360_ee1fdee5.jpg〇https://qimgs.qunarzz.com/piao_qsight_provider_piao_qsight_web/1lo5o12000d35tjxi3746_C_900_504_Q90_Mtg_7.jpg_710x360_df17c9bd.jpg〇https://qimgs.qunarzz.com/piao_qsight_provider_piao_qsight_web/1lo4q12000d35tlhe5C36_C_900_504_Q90_Mtg_7.jpg_710x360_eb56ac44.jpg〇https://qimgs.qunarzz.com/piao_qsight_provider_piao_qsight_web/1lo3k12000d35ud93DA0A_C_900_504_Q90_Mtg_7.jpg_710x360_deb81443.jpg〇https://qimgs.qunarzz.com/piao_qsight_provider_piao_qsight_web/1lo3r12000d35u9haAC92_C_900_504_Q90_Mtg_7.jpg_710x360_560eaf8b.jpg,"{""ret"": true, ""data"": {""tagList"": [{""tagType"": 0, ""tagScore"": 5, ""tagNum"": 0, ""tagName"": ""\u5168\u90e8""}], ""score"": 0.0, ""commentCount"": 0}, ""statusCode"": 200}"
汤溪清河温泉,https://qimgs.qunarzz.com/piao_qsight_provider_piao_qsight_web/1lo6s12000d35tc088957_C_900_504.jpg_280x200_2e2a7c57.jpg,韶关市,曲江区,韶关市曲江区大塘镇汤溪村24号,-1,-1.0,N/A,https://piao.qunar.com/ticket/detail_4080794350.html?st=a3clM0QlRTYlOUIlQjIlRTYlQjElOUYlRTUlOEMlQkElMjZpZCUzRDUyNzAyNyUyNnR5cGUlM0QwJTI2aWR4JTNEMTIlMjZxdCUzRCUyNmFwayUzRDIlMjZzYyUzRFdXVyUyNnVyJTNEJUU0JUI4JUFEJUU1JUIxJUIxJTI2bHIlM0QlRTQlQjglQUQlRTUlQjElQjElMjZmdCUzRCU3QiU3RA%3D%3D#from=mpl_search_suggest,39.9,N/A,N/A,1/1-12/31；周一至周日；09:00-23:59开园；（23:00停止入园）,https://qimgs.qunarzz.com/piao_qsight_provider_piao_qsight_web/1lo6s12000d35tc088957_C_900_504.jpg_710x360_13bfde84.jpg〇https://qimgs.qunarzz.com/piao_qsight_provider_piao_qsight_web/1lo4o12000d35tyn05912_C_900_504_Q90_Mtg_7.jpg_710x360_25454a7d.jpg〇https://qimgs.qunarzz.com/piao_qsight_provider_piao_qsight_web/1lo1512000d35tkg31FF0_C_900_504_Q90_Mtg_7.jpg_710x360_a045a964.jpg〇https://qimgs.qunarzz.com/piao_qsight_provider_piao_qsight_web/1lo1112000d35u0tmF70C_C_900_504_Q90_Mtg_7.jpg_710x360_34f0b5cb.jpg〇https://qimgs.qunarzz.com/piao_qsight_provider_piao_qsight_web/1lo4912000d35t0b14300_C_900_504_Q90_Mtg_7.jpg_710x360_96bfbbd5.jpg〇https://qimgs.qunarzz.com/piao_qsight_provider_piao_qsight_web/1lo1q12000d35t4301FB1_C_900_504_Q90_Mtg_7.jpg_710x360_0f30ff81.jpg〇https://qimgs.qunarzz.com/piao_qsight_provider_piao_qsight_web/1lo3w12000d35t11t191B_C_900_504_Q90_Mtg_7.jpg_710x360_1b192374.jpg〇https://qimgs.qunarzz.com/piao_qsight_provider_piao_qsight_web/1lo1y12000d35tjun9F01_C_900_504_Q90_Mtg_7.jpg_710x360_0afb1968.jpg〇https://qimgs.qunarzz.com/piao_qsight_provider_piao_qsight_web/1lo0312000d35t0id4878_C_900_504_Q90_Mtg_7.jpg_710x360_83cc4011.jpg〇https://qimgs.qunarzz.com/piao_qsight_provider_piao_qsight_web/1lo3m12000d35u9f17F73_C_900_504_Q90_Mtg_7.jpg_710x360_e91ab6ec.jpg〇https://qimgs.qunarzz.com/piao_qsight_provider_piao_qsight_web/1lo6s12000d35tc088957_C_900_504_Q90_Mtg_7.jpg_710x360_dbff0273.jpg,"{""ret"": true, ""data"": {""tagList"": [{""tagType"": 0, ""tagScore"": 5, ""tagNum"": 0, ""tagName"": ""\u5168\u90e8""}], ""score"": 0.0, ""commentCount"": 0}, ""statusCode"": 200}"
汤溪汤泉谷温泉,https://qimgs.qunarzz.com/piao_qsight_provider_piao_qsight_web/1lo4a12000gvkdpu4BD6E_C_900_504.jpg_280x200_a508048e.jpg,韶关市,曲江区,韶关市曲江区大塘镇汤溪村委会马头引村,-1,-1.0,N/A,https://piao.qunar.com/ticket/detail_3653271938.html?st=a3clM0QlRTYlOUIlQjIlRTYlQjElOUYlRTUlOEMlQkElMjZpZCUzRDUzODg3MiUyNnR5cGUlM0QwJTI2aWR4JTNEMTElMjZxdCUzRCUyNmFwayUzRDIlMjZzYyUzRFdXVyUyNnVyJTNEJUU0JUI4JUFEJUU1JUIxJUIxJTI2bHIlM0QlRTQlQjglQUQlRTUlQjElQjElMjZmdCUzRCU3QiU3RA%3D%3D#from=mpl_search_suggest,29.9,N/A,N/A,1/1-12/31；周一至周日；09:00-23:30开园；（23:00停止入园）,https://qimgs.qunarzz.com/piao_qsight_provider_piao_qsight_web/1lo4a12000gvkdpu4BD6E_C_900_504.jpg_710x360_9ea831db.jpg〇https://qimgs.qunarzz.com/piao_qsight_provider_piao_qsight_web/1lo6x12000gvkaorsD7BD_C_900_504_Q90_Mtg_7.jpg_710x360_b54f72cf.jpg〇https://qimgs.qunarzz.com/piao_qsight_provider_piao_qsight_web/1lo3s12000gvkbkks7BDA_C_900_504_Q90_Mtg_7.jpg_710x360_0a2351b9.jpg〇https://qimgs.qunarzz.com/piao_qsight_provider_piao_qsight_web/1lo1012000gvke6zi80A1_C_900_504_Q90_Mtg_7.jpg_710x360_64fc634b.jpg〇https://qimgs.qunarzz.com/piao_qsight_provider_piao_qsight_web/1lo6u12000gvkfql11C9D_C_900_504_Q90_Mtg_7.jpg_710x360_c6dfd17d.jpg〇https://qimgs.qunarzz.com/piao_qsight_provider_piao_qsight_web/1lo1o12000gvk90ny577D_C_900_504_Q90_Mtg_7.jpg_710x360_8673ea57.jpg〇https://qimgs.qunarzz.com/piao_qsight_provider_piao_qsight_web/1lo4a12000gvkdpu4BD6E_C_900_504_Q90_Mtg_7.jpg_710x360_a5b08a1e.jpg,"{""ret"": true, ""data"": {""tagList"": [{""tagType"": 0, ""tagScore"": 5, ""tagNum"": 0, ""tagName"": ""\u5168\u90e8""}], ""score"": 0.0, ""commentCount"": 0}, ""statusCode"": 200}"
汤泉别院露天温泉,https://qimgs.qunarzz.com/piao_qsight_provider_piao_qsight_web/temp62837568179624489310103j1200097zny540365_wmr.jpg_280x200_0e0200dd.jpg,韶关市,曲江区,广东省韶关市曲江区S251,1,5.0,汤泉别院温泉共有3个温泉池，两个小池，一个大池，温泉围着一圈桂花，花香中泡温泉,https://piao.qunar.com/ticket/detail_3060943995.html?st=a3clM0QlRTYlOUIlQjIlRTYlQjElOUYlRTUlOEMlQkElMjZpZCUzRDUxMDExMCUyNnR5cGUlM0QwJTI2aWR4JTNEMTUlMjZxdCUzRCUyNmFwayUzRDIlMjZzYyUzRFdXVyUyNnVyJTNEJUU0JUI4JUFEJUU1JUIxJUIxJTI2bHIlM0QlRTQlQjglQUQlRTUlQjElQjElMjZmdCUzRCU3QiU3RA%3D%3D#from=mpl_search_suggest,-1.0,N/A,汤泉别院温泉共有3个温泉池，两个小池，一个大池，温泉围着一圈桂花，花香中泡温泉,1/1-12/31；周一至周日；09:00-23:59开园；（01:00停止入园）,https://qimgs.qunarzz.com/piao_qsight_provider_piao_qsight_web/temp62837568179624489310103j1200097zny540365_wmr.jpg_710x360_3ddf1702.jpg,"{""ret"": true, ""data"": {""tagList"": [{""tagType"": 1, ""tagScore"": 5, ""tagNum"": 1, ""tagName"": ""\u597d\u8bc4""}, {""tagType"": 0, ""tagScore"": 5, ""tagNum"": 1, ""tagName"": ""\u5168\u90e8""}], ""commentList"": [{""author"": ""\u53bb*\u6237"", ""content"": ""\u7528\u6237\u672a\u70b9\u8bc4\uff0c\u7cfb\u7edf\u9ed8\u8ba4\u597d\u8bc4\u3002"", ""date"": ""2023-11-16"", ""score"": 5, ""commentId"": ""230324207"", ""imgs"": [], ""userNickName"": ""\u53bb*\u6237"", ""replyCityName"": """", ""cityName"": """"}], ""score"": 5.0, ""commentCount"": 1}, ""statusCode"": 200}"
保利狂欢大马戏,https://qimgs.qunarzz.com/piao_qsight_provider_piao_qsight_web/1lo3k12000cpzspmnCA07_C_900_504.jpg_280x200_1d8eedd3.jpg,韶关市,武江区,韶关市武江区百旺中路16号韶关保利广场内,-1,-1.0,N/A,https://piao.qunar.com/ticket/detail_4064413085.html?st=a3clM0QlRTYlQUQlQTYlRTYlQjElOUYlRTUlOEMlQkElMjZpZCUzRDUyNDgyOCUyNnR5cGUlM0QwJTI2aWR4JTNENCUyNnF0JTNEJTI2YXBrJTNEMiUyNnNjJTNEV1dXJTI2dXIlM0QlRTQlQjglQUQlRTUlQjElQjElMjZsciUzRCVFNCVCOCVBRCVFNSVCMSVCMSUyNmZ0JTNEJTdCJTdE#from=mpl_search_suggest,-1.0,N/A,N/A,"演出时间: 每场60分钟，场次时间会根据实际情况有所调整，具体请以现场实际时间为准。
工作日周一至周五暂定晚上2场，19:00、20:30。
周六日和节假日每天五场:11:00、15:00、16:30、19:00、20:30。",https://qimgs.qunarzz.com/piao_qsight_provider_piao_qsight_web/1lo3k12000cpzspmnCA07_C_900_504.jpg_710x360_94da0838.jpg〇https://qimgs.qunarzz.com/piao_qsight_provider_piao_qsight_web/1lo1l12000cpzse0i3E9E_C_900_504_Q90_Mtg_7.jpg_710x360_b24ebfbc.jpg〇https://qimgs.qunarzz.com/piao_qsight_provider_piao_qsight_web/1lo2w12000cpzsmzcBB09_C_900_504_Q90_Mtg_7.jpg_710x360_5f67d239.jpg〇https://qimgs.qunarzz.com/piao_qsight_provider_piao_qsight_web/1lo4b12000cpzsgd179AD_C_900_504_Q90_Mtg_7.jpg_710x360_2d2dfc17.jpg〇https://qimgs.qunarzz.com/piao_qsight_provider_piao_qsight_web/1lo2q12000cpzsbnn9EF3_C_900_504_Q90_Mtg_7.jpg_710x360_fe5246ff.jpg〇https://qimgs.qunarzz.com/piao_qsight_provider_piao_qsight_web/1lo2512000cpzsj9d9172_C_900_504_Q90_Mtg_7.jpg_710x360_b401baab.jpg〇https://qimgs.qunarzz.com/piao_qsight_provider_piao_qsight_web/1lo3k12000cpzspmnCA07_C_900_504_Q90_Mtg_7.jpg_710x360_1044ac27.jpg,"{""ret"": true, ""data"": {""tagList"": [{""tagType"": 0, ""tagScore"": 5, ""tagNum"": 0, ""tagName"": ""\u5168\u90e8""}], ""score"": 0.0, ""commentCount"": 0}, ""statusCode"": 200}"
蓉山古刹,https://imgs.qunarzz.com/sight/p45/201211/05/40dd343e6201f34693835fbb.jpg_280x200_dfa7862d.jpg,韶关市,武江区,广东省韶关市武江区,-1,-1.0,蓉山古刹，位于韶关市区河西约2.5公里处的芙蓉山上。芙蓉山在汉代已很著名，相传当时有个叫康容的道士在此砌灶炼丹，故后世有,https://piao.qunar.com/ticket/detail_4095523339.html?st=a3clM0QlRTYlQUQlQTYlRTYlQjElOUYlRTUlOEMlQkElMjZpZCUzRDQzOTYlMjZ0eXBlJTNEMCUyNmlkeCUzRDMlMjZxdCUzRCUyNmFwayUzRDIlMjZzYyUzRFdXVyUyNnVyJTNEJUU0JUI4JUFEJUU1JUIxJUIxJTI2bHIlM0QlRTQlQjglQUQlRTUlQjElQjElMjZmdCUzRCU3QiU3RA%3D%3D#from=mpl_search_suggest,-1.0,N/A,蓉山古刹，位于韶关市区河西约2.5公里处的芙蓉山上。芙蓉山在汉代已很著名，相传当时有个叫康容的道士在此砌灶炼丹，故后世有“蓉山丹灶”之名，为曲江二十四景之一，后人在康容炼丹处建庵，上书“芙蓉古刹”。蓉山古刹在芙蓉山山腰近顶峰处，始建年代以及历代修缮情况无法考证。但据地方志记载，蓉山古刹在明代*年间曾毁于兵火，后由明僧募修。另外，据现存《重修芙蓉山真武帝殿记》石碑记载，以及壁画上的落款，可知蓉山古刹在康熙三十四年，光绪七年都曾有修缮。但至近代由于长期失修，几近碳圯。1985年，市政府拨款按原貌重新修复了蓉山古刹。修复后蓉山古刹占地面积1200多平方米，建筑面积800平方米，分前殿、正殿、后殿、左右厢房共8间。古刹内外的壁画也大都按原来的痕迹画出。壁画内容大都是有关修身炼丹之事，亦有其它花草山水画。芙蓉山还是一处登高望远的胜地。登上芙蓉山顶远眺，可鸟瞰全城秀丽风光。远望武、浈两水，宛如两条银白色的缎带飘向南方，颇带诗情画意,暂无,https://imgs.qunarzz.com/sight/p45/201211/05/40dd343e6201f34693835fbb.jpg_710x360_a0532b23.jpg,"{""ret"": true, ""data"": {""tagList"": [{""tagType"": 0, ""tagScore"": 5, ""tagNum"": 0, ""tagName"": ""\u5168\u90e8""}], ""score"": 0.0, ""commentCount"": 0}, ""statusCode"": 200}"
情侣峡竹筏漂游,https://mp-piao-admincp.qunarzz.com/mp_piao_admin_mp_piao_admin/admin/20217/30d54820c6727b9958d585769ab3c5c2.png_280x200_7ef61cce.png,韶关市,乳源瑶族自治县,广东省韶关市乳源瑶族自治县洛阳镇仙门奇峡景区内,-1,-1.0,仙门奇峡旅游风景区属南方罕见的地裂地貌，是南岭山脉核心景区之一；是一个融文化科教、运动娱乐、旅游观光、研学旅行、休闲养生,https://piao.qunar.com/ticket/detail_199284732.html?st=a3clM0QlRTQlQjklQjMlRTYlQkElOTAlRTclOTElQjYlRTYlOTclOEYlRTglODclQUElRTYlQjIlQkIlRTUlOEUlQkYlMjZpZCUzRDUwOTY2MyUyNnR5cGUlM0QwJTI2aWR4JTNEMjglMjZxdCUzRCUyNmFwayUzRDIlMjZzYyUzRFdXVyUyNnVyJTNEJUU0JUI4JUFEJUU1JUIxJUIxJTI2bHIlM0QlRTQlQjglQUQlRTUlQjElQjElMjZmdCUzRCU3QiU3RA%3D%3D#from=mpl_search_suggest,-1.0,N/A,仙门奇峡旅游风景区属南方罕见的地裂地貌，是南岭山脉核心景区之一；是一个融文化科教、运动娱乐、旅游观光、研学旅行、休闲养生、康养度假为一体的多元化的旅游度假景区。目前景区正积极创建国家AAAA级景区集群，打造韶关乃至华南地区一张亮丽的新名片。,9:00-17:30，最晚入园时间:16:30。,https://mp-piao-admincp.qunarzz.com/mp_piao_admin_mp_piao_admin/admin/20217/30d54820c6727b9958d585769ab3c5c2.png_710x360_c2302e12.png,"{""ret"": true, ""data"": {""tagList"": [{""tagType"": 0, ""tagScore"": 5, ""tagNum"": 0, ""tagName"": ""\u5168\u90e8""}], ""score"": 0.0, ""commentCount"": 0}, ""statusCode"": 200}"
南雄市三佳农业公园,https://qimgs.qunarzz.com/piao_qsight_provider_piao_qsight_web/CghzflW7H_iATdynAAA-FlXAIeA738_C_900_504.jpg_280x200_e742c64d.jpg,韶关市,南雄市,广东省韶关市南雄市珠玑镇三佳村,-1,-1.0,N/A,https://piao.qunar.com/ticket/detail_2892629025.html?st=a3clM0QlRTUlOEQlOTclRTklOUIlODQlRTUlQjglODIlMjZpZCUzRDUzNTAyMiUyNnR5cGUlM0QwJTI2aWR4JTNEMTklMjZxdCUzRCUyNmFwayUzRDIlMjZzYyUzRFdXVyUyNnVyJTNEJUU0JUI4JUFEJUU1JUIxJUIxJTI2bHIlM0QlRTQlQjglQUQlRTUlQjElQjElMjZmdCUzRCU3QiU3RA%3D%3D#from=mpl_search_suggest,-1.0,N/A,N/A,暂无,https://qimgs.qunarzz.com/piao_qsight_provider_piao_qsight_web/CghzflW7H_iATdynAAA-FlXAIeA738_C_900_504.jpg_710x360_a48badde.jpg,"{""ret"": true, ""data"": {""tagList"": [{""tagType"": 0, ""tagScore"": 5, ""tagNum"": 0, ""tagName"": ""\u5168\u90e8""}], ""score"": 0.0, ""commentCount"": 0}, ""statusCode"": 200}"
钟鼓岩,https://imgs.qunarzz.com/sight/p16/201211/06/0b1d954a8a2c527393835fbb.jpg_280x200_9befaea2.jpg,韶关市,南雄市,韶关市南雄市323国道,-1,-1.0,与梅关相望，为梅岭胜景之一,https://piao.qunar.com/ticket/detail_4079659482.html?st=a3clM0QlRTUlOEQlOTclRTklOUIlODQlRTUlQjglODIlMjZpZCUzRDk1ODYlMjZ0eXBlJTNEMCUyNmlkeCUzRDE4JTI2cXQlM0QlMjZhcGslM0QyJTI2c2MlM0RXV1clMjZ1ciUzRCVFNCVCOCVBRCVFNSVCMSVCMSUyNmxyJTNEJUU0JUI4JUFEJUU1JUIxJUIxJTI2ZnQlM0QlN0IlN0Q%3D#from=mpl_search_suggest,-1.0,N/A,"钟鼓岩原称翠屏山，位于南雄城北27公里处，国道323线旁，与梅关相望，为梅岭胜景之一。钟鼓岩方圆周1公里，高60多米，内有两个岩洞，一名为钟岩，洞内悬吊巨石形状如钟，击之，声如钟鸣；一名为鼓岩，洞内一石如大鼓，击之，声如鼓响。两岩合称为钟鼓岩,钟鼓岩一片翠绿，风景如画。由于它座落在梅岭脚下，是梅岭古道的必经之地，因此其开发历史悠久，岩洞内外留下了许多名流的墨宝诗句。岩上石壁刻的“石福洞”三个大字，据说是吕洞宾所书。北宋大文学家苏轼被贬岭南获赦北归路过这里，时年63岁，他在梅岭驿道旁一茶店与店主攀谈中，触景生情，故赠诗一首：“鹤骨霜鬓心已灰，青朽合抱手亲栽。问翁大庚岭头住，曾见南迁几个回？”当晚，苏东坡投宿于钟鼓岩，与洞真观的道人一同去游览翠屏山，并为八仙洞题了“诸仙岩”三字,钟鼓岩不仅洞内景观奇特，而且洞外岩石也奇形怪状。岩上建有六亭，分别为：补梅亭、倚翠7亭、迎曦亭、拱北亭、崆峒亭和望梅亭。",具体营业状态以当天开放情况为准。,https://imgs.qunarzz.com/sight/p16/201211/06/0b1d954a8a2c527393835fbb.jpg_710x360_155ad11b.jpg〇https://qimgs.qunarzz.com/piao_qsight_provider_piao_qsight_web/83934abd55d29d37.jpg_710x360_33f9b74f.jpg,"{""ret"": true, ""data"": {""tagList"": [{""tagType"": 0, ""tagScore"": 5, ""tagNum"": 0, ""tagName"": ""\u5168\u90e8""}], ""score"": 0.0, ""commentCount"": 0}, ""statusCode"": 200}"
珠矶巷,https://imgs.qunarzz.com/sight/p0/201403/11/2ad2c203d031c60f880dc9e66f904208.jpg_280x200_a26c4a3a.jpg,韶关市,南雄市,广东省韶关市南雄市北9公里,-1,-1.0,珠玑巷位于梅岭与南雄县城之间，唐时为驿站，北宋时已经成为沙角镇，是中原人移居岭南的重要聚居地，也是珠江三角洲居民的发祥地,https://piao.qunar.com/ticket/detail_281031122.html?st=a3clM0QlRTUlOEQlOTclRTklOUIlODQlRTUlQjglODIlMjZpZCUzRDE4OTM1NSUyNnR5cGUlM0QwJTI2aWR4JTNEMTclMjZxdCUzRCUyNmFwayUzRDIlMjZzYyUzRFdXVyUyNnVyJTNEJUU0JUI4JUFEJUU1JUIxJUIxJTI2bHIlM0QlRTQlQjglQUQlRTUlQjElQjElMjZmdCUzRCU3QiU3RA%3D%3D#from=mpl_search_suggest,-1.0,N/A,珠玑巷位于梅岭与南雄县城之间，唐时为驿站，北宋时已经成为沙角镇，是中原人移居岭南的重要聚居地，也是珠江三角洲居民的发祥地和海外无数华侨的祖居。珠玑巷基本保持着古驿道的原貌，巷内分为北门、中街和南门，有3座城门式门楼，总长1公里多，均为明末建筑物。在“珠玑古巷”牌楼西北，有一七层八角形的元代实心石塔，现已经被为广东省重点保护文物。,暂无,https://imgs.qunarzz.com/sight/p0/201403/11/2ad2c203d031c60f880dc9e66f904208.jpg_710x360_0c3eab4b.jpg〇https://qimgs.qunarzz.com/piao_qsight_provider_piao_qsight_web/371b8062ade567a813d303be29e24523.jpg_710x360_faecc292.jpg〇https://qimgs.qunarzz.com/piao_qsight_provider_piao_qsight_web/5dda57ce23bd9c523f762038510de39d.jpg_710x360_6a1d76d3.jpg〇https://qimgs.qunarzz.com/piao_qsight_provider_piao_qsight_web/d2a5bbc37b35651d53ec34e234a19cf1.jpg_710x360_58760816.jpg〇https://qimgs.qunarzz.com/piao_qsight_provider_piao_qsight_web/7b5585f15915d6731d8eccba45aec56d.jpg_710x360_d516751a.jpg〇https://qimgs.qunarzz.com/piao_qsight_provider_piao_qsight_web/c176122cf453f402f15b1f91c6b11cdb.jpg_710x360_b7c0fcff.jpg〇https://qimgs.qunarzz.com/piao_qsight_provider_piao_qsight_web/9a1fc3707dfbb65cacd33fcd88466682.jpg_710x360_558051d8.jpg〇https://qimgs.qunarzz.com/piao_qsight_provider_piao_qsight_web/4efe3e43280592354d4d19d65a430e67.jpg_710x360_e2200759.jpg〇https://qimgs.qunarzz.com/piao_qsight_provider_piao_qsight_web/f401fb985fe9d95bbdc1244859e969e9.jpg_710x360_8979139d.jpg〇https://qimgs.qunarzz.com/piao_qsight_provider_piao_qsight_web/7ac3ab811817987f958cffda0b5e467a.jpg_710x360_2c257752.jpg,"{""ret"": true, ""data"": {""tagList"": [{""tagType"": 0, ""tagScore"": 5, ""tagNum"": 0, ""tagName"": ""\u5168\u90e8""}], ""score"": 0.0, ""commentCount"": 0}, ""statusCode"": 200}"
泉水谷露营基地,https://qimgs.qunarzz.com/piao_qsight_provider_piao_qsight_web/1lo4z12000cefwlvm8918_C_900_504.jpg_280x200_f7d23836.jpg,韶关市,南雄市,广东省韶关市南雄市邓坊镇里源村-泉水谷景区内,-1,-1.0,建有农家休闲中心,https://piao.qunar.com/ticket/detail_314669784.html?st=a3clM0QlRTUlOEQlOTclRTklOUIlODQlRTUlQjglODIlMjZpZCUzRDUzNDc4NyUyNnR5cGUlM0QwJTI2aWR4JTNEMTYlMjZxdCUzRCUyNmFwayUzRDIlMjZzYyUzRFdXVyUyNnVyJTNEJUU0JUI4JUFEJUU1JUIxJUIxJTI2bHIlM0QlRTQlQjglQUQlRTUlQjElQjElMjZmdCUzRCU3QiU3RA%3D%3D#from=mpl_search_suggest,-1.0,N/A,N/A,1/1-12/31；周一至周日；09:00-17:00开园,https://qimgs.qunarzz.com/piao_qsight_provider_piao_qsight_web/1lo4z12000cefwlvm8918_C_900_504.jpg_710x360_cb2fd5ae.jpg〇https://qimgs.qunarzz.com/piao_qsight_provider_piao_qsight_web/1lo5612000cefwq73641C_C_900_504_Q90_Mtg_7.jpg_710x360_c8984269.jpg〇https://qimgs.qunarzz.com/piao_qsight_provider_piao_qsight_web/1lo5412000cefwubvAD4C_C_900_504_Q90_Mtg_7.jpg_710x360_394a3885.jpg〇https://qimgs.qunarzz.com/piao_qsight_provider_piao_qsight_web/1lo3h12000cefwdtsB94E_C_900_504_Q90_Mtg_7.jpg_710x360_c527827f.jpg〇https://qimgs.qunarzz.com/piao_qsight_provider_piao_qsight_web/1lo5d12000cefx0kq783B_C_900_504_Q90_Mtg_7.jpg_710x360_8e3497d5.jpg〇https://qimgs.qunarzz.com/piao_qsight_provider_piao_qsight_web/1lo4i12000cefwwuqA1ED_C_900_504_Q90_Mtg_7.jpg_710x360_2e9d6381.jpg〇https://qimgs.qunarzz.com/piao_qsight_provider_piao_qsight_web/1lo0112000cefwro2E5C1_C_900_504_Q90_Mtg_7.jpg_710x360_483862b0.jpg〇https://qimgs.qunarzz.com/piao_qsight_provider_piao_qsight_web/1lo1d12000cefwr3x1F2E_C_900_504_Q90_Mtg_7.jpg_710x360_eb9f5a1f.jpg〇https://qimgs.qunarzz.com/piao_qsight_provider_piao_qsight_web/1lo6m12000cefwskh950A_C_900_504_Q90_Mtg_7.jpg_710x360_6b72cab4.jpg〇https://qimgs.qunarzz.com/piao_qsight_provider_piao_qsight_web/1lo5d12000cefx0eo31F6_C_900_504_Q90_Mtg_7.jpg_710x360_3c033190.jpg〇https://qimgs.qunarzz.com/piao_qsight_provider_piao_qsight_web/1lo4z12000cefwlvm8918_C_900_504_Q90_Mtg_7.jpg_710x360_c81cfaf1.jpg,"{""ret"": true, ""data"": {""tagList"": [{""tagType"": 0, ""tagScore"": 5, ""tagNum"": 0, ""tagName"": ""\u5168\u90e8""}], ""score"": 0.0, ""commentCount"": 0}, ""statusCode"": 200}"
南水狩猎场,https://imgs.qunarzz.com/sight/p0/201403/11/396a24dbafecc43be3c352f055165fc2.jpg_280x200_ad25459f.jpg,韶关市,乳源瑶族自治县,广东省韶关市乳源县城西南16公里,-1,-1.0,乳源县城西南16公里的南水湖畔，是一家天然狩猎场。猎场内有大小山岭11座，面积达1万多亩200米，山上长满了松树、油桐、,https://piao.qunar.com/ticket/detail_2153891680.html?st=a3clM0QlRTQlQjklQjMlRTYlQkElOTAlRTclOTElQjYlRTYlOTclOEYlRTglODclQUElRTYlQjIlQkIlRTUlOEUlQkYlMjZpZCUzRDE4OTM2MCUyNnR5cGUlM0QwJTI2aWR4JTNEMjclMjZxdCUzRCUyNmFwayUzRDIlMjZzYyUzRFdXVyUyNnVyJTNEJUU0JUI4JUFEJUU1JUIxJUIxJTI2bHIlM0QlRTQlQjglQUQlRTUlQjElQjElMjZmdCUzRCU3QiU3RA%3D%3D#from=mpl_search_suggest,-1.0,N/A,乳源县城西南16公里的南水湖畔，是一家天然狩猎场。猎场内有大小山岭11座，面积达1万多亩200米，山上长满了松树、油桐、竹子等各种灌木，是打野猪和其它飞禽走兽的好地方。狩猎场周围湖光山色，景致优美。在狩猎的同时，可享受山区的好风光，还可以到山林的瑶民家住一天。 南水湖就是南水水库，湖面面积达38平方公里，蓄水量12.5亿立方米，它是一个用用泥土堆成的大型水库，为世界罕见。,暂无,https://imgs.qunarzz.com/sight/p0/201403/11/396a24dbafecc43be3c352f055165fc2.jpg_710x360_6c3cc123.jpg,"{""ret"": true, ""data"": {""tagList"": [{""tagType"": 0, ""tagScore"": 5, ""tagNum"": 0, ""tagName"": ""\u5168\u90e8""}], ""score"": 0.0, ""commentCount"": 0}, ""statusCode"": 200}"
天井山自然科学馆,https://imgs.qunarzz.com/sight/p0/201306/25/9c848afa5d78ff76c8d65eac.jpg_280x200_53502822.jpg,韶关市,乳源瑶族自治县,广东省韶关市乳源瑶族自治县,-1,-1.0,韶关市天井山林场是省级森林公园，占地面积250平方公里，植物和地质资源十分丰富。为了普及有关自然科学知识，天井山林场投入,https://piao.qunar.com/ticket/detail_2767505619.html?st=a3clM0QlRTQlQjklQjMlRTYlQkElOTAlRTclOTElQjYlRTYlOTclOEYlRTglODclQUElRTYlQjIlQkIlRTUlOEUlQkYlMjZpZCUzRDE5MTkwMCUyNnR5cGUlM0QwJTI2aWR4JTNEMjYlMjZxdCUzRCUyNmFwayUzRDIlMjZzYyUzRFdXVyUyNnVyJTNEJUU0JUI4JUFEJUU1JUIxJUIxJTI2bHIlM0QlRTQlQjglQUQlRTUlQjElQjElMjZmdCUzRCU3QiU3RA%3D%3D#from=mpl_search_suggest,-1.0,N/A,韶关市天井山林场是省级森林公园，占地面积250平方公里，植物和地质资源十分丰富。为了普及有关自然科学知识，天井山林场投入290万元，打造了这座包容了自然科学知识，森林生态知识、野生动植物知识、现代林业循环发展等内容的科普场馆600平方米，采用多媒体、声光电等现代手段，增强观众的互动性和参与性。第二期计划开发300多亩土地，建设南岭区域的珍稀植物园。目前该馆被认定为广东省青少年科技教育基地。,暂无,https://imgs.qunarzz.com/sight/p0/201306/25/9c848afa5d78ff76c8d65eac.jpg_710x360_b168bc4c.jpg〇https://qimgs.qunarzz.com/piao_qsight_provider_piao_qsight_web/1045c4b2177ae8d0ffffffffc8d65eac.jpg_710x360_e61c4d7a.jpg,"{""ret"": true, ""data"": {""tagList"": [{""tagType"": 0, ""tagScore"": 5, ""tagNum"": 0, ""tagName"": ""\u5168\u90e8""}], ""score"": 0.0, ""commentCount"": 0}, ""statusCode"": 200}"
狗尾嶂,https://imgs.qunarzz.com/sight/p0/201403/11/dba0dcee0161e8ccada8c517871d3029.jpg_280x200_0fd4ecc0.jpg,韶关市,乳源瑶族自治县,广东省韶关市乳源瑶族自治县,-1,-1.0,狗尾嶂，位于韶关乳源县的大桥镇境内。海拔1680，乃广东第四高峰，位于韶关乳源县的大桥镇境内。是一座完全没被开发过的，原,https://piao.qunar.com/ticket/detail_2625965620.html?st=a3clM0QlRTQlQjklQjMlRTYlQkElOTAlRTclOTElQjYlRTYlOTclOEYlRTglODclQUElRTYlQjIlQkIlRTUlOEUlQkYlMjZpZCUzRDE4OTM1MiUyNnR5cGUlM0QwJTI2aWR4JTNEMjUlMjZxdCUzRCUyNmFwayUzRDIlMjZzYyUzRFdXVyUyNnVyJTNEJUU0JUI4JUFEJUU1JUIxJUIxJTI2bHIlM0QlRTQlQjglQUQlRTUlQjElQjElMjZmdCUzRCU3QiU3RA%3D%3D#from=mpl_search_suggest,-1.0,N/A,"狗尾嶂，位于韶关乳源县的大桥镇境内。海拔1680，乃广东第四高峰，位于韶关乳源县的大桥镇境内。是一座完全没被开发过的，原始地貌的山，山势俊朗大气，风景壮美迷人。狗尾嶂线路包括多个青云山似的攀岩，象船底顶的 溯溪(溪降),还有遇龙河式的徒步，称得上是户外天堂。",暂无,https://imgs.qunarzz.com/sight/p0/201403/11/dba0dcee0161e8ccada8c517871d3029.jpg_710x360_6499155d.jpg〇https://qimgs.qunarzz.com/piao_qsight_provider_piao_qsight_web/44b0db2fbb866c8265bb81b9c4c85b27.jpg_710x360_1dfab104.jpg〇https://qimgs.qunarzz.com/piao_qsight_provider_piao_qsight_web/c467f6a48c388537.jpg_710x360_7cc3b757.jpg,"{""ret"": true, ""data"": {""tagList"": [{""tagType"": 0, ""tagScore"": 5, ""tagNum"": 0, ""tagName"": ""\u5168\u90e8""}], ""score"": 0.0, ""commentCount"": 0}, ""statusCode"": 200}"
天井山林场,https://imgs.qunarzz.com/sight/p0/1703/11/11b9410c97888528a3.water.jpg_280x200_19122da8.jpg,韶关市,乳源瑶族自治县,广东韶关乳源瑶族自治县天井山林场,-1,-1.0,森林覆盖率达92.1%,https://piao.qunar.com/ticket/detail_893401628.html?st=a3clM0QlRTQlQjklQjMlRTYlQkElOTAlRTclOTElQjYlRTYlOTclOEYlRTglODclQUElRTYlQjIlQkIlRTUlOEUlQkYlMjZpZCUzRDQ2MjQ2MyUyNnR5cGUlM0QwJTI2aWR4JTNEMjQlMjZxdCUzRCUyNmFwayUzRDIlMjZzYyUzRFdXVyUyNnVyJTNEJUU0JUI4JUFEJUU1JUIxJUIxJTI2bHIlM0QlRTQlQjglQUQlRTUlQjElQjElMjZmdCUzRCU3QiU3RA%3D%3D#from=mpl_search_suggest,-1.0,N/A,广东省天井山林场创建于1958年，是广东省林业局直属的生态型自收自支事业单位。据相关资料显示引：该林场曾有人口1597人，经营面积25415.5公顷，其中林业用地面积25293.6公顷，有林地面积23405.7公顷，非林地面积121.9公顷，活立木蓄积量为168万立方米，森林覆盖率达92.1%。2001年，经省编委办核准，林场定为正处级单位，并更名为“广东省天井山林场”。,暂无,https://imgs.qunarzz.com/sight/p0/1703/11/11b9410c97888528a3.water.jpg_710x360_1443fcd6.jpg,"{""ret"": true, ""data"": {""tagList"": [{""tagType"": 0, ""tagScore"": 5, ""tagNum"": 0, ""tagName"": ""\u5168\u90e8""}], ""score"": 0.0, ""commentCount"": 0}, ""statusCode"": 200}"
避暑林庄温泉,https://imgs.qunarzz.com/sight/p0/1702/9c/9c76877fb065ce59a3.water.jpg_280x200_2facc848.jpg,韶关市,乳源瑶族自治县,韶关市南岭国家森林公园境内,-1,-1.0,一流的森林生态养生度假型酒店,https://piao.qunar.com/ticket/detail_470701829.html?st=a3clM0QlRTQlQjklQjMlRTYlQkElOTAlRTclOTElQjYlRTYlOTclOEYlRTglODclQUElRTYlQjIlQkIlRTUlOEUlQkYlMjZpZCUzRDQ2MjM1MSUyNnR5cGUlM0QwJTI2aWR4JTNEMjMlMjZxdCUzRCUyNmFwayUzRDIlMjZzYyUzRFdXVyUyNnVyJTNEJUU0JUI4JUFEJUU1JUIxJUIxJTI2bHIlM0QlRTQlQjglQUQlRTUlQjElQjElMjZmdCUzRCU3QiU3RA%3D%3D#from=mpl_search_suggest,-1.0,N/A,韶关乳源避暑林庄温泉大饭店坐落在广东省韶关市南岭国家森林公园境内，是一家按五星级标准建造的集休闲、度假、养生于一体的四合院形式景区酒店。拥有客房、中餐厅、西餐厅、会议中心、温泉、桑拿等一系列完善的设施设备。中国红的梁柱，金黄色的琉璃瓦；与蓬勃生长的绿植及小桥流水相映，形成一幅金碧辉煌生机盈然的画卷。是集温泉养身、动感游乐、商务会议、休闲旅游于一体的大型综合性度假胜地。,15:30-23:30(景区已暂时停业，具体开放时间详见景区公示)。,https://imgs.qunarzz.com/sight/p0/1702/9c/9c76877fb065ce59a3.water.jpg_710x360_e49a860c.jpg〇https://imgs.qunarzz.com/sight/p0/1702/a3/a3400c222ca08239a3.water.jpg_710x360_9b551c2a.jpg〇https://imgs.qunarzz.com/sight/p0/1702/e1/e183f6ea8bd155bba3.water.jpg_710x360_6527d76b.jpg,"{""ret"": true, ""data"": {""tagList"": [{""tagType"": 0, ""tagScore"": 5, ""tagNum"": 0, ""tagName"": ""\u5168\u90e8""}], ""score"": 0.0, ""commentCount"": 0}, ""statusCode"": 200}"
乳源鸵鸟养殖场,https://imgs.qunarzz.com/sight/p0/201301/16/7a3275f936e901aa93835fbb.jpg_280x200_772db2c9.jpg,韶关市,乳源瑶族自治县,广东省韶关市乳源县,-1,-1.0,鸵鸟寨（养殖场）位于乳源县城东12公里，距云门大觉禅寺7公里，距韶关市区39公里。鸵鸟寨集鸵鸟的孵化、养殖、繁殖、屠宰、,https://piao.qunar.com/ticket/detail_343712107.html?st=a3clM0QlRTQlQjklQjMlRTYlQkElOTAlRTclOTElQjYlRTYlOTclOEYlRTglODclQUElRTYlQjIlQkIlRTUlOEUlQkYlMjZpZCUzRDEwNTA4JTI2dHlwZSUzRDAlMjZpZHglM0QyMiUyNnF0JTNEJTI2YXBrJTNEMiUyNnNjJTNEV1dXJTI2dXIlM0QlRTQlQjglQUQlRTUlQjElQjElMjZsciUzRCVFNCVCOCVBRCVFNSVCMSVCMSUyNmZ0JTNEJTdCJTdE#from=mpl_search_suggest,-1.0,N/A,鸵鸟寨（养殖场）位于乳源县城东12公里，距云门大觉禅寺7公里，距韶关市区39公里。鸵鸟寨集鸵鸟的孵化、养殖、繁殖、屠宰、皮革、羽毛加工、饲料制造及观光旅游，餐饮旅业于一体的三高农业之一部分，总规划占11000亩，目前已拥有届同龄鸵鸟群约2000只.鸵鸟寨生态旅游区由幼鸵区、小鸵区、中鸵区、种鸵区、台湾果园、现采蔬菜区、钓鱼区、儿童游乐区、鸵鸟游乐区、烧烤区、民族文化广场及原野滑草场与渡假别墅区所组成。当你进入鸵鸟寨，沿着生态之路，饱游各区之时，你将置身于刺激又趣味横生与鸵鸟嬉戏的令人难忘的情景之中，而烧烤露营，炊烟袅袅的山野乡村风光，将令你流连忘返。,暂无,https://imgs.qunarzz.com/sight/p0/201301/16/7a3275f936e901aa93835fbb.jpg_710x360_1259fa91.jpg,"{""ret"": true, ""data"": {""tagList"": [{""tagType"": 0, ""tagScore"": 5, ""tagNum"": 0, ""tagName"": ""\u5168\u90e8""}], ""score"": 0.0, ""commentCount"": 0}, ""statusCode"": 200}"
后洞生态园,https://imgs.qunarzz.com/sight/p17/201211/06/1f10ea7548f9f6e393835fbb.jpg_280x200_8f90773e.jpg,韶关市,乐昌市,广东-韶关-乐昌市,-1,-1.0,景色迷人，还有远近闻名的乳姑仙庙,https://piao.qunar.com/ticket/detail_389710299.html?st=a3clM0QlRTQlQjklOTAlRTYlOTglOEMlRTUlQjglODIlMjZpZCUzRDE0NDM3JTI2dHlwZSUzRDAlMjZpZHglM0Q4JTI2cXQlM0QlMjZhcGslM0QyJTI2c2MlM0RXV1clMjZ1ciUzRCVFNCVCOCVBRCVFNSVCMSVCMSUyNmxyJTNEJUU0JUI4JUFEJUU1JUIxJUIxJTI2ZnQlM0QlN0IlN0Q%3D#from=mpl_search_suggest,-1.0,N/A,后洞生态庄园位于乐昌西北郊区5公里处，处于广东省乐昌林场十万亩的林区之中，其地域方圆5公里，集吃、住、玩于一体，景区部分为原始森林，其间瀑布、泉水飞泻，野鸟盘旋，且珍稀植物繁多，景色迷人，还有远近闻名的乳姑仙庙。庄园内设有菜园、果园、水上乐园、儿童乐园，植物科普教育园，还设有篮球场、羽毛球场、烧烤场，钓鱼场，还设有会议室、娱乐室、健身室等。山庄设有餐厅，可接待游客200人，还有客房近百间。山庄是游客休闲、娱乐、健身的好地方，同时也是单位召开各种会议及中小学生科普教育的好去处,暂无,https://imgs.qunarzz.com/sight/p17/201211/06/1f10ea7548f9f6e393835fbb.jpg_710x360_75d9fbc3.jpg,"{""ret"": true, ""data"": {""tagList"": [{""tagType"": 0, ""tagScore"": 5, ""tagNum"": 0, ""tagName"": ""\u5168\u90e8""}], ""score"": 0.0, ""commentCount"": 0}, ""statusCode"": 200}"
龙山温泉龙泉山庄,https://imgs.qunarzz.com/sight/p0/201309/05/5333a8e517b48ceec8d65eac.jpg_280x200_7b4dbb32.jpg,韶关市,乐昌市,广东省韶关市乐昌市廊田镇龙山脚下,-1,-1.0,环境幽雅，层峦滴绿,https://piao.qunar.com/ticket/detail_1559382039.html?st=a3clM0QlRTQlQjklOTAlRTYlOTglOEMlRTUlQjglODIlMjZpZCUzRDE5MjM5NSUyNnR5cGUlM0QwJTI2aWR4JTNENyUyNnF0JTNEJTI2YXBrJTNEMiUyNnNjJTNEV1dXJTI2dXIlM0QlRTQlQjglQUQlRTUlQjElQjElMjZsciUzRCVFNCVCOCVBRCVFNSVCMSVCMSUyNmZ0JTNEJTdCJTdE#from=mpl_search_suggest,-1.0,N/A,龙山温泉位于乐昌市廊田镇的龙山脚下，环境幽雅，层峦滴绿。龙山温泉即龙泉，是乐昌市三龙谷生态旅游区三大分区（龙泉、龙湖、龙谷）之一，位于景区的入口处，距市区14公里，东至世界地质公园、国家AAAA级风景区丹霞山40公里。环境幽雅，层峦滴绿，温泉从石灰岩层裂隙中涌出，水温40摄氏度，泉水清澈透明无异味，温泉泉水属碳酸型，低矿度、低钠高碳、酸钙钠型、偏硅酸温泉水，含重碳酸，钠、钙、镁、钾、铁等十多种元素，日出水量为2000立方米，水温在40-42℃。现建有别墅式客房，温泉水疗室，龙山野味餐厅，娱乐歌舞厅、KTV房、按摩房，会议室及健身房等。温泉浴池分中、高档、豪华三个档次，露天与室内浴池相结合，环境幽雅，配套旅游服务设施齐全，是您休闲度假旅游的理想目的地。,暂无,https://imgs.qunarzz.com/sight/p0/201309/05/5333a8e517b48ceec8d65eac.jpg_710x360_92532634.jpg〇https://imgs.qunarzz.com/sight/p0/201309/05/3345772bdd4f4f89c8d65eac.jpg_710x360_3756ce63.jpg〇https://imgs.qunarzz.com/sight/p0/201309/05/9681d0b0677023a9c8d65eac.jpg_710x360_688f661f.jpg〇https://imgs.qunarzz.com/sight/p0/201309/05/e5ff58c57da6c8c3c8d65eac.jpg_710x360_77182fb0.jpg〇https://imgs.qunarzz.com/sight/p0/201309/05/e2ce3e8b36bf12e6c8d65eac.jpg_710x360_9a731856.jpg〇https://imgs.qunarzz.com/sight/p0/201309/05/546d53fde5663a9bc8d65eac.jpg_710x360_0546e45f.jpg,"{""ret"": true, ""data"": {""tagList"": [{""tagType"": 0, ""tagScore"": 5, ""tagNum"": 0, ""tagName"": ""\u5168\u90e8""}], ""score"": 0.0, ""commentCount"": 0}, ""statusCode"": 200}"
丽宫南山花世界,https://imgs.qunarzz.com/sight/p0/1604/4e/4e1160341e92165f90.water.jpg_280x200_619285b7.jpg,韶关市,乳源瑶族自治县,广东省韶关乳源县候公渡乳城镇青岗,76,4.4,仿佛上帝一不小心打翻了调色盘,https://piao.qunar.com/ticket/detail_2201372593.html?st=a3clM0QlRTQlQjklQjMlRTYlQkElOTAlRTclOTElQjYlRTYlOTclOEYlRTglODclQUElRTYlQjIlQkIlRTUlOEUlQkYlMjZpZCUzRDQ1ODczMyUyNnR5cGUlM0QwJTI2aWR4JTNEMTUlMjZxdCUzRCUyNmFwayUzRDIlMjZzYyUzRFdXVyUyNnVyJTNEJUU0JUI4JUFEJUU1JUIxJUIxJTI2bHIlM0QlRTQlQjglQUQlRTUlQjElQjElMjZmdCUzRCU3QiU3RA%3D%3D#from=mpl_search_suggest,-1.0,N/A,在这里，花不再是梦幻，一簇簇，一团团，一片片，仿佛上帝一不小心打翻了调色盘，把五彩的颜料洒落至丽宫。丽宫南山花田定于4月23日开园，期间有波斯菊、格桑花、蓝色妖姬花种类，花期至6月15日。,10:00-17:00，每年花期时间不定，以景区实际开放日期为准。,https://imgs.qunarzz.com/sight/p0/1604/4e/4e1160341e92165f90.water.jpg_710x360_6daa62c6.jpg〇https://imgs.qunarzz.com/sight/p0/1604/82/82d05f6cc4c4083490.water.jpg_710x360_2d810dda.jpg〇https://imgs.qunarzz.com/sight/p0/1604/35/35054807eb66b4a690.water.jpg_710x360_6f3e4f11.jpg〇https://imgs.qunarzz.com/sight/p0/1604/67/6746c61cd69f644890.water.jpg_710x360_31fc2a11.jpg〇https://qimgs.qunarzz.com/piao_qsight_provider_piao_qsight_web/433ff76a2be28a02.jpg_710x360_461c4904.jpg〇https://qimgs.qunarzz.com/piao_qsight_provider_piao_qsight_web/5a28d53843f33702.jpg_710x360_1a48d575.jpg〇https://qimgs.qunarzz.com/piao_qsight_provider_piao_qsight_web/edb41854394cf402.jpg_710x360_908e04f5.jpg〇https://qimgs.qunarzz.com/piao_qsight_provider_piao_qsight_web/3bd00cf8b84fba02.jpg_710x360_5bf57b14.jpg〇https://qimgs.qunarzz.com/piao_qsight_provider_piao_qsight_web/cb3ec87d74f48c02.jpg_710x360_5dab3879.jpg〇https://qimgs.qunarzz.com/piao_qsight_provider_piao_qsight_web/16af623d8bdcde02.jpg_710x360_16ad9c6b.jpg〇https://qimgs.qunarzz.com/piao_qsight_provider_piao_qsight_web/d9d1e9d2b7674102.jpg_710x360_9a7a246c.jpg〇https://qimgs.qunarzz.com/piao_qsight_provider_piao_qsight_web/479a31fd2ff26902.jpg_710x360_a6f28645.jpg〇https://qimgs.qunarzz.com/piao_qsight_provider_piao_qsight_web/6e5aca0981468802.jpg_710x360_93188bd3.jpg〇https://qimgs.qunarzz.com/piao_qsight_provider_piao_qsight_web/06ef18ff95a99402.jpg_710x360_0a22b406.jpg〇https://qimgs.qunarzz.com/piao_qsight_provider_piao_qsight_web/141fed8bf2025e02.jpg_710x360_886bcba1.jpg〇https://qimgs.qunarzz.com/piao_qsight_provider_piao_qsight_web/53ca2b91cf1db602.jpg_710x360_8274c545.jpg〇https://qimgs.qunarzz.com/piao_qsight_provider_piao_qsight_web/9c00e4560d035002.jpg_710x360_d379f74f.jpg〇https://qimgs.qunarzz.com/piao_qsight_provider_piao_qsight_web/c09cc9d92fcb602.jpg_710x360_3833157d.jpg〇https://qimgs.qunarzz.com/piao_qsight_provider_piao_qsight_web/a35889fd8227ea02.jpg_710x360_fc0cd83c.jpg〇https://qimgs.qunarzz.com/piao_qsight_provider_piao_qsight_web/c32f3c4b647b2d02.jpg_710x360_d4ec4b34.jpg〇https://qimgs.qunarzz.com/piao_qsight_provider_piao_qsight_web/3fbd9d6d0a624d02.jpg_710x360_acadcf95.jpg〇https://qimgs.qunarzz.com/piao_qsight_provider_piao_qsight_web/29a0c500b59ad002.jpg_710x360_06a23639.jpg〇https://qimgs.qunarzz.com/piao_qsight_provider_piao_qsight_web/198d80431500e702.jpg_710x360_0014b792.jpg〇https://qimgs.qunarzz.com/piao_qsight_provider_piao_qsight_web/93b75b73557b902.jpg_710x360_e6678ba6.jpg,"{""ret"": true, ""data"": {""tagList"": [{""tagType"": 3, ""tagScore"": 5, ""tagNum"": 1, ""tagName"": ""\u5dee\u8bc4""}, {""tagType"": 2, ""tagScore"": 5, ""tagNum"": 9, ""tagName"": ""\u4e2d\u8bc4""}, {""tagType"": 1, ""tagScore"": 5, ""tagNum"": 66, ""tagName"": ""\u597d\u8bc4""}, {""tagType"": 0, ""tagScore"": 5, ""tagNum"": 76, ""tagName"": ""\u5168\u90e8""}], ""commentList"": [{""author"": ""1*7"", ""content"": ""\u666f\u533a\u67098\u4e2a\u5be8\u5b50\uff0c5\u4e2a\u98ce\u96e8\u6865\u548c2000\u591a\u540a\u811a\u697c\uff0c\u6bcf\u4e2a\u5be8\u5b50\u90fd\u5927\u540c\u5c0f\u5f02\uff0c\u7528\u6865\u8fde\u63a5\uff0c\u8fd9\u6b21\u53bb\u90fd\u5728\u5efa\u8bbe\uff0c\u89c4\u5212\u4e0d\u597d\uff0c\u6574\u4f53\u642d\u914d\u4e0d\u4f73\uff01\u6bcf\u5929\u67092\u573a\u4f97\u65cf\u98ce\u60c5\u8868\u6f14\uff0c\u8fd8\u662f\u4e0d\u9519\u7684"", ""date"": ""2017-04-25"", ""score"": 4, ""commentId"": ""204972311"", ""imgs"": [{""small"": ""https://imgs.qunarzz.com/p/tts4/1801/ef/d50e83ba2c713d02.jpg_120x120_186a98b7.jpg"", ""title"": """", ""big"": ""https://imgs.qunarzz.com/p/tts4/1801/ef/d50e83ba2c713d02.jpg""}, {""small"": ""https://imgs.qunarzz.com/p/tts9/1801/2b/d10bc2a7f560c202.jpg_120x120_32f31682.jpg"", ""title"": """", ""big"": ""https://imgs.qunarzz.com/p/tts9/1801/2b/d10bc2a7f560c202.jpg""}, {""small"": ""https://imgs.qunarzz.com/p/tts6/1801/d9/9bd3e6ecd85c7302.jpg_120x120_b3b210ac.jpg"", ""title"": """", ""big"": ""https://imgs.qunarzz.com/p/tts6/1801/d9/9bd3e6ecd85c7302.jpg""}, {""small"": ""https://imgs.qunarzz.com/p/tts3/1801/9f/7d8eca758f23c102.jpg_120x120_ea545102.jpg"", ""title"": """", ""big"": ""https://imgs.qunarzz.com/p/tts3/1801/9f/7d8eca758f23c102.jpg""}, {""small"": ""https://imgs.qunarzz.com/p/tts7/1801/f6/c94e204d665ae002.jpg_120x120_9bed24ad.jpg"", ""title"": """", ""big"": ""https://imgs.qunarzz.com/p/tts7/1801/f6/c94e204d665ae002.jpg""}, {""small"": ""https://imgs.qunarzz.com/p/tts9/1801/36/94fbc15680248402.jpg_120x120_44e649e4.jpg"", ""title"": """", ""big"": ""https://imgs.qunarzz.com/p/tts9/1801/36/94fbc15680248402.jpg""}], ""userNickName"": ""1*7"", ""replyCityName"": """", ""cityName"": """"}, {""author"": ""w*i"", ""content"": ""\u8fd9\u4ec0\u4e48\u5730\u65b9\uff0c\u662f\u4e3d\u5bab\u5417\uff1f"", ""date"": ""2018-05-29"", ""score"": 1, ""commentId"": ""206329162"", ""imgs"": [], ""userNickName"": ""w*i"", ""replyCityName"": """", ""cityName"": """"}, {""author"": ""c*j"", ""content"": ""\u603b\u4f53\u4e0d\u9519\uff0c\u4f46\u6ca1\u6709\u671f\u671b\u7684\u90a3\u4e48\u597d\u3002\u623f\u4ef7\u6709\u4e9b\u8fc7\u9ad8\uff0c\u666f\u533a\u6709\u70b9\u5c0f\u4e71\uff0c\u516b\u5be8\u5dee\u5f02\u6027\u4e0d\u660e\u663e\uff0c\u6c11\u65cf\u7279\u8272\u4e0d\u662f\u7279\u522b\u7a81\u51fa\u3002\u548c\u5e7f\u897f\u5176\u4ed6\u5730\u65b9\u7684\u540a\u811a\u697c\u3001\u98ce\u96e8\u6865\u6751\u5be8\u5dee\u522b\u4e0d\u5927\u3002\u53ef\u4ee5\u53bb\uff0c\u4e0d\u5efa\u8bae\u591a\u53bb"", ""date"": ""2017-03-30"", ""score"": 4, ""commentId"": ""204934729"", ""imgs"": [{""small"": ""https://imgs.qunarzz.com/p/tts2/1801/bf/18eba29e0587ac02.jpg_120x120_f85bccff.jpg"", ""title"": """", ""big"": ""https://imgs.qunarzz.com/p/tts2/1801/bf/18eba29e0587ac02.jpg""}, {""small"": ""https://imgs.qunarzz.com/p/tts3/1801/de/1ce9a2ff72e88c02.jpg_120x120_b5103d07.jpg"", ""title"": """", ""big"": ""https://imgs.qunarzz.com/p/tts3/1801/de/1ce9a2ff72e88c02.jpg""}, {""small"": ""https://imgs.qunarzz.com/p/tts7/1801/59/aa7c75dbb7b50302.jpg_120x120_6e3c438b.jpg"", ""title"": """", ""big"": ""https://imgs.qunarzz.com/p/tts7/1801/59/aa7c75dbb7b50302.jpg""}, {""small"": ""https://imgs.qunarzz.com/p/tts0/1801/1c/1413d9635e0a4602.jpg_120x120_18a9292b.jpg"", ""title"": """", ""big"": ""https://imgs.qunarzz.com/p/tts0/1801/1c/1413d9635e0a4602.jpg""}, {""small"": ""https://imgs.qunarzz.com/p/tts8/1801/5a/4f46db47c1b95702.jpg_120x120_305f7e33.jpg"", ""title"": """", ""big"": ""https://imgs.qunarzz.com/p/tts8/1801/5a/4f46db47c1b95702.jpg""}, {""small"": ""https://imgs.qunarzz.com/p/tts3/1801/a7/cc68da06c07f7a02.jpg_120x120_ff7ab778.jpg"", ""title"": """", ""big"": ""https://imgs.qunarzz.com/p/tts3/1801/a7/cc68da06c07f7a02.jpg""}], ""userNickName"": ""c*j"", ""replyCityName"": """", ""cityName"": """"}, {""author"": ""M*0"", ""content"": ""50\u5757\u94b1\u95e8\u7968\u8fd8\u662f\u633a\u503c\u7684\uff0c\u7279\u522b\u662f\u6ca1\u6765\u8fc7\u7279\u8272\u5c11\u6570\u6c11\u65cf\u666f\u533a\u7684\uff0c\u5f88\u503c\u5f97\u4e00\u53bb\uff0c\u672c\u4eba\u53bb\u8fc7\u51e4\u51f0\u53e4\u57ce\uff0c\u8fd9\u91cc\u53ef\u4ee5\u5b8c\u5168\u53ef\u4ee5\u8bb2\u662f\u4e61\u6751\u7248\u7684\u51e4\u51f0\u53e4\u57ce\u3002\u9f13\u697c\u548c\u98ce\u96e8\u6865\u7684\u7279\u8272\u5f88\u503c\u5f97\u4e00\u53bb\uff0c\u5c31\u662f\u8fd8\u6709\u86ee\u591a\u5728\u5efa\u7684\u623f\u5b50\u6709\u70b9\u5f71\u54cd\u6574\u4f53\u666f\u89c2\u3002\u53e6\u5916\u5176\u4ed6\u6d3b\u52a8\u9879\u76ee\u611f\u89c9\u5c11\u70b9\u4e86\u3002"", ""date"": ""2017-09-25"", ""score"": 5, ""commentId"": ""204462313"", ""imgs"": [], ""userNickName"": ""M*0"", ""replyCityName"": """", ""cityName"": """"}, {""author"": ""M*1"", ""content"": ""\u72e0\u6c11\u65cf\u7279\u8272\uff0c\u5c31\u662f\u5929\u6c14\u592a\u70ed\uff0c\u7834\u574f\u4e86\u6e38\u73a9\u7684\u5fc3\u60c5\uff0c\u666f\u70b9\u503c\u5f97\u4e00\u73a9"", ""date"": ""2017-08-07"", ""score"": 5, ""commentId"": ""204836484"", ""imgs"": [{""small"": ""https://imgs.qunarzz.com/p/tts6/1712/a8/da307b678cf10702.jpg_120x120_fda9be3c.jpg"", ""title"": """", ""big"": ""https://imgs.qunarzz.com/p/tts6/1712/a8/da307b678cf10702.jpg""}, {""small"": ""https://imgs.qunarzz.com/p/tts0/1712/ff/6638652284c1e002.jpg_120x120_dde0b228.jpg"", ""title"": """", ""big"": ""https://imgs.qunarzz.com/p/tts0/1712/ff/6638652284c1e002.jpg""}, {""small"": ""https://imgs.qunarzz.com/p/tts0/1712/4f/9dffc80850de1502.jpg_120x120_1228648f.jpg"", ""title"": """", ""big"": ""https://imgs.qunarzz.com/p/tts0/1712/4f/9dffc80850de1502.jpg""}, {""small"": ""https://imgs.qunarzz.com/p/tts8/1712/75/2a7139cfab955502.jpg_120x120_a9acecb9.jpg"", ""title"": """", ""big"": ""https://imgs.qunarzz.com/p/tts8/1712/75/2a7139cfab955502.jpg""}, {""small"": ""https://imgs.qunarzz.com/p/tts6/1712/2e/0ff12fc8b8fec102.jpg_120x120_d9b2eec6.jpg"", ""title"": """", ""big"": ""https://imgs.qunarzz.com/p/tts6/1712/2e/0ff12fc8b8fec102.jpg""}], ""userNickName"": ""M*1"", ""replyCityName"": """", ""cityName"": """"}, {""author"": ""M*6"", ""content"": ""\u6211\u4eec\u662f\u4e0b\u53486\u70b9\u591a\u624d\u5230\u7684\uff0c\u672c\u6765\u60f3\u7740\u665a\u4e0a\u53ef\u4ee5\u901b\u4e00\u4e0b\u591c\u665a\u7684\u53e4\u5be8\uff0c\u7ed3\u679c\u521a\u597d\u78b0\u4e0a\u505c\u7535\uff0c\u8fd9\u8fd0\u6c14\u4e5f\u662f\u6ca1\u8c01\u4e86\uff0c\u4e0d\u8fc7\u7b2c\u4e8c\u5929\u5929\u516c\u4f5c\u7f8e\uff0c\u4e0d\u662f\u5f88\u6652\uff0c\u5f88\u9002\u5408\u6e38\u73a9\uff0c\u5be8\u5b50\u91cc\u5efa\u7b51\u8fd8\u662f\u4fdd\u5b58\u7684\u5f88\u539f\u59cb\uff0c\u770b\u4e86\u8868\u6f14\uff0c\u5403\u4e86\u767e\u5bb6\u5bb4\uff0c\u6574\u4f53\u6765\u8bf4\uff0c\u662f\u4e00\u6b21\u6109\u5feb\u7684\u51fa\u884c\u3002"", ""date"": ""2017-08-09"", ""score"": 5, ""commentId"": ""204832820"", ""imgs"": [], ""userNickName"": ""M*6"", ""replyCityName"": """", ""cityName"": """"}, {""author"": ""_*7"", ""content"": ""\u4eba\u4e0d\u591a\uff0c\u4f46\u662f\u5df2\u7ecf\u5546\u4e1a\u5316\u5f88\u591a\u4e86\uff0c\u4e0d\u591f\u539f\u751f\u6001\uff0c\u6709\u70b9\u513f\u7c7b\u4f3c\u9f99\u80dc"", ""date"": ""2017-07-29"", ""score"": 4, ""commentId"": ""204856259"", ""imgs"": [{""small"": ""https://imgs.qunarzz.com/p/tts8/1801/d2/b1a2f1fac4f8f502.jpg_120x120_921ec4b5.jpg"", ""title"": """", ""big"": ""https://imgs.qunarzz.com/p/tts8/1801/d2/b1a2f1fac4f8f502.jpg""}, {""small"": ""https://imgs.qunarzz.com/p/tts3/1801/c6/86f71ab8c1fbb402.jpg_120x120_1589ecbd.jpg"", ""title"": """", ""big"": ""https://imgs.qunarzz.com/p/tts3/1801/c6/86f71ab8c1fbb402.jpg""}, {""small"": ""https://imgs.qunarzz.com/p/tts9/1801/3b/a8677e2d6af22402.jpg_120x120_b461aac3.jpg"", ""title"": """", ""big"": ""https://imgs.qunarzz.com/p/tts9/1801/3b/a8677e2d6af22402.jpg""}, {""small"": ""https://imgs.qunarzz.com/p/tts1/1801/ee/8742ec057d045202.jpg_120x120_22886e85.jpg"", ""title"": """", ""big"": ""https://imgs.qunarzz.com/p/tts1/1801/ee/8742ec057d045202.jpg""}], ""userNickName"": ""_*7"", ""replyCityName"": """", ""cityName"": """"}, {""author"": ""M*0"", ""content"": ""\u8fd8\u4e0d\u9519\uff0c\u548c\u522b\u7684\u53e4\u9547\u5dee\u4e0d\u591a\uff0c\u5546\u4e1a\u6c14\u606f\u6bd4\u8f83\u6d53\uff0c\u4f46\u662f\u8001\u623f\u5b50\u4fdd\u5b58\u7684\u633a\u597d\u3002"", ""date"": ""2017-04-04"", ""score"": 5, ""commentId"": ""205079455"", ""imgs"": [{""small"": ""https://imgs.qunarzz.com/p/tts9/1801/74/a35889fd8227ea02.jpg_120x120_5b47d404.jpg"", ""title"": """", ""big"": ""https://imgs.qunarzz.com/p/tts9/1801/74/a35889fd8227ea02.jpg""}, {""small"": ""https://imgs.qunarzz.com/p/tts1/1801/b3/53ca2b91cf1db602.jpg_120x120_a2dfbbc5.jpg"", ""title"": """", ""big"": ""https://imgs.qunarzz.com/p/tts1/1801/b3/53ca2b91cf1db602.jpg""}, {""small"": ""https://imgs.qunarzz.com/p/tts9/1801/38/141fed8bf2025e02.jpg_120x120_c3c87ee5.jpg"", ""title"": """", ""big"": ""https://imgs.qunarzz.com/p/tts9/1801/38/141fed8bf2025e02.jpg""}, {""small"": ""https://imgs.qunarzz.com/p/tts9/1801/d8/6e5aca0981468802.jpg_120x120_95a98b40.jpg"", ""title"": """", ""big"": ""https://imgs.qunarzz.com/p/tts9/1801/d8/6e5aca0981468802.jpg""}, {""small"": ""https://imgs.qunarzz.com/p/tts6/1801/73/479a31fd2ff26902.jpg_120x120_b1034edc.jpg"", ""title"": """", ""big"": ""https://imgs.qunarzz.com/p/tts6/1801/73/479a31fd2ff26902.jpg""}, {""small"": ""https://imgs.qunarzz.com/p/tts0/1801/64/d9d1e9d2b7674102.jpg_120x120_b5b4fa46.jpg"", ""title"": """", ""big"": ""https://imgs.qunarzz.com/p/tts0/1801/64/d9d1e9d2b7674102.jpg""}], ""userNickName"": ""M*0"", ""replyCityName"": """", ""cityName"": """"}, {""author"": ""\u5f8b*\u4eba"", ""content"": ""\u503c\u5f97\u524d\u5f80\u7684\u5c11\u6570\u6c11\u65cf\u98ce\u666f\u533a\uff0c\u5be8\u91cc\u7684\u4eba\u5f88\u7eaf\u6734\uff0c\u6d88\u8d39\u4e0d\u8d35\uff0c\u5be8\u91cc\u98ce\u666f\u5f88\u4e0d\u9519\uff0c\u503c\u7684\u95e8\u7968\u8d39\u5566\u3002"", ""date"": ""2017-05-05"", ""score"": 5, ""commentId"": ""205114818"", ""imgs"": [{""small"": ""https://imgs.qunarzz.com/p/tts5/1801/57/cb3ec87d74f48c02.jpg_120x120_af6268e0.jpg"", ""title"": """", ""big"": ""https://imgs.qunarzz.com/p/tts5/1801/57/cb3ec87d74f48c02.jpg""}, {""small"": ""https://imgs.qunarzz.com/p/tts1/1801/82/3bd00cf8b84fba02.jpg_120x120_cb30ed48.jpg"", ""title"": """", ""big"": ""https://imgs.qunarzz.com/p/tts1/1801/82/3bd00cf8b84fba02.jpg""}, {""small"": ""https://imgs.qunarzz.com/p/tts7/1801/59/edb41854394cf402.jpg_120x120_1daeeca3.jpg"", ""title"": """", ""big"": ""https://imgs.qunarzz.com/p/tts7/1801/59/edb41854394cf402.jpg""}, {""small"": ""https://imgs.qunarzz.com/p/tts4/1801/43/5a28d53843f33702.jpg_120x120_8772a6ce.jpg"", ""title"": """", ""big"": ""https://imgs.qunarzz.com/p/tts4/1801/43/5a28d53843f33702.jpg""}, {""small"": ""https://imgs.qunarzz.com/p/tts4/1801/fe/433ff76a2be28a02.jpg_120x120_b78e8481.jpg"", ""title"": """", ""big"": ""https://imgs.qunarzz.com/p/tts4/1801/fe/433ff76a2be28a02.jpg""}], ""userNickName"": ""\u5f8b*\u4eba"", ""replyCityName"": """", ""cityName"": """"}, {""author"": ""M*5"", ""content"": ""\u5f92\u6b65\u8d70\u5728\u666f\u533a\u4e2d\uff0c\u4f1a\u8ba9\u4eba\u89c9\u5f97\u8fd9\u91cc\u7684\u4e00\u5207\u90fd\u662f\u90a3\u4e48\u7b80\u5355\u548c\u6df3\u6734\u3002\u6bcf\u4e00\u5904\u5be8\u5b50\u90fd\u6709\u4e0d\u7684\u7279\u70b9\uff0c\u6bcf\u4e00\u5904\u90fd\u662f\u4e00\u9053\u98ce\u666f\u3002\u6709\u4e9b\u8001\u4eba\u8fd8\u4f9d\u7136\u5728\u7528\u7740\u6bd4\u4f20\u7edf\u7684\u65b9\u6cd5\u7ec7\u5e03\uff0c\u6ca1\u6709\u90a3\u4e48\u591a\u73b0\u4ee3\u7684\u75d5\u8ff9\uff0c\u6709\u7684\u53ea\u662f\u53e4\u8001\u7684\u4f20\u7edf\u3002"", ""date"": ""2017-04-14"", ""score"": 5, ""commentId"": ""205042599"", ""imgs"": [{""small"": ""https://imgs.qunarzz.com/p/tts6/1801/95/e0ca2e7c3dcb2402.jpg_120x120_4d1668a1.jpg"", ""title"": """", ""big"": ""https://imgs.qunarzz.com/p/tts6/1801/95/e0ca2e7c3dcb2402.jpg""}, {""small"": ""https://imgs.qunarzz.com/p/tts0/1801/d8/967bb24bb626f302.jpg_120x120_dcdf0d1a.jpg"", ""title"": """", ""big"": ""https://imgs.qunarzz.com/p/tts0/1801/d8/967bb24bb626f302.jpg""}, {""small"": ""https://imgs.qunarzz.com/p/tts7/1801/93/93b75b73557b902.jpg_120x120_3f6e73a4.jpg"", ""title"": """", ""big"": ""https://imgs.qunarzz.com/p/tts7/1801/93/93b75b73557b902.jpg""}], ""userNickName"": ""M*5"", ""replyCityName"": """", ""cityName"": """"}], ""score"": 4.4, ""commentCount"": 76}, ""statusCode"": 200}"
必背瑶寨,https://qimgs.qunarzz.com/piao_qsight_provider_piao_qsight_web/0106h120009d3ro2vF48E_C_900_504.jpg_280x200_b8654826.jpg,韶关市,乳源瑶族自治县,广东省韶关市乳源瑶族自治县X325,22,4.2,寨内群峰滴翠，层峦叠嶂,https://piao.qunar.com/ticket/detail_1343019725.html?st=a3clM0QlRTQlQjklQjMlRTYlQkElOTAlRTclOTElQjYlRTYlOTclOEYlRTglODclQUElRTYlQjIlQkIlRTUlOEUlQkYlMjZpZCUzRDEwNzYxJTI2dHlwZSUzRDAlMjZpZHglM0QxNCUyNnF0JTNEJTI2YXBrJTNEMiUyNnNjJTNEV1dXJTI2dXIlM0QlRTQlQjglQUQlRTUlQjElQjElMjZsciUzRCVFNCVCOCVBRCVFNSVCMSVCMSUyNmZ0JTNEJTdCJTdE#from=mpl_search_suggest,-1.0,N/A,必背瑶寨地处乳源瑶族自治县城东北54公里的崇山峻岭中，距韶关市区56公里。因有小山形如鳖鱼背，故名“鳖背”，由于“鳖”字笔画多难写，讹为“必背”。必背之前16公里处，是黄龙风景区。这里群峰滴翠，层次分明，山水如画，美不胜收。黄龙风景区是石英砂岩的高山峡谷地貌，奇峰、绝壁和怪石形成各种景观，有黄龙、黄凤、神女问金龟、酒壶石、笔架峰等许多奇特的自然景观。必背瑶寨依山而建，有别致的树皮房、竹房，依山临涧的吊角楼别具一格。必背是旅居美国、泰国、法国、缅甸、老挝等地的瑶族发祥地。居住在这里的6千多瑶胞是瑶族的一个分支，属过山瑶。瑶区除瑶语外，客家话也通用。瑶胞穿戴自己刺绣的彩色图案服饰，男女能歌善舞，以山歌传情示爱。他们热情好客，用甘甜的瑶山茶、清香味美的竹壳饭和自制的瑶家水酒待客。游览必背瑶寨，可欣赏美丽的瑶山风光，领略古老而奇特的瑶族风情。,1/1-12/31；周一至周日；8:00-17:30开园,https://qimgs.qunarzz.com/piao_qsight_provider_piao_qsight_web/0106h120009d3ro2vF48E_C_900_504.jpg_710x360_4b42c37f.jpg〇https://qimgs.qunarzz.com/piao_qsight_provider_piao_qsight_web/0106h120009d3ro2vF48E_C_900_504_Q90_Mtg_7.jpg_710x360_e954b912.jpg〇https://imgs.qunarzz.com/sight/p0/201301/16/0634171f486bc09f93835fbb.jpg_710x360_4f07d702.jpg〇https://imgs.qunarzz.com/sight/p0/201301/16/31c2ba8144ce90a593835fbb.jpg_710x360_2bf8ab55.jpg〇https://imgs.qunarzz.com/sight/p0/201301/16/4a742006855997bb93835fbb.jpg_710x360_397584ab.jpg〇https://imgs.qunarzz.com/sight/p0/201301/16/4a5ee695156edbe293835fbb.jpg_710x360_662e5068.jpg〇https://qimgs.qunarzz.com/piao_qsight_provider_piao_qsight_web/fc31bc6dfbc60f.jpg_710x360_73c28d96.jpg〇https://qimgs.qunarzz.com/piao_qsight_provider_piao_qsight_web/1c4e0ba0e9648c.jpg_710x360_c751d128.jpg〇https://qimgs.qunarzz.com/piao_qsight_provider_piao_qsight_web/757586379774b6.jpg_710x360_43475f18.jpg〇https://qimgs.qunarzz.com/piao_qsight_provider_piao_qsight_web/e8d12e903b93ce.jpg_710x360_f8257b83.jpg〇https://qimgs.qunarzz.com/piao_qsight_provider_piao_qsight_web/262c4865ba8914.jpg_710x360_a832b800.jpg〇https://qimgs.qunarzz.com/piao_qsight_provider_piao_qsight_web/6fff251d102e2d.jpg_710x360_dce1a033.jpg〇https://qimgs.qunarzz.com/piao_qsight_provider_piao_qsight_web/38aa10f04187d0.jpg_710x360_8f5ad09e.jpg〇https://qimgs.qunarzz.com/piao_qsight_provider_piao_qsight_web/fc7b044e4aea8837.jpg_710x360_07835329.jpg〇https://qimgs.qunarzz.com/piao_qsight_provider_piao_qsight_web/9aa3ffcdebb34637.jpg_710x360_2fed79d8.jpg,"{""ret"": true, ""data"": {""tagList"": [{""tagType"": 3, ""tagScore"": 5, ""tagNum"": 1, ""tagName"": ""\u5dee\u8bc4""}, {""tagType"": 2, ""tagScore"": 5, ""tagNum"": 3, ""tagName"": ""\u4e2d\u8bc4""}, {""tagType"": 1, ""tagScore"": 5, ""tagNum"": 18, ""tagName"": ""\u597d\u8bc4""}, {""tagType"": 0, ""tagScore"": 5, ""tagNum"": 22, ""tagName"": ""\u5168\u90e8""}], ""commentList"": [{""author"": ""t*8"", ""content"": ""\u662f\u6b3a\u8d1f\u5f00\u8f66\u4e0d\u7528\u94b1\u5417\uff1f\u5f00\u4e86\u534a\u5c0f\u65f6\u4e0a\u5230\u5c71\u5361\u62c9\uff0c\u90fd\u5012\u95ed\u4e86\uff0c\u8fd8\u8ba9\u53bb\uff1f\uff1f"", ""date"": ""2020-08-25"", ""score"": 1, ""commentId"": ""215552382"", ""imgs"": [], ""userNickName"": ""t*8"", ""replyCityName"": """", ""cityName"": """"}, {""author"": ""1*6"", ""content"": ""\u4f4d\u4e8e\u5e7f\u4e1c\u5317\u90e8\u4e73\u6e90\u7476\u65cf\u81ea\u6cbb\u53bf\u5883\u5185\u3002\u8fd9\u91cc\u5c45\u4f4f\u7740\u7476\u65cf\u7684\u4e00\u652f\u2014\u2014\u8fc7\u5c71\u7476\u3002\u5be8\u5b50\u4e2d\u4fdd\u7559\u6709\u53e4\u8001\u7684\u7476\u65cf\u5efa\u7b51\uff0c\u53bb\u8fd9\u91cc\uff0c\u4f60\u80fd\u6b23\u8d4f\u5230\u591a\u59ff\u591a\u5f69\u7684\u7476\u65cf\u98ce\u60c5\u3002"", ""date"": ""2017-09-09"", ""score"": 4, ""commentId"": ""204654626"", ""imgs"": [], ""userNickName"": ""1*6"", ""replyCityName"": """", ""cityName"": """"}, {""author"": ""_*8"", ""content"": ""\u7ecf\u8fc7\u5f00\u53d1\u591a\u5c11\u5931\u53bb\u4e86\u539f\u751f\u6001\u7684\u5473\u9053\uff0c\u730e\u5947\u800c\u5df2"", ""date"": ""2017-10-19"", ""score"": 4, ""commentId"": ""204031947"", ""imgs"": [], ""userNickName"": ""_*8"", ""replyCityName"": """", ""cityName"": """"}, {""author"": ""1*7"", ""content"": ""\u9002\u5408\u4e00\u4e2a\u4eba\u80cc\u5305\u65c5\u884c\uff0c\u91cd\u5728\u611f\u53d7\uff0c\u51a5\u60f3\u3002"", ""date"": ""2017-08-09"", ""score"": 5, ""commentId"": ""204831132"", ""imgs"": [], ""userNickName"": ""1*7"", ""replyCityName"": """", ""cityName"": """"}, {""author"": ""_*6"", ""content"": ""\u5c11\u6570\u6c11\u65cf\u7684\u4e00\u4e2a\u5c45\u4f4f\u5730\uff0c\u4e00\u4e2a\u633a\u6709\u7279\u8272\u7684"", ""date"": ""2017-06-11"", ""score"": 5, ""commentId"": ""204992239"", ""imgs"": [], ""userNickName"": ""_*6"", ""replyCityName"": """", ""cityName"": """"}, {""author"": ""m*8"", ""content"": ""\u5fc5\u80cc\u7476\u5be8\u4e73\u6e90\u5fc5\u80cc\u5927\u5cad\u6751\u6c11\u5bbf\uff0c\u201c\u5c71\u4e0a\u4eba\u5bb6\u201d\u503c\u5f97\u63a8\u8350"", ""date"": ""2017-05-16"", ""score"": 5, ""commentId"": ""205094570"", ""imgs"": [], ""userNickName"": ""m*8"", ""replyCityName"": """", ""cityName"": """"}, {""author"": ""E*7"", ""content"": ""\u5728\u7fe0\u7eff\u7684\u677e\u6749\u6797\u4e2d\uff0c\u5c42\u5c42\u68af\u7530\u7684\u534a\u5c71\u8170\u91cc\uff0c\u63a9\u6620\u7740\u9519\u843d\u6709\u81f4\u3001\u4f9d\u5c71\u800c\u5efa\u7684\u7476\u65cf\u6751\u5be8\uff0c\u7545\u996e\u7740\u7476\u80de\u81ea\u5236\u7684\u82e6\u6851\u9152\uff0c\u6b23\u8d4f\u5230\u7476\u5bb6\u5c0f\u4f19\u5b50\u548c\u7476\u65cf\u59d1\u5a18\u4e3a\u6211\u4eec\u8868\u6f14\u7684\u7476\u65cf\u7af9\u6760\u821e\u3001\u9876\u6760\u3001\u4e30\u6536\u821e\uff0c\u7a7f\u6234\u7476\u80de\u81ea\u5df1\u523a\u7ee3\u7684\u5f69\u8272\u56fe\u6848\u670d\u9970\uff0c\u559d\u4e0a\u7518\u751c\u7684\u7476\u5c71\u8336\uff0c\u5403\u7740\u6e05\u9999\u5473\u7f8e\u7684\u7af9\u58f3\u996d\uff0c\u90a3\u79cd\u611f\u89c9\u5c31\u50cf\u662f\u5728\u4eba\u95f4\u7684\u5f02\u6837"", ""date"": ""2016-10-31"", ""score"": 5, ""commentId"": ""203957081"", ""imgs"": [], ""userNickName"": ""E*7"", ""replyCityName"": """", ""cityName"": """"}, {""author"": ""1*3"", ""content"": ""\u5fc5\u80cc\u7476\u5be8\u5728\u4e73\u6e90\u7476\u65cf\u81ea\u6cbb\u53bf\uff0c\u7eff\u677e\u6811\u6797\u73af\u7ed5\uff0c\u7a3b\u7530\u886c\u6258\u5f97\u7476\u65cf\u6751\u5e84\u522b\u6709\u4e00\u756a\u98ce\u5473\u3002"", ""date"": ""2017-03-25"", ""score"": 4, ""commentId"": ""204959590"", ""imgs"": [], ""userNickName"": ""1*3"", ""replyCityName"": """", ""cityName"": """"}, {""author"": ""M*3"", ""content"": ""\u7476\u5be8\u554a\uff01\u6709\u5f88\u591a\u6c11\u65cf\u7684\u8863\u670d\u7684\u4e1c\u897f\uff01"", ""date"": ""2017-01-28"", ""score"": 5, ""commentId"": ""204934591"", ""imgs"": [], ""userNickName"": ""M*3"", ""replyCityName"": """", ""cityName"": """"}, {""author"": ""M*1"", ""content"": ""\u540d\u6c14\u662f\u6709\uff0c\u4f46\u662f\u4e0d\u503c\u5f97\u53bb\uff0c\u95e8\u7968\u6b7b\u8d35\uff0c\u4e5f\u6ca1\u4ec0\u4e48\u5438\u5f15\u4eba\u7684\u5730\u65b9\uff01"", ""date"": ""2016-12-28"", ""score"": 3, ""commentId"": ""203883509"", ""imgs"": [], ""userNickName"": ""M*1"", ""replyCityName"": """", ""cityName"": """"}], ""score"": 4.2, ""commentCount"": 22}, ""statusCode"": 200}"
浈江,https://qimgs.qunarzz.com/piao_qsight_provider_piao_qsight_web/c519ac4595c8c02.jpg_280x200_fcfc4cfa.jpg,韶关市,南雄市,广东省韶关市南雄市珠江水系北江干流的上游段,1,4.0,浈江，指珠江水系北江干流的上游段，即北江源头江西省信丰县石溪湾，至广东省韶关市沙洲尾以上河段。浈江古称保水、始兴大江，俗,https://piao.qunar.com/ticket/detail_2042297061.html?st=a3clM0QlRTUlOEQlOTclRTklOUIlODQlRTUlQjglODIlMjZpZCUzRDQ2MjcxNiUyNnR5cGUlM0QwJTI2aWR4JTNEMTUlMjZxdCUzRCUyNmFwayUzRDIlMjZzYyUzRFdXVyUyNnVyJTNEJUU0JUI4JUFEJUU1JUIxJUIxJTI2bHIlM0QlRTQlQjglQUQlRTUlQjElQjElMjZmdCUzRCU3QiU3RA%3D%3D#from=mpl_search_suggest,-1.0,N/A,浈江，指珠江水系北江干流的上游段，即北江源头江西省信丰县石溪湾，至广东省韶关市沙洲尾以上河段。浈江古称保水、始兴大江，俗称东河、东江。唐嗣圣元年（684年）在其流上游设浈昌县（现南雄市），改称浈水。流经广东省南雄市、始兴县和韶关市曲江区、浈江区，汇入北江，终点在浈江区沙洲尾（韶关市浈江区环园路南），为北江上游主要干流。浈江全长211公里，集雨总面积7554平方公里[1-2]  。锦江是珠江水系北江里浈江的西源（在南雄市的东源比它长，所以是浈江的主干）。,暂无,https://qimgs.qunarzz.com/piao_qsight_provider_piao_qsight_web/c519ac4595c8c02.jpg_710x360_59cd1b77.jpg,"{""ret"": true, ""data"": {""tagList"": [{""tagType"": 1, ""tagScore"": 5, ""tagNum"": 1, ""tagName"": ""\u597d\u8bc4""}, {""tagType"": 0, ""tagScore"": 5, ""tagNum"": 1, ""tagName"": ""\u5168\u90e8""}], ""commentList"": [{""author"": ""\u7cbe*\u4fa0"", ""content"": ""\u4ffa\u4e0b\u4e86\u8f66\uff0c\u4e00\u8def\u6cbf\u7740\u6d48\u6c5f\u5f80\u9152\u5e97\u8d70\u53bb\uff0c\u987a\u9053\u6e38\u901b\u9762\u79ef\u4e0d\u5927\u7684\u8001\u57ce\u533a\uff0c\u5076\u9047\u4e0d\u5c11\u5e73\u6c11\u7f8e\u98df\uff0c\u6c5f\u897f\u74e6\u7f50\u7168\u6c64\u8336\u6811\u83c7\u6392\u9aa86\u5143\u9999\u751c\uff01\u9e2d\u4ed4\u97628\u5143\u9999\u8fa3\uff01\u7ed3\u679c\u665a\u9910\u90fd\u5403\u4e0d\u4e0b\u4e86\uff01\u53e4\u6995\u96c4\u59ff\u2014\u2014\u8fd9\u68f5\u7acb\u4e8e\u5357\u96c4\u5e02\u6d48\u6c5f\u6865\u5934\u7684\u53e4\u6995\uff0c\u88ab\u5f53\u5730\u4eba\u5f53\u4f5c\u795e\u6811\u819c\u62dc\uff01\u7684\u786e\u82cd\u52b2\u8302\u76db\uff01"", ""date"": ""2017-03-24"", ""score"": 4, ""commentId"": ""200341720"", ""imgs"": [{""small"": ""https://imgs.qunarzz.com/piao/fusion/1703/63/c519ac4595c8c02.jpg_120x120_5fd71832.jpg"", ""title"": """", ""big"": ""https://imgs.qunarzz.com/piao/fusion/1703/63/c519ac4595c8c02.jpg""}], ""userNickName"": ""\u7cbe*\u4fa0"", ""replyCityName"": """", ""cityName"": """"}], ""score"": 4.0, ""commentCount"": 1}, ""statusCode"": 200}"
亚历河漂流,https://imgs.qunarzz.com/sight/p79/201211/03/57128dce3e544c3293835fbb.jpg_280x200_e7e88950.jpg,韶关市,始兴县,广东省韶关市始兴县车八岭自然保护区内,-1,-1.0,亚历河漂流，全程六公里，用时二小时，沿途有10泷5峡21滩，两岸石崖峻峭，树木葱茏，自然风光美不胜收。,https://piao.qunar.com/ticket/detail_266827169.html?st=a3clM0QlRTUlQTclOEIlRTUlODUlQjQlRTUlOEUlQkYlMjZpZCUzRDIzNDAyJTI2dHlwZSUzRDAlMjZpZHglM0Q3JTI2cXQlM0QlMjZhcGslM0QyJTI2c2MlM0RXV1clMjZ1ciUzRCVFNCVCOCVBRCVFNSVCMSVCMSUyNmxyJTNEJUU0JUI4JUFEJUU1JUIxJUIxJTI2ZnQlM0QlN0IlN0Q%3D#from=mpl_search_suggest,-1.0,N/A,亚历河漂流，全程六公里，用时二小时，沿途有10泷5峡21滩，两岸石崖峻峭，树木葱茏，自然风光美不胜收。,暂无,https://imgs.qunarzz.com/sight/p79/201211/03/57128dce3e544c3293835fbb.jpg_710x360_83d8ac6b.jpg,"{""ret"": true, ""data"": {""tagList"": [{""tagType"": 0, ""tagScore"": 5, ""tagNum"": 0, ""tagName"": ""\u5168\u90e8""}], ""score"": 0.0, ""commentCount"": 0}, ""statusCode"": 200}"
花果山温泉度假村,https://imgs.qunarzz.com/sight/p0/201301/11/6ccdbff87d248f3493835fbb.jpg_280x200_ddbc9f9a.jpg,韶关市,始兴县,广东省韶关市始兴县罗坝镇上营村,-1,-1.0,放飞心情、享受自然、怡神健体，度假胜地,https://piao.qunar.com/ticket/detail_1194291468.html?st=a3clM0QlRTUlQTclOEIlRTUlODUlQjQlRTUlOEUlQkYlMjZpZCUzRDM1Mjc4JTI2dHlwZSUzRDAlMjZpZHglM0Q2JTI2cXQlM0QlMjZhcGslM0QyJTI2c2MlM0RXV1clMjZ1ciUzRCVFNCVCOCVBRCVFNSVCMSVCMSUyNmxyJTNEJUU0JUI4JUFEJUU1JUIxJUIxJTI2ZnQlM0QlN0IlN0Q%3D#from=mpl_search_suggest,-1.0,N/A,花果山温泉度假有限公司始建于2004年，由香港汉华集团独资兴建，是集吃、喝、玩、乐、旅游、观光、疗养、度假、休闲、健身为一体的服务性企业，总占地面积23亩（约15300平米），其中绿化面积620平米，建筑面积6520平米、设备。花果山温泉度假村具体接待配套设施：套房60套、大型露天温泉游泳池、中型雅阁露天温泉池、多*能会议厅或卡啦OK厅、餐厅、娱乐设施（设备有全自动麻将、普通麻将、象棋、乒乓球、桌球、蓝球、羽毛球、网球、烧烤、中国秋千、越南网床、网吧、卡啦OK、舞厅等）、保健服务项目（搓背、推盐、中式、泰式、欧式保健按摩，中国古典推拿、头摩、足摩、敲背、捏脚等）。快乐地带、放飞心情、享受自然、怡神健体，花果山欢迎您。,全天开放,https://imgs.qunarzz.com/sight/p0/201301/11/6ccdbff87d248f3493835fbb.jpg_710x360_166cad10.jpg〇https://imgs.qunarzz.com/sight/p0/201301/11/7df6168364becca493835fbb.png_710x360_13a2cc0a.png〇https://imgs.qunarzz.com/sight/p0/201301/11/c80067dae19e7c4493835fbb.png_710x360_2376c882.png〇https://imgs.qunarzz.com/sight/p0/201301/11/cc454a994e4d4c9093835fbb.png_710x360_4036c096.png〇https://imgs.qunarzz.com/sight/p0/201301/11/246476ff6ab2490093835fbb.png_710x360_420e5316.png〇https://imgs.qunarzz.com/sight/p0/201301/11/ee4d96b6301f9e9893835fbb.png_710x360_f30b459c.png〇https://imgs.qunarzz.com/sight/p0/201301/11/6af3768d0722a14793835fbb.png_710x360_c719fcc3.png,"{""ret"": true, ""data"": {""tagList"": [{""tagType"": 0, ""tagScore"": 5, ""tagNum"": 0, ""tagName"": ""\u5168\u90e8""}], ""score"": 0.0, ""commentCount"": 0}, ""statusCode"": 200}"
中山公园,https://imgs.qunarzz.com/sight/p97/201211/05/8777e8f172b014d393835fbb.jpg_280x200_34b3d7d7.jpg,韶关市,浈江区,广东省韶关市浈江区,2,4.0,韶关市中山公园位于市中心区，浈江、武江、北江交汇处，总面积约12公顷。公园以中心大道为主轴线，形成了近三万平方米开阔的公,https://piao.qunar.com/ticket/detail_3892081825.html?st=a3clM0QlRTYlQjUlODglRTYlQjElOUYlRTUlOEMlQkElMjZpZCUzRDE0MjMwJTI2dHlwZSUzRDAlMjZpZHglM0QxNCUyNnF0JTNEJTI2YXBrJTNEMiUyNnNjJTNEV1dXJTI2dXIlM0QlRTQlQjglQUQlRTUlQjElQjElMjZsciUzRCVFNCVCOCVBRCVFNSVCMSVCMSUyNmZ0JTNEJTdCJTdE#from=mpl_search_suggest,-1.0,N/A,韶关市中山公园位于市中心区，浈江、武江、北江交汇处，总面积约12公顷。公园以中心大道为主轴线，形成了近三万平方米开阔的公园城市广场。主轴线上建有古典大屋顶琉璃瓦大门，孙中山雕像，音乐喷泉及文艺演出舞台等建筑2万多人。公园沿周边规划了儿童活动区、安静休息区、盆景园、竹园以及水景区五个小区。 公园是孙中山先生1922年5月和1924年9月两次举行誓师大会的会场。园内中山纪念馆珍藏并展览了大批孙中山先生当年在韶活动期间的珍贵史料。由于该园建园历史悠久，园内集中和保留了二十多株古树名木及半枫荷、观 光木、榕树，通过植物造景，近年来又增加了一批园林植物新品种，全园各类园林植物已达二百多种，不但丰富了园林景观，而且向实现生物多样化迈进了一大步。园内的文化广场还是各类文艺活动表演的地方，是韶关市民进行文艺欣赏和交流的重要场所。,暂无,https://imgs.qunarzz.com/sight/p97/201211/05/8777e8f172b014d393835fbb.jpg_710x360_c4f517e6.jpg〇https://qimgs.qunarzz.com/piao_qsight_provider_piao_qsight_web/07a57df253b3da13c8d65eac.jpg_710x360_ae4dfbc9.jpg〇https://qimgs.qunarzz.com/piao_qsight_provider_piao_qsight_web/8209c176a125a1d535edd9654604b302.jpg_710x360_cf68aa41.jpg〇https://qimgs.qunarzz.com/piao_qsight_provider_piao_qsight_web/2879edb845533c.jpg_710x360_b8a2e6b0.jpg〇https://qimgs.qunarzz.com/piao_qsight_provider_piao_qsight_web/71041a3ffaa3a6b5.jpg_710x360_ae833e07.jpg〇https://qimgs.qunarzz.com/piao_qsight_provider_piao_qsight_web/a6b25fe03f39d1b5.jpg_710x360_9d95da47.jpg〇https://qimgs.qunarzz.com/piao_qsight_provider_piao_qsight_web/6859ef8fd844bcb5.jpg_710x360_5b68c352.jpg〇https://qimgs.qunarzz.com/piao_qsight_provider_piao_qsight_web/cd905c474c9a9eb5.jpg_710x360_31593c91.jpg〇https://qimgs.qunarzz.com/piao_qsight_provider_piao_qsight_web/d138c4d0c64034b5.jpg_710x360_e06b0188.jpg〇https://qimgs.qunarzz.com/piao_qsight_provider_piao_qsight_web/eb2d9d111e700cb5.jpg_710x360_ee917b5e.jpg〇https://qimgs.qunarzz.com/piao_qsight_provider_piao_qsight_web/8df52bc7060391b5.jpg_710x360_97402940.jpg〇https://qimgs.qunarzz.com/piao_qsight_provider_piao_qsight_web/bf659a2a0b0eb9b5.jpg_710x360_e01191ff.jpg〇https://qimgs.qunarzz.com/piao_qsight_provider_piao_qsight_web/ee75b40b423149b5.jpg_710x360_b299209c.jpg〇https://qimgs.qunarzz.com/piao_qsight_provider_piao_qsight_web/52f2c8ecb1e680b5.jpg_710x360_cf63ecd7.jpg〇https://qimgs.qunarzz.com/piao_qsight_provider_piao_qsight_web/88f0ae25efb84b5.jpg_710x360_8d297bd6.jpg〇https://qimgs.qunarzz.com/piao_qsight_provider_piao_qsight_web/08f9ae16c811f7b5.jpg_710x360_f6bd912e.jpg〇https://qimgs.qunarzz.com/piao_qsight_provider_piao_qsight_web/bbdf0c3b3d45c4b5.jpg_710x360_e1e44878.jpg〇https://qimgs.qunarzz.com/piao_qsight_provider_piao_qsight_web/b5d0142222d77db5.jpg_710x360_f3413447.jpg〇https://qimgs.qunarzz.com/piao_qsight_provider_piao_qsight_web/eef64ca9cf8ad1b5.jpg_710x360_55f89c65.jpg〇https://qimgs.qunarzz.com/piao_qsight_provider_piao_qsight_web/e6c3c9d96e7bfbb5.jpg_710x360_1ac361fc.jpg〇https://qimgs.qunarzz.com/piao_qsight_provider_piao_qsight_web/1c8b9a220fb1f237.jpg_710x360_d5698b2e.jpg,"{""ret"": true, ""data"": {""tagList"": [{""tagType"": 1, ""tagScore"": 5, ""tagNum"": 2, ""tagName"": ""\u597d\u8bc4""}, {""tagType"": 0, ""tagScore"": 5, ""tagNum"": 2, ""tagName"": ""\u5168\u90e8""}], ""commentList"": [{""author"": ""k*9"", ""content"": ""\u97f6\u5173\u6700\u53e4\u8001\u7684\u4e00\u4e2a\u516c\u56ed\u4e86 \u5728\u5e02\u533a \u516c\u56ed\u91cc\u6563\u6563\u6b65\u6216\u662f\u53bb\u7403\u9986\u6253\u6253\u7403\u8fd8\u662f\u4e0d\u9519\u7684 \u5728\u6bdb\u5bb6\u996d\u5e97\u8fd8\u6709\u4e2a\u516c\u56ed\u51fa\u53e3\u53bb\u6c5f\u8fb9 \u590f\u5929\u665a\u4e0a\u7684\u65f6\u5019\u53bb\u6563\u6b65\u5f88\u8212\u670d \u53ef\u4ee5\u9886\u7565\u97f6\u5173\u6700\u7f8e\u7684\u4e09\u6c5f\u591c\u666f"", ""date"": ""2015-06-11"", ""score"": 4, ""commentId"": ""53605320"", ""imgs"": [{""small"": ""https://imgs.qunarzz.com/piao/fusion/1506/ed/2879edb845533c.jpg_120x120_dbc2def7.jpg"", ""title"": """", ""big"": ""https://imgs.qunarzz.com/piao/fusion/1506/ed/2879edb845533c.jpg""}], ""userNickName"": ""k*9"", ""replyCityName"": """", ""cityName"": """"}, {""author"": ""z*8"", ""content"": ""\u4e2d\u5c71\u516c\u56ed\u662f\u4e2a\u633a\u4e0d\u9519\u7684\u516c\u56ed\uff0c\u91cc\u9762\u6709\u4e9b\u6e38\u4e50\u9879\u76ee\uff0c\u6709\u8db3\u7403\u573a\uff0c\u8fd8\u6709\u5927\u5e7f\u573a\u5468\u672b\u6216\u8282\u5047\u65e5\u4f1a\u6709\u4e9b\u8282\u76ee\u8868\u6f14\u3002"", ""date"": ""2015-07-16"", ""score"": 4, ""commentId"": ""59662551"", ""imgs"": [{""small"": ""https://imgs.qunarzz.com/piao/fusion/1507/7c/b6e19c2023bfb6.png_120x120_63eb1872.png"", ""title"": """", ""big"": ""https://imgs.qunarzz.com/piao/fusion/1507/7c/b6e19c2023bfb6.png""}], ""userNickName"": ""z*8"", ""replyCityName"": """", ""cityName"": """"}], ""score"": 4.0, ""commentCount"": 2}, ""statusCode"": 200}"
拉奇水上乐园,https://imgs.qunarzz.com/sight/p0/1706/26/265b6f478cd988a8a3.img.jpg_280x200_9a710d49.jpg,韶关市,浈江区,广东省韶关市浈江区大学路坳下农场（公交站“坳下站”路口往里2000米）,23,4.4,玩水的无穷乐趣,https://piao.qunar.com/ticket/detail_4089857802.html?st=a3clM0QlRTYlQjUlODglRTYlQjElOUYlRTUlOEMlQkElMjZpZCUzRDQ1OTg3MyUyNnR5cGUlM0QwJTI2aWR4JTNEMTMlMjZxdCUzRCUyNmFwayUzRDIlMjZzYyUzRFdXVyUyNnVyJTNEJUU0JUI4JUFEJUU1JUIxJUIxJTI2bHIlM0QlRTQlQjglQUQlRTUlQjElQjElMjZmdCUzRCU3QiU3RA%3D%3D#from=mpl_search_suggest,-1.0,N/A,拉奇水上乐园拥有大量领先同行的“明星”设施，设备齐全且极具特色：欧洲原装进口，国内乃至亚洲首次引进滑道模拟蛇中王者——眼镜王蛇，绚烂的斑纹、扭曲回旋的立体身形、尽显炫酷时尚，外观极具霸气；玩法创新且充满激情，当游客从其盘绕的身体中回旋而出后，与水流一起急速滑向眼镜王蛇血盆大口中……高速度的震撼体验！除此之外，还有超级造浪池”、“彩虹波浪滑梯”等等。除了各项巅峰玩水设施，水上乐园还有很多适合小朋友玩的设施，悠闲的人造沙滩，在金黄般的沙滩上，柔软而细腻的沙子，碧玉般的海水，孩子们在开心的奔跑；专为家庭设计的宝贝互动池水等，让小朋友充分感受到玩水的无穷乐趣！2016年，拉奇水上世界重新打造了崭新色彩王国，园区内所有热门玩水项目都等您到来，为之惊艳的色彩和愉悦的快感扑面而来！让您和家人忍不住置身其中，畅快游玩。,暂无,https://imgs.qunarzz.com/sight/p0/1706/26/265b6f478cd988a8a3.img.jpg_710x360_86bc31f4.jpg〇https://imgs.qunarzz.com/sight/p0/1607/9a/9a8dea5d1919103cb4.img.jpg_710x360_2ec505b4.jpg〇https://qimgs.qunarzz.com/piao_qsight_provider_piao_qsight_web/5b8bd740d7718a02.jpg_710x360_49f34698.jpg〇https://qimgs.qunarzz.com/piao_qsight_provider_piao_qsight_web/147d3886c2d02302.jpg_710x360_bfa3d581.jpg〇https://qimgs.qunarzz.com/piao_qsight_provider_piao_qsight_web/456921b072ee6102.jpg_710x360_aa40fa06.jpg〇https://qimgs.qunarzz.com/piao_qsight_provider_piao_qsight_web/ef28a6399203ca02.jpg_710x360_8130f315.jpg〇https://qimgs.qunarzz.com/piao_qsight_provider_piao_qsight_web/090d4d5f5f517802.jpg_710x360_8b22d6c2.jpg〇https://qimgs.qunarzz.com/piao_qsight_provider_piao_qsight_web/9ae9d6bce1f05802.jpg_710x360_35202062.jpg,"{""ret"": true, ""data"": {""tagList"": [{""tagType"": 3, ""tagScore"": 5, ""tagNum"": 3, ""tagName"": ""\u5dee\u8bc4""}, {""tagType"": 1, ""tagScore"": 5, ""tagNum"": 20, ""tagName"": ""\u597d\u8bc4""}, {""tagType"": 0, ""tagScore"": 5, ""tagNum"": 23, ""tagName"": ""\u5168\u90e8""}], ""commentList"": [{""author"": ""v*1"", ""content"": ""\u4ef7\u683c\u6709\u4eba\u77e5\u9053\u591a\u5c11\u5417\uff0c\u6211\u60f3\u53bb\u73a9\u73a9\u770b\u8bf6"", ""date"": ""2019-08-04"", ""score"": 5, ""commentId"": ""211429879"", ""imgs"": [], ""userNickName"": ""v*1"", ""replyCityName"": """", ""cityName"": """"}, {""author"": ""f*7"", ""content"": ""\u7528\u6237\u672a\u70b9\u8bc4\uff0c\u7cfb\u7edf\u9ed8\u8ba4\u597d\u8bc4\u3002"", ""date"": ""2018-09-24"", ""score"": 5, ""commentId"": ""207940023"", ""imgs"": [], ""userNickName"": ""f*7"", ""replyCityName"": """", ""cityName"": """"}, {""author"": ""j*4"", ""content"": ""\u7528\u6237\u672a\u70b9\u8bc4\uff0c\u7cfb\u7edf\u9ed8\u8ba4\u597d\u8bc4\u3002"", ""date"": ""2018-09-20"", ""score"": 5, ""commentId"": ""207875191"", ""imgs"": [], ""userNickName"": ""j*4"", ""replyCityName"": """", ""cityName"": """"}, {""author"": ""b*6"", ""content"": ""\u7528\u6237\u672a\u70b9\u8bc4\uff0c\u7cfb\u7edf\u9ed8\u8ba4\u597d\u8bc4\u3002"", ""date"": ""2018-08-21"", ""score"": 5, ""commentId"": ""207284999"", ""imgs"": [], ""userNickName"": ""b*6"", ""replyCityName"": """", ""cityName"": """"}, {""author"": ""u*9"", ""content"": ""\u7528\u6237\u672a\u70b9\u8bc4\uff0c\u7cfb\u7edf\u9ed8\u8ba4\u597d\u8bc4\u3002"", ""date"": ""2018-08-20"", ""score"": 5, ""commentId"": ""207263166"", ""imgs"": [], ""userNickName"": ""u*9"", ""replyCityName"": """", ""cityName"": """"}, {""author"": ""l*4"", ""content"": ""\u4e8c\u5341\u516b\u53f7\u53bb\u7684\uff0c\u770b\u5230\u516c\u4f17\u53f7\u8bf4\u6709\u7535\u97f3\u6d3e\u5bf9\u6155\u540d\u524d\u5f80\uff0c\u6ca1\u60f3\u5230\u8fdb\u53bb\u540e\u770b\u5230\u5165\u56ed\u4eba\u6570\u5c11\u7684\u53ef\u601c\uff0c\u6d3e\u5bf9\u65f6\u95f4\u8bf4\u7684\u4e03\u70b9\u4e00\u76f4\u7b49\u5230\u516b\u70b9\u90fd\u6ca1\u5f00\u59cb\uff0c\u540e\u9762\u95ee\u7684\u5de5\u4f5c\u4eba\u5458\u8bf4\u8fde\u8868\u6f14\u7684\u4eba\u90fd\u6ca1\u6765\uff0c\u72c2\u6655\uff0c\u5fd2\u4e0d\u9760\u8c31\u4e86\uff0c\u8fd8\u8981\u8fc7\u53bb\u7684\u670b\u53cb\u614e\u91cd\u554a"", ""date"": ""2017-08-29"", ""score"": 1, ""commentId"": ""202108898"", ""imgs"": [], ""userNickName"": ""l*4"", ""replyCityName"": """", ""cityName"": """"}, {""author"": ""y*6"", ""content"": ""\u7528\u6237\u672a\u70b9\u8bc4\uff0c\u7cfb\u7edf\u9ed8\u8ba4\u597d\u8bc4\u3002"", ""date"": ""2017-08-29"", ""score"": 5, ""commentId"": ""202093744"", ""imgs"": [], ""userNickName"": ""y*6"", ""replyCityName"": """", ""cityName"": """"}, {""author"": ""y*6"", ""content"": ""\u7528\u6237\u672a\u70b9\u8bc4\uff0c\u7cfb\u7edf\u9ed8\u8ba4\u597d\u8bc4\u3002"", ""date"": ""2017-08-29"", ""score"": 5, ""commentId"": ""202093700"", ""imgs"": [], ""userNickName"": ""y*6"", ""replyCityName"": """", ""cityName"": """"}, {""author"": ""n*1"", ""content"": ""\u7528\u6237\u672a\u70b9\u8bc4\uff0c\u7cfb\u7edf\u9ed8\u8ba4\u597d\u8bc4\u3002"", ""date"": ""2017-08-21"", ""score"": 5, ""commentId"": ""201951007"", ""imgs"": [], ""userNickName"": ""n*1"", ""replyCityName"": """", ""cityName"": """"}, {""author"": ""n*1"", ""content"": ""\u7528\u6237\u672a\u70b9\u8bc4\uff0c\u7cfb\u7edf\u9ed8\u8ba4\u597d\u8bc4\u3002"", ""date"": ""2017-08-21"", ""score"": 5, ""commentId"": ""201950907"", ""imgs"": [], ""userNickName"": ""n*1"", ""replyCityName"": """", ""cityName"": """"}], ""score"": 4.4, ""commentCount"": 23}, ""statusCode"": 200}"
银山高尔夫,https://imgs.qunarzz.com/sight/p0/1502/c6/c637dd97d26113e8.water.jpg_280x200_6e3a9ceb.jpg,韶关市,浈江区,新韶镇韶塘路八公里,-1,-1.0,挥杆竞技高尔夫，品位人生在银山,https://piao.qunar.com/ticket/detail_1150320310.html?st=a3clM0QlRTYlQjUlODglRTYlQjElOUYlRTUlOEMlQkElMjZpZCUzRDE5NzMwMCUyNnR5cGUlM0QwJTI2aWR4JTNEMTIlMjZxdCUzRCUyNmFwayUzRDIlMjZzYyUzRFdXVyUyNnVyJTNEJUU0JUI4JUFEJUU1JUIxJUIxJTI2bHIlM0QlRTQlQjglQUQlRTUlQjElQjElMjZmdCUzRCU3QiU3RA%3D%3D#from=mpl_search_suggest,-1.0,N/A,银山高尔夫俱乐部——韶关学院。松山、湖草，谐和成一幅风景油画，衍生出一种意境——出尘不染；鸟儿细语，看得出的声音；氧离子弥散，呼吸间，轻松自然而然。感悟高尔夫、品鉴与自然共生的坡地建筑，写意人生。18洞高尔夫球场——银山高尔夫俱乐部，是“韶关银山片区”的主题项目之一。该项目是韶关市的重点项目，整个项目设计占地近6000亩，集休闲、度假、商住于一体，包括18洞全松林高尔夫球场、温泉、五星级酒店、景观别墅、高档小区、学校、自然公园以及其他基础配套设施；是粤北首席高尔夫豪宅社区，具有浓烈自然风光特色的世外桃源，集高雅、尊贵、休闲、体育的度假及居家之所。俱乐部崇尚“以人为本”的企业文化及经营管理理念，配合房地产板块的发展、全松林的高品质旅游球场。,具体营业状态需咨询景区。,https://imgs.qunarzz.com/sight/p0/1502/c6/c637dd97d26113e8.water.jpg_710x360_b1ed6893.jpg〇https://imgs.qunarzz.com/sight/p0/1502/9a/9ab78420edfe464f.water.jpg_710x360_88f3a2c4.jpg〇https://imgs.qunarzz.com/sight/p0/1502/f0/f0b69ada6734d651.water.jpg_710x360_b034cf88.jpg〇https://imgs.qunarzz.com/sight/p0/1409/10/cbd09f23747cdfc6ac33d97b24ea16cf.jpg_710x360_6fed2cfd.jpg〇https://qimgs.qunarzz.com/piao_qsight_provider_piao_qsight_web/f016ce4c8121c2f3fdcc39121bdd6269.jpg_710x360_e9c52d22.jpg〇https://qimgs.qunarzz.com/piao_qsight_provider_piao_qsight_web/7d128a9067b49e5cd1714522471ff57d.jpg_710x360_8884a6aa.jpg〇https://qimgs.qunarzz.com/piao_qsight_provider_piao_qsight_web/9e5e98eb7fab5c37.jpg_710x360_048f7a6b.jpg,"{""ret"": true, ""data"": {""tagList"": [{""tagType"": 0, ""tagScore"": 5, ""tagNum"": 0, ""tagName"": ""\u5168\u90e8""}], ""score"": 0.0, ""commentCount"": 0}, ""statusCode"": 200}"
摩树动物庄园,https://qimgs.qunarzz.com/piao_qsight_provider_piao_qsight_web/0106r120009gui18149FC_C_900_504.jpg_280x200_b7802b09.jpg,韶关市,浈江区,韶关市浈江区五里亭皇岗山公园园内东区1-5号,14,5.0,"韶关市区30分钟车程

五里亭皇岗山公园园区内东区1-5号

烧烤场、动物区等多个区域组成",https://piao.qunar.com/ticket/detail_3141537067.html?st=a3clM0QlRTYlQjUlODglRTYlQjElOUYlRTUlOEMlQkElMjZpZCUzRDUxNTk0NiUyNnR5cGUlM0QwJTI2aWR4JTNEMTAlMjZxdCUzRCUyNmFwayUzRDIlMjZzYyUzRFdXVyUyNnVyJTNEJUU0JUI4JUFEJUU1JUIxJUIxJTI2bHIlM0QlRTQlQjglQUQlRTUlQjElQjElMjZmdCUzRCU3QiU3RA%3D%3D#from=mpl_search_suggest,-1.0,N/A,韶关市区30分钟车程五里亭皇岗山公园园区内东区1-5号烧烤场、动物区等多个区域组成,1/1-12/31；周一至周日；09:00-19:30开园,https://qimgs.qunarzz.com/piao_qsight_provider_piao_qsight_web/0106r120009gui18149FC_C_900_504.jpg_710x360_f44db8b0.jpg〇https://qimgs.qunarzz.com/piao_qsight_provider_piao_qsight_web/0100b120009guhtadB07E_C_900_504_Q90_Mtg_7.jpg_710x360_853062ff.jpg〇https://qimgs.qunarzz.com/piao_qsight_provider_piao_qsight_web/0106c120009guht90AAA0_C_900_504_Q90_Mtg_7.jpg_710x360_f3770c59.jpg〇https://qimgs.qunarzz.com/piao_qsight_provider_piao_qsight_web/0105r120009guhkqfB6A1_C_900_504_Q90_Mtg_7.jpg_710x360_91a14664.jpg〇https://qimgs.qunarzz.com/piao_qsight_provider_piao_qsight_web/0104g120009guhlsa7D99_C_900_504_Q90_Mtg_7.jpg_710x360_a9b910a0.jpg〇https://qimgs.qunarzz.com/piao_qsight_provider_piao_qsight_web/01067120009guhprh52F2_C_900_504_Q90_Mtg_7.jpg_710x360_9a82fe23.jpg〇https://qimgs.qunarzz.com/piao_qsight_provider_piao_qsight_web/01001120009guht2jA8C4_C_900_504_Q90_Mtg_7.jpg_710x360_578df3e9.jpg〇https://qimgs.qunarzz.com/piao_qsight_provider_piao_qsight_web/01013120009gui4w9B1C1_C_900_504_Q90_Mtg_7.jpg_710x360_c4420954.jpg〇https://qimgs.qunarzz.com/piao_qsight_provider_piao_qsight_web/0106r120009gui18149FC_C_900_504_Q90_Mtg_7.jpg_710x360_66250456.jpg,"{""ret"": true, ""data"": {""tagList"": [{""tagType"": 1, ""tagScore"": 5, ""tagNum"": 14, ""tagName"": ""\u597d\u8bc4""}, {""tagType"": 0, ""tagScore"": 5, ""tagNum"": 14, ""tagName"": ""\u5168\u90e8""}], ""commentList"": [{""author"": ""\u53bb*\u6237"", ""content"": ""\u7528\u6237\u672a\u70b9\u8bc4\uff0c\u7cfb\u7edf\u9ed8\u8ba4\u597d\u8bc4\u3002"", ""date"": ""2024-11-01"", ""score"": 5, ""commentId"": ""237986027"", ""imgs"": [], ""userNickName"": ""\u53bb*\u6237"", ""replyCityName"": """", ""cityName"": """"}, {""author"": ""\u53bb*\u6237"", ""content"": ""\u7528\u6237\u672a\u70b9\u8bc4\uff0c\u7cfb\u7edf\u9ed8\u8ba4\u597d\u8bc4\u3002"", ""date"": ""2024-11-01"", ""score"": 5, ""commentId"": ""237985934"", ""imgs"": [], ""userNickName"": ""\u53bb*\u6237"", ""replyCityName"": """", ""cityName"": """"}, {""author"": ""\u53bb*\u6237"", ""content"": ""\u7528\u6237\u672a\u70b9\u8bc4\uff0c\u7cfb\u7edf\u9ed8\u8ba4\u597d\u8bc4\u3002"", ""date"": ""2024-11-01"", ""score"": 5, ""commentId"": ""237985885"", ""imgs"": [], ""userNickName"": ""\u53bb*\u6237"", ""replyCityName"": """", ""cityName"": """"}, {""author"": ""\u53bb*\u6237"", ""content"": ""\u7528\u6237\u672a\u70b9\u8bc4\uff0c\u7cfb\u7edf\u9ed8\u8ba4\u597d\u8bc4\u3002"", ""date"": ""2024-11-01"", ""score"": 5, ""commentId"": ""237985303"", ""imgs"": [], ""userNickName"": ""\u53bb*\u6237"", ""replyCityName"": """", ""cityName"": """"}, {""author"": ""\u53bb*\u6237"", ""content"": ""\u7528\u6237\u672a\u70b9\u8bc4\uff0c\u7cfb\u7edf\u9ed8\u8ba4\u597d\u8bc4\u3002"", ""date"": ""2023-11-01"", ""score"": 5, ""commentId"": ""229749954"", ""imgs"": [], ""userNickName"": ""\u53bb*\u6237"", ""replyCityName"": """", ""cityName"": """"}, {""author"": ""s*2"", ""content"": ""\u7528\u6237\u672a\u70b9\u8bc4\uff0c\u7cfb\u7edf\u9ed8\u8ba4\u597d\u8bc4\u3002"", ""date"": ""2023-09-19"", ""score"": 5, ""commentId"": ""228838959"", ""imgs"": [], ""userNickName"": ""s*2"", ""replyCityName"": """", ""cityName"": """"}, {""author"": ""e*2"", ""content"": ""\u7528\u6237\u672a\u70b9\u8bc4\uff0c\u7cfb\u7edf\u9ed8\u8ba4\u597d\u8bc4\u3002"", ""date"": ""2023-06-13"", ""score"": 5, ""commentId"": ""226196540"", ""imgs"": [], ""userNickName"": ""e*2"", ""replyCityName"": """", ""cityName"": """"}, {""author"": ""\u53bb*\u6237"", ""content"": ""\u7528\u6237\u672a\u70b9\u8bc4\uff0c\u7cfb\u7edf\u9ed8\u8ba4\u597d\u8bc4\u3002"", ""date"": ""2023-05-16"", ""score"": 5, ""commentId"": ""225511547"", ""imgs"": [], ""userNickName"": ""\u53bb*\u6237"", ""replyCityName"": """", ""cityName"": """"}, {""author"": ""p*7"", ""content"": ""\u7528\u6237\u672a\u70b9\u8bc4\uff0c\u7cfb\u7edf\u9ed8\u8ba4\u597d\u8bc4\u3002"", ""date"": ""2022-12-21"", ""score"": 5, ""commentId"": ""223885665"", ""imgs"": [], ""userNickName"": ""p*7"", ""replyCityName"": """", ""cityName"": """"}, {""author"": ""d*9"", ""content"": ""\u7528\u6237\u672a\u70b9\u8bc4\uff0c\u7cfb\u7edf\u9ed8\u8ba4\u597d\u8bc4\u3002"", ""date"": ""2022-12-20"", ""score"": 5, ""commentId"": ""223881765"", ""imgs"": [], ""userNickName"": ""d*9"", ""replyCityName"": """", ""cityName"": """"}], ""score"": 5.0, ""commentCount"": 14}, ""statusCode"": 200}"
韶关樱花公园,https://qimgs.qunarzz.com/piao_qsight_provider_piao_qsight_web/1lo2g12000dgfig90F76E_C_900_504.jpg_280x200_d0f51ff1.jpg,韶关市,浈江区,广东省韶关市浈江区新韶镇东山村,171,5.0,欣赏漫天飞舞的浪漫樱花,https://piao.qunar.com/ticket/detail_472171868.html?st=a3clM0QlRTYlQjUlODglRTYlQjElOUYlRTUlOEMlQkElMjZpZCUzRDQ1NzI4MSUyNnR5cGUlM0QwJTI2aWR4JTNEOSUyNnF0JTNEJTI2YXBrJTNEMiUyNnNjJTNEV1dXJTI2dXIlM0QlRTQlQjglQUQlRTUlQjElQjElMjZsciUzRCVFNCVCOCVBRCVFNSVCMSVCMSUyNmZ0JTNEJTdCJTdE#from=mpl_search_suggest,-1.0,N/A,浈江樱花公园，10万于株浪漫樱花漫天飞舞，幸福气息萦绕浈江，柔美的南国早樱、浓烈的中国红、热情的广州樱、淡雅的小乔、……绚丽的花海，让您仿佛置身梦境，浓浓的幸福感让您流连忘返！园外青山绿水环绕，风景秀丽，民风淳朴，园内樱花花色明媚，花型漂亮，花期组合时间可达2个月，品种众多，有中国红、广州樱、小乔、南国早樱等单瓣、重瓣樱花10多个品种，颜色有大红、粉红和白色3种，容易形成震撼人心的美丽景观。未来五年，韶关浈江公园将打造成华南区地区的樱花公园，成为浈江区的城市形象展示窗口以及旅游名片！,1/1-12/31；周一至周日；08:30-18:00开园,https://qimgs.qunarzz.com/piao_qsight_provider_piao_qsight_web/1lo2g12000dgfig90F76E_C_900_504.jpg_710x360_0a92fdf7.jpg〇https://qimgs.qunarzz.com/piao_qsight_provider_piao_qsight_web/1lo1p12000dgfhqwh49CB_C_900_504_Q90_Mtg_7.jpg_710x360_9bf81167.jpg〇https://qimgs.qunarzz.com/piao_qsight_provider_piao_qsight_web/0105c12000b957rju6D34_C_900_504_Q90_Mtg_7.jpg_710x360_f4117a14.jpg〇https://qimgs.qunarzz.com/piao_qsight_provider_piao_qsight_web/1lo3i12000dgfi5qm762C_C_900_504_Q90_Mtg_7.jpg_710x360_b5120d17.jpg〇https://qimgs.qunarzz.com/piao_qsight_provider_piao_qsight_web/1lo0j12000dgfisvd5675_C_900_504_Q90_Mtg_7.jpg_710x360_542a8949.jpg〇https://qimgs.qunarzz.com/piao_qsight_provider_piao_qsight_web/0100912000b957t9gF0F4_C_900_504_Q90_Mtg_7.jpg_710x360_824b00a2.jpg〇https://qimgs.qunarzz.com/piao_qsight_provider_piao_qsight_web/1lo5v12000dge9s7u98A0_C_900_504_Q90_Mtg_7.jpg_710x360_41d83461.jpg〇https://qimgs.qunarzz.com/piao_qsight_provider_piao_qsight_web/1lo3e12000dgea6boF165_C_900_504_Q90_Mtg_7.jpg_710x360_b0996df8.jpg〇https://qimgs.qunarzz.com/piao_qsight_provider_piao_qsight_web/1lo5d12000dgfhr3i971B_C_900_504_Q90_Mtg_7.jpg_710x360_73c028a1.jpg〇https://qimgs.qunarzz.com/piao_qsight_provider_piao_qsight_web/0101h12000b95tqcg2F4F_C_900_504_Q90_Mtg_7.jpg_710x360_3847b7b1.jpg〇https://qimgs.qunarzz.com/piao_qsight_provider_piao_qsight_web/1lo2g12000dgfig90F76E_C_900_504_Q90_Mtg_7.jpg_710x360_ef453c15.jpg〇https://imgs.qunarzz.com/sight/p0/1602/a3/a3cd244f6f77659c90.water.jpg_710x360_1f9473ca.jpg〇https://imgs.qunarzz.com/sight/p0/1602/a8/a8d7ec8d1f1c39b390.water.jpg_710x360_12f9c9dc.jpg〇https://imgs.qunarzz.com/sight/p0/1602/1f/1f6272bc62235c7290.water.jpg_710x360_6df6e1ed.jpg〇https://qimgs.qunarzz.com/piao_qsight_provider_piao_qsight_web/e41e6f59c7b45e02.jpg_710x360_92e81c9c.jpg〇https://qimgs.qunarzz.com/piao_qsight_provider_piao_qsight_web/eec6db21eeab5202.jpg_710x360_a2484ab7.jpg〇https://qimgs.qunarzz.com/piao_qsight_provider_piao_qsight_web/5e53ece7d14ca702.jpg_710x360_26d41815.jpg〇https://qimgs.qunarzz.com/piao_qsight_provider_piao_qsight_web/bddc72033b048002.jpg_710x360_f55f3697.jpg〇https://qimgs.qunarzz.com/piao_qsight_provider_piao_qsight_web/c16fb74b65132c917087ef87a9a59c29.jpg_710x360_556b4847.jpg〇https://qimgs.qunarzz.com/piao_qsight_provider_piao_qsight_web/651163fce8d45acdf377b28c1e827c71.jpg_710x360_526ebbaa.jpg〇https://qimgs.qunarzz.com/piao_qsight_provider_piao_qsight_web/04deb298d69c146441955e4b525bcf78.jpg_710x360_e52117ec.jpg〇https://qimgs.qunarzz.com/piao_qsight_provider_piao_qsight_web/8db38084ebbf343ad2ab3b6a0a054cb1.jpg_710x360_9fcd1c72.jpg〇https://qimgs.qunarzz.com/piao_qsight_provider_piao_qsight_web/d0c675db4b0feb02.jpg_710x360_29e86ddc.jpg〇https://qimgs.qunarzz.com/piao_qsight_provider_piao_qsight_web/fd4e39c65fc73e02.jpg_710x360_3c3f3e49.jpg〇https://qimgs.qunarzz.com/piao_qsight_provider_piao_qsight_web/8483cef28a6d3b02.jpg_710x360_e797a2f2.jpg〇https://qimgs.qunarzz.com/piao_qsight_provider_piao_qsight_web/f99fde7e698f9902.jpg_710x360_cf61ab89.jpg〇https://qimgs.qunarzz.com/piao_qsight_provider_piao_qsight_web/ac2358d59e334802.jpg_710x360_730ae15a.jpg〇https://qimgs.qunarzz.com/piao_qsight_provider_piao_qsight_web/50464aa6e2c8fc02.jpg_710x360_617b71a1.jpg〇https://qimgs.qunarzz.com/piao_qsight_provider_piao_qsight_web/66eb25f6e0d79102.jpg_710x360_f64f7852.jpg〇https://qimgs.qunarzz.com/piao_qsight_provider_piao_qsight_web/ab73daed7c8a7902.jpg_710x360_01615267.jpg〇https://qimgs.qunarzz.com/piao_qsight_provider_piao_qsight_web/54adf54d426c7c02.jpg_710x360_89ef11a6.jpg〇https://qimgs.qunarzz.com/piao_qsight_provider_piao_qsight_web/40d191ca787e4d02.jpg_710x360_e0cb388e.jpg〇https://qimgs.qunarzz.com/piao_qsight_provider_piao_qsight_web/d37a8f3800a83102.jpg_710x360_e0e0f041.jpg〇https://qimgs.qunarzz.com/piao_qsight_provider_piao_qsight_web/eb27b8948ba65402.jpg_710x360_b69d45f0.jpg,"{""ret"": true, ""data"": {""tagList"": [{""tagType"": 32, ""tagScore"": 5, ""tagNum"": 2, ""tagName"": ""\u670d\u52a1\u597d""}, {""tagType"": 16, ""tagScore"": 5, ""tagNum"": 2, ""tagName"": ""\u9760\u8c31""}, {""tagType"": 8, ""tagScore"": 5, ""tagNum"": 2, ""tagName"": ""\u4fbf\u5b9c""}, {""tagType"": 4, ""tagScore"": 5, ""tagNum"": 2, ""tagName"": ""\u53d6\u7968\u65b9\u4fbf""}, {""tagType"": 2, ""tagScore"": 5, ""tagNum"": 1, ""tagName"": ""\u4e2d\u8bc4""}, {""tagType"": 1, ""tagScore"": 5, ""tagNum"": 170, ""tagName"": ""\u597d\u8bc4""}, {""tagType"": 0, ""tagScore"": 5, ""tagNum"": 171, ""tagName"": ""\u5168\u90e8""}], ""commentList"": [{""author"": ""\u767d*\u5ba2"", ""content"": ""\u7528\u6237\u672a\u70b9\u8bc4\uff0c\u7cfb\u7edf\u9ed8\u8ba4\u597d\u8bc4\u3002"", ""date"": ""2024-05-01"", ""score"": 5, ""commentId"": ""233202434"", ""imgs"": [], ""userNickName"": ""\u767d*\u5ba2"", ""replyCityName"": """", ""cityName"": """"}, {""author"": ""l*1"", ""content"": ""\u7528\u6237\u672a\u70b9\u8bc4\uff0c\u7cfb\u7edf\u9ed8\u8ba4\u597d\u8bc4\u3002"", ""date"": ""2024-04-17"", ""score"": 5, ""commentId"": ""232970262"", ""imgs"": [], ""userNickName"": ""l*1"", ""replyCityName"": """", ""cityName"": """"}, {""author"": ""\u53bb*\u6237"", ""content"": ""\u7528\u6237\u672a\u70b9\u8bc4\uff0c\u7cfb\u7edf\u9ed8\u8ba4\u597d\u8bc4\u3002"", ""date"": ""2024-04-17"", ""score"": 5, ""commentId"": ""232968096"", ""imgs"": [], ""userNickName"": ""\u53bb*\u6237"", ""replyCityName"": """", ""cityName"": """"}, {""author"": ""i*7"", ""content"": ""\u7528\u6237\u672a\u70b9\u8bc4\uff0c\u7cfb\u7edf\u9ed8\u8ba4\u597d\u8bc4\u3002"", ""date"": ""2024-04-17"", ""score"": 5, ""commentId"": ""232965577"", ""imgs"": [], ""userNickName"": ""i*7"", ""replyCityName"": """", ""cityName"": """"}, {""author"": ""i*7"", ""content"": ""\u7528\u6237\u672a\u70b9\u8bc4\uff0c\u7cfb\u7edf\u9ed8\u8ba4\u597d\u8bc4\u3002"", ""date"": ""2024-04-17"", ""score"": 5, ""commentId"": ""232965560"", ""imgs"": [], ""userNickName"": ""i*7"", ""replyCityName"": """", ""cityName"": """"}, {""author"": ""y*2"", ""content"": ""\u7528\u6237\u672a\u70b9\u8bc4\uff0c\u7cfb\u7edf\u9ed8\u8ba4\u597d\u8bc4\u3002"", ""date"": ""2024-04-17"", ""score"": 5, ""commentId"": ""232963298"", ""imgs"": [], ""userNickName"": ""y*2"", ""replyCityName"": """", ""cityName"": """"}, {""author"": ""u*3"", ""content"": ""\u7528\u6237\u672a\u70b9\u8bc4\uff0c\u7cfb\u7edf\u9ed8\u8ba4\u597d\u8bc4\u3002"", ""date"": ""2024-04-17"", ""score"": 5, ""commentId"": ""232958482"", ""imgs"": [], ""userNickName"": ""u*3"", ""replyCityName"": """", ""cityName"": """"}, {""author"": ""z*3"", ""content"": ""\u7528\u6237\u672a\u70b9\u8bc4\uff0c\u7cfb\u7edf\u9ed8\u8ba4\u597d\u8bc4\u3002"", ""date"": ""2024-04-16"", ""score"": 5, ""commentId"": ""232946291"", ""imgs"": [], ""userNickName"": ""z*3"", ""replyCityName"": """", ""cityName"": """"}, {""author"": ""i*7"", ""content"": ""\u7528\u6237\u672a\u70b9\u8bc4\uff0c\u7cfb\u7edf\u9ed8\u8ba4\u597d\u8bc4\u3002"", ""date"": ""2024-04-16"", ""score"": 5, ""commentId"": ""232944482"", ""imgs"": [], ""userNickName"": ""i*7"", ""replyCityName"": """", ""cityName"": """"}, {""author"": ""a*8"", ""content"": ""\u7528\u6237\u672a\u70b9\u8bc4\uff0c\u7cfb\u7edf\u9ed8\u8ba4\u597d\u8bc4\u3002"", ""date"": ""2024-04-16"", ""score"": 5, ""commentId"": ""232932983"", ""imgs"": [], ""userNickName"": ""a*8"", ""replyCityName"": """", ""cityName"": """"}], ""score"": 5.0, ""commentCount"": 171}, ""statusCode"": 200}"
天地丹霞,https://imgs.qunarzz.com/sight/p0/201312/13/ba8efc02aa0424a8d320bf8ef31630e7.jpg_280x200_da40569c.jpg,韶关市,浈江区,广东省韶关市丹霞山风景区内,1,5.0,由四部分组成一个完整的故事，值得一看,https://piao.qunar.com/ticket/detail_1595357096.html?st=a3clM0QlRTYlQjUlODglRTYlQjElOUYlRTUlOEMlQkElMjZpZCUzRDQxODIxJTI2dHlwZSUzRDAlMjZpZHglM0Q4JTI2cXQlM0QlMjZhcGslM0QyJTI2c2MlM0RXV1clMjZ1ciUzRCVFNCVCOCVBRCVFNSVCMSVCMSUyNmxyJTNEJUU0JUI4JUFEJUU1JUIxJUIxJTI2ZnQlM0QlN0IlN0Q%3D#from=mpl_search_suggest,-1.0,4A景区,《天地丹霞》演出由四部分组成，分别是：传奇丹霞。舞蹈《阳元传奇》、《丹霞美》、《阿丹阿霞》、《相逢丹霞》，演绎凄美动人的爱情故事。第二部分，和谐丹霞。景舞《禅韵》、《梦幻锦江》，女声独唱《情里梦里是丹霞》，丹山碧水相呼应，共同谱出了一曲永恒的恋歌。第三部分，幸福丹霞。民俗风情舞蹈《落水天》、《百家宴》、《丹霞咦哟调》、《顶杠舞》。第四部分，世界的丹霞。合唱《世界的丹霞》。,暂无,https://imgs.qunarzz.com/sight/p0/201312/13/ba8efc02aa0424a8d320bf8ef31630e7.jpg_710x360_85840ead.jpg〇https://imgs.qunarzz.com/sight/p0/201312/13/a99c9ddef5c9c8e73e2de0d9995ab3bc.jpg_710x360_d7761281.jpg〇https://imgs.qunarzz.com/sight/p0/201312/13/fee55dc7373b619b234b79c69061bf47.jpg_710x360_334d2683.jpg〇https://imgs.qunarzz.com/sight/p0/201312/13/865bdb1e06b91a2f5f2b5412299b3a50.jpg_710x360_942e5de2.jpg,"{""ret"": true, ""data"": {""tagList"": [{""tagType"": 1, ""tagScore"": 5, ""tagNum"": 1, ""tagName"": ""\u597d\u8bc4""}, {""tagType"": 0, ""tagScore"": 5, ""tagNum"": 1, ""tagName"": ""\u5168\u90e8""}], ""commentList"": [{""author"": ""c*s"", ""content"": ""\u611f\u89c9\u8fd8\u4e0d\u9519\uff0c\u98ce\u666f\u6bd4\u8f83\u597d\uff0c\u90a3\u91cc\u7684\u65e5\u51fa\u5f88\u597d\u770b"", ""date"": ""2015-07-03"", ""score"": 5, ""commentId"": ""57450675"", ""imgs"": [], ""userNickName"": ""c*s"", ""replyCityName"": """", ""cityName"": """"}], ""score"": 5.0, ""commentCount"": 1}, ""statusCode"": 200}"
长老峰,https://imgs.qunarzz.com/sight/p0/201403/11/cf07ffa4116f7fec50ee15c032ebd8b2.jpg_280x200_4d2e8bb9.jpg,韶关市,浈江区,广东省韶关市贞江区丹霞山内,-1,-1.0,以历史悠久、宗教文化、丹霞地貌为亮点,https://piao.qunar.com/ticket/detail_2620206812.html?st=a3clM0QlRTYlQjUlODglRTYlQjElOUYlRTUlOEMlQkElMjZpZCUzRDE4OTM1OSUyNnR5cGUlM0QwJTI2aWR4JTNENyUyNnF0JTNEJTI2YXBrJTNEMiUyNnNjJTNEV1dXJTI2dXIlM0QlRTQlQjglQUQlRTUlQjElQjElMjZsciUzRCVFNCVCOCVBRCVFNSVCMSVCMSUyNmZ0JTNEJTdCJTdE#from=mpl_search_suggest,558.0,N/A,它由长老峰、海螺峰、宝珠峰三峰构成的连体山块。下层景观以锦石岩为中心。有始建于北宋的锦石岩寺、千圣岩、祖师岩、伏虎岩、龙王岩、梦觉关、幽洞通天、龙鳞片石，以历史悠久、宗教文化、丹霞地貌为亮点。锦石岩顶接海螺崖，下临锦江，由千圣岩、祖师岩、伏虎岩和龙王岩四岩组成“宛若殿堂，深邃虚洞”，因岩内石壁万色间错，四时变态，故名“锦石岩”。,6:00-天黑,https://imgs.qunarzz.com/sight/p0/201403/11/cf07ffa4116f7fec50ee15c032ebd8b2.jpg_710x360_c201081e.jpg〇https://qimgs.qunarzz.com/piao_qsight_provider_piao_qsight_web/1d130c641ec710d591bc6bd1ea93e696.jpg_710x360_da70b31f.jpg〇https://qimgs.qunarzz.com/piao_qsight_provider_piao_qsight_web/85ffd7ed5492fafd0cb489fe6d090036.jpg_710x360_704580bf.jpg〇https://qimgs.qunarzz.com/piao_qsight_provider_piao_qsight_web/6e2856bf6c4a19698673ce0e990f3a15.jpg_710x360_9030176b.jpg〇https://qimgs.qunarzz.com/piao_qsight_provider_piao_qsight_web/1b72a199b6d9b48fb66f0492257731da.jpg_710x360_94351b43.jpg〇https://qimgs.qunarzz.com/piao_qsight_provider_piao_qsight_web/3270088872f10dda542a6857695183db.jpg_710x360_877953df.jpg〇https://qimgs.qunarzz.com/piao_qsight_provider_piao_qsight_web/2696b4aba780a4aab14fbf5c0ffa397f.jpg_710x360_d24b50ad.jpg〇https://qimgs.qunarzz.com/piao_qsight_provider_piao_qsight_web/45adde7770a4ef5e6e362546d32027b3.jpg_710x360_fa27a68f.jpg〇https://qimgs.qunarzz.com/piao_qsight_provider_piao_qsight_web/c6a77510f7a366f6434966b081c09b59.jpg_710x360_1ce52d79.jpg〇https://qimgs.qunarzz.com/piao_qsight_provider_piao_qsight_web/f1e5490f021ea24bc304f4153121ef54.jpg_710x360_019a7215.jpg〇https://qimgs.qunarzz.com/piao_qsight_provider_piao_qsight_web/dda6a7e7ffe948e964e0a39c26f6afdb.jpg_710x360_1fa47c57.jpg〇https://qimgs.qunarzz.com/piao_qsight_provider_piao_qsight_web/b7d0a0f7d0ed4bb6c5ae0247365a10b0.jpg_710x360_ad0503e3.jpg〇https://qimgs.qunarzz.com/piao_qsight_provider_piao_qsight_web/7aec220f51d5704ebe04461d65b7919d.jpg_710x360_4d1e1164.jpg〇https://qimgs.qunarzz.com/piao_qsight_provider_piao_qsight_web/6d0105b5a8d42d13d1d108d46ddf1731.jpg_710x360_ab656d40.jpg〇https://qimgs.qunarzz.com/piao_qsight_provider_piao_qsight_web/e00b42979de26de6c186c09835ecd55a.jpg_710x360_30dee69c.jpg〇https://qimgs.qunarzz.com/piao_qsight_provider_piao_qsight_web/2298f36130633bf495564b213db9477d.jpg_710x360_a82fe31c.jpg〇https://qimgs.qunarzz.com/piao_qsight_provider_piao_qsight_web/9ec8510ce5795b55ad1606c1cb77d0bb.jpg_710x360_caa6d885.jpg〇https://qimgs.qunarzz.com/piao_qsight_provider_piao_qsight_web/08b9efe4a7d3cd63c76bc87124e3eac8.jpg_710x360_0c6afce3.jpg〇https://qimgs.qunarzz.com/piao_qsight_provider_piao_qsight_web/fd6b18f86502d9defb403af71945d595.jpg_710x360_3abf8ff5.jpg〇https://qimgs.qunarzz.com/piao_qsight_provider_piao_qsight_web/67b48992424612c4a3c91b0f063f601f.jpg_710x360_76a99bdf.jpg〇https://qimgs.qunarzz.com/piao_qsight_provider_piao_qsight_web/610bbaf0e046f973f0efe5e40452dd03.jpg_710x360_24c9b5b2.jpg,"{""ret"": true, ""data"": {""tagList"": [{""tagType"": 0, ""tagScore"": 5, ""tagNum"": 0, ""tagName"": ""\u5168\u90e8""}], ""score"": 0.0, ""commentCount"": 0}, ""statusCode"": 200}"
杰阁晨钟,https://imgs.qunarzz.com/sight/p55/201211/09/b821bbfc58d55baf93835fbb.jpg_280x200_cd9f698d.jpg,韶关市,浈江区,广东省韶关市浈江区丹霞山,-1,-1.0,山川为之回荡，发聋振聩，催人深省,https://piao.qunar.com/ticket/detail_1914065590.html?st=a3clM0QlRTYlQjUlODglRTYlQjElOUYlRTUlOEMlQkElMjZpZCUzRDI1MzY3JTI2dHlwZSUzRDAlMjZpZHglM0QyOCUyNnF0JTNEJTI2YXBrJTNEMiUyNnNjJTNEV1dXJTI2dXIlM0QlRTQlQjglQUQlRTUlQjElQjElMjZsciUzRCVFNCVCOCVBRCVFNSVCMSVCMSUyNmZ0JTNEJTdCJTdE#from=mpl_search_suggest,-1.0,N/A,杰阁晨钟的钟在别传寺外左侧旧钟楼内。这是一口生铁铸成的千斤巨钟，是当年澹归和尚开辟丹霞山别传寺的法物，铸于清代康熙元年，距今有三百多年的历史了。此钟撞击时声音洪亮，可达数十里外。每当晨光熹微，僧徒上供之时，钟声鸣动，则天宇亦为之震颤，山川为之回荡，发聋振聩，催人深省。,丹霞山景区:全天开放；,https://imgs.qunarzz.com/sight/p55/201211/09/b821bbfc58d55baf93835fbb.jpg_710x360_d736475f.jpg,"{""ret"": true, ""data"": {""tagList"": [{""tagType"": 0, ""tagScore"": 5, ""tagNum"": 0, ""tagName"": ""\u5168\u90e8""}], ""score"": 0.0, ""commentCount"": 0}, ""statusCode"": 200}"
丹霞山中华性文化博物馆,https://imgs.qunarzz.com/sight/p0/201403/07/a43a4b7b48ac9227892bb4e44ee29e9e.jpg_280x200_f1f7a8ce.jpg,韶关市,浈江区,广东省韶关市仁化县霞兴北路,14,3.6,人类性文化和自然景观结合的民俗性博物馆,https://piao.qunar.com/ticket/detail_2819130199.html?st=a3clM0QlRTYlQjUlODglRTYlQjElOUYlRTUlOEMlQkElMjZpZCUzRDEwMzk4JTI2dHlwZSUzRDAlMjZpZHglM0QxNSUyNnF0JTNEJTI2YXBrJTNEMiUyNnNjJTNEV1dXJTI2dXIlM0QlRTQlQjglQUQlRTUlQjElQjElMjZsciUzRCVFNCVCOCVBRCVFNSVCMSVCMSUyNmZ0JTNEJTdCJTdE#from=mpl_search_suggest,-1.0,N/A,馆藏2500余件，馆藏历朝历代与性有关的珍贵实物展品，生动形象地展示了中华五千年来性文化的多姿多彩，精彩地演绎了中华五千年来性文化的优雅丰富......展馆共分：一、史前文明的性文化，二、人类的性进化，三、古代性崇拜，四、婚姻制度的演变，五、古代性教育，六、古代性压迫，七、宗教艺术和性文化，八、文学艺术和性文化，九、古代异常性行为。,景区暂时停业，详情请以景区公示为准。原开放时间:8:30-17:30,https://imgs.qunarzz.com/sight/p0/201403/07/a43a4b7b48ac9227892bb4e44ee29e9e.jpg_710x360_c242fb9d.jpg〇https://imgs.qunarzz.com/sight/p0/201403/07/17999433fe7525b1ddc3b74f7e7c5ddd.jpg_710x360_7f611db2.jpg〇https://imgs.qunarzz.com/sight/p0/201403/07/a4f0bc38f75667ee08493aa423526fae.jpg_710x360_d51642b2.jpg〇https://imgs.qunarzz.com/sight/p0/201403/07/9a7f3c27ad3b01a112aa22a40dc92648.jpg_710x360_9a60f88f.jpg〇https://imgs.qunarzz.com/sight/p0/201403/07/8e003a48e3b91dd1b9cca3cc0ca13c6f.jpg_710x360_18c00ffb.jpg,"{""ret"": true, ""data"": {""tagList"": [{""tagType"": 32, ""tagScore"": 5, ""tagNum"": 1, ""tagName"": ""\u670d\u52a1\u597d""}, {""tagType"": 16, ""tagScore"": 5, ""tagNum"": 2, ""tagName"": ""\u9760\u8c31""}, {""tagType"": 8, ""tagScore"": 5, ""tagNum"": 2, ""tagName"": ""\u4fbf\u5b9c""}, {""tagType"": 4, ""tagScore"": 5, ""tagNum"": 2, ""tagName"": ""\u53d6\u7968\u65b9\u4fbf""}, {""tagType"": 3, ""tagScore"": 5, ""tagNum"": 3, ""tagName"": ""\u5dee\u8bc4""}, {""tagType"": 2, ""tagScore"": 5, ""tagNum"": 3, ""tagName"": ""\u4e2d\u8bc4""}, {""tagType"": 1, ""tagScore"": 5, ""tagNum"": 8, ""tagName"": ""\u597d\u8bc4""}, {""tagType"": 0, ""tagScore"": 5, ""tagNum"": 14, ""tagName"": ""\u5168\u90e8""}], ""commentList"": [{""author"": ""k*4"", ""content"": ""\u8fd9\u91cc\u8bf4\u514d\u8d39\uff1f\u4e3a\u4ec0\u4e48\u53bb\u5230\u53c8\u8981\u6536\u4e09\u5341\u5143\u4e00\u4e2a\u4eba\uff1f\u600e\u4e48\u6837\u624d\u53ef\u4ee5\u62ff\u514d\u8d39\u7968\uff1f"", ""date"": ""2017-10-07"", ""score"": 1, ""commentId"": ""203004098"", ""imgs"": [{""small"": ""https://imgs.qunarzz.com/piao/fusion/1710/c6/271894337386be02.jpg_120x120_ff2787e6.jpg"", ""title"": """", ""big"": ""https://imgs.qunarzz.com/piao/fusion/1710/c6/271894337386be02.jpg""}], ""userNickName"": ""k*4"", ""replyCityName"": """", ""cityName"": """"}, {""author"": ""f*8"", ""content"": ""\u94c1\u89c2\u97f3\u6655\u6655\u4e4e\u4e4e\u54c8\u54c8\u54c8\u65b9\u6cd5\u5e72\u6d3b"", ""date"": ""2015-12-04"", ""score"": 5, ""commentId"": ""95335233"", ""imgs"": [], ""userNickName"": ""f*8"", ""replyCityName"": """", ""cityName"": """"}, {""author"": ""e*9"", ""content"": ""\u4ef7\u683c\u592a\u9ad8\uff0c\u6ca1\u6709\u5fc5\u8981\u53bb\uff0c10\u5206\u949f\u8f6c\u5b8c"", ""date"": ""2016-01-01"", ""score"": 1, ""commentId"": ""100256184"", ""imgs"": [], ""userNickName"": ""e*9"", ""replyCityName"": """", ""cityName"": """"}, {""author"": ""t*0"", ""content"": ""\u95e8\u7968\u592a\u8d35\uff0c\u73af\u5883\u7b80\u964b\uff0c\u6709\u4e00\u5b9a\u53ef\u770b\u6027"", ""date"": ""2015-12-09"", ""score"": 3, ""commentId"": ""96317718"", ""imgs"": [], ""userNickName"": ""t*0"", ""replyCityName"": """", ""cityName"": """"}, {""author"": ""\u98ce*2"", ""content"": ""\u62b1\u7740\u597d\u5947\u7684\u5fc3\u6001\u53bb\u770b\u4e86\u4e0b\uff0c\u6574\u4f53\u4e0a\u8fd8\u662f\u4e0d\u9519\u7684\uff0c\u5c31\u662f\u4ef7\u683c\u76f8\u5bf9\u6765\u8bf4\u7565\u663e\u504f\u8d35\uff0c\u8981\u662f\u518d\u5c11\u70b9\u5c31\u4e0d\u9519\u4e86\uff0c\u91cc\u9762\u7684\u5c55\u793a\u5f88\u591a\uff0c\u5f88\u58ee\u89c2\uff0c\u503c\u5f97\u53bb\u770b\u4e00\u4e0b\uff0c\u6574\u4f53\u8bc4\u4ef7\uff1a\u4e0d\u53ef\u4e0d\u53bb\u4e0d\u53ef\u518d\u53bb\u5427\uff01"", ""date"": ""2015-06-28"", ""score"": 4, ""commentId"": ""56613180"", ""imgs"": [], ""userNickName"": ""\u98ce*2"", ""replyCityName"": """", ""cityName"": """"}, {""author"": ""\u95f2*\u4eba"", ""content"": ""\u6027\u6587\u5316\u4e5f\u662f\u4e0d\u53ef\u56de\u907f\u7684\u554a\uff0c\u6b63\u786e\u5bf9\u5f85\u5c31\u597d\uff5e"", ""date"": ""2015-10-26"", ""score"": 5, ""commentId"": ""87725056"", ""imgs"": [], ""userNickName"": ""\u95f2*\u4eba"", ""replyCityName"": """", ""cityName"": """"}, {""author"": ""u*1"", ""content"": ""\u513f\u7ae5\u4e0d\u5b9c\uff0c\u5927\u91cf\u6625\u5bab\u56fe\u2026\u2026\u54c8\u54c8"", ""date"": ""2015-10-17"", ""score"": 4, ""commentId"": ""85702093"", ""imgs"": [], ""userNickName"": ""u*1"", ""replyCityName"": """", ""cityName"": """"}, {""author"": ""\u5609*\u8c6a"", ""content"": ""\u5f88\u591a\u6709\u5386\u53f2\u4ef7\u503c\u7684\u6587\u7269\uff0c\u503c\u5f97\u4e00\u89c2\u3002"", ""date"": ""2015-11-02"", ""score"": 5, ""commentId"": ""89071207"", ""imgs"": [], ""userNickName"": ""\u5609*\u8c6a"", ""replyCityName"": """", ""cityName"": """"}, {""author"": ""y*8"", ""content"": ""\u91cc\u9762\u80fd\u770b\u7684\u4e1c\u897f\u4e0d\u591a\uff0c\u4f46\u670d\u52a1\u4eba\u5458\u6001\u5ea6\u8f83\u597d\uff0c\u4f4d\u7f6e\u4e5f\u5bb9\u6613\u627e"", ""date"": ""2015-08-15"", ""score"": 4, ""commentId"": ""68153287"", ""imgs"": [], ""userNickName"": ""y*8"", ""replyCityName"": """", ""cityName"": """"}, {""author"": ""j*1"", ""content"": ""\u5c0f\uff0c\u5bfc\u6e38\u8fd8\u4e0d\u514d\u7968\uff0c\u4e0d\u503c\u5f97\u53bb"", ""date"": ""2015-08-18"", ""score"": 2, ""commentId"": ""69116170"", ""imgs"": [], ""userNickName"": ""j*1"", ""replyCityName"": """", ""cityName"": """"}], ""score"": 3.6, ""commentCount"": 14}, ""statusCode"": 200}"
余靖纪念馆,https://imgs.qunarzz.com/sight/p0/201403/07/4377e6f8be73d9030262d9c12ed00ab7.jpg_280x200_903f4aef.jpg,韶关市,浈江区,韶关市区建国路的余相巷,-1,-1.0,建筑颇具规模，古朴典雅，别有韵味,https://piao.qunar.com/ticket/detail_893256639.html?st=a3clM0QlRTYlQjUlODglRTYlQjElOUYlRTUlOEMlQkElMjZpZCUzRDExMDIwJTI2dHlwZSUzRDAlMjZpZHglM0QyNyUyNnF0JTNEJTI2YXBrJTNEMiUyNnNjJTNEV1dXJTI2dXIlM0QlRTQlQjglQUQlRTUlQjElQjElMjZsciUzRCVFNCVCOCVBRCVFNSVCMSVCMSUyNmZ0JTNEJTdCJTdE#from=mpl_search_suggest,-1.0,N/A,在韶关市区建国路的余相巷内，有一座颇具规模古朴典雅的仿古建筑，那就是宋朝名朝余靖的纪念馆。这是1999年为纪念余靖诞辰1000周年而重建的。据余氏族谱记载，余靖祖居在余相巷拨萃坊。宋治平年开始就将余靖故居建为余忠襄公祠，当地人称“余丞相祠”，历代均有修茸。清嘉庆六年，曲江知县余元焘重修，民国二十年改建。抗日战争时期，余祖祠大部分遭日寇轰炸毁坏，留下少部分屋宇。后来余氏子孙散居各地，无人管理，当地人见祠无主，将其改为平房居住，但“余相巷”这古地名一直保留至今.1999年为纪念余靖诞辰1000周年，在韶关市政府、市侨办以及香港余氏宗亲会的大力支持下、赞助下，在余相巷内修建“余靖纪念馆”（余忠襄公祠）。,暂无,https://imgs.qunarzz.com/sight/p0/201403/07/4377e6f8be73d9030262d9c12ed00ab7.jpg_710x360_0e0f99ac.jpg〇https://qimgs.qunarzz.com/piao_qsight_provider_piao_qsight_web/64bceaeb-de64-43da-9df5-81ba6c2ac381.jpg_710x360_5773010f.jpg〇https://qimgs.qunarzz.com/piao_qsight_provider_piao_qsight_web/a0fa9aa1da4e6a8b668b365f13f66463.jpg_710x360_fb38bcbf.jpg〇https://qimgs.qunarzz.com/piao_qsight_provider_piao_qsight_web/2bfbf392bd02edb5.jpg_710x360_ec9ed24b.jpg〇https://qimgs.qunarzz.com/piao_qsight_provider_piao_qsight_web/5360a8574b600b5.jpg_710x360_57929bc1.jpg〇https://qimgs.qunarzz.com/piao_qsight_provider_piao_qsight_web/4885fa5a3a1ddb5.jpg_710x360_3aaa73ee.jpg〇https://qimgs.qunarzz.com/piao_qsight_provider_piao_qsight_web/bcc092492b769db5.jpg_710x360_ba90f1d3.jpg〇https://qimgs.qunarzz.com/piao_qsight_provider_piao_qsight_web/7e9cba406e7820b5.jpg_710x360_fedbe7ec.jpg〇https://qimgs.qunarzz.com/piao_qsight_provider_piao_qsight_web/a3352e3e3db3fb5.jpg_710x360_16dfd873.jpg〇https://qimgs.qunarzz.com/piao_qsight_provider_piao_qsight_web/c822854dc8bc35b5.jpg_710x360_114d4b74.jpg〇https://qimgs.qunarzz.com/piao_qsight_provider_piao_qsight_web/69e7df41f410ea37.jpg_710x360_b4e2c8ea.jpg,"{""ret"": true, ""data"": {""tagList"": [{""tagType"": 0, ""tagScore"": 5, ""tagNum"": 0, ""tagName"": ""\u5168\u90e8""}], ""score"": 0.0, ""commentCount"": 0}, ""statusCode"": 200}"
韶关市游泳场,https://imgs.qunarzz.com/sight/p0/1505/df/df6945e9e26567e8.water.jpg_280x200_31793cd8.jpg,韶关市,浈江区,广东韶关市浈江区园前西路13号,-1,-1.0,场内设施齐备、环境优美,https://piao.qunar.com/ticket/detail_2013100746.html?st=a3clM0QlRTYlQjUlODglRTYlQjElOUYlRTUlOEMlQkElMjZpZCUzRDQ1MDMzOCUyNnR5cGUlM0QwJTI2aWR4JTNEMjYlMjZxdCUzRCUyNmFwayUzRDIlMjZzYyUzRFdXVyUyNnVyJTNEJUU0JUI4JUFEJUU1JUIxJUIxJTI2bHIlM0QlRTQlQjglQUQlRTUlQjElQjElMjZmdCUzRCU3QiU3RA%3D%3D#from=mpl_search_suggest,-1.0,N/A,韶关市游泳场位于园前西路13号，场内面积 10000多㎡，拥有比赛池、浅水池、深水池、儿童池各一个。2011年由广东省体育行业职业技能鉴定站授予韶关市游泳场“体育行业国家职业资格培训基地”称号。场内设施齐备、环境优美，欢迎广大游客来参加游泳锻炼。,暂无,https://imgs.qunarzz.com/sight/p0/1505/df/df6945e9e26567e8.water.jpg_710x360_de783d18.jpg〇https://imgs.qunarzz.com/sight/p0/1505/8a/8ae4d924ada2ff14.water.jpg_710x360_421b4924.jpg〇https://imgs.qunarzz.com/sight/p0/1505/a8/a816a2d50e170ac5.water.jpg_710x360_3de069fa.jpg〇https://imgs.qunarzz.com/sight/p0/1505/93/93dc2bf6ddb13eda.water.jpg_710x360_aa8e0db3.jpg〇https://imgs.qunarzz.com/sight/p0/1505/4a/4a2519a37e36107f.water.jpg_710x360_5fdb6104.jpg,"{""ret"": true, ""data"": {""tagList"": [{""tagType"": 0, ""tagScore"": 5, ""tagNum"": 0, ""tagName"": ""\u5168\u90e8""}], ""score"": 0.0, ""commentCount"": 0}, ""statusCode"": 200}"
韶关失恋博物馆,https://qimgs.qunarzz.com/piao_qsight_provider_piao_qsight_web/temp35163596179033972413501180000014j1zzBBAC_wmr.jpg_280x200_6d832233.jpg,韶关市,浈江区,韶关市浈江区风度中路77号风度广场2楼,-1,-1.0,是您悠闲娱乐的好去处，带给您美妙的悠闲时光,https://piao.qunar.com/ticket/detail_903535322.html?st=a3clM0QlRTYlQjUlODglRTYlQjElOUYlRTUlOEMlQkElMjZpZCUzRDQ3NjU0NyUyNnR5cGUlM0QwJTI2aWR4JTNEMjMlMjZxdCUzRCUyNmFwayUzRDIlMjZzYyUzRFdXVyUyNnVyJTNEJUU0JUI4JUFEJUU1JUIxJUIxJTI2bHIlM0QlRTQlQjglQUQlRTUlQjElQjElMjZmdCUzRCU3QiU3RA%3D%3D#from=mpl_search_suggest,-1.0,N/A,是您悠闲娱乐的好去处，带给您美妙的悠闲时光,01/01-12/31；09:30-22:30开园,https://qimgs.qunarzz.com/piao_qsight_provider_piao_qsight_web/temp35163596179033972413501180000014j1zzBBAC_wmr.jpg_710x360_b3122124.jpg,"{""ret"": true, ""data"": {""tagList"": [], ""score"": 0.0, ""commentCount"": 0}, ""statusCode"": 200}"
青年林,https://imgs.qunarzz.com/sight/p0/201301/18/6ec0e147eadd854f93835fbb.png_280x200_34c80991.png,韶关市,浈江区,广东省韶关市浈江区,-1,-1.0,广东韶关青年林,https://piao.qunar.com/ticket/detail_2322712475.html?st=a3clM0QlRTYlQjUlODglRTYlQjElOUYlRTUlOEMlQkElMjZpZCUzRDQxODYxJTI2dHlwZSUzRDAlMjZpZHglM0QyMiUyNnF0JTNEJTI2YXBrJTNEMiUyNnNjJTNEV1dXJTI2dXIlM0QlRTQlQjglQUQlRTUlQjElQjElMjZsciUzRCVFNCVCOCVBRCVFNSVCMSVCMSUyNmZ0JTNEJTdCJTdE#from=mpl_search_suggest,-1.0,N/A,广东韶关青年林,暂无,https://imgs.qunarzz.com/sight/p0/201301/18/6ec0e147eadd854f93835fbb.png_710x360_b4973c2f.png〇https://imgs.qunarzz.com/wugc/p136/201207/27/9a0758640ff224d593835fbb.jpg_710x360_65ec4d6b.jpg,"{""ret"": true, ""data"": {""tagList"": [{""tagType"": 0, ""tagScore"": 5, ""tagNum"": 0, ""tagName"": ""\u5168\u90e8""}], ""score"": 0.0, ""commentCount"": 0}, ""statusCode"": 200}"
乐奇欢乐水上世界,https://qimgs.qunarzz.com/piao_qsight_provider_piao_qsight_web/100s0h00000092rd07EFD_C_900_504.jpg_280x200_b3b95d03.jpg,韶关市,浈江区,韶关市浈江区大学路坳下农场大吉庄园内,74,5.0,粤北大型的水上游乐园,https://piao.qunar.com/ticket/detail_197721576.html?st=a3clM0QlRTYlQjUlODglRTYlQjElOUYlRTUlOEMlQkElMjZpZCUzRDQ3NDMwMiUyNnR5cGUlM0QwJTI2aWR4JTNEMTElMjZxdCUzRCUyNmFwayUzRDIlMjZzYyUzRFdXVyUyNnVyJTNEJUU0JUI4JUFEJUU1JUIxJUIxJTI2bHIlM0QlRTQlQjglQUQlRTUlQjElQjElMjZmdCUzRCU3QiU3RA%3D%3D#from=mpl_search_suggest,-1.0,N/A,韶关乐奇欢乐水世界位于韶关市浈江区大学路坳下农场/大吉庄园，是由香港龙德集团与韶关市大吉庄园共同打造的一家集生态文化旅游、欢乐刺激、温馨好玩的各种游乐项目、商住餐饮一体的粤北大型的水上游乐园。该项目投资1亿人民币，总占地面积100多亩，设计日至多接待量1万人次，引进国际国内先进的游乐设备。,06/29-08/31；周一至周日；13:00-20:30开园；（20:00停止入园）,https://qimgs.qunarzz.com/piao_qsight_provider_piao_qsight_web/100s0h00000092rd07EFD_C_900_504.jpg_710x360_590d3878.jpg〇https://qimgs.qunarzz.com/piao_qsight_provider_piao_qsight_web/100s0h00000092rd07EFD_C_900_504_Q90_Mtg_7.jpg_710x360_352f6e9e.jpg〇https://imgs.qunarzz.com/sight/p0/1906/b0/b0aa8eab35a9814fa3.img.jpg_710x360_255892b2.jpg,"{""ret"": true, ""data"": {""tagList"": [{""tagType"": 1, ""tagScore"": 5, ""tagNum"": 74, ""tagName"": ""\u597d\u8bc4""}, {""tagType"": 0, ""tagScore"": 5, ""tagNum"": 74, ""tagName"": ""\u5168\u90e8""}], ""commentList"": [{""author"": ""\u53bb*\u6237"", ""content"": ""\u7528\u6237\u672a\u70b9\u8bc4\uff0c\u7cfb\u7edf\u9ed8\u8ba4\u597d\u8bc4\u3002"", ""date"": ""2024-08-15"", ""score"": 5, ""commentId"": ""235544679"", ""imgs"": [], ""userNickName"": ""\u53bb*\u6237"", ""replyCityName"": """", ""cityName"": """"}, {""author"": ""o*3"", ""content"": ""\u7528\u6237\u672a\u70b9\u8bc4\uff0c\u7cfb\u7edf\u9ed8\u8ba4\u597d\u8bc4\u3002"", ""date"": ""2024-07-31"", ""score"": 5, ""commentId"": ""235144179"", ""imgs"": [], ""userNickName"": ""o*3"", ""replyCityName"": """", ""cityName"": """"}, {""author"": ""o*2"", ""content"": ""\u7528\u6237\u672a\u70b9\u8bc4\uff0c\u7cfb\u7edf\u9ed8\u8ba4\u597d\u8bc4\u3002"", ""date"": ""2023-10-01"", ""score"": 5, ""commentId"": ""229199152"", ""imgs"": [], ""userNickName"": ""o*2"", ""replyCityName"": """", ""cityName"": """"}, {""author"": ""\u53bb*\u6237"", ""content"": ""\u7528\u6237\u672a\u70b9\u8bc4\uff0c\u7cfb\u7edf\u9ed8\u8ba4\u597d\u8bc4\u3002"", ""date"": ""2023-09-15"", ""score"": 5, ""commentId"": ""228666489"", ""imgs"": [], ""userNickName"": ""\u53bb*\u6237"", ""replyCityName"": """", ""cityName"": """"}, {""author"": ""\u53bb*\u6237"", ""content"": ""\u7528\u6237\u672a\u70b9\u8bc4\uff0c\u7cfb\u7edf\u9ed8\u8ba4\u597d\u8bc4\u3002"", ""date"": ""2023-09-15"", ""score"": 5, ""commentId"": ""228666240"", ""imgs"": [], ""userNickName"": ""\u53bb*\u6237"", ""replyCityName"": """", ""cityName"": """"}, {""author"": ""b*1"", ""content"": ""\u7528\u6237\u672a\u70b9\u8bc4\uff0c\u7cfb\u7edf\u9ed8\u8ba4\u597d\u8bc4\u3002"", ""date"": ""2023-09-13"", ""score"": 5, ""commentId"": ""228577219"", ""imgs"": [], ""userNickName"": ""b*1"", ""replyCityName"": """", ""cityName"": """"}, {""author"": ""b*1"", ""content"": ""\u7528\u6237\u672a\u70b9\u8bc4\uff0c\u7cfb\u7edf\u9ed8\u8ba4\u597d\u8bc4\u3002"", ""date"": ""2023-09-13"", ""score"": 5, ""commentId"": ""228577027"", ""imgs"": [], ""userNickName"": ""b*1"", ""replyCityName"": """", ""cityName"": """"}, {""author"": ""\u53bb*\u6237"", ""content"": ""\u7528\u6237\u672a\u70b9\u8bc4\uff0c\u7cfb\u7edf\u9ed8\u8ba4\u597d\u8bc4\u3002"", ""date"": ""2023-08-24"", ""score"": 5, ""commentId"": ""227668107"", ""imgs"": [], ""userNickName"": ""\u53bb*\u6237"", ""replyCityName"": """", ""cityName"": """"}, {""author"": ""e*7"", ""content"": ""\u7528\u6237\u672a\u70b9\u8bc4\uff0c\u7cfb\u7edf\u9ed8\u8ba4\u597d\u8bc4\u3002"", ""date"": ""2023-08-22"", ""score"": 5, ""commentId"": ""227588869"", ""imgs"": [], ""userNickName"": ""e*7"", ""replyCityName"": """", ""cityName"": """"}, {""author"": ""\u53bb*\u6237"", ""content"": ""\u7528\u6237\u672a\u70b9\u8bc4\uff0c\u7cfb\u7edf\u9ed8\u8ba4\u597d\u8bc4\u3002"", ""date"": ""2022-09-28"", ""score"": 5, ""commentId"": ""223461485"", ""imgs"": [], ""userNickName"": ""\u53bb*\u6237"", ""replyCityName"": """", ""cityName"": """"}], ""score"": 5.0, ""commentCount"": 74}, ""statusCode"": 200}"
玉台爽气,https://imgs.qunarzz.com/sight/p58/201211/00/72a3d5a68ffafb2993835fbb.jpg_280x200_a7698a29.jpg,韶关市,浈江区,广东省韶关市浈江区仁化县丹霞山景区内,-1,-1.0,峰顶坦砺如平台，石质晶莹如紫玉,https://piao.qunar.com/ticket/detail_939637903.html?st=a3clM0QlRTYlQjUlODglRTYlQjElOUYlRTUlOEMlQkElMjZpZCUzRDE4MDI1JTI2dHlwZSUzRDAlMjZpZHglM0QyMSUyNnF0JTNEJTI2YXBrJTNEMiUyNnNjJTNEV1dXJTI2dXIlM0QlRTQlQjglQUQlRTUlQjElQjElMjZsciUzRCVFNCVCOCVBRCVFNSVCMSVCMSUyNmZ0JTNEJTdCJTdE#from=mpl_search_suggest,-1.0,N/A,玉台位于长老峰下。此处岩峰耸立，峰顶坦砺如平台，石质晶莹如紫玉，因而得名为“紫玉台”。 每当秋高气爽之日，游人登临其上，则胸襟清朗，烦虑顿消。前人在台上设了几个石墩，以供人憩息。在这里，右可观赏如带的锦江之明媚，左可远眺群峰竞秀的美景，台下苍松翠竹，身边烟雾缭绕，正是重九登高的好去处。,丹霞山景区:全天开放；,https://imgs.qunarzz.com/sight/p58/201211/00/72a3d5a68ffafb2993835fbb.jpg_710x360_a3ee9aa1.jpg,"{""ret"": true, ""data"": {""tagList"": [{""tagType"": 0, ""tagScore"": 5, ""tagNum"": 0, ""tagName"": ""\u5168\u90e8""}], ""score"": 0.0, ""commentCount"": 0}, ""statusCode"": 200}"
迷城真人密室逃脱俱乐部,https://imgs.qunarzz.com/tuan/team2/1508/87/87fc86e0c3503b.png_280x200_ac4d149e.png,韶关市,浈江区,广东省韶关市浈江区仁爱路一号,-1,-1.0,倾力巨献风格各异的五大密室主题,https://piao.qunar.com/ticket/detail_3465774976.html?st=a3clM0QlRTYlQjUlODglRTYlQjElOUYlRTUlOEMlQkElMjZpZCUzRDE5NzE1MSUyNnR5cGUlM0QwJTI2aWR4JTNEMjUlMjZxdCUzRCUyNmFwayUzRDIlMjZzYyUzRFdXVyUyNnVyJTNEJUU0JUI4JUFEJUU1JUIxJUIxJTI2bHIlM0QlRTQlQjglQUQlRTUlQjElQjElMjZmdCUzRCU3QiU3RA%3D%3D#from=mpl_search_suggest,-1.0,N/A,"迷城真人密室逃脱俱乐部倾力巨献风格各异的五大密室主题，因其神秘且极具趣味性吸引了众多的游客。密室逃脱真版的游戏过程是将玩家关在有相应主题的密室里，玩家要在规定的时间内找到密室内的线索,一步步逃出密室。在整个逃脱过程中紧张、充满未知，是休闲娱乐、欢乐聚会。",11:00-22:00,https://imgs.qunarzz.com/tuan/team2/1508/87/87fc86e0c3503b.png_710x360_f3ac007c.png〇https://imgs.qunarzz.com/sight/p0/1409/01/7779277da15fc2f8adf84bdd04caa8b1.jpg_710x360_c9741384.jpg〇https://imgs.qunarzz.com/sight/p0/1409/01/1074a63f7c522e625e0756e5d36228de.jpg_710x360_d1c580be.jpg〇https://imgs.qunarzz.com/sight/p0/1409/01/664b20461e350a37f40a3a78b9a4ff86.jpg_710x360_9f34d480.jpg〇https://imgs.qunarzz.com/tuan/team2/1508/a6/6113f4a6363c08.jpg_710x360_e93b177a.jpg〇https://imgs.qunarzz.com/tuan/team2/1508/1d/8d35cdcf0b0d1f.jpg_710x360_5d0273d5.jpg〇https://imgs.qunarzz.com/tuan/team2/1508/ba/c6c4074a39dd1d.jpg_710x360_640a4915.jpg〇https://imgs.qunarzz.com/tuan/team2/1508/e2/e9d7aeb576f632.jpg_710x360_1064e345.jpg,"{""ret"": true, ""data"": {""tagList"": [{""tagType"": 0, ""tagScore"": 5, ""tagNum"": 0, ""tagName"": ""\u5168\u90e8""}], ""score"": 0.0, ""commentCount"": 0}, ""statusCode"": 200}"
山外山文旅园景区,https://qimgs.qunarzz.com/piao_qsight_provider_piao_qsight_web/1lo0212000b3hu1heCB6B_C_900_504.png_280x200_46fe6837.png,韶关市,浈江区,广东省韶关市浈江区黄竹村,-1,-1.0,N/A,https://piao.qunar.com/ticket/detail_3213488009.html?st=a3clM0QlRTYlQjUlODglRTYlQjElOUYlRTUlOEMlQkElMjZpZCUzRDUyOTk2MiUyNnR5cGUlM0QwJTI2aWR4JTNEMjAlMjZxdCUzRCUyNmFwayUzRDIlMjZzYyUzRFdXVyUyNnVyJTNEJUU0JUI4JUFEJUU1JUIxJUIxJTI2bHIlM0QlRTQlQjglQUQlRTUlQjElQjElMjZmdCUzRCU3QiU3RA%3D%3D#from=mpl_search_suggest,-1.0,N/A,N/A,1/1-12/31；周一至周日；08:30-17:30开园,https://qimgs.qunarzz.com/piao_qsight_provider_piao_qsight_web/1lo0212000b3hu1heCB6B_C_900_504.png_710x360_d7207406.png〇https://qimgs.qunarzz.com/piao_qsight_provider_piao_qsight_web/1lo1612000b3hu7zoCCC6_C_900_504_Q90_Mtg_7.png_710x360_81c690ba.png〇https://qimgs.qunarzz.com/piao_qsight_provider_piao_qsight_web/1lo5t12000b3hu1wa23AD_C_900_504_Q90_Mtg_7.png_710x360_ca76322e.png〇https://qimgs.qunarzz.com/piao_qsight_provider_piao_qsight_web/1lo3m12000b3htwrz152A_C_900_504_Q90_Mtg_7.png_710x360_2f58248c.png〇https://qimgs.qunarzz.com/piao_qsight_provider_piao_qsight_web/1lo5h12000b3htye7A080_C_900_504_Q90_Mtg_7.png_710x360_cd98b746.png〇https://qimgs.qunarzz.com/piao_qsight_provider_piao_qsight_web/1lo0212000b3hu1heCB6B_C_900_504_Q90_Mtg_7.png_710x360_f6fe6e6b.png,"{""ret"": true, ""data"": {""tagList"": [{""tagType"": 0, ""tagScore"": 5, ""tagNum"": 0, ""tagName"": ""\u5168\u90e8""}], ""score"": 0.0, ""commentCount"": 0}, ""statusCode"": 200}"
土匪洞,https://imgs.qunarzz.com/sight/p43/201211/07/675475ef85fa4cb293835fbb.jpg_280x200_273f1757.jpg,韶关市,浈江区,广东省韶关市浈江区,-1,-1.0,"巴寨位于丹霞山的边缘地带，乃明末清初期间，百姓为逃避战祸而建在半山腰悬崖上山洞中的山寨，又称土匪洞。
丹霞山乃广东四大名",https://piao.qunar.com/ticket/detail_2886202768.html?st=a3clM0QlRTYlQjUlODglRTYlQjElOUYlRTUlOEMlQkElMjZpZCUzRDE3OCUyNnR5cGUlM0QwJTI2aWR4JTNEMjQlMjZxdCUzRCUyNmFwayUzRDIlMjZzYyUzRFdXVyUyNnVyJTNEJUU0JUI4JUFEJUU1JUIxJUIxJTI2bHIlM0QlRTQlQjglQUQlRTUlQjElQjElMjZmdCUzRCU3QiU3RA%3D%3D#from=mpl_search_suggest,-1.0,N/A,巴寨位于丹霞山的边缘地带，乃明末清初期间，百姓为逃避战祸而建在半山腰悬崖上山洞中的山寨，又称土匪洞。丹霞山乃广东四大名山之一，位于韶关市东北54公里处。丹霞山海拔408米，远看似染红霞，近看色彩斑斓，悬崖峭壁，刀削斧砍，景色相当奇丽。巴寨位于丹霞山的边缘地带，乃明末清初期间，百姓为逃避战祸而建在半山腰悬崖上山洞中的山寨，又称土匪洞。进入巴寨需要负重行军近两个小时，翻山越岭，穿越六公里的丹霞地貌和峰林地带，沿途领略典型的喀斯特地形风貌，攀越十五米高的陡峭悬崖，到达位于半山腰的山寨遗址。沿巴寨继续深入，山势更为险要，风景也更为壮观，上山只有当年土匪在陡壁上开凿的一条15米高、可供一人上下的悬木通道，易守难攻，险峻非常！其实整个寨子是利用山腰地形开凿出来的一条三、四米宽的通道，有些较开阔凹进去的地方可以隐约分辨出来就是当年山寨住人的房间。通道的一边就是万丈绝壁，有的地方只有一米左右的空间，一不小心掉下山，结果只有一个----粉身碎骨。在较宽的通道上搭好帐篷，躲进睡袋，住起来可比在荒山野岭露营强多了。就算不用帐篷，点上篝火，在通道上也能美美地睡上一觉……,暂无,https://imgs.qunarzz.com/sight/p43/201211/07/675475ef85fa4cb293835fbb.jpg_710x360_3c59612d.jpg〇https://qimgs.qunarzz.com/piao_qsight_provider_piao_qsight_web/082a6a4ddfefeef7.jpg_710x360_a4b02dac.jpg,"{""ret"": true, ""data"": {""tagList"": [{""tagType"": 0, ""tagScore"": 5, ""tagNum"": 0, ""tagName"": ""\u5168\u90e8""}], ""score"": 0.0, ""commentCount"": 0}, ""statusCode"": 200}"
大鉴禅寺,https://imgs.qunarzz.com/sight/p0/201403/07/c0c0e48fe3f86f127c5cc6cc6d9538f0.jpg_280x200_1d2bac5e.jpg,韶关市,浈江区,广东省韶关市浈江区兴隆街29号,-1,-1.0,风光秀丽，花草如茵，庄严古朴并充满朝气,https://piao.qunar.com/ticket/detail_1604378721.html?st=a3clM0QlRTYlQjUlODglRTYlQjElOUYlRTUlOEMlQkElMjZpZCUzRDM2MTglMjZ0eXBlJTNEMCUyNmlkeCUzRDE5JTI2cXQlM0QlMjZhcGslM0QyJTI2c2MlM0RXV1clMjZ1ciUzRCVFNCVCOCVBRCVFNSVCMSVCMSUyNmxyJTNEJUU0JUI4JUFEJUU1JUIxJUIxJTI2ZnQlM0QlN0IlN0Q%3D#from=mpl_search_suggest,-1.0,N/A,大鉴禅寺位於广东省韶关市区，原名大梵寺，始建於唐显庆末年(660年)之前，至今已有一千三百多年历史。据《古志》记载:“南韶......有佛祠曰闻元......唐李复更名为大梵;昔曹溪六祖得心要於黄梅(湖北黄梅)，於此讲顿教。”六祖慧能大师在湖北黄梅东山得法後，回到曹溪宝林寺(今曲江县南华禅寺)，多次应邀到大梵寺讲经说法。据《六祖坛经》记载:“时大师(慧能)至宝杯(南华寺)，韶州韦刺史(名韦璩)与官僚入山(宝林山)，请师出，於城中大梵寺开坛说法，憎尼道俗一千馀人。”可见当时法缘之盛。慧能在韶州大梵寺所说法要及其生平事迹，由弟子法海汇编成书，即今流行的《》(敦煌版本)，简称《六祖坛经》，已成为中国禅宗的经典巨着,01/01-12/31；6:00-18:00开园,https://imgs.qunarzz.com/sight/p0/201403/07/c0c0e48fe3f86f127c5cc6cc6d9538f0.jpg_710x360_3f901c72.jpg〇https://qimgs.qunarzz.com/piao_qsight_provider_piao_qsight_web/56341c43b0db06aac8d65eac.jpg_710x360_e0eaec9d.jpg〇https://qimgs.qunarzz.com/piao_qsight_provider_piao_qsight_web/e532d4e2aacf95a359d40d1b0a5be136.jpg_710x360_2b025d50.jpg〇https://qimgs.qunarzz.com/piao_qsight_provider_piao_qsight_web/757567618e237537.jpg_710x360_17fe8ea0.jpg,"{""ret"": true, ""data"": {""tagList"": [{""tagType"": 0, ""tagScore"": 5, ""tagNum"": 0, ""tagName"": ""\u5168\u90e8""}], ""score"": 0.0, ""commentCount"": 0}, ""statusCode"": 200}"
韶关国家森林公园,https://mp-piao-admincp.qunarzz.com/mp_piao_admin_mp_piao_admin/admin/20217/30d54820c6727b9958d585769ab3c5c2.png_280x200_7ef61cce.png,韶关市,浈江区,韶关市浈江区生态路15号,-1,-1.0,N/A,https://piao.qunar.com/ticket/detail_3589282622.html?st=a3clM0QlRTYlQjUlODglRTYlQjElOUYlRTUlOEMlQkElMjZpZCUzRDUyNDI4NyUyNnR5cGUlM0QwJTI2aWR4JTNEMTglMjZxdCUzRCUyNmFwayUzRDIlMjZzYyUzRFdXVyUyNnVyJTNEJUU0JUI4JUFEJUU1JUIxJUIxJTI2bHIlM0QlRTQlQjglQUQlRTUlQjElQjElMjZmdCUzRCU3QiU3RA%3D%3D#from=mpl_search_suggest,-1.0,N/A,N/A,暂无,https://mp-piao-admincp.qunarzz.com/mp_piao_admin_mp_piao_admin/admin/20217/30d54820c6727b9958d585769ab3c5c2.png_710x360_c2302e12.png,"{""ret"": true, ""data"": {""tagList"": [{""tagType"": 0, ""tagScore"": 5, ""tagNum"": 0, ""tagName"": ""\u5168\u90e8""}], ""score"": 0.0, ""commentCount"": 0}, ""statusCode"": 200}"
风采楼,https://imgs.qunarzz.com/sight/p22/201211/07/826284e2d8f3b8fe93835fbb.jpg_280x200_3533f6d3.jpg,韶关市,浈江区,广东省韶关市浈江区风采路,-1,-1.0,建筑雄伟独特，气势轩昂，是韶关标记建筑,https://piao.qunar.com/ticket/detail_2692602726.html?st=a3clM0QlRTYlQjUlODglRTYlQjElOUYlRTUlOEMlQkElMjZpZCUzRDMyNTUlMjZ0eXBlJTNEMCUyNmlkeCUzRDE3JTI2cXQlM0QlMjZhcGslM0QyJTI2c2MlM0RXV1clMjZ1ciUzRCVFNCVCOCVBRCVFNSVCMSVCMSUyNmxyJTNEJUU0JUI4JUFEJUU1JUIxJUIxJTI2ZnQlM0QlN0IlN0Q%3D#from=mpl_search_suggest,-1.0,N/A,采楼座落在韶关市区风采路，是明代弘治十年（公元1497年）韶州知府钱镛为纪念韶关藉北宋名臣余靖而建的，屡经重修。风采一词是来自于宋襄赞美余靖的诗句：“必有谋猷俾帝右，更加风采动朝端。”宋襄是借用“风采”一词比喻余靖的学识和品格。“风采楼”三个字的题额，是明代书法家陈白沙茅笔字的存世珍品。风采楼与北京天安门、故宫为同时代同风格的建筑物，楼高22米，正方形，顶为三重飞檐翘角，正中有华饰小圆顶。占地100多平方米，原是砖木结构，于1934年以水泥钢盘结构重建，保持原有建筑的一些特色。风采楼东临浈江，西望武水，气势轩昂，建筑精巧，古色古香，被誉为韶关的标记。现已成为韶关市博物馆。,01/01-12/31；全天开放,https://imgs.qunarzz.com/sight/p22/201211/07/826284e2d8f3b8fe93835fbb.jpg_710x360_29a22cce.jpg〇https://imgs.qunarzz.com/sight/p0/1611/3b/3bcbc031c286d85ca3.water.jpg_710x360_33762688.jpg〇https://imgs.qunarzz.com/sight/p0/1611/ac/accbaf3ac4a63f27a3.water.jpg_710x360_ed59b2da.jpg〇https://qimgs.qunarzz.com/piao_qsight_provider_piao_qsight_web/11055c289bce46b5.jpg_710x360_1cce5bac.jpg〇https://qimgs.qunarzz.com/piao_qsight_provider_piao_qsight_web/d918f5567f9954b57747db1d199f368b.jpg_710x360_3986a4d7.jpg〇https://qimgs.qunarzz.com/piao_qsight_provider_piao_qsight_web/bd38b4a95c744d37.jpg_710x360_3eea3eec.jpg,"{""ret"": true, ""data"": {""tagList"": [{""tagType"": 0, ""tagScore"": 5, ""tagNum"": 0, ""tagName"": ""\u5168\u90e8""}], ""score"": 0.0, ""commentCount"": 0}, ""statusCode"": 200}"
韶关水上游,https://qimgs.qunarzz.com/piao_qsight_provider_piao_qsight_web/temp56246747463446664620106e120008f52zyz3C1F_wmr.jpg_280x200_6243f261.jpg,韶关市,浈江区,韶关市浈江区百年东街婚庆广场旁,-1,-1.0,韶关市水上观光旅游综合项目在开工建设北江洲心岛（通天塔）段、韶州体育公园段，浈江西岸百年东街段、奥园文旅城段岸线游船码头,https://piao.qunar.com/ticket/detail_1683697037.html?st=a3clM0QlRTYlQjUlODglRTYlQjElOUYlRTUlOEMlQkElMjZpZCUzRDUxMzMxNSUyNnR5cGUlM0QwJTI2aWR4JTNEMTYlMjZxdCUzRCUyNmFwayUzRDIlMjZzYyUzRFdXVyUyNnVyJTNEJUU0JUI4JUFEJUU1JUIxJUIxJTI2bHIlM0QlRTQlQjglQUQlRTUlQjElQjElMjZmdCUzRCU3QiU3RA%3D%3D#from=mpl_search_suggest,-1.0,N/A,韶关市水上观光旅游综合项目在开工建设北江洲心岛（通天塔）段、韶州体育公园段，浈江西岸百年东街段、奥园文旅城段岸线游船码头及游客集散中心后，将张九龄纪念公园、韶州体育公园、北江洲心岛、百年东街、奥园文旅城等北江沿线重要景观串珠成链。在市区游船码头及游客集散中心建成后12个月内，开通珠江至北江韶关段的特色水上旅游观光项目，打造集游览观光、休闲体验为一体的综合性水上旅游项目。韶关水上游项目位于广东省韶关市浈江区东堤北路东侧，浈江西侧，位于韶关市百年东街广场岸，包含游船码头及游客集散中心，是韶关市水上观光旅游综合项目的重要组成部分。游船观光路线设置为:百年东街起点（浈江河）-通天塔-武江河-北江河-通天塔-百年东街终点（浈江河）。,具体营业状态以当天开放情况为准,https://qimgs.qunarzz.com/piao_qsight_provider_piao_qsight_web/temp56246747463446664620106e120008f52zyz3C1F_wmr.jpg_710x360_d8a40161.jpg,"{""ret"": true, ""data"": {""tagList"": [{""tagType"": 0, ""tagScore"": 5, ""tagNum"": 0, ""tagName"": ""\u5168\u90e8""}], ""score"": 0.0, ""commentCount"": 0}, ""statusCode"": 200}"
新高度林语水上乐园,https://qimgs.qunarzz.com/piao_qsight_provider_piao_qsight_web/1lo0912000etzcc4d0A92_C_900_504.jpg_280x200_4f00f9b8.jpg,韶关市,浈江区,韶关市浈江区莲花北路72号,-1,-1.0,N/A,https://piao.qunar.com/ticket/detail_3898721752.html?st=a3clM0QlRTYlQjUlODglRTYlQjElOUYlRTUlOEMlQkElMjZpZCUzRDUzMTUwNSUyNnR5cGUlM0QwJTI2aWR4JTNENSUyNnF0JTNEJTI2YXBrJTNEMiUyNnNjJTNEV1dXJTI2dXIlM0QlRTQlQjglQUQlRTUlQjElQjElMjZsciUzRCVFNCVCOCVBRCVFNSVCMSVCMSUyNmZ0JTNEJTdCJTdE#from=mpl_search_suggest,13.8,N/A,N/A,1/1-12/31；周一至周日；全天开放,https://qimgs.qunarzz.com/piao_qsight_provider_piao_qsight_web/1lo0912000etzcc4d0A92_C_900_504.jpg_710x360_ae609170.jpg〇https://qimgs.qunarzz.com/piao_qsight_provider_piao_qsight_web/1lo1n12000etzc5kh2C21_C_900_504_Q90_Mtg_7.jpg_710x360_8201d314.jpg〇https://qimgs.qunarzz.com/piao_qsight_provider_piao_qsight_web/1lo4u12000etzcchg5B2C_C_900_504_Q90_Mtg_7.png_710x360_a984417d.png〇https://qimgs.qunarzz.com/piao_qsight_provider_piao_qsight_web/1lo5i12000etzckjq81A6_C_900_504_Q90_Mtg_7.jpg_710x360_5f0d7bef.jpg〇https://qimgs.qunarzz.com/piao_qsight_provider_piao_qsight_web/1lo5912000etzcqew20D5_C_900_504_Q90_Mtg_7.png_710x360_1a6e4659.png〇https://qimgs.qunarzz.com/piao_qsight_provider_piao_qsight_web/1lo0912000etzcc4d0A92_C_900_504_Q90_Mtg_7.jpg_710x360_ae6953c7.jpg,"{""ret"": true, ""data"": {""tagList"": [{""tagType"": 0, ""tagScore"": 5, ""tagNum"": 0, ""tagName"": ""\u5168\u90e8""}], ""score"": 0.0, ""commentCount"": 0}, ""statusCode"": 200}"
水上丹霞,https://qimgs.qunarzz.com/piao_qsight_provider_piao_qsight_web/100c0v000000jspj5F415_C_900_504.jpg_280x200_91d3d2cb.jpg,韶关市,浈江区,广东省韶关市仁化县丹霞山景区内阳元桥头,511,4.5,乘船看青山绵延，奇峰对峙,https://piao.qunar.com/ticket/detail_3223884824.html?st=a3clM0QlRTYlQjUlODglRTYlQjElOUYlRTUlOEMlQkElMjZpZCUzRDE5MzIyNCUyNnR5cGUlM0QwJTI2aWR4JTNEMyUyNnF0JTNEJTI2YXBrJTNEMiUyNnNjJTNEV1dXJTI2dXIlM0QlRTQlQjglQUQlRTUlQjElQjElMjZsciUzRCVFNCVCOCVBRCVFNSVCMSVCMSUyNmZ0JTNEJTdCJTdE#from=mpl_search_suggest,120.0,N/A,水上丹霞位于丹霞山风景区内阳元桥南侧的广东丹霞山博士生态园实业有限公司。配备各种观光游船共十九艘，办公及游客休闲场所近3500平方米，码头总面积13000余平方米。水上丹霞阳元码头，目前主要经营游船观光配套服务，凭借着得天独厚的地理优势、便捷快速的交通网络和丰富的自然资源，重新诠释了生态休闲度假之旅的新内涵。“丹山碧水”，“碧水”指的就是锦江（水上丹霞）。锦江（水上丹霞）似一条玉带自北而南缠绕于丹霞山群峰之中，江水清澈，两岸奇峰倒映，景色千姿百态。来到丹霞山，您务必真正地游山玩水。乘坐水上丹霞游船，即可跟着船长近距离观赏丹霞山群象过江、赤壁丹霞、金龟朝圣、鲤鱼跳龙门、仙人插掌、茶壶峰、观音送子、姐妹峰等二十多处大自然鬼斧神工的杰作，登山后乘船游览水上丹霞，既可对比远眺与近观的差别，也能让您更加放松心情和体能。故有“一江贯丹霞”的美称。江面蜿蜒曲折，水流平缓，沿江两岸层峦叠嶂，千姿百态，让游客身临其境，感受大自然的美好。聆听动人的传说，无不使您充满奇幻的遐想与美丽的憧憬。码头园区内景色秀丽、植被茂密葱郁，一年四季如春，平均气温比四周低3-5度，空气清新。游人置身其中，仿佛人间仙境、世外桃源。,05/01-09/30；周一至周五；09:00-18:00开园,https://qimgs.qunarzz.com/piao_qsight_provider_piao_qsight_web/100c0v000000jspj5F415_C_900_504.jpg_710x360_6f3d1ef2.jpg〇https://qimgs.qunarzz.com/piao_qsight_provider_piao_qsight_web/0100r120008hfkrmhFB70_C_900_504_Q90_Mtg_7.jpg_710x360_79e9b8cd.jpg〇https://qimgs.qunarzz.com/piao_qsight_provider_piao_qsight_web/0104o120008hfkjhx6202_C_900_504_Q90_Mtg_7.jpg_710x360_ceebd858.jpg〇https://qimgs.qunarzz.com/piao_qsight_provider_piao_qsight_web/100v1f000001h1dbn215B_C_900_504_Q90_Mtg_7.jpg_710x360_ccdbab41.jpg〇https://qimgs.qunarzz.com/piao_qsight_provider_piao_qsight_web/100c0v000000jspj5F415_C_900_504_Q90_Mtg_7.jpg_710x360_1ed24677.jpg〇https://imgs.qunarzz.com/sight/p0/1611/db/dbca3c6dc88dba86a3.water.jpg_710x360_eca2f0a1.jpg〇https://imgs.qunarzz.com/sight/p0/1611/c3/c3e1c1af05e4bd9ba3.water.jpg_710x360_4fb4acaf.jpg〇https://imgs.qunarzz.com/sight/p0/1611/88/8823d2f20b21618fa3.water.jpg_710x360_c3ea2425.jpg〇https://imgs.qunarzz.com/sight/p0/1611/62/626e3d60b26ecb19a3.water.jpg_710x360_bea454aa.jpg〇https://imgs.qunarzz.com/sight/p0/1611/9a/9a5239c49bc1a988a3.water.jpg_710x360_f6c1dede.jpg〇https://imgs.qunarzz.com/sight/p0/1611/1a/1ac5263036d65293a3.water.jpg_710x360_043f2ad5.jpg〇https://imgs.qunarzz.com/sight/p0/1611/eb/eb3c7ab43bf143aea3.water.jpg_710x360_8ec78ced.jpg〇https://imgs.qunarzz.com/sight/p0/1611/5b/5b41335fbee11073a3.water.jpg_710x360_b98471ff.jpg〇https://imgs.qunarzz.com/sight/p0/1611/4f/4f3888503def2d72a3.water.jpg_710x360_0eb1ac99.jpg〇https://imgs.qunarzz.com/sight/p0/1611/9c/9c0f1082048a1b5da3.water.jpg_710x360_d0d43503.jpg〇https://imgs.qunarzz.com/sight/p0/1509/4e/4e3829f0681f2dea.water.jpg_710x360_ba2c5904.jpg〇https://imgs.qunarzz.com/sight/p0/1509/83/8338c34f68dde94c.water.jpg_710x360_6a1b9944.jpg〇https://imgs.qunarzz.com/sight/p0/1509/5f/5f5afd8c02ef1165.water.jpg_710x360_1b443511.jpg〇https://imgs.qunarzz.com/sight/p0/1509/43/43766d58ac6cd3dd.water.jpg_710x360_4e305d5e.jpg〇https://imgs.qunarzz.com/sight/p0/1509/db/dbca3c6dc88dba86.water.jpg_710x360_81dc5f26.jpg〇https://imgs.qunarzz.com/sight/p0/1509/a3/a3e6f79b43a2c88d.water.jpg_710x360_ee4921f3.jpg〇https://imgs.qunarzz.com/sight/p0/1509/7f/7f1be1bc271dfd63.water.jpg_710x360_658501cf.jpg〇https://imgs.qunarzz.com/sight/p0/1509/d4/d4d939b690a07fde.water.jpg_710x360_9745083c.jpg〇https://imgs.qunarzz.com/sight/p0/1509/ff/ffd994d35e4aea37.water.jpg_710x360_772c6d82.jpg〇https://qimgs.qunarzz.com/piao_qsight_provider_piao_qsight_web/02eca3fbbd5a531fdb28a4675f2b70a8.jpg_710x360_07b7b63c.jpg〇https://qimgs.qunarzz.com/piao_qsight_provider_piao_qsight_web/752cf48e3c1e92a07bbb5a155313f594.jpg_710x360_a3317fd9.jpg〇https://qimgs.qunarzz.com/piao_qsight_provider_piao_qsight_web/076b0bf27f3c697e8970fec90d1902a4.jpg_710x360_a25818b5.jpg〇https://qimgs.qunarzz.com/piao_qsight_provider_piao_qsight_web/14748e697d75bd8606e4b6084fe13369.jpg_710x360_f6dde3cf.jpg〇https://qimgs.qunarzz.com/piao_qsight_provider_piao_qsight_web/b965558ec829a70e36f062329beb4acf.jpg_710x360_caa7e13b.jpg〇https://qimgs.qunarzz.com/piao_qsight_provider_piao_qsight_web/43af576f7092fdea8013f310ca44b3d7.jpg_710x360_a57973fe.jpg〇https://qimgs.qunarzz.com/piao_qsight_provider_piao_qsight_web/3836eab0a501a9980d949b17b124a61d.jpg_710x360_9ecb8f62.jpg〇https://qimgs.qunarzz.com/piao_qsight_provider_piao_qsight_web/6df1dfd90bb19e909baf3f8727db18a7.jpg_710x360_0a1cfa4c.jpg〇https://qimgs.qunarzz.com/piao_qsight_provider_piao_qsight_web/b20dce1948de898bfc6bb8ca1cdd9ba0.jpg_710x360_c77f7fc9.jpg〇https://qimgs.qunarzz.com/piao_qsight_provider_piao_qsight_web/9287206cf356da92be72679f9f4d91eb.jpg_710x360_ca1fc2ec.jpg〇https://qimgs.qunarzz.com/piao_qsight_provider_piao_qsight_web/854a9dbafcd8b4f5039305ec5724db7b.jpg_710x360_09bd4e3e.jpg〇https://qimgs.qunarzz.com/piao_qsight_provider_piao_qsight_web/5270b757655cab1a30311a66d51e5364.jpg_710x360_682b6455.jpg〇https://qimgs.qunarzz.com/piao_qsight_provider_piao_qsight_web/49ca33052c794ce623670d9919f4408d.jpg_710x360_39ade995.jpg〇https://qimgs.qunarzz.com/piao_qsight_provider_piao_qsight_web/b84d9eeb3c757170e8c17d53708cbaaf.jpg_710x360_19efe0b2.jpg〇https://qimgs.qunarzz.com/piao_qsight_provider_piao_qsight_web/363f50a0f289d90f9049956c14ec2ddc.jpg_710x360_edf987c0.jpg〇https://qimgs.qunarzz.com/piao_qsight_provider_piao_qsight_web/72b5ed735cbbc3763110c60bedee48dd.jpg_710x360_fc6c608f.jpg〇https://qimgs.qunarzz.com/piao_qsight_provider_piao_qsight_web/17fb63917eff53835033cda6c1bc78ae.jpg_710x360_15f12b3a.jpg〇https://qimgs.qunarzz.com/piao_qsight_provider_piao_qsight_web/554ba8e3bb99666aab89c3f8ee826f3b.jpg_710x360_b4032302.jpg〇https://qimgs.qunarzz.com/piao_qsight_provider_piao_qsight_web/ccbcef38574018af0998198e4c2ffb0c.jpg_710x360_b0ffb82f.jpg〇https://qimgs.qunarzz.com/piao_qsight_provider_piao_qsight_web/142a754f45338f0ef24ef71d9c2eac97.jpg_710x360_fb10403e.jpg,"{""ret"": true, ""data"": {""tagList"": [{""tagType"": 32, ""tagScore"": 5, ""tagNum"": 3, ""tagName"": ""\u670d\u52a1\u597d""}, {""tagType"": 16, ""tagScore"": 5, ""tagNum"": 4, ""tagName"": ""\u9760\u8c31""}, {""tagType"": 8, ""tagScore"": 5, ""tagNum"": 3, ""tagName"": ""\u4fbf\u5b9c""}, {""tagType"": 4, ""tagScore"": 5, ""tagNum"": 8, ""tagName"": ""\u53d6\u7968\u65b9\u4fbf""}, {""tagType"": 3, ""tagScore"": 5, ""tagNum"": 3, ""tagName"": ""\u5dee\u8bc4""}, {""tagType"": 2, ""tagScore"": 5, ""tagNum"": 9, ""tagName"": ""\u4e2d\u8bc4""}, {""tagType"": 1, ""tagScore"": 5, ""tagNum"": 468, ""tagName"": ""\u597d\u8bc4""}, {""tagType"": 0, ""tagScore"": 5, ""tagNum"": 511, ""tagName"": ""\u5168\u90e8""}], ""commentList"": [{""author"": ""\u4e00*D"", ""content"": ""\u6bd4\u5728\u666f\u533a\u4e70\u5c11\u4e86\u516d\u5757\u94b1\uff0c\u539f\u6765\u9152\u5e97\u8001\u677f\u53ef\u4ee5\u5e2e\u5fd9\u4f18\u60e0\u9884\u8ba2\uff0c\u81ea\u4ece\u666f\u533a\u514d\u7968\u4ee5\u6765\uff0c\u597d\u50cf\u5c31\u6ca1\u8fd9\u4e2a\u4f18\u60e0\u4e86\uff0c\u6240\u4ee5\u81ea\u5df1\u5f97\u5728\u7f51\u4e0a\u8d2d\u4e70\u3002\u6cbf\u9014\u98ce\u666f\u8f83\u7f8e\u3002"", ""date"": ""2024-08-23"", ""score"": 5, ""commentId"": ""235804323"", ""imgs"": [{""small"": ""https://qimgs.qunarzz.com/mp_piao_0001/temp2496903871119278459file_1724424027000.jpg_120x120_b99f2c9b.jpg"", ""title"": """", ""big"": ""https://qimgs.qunarzz.com/mp_piao_0001/temp2496903871119278459file_1724424027000.jpg""}, {""small"": ""https://qimgs.qunarzz.com/mp_piao_0001/temp13111101086557304325file_1724424027000.jpg_120x120_61d9f19a.jpg"", ""title"": """", ""big"": ""https://qimgs.qunarzz.com/mp_piao_0001/temp13111101086557304325file_1724424027000.jpg""}, {""small"": ""https://qimgs.qunarzz.com/mp_piao_0001/temp5264526496854520099file_1724424027000.jpg_120x120_c7dcd4b4.jpg"", ""title"": """", ""big"": ""https://qimgs.qunarzz.com/mp_piao_0001/temp5264526496854520099file_1724424027000.jpg""}], ""userNickName"": ""\u4e00*D"", ""replyCityName"": """", ""cityName"": ""\u5e7f\u4e1c""}, {""author"": ""g*3"", ""content"": ""\u7528\u6237\u672a\u70b9\u8bc4\uff0c\u7cfb\u7edf\u9ed8\u8ba4\u597d\u8bc4\u3002"", ""date"": ""2024-12-10"", ""score"": 5, ""commentId"": ""239177374"", ""imgs"": [], ""userNickName"": ""g*3"", ""replyCityName"": """", ""cityName"": """"}, {""author"": ""\u542c*\u96e8"", ""content"": ""\u7528\u6237\u672a\u70b9\u8bc4\uff0c\u7cfb\u7edf\u9ed8\u8ba4\u597d\u8bc4\u3002"", ""date"": ""2024-12-04"", ""score"": 5, ""commentId"": ""239098248"", ""imgs"": [], ""userNickName"": ""\u542c*\u96e8"", ""replyCityName"": """", ""cityName"": """"}, {""author"": ""A*I"", ""content"": ""\u7528\u6237\u672a\u70b9\u8bc4\uff0c\u7cfb\u7edf\u9ed8\u8ba4\u597d\u8bc4\u3002"", ""date"": ""2024-10-17"", ""score"": 5, ""commentId"": ""237705308"", ""imgs"": [], ""userNickName"": ""A*I"", ""replyCityName"": """", ""cityName"": """"}, {""author"": ""z*5"", ""content"": ""\u7528\u6237\u672a\u70b9\u8bc4\uff0c\u7cfb\u7edf\u9ed8\u8ba4\u597d\u8bc4\u3002"", ""date"": ""2024-10-15"", ""score"": 5, ""commentId"": ""237631210"", ""imgs"": [], ""userNickName"": ""z*5"", ""replyCityName"": """", ""cityName"": """"}, {""author"": ""z*5"", ""content"": ""\u7528\u6237\u672a\u70b9\u8bc4\uff0c\u7cfb\u7edf\u9ed8\u8ba4\u597d\u8bc4\u3002"", ""date"": ""2024-10-15"", ""score"": 5, ""commentId"": ""237630745"", ""imgs"": [], ""userNickName"": ""z*5"", ""replyCityName"": """", ""cityName"": """"}, {""author"": ""\u53bb*\u6237"", ""content"": ""\u7528\u6237\u672a\u70b9\u8bc4\uff0c\u7cfb\u7edf\u9ed8\u8ba4\u597d\u8bc4\u3002"", ""date"": ""2024-10-08"", ""score"": 5, ""commentId"": ""237548367"", ""imgs"": [], ""userNickName"": ""\u53bb*\u6237"", ""replyCityName"": """", ""cityName"": """"}, {""author"": ""\u53bb*\u6237"", ""content"": ""\u7528\u6237\u672a\u70b9\u8bc4\uff0c\u7cfb\u7edf\u9ed8\u8ba4\u597d\u8bc4\u3002"", ""date"": ""2024-10-01"", ""score"": 5, ""commentId"": ""237420025"", ""imgs"": [], ""userNickName"": ""\u53bb*\u6237"", ""replyCityName"": """", ""cityName"": """"}, {""author"": ""n*4"", ""content"": ""\u7528\u6237\u672a\u70b9\u8bc4\uff0c\u7cfb\u7edf\u9ed8\u8ba4\u597d\u8bc4\u3002"", ""date"": ""2024-09-30"", ""score"": 5, ""commentId"": ""237390016"", ""imgs"": [], ""userNickName"": ""n*4"", ""replyCityName"": """", ""cityName"": """"}, {""author"": ""\u53bb*\u6237"", ""content"": ""\u7528\u6237\u672a\u70b9\u8bc4\uff0c\u7cfb\u7edf\u9ed8\u8ba4\u597d\u8bc4\u3002"", ""date"": ""2024-09-30"", ""score"": 5, ""commentId"": ""237387851"", ""imgs"": [], ""userNickName"": ""\u53bb*\u6237"", ""replyCityName"": """", ""cityName"": """"}], ""score"": 4.5, ""commentCount"": 511}, ""statusCode"": 200}"
华南虎园,https://qimgs.qunarzz.com/piao_qsight_provider_piao_qsight_web/1lo0r12000cvdepg96B04_C_900_504.jpg_280x200_ee74d344.jpg,韶关市,浈江区,广东省韶关市浈江区生态路15号(韶关国家森林公园内),45,4.9,了解虎文化科普知识，享尽大自然的美景,https://piao.qunar.com/ticket/detail_960390237.html?st=a3clM0QlRTYlQjUlODglRTYlQjElOUYlRTUlOEMlQkElMjZpZCUzRDM3MjAxJTI2dHlwZSUzRDAlMjZpZHglM0QyJTI2cXQlM0QlMjZhcGslM0QyJTI2c2MlM0RXV1clMjZ1ciUzRCVFNCVCOCVBRCVFNSVCMSVCMSUyNmxyJTNEJUU0JUI4JUFEJUU1JUIxJUIxJTI2ZnQlM0QlN0IlN0Q%3D#from=mpl_search_suggest,19.9,N/A,韶关市华南虎繁育研究基地，1期工程占地11000平方米，建筑面积680平方米。2期工程在1期的基础上，以加快华南虎种群繁育和复壮为核心，以恢复华南虎种群数量为目的，将基地建成具有较大规模的华南虎种群繁育基地。2期工程位于基地中部区域，占地41700平方米；3期重点建设华南虎野化训练区，实施放虎归山计划，占地20.36公顷。从而达到3期一共占地28.45公顷。构建完善的粤北华南虎保护体系、科研监测体系、宣传教育体系，全面保护华南虎适宜栖息地，开展华南虎繁养和野化研究工作，使华南虎等国家重点保护的珍稀濒危动植物种群数量得到恢复性增长。,1/1-12/31；周一至周日；8:00-17:30开园,https://qimgs.qunarzz.com/piao_qsight_provider_piao_qsight_web/1lo0r12000cvdepg96B04_C_900_504.jpg_710x360_c16aa343.jpg〇https://qimgs.qunarzz.com/piao_qsight_provider_piao_qsight_web/1lo4c12000cvdeq1s2FAF_C_900_504_Q90_Mtg_7.jpg_710x360_67782900.jpg〇https://qimgs.qunarzz.com/piao_qsight_provider_piao_qsight_web/1lo6f12000cvdf5zdD288_C_900_504_Q90_Mtg_7.jpg_710x360_91d3284a.jpg〇https://qimgs.qunarzz.com/piao_qsight_provider_piao_qsight_web/1lo0i12000cvdfoub307F_C_900_504_Q90_Mtg_7.jpg_710x360_f682429a.jpg〇https://qimgs.qunarzz.com/piao_qsight_provider_piao_qsight_web/1lo2s12000cvdfujgA046_C_900_504_Q90_Mtg_7.jpg_710x360_76a48742.jpg〇https://qimgs.qunarzz.com/piao_qsight_provider_piao_qsight_web/1lo0r12000cvdepg96B04_C_900_504_Q90_Mtg_7.jpg_710x360_4e494c46.jpg〇https://imgs.qunarzz.com/sight/p0/201301/05/94b42259491dbd7793835fbb.png_710x360_fd09057d.png〇https://imgs.qunarzz.com/sight/p0/201301/05/f814e3a2c7c9349293835fbb.png_710x360_01c3f879.png〇https://imgs.qunarzz.com/sight/p0/201301/05/7cabae8d27cc83cc93835fbb.png_710x360_15f09c47.png〇https://imgs.qunarzz.com/sight/p0/201301/05/c0b5eeb07a027d2093835fbb.png_710x360_67b46aca.png〇https://imgs.qunarzz.com/sight/p0/201301/05/6a5f91e0087aa9f893835fbb.png_710x360_ace10d41.png,"{""ret"": true, ""data"": {""tagList"": [{""tagType"": 3, ""tagScore"": 5, ""tagNum"": 1, ""tagName"": ""\u5dee\u8bc4""}, {""tagType"": 1, ""tagScore"": 5, ""tagNum"": 44, ""tagName"": ""\u597d\u8bc4""}, {""tagType"": 0, ""tagScore"": 5, ""tagNum"": 45, ""tagName"": ""\u5168\u90e8""}], ""commentList"": [{""author"": ""x*0"", ""content"": ""\u7528\u6237\u672a\u70b9\u8bc4\uff0c\u7cfb\u7edf\u9ed8\u8ba4\u597d\u8bc4\u3002"", ""date"": ""2024-12-26"", ""score"": 5, ""commentId"": ""239378791"", ""imgs"": [], ""userNickName"": ""x*0"", ""replyCityName"": """", ""cityName"": """"}, {""author"": ""\u53bb*\u6237"", ""content"": ""\u7528\u6237\u672a\u70b9\u8bc4\uff0c\u7cfb\u7edf\u9ed8\u8ba4\u597d\u8bc4\u3002"", ""date"": ""2024-12-04"", ""score"": 5, ""commentId"": ""239091897"", ""imgs"": [], ""userNickName"": ""\u53bb*\u6237"", ""replyCityName"": """", ""cityName"": """"}, {""author"": ""a*9"", ""content"": ""\u7528\u6237\u672a\u70b9\u8bc4\uff0c\u7cfb\u7edf\u9ed8\u8ba4\u597d\u8bc4\u3002"", ""date"": ""2024-11-20"", ""score"": 5, ""commentId"": ""238854372"", ""imgs"": [], ""userNickName"": ""a*9"", ""replyCityName"": """", ""cityName"": """"}, {""author"": ""n*2"", ""content"": ""\u7528\u6237\u672a\u70b9\u8bc4\uff0c\u7cfb\u7edf\u9ed8\u8ba4\u597d\u8bc4\u3002"", ""date"": ""2024-11-13"", ""score"": 5, ""commentId"": ""238752241"", ""imgs"": [], ""userNickName"": ""n*2"", ""replyCityName"": """", ""cityName"": """"}, {""author"": ""j*7"", ""content"": ""\u7528\u6237\u672a\u70b9\u8bc4\uff0c\u7cfb\u7edf\u9ed8\u8ba4\u597d\u8bc4\u3002"", ""date"": ""2024-11-03"", ""score"": 5, ""commentId"": ""238234866"", ""imgs"": [], ""userNickName"": ""j*7"", ""replyCityName"": """", ""cityName"": """"}, {""author"": ""\u6b27*\u59d0"", ""content"": ""\u7528\u6237\u672a\u70b9\u8bc4\uff0c\u7cfb\u7edf\u9ed8\u8ba4\u597d\u8bc4\u3002"", ""date"": ""2024-11-03"", ""score"": 5, ""commentId"": ""238214251"", ""imgs"": [], ""userNickName"": ""\u6b27*\u59d0"", ""replyCityName"": """", ""cityName"": """"}, {""author"": ""l*1"", ""content"": ""\u7528\u6237\u672a\u70b9\u8bc4\uff0c\u7cfb\u7edf\u9ed8\u8ba4\u597d\u8bc4\u3002"", ""date"": ""2024-11-03"", ""score"": 5, ""commentId"": ""238196225"", ""imgs"": [], ""userNickName"": ""l*1"", ""replyCityName"": """", ""cityName"": """"}, {""author"": ""l*1"", ""content"": ""\u7528\u6237\u672a\u70b9\u8bc4\uff0c\u7cfb\u7edf\u9ed8\u8ba4\u597d\u8bc4\u3002"", ""date"": ""2024-11-03"", ""score"": 5, ""commentId"": ""238194337"", ""imgs"": [], ""userNickName"": ""l*1"", ""replyCityName"": """", ""cityName"": """"}, {""author"": ""J*8"", ""content"": ""\u7528\u6237\u672a\u70b9\u8bc4\uff0c\u7cfb\u7edf\u9ed8\u8ba4\u597d\u8bc4\u3002"", ""date"": ""2024-11-03"", ""score"": 5, ""commentId"": ""238181403"", ""imgs"": [], ""userNickName"": ""J*8"", ""replyCityName"": """", ""cityName"": """"}, {""author"": ""\u53bb*\u6237"", ""content"": ""\u7528\u6237\u672a\u70b9\u8bc4\uff0c\u7cfb\u7edf\u9ed8\u8ba4\u597d\u8bc4\u3002"", ""date"": ""2024-11-01"", ""score"": 5, ""commentId"": ""237958800"", ""imgs"": [], ""userNickName"": ""\u53bb*\u6237"", ""replyCityName"": """", ""cityName"": """"}], ""score"": 4.9, ""commentCount"": 45}, ""statusCode"": 200}"
东湖坪民俗文化村,https://qimgs.qunarzz.com/piao_qsight_provider_piao_qsight_web/6a7999543c6b10b0224e98fa2ca2f32e.jpg_280x200_ac04b55a.jpg,韶关市,始兴县,广东省韶关市始兴县东湖坪客家民俗文化村,9,4.1,大、古、奇的建筑物和讲不完的神奇故事,https://piao.qunar.com/ticket/detail_2090143941.html?st=a3clM0QlRTUlQTclOEIlRTUlODUlQjQlRTUlOEUlQkYlMjZpZCUzRDMxMTYlMjZ0eXBlJTNEMCUyNmlkeCUzRDQlMjZxdCUzRCUyNmFwayUzRDIlMjZzYyUzRFdXVyUyNnVyJTNEJUU0JUI4JUFEJUU1JUIxJUIxJTI2bHIlM0QlRTQlQjglQUQlRTUlQjElQjElMjZmdCUzRCU3QiU3RA%3D%3D#from=mpl_search_suggest,-1.0,N/A,民俗风情于一体的大型文化游览区。占地面积29平方米，是往南雄、江西所经之地。东湖坪却没有湖，而有的是大、古、奇的建筑物和讲不完的神奇故事。东湖坪共辖6个紧密相连的自然村，其中以曾姓为主的有4个自然村。相传东湖坪曾姓居民均是孔子的学生曾参的后裔。据《武姓曾氏重修族谱》（公元1926年）的介绍，500多年前，现在的东湖坪曾姓始祖“由嘉应州镇平县（今梅州蕉岭县）迁居始兴县东湖坪开基”，从此他们在这里辛勤劳动，繁衍生息。这里始建于清代的九栋十八厅曾氏祠堂、永成堂围楼、藏宝秘图与曾氏银库等都是他们所创基业。这些建筑结构独特，建造坚固，雄浑古朴，凝重厚实，反映着当年客家文化的丰硕和经济富庶。民俗村内清代曾代宗祠雕梁画栋，匾额金碧辉煌，陈设有曾氏五位始祖神像，再现了宗法社会宗族祠堂肃穆庄重的场面。内还有千块奇石精品供游人观赏，清代婚嫁抢亲表演，说亲、对八字、相亲、定亲、哭嫁、送嫁、出亲、抢亲、拜堂、闹洞房、婚宴等系列婚嫁活动让你感觉古时的婚嫁习俗。清代永成保障围楼是为清朝重臣张之洞题写石匾五层楼高的围楼，里面设有民俗文物展览，层出明清时期农村人的各种用品数百件，像一部再现上百年前宗法社会的民俗大观.清代曾氏银库有三栋共三套封闭性防御性极强的民居，每套为一厅四房。厅内有精美绝伦的灰塑、彩画、诗词、对联的壁画，俗称“天门阿公”，是全国罕见、具有极高文化品品味的民居室内装饰艺术。,01/01-12/31；8:30-17:30开园,https://imgs.qunarzz.com/sight/p0/201403/07/d45c7d2da60408e9502ef3073ff41fd3.jpg_710x360_0ae46ad9.jpg〇https://imgs.qunarzz.com/sight/p0/201403/07/a4e3a563ec1a9d210e65c94a9e829986.jpg_710x360_57cfbdf2.jpg〇https://imgs.qunarzz.com/sight/p0/201403/07/021175bd9fd0c1fd4eaccbd03ed306bf.jpg_710x360_52f438ed.jpg〇https://imgs.qunarzz.com/sight/p0/201403/07/d5f4a3b6818b09c5686708ed1635c1fd.jpg_710x360_e19fc26e.jpg〇https://imgs.qunarzz.com/sight/p0/201403/07/54a469e6ef38b16ece72924aa108c7cd.jpg_710x360_b39bd894.jpg〇https://qimgs.qunarzz.com/piao_qsight_provider_piao_qsight_web/78f4fda9725ef802.jpg_710x360_9c72cc0a.jpg〇https://qimgs.qunarzz.com/piao_qsight_provider_piao_qsight_web/dbfcedb477bff402.jpg_710x360_2ca51944.jpg〇https://qimgs.qunarzz.com/piao_qsight_provider_piao_qsight_web/c1b0b40331430202.jpg_710x360_5f6f466c.jpg〇https://qimgs.qunarzz.com/piao_qsight_provider_piao_qsight_web/4bec6971a101d602.jpg_710x360_83d8a413.jpg〇https://qimgs.qunarzz.com/piao_qsight_provider_piao_qsight_web/dbfcedb477bff402.jpg_710x360_2ca51944.jpg〇https://qimgs.qunarzz.com/piao_qsight_provider_piao_qsight_web/c1b0b40331430202.jpg_710x360_5f6f466c.jpg〇https://qimgs.qunarzz.com/piao_qsight_provider_piao_qsight_web/dbfcedb477bff402.jpg_710x360_2ca51944.jpg〇https://qimgs.qunarzz.com/piao_qsight_provider_piao_qsight_web/78f4fda9725ef802.jpg_710x360_9c72cc0a.jpg〇https://qimgs.qunarzz.com/piao_qsight_provider_piao_qsight_web/c1b0b40331430202.jpg_710x360_5f6f466c.jpg〇https://qimgs.qunarzz.com/piao_qsight_provider_piao_qsight_web/a6b9b173a0623d7bb855b25cb2cb3d2c.gif_710x360_b1a40a68.gif〇https://qimgs.qunarzz.com/piao_qsight_provider_piao_qsight_web/6a7999543c6b10b0224e98fa2ca2f32e.jpg_710x360_658bedb1.jpg〇https://qimgs.qunarzz.com/piao_qsight_provider_piao_qsight_web/829c502ba81b7e37.jpg_710x360_23744b00.jpg,"{""ret"": true, ""data"": {""tagList"": [{""tagType"": 2, ""tagScore"": 5, ""tagNum"": 1, ""tagName"": ""\u4e2d\u8bc4""}, {""tagType"": 1, ""tagScore"": 5, ""tagNum"": 8, ""tagName"": ""\u597d\u8bc4""}, {""tagType"": 0, ""tagScore"": 5, ""tagNum"": 9, ""tagName"": ""\u5168\u90e8""}], ""commentList"": [{""author"": ""M*4"", ""content"": ""\u5ba2\u5bb6\u6c11\u5316\u7684\u5386\u53f2\u5c55\u793a\uff0c\u503c\u5f97\u53bb\u4e86\u89e3\u3002"", ""date"": ""2017-05-20"", ""score"": 4, ""commentId"": ""205087842"", ""imgs"": [{""small"": ""https://imgs.qunarzz.com/p/tts0/1801/be/c1b0b40331430202.jpg_120x120_f060b6d4.jpg"", ""title"": """", ""big"": ""https://imgs.qunarzz.com/p/tts0/1801/be/c1b0b40331430202.jpg""}, {""small"": ""https://imgs.qunarzz.com/p/tts6/1801/fb/78f4fda9725ef802.jpg_120x120_f17431c7.jpg"", ""title"": """", ""big"": ""https://imgs.qunarzz.com/p/tts6/1801/fb/78f4fda9725ef802.jpg""}, {""small"": ""https://imgs.qunarzz.com/p/tts4/1801/d0/dbfcedb477bff402.jpg_120x120_81403299.jpg"", ""title"": """", ""big"": ""https://imgs.qunarzz.com/p/tts4/1801/d0/dbfcedb477bff402.jpg""}], ""userNickName"": ""M*4"", ""replyCityName"": """", ""cityName"": """"}, {""author"": ""M*9"", ""content"": ""\u6709\u7740\u539f\u5473\u7684\u53e4\u6751\uff0c\u73af\u5883\u4e0d\u9519\uff0c\u503c\u5f97\u53bb\u3002"", ""date"": ""2017-05-17"", ""score"": 4, ""commentId"": ""205093230"", ""imgs"": [{""small"": ""https://imgs.qunarzz.com/p/tts3/1801/be/c1b0b40331430202.jpg_120x120_3ad67dec.jpg"", ""title"": """", ""big"": ""https://imgs.qunarzz.com/p/tts3/1801/be/c1b0b40331430202.jpg""}, {""small"": ""https://imgs.qunarzz.com/p/tts8/1801/d0/dbfcedb477bff402.jpg_120x120_2d4c8d6c.jpg"", ""title"": """", ""big"": ""https://imgs.qunarzz.com/p/tts8/1801/d0/dbfcedb477bff402.jpg""}, {""small"": ""https://imgs.qunarzz.com/p/tts2/1801/f8/4bec6971a101d602.jpg_120x120_0aeeeab5.jpg"", ""title"": """", ""big"": ""https://imgs.qunarzz.com/p/tts2/1801/f8/4bec6971a101d602.jpg""}], ""userNickName"": ""M*9"", ""replyCityName"": """", ""cityName"": """"}, {""author"": ""M*4"", ""content"": ""\u666f\u8272\u8fd8\u662f\u53ef\u4ee5\u7684\uff0c\u539f\u6c41\u539f\u5473\u7684\u65e7\u6751\u3002"", ""date"": ""2017-05-07"", ""score"": 4, ""commentId"": ""205111435"", ""imgs"": [{""small"": ""https://imgs.qunarzz.com/p/tts6/1801/be/c1b0b40331430202.jpg_120x120_a01217d5.jpg"", ""title"": """", ""big"": ""https://imgs.qunarzz.com/p/tts6/1801/be/c1b0b40331430202.jpg""}, {""small"": ""https://imgs.qunarzz.com/p/tts2/1801/d0/dbfcedb477bff402.jpg_120x120_0e3bd0de.jpg"", ""title"": """", ""big"": ""https://imgs.qunarzz.com/p/tts2/1801/d0/dbfcedb477bff402.jpg""}, {""small"": ""https://imgs.qunarzz.com/p/tts2/1801/fb/78f4fda9725ef802.jpg_120x120_ad2b2a55.jpg"", ""title"": """", ""big"": ""https://imgs.qunarzz.com/p/tts2/1801/fb/78f4fda9725ef802.jpg""}], ""userNickName"": ""M*4"", ""replyCityName"": """", ""cityName"": """"}, {""author"": ""M*3"", ""content"": ""\u548c\u767e\u5ea6\u767e\u5ea6\u770b\u770b\u597d\u7684\u4eac\u4e1c\u65b9\u597d\u5403\u7684*\u9e45\u5375\u77f3\u6211"", ""date"": ""2017-04-07"", ""score"": 5, ""commentId"": ""205065768"", ""imgs"": [{""small"": ""https://imgs.qunarzz.com/p/tts9/1801/c4/1b856f1553371d02.png_120x120_70a92598.png"", ""title"": """", ""big"": ""https://imgs.qunarzz.com/p/tts9/1801/c4/1b856f1553371d02.png""}], ""userNickName"": ""M*3"", ""replyCityName"": """", ""cityName"": """"}, {""author"": ""M*2"", ""content"": ""\u4e1c\u6e56\u576a\u6c11\u4fd7\u6587\u5316\u6751\uff0c\u975e\u5e38\u503c\u5f97\u6211\u4eec\u6765\u770b\u770b"", ""date"": ""2017-05-23"", ""score"": 4, ""commentId"": ""205078865"", ""imgs"": [], ""userNickName"": ""M*2"", ""replyCityName"": """", ""cityName"": """"}, {""author"": ""E*7"", ""content"": ""\u4e1c\u6e56\u576a\u6c11\u4fd7\u6587\u5316\u6751\uff0c\u503c\u5f97\u6211\u4eec\u6765\u770b\u770b"", ""date"": ""2017-05-23"", ""score"": 4, ""commentId"": ""205078863"", ""imgs"": [], ""userNickName"": ""E*7"", ""replyCityName"": """", ""cityName"": """"}, {""author"": ""1*3"", ""content"": ""\u97f6\u5173\u4e1c\u6e56\u576a\u6c11\u4fd7\u6587\u5316\u6751\u5728\u59cb\u5174\u53bf\uff0c\u5c55\u793a\u4e86\u7476\u65cf\u3001\u82d7\u65cf\u3001\u767d\u65cf\u7b49\u591a\u4e2a\u6c11\u65cf\u7684\u751f\u6d3b\u4e60\u4fd7\u3002\u53e4\u697c\u5efa\u7b51\u4fdd\u5b58\u6bd4\u8f83\u5b8c\u6574\u3002"", ""date"": ""2017-03-27"", ""score"": 4, ""commentId"": ""204946386"", ""imgs"": [], ""userNickName"": ""1*3"", ""replyCityName"": """", ""cityName"": """"}, {""author"": ""1*6"", ""content"": ""\u7f8e\uff0c\u5f88\u6709\u7279\u8272\u7684\u56f4\u5c4b\uff0c\u7535\u89c6\u56f4\u5c4b\u91cc\u7684\u5973\u4eba\u62cd\u6444\u5730"", ""date"": ""2016-03-08"", ""score"": 5, ""commentId"": ""204730935"", ""imgs"": [], ""userNickName"": ""1*6"", ""replyCityName"": """", ""cityName"": """"}, {""author"": ""2*9"", ""content"": ""\u4e2a\u4eba\u89c9\u5f97\u65e0\u804a\uff0c\u65e0\u804a\uff0c\u65e0\u804a\uff0c\u65e0\u804a\uff0c\u8c01\u50bb\u7684\u53bb\uff01\u4f60\u8981\u662f\u6709\u94b1\uff0c\u6765\u770b\u770b\u7a77\u4eba\u7684\u65e5\u5b50\uff0c\u4f53\u9a8c\u751f\u6d3b\uff01\u5c31\u6765\u5427"", ""date"": ""2014-08-02"", ""score"": 3, ""commentId"": ""204260517"", ""imgs"": [], ""userNickName"": ""2*9"", ""replyCityName"": """", ""cityName"": """"}], ""score"": 4.1, ""commentCount"": 9}, ""statusCode"": 200}"
铜钟寨景区,https://imgs.qunarzz.com/sight/p0/201301/15/e809d8a71f06e5dc93835fbb.jpg_280x200_176d23af.jpg,韶关市,始兴县,广东省韶关市始兴县铜钟寨风景区,9,4.2,奇峰峭拔，祥云常绕，风光绝美,https://piao.qunar.com/ticket/detail_4196039710.html?st=a3clM0QlRTUlQTclOEIlRTUlODUlQjQlRTUlOEUlQkYlMjZpZCUzRDc3MDUlMjZ0eXBlJTNEMCUyNmlkeCUzRDMlMjZxdCUzRCUyNmFwayUzRDIlMjZzYyUzRFdXVyUyNnVyJTNEJUU0JUI4JUFEJUU1JUIxJUIxJTI2bHIlM0QlRTQlQjglQUQlRTUlQjElQjElMjZmdCUzRCU3QiU3RA%3D%3D#from=mpl_search_suggest,-1.0,N/A,铜钟寨景区位于始兴县城西面9公里八一村境内，奇峰峭拔，祥云常绕，风光绝美，是始兴名胜十景之一。相传在南朝天监年间，曾有九只凤凰翔降于此山，居住生活，长双厮守，故有“九凤山”之说。——阴元洞群，目前发现的有大大小小7个之多，它们或含苞欲放、或玉唇微张、或丹唇紧闭，大的30多米高，小的仅数米高，姿态各异、外形逼真，同时还有一处80米高的形似女性阴道解剖面的山岩，据说这些都是七仙女依恋凡间时留下的痕迹，此景区也因此被旅游界人士誉为天然“性趣”博物馆。同样神奇的还有景区西南面约2公里处的阿公岩，有一高约60米形似“男根”的洞宾阳元石与之构成阴阳调和。另外，铜钟寨景区还有藏军洞、龟兔赛跑、九凤飞瀑和牛尾寨悬棺古墓等景观，令游人流连忘返。,01/01-12/31；8:30-17:00开园,https://imgs.qunarzz.com/sight/p0/201301/15/e809d8a71f06e5dc93835fbb.jpg_710x360_db3252c5.jpg〇https://imgs.qunarzz.com/sight/p0/201403/07/2fcb7bd3eb52c2cbc9ecc556b569c043.jpg_710x360_00da5baa.jpg〇https://imgs.qunarzz.com/sight/p0/201403/07/fb28cd72f14ccd26de2ef52ff5334b63.jpg_710x360_9502280c.jpg〇https://imgs.qunarzz.com/sight/p0/201403/07/85c754f2eef0cf1794e78c577dae9ce0.jpg_710x360_f8d5fc8c.jpg〇https://imgs.qunarzz.com/sight/p0/201403/07/f5026b77b3533f998ad5a269aea2d57b.jpg_710x360_825b5341.jpg〇https://imgs.qunarzz.com/sight/p0/201403/07/419f6ecb49ef40b229200dd66d160b2d.jpg_710x360_7bfbfc3e.jpg〇https://imgs.qunarzz.com/sight/p0/201403/07/80ad1b061d12f476f1a540a2a7ed26d5.jpg_710x360_c4d4a9af.jpg〇https://imgs.qunarzz.com/sight/p0/201403/07/b540bc12d5923c1fca07d4b5930ebbd3.jpg_710x360_61814591.jpg〇https://qimgs.qunarzz.com/piao_qsight_provider_piao_qsight_web/3f087074e3c808.jpg_710x360_d8ee18ee.jpg〇https://qimgs.qunarzz.com/piao_qsight_provider_piao_qsight_web/d7d73c4e126552.jpg_710x360_287857d2.jpg〇https://qimgs.qunarzz.com/piao_qsight_provider_piao_qsight_web/568b459d81f485.jpg_710x360_a2d69b43.jpg〇https://qimgs.qunarzz.com/piao_qsight_provider_piao_qsight_web/c6a5abb1260b56.jpg_710x360_1205a711.jpg〇https://qimgs.qunarzz.com/piao_qsight_provider_piao_qsight_web/51fc045647acf437.jpg_710x360_719501fc.jpg,"{""ret"": true, ""data"": {""tagList"": [{""tagType"": 8, ""tagScore"": 5, ""tagNum"": 1, ""tagName"": ""\u4fbf\u5b9c""}, {""tagType"": 4, ""tagScore"": 5, ""tagNum"": 1, ""tagName"": ""\u53d6\u7968\u65b9\u4fbf""}, {""tagType"": 2, ""tagScore"": 5, ""tagNum"": 3, ""tagName"": ""\u4e2d\u8bc4""}, {""tagType"": 1, ""tagScore"": 5, ""tagNum"": 6, ""tagName"": ""\u597d\u8bc4""}, {""tagType"": 0, ""tagScore"": 5, ""tagNum"": 9, ""tagName"": ""\u5168\u90e8""}], ""commentList"": [{""author"": ""M*6"", ""content"": ""\u503c\u5f97\u4e00\u53bb\u7684\u666f\u70b9\uff0c\u666f\u8272\u68d2\u68d2\u7684\uff0c\u7ed9\u529b\u652f\u6301"", ""date"": ""2018-03-11"", ""score"": 5, ""commentId"": ""205463492"", ""imgs"": [], ""userNickName"": ""M*6"", ""replyCityName"": """", ""cityName"": """"}, {""author"": ""1*7"", ""content"": ""\u666f\u533a\u552f\u4e00\u53ef\u770b\u7684\u5c31\u662f\u90a3\u4e2a\u5927\u5c71\u77f3\uff0c\u4ece\u534a\u5c71\u770b\u6709\u70b9\u9707\u64bc\uff0c\u5176\u4ed6\u5c31\u6ca1\u6709\u4ec0\u4e48\u98ce\u666f\u4e86\uff0c\u611f\u89c9\u597d\u5355\u8c03"", ""date"": ""2017-08-10"", ""score"": 4, ""commentId"": ""204825924"", ""imgs"": [], ""userNickName"": ""1*7"", ""replyCityName"": """", ""cityName"": """"}, {""author"": ""_*9"", ""content"": ""\u4e2a\u4eba\u4e0d\u559c\u6b22\uff0c\u3002\u5f88\u4e45\u4e4b\u524d\u53bb\u7684\u4e86\uff0c"", ""date"": ""2016-03-05"", ""score"": 3, ""commentId"": ""204735376"", ""imgs"": [], ""userNickName"": ""_*9"", ""replyCityName"": """", ""cityName"": """"}, {""author"": ""\u5609*\u8c6a"", ""content"": ""\u7f51\u4e0a\u8ba2\u7968\u5f88\u4f18\u60e0\uff0c\u53d6\u7968\u4e5f\u65b9\u4fbf\uff0c\u666f\u70b9\u6709\u4e9b\u5c0f\u3002"", ""date"": ""2015-11-02"", ""score"": 5, ""commentId"": ""89071096"", ""imgs"": [], ""userNickName"": ""\u5609*\u8c6a"", ""replyCityName"": """", ""cityName"": """"}, {""author"": ""t*3"", ""content"": ""\u666f\u533a\u552f\u4e00\u53ef\u770b\u7684\u5c31\u662f\u90a3\u4e2a\u5927\u5c71\u77f3\uff0c\u4ece\u534a\u5c71\u770b\u6709\u70b9\u9707\u64bc\uff0c\u5176\u4ed6\u5c31\u6ca1\u6709\u4ec0\u4e48\u98ce\u666f\u4e86\uff0c\u611f\u89c9\u597d\u5355\u8c03\uff0c\u73b0\u573a\u535640\u5143\u4e00\u5f20\u7684\u95e8\u7968\u611f\u89c9\u4e0d\u662f\u5f88\u503c\u5f97"", ""date"": ""2015-02-20"", ""score"": 3, ""commentId"": ""32695386"", ""imgs"": [{""small"": ""https://imgs.qunarzz.com/piao/fusion/1502/53/c6a5abb1260b56.jpg_120x120_3081854a.jpg"", ""title"": """", ""big"": ""https://imgs.qunarzz.com/piao/fusion/1502/53/c6a5abb1260b56.jpg""}, {""small"": ""https://imgs.qunarzz.com/piao/fusion/1502/80/568b459d81f485.jpg_120x120_a1cf7200.jpg"", ""title"": """", ""big"": ""https://imgs.qunarzz.com/piao/fusion/1502/80/568b459d81f485.jpg""}, {""small"": ""https://imgs.qunarzz.com/piao/fusion/1502/74/d7d73c4e126552.jpg_120x120_cc9c4719.jpg"", ""title"": """", ""big"": ""https://imgs.qunarzz.com/piao/fusion/1502/74/d7d73c4e126552.jpg""}, {""small"": ""https://imgs.qunarzz.com/piao/fusion/1502/1b/3f087074e3c808.jpg_120x120_9e691718.jpg"", ""title"": """", ""big"": ""https://imgs.qunarzz.com/piao/fusion/1502/1b/3f087074e3c808.jpg""}], ""userNickName"": ""t*3"", ""replyCityName"": """", ""cityName"": """"}, {""author"": ""j*8"", ""content"": ""\u53d6\u7968\u5f88\u5feb\uff0c\u5f88\u65b9\u4fbf\uff0c\u6bd4\u76f4\u63a5\u8d2d\u4e70\u4fbf\u5b9c\u3002"", ""date"": ""2015-06-08"", ""score"": 5, ""commentId"": ""53023542"", ""imgs"": [], ""userNickName"": ""j*8"", ""replyCityName"": """", ""cityName"": """"}, {""author"": ""y*1"", ""content"": ""\u98ce\u666f\u5f88\u7f8e\uff0c\u4e5f\u5f88\u7279\u522b\uff0c\u7f8e\u4e2d\u4e0d\u8db3\u662f\u592a\u504f\u50fb,\u6211\u4eec\u53bb\u7684\u65f6\u5019\u6ca1\u6709\u7011\u5e03,"", ""date"": ""2014-12-31"", ""score"": 5, ""commentId"": ""204062521"", ""imgs"": [], ""userNickName"": ""y*1"", ""replyCityName"": """", ""cityName"": """"}, {""author"": ""1*8"", ""content"": ""\u6bd4\u8f83\u504f\u50fb\uff0c\u5fc5\u987b\u9a7e\u8f66\u53bb\uff0c\u6ca1\u6709\u516c\u8f66\u5230\u3002\u56ed\u533a\u98ce\u666f\u53ef\u4ee5\uff0c\u666f\u70b9\u8bbe\u65bd\u6ca1\u600e\u4e48\u7ef4\u62a4\uff0c\u6ca1\u6709\u5145\u5206\u5f00\u53d1\uff0c\u6709\u70b9\u6d6a\u8d39\u3002 \u89c9\u5f97\u95e8\u7968\u504f\u8d35\uff0c\u53bb\u8fc7\u4e00\u6b21\uff0c\u4ee5\u540e\u4f30\u8ba1\u53bb\u7684\u673a\u7387\u8f83\u5c0f\u3002"", ""date"": ""2014-08-03"", ""score"": 3, ""commentId"": ""204259797"", ""imgs"": [], ""userNickName"": ""1*8"", ""replyCityName"": """", ""cityName"": """"}, {""author"": ""m*9"", ""content"": ""\u521a\u597d\u6709\u540c\u5b66\u5728\u59cb\u5174\u5c31\u4e00\u8d77\u53bb\u73a9\u800d\u4e86\uff0c\u975e\u5e38\u4e0d\u9519\uff0c\u5927\u5bb6\u90fd\u53ef\u4ee5\u53bb"", ""date"": ""2014-07-28"", ""score"": 5, ""commentId"": ""204265834"", ""imgs"": [], ""userNickName"": ""m*9"", ""replyCityName"": """", ""cityName"": """"}], ""score"": 4.2, ""commentCount"": 9}, ""statusCode"": 200}"
巴寨景区,https://imgs.qunarzz.com/sight/p0/201408/11/d39523e218c8a8afb477001af2747885.jpg_280x200_3eff37b2.jpg,韶关市,浈江区,广东省韶关市浈江区丹霞山风景名胜区,-1,-1.0,丹霞之险—巴寨，享有“丹霞至尊”之美称。整座山分三级平台，山顶是茂盛的亚热带丛林，山腰为百多米高的绝壁，下层有多个岩洞可,https://piao.qunar.com/ticket/detail_2258472675.html?st=a3clM0QlRTYlQjUlODglRTYlQjElOUYlRTUlOEMlQkElMjZpZCUzRDE5NjU0NSUyNnR5cGUlM0QwJTI2aWR4JTNENCUyNnF0JTNEJTI2YXBrJTNEMiUyNnNjJTNEV1dXJTI2dXIlM0QlRTQlQjglQUQlRTUlQjElQjElMjZsciUzRCVFNCVCOCVBRCVFNSVCMSVCMSUyNmZ0JTNEJTdCJTdE#from=mpl_search_suggest,10.0,N/A,丹霞之险—巴寨，享有“丹霞至尊”之美称。整座山分三级平台，山顶是茂盛的亚热带丛林，山腰为百多米高的绝壁，下层有多个岩洞可供人居住。远眺巴寨，就像仙人如来佛巨大的立掌，故此而得名。巴寨游览区的景点多在仙山琼阁群山之内，由姐妹峰、观音石、朝天龙到五仙岩、田螺寨，由茶壶峰、巴寨、燕岩到蜡烛峰、扁寨、平头寨，由碧水田园到飞花瀑布，其景观景物的珠连玉串，自然风光的绚丽多姿，山寨栈道的陡峭奇险，流泉飞瀑的壮丽神奇、山体景观资源精华、文化脉络所在，集观光、探险、休闲度假、野营、科考于一体的游览区。巴寨，经历代豪绅、土王修缮，成为粤北战乱时期著名的天然堡垒。明末清初期间，百姓为逃避战祸，在半山腰悬崖上山洞中建有住所、兵营、仓库、蓄水池。寨子惟一的“门”是当年在陡壁上开凿的一条约20米高、可供一人上下的天梯是惟一通道，凿了射击孔，是“一夫当关，万夫莫开”易守难攻的天然堡垒，是一个大自然与人类社会共同创造的军事堡垒的奇迹。巴寨的山形气势极具王者风范，山上风光绝美，犹如人间仙境，登上巴寨可享受把握茶壶（茶壶峰）的乐趣和感慨。,丹霞山景区:全天开放；,https://imgs.qunarzz.com/sight/p0/201408/11/d39523e218c8a8afb477001af2747885.jpg_710x360_850e1384.jpg〇https://imgs.qunarzz.com/sight/p0/201408/11/c8f9cbcda02f5e8f7575384d0c849ff4.jpg_710x360_abd2f468.jpg〇https://imgs.qunarzz.com/sight/p0/201408/11/6568d8054726d58f1d2d8dbc921f77bb.jpg_710x360_f26a86ea.jpg〇https://imgs.qunarzz.com/sight/p0/201408/11/b6a920c57a74150e4529178961953f24.jpg_710x360_d27e9204.jpg〇https://imgs.qunarzz.com/sight/p0/201408/11/c3bb0b9ae8d81edd468785e95c0a64fc.jpg_710x360_aa9a8c2b.jpg〇https://qimgs.qunarzz.com/piao_qsight_provider_piao_qsight_web/f4091a3164e6feb5.jpg_710x360_e1128258.jpg〇https://qimgs.qunarzz.com/piao_qsight_provider_piao_qsight_web/e6a3a2064ac388b5.jpg_710x360_4640b387.jpg〇https://qimgs.qunarzz.com/piao_qsight_provider_piao_qsight_web/4ee07f184162d6b5.jpg_710x360_365200c2.jpg〇https://qimgs.qunarzz.com/piao_qsight_provider_piao_qsight_web/bfa46e2398cb33b5.jpg_710x360_14ec5aee.jpg〇https://qimgs.qunarzz.com/piao_qsight_provider_piao_qsight_web/f18056581d98c0b5.jpg_710x360_2e8eb464.jpg〇https://qimgs.qunarzz.com/piao_qsight_provider_piao_qsight_web/81f33cee2f99e3b5.jpg_710x360_0f7f4c95.jpg〇https://qimgs.qunarzz.com/piao_qsight_provider_piao_qsight_web/0df200a9990d31b5.jpg_710x360_622be494.jpg〇https://qimgs.qunarzz.com/piao_qsight_provider_piao_qsight_web/4f4c4c2ffa4a1ab5.jpg_710x360_1a70c546.jpg〇https://qimgs.qunarzz.com/piao_qsight_provider_piao_qsight_web/ac6d64a205731d37.jpg_710x360_c42055d0.jpg,"{""ret"": true, ""data"": {""tagList"": [{""tagType"": 0, ""tagScore"": 5, ""tagNum"": 0, ""tagName"": ""\u5168\u90e8""}], ""score"": 0.0, ""commentCount"": 0}, ""statusCode"": 200}"
丹霞山,https://qimgs.qunarzz.com/piao_qsight_provider_piao_qsight_web/0104l1200048mguv521D1_C_900_504.jpg_280x200_7c130097.jpg,韶关市,浈江区,韶关市仁化县106国道,28558,4.9,露天的地质博物馆,https://piao.qunar.com/ticket/detail_1940685610.html?st=a3clM0QlRTYlQjUlODglRTYlQjElOUYlRTUlOEMlQkElMjZpZCUzRDE1Mjk0JTI2dHlwZSUzRDAlMjZpZHglM0QxJTI2cXQlM0QlMjZhcGslM0QyJTI2c2MlM0RXV1clMjZ1ciUzRCVFNCVCOCVBRCVFNSVCMSVCMSUyNmxyJTNEJUU0JUI4JUFEJUU1JUIxJUIxJTI2ZnQlM0QlN0IlN0Q%3D#from=mpl_search_suggest,100.0,5A景区,丹霞山是世界“丹霞地貌”命名地。丹霞山由680多座顶平、身陡、麓缓的红色砂砾岩石构成，“色如渥丹，灿若明霞”，以赤壁丹崖为特色。据地质学家研究表明：在世界已发现1200多处丹霞地貌中。丹霞山已成为全国乃至全世界丹霞地貌科学研究基地、科普旅游和教学实习基地。园内有大小石峰、石堡、石墙、石柱等600多座，群峰如林、疏密相生、错落有致、造型奇绝、鬼斧神工，宛如一方红宝石雕塑园，又称“中国红石公园。在距今1.4亿年至7000万年间，丹霞山区是一个大型内陆盆地，受喜马拉雅造山运动影响，四周山地强烈隆起，盆地内接受大量碎屑沉积，形成了巨厚的红色地层；在距今7000年前后，地壳上升而逐渐受侵蚀。距今600万年以来，盆地又发生多次间歇上升，平均大约每万年上升1米，同时流水下切侵蚀，丹霞红层被切割成一片红色山群，也就是现在的丹霞山区。丹霞山分为丹霞景区、韶石景区、巴寨景区、仙人迹景区和锦江、浈江风光带。目前已开发的丹霞景区有长老峰游览区、阳元石游览区、翔龙湖游览区和锦江画廊游览区，是以自然观光为主、融科普、考察、攀岩、探险、休闲度假于一体的旅游景区。,1/1-12/31；周一至周日；全天开放,https://qimgs.qunarzz.com/piao_qsight_provider_piao_qsight_web/0104l1200048mguv521D1_C_900_504.jpg_710x360_9de0aeac.jpg〇https://qimgs.qunarzz.com/piao_qsight_provider_piao_qsight_web/100s0e00000073yhg544A_C_900_504_Q90_Mtg_7.jpg_710x360_d0e08687.jpg〇https://qimgs.qunarzz.com/piao_qsight_provider_piao_qsight_web/0102i12000ff8h4o12727_C_900_504_Q90_Mtg_7.jpg_710x360_1783c4be.jpg〇https://qimgs.qunarzz.com/piao_qsight_provider_piao_qsight_web/0105s120006o8e5hx5EF3_C_900_504_Q90_Mtg_7.jpg_710x360_15718f44.jpg〇https://qimgs.qunarzz.com/piao_qsight_provider_piao_qsight_web/0104l1200048mguv521D1_C_900_504_Q90_Mtg_7.jpg_710x360_bdc6e1e4.jpg〇https://imgs.qunarzz.com/sight/p0/1601/82/82d6084f1124676d90.water.jpg_710x360_36f349cb.jpg〇https://imgs.qunarzz.com/sight/p0/1601/d5/d5b8c470611c1d4990.water.jpg_710x360_b7be071e.jpg〇https://imgs.qunarzz.com/sight/p0/1601/a5/a5fbdc5f2ed7fc3a90.water.jpg_710x360_a8d6f96a.jpg〇https://imgs.qunarzz.com/sight/p0/1601/33/3347c816479fe55a90.water.jpg_710x360_54f0e3c0.jpg〇https://qimgs.qunarzz.com/piao_qsight_provider_piao_qsight_web/3414d023-5b97-46e3-a2d4-824e7074af59.jpg_710x360_44780337.jpg〇https://imgs.qunarzz.com/sight/p0/1601/1b/1b52605394baa4f090.water.jpg_710x360_2dc8df41.jpg〇https://imgs.qunarzz.com/sight/p0/1601/b8/b8eca2c069e3f1390.water.jpg_710x360_3ee64c92.jpg〇https://imgs.qunarzz.com/sight/p0/1601/3f/3f35490aa6b7eb2590.water.jpg_710x360_83884f98.jpg〇https://imgs.qunarzz.com/sight/p0/1601/10/100b2149199e000690.water.jpg_710x360_b5a95acf.jpg〇https://qimgs.qunarzz.com/piao_qsight_provider_piao_qsight_web/CggYtFc6hFWALVEeACwu7U08Euk765.jpg_710x360_1eb9f42b.jpg〇https://qimgs.qunarzz.com/piao_qsight_provider_piao_qsight_web/75b6e9f17fd1b0.jpg_710x360_00f3dcfb.jpg〇https://qimgs.qunarzz.com/piao_qsight_provider_piao_qsight_web/2408b33eead695b5.jpg_710x360_a1da95ce.jpg〇https://qimgs.qunarzz.com/piao_qsight_provider_piao_qsight_web/336db58ceb852fdaffffffffc8d65eac.jpg_710x360_dbe2aacd.jpg〇https://qimgs.qunarzz.com/piao_qsight_provider_piao_qsight_web/16251e4131c06ab5.jpg_710x360_ba38bc58.jpg〇https://qimgs.qunarzz.com/piao_qsight_provider_piao_qsight_web/8b376412370ebbb5.jpg_710x360_6e108422.jpg〇https://qimgs.qunarzz.com/piao_qsight_provider_piao_qsight_web/6032884176b215b5.jpg_710x360_2cd5d3f3.jpg〇https://qimgs.qunarzz.com/piao_qsight_provider_piao_qsight_web/c26a29453c15c9b5.jpg_710x360_192a5489.jpg〇https://qimgs.qunarzz.com/piao_qsight_provider_piao_qsight_web/3574bc9c-9ac4-4095-9d71-1770e72a6cbb.jpg_710x360_b4a74511.jpg〇https://qimgs.qunarzz.com/piao_qsight_provider_piao_qsight_web/93986601-a0e2-4488-a80e-8318d66aa0c2.jpg_710x360_a5050f64.jpg〇https://qimgs.qunarzz.com/piao_qsight_provider_piao_qsight_web/fa1b8c2b-9c03-47ff-9e77-f998a7baf287.jpg_710x360_fadc5e15.jpg〇https://qimgs.qunarzz.com/piao_qsight_provider_piao_qsight_web/c637eeae-5b25-4ba3-aa4c-414cddd479a8.jpg_710x360_cb5ee1d5.jpg〇https://qimgs.qunarzz.com/piao_qsight_provider_piao_qsight_web/f2180f34-a8f5-41c5-bec0-0d8be2ada98e.jpg_710x360_6a6389e6.jpg〇https://qimgs.qunarzz.com/piao_qsight_provider_piao_qsight_web/5b014125-9be6-420f-b369-7c0414a98f2f.jpg_710x360_907ed0e2.jpg〇https://qimgs.qunarzz.com/piao_qsight_provider_piao_qsight_web/34c3a15d-fd15-4939-8897-5a28745884ac.jpg_710x360_075677cf.jpg〇https://qimgs.qunarzz.com/piao_qsight_provider_piao_qsight_web/9bf914c5-eb16-4220-8f5d-855716d08512.jpg_710x360_2e956ae3.jpg〇https://qimgs.qunarzz.com/piao_qsight_provider_piao_qsight_web/e9befc73-8c9d-43cd-8750-66cb3ead9c69.jpg_710x360_6f7e74c2.jpg〇https://qimgs.qunarzz.com/piao_qsight_provider_piao_qsight_web/d760c127-5d1d-4334-82d4-879d22b01760.jpg_710x360_86627fd4.jpg〇https://qimgs.qunarzz.com/piao_qsight_provider_piao_qsight_web/88a82a53-baf8-44cc-9500-0bfe9e42b61f.jpg_710x360_f2511508.jpg〇https://qimgs.qunarzz.com/piao_qsight_provider_piao_qsight_web/23f0bb53-80a6-4319-b0ac-8024897a4fc0.jpg_710x360_5298794c.jpg,"{""ret"": true, ""data"": {""tagList"": [{""tagType"": 3, ""tagScore"": 5, ""tagNum"": 97, ""tagName"": ""\u5dee\u8bc4""}, {""tagType"": 2, ""tagScore"": 5, ""tagNum"": 144, ""tagName"": ""\u4e2d\u8bc4""}, {""tagType"": 1, ""tagScore"": 5, ""tagNum"": 27759, ""tagName"": ""\u597d\u8bc4""}, {""tagType"": 0, ""tagScore"": 5, ""tagNum"": 28558, ""tagName"": ""\u5168\u90e8""}, {""tagType"": 99, ""tagScore"": 5, ""tagNum"": 187, ""tagName"": ""\u957f\u8001\u5cf0\u666f\u533a""}, {""tagType"": 99, ""tagScore"": 5, ""tagNum"": 139, ""tagName"": ""\u4e39\u971e\u5730\u8c8c""}, {""tagType"": 99, ""tagScore"": 5, ""tagNum"": 132, ""tagName"": ""\u9633\u5143\u77f3\u666f\u533a""}], ""commentList"": [{""author"": ""\u590f*\u5929"", ""content"": ""\u4e0b\u5355\u7b80\u5355\uff0c\u5165\u666f\u533a\u4e0d\u7528\u5151\u6362\u76f4\u63a5\u5237\u8eab\u4efd\u8bc1\u5f88\u65b9\u4fbf\uff0c\u552f\u4e00\u4e0d\u597d\u7684\u5c31\u662f\u9700\u8981\u63d0\u524d\u4e00\u5929\u8d2d\u4e70\uff0c\u4e3a\u4ec0\u4e48\u4e0d\u80fd\u968f\u4e70\u968f\u7528\u5462\uff0c\u5e0c\u671b\u80fd\u6539\u8fdb\u3002"", ""date"": ""2024-05-08"", ""score"": 5, ""commentId"": ""233429020"", ""imgs"": [{""small"": ""https://qimgs.qunarzz.com/mp_piao_0001/temp12755796583746503316file_1715150444000.jpg_120x120_800df6c2.jpg"", ""title"": """", ""big"": ""https://qimgs.qunarzz.com/mp_piao_0001/temp12755796583746503316file_1715150444000.jpg""}, {""small"": ""https://qimgs.qunarzz.com/mp_piao_0001/temp6085470586115937910file_1715150444000.jpg_120x120_335050d0.jpg"", ""title"": """", ""big"": ""https://qimgs.qunarzz.com/mp_piao_0001/temp6085470586115937910file_1715150444000.jpg""}, {""small"": ""https://qimgs.qunarzz.com/mp_piao_0001/temp1583470906310114217file_1715150444000.jpg_120x120_e9a5acc2.jpg"", ""title"": """", ""big"": ""https://qimgs.qunarzz.com/mp_piao_0001/temp1583470906310114217file_1715150444000.jpg""}, {""small"": ""https://qimgs.qunarzz.com/mp_piao_0001/temp14833001287415403832file_1715150444000.jpg_120x120_1785ca12.jpg"", ""title"": """", ""big"": ""https://qimgs.qunarzz.com/mp_piao_0001/temp14833001287415403832file_1715150444000.jpg""}], ""userNickName"": ""\u590f*\u5929"", ""replyCityName"": """", ""cityName"": ""\u5e7f\u4e1c""}, {""author"": ""n*1"", ""content"": ""\u597d\u73a9\u6781\u4e86\uff0c\u5230\u4e86\u6781\u9633\u4e4b\u5730\uff0c\u770b\u4e86\u4e00\u4e0b\u6781\u7f8e\u98ce\u666f"", ""date"": ""2024-10-29"", ""score"": 5, ""commentId"": ""237883621"", ""imgs"": [{""small"": ""https://qimgs.qunarzz.com/mp_piao_0001/temp4588119065410155775file_1730165898000.jpg_120x120_a772f704.jpg"", ""title"": """", ""big"": ""https://qimgs.qunarzz.com/mp_piao_0001/temp4588119065410155775file_1730165898000.jpg""}, {""small"": ""https://qimgs.qunarzz.com/mp_piao_0001/temp15676115676956492346file_1730165898000.jpg_120x120_96c8b30c.jpg"", ""title"": """", ""big"": ""https://qimgs.qunarzz.com/mp_piao_0001/temp15676115676956492346file_1730165898000.jpg""}, {""small"": ""https://qimgs.qunarzz.com/mp_piao_0001/temp16354868345455503070file_1730165898000.jpg_120x120_be3c8f00.jpg"", ""title"": """", ""big"": ""https://qimgs.qunarzz.com/mp_piao_0001/temp16354868345455503070file_1730165898000.jpg""}], ""userNickName"": ""n*1"", ""replyCityName"": """", ""cityName"": ""\u7518\u8083""}, {""author"": ""\u53bb*\u6237"", ""content"": ""\u4e0d\u63a8\u8350\u7ebf\u4e0b\u8d2d\u6c34\u4e0a\u4e39\u971e\u548c\u7d22\u9053\u6765\u56de\u7684\u7968\uff0c\u7ebf\u4e0b\u4e5f\u6ca1\u6709\u5b66\u751f\u6216\u8001\u4eba\u4f18\u60e0\u7968\uff0c\u8001\u4eba\u8fde\u95e8\u7968\u4e00\u4f4d\u8981210\u5143\uff01\u7ebf\u4e0b\u5728\u6c34\u4e0a\u4e39\u971e\u5904\u4e70\u7684\u8054\u7968\uff08\u6c34\u4e0a\u4e39\u971e\u548c\u7d22\u9053\u6765\u56de\uff09\uff0c\u7d22\u8981\u53d1\u7968\uff0c\u6536\u94b1\u5728\u4e00\u5904\u6536\uff0c\u5f00\u53d1\u7968\u5374\u5206\u5f00\u7ed9\u51fa\uff1f\uff01\u51fa\u4e8e\u4fe1\u4efb\uff0c\u6536\u4e86\u6c34\u4e0a\u4e39\u971e\u53d1\u7968\uff0c\u5374\u81f3\u4eca\u8fd8\u6ca1\u6536\u5230\u7d22\u9053\u7ad9\u7684\u53d1\u7968\u3002\u6240\u5230\u98ce\u666f\u4e0d\u503c\u7968\u4ef7\uff0c\u90a3\u4e24\u5ea7\u6253\u5361\u540d\u5c71\u771f\u7684\u662f\u8ba9\u4eba\u5c34\u5c2c\u7684\u98ce\u666f\uff0c\u4e0d\u503c\u5f97\u5343\u91cc\u8fe2\u8fe2\u8fc7\u6765\u770b\uff01\uff01\uff01\uff01\u5e26\u8001\u4eba\u6765\uff0c\u7d2f\uff0c\u666f\u2026\u2026\u5bf9\u6bd4\u5176\u4ed6\u540d\u5c71\uff0c\u8fd9\u91cc\u6027\u4ef7\u6bd4\u4e0d\u9ad8\uff01"", ""date"": ""2024-01-10"", ""score"": 1, ""commentId"": ""231011977"", ""imgs"": [{""small"": ""https://qimgs.qunarzz.com/mp_piao_0001/temp5524924997010501258file_1704884943000.jpg_120x120_60dba982.jpg"", ""title"": """", ""big"": ""https://qimgs.qunarzz.com/mp_piao_0001/temp5524924997010501258file_1704884943000.jpg""}, {""small"": ""https://qimgs.qunarzz.com/mp_piao_0001/temp4579195057286401814file_1704884943000.jpg_120x120_4c3b1855.jpg"", ""title"": """", ""big"": ""https://qimgs.qunarzz.com/mp_piao_0001/temp4579195057286401814file_1704884943000.jpg""}, {""small"": ""https://qimgs.qunarzz.com/mp_piao_0001/temp7711365783381032615file_1704884943000.jpg_120x120_72eb4b4e.jpg"", ""title"": """", ""big"": ""https://qimgs.qunarzz.com/mp_piao_0001/temp7711365783381032615file_1704884943000.jpg""}, {""small"": ""https://qimgs.qunarzz.com/mp_piao_0001/temp4185765053181384877file_1704884943000.jpg_120x120_e6d81f8c.jpg"", ""title"": """", ""big"": ""https://qimgs.qunarzz.com/mp_piao_0001/temp4185765053181384877file_1704884943000.jpg""}, {""small"": ""https://qimgs.qunarzz.com/mp_piao_0001/temp8974226257852678841file_1704884943000.jpg_120x120_aed3b05f.jpg"", ""title"": """", ""big"": ""https://qimgs.qunarzz.com/mp_piao_0001/temp8974226257852678841file_1704884943000.jpg""}, {""small"": ""https://qimgs.qunarzz.com/mp_piao_0001/temp1361394728574640456file_1704884943000.jpg_120x120_736aa0ef.jpg"", ""title"": """", ""big"": ""https://qimgs.qunarzz.com/mp_piao_0001/temp1361394728574640456file_1704884943000.jpg""}, {""small"": ""https://qimgs.qunarzz.com/mp_piao_0001/temp6437440930509508558file_1704884943000.jpg_120x120_f2341d93.jpg"", ""title"": """", ""big"": ""https://qimgs.qunarzz.com/mp_piao_0001/temp6437440930509508558file_1704884943000.jpg""}, {""small"": ""https://qimgs.qunarzz.com/mp_piao_0001/temp1715884831075199690file_1704884943000.jpg_120x120_59b7f6a8.jpg"", ""title"": """", ""big"": ""https://qimgs.qunarzz.com/mp_piao_0001/temp1715884831075199690file_1704884943000.jpg""}, {""small"": ""https://qimgs.qunarzz.com/mp_piao_0001/temp8521535111000770661file_1704884943000.jpg_120x120_667c0688.jpg"", ""title"": """", ""big"": ""https://qimgs.qunarzz.com/mp_piao_0001/temp8521535111000770661file_1704884943000.jpg""}], ""userNickName"": ""\u53bb*\u6237"", ""replyCityName"": """", ""cityName"": ""\u5e7f\u4e1c""}, {""author"": ""u*9"", ""content"": ""\u7528\u6237\u672a\u70b9\u8bc4\uff0c\u7cfb\u7edf\u9ed8\u8ba4\u597d\u8bc4\u3002"", ""date"": ""2024-12-26"", ""score"": 5, ""commentId"": ""239382834"", ""imgs"": [], ""userNickName"": ""u*9"", ""replyCityName"": """", ""cityName"": """"}, {""author"": ""\u6751*\u957f"", ""content"": ""\u7528\u6237\u672a\u70b9\u8bc4\uff0c\u7cfb\u7edf\u9ed8\u8ba4\u597d\u8bc4\u3002"", ""date"": ""2024-12-26"", ""score"": 5, ""commentId"": ""239381153"", ""imgs"": [], ""userNickName"": ""\u6751*\u957f"", ""replyCityName"": """", ""cityName"": """"}, {""author"": ""\u6751*\u957f"", ""content"": ""\u7528\u6237\u672a\u70b9\u8bc4\uff0c\u7cfb\u7edf\u9ed8\u8ba4\u597d\u8bc4\u3002"", ""date"": ""2024-12-26"", ""score"": 5, ""commentId"": ""239381146"", ""imgs"": [], ""userNickName"": ""\u6751*\u957f"", ""replyCityName"": """", ""cityName"": """"}, {""author"": ""\u6751*\u957f"", ""content"": ""\u7528\u6237\u672a\u70b9\u8bc4\uff0c\u7cfb\u7edf\u9ed8\u8ba4\u597d\u8bc4\u3002"", ""date"": ""2024-12-26"", ""score"": 5, ""commentId"": ""239380589"", ""imgs"": [], ""userNickName"": ""\u6751*\u957f"", ""replyCityName"": """", ""cityName"": """"}, {""author"": ""n*6"", ""content"": ""\u7528\u6237\u672a\u70b9\u8bc4\uff0c\u7cfb\u7edf\u9ed8\u8ba4\u597d\u8bc4\u3002"", ""date"": ""2024-12-26"", ""score"": 5, ""commentId"": ""239379050"", ""imgs"": [], ""userNickName"": ""n*6"", ""replyCityName"": """", ""cityName"": """"}, {""author"": ""\u672b*2"", ""content"": ""\u7528\u6237\u672a\u70b9\u8bc4\uff0c\u7cfb\u7edf\u9ed8\u8ba4\u597d\u8bc4\u3002"", ""date"": ""2024-12-26"", ""score"": 5, ""commentId"": ""239379040"", ""imgs"": [], ""userNickName"": ""\u672b*2"", ""replyCityName"": """", ""cityName"": """"}, {""author"": ""e*0"", ""content"": ""\u7528\u6237\u672a\u70b9\u8bc4\uff0c\u7cfb\u7edf\u9ed8\u8ba4\u597d\u8bc4\u3002"", ""date"": ""2024-12-26"", ""score"": 5, ""commentId"": ""239378179"", ""imgs"": [], ""userNickName"": ""e*0"", ""replyCityName"": """", ""cityName"": """"}], ""score"": 4.9, ""commentCount"": 28558}, ""statusCode"": 200}"
三影塔,https://imgs.qunarzz.com/sight/p9/201211/05/69a65e5662c86cfc93835fbb.jpg_280x200_6dea41dc.jpg,韶关市,南雄市,南雄市区永康路,1,4.0,三影塔位于南雄市区永康路，建于北宋大中祥符二年（公元1009年），明代正统十一年（公元1446年）重修过。三影塔被列为全,https://piao.qunar.com/ticket/detail_3563838052.html?st=a3clM0QlRTUlOEQlOTclRTklOUIlODQlRTUlQjglODIlMjZpZCUzRDIwMjUlMjZ0eXBlJTNEMCUyNmlkeCUzRDEzJTI2cXQlM0QlMjZhcGslM0QyJTI2c2MlM0RXV1clMjZ1ciUzRCVFNCVCOCVBRCVFNSVCMSVCMSUyNmxyJTNEJUU0JUI4JUFEJUU1JUIxJUIxJTI2ZnQlM0QlN0IlN0Q%3D#from=mpl_search_suggest,-1.0,N/A,三影塔位于南雄市区永康路，建于北宋大中祥符二年（公元1009年），明代正统十一年（公元1446年）重修过。三影塔被列为全国重点文物保护单位。三影塔原名延祥寺塔，是延祥寺的一座建筑物。在光滑如镜的寺壁上，竟然可以反射出三个塔影，一影向上，两影倒悬，所以延祥寺塔被称为三影塔。延祥寺内的一间厅堂也被称为“三影堂”，可惜这座古寺庙早已毁掉，由于光线折射而出现的一塔三影的奇观也随之消失了 该塔为九层楼阁式砖塔，平面六角形，高50.2米，塔内设有木梯通向顶层，每层楼筑平座建栏杆，每上一层均须钻出塔门，绕塔身一段，才能进入另一塔门，再向上攀登。三影塔的塔身每层都伸出飞檐和栏杆，每个檐角的梁头下都悬挂着一只铜钟，全塔共挂了48个铜钟，每条檐脊的端部各蹲伏着一只酱红色的陶貔貅。貔貅是传说中的一种猛兽，形状似虎，毛色灰白。古时候人们常用它来作为军队的称呼。但这三影塔的陶貔貅却是有着一段神话传说，相传在南朝时候，梁武帝萧衍的长子萧统，曾经隐居于始兴的傅大士那里读书。有一年，始兴、南雄疫病流行，死人甚多。萧统为了治病救民，奋起追瘟，从始兴追到南雄的瑞应山，见到一只貔貅，便促住它，斩去它的角，磨水给民众治病。这样很快就扑灭了这场瘟疫。后人为了纪念这位性情温和，心地仁慈的太子，便在瑞应山前建了一间延祥寺来祭祀他。到了宋代建塔的时候，又将陶制貔貅放在檐角，寄以祛灾托福之意。,01/01-12/31；8:00-17:00开园,https://imgs.qunarzz.com/sight/p9/201211/05/69a65e5662c86cfc93835fbb.jpg_710x360_3bc381d4.jpg〇https://qimgs.qunarzz.com/piao_qsight_provider_piao_qsight_web/5587fab51f28d002.jpg_710x360_6d185b73.jpg〇https://qimgs.qunarzz.com/piao_qsight_provider_piao_qsight_web/8a09e04c23e4e702.jpg_710x360_662f2750.jpg〇https://qimgs.qunarzz.com/piao_qsight_provider_piao_qsight_web/f258c1d93a5e6eb746c35bef4d18237f.jpg_710x360_c41a3e35.jpg〇https://qimgs.qunarzz.com/piao_qsight_provider_piao_qsight_web/9409171b4488e137.jpg_710x360_8d3a2bcb.jpg,"{""ret"": true, ""data"": {""tagList"": [{""tagType"": 1, ""tagScore"": 5, ""tagNum"": 1, ""tagName"": ""\u597d\u8bc4""}, {""tagType"": 0, ""tagScore"": 5, ""tagNum"": 1, ""tagName"": ""\u5168\u90e8""}], ""commentList"": [{""author"": ""\u7cbe*\u4fa0"", ""content"": ""\u5357\u96c4\u2014\u2014\u7ca4\u5317\u5c0f\u57ce\uff0c\u4e09\u5f71\u5854\u662f\u5b83\u7684\u6807\u5fd7\u53e4\u5efa\u7b51\uff0c\u5c31\u5728\u6cb3\u8fb9\uff0c\u6709\u4e2a\u6587\u5316\u5e7f\u573a\u3002\u4ffa\u65f6\u9694\u8d8510\u5e74\u624d\u7b2c\u4e8c\u5ea6\u5149\u4e34\uff0c\u4ee5\u524d\u4e3a\u6885\u5173\u53e4\u9053\u4e0e\u73e0\u77f6\u53e4\u5df7\u800c\u6765\uff0c\u8fd9\u6b21\u4e3a\u8fd1\u5e74\u88ab\u6444\u5f71\u548c\u9a74\u53cb\u70ed\u7092\u7684\u94f6\u674f\u79cb\u8272\u800c\u6765\u3002\u4ffa\u4eec\u56fd\u5185\u6e38\u603b\u6709\u4e2a\u602a\u5708\uff0c\u672c\u6765\u9ed8\u9ed8\u65e0\u95fb\u7684\u666f\u8272\u4e00\u7ecf\u70ed\u6367\uff0c\u52bf\u5fc5\u62db\u6765\u8702\u62e5\u7684\u6e38\u4eba\u3002\u7f8e\u666f\u88ab\u53d1\u73b0\u800c\u5171\u4eab\u5f53\u7136\u662f\u597d\u4e8b\uff0c\u4f46\u53c8\u7834\u574f\u4e86\u539f\u6709\u7684\u5b81\u9759\u7eaf\u6734\u611f\uff0c\u771f\u4e0d\u77e5\u5982\u4f55\u6743\u8861\u554a\uff01"", ""date"": ""2016-08-12"", ""score"": 4, ""commentId"": ""124998230"", ""imgs"": [{""small"": ""https://imgs.qunarzz.com/piao/fusion/1608/d6/8a09e04c23e4e702.jpg_120x120_b7c283da.jpg"", ""title"": """", ""big"": ""https://imgs.qunarzz.com/piao/fusion/1608/d6/8a09e04c23e4e702.jpg""}], ""userNickName"": ""\u7cbe*\u4fa0"", ""replyCityName"": """", ""cityName"": """"}], ""score"": 4.0, ""commentCount"": 1}, ""statusCode"": 200}"
车八岭自然保护区,https://imgs.qunarzz.com/sight/p0/201403/07/cd4cdd88b3ea60c2f0a8e6c585638dec.jpg_280x200_e6ca18e6.jpg,韶关市,始兴县,广东省韶关市始兴县,-1,-1.0,车八岭自然保护区，始建于1981年7月，1988年5月9。主要保护对象为中亚热带常绿阔叶林及珍稀动植物，是我国综合自然保,https://piao.qunar.com/ticket/detail_2199919087.html?st=a3clM0QlRTUlQTclOEIlRTUlODUlQjQlRTUlOEUlQkYlMjZpZCUzRDkxMTIlMjZ0eXBlJTNEMCUyNmlkeCUzRDUlMjZxdCUzRCUyNmFwayUzRDIlMjZzYyUzRFdXVyUyNnVyJTNEJUU0JUI4JUFEJUU1JUIxJUIxJTI2bHIlM0QlRTQlQjglQUQlRTUlQjElQjElMjZmdCUzRCU3QiU3RA%3D%3D#from=mpl_search_suggest,-1.0,N/A,车八岭自然保护区，始建于1981年7月，1988年5月9。主要保护对象为中亚热带常绿阔叶林及珍稀动植物，是我国综合自然保护区之一。车八岭自然保护区位于广东省始兴县东南部，距县城约46km，属于南亚热带向中亚热带的过度地带。区内地貌复杂、山高谷深，地势西北高东南低1256m330m。保护区属中亚热带季风气候区，年平均气温为19.6℃，年降水量为1468mm，气候温暖湿润。保护区物种资源丰富：植物有1928种，其中食用植物有40多种，药用植物有526种，果类植物有83种，观赏植物有215种，淀粉植物有54种，油脂植物有187种，饲料植物有64种，鞣类植物有67种，用材树种共有236种。在这些植物中，其中国家重点保护植物有野茶树、伯乐树、伞花木、观光木等14种；广东省重点保护植物有2种。动物种类也很丰富，脊椎动物与昆虫纲动物共有1552种，其中兽类38种，鸟类217种，爬行类36种，两栖类16种，鱼类25种，昆虫1220种。有34种珍稀濒危动物，如华南虎、黄腹雉、海南虎斑（升鸟）、穿山甲、苏门羚、白腹山雕、白鹇和虎纹蛙等。保护区还有丰富的生态旅游资源，已开展的旅游项目有：自然博物馆、原始森林漂游、原始森林探险，还有浓郁山野情趣的露天泉浴、钓鱼、烧烤、露营、瀑布观赏、瑶族风情等景观，这些项目集环保、科教、娱乐、健身、探险于一体，属当今世界盛行的生态旅游,8:00-17:30，具体营业时间以景区公示为准。,https://imgs.qunarzz.com/sight/p0/201403/07/cd4cdd88b3ea60c2f0a8e6c585638dec.jpg_710x360_1ade7b6e.jpg,"{""ret"": true, ""data"": {""tagList"": [{""tagType"": 0, ""tagScore"": 5, ""tagNum"": 0, ""tagName"": ""\u5168\u90e8""}], ""score"": 0.0, ""commentCount"": 0}, ""statusCode"": 200}"
坪田镇,https://imgs.qunarzz.com/sight/p0/201403/11/8d2de5bd3c7359286aaec60ecf63a15a.jpg_280x200_8dbbf80c.jpg,韶关市,南雄市,广东省韶关市南雄市,3,4.7,“银杏染秋”的黄金美景,https://piao.qunar.com/ticket/detail_4280721598.html?st=a3clM0QlRTUlOEQlOTclRTklOUIlODQlRTUlQjglODIlMjZpZCUzRDE5MDcxMyUyNnR5cGUlM0QwJTI2aWR4JTNEMTIlMjZxdCUzRCUyNmFwayUzRDIlMjZzYyUzRFdXVyUyNnVyJTNEJUU0JUI4JUFEJUU1JUIxJUIxJTI2bHIlM0QlRTQlQjglQUQlRTUlQjElQjElMjZmdCUzRCU3QiU3RA%3D%3D#from=mpl_search_suggest,-1.0,N/A,地处广东省南雄市东部58公里的坪田镇是南粤有名的“银杏之乡”，境内目前有百年以上树龄的古银杏树5000多株，年产白果数百吨。每年金秋，坪田镇境内坳背、迳洞、浆塘、汪汤、军营寨等地的古银杏树上树叶落黄，地上一片金黄，吸引着众多省内外摄影“发烧友”、美术家和作家前来创作采风。“银杏染秋”成为南雄秋冬时节的一个重要的旅游观光景点。 银杏树为落叶乔木，“银杏染秋”成为南雄秋冬时节的一个重要的旅游观光景点。第四纪冰川期后仅存中国大陆的孑遗树种，有活化石之称。树冠挺拔高耸，树身端直、围径粗壮，纹理细密；南雄坪田白果（银杏果实）名闻遐迩。,01/01-12/31,https://imgs.qunarzz.com/sight/p0/201403/11/8d2de5bd3c7359286aaec60ecf63a15a.jpg_710x360_3b74c8ee.jpg,"{""ret"": true, ""data"": {""tagList"": [{""tagType"": 1, ""tagScore"": 5, ""tagNum"": 3, ""tagName"": ""\u597d\u8bc4""}, {""tagType"": 0, ""tagScore"": 5, ""tagNum"": 3, ""tagName"": ""\u5168\u90e8""}], ""commentList"": [{""author"": ""g*8"", ""content"": ""\ud83d\udc4d\ud83d\udc4d\ud83d\udc4d\ud83d\udc4d\ud83d\udc4d\ud83d\udc4d\ud83d\udc4d\ud83d\udc4d\ud83d\udc4d\u6765\u576a\u7530\u519b\u8425\u5be8\u770b\u94f6\u674f  \u770b\u65e5\u51fa  \u975e\u5e38\u4e0d\u9519\u7684  \u7b2c\u4e00\u6b21\u8fc7\u6765  \u4f4f\u6c38\u80dc\u65c5\u5e97  \u8fd9\u91cc\u5bb6\u5e97\u7684\u4eba\u8d85\u7ea7\u597d\u7684  \u975e\u5e38\u7684\u597d\u8bf4\u8bdd  \u4eba\u7279\u597d  \u5177\u8bf4\u554a\u8fd9\u5bb6\u5e97\u5f00\u7684\u65c5\u5e97\u90fd\u662f\u8fd9\u91cc\u7684\u7b2c\u4e00\u5bb6\u5e97  \u53ef\u662f\u6709\u5386\u53f2\u6027\u7684  \u5f00\u5e97\u90fd\u670920\u591a\u5e74\u5566  \u4e4b\u540e\u7684\u5e97\u5c31\u9646\u9646\u7eed\u7eed\u7684\u5f00\u7684  \u4e0d\u8fc7\u554a  \u8fd9\u91cc\u554a\u5bb6\u597d\u6e29\u99a8 \u8001\u677f\u5a18\u716e\u7684\u83dc\u554a  \u8d85\u597d\u5403\u7684  \u521a\u597d\u5929\u6c14\u53c8\u6709\u70b9\u51b7  \u4e0d\u8fc7\u554a  \u90fd\u5c11\u4e0d\u4e86\u8001\u677f\u5a18\u4eb2\u81ea\u505a\u7684\u8fa3\u6912\u9171  \u9999\u554a  \u670b\u53cb\u4eec  \u8fd9\u662f\u6211\u7684\u4eb2\u7ecf\u5386\u54e6  \u9700\u8981\u8fc7\u6765\u8fd9\u8fb9\u770b\u7684\u53ef\u4ee5\u4f4f\u8fd9\u91cc\u54e6  \uff5e\u6c38\u80dc\u65c5\u5e97\uff5e  Vx1812****570  \u7535\u8bdd1812****570  \u8fd8\u662f\u4f4d\u5c0f\u5e05\u54e5\u54e6   \u6211\u7684\u70b9\u8bc4  \u975e\u5e38\u4e0d\u9519"", ""date"": ""2017-11-15"", ""score"": 5, ""commentId"": ""203651190"", ""imgs"": [{""small"": ""https://imgs.qunarzz.com/piao/fusion/1711/6e/6edaf83428690502.jpg_120x120_069fca7f.jpg"", ""title"": """", ""big"": ""https://imgs.qunarzz.com/piao/fusion/1711/6e/6edaf83428690502.jpg""}, {""small"": ""https://imgs.qunarzz.com/piao/fusion/1711/47/3374f2605e93d702.jpg_120x120_551e6847.jpg"", ""title"": """", ""big"": ""https://imgs.qunarzz.com/piao/fusion/1711/47/3374f2605e93d702.jpg""}, {""small"": ""https://imgs.qunarzz.com/piao/fusion/1711/16/9fc9c2b1bd8adf02.jpg_120x120_3230ff0a.jpg"", ""title"": """", ""big"": ""https://imgs.qunarzz.com/piao/fusion/1711/16/9fc9c2b1bd8adf02.jpg""}, {""small"": ""https://imgs.qunarzz.com/piao/fusion/1711/46/4a7733e8859a2e02.jpg_120x120_e4277bf6.jpg"", ""title"": """", ""big"": ""https://imgs.qunarzz.com/piao/fusion/1711/46/4a7733e8859a2e02.jpg""}, {""small"": ""https://imgs.qunarzz.com/piao/fusion/1711/d5/04d7ff2b3a162e02.jpg_120x120_038afbd1.jpg"", ""title"": """", ""big"": ""https://imgs.qunarzz.com/piao/fusion/1711/d5/04d7ff2b3a162e02.jpg""}, {""small"": ""https://imgs.qunarzz.com/piao/fusion/1711/29/b552c0ba23ef702.jpg_120x120_fe6d739a.jpg"", ""title"": """", ""big"": ""https://imgs.qunarzz.com/piao/fusion/1711/29/b552c0ba23ef702.jpg""}, {""small"": ""https://imgs.qunarzz.com/piao/fusion/1711/54/9c1155dd533e9502.jpg_120x120_11a6544c.jpg"", ""title"": """", ""big"": ""https://imgs.qunarzz.com/piao/fusion/1711/54/9c1155dd533e9502.jpg""}], ""userNickName"": ""g*8"", ""replyCityName"": """", ""cityName"": """"}, {""author"": ""r*5"", ""content"": ""\u666f\u9ede\u4e0d\u932f\u7279\u5225\u662f\u54ea\u4e9b\u5343\u5e74\u7684\u53e4\u6a39\u98a8\u666f\u6182\u7f8e\uff0c\u503c\u5f97\u4e00\u6e38\u3002\u9084\u6709\u9019\u5bb6\u65c5\u5e97\u89aa\u6c11\u548c\u8ae7\u670d\u52d9\u614b\u5ea6\u5f88\u597d\u53eb\u505a\u9999\u9999\u8fb2\u58ef\u74b0\u5883\u512a\u7f8e\u3002\u50f9\u683c\u4fbf\u5b9c\u3002"", ""date"": ""2017-10-29"", ""score"": 5, ""commentId"": ""203206166"", ""imgs"": [], ""userNickName"": ""r*5"", ""replyCityName"": """", ""cityName"": """"}, {""author"": ""\u7cbe*\u4fa0"", ""content"": ""\u5773\u80cc\u6751\u7684\u5343\u5e74\u94f6\u674f\u4e0e\u94f6\u674f\u6797\u5c31\u4f4d\u4e8e\u8001\u576a\u7530\u9547\u9644\u8fd1\u3002\u79cb\u98ce\u63a0\u8fc7\uff0c\u6797\u4e2d\u968f\u5373\u6380\u8d77\u4e00\u9635\u201c\u9ec4\u91d1\u96e8\u201d\uff0c\u6ee1\u5730\u5c3d\u62ab\u9ec4\u91d1\u7532\uff0c\u6d6a\u6f2b\u5f02\u5e38\uff01\u518d\u8fdf\u4e9b\u6765\u79cb\u53f6\u5c31\u8981\u6389\u5149\u5566\uff01\u4e00\u53ea\u7f8e\u8273\u201c\u767d\u72d0\u201d\u7a81\u7136\u51fa\u73b0\u5728\u91d1\u9ec4\u7684\u94f6\u674f\u6797\u4e2d\u2014\u2014\u4eba\u5bb6\u6444\u5f71\u91c7\u98ce\u56e2\u7684\u6a21\u7279\uff08\u633a\u7f8e\u7684\uff0c\u5c31\u662f\u5986\u6709\u70b9\u6d53\uff09\uff0c\u4ffa\u4e5f\u4e0d\u5931\u65f6\u673a\u5730\u5077\u62cd\u4e86\u4e00\u5f20\u3002\u8bf4\u771f\u7684\uff01\u4ffa\u5bf9\u8fd9\u7c7b\u6a21\u7279\u6446\u9020\u578b\u7684\u6444\u5f71\u6ca1\u5565\u5174\u8da3\uff0c\u4e5f\u4e0d\u61c2\u6b23\u8d4f\uff0c\u8fd8\u662f\u66f4\u7231\u62cd\u5927\u81ea\u7136\u7684\u5929\u751f\u4e3d\u8d28\u3002"", ""date"": ""2016-08-12"", ""score"": 4, ""commentId"": ""124998560"", ""imgs"": [{""small"": ""https://imgs.qunarzz.com/piao/fusion/1608/9d/8b8461f3ae574302.jpg_120x120_bd1647b4.jpg"", ""title"": """", ""big"": ""https://imgs.qunarzz.com/piao/fusion/1608/9d/8b8461f3ae574302.jpg""}], ""userNickName"": ""\u7cbe*\u4fa0"", ""replyCityName"": """", ""cityName"": """"}], ""score"": 4.7, ""commentCount"": 3}, ""statusCode"": 200}"
青嶂山温泉旅游度假村,https://qimgs.qunarzz.com/piao_qsight_provider_piao_qsight_web/0106o120008ckc7riBAD4_C_900_504.jpg_280x200_d8fcf123.jpg,韶关市,南雄市,广东省韶关市南雄市江头镇青嶂山脚,4,4.8,给你一个其乐无穷的探险之旅,https://piao.qunar.com/ticket/detail_1978677920.html?st=a3clM0QlRTUlOEQlOTclRTklOUIlODQlRTUlQjglODIlMjZpZCUzRDQ2Mjc1NSUyNnR5cGUlM0QwJTI2aWR4JTNEMTElMjZxdCUzRCUyNmFwayUzRDIlMjZzYyUzRFdXVyUyNnVyJTNEJUU0JUI4JUFEJUU1JUIxJUIxJTI2bHIlM0QlRTQlQjglQUQlRTUlQjElQjElMjZmdCUzRCU3QiU3RA%3D%3D#from=mpl_search_suggest,-1.0,N/A,青嶂山温泉旅游度假村，位于南雄市江头镇青嶂山脚 离南雄汽车站13公里，由汽车站往江头西方向120米黎口路口转入，公路宽阔18分钟车程可达，交通便利，该温泉属断层温泉，约形成于二、三百万年前，千百年来“不盈不虚，与日月同流”水温常年在摄氏60度左右，有的地方温泉水达65度、80度之高，其水质纯净。温泉山庄倚靠原生态青嶂山，青嶂山顶有一眼神秘“天池”，池内常年有泉水喷出，池中还有野生睡莲，莲花美丽动人，发出阵阵清香。周围的山峰是上万亩高海拔竹海，青嶂山麓有雄狮岩，大鹰岩等天然岩洞，奇丽壮观，还有大库容的寨下水库。青嶂山原生态自然保护区，给你一个其乐无穷的探险之旅。青嶂山温泉旅游度假村是休闲、减压、养生、洗涤心灵之佳所。度假村占地3万平方米，有别墅70栋140间标准客房，营造安静互不干扰的独立空间供来宾尽享休闲减压之乐。配有室内室外温泉池，入住青嶂山温泉旅游度假村，享优质温泉，叹天然氧吧，尝健康美食——给你一个洗涤心灵的假期。青嶂山温泉经过科学鉴定，专业认证为高氡高钠温泉，具有养生价值。温泉水质纯净呈现天然碧蓝色，含有十多种人体有益的微量元素，实属美容美肤、调理亚健康、强身健体的优质温泉。,1/1-12/31；周一至周日；15:00-23:59开园,https://qimgs.qunarzz.com/piao_qsight_provider_piao_qsight_web/0106o120008ckc7riBAD4_C_900_504.jpg_710x360_c8905cec.jpg〇https://imgs.qunarzz.com/sight/p0/1703/4c/4c0ce7099525f4afa3.img.jpg_710x360_30b3bf01.jpg〇https://imgs.qunarzz.com/sight/p0/1703/76/763d25c3a42138e9a3.img.jpg_710x360_cf9ffac3.jpg〇https://imgs.qunarzz.com/sight/p0/1703/f5/f5d84de294d0b588a3.img.jpg_710x360_c67aa1a5.jpg〇https://imgs.qunarzz.com/sight/p0/1703/1e/1ee977b07c7559b9a3.img.jpg_710x360_c90e3e33.jpg〇https://imgs.qunarzz.com/sight/p0/1703/d6/d64667b4b1256834a3.img.jpg_710x360_ddb09d37.jpg〇https://qimgs.qunarzz.com/piao_qsight_provider_piao_qsight_web/7326582b85cc4f37.jpg_710x360_420d12ff.jpg,"{""ret"": true, ""data"": {""tagList"": [{""tagType"": 1, ""tagScore"": 5, ""tagNum"": 4, ""tagName"": ""\u597d\u8bc4""}, {""tagType"": 0, ""tagScore"": 5, ""tagNum"": 4, ""tagName"": ""\u5168\u90e8""}], ""commentList"": [{""author"": ""\u53bb*\u6237"", ""content"": ""\u7528\u6237\u672a\u70b9\u8bc4\uff0c\u7cfb\u7edf\u9ed8\u8ba4\u597d\u8bc4\u3002"", ""date"": ""2022-10-12"", ""score"": 5, ""commentId"": ""223534300"", ""imgs"": [], ""userNickName"": ""\u53bb*\u6237"", ""replyCityName"": """", ""cityName"": """"}, {""author"": ""\u9738*\u7f51"", ""content"": ""\u7528\u6237\u672a\u70b9\u8bc4\uff0c\u7cfb\u7edf\u9ed8\u8ba4\u597d\u8bc4\u3002"", ""date"": ""2019-03-16"", ""score"": 5, ""commentId"": ""209734021"", ""imgs"": [], ""userNickName"": ""\u9738*\u7f51"", ""replyCityName"": """", ""cityName"": """"}, {""author"": ""o*4"", ""content"": ""\u7528\u6237\u672a\u70b9\u8bc4\uff0c\u7cfb\u7edf\u9ed8\u8ba4\u597d\u8bc4\u3002"", ""date"": ""2019-03-11"", ""score"": 5, ""commentId"": ""209583685"", ""imgs"": [], ""userNickName"": ""o*4"", ""replyCityName"": """", ""cityName"": """"}, {""author"": ""_*5"", ""content"": ""\u55ef\u7684^_^^o^^\u03c9^^_^\uff01"", ""date"": ""2017-04-02"", ""score"": 4, ""commentId"": ""205087256"", ""imgs"": [], ""userNickName"": ""_*5"", ""replyCityName"": """", ""cityName"": """"}], ""score"": 4.8, ""commentCount"": 4}, ""statusCode"": 200}"
客家满堂大围,https://imgs.qunarzz.com/sight/p65/201211/03/88775b6eeebdf7ea93835fbb.jpg_280x200_555d8f87.jpg,韶关市,始兴县,广东省韶关市始兴县城南60公里处的隘子镇境内,2,5.0,””的客家满堂大围位于始兴县城南60公里处的隘子镇境内该围楼建于清朝道光十六年（公元1836年），竣工于咸丰十年（公元1,https://piao.qunar.com/ticket/detail_905102411.html?st=a3clM0QlRTUlQTclOEIlRTUlODUlQjQlRTUlOEUlQkYlMjZpZCUzRDQ1NDYlMjZ0eXBlJTNEMCUyNmlkeCUzRDIlMjZxdCUzRCUyNmFwayUzRDIlMjZzYyUzRFdXVyUyNnVyJTNEJUU0JUI4JUFEJUU1JUIxJUIxJTI2bHIlM0QlRTQlQjglQUQlRTUlQjElQjElMjZmdCUzRCU3QiU3RA%3D%3D#from=mpl_search_suggest,-1.0,N/A,””的客家满堂大围位于始兴县城南60公里处的隘子镇境内该围楼建于清朝道光十六年（公元1836年），竣工于咸丰十年（公元1860年），历时24年，为当地富豪乾荣所建。这城堡式的清代建筑物，既是聚居而息、几代共居的民宅，也是为了防御当时盗獗的盗贼兵匪.大围占地面积达13544.96平方米，其建筑既有古代雄浑朴实的气势，又有近代精致高雅的韵味，集古代、近代客家建筑风格于一体。整座建筑分左、中、右三部分，从左至右全长约百多米，前后宽约50米。,暂无,https://imgs.qunarzz.com/sight/p65/201211/03/88775b6eeebdf7ea93835fbb.jpg_710x360_28dbd923.jpg〇https://qimgs.qunarzz.com/piao_qsight_provider_piao_qsight_web/8a93d34c12a7ba5b0697f0600a6d4b8e.jpg_710x360_cef9ace7.jpg〇https://qimgs.qunarzz.com/piao_qsight_provider_piao_qsight_web/5e89c88da831fa3ead80b2e03060f138.jpg_710x360_75b6fc40.jpg〇https://qimgs.qunarzz.com/piao_qsight_provider_piao_qsight_web/baa25740b51b96287fe7f9898d82f905.jpg_710x360_5115d0ad.jpg〇https://qimgs.qunarzz.com/piao_qsight_provider_piao_qsight_web/22f6aeaa3835f8ffab82b24250647d03.jpg_710x360_2a6628ad.jpg〇https://qimgs.qunarzz.com/piao_qsight_provider_piao_qsight_web/9e35f08a4e717667a2b7be08a5cb4702.jpg_710x360_eba7960e.jpg〇https://qimgs.qunarzz.com/piao_qsight_provider_piao_qsight_web/683f0accd423dcacc3bafc06a4fc5617.jpg_710x360_bf414dc3.jpg〇https://qimgs.qunarzz.com/piao_qsight_provider_piao_qsight_web/87c8a4df489a84fa1d307809408fa286.jpg_710x360_0aef2cda.jpg〇https://qimgs.qunarzz.com/piao_qsight_provider_piao_qsight_web/d8413264a7267f58dd86208e9e8396c7.jpg_710x360_a5a39c4c.jpg〇https://qimgs.qunarzz.com/piao_qsight_provider_piao_qsight_web/f042a888c050864195d6ccee348a4e94.jpg_710x360_c7ec7472.jpg〇https://qimgs.qunarzz.com/piao_qsight_provider_piao_qsight_web/b598350ce5a6905036d8ce9a7944fc81.jpg_710x360_a0549310.jpg〇https://qimgs.qunarzz.com/piao_qsight_provider_piao_qsight_web/0ad0957fe7e96086a73067f5e5354503.jpg_710x360_9329e62b.jpg〇https://qimgs.qunarzz.com/piao_qsight_provider_piao_qsight_web/0ba9d127ec4df9e92523109c3c44bdde.jpg_710x360_5a751b13.jpg〇https://qimgs.qunarzz.com/piao_qsight_provider_piao_qsight_web/ed87bbdab91a1fe4367ca2167323b689.jpg_710x360_176ec76f.jpg〇https://qimgs.qunarzz.com/piao_qsight_provider_piao_qsight_web/413d4b12a1da7d37.jpg_710x360_578e62dc.jpg〇https://qimgs.qunarzz.com/piao_qsight_provider_piao_qsight_web/eb138156198db69a.jpg_710x360_ab40ee5e.jpg〇https://qimgs.qunarzz.com/piao_qsight_provider_piao_qsight_web/9b13575be860ef9a.jpg_710x360_bb1be431.jpg〇https://qimgs.qunarzz.com/piao_qsight_provider_piao_qsight_web/3b252afeaa13d49a.jpg_710x360_f6f26f30.jpg〇https://qimgs.qunarzz.com/piao_qsight_provider_piao_qsight_web/ceb7d82dce5fe99a.jpg_710x360_fa05d611.jpg〇https://qimgs.qunarzz.com/piao_qsight_provider_piao_qsight_web/64a6c052a3a4049a.jpg_710x360_a63e2621.jpg〇https://qimgs.qunarzz.com/piao_qsight_provider_piao_qsight_web/35db5f7529d4a6.jpg_710x360_635207b3.jpg,"{""ret"": true, ""data"": {""tagList"": [{""tagType"": 1, ""tagScore"": 5, ""tagNum"": 2, ""tagName"": ""\u597d\u8bc4""}, {""tagType"": 0, ""tagScore"": 5, ""tagNum"": 2, ""tagName"": ""\u5168\u90e8""}], ""commentList"": [{""author"": ""p*8"", ""content"": ""\u5ba2\u5bb6\u56f4\u697c\u6211\u770b\u4e86\u5f88\u591a\uff0c\u5e7f\u4e1c\u97f6\u5173\u59cb\u5174\u6ee1\u5802\u5ba2\u5bb6\u56f4\u697c\u5c5e\u56f4\u5185\u56f4\uff0c\u5bbd\u5927\uff0c\u4fdd\u5b58\u5b8c\u597d\uff0c\u503c\u5f97\u770b\u5230\u771f\u5b9e\u7684\u53e4\u5efa\u7b51\u98ce\u8c8c\uff0c\u4e86\u89e3\u5f53\u5730\u597d\u5ba2\u7684\u98ce\u571f\u4eba\u60c5\uff0c"", ""date"": ""2020-10-04"", ""score"": 5, ""commentId"": ""216584329"", ""imgs"": [], ""userNickName"": ""p*8"", ""replyCityName"": """", ""cityName"": """"}, {""author"": ""o*3"", ""content"": ""\u554a\uff01\u7ec8\u4e8e\u767b\u4e0a\u4e86\u4e94\u798f\u5c71\u9876\uff01\u4e00\u89c8\u4f17\u5c71\u5c0f\u7684\u6210\u5c31\u611f\u6cb9\u7136\u800c\u751f\uff01\u5728\u7f8e\u666f\u9762\u524d\u708e\u708e\u590f\u65e5\u5168\u629b\u8111\u540e~~~\u503c\u4e86\uff01"", ""date"": ""2020-07-16"", ""score"": 5, ""commentId"": ""215254862"", ""imgs"": [], ""userNickName"": ""o*3"", ""replyCityName"": """", ""cityName"": """"}], ""score"": 5.0, ""commentCount"": 2}, ""statusCode"": 200}"
泉水谷旅游景区,https://qimgs.qunarzz.com/piao_qsight_provider_piao_qsight_web/350e1800000140rmq7313_C_900_504.jpg_280x200_b942cd0a.jpg,韶关市,南雄市,广东省韶关市南雄市邓坊镇里源村,516,5.0,春踏青、夏避暑，秋冬登山,https://piao.qunar.com/ticket/detail_4014938510.html?st=a3clM0QlRTUlOEQlOTclRTklOUIlODQlRTUlQjglODIlMjZpZCUzRDQ1MjE1NyUyNnR5cGUlM0QwJTI2aWR4JTNEOSUyNnF0JTNEJTI2YXBrJTNEMiUyNnNjJTNEV1dXJTI2dXIlM0QlRTQlQjglQUQlRTUlQjElQjElMjZsciUzRCVFNCVCOCVBRCVFNSVCMSVCMSUyNmZ0JTNEJTdCJTdE#from=mpl_search_suggest,-1.0,N/A,邓坊泉水谷漂流度假村位于广东省南雄市邓坊镇杨梅水库下游，由南雄鸿盛商业投资有限公司投资建设，规划区域面积约4500亩，投资逾7000万元，景区规划有水上乐园、农家休闲中心、园林酒店、登山、露营休闲区、空中滑索、南雄特色景观。泉水谷地形跌宕起伏，河道蜿蜒悠长，时而平湖深潭，时而激流浅滩，有着雄伟的山峦、幽谧的峡谷，落差起伏让人尖叫不止，周围自然生态资源丰富，植被茂密，是一个天然氧吧，峡谷、秘流、平地、田野环环相扣，令人惊叹。河道是利用景区原有的山涧水渠人工修建的单滑道漂流，漂流河道全长3公里多，高低落差168米，途中有几个倾斜度在30度到60度之间的滑道，并配备缓冲池区，滑道的倾斜角度、每个转折弯度，以及每次的冲水量和速度都是由专业人士设计施工，所以虽然很刺激，但是安全性是很有保证的。邓坊泉水谷漂流度假村旅游区将通过自身漂流的特色战略、以及与珠玑古巷文化旅游和梅关古道旅游观光产品联动，确保南雄邓坊漂流旅游区成为“三个效益”相统一的优质旅游区！,1/1-12/31；周一至周日；09:00-21:00开园,https://qimgs.qunarzz.com/piao_qsight_provider_piao_qsight_web/350e1800000140rmq7313_C_900_504.jpg_710x360_a04c8798.jpg〇https://qimgs.qunarzz.com/piao_qsight_provider_piao_qsight_web/3504180000013wzyfA31C_C_900_504_Q90_Mtg_7.jpg_710x360_d41a5071.jpg〇https://qimgs.qunarzz.com/piao_qsight_provider_piao_qsight_web/350o180000013wuwj794F_C_900_504_Q90_Mtg_7.jpg_710x360_c35da6f1.jpg〇https://qimgs.qunarzz.com/piao_qsight_provider_piao_qsight_web/350f180000013y1co03B1_C_900_504_Q90_Mtg_7.jpg_710x360_2e4f5d21.jpg〇https://qimgs.qunarzz.com/piao_qsight_provider_piao_qsight_web/3503180000013zqsx56DC_C_900_504_Q90_Mtg_7.jpg_710x360_e10de5f8.jpg〇https://qimgs.qunarzz.com/piao_qsight_provider_piao_qsight_web/350s1800000144w834152_C_900_504_Q90_Mtg_7.jpg_710x360_78cbea38.jpg〇https://qimgs.qunarzz.com/piao_qsight_provider_piao_qsight_web/350p180000013x5e42B76_C_900_504_Q90_Mtg_7.jpg_710x360_5886f447.jpg〇https://qimgs.qunarzz.com/piao_qsight_provider_piao_qsight_web/350w18000001441u88414_C_900_504_Q90_Mtg_7.jpg_710x360_2b6cf381.jpg〇https://qimgs.qunarzz.com/piao_qsight_provider_piao_qsight_web/350e1800000140rmq7313_C_900_504_Q90_Mtg_7.jpg_710x360_d96d9194.jpg〇https://imgs.qunarzz.com/sight/p0/1507/5e/9a48aa42df078265a88eabba3a715f96.water.jpg_710x360_2a341cba.jpg〇https://imgs.qunarzz.com/sight/p0/1507/27/9fb9a729e21ad2ddd9586c742a6e1a2b.water.jpg_710x360_cf26c462.jpg〇https://imgs.qunarzz.com/sight/p0/1507/a1/9553aa08409a08833a8c7a13fbb1b61c.water.jpg_710x360_2491407a.jpg〇https://qimgs.qunarzz.com/piao_qsight_provider_piao_qsight_web/59f7b1291671ae37.jpg_710x360_9299ab2c.jpg,"{""ret"": true, ""data"": {""tagList"": [{""tagType"": 32, ""tagScore"": 5, ""tagNum"": 1, ""tagName"": ""\u670d\u52a1\u597d""}, {""tagType"": 16, ""tagScore"": 5, ""tagNum"": 1, ""tagName"": ""\u9760\u8c31""}, {""tagType"": 8, ""tagScore"": 5, ""tagNum"": 1, ""tagName"": ""\u4fbf\u5b9c""}, {""tagType"": 4, ""tagScore"": 5, ""tagNum"": 1, ""tagName"": ""\u53d6\u7968\u65b9\u4fbf""}, {""tagType"": 3, ""tagScore"": 5, ""tagNum"": 1, ""tagName"": ""\u5dee\u8bc4""}, {""tagType"": 1, ""tagScore"": 5, ""tagNum"": 515, ""tagName"": ""\u597d\u8bc4""}, {""tagType"": 0, ""tagScore"": 5, ""tagNum"": 516, ""tagName"": ""\u5168\u90e8""}], ""commentList"": [{""author"": ""a*0"", ""content"": ""\u7528\u6237\u672a\u70b9\u8bc4\uff0c\u7cfb\u7edf\u9ed8\u8ba4\u597d\u8bc4\u3002"", ""date"": ""2024-10-13"", ""score"": 5, ""commentId"": ""237605725"", ""imgs"": [], ""userNickName"": ""a*0"", ""replyCityName"": """", ""cityName"": """"}, {""author"": ""\u767d*\u4f26"", ""content"": ""\u7528\u6237\u672a\u70b9\u8bc4\uff0c\u7cfb\u7edf\u9ed8\u8ba4\u597d\u8bc4\u3002"", ""date"": ""2024-10-03"", ""score"": 5, ""commentId"": ""237475871"", ""imgs"": [], ""userNickName"": ""\u767d*\u4f26"", ""replyCityName"": """", ""cityName"": """"}, {""author"": ""t*4"", ""content"": ""\u7528\u6237\u672a\u70b9\u8bc4\uff0c\u7cfb\u7edf\u9ed8\u8ba4\u597d\u8bc4\u3002"", ""date"": ""2024-10-01"", ""score"": 5, ""commentId"": ""237432750"", ""imgs"": [], ""userNickName"": ""t*4"", ""replyCityName"": """", ""cityName"": """"}, {""author"": ""\u53bb*\u6237"", ""content"": ""\u7528\u6237\u672a\u70b9\u8bc4\uff0c\u7cfb\u7edf\u9ed8\u8ba4\u597d\u8bc4\u3002"", ""date"": ""2024-09-26"", ""score"": 5, ""commentId"": ""237282583"", ""imgs"": [], ""userNickName"": ""\u53bb*\u6237"", ""replyCityName"": """", ""cityName"": """"}, {""author"": ""\u53bb*\u6237"", ""content"": ""\u7528\u6237\u672a\u70b9\u8bc4\uff0c\u7cfb\u7edf\u9ed8\u8ba4\u597d\u8bc4\u3002"", ""date"": ""2024-09-26"", ""score"": 5, ""commentId"": ""237274663"", ""imgs"": [], ""userNickName"": ""\u53bb*\u6237"", ""replyCityName"": """", ""cityName"": """"}, {""author"": ""\u53bb*\u6237"", ""content"": ""\u7528\u6237\u672a\u70b9\u8bc4\uff0c\u7cfb\u7edf\u9ed8\u8ba4\u597d\u8bc4\u3002"", ""date"": ""2024-09-19"", ""score"": 5, ""commentId"": ""236978446"", ""imgs"": [], ""userNickName"": ""\u53bb*\u6237"", ""replyCityName"": """", ""cityName"": """"}, {""author"": ""\u72ec*\u6c34"", ""content"": ""\u7528\u6237\u672a\u70b9\u8bc4\uff0c\u7cfb\u7edf\u9ed8\u8ba4\u597d\u8bc4\u3002"", ""date"": ""2024-09-14"", ""score"": 5, ""commentId"": ""236735440"", ""imgs"": [], ""userNickName"": ""\u72ec*\u6c34"", ""replyCityName"": """", ""cityName"": """"}, {""author"": ""\u72ec*\u6c34"", ""content"": ""\u7528\u6237\u672a\u70b9\u8bc4\uff0c\u7cfb\u7edf\u9ed8\u8ba4\u597d\u8bc4\u3002"", ""date"": ""2024-09-14"", ""score"": 5, ""commentId"": ""236735107"", ""imgs"": [], ""userNickName"": ""\u72ec*\u6c34"", ""replyCityName"": """", ""cityName"": """"}, {""author"": ""\u53bb*\u6237"", ""content"": ""\u7528\u6237\u672a\u70b9\u8bc4\uff0c\u7cfb\u7edf\u9ed8\u8ba4\u597d\u8bc4\u3002"", ""date"": ""2024-09-13"", ""score"": 5, ""commentId"": ""236699026"", ""imgs"": [], ""userNickName"": ""\u53bb*\u6237"", ""replyCityName"": """", ""cityName"": """"}, {""author"": ""\u53bb*\u6237"", ""content"": ""\u7528\u6237\u672a\u70b9\u8bc4\uff0c\u7cfb\u7edf\u9ed8\u8ba4\u597d\u8bc4\u3002"", ""date"": ""2024-09-13"", ""score"": 5, ""commentId"": ""236698959"", ""imgs"": [], ""userNickName"": ""\u53bb*\u6237"", ""replyCityName"": """", ""cityName"": """"}], ""score"": 5.0, ""commentCount"": 516}, ""statusCode"": 200}"
迪佳水上乐园,https://qimgs.qunarzz.com/piao_qsight_provider_piao_qsight_web/01040120008txwuu265AA_C_900_504.jpg_280x200_2b668eb0.jpg,韶关市,南雄市,广东省韶关市南雄市珠玑镇长迳村三佳村大皮岭足球场东侧房屋,36,5.0,作为南雄时下玩水新去处，共有8个大型水上游乐项目，有适合成年人的海底探险、水上跷跷板、水上闯关等多个刺激的水上项目。60,https://piao.qunar.com/ticket/detail_801979435.html?st=a3clM0QlRTUlOEQlOTclRTklOUIlODQlRTUlQjglODIlMjZpZCUzRDUxMTUyMSUyNnR5cGUlM0QwJTI2aWR4JTNEOCUyNnF0JTNEJTI2YXBrJTNEMiUyNnNjJTNEV1dXJTI2dXIlM0QlRTQlQjglQUQlRTUlQjElQjElMjZsciUzRCVFNCVCOCVBRCVFNSVCMSVCMSUyNmZ0JTNEJTdCJTdE#from=mpl_search_suggest,-1.0,N/A,作为南雄时下玩水新去处，共有8个大型水上游乐项目，有适合成年人的海底探险、水上跷跷板、水上闯关等多个刺激的水上项目。600平方的超大泳池，尤其适合家长与孩子们一起互动，在欢声笑语中度过一个清凉夏日。,1/1-12/31；周一至周五；14:00-21:00开园,https://qimgs.qunarzz.com/piao_qsight_provider_piao_qsight_web/01040120008txwuu265AA_C_900_504.jpg_710x360_9c487f21.jpg〇https://imgs.qunarzz.com/sight/p0/2107/df/df95da0b5f2ea94aa3.img.jpg_710x360_dfd6c640.jpg〇https://imgs.qunarzz.com/sight/p0/2107/dd/ddbdf52899656fffa3.img.jpg_710x360_b1f62b93.jpg〇https://imgs.qunarzz.com/sight/p0/2107/33/331ccbe5617a41bca3.img.jpg_710x360_673a5572.jpg〇https://imgs.qunarzz.com/sight/p0/2107/43/43996dd549df8213a3.img.jpg_710x360_ca8fce92.jpg〇https://imgs.qunarzz.com/sight/p0/2107/e6/e612348e952b9effa3.img.jpg_710x360_766e38fe.jpg〇https://imgs.qunarzz.com/sight/p0/2107/d3/d32494033089a4dda3.img.jpg_710x360_d0f215eb.jpg,"{""ret"": true, ""data"": {""tagList"": [{""tagType"": 1, ""tagScore"": 5, ""tagNum"": 36, ""tagName"": ""\u597d\u8bc4""}, {""tagType"": 0, ""tagScore"": 5, ""tagNum"": 36, ""tagName"": ""\u5168\u90e8""}], ""commentList"": [{""author"": ""c*7"", ""content"": ""\u7528\u6237\u672a\u70b9\u8bc4\uff0c\u7cfb\u7edf\u9ed8\u8ba4\u597d\u8bc4\u3002"", ""date"": ""2024-10-01"", ""score"": 5, ""commentId"": ""237407775"", ""imgs"": [], ""userNickName"": ""c*7"", ""replyCityName"": """", ""cityName"": """"}, {""author"": ""\u53bb*\u6237"", ""content"": ""\u7528\u6237\u672a\u70b9\u8bc4\uff0c\u7cfb\u7edf\u9ed8\u8ba4\u597d\u8bc4\u3002"", ""date"": ""2024-10-01"", ""score"": 5, ""commentId"": ""237401670"", ""imgs"": [], ""userNickName"": ""\u53bb*\u6237"", ""replyCityName"": """", ""cityName"": """"}, {""author"": ""\u725b*g"", ""content"": ""\u7528\u6237\u672a\u70b9\u8bc4\uff0c\u7cfb\u7edf\u9ed8\u8ba4\u597d\u8bc4\u3002"", ""date"": ""2024-10-01"", ""score"": 5, ""commentId"": ""237400462"", ""imgs"": [], ""userNickName"": ""\u725b*g"", ""replyCityName"": """", ""cityName"": """"}, {""author"": ""\u67f4*\u9f99"", ""content"": ""\u7528\u6237\u672a\u70b9\u8bc4\uff0c\u7cfb\u7edf\u9ed8\u8ba4\u597d\u8bc4\u3002"", ""date"": ""2024-10-01"", ""score"": 5, ""commentId"": ""237400460"", ""imgs"": [], ""userNickName"": ""\u67f4*\u9f99"", ""replyCityName"": """", ""cityName"": """"}, {""author"": ""k*5"", ""content"": ""\u7528\u6237\u672a\u70b9\u8bc4\uff0c\u7cfb\u7edf\u9ed8\u8ba4\u597d\u8bc4\u3002"", ""date"": ""2024-10-01"", ""score"": 5, ""commentId"": ""237399306"", ""imgs"": [], ""userNickName"": ""k*5"", ""replyCityName"": """", ""cityName"": """"}, {""author"": ""T*2"", ""content"": ""\u7528\u6237\u672a\u70b9\u8bc4\uff0c\u7cfb\u7edf\u9ed8\u8ba4\u597d\u8bc4\u3002"", ""date"": ""2024-10-01"", ""score"": 5, ""commentId"": ""237399150"", ""imgs"": [], ""userNickName"": ""T*2"", ""replyCityName"": """", ""cityName"": """"}, {""author"": ""w*9"", ""content"": ""\u7528\u6237\u672a\u70b9\u8bc4\uff0c\u7cfb\u7edf\u9ed8\u8ba4\u597d\u8bc4\u3002"", ""date"": ""2023-10-01"", ""score"": 5, ""commentId"": ""229204595"", ""imgs"": [], ""userNickName"": ""w*9"", ""replyCityName"": """", ""cityName"": """"}, {""author"": ""\u53bb*\u6237"", ""content"": ""\u7528\u6237\u672a\u70b9\u8bc4\uff0c\u7cfb\u7edf\u9ed8\u8ba4\u597d\u8bc4\u3002"", ""date"": ""2023-10-01"", ""score"": 5, ""commentId"": ""229203498"", ""imgs"": [], ""userNickName"": ""\u53bb*\u6237"", ""replyCityName"": """", ""cityName"": """"}, {""author"": ""\u53bb*\u6237"", ""content"": ""\u7528\u6237\u672a\u70b9\u8bc4\uff0c\u7cfb\u7edf\u9ed8\u8ba4\u597d\u8bc4\u3002"", ""date"": ""2023-10-01"", ""score"": 5, ""commentId"": ""229202335"", ""imgs"": [], ""userNickName"": ""\u53bb*\u6237"", ""replyCityName"": """", ""cityName"": """"}, {""author"": ""w*9"", ""content"": ""\u7528\u6237\u672a\u70b9\u8bc4\uff0c\u7cfb\u7edf\u9ed8\u8ba4\u597d\u8bc4\u3002"", ""date"": ""2023-09-11"", ""score"": 5, ""commentId"": ""228456588"", ""imgs"": [], ""userNickName"": ""w*9"", ""replyCityName"": """", ""cityName"": """"}], ""score"": 5.0, ""commentCount"": 36}, ""statusCode"": 200}"
云峰山生态旅游区,https://qimgs.qunarzz.com/piao_qsight_provider_piao_qsight_web/1lo1w12000cdf9dmeBFCA_C_900_504.jpg_280x200_b18dae88.jpg,韶关市,南雄市,广东省南雄市云峰山旅游景区大门口,-1,-1.0,N/A,https://piao.qunar.com/ticket/detail_1907000380.html?st=a3clM0QlRTUlOEQlOTclRTklOUIlODQlRTUlQjglODIlMjZpZCUzRDUyMjgzOCUyNnR5cGUlM0QwJTI2aWR4JTNENyUyNnF0JTNEJTI2YXBrJTNEMiUyNnNjJTNEV1dXJTI2dXIlM0QlRTQlQjglQUQlRTUlQjElQjElMjZsciUzRCVFNCVCOCVBRCVFNSVCMSVCMSUyNmZ0JTNEJTdCJTdE#from=mpl_search_suggest,39.9,N/A,N/A,1/1-12/31；周一至周日；09:00-18:00开园,https://qimgs.qunarzz.com/piao_qsight_provider_piao_qsight_web/1lo1w12000cdf9dmeBFCA_C_900_504.jpg_710x360_62339863.jpg〇https://qimgs.qunarzz.com/piao_qsight_provider_piao_qsight_web/1lo6t12000cdf9jkz20B3_C_900_504_Q90_Mtg_7.jpg_710x360_2e94cd9d.jpg〇https://qimgs.qunarzz.com/piao_qsight_provider_piao_qsight_web/1lo4r12000cdf9mr73A6E_C_900_504_Q90_Mtg_7.jpg_710x360_e261d1b3.jpg〇https://qimgs.qunarzz.com/piao_qsight_provider_piao_qsight_web/1lo4v12000cdf9lvxB11D_C_900_504_Q90_Mtg_7.png_710x360_297e9798.png〇https://qimgs.qunarzz.com/piao_qsight_provider_piao_qsight_web/1lo3s12000cdf9aok71EC_C_900_504_Q90_Mtg_7.jpg_710x360_9822f034.jpg〇https://qimgs.qunarzz.com/piao_qsight_provider_piao_qsight_web/1lo1q12000cdf9hao3D36_C_900_504_Q90_Mtg_7.jpg_710x360_1d47376b.jpg〇https://qimgs.qunarzz.com/piao_qsight_provider_piao_qsight_web/1lo0e12000cdf9ejx1A5C_C_900_504_Q90_Mtg_7.jpg_710x360_6c65bc0d.jpg〇https://qimgs.qunarzz.com/piao_qsight_provider_piao_qsight_web/1lo1f12000cdf9fu49F23_C_900_504_Q90_Mtg_7.jpg_710x360_02d2b014.jpg〇https://qimgs.qunarzz.com/piao_qsight_provider_piao_qsight_web/1lo6l12000cdf9o0h442E_C_900_504_Q90_Mtg_7.jpg_710x360_520989f8.jpg〇https://qimgs.qunarzz.com/piao_qsight_provider_piao_qsight_web/1lo5k12000cdf9mq07B29_C_900_504_Q90_Mtg_7.jpg_710x360_170cea4c.jpg〇https://qimgs.qunarzz.com/piao_qsight_provider_piao_qsight_web/1lo1w12000cdf9dmeBFCA_C_900_504_Q90_Mtg_7.jpg_710x360_9816bdd3.jpg,"{""ret"": true, ""data"": {""tagList"": [{""tagType"": 0, ""tagScore"": 5, ""tagNum"": 0, ""tagName"": ""\u5168\u90e8""}], ""score"": 0.0, ""commentCount"": 0}, ""statusCode"": 200}"
韶关南雄南岭温泉,https://imgs.qunarzz.com/piao_qsight_web_piao_qsight_web/350p1b000001a2w03B5B1_C_1600_1200.jpg_280x200_9dd7ed9a.jpg,韶关市,南雄市,广东省韶关市南雄市全安镇暖水塘南雄南岭温泉,15,4.9,粤北古镇南雄市西北6公里的龙华山麓脚下有一隆起坡墚蜿蜒起伏，曲折百丈远迂回三千尺深，依山傍水，行气流水，是龙华山温矿泉度,https://piao.qunar.com/ticket/detail_4136023625.html?st=a3clM0QlRTUlOEQlOTclRTklOUIlODQlRTUlQjglODIlMjZpZCUzRDUxMzYzOSUyNnR5cGUlM0QwJTI2aWR4JTNENiUyNnF0JTNEJTI2YXBrJTNEMiUyNnNjJTNEV1dXJTI2dXIlM0QlRTQlQjglQUQlRTUlQjElQjElMjZsciUzRCVFNCVCOCVBRCVFNSVCMSVCMSUyNmZ0JTNEJTdCJTdE#from=mpl_search_suggest,75.0,N/A,"粤北古镇南雄市西北6公里的龙华山麓脚下有一隆起坡墚蜿蜒起伏，曲折百丈远迂回三千尺深，依山傍水，行气流水，是龙华山温矿泉度假村所在地。北连百顺君子岭，浩然气魄，西合苍石奇峰朗朗精神，东眺日出皇恩珠玑，南邻湛凌西北交汇聚合，山览层层拱迎侍候。丰富的天然温泉蕴藏其内：地层下200米处千百年形成的南雄大断裂构成罗佛寨群多条裂隙地热带交汇处，大自然赐予四口日夜不停流，人们可闻可饮的自涌重碳酸温泉口。含多种人体所需的微量元素，被地矿部斟评为“珍稀温矿泉水”。度假村经名山高人斟点依大风水格局，合温泉自涌地点，北建天池面积200平方，分高、中、低温池，静动有谐，体会到一览众山小“百泉尽沐身，心静涤尘埃，洗弃烦心事，又是好一天”的境界。南建八卦温泉，把人的十二生肖镶入八个卦位池，在泡温泉中体会“沐八卦，转乾坤”的作用。龙华池（南天池）在村内高点，有隔山湛凌两水之能。南北之中：人工垒起一座山依圆润四周来风，南北之中建有长50米，面积1000平方的温泉游泳馆，让人们在运动中体验温泉水的作用。南北之中建一地下温泉迷宫,在泡温泉中体会“下地入宫寻往事,死去活来又一回”脱俗之感。建有风格各异的宾馆区和别墅区：有采用天然杉木按风水五行建成的水木龙华、金木龙华、土木龙华、火木龙华、杉木坊、杉木居、怡然阁和宾馆A区、B区等居住区。以营造家庭氛围，乡土风情，风水与人体相合为主题，体会“日沐温泉浴，夜闻鸟虫鸣，春梦一觉醒，仿如在仙境”清心正本作用。",9:00-24:00,https://imgs.qunarzz.com/piao_qsight_web_piao_qsight_web/350p1b000001a2w03B5B1_C_1600_1200.jpg_710x360_1dcdaf1b.jpg,"{""ret"": true, ""data"": {""tagList"": [{""tagType"": 2, ""tagScore"": 5, ""tagNum"": 1, ""tagName"": ""\u4e2d\u8bc4""}, {""tagType"": 1, ""tagScore"": 5, ""tagNum"": 14, ""tagName"": ""\u597d\u8bc4""}, {""tagType"": 0, ""tagScore"": 5, ""tagNum"": 15, ""tagName"": ""\u5168\u90e8""}], ""commentList"": [{""author"": ""E*g"", ""content"": ""\u51b7\u6c14\u5f88\u5435\uff0c\u6e29\u6cc9\u533a\u6709\u70b9\u8fdc\uff0c\u6dcb\u6d74\u533a\u82b1\u6d12\ud83d\udebf\u90fd\u6ca1\u6709\u6c34\uff0c\u8bd5\u4e86\u4e09\u4e2a\u624d\u6709\uff0c\u4f46\u6302\u82b1\u6d12\u7684\u53c8\u52a8\u4e0d\u4e86\uff0c\u90fd\u98de\u6e85\u5230\u95e8\u5e18\u4e0a\u4e86\uff0c\u90fd\u4e0d\u77e5\u9053\u662f\u6d17\u6211\u8fd8\u662f\u6d17\u95e8\u5e18\ud83d\ude12\u6ca1\u6d74\u5e3d\uff0c\u6ca1\u6c34\u676f\u90fd\u4e0d\u53ca\u65f6\u8865\u5145\u3002\u5230\u623f\u95f4\u7684\u6ce1\u6c60\uff0c\u6c34\u6e29\u4e5f\u4e0d\u591f\u70ed\uff01\u8bbe\u65bd\u6709\u70b9\u65e7\u4e86\uff01"", ""date"": ""2024-12-02"", ""score"": 3, ""commentId"": ""239053438"", ""imgs"": [{""small"": ""https://qimgs.qunarzz.com/mp_piao_0001/temp11457356905214047052file_1733107636000.jpg_120x120_fdb701de.jpg"", ""title"": """", ""big"": ""https://qimgs.qunarzz.com/mp_piao_0001/temp11457356905214047052file_1733107636000.jpg""}], ""userNickName"": ""E*g"", ""replyCityName"": """", ""cityName"": ""\u5e7f\u4e1c""}, {""author"": ""\u53bb*\u6237"", ""content"": ""\u7528\u6237\u672a\u70b9\u8bc4\uff0c\u7cfb\u7edf\u9ed8\u8ba4\u597d\u8bc4\u3002"", ""date"": ""2024-11-02"", ""score"": 5, ""commentId"": ""238099414"", ""imgs"": [], ""userNickName"": ""\u53bb*\u6237"", ""replyCityName"": """", ""cityName"": """"}, {""author"": ""\u53bb*\u6237"", ""content"": ""\u7528\u6237\u672a\u70b9\u8bc4\uff0c\u7cfb\u7edf\u9ed8\u8ba4\u597d\u8bc4\u3002"", ""date"": ""2024-04-02"", ""score"": 5, ""commentId"": ""232755557"", ""imgs"": [], ""userNickName"": ""\u53bb*\u6237"", ""replyCityName"": """", ""cityName"": """"}, {""author"": ""c*1"", ""content"": ""\u7528\u6237\u672a\u70b9\u8bc4\uff0c\u7cfb\u7edf\u9ed8\u8ba4\u597d\u8bc4\u3002"", ""date"": ""2024-03-07"", ""score"": 5, ""commentId"": ""231828400"", ""imgs"": [], ""userNickName"": ""c*1"", ""replyCityName"": """", ""cityName"": """"}, {""author"": ""i*7"", ""content"": ""\u7528\u6237\u672a\u70b9\u8bc4\uff0c\u7cfb\u7edf\u9ed8\u8ba4\u597d\u8bc4\u3002"", ""date"": ""2024-01-16"", ""score"": 5, ""commentId"": ""231049442"", ""imgs"": [], ""userNickName"": ""i*7"", ""replyCityName"": """", ""cityName"": """"}, {""author"": ""i*7"", ""content"": ""\u7528\u6237\u672a\u70b9\u8bc4\uff0c\u7cfb\u7edf\u9ed8\u8ba4\u597d\u8bc4\u3002"", ""date"": ""2024-01-16"", ""score"": 5, ""commentId"": ""231049151"", ""imgs"": [], ""userNickName"": ""i*7"", ""replyCityName"": """", ""cityName"": """"}, {""author"": ""q*2"", ""content"": ""\u7528\u6237\u672a\u70b9\u8bc4\uff0c\u7cfb\u7edf\u9ed8\u8ba4\u597d\u8bc4\u3002"", ""date"": ""2024-01-15"", ""score"": 5, ""commentId"": ""231040223"", ""imgs"": [], ""userNickName"": ""q*2"", ""replyCityName"": """", ""cityName"": """"}, {""author"": ""s*9"", ""content"": ""\u7528\u6237\u672a\u70b9\u8bc4\uff0c\u7cfb\u7edf\u9ed8\u8ba4\u597d\u8bc4\u3002"", ""date"": ""2024-01-01"", ""score"": 5, ""commentId"": ""230914707"", ""imgs"": [], ""userNickName"": ""s*9"", ""replyCityName"": """", ""cityName"": """"}, {""author"": ""j*5"", ""content"": ""\u7528\u6237\u672a\u70b9\u8bc4\uff0c\u7cfb\u7edf\u9ed8\u8ba4\u597d\u8bc4\u3002"", ""date"": ""2023-01-27"", ""score"": 5, ""commentId"": ""223962572"", ""imgs"": [], ""userNickName"": ""j*5"", ""replyCityName"": """", ""cityName"": """"}, {""author"": ""\u53bb*\u6237"", ""content"": ""\u7528\u6237\u672a\u70b9\u8bc4\uff0c\u7cfb\u7edf\u9ed8\u8ba4\u597d\u8bc4\u3002"", ""date"": ""2023-01-18"", ""score"": 5, ""commentId"": ""223941126"", ""imgs"": [], ""userNickName"": ""\u53bb*\u6237"", ""replyCityName"": """", ""cityName"": """"}], ""score"": 4.9, ""commentCount"": 15}, ""statusCode"": 200}"
快乐東方·温泉旅行度假村,https://qimgs.qunarzz.com/piao_qsight_provider_piao_qsight_web/0101p12000f6raogd8AA6_C_900_504.jpg_280x200_a8556599.jpg,韶关市,始兴县,广东省韶关市始兴县罗坝镇上营村村委会东北方向200米,-1,-1.0,N/A,https://piao.qunar.com/ticket/detail_2727569676.html?st=a3clM0QlRTUlQTclOEIlRTUlODUlQjQlRTUlOEUlQkYlMjZpZCUzRDUyMzIwNyUyNnR5cGUlM0QwJTI2aWR4JTNEMSUyNnF0JTNEJTI2YXBrJTNEMiUyNnNjJTNEV1dXJTI2dXIlM0QlRTQlQjglQUQlRTUlQjElQjElMjZsciUzRCVFNCVCOCVBRCVFNSVCMSVCMSUyNmZ0JTNEJTdCJTdE#from=mpl_search_suggest,168.0,N/A,N/A,1/1-12/31；周一至周日；08:00-22:00开园,https://qimgs.qunarzz.com/piao_qsight_provider_piao_qsight_web/0101p12000f6raogd8AA6_C_900_504.jpg_710x360_685ca530.jpg〇https://qimgs.qunarzz.com/piao_qsight_provider_piao_qsight_web/0101p12000f6raogd8AA6_C_900_504_Q90_Mtg_7.jpg_710x360_d6f57cef.jpg〇https://qimgs.qunarzz.com/piao_qsight_provider_piao_qsight_web/1lo5712000c9dmmpk2842_C_900_504_Q90_Mtg_7.jpg_710x360_f1538307.jpg〇https://qimgs.qunarzz.com/piao_qsight_provider_piao_qsight_web/1lo1y12000c9dmfwgFAB1_C_900_504_Q90_Mtg_7.jpg_710x360_c95702ad.jpg〇https://qimgs.qunarzz.com/piao_qsight_provider_piao_qsight_web/1lo6y12000c9dmqrq1EE5_C_900_504_Q90_Mtg_7.jpg_710x360_16e67d73.jpg〇https://qimgs.qunarzz.com/piao_qsight_provider_piao_qsight_web/1lo6212000c9dmqro0804_C_900_504_Q90_Mtg_7.jpg_710x360_d55796d5.jpg〇https://qimgs.qunarzz.com/piao_qsight_provider_piao_qsight_web/1lo6c12000c9dmnpw04F2_C_900_504_Q90_Mtg_7.jpg_710x360_ad460a8c.jpg〇https://qimgs.qunarzz.com/piao_qsight_provider_piao_qsight_web/1lo3d12000c9dmc1b7806_C_900_504_Q90_Mtg_7.jpg_710x360_7fcea84f.jpg〇https://qimgs.qunarzz.com/piao_qsight_provider_piao_qsight_web/1lo4y12000c9dmzj4C140_C_900_504_Q90_Mtg_7.jpg_710x360_b1c6e1a5.jpg〇https://qimgs.qunarzz.com/piao_qsight_provider_piao_qsight_web/1lo3l12000c9dmjgo88CF_C_900_504_Q90_Mtg_7.jpg_710x360_ce6c27f1.jpg〇https://qimgs.qunarzz.com/piao_qsight_provider_piao_qsight_web/1lo7212000c9dmk2761EF_C_900_504_Q90_Mtg_7.jpg_710x360_ec87cf5c.jpg,"{""ret"": true, ""data"": {""tagList"": [{""tagType"": 0, ""tagScore"": 5, ""tagNum"": 0, ""tagName"": ""\u5168\u90e8""}], ""score"": 0.0, ""commentCount"": 0}, ""statusCode"": 200}"
南岭温泉,https://qimgs.qunarzz.com/piao_qsight_provider_piao_qsight_web/350p1b000001a2w03B5B1_C_900_504.jpg_280x200_84f9cd74.jpg,韶关市,南雄市,韶关市南雄市南雄南岭酒店,166,4.8,泡温泉看电视,https://piao.qunar.com/ticket/detail_1202720993.html?st=a3clM0QlRTUlOEQlOTclRTklOUIlODQlRTUlQjglODIlMjZpZCUzRDM1Mzk1JTI2dHlwZSUzRDAlMjZpZHglM0Q1JTI2cXQlM0QlMjZhcGslM0QyJTI2c2MlM0RXV1clMjZ1ciUzRCVFNCVCOCVBRCVFNSVCMSVCMSUyNmxyJTNEJUU0JUI4JUFEJUU1JUIxJUIxJTI2ZnQlM0QlN0IlN0Q%3D#from=mpl_search_suggest,79.0,N/A,粤北古镇南雄市西北6公里的龙华山麓脚下有一隆起坡墚蜿蜒起伏，曲折百丈远迂回三千尺深，依山傍水，行气流水，是龙华山温矿泉度假村所在地。北连百顺君子岭，浩然气魄，西合苍石奇峰朗朗精神，东眺日出皇恩珠玑，南邻湛凌西北交汇聚合，山览层层拱迎侍候。丰富的天然温泉蕴藏其内：地层下200米处千百年形成的南雄大断裂构成罗佛寨群多条裂隙地热带交汇处，大自然赐予四口日夜不停流，人们可闻可饮的自涌重碳酸温泉口。含多种人体所需的微量元素，被地矿部斟评为“珍稀温矿泉水”。度假村经名山高人斟点依大风水格局，合温泉自涌地点，北建天池面积200平方，分高、中、低温池、水疗台静动有谐，体会到一览众山小“百泉尽沐身，心静涤尘埃，洗弃烦心事，又是好一天”的境界。南建八卦温泉，把人的十二生肖镶入八个卦位池，在泡温泉中体会,1/1-12/31；周一至周日；09:00-23:59开园,https://qimgs.qunarzz.com/piao_qsight_provider_piao_qsight_web/350p1b000001a2w03B5B1_C_900_504.jpg_710x360_8b4ad54d.jpg〇https://qimgs.qunarzz.com/piao_qsight_provider_piao_qsight_web/350o1b000001a2kal48A5_C_900_504_Q90_Mtg_7.png_710x360_fcb106ec.png〇https://qimgs.qunarzz.com/piao_qsight_provider_piao_qsight_web/350v1b000001aerpi2EBE_C_900_504_Q90_Mtg_7.png_710x360_bac1f5d8.png〇https://qimgs.qunarzz.com/piao_qsight_provider_piao_qsight_web/35081b000001a3wzeA05C_C_900_504_Q90_Mtg_7.png_710x360_abfdc5f8.png〇https://qimgs.qunarzz.com/piao_qsight_provider_piao_qsight_web/350w1b000001a9sfm0F18_C_900_504_Q90_Mtg_7.jpg_710x360_60f5f181.jpg〇https://qimgs.qunarzz.com/piao_qsight_provider_piao_qsight_web/350p1b000001a2w03B5B1_C_900_504_Q90_Mtg_7.jpg_710x360_0ea56378.jpg〇https://imgs.qunarzz.com/sight/p0/201301/11/ce9690d73dd08d4a93835fbb.png_710x360_7434503a.png〇https://imgs.qunarzz.com/sight/p0/201301/11/b8b7de235304e06393835fbb.png_710x360_d3fe8913.png〇https://imgs.qunarzz.com/sight/p0/201212/24/4088090589bf5e2c93835fbb.png_710x360_6659fe1a.png〇https://imgs.qunarzz.com/sight/p0/201212/24/f2839c299cf7f38d93835fbb.png_710x360_a4c92e50.png〇https://imgs.qunarzz.com/sight/p0/201212/24/b387cd211e9c49a893835fbb.png_710x360_f806d9e9.png〇https://imgs.qunarzz.com/sight/p0/201212/24/7f0b9e457710a4af93835fbb.png_710x360_21d509cd.png,"{""ret"": true, ""data"": {""tagList"": [{""tagType"": 32, ""tagScore"": 5, ""tagNum"": 5, ""tagName"": ""\u670d\u52a1\u597d""}, {""tagType"": 16, ""tagScore"": 5, ""tagNum"": 6, ""tagName"": ""\u9760\u8c31""}, {""tagType"": 8, ""tagScore"": 5, ""tagNum"": 4, ""tagName"": ""\u4fbf\u5b9c""}, {""tagType"": 4, ""tagScore"": 5, ""tagNum"": 7, ""tagName"": ""\u53d6\u7968\u65b9\u4fbf""}, {""tagType"": 3, ""tagScore"": 5, ""tagNum"": 2, ""tagName"": ""\u5dee\u8bc4""}, {""tagType"": 2, ""tagScore"": 5, ""tagNum"": 6, ""tagName"": ""\u4e2d\u8bc4""}, {""tagType"": 1, ""tagScore"": 5, ""tagNum"": 158, ""tagName"": ""\u597d\u8bc4""}, {""tagType"": 0, ""tagScore"": 5, ""tagNum"": 166, ""tagName"": ""\u5168\u90e8""}], ""commentList"": [{""author"": ""\u53bb*\u6237"", ""content"": ""\u7528\u6237\u672a\u70b9\u8bc4\uff0c\u7cfb\u7edf\u9ed8\u8ba4\u597d\u8bc4\u3002"", ""date"": ""2024-05-22"", ""score"": 5, ""commentId"": ""233678476"", ""imgs"": [], ""userNickName"": ""\u53bb*\u6237"", ""replyCityName"": """", ""cityName"": """"}, {""author"": ""\u53bb*\u6237"", ""content"": ""\u7528\u6237\u672a\u70b9\u8bc4\uff0c\u7cfb\u7edf\u9ed8\u8ba4\u597d\u8bc4\u3002"", ""date"": ""2024-04-25"", ""score"": 5, ""commentId"": ""233098864"", ""imgs"": [], ""userNickName"": ""\u53bb*\u6237"", ""replyCityName"": """", ""cityName"": """"}, {""author"": ""\u53bb*\u6237"", ""content"": ""\u7528\u6237\u672a\u70b9\u8bc4\uff0c\u7cfb\u7edf\u9ed8\u8ba4\u597d\u8bc4\u3002"", ""date"": ""2024-03-16"", ""score"": 5, ""commentId"": ""232305974"", ""imgs"": [], ""userNickName"": ""\u53bb*\u6237"", ""replyCityName"": """", ""cityName"": """"}, {""author"": ""\u53bb*\u6237"", ""content"": ""\u7528\u6237\u672a\u70b9\u8bc4\uff0c\u7cfb\u7edf\u9ed8\u8ba4\u597d\u8bc4\u3002"", ""date"": ""2024-02-27"", ""score"": 5, ""commentId"": ""231642181"", ""imgs"": [], ""userNickName"": ""\u53bb*\u6237"", ""replyCityName"": """", ""cityName"": """"}, {""author"": ""r*2"", ""content"": ""\u7528\u6237\u672a\u70b9\u8bc4\uff0c\u7cfb\u7edf\u9ed8\u8ba4\u597d\u8bc4\u3002"", ""date"": ""2024-02-27"", ""score"": 5, ""commentId"": ""231642082"", ""imgs"": [], ""userNickName"": ""r*2"", ""replyCityName"": """", ""cityName"": """"}, {""author"": ""\u53bb*\u6237"", ""content"": ""\u7528\u6237\u672a\u70b9\u8bc4\uff0c\u7cfb\u7edf\u9ed8\u8ba4\u597d\u8bc4\u3002"", ""date"": ""2024-02-12"", ""score"": 5, ""commentId"": ""231383004"", ""imgs"": [], ""userNickName"": ""\u53bb*\u6237"", ""replyCityName"": """", ""cityName"": """"}, {""author"": ""y*7"", ""content"": ""\u7528\u6237\u672a\u70b9\u8bc4\uff0c\u7cfb\u7edf\u9ed8\u8ba4\u597d\u8bc4\u3002"", ""date"": ""2024-02-12"", ""score"": 5, ""commentId"": ""231382872"", ""imgs"": [], ""userNickName"": ""y*7"", ""replyCityName"": """", ""cityName"": """"}, {""author"": ""y*7"", ""content"": ""\u7528\u6237\u672a\u70b9\u8bc4\uff0c\u7cfb\u7edf\u9ed8\u8ba4\u597d\u8bc4\u3002"", ""date"": ""2024-02-12"", ""score"": 5, ""commentId"": ""231382310"", ""imgs"": [], ""userNickName"": ""y*7"", ""replyCityName"": """", ""cityName"": """"}, {""author"": ""w*2"", ""content"": ""\u7528\u6237\u672a\u70b9\u8bc4\uff0c\u7cfb\u7edf\u9ed8\u8ba4\u597d\u8bc4\u3002"", ""date"": ""2024-01-10"", ""score"": 5, ""commentId"": ""231004902"", ""imgs"": [], ""userNickName"": ""w*2"", ""replyCityName"": """", ""cityName"": """"}, {""author"": ""\u53bb*\u6237"", ""content"": ""\u7528\u6237\u672a\u70b9\u8bc4\uff0c\u7cfb\u7edf\u9ed8\u8ba4\u597d\u8bc4\u3002"", ""date"": ""2023-12-19"", ""score"": 5, ""commentId"": ""230752962"", ""imgs"": [], ""userNickName"": ""\u53bb*\u6237"", ""replyCityName"": """", ""cityName"": """"}], ""score"": 4.8, ""commentCount"": 166}, ""statusCode"": 200}"
香草世界,https://qimgs.qunarzz.com/piao_qsight_provider_piao_qsight_web/350n1a0000018wxowEFED_C_900_504.jpg_280x200_47ec9128.jpg,韶关市,南雄市,广东省韶关市南雄市主田镇政府西南450米,9,4.8,设有真人CS训练基地,https://piao.qunar.com/ticket/detail_1941486971.html?st=a3clM0QlRTUlOEQlOTclRTklOUIlODQlRTUlQjglODIlMjZpZCUzRDQ2Mzg0NyUyNnR5cGUlM0QwJTI2aWR4JTNENCUyNnF0JTNEJTI2YXBrJTNEMiUyNnNjJTNEV1dXJTI2dXIlM0QlRTQlQjglQUQlRTUlQjElQjElMjZsciUzRCVFNCVCOCVBRCVFNSVCMSVCMSUyNmZ0JTNEJTdCJTdE#from=mpl_search_suggest,8.0,N/A,香草世界森林公园位于广东省南雄市，是集湖泊、农场、牧场、花卉、大型娱乐场所等多个项目为一体的综合型亲子乐园式旅游景区。公园占地数千亩，四周群山环抱，于湖光山色之间，四时景色秀丽宜人。景区内含亚热带原生态森林公园，林木葱郁，空气中含有丰富的负氧离子，是东南亚少有的天然氧吧之一。此外，景区内广泛种植樱花、桃花、梅花、银杏、美国红枫、苏格兰金链花、蓝花楹等，使整个香草世界一年四季繁花似锦，春光无限，美不胜收！景区内众多主题项目更是亲子娱乐之理胜地。公园设有果园观光区，区内果树品种繁多，有百香果、柠檬、葡萄、奇异果、杨梅等；水上乐园涵盖各类娱乐，如小游艇、水上摩托车、手划船、脚踏船......而开心牧场项目则充分展示着牧场物语的平和与快乐，为您及家人带来零距离接触羊驼、乳牛、绵羊、矮马、越南香猪等萌物的美妙，还有蒙古包特色居住酒店配以观景餐厅、婚宴会馆、户外餐厅等等，让来访宾客完全置身于大自然的亲切怀抱之中，畅享美好生活的点点滴滴。依附着丰富繁茂的森林资源，香草世界森林公园已经成为家庭、情侣、组团、亲子旅游的绝佳去处，它给平日忙于工作的都市人提供了一处宁静自然、清新幽静的度假天堂，也是人们享受天伦之乐的娱乐圣境。,1/1-12/31；周一至周日；08:30-17:30开园,https://qimgs.qunarzz.com/piao_qsight_provider_piao_qsight_web/350n1a0000018wxowEFED_C_900_504.jpg_710x360_dac3429e.jpg〇https://qimgs.qunarzz.com/piao_qsight_provider_piao_qsight_web/350d1a0000018we8x9C01_C_900_504_Q90_Mtg_7.jpg_710x360_4699af84.jpg〇https://qimgs.qunarzz.com/piao_qsight_provider_piao_qsight_web/35061a0000018yhtz5081_C_900_504_Q90_Mtg_7.jpg_710x360_c51ec0bc.jpg〇https://qimgs.qunarzz.com/piao_qsight_provider_piao_qsight_web/350t1a0000018xxb88115_C_900_504_Q90_Mtg_7.jpg_710x360_1342e51b.jpg〇https://qimgs.qunarzz.com/piao_qsight_provider_piao_qsight_web/350p1a0000018x0c3DE3C_C_900_504_Q90_Mtg_7.jpg_710x360_0a8de112.jpg〇https://qimgs.qunarzz.com/piao_qsight_provider_piao_qsight_web/35021a00000194yg1CB27_C_900_504_Q90_Mtg_7.jpg_710x360_b0914b5a.jpg〇https://qimgs.qunarzz.com/piao_qsight_provider_piao_qsight_web/350j1a0000018xe4p8DD0_C_900_504_Q90_Mtg_7.jpg_710x360_15c98730.jpg〇https://qimgs.qunarzz.com/piao_qsight_provider_piao_qsight_web/35031a0000018zlqo67DC_C_900_504_Q90_Mtg_7.jpg_710x360_85912af7.jpg〇https://qimgs.qunarzz.com/piao_qsight_provider_piao_qsight_web/35041a0000018wuw0A85D_C_900_504_Q90_Mtg_7.jpg_710x360_6c1a3c06.jpg〇https://qimgs.qunarzz.com/piao_qsight_provider_piao_qsight_web/350m1a000001979f95567_C_900_504_Q90_Mtg_7.jpg_710x360_8ea70000.jpg〇https://qimgs.qunarzz.com/piao_qsight_provider_piao_qsight_web/350n1a0000018wxowEFED_C_900_504_Q90_Mtg_7.jpg_710x360_8e4dd797.jpg〇https://imgs.qunarzz.com/sight/p0/1705/e4/e45225971de79d63a3.water.jpg_710x360_242d908a.jpg〇https://imgs.qunarzz.com/sight/p0/1705/73/73dfd300e9361d4ba3.water.jpg_710x360_d251a738.jpg〇https://imgs.qunarzz.com/sight/p0/1705/61/618c17cd56d6d703a3.water.jpg_710x360_9f2e49f8.jpg〇https://imgs.qunarzz.com/sight/p0/1705/e0/e0ee2d9e957be251a3.water.jpg_710x360_541749c3.jpg〇https://qimgs.qunarzz.com/piao_qsight_provider_piao_qsight_web/e99028567a503137.jpg_710x360_11bd8f03.jpg,"{""ret"": true, ""data"": {""tagList"": [{""tagType"": 2, ""tagScore"": 5, ""tagNum"": 1, ""tagName"": ""\u4e2d\u8bc4""}, {""tagType"": 1, ""tagScore"": 5, ""tagNum"": 8, ""tagName"": ""\u597d\u8bc4""}, {""tagType"": 0, ""tagScore"": 5, ""tagNum"": 9, ""tagName"": ""\u5168\u90e8""}], ""commentList"": [{""author"": ""\u53bb*\u6237"", ""content"": ""\u7528\u6237\u672a\u70b9\u8bc4\uff0c\u7cfb\u7edf\u9ed8\u8ba4\u597d\u8bc4\u3002"", ""date"": ""2021-11-01"", ""score"": 5, ""commentId"": ""221091018"", ""imgs"": [], ""userNickName"": ""\u53bb*\u6237"", ""replyCityName"": """", ""cityName"": """"}, {""author"": ""x*h"", ""content"": ""\u7528\u6237\u672a\u70b9\u8bc4\uff0c\u7cfb\u7edf\u9ed8\u8ba4\u597d\u8bc4\u3002"", ""date"": ""2021-07-11"", ""score"": 5, ""commentId"": ""219775978"", ""imgs"": [], ""userNickName"": ""x*h"", ""replyCityName"": """", ""cityName"": """"}, {""author"": ""\u8001*\u5934"", ""content"": ""\u7528\u6237\u672a\u70b9\u8bc4\uff0c\u7cfb\u7edf\u9ed8\u8ba4\u597d\u8bc4\u3002"", ""date"": ""2021-06-02"", ""score"": 5, ""commentId"": ""219178628"", ""imgs"": [], ""userNickName"": ""\u8001*\u5934"", ""replyCityName"": """", ""cityName"": """"}, {""author"": ""c*7"", ""content"": ""\u7528\u6237\u672a\u70b9\u8bc4\uff0c\u7cfb\u7edf\u9ed8\u8ba4\u597d\u8bc4\u3002"", ""date"": ""2021-03-18"", ""score"": 5, ""commentId"": ""218153194"", ""imgs"": [], ""userNickName"": ""c*7"", ""replyCityName"": """", ""cityName"": """"}, {""author"": ""l*1"", ""content"": ""\u7528\u6237\u672a\u70b9\u8bc4\uff0c\u7cfb\u7edf\u9ed8\u8ba4\u597d\u8bc4\u3002"", ""date"": ""2021-03-16"", ""score"": 5, ""commentId"": ""218083029"", ""imgs"": [], ""userNickName"": ""l*1"", ""replyCityName"": """", ""cityName"": """"}, {""author"": ""k*6"", ""content"": ""\u7528\u6237\u672a\u70b9\u8bc4\uff0c\u7cfb\u7edf\u9ed8\u8ba4\u597d\u8bc4\u3002"", ""date"": ""2018-01-17"", ""score"": 5, ""commentId"": ""205145150"", ""imgs"": [], ""userNickName"": ""k*6"", ""replyCityName"": """", ""cityName"": """"}, {""author"": ""k*6"", ""content"": ""\u7528\u6237\u672a\u70b9\u8bc4\uff0c\u7cfb\u7edf\u9ed8\u8ba4\u597d\u8bc4\u3002"", ""date"": ""2018-01-17"", ""score"": 5, ""commentId"": ""205145146"", ""imgs"": [], ""userNickName"": ""k*6"", ""replyCityName"": """", ""cityName"": """"}, {""author"": ""q*3"", ""content"": ""\u7528\u6237\u672a\u70b9\u8bc4\uff0c\u7cfb\u7edf\u9ed8\u8ba4\u597d\u8bc4\u3002"", ""date"": ""2018-01-17"", ""score"": 5, ""commentId"": ""205145145"", ""imgs"": [], ""userNickName"": ""q*3"", ""replyCityName"": """", ""cityName"": """"}, {""author"": ""_*5"", ""content"": ""\u8fd8\u53ef\u4ee5\u5427\uff0c\u521a\u5efa\u6210\u4e0d\u4e45\uff0c\u6162\u6162\u5b8c\u5584"", ""date"": ""2017-10-15"", ""score"": 3, ""commentId"": ""204048826"", ""imgs"": [], ""userNickName"": ""_*5"", ""replyCityName"": """", ""cityName"": """"}], ""score"": 4.8, ""commentCount"": 9}, ""statusCode"": 200}"
韶关恐龙博物馆,https://qimgs.qunarzz.com/piao_qsight_provider_piao_qsight_web/37b90dd94296ea02.jpg_280x200_baefeb8c.jpg,韶关市,南雄市,广东省韶关南雄市南雄县城内三影塔脚下,1,5.0,在地球物理学、地质学中占有特殊的地位,https://piao.qunar.com/ticket/detail_264998371.html?st=a3clM0QlRTUlOEQlOTclRTklOUIlODQlRTUlQjglODIlMjZpZCUzRDc3OTQlMjZ0eXBlJTNEMCUyNmlkeCUzRDEwJTI2cXQlM0QlMjZhcGslM0QyJTI2c2MlM0RXV1clMjZ1ciUzRCVFNCVCOCVBRCVFNSVCMSVCMSUyNmxyJTNEJUU0JUI4JUFEJUU1JUIxJUIxJTI2ZnQlM0QlN0IlN0Q%3D#from=mpl_search_suggest,-1.0,N/A,在三影塔下的恐龙博物馆通过实物、图片和文字资料，向人们展示了南雄红层与古生物化石的出土情况，再现了晚白垩纪即距今七千万年前的恐龙世界。南雄红层是指位于南雄盆地的红色岩层，长约80公里，宽约18公里，面积约1500平方公里。它是国内外古生物界所瞩目的一块“宝地”。早在十九世纪末就有科学家来南雄盆地作过考察。南雄红层古生物动物群化石的重要发现，结束了我国新生代地层表中古新世阶段科研长期处于空白的状态、化石层位多和品种极丰富的国家。它在地球物理学、地质学和古生物学中占有特殊的地位。,01/01-12/31；8:00-17:30开园,https://qimgs.qunarzz.com/piao_qsight_provider_piao_qsight_web/37b90dd94296ea02.jpg_710x360_3fb3a804.jpg〇https://qimgs.qunarzz.com/piao_qsight_provider_piao_qsight_web/9c9f132a2c202e02.jpg_710x360_a3860d2f.jpg〇https://qimgs.qunarzz.com/piao_qsight_provider_piao_qsight_web/080afe32729ae837.jpg_710x360_7e3c7c78.jpg,"{""ret"": true, ""data"": {""tagList"": [{""tagType"": 1, ""tagScore"": 5, ""tagNum"": 1, ""tagName"": ""\u597d\u8bc4""}, {""tagType"": 0, ""tagScore"": 5, ""tagNum"": 1, ""tagName"": ""\u5168\u90e8""}], ""commentList"": [{""author"": ""o*4"", ""content"": ""\u7528\u6237\u672a\u70b9\u8bc4\uff0c\u7cfb\u7edf\u9ed8\u8ba4\u597d\u8bc4\u3002"", ""date"": ""2020-01-15"", ""score"": 5, ""commentId"": ""213895367"", ""imgs"": [], ""userNickName"": ""o*4"", ""replyCityName"": """", ""cityName"": """"}], ""score"": 5.0, ""commentCount"": 1}, ""statusCode"": 200}"
梅关古道,https://qimgs.qunarzz.com/piao_qsight_provider_piao_qsight_web/100b10000000o16tfF94B_C_900_504.jpg_280x200_2c42a06c.jpg,韶关市,南雄市,韶关市南雄市珠玑镇梅岭村,684,4.9,梅花树遍布的古驿道,https://piao.qunar.com/ticket/detail_3835372378.html?st=a3clM0QlRTUlOEQlOTclRTklOUIlODQlRTUlQjglODIlMjZpZCUzRDEyMjIxJTI2dHlwZSUzRDAlMjZpZHglM0QzJTI2cXQlM0QlMjZhcGslM0QyJTI2c2MlM0RXV1clMjZ1ciUzRCVFNCVCOCVBRCVFNSVCMSVCMSUyNmxyJTNEJUU0JUI4JUFEJUU1JUIxJUIxJTI2ZnQlM0QlN0IlN0Q%3D#from=mpl_search_suggest,38.0,4A景区,梅关位于距南雄市约30公里梅岭顶部。梅岭为五岭（大庚岭、骑田岭、萌渚岭、都庞岭、越城岭）之一大庚岭东段，大庚岭横亘广东、江西两省之间，全长200多公里。梅岭海拨只有400多米，但它处于大庚岭之咽喉，地势险要。在秦朝以前，五岭之南属南蛮之地，被古王朝列为疆域之外，那时的岭南车马不通，人烟稀少。梅岭的得名相传是根据南迁越人首领梅绢的姓氏得来的。在战国时期，中原战乱不堪，大批越人迁往岭南，其中一支以梅绢为首的越人，翻山越岭来到大庚岭上，被眼的岭南风光所吸引，决定在梅岭一带安营扎寨，他们发扬了越人勇敢顽强、刻苦坚韧的民族传统，艰苦创业，使这带迅速兴盛起来。因为梅绢是首率队的拓荒者，后来又因破秦有*而受项王封为十万户侯，因此人们就把这一带称之为梅岭。梅岭在岭南经济文化发展史上起了重要作用,1/1-12/31；周一至周日；08:30-17:30开园,https://qimgs.qunarzz.com/piao_qsight_provider_piao_qsight_web/100b10000000o16tfF94B_C_900_504.jpg_710x360_79ee8848.jpg〇https://imgs.qunarzz.com/sight/p0/1603/2c/2cc6613813ab371c90.img.jpg_710x360_4ccaa344.jpg〇https://imgs.qunarzz.com/sight/p0/1603/21/213d2af37b06671790.img.jpg_710x360_ea83d251.jpg〇https://imgs.qunarzz.com/sight/p73/201211/04/f8dcb77c58fe21da93835fbb.jpg_710x360_9167dad4.jpg〇https://imgs.qunarzz.com/sight/p0/1603/6b/6beaaad7c4d7223490.img.jpg_710x360_775e42bc.jpg〇https://imgs.qunarzz.com/sight/p0/1603/13/13811a7a3ce300b990.img.jpg_710x360_36e0e667.jpg〇https://imgs.qunarzz.com/sight/p0/1603/7b/7b900e4397df7ca490.img.jpg_710x360_55c294c6.jpg〇https://imgs.qunarzz.com/sight/p0/1603/a2/a24e7c1a8fa7576a90.img.jpg_710x360_258ccbf5.jpg〇https://qimgs.qunarzz.com/piao_qsight_provider_piao_qsight_web/f3ff19f851f0d0.jpg_710x360_dc0d961c.jpg〇https://qimgs.qunarzz.com/piao_qsight_provider_piao_qsight_web/fa82666aeef3d1.jpg_710x360_8bceac8e.jpg〇https://qimgs.qunarzz.com/piao_qsight_provider_piao_qsight_web/4593dc1044fcf637.jpg_710x360_720a6ebb.jpg〇https://qimgs.qunarzz.com/piao_qsight_provider_piao_qsight_web/c523b5657654ce.jpg_710x360_81b60bb3.jpg〇https://qimgs.qunarzz.com/piao_qsight_provider_piao_qsight_web/b4968befe206d6.jpg_710x360_5b2ef83a.jpg〇https://qimgs.qunarzz.com/piao_qsight_provider_piao_qsight_web/1550180972550100911000000qvfa63F3D_D_640_10000.jpg_710x360_397bf85a.jpg〇https://qimgs.qunarzz.com/piao_qsight_provider_piao_qsight_web/1550180972163100911000000qvfa41EFF_D_640_10000.jpg_710x360_bd4da95f.jpg〇https://qimgs.qunarzz.com/piao_qsight_provider_piao_qsight_web/1550180971743100911000000qvfa36EA0_D_640_10000.jpg_710x360_9cbd6856.jpg〇https://qimgs.qunarzz.com/piao_qsight_provider_piao_qsight_web/1548801211422100v10000000q73pn7024_D_640_10000.jpg_710x360_30755945.jpg〇https://qimgs.qunarzz.com/piao_qsight_provider_piao_qsight_web/1548801211113100o10000000puwa8B980_D_640_10000.jpg_710x360_8af8a254.jpg〇https://qimgs.qunarzz.com/piao_qsight_provider_piao_qsight_web/1548801210807100d10000000pukp972AB_D_640_10000.jpg_710x360_96d54792.jpg〇https://qimgs.qunarzz.com/piao_qsight_provider_piao_qsight_web/1548533617969100a10000000pi8jy2EB3_D_640_10000.jpg_710x360_7d5bfd79.jpg〇https://qimgs.qunarzz.com/piao_qsight_provider_piao_qsight_web/1548533617537100k10000000pl3i6766A_D_640_10000.jpg_710x360_0a422f93.jpg〇https://qimgs.qunarzz.com/piao_qsight_provider_piao_qsight_web/1548533617163100t10000000pgyqdBEEA_D_640_10000.jpg_710x360_d721be5c.jpg〇https://qimgs.qunarzz.com/piao_qsight_provider_piao_qsight_web/1548533616672100h10000000pihkgCAE6_D_640_10000.jpg_710x360_e3c79d71.jpg〇https://qimgs.qunarzz.com/piao_qsight_provider_piao_qsight_web/1548533616503100910000000pjbhpE506_D_640_10000.jpg_710x360_563dfb72.jpg〇https://qimgs.qunarzz.com/piao_qsight_provider_piao_qsight_web/1548273864737100p10000000per0t7157_D_640_10000.jpg_710x360_99e0cc9a.jpg〇https://qimgs.qunarzz.com/piao_qsight_provider_piao_qsight_web/1548273864405100p10000000per0sE0F2_D_640_10000.jpg_710x360_1ca098bd.jpg〇https://qimgs.qunarzz.com/piao_qsight_provider_piao_qsight_web/1548273863879100d10000000pe4yzDBE5_D_640_10000.jpg_710x360_09891363.jpg〇https://qimgs.qunarzz.com/piao_qsight_provider_piao_qsight_web/1548273863534100o10000000pegjt1C11_D_640_10000.jpg_710x360_a03e3211.jpg,"{""ret"": true, ""data"": {""tagList"": [{""tagType"": 32, ""tagScore"": 5, ""tagNum"": 1, ""tagName"": ""\u670d\u52a1\u597d""}, {""tagType"": 16, ""tagScore"": 5, ""tagNum"": 2, ""tagName"": ""\u9760\u8c31""}, {""tagType"": 8, ""tagScore"": 5, ""tagNum"": 2, ""tagName"": ""\u4fbf\u5b9c""}, {""tagType"": 4, ""tagScore"": 5, ""tagNum"": 2, ""tagName"": ""\u53d6\u7968\u65b9\u4fbf""}, {""tagType"": 2, ""tagScore"": 5, ""tagNum"": 13, ""tagName"": ""\u4e2d\u8bc4""}, {""tagType"": 1, ""tagScore"": 5, ""tagNum"": 666, ""tagName"": ""\u597d\u8bc4""}, {""tagType"": 0, ""tagScore"": 5, ""tagNum"": 684, ""tagName"": ""\u5168\u90e8""}], ""commentList"": [{""author"": ""\u82b1*\u513f"", ""content"": ""\u7528\u6237\u672a\u70b9\u8bc4\uff0c\u7cfb\u7edf\u9ed8\u8ba4\u597d\u8bc4\u3002"", ""date"": ""2024-12-25"", ""score"": 5, ""commentId"": ""239375083"", ""imgs"": [], ""userNickName"": ""\u82b1*\u513f"", ""replyCityName"": """", ""cityName"": """"}, {""author"": ""v*0"", ""content"": ""\u7528\u6237\u672a\u70b9\u8bc4\uff0c\u7cfb\u7edf\u9ed8\u8ba4\u597d\u8bc4\u3002"", ""date"": ""2024-12-25"", ""score"": 5, ""commentId"": ""239374168"", ""imgs"": [], ""userNickName"": ""v*0"", ""replyCityName"": """", ""cityName"": """"}, {""author"": ""i*5"", ""content"": ""\u7528\u6237\u672a\u70b9\u8bc4\uff0c\u7cfb\u7edf\u9ed8\u8ba4\u597d\u8bc4\u3002"", ""date"": ""2024-12-24"", ""score"": 5, ""commentId"": ""239358658"", ""imgs"": [], ""userNickName"": ""i*5"", ""replyCityName"": """", ""cityName"": """"}, {""author"": ""q*2"", ""content"": ""\u7528\u6237\u672a\u70b9\u8bc4\uff0c\u7cfb\u7edf\u9ed8\u8ba4\u597d\u8bc4\u3002"", ""date"": ""2024-12-18"", ""score"": 5, ""commentId"": ""239282267"", ""imgs"": [], ""userNickName"": ""q*2"", ""replyCityName"": """", ""cityName"": """"}, {""author"": ""K*y"", ""content"": ""\u7528\u6237\u672a\u70b9\u8bc4\uff0c\u7cfb\u7edf\u9ed8\u8ba4\u597d\u8bc4\u3002"", ""date"": ""2024-12-17"", ""score"": 5, ""commentId"": ""239264512"", ""imgs"": [], ""userNickName"": ""K*y"", ""replyCityName"": """", ""cityName"": """"}, {""author"": ""g*\u671b"", ""content"": ""\u7528\u6237\u672a\u70b9\u8bc4\uff0c\u7cfb\u7edf\u9ed8\u8ba4\u597d\u8bc4\u3002"", ""date"": ""2024-12-15"", ""score"": 5, ""commentId"": ""239231838"", ""imgs"": [], ""userNickName"": ""g*\u671b"", ""replyCityName"": """", ""cityName"": """"}, {""author"": ""c*i"", ""content"": ""\u7528\u6237\u672a\u70b9\u8bc4\uff0c\u7cfb\u7edf\u9ed8\u8ba4\u597d\u8bc4\u3002"", ""date"": ""2024-12-15"", ""score"": 5, ""commentId"": ""239231063"", ""imgs"": [], ""userNickName"": ""c*i"", ""replyCityName"": """", ""cityName"": """"}, {""author"": ""u*5"", ""content"": ""\u7528\u6237\u672a\u70b9\u8bc4\uff0c\u7cfb\u7edf\u9ed8\u8ba4\u597d\u8bc4\u3002"", ""date"": ""2024-12-15"", ""score"": 5, ""commentId"": ""239229318"", ""imgs"": [], ""userNickName"": ""u*5"", ""replyCityName"": """", ""cityName"": """"}, {""author"": ""\u84dd*\u96e8"", ""content"": ""\u7528\u6237\u672a\u70b9\u8bc4\uff0c\u7cfb\u7edf\u9ed8\u8ba4\u597d\u8bc4\u3002"", ""date"": ""2024-12-08"", ""score"": 5, ""commentId"": ""239143073"", ""imgs"": [], ""userNickName"": ""\u84dd*\u96e8"", ""replyCityName"": """", ""cityName"": """"}, {""author"": ""t*3"", ""content"": ""\u7528\u6237\u672a\u70b9\u8bc4\uff0c\u7cfb\u7edf\u9ed8\u8ba4\u597d\u8bc4\u3002"", ""date"": ""2024-12-03"", ""score"": 5, ""commentId"": ""239078709"", ""imgs"": [], ""userNickName"": ""t*3"", ""replyCityName"": """", ""cityName"": """"}], ""score"": 4.9, ""commentCount"": 684}, ""statusCode"": 200}"
珠玑古巷,https://qimgs.qunarzz.com/piao_qsight_provider_piao_qsight_web/100r1f000001gopel6FFF_C_900_504.jpg_280x200_471c49de.jpg,韶关市,南雄市,韶关市南雄市珠玑镇珠玑村,2064,4.9,古朴风貌犹存的驿道,https://piao.qunar.com/ticket/detail_2158093230.html?st=a3clM0QlRTUlOEQlOTclRTklOUIlODQlRTUlQjglODIlMjZpZCUzRDEzMzUlMjZ0eXBlJTNEMCUyNmlkeCUzRDIlMjZxdCUzRCUyNmFwayUzRDIlMjZzYyUzRFdXVyUyNnVyJTNEJUU0JUI4JUFEJUU1JUIxJUIxJTI2bHIlM0QlRTQlQjglQUQlRTUlQjElQjElMjZmdCUzRCU3QiU3RA%3D%3D#from=mpl_search_suggest,40.0,4A景区,闻名遐迩的珠玑巷，原名敬宗苍巷。唐敬宗时，张昌一家人七代同堂，朝庭闻其孝义，生气勃勃赐与珠玑绦环，为避敬宗庙谥，就将敬宗巷改名为“珠玑巷”。珠玑巷长1500米，宽5米，用鹅卵石铺砌而成，两旁民宅祠堂，店铺栉毗相联，曲直有致，弯凸自然，巷内有古榕、古楼、古塔、古桥、古建筑遗址等文物古迹及观光景点。珠玑巷位于南雄城北九公里，是古代中原人拓展南疆的中转站，在岭南人文发展史上有重大影响。历史上，珠玑巷居民为避战乱，大量迁徙到珠江三角洲一带或海外，为发展岭南经济和文化乃至昌兴世界文明都做出了重大贡献。珠玑巷后裔繁衍数千万人，遍布海内外。沿珠玑巷可以看到，石雕群像，南、中、北门楼， 贵妃塔、千年古榕、沙水湖、胡妃玉像、沙水寺、张昌纪念馆、珠玑巷博物馆、祖居纪念区等。珠玑巷已成为广东省旅游观光的新热点。,1/1-12/31；周一至周日；07:00-18:00开园,https://qimgs.qunarzz.com/piao_qsight_provider_piao_qsight_web/100r1f000001gopel6FFF_C_900_504.jpg_710x360_46631bcb.jpg〇https://qimgs.qunarzz.com/piao_qsight_provider_piao_qsight_web/100r1f000001gopel6FFF_C_900_504_Q90_Mtg_7.jpg_710x360_94b6ed50.jpg〇https://imgs.qunarzz.com/sight/p0/1605/63/637e9711101da6c090.water.jpg_710x360_e1afcb7f.jpg〇https://imgs.qunarzz.com/sight/p0/1605/81/81fad0c1badf225290.water.jpg_710x360_8b20eab8.jpg〇https://imgs.qunarzz.com/sight/p0/1605/10/101accd593bd6a7890.water.jpg_710x360_a8af453a.jpg〇https://imgs.qunarzz.com/sight/p0/1605/ea/eaa5843202ed953d90.water.jpg_710x360_5f274bfb.jpg〇https://imgs.qunarzz.com/sight/p0/1605/33/3393a62e95f929b890.water.jpg_710x360_e3231343.jpg〇https://qimgs.qunarzz.com/piao_qsight_provider_piao_qsight_web/27805fe812a946.jpg_710x360_5b76bcd4.jpg〇https://qimgs.qunarzz.com/piao_qsight_provider_piao_qsight_web/a059da6ac4e237.jpg_710x360_0765549c.jpg〇https://qimgs.qunarzz.com/piao_qsight_provider_piao_qsight_web/96429a3b48f31302.jpg_710x360_0a51670b.jpg〇https://qimgs.qunarzz.com/piao_qsight_provider_piao_qsight_web/66f0ee3dc11bfb02.jpg_710x360_647c011e.jpg〇https://qimgs.qunarzz.com/piao_qsight_provider_piao_qsight_web/13a3b79486f6ae02.jpg_710x360_87923c07.jpg〇https://qimgs.qunarzz.com/piao_qsight_provider_piao_qsight_web/b4c68fd87112a002.jpg_710x360_147b456f.jpg〇https://qimgs.qunarzz.com/piao_qsight_provider_piao_qsight_web/913bfbc61ec21502.jpg_710x360_b16f81af.jpg〇https://qimgs.qunarzz.com/piao_qsight_provider_piao_qsight_web/773a448102118702.jpg_710x360_7e669541.jpg〇https://qimgs.qunarzz.com/piao_qsight_provider_piao_qsight_web/3e52fde45521e02.jpg_710x360_88e1fa2e.jpg〇https://qimgs.qunarzz.com/piao_qsight_provider_piao_qsight_web/a214c18255046502.jpg_710x360_028a273b.jpg〇https://qimgs.qunarzz.com/piao_qsight_provider_piao_qsight_web/6a2f23acfb124802.jpg_710x360_caf212d6.jpg〇https://qimgs.qunarzz.com/piao_qsight_provider_piao_qsight_web/61ac12966d441702.jpg_710x360_fc162736.jpg〇https://qimgs.qunarzz.com/piao_qsight_provider_piao_qsight_web/0a35defe5a144c02.jpg_710x360_4545a163.jpg〇https://qimgs.qunarzz.com/piao_qsight_provider_piao_qsight_web/b6396772809a5d02.jpg_710x360_c47fed11.jpg〇https://qimgs.qunarzz.com/piao_qsight_provider_piao_qsight_web/72f8aceceed87602.jpg_710x360_3a984547.jpg〇https://qimgs.qunarzz.com/piao_qsight_provider_piao_qsight_web/42ca6bf800f320aa50a54daba6ebaf87.jpg_710x360_3d1a96c8.jpg〇https://qimgs.qunarzz.com/piao_qsight_provider_piao_qsight_web/8eb20c4d5b2c74b6b9d0e080ffd33f2e.jpg_710x360_0eaff6ea.jpg〇https://qimgs.qunarzz.com/piao_qsight_provider_piao_qsight_web/8e2449ccb0986f9cf64fffa418470729.jpg_710x360_d0a1ce64.jpg〇https://qimgs.qunarzz.com/piao_qsight_provider_piao_qsight_web/0c7057d923e1ccc57d5ba85b5f251cd3.jpg_710x360_49587b16.jpg〇https://qimgs.qunarzz.com/piao_qsight_provider_piao_qsight_web/0b49d4e550136eb0e9f82df4b781672b.jpg_710x360_7e7b687a.jpg,"{""ret"": true, ""data"": {""tagList"": [{""tagType"": 32, ""tagScore"": 5, ""tagNum"": 2, ""tagName"": ""\u670d\u52a1\u597d""}, {""tagType"": 16, ""tagScore"": 5, ""tagNum"": 1, ""tagName"": ""\u9760\u8c31""}, {""tagType"": 8, ""tagScore"": 5, ""tagNum"": 1, ""tagName"": ""\u4fbf\u5b9c""}, {""tagType"": 4, ""tagScore"": 5, ""tagNum"": 4, ""tagName"": ""\u53d6\u7968\u65b9\u4fbf""}, {""tagType"": 3, ""tagScore"": 5, ""tagNum"": 11, ""tagName"": ""\u5dee\u8bc4""}, {""tagType"": 2, ""tagScore"": 5, ""tagNum"": 26, ""tagName"": ""\u4e2d\u8bc4""}, {""tagType"": 1, ""tagScore"": 5, ""tagNum"": 2017, ""tagName"": ""\u597d\u8bc4""}, {""tagType"": 0, ""tagScore"": 5, ""tagNum"": 2064, ""tagName"": ""\u5168\u90e8""}], ""commentList"": [{""author"": ""\u53bb*\u6237"", ""content"": ""\u7528\u6237\u672a\u70b9\u8bc4\uff0c\u7cfb\u7edf\u9ed8\u8ba4\u597d\u8bc4\u3002"", ""date"": ""2024-12-26"", ""score"": 5, ""commentId"": ""239380268"", ""imgs"": [], ""userNickName"": ""\u53bb*\u6237"", ""replyCityName"": """", ""cityName"": """"}, {""author"": ""\u9e8b*k"", ""content"": ""\u7528\u6237\u672a\u70b9\u8bc4\uff0c\u7cfb\u7edf\u9ed8\u8ba4\u597d\u8bc4\u3002"", ""date"": ""2024-12-25"", ""score"": 5, ""commentId"": ""239375852"", ""imgs"": [], ""userNickName"": ""\u9e8b*k"", ""replyCityName"": """", ""cityName"": """"}, {""author"": ""v*0"", ""content"": ""\u7528\u6237\u672a\u70b9\u8bc4\uff0c\u7cfb\u7edf\u9ed8\u8ba4\u597d\u8bc4\u3002"", ""date"": ""2024-12-25"", ""score"": 5, ""commentId"": ""239371234"", ""imgs"": [], ""userNickName"": ""v*0"", ""replyCityName"": """", ""cityName"": """"}, {""author"": ""\u53bb*\u6237"", ""content"": ""\u7528\u6237\u672a\u70b9\u8bc4\uff0c\u7cfb\u7edf\u9ed8\u8ba4\u597d\u8bc4\u3002"", ""date"": ""2024-12-25"", ""score"": 5, ""commentId"": ""239369454"", ""imgs"": [], ""userNickName"": ""\u53bb*\u6237"", ""replyCityName"": """", ""cityName"": """"}, {""author"": ""\u53bb*\u6237"", ""content"": ""\u7528\u6237\u672a\u70b9\u8bc4\uff0c\u7cfb\u7edf\u9ed8\u8ba4\u597d\u8bc4\u3002"", ""date"": ""2024-12-25"", ""score"": 5, ""commentId"": ""239366267"", ""imgs"": [], ""userNickName"": ""\u53bb*\u6237"", ""replyCityName"": """", ""cityName"": """"}, {""author"": ""I*I"", ""content"": ""\u7528\u6237\u672a\u70b9\u8bc4\uff0c\u7cfb\u7edf\u9ed8\u8ba4\u597d\u8bc4\u3002"", ""date"": ""2024-12-25"", ""score"": 5, ""commentId"": ""239365150"", ""imgs"": [], ""userNickName"": ""I*I"", ""replyCityName"": """", ""cityName"": """"}, {""author"": ""I*I"", ""content"": ""\u7528\u6237\u672a\u70b9\u8bc4\uff0c\u7cfb\u7edf\u9ed8\u8ba4\u597d\u8bc4\u3002"", ""date"": ""2024-12-25"", ""score"": 5, ""commentId"": ""239364877"", ""imgs"": [], ""userNickName"": ""I*I"", ""replyCityName"": """", ""cityName"": """"}, {""author"": ""\u53bb*\u6237"", ""content"": ""\u7528\u6237\u672a\u70b9\u8bc4\uff0c\u7cfb\u7edf\u9ed8\u8ba4\u597d\u8bc4\u3002"", ""date"": ""2024-12-25"", ""score"": 5, ""commentId"": ""239364767"", ""imgs"": [], ""userNickName"": ""\u53bb*\u6237"", ""replyCityName"": """", ""cityName"": """"}, {""author"": ""\u53bb*\u6237"", ""content"": ""\u7528\u6237\u672a\u70b9\u8bc4\uff0c\u7cfb\u7edf\u9ed8\u8ba4\u597d\u8bc4\u3002"", ""date"": ""2024-12-25"", ""score"": 5, ""commentId"": ""239364697"", ""imgs"": [], ""userNickName"": ""\u53bb*\u6237"", ""replyCityName"": """", ""cityName"": """"}, {""author"": ""\u53bb*\u6237"", ""content"": ""\u7528\u6237\u672a\u70b9\u8bc4\uff0c\u7cfb\u7edf\u9ed8\u8ba4\u597d\u8bc4\u3002"", ""date"": ""2024-12-25"", ""score"": 5, ""commentId"": ""239364587"", ""imgs"": [], ""userNickName"": ""\u53bb*\u6237"", ""replyCityName"": """", ""cityName"": """"}], ""score"": 4.9, ""commentCount"": 2064}, ""statusCode"": 200}"
两岸花博生态园,https://imgs.qunarzz.com/sight/p0/1503/f5/f5c196b503cadbfc.water.jpg_280x200_2a4b4d44.jpg,韶关市,南雄市,广东省韶关南雄市主田镇大坝村跃下,9,4.2,一年四季鲜花盛开，置身花海乐园之中,https://piao.qunar.com/ticket/detail_430180140.html?st=a3clM0QlRTUlOEQlOTclRTklOUIlODQlRTUlQjglODIlMjZpZCUzRDIxNDI4OCUyNnR5cGUlM0QwJTI2aWR4JTNEMTQlMjZxdCUzRCUyNmFwayUzRDIlMjZzYyUzRFdXVyUyNnVyJTNEJUU0JUI4JUFEJUU1JUIxJUIxJTI2bHIlM0QlRTQlQjglQUQlRTUlQjElQjElMjZmdCUzRCU3QiU3RA%3D%3D#from=mpl_search_suggest,-1.0,N/A,两岸花博园位于广东省韶关南雄市主田镇，距市区仅八公里，交通便利，5-7℃，形成了一个特殊的气候条件，非常适合种植多种亚热带偏温接近华中气候条件的特色植物。园内种植了樱花、梅花、桃花、海棠、牡丹、芍药、银杏、黄金风铃木以及猕猴桃、草莓等几百种名贵花木及水果，并从全世界引进种植多种名贵草本植物，如郁金香、波斯菊、薰衣草、康乃馨、孔雀草、洋凤仙等，让园内一年四季鲜花盛开，让游客置身花海乐园之中。,暂无,https://imgs.qunarzz.com/sight/p0/1503/f5/f5c196b503cadbfc.water.jpg_710x360_d731aa46.jpg〇https://imgs.qunarzz.com/sight/p0/1701/b1/b137cff93e60a9c1a3.water.jpg_710x360_a879375e.jpg,"{""ret"": true, ""data"": {""tagList"": [{""tagType"": 3, ""tagScore"": 5, ""tagNum"": 1, ""tagName"": ""\u5dee\u8bc4""}, {""tagType"": 2, ""tagScore"": 5, ""tagNum"": 1, ""tagName"": ""\u4e2d\u8bc4""}, {""tagType"": 1, ""tagScore"": 5, ""tagNum"": 7, ""tagName"": ""\u597d\u8bc4""}, {""tagType"": 0, ""tagScore"": 5, ""tagNum"": 9, ""tagName"": ""\u5168\u90e8""}], ""commentList"": [{""author"": ""b*8"", ""content"": ""\u4ec0\u4e48\u90fd\u6ca1\u6709\uff0c\u8352\u91ce\u4e00\u7247\uff0c\u4eba\u5f71\u90fd\u6ca1\u6709"", ""date"": ""2022-08-10"", ""score"": 1, ""commentId"": ""222741767"", ""imgs"": [{""small"": ""https://mp-piao-admincp.qunarzz.com/mp_piao_admin_mp_piao_admin/fusion/20228/7039c6f090dbffb431560d77c20ccc9e.jpg_120x120_a1230a7f.jpg"", ""title"": """", ""big"": ""https://mp-piao-admincp.qunarzz.com/mp_piao_admin_mp_piao_admin/fusion/20228/7039c6f090dbffb431560d77c20ccc9e.jpg""}], ""userNickName"": ""b*8"", ""replyCityName"": """", ""cityName"": """"}, {""author"": ""d*4"", ""content"": ""\u7528\u6237\u672a\u70b9\u8bc4\uff0c\u7cfb\u7edf\u9ed8\u8ba4\u597d\u8bc4\u3002"", ""date"": ""2017-03-02"", ""score"": 5, ""commentId"": ""200101074"", ""imgs"": [], ""userNickName"": ""d*4"", ""replyCityName"": """", ""cityName"": """"}, {""author"": ""l*5"", ""content"": ""\u7528\u6237\u672a\u70b9\u8bc4\uff0c\u7cfb\u7edf\u9ed8\u8ba4\u597d\u8bc4\u3002"", ""date"": ""2017-03-02"", ""score"": 5, ""commentId"": ""200075517"", ""imgs"": [], ""userNickName"": ""l*5"", ""replyCityName"": """", ""cityName"": """"}, {""author"": ""v*8"", ""content"": ""\u8fd8\u6ca1\u53bb\u3001\u770b\u7740\u7167\u7247\u8fd8\u4e0d\u9519"", ""date"": ""2016-12-16"", ""score"": 3, ""commentId"": ""136116634"", ""imgs"": [], ""userNickName"": ""v*8"", ""replyCityName"": """", ""cityName"": """"}, {""author"": ""1*8"", ""content"": ""\u6ee1\u5c71\u904d\u91ce\u6a31\u82b1\u548c\u8336\u82b1\uff0c\u5c71\u6e05\u6c34\u79c0\u597d\u5730\u65b9"", ""date"": ""2016-03-06"", ""score"": 5, ""commentId"": ""204733936"", ""imgs"": [{""small"": ""https://imgs.qunarzz.com/p/tts4/1712/23/6b825c6d268a1702.jpg_120x120_21afbc62.jpg"", ""title"": """", ""big"": ""https://imgs.qunarzz.com/p/tts4/1712/23/6b825c6d268a1702.jpg""}, {""small"": ""https://imgs.qunarzz.com/p/tts3/1712/40/c61648531db8b502.jpg_120x120_d8f83150.jpg"", ""title"": """", ""big"": ""https://imgs.qunarzz.com/p/tts3/1712/40/c61648531db8b502.jpg""}, {""small"": ""https://imgs.qunarzz.com/p/tts6/1712/78/b4adda99362c3f02.jpg_120x120_d25c4d21.jpg"", ""title"": """", ""big"": ""https://imgs.qunarzz.com/p/tts6/1712/78/b4adda99362c3f02.jpg""}, {""small"": ""https://imgs.qunarzz.com/p/tts5/1712/2e/24195e59949a902.jpg_120x120_c9ce1fd0.jpg"", ""title"": """", ""big"": ""https://imgs.qunarzz.com/p/tts5/1712/2e/24195e59949a902.jpg""}], ""userNickName"": ""1*8"", ""replyCityName"": """", ""cityName"": """"}, {""author"": ""_*6"", ""content"": ""\u5f88\u7f8e\u2026\u2026\u5f88\u65b0\u9c9c\u7684\u611f\u89c9\uff0c\u73af\u5883\u4e5f\u597d"", ""date"": ""2016-06-08"", ""score"": 5, ""commentId"": ""204567761"", ""imgs"": [], ""userNickName"": ""_*6"", ""replyCityName"": """", ""cityName"": """"}, {""author"": ""u*2"", ""content"": ""\u53bb\u7684\u65f6\u5019\u5411\u65e5\u8475\u548c\u73ab\u7470\u5f00\u7684\u6b63\u707f\u70c2\u3002"", ""date"": ""2015-05-28"", ""score"": 5, ""commentId"": ""51005559"", ""imgs"": [{""small"": ""https://imgs.qunarzz.com/piao/fusion/1505/9d/9916b8521e5018.jpg_120x120_c59ee816.jpg"", ""title"": """", ""big"": ""https://imgs.qunarzz.com/piao/fusion/1505/9d/9916b8521e5018.jpg""}, {""small"": ""https://imgs.qunarzz.com/piao/fusion/1505/ad/bea59e4e8a5012.jpg_120x120_c36636ef.jpg"", ""title"": """", ""big"": ""https://imgs.qunarzz.com/piao/fusion/1505/ad/bea59e4e8a5012.jpg""}, {""small"": ""https://imgs.qunarzz.com/piao/fusion/1505/e6/ac8181923d104e.jpg_120x120_5ec4b7e4.jpg"", ""title"": """", ""big"": ""https://imgs.qunarzz.com/piao/fusion/1505/e6/ac8181923d104e.jpg""}, {""small"": ""https://imgs.qunarzz.com/piao/fusion/1505/79/e6672b972e726c.jpg_120x120_3cf1aa6f.jpg"", ""title"": """", ""big"": ""https://imgs.qunarzz.com/piao/fusion/1505/79/e6672b972e726c.jpg""}, {""small"": ""https://imgs.qunarzz.com/piao/fusion/1505/b2/2b5d076ea76279.jpg_120x120_a9e2f336.jpg"", ""title"": """", ""big"": ""https://imgs.qunarzz.com/piao/fusion/1505/b2/2b5d076ea76279.jpg""}, {""small"": ""https://imgs.qunarzz.com/piao/fusion/1505/8a/d5ffc374086ce4.jpg_120x120_3eeee47c.jpg"", ""title"": """", ""big"": ""https://imgs.qunarzz.com/piao/fusion/1505/8a/d5ffc374086ce4.jpg""}], ""userNickName"": ""u*2"", ""replyCityName"": """", ""cityName"": """"}, {""author"": ""M*0"", ""content"": ""\u89c4\u6a21\u8fd8\u7b97\u633a\u5927\u7684\uff0c\u5982\u679c\u914d\u5957\u8bbe\u65bd\u518d\u5b8c\u5584\u4e9b\u7684\u8bdd\u5c31\u66f4\u597d\u4e86\u3002"", ""date"": ""2016-02-06"", ""score"": 4, ""commentId"": ""204785222"", ""imgs"": [], ""userNickName"": ""M*0"", ""replyCityName"": """", ""cityName"": """"}, {""author"": ""\u5609*\u8c6a"", ""content"": ""\u62cd\u7167\u5f88\u6f02\u4eae\uff0c\u98ce\u666f\u4e5f\u633a\u7f8e\u7684\uff0c\u8d5e?\u3002"", ""date"": ""2015-11-02"", ""score"": 5, ""commentId"": ""89072044"", ""imgs"": [], ""userNickName"": ""\u5609*\u8c6a"", ""replyCityName"": """", ""cityName"": """"}], ""score"": 4.2, ""commentCount"": 9}, ""statusCode"": 200}"
帽子峰旅游景区,https://qimgs.qunarzz.com/piao_qsight_provider_piao_qsight_web/10031f000001grzz9A091_C_900_504.jpg_280x200_34dc64bb.jpg,韶关市,南雄市,广东省南雄市帽子峰镇帽子峰林场,2144,5.0,有“粤北九寨沟”之美誉,https://piao.qunar.com/ticket/detail_3639825912.html?st=a3clM0QlRTUlOEQlOTclRTklOUIlODQlRTUlQjglODIlMjZpZCUzRDQ1Njk0MiUyNnR5cGUlM0QwJTI2aWR4JTNEMSUyNnF0JTNEJTI2YXBrJTNEMiUyNnNjJTNEV1dXJTI2dXIlM0QlRTQlQjglQUQlRTUlQjElQjElMjZsciUzRCVFNCVCOCVBRCVFNSVCMSVCMSUyNmZ0JTNEJTdCJTdE#from=mpl_search_suggest,48.0,4A景区,南雄帽子峰森林公园 岭南银杏王国南雄是国内知名的“银杏之乡”，其银杏树分布在坪田、油山、主田等18个镇和帽子峰林场等景区，千株百年以上树龄的银杏树醉染秋色。帽子峰森林公园位于南雄市国营帽子峰林场内，林场完整保留了原始森林风貌，区内鸟语花香，山水秀丽，风光优美，尤以深秋季节，银杏金黄，层林尽染，受到众多摄影爱好者追捧，素有“银杏王国”、“粤北小九寨”之称。黄金大道 醉爱那一抹金黄帽子峰林场最美的金秋景色，要数林场两旁开得绚烂的银杏组成的黄金大道！每到深秋时节，这里目之所及是满树的金黄、足之所至是柔软的落叶；满树满树的金灿灿，如飘飞的蝶儿、如展开的扇贝，清风吹来，纷纷扬扬，煞是好看，仿佛走进了一个梦幻的金色童话世界。“小九寨沟”景区 美丽的秋日景观到帽子峰赏银杏，切勿错过“小九寨沟”景区！田排景区由大田排和小田排汇聚而成，有粤北“九寨沟”的美誉。清晨晨雾飘渺，云雾倒影，山光水色，晨光透过金色的枫林折射在湖水中璀璨成花，色彩斑斓的景像，恍如五彩瑶池落入人间的感觉。红枫湖景区有“绿竹如韵碧潭寒，翠滴青山林尽染，银杏轻颤彩蝶舞，锦鲤闲游碧水漾”的美景，在这里，山偎水，水绕山，树在水边长，水在林中流，山水相映，林水相亲，景色秀美。,1/1-12/31；周一至周日；08:30-17:00开园；（17:00停止入园）,https://qimgs.qunarzz.com/piao_qsight_provider_piao_qsight_web/10031f000001grzz9A091_C_900_504.jpg_710x360_e98c6af9.jpg〇https://qimgs.qunarzz.com/piao_qsight_provider_piao_qsight_web/100u0q000000gbzx79655_C_900_504_Q90_Mtg_7.jpg_710x360_9d62dbf0.jpg〇https://qimgs.qunarzz.com/piao_qsight_provider_piao_qsight_web/10070q000000gspga13FA_C_900_504_Q90_Mtg_7.jpg_710x360_efa6e6be.jpg〇https://qimgs.qunarzz.com/piao_qsight_provider_piao_qsight_web/10080r000000hd85m91F5_C_900_504_Q90_Mtg_7.jpg_710x360_4378a1fe.jpg〇https://qimgs.qunarzz.com/piao_qsight_provider_piao_qsight_web/0103h12000a0atfu2F72C_C_900_504_Q90_Mtg_7.jpg_710x360_a4187312.jpg〇https://qimgs.qunarzz.com/piao_qsight_provider_piao_qsight_web/100k0r000000hgy765C45_C_900_504_Q90_Mtg_7.jpg_710x360_9f26d45c.jpg〇https://qimgs.qunarzz.com/piao_qsight_provider_piao_qsight_web/100g0r000000hdq9uE5D0_C_900_504_Q90_Mtg_7.jpg_710x360_be347e89.jpg〇https://qimgs.qunarzz.com/piao_qsight_provider_piao_qsight_web/0106t12000a0atamo6590_C_900_504_Q90_Mtg_7.jpg_710x360_72fd5be3.jpg〇https://qimgs.qunarzz.com/piao_qsight_provider_piao_qsight_web/10060r000000hdabkF7C4_C_900_504_Q90_Mtg_7.jpg_710x360_23cf807c.jpg〇https://qimgs.qunarzz.com/piao_qsight_provider_piao_qsight_web/0104e12000a0ath23D69C_C_900_504_Q90_Mtg_7.jpg_710x360_fdd7c5ee.jpg〇https://qimgs.qunarzz.com/piao_qsight_provider_piao_qsight_web/10031f000001grzz9A091_C_900_504_Q90_Mtg_7.jpg_710x360_c4ab5d3f.jpg〇https://imgs.qunarzz.com/sight/p0/1809/b5/b51bc210606d69e3a3.img.jpg_710x360_d94c7264.jpg〇https://imgs.qunarzz.com/sight/p0/1709/ed/ed9bc7bb385bfeb0a3.img.jpg_710x360_2415a941.jpg〇https://imgs.qunarzz.com/sight/p0/1809/19/191dc369487c0185a3.img.jpg_710x360_53088d7a.jpg〇https://imgs.qunarzz.com/sight/p0/1809/c6/c6baa1dbce0a600ea3.img.jpg_710x360_d75cbdb9.jpg〇https://imgs.qunarzz.com/sight/p0/1709/a8/a8ee05dd0b0d7046a3.img.jpg_710x360_2da2bd27.jpg〇https://imgs.qunarzz.com/sight/p0/1809/7b/7b06d8f70be165fca3.img.jpg_710x360_f7a66f4c.jpg〇https://imgs.qunarzz.com/sight/p0/1809/d9/d925cc1c1e41be22a3.img.jpg_710x360_b1f26f3c.jpg〇https://imgs.qunarzz.com/sight/p0/1809/d1/d1af21aebedeb8b8a3.img.jpg_710x360_75d0b5aa.jpg〇https://imgs.qunarzz.com/sight/p0/1809/b9/b968ccc0b4c5cebda3.img.jpg_710x360_26adaa1f.jpg〇https://imgs.qunarzz.com/sight/p0/1809/3b/3b8b1346b0154a11a3.img.jpg_710x360_8dfa24f2.jpg〇https://imgs.qunarzz.com/sight/p0/1809/c7/c75bf12c2947a7e9a3.img.jpg_710x360_840cd557.jpg〇https://imgs.qunarzz.com/sight/p0/1809/f7/f7260239536a73fea3.img.jpg_710x360_be7df38e.jpg〇https://imgs.qunarzz.com/sight/p0/1709/c2/c220339da7c4e5f4a3.img.jpg_710x360_952d7e94.jpg〇https://imgs.qunarzz.com/sight/p0/1709/e8/e8a64ecd1090764fa3.img.jpg_710x360_b227f73f.jpg〇https://imgs.qunarzz.com/sight/p0/1809/51/51044f70c3166517a3.img.jpg_710x360_3de96110.jpg〇https://imgs.qunarzz.com/sight/p0/1809/e1/e120dc5dc6db6ea8a3.img.jpg_710x360_c612dc72.jpg〇https://imgs.qunarzz.com/sight/p0/1809/28/288c83b52772ce3ea3.img.jpg_710x360_164a4af0.jpg〇https://imgs.qunarzz.com/sight/p0/1809/e3/e341a81e29a6863aa3.img.jpg_710x360_e40e2a22.jpg〇https://imgs.qunarzz.com/sight/p0/1709/f0/f022f8c84da52ec7a3.img.jpg_710x360_bf8f536c.jpg〇https://imgs.qunarzz.com/sight/p0/1612/c0/c0485c5edae779dea3.water.jpg_710x360_04802733.jpg〇https://imgs.qunarzz.com/sight/p0/1809/ff/fff6966f9f1bc171a3.img.jpg_710x360_d684bf0e.jpg〇https://imgs.qunarzz.com/sight/p0/1809/84/84232adf4601d848a3.img.jpg_710x360_ae9b719b.jpg〇https://imgs.qunarzz.com/sight/p0/1809/2a/2a46656d5964ec6ba3.img.jpg_710x360_aead1354.jpg〇https://imgs.qunarzz.com/sight/p0/1809/29/29bdb3b29eb20dcfa3.img.jpg_710x360_81f457a8.jpg〇https://imgs.qunarzz.com/sight/p0/1809/6f/6f820ad22be0d6a6a3.img.jpg_710x360_2243b7e1.jpg〇https://imgs.qunarzz.com/sight/p0/1709/97/976323a15534061aa3.img.jpg_710x360_fd815283.jpg〇https://imgs.qunarzz.com/sight/p0/1809/a9/a96823369b1da93da3.img.jpg_710x360_df008ec4.jpg〇https://imgs.qunarzz.com/sight/p0/1809/6e/6ead13a250d90fd2a3.img.jpg_710x360_e385be01.jpg〇https://imgs.qunarzz.com/sight/p0/1809/6c/6c0a4ac5c8ab361ba3.img.jpg_710x360_7cc59efa.jpg〇https://imgs.qunarzz.com/sight/p0/1809/42/4208fda59d819d00a3.img.jpg_710x360_c2a19b59.jpg〇https://imgs.qunarzz.com/sight/p0/1809/9d/9d47314f6bf3373ba3.img.jpg_710x360_b0f33a10.jpg〇https://imgs.qunarzz.com/sight/p0/1809/d7/d7d105e7b67d1b6ca3.img.jpg_710x360_016d507e.jpg〇https://imgs.qunarzz.com/sight/p0/1809/25/2531c8e4d12a3211a3.img.jpg_710x360_c2cbeb26.jpg〇https://imgs.qunarzz.com/sight/p0/1809/d4/d4e979d838a48caba3.img.jpg_710x360_ef5add59.jpg〇https://imgs.qunarzz.com/sight/p0/1809/47/4775f5274decb85a3.img.jpg_710x360_cc92c832.jpg〇https://imgs.qunarzz.com/sight/p0/1809/1a/1acfec9f277142b7a3.img.jpg_710x360_fc3f580c.jpg〇https://imgs.qunarzz.com/sight/p0/1809/d0/d0ba184753eb0de5a3.img.jpg_710x360_2debfc5e.jpg〇https://imgs.qunarzz.com/sight/p0/1809/e7/e7180c9402efeeefa3.img.jpg_710x360_c5eca40a.jpg〇https://imgs.qunarzz.com/sight/p0/1809/3d/3d49f0a214ce047aa3.img.jpg_710x360_1197ada1.jpg〇https://imgs.qunarzz.com/sight/p0/1809/4b/4bf14d8f33d617e1a3.img.jpg_710x360_abc36c50.jpg〇https://imgs.qunarzz.com/sight/p0/1809/db/db543bae0a42be9ba3.img.jpg_710x360_d3582a51.jpg〇https://imgs.qunarzz.com/sight/p0/1809/4f/4ff88be7fbe6e54fa3.img.jpg_710x360_31916b1a.jpg〇https://imgs.qunarzz.com/sight/p0/1709/3e/3ed0b15824f41f1aa3.img.jpg_710x360_ec7c9398.jpg〇https://imgs.qunarzz.com/sight/p0/1809/15/15eca5246ab34c1ca3.img.jpg_710x360_376955c6.jpg〇https://imgs.qunarzz.com/sight/p0/1809/40/40ee179cb522ff88a3.img.jpg_710x360_72a78441.jpg〇https://qimgs.qunarzz.com/piao_qsight_provider_piao_qsight_web/a707c7c81ea0f4b5.jpg_710x360_be85a92f.jpg〇https://qimgs.qunarzz.com/piao_qsight_provider_piao_qsight_web/ef0dfd454d2385.jpg_710x360_3abcd19c.jpg〇https://qimgs.qunarzz.com/piao_qsight_provider_piao_qsight_web/9203aa5e097497f7.jpg_710x360_c93b6671.jpg〇https://qimgs.qunarzz.com/piao_qsight_provider_piao_qsight_web/46da0bb8b15ce8f7.jpg_710x360_998e3f2a.jpg〇https://qimgs.qunarzz.com/piao_qsight_provider_piao_qsight_web/54d353685a9c49b5.jpg_710x360_30077deb.jpg〇https://qimgs.qunarzz.com/piao_qsight_provider_piao_qsight_web/5b04b97c825401b5.jpg_710x360_3e004e06.jpg〇https://qimgs.qunarzz.com/piao_qsight_provider_piao_qsight_web/836653f531b37bf891bf3fd328b78002.jpg_710x360_fe4b3aae.jpg〇https://qimgs.qunarzz.com/piao_qsight_provider_piao_qsight_web/df9456f169ced425a1d6f342a645a098.jpg_710x360_aa72316a.jpg〇https://qimgs.qunarzz.com/piao_qsight_provider_piao_qsight_web/b6889fafbc0ec29d8b0a76f22ec008a0.jpg_710x360_3bc2f5cc.jpg〇https://qimgs.qunarzz.com/piao_qsight_provider_piao_qsight_web/22753d647315cf4f86b05d4a6186f2af.jpg_710x360_05249b18.jpg〇https://qimgs.qunarzz.com/piao_qsight_provider_piao_qsight_web/ef088ef140e29bee156bc32503672a49.jpg_710x360_c6f5797b.jpg〇https://qimgs.qunarzz.com/piao_qsight_provider_piao_qsight_web/3273dff5570ed502.jpg_710x360_cfb9340f.jpg〇https://qimgs.qunarzz.com/piao_qsight_provider_piao_qsight_web/53db19c6758e8a02.jpg_710x360_a295372c.jpg〇https://qimgs.qunarzz.com/piao_qsight_provider_piao_qsight_web/471a89bd8fe67102.jpg_710x360_dd6f5558.jpg〇https://qimgs.qunarzz.com/piao_qsight_provider_piao_qsight_web/3edb5043f679e502.jpg_710x360_4b5929ad.jpg〇https://qimgs.qunarzz.com/piao_qsight_provider_piao_qsight_web/d06fb2407c978a02.jpg_710x360_1dae9d0a.jpg〇https://qimgs.qunarzz.com/piao_qsight_provider_piao_qsight_web/d7fde96e51bf7c02.jpg_710x360_840a89c5.jpg〇https://qimgs.qunarzz.com/piao_qsight_provider_piao_qsight_web/15a155fc4a17a202.jpg_710x360_768b8fd7.jpg〇https://qimgs.qunarzz.com/piao_qsight_provider_piao_qsight_web/833b56f2e3971d02.jpg_710x360_c1beb305.jpg〇https://qimgs.qunarzz.com/piao_qsight_provider_piao_qsight_web/7e87934eb1e9202.jpg_710x360_4aff35d0.jpg,"{""ret"": true, ""data"": {""tagList"": [{""tagType"": 32, ""tagScore"": 5, ""tagNum"": 3, ""tagName"": ""\u670d\u52a1\u597d""}, {""tagType"": 16, ""tagScore"": 5, ""tagNum"": 1, ""tagName"": ""\u9760\u8c31""}, {""tagType"": 4, ""tagScore"": 5, ""tagNum"": 10, ""tagName"": ""\u53d6\u7968\u65b9\u4fbf""}, {""tagType"": 3, ""tagScore"": 5, ""tagNum"": 6, ""tagName"": ""\u5dee\u8bc4""}, {""tagType"": 2, ""tagScore"": 5, ""tagNum"": 11, ""tagName"": ""\u4e2d\u8bc4""}, {""tagType"": 1, ""tagScore"": 5, ""tagNum"": 2127, ""tagName"": ""\u597d\u8bc4""}, {""tagType"": 0, ""tagScore"": 5, ""tagNum"": 2144, ""tagName"": ""\u5168\u90e8""}], ""commentList"": [{""author"": ""k*7"", ""content"": ""\u5206\u4eab\u4f4f\u5e97\u653b\u7565\uff0c\u65b9\u4fbf\u5927\u5bb6\u53c2\u8003[\u80dc\u5229][\u80dc\u5229]\u6c11\u5bbf\u5728\u666f\u533a\u91cc\u9762\u7684\u540e\u95e8\u8fdb\u53bb3\u516c\u91cc\u7684\u9505\u5751\u6751\u91cc\uff1a1\u3001\u8ba2\u623f\u95f4\u540e\u5230\u5357\u96c4\u5e02\u533a\u65f6\u53ef\u4ee5\u63d0\u524d\u7535\u8bdd\u6c11\u5bbf\u8001\u677f\uff0c\u62a5\u8f66\u724c\u53f7\u7801\u548c\u4eba\u6570\u540e\u53ef\u4ee5\u81ea\u9a7e\u8fdb\u53bb\u901a\u8fc7\u666f\u533a\u91cc\u518d\u5230\u6c11\u5bbf\uff0c\u8fd9\u6837\u5c31\u53ef\u4ee5\u4e0d\u7528\u5750\u89c2\u5149\u8f66\u4e86\uff0c\u7136\u540e\u518d\u4e70\u95e8\u7968\u540e\u89c2\u8d4f\u94f6\u674f\u53f6\uff1b2\u3001\u6c11\u5bbf\u6751\u91cc\u8fd8\u6709\u610f\u5916\u60ca\u559c\uff0c\u7eaf\u5929\u7136\u5730\u4e0b\u5192\u51fa\u6765\u7684\u7409\u749c\u6c34\u91ce\u6e29\u6cc9\uff0c\u6ca1\u6709\u5f00\u53d1\u7684\u89c1\u9644\u56fe\u662f\u771f\u591f\u91ce\u7684[\u61a8\u7b11][\u61a8\u7b11]\uff1b3\u3001\u518d\u9644\u4e0a\u6c11\u5bbf\u8001\u677f\u624b\u7ed8\u7684\u666f\u533a\u7b80\u56fe\u65b9\u4fbf\u5927\u5bb6\u53c2\u52a0\u4e00\u4e0b[\u5472\u7259][\u5472\u7259]"", ""date"": ""2024-10-03"", ""score"": 5, ""commentId"": ""237481186"", ""imgs"": [{""small"": ""https://qimgs.qunarzz.com/mp_piao_0001/temp4741976520260843507file_1727969328000.jpg_120x120_a070e000.jpg"", ""title"": """", ""big"": ""https://qimgs.qunarzz.com/mp_piao_0001/temp4741976520260843507file_1727969328000.jpg""}, {""small"": ""https://qimgs.qunarzz.com/mp_piao_0001/temp94014587494911418file_1727969328000.jpg_120x120_2714912b.jpg"", ""title"": """", ""big"": ""https://qimgs.qunarzz.com/mp_piao_0001/temp94014587494911418file_1727969328000.jpg""}, {""small"": ""https://qimgs.qunarzz.com/mp_piao_0001/temp5769904453773382926file_1727969328000.jpg_120x120_abe15a74.jpg"", ""title"": """", ""big"": ""https://qimgs.qunarzz.com/mp_piao_0001/temp5769904453773382926file_1727969328000.jpg""}, {""small"": ""https://qimgs.qunarzz.com/mp_piao_0001/temp14036922487708300284file_1727969328000.jpg_120x120_5ecc9ca5.jpg"", ""title"": """", ""big"": ""https://qimgs.qunarzz.com/mp_piao_0001/temp14036922487708300284file_1727969328000.jpg""}], ""userNickName"": ""k*7"", ""replyCityName"": """", ""cityName"": ""\u5e7f\u4e1c""}, {""author"": ""b*3"", ""content"": ""\u56fe\u4e3a\u9ec4\u91d1\u5927\u9053\uff0c11-27\u53bb\u7684\u3002\u53f6\u5b50\u8fd8\u6ca1\u6765\u5f97\u53ca\u9ec4\u5c31\u5f00\u59cb\u51cb\u96f6\u7684\u611f\u89c9\uff0c\u636e\u5f80\u5e74\u6709\u53bb\u8fc7\u7684\u8def\u4eba\u8bf4\uff0c\u4eca\u5e74\u7684\u94f6\u674f\u4e0d\u548b\u7684\uff0c\u56ed\u533a\u4e3b\u8981\u5c31\u662f\u9ec4\u91d1\u5927\u9053\u548c\u5c0f\u82b3\u576a\u53ef\u4ee5\u770b\u770b\uff0c\u5176\u4ed6\u6ca1\u4ec0\u4e48\u53ef\u89c2\u8d4f\u7684\uff0c\u7968\u4ef7\u6709\u70b9\u5c0f\u8d35"", ""date"": ""2024-12-10"", ""score"": 4, ""commentId"": ""239179860"", ""imgs"": [{""small"": ""https://qimgs.qunarzz.com/mp_piao_0001/temp5433641858036462413file_1733819888000.jpg_120x120_2356fecf.jpg"", ""title"": """", ""big"": ""https://qimgs.qunarzz.com/mp_piao_0001/temp5433641858036462413file_1733819888000.jpg""}], ""userNickName"": ""b*3"", ""replyCityName"": """", ""cityName"": ""\u5e7f\u4e1c""}, {""author"": ""e*9"", ""content"": ""\u7528\u6237\u672a\u70b9\u8bc4\uff0c\u7cfb\u7edf\u9ed8\u8ba4\u597d\u8bc4\u3002"", ""date"": ""2024-12-26"", ""score"": 5, ""commentId"": ""239381154"", ""imgs"": [], ""userNickName"": ""e*9"", ""replyCityName"": """", ""cityName"": """"}, {""author"": ""\u53bb*\u6237"", ""content"": ""\u7528\u6237\u672a\u70b9\u8bc4\uff0c\u7cfb\u7edf\u9ed8\u8ba4\u597d\u8bc4\u3002"", ""date"": ""2024-12-26"", ""score"": 5, ""commentId"": ""239379830"", ""imgs"": [], ""userNickName"": ""\u53bb*\u6237"", ""replyCityName"": """", ""cityName"": """"}, {""author"": ""z*\u98ce"", ""content"": ""\u7528\u6237\u672a\u70b9\u8bc4\uff0c\u7cfb\u7edf\u9ed8\u8ba4\u597d\u8bc4\u3002"", ""date"": ""2024-12-26"", ""score"": 5, ""commentId"": ""239379423"", ""imgs"": [], ""userNickName"": ""z*\u98ce"", ""replyCityName"": """", ""cityName"": """"}, {""author"": ""\u53bb*\u6237"", ""content"": ""\u7528\u6237\u672a\u70b9\u8bc4\uff0c\u7cfb\u7edf\u9ed8\u8ba4\u597d\u8bc4\u3002"", ""date"": ""2024-12-26"", ""score"": 5, ""commentId"": ""239379404"", ""imgs"": [], ""userNickName"": ""\u53bb*\u6237"", ""replyCityName"": """", ""cityName"": """"}, {""author"": ""\u53bb*\u6237"", ""content"": ""\u7528\u6237\u672a\u70b9\u8bc4\uff0c\u7cfb\u7edf\u9ed8\u8ba4\u597d\u8bc4\u3002"", ""date"": ""2024-12-26"", ""score"": 5, ""commentId"": ""239379285"", ""imgs"": [], ""userNickName"": ""\u53bb*\u6237"", ""replyCityName"": """", ""cityName"": """"}, {""author"": ""e*6"", ""content"": ""\u7528\u6237\u672a\u70b9\u8bc4\uff0c\u7cfb\u7edf\u9ed8\u8ba4\u597d\u8bc4\u3002"", ""date"": ""2024-12-26"", ""score"": 5, ""commentId"": ""239379283"", ""imgs"": [], ""userNickName"": ""e*6"", ""replyCityName"": """", ""cityName"": """"}, {""author"": ""g*9"", ""content"": ""\u7528\u6237\u672a\u70b9\u8bc4\uff0c\u7cfb\u7edf\u9ed8\u8ba4\u597d\u8bc4\u3002"", ""date"": ""2024-12-26"", ""score"": 5, ""commentId"": ""239379280"", ""imgs"": [], ""userNickName"": ""g*9"", ""replyCityName"": """", ""cityName"": """"}, {""author"": ""\u53bb*\u6237"", ""content"": ""\u7528\u6237\u672a\u70b9\u8bc4\uff0c\u7cfb\u7edf\u9ed8\u8ba4\u597d\u8bc4\u3002"", ""date"": ""2024-12-26"", ""score"": 5, ""commentId"": ""239379276"", ""imgs"": [], ""userNickName"": ""\u53bb*\u6237"", ""replyCityName"": """", ""cityName"": """"}], ""score"": 5.0, ""commentCount"": 2144}, ""statusCode"": 200}"
天井山国家森林公园,https://imgs.qunarzz.com/sight/p0/2307/8a/8a667bc6db93b59ca3.img.jpg_280x200_23945b27.jpg,韶关市,乳源瑶族自治县,广东省韶关市乳源瑶族自治县G323广东南岭国家级自然保护区旁,14,4.6,南岭天然博物馆风景如画,https://piao.qunar.com/ticket/detail_4290437153.html?st=a3clM0QlRTQlQjklQjMlRTYlQkElOTAlRTclOTElQjYlRTYlOTclOEYlRTglODclQUElRTYlQjIlQkIlRTUlOEUlQkYlMjZpZCUzRDM4MzE2JTI2dHlwZSUzRDAlMjZpZHglM0QxMyUyNnF0JTNEJTI2YXBrJTNEMiUyNnNjJTNEV1dXJTI2dXIlM0QlRTQlQjglQUQlRTUlQjElQjElMjZsciUzRCVFNCVCOCVBRCVFNSVCMSVCMSUyNmZ0JTNEJTdCJTdE#from=mpl_search_suggest,-1.0,N/A,广东天井山国家森林公园地处南岭山脉的南麓，位于广东省韶关市乳源瑶族自治县的西北部，距离乳源县城38公里。公园内森林层次众多，生物多样性丰富，森林覆盖率高达97.6%，素有“南岭天然博物馆”之称，是广东的绿色生态屏障和北江流域的源头之一。公园总面积5564.1公顷，是一个以自然景观为主体，集山、水、林、湖为一体的远郊山岳型森林公园。公园四季分明，夏季平均气温24℃，是理想的避暑胜地，被誉为“华南夏宫”。特殊的地理位置和气候环境孕育了天井山独特的生态资源，其中亚热带常绿阔叶林、原始山地矮林、中华奇观——云锦杜鹃、植物活化石——桫椤、落羽杉、陀螺果、地质遗迹——豹纹石和激流飞瀑等自然资源最有代表性；还有秦汉古道、西京古道等丰富的人文历史资源。是“春赏花海闻香、夏享清凉避暑、秋游彩林探秘、冬观雾凇寻踪”四季全时生态体验区；是一处集科学研究、森林康养、森林体验和自然教育于一体的森林公园。,1/1-12/31；周一至周日；08:30-17:00开园,https://imgs.qunarzz.com/sight/p0/2307/8a/8a667bc6db93b59ca3.img.jpg_710x360_e1e5029d.jpg〇https://imgs.qunarzz.com/sight/p0/2307/9e/9e50d0fc3b356ab2a3.img.jpg_710x360_2e1c7153.jpg〇https://imgs.qunarzz.com/sight/p0/2307/f0/f0228006254cb020a3.img.jpg_710x360_7c4e9aa6.jpg〇https://imgs.qunarzz.com/sight/p0/2307/95/9598f182752c2783a3.img.jpg_710x360_df552306.jpg〇https://imgs.qunarzz.com/sight/p0/2307/ea/eab3139438e47fd3a3.img.jpg_710x360_cba92eab.jpg〇https://imgs.qunarzz.com/sight/p0/2307/b0/b0bdd36e2f4e14a9a3.img.jpg_710x360_0115b8d8.jpg〇https://imgs.qunarzz.com/sight/p0/2307/bb/bb842cf01ae9f6ea3.img.jpg_710x360_a764648e.jpg〇https://imgs.qunarzz.com/sight/p0/2307/c9/c9f9cbe75863232ba3.img.jpg_710x360_b6f70735.jpg〇https://imgs.qunarzz.com/sight/p0/2307/6c/6c46f2137e6ba1b5a3.img.jpg_710x360_0696e45a.jpg,"{""ret"": true, ""data"": {""tagList"": [{""tagType"": 1, ""tagScore"": 5, ""tagNum"": 14, ""tagName"": ""\u597d\u8bc4""}, {""tagType"": 0, ""tagScore"": 5, ""tagNum"": 14, ""tagName"": ""\u5168\u90e8""}], ""commentList"": [{""author"": ""\u53bb*\u6237"", ""content"": ""\u7528\u6237\u672a\u70b9\u8bc4\uff0c\u7cfb\u7edf\u9ed8\u8ba4\u597d\u8bc4\u3002"", ""date"": ""2022-04-20"", ""score"": 5, ""commentId"": ""222289193"", ""imgs"": [], ""userNickName"": ""\u53bb*\u6237"", ""replyCityName"": """", ""cityName"": """"}, {""author"": ""\u53bb*\u6237"", ""content"": ""\u7528\u6237\u672a\u70b9\u8bc4\uff0c\u7cfb\u7edf\u9ed8\u8ba4\u597d\u8bc4\u3002"", ""date"": ""2022-04-18"", ""score"": 5, ""commentId"": ""222284219"", ""imgs"": [], ""userNickName"": ""\u53bb*\u6237"", ""replyCityName"": """", ""cityName"": """"}, {""author"": ""p*8"", ""content"": ""\u7528\u6237\u672a\u70b9\u8bc4\uff0c\u7cfb\u7edf\u9ed8\u8ba4\u597d\u8bc4\u3002"", ""date"": ""2020-03-12"", ""score"": 5, ""commentId"": ""214377405"", ""imgs"": [], ""userNickName"": ""p*8"", ""replyCityName"": """", ""cityName"": """"}, {""author"": ""c*9"", ""content"": ""\u7528\u6237\u672a\u70b9\u8bc4\uff0c\u7cfb\u7edf\u9ed8\u8ba4\u597d\u8bc4\u3002"", ""date"": ""2020-03-12"", ""score"": 5, ""commentId"": ""214377393"", ""imgs"": [], ""userNickName"": ""c*9"", ""replyCityName"": """", ""cityName"": """"}, {""author"": ""h*4"", ""content"": ""\u7528\u6237\u672a\u70b9\u8bc4\uff0c\u7cfb\u7edf\u9ed8\u8ba4\u597d\u8bc4\u3002"", ""date"": ""2020-03-07"", ""score"": 5, ""commentId"": ""214376462"", ""imgs"": [], ""userNickName"": ""h*4"", ""replyCityName"": """", ""cityName"": """"}, {""author"": ""m*3"", ""content"": ""\u7528\u6237\u672a\u70b9\u8bc4\uff0c\u7cfb\u7edf\u9ed8\u8ba4\u597d\u8bc4\u3002"", ""date"": ""2020-01-25"", ""score"": 5, ""commentId"": ""214004856"", ""imgs"": [], ""userNickName"": ""m*3"", ""replyCityName"": """", ""cityName"": """"}, {""author"": ""l*o"", ""content"": ""\u8fd9\u91cc\u6bd7\u90bb\u57ce\u5e02\uff0c\u68ee\u6797\u8986\u76d6\u7387\u9ad8\uff0c\u7a7a\u6c14\u6e05\u65b0\uff0c\u51ac\u6696\u590f\u51c9\uff0c\u6c14\u5019\u5b9c\u4eba\uff0c\u73cd\u7a00\u52a8\u690d\u8d44\u6e90\u4fdd\u5b58\u5b8c\u597d\u3002"", ""date"": ""2017-10-13"", ""score"": 4, ""commentId"": ""204058331"", ""imgs"": [], ""userNickName"": ""l*o"", ""replyCityName"": """", ""cityName"": """"}, {""author"": ""g*8"", ""content"": ""\u7528\u6237\u672a\u70b9\u8bc4\uff0c\u7cfb\u7edf\u9ed8\u8ba4\u597d\u8bc4\u3002"", ""date"": ""2017-08-08"", ""score"": 5, ""commentId"": ""201766795"", ""imgs"": [], ""userNickName"": ""g*8"", ""replyCityName"": """", ""cityName"": """"}, {""author"": ""M*0"", ""content"": ""\u611f\u89c9\u8fd8\u884c\uff0c\u539f\u59cb\u81ea\u7136\u5c31\u662f\u597d\uff0c\u8bbe\u65bd\u6709\u5f85\u6539\u5584\u3002"", ""date"": ""2017-06-23"", ""score"": 4, ""commentId"": ""204920974"", ""imgs"": [], ""userNickName"": ""M*0"", ""replyCityName"": """", ""cityName"": """"}, {""author"": ""f*g"", ""content"": ""\u5929\u4e95\u5c71\u68ee\u6797\u516c\u56ed\u5728\u4e73\u6e90\uff0c\u6df1\u5c71\u8001\u6797\uff0c\u7fa4\u5c71\u5c42\u53e0\uff0c\u7011\u5e03\u6210\u7fa4\uff0c\u98ce\u666f\u4f18\u7f8e\u3002"", ""date"": ""2017-03-27"", ""score"": 4, ""commentId"": ""204946507"", ""imgs"": [], ""userNickName"": ""f*g"", ""replyCityName"": """", ""cityName"": """"}], ""score"": 4.6, ""commentCount"": 14}, ""statusCode"": 200}"
云门山水上乐园,https://qimgs.qunarzz.com/piao_qsight_provider_piao_qsight_web/0102n12000f6rfuouEAE9_C_900_504.jpg_280x200_0a4b70b8.jpg,韶关市,乳源瑶族自治县,广东省韶关市乳源瑶族自治县250省道云门山旅游度假区内(云门寺往前2公里),614,4.8,老少皆宜的加勒比风格乐园,https://piao.qunar.com/ticket/detail_1265896983.html?st=a3clM0QlRTQlQjklQjMlRTYlQkElOTAlRTclOTElQjYlRTYlOTclOEYlRTglODclQUElRTYlQjIlQkIlRTUlOEUlQkYlMjZpZCUzRDIxNjI5NSUyNnR5cGUlM0QwJTI2aWR4JTNEMTIlMjZxdCUzRCUyNmFwayUzRDIlMjZzYyUzRFdXVyUyNnVyJTNEJUU0JUI4JUFEJUU1JUIxJUIxJTI2bHIlM0QlRTQlQjglQUQlRTUlQjElQjElMjZmdCUzRCU3QiU3RA%3D%3D#from=mpl_search_suggest,-1.0,N/A,门山水上乐园，占地25000平方米，强烈的加勒比风格使得整个水上乐园充满了浓郁的热带风情，这里远离了夏日的燥热，驱逐了日常的城市喧嚣，有大喇叭、海啸池、彩虹滑梯、造浪池、冲天回旋、大型水寨、儿童戏水池、垂直滑梯等趣味水上项目，集合了惊险刺激、畅快悠闲等多重感官体验，是老少皆宜的新型消暑度假乐园。来云门山水上乐园！,05/25-08/31；周一至周日；10:00-17:30开园,https://qimgs.qunarzz.com/piao_qsight_provider_piao_qsight_web/0102n12000f6rfuouEAE9_C_900_504.jpg_710x360_3bf4c969.jpg〇https://qimgs.qunarzz.com/piao_qsight_provider_piao_qsight_web/0102n12000f6rfuouEAE9_C_900_504_Q90_Mtg_7.jpg_710x360_41521a84.jpg〇https://qimgs.qunarzz.com/piao_qsight_provider_piao_qsight_web/350s170000011dv3w2244_C_900_504_Q90_Mtg_7.jpg_710x360_a14c9aff.jpg〇https://qimgs.qunarzz.com/piao_qsight_provider_piao_qsight_web/3502170000011e2diBC20_C_900_504_Q90_Mtg_7.jpg_710x360_02a0d779.jpg〇https://qimgs.qunarzz.com/piao_qsight_provider_piao_qsight_web/350e1700000119qitE8FC_C_900_504_Q90_Mtg_7.jpg_710x360_e7cb1391.jpg〇https://qimgs.qunarzz.com/piao_qsight_provider_piao_qsight_web/350d1700000115i8f4737_C_900_504_Q90_Mtg_7.jpg_710x360_70ed4965.jpg〇https://qimgs.qunarzz.com/piao_qsight_provider_piao_qsight_web/3501170000011jwse43CE_C_900_504_Q90_Mtg_7.jpg_710x360_358e13e2.jpg〇https://imgs.qunarzz.com/sight/p0/1505/16/16611768add92a10.water.jpg_710x360_c4243bfd.jpg〇https://imgs.qunarzz.com/sight/p0/1505/4c/4c8ab7527d4bf68d.water.jpg_710x360_997e34bb.jpg〇https://imgs.qunarzz.com/sight/p0/1505/75/75494cc8e081b230.water.jpg_710x360_12d85509.jpg〇https://qimgs.qunarzz.com/piao_qsight_provider_piao_qsight_web/1637ffc4c600fd02.jpg_710x360_a70375f8.jpg〇https://qimgs.qunarzz.com/piao_qsight_provider_piao_qsight_web/f21e4fe1660bda02.jpg_710x360_fb888ad0.jpg〇https://qimgs.qunarzz.com/piao_qsight_provider_piao_qsight_web/a91dc9322b69a202.jpg_710x360_7782b2b5.jpg〇https://qimgs.qunarzz.com/piao_qsight_provider_piao_qsight_web/09bc4224d844ff02.jpg_710x360_337f2e60.jpg〇https://qimgs.qunarzz.com/piao_qsight_provider_piao_qsight_web/b3e69e486f8b5f02.jpg_710x360_9801bad7.jpg〇https://qimgs.qunarzz.com/piao_qsight_provider_piao_qsight_web/a6dec9a18cdd2502.jpg_710x360_9f29b675.jpg〇https://qimgs.qunarzz.com/piao_qsight_provider_piao_qsight_web/5502724ee4f5d102.jpg_710x360_b4830829.jpg〇https://qimgs.qunarzz.com/piao_qsight_provider_piao_qsight_web/8387d93dd4ff8f02.jpg_710x360_8e618cd8.jpg〇https://qimgs.qunarzz.com/piao_qsight_provider_piao_qsight_web/c01495835d6ec102.jpg_710x360_9df8bb2a.jpg〇https://qimgs.qunarzz.com/piao_qsight_provider_piao_qsight_web/874729961ef20f02.jpg_710x360_2d407034.jpg〇https://qimgs.qunarzz.com/piao_qsight_provider_piao_qsight_web/5a6309fd9cfb3202.jpg_710x360_9ed582de.jpg〇https://qimgs.qunarzz.com/piao_qsight_provider_piao_qsight_web/24b4e0640018502.jpg_710x360_f5bc6fff.jpg〇https://qimgs.qunarzz.com/piao_qsight_provider_piao_qsight_web/c76fc090505a6802.jpg_710x360_5f60a40e.jpg〇https://qimgs.qunarzz.com/piao_qsight_provider_piao_qsight_web/ff212227c48f5902.jpg_710x360_048638ba.jpg〇https://qimgs.qunarzz.com/piao_qsight_provider_piao_qsight_web/49fd31b46aacca02.jpg_710x360_c3348063.jpg〇https://qimgs.qunarzz.com/piao_qsight_provider_piao_qsight_web/00756c35c0f00402.jpg_710x360_1eb01240.jpg〇https://qimgs.qunarzz.com/piao_qsight_provider_piao_qsight_web/3ee4297541c42402.jpg_710x360_557e829e.jpg〇https://qimgs.qunarzz.com/piao_qsight_provider_piao_qsight_web/8f4d3665b7c9fb02.jpg_710x360_3e8fabbf.jpg〇https://qimgs.qunarzz.com/piao_qsight_provider_piao_qsight_web/875b0edbf994c902.jpg_710x360_6fdc54d9.jpg〇https://qimgs.qunarzz.com/piao_qsight_provider_piao_qsight_web/4c7ac1b86ac9f402.jpg_710x360_04fe7eb8.jpg,"{""ret"": true, ""data"": {""tagList"": [{""tagType"": 32, ""tagScore"": 5, ""tagNum"": 5, ""tagName"": ""\u670d\u52a1\u597d""}, {""tagType"": 16, ""tagScore"": 5, ""tagNum"": 5, ""tagName"": ""\u9760\u8c31""}, {""tagType"": 8, ""tagScore"": 5, ""tagNum"": 4, ""tagName"": ""\u4fbf\u5b9c""}, {""tagType"": 4, ""tagScore"": 5, ""tagNum"": 11, ""tagName"": ""\u53d6\u7968\u65b9\u4fbf""}, {""tagType"": 3, ""tagScore"": 5, ""tagNum"": 4, ""tagName"": ""\u5dee\u8bc4""}, {""tagType"": 2, ""tagScore"": 5, ""tagNum"": 7, ""tagName"": ""\u4e2d\u8bc4""}, {""tagType"": 1, ""tagScore"": 5, ""tagNum"": 588, ""tagName"": ""\u597d\u8bc4""}, {""tagType"": 0, ""tagScore"": 5, ""tagNum"": 614, ""tagName"": ""\u5168\u90e8""}], ""commentList"": [{""author"": ""\u53bb*\u6237"", ""content"": ""\u5751\u5f97\u8981\u6b7b\uff0c\u4e0b\u5355\u7684\u65f6\u5019\u660e\u660e\u5199\u7740\u6c34\u4e0a\u4e50\u56ed+\u6d77\u6d0b\u516c\u56ed\uff0c\u4e0b\u5355\u540e\u5c31\u53d8\u6210\u4e86\u6c34\u4e0a\u4e50\u56ed+\u5165\u56ed\u95e8\u7968\u3002\u672c\u6765\u5c31\u4e3a\u4e86\u6d77\u6d0b\u516c\u56ed\u53bb\u7684\uff0c\u5343\u91cc\u8fe2\u8fe2\u8dd1\u8fc7\u53bb\u68c0\u7968\u624d\u53d1\u73b0\u4e0d\u80fd\u53bb\u6d77\u6d0b\u516c\u56ed\uff0c\u8fd8\u4e0d\u80fd\u9000\u7968\u6216\u8005\u6362\u7968\u3002\u8fd9\u5b8c\u5168\u5c31\u662f\u6b3a\u9a97\u6d88\u8d39\u8005\uff0c\u51c6\u5907\u4e3e\u62a5\u3002"", ""date"": ""2024-08-05"", ""score"": 1, ""commentId"": ""235251859"", ""imgs"": [{""small"": ""https://qimgs.qunarzz.com/mp_piao_0001/temp5219334707867724321file_1722820600000.jpg_120x120_633793f4.jpg"", ""title"": """", ""big"": ""https://qimgs.qunarzz.com/mp_piao_0001/temp5219334707867724321file_1722820600000.jpg""}, {""small"": ""https://qimgs.qunarzz.com/mp_piao_0001/temp10720935306520100444file_1722820600000.jpg_120x120_018fd1c5.jpg"", ""title"": """", ""big"": ""https://qimgs.qunarzz.com/mp_piao_0001/temp10720935306520100444file_1722820600000.jpg""}], ""userNickName"": ""\u53bb*\u6237"", ""replyCityName"": """", ""cityName"": ""\u5e7f\u4e1c""}, {""author"": ""\u53bb*\u6237"", ""content"": ""\u7528\u6237\u672a\u70b9\u8bc4\uff0c\u7cfb\u7edf\u9ed8\u8ba4\u597d\u8bc4\u3002"", ""date"": ""2024-10-01"", ""score"": 5, ""commentId"": ""237440969"", ""imgs"": [], ""userNickName"": ""\u53bb*\u6237"", ""replyCityName"": """", ""cityName"": """"}, {""author"": ""\u53bb*\u6237"", ""content"": ""\u7528\u6237\u672a\u70b9\u8bc4\uff0c\u7cfb\u7edf\u9ed8\u8ba4\u597d\u8bc4\u3002"", ""date"": ""2024-10-01"", ""score"": 5, ""commentId"": ""237440653"", ""imgs"": [], ""userNickName"": ""\u53bb*\u6237"", ""replyCityName"": """", ""cityName"": """"}, {""author"": ""y*8"", ""content"": ""\u7528\u6237\u672a\u70b9\u8bc4\uff0c\u7cfb\u7edf\u9ed8\u8ba4\u597d\u8bc4\u3002"", ""date"": ""2024-10-01"", ""score"": 5, ""commentId"": ""237433223"", ""imgs"": [], ""userNickName"": ""y*8"", ""replyCityName"": """", ""cityName"": """"}, {""author"": ""\u53bb*\u6237"", ""content"": ""\u7528\u6237\u672a\u70b9\u8bc4\uff0c\u7cfb\u7edf\u9ed8\u8ba4\u597d\u8bc4\u3002"", ""date"": ""2024-10-01"", ""score"": 5, ""commentId"": ""237405577"", ""imgs"": [], ""userNickName"": ""\u53bb*\u6237"", ""replyCityName"": """", ""cityName"": """"}, {""author"": ""\u53bb*\u6237"", ""content"": ""\u7528\u6237\u672a\u70b9\u8bc4\uff0c\u7cfb\u7edf\u9ed8\u8ba4\u597d\u8bc4\u3002"", ""date"": ""2024-09-28"", ""score"": 5, ""commentId"": ""237346208"", ""imgs"": [], ""userNickName"": ""\u53bb*\u6237"", ""replyCityName"": """", ""cityName"": """"}, {""author"": ""H*6"", ""content"": ""\u7528\u6237\u672a\u70b9\u8bc4\uff0c\u7cfb\u7edf\u9ed8\u8ba4\u597d\u8bc4\u3002"", ""date"": ""2024-09-27"", ""score"": 5, ""commentId"": ""237303531"", ""imgs"": [], ""userNickName"": ""H*6"", ""replyCityName"": """", ""cityName"": """"}, {""author"": ""h*n"", ""content"": ""\u7528\u6237\u672a\u70b9\u8bc4\uff0c\u7cfb\u7edf\u9ed8\u8ba4\u597d\u8bc4\u3002"", ""date"": ""2024-09-24"", ""score"": 5, ""commentId"": ""237205628"", ""imgs"": [], ""userNickName"": ""h*n"", ""replyCityName"": """", ""cityName"": """"}, {""author"": ""h*n"", ""content"": ""\u7528\u6237\u672a\u70b9\u8bc4\uff0c\u7cfb\u7edf\u9ed8\u8ba4\u597d\u8bc4\u3002"", ""date"": ""2024-09-24"", ""score"": 5, ""commentId"": ""237178672"", ""imgs"": [], ""userNickName"": ""h*n"", ""replyCityName"": """", ""cityName"": """"}, {""author"": ""h*n"", ""content"": ""\u7528\u6237\u672a\u70b9\u8bc4\uff0c\u7cfb\u7edf\u9ed8\u8ba4\u597d\u8bc4\u3002"", ""date"": ""2024-09-24"", ""score"": 5, ""commentId"": ""237177870"", ""imgs"": [], ""userNickName"": ""h*n"", ""replyCityName"": """", ""cityName"": """"}], ""score"": 4.8, ""commentCount"": 614}, ""statusCode"": 200}"
云门峡,https://imgs.qunarzz.com/sight/p61/201211/01/73868d176cb184be93835fbb.jpg_280x200_c6272abb.jpg,韶关市,乳源瑶族自治县,广东省韶关市乳源县乳城镇云门峡风景区,34,4.8,感受自然生态动静两种境界，是一个心的旅程,https://piao.qunar.com/ticket/detail_1462008975.html?st=a3clM0QlRTQlQjklQjMlRTYlQkElOTAlRTclOTElQjYlRTYlOTclOEYlRTglODclQUElRTYlQjIlQkIlRTUlOEUlQkYlMjZpZCUzRDM1MDgxJTI2dHlwZSUzRDAlMjZpZHglM0QxMSUyNnF0JTNEJTI2YXBrJTNEMiUyNnNjJTNEV1dXJTI2dXIlM0QlRTQlQjglQUQlRTUlQjElQjElMjZsciUzRCVFNCVCOCVBRCVFNSVCMSVCMSUyNmZ0JTNEJTdCJTdE#from=mpl_search_suggest,-1.0,4A景区,"韶关云门峡风景区坐落在世界过山瑶之乡广东省乳源瑶族自治县境内，位于云门禅宗发祥地、以“农禅并修”而著称的云门寺佛教文化生态保护区西北面，离京港澳高速乳源出口仅8分钟车程，离武广快线韶关站出口约20多分钟车程。景区与云门大觉禅寺紧密相邻，占地面积约80万平方米，森林植被覆盖率高达89.3%,景区内奇峰林立，古木参天，空气清新，山花烂漫，动植物品种丰富，全年林中溪水潺潺，平均气温在19度左右，是旅游、观光、漂流、探险、休闲、祈福的理想之地。王者的漂流王者的漂流：如果说清远的漂流给你是一种舒缓的感受，那么这里的漂流比较而言就是狂野，从落差268米的河道中漂流而下，叠叠高潮涌动的感受能检验出你是否当年；那种亲水的美妙；如果你在激流搏击中足够的勇猛，在惊险刺激中你会有一种征服感，回归你与生俱来的王者之霸气、大气！在云门峡生态漂流中，我们感受的就是王者！",01/01-12/31；08:30-17:30开园,https://imgs.qunarzz.com/sight/p61/201211/01/73868d176cb184be93835fbb.jpg_710x360_a802ee0b.jpg〇https://imgs.qunarzz.com/sight/p0/201402/19/eac971d843cb40fe2e2044fdfd22c121.jpg_710x360_fad1276b.jpg〇https://imgs.qunarzz.com/sight/p0/201402/19/5f8c5f009351130434b089ace943dc6f.jpg_710x360_155d8869.jpg〇https://imgs.qunarzz.com/sight/p0/201402/19/1e999c9cdaa37f92fbfd9ea9528094d8.jpg_710x360_2d7c9ea6.jpg〇https://imgs.qunarzz.com/sight/p0/201402/19/017094a9d1c3e31368785d908ac59874.jpg_710x360_629bb913.jpg〇https://imgs.qunarzz.com/sight/p0/201402/19/c118cb0af33fe6f79428430c38453850.jpg_710x360_13de681b.jpg,"{""ret"": true, ""data"": {""tagList"": [{""tagType"": 4, ""tagScore"": 5, ""tagNum"": 3, ""tagName"": ""\u53d6\u7968\u65b9\u4fbf""}, {""tagType"": 2, ""tagScore"": 5, ""tagNum"": 1, ""tagName"": ""\u4e2d\u8bc4""}, {""tagType"": 1, ""tagScore"": 5, ""tagNum"": 33, ""tagName"": ""\u597d\u8bc4""}, {""tagType"": 0, ""tagScore"": 5, ""tagNum"": 34, ""tagName"": ""\u5168\u90e8""}], ""commentList"": [{""author"": ""c*6"", ""content"": ""\u7528\u6237\u672a\u70b9\u8bc4\uff0c\u7cfb\u7edf\u9ed8\u8ba4\u597d\u8bc4\u3002"", ""date"": ""2018-09-07"", ""score"": 5, ""commentId"": ""207603725"", ""imgs"": [], ""userNickName"": ""c*6"", ""replyCityName"": """", ""cityName"": """"}, {""author"": ""h*5"", ""content"": ""\u7528\u6237\u672a\u70b9\u8bc4\uff0c\u7cfb\u7edf\u9ed8\u8ba4\u597d\u8bc4\u3002"", ""date"": ""2018-09-05"", ""score"": 5, ""commentId"": ""207564290"", ""imgs"": [], ""userNickName"": ""h*5"", ""replyCityName"": """", ""cityName"": """"}, {""author"": ""D*1"", ""content"": ""\u7528\u6237\u672a\u70b9\u8bc4\uff0c\u7cfb\u7edf\u9ed8\u8ba4\u597d\u8bc4\u3002"", ""date"": ""2018-08-21"", ""score"": 5, ""commentId"": ""207285213"", ""imgs"": [], ""userNickName"": ""D*1"", ""replyCityName"": """", ""cityName"": """"}, {""author"": ""z*7"", ""content"": ""\u7528\u6237\u672a\u70b9\u8bc4\uff0c\u7cfb\u7edf\u9ed8\u8ba4\u597d\u8bc4\u3002"", ""date"": ""2018-06-19"", ""score"": 5, ""commentId"": ""206578433"", ""imgs"": [], ""userNickName"": ""z*7"", ""replyCityName"": """", ""cityName"": """"}, {""author"": ""R*a"", ""content"": ""\u4e0d\u9519\u7684\u6f02\u6d41\uff0c\u8d77\u4f0f\u9002\u5f53\uff0c\u5c31\u662f\u6c34\u6bd4\u8f83\u810f\uff01\u53ef\u80fd\u4e0d\u662f\u5929\u7136\u6c34\u6e90\uff0c\u6bcf\u5929\u7684\u6f02\u6d41\u573a\u6b21\u6bd4\u8f83\u5c11\uff0c\u800c\u4e14\u8981\u5de6\u7b49\u53f3\u7b49\uff0c\u68c0\u7968\u4e5f\u8981\u68c03\u6b21\u624d\u80fd\u6f02\u6d41\u5f00\u59cb\u70b9\uff01\u6cbf\u9014\u5de5\u4f5c\u4eba\u5458\u662f\u6bd4\u8f83\u591a\u7684\uff0c\u4e00\u8def\u8fc7\u6765\u5de5\u4f5c\u4eba\u5458\u8fd8\u662f\u6bd4\u8f83\u6709\u793c\u8c8c\uff0c\u5c31\u662f\u4e0d\u77e5\u9053\u80fd\u4e0d\u80fd\u4fdd\u6301\uff01\u7f51\u4e0a\u8ba2\u7968\u8fd8\u662f\u6bd4\u8f83\u4f18\u60e0\uff0c\u4e0d\u8fc7\u95e8\u7968\u672c\u6765\u5c31\u4e0d\u662f\u5f88\u8d35\uff0c\u4e0d\u8fc7\u5de5\u4f5c\u4eba\u5458\u8bf4\u7968\u4ef7\u6709\u53ef\u80fd\u4f1a\u6da8\u7684\uff01"", ""date"": ""2016-08-11"", ""score"": 4, ""commentId"": ""124853246"", ""imgs"": [{""small"": ""https://imgs.qunarzz.com/piao/fusion/1608/dc/e1e894357a725702.jpg_120x120_96d24d70.jpg"", ""title"": """", ""big"": ""https://imgs.qunarzz.com/piao/fusion/1608/dc/e1e894357a725702.jpg""}, {""small"": ""https://imgs.qunarzz.com/piao/fusion/1608/d1/29128861519ff002.jpg_120x120_31372a00.jpg"", ""title"": """", ""big"": ""https://imgs.qunarzz.com/piao/fusion/1608/d1/29128861519ff002.jpg""}, {""small"": ""https://imgs.qunarzz.com/piao/fusion/1608/ef/ddfa2a5d6c5e5902.jpg_120x120_335ab1d4.jpg"", ""title"": """", ""big"": ""https://imgs.qunarzz.com/piao/fusion/1608/ef/ddfa2a5d6c5e5902.jpg""}, {""small"": ""https://imgs.qunarzz.com/piao/fusion/1608/d6/5d23257afca06102.jpg_120x120_31cf51ce.jpg"", ""title"": """", ""big"": ""https://imgs.qunarzz.com/piao/fusion/1608/d6/5d23257afca06102.jpg""}], ""userNickName"": ""R*a"", ""replyCityName"": """", ""cityName"": """"}, {""author"": ""p*1"", ""content"": ""\u7528\u6237\u672a\u70b9\u8bc4\uff0c\u7cfb\u7edf\u9ed8\u8ba4\u597d\u8bc4\u3002"", ""date"": ""2017-09-20"", ""score"": 5, ""commentId"": ""202656033"", ""imgs"": [], ""userNickName"": ""p*1"", ""replyCityName"": """", ""cityName"": """"}, {""author"": ""s*7"", ""content"": ""\u7528\u6237\u672a\u70b9\u8bc4\uff0c\u7cfb\u7edf\u9ed8\u8ba4\u597d\u8bc4\u3002"", ""date"": ""2017-09-12"", ""score"": 5, ""commentId"": ""202449711"", ""imgs"": [], ""userNickName"": ""s*7"", ""replyCityName"": """", ""cityName"": """"}, {""author"": ""G*n"", ""content"": ""\u7528\u6237\u672a\u70b9\u8bc4\uff0c\u7cfb\u7edf\u9ed8\u8ba4\u597d\u8bc4\u3002"", ""date"": ""2017-09-05"", ""score"": 5, ""commentId"": ""202259513"", ""imgs"": [], ""userNickName"": ""G*n"", ""replyCityName"": """", ""cityName"": """"}, {""author"": ""u*3"", ""content"": ""\u7528\u6237\u672a\u70b9\u8bc4\uff0c\u7cfb\u7edf\u9ed8\u8ba4\u597d\u8bc4\u3002"", ""date"": ""2017-09-05"", ""score"": 5, ""commentId"": ""202248163"", ""imgs"": [], ""userNickName"": ""u*3"", ""replyCityName"": """", ""cityName"": """"}, {""author"": ""p*6"", ""content"": ""\u60f3\u73a9\u523a\u6fc0\u7684\u4e0d\u662f\u5f88\u63a8\u8350\uff0c\u5f88\u5e73\u987a\uff0c\u95e8\u7968\u8fd8\u662f\u8d35\u4e86\u70b9"", ""date"": ""2016-06-22"", ""score"": 5, ""commentId"": ""119767213"", ""imgs"": [{""small"": ""https://imgs.qunarzz.com/piao/fusion/1606/4c/cf38262980648a9a.jpg_120x120_bb102fab.jpg"", ""title"": """", ""big"": ""https://imgs.qunarzz.com/piao/fusion/1606/4c/cf38262980648a9a.jpg""}, {""small"": ""https://imgs.qunarzz.com/piao/fusion/1606/7c/a04a7d55ed83939a.jpg_120x120_6ad84287.jpg"", ""title"": """", ""big"": ""https://imgs.qunarzz.com/piao/fusion/1606/7c/a04a7d55ed83939a.jpg""}, {""small"": ""https://imgs.qunarzz.com/piao/fusion/1606/7e/e6943952fd66839a.jpg_120x120_6df7b7cd.jpg"", ""title"": """", ""big"": ""https://imgs.qunarzz.com/piao/fusion/1606/7e/e6943952fd66839a.jpg""}, {""small"": ""https://imgs.qunarzz.com/piao/fusion/1606/a2/4c8ceebff430d09a.jpg_120x120_c9d812a6.jpg"", ""title"": """", ""big"": ""https://imgs.qunarzz.com/piao/fusion/1606/a2/4c8ceebff430d09a.jpg""}, {""small"": ""https://imgs.qunarzz.com/piao/fusion/1606/fb/ad2623cd816f579a.jpg_120x120_97f48fd4.jpg"", ""title"": """", ""big"": ""https://imgs.qunarzz.com/piao/fusion/1606/fb/ad2623cd816f579a.jpg""}, {""small"": ""https://imgs.qunarzz.com/piao/fusion/1606/b8/c111b0accdefb89a.jpg_120x120_a90854d0.jpg"", ""title"": """", ""big"": ""https://imgs.qunarzz.com/piao/fusion/1606/b8/c111b0accdefb89a.jpg""}], ""userNickName"": ""p*6"", ""replyCityName"": """", ""cityName"": """"}], ""score"": 4.8, ""commentCount"": 34}, ""statusCode"": 200}"
云门寺,https://qimgs.qunarzz.com/piao_qsight_provider_piao_qsight_web/0106g120009cu95y04EB9_C_900_504.jpg_280x200_1d1ad983.jpg,韶关市,乳源瑶族自治县,广东省韶关市乳源瑶族自治县城北6公里慈悲峰,133,4.7,佛教之地，前有青山后有潭,https://piao.qunar.com/ticket/detail_632469767.html?st=a3clM0QlRTQlQjklQjMlRTYlQkElOTAlRTclOTElQjYlRTYlOTclOEYlRTglODclQUElRTYlQjIlQkIlRTUlOEUlQkYlMjZpZCUzRDc4NjklMjZ0eXBlJTNEMCUyNmlkeCUzRDklMjZxdCUzRCUyNmFwayUzRDIlMjZzYyUzRFdXVyUyNnVyJTNEJUU0JUI4JUFEJUU1JUIxJUIxJTI2bHIlM0QlRTQlQjglQUQlRTUlQjElQjElMjZmdCUzRCU3QiU3RA%3D%3D#from=mpl_search_suggest,-1.0,4A景区,"云门山大觉禅寺，简称云门寺，位于乳源瑶族自治县县城北6公里的慈云峰下，是我国佛教禅宗五大支派之一云门宗的发祥地。云门寺创建于五代后唐同光元年（公元923年），由云门宗始祖六祖慧能九传弟子文偃禅师所建。公元928年，南汉王刘龚赐额“光泰禅院”，后又改为“证真禅寺”。至宋乾德元年（公元963年），南汉王刘长敕封文偃禅师为“大慈云匡圣弘明大师”，并赐“文铢衣”一件，同时将“证真禅寺”敕升为“大觉禅寺”。因该寺座落在云门山，故称“云门山大觉禅寺”。云门寺占地面积12000平方米，整座建筑庄严雅静。它的殿堂与国内大型寺院相仿，有放生池、天王殿、大雄宝殿、藏经阁、斋堂等建筑。但云门寺的建筑风格独特，除放生池在寺前外，其余殿堂连成一体，殿、堂、厅、楼等共一百八十余楹，建筑面积7000多平方米,门、厅、殿、堂、舍等风格独特。其中大雄宝殿内释迦牟尼像前两尊一立一卧的佛像，为纯正的缅甸汉白玉雕成；镶嵌在四壁的大型彩瓷佛面，下为十八罗汉，上是二十四天神，这在国内的佛殿中都是非常罕见的。寺里办有佛学院，为佛教事业培养了一批又一批有较高素质的人才。 云门寺内建有虚云纪念堂和舍利塔 . 1983年，云门寺被定为全国重点寺庙。",1/1-12/31；周一至周日；08:30-16:30开园,https://qimgs.qunarzz.com/piao_qsight_provider_piao_qsight_web/0106g120009cu95y04EB9_C_900_504.jpg_710x360_d74030af.jpg〇https://qimgs.qunarzz.com/piao_qsight_provider_piao_qsight_web/0106g120009cu95y04EB9_C_900_504_Q90_Mtg_7.jpg_710x360_11dfafd5.jpg〇https://qimgs.qunarzz.com/piao_qsight_provider_piao_qsight_web/35c2d0db739a18.jpg_710x360_1a6ea97d.jpg〇https://qimgs.qunarzz.com/piao_qsight_provider_piao_qsight_web/b2d71eac829884e03a8ee9f2aa8a688e.jpg_710x360_abfc0601.jpg〇https://qimgs.qunarzz.com/piao_qsight_provider_piao_qsight_web/352f0449463c0e4ba7b40981cbb5b107.jpg_710x360_dcf8a27e.jpg〇https://qimgs.qunarzz.com/piao_qsight_provider_piao_qsight_web/66498ea3c89c1571e94e7a15a3aee358.jpg_710x360_47d60f5d.jpg〇https://qimgs.qunarzz.com/piao_qsight_provider_piao_qsight_web/c86575a27edfa44ee51225b67a63fe44.jpg_710x360_15f06158.jpg〇https://qimgs.qunarzz.com/piao_qsight_provider_piao_qsight_web/58042d66e78827db6ab244d53c635280.jpg_710x360_49b86dc5.jpg〇https://qimgs.qunarzz.com/piao_qsight_provider_piao_qsight_web/1558638177027100c14000000wnnu40C5E_D_640_10000.jpg_710x360_b7529196.jpg〇https://qimgs.qunarzz.com/piao_qsight_provider_piao_qsight_web/1558638176738100114000000wxxxuFE48_D_640_10000.jpg_710x360_bd59d639.jpg〇https://qimgs.qunarzz.com/piao_qsight_provider_piao_qsight_web/1558638177809100414000000wj2mo02F5_D_640_10000.jpg_710x360_feb4ba4a.jpg〇https://qimgs.qunarzz.com/piao_qsight_provider_piao_qsight_web/1558638177551100q14000000wldn81638_D_640_10000.jpg_710x360_0aac0ece.jpg〇https://qimgs.qunarzz.com/piao_qsight_provider_piao_qsight_web/1558638176527100j14000000wkj6wD723_D_640_10000.jpg_710x360_53c292a8.jpg〇https://qimgs.qunarzz.com/piao_qsight_provider_piao_qsight_web/1558638177336100514000000wmlhj5A72_D_640_10000.jpg_710x360_dc9e2afb.jpg〇https://qimgs.qunarzz.com/piao_qsight_provider_piao_qsight_web/1558638176290100814000000wl7obED64_D_640_10000.jpg_710x360_bf4d141c.jpg〇https://qimgs.qunarzz.com/piao_qsight_provider_piao_qsight_web/1553281314304100d12000000rk8az12DE_D_640_10000.jpg_710x360_a8449568.jpg〇https://qimgs.qunarzz.com/piao_qsight_provider_piao_qsight_web/1553281314119100412000000rkoyjC4B6_D_640_10000.jpg_710x360_4772072b.jpg〇https://qimgs.qunarzz.com/piao_qsight_provider_piao_qsight_web/1553281314022100512000000ro7th9D6F_D_640_10000.jpg_710x360_66a4cc0e.jpg〇https://qimgs.qunarzz.com/piao_qsight_provider_piao_qsight_web/1553281313650100b12000000ro3krEDF9_D_640_10000.jpg_710x360_44c7be58.jpg〇https://qimgs.qunarzz.com/piao_qsight_provider_piao_qsight_web/1553281312925100m12000000rv3f37CE9_D_640_10000.jpg_710x360_1752e584.jpg〇https://qimgs.qunarzz.com/piao_qsight_provider_piao_qsight_web/1553281312448100312000000rnfrxFADE_D_640_10000.jpg_710x360_491797ec.jpg〇https://qimgs.qunarzz.com/piao_qsight_provider_piao_qsight_web/1553281312101100612000000rmbxj409B_D_640_10000.jpg_710x360_0831fa4b.jpg,"{""ret"": true, ""data"": {""tagList"": [{""tagType"": 2, ""tagScore"": 5, ""tagNum"": 2, ""tagName"": ""\u4e2d\u8bc4""}, {""tagType"": 1, ""tagScore"": 5, ""tagNum"": 131, ""tagName"": ""\u597d\u8bc4""}, {""tagType"": 0, ""tagScore"": 5, ""tagNum"": 133, ""tagName"": ""\u5168\u90e8""}], ""commentList"": [{""author"": ""\u53bb*\u6237"", ""content"": ""\u7528\u6237\u672a\u70b9\u8bc4\uff0c\u7cfb\u7edf\u9ed8\u8ba4\u597d\u8bc4\u3002"", ""date"": ""2024-11-17"", ""score"": 5, ""commentId"": ""238810881"", ""imgs"": [], ""userNickName"": ""\u53bb*\u6237"", ""replyCityName"": """", ""cityName"": """"}, {""author"": ""\u53bb*\u6237"", ""content"": ""\u7528\u6237\u672a\u70b9\u8bc4\uff0c\u7cfb\u7edf\u9ed8\u8ba4\u597d\u8bc4\u3002"", ""date"": ""2024-11-17"", ""score"": 5, ""commentId"": ""238810879"", ""imgs"": [], ""userNickName"": ""\u53bb*\u6237"", ""replyCityName"": """", ""cityName"": """"}, {""author"": ""\u53bb*\u6237"", ""content"": ""\u7528\u6237\u672a\u70b9\u8bc4\uff0c\u7cfb\u7edf\u9ed8\u8ba4\u597d\u8bc4\u3002"", ""date"": ""2024-11-17"", ""score"": 5, ""commentId"": ""238810878"", ""imgs"": [], ""userNickName"": ""\u53bb*\u6237"", ""replyCityName"": """", ""cityName"": """"}, {""author"": ""\u53bb*\u6237"", ""content"": ""\u7528\u6237\u672a\u70b9\u8bc4\uff0c\u7cfb\u7edf\u9ed8\u8ba4\u597d\u8bc4\u3002"", ""date"": ""2024-11-15"", ""score"": 5, ""commentId"": ""238774822"", ""imgs"": [], ""userNickName"": ""\u53bb*\u6237"", ""replyCityName"": """", ""cityName"": """"}, {""author"": ""\u53bb*\u6237"", ""content"": ""\u7528\u6237\u672a\u70b9\u8bc4\uff0c\u7cfb\u7edf\u9ed8\u8ba4\u597d\u8bc4\u3002"", ""date"": ""2023-09-12"", ""score"": 5, ""commentId"": ""228461365"", ""imgs"": [], ""userNickName"": ""\u53bb*\u6237"", ""replyCityName"": """", ""cityName"": """"}, {""author"": ""\u53bb*\u6237"", ""content"": ""\u7528\u6237\u672a\u70b9\u8bc4\uff0c\u7cfb\u7edf\u9ed8\u8ba4\u597d\u8bc4\u3002"", ""date"": ""2023-07-08"", ""score"": 5, ""commentId"": ""226483888"", ""imgs"": [], ""userNickName"": ""\u53bb*\u6237"", ""replyCityName"": """", ""cityName"": """"}, {""author"": ""d*1"", ""content"": ""\u7528\u6237\u672a\u70b9\u8bc4\uff0c\u7cfb\u7edf\u9ed8\u8ba4\u597d\u8bc4\u3002"", ""date"": ""2023-03-08"", ""score"": 5, ""commentId"": ""224670106"", ""imgs"": [], ""userNickName"": ""d*1"", ""replyCityName"": """", ""cityName"": """"}, {""author"": ""s*3"", ""content"": ""\u7528\u6237\u672a\u70b9\u8bc4\uff0c\u7cfb\u7edf\u9ed8\u8ba4\u597d\u8bc4\u3002"", ""date"": ""2023-03-07"", ""score"": 5, ""commentId"": ""224648316"", ""imgs"": [], ""userNickName"": ""s*3"", ""replyCityName"": """", ""cityName"": """"}, {""author"": ""n*4"", ""content"": ""\u7528\u6237\u672a\u70b9\u8bc4\uff0c\u7cfb\u7edf\u9ed8\u8ba4\u597d\u8bc4\u3002"", ""date"": ""2023-01-30"", ""score"": 5, ""commentId"": ""223974673"", ""imgs"": [], ""userNickName"": ""n*4"", ""replyCityName"": """", ""cityName"": """"}, {""author"": ""\u53bb*\u6237"", ""content"": ""\u7528\u6237\u672a\u70b9\u8bc4\uff0c\u7cfb\u7edf\u9ed8\u8ba4\u597d\u8bc4\u3002"", ""date"": ""2022-11-23"", ""score"": 5, ""commentId"": ""223824610"", ""imgs"": [], ""userNickName"": ""\u53bb*\u6237"", ""replyCityName"": """", ""cityName"": """"}], ""score"": 4.7, ""commentCount"": 133}, ""statusCode"": 200}"
仙门奇峡,https://qimgs.qunarzz.com/piao_qsight_provider_piao_qsight_web/35041e000001f37ltA5AD_C_900_504.jpg_280x200_e7d26043.jpg,韶关市,乳源瑶族自治县,广东省韶关市乳源瑶族自治县洛阳镇鸭麻湖道班附近,581,4.7,奇山秀水绿野仙踪汉服打卡,https://piao.qunar.com/ticket/detail_2422934940.html?st=a3clM0QlRTQlQjklQjMlRTYlQkElOTAlRTclOTElQjYlRTYlOTclOEYlRTglODclQUElRTYlQjIlQkIlRTUlOEUlQkYlMjZpZCUzRDYwNjklMjZ0eXBlJTNEMCUyNmlkeCUzRDclMjZxdCUzRCUyNmFwayUzRDIlMjZzYyUzRFdXVyUyNnVyJTNEJUU0JUI4JUFEJUU1JUIxJUIxJTI2bHIlM0QlRTQlQjglQUQlRTUlQjElQjElMjZmdCUzRCU3QiU3RA%3D%3D#from=mpl_search_suggest,76.0,N/A,仙门奇峡风景区地处广东省乳源瑶族自治县洛阳镇境内，距县城38公里，东西方向有国道323线贯穿全境，东连京珠高速公路乳源县城出口，西出阳山县与107国道相接，南经波罗与英德市相连，北通广东省乳阳林业局京珠高速大桥出口，交通便利。项目周边拥有良好的对外交通网络，已形成“一条高铁、两大高速”的主要格局，促使项目积极融入粤、湘、赣三小时生活圈。景区内最重要的地文景观是天然仙门，仙门链接峡谷的两边，中间为巨大的天坑高138米，内拱106米，宽53米，长156米，秀、奇、峻、美，令人称绝，因貌状神仙（仙人像）故也称为仙门，门后有十里峡谷，也称为仙人谷，生命之门，生态良好，景色迷人。它们的形成是由于河谷在这里形成一个曲流，随着地壳的抬升，山水从曲流中间穿过，不断冲刷石灰岩坡面，加上地下溶洞洞顶在重力作用下不断崩塌，最终形成了如此奇特的构造。景区所在地是山沟中的小盆地，由于受到燕山造山运动的影响，令地壳承受地块抬升的扩张力，而使部分地块张裂下陷形成裂谷，属石灰岩地貌。景区内有多处溶洞，而石灰岩与红色沙砾岩成因极为相似，故与丹霞山地貌非常相似。此外，沿雅玛湖两侧是高角度的悬崖、绝壁、峡谷，十分险峻，谷内出露的岩石多为沉积岩，经风蚀和水蚀作用，形态各异。,1/1-12/31；周一至周五；09:00-17:30开园；（16:30停止入园）,https://qimgs.qunarzz.com/piao_qsight_provider_piao_qsight_web/35041e000001f37ltA5AD_C_900_504.jpg_710x360_a9915511.jpg〇https://qimgs.qunarzz.com/piao_qsight_provider_piao_qsight_web/1lo1112000ew5y9yo7370_C_900_504_Q90_Mtg_7.jpg_710x360_0e51bf73.jpg〇https://qimgs.qunarzz.com/piao_qsight_provider_piao_qsight_web/1lo4v12000gxre7t4984B_C_900_504_Q90_Mtg_7.jpg_710x360_4d550917.jpg〇https://qimgs.qunarzz.com/piao_qsight_provider_piao_qsight_web/1lo1d12000gxrfocg5ABA_C_900_504_Q90_Mtg_7.jpg_710x360_aa59d02d.jpg〇https://qimgs.qunarzz.com/piao_qsight_provider_piao_qsight_web/1lo6x12000ew5u65y03AE_C_900_504_Q90_Mtg_7.jpg_710x360_bddd3e37.jpg〇https://qimgs.qunarzz.com/piao_qsight_provider_piao_qsight_web/35091e000001f6mpt0B9C_C_900_504_Q90_Mtg_7.jpg_710x360_19c99dd7.jpg〇https://qimgs.qunarzz.com/piao_qsight_provider_piao_qsight_web/1lo2312000ew5xort5CD0_C_900_504_Q90_Mtg_7.jpg_710x360_1f7077d6.jpg〇https://qimgs.qunarzz.com/piao_qsight_provider_piao_qsight_web/1lo1p12000ew5tej96E95_C_900_504_Q90_Mtg_7.jpg_710x360_c4772f82.jpg〇https://qimgs.qunarzz.com/piao_qsight_provider_piao_qsight_web/1lo0n12000ew5wc8sD400_C_900_504_Q90_Mtg_7.jpg_710x360_41c57e2b.jpg〇https://qimgs.qunarzz.com/piao_qsight_provider_piao_qsight_web/1lo1a12000ew5wik2977F_C_900_504_Q90_Mtg_7.jpg_710x360_d6e606df.jpg〇https://qimgs.qunarzz.com/piao_qsight_provider_piao_qsight_web/35041e000001f37ltA5AD_C_900_504_Q90_Mtg_7.jpg_710x360_e0db5146.jpg〇https://imgs.qunarzz.com/sight/p0/2003/ce/ce660ae36e00d16ea3.img.jpg_710x360_1d51e596.jpg〇https://imgs.qunarzz.com/sight/p0/2003/7c/7c41f7dd641047afa3.img.jpg_710x360_c5bd1b74.jpg〇https://imgs.qunarzz.com/sight/p0/2003/70/70d5aa9b01335feda3.img.jpg_710x360_033493c1.jpg〇https://imgs.qunarzz.com/sight/p0/2003/23/23811ba22d909348a3.img.jpg_710x360_b2b83e4e.jpg〇https://imgs.qunarzz.com/sight/p0/2003/6a/6a6aebe41c388027a3.img.jpg_710x360_c752a95d.jpg〇https://imgs.qunarzz.com/sight/p0/2003/3b/3b28a3f03e7ba4eba3.img.jpg_710x360_1d1886c2.jpg〇https://imgs.qunarzz.com/sight/p0/2003/6c/6cc41f2598c3ab31a3.img.jpg_710x360_0004f318.jpg〇https://imgs.qunarzz.com/sight/p0/2003/88/88c2ef3d4d66f252a3.img.jpg_710x360_42251e7f.jpg〇https://imgs.qunarzz.com/sight/p0/2003/53/53e1623883ae0f9a3.img.jpg_710x360_8bbe5f1a.jpg〇https://imgs.qunarzz.com/sight/p0/2003/3c/3c0c9db439773c87a3.img.jpg_710x360_70439a49.jpg〇https://imgs.qunarzz.com/sight/p0/2003/d0/d042109a79b6d5b4a3.img.jpg_710x360_855551de.jpg〇https://imgs.qunarzz.com/sight/p0/2003/45/45e6b0918b9d83ba3.img.jpg_710x360_174529e5.jpg〇https://imgs.qunarzz.com/sight/p0/2003/82/82419c7ad54ddc92a3.img.jpg_710x360_0795b84b.jpg〇https://imgs.qunarzz.com/sight/p0/2003/82/82e6cf8515321fcda3.img.jpg_710x360_84621f87.jpg〇https://imgs.qunarzz.com/sight/p0/2003/e6/e6f53cd9a362054fa3.img.jpg_710x360_823c5cc2.jpg〇https://imgs.qunarzz.com/sight/p0/2003/df/dff47ed61ba604ffa3.img.jpg_710x360_e4d0df51.jpg〇https://imgs.qunarzz.com/sight/p0/2003/d8/d8691f52ba8dc87a3.img.jpg_710x360_52e709a0.jpg〇https://imgs.qunarzz.com/sight/p0/2003/b2/b26d85e19c7a65c3a3.img.jpg_710x360_101d6187.jpg〇https://imgs.qunarzz.com/sight/p0/2003/24/2478feec70c2d46da3.img.jpg_710x360_2f3d0389.jpg〇https://imgs.qunarzz.com/sight/p0/2003/15/1503dbb484ad0089a3.img.jpg_710x360_38a37978.jpg〇https://imgs.qunarzz.com/sight/p0/2003/b5/b561ca7ce1464ccaa3.img.jpg_710x360_dae79980.jpg〇https://imgs.qunarzz.com/sight/p0/2003/31/315dd6bf1eb2aafa3.img.jpg_710x360_e59d2d04.jpg〇https://imgs.qunarzz.com/sight/p0/2003/82/8265410e256d412ea3.img.jpg_710x360_d8404efe.jpg〇https://imgs.qunarzz.com/sight/p0/2003/82/821d0fb5a271626da3.img.jpg_710x360_d9b5fa90.jpg〇https://imgs.qunarzz.com/sight/p0/2003/6a/6a54baaa5a2011b6a3.img.jpg_710x360_77a6b642.jpg〇https://imgs.qunarzz.com/sight/p0/2003/4d/4d674bb41f7f489ca3.img.jpg_710x360_c9b57638.jpg〇https://imgs.qunarzz.com/sight/p0/2003/45/4512dd988bc72281a3.img.jpg_710x360_aa082430.jpg〇https://imgs.qunarzz.com/sight/p0/2003/93/937d8d6c919e53ada3.img.jpg_710x360_9bcfc891.jpg〇https://imgs.qunarzz.com/sight/p0/2003/18/18397965ccf85848a3.img.jpg_710x360_b90a8b4e.jpg〇https://imgs.qunarzz.com/sight/p0/2003/31/3159ea2dd936e4ea3.img.jpg_710x360_25d91770.jpg〇https://imgs.qunarzz.com/sight/p0/2003/d6/d64450e20289c6a6a3.img.jpg_710x360_fd34a0c3.jpg〇https://imgs.qunarzz.com/sight/p0/2003/9d/9d45b3b43bac1878a3.img.jpg_710x360_943cc8d8.jpg〇https://imgs.qunarzz.com/sight/p0/2003/bb/bb717cb38370f589a3.img.jpg_710x360_e010874e.jpg〇https://imgs.qunarzz.com/sight/p0/2003/2b/2ba13b284eb59a16a3.img.jpg_710x360_41689abb.jpg〇https://imgs.qunarzz.com/sight/p0/2003/9d/9df0d971f08c0591a3.img.jpg_710x360_29130ffa.jpg〇https://imgs.qunarzz.com/sight/p0/2003/77/771d4b111db39f8fa3.img.jpg_710x360_d33817e1.jpg〇https://imgs.qunarzz.com/sight/p0/2003/14/1409e2571fa7142fa3.img.jpg_710x360_6ef15787.jpg〇https://imgs.qunarzz.com/sight/p0/2003/59/592f0c99599862cda3.img.jpg_710x360_366112da.jpg〇https://qimgs.qunarzz.com/piao_qsight_provider_piao_qsight_web/f3e9e7a2573b7ccbb5261b402f330264.jpg_710x360_2b112e76.jpg〇https://qimgs.qunarzz.com/piao_qsight_provider_piao_qsight_web/07b51050781c79d54fdb235d6adadadb.jpg_710x360_cdeb5635.jpg〇https://qimgs.qunarzz.com/piao_qsight_provider_piao_qsight_web/16ae10c824aae4f59d07440b264ed306.jpg_710x360_30e14eeb.jpg〇https://qimgs.qunarzz.com/piao_qsight_provider_piao_qsight_web/394b4d0df87d80e954920ff38900ea69.jpg_710x360_734b22b4.jpg〇https://qimgs.qunarzz.com/piao_qsight_provider_piao_qsight_web/d84cbafe069c9caf7e877f93e9ab7790.jpg_710x360_ff221d95.jpg〇https://qimgs.qunarzz.com/piao_qsight_provider_piao_qsight_web/52e3453ae6ab8b8de15220fc557b8cfe.jpg_710x360_026abd42.jpg〇https://qimgs.qunarzz.com/piao_qsight_provider_piao_qsight_web/3a8ff441ce01e83cef2c1d33522d10c9.jpg_710x360_b1711c83.jpg〇https://qimgs.qunarzz.com/piao_qsight_provider_piao_qsight_web/8d4ef3fed36e56549ce03193b3d7b07a.jpg_710x360_6d055193.jpg〇https://qimgs.qunarzz.com/piao_qsight_provider_piao_qsight_web/85e5d4941090df3c2762b6246333fb2e.jpg_710x360_d2dd0e4b.jpg〇https://qimgs.qunarzz.com/piao_qsight_provider_piao_qsight_web/ad0046a290edefb087ec072e5f277deb.jpg_710x360_1782fe72.jpg〇https://qimgs.qunarzz.com/piao_qsight_provider_piao_qsight_web/96e1e6c962a85240b2cb927aba712615.jpg_710x360_efda3781.jpg〇https://qimgs.qunarzz.com/piao_qsight_provider_piao_qsight_web/c18c8bc0316ae321e29ed5c58383fb02.jpg_710x360_22d8319f.jpg〇https://qimgs.qunarzz.com/piao_qsight_provider_piao_qsight_web/c0c06f6bbadcfb000f6691a1bf8d8745.jpg_710x360_b24a2da3.jpg〇https://qimgs.qunarzz.com/piao_qsight_provider_piao_qsight_web/2bc956434d38eebe8065b3b1f09b13b0.jpg_710x360_aa28c5d2.jpg〇https://qimgs.qunarzz.com/piao_qsight_provider_piao_qsight_web/204afbeae4c08f5db06a145d6e5abbac.jpg_710x360_35fab621.jpg〇https://qimgs.qunarzz.com/piao_qsight_provider_piao_qsight_web/d8cef7e1ceabfb80fce7611a33e8c498.jpg_710x360_ed72cbde.jpg〇https://qimgs.qunarzz.com/piao_qsight_provider_piao_qsight_web/4384f4401b1b7b6f779c424f13cab28b.jpg_710x360_ef04945f.jpg〇https://qimgs.qunarzz.com/piao_qsight_provider_piao_qsight_web/64c131546d33ec0923d9f4500b1ee1fb.jpg_710x360_14f68350.jpg〇https://qimgs.qunarzz.com/piao_qsight_provider_piao_qsight_web/faf0466b495b925baa70b563837d4605.jpg_710x360_8d1a9851.jpg〇https://qimgs.qunarzz.com/piao_qsight_provider_piao_qsight_web/e075e78d09bd540af93f091bcc513476.jpg_710x360_bfcd96d0.jpg,"{""ret"": true, ""data"": {""tagList"": [{""tagType"": 32, ""tagScore"": 5, ""tagNum"": 1, ""tagName"": ""\u670d\u52a1\u597d""}, {""tagType"": 16, ""tagScore"": 5, ""tagNum"": 3, ""tagName"": ""\u9760\u8c31""}, {""tagType"": 8, ""tagScore"": 5, ""tagNum"": 1, ""tagName"": ""\u4fbf\u5b9c""}, {""tagType"": 4, ""tagScore"": 5, ""tagNum"": 4, ""tagName"": ""\u53d6\u7968\u65b9\u4fbf""}, {""tagType"": 2, ""tagScore"": 5, ""tagNum"": 2, ""tagName"": ""\u4e2d\u8bc4""}, {""tagType"": 1, ""tagScore"": 5, ""tagNum"": 542, ""tagName"": ""\u597d\u8bc4""}, {""tagType"": 0, ""tagScore"": 5, ""tagNum"": 581, ""tagName"": ""\u5168\u90e8""}], ""commentList"": [{""author"": ""u*1"", ""content"": ""\u5929\u6c14\u975e\u5e38\u70ed\uff0c\u4f46\u5750\u7af9\u7b4f\u5f88\u6e05\u51c9\uff0c\u5ce1\u8c37\u7684\u6c34\u4e5f\u5f88\u51c9\uff0c\u6d88\u6691\u597d\u53bb\u5904\uff01\u6700\u60f3\u5750\u7684\u662f\u6ed1\u9053\uff0c\u8f9b\u8f9b\u82e6\u82e6\u722c\u4e0a\u5c71\u9876\uff0c\u8bf4\u662f\u5728\u7ef4\u4fee\u6ca1\u5f97\u73a9\uff0c\u592a\u5751\u4e86\uff01"", ""date"": ""2023-07-21"", ""score"": 4, ""commentId"": ""226678229"", ""imgs"": [{""small"": ""https://mp-piao-admincp.qunarzz.com/mp_piao_admin_mp_piao_admin/fusion/20237/f941f81e077d2ecad8a6b566b53f6ad0.jpg_120x120_beb15da9.jpg"", ""title"": """", ""big"": ""https://mp-piao-admincp.qunarzz.com/mp_piao_admin_mp_piao_admin/fusion/20237/f941f81e077d2ecad8a6b566b53f6ad0.jpg""}, {""small"": ""https://mp-piao-admincp.qunarzz.com/mp_piao_admin_mp_piao_admin/fusion/20237/4139ef20fddea0b1856b665977ec0571.jpg_120x120_fc3b5090.jpg"", ""title"": """", ""big"": ""https://mp-piao-admincp.qunarzz.com/mp_piao_admin_mp_piao_admin/fusion/20237/4139ef20fddea0b1856b665977ec0571.jpg""}, {""small"": ""https://mp-piao-admincp.qunarzz.com/mp_piao_admin_mp_piao_admin/fusion/20237/efc6ad09e28aba51621fa6ff40cba632.jpg_120x120_efdb8a5d.jpg"", ""title"": """", ""big"": ""https://mp-piao-admincp.qunarzz.com/mp_piao_admin_mp_piao_admin/fusion/20237/efc6ad09e28aba51621fa6ff40cba632.jpg""}, {""small"": ""https://mp-piao-admincp.qunarzz.com/mp_piao_admin_mp_piao_admin/fusion/20237/d3e905429aecc34297c70e1dc7739a74.jpg_120x120_ff08d9d9.jpg"", ""title"": """", ""big"": ""https://mp-piao-admincp.qunarzz.com/mp_piao_admin_mp_piao_admin/fusion/20237/d3e905429aecc34297c70e1dc7739a74.jpg""}, {""small"": ""https://mp-piao-admincp.qunarzz.com/mp_piao_admin_mp_piao_admin/fusion/20237/ec3edf9038ece5706a632b2ad0bbd5af.jpg_120x120_8e5de1c1.jpg"", ""title"": """", ""big"": ""https://mp-piao-admincp.qunarzz.com/mp_piao_admin_mp_piao_admin/fusion/20237/ec3edf9038ece5706a632b2ad0bbd5af.jpg""}, {""small"": ""https://mp-piao-admincp.qunarzz.com/mp_piao_admin_mp_piao_admin/fusion/20237/eb8c0b8796bc4c3da7877c027a8f3db0.jpg_120x120_71dc7858.jpg"", ""title"": """", ""big"": ""https://mp-piao-admincp.qunarzz.com/mp_piao_admin_mp_piao_admin/fusion/20237/eb8c0b8796bc4c3da7877c027a8f3db0.jpg""}, {""small"": ""https://mp-piao-admincp.qunarzz.com/mp_piao_admin_mp_piao_admin/fusion/20237/95b65c38ec41b1b477296d1339b22f57.jpg_120x120_6840dbd5.jpg"", ""title"": """", ""big"": ""https://mp-piao-admincp.qunarzz.com/mp_piao_admin_mp_piao_admin/fusion/20237/95b65c38ec41b1b477296d1339b22f57.jpg""}, {""small"": ""https://mp-piao-admincp.qunarzz.com/mp_piao_admin_mp_piao_admin/fusion/20237/18190cf06caeae874b39c42e96861af4.jpg_120x120_ad3c302b.jpg"", ""title"": """", ""big"": ""https://mp-piao-admincp.qunarzz.com/mp_piao_admin_mp_piao_admin/fusion/20237/18190cf06caeae874b39c42e96861af4.jpg""}, {""small"": ""https://mp-piao-admincp.qunarzz.com/mp_piao_admin_mp_piao_admin/fusion/20237/199fdb79636a3b869e5cad7da0cb83ab.jpg_120x120_4a55d216.jpg"", ""title"": """", ""big"": ""https://mp-piao-admincp.qunarzz.com/mp_piao_admin_mp_piao_admin/fusion/20237/199fdb79636a3b869e5cad7da0cb83ab.jpg""}], ""userNickName"": ""u*1"", ""replyCityName"": """", ""cityName"": ""\u5e7f\u4e1c""}, {""author"": ""t*4"", ""content"": ""\u7528\u6237\u672a\u70b9\u8bc4\uff0c\u7cfb\u7edf\u9ed8\u8ba4\u597d\u8bc4\u3002"", ""date"": ""2024-11-06"", ""score"": 5, ""commentId"": ""238621768"", ""imgs"": [], ""userNickName"": ""t*4"", ""replyCityName"": """", ""cityName"": """"}, {""author"": ""\u53bb*\u6237"", ""content"": ""\u7528\u6237\u672a\u70b9\u8bc4\uff0c\u7cfb\u7edf\u9ed8\u8ba4\u597d\u8bc4\u3002"", ""date"": ""2024-11-05"", ""score"": 5, ""commentId"": ""238536248"", ""imgs"": [], ""userNickName"": ""\u53bb*\u6237"", ""replyCityName"": """", ""cityName"": """"}, {""author"": ""z*1"", ""content"": ""\u7528\u6237\u672a\u70b9\u8bc4\uff0c\u7cfb\u7edf\u9ed8\u8ba4\u597d\u8bc4\u3002"", ""date"": ""2024-11-05"", ""score"": 5, ""commentId"": ""238536128"", ""imgs"": [], ""userNickName"": ""z*1"", ""replyCityName"": """", ""cityName"": """"}, {""author"": ""\u53bb*\u6237"", ""content"": ""\u7528\u6237\u672a\u70b9\u8bc4\uff0c\u7cfb\u7edf\u9ed8\u8ba4\u597d\u8bc4\u3002"", ""date"": ""2024-11-05"", ""score"": 5, ""commentId"": ""238536091"", ""imgs"": [], ""userNickName"": ""\u53bb*\u6237"", ""replyCityName"": """", ""cityName"": """"}, {""author"": ""\u53bb*\u6237"", ""content"": ""\u7528\u6237\u672a\u70b9\u8bc4\uff0c\u7cfb\u7edf\u9ed8\u8ba4\u597d\u8bc4\u3002"", ""date"": ""2024-11-05"", ""score"": 5, ""commentId"": ""238535491"", ""imgs"": [], ""userNickName"": ""\u53bb*\u6237"", ""replyCityName"": """", ""cityName"": """"}, {""author"": ""j*l"", ""content"": ""\u7528\u6237\u672a\u70b9\u8bc4\uff0c\u7cfb\u7edf\u9ed8\u8ba4\u597d\u8bc4\u3002"", ""date"": ""2024-11-05"", ""score"": 5, ""commentId"": ""238476595"", ""imgs"": [], ""userNickName"": ""j*l"", ""replyCityName"": """", ""cityName"": """"}, {""author"": ""j*l"", ""content"": ""\u7528\u6237\u672a\u70b9\u8bc4\uff0c\u7cfb\u7edf\u9ed8\u8ba4\u597d\u8bc4\u3002"", ""date"": ""2024-11-05"", ""score"": 5, ""commentId"": ""238476578"", ""imgs"": [], ""userNickName"": ""j*l"", ""replyCityName"": """", ""cityName"": """"}, {""author"": ""r*2"", ""content"": ""\u7528\u6237\u672a\u70b9\u8bc4\uff0c\u7cfb\u7edf\u9ed8\u8ba4\u597d\u8bc4\u3002"", ""date"": ""2024-11-04"", ""score"": 5, ""commentId"": ""238389760"", ""imgs"": [], ""userNickName"": ""r*2"", ""replyCityName"": """", ""cityName"": """"}, {""author"": ""z*n"", ""content"": ""\u7528\u6237\u672a\u70b9\u8bc4\uff0c\u7cfb\u7edf\u9ed8\u8ba4\u597d\u8bc4\u3002"", ""date"": ""2024-11-04"", ""score"": 5, ""commentId"": ""238372537"", ""imgs"": [], ""userNickName"": ""z*n"", ""replyCityName"": """", ""cityName"": """"}], ""score"": 4.7, ""commentCount"": 581}, ""statusCode"": 200}"
云门山旅游度假区,https://qimgs.qunarzz.com/piao_qsight_provider_piao_qsight_web/100e1h000001ht7gxB033_C_900_504.jpg_280x200_eae45195.jpg,韶关市,乳源瑶族自治县,韶关市乳源瑶族自治县Y893旁,58,5.0,适合全家老少一同出游,https://piao.qunar.com/ticket/detail_2544495190.html?st=a3clM0QlRTQlQjklQjMlRTYlQkElOTAlRTclOTElQjYlRTYlOTclOEYlRTglODclQUElRTYlQjIlQkIlRTUlOEUlQkYlMjZpZCUzRDUyMzI2MSUyNnR5cGUlM0QwJTI2aWR4JTNENiUyNnF0JTNEJTI2YXBrJTNEMiUyNnNjJTNEV1dXJTI2dXIlM0QlRTQlQjglQUQlRTUlQjElQjElMjZsciUzRCVFNCVCOCVBRCVFNSVCMSVCMSUyNmZ0JTNEJTdCJTdE#from=mpl_search_suggest,50.0,N/A,N/A,1/1-12/31；周一至周日；09:00-18:00开园,https://qimgs.qunarzz.com/piao_qsight_provider_piao_qsight_web/100e1h000001ht7gxB033_C_900_504.jpg_710x360_160f7e13.jpg〇https://qimgs.qunarzz.com/piao_qsight_provider_piao_qsight_web/100l1h000001hqmie1794_C_900_504_Q90_Mtg_7.jpg_710x360_5b301625.jpg〇https://qimgs.qunarzz.com/piao_qsight_provider_piao_qsight_web/100o1h000001hpas33747_C_900_504_Q90_Mtg_7.jpg_710x360_d3322f98.jpg〇https://qimgs.qunarzz.com/piao_qsight_provider_piao_qsight_web/100d1h000001hoz7531A7_C_900_504_Q90_Mtg_7.jpg_710x360_b5f53dbd.jpg〇https://qimgs.qunarzz.com/piao_qsight_provider_piao_qsight_web/100r1h000001hovq466D5_C_900_504_Q90_Mtg_7.jpg_710x360_b5cbf264.jpg〇https://qimgs.qunarzz.com/piao_qsight_provider_piao_qsight_web/100f1h000001hqh6uCABA_C_900_504_Q90_Mtg_7.jpg_710x360_5b1e7b5f.jpg〇https://qimgs.qunarzz.com/piao_qsight_provider_piao_qsight_web/100v1h000001i1i7x2E74_C_900_504_Q90_Mtg_7.jpg_710x360_145d9cf8.jpg〇https://qimgs.qunarzz.com/piao_qsight_provider_piao_qsight_web/100m1h000001hzue3E9D0_C_900_504_Q90_Mtg_7.jpg_710x360_2bfedcfd.jpg〇https://qimgs.qunarzz.com/piao_qsight_provider_piao_qsight_web/100j1h000001hpz1j8F5E_C_900_504_Q90_Mtg_7.jpg_710x360_cd1c5530.jpg〇https://qimgs.qunarzz.com/piao_qsight_provider_piao_qsight_web/100v1h000001i1i81B663_C_900_504_Q90_Mtg_7.jpg_710x360_2db740d6.jpg〇https://qimgs.qunarzz.com/piao_qsight_provider_piao_qsight_web/100e1h000001ht7gxB033_C_900_504_Q90_Mtg_7.jpg_710x360_3be69847.jpg,"{""ret"": true, ""data"": {""tagList"": [{""tagType"": 1, ""tagScore"": 5, ""tagNum"": 58, ""tagName"": ""\u597d\u8bc4""}, {""tagType"": 0, ""tagScore"": 5, ""tagNum"": 58, ""tagName"": ""\u5168\u90e8""}], ""commentList"": [{""author"": ""1*8"", ""content"": ""\u7528\u6237\u672a\u70b9\u8bc4\uff0c\u7cfb\u7edf\u9ed8\u8ba4\u597d\u8bc4\u3002"", ""date"": ""2024-12-23"", ""score"": 5, ""commentId"": ""239330432"", ""imgs"": [], ""userNickName"": ""1*8"", ""replyCityName"": """", ""cityName"": """"}, {""author"": ""h*9"", ""content"": ""\u7528\u6237\u672a\u70b9\u8bc4\uff0c\u7cfb\u7edf\u9ed8\u8ba4\u597d\u8bc4\u3002"", ""date"": ""2024-12-11"", ""score"": 5, ""commentId"": ""239187602"", ""imgs"": [], ""userNickName"": ""h*9"", ""replyCityName"": """", ""cityName"": """"}, {""author"": ""\u53bb*\u6237"", ""content"": ""\u7528\u6237\u672a\u70b9\u8bc4\uff0c\u7cfb\u7edf\u9ed8\u8ba4\u597d\u8bc4\u3002"", ""date"": ""2024-12-07"", ""score"": 5, ""commentId"": ""239130012"", ""imgs"": [], ""userNickName"": ""\u53bb*\u6237"", ""replyCityName"": """", ""cityName"": """"}, {""author"": ""\u53bb*\u6237"", ""content"": ""\u7528\u6237\u672a\u70b9\u8bc4\uff0c\u7cfb\u7edf\u9ed8\u8ba4\u597d\u8bc4\u3002"", ""date"": ""2024-12-05"", ""score"": 5, ""commentId"": ""239106339"", ""imgs"": [], ""userNickName"": ""\u53bb*\u6237"", ""replyCityName"": """", ""cityName"": """"}, {""author"": ""\u53bb*\u6237"", ""content"": ""\u7528\u6237\u672a\u70b9\u8bc4\uff0c\u7cfb\u7edf\u9ed8\u8ba4\u597d\u8bc4\u3002"", ""date"": ""2024-11-06"", ""score"": 5, ""commentId"": ""238635285"", ""imgs"": [], ""userNickName"": ""\u53bb*\u6237"", ""replyCityName"": """", ""cityName"": """"}, {""author"": ""y*g"", ""content"": ""\u7528\u6237\u672a\u70b9\u8bc4\uff0c\u7cfb\u7edf\u9ed8\u8ba4\u597d\u8bc4\u3002"", ""date"": ""2024-11-05"", ""score"": 5, ""commentId"": ""238542853"", ""imgs"": [], ""userNickName"": ""y*g"", ""replyCityName"": """", ""cityName"": """"}, {""author"": ""\u7cd6*m"", ""content"": ""\u7528\u6237\u672a\u70b9\u8bc4\uff0c\u7cfb\u7edf\u9ed8\u8ba4\u597d\u8bc4\u3002"", ""date"": ""2024-11-04"", ""score"": 5, ""commentId"": ""238442160"", ""imgs"": [], ""userNickName"": ""\u7cd6*m"", ""replyCityName"": """", ""cityName"": """"}, {""author"": ""\u7cd6*m"", ""content"": ""\u7528\u6237\u672a\u70b9\u8bc4\uff0c\u7cfb\u7edf\u9ed8\u8ba4\u597d\u8bc4\u3002"", ""date"": ""2024-11-04"", ""score"": 5, ""commentId"": ""238441718"", ""imgs"": [], ""userNickName"": ""\u7cd6*m"", ""replyCityName"": """", ""cityName"": """"}, {""author"": ""c*n"", ""content"": ""\u7528\u6237\u672a\u70b9\u8bc4\uff0c\u7cfb\u7edf\u9ed8\u8ba4\u597d\u8bc4\u3002"", ""date"": ""2024-11-04"", ""score"": 5, ""commentId"": ""238418323"", ""imgs"": [], ""userNickName"": ""c*n"", ""replyCityName"": """", ""cityName"": """"}, {""author"": ""\u6587*\u6e38"", ""content"": ""\u7528\u6237\u672a\u70b9\u8bc4\uff0c\u7cfb\u7edf\u9ed8\u8ba4\u597d\u8bc4\u3002"", ""date"": ""2024-11-04"", ""score"": 5, ""commentId"": ""238414977"", ""imgs"": [], ""userNickName"": ""\u6587*\u6e38"", ""replyCityName"": """", ""cityName"": """"}], ""score"": 5.0, ""commentCount"": 58}, ""statusCode"": 200}"
蓝山源岭南东方温泉,https://qimgs.qunarzz.com/piao_qsight_provider_piao_qsight_web/100s1f000001gx5zdE207_C_900_504.jpg_280x200_73448adc.jpg,韶关市,乳源瑶族自治县,"广东省韶关市乳源大桥镇岩口村温汤,近南岭森林公园",462,5.0,内有动感欢乐儿童池,https://piao.qunar.com/ticket/detail_1365058273.html?st=a3clM0QlRTQlQjklQjMlRTYlQkElOTAlRTclOTElQjYlRTYlOTclOEYlRTglODclQUElRTYlQjIlQkIlRTUlOEUlQkYlMjZpZCUzRDQ3MDgzOCUyNnR5cGUlM0QwJTI2aWR4JTNENSUyNnF0JTNEJTI2YXBrJTNEMiUyNnNjJTNEV1dXJTI2dXIlM0QlRTQlQjglQUQlRTUlQjElQjElMjZsciUzRCVFNCVCOCVBRCVFNSVCMSVCMSUyNmZ0JTNEJTdCJTdE#from=mpl_search_suggest,108.0,N/A,蓝山源岭南东方温泉酒店是隐匿于山水之间的“巴厘岛”，这里深壑幽谷，清溪长流，飞瀑连缀，空气清新，有着浓郁的东南亚巴厘岛风情。酒店依山而建，滨水而立，拥有天然温泉及自然风光资源。酒店的装饰物大到石膏摆件、小至挂画，均是从巴厘岛空运而来，只为体现至原汁原味的异国风情。酒店温泉中心以巴厘岛风格建造，45个不同主题的温泉泡汤池，顺山势在自然山脊中错落分布。大象喷水池、巴厘岛善恶之门舞台、苏门答腊原生态水疗、一座座茅草屋……令人仿佛置身异国他乡。,1/1-12/31；周一至周日；09:30-23:00开园,https://qimgs.qunarzz.com/piao_qsight_provider_piao_qsight_web/100s1f000001gx5zdE207_C_900_504.jpg_710x360_21f055c3.jpg〇https://qimgs.qunarzz.com/piao_qsight_provider_piao_qsight_web/10080u000000j7s7z1A77_C_900_504_Q90_Mtg_7.jpg_710x360_48452791.jpg〇https://qimgs.qunarzz.com/piao_qsight_provider_piao_qsight_web/10030u000000j9bg2354E_C_900_504_Q90_Mtg_7.jpg_710x360_05d4de59.jpg〇https://qimgs.qunarzz.com/piao_qsight_provider_piao_qsight_web/100s0u000000jegtkC78C_C_900_504_Q90_Mtg_7.jpg_710x360_5c00639f.jpg〇https://qimgs.qunarzz.com/piao_qsight_provider_piao_qsight_web/100p0u000000j6pyu4756_C_900_504_Q90_Mtg_7.jpg_710x360_d9ce7456.jpg〇https://qimgs.qunarzz.com/piao_qsight_provider_piao_qsight_web/100s1f000001gx5zdE207_C_900_504_Q90_Mtg_7.jpg_710x360_93ffa9b6.jpg〇https://imgs.qunarzz.com/sight/p0/1903/cf/cf5af7f542699665a3.img.jpg_710x360_b7ad529e.jpg〇https://imgs.qunarzz.com/sight/p0/1903/ea/ea565b108bd138da3.img.jpg_710x360_9c929fee.jpg〇https://imgs.qunarzz.com/sight/p0/1903/b0/b00eb9cf614b9525a3.img.jpg_710x360_d5a35a30.jpg〇https://imgs.qunarzz.com/sight/p0/1903/90/908fae767a949508a3.img.jpg_710x360_f3a3e61e.jpg〇https://imgs.qunarzz.com/sight/p0/1903/24/24e79a26ba680734a3.img.jpg_710x360_666c47f0.jpg〇https://imgs.qunarzz.com/sight/p0/1903/23/23a2c77ff71004e0a3.img.jpg_710x360_0854d918.jpg〇https://imgs.qunarzz.com/sight/p0/1903/6b/6b35541d16088b98a3.img.jpg_710x360_a3215ece.jpg〇https://qimgs.qunarzz.com/piao_qsight_provider_piao_qsight_web/2b63cce66a2ab402.jpg_710x360_c21ca8d6.jpg〇https://qimgs.qunarzz.com/piao_qsight_provider_piao_qsight_web/62ba11f82eb0b902.jpg_710x360_c40c605b.jpg〇https://qimgs.qunarzz.com/piao_qsight_provider_piao_qsight_web/28ab56d4b00a3002.jpg_710x360_997bc252.jpg〇https://qimgs.qunarzz.com/piao_qsight_provider_piao_qsight_web/605c913171dfaf02.jpg_710x360_ec34eccb.jpg,"{""ret"": true, ""data"": {""tagList"": [{""tagType"": 32, ""tagScore"": 5, ""tagNum"": 1, ""tagName"": ""\u670d\u52a1\u597d""}, {""tagType"": 16, ""tagScore"": 5, ""tagNum"": 2, ""tagName"": ""\u9760\u8c31""}, {""tagType"": 8, ""tagScore"": 5, ""tagNum"": 1, ""tagName"": ""\u4fbf\u5b9c""}, {""tagType"": 4, ""tagScore"": 5, ""tagNum"": 2, ""tagName"": ""\u53d6\u7968\u65b9\u4fbf""}, {""tagType"": 3, ""tagScore"": 5, ""tagNum"": 2, ""tagName"": ""\u5dee\u8bc4""}, {""tagType"": 1, ""tagScore"": 5, ""tagNum"": 459, ""tagName"": ""\u597d\u8bc4""}, {""tagType"": 0, ""tagScore"": 5, ""tagNum"": 462, ""tagName"": ""\u5168\u90e8""}], ""commentList"": [{""author"": ""\u53bb*\u6237"", ""content"": ""\u7528\u6237\u672a\u70b9\u8bc4\uff0c\u7cfb\u7edf\u9ed8\u8ba4\u597d\u8bc4\u3002"", ""date"": ""2024-12-25"", ""score"": 5, ""commentId"": ""239366023"", ""imgs"": [], ""userNickName"": ""\u53bb*\u6237"", ""replyCityName"": """", ""cityName"": """"}, {""author"": ""\u53bb*\u6237"", ""content"": ""\u7528\u6237\u672a\u70b9\u8bc4\uff0c\u7cfb\u7edf\u9ed8\u8ba4\u597d\u8bc4\u3002"", ""date"": ""2024-12-24"", ""score"": 5, ""commentId"": ""239359071"", ""imgs"": [], ""userNickName"": ""\u53bb*\u6237"", ""replyCityName"": """", ""cityName"": """"}, {""author"": ""\u53bb*\u6237"", ""content"": ""\u7528\u6237\u672a\u70b9\u8bc4\uff0c\u7cfb\u7edf\u9ed8\u8ba4\u597d\u8bc4\u3002"", ""date"": ""2024-12-24"", ""score"": 5, ""commentId"": ""239358995"", ""imgs"": [], ""userNickName"": ""\u53bb*\u6237"", ""replyCityName"": """", ""cityName"": """"}, {""author"": ""\u53bb*\u6237"", ""content"": ""\u7528\u6237\u672a\u70b9\u8bc4\uff0c\u7cfb\u7edf\u9ed8\u8ba4\u597d\u8bc4\u3002"", ""date"": ""2024-12-24"", ""score"": 5, ""commentId"": ""239354343"", ""imgs"": [], ""userNickName"": ""\u53bb*\u6237"", ""replyCityName"": """", ""cityName"": """"}, {""author"": ""\u53bb*\u6237"", ""content"": ""\u7528\u6237\u672a\u70b9\u8bc4\uff0c\u7cfb\u7edf\u9ed8\u8ba4\u597d\u8bc4\u3002"", ""date"": ""2024-12-18"", ""score"": 5, ""commentId"": ""239288696"", ""imgs"": [], ""userNickName"": ""\u53bb*\u6237"", ""replyCityName"": """", ""cityName"": """"}, {""author"": ""r*7"", ""content"": ""\u7528\u6237\u672a\u70b9\u8bc4\uff0c\u7cfb\u7edf\u9ed8\u8ba4\u597d\u8bc4\u3002"", ""date"": ""2024-12-12"", ""score"": 5, ""commentId"": ""239200021"", ""imgs"": [], ""userNickName"": ""r*7"", ""replyCityName"": """", ""cityName"": """"}, {""author"": ""r*7"", ""content"": ""\u7528\u6237\u672a\u70b9\u8bc4\uff0c\u7cfb\u7edf\u9ed8\u8ba4\u597d\u8bc4\u3002"", ""date"": ""2024-12-12"", ""score"": 5, ""commentId"": ""239200016"", ""imgs"": [], ""userNickName"": ""r*7"", ""replyCityName"": """", ""cityName"": """"}, {""author"": ""C*U"", ""content"": ""\u7528\u6237\u672a\u70b9\u8bc4\uff0c\u7cfb\u7edf\u9ed8\u8ba4\u597d\u8bc4\u3002"", ""date"": ""2024-12-10"", ""score"": 5, ""commentId"": ""239169384"", ""imgs"": [], ""userNickName"": ""C*U"", ""replyCityName"": """", ""cityName"": """"}, {""author"": ""\u53bb*\u6237"", ""content"": ""\u7528\u6237\u672a\u70b9\u8bc4\uff0c\u7cfb\u7edf\u9ed8\u8ba4\u597d\u8bc4\u3002"", ""date"": ""2024-12-05"", ""score"": 5, ""commentId"": ""239109229"", ""imgs"": [], ""userNickName"": ""\u53bb*\u6237"", ""replyCityName"": """", ""cityName"": """"}, {""author"": ""*\u6690"", ""content"": ""\u7528\u6237\u672a\u70b9\u8bc4\uff0c\u7cfb\u7edf\u9ed8\u8ba4\u597d\u8bc4\u3002"", ""date"": ""2024-11-15"", ""score"": 5, ""commentId"": ""238779110"", ""imgs"": [], ""userNickName"": ""*\u6690"", ""replyCityName"": """", ""cityName"": """"}], ""score"": 5.0, ""commentCount"": 462}, ""statusCode"": 200}"
山城水都阳光湖农旅公园,https://qimgs.qunarzz.com/piao_qsight_provider_piao_qsight_web/01023120008t0xzo1002F_C_900_504.jpg_280x200_10a2a710.jpg,韶关市,乳源瑶族自治县,广东省韶关市乳源瑶族自治县一六镇团结村委会岩屋村S250旁,202,5.0,源山城水都阳光湖农旅公园坐落于广东省韶关市乳源瑶族自治县一六镇境内，公园占地6800亩，以“现代高科技和智慧农业+研学科,https://piao.qunar.com/ticket/detail_2185137451.html?st=a3clM0QlRTQlQjklQjMlRTYlQkElOTAlRTclOTElQjYlRTYlOTclOEYlRTglODclQUElRTYlQjIlQkIlRTUlOEUlQkYlMjZpZCUzRDUxMjAxNSUyNnR5cGUlM0QwJTI2aWR4JTNENCUyNnF0JTNEJTI2YXBrJTNEMiUyNnNjJTNEV1dXJTI2dXIlM0QlRTQlQjglQUQlRTUlQjElQjElMjZsciUzRCVFNCVCOCVBRCVFNSVCMSVCMSUyNmZ0JTNEJTdCJTdE#from=mpl_search_suggest,40.0,N/A,源山城水都阳光湖农旅公园坐落于广东省韶关市乳源瑶族自治县一六镇境内，公园占地6800亩，以“现代高科技和智慧农业+研学科普旅游”为定位，始终秉持绿色、低碳、环保、可持续发展的经营理念，是一座集现代化农业产业园、中小学生研学旅行、观光休闲、旅游度假、科普教育为一体的综合性农旅公园。,1/1-12/31；周一至周日；08:00-17:30开园；（16:30停止入园）,https://qimgs.qunarzz.com/piao_qsight_provider_piao_qsight_web/01023120008t0xzo1002F_C_900_504.jpg_710x360_aa574f12.jpg〇https://qimgs.qunarzz.com/piao_qsight_provider_piao_qsight_web/01052120008t0y3llFD94_C_900_504_Q90_Mtg_7.jpg_710x360_1dc57071.jpg〇https://qimgs.qunarzz.com/piao_qsight_provider_piao_qsight_web/0102i120008t0yefe2A3C_C_900_504_Q90_Mtg_7.jpg_710x360_7daeebfa.jpg〇https://qimgs.qunarzz.com/piao_qsight_provider_piao_qsight_web/0101q120008t0ycdkC0E8_C_900_504_Q90_Mtg_7.jpg_710x360_cd0c16f6.jpg〇https://qimgs.qunarzz.com/piao_qsight_provider_piao_qsight_web/01056120008t0yefh7196_C_900_504_Q90_Mtg_7.jpg_710x360_9b44aaef.jpg〇https://qimgs.qunarzz.com/piao_qsight_provider_piao_qsight_web/01005120008t0yaq34E90_C_900_504_Q90_Mtg_7.jpg_710x360_5fbb42f1.jpg〇https://qimgs.qunarzz.com/piao_qsight_provider_piao_qsight_web/01023120008t0xzo1002F_C_900_504_Q90_Mtg_7.jpg_710x360_6ebb948f.jpg,"{""ret"": true, ""data"": {""tagList"": [{""tagType"": 1, ""tagScore"": 5, ""tagNum"": 202, ""tagName"": ""\u597d\u8bc4""}, {""tagType"": 0, ""tagScore"": 5, ""tagNum"": 202, ""tagName"": ""\u5168\u90e8""}], ""commentList"": [{""author"": ""\u53bb*\u6237"", ""content"": ""\u7528\u6237\u672a\u70b9\u8bc4\uff0c\u7cfb\u7edf\u9ed8\u8ba4\u597d\u8bc4\u3002"", ""date"": ""2024-12-03"", ""score"": 5, ""commentId"": ""239074558"", ""imgs"": [], ""userNickName"": ""\u53bb*\u6237"", ""replyCityName"": """", ""cityName"": """"}, {""author"": ""\u53bb*\u6237"", ""content"": ""\u7528\u6237\u672a\u70b9\u8bc4\uff0c\u7cfb\u7edf\u9ed8\u8ba4\u597d\u8bc4\u3002"", ""date"": ""2024-11-20"", ""score"": 5, ""commentId"": ""238856171"", ""imgs"": [], ""userNickName"": ""\u53bb*\u6237"", ""replyCityName"": """", ""cityName"": """"}, {""author"": ""\u53bb*\u6237"", ""content"": ""\u7528\u6237\u672a\u70b9\u8bc4\uff0c\u7cfb\u7edf\u9ed8\u8ba4\u597d\u8bc4\u3002"", ""date"": ""2024-11-19"", ""score"": 5, ""commentId"": ""238836668"", ""imgs"": [], ""userNickName"": ""\u53bb*\u6237"", ""replyCityName"": """", ""cityName"": """"}, {""author"": ""\u53bb*\u6237"", ""content"": ""\u7528\u6237\u672a\u70b9\u8bc4\uff0c\u7cfb\u7edf\u9ed8\u8ba4\u597d\u8bc4\u3002"", ""date"": ""2024-11-19"", ""score"": 5, ""commentId"": ""238834727"", ""imgs"": [], ""userNickName"": ""\u53bb*\u6237"", ""replyCityName"": """", ""cityName"": """"}, {""author"": ""v*0"", ""content"": ""\u7528\u6237\u672a\u70b9\u8bc4\uff0c\u7cfb\u7edf\u9ed8\u8ba4\u597d\u8bc4\u3002"", ""date"": ""2024-11-13"", ""score"": 5, ""commentId"": ""238748170"", ""imgs"": [], ""userNickName"": ""v*0"", ""replyCityName"": """", ""cityName"": """"}, {""author"": ""q*0"", ""content"": ""\u7528\u6237\u672a\u70b9\u8bc4\uff0c\u7cfb\u7edf\u9ed8\u8ba4\u597d\u8bc4\u3002"", ""date"": ""2024-11-06"", ""score"": 5, ""commentId"": ""238652635"", ""imgs"": [], ""userNickName"": ""q*0"", ""replyCityName"": """", ""cityName"": """"}, {""author"": ""\u53bb*\u6237"", ""content"": ""\u7528\u6237\u672a\u70b9\u8bc4\uff0c\u7cfb\u7edf\u9ed8\u8ba4\u597d\u8bc4\u3002"", ""date"": ""2024-11-06"", ""score"": 5, ""commentId"": ""238642352"", ""imgs"": [], ""userNickName"": ""\u53bb*\u6237"", ""replyCityName"": """", ""cityName"": """"}, {""author"": ""\u53bb*\u6237"", ""content"": ""\u7528\u6237\u672a\u70b9\u8bc4\uff0c\u7cfb\u7edf\u9ed8\u8ba4\u597d\u8bc4\u3002"", ""date"": ""2024-11-06"", ""score"": 5, ""commentId"": ""238641112"", ""imgs"": [], ""userNickName"": ""\u53bb*\u6237"", ""replyCityName"": """", ""cityName"": """"}, {""author"": ""s*3"", ""content"": ""\u7528\u6237\u672a\u70b9\u8bc4\uff0c\u7cfb\u7edf\u9ed8\u8ba4\u597d\u8bc4\u3002"", ""date"": ""2024-11-05"", ""score"": 5, ""commentId"": ""238585343"", ""imgs"": [], ""userNickName"": ""s*3"", ""replyCityName"": """", ""cityName"": """"}, {""author"": ""\u53bb*\u6237"", ""content"": ""\u7528\u6237\u672a\u70b9\u8bc4\uff0c\u7cfb\u7edf\u9ed8\u8ba4\u597d\u8bc4\u3002"", ""date"": ""2024-11-05"", ""score"": 5, ""commentId"": ""238584116"", ""imgs"": [], ""userNickName"": ""\u53bb*\u6237"", ""replyCityName"": """", ""cityName"": """"}], ""score"": 5.0, ""commentCount"": 202}, ""statusCode"": 200}"
云门山旅游度假区,https://qimgs.qunarzz.com/piao_qsight_provider_piao_qsight_web/100e1h000001ht7gxB033_C_900_504.jpg_280x200_eae45195.jpg,韶关市,乳源瑶族自治县,韶关市乳源瑶族自治县Y893旁,5632,4.9,适合全家老少一同出游,https://piao.qunar.com/ticket/detail_839461409.html?st=a3clM0QlRTQlQjklQjMlRTYlQkElOTAlRTclOTElQjYlRTYlOTclOEYlRTglODclQUElRTYlQjIlQkIlRTUlOEUlQkYlMjZpZCUzRDQ2MTA2NSUyNnR5cGUlM0QwJTI2aWR4JTNEMyUyNnF0JTNEJTI2YXBrJTNEMiUyNnNjJTNEV1dXJTI2dXIlM0QlRTQlQjglQUQlRTUlQjElQjElMjZsciUzRCVFNCVCOCVBRCVFNSVCMSVCMSUyNmZ0JTNEJTdCJTdE#from=mpl_search_suggest,39.9,N/A,广东省乳源县云门山位于韶关市乳源瑶族自治县城北6公里，离韶关市区有50公里。云门山海拔1215米，高峰直入云天，云雾常罩峰顶。旁有“脉接云门山”的秀顶峰，古称乳源八景之一——秀顶奇云。乳源县的云门山是我国佛教禅宗五大支派之一云门宗的发祥地。山上有著名的云门寺（也称云门山大觉禅寺），桂花潭、钟鼓岩、虚云纪念堂等胜景，是休闲、参禅、旅游的绝妙圣地。云门山距乳源瑶族自治县县城东北6公里，离韶关市区有50公里。京珠高速公路的开通，使其交通更为便利，由广州驱车前往，一路顺驰，不过3小时，已抵云门祖庭。近年来，云门山接待的国内外四众弟子、知名人士和旅游者数以十万计，还接待了大批来自美、英、法、日、澳大利亚、泰国、缅甸、新加坡、印尼等国以及港澳台地区的佛教徒朝圣团及旅游者。现在的云门山，既是宗教活动的场所，又是乳源的旅游胜地和开展海外联系活动的“窗口”。,1/1-12/31；周一至周日；09:00-18:00开园,https://qimgs.qunarzz.com/piao_qsight_provider_piao_qsight_web/100e1h000001ht7gxB033_C_900_504.jpg_710x360_160f7e13.jpg〇https://qimgs.qunarzz.com/piao_qsight_provider_piao_qsight_web/100l1h000001hqmie1794_C_900_504_Q90_Mtg_7.jpg_710x360_5b301625.jpg〇https://qimgs.qunarzz.com/piao_qsight_provider_piao_qsight_web/100o1h000001hpas33747_C_900_504_Q90_Mtg_7.jpg_710x360_d3322f98.jpg〇https://qimgs.qunarzz.com/piao_qsight_provider_piao_qsight_web/100d1h000001hoz7531A7_C_900_504_Q90_Mtg_7.jpg_710x360_b5f53dbd.jpg〇https://qimgs.qunarzz.com/piao_qsight_provider_piao_qsight_web/100r1h000001hovq466D5_C_900_504_Q90_Mtg_7.jpg_710x360_b5cbf264.jpg〇https://qimgs.qunarzz.com/piao_qsight_provider_piao_qsight_web/100f1h000001hqh6uCABA_C_900_504_Q90_Mtg_7.jpg_710x360_5b1e7b5f.jpg〇https://qimgs.qunarzz.com/piao_qsight_provider_piao_qsight_web/100v1h000001i1i7x2E74_C_900_504_Q90_Mtg_7.jpg_710x360_145d9cf8.jpg〇https://qimgs.qunarzz.com/piao_qsight_provider_piao_qsight_web/100m1h000001hzue3E9D0_C_900_504_Q90_Mtg_7.jpg_710x360_2bfedcfd.jpg〇https://qimgs.qunarzz.com/piao_qsight_provider_piao_qsight_web/100j1h000001hpz1j8F5E_C_900_504_Q90_Mtg_7.jpg_710x360_cd1c5530.jpg〇https://qimgs.qunarzz.com/piao_qsight_provider_piao_qsight_web/100v1h000001i1i81B663_C_900_504_Q90_Mtg_7.jpg_710x360_2db740d6.jpg〇https://qimgs.qunarzz.com/piao_qsight_provider_piao_qsight_web/100e1h000001ht7gxB033_C_900_504_Q90_Mtg_7.jpg_710x360_3be69847.jpg〇https://imgs.qunarzz.com/sight/p0/1908/d5/d51f10a82fd8ed9aa3.img.jpg_710x360_be7375fb.jpg〇https://imgs.qunarzz.com/sight/p0/1908/b6/b61f466453c78eaca3.img.jpg_710x360_4b9c4c0b.jpg〇https://imgs.qunarzz.com/sight/p0/1908/80/80b4b1ade836df1da3.img.jpg_710x360_b2deed1c.jpg〇https://imgs.qunarzz.com/sight/p0/1908/8f/8f0cadaa28927881a3.img.jpg_710x360_953d7053.jpg〇https://imgs.qunarzz.com/sight/p0/1611/a2/a26351d8e8b8fcfa3.img.jpg_710x360_102c83d5.jpg〇https://imgs.qunarzz.com/sight/p0/1901/2b/2bbdc20c1ebc773ca3.img.jpg_710x360_d5ab1d16.jpg〇https://imgs.qunarzz.com/sight/p0/1901/27/276abcd444e460f5a3.img.jpg_710x360_f3a8d8d6.jpg〇https://imgs.qunarzz.com/sight/p0/1901/e4/e4f214391c077016a3.img.jpg_710x360_7dfdd28c.jpg〇https://imgs.qunarzz.com/sight/p0/1901/1b/1b30f6336285063ea3.img.jpg_710x360_81b161e4.jpg〇https://imgs.qunarzz.com/sight/p0/1901/33/33106fdf7c87502ca3.img.jpg_710x360_4575f5b3.jpg〇https://imgs.qunarzz.com/sight/p0/1901/d4/d455903df1cd2547a3.img.jpg_710x360_65d3d17c.jpg〇https://imgs.qunarzz.com/sight/p0/1711/a2/a2722011eafb41b0a3.img.jpg_710x360_a6800b75.jpg〇https://imgs.qunarzz.com/sight/p0/1901/e8/e8dee7e71ee578d5a3.img.jpg_710x360_ba53c3ca.jpg〇https://imgs.qunarzz.com/sight/p0/1901/35/35fd591282eaff09a3.img.jpg_710x360_7dc17fb5.jpg〇https://imgs.qunarzz.com/sight/p0/1711/9d/9da3e124fdcfd8c3a3.img.jpg_710x360_c62471f3.jpg〇https://imgs.qunarzz.com/sight/p0/1611/af/afe5d6e74508bf54a3.img.jpg_710x360_2595250d.jpg〇https://imgs.qunarzz.com/sight/p0/1901/a8/a83181de75488a30a3.img.jpg_710x360_612c4bd2.jpg〇https://imgs.qunarzz.com/sight/p0/1611/8b/8b27359fcc877208a3.img.jpg_710x360_5cbd9311.jpg〇https://imgs.qunarzz.com/sight/p0/1611/e0/e0f14863eda07f20a3.img.jpg_710x360_0432ae4c.jpg〇https://imgs.qunarzz.com/sight/p0/1611/d8/d87dd3d302e9d5eca3.img.jpg_710x360_1fd57a12.jpg〇https://imgs.qunarzz.com/sight/p0/1901/86/86a80b7c75573ceda3.img.jpg_710x360_061b7178.jpg〇https://imgs.qunarzz.com/sight/p0/1901/19/19cfa244fa2d00dea3.img.jpg_710x360_fc43c9a1.jpg〇https://imgs.qunarzz.com/sight/p0/1711/4b/4b8432d5d0faa7e8a3.img.jpg_710x360_e3c98c2a.jpg〇https://imgs.qunarzz.com/sight/p0/1611/b8/b828ad89778f1d8fa3.img.jpg_710x360_7124ae45.jpg〇https://imgs.qunarzz.com/sight/p0/1611/28/288eab20e205c4b4a3.img.jpg_710x360_93a93743.jpg〇https://imgs.qunarzz.com/sight/p0/1611/13/1313271e38c814e0a3.img.jpg_710x360_b79bc929.jpg〇https://imgs.qunarzz.com/sight/p0/1611/88/888acfe4d90331b6a3.img.jpg_710x360_783d6979.jpg〇https://imgs.qunarzz.com/sight/p0/1611/39/39d95a47184e911a3.img.jpg_710x360_f4d079c1.jpg〇https://imgs.qunarzz.com/sight/p0/1611/6a/6a0bcfe1907c8f9a3.img.jpg_710x360_c149954d.jpg〇https://imgs.qunarzz.com/sight/p0/1611/ef/eff047b840d25970a3.img.jpg_710x360_364b1c7f.jpg〇https://imgs.qunarzz.com/sight/p0/1611/d9/d9b0ead4f4719e3da3.img.jpg_710x360_3dc9a9c2.jpg〇https://imgs.qunarzz.com/sight/p0/1901/a8/a8a58ee9fb1c7290a3.img.jpg_710x360_0099abe3.jpg〇https://imgs.qunarzz.com/sight/p0/1901/3d/3dc39709b5f638c9a3.img.jpg_710x360_12eeb6fa.jpg〇https://imgs.qunarzz.com/sight/p0/1611/cc/cc878f0f5e6d57eca3.img.jpg_710x360_90f78ced.jpg〇https://imgs.qunarzz.com/sight/p0/1901/34/34e740c341875ac8a3.img.jpg_710x360_d9da85da.jpg〇https://imgs.qunarzz.com/sight/p0/1901/89/893e68f258ae94c3a3.img.jpg_710x360_0472bb5b.jpg〇https://qimgs.qunarzz.com/piao_qsight_provider_piao_qsight_web/27caf8eda95d5e6549efc085028afe20.jpg_710x360_68ee3942.jpg〇https://qimgs.qunarzz.com/piao_qsight_provider_piao_qsight_web/1cd14ca7331cdc0f0270edd49f75aa2b.jpg_710x360_2bc14898.jpg〇https://qimgs.qunarzz.com/piao_qsight_provider_piao_qsight_web/9bd7bf73237689b928001bc61f9f0f5a.jpg_710x360_d7b6af91.jpg〇https://qimgs.qunarzz.com/piao_qsight_provider_piao_qsight_web/535083091393fb6fb9857fcfe2845dd4.jpg_710x360_d1ca3477.jpg〇https://qimgs.qunarzz.com/piao_qsight_provider_piao_qsight_web/fa22e4bbb596285729d28c8efd02c911.jpg_710x360_c4fbecfd.jpg〇https://qimgs.qunarzz.com/piao_qsight_provider_piao_qsight_web/6ad4d9bb41c07f1090e38cc32c855d9b.jpg_710x360_f123ca95.jpg〇https://qimgs.qunarzz.com/piao_qsight_provider_piao_qsight_web/c350809b99168cbea0f53a1f0a88a9ca.jpg_710x360_062185a2.jpg〇https://qimgs.qunarzz.com/piao_qsight_provider_piao_qsight_web/5264a4638c1a308801e4cd635a645a62.jpg_710x360_f68d3721.jpg〇https://qimgs.qunarzz.com/piao_qsight_provider_piao_qsight_web/f572a22adb4b9edfcbbae8284e828570.jpg_710x360_6ef0c582.jpg〇https://qimgs.qunarzz.com/piao_qsight_provider_piao_qsight_web/9f8d82c26890477a4ce592b423ff6ce1.jpg_710x360_93ff40b0.jpg〇https://qimgs.qunarzz.com/piao_qsight_provider_piao_qsight_web/134ad5c86b05df9463cdf46158399379.jpg_710x360_e6236c20.jpg〇https://qimgs.qunarzz.com/piao_qsight_provider_piao_qsight_web/c7859c7cb6f7f2f1c36d93be7bf1a134.jpg_710x360_2dbb5bfd.jpg〇https://qimgs.qunarzz.com/piao_qsight_provider_piao_qsight_web/e55f12dd9294105d34fd28015f5f0d6a.jpg_710x360_d296ce96.jpg〇https://qimgs.qunarzz.com/piao_qsight_provider_piao_qsight_web/6260e17b43b209f20c67d52ce1acb62c.jpg_710x360_2e42336e.jpg〇https://qimgs.qunarzz.com/piao_qsight_provider_piao_qsight_web/24a23707ad71e5be28768431c424887e.jpg_710x360_edb60761.jpg〇https://qimgs.qunarzz.com/piao_qsight_provider_piao_qsight_web/e92277fead57982c5ed3afa6ea6dcd0e.jpg_710x360_2b97c26f.jpg〇https://qimgs.qunarzz.com/piao_qsight_provider_piao_qsight_web/49118c25be613bb6a0c5a0c074636791.jpg_710x360_6c82bd9e.jpg〇https://qimgs.qunarzz.com/piao_qsight_provider_piao_qsight_web/4316036723ba58a89a530586efb4d803.jpg_710x360_d50fbe2a.jpg〇https://qimgs.qunarzz.com/piao_qsight_provider_piao_qsight_web/458fc693b5dfe810e3d33e0d8c7f1f3a.jpg_710x360_c15bf908.jpg〇https://qimgs.qunarzz.com/piao_qsight_provider_piao_qsight_web/0990416b6e70826c0a37ce4bc1e10a3b.jpg_710x360_22185851.jpg,"{""ret"": true, ""data"": {""tagList"": [{""tagType"": 32, ""tagScore"": 5, ""tagNum"": 14, ""tagName"": ""\u670d\u52a1\u597d""}, {""tagType"": 16, ""tagScore"": 5, ""tagNum"": 17, ""tagName"": ""\u9760\u8c31""}, {""tagType"": 8, ""tagScore"": 5, ""tagNum"": 13, ""tagName"": ""\u4fbf\u5b9c""}, {""tagType"": 4, ""tagScore"": 5, ""tagNum"": 25, ""tagName"": ""\u53d6\u7968\u65b9\u4fbf""}, {""tagType"": 3, ""tagScore"": 5, ""tagNum"": 19, ""tagName"": ""\u5dee\u8bc4""}, {""tagType"": 2, ""tagScore"": 5, ""tagNum"": 12, ""tagName"": ""\u4e2d\u8bc4""}, {""tagType"": 1, ""tagScore"": 5, ""tagNum"": 5562, ""tagName"": ""\u597d\u8bc4""}, {""tagType"": 0, ""tagScore"": 5, ""tagNum"": 5632, ""tagName"": ""\u5168\u90e8""}], ""commentList"": [{""author"": ""c*j"", ""content"": ""\u7528\u6237\u672a\u70b9\u8bc4\uff0c\u7cfb\u7edf\u9ed8\u8ba4\u597d\u8bc4\u3002"", ""date"": ""2024-12-25"", ""score"": 5, ""commentId"": ""239367314"", ""imgs"": [], ""userNickName"": ""c*j"", ""replyCityName"": """", ""cityName"": """"}, {""author"": ""g*4"", ""content"": ""\u7528\u6237\u672a\u70b9\u8bc4\uff0c\u7cfb\u7edf\u9ed8\u8ba4\u597d\u8bc4\u3002"", ""date"": ""2024-12-19"", ""score"": 5, ""commentId"": ""239290978"", ""imgs"": [], ""userNickName"": ""g*4"", ""replyCityName"": """", ""cityName"": """"}, {""author"": ""P*y"", ""content"": ""\u7528\u6237\u672a\u70b9\u8bc4\uff0c\u7cfb\u7edf\u9ed8\u8ba4\u597d\u8bc4\u3002"", ""date"": ""2024-12-15"", ""score"": 5, ""commentId"": ""239237222"", ""imgs"": [], ""userNickName"": ""P*y"", ""replyCityName"": """", ""cityName"": """"}, {""author"": ""\u8d70*\u554a"", ""content"": ""\u7528\u6237\u672a\u70b9\u8bc4\uff0c\u7cfb\u7edf\u9ed8\u8ba4\u597d\u8bc4\u3002"", ""date"": ""2024-12-11"", ""score"": 5, ""commentId"": ""239183804"", ""imgs"": [], ""userNickName"": ""\u8d70*\u554a"", ""replyCityName"": """", ""cityName"": """"}, {""author"": ""\u8d70*\u554a"", ""content"": ""\u7528\u6237\u672a\u70b9\u8bc4\uff0c\u7cfb\u7edf\u9ed8\u8ba4\u597d\u8bc4\u3002"", ""date"": ""2024-12-11"", ""score"": 5, ""commentId"": ""239183701"", ""imgs"": [], ""userNickName"": ""\u8d70*\u554a"", ""replyCityName"": """", ""cityName"": """"}, {""author"": ""\u963f*\u6bc5"", ""content"": ""\u7528\u6237\u672a\u70b9\u8bc4\uff0c\u7cfb\u7edf\u9ed8\u8ba4\u597d\u8bc4\u3002"", ""date"": ""2024-12-04"", ""score"": 5, ""commentId"": ""239094073"", ""imgs"": [], ""userNickName"": ""\u963f*\u6bc5"", ""replyCityName"": """", ""cityName"": """"}, {""author"": ""\u963f*\u6bc5"", ""content"": ""\u7528\u6237\u672a\u70b9\u8bc4\uff0c\u7cfb\u7edf\u9ed8\u8ba4\u597d\u8bc4\u3002"", ""date"": ""2024-12-04"", ""score"": 5, ""commentId"": ""239093373"", ""imgs"": [], ""userNickName"": ""\u963f*\u6bc5"", ""replyCityName"": """", ""cityName"": """"}, {""author"": ""\u7cca*\u8fa3"", ""content"": ""\u7528\u6237\u672a\u70b9\u8bc4\uff0c\u7cfb\u7edf\u9ed8\u8ba4\u597d\u8bc4\u3002"", ""date"": ""2024-12-04"", ""score"": 5, ""commentId"": ""239084887"", ""imgs"": [], ""userNickName"": ""\u7cca*\u8fa3"", ""replyCityName"": """", ""cityName"": """"}, {""author"": ""\u53bb*\u6237"", ""content"": ""\u7528\u6237\u672a\u70b9\u8bc4\uff0c\u7cfb\u7edf\u9ed8\u8ba4\u597d\u8bc4\u3002"", ""date"": ""2024-12-03"", ""score"": 5, ""commentId"": ""239078717"", ""imgs"": [], ""userNickName"": ""\u53bb*\u6237"", ""replyCityName"": """", ""cityName"": """"}, {""author"": ""\u53bb*\u6237"", ""content"": ""\u7528\u6237\u672a\u70b9\u8bc4\uff0c\u7cfb\u7edf\u9ed8\u8ba4\u597d\u8bc4\u3002"", ""date"": ""2024-12-01"", ""score"": 5, ""commentId"": ""239034621"", ""imgs"": [], ""userNickName"": ""\u53bb*\u6237"", ""replyCityName"": """", ""cityName"": """"}], ""score"": 4.9, ""commentCount"": 5632}, ""statusCode"": 200}"
丽宫云瑶谷温泉,https://qimgs.qunarzz.com/piao_qsight_provider_piao_qsight_web/0105u120008h63v3m646D_C_900_504.jpg_280x200_e2adec98.jpg,韶关市,乳源瑶族自治县,韶关市乳源县候公渡乳城镇青岗,600,4.6,环境清秀有多种特色温泉池,https://piao.qunar.com/ticket/detail_2994647798.html?st=a3clM0QlRTQlQjklQjMlRTYlQkElOTAlRTclOTElQjYlRTYlOTclOEYlRTglODclQUElRTYlQjIlQkIlRTUlOEUlQkYlMjZpZCUzRDM3MzIwJTI2dHlwZSUzRDAlMjZpZHglM0QyJTI2cXQlM0QlMjZhcGslM0QyJTI2c2MlM0RXV1clMjZ1ciUzRCVFNCVCOCVBRCVFNSVCMSVCMSUyNmxyJTNEJUU0JUI4JUFEJUU1JUIxJUIxJTI2ZnQlM0QlN0IlN0Q%3D#from=mpl_search_suggest,58.0,4A景区,"丽宫云瑶谷温泉是集温泉养生、动感游乐、商务会议、休闲旅游为一体的大型综合性度假胜地。与其他温泉不同的是，这里拥有疗养价值极高的天然冷热两大矿泉，是国内罕见的弱碱性“低矿物化氯化物硫酸盐钙镁型高热偏硅酸锶泉”；云瑶谷温泉区主要分为SPA室内养神区、禅境养心岛、五道养生谷、森林养性坡；并建设有华南地区独一无二的冷热水大型冲浪沙滩项目———山谷夏威夷海滩———疯狂山泉水世界。这里除了温泉、凤凰山森林度假别墅、卧龙岭生态旅游观光区、开心农场、产权别墅等设施项目也在陆续建造。拥有500多间及高雅的元首别墅和多款温泉别墅数十幢。会议中心配备外语同声传译系统,拥有可同时容纳600人会议的大型会议厅及中、小型专用会议室12间；宴会中心有可同时容纳近1000人用餐的宴会大厅及各式风味厅6个、VIP包间15间和烛光湖畔风味宵夜廊；集沐足按摩、麻雀棋牌、健身美容、SPA水疗、豪华夜总会于一体的丽宫国际休闲俱乐部；另设有网吧游戏、乒乓球室、桌球室、网球场、影视厅、展览及书报馆、儿童乐园、自助式农耕乐区等综合配套服务。",1/1-12/31；周一至周日；08:00-23:59开园,https://qimgs.qunarzz.com/piao_qsight_provider_piao_qsight_web/0105u120008h63v3m646D_C_900_504.jpg_710x360_2637e976.jpg〇https://qimgs.qunarzz.com/piao_qsight_provider_piao_qsight_web/0101n120008h63xzn057C_C_900_504_Q90_Mtg_7.jpg_710x360_4977c1c0.jpg〇https://qimgs.qunarzz.com/piao_qsight_provider_piao_qsight_web/0103z120008h63u38DA09_C_900_504_Q90_Mtg_7.jpg_710x360_7e49e466.jpg〇https://qimgs.qunarzz.com/piao_qsight_provider_piao_qsight_web/01044120008h63v40FF14_C_900_504_Q90_Mtg_7.jpg_710x360_faf1e992.jpg〇https://qimgs.qunarzz.com/piao_qsight_provider_piao_qsight_web/1lo2l12000egkk6rz8D50_C_900_504_Q90_Mtg_7.jpg_710x360_d6e86b8d.jpg〇https://qimgs.qunarzz.com/piao_qsight_provider_piao_qsight_web/01047120008h63rq43F1C_C_900_504_Q90_Mtg_7.jpg_710x360_adfbb952.jpg〇https://qimgs.qunarzz.com/piao_qsight_provider_piao_qsight_web/01058120008kbnhse9D83_C_900_504_Q90_Mtg_7.jpg_710x360_48ccae25.jpg〇https://qimgs.qunarzz.com/piao_qsight_provider_piao_qsight_web/1lo4n12000dzz48ncCE79_C_900_504_Q90_Mtg_7.jpg_710x360_38129841.jpg〇https://qimgs.qunarzz.com/piao_qsight_provider_piao_qsight_web/1lo4w12000egkkcoj62D2_C_900_504_Q90_Mtg_7.jpg_710x360_506ad1fd.jpg〇https://qimgs.qunarzz.com/piao_qsight_provider_piao_qsight_web/1lo4w12000dzz4e8v5108_C_900_504_Q90_Mtg_7.jpg_710x360_5bd3eefb.jpg〇https://qimgs.qunarzz.com/piao_qsight_provider_piao_qsight_web/0105u120008h63v3m646D_C_900_504_Q90_Mtg_7.jpg_710x360_109ce81e.jpg〇https://imgs.qunarzz.com/sight/p0/1605/12/12f6963c84e861f390.img.jpg_710x360_805ce7b1.jpg〇https://imgs.qunarzz.com/sight/p0/1605/5d/5d3d38f4bdb15b0190.img.jpg_710x360_d35160fc.jpg〇https://imgs.qunarzz.com/sight/p0/1605/82/826689acadbed55190.water.jpg_710x360_ccfc377b.jpg〇https://imgs.qunarzz.com/sight/p0/1605/1b/1bcfbfc2fb5d42b890.water.jpg_710x360_fee388d7.jpg〇https://imgs.qunarzz.com/sight/p0/1605/46/466a3abe286344b690.img.jpg_710x360_d0341e59.jpg〇https://imgs.qunarzz.com/sight/p0/1605/c7/c7e2400d69866d9990.img.jpg_710x360_104e5169.jpg〇https://imgs.qunarzz.com/sight/p0/1605/ee/ee05d936c1a3944690.img.png_710x360_71aa39f4.png〇https://imgs.qunarzz.com/sight/p0/201212/22/a0760e7499ff8d0a93835fbb.png_710x360_e87a93a3.png〇https://imgs.qunarzz.com/sight/p0/201212/22/10605ebececcb76f93835fbb.png_710x360_22707dec.png〇https://imgs.qunarzz.com/sight/p0/201212/22/36518dcbe84757ad93835fbb.png_710x360_4f0e488b.png〇https://imgs.qunarzz.com/sight/p0/201212/22/e7b8d0b4ad4a935593835fbb.png_710x360_11a4363e.png,"{""ret"": true, ""data"": {""tagList"": [{""tagType"": 32, ""tagScore"": 5, ""tagNum"": 15, ""tagName"": ""\u670d\u52a1\u597d""}, {""tagType"": 16, ""tagScore"": 5, ""tagNum"": 19, ""tagName"": ""\u9760\u8c31""}, {""tagType"": 8, ""tagScore"": 5, ""tagNum"": 18, ""tagName"": ""\u4fbf\u5b9c""}, {""tagType"": 4, ""tagScore"": 5, ""tagNum"": 25, ""tagName"": ""\u53d6\u7968\u65b9\u4fbf""}, {""tagType"": 3, ""tagScore"": 5, ""tagNum"": 2, ""tagName"": ""\u5dee\u8bc4""}, {""tagType"": 2, ""tagScore"": 5, ""tagNum"": 19, ""tagName"": ""\u4e2d\u8bc4""}, {""tagType"": 1, ""tagScore"": 5, ""tagNum"": 569, ""tagName"": ""\u597d\u8bc4""}, {""tagType"": 0, ""tagScore"": 5, ""tagNum"": 600, ""tagName"": ""\u5168\u90e8""}], ""commentList"": [{""author"": ""d*8"", ""content"": ""\u9152\u5e97\u73af\u5883\u4e0d\u9519\uff0c\u524d\u53f0\u5c0f\u5434\u670d\u52a1\u4e0d\u9519"", ""date"": ""2024-12-21"", ""score"": 5, ""commentId"": ""239315952"", ""imgs"": [], ""userNickName"": ""d*8"", ""replyCityName"": """", ""cityName"": ""\u5e7f\u4e1c""}, {""author"": ""p*8"", ""content"": ""\u7528\u6237\u672a\u70b9\u8bc4\uff0c\u7cfb\u7edf\u9ed8\u8ba4\u597d\u8bc4\u3002"", ""date"": ""2024-09-03"", ""score"": 5, ""commentId"": ""236218697"", ""imgs"": [], ""userNickName"": ""p*8"", ""replyCityName"": """", ""cityName"": """"}, {""author"": ""\u53bb*\u6237"", ""content"": ""\u7528\u6237\u672a\u70b9\u8bc4\uff0c\u7cfb\u7edf\u9ed8\u8ba4\u597d\u8bc4\u3002"", ""date"": ""2024-06-02"", ""score"": 5, ""commentId"": ""234025503"", ""imgs"": [], ""userNickName"": ""\u53bb*\u6237"", ""replyCityName"": """", ""cityName"": """"}, {""author"": ""\u53bb*\u6237"", ""content"": ""\u7528\u6237\u672a\u70b9\u8bc4\uff0c\u7cfb\u7edf\u9ed8\u8ba4\u597d\u8bc4\u3002"", ""date"": ""2024-06-02"", ""score"": 5, ""commentId"": ""234025442"", ""imgs"": [], ""userNickName"": ""\u53bb*\u6237"", ""replyCityName"": """", ""cityName"": """"}, {""author"": ""z*u"", ""content"": ""\u7528\u6237\u672a\u70b9\u8bc4\uff0c\u7cfb\u7edf\u9ed8\u8ba4\u597d\u8bc4\u3002"", ""date"": ""2024-04-10"", ""score"": 5, ""commentId"": ""232858975"", ""imgs"": [], ""userNickName"": ""z*u"", ""replyCityName"": """", ""cityName"": """"}, {""author"": ""n*6"", ""content"": ""\u7528\u6237\u672a\u70b9\u8bc4\uff0c\u7cfb\u7edf\u9ed8\u8ba4\u597d\u8bc4\u3002"", ""date"": ""2024-03-25"", ""score"": 5, ""commentId"": ""232654396"", ""imgs"": [], ""userNickName"": ""n*6"", ""replyCityName"": """", ""cityName"": """"}, {""author"": ""\u53bb*\u6237"", ""content"": ""\u7528\u6237\u672a\u70b9\u8bc4\uff0c\u7cfb\u7edf\u9ed8\u8ba4\u597d\u8bc4\u3002"", ""date"": ""2024-03-21"", ""score"": 5, ""commentId"": ""232586006"", ""imgs"": [], ""userNickName"": ""\u53bb*\u6237"", ""replyCityName"": """", ""cityName"": """"}, {""author"": ""f*8"", ""content"": ""\u7528\u6237\u672a\u70b9\u8bc4\uff0c\u7cfb\u7edf\u9ed8\u8ba4\u597d\u8bc4\u3002"", ""date"": ""2024-03-17"", ""score"": 5, ""commentId"": ""232391965"", ""imgs"": [], ""userNickName"": ""f*8"", ""replyCityName"": """", ""cityName"": """"}, {""author"": ""y*8"", ""content"": ""\u7528\u6237\u672a\u70b9\u8bc4\uff0c\u7cfb\u7edf\u9ed8\u8ba4\u597d\u8bc4\u3002"", ""date"": ""2024-03-14"", ""score"": 5, ""commentId"": ""232086848"", ""imgs"": [], ""userNickName"": ""y*8"", ""replyCityName"": """", ""cityName"": """"}, {""author"": ""g*7"", ""content"": ""\u7528\u6237\u672a\u70b9\u8bc4\uff0c\u7cfb\u7edf\u9ed8\u8ba4\u597d\u8bc4\u3002"", ""date"": ""2024-03-07"", ""score"": 5, ""commentId"": ""231835416"", ""imgs"": [], ""userNickName"": ""g*7"", ""replyCityName"": """", ""cityName"": """"}], ""score"": 4.6, ""commentCount"": 600}, ""statusCode"": 200}"
南岭国家森林公园,https://imgs.qunarzz.com/sight/p0/1511/31/31769ddd15fdbb1c90.water.jpg_280x200_62cc93e7.jpg,韶关市,乳源瑶族自治县,韶关市乳源瑶族自治县327县道,593,4.4,在原始森林中穿行,https://piao.qunar.com/ticket/detail_4289972750.html?st=a3clM0QlRTQlQjklQjMlRTYlQkElOTAlRTclOTElQjYlRTYlOTclOEYlRTglODclQUElRTYlQjIlQkIlRTUlOEUlQkYlMjZpZCUzRDU3NiUyNnR5cGUlM0QwJTI2aWR4JTNEMTAlMjZxdCUzRCUyNmFwayUzRDIlMjZzYyUzRFdXVyUyNnVyJTNEJUU0JUI4JUFEJUU1JUIxJUIxJTI2bHIlM0QlRTQlQjglQUQlRTUlQjElQjElMjZmdCUzRCU3QiU3RA%3D%3D#from=mpl_search_suggest,-1.0,4A景区,南岭国家森林公园位于南岭山脉的核心地带。东南距韶关市区70公里，北距坪石镇50公里，东离京珠高速公路大桥出口10公里，面积273平方公里，石坑崆海拔1902米，石韭岭海拨1888米，为广东第二高峰，四周群峰高耸，或崔嵬雄浑。或峭秀丽，分布错落有致，天然巧成。这里深壑幽谷，清溪长流，飞瀑连缀，一瀑一景，绚丽壮观，水极清澈，空气清新，犹如长长的风景画廊，动人心弦。这里有超过二千种的植物，有广东叭一的原始森林，是“南岭和岭南生物我样性物丰之地”，莽莽林海，一望无际，古木参天，松柏苍翠，高山杜鹃，南岭箭竹，奇花异草，珍禽鸟兽，令人赏心悦目。自山脚而上，常绿阔叶林，针阔混交林，高山矮林三个垂直景观景观带各有意趣，尢以古术苍劲，千姿百态的广东松闻名。气候垂直分布十分明显，夏季的南岭是避暑胜地，一山有四季，十里不同天，朝幕之间，瞬息万变，云海日出，壮丽多姿，时有佛光奇景，隐现于彩虹之中，无时不带给游人种种遐想。雄伟的山峰景观，幽静的溪谷景观，秀丽植物景观，幽静的溪谷景观，秀丽的植物景观，神奇的气象景观，有机巧妙地融合为一幅幅怡人美景，春天花山似海，夏天飞瀑流泉，秋天层林尽染，冬天银装素裹……这森林生态旅游胜地时刻欢迎你的到来！,具体营业状态以当天开放情况为准,https://imgs.qunarzz.com/sight/p0/1511/31/31769ddd15fdbb1c90.water.jpg_710x360_4bd6a44e.jpg〇https://qimgs.qunarzz.com/piao_qsight_provider_piao_qsight_web/0105s1200085lrt978195_C_900_504_Q90_Mtg_7.jpg_710x360_aed0a5f9.jpg〇https://imgs.qunarzz.com/sight/p0/201403/07/ca387c34fd9aecdc779c5d8e27035209.jpg_710x360_b9d6b2bd.jpg〇https://imgs.qunarzz.com/sight/p0/201403/07/c8083cc4afbb7e2adda3820989b6f12b.jpg_710x360_5dcd608f.jpg〇https://imgs.qunarzz.com/sight/p0/201403/07/dd79c1a7acb569a68c03f8b6fee2046a.jpg_710x360_5ac57575.jpg〇https://imgs.qunarzz.com/sight/p0/201403/07/35db1e143b0f64138d10bd4b3e65764a.jpg_710x360_c7b5d527.jpg〇https://imgs.qunarzz.com/sight/p0/201403/07/acc49837b50a2947a4f6874ded2f0f22.jpg_710x360_9877be8e.jpg〇https://qimgs.qunarzz.com/piao_qsight_provider_piao_qsight_web/2fe801d896b09.jpg_710x360_83c1a334.jpg〇https://qimgs.qunarzz.com/piao_qsight_provider_piao_qsight_web/4516d434417edb.jpg_710x360_701519a6.jpg〇https://qimgs.qunarzz.com/piao_qsight_provider_piao_qsight_web/0759adcd997da2.jpg_710x360_47fec824.jpg〇https://qimgs.qunarzz.com/piao_qsight_provider_piao_qsight_web/d8a31efa9a50b8.jpg_710x360_0d46a291.jpg〇https://qimgs.qunarzz.com/piao_qsight_provider_piao_qsight_web/ff9103b69157e8.jpg_710x360_b8f2d109.jpg〇https://qimgs.qunarzz.com/piao_qsight_provider_piao_qsight_web/4e02a7b2d4154c.jpg_710x360_fdc68717.jpg〇https://qimgs.qunarzz.com/piao_qsight_provider_piao_qsight_web/1558638895228100c14000000wmqaw3AE1_D_640_10000.jpg_710x360_feac560d.jpg〇https://qimgs.qunarzz.com/piao_qsight_provider_piao_qsight_web/1558638894946100v14000000wv4ue06D1_D_640_10000.jpg_710x360_653d7afd.jpg〇https://qimgs.qunarzz.com/piao_qsight_provider_piao_qsight_web/1550702111545100j11000000r3prm33FE_D_640_10000.jpg_710x360_d5cbf000.jpg〇https://qimgs.qunarzz.com/piao_qsight_provider_piao_qsight_web/1550702111079100811000000r4e972B24_D_640_10000.jpg_710x360_3cbc39e7.jpg〇https://qimgs.qunarzz.com/piao_qsight_provider_piao_qsight_web/1550702110854100i11000000r30q549F1_D_640_10000.jpg_710x360_98360158.jpg〇https://qimgs.qunarzz.com/piao_qsight_provider_piao_qsight_web/989d23ff3aff5502.jpg_710x360_37d43321.jpg〇https://qimgs.qunarzz.com/piao_qsight_provider_piao_qsight_web/8ae7a719164d1102.jpg_710x360_68af6b7e.jpg〇https://qimgs.qunarzz.com/piao_qsight_provider_piao_qsight_web/58f98ecddb6a2202.jpg_710x360_0e198015.jpg〇https://qimgs.qunarzz.com/piao_qsight_provider_piao_qsight_web/514d8e90d7c96b02.jpg_710x360_ea213ab1.jpg〇https://qimgs.qunarzz.com/piao_qsight_provider_piao_qsight_web/4abad9f36de85602.jpg_710x360_cb441d8a.jpg〇https://qimgs.qunarzz.com/piao_qsight_provider_piao_qsight_web/297e7f323263dc02.jpg_710x360_0a30aad4.jpg〇https://qimgs.qunarzz.com/piao_qsight_provider_piao_qsight_web/19856974c39f7102.jpg_710x360_d254a7bf.jpg〇https://qimgs.qunarzz.com/piao_qsight_provider_piao_qsight_web/c35c8ce370398802.jpg_710x360_143f962a.jpg〇https://qimgs.qunarzz.com/piao_qsight_provider_piao_qsight_web/b72e47a4fbf0d402.jpg_710x360_6268c82b.jpg,"{""ret"": true, ""data"": {""tagList"": [{""tagType"": 32, ""tagScore"": 5, ""tagNum"": 5, ""tagName"": ""\u670d\u52a1\u597d""}, {""tagType"": 16, ""tagScore"": 5, ""tagNum"": 13, ""tagName"": ""\u9760\u8c31""}, {""tagType"": 8, ""tagScore"": 5, ""tagNum"": 5, ""tagName"": ""\u4fbf\u5b9c""}, {""tagType"": 4, ""tagScore"": 5, ""tagNum"": 20, ""tagName"": ""\u53d6\u7968\u65b9\u4fbf""}, {""tagType"": 3, ""tagScore"": 5, ""tagNum"": 6, ""tagName"": ""\u5dee\u8bc4""}, {""tagType"": 2, ""tagScore"": 5, ""tagNum"": 21, ""tagName"": ""\u4e2d\u8bc4""}, {""tagType"": 1, ""tagScore"": 5, ""tagNum"": 528, ""tagName"": ""\u597d\u8bc4""}, {""tagType"": 0, ""tagScore"": 5, ""tagNum"": 593, ""tagName"": ""\u5168\u90e8""}], ""commentList"": [{""author"": ""\u53bb*\u6237"", ""content"": ""\u4e73\u6e90\u5357\u5cad\u56fd\u5bb6\u68ee\u6797\u516c\u56ed2018\u5e744\u670823\u65e5\u5c31\u5168\u9762\u5173\u505c\u4e86\u3002"", ""date"": ""2023-02-01"", ""score"": 2, ""commentId"": ""224005837"", ""imgs"": [], ""userNickName"": ""\u53bb*\u6237"", ""replyCityName"": """", ""cityName"": ""\u5e7f\u4e1c""}, {""author"": ""\u53bb*\u6237"", ""content"": ""\u7528\u6237\u672a\u70b9\u8bc4\uff0c\u7cfb\u7edf\u9ed8\u8ba4\u597d\u8bc4\u3002"", ""date"": ""2022-01-21"", ""score"": 5, ""commentId"": ""221743672"", ""imgs"": [], ""userNickName"": ""\u53bb*\u6237"", ""replyCityName"": """", ""cityName"": """"}, {""author"": ""n*4"", ""content"": ""\u7528\u6237\u672a\u70b9\u8bc4\uff0c\u7cfb\u7edf\u9ed8\u8ba4\u597d\u8bc4\u3002"", ""date"": ""2022-01-11"", ""score"": 5, ""commentId"": ""221710463"", ""imgs"": [], ""userNickName"": ""n*4"", ""replyCityName"": """", ""cityName"": """"}, {""author"": ""\u53bb*\u6237"", ""content"": ""\u7528\u6237\u672a\u70b9\u8bc4\uff0c\u7cfb\u7edf\u9ed8\u8ba4\u597d\u8bc4\u3002"", ""date"": ""2021-11-17"", ""score"": 5, ""commentId"": ""221466443"", ""imgs"": [], ""userNickName"": ""\u53bb*\u6237"", ""replyCityName"": """", ""cityName"": """"}, {""author"": ""s*5"", ""content"": ""\u7528\u6237\u672a\u70b9\u8bc4\uff0c\u7cfb\u7edf\u9ed8\u8ba4\u597d\u8bc4\u3002"", ""date"": ""2021-11-15"", ""score"": 5, ""commentId"": ""221444510"", ""imgs"": [], ""userNickName"": ""s*5"", ""replyCityName"": """", ""cityName"": """"}, {""author"": ""m*2"", ""content"": ""\u7528\u6237\u672a\u70b9\u8bc4\uff0c\u7cfb\u7edf\u9ed8\u8ba4\u597d\u8bc4\u3002"", ""date"": ""2020-02-27"", ""score"": 5, ""commentId"": ""214371522"", ""imgs"": [], ""userNickName"": ""m*2"", ""replyCityName"": """", ""cityName"": """"}, {""author"": ""t*8"", ""content"": ""\u7528\u6237\u672a\u70b9\u8bc4\uff0c\u7cfb\u7edf\u9ed8\u8ba4\u597d\u8bc4\u3002"", ""date"": ""2020-02-10"", ""score"": 5, ""commentId"": ""214241857"", ""imgs"": [], ""userNickName"": ""t*8"", ""replyCityName"": """", ""cityName"": """"}, {""author"": ""\u72ec*\u8005"", ""content"": ""\u5357\u5cad\u56fd\u5bb6\u68ee\u6797\u516c\u56ed\u662f\u5e7f\u4e1c\u7701\u6700\u5927\u7684\u81ea\u7136\u4fdd\u62a4\u533a\uff0c\u662f\u73cd\u7a00\u52a8\u690d\u7269\u5b9d\u5e93\u3002\u516c\u56ed\u4f4d\u4e8e\u5357\u5cad\u5c71\u8109\u7684\u6838\u5fc3\uff0c\u5728\u4e73\u6e90\u7476\u65cf\u81ea\u6cbb\u53bf\u4e0e\u6e56\u5357\u7701\u4ea4\u754c\u5730\u5e26\u3002\u4e1c\u5357\u8ddd\u97f6\u5173\u5e02\u533a70\u516c\u91cc\uff0c\u5317\u8ddd\u576a\u77f3\u954750\u516c\u91cc\uff0c\u4e1c\u79bb\u4eac\u73e0\u9ad8\u901f\u516c\u8def\u5927\u6865\u51fa\u53e310\u516c\u91cc\uff0c\u9762\u79ef273\u5e73\u65b9\u516c\u91cc\u3002 \u8fd9\u91cc\u6709\u8d85\u8fc7\u4e8c\u5343\u79cd\u7684\u690d\u7269\uff0c\u6709\u5e7f\u4e1c\u552f\u4e00\u7684\u539f\u59cb\u68ee\u6797\u3002\u5b83\u662f1993\u5e74\u7ecf\u6797\u4e1a\u90e8\u6279\u51c6\u6210\u7acb\u7684\uff0c\u662f\u4e2d\u56fd\u4e9a\u70ed\u5e26\u7eff\u9614\u53f6\u6797\u4e2d\u5fc3\u5730\u5e26\uff0c\u8fd9\u91cc\u5927\u7247\u539f\u59cb\u68ee\u6797\u4fdd\u5b58\u7740\u6700\u5b8c\u6574\u7684\u81ea\u7136\u751f\u6001\u7cfb\u7edf"", ""date"": ""2019-05-21"", ""score"": 3, ""commentId"": ""210483470"", ""imgs"": [{""small"": ""https://mp-commentcp.qunarzz.com/mp_comment_mp_comment/1558638894946100v14000000wv4ue06D1_D_640_10000.jpg_120x120_efe8c476.jpg"", ""title"": """", ""big"": ""https://mp-commentcp.qunarzz.com/mp_comment_mp_comment/1558638894946100v14000000wv4ue06D1_D_640_10000.jpg""}, {""small"": ""https://mp-commentcp.qunarzz.com/mp_comment_mp_comment/1558638895228100c14000000wmqaw3AE1_D_640_10000.jpg_120x120_aac3846f.jpg"", ""title"": """", ""big"": ""https://mp-commentcp.qunarzz.com/mp_comment_mp_comment/1558638895228100c14000000wmqaw3AE1_D_640_10000.jpg""}, {""small"": ""https://mp-commentcp.qunarzz.com/mp_comment_mp_comment/1558638895398100j14000000wjlno9867_D_640_10000.jpg_120x120_9c2df267.jpg"", ""title"": """", ""big"": ""https://mp-commentcp.qunarzz.com/mp_comment_mp_comment/1558638895398100j14000000wjlno9867_D_640_10000.jpg""}], ""userNickName"": ""\u72ec*\u8005"", ""replyCityName"": """", ""cityName"": """"}, {""author"": ""_*0"", ""content"": ""\u95e8\u7968\u516b\u5341\u5143\u4e00\u5f20\uff0c\u6211\u4eec\u521a\u5230\u552e\u7968\u5904\uff0c\u552e\u7968\u5458\u95ee\u6211\u4eec\u5e26\u5b66\u751f\u8bc1\u6ca1\u6709\uff0c\u5b66\u751f\u534a\u7968\uff0c\u53ef\u628a\u6211\u4e50\u574f\u4e86\uff0c\u7ed3\u679c\u770b\u4e86\u4e0b\u540c\u4f34\u8bf4\uff5e\u80e1\u5b50\u90fd\u8fd9\u4e48\u957f\u8fd8\u5b66\u751f\uff1f\u54c8\u54c8\u95e8\u53e3\u5f88\u591a\u672c\u5730\u53f8\u673a\uff0c\u56e0\u4e3a\u4e4b\u524d\u5728\u7f51\u4e0a\u6709\u770b\u8fc7\u8fd9\u4e9b\u6d88\u606f\uff0c\u89c9\u5f97\u6709\u5751\uff0c\u4ed6\u4eec\u8bf4\u4e0a\u53bb120\uff0c\u6211\u4eec\u90fd\u6ca1\u7406\uff0c\u4e0d\u8fc7\u8fd8\u662f\u51fa\u4e8e\u793c\u8c8c\u591a\u7559\u4e86\u4e2a\u53f7\u7801\uff0c\u552e\u7968\u5927\u59d0\u633a\u597d\uff0c\u89c1\u6211\u6709\u5f00\u8f66\uff0c\u786c\u662f\u8ba9\u6211\u81ea\u5df1\u5f00\u8f66\uff0c\u672c\u6765\u4e0d\u60f3\u5f00\u8f66\uff0c\u90fd\u4e0a\u4e86\u73ed\u8f66\uff0c\u540e\u6765\u56de\u60f3\u8fd8\u597d\u542c\u4e86\u5979\u7684\u8bdd\uff5e\u5927\u8d5e\uff0c\u8fd8\u7279\u610f\u544a\u8bc9\u6211\u4eec\u600e\u4e48\u8d70\uff0c\u600e\u4e48\u5750\u56ed\u5185\u8f66\uff0c\u5199\u5728\u7eb8\u4e0a\uff0c\u53ef\u80fd\u6211\u7684\u5a03\u5a03\u8138\u592a\u4e25\u91cd\u8ba9\u5979\u6709\u70b9\u5f88\u4e0d\u653e\u5fc3\uff01          \u6211\u4eec\u5f00\u8f66\u505c\u5728\u7011\u5e03\u7fa4\u5165\u53e3\uff0c\u5c31\u51c6\u5907\u594b\u6597\u4e86\uff0c\u8d70\u4e86\u4e24\u4e2a\u591a\u5c0f\u65f6\u624d\u5230\u7011\u5e03\u7fa4\u51fa\u53e3\uff0c\u53ef\u80fd\u6211\u4eec\u8fb9\u73a9\u8fb9\u8d70\u5f88\u6162\uff0c\u8fd9\u671f\u95f4\u53ea\u662f\u5076\u5c14\u78b0\u5230\u51e0\u4e2a\u4e0b\u5c71\u7684\uff0c\u5e94\u8be5\u90fd\u6ca1\u51e0\u4e2a\u4eba\u722c\u5c71\uff0c\u51fa\u53e3\u65f6\u4e00\u51fa\u6765\u78b0\u5230\u51e0\u4e2a\u5916\u56fd\u4eba\uff0c\u8fd8\u628a\u6211\u5413\u4e00\u8df3\uff0c\u4ed6\u4eec\u7ed9\u6211\u4eec\u70b9\u8d5e\uff0c\u7011\u5e03\u7fa4\u7a7a\u6c14\u975e\u5e38\u597d\uff0c\u6e7f\u5ea6\u5f88\u9ad8\uff0c\u6709\u51e0\u5341\u79cd\u82d4\u7663\u690d\u88ab\uff0c\u6211\u559c\u6b22\u5fae\u89c2\u4e16\u754c\uff0c\u6240\u4ee5\u62cd\u4e86\u5f88\u591a\u7167\u7247\uff0c\u7a0d\u505a\u4fee\u6574\u6211\u4eec\u5c31\u7ee7\u7eed\u53bb\u5c0f\u9ec4\u5c71\uff0c\u5dee\u4e0d\u591a\u4e09\u70b9\u591a\u624d\u5230\u9876\uff0c\u53ea\u80fd\u8bf4\u8fd9\u91cc\u9002\u5408\u57ce\u5e02\u55a7\u56a3\u540e\u60f3\u8981\u627e\u4e00\u4e2a\u5b89\u9759\u7684\u5730\u65b9\u7684\u4eba\uff0c\u7a7a\u6c14\u597d\uff0c\u4fe1\u53f7\u5f31\uff0c\u722c\u5c71\u5f88\u8f9b\u82e6\uff0c\u56de\u6765\u65f6\u5b9e\u5728\u8d70\u4e0d\u52a8\uff0c\u56e0\u4e3a\u6211\u4eec\u4e0b\u5c71\u65f6\u9047\u5230\u4e86\u5de5\u4f5c\u4eba\u5458\u4e0a\u5c71\uff0c\u6211\u5c31\u95ee\u4e86\u4e0b\u600e\u4e48\u5750\u8f66\uff0c\u540e\u6765\u5230\u7b49\u8f66\u70b9\u6211\u4eec\u4e24\u4e2a\u90fd\u8d70\u4e0d\u52a8\u4e86\uff0c\u5750\u5728\u4f11\u95f2\u6905\u7b49\u8f66\u55d1\u74dc\u5b50\uff0c\u89c1\u4e00\u8f86\u4f20\u5947\uff5e\u65b0\u80fd\u6e90\u7684\u8f66\u6162\u6162\u8d70\u8fc7\uff0c\u540e\u6765\u53c8\u505c\u4e0b\u5012\u8d70\uff0c\u540e\u6765\u624d\u77e5\u9053\u4ed6\u662f\u514d\u8d39\u642d\u4e58\u6211\u4eec\u6240\u4ee5\u8fd9\u91cc\u5c71\u7f8e\u6c34\u7f8e\u4eba\u4e5f\u7f8e\uff0c\u665a\u4e0a\u56de\u6765\u5728\u9152\u5e97\u7f8e\u7f8e\u7684\u5403\u4e00\u987f\uff0c\u7136\u540e\u53bb\u6ce1\u4e2a\u6e29\u6cc9\u8d85\u7ea7\u8212\u670d\uff0c\u7b2c\u4e8c\u5929\u4e03\u70b9\u542c\u7740\u9e1f\u53eb\u5f88\u5b89\u5fc3\uff0c\u4eca\u5929\u51c6\u5907\u56de\u4f5b\u5c71\u518d\u53bb\u73bb\u7483\u6865\uff0c\u6628\u5929\u6ce1\u6e29\u6cc9\u8ba4\u8bc6\u7684\u6df1\u5733\u5927\u59d0\u8bf4\u73af\u5883\u8d85\u597d\uff01\u597d\u4e86\u6211\u89c9\u5f97\u8fd9\u91cc\u503c\u5f97\u6765\uff0c\u5b89\u9759\uff0c\u7a7a\u6c14\u597d\uff01\u9152\u5e97\u4e5f\u5f88\u8212\u670d\uff0c\u5e8a\u5f88\u8f6f\uff0c\u8fde\u9a6c\u6876\u90fd\u662f\u667a\u80fd"", ""date"": ""2018-04-05"", ""score"": 5, ""commentId"": ""205798862"", ""imgs"": [{""small"": ""https://imgs.qunarzz.com/p/tts6/1804/81/6a81df6879ceeb02.jpg_120x120_0b6152e0.jpg"", ""title"": """", ""big"": ""https://imgs.qunarzz.com/p/tts6/1804/81/6a81df6879ceeb02.jpg""}, {""small"": ""https://imgs.qunarzz.com/p/tts6/1804/8b/69dfe520860f0602.jpg_120x120_4ee83132.jpg"", ""title"": """", ""big"": ""https://imgs.qunarzz.com/p/tts6/1804/8b/69dfe520860f0602.jpg""}, {""small"": ""https://imgs.qunarzz.com/p/tts8/1804/b7/5e1775a804459102.jpg_120x120_cbd14e0e.jpg"", ""title"": """", ""big"": ""https://imgs.qunarzz.com/p/tts8/1804/b7/5e1775a804459102.jpg""}, {""small"": ""https://imgs.qunarzz.com/p/tts7/1804/88/8bccb6273c71e602.jpg_120x120_a0b277d4.jpg"", ""title"": """", ""big"": ""https://imgs.qunarzz.com/p/tts7/1804/88/8bccb6273c71e602.jpg""}, {""small"": ""https://imgs.qunarzz.com/p/tts3/1804/ff/625eb4e9812d4f02.jpg_120x120_b477928e.jpg"", ""title"": """", ""big"": ""https://imgs.qunarzz.com/p/tts3/1804/ff/625eb4e9812d4f02.jpg""}, {""small"": ""https://imgs.qunarzz.com/p/tts4/1804/78/f796bdaf86fb4b02.jpg_120x120_1217a744.jpg"", ""title"": """", ""big"": ""https://imgs.qunarzz.com/p/tts4/1804/78/f796bdaf86fb4b02.jpg""}, {""small"": ""https://imgs.qunarzz.com/p/tts9/1804/8e/4b3c5fca62ee6b02.jpg_120x120_be1fb17a.jpg"", ""title"": """", ""big"": ""https://imgs.qunarzz.com/p/tts9/1804/8e/4b3c5fca62ee6b02.jpg""}, {""small"": ""https://imgs.qunarzz.com/p/tts4/1804/92/b7ccc378ab1a2b02.jpg_120x120_85357863.jpg"", ""title"": """", ""big"": ""https://imgs.qunarzz.com/p/tts4/1804/92/b7ccc378ab1a2b02.jpg""}, {""small"": ""https://imgs.qunarzz.com/p/tts9/1804/10/bc39d4311afa2002.jpg_120x120_a91e85e4.jpg"", ""title"": """", ""big"": ""https://imgs.qunarzz.com/p/tts9/1804/10/bc39d4311afa2002.jpg""}, {""small"": ""https://imgs.qunarzz.com/p/tts8/1804/6d/b1de177cc1142402.jpg_120x120_226f8552.jpg"", ""title"": """", ""big"": ""https://imgs.qunarzz.com/p/tts8/1804/6d/b1de177cc1142402.jpg""}, {""small"": ""https://imgs.qunarzz.com/p/tts1/1804/33/538a81a44e8e0b02.jpg_120x120_6125d47e.jpg"", ""title"": """", ""big"": ""https://imgs.qunarzz.com/p/tts1/1804/33/538a81a44e8e0b02.jpg""}, {""small"": ""https://imgs.qunarzz.com/p/tts8/1804/16/09b6b11980a4ce02.jpg_120x120_17751010.jpg"", ""title"": """", ""big"": ""https://imgs.qunarzz.com/p/tts8/1804/16/09b6b11980a4ce02.jpg""}, {""small"": ""https://imgs.qunarzz.com/p/tts8/1804/3b/b72e47a4fbf0d402.jpg_120x120_0ff4c3ee.jpg"", ""title"": """", ""big"": ""https://imgs.qunarzz.com/p/tts8/1804/3b/b72e47a4fbf0d402.jpg""}, {""small"": ""https://imgs.qunarzz.com/p/tts3/1804/85/c35c8ce370398802.jpg_120x120_ea7a73e8.jpg"", ""title"": """", ""big"": ""https://imgs.qunarzz.com/p/tts3/1804/85/c35c8ce370398802.jpg""}, {""small"": ""https://imgs.qunarzz.com/p/tts8/1804/43/19856974c39f7102.jpg_120x120_82996fb9.jpg"", ""title"": """", ""big"": ""https://imgs.qunarzz.com/p/tts8/1804/43/19856974c39f7102.jpg""}], ""userNickName"": ""_*0"", ""replyCityName"": """", ""cityName"": """"}, {""author"": ""\u5c0f*\u516d"", ""content"": ""\u7528\u6237\u672a\u70b9\u8bc4\uff0c\u7cfb\u7edf\u9ed8\u8ba4\u597d\u8bc4\u3002"", ""date"": ""2019-11-10"", ""score"": 5, ""commentId"": ""213351221"", ""imgs"": [], ""userNickName"": ""\u5c0f*\u516d"", ""replyCityName"": """", ""cityName"": """"}], ""score"": 4.4, ""commentCount"": 593}, ""statusCode"": 200}"
王龙寨丛林越野俱乐部,https://imgs.qunarzz.com/sight/p0/2210/ab/abaa1f16745c02a2a3.img.jpg_280x200_c8b784b5.jpg,韶关市,浈江区,广东省韶关市浈江区十里亭镇腊石村委破下底,-1,-1.0,没有驾驶证也可以开的山地越野四驱车，全套护具。另外还有越野服装，拍个帅气的视频照片,https://piao.qunar.com/ticket/detail_1484980612.html?st=a3clM0QlRTYlQjUlODglRTYlQjElOUYlRTUlOEMlQkElMjZpZCUzRDUxNzYyNyUyNnR5cGUlM0QwJTI2aWR4JTNENiUyNnF0JTNEJTI2YXBrJTNEMiUyNnNjJTNEV1dXJTI2dXIlM0QlRTQlQjglQUQlRTUlQjElQjElMjZsciUzRCVFNCVCOCVBRCVFNSVCMSVCMSUyNmZ0JTNEJTdCJTdE#from=mpl_search_suggest,238.0,N/A,没有驾驶证也可以开的山地越野四驱车，全套护具。另外还有越野服装，拍个帅气的视频照片,9:00-18:00,https://imgs.qunarzz.com/sight/p0/2210/ab/abaa1f16745c02a2a3.img.jpg_710x360_b5474088.jpg〇https://imgs.qunarzz.com/sight/p0/2210/ff/ff665f65b009354ea3.img.jpg_710x360_8defbe80.jpg〇https://imgs.qunarzz.com/sight/p0/2210/29/2997809695b65426a3.img.jpg_710x360_41e3c816.jpg,"{""ret"": true, ""data"": {""tagList"": [{""tagType"": 0, ""tagScore"": 5, ""tagNum"": 0, ""tagName"": ""\u5168\u90e8""}], ""score"": 0.0, ""commentCount"": 0}, ""statusCode"": 200}"
九泷十八滩漂流,https://imgs.qunarzz.com/sight/p0/201301/16/4485d48afa3f747693835fbb.jpg_280x200_c67b5c40.jpg,韶关市,乐昌市,广东省韶关乐昌市坪石镇金鸡山北路153号,1,5.0,山青水秀，风景旖旎，河道蜿蜒，水流端急,https://piao.qunar.com/ticket/detail_521307915.html?st=a3clM0QlRTQlQjklOTAlRTYlOTglOEMlRTUlQjglODIlMjZpZCUzRDU4NDYlMjZ0eXBlJTNEMCUyNmlkeCUzRDYlMjZxdCUzRCUyNmFwayUzRDIlMjZzYyUzRFdXVyUyNnVyJTNEJUU0JUI4JUFEJUU1JUIxJUIxJTI2bHIlM0QlRTQlQjglQUQlRTUlQjElQjElMjZmdCUzRCU3QiU3RA%3D%3D#from=mpl_search_suggest,-1.0,N/A,九泷十八滩位于北江上游的坪石金鸡岭至乐昌县城之间的武江河段，又叫乐昌峡，全长六十多公里。所谓九泷，指的是龙湖，新泷、垂泷等九条。所谓十八滩，指的是切玉滩，三层滩、和尚滩、蓑衣笠麻滩等十八个。整个九泷十八滩，山青水秀，风景旖旎，河道蜿蜒，水流端急，是惊泷和百忙泷之间，河道被大山挤压，仅容得条小船通过，这里水急似吼声如雷，令人惊心动魄，江心有上百个形似雄鸡的崖，古木参天，藤蔓缕缠，满山遍野的杨梅树枝丫婆娑，犹如一幅苍劲的国画。,暂无,https://imgs.qunarzz.com/sight/p0/201301/16/4485d48afa3f747693835fbb.jpg_710x360_7299e28f.jpg〇https://imgs.qunarzz.com/sight/p0/201301/16/97cd6d53a35db7b593835fbb.jpg_710x360_0d8907fa.jpg〇https://imgs.qunarzz.com/sight/p0/201301/16/91e0b019d8c1372b93835fbb.jpg_710x360_42d65fc7.jpg〇https://imgs.qunarzz.com/sight/p0/201301/16/dbd4c927f5db6e9f93835fbb.jpg_710x360_75ad378d.jpg〇https://qimgs.qunarzz.com/piao_qsight_provider_piao_qsight_web/0b748e9e32f5ce.jpg_710x360_9a5ee8fb.jpg,"{""ret"": true, ""data"": {""tagList"": [{""tagType"": 1, ""tagScore"": 5, ""tagNum"": 1, ""tagName"": ""\u597d\u8bc4""}, {""tagType"": 0, ""tagScore"": 5, ""tagNum"": 1, ""tagName"": ""\u5168\u90e8""}], ""commentList"": [{""author"": ""n*6"", ""content"": ""\u521a\u521a\u624d\u767b\u9646\u3002\u8fd8\u4e0d\u662f\u5f88\u4e86\u89e3\u3002\u5230\u65f6\u5019\u5b8c\u4e86\u624d\u77e5\u9053\u3002"", ""date"": ""2016-07-10"", ""score"": 5, ""commentId"": ""121572979"", ""imgs"": [], ""userNickName"": ""n*6"", ""replyCityName"": """", ""cityName"": """"}], ""score"": 5.0, ""commentCount"": 1}, ""statusCode"": 200}"
乐昌市白水寨生态园,https://qimgs.qunarzz.com/piao_qsight_provider_piao_qsight_web/1lo1u12000av40y3c31C3_C_900_504.png_280x200_9fa2050a.png,韶关市,乐昌市,广东省韶关市乐昌市田螺坑,-1,-1.0,生态园被竹木环绕，风景优美，景区内有瀑布观赏区和竹林观赏区等五个*能区，瀑布观赏区里有6个天然的瀑布，场面十分壮观。,https://piao.qunar.com/ticket/detail_1880508681.html?st=a3clM0QlRTQlQjklOTAlRTYlOTglOEMlRTUlQjglODIlMjZpZCUzRDUxNTA5NyUyNnR5cGUlM0QwJTI2aWR4JTNENSUyNnF0JTNEJTI2YXBrJTNEMiUyNnNjJTNEV1dXJTI2dXIlM0QlRTQlQjglQUQlRTUlQjElQjElMjZsciUzRCVFNCVCOCVBRCVFNSVCMSVCMSUyNmZ0JTNEJTdCJTdE#from=mpl_search_suggest,45.0,N/A,生态园被竹木环绕，风景优美，景区内有瀑布观赏区和竹林观赏区等五个*能区，瀑布观赏区里有6个天然的瀑布，场面十分壮观。,1/1-12/31；周一至周日；08:00-19:00开园；（18:30停止入园）,https://qimgs.qunarzz.com/piao_qsight_provider_piao_qsight_web/1lo1u12000av40y3c31C3_C_900_504.png_710x360_ee300834.png〇https://qimgs.qunarzz.com/piao_qsight_provider_piao_qsight_web/1lo1u12000av40y3c31C3_C_900_504_Q90_Mtg_7.png_710x360_aa2ef647.png,"{""ret"": true, ""data"": {""tagList"": [{""tagType"": 0, ""tagScore"": 5, ""tagNum"": 0, ""tagName"": ""\u5168\u90e8""}], ""score"": 0.0, ""commentCount"": 0}, ""statusCode"": 200}"
万亩红豆杉基地,https://mp-piao-admincp.qunarzz.com/mp_piao_admin_mp_piao_admin/admin/20217/30d54820c6727b9958d585769ab3c5c2.png_280x200_7ef61cce.png,韶关市,乐昌市,广东省韶关市乐昌市白石镇富村村委会,-1,-1.0,N/A,https://piao.qunar.com/ticket/detail_785457444.html?st=a3clM0QlRTQlQjklOTAlRTYlOTglOEMlRTUlQjglODIlMjZpZCUzRDUzNDk2NSUyNnR5cGUlM0QwJTI2aWR4JTNENCUyNnF0JTNEJTI2YXBrJTNEMiUyNnNjJTNEV1dXJTI2dXIlM0QlRTQlQjglQUQlRTUlQjElQjElMjZsciUzRCVFNCVCOCVBRCVFNSVCMSVCMSUyNmZ0JTNEJTdCJTdE#from=mpl_search_suggest,19.9,N/A,N/A,1/1-12/31；周一至周日；09:00-18:00开园,https://mp-piao-admincp.qunarzz.com/mp_piao_admin_mp_piao_admin/admin/20217/30d54820c6727b9958d585769ab3c5c2.png_710x360_c2302e12.png,"{""ret"": true, ""data"": {""tagList"": [{""tagType"": 0, ""tagScore"": 5, ""tagNum"": 0, ""tagName"": ""\u5168\u90e8""}], ""score"": 0.0, ""commentCount"": 0}, ""statusCode"": 200}"
龙王潭生态旅游区,https://qimgs.qunarzz.com/piao_qsight_provider_piao_qsight_web/0102l120008ov1ri2063F_C_900_504.jpg_280x200_3f7b94b9.jpg,韶关市,乐昌市,韶关市乐昌市廊田镇龙山村648乡道,151,4.7,青山高耸，潭瀑成群,https://piao.qunar.com/ticket/detail_3038867742.html?st=a3clM0QlRTQlQjklOTAlRTYlOTglOEMlRTUlQjglODIlMjZpZCUzRDM1NDA2JTI2dHlwZSUzRDAlMjZpZHglM0QzJTI2cXQlM0QlMjZhcGslM0QyJTI2c2MlM0RXV1clMjZ1ciUzRCVFNCVCOCVBRCVFNSVCMSVCMSUyNmxyJTNEJUU0JUI4JUFEJUU1JUIxJUIxJTI2ZnQlM0QlN0IlN0Q%3D#from=mpl_search_suggest,50.0,N/A,龙王潭（藏语日鲁康）是拉萨著名的园林建筑之一。园林中心有一面积较大的潭水,1/1-12/31；周一至周日；09:00-17:00开园,https://qimgs.qunarzz.com/piao_qsight_provider_piao_qsight_web/0102l120008ov1ri2063F_C_900_504.jpg_710x360_919c8122.jpg〇https://qimgs.qunarzz.com/piao_qsight_provider_piao_qsight_web/0102l120008ov1ri2063F_C_900_504_Q90_Mtg_7.jpg_710x360_554af851.jpg〇https://imgs.qunarzz.com/sight/p0/201301/06/085a09ac32f3c99d93835fbb.png_710x360_1d7b32f6.png〇https://imgs.qunarzz.com/sight/p0/201301/06/a395a35f761d876393835fbb.png_710x360_eb0e130a.png〇https://imgs.qunarzz.com/sight/p0/201301/06/025387f2a7675f7a93835fbb.png_710x360_6e16ba04.png〇https://imgs.qunarzz.com/sight/p0/201301/06/98d21497029b15db93835fbb.png_710x360_18223efe.png,"{""ret"": true, ""data"": {""tagList"": [{""tagType"": 32, ""tagScore"": 5, ""tagNum"": 1, ""tagName"": ""\u670d\u52a1\u597d""}, {""tagType"": 16, ""tagScore"": 5, ""tagNum"": 1, ""tagName"": ""\u9760\u8c31""}, {""tagType"": 8, ""tagScore"": 5, ""tagNum"": 1, ""tagName"": ""\u4fbf\u5b9c""}, {""tagType"": 4, ""tagScore"": 5, ""tagNum"": 1, ""tagName"": ""\u53d6\u7968\u65b9\u4fbf""}, {""tagType"": 3, ""tagScore"": 5, ""tagNum"": 3, ""tagName"": ""\u5dee\u8bc4""}, {""tagType"": 2, ""tagScore"": 5, ""tagNum"": 4, ""tagName"": ""\u4e2d\u8bc4""}, {""tagType"": 1, ""tagScore"": 5, ""tagNum"": 141, ""tagName"": ""\u597d\u8bc4""}, {""tagType"": 0, ""tagScore"": 5, ""tagNum"": 151, ""tagName"": ""\u5168\u90e8""}], ""commentList"": [{""author"": ""\u8201*f"", ""content"": ""\u7528\u6237\u672a\u70b9\u8bc4\uff0c\u7cfb\u7edf\u9ed8\u8ba4\u597d\u8bc4\u3002"", ""date"": ""2024-12-03"", ""score"": 5, ""commentId"": ""239077203"", ""imgs"": [], ""userNickName"": ""\u8201*f"", ""replyCityName"": """", ""cityName"": """"}, {""author"": ""j*0"", ""content"": ""\u7528\u6237\u672a\u70b9\u8bc4\uff0c\u7cfb\u7edf\u9ed8\u8ba4\u597d\u8bc4\u3002"", ""date"": ""2024-11-04"", ""score"": 5, ""commentId"": ""238423060"", ""imgs"": [], ""userNickName"": ""j*0"", ""replyCityName"": """", ""cityName"": """"}, {""author"": ""\u53bb*\u6237"", ""content"": ""\u7528\u6237\u672a\u70b9\u8bc4\uff0c\u7cfb\u7edf\u9ed8\u8ba4\u597d\u8bc4\u3002"", ""date"": ""2024-11-04"", ""score"": 5, ""commentId"": ""238401630"", ""imgs"": [], ""userNickName"": ""\u53bb*\u6237"", ""replyCityName"": """", ""cityName"": """"}, {""author"": ""\u53bb*\u6237"", ""content"": ""\u7528\u6237\u672a\u70b9\u8bc4\uff0c\u7cfb\u7edf\u9ed8\u8ba4\u597d\u8bc4\u3002"", ""date"": ""2024-11-04"", ""score"": 5, ""commentId"": ""238393999"", ""imgs"": [], ""userNickName"": ""\u53bb*\u6237"", ""replyCityName"": """", ""cityName"": """"}, {""author"": ""l*7"", ""content"": ""\u7528\u6237\u672a\u70b9\u8bc4\uff0c\u7cfb\u7edf\u9ed8\u8ba4\u597d\u8bc4\u3002"", ""date"": ""2024-11-01"", ""score"": 5, ""commentId"": ""237971219"", ""imgs"": [], ""userNickName"": ""l*7"", ""replyCityName"": """", ""cityName"": """"}, {""author"": ""a*8"", ""content"": ""\u7528\u6237\u672a\u70b9\u8bc4\uff0c\u7cfb\u7edf\u9ed8\u8ba4\u597d\u8bc4\u3002"", ""date"": ""2024-09-08"", ""score"": 5, ""commentId"": ""236459778"", ""imgs"": [], ""userNickName"": ""a*8"", ""replyCityName"": """", ""cityName"": """"}, {""author"": ""\u53bb*\u6237"", ""content"": ""\u7528\u6237\u672a\u70b9\u8bc4\uff0c\u7cfb\u7edf\u9ed8\u8ba4\u597d\u8bc4\u3002"", ""date"": ""2024-09-08"", ""score"": 5, ""commentId"": ""236444590"", ""imgs"": [], ""userNickName"": ""\u53bb*\u6237"", ""replyCityName"": """", ""cityName"": """"}, {""author"": ""c*3"", ""content"": ""\u7528\u6237\u672a\u70b9\u8bc4\uff0c\u7cfb\u7edf\u9ed8\u8ba4\u597d\u8bc4\u3002"", ""date"": ""2024-08-14"", ""score"": 5, ""commentId"": ""235500709"", ""imgs"": [], ""userNickName"": ""c*3"", ""replyCityName"": """", ""cityName"": """"}, {""author"": ""\u53bb*\u6237"", ""content"": ""\u7528\u6237\u672a\u70b9\u8bc4\uff0c\u7cfb\u7edf\u9ed8\u8ba4\u597d\u8bc4\u3002"", ""date"": ""2024-08-03"", ""score"": 5, ""commentId"": ""235194669"", ""imgs"": [], ""userNickName"": ""\u53bb*\u6237"", ""replyCityName"": """", ""cityName"": """"}, {""author"": ""\u738b*\u5a46"", ""content"": ""\u7528\u6237\u672a\u70b9\u8bc4\uff0c\u7cfb\u7edf\u9ed8\u8ba4\u597d\u8bc4\u3002"", ""date"": ""2023-11-27"", ""score"": 5, ""commentId"": ""230472176"", ""imgs"": [], ""userNickName"": ""\u738b*\u5a46"", ""replyCityName"": """", ""cityName"": """"}], ""score"": 4.7, ""commentCount"": 151}, ""statusCode"": 200}"
古佛洞天,https://qimgs.qunarzz.com/piao_qsight_provider_piao_qsight_web/0104m12000f6qjtk73F63_C_900_504.jpg_280x200_70b4e0e5.jpg,韶关市,乐昌市,韶关市乐昌市乐广高速入口(南郊5公里处),121,4.6,因洞内石群形似仙佛而得名,https://piao.qunar.com/ticket/detail_1977533435.html?st=a3clM0QlRTQlQjklOTAlRTYlOTglOEMlRTUlQjglODIlMjZpZCUzRDEzMjI3JTI2dHlwZSUzRDAlMjZpZHglM0QxJTI2cXQlM0QlMjZhcGslM0QyJTI2c2MlM0RXV1clMjZ1ciUzRCVFNCVCOCVBRCVFNSVCMSVCMSUyNmxyJTNEJUU0JUI4JUFEJUU1JUIxJUIxJTI2ZnQlM0QlN0IlN0Q%3D#from=mpl_search_suggest,30.0,4A景区,"古佛洞天,因洞内的石笋和钟乳石，形状如仙似佛，前人在洞内安放过佛像，在洞口又建有佛寺而得名。它位于乐昌市城西南5公里处。",1/1-12/31；周一至周日；08:30-17:00开园,https://qimgs.qunarzz.com/piao_qsight_provider_piao_qsight_web/0104m12000f6qjtk73F63_C_900_504.jpg_710x360_5650591a.jpg〇https://qimgs.qunarzz.com/piao_qsight_provider_piao_qsight_web/0104m12000f6qjtk73F63_C_900_504_Q90_Mtg_7.jpg_710x360_ae1ab90d.jpg〇https://qimgs.qunarzz.com/piao_qsight_provider_piao_qsight_web/350g12000000sik7fA59C_C_900_504_Q90_Mtg_7.jpg_710x360_073684af.jpg〇https://qimgs.qunarzz.com/piao_qsight_provider_piao_qsight_web/350f12000000shw0t0146_C_900_504_Q90_Mtg_7.jpg_710x360_f4956de6.jpg〇https://qimgs.qunarzz.com/piao_qsight_provider_piao_qsight_web/350a12000000sj6ur4DAE_C_900_504_Q90_Mtg_7.jpg_710x360_16fd068b.jpg〇https://qimgs.qunarzz.com/piao_qsight_provider_piao_qsight_web/350g12000000sik7dC55E_C_900_504_Q90_Mtg_7.jpg_710x360_737ad940.jpg〇https://qimgs.qunarzz.com/piao_qsight_provider_piao_qsight_web/350b12000000sk9a6F084_C_900_504_Q90_Mtg_7.jpg_710x360_109290c6.jpg〇https://imgs.qunarzz.com/sight/p0/201403/07/fa2fc897c3059cd6731fbc012bfc7094.jpg_710x360_0a9e16fa.jpg〇https://imgs.qunarzz.com/sight/p0/201403/07/a16f561e5194366dc0a7c8fe86065085.jpg_710x360_24c8a14f.jpg〇https://imgs.qunarzz.com/sight/p0/201403/07/a97e2b2bf21409aeb90a0e88b39b08aa.jpg_710x360_36647af1.jpg〇https://imgs.qunarzz.com/sight/p0/201403/07/b70d5251a1f79baa2fe23ea88e01de2b.jpg_710x360_117c2a04.jpg〇https://imgs.qunarzz.com/sight/p0/201403/07/509465658ccb6e9f19aa3773bd6b119f.jpg_710x360_ffa0fabe.jpg〇https://qimgs.qunarzz.com/piao_qsight_provider_piao_qsight_web/c09bdf25b633de02.jpg_710x360_396b0c3c.jpg〇https://qimgs.qunarzz.com/piao_qsight_provider_piao_qsight_web/9d9eb7990b769402.jpg_710x360_73684b69.jpg〇https://qimgs.qunarzz.com/piao_qsight_provider_piao_qsight_web/e6fbefc010c9e502.jpg_710x360_4499416f.jpg〇https://qimgs.qunarzz.com/piao_qsight_provider_piao_qsight_web/935cb64366729002.jpg_710x360_a2515331.jpg〇https://qimgs.qunarzz.com/piao_qsight_provider_piao_qsight_web/206109c7ddf2a102.jpg_710x360_741130c4.jpg〇https://qimgs.qunarzz.com/piao_qsight_provider_piao_qsight_web/8e2f06b6bebf7202.jpg_710x360_ddd6b4d2.jpg〇https://qimgs.qunarzz.com/piao_qsight_provider_piao_qsight_web/7ed11274bf47bf02.jpg_710x360_6f3c5a43.jpg〇https://qimgs.qunarzz.com/piao_qsight_provider_piao_qsight_web/253ec17a95083a02.jpg_710x360_728cb8e7.jpg〇https://qimgs.qunarzz.com/piao_qsight_provider_piao_qsight_web/ed63cf840f414402.jpg_710x360_3e462581.jpg〇https://qimgs.qunarzz.com/piao_qsight_provider_piao_qsight_web/cc9f814d7862f602.jpg_710x360_220072f9.jpg〇https://qimgs.qunarzz.com/piao_qsight_provider_piao_qsight_web/cfc11aa9576a1002.jpg_710x360_73580560.jpg〇https://qimgs.qunarzz.com/piao_qsight_provider_piao_qsight_web/e912b3f2ba39fc02.jpg_710x360_ca926d80.jpg〇https://qimgs.qunarzz.com/piao_qsight_provider_piao_qsight_web/873da69f70440202.jpg_710x360_0c7c5843.jpg〇https://qimgs.qunarzz.com/piao_qsight_provider_piao_qsight_web/c1e303ccf3faf002.jpg_710x360_f56a8457.jpg〇https://qimgs.qunarzz.com/piao_qsight_provider_piao_qsight_web/3cfe1476870ca02.jpg_710x360_e20383e9.jpg〇https://qimgs.qunarzz.com/piao_qsight_provider_piao_qsight_web/66f465aebe892102.jpg_710x360_5c3a35da.jpg〇https://qimgs.qunarzz.com/piao_qsight_provider_piao_qsight_web/7e1da3aca793ed02.jpg_710x360_df62720c.jpg〇https://qimgs.qunarzz.com/piao_qsight_provider_piao_qsight_web/ca61c027a9435002.jpg_710x360_adc846e8.jpg〇https://qimgs.qunarzz.com/piao_qsight_provider_piao_qsight_web/345da27092b54702.jpg_710x360_b9a76be7.jpg〇https://qimgs.qunarzz.com/piao_qsight_provider_piao_qsight_web/ead9ff85db5c5702.jpg_710x360_21b19f00.jpg,"{""ret"": true, ""data"": {""tagList"": [{""tagType"": 32, ""tagScore"": 5, ""tagNum"": 2, ""tagName"": ""\u670d\u52a1\u597d""}, {""tagType"": 16, ""tagScore"": 5, ""tagNum"": 1, ""tagName"": ""\u9760\u8c31""}, {""tagType"": 8, ""tagScore"": 5, ""tagNum"": 2, ""tagName"": ""\u4fbf\u5b9c""}, {""tagType"": 4, ""tagScore"": 5, ""tagNum"": 1, ""tagName"": ""\u53d6\u7968\u65b9\u4fbf""}, {""tagType"": 2, ""tagScore"": 5, ""tagNum"": 2, ""tagName"": ""\u4e2d\u8bc4""}, {""tagType"": 1, ""tagScore"": 5, ""tagNum"": 114, ""tagName"": ""\u597d\u8bc4""}, {""tagType"": 0, ""tagScore"": 5, ""tagNum"": 121, ""tagName"": ""\u5168\u90e8""}], ""commentList"": [{""author"": ""\u753b*\u541b"", ""content"": ""\u7528\u6237\u672a\u70b9\u8bc4\uff0c\u7cfb\u7edf\u9ed8\u8ba4\u597d\u8bc4\u3002"", ""date"": ""2024-11-19"", ""score"": 5, ""commentId"": ""238843797"", ""imgs"": [], ""userNickName"": ""\u753b*\u541b"", ""replyCityName"": """", ""cityName"": """"}, {""author"": ""\u53bb*\u6237"", ""content"": ""\u7528\u6237\u672a\u70b9\u8bc4\uff0c\u7cfb\u7edf\u9ed8\u8ba4\u597d\u8bc4\u3002"", ""date"": ""2024-09-28"", ""score"": 5, ""commentId"": ""237336824"", ""imgs"": [], ""userNickName"": ""\u53bb*\u6237"", ""replyCityName"": """", ""cityName"": """"}, {""author"": ""\u51b0*\u6dcb"", ""content"": ""\u7528\u6237\u672a\u70b9\u8bc4\uff0c\u7cfb\u7edf\u9ed8\u8ba4\u597d\u8bc4\u3002"", ""date"": ""2024-09-25"", ""score"": 5, ""commentId"": ""237251234"", ""imgs"": [], ""userNickName"": ""\u51b0*\u6dcb"", ""replyCityName"": """", ""cityName"": """"}, {""author"": ""\u51b0*\u6dcb"", ""content"": ""\u7528\u6237\u672a\u70b9\u8bc4\uff0c\u7cfb\u7edf\u9ed8\u8ba4\u597d\u8bc4\u3002"", ""date"": ""2024-09-25"", ""score"": 5, ""commentId"": ""237250476"", ""imgs"": [], ""userNickName"": ""\u51b0*\u6dcb"", ""replyCityName"": """", ""cityName"": """"}, {""author"": ""\u5c0f*\u5566"", ""content"": ""\u7528\u6237\u672a\u70b9\u8bc4\uff0c\u7cfb\u7edf\u9ed8\u8ba4\u597d\u8bc4\u3002"", ""date"": ""2024-09-25"", ""score"": 5, ""commentId"": ""237240817"", ""imgs"": [], ""userNickName"": ""\u5c0f*\u5566"", ""replyCityName"": """", ""cityName"": """"}, {""author"": ""\u53bb*\u6237"", ""content"": ""\u7528\u6237\u672a\u70b9\u8bc4\uff0c\u7cfb\u7edf\u9ed8\u8ba4\u597d\u8bc4\u3002"", ""date"": ""2024-09-20"", ""score"": 5, ""commentId"": ""237023040"", ""imgs"": [], ""userNickName"": ""\u53bb*\u6237"", ""replyCityName"": """", ""cityName"": """"}, {""author"": ""\u53bb*\u6237"", ""content"": ""\u7528\u6237\u672a\u70b9\u8bc4\uff0c\u7cfb\u7edf\u9ed8\u8ba4\u597d\u8bc4\u3002"", ""date"": ""2024-09-18"", ""score"": 5, ""commentId"": ""236956060"", ""imgs"": [], ""userNickName"": ""\u53bb*\u6237"", ""replyCityName"": """", ""cityName"": """"}, {""author"": ""n*4"", ""content"": ""\u7528\u6237\u672a\u70b9\u8bc4\uff0c\u7cfb\u7edf\u9ed8\u8ba4\u597d\u8bc4\u3002"", ""date"": ""2024-08-26"", ""score"": 5, ""commentId"": ""235892489"", ""imgs"": [], ""userNickName"": ""n*4"", ""replyCityName"": """", ""cityName"": """"}, {""author"": ""\u53bb*\u6237"", ""content"": ""\u7528\u6237\u672a\u70b9\u8bc4\uff0c\u7cfb\u7edf\u9ed8\u8ba4\u597d\u8bc4\u3002"", ""date"": ""2024-08-21"", ""score"": 5, ""commentId"": ""235733585"", ""imgs"": [], ""userNickName"": ""\u53bb*\u6237"", ""replyCityName"": """", ""cityName"": """"}, {""author"": ""o*7"", ""content"": ""\u7528\u6237\u672a\u70b9\u8bc4\uff0c\u7cfb\u7edf\u9ed8\u8ba4\u597d\u8bc4\u3002"", ""date"": ""2024-08-20"", ""score"": 5, ""commentId"": ""235695668"", ""imgs"": [], ""userNickName"": ""o*7"", ""replyCityName"": """", ""cityName"": """"}], ""score"": 4.6, ""commentCount"": 121}, ""statusCode"": 200}"
通天箩原始森林,https://imgs.qunarzz.com/sight/p0/201301/17/a0ee2e74240f19e493835fbb.jpg_280x200_b834c0c2.jpg,韶关市,乳源瑶族自治县,广东省韶关市乳源县大桥镇,-1,-1.0,山高林密，谷深峰险，景色美不胜收,https://piao.qunar.com/ticket/detail_3705166558.html?st=a3clM0QlRTQlQjklQjMlRTYlQkElOTAlRTclOTElQjYlRTYlOTclOEYlRTglODclQUElRTYlQjIlQkIlRTUlOEUlQkYlMjZpZCUzRDEzOTAxJTI2dHlwZSUzRDAlMjZpZHglM0QyMSUyNnF0JTNEJTI2YXBrJTNEMiUyNnNjJTNEV1dXJTI2dXIlM0QlRTQlQjglQUQlRTUlQjElQjElMjZsciUzRCVFNCVCOCVBRCVFNSVCMSVCMSUyNmZ0JTNEJTdCJTdE#from=mpl_search_suggest,-1.0,N/A,通天箩原始森林位于南岭国家森林公园的东北部，离保护区有14公里。在南岭有两种不同地貌，石坑崆以下至海拨500米左右是花岗岩，变质岩地质地貌。特点是山高林密，谷深峰险。大多数山体的坡度在35度—45度之间，溪水涧由于流水落差，形成众多的瀑布。而通天箩属石灰岩地貌，又称为“喀斯特地貌”，它的特点是它所形成的山地想对来讲都比较平缓，海拨在600—800米之间，岩石奇特，裸露，保水性差。在这里的石灰岩溶洞和漏斗形洞穴特别多，仅方圆10平方公里的范围之内，有较大的洞穴15个之多.,01/01-12/31；7:30-18:00开园,https://imgs.qunarzz.com/sight/p0/201301/17/a0ee2e74240f19e493835fbb.jpg_710x360_383e0a66.jpg〇https://imgs.qunarzz.com/sight/p0/201301/17/35535acf44946edf93835fbb.jpg_710x360_d675a9f9.jpg〇https://imgs.qunarzz.com/sight/p0/201301/17/f6b138289df943b993835fbb.jpg_710x360_c1ad118c.jpg,"{""ret"": true, ""data"": {""tagList"": [{""tagType"": 0, ""tagScore"": 5, ""tagNum"": 0, ""tagName"": ""\u5168\u90e8""}], ""score"": 0.0, ""commentCount"": 0}, ""statusCode"": 200}"
仙门奇峡竹筏漂流,https://qimgs.qunarzz.com/piao_qsight_provider_piao_qsight_web/0101k1200087jk5zcBE53_C_900_504.jpg_280x200_e1b79a61.jpg,韶关市,乳源瑶族自治县,韶关市乳源瑶族自治县洛阳镇仙门奇峡景区内,72,5.0,仙门奇峡竹筏漂流全长约3公里，往返约90分钟。游客乘坐竹筏在情侣峡来回穿梭，呈现出一幅“情侣峡波光潋滟，秀水涧竹筏穿梭”,https://piao.qunar.com/ticket/detail_784678042.html?st=a3clM0QlRTQlQjklQjMlRTYlQkElOTAlRTclOTElQjYlRTYlOTclOEYlRTglODclQUElRTYlQjIlQkIlRTUlOEUlQkYlMjZpZCUzRDUxMzc5MCUyNnR5cGUlM0QwJTI2aWR4JTNEOCUyNnF0JTNEJTI2YXBrJTNEMiUyNnNjJTNEV1dXJTI2dXIlM0QlRTQlQjglQUQlRTUlQjElQjElMjZsciUzRCVFNCVCOCVBRCVFNSVCMSVCMSUyNmZ0JTNEJTdCJTdE#from=mpl_search_suggest,118.0,N/A,仙门奇峡竹筏漂流全长约3公里，往返约90分钟。游客乘坐竹筏在情侣峡来回穿梭，呈现出一幅“情侣峡波光潋滟，秀水涧竹筏穿梭”的秀美画卷。峡谷两岸的悬崖峭壁千姿百态，似神仙出入；百鸟鸣叫犹如情侣对歌；植物种类丰富，是名副其实的“植物大观园”。唐代宰相张九龄曾美言：“情侣峡谷赛漓江，仙门通往西京道。”,1/1-12/31；周一至周五；09:00-17:30开园；（16:30停止入园）,https://qimgs.qunarzz.com/piao_qsight_provider_piao_qsight_web/0101k1200087jk5zcBE53_C_900_504.jpg_710x360_0e8c8b96.jpg〇https://qimgs.qunarzz.com/piao_qsight_provider_piao_qsight_web/1lo1a12000ew5wik2977F_C_900_504_Q90_Mtg_7.jpg_710x360_d6e606df.jpg〇https://qimgs.qunarzz.com/piao_qsight_provider_piao_qsight_web/1lo1612000ew5tbpx802B_C_900_504_Q90_Mtg_7.jpg_710x360_ad1903fb.jpg〇https://qimgs.qunarzz.com/piao_qsight_provider_piao_qsight_web/1lo4a12000ew5tjnu89DD_C_900_504_Q90_Mtg_7.jpg_710x360_97bb2f12.jpg〇https://qimgs.qunarzz.com/piao_qsight_provider_piao_qsight_web/1lo5812000ew5tewx6CB2_C_900_504_Q90_Mtg_7.jpg_710x360_be85ce00.jpg〇https://qimgs.qunarzz.com/piao_qsight_provider_piao_qsight_web/1lo4712000ew5tmm4B02B_C_900_504_Q90_Mtg_7.jpg_710x360_3ecd7796.jpg〇https://qimgs.qunarzz.com/piao_qsight_provider_piao_qsight_web/1lo0h12000ew5w74q6E31_C_900_504_Q90_Mtg_7.jpg_710x360_fc4ea0ee.jpg〇https://qimgs.qunarzz.com/piao_qsight_provider_piao_qsight_web/1lo0g12000ew5th9pE193_C_900_504_Q90_Mtg_7.jpg_710x360_6d0b9152.jpg〇https://qimgs.qunarzz.com/piao_qsight_provider_piao_qsight_web/0103u1200087jk1gz8B46_C_900_504_Q90_Mtg_7.jpg_710x360_14251744.jpg〇https://qimgs.qunarzz.com/piao_qsight_provider_piao_qsight_web/010221200087jk1waCEF6_C_900_504_Q90_Mtg_7.jpg_710x360_c7bb8910.jpg〇https://qimgs.qunarzz.com/piao_qsight_provider_piao_qsight_web/0101k1200087jk5zcBE53_C_900_504_Q90_Mtg_7.jpg_710x360_ec9cfb89.jpg,"{""ret"": true, ""data"": {""tagList"": [{""tagType"": 1, ""tagScore"": 5, ""tagNum"": 72, ""tagName"": ""\u597d\u8bc4""}, {""tagType"": 0, ""tagScore"": 5, ""tagNum"": 72, ""tagName"": ""\u5168\u90e8""}], ""commentList"": [{""author"": ""\u7537*\u9762"", ""content"": ""\u7528\u6237\u672a\u70b9\u8bc4\uff0c\u7cfb\u7edf\u9ed8\u8ba4\u597d\u8bc4\u3002"", ""date"": ""2024-11-05"", ""score"": 5, ""commentId"": ""238554456"", ""imgs"": [], ""userNickName"": ""\u7537*\u9762"", ""replyCityName"": """", ""cityName"": """"}, {""author"": ""\u7537*\u9762"", ""content"": ""\u7528\u6237\u672a\u70b9\u8bc4\uff0c\u7cfb\u7edf\u9ed8\u8ba4\u597d\u8bc4\u3002"", ""date"": ""2024-11-05"", ""score"": 5, ""commentId"": ""238554101"", ""imgs"": [], ""userNickName"": ""\u7537*\u9762"", ""replyCityName"": """", ""cityName"": """"}, {""author"": ""j*0"", ""content"": ""\u7528\u6237\u672a\u70b9\u8bc4\uff0c\u7cfb\u7edf\u9ed8\u8ba4\u597d\u8bc4\u3002"", ""date"": ""2024-11-04"", ""score"": 5, ""commentId"": ""238432044"", ""imgs"": [], ""userNickName"": ""j*0"", ""replyCityName"": """", ""cityName"": """"}, {""author"": ""\u53bb*\u6237"", ""content"": ""\u7528\u6237\u672a\u70b9\u8bc4\uff0c\u7cfb\u7edf\u9ed8\u8ba4\u597d\u8bc4\u3002"", ""date"": ""2024-09-20"", ""score"": 5, ""commentId"": ""237015900"", ""imgs"": [], ""userNickName"": ""\u53bb*\u6237"", ""replyCityName"": """", ""cityName"": """"}, {""author"": ""\u53bb*\u6237"", ""content"": ""\u7528\u6237\u672a\u70b9\u8bc4\uff0c\u7cfb\u7edf\u9ed8\u8ba4\u597d\u8bc4\u3002"", ""date"": ""2024-09-03"", ""score"": 5, ""commentId"": ""236198921"", ""imgs"": [], ""userNickName"": ""\u53bb*\u6237"", ""replyCityName"": """", ""cityName"": """"}, {""author"": ""a*1"", ""content"": ""\u7528\u6237\u672a\u70b9\u8bc4\uff0c\u7cfb\u7edf\u9ed8\u8ba4\u597d\u8bc4\u3002"", ""date"": ""2024-07-30"", ""score"": 5, ""commentId"": ""235105702"", ""imgs"": [], ""userNickName"": ""a*1"", ""replyCityName"": """", ""cityName"": """"}, {""author"": ""\u53bb*\u6237"", ""content"": ""\u7528\u6237\u672a\u70b9\u8bc4\uff0c\u7cfb\u7edf\u9ed8\u8ba4\u597d\u8bc4\u3002"", ""date"": ""2024-03-21"", ""score"": 5, ""commentId"": ""232575997"", ""imgs"": [], ""userNickName"": ""\u53bb*\u6237"", ""replyCityName"": """", ""cityName"": """"}, {""author"": ""\u53bb*\u6237"", ""content"": ""\u7528\u6237\u672a\u70b9\u8bc4\uff0c\u7cfb\u7edf\u9ed8\u8ba4\u597d\u8bc4\u3002"", ""date"": ""2024-03-14"", ""score"": 5, ""commentId"": ""232084823"", ""imgs"": [], ""userNickName"": ""\u53bb*\u6237"", ""replyCityName"": """", ""cityName"": """"}, {""author"": ""\u53bb*\u6237"", ""content"": ""\u7528\u6237\u672a\u70b9\u8bc4\uff0c\u7cfb\u7edf\u9ed8\u8ba4\u597d\u8bc4\u3002"", ""date"": ""2024-03-14"", ""score"": 5, ""commentId"": ""232083724"", ""imgs"": [], ""userNickName"": ""\u53bb*\u6237"", ""replyCityName"": """", ""cityName"": """"}, {""author"": ""q*6"", ""content"": ""\u7528\u6237\u672a\u70b9\u8bc4\uff0c\u7cfb\u7edf\u9ed8\u8ba4\u597d\u8bc4\u3002"", ""date"": ""2023-12-20"", ""score"": 5, ""commentId"": ""230769542"", ""imgs"": [], ""userNickName"": ""q*6"", ""replyCityName"": """", ""cityName"": """"}], ""score"": 5.0, ""commentCount"": 72}, ""statusCode"": 200}"
广东大峡谷,https://qimgs.qunarzz.com/piao_qsight_provider_piao_qsight_web/0106d12000g4mosd2D97D_C_900_504.jpg_280x200_f7b92bf3.jpg,韶关市,乳源瑶族自治县,广东省韶关市乳源瑶族自治县,4468,4.8,华南少数的地陷峡谷，美誉为“峡谷之母”,https://piao.qunar.com/ticket/detail_2821454197.html?st=a3clM0QlRTQlQjklQjMlRTYlQkElOTAlRTclOTElQjYlRTYlOTclOEYlRTglODclQUElRTYlQjIlQkIlRTUlOEUlQkYlMjZpZCUzRDExMTE1JTI2dHlwZSUzRDAlMjZpZHglM0QxJTI2cXQlM0QlMjZhcGslM0QyJTI2c2MlM0RXV1clMjZ1ciUzRCVFNCVCOCVBRCVFNSVCMSVCMSUyNmxyJTNEJUU0JUI4JUFEJUU1JUIxJUIxJTI2ZnQlM0QlN0IlN0Q%3D#from=mpl_search_suggest,55.0,4A景区,大峡谷景区一带为平均海拔620米的山间盆地，夏季气候清凉怡人，平均常温22℃，房间不需要空调，是华南地区少有的避暑胜地。据地质学家考证，大峡谷属石英砂岩地貌，形成于距今一亿三千万年前的喜马拉雅造山运动。由于地壳曾几度升沉，地层断裂并经流水冲刷、风化侵蚀等作用，使大峡谷一带呈现出丰富的岩石层理，构成了现在大峡谷雄、奇、险、秀独特的自然景观。大峡谷旅游区目前主要由谷口瀑布景区、水卷寨景区和一线天景区三部分构成，其核心区地势险要，空气清新，飞瀑流泉星罗棋布，象形景观惟妙惟肖，动植物种类丰富；拥有苏铁蹶、桫椤、短尾猴和桃花水母等国家珍稀动植物，腾龙大瀑布飞流直下200多米，气势磅礴，让人叹为观止！,1/1-12/31；周一至周日；08:00-17:00开园,https://qimgs.qunarzz.com/piao_qsight_provider_piao_qsight_web/0106d12000g4mosd2D97D_C_900_504.jpg_710x360_64928ee0.jpg〇https://qimgs.qunarzz.com/piao_qsight_provider_piao_qsight_web/0102a12000g4mp2ma12EB_C_900_504_Q90_Mtg_7.jpg_710x360_bfea0fc9.jpg〇https://qimgs.qunarzz.com/piao_qsight_provider_piao_qsight_web/0106j12000g4mndivE7C4_C_900_504_Q90_Mtg_7.jpg_710x360_8b8a4fa9.jpg〇https://qimgs.qunarzz.com/piao_qsight_provider_piao_qsight_web/0101012000g4mo9z26186_C_900_504_Q90_Mtg_7.jpg_710x360_68c7e98d.jpg〇https://qimgs.qunarzz.com/piao_qsight_provider_piao_qsight_web/0106d12000g4mosd2D97D_C_900_504_Q90_Mtg_7.jpg_710x360_ea3cc6c9.jpg〇https://imgs.qunarzz.com/sight/p0/1605/81/81d936690ea9928590.water.jpg_710x360_6db2e1a8.jpg〇https://imgs.qunarzz.com/sight/p0/1605/e3/e37651877dd40d6790.water.jpg_710x360_6ac6fa5e.jpg〇https://imgs.qunarzz.com/sight/p0/1605/7a/7a1984cb89fed0c490.img.jpg_710x360_dee2a5fe.jpg〇https://imgs.qunarzz.com/sight/p0/1605/d3/d344d0a79b5e8ccd90.img.jpg_710x360_b0ca4f99.jpg〇https://imgs.qunarzz.com/sight/p0/1605/7a/7a1984cb89fed0c490.img.jpg_710x360_dee2a5fe.jpg〇https://imgs.qunarzz.com/sight/p0/1605/9d/9d03b04fda87e7e090.img.jpg_710x360_2e052a37.jpg〇https://imgs.qunarzz.com/sight/p0/1605/8d/8d1ad118fda298e790.img.jpg_710x360_45afe1b0.jpg〇https://imgs.qunarzz.com/sight/p0/1605/1d/1d13b2f43b8e750b90.img.jpg_710x360_aeacd37b.jpg〇https://imgs.qunarzz.com/sight/p0/201403/07/537fde77bb39749591afea0d5081ddc4.jpg_710x360_12896216.jpg〇https://imgs.qunarzz.com/sight/p0/201403/07/82ac038315d79c1406c70c37a2adb1fd.jpg_710x360_c85ede6a.jpg〇https://imgs.qunarzz.com/sight/p0/201403/07/24101fbc4d46a0dcfc6249fff50c93d0.jpg_710x360_b668d2e9.jpg〇https://imgs.qunarzz.com/sight/p0/201403/07/4a0e971b27c1ae627b68a87793bb3ced.jpg_710x360_656d6de9.jpg〇https://imgs.qunarzz.com/sight/p0/201403/07/815254f8a3d97eed23b6dcccf39cce11.jpg_710x360_e39ab3db.jpg〇https://imgs.qunarzz.com/sight/p0/201403/07/350a2046345af962325e08868a65542b.jpg_710x360_8dc88393.jpg〇https://imgs.qunarzz.com/sight/p0/201403/07/beb3961f4b358b84135e73cd267aec23.jpg_710x360_80f76b15.jpg〇https://qimgs.qunarzz.com/piao_qsight_provider_piao_qsight_web/a0a3ec8220e12bb5.jpg_710x360_95917e06.jpg〇https://qimgs.qunarzz.com/piao_qsight_provider_piao_qsight_web/4975419df9baab.jpg_710x360_a0250b48.jpg〇https://qimgs.qunarzz.com/piao_qsight_provider_piao_qsight_web/1f1536753e2aa7.jpg_710x360_fc0ceead.jpg〇https://qimgs.qunarzz.com/piao_qsight_provider_piao_qsight_web/ced46123bdadb3.jpg_710x360_a1ec14bc.jpg〇https://qimgs.qunarzz.com/piao_qsight_provider_piao_qsight_web/8b3e41371c97b9.jpg_710x360_638e9151.jpg〇https://qimgs.qunarzz.com/piao_qsight_provider_piao_qsight_web/16b415e8b3ba.jpg_710x360_7079ac12.jpg〇https://qimgs.qunarzz.com/piao_qsight_provider_piao_qsight_web/0acf2bc6b30947b05da879e594f5758f.jpg_710x360_20c6a7d4.jpg〇https://qimgs.qunarzz.com/piao_qsight_provider_piao_qsight_web/3312e7557cb1e343ae79b83dac56cff5.jpg_710x360_9800d8cc.jpg〇https://qimgs.qunarzz.com/piao_qsight_provider_piao_qsight_web/f37dd8ffb70b5b8e39ae1a37d28972e8.jpg_710x360_fc05254b.jpg〇https://qimgs.qunarzz.com/piao_qsight_provider_piao_qsight_web/9598b6d284b2ef836f00388e0e1fe320.jpg_710x360_9f330657.jpg〇https://qimgs.qunarzz.com/piao_qsight_provider_piao_qsight_web/1cdcd67415bf9c07213859c4a639fb05.jpg_710x360_d04c290f.jpg〇https://qimgs.qunarzz.com/piao_qsight_provider_piao_qsight_web/b18fb6a461d0abd14d019b3b4d917171.jpg_710x360_3c28d2c6.jpg〇https://qimgs.qunarzz.com/piao_qsight_provider_piao_qsight_web/1c81f35620771e543756ac0a1698c2a1.jpg_710x360_22798e60.jpg〇https://qimgs.qunarzz.com/piao_qsight_provider_piao_qsight_web/6271db4b53231ca465f9afa35ea2207c.jpg_710x360_4cb237a1.jpg〇https://qimgs.qunarzz.com/piao_qsight_provider_piao_qsight_web/2571cb8fbe7a2aceb37d840683f0b43d.jpg_710x360_438673da.jpg〇https://qimgs.qunarzz.com/piao_qsight_provider_piao_qsight_web/4cd47aa7998cc1ddd92396e8ab268ff8.jpg_710x360_0a66b3d5.jpg〇https://qimgs.qunarzz.com/piao_qsight_provider_piao_qsight_web/e6c6050c227a4e02.jpg_710x360_c44906da.jpg〇https://qimgs.qunarzz.com/piao_qsight_provider_piao_qsight_web/e66364272e4ca02.jpg_710x360_6ddbe587.jpg〇https://qimgs.qunarzz.com/piao_qsight_provider_piao_qsight_web/c36143d3d65d3a02.jpg_710x360_f6753157.jpg〇https://qimgs.qunarzz.com/piao_qsight_provider_piao_qsight_web/542c2fe839712c02.jpg_710x360_b45c1b04.jpg,"{""ret"": true, ""data"": {""tagList"": [{""tagType"": 32, ""tagScore"": 5, ""tagNum"": 14, ""tagName"": ""\u670d\u52a1\u597d""}, {""tagType"": 16, ""tagScore"": 5, ""tagNum"": 31, ""tagName"": ""\u9760\u8c31""}, {""tagType"": 8, ""tagScore"": 5, ""tagNum"": 23, ""tagName"": ""\u4fbf\u5b9c""}, {""tagType"": 4, ""tagScore"": 5, ""tagNum"": 51, ""tagName"": ""\u53d6\u7968\u65b9\u4fbf""}, {""tagType"": 3, ""tagScore"": 5, ""tagNum"": 14, ""tagName"": ""\u5dee\u8bc4""}, {""tagType"": 2, ""tagScore"": 5, ""tagNum"": 31, ""tagName"": ""\u4e2d\u8bc4""}, {""tagType"": 1, ""tagScore"": 5, ""tagNum"": 4314, ""tagName"": ""\u597d\u8bc4""}, {""tagType"": 0, ""tagScore"": 5, ""tagNum"": 4468, ""tagName"": ""\u5168\u90e8""}], ""commentList"": [{""author"": ""e*5"", ""content"": ""\u8fd8\u4e0d\u9519\u5427\uff0c\u6765\u5230\u6ca1\u591a\u4e45\u5c31\u4e0b\u4e86\u4e00\u573a\u534a\u5c0f\u65f6\u7684\u5927\u96e8\uff0c\u96e8\u540e\u7a7a\u6c14\u633a\u6e05\u65b0\uff0c\u8fd9\u91cc\u5f88\u9ad8\uff0c\u697c\u68af\u50cf\u662f\u76f4\u7684\uff0c\u6709\u70b9\u6050\u9ad8\uff0c\u53ef\u4ee5\u9009\u62e9\u8d70\u5e73\u8def\uff0c\u6574\u4f53\u8fd8\u662f\u4e0d\u9519\u7684\u3002"", ""date"": ""2023-06-24"", ""score"": 5, ""commentId"": ""226330462"", ""imgs"": [{""small"": ""https://imgs.qunarzz.com/piao/fusion/2306/4d/291910d32c688802.jpg_120x120_e37a8a03.jpg"", ""title"": """", ""big"": ""https://imgs.qunarzz.com/piao/fusion/2306/4d/291910d32c688802.jpg""}, {""small"": ""https://imgs.qunarzz.com/piao/fusion/2306/fa/28215013c4c8b702.jpg_120x120_fb5eda85.jpg"", ""title"": """", ""big"": ""https://imgs.qunarzz.com/piao/fusion/2306/fa/28215013c4c8b702.jpg""}, {""small"": ""https://imgs.qunarzz.com/piao/fusion/2306/b5/dc26d4ae5245f502.jpg_120x120_18c458cb.jpg"", ""title"": """", ""big"": ""https://imgs.qunarzz.com/piao/fusion/2306/b5/dc26d4ae5245f502.jpg""}, {""small"": ""https://imgs.qunarzz.com/piao/fusion/2306/63/a06021ede58dae02.jpg_120x120_bfeec3ca.jpg"", ""title"": """", ""big"": ""https://imgs.qunarzz.com/piao/fusion/2306/63/a06021ede58dae02.jpg""}, {""small"": ""https://imgs.qunarzz.com/piao/fusion/2306/40/74dd3f0dc018f902.jpg_120x120_dcda00b3.jpg"", ""title"": """", ""big"": ""https://imgs.qunarzz.com/piao/fusion/2306/40/74dd3f0dc018f902.jpg""}, {""small"": ""https://imgs.qunarzz.com/piao/fusion/2306/44/b3fd9c06ebdcfd02.jpg_120x120_cbbebb73.jpg"", ""title"": """", ""big"": ""https://imgs.qunarzz.com/piao/fusion/2306/44/b3fd9c06ebdcfd02.jpg""}], ""userNickName"": ""e*5"", ""replyCityName"": """", ""cityName"": ""\u5e7f\u4e1c""}, {""author"": ""t*1"", ""content"": ""\u7528\u6237\u672a\u70b9\u8bc4\uff0c\u7cfb\u7edf\u9ed8\u8ba4\u597d\u8bc4\u3002"", ""date"": ""2024-12-25"", ""score"": 5, ""commentId"": ""239376810"", ""imgs"": [], ""userNickName"": ""t*1"", ""replyCityName"": """", ""cityName"": """"}, {""author"": ""o*7"", ""content"": ""\u7528\u6237\u672a\u70b9\u8bc4\uff0c\u7cfb\u7edf\u9ed8\u8ba4\u597d\u8bc4\u3002"", ""date"": ""2024-12-25"", ""score"": 5, ""commentId"": ""239376033"", ""imgs"": [], ""userNickName"": ""o*7"", ""replyCityName"": """", ""cityName"": """"}, {""author"": ""o*7"", ""content"": ""\u7528\u6237\u672a\u70b9\u8bc4\uff0c\u7cfb\u7edf\u9ed8\u8ba4\u597d\u8bc4\u3002"", ""date"": ""2024-12-25"", ""score"": 5, ""commentId"": ""239375929"", ""imgs"": [], ""userNickName"": ""o*7"", ""replyCityName"": """", ""cityName"": """"}, {""author"": ""c*6"", ""content"": ""\u7528\u6237\u672a\u70b9\u8bc4\uff0c\u7cfb\u7edf\u9ed8\u8ba4\u597d\u8bc4\u3002"", ""date"": ""2024-12-24"", ""score"": 5, ""commentId"": ""239355252"", ""imgs"": [], ""userNickName"": ""c*6"", ""replyCityName"": """", ""cityName"": """"}, {""author"": ""s*6"", ""content"": ""\u7528\u6237\u672a\u70b9\u8bc4\uff0c\u7cfb\u7edf\u9ed8\u8ba4\u597d\u8bc4\u3002"", ""date"": ""2024-12-24"", ""score"": 5, ""commentId"": ""239350491"", ""imgs"": [], ""userNickName"": ""s*6"", ""replyCityName"": """", ""cityName"": """"}, {""author"": ""\u53bb*\u6237"", ""content"": ""\u7528\u6237\u672a\u70b9\u8bc4\uff0c\u7cfb\u7edf\u9ed8\u8ba4\u597d\u8bc4\u3002"", ""date"": ""2024-12-24"", ""score"": 5, ""commentId"": ""239339664"", ""imgs"": [], ""userNickName"": ""\u53bb*\u6237"", ""replyCityName"": """", ""cityName"": """"}, {""author"": ""\u53bb*\u6237"", ""content"": ""\u7528\u6237\u672a\u70b9\u8bc4\uff0c\u7cfb\u7edf\u9ed8\u8ba4\u597d\u8bc4\u3002"", ""date"": ""2024-12-24"", ""score"": 5, ""commentId"": ""239339649"", ""imgs"": [], ""userNickName"": ""\u53bb*\u6237"", ""replyCityName"": """", ""cityName"": """"}, {""author"": ""\u53bb*\u6237"", ""content"": ""\u7528\u6237\u672a\u70b9\u8bc4\uff0c\u7cfb\u7edf\u9ed8\u8ba4\u597d\u8bc4\u3002"", ""date"": ""2024-12-24"", ""score"": 5, ""commentId"": ""239339639"", ""imgs"": [], ""userNickName"": ""\u53bb*\u6237"", ""replyCityName"": """", ""cityName"": """"}, {""author"": ""\u53bb*\u6237"", ""content"": ""\u7528\u6237\u672a\u70b9\u8bc4\uff0c\u7cfb\u7edf\u9ed8\u8ba4\u597d\u8bc4\u3002"", ""date"": ""2024-12-24"", ""score"": 5, ""commentId"": ""239339620"", ""imgs"": [], ""userNickName"": ""\u53bb*\u6237"", ""replyCityName"": """", ""cityName"": """"}], ""score"": 4.8, ""commentCount"": 4468}, ""statusCode"": 200}"
南水水库,https://imgs.qunarzz.com/sight/p78/201211/05/168da1cdf403930793835fbb.jpg_280x200_ed09539d.jpg,韶关市,乳源瑶族自治县,广东省韶关市乳源县城西南16公里处,-1,-1.0,南水水库位于乳源县城西南16公里处，是广东省第二大人工湖，它是1958年动工修筑的大型水库，水库呈狭长形，南北走向，湖面,https://piao.qunar.com/ticket/detail_1348090786.html?st=a3clM0QlRTQlQjklQjMlRTYlQkElOTAlRTclOTElQjYlRTYlOTclOEYlRTglODclQUElRTYlQjIlQkIlRTUlOEUlQkYlMjZpZCUzRDEwODIwJTI2dHlwZSUzRDAlMjZpZHglM0QyMCUyNnF0JTNEJTI2YXBrJTNEMiUyNnNjJTNEV1dXJTI2dXIlM0QlRTQlQjglQUQlRTUlQjElQjElMjZsciUzRCVFNCVCOCVBRCVFNSVCMSVCMSUyNmZ0JTNEJTdCJTdE#from=mpl_search_suggest,-1.0,N/A,南水水库位于乳源县城西南16公里处，是广东省第二大人工湖，它是1958年动工修筑的大型水库，水库呈狭长形，南北走向，湖面宽达38平方公里，库容量达12.5亿立方米.南水水库是闻名世界的土坝，这第大型的水库大坝竟然用泥土堆成，这是世界罕见的。大坝长215米，高80.2米。南水水库于1969年蓄水发电。水库至电站的引水工程也是一项巨大的工程，电站设在县城附近的山洞里，引水钢管也全部安装在岩洞中。南水湖水质晶莹透碧，沿岸青山连绵，瑶寨竹木楼掩映在绿树丛中。在水库西北一个面积约一万亩的半岛上。从水库边到狩猎场约需乘船30分钟。在这航程中，你可以一边领略库区风光，一边感受微风轻吹。南水的水特别清，特别凉。由于水库较深100多米，因此湖水是深蓝色的。如果是夏天可在水库畅泳，冬天则在狩猎场泡泡温泉，那又是多么写意啊!,暂无,https://imgs.qunarzz.com/sight/p78/201211/05/168da1cdf403930793835fbb.jpg_710x360_3961dc1f.jpg〇https://qimgs.qunarzz.com/piao_qsight_provider_piao_qsight_web/fde295b50e8a4e92c8d65eac.jpg_710x360_6ae32eca.jpg〇https://qimgs.qunarzz.com/piao_qsight_provider_piao_qsight_web/400c446b2c353e.jpg_710x360_860da5eb.jpg〇https://qimgs.qunarzz.com/piao_qsight_provider_piao_qsight_web/658d1b369fcc27.jpg_710x360_20d1df32.jpg〇https://qimgs.qunarzz.com/piao_qsight_provider_piao_qsight_web/de1912513e7db8.jpg_710x360_c287508e.jpg〇https://qimgs.qunarzz.com/piao_qsight_provider_piao_qsight_web/31b4e98710c550.jpg_710x360_095ecd7a.jpg,"{""ret"": true, ""data"": {""tagList"": [{""tagType"": 0, ""tagScore"": 5, ""tagNum"": 0, ""tagName"": ""\u5168\u90e8""}], ""score"": 0.0, ""commentCount"": 0}, ""statusCode"": 200}"
乳源红豆杉森林公园,https://imgs.qunarzz.com/sight/p0/201301/18/ec3650dfdf2d0b8793835fbb.png_280x200_c0a994b9.png,韶关市,乳源瑶族自治县,广东省韶关市乳源县大桥镇,-1,-1.0,广东省内惟一赏雪、赏雾淞的胜地,https://piao.qunar.com/ticket/detail_3284387108.html?st=a3clM0QlRTQlQjklQjMlRTYlQkElOTAlRTclOTElQjYlRTYlOTclOEYlRTglODclQUElRTYlQjIlQkIlRTUlOEUlQkYlMjZpZCUzRDQxNzUyJTI2dHlwZSUzRDAlMjZpZHglM0QxOCUyNnF0JTNEJTI2YXBrJTNEMiUyNnNjJTNEV1dXJTI2dXIlM0QlRTQlQjglQUQlRTUlQjElQjElMjZsciUzRCVFNCVCOCVBRCVFNSVCMSVCMSUyNmZ0JTNEJTdCJTdE#from=mpl_search_suggest,-1.0,N/A,乳源红豆杉森林公园核心景区是原始红豆杉观赏区，约有红豆杉3万棵，其中生长茂盛百年以上树龄的有1000多棵。其他主要景区有，一是红豆杉育苗基地，首期建设南方红豆杉示范基地3000亩；二是雪景观赏区，分为梅花和桃花雪景区──通天箩地下原始森林；四是西京古道、西京博物馆等。,01/01-12/31；8:00-17:30开园,https://imgs.qunarzz.com/sight/p0/201301/18/ec3650dfdf2d0b8793835fbb.png_710x360_6030b1e8.png〇https://qimgs.qunarzz.com/piao_qsight_provider_piao_qsight_web/e8a344c95e6f7d2303dbbbad5fd3a504.jpg_710x360_ddcee778.jpg〇https://qimgs.qunarzz.com/piao_qsight_provider_piao_qsight_web/39fefdc90a18cf37.jpg_710x360_ab8ac0ea.jpg〇https://qimgs.qunarzz.com/piao_qsight_provider_piao_qsight_web/39fefdc90a18cf37.jpg_710x360_ab8ac0ea.jpg,"{""ret"": true, ""data"": {""tagList"": [{""tagType"": 0, ""tagScore"": 5, ""tagNum"": 0, ""tagName"": ""\u5168\u90e8""}], ""score"": 0.0, ""commentCount"": 0}, ""statusCode"": 200}"
丽宫冰雪谷,https://imgs.qunarzz.com/sight/p0/1703/2a/2a8a8522d696f2c6a3.water.jpg_280x200_d9e0b493.jpg,韶关市,乳源瑶族自治县,广东韶关乳源瑶族自治县侯公渡镇青岗丽宫国际温泉酒店内,-1,-1.0,走进梦幻般的冰雪童话世界,https://piao.qunar.com/ticket/detail_1401343713.html?st=a3clM0QlRTQlQjklQjMlRTYlQkElOTAlRTclOTElQjYlRTYlOTclOEYlRTglODclQUElRTYlQjIlQkIlRTUlOEUlQkYlMjZpZCUzRDQ2MjM5NSUyNnR5cGUlM0QwJTI2aWR4JTNEMTclMjZxdCUzRCUyNmFwayUzRDIlMjZzYyUzRFdXVyUyNnVyJTNEJUU0JUI4JUFEJUU1JUIxJUIxJTI2bHIlM0QlRTQlQjglQUQlRTUlQjElQjElMjZmdCUzRCU3QiU3RA%3D%3D#from=mpl_search_suggest,-1.0,N/A,韶关丽宫全新打造的“冰雪谷”是韶关市首家主题冰雪馆，用冰量近千吨，上千平米的真冰真雪展馆完美展现零下15℃的北国风光，展馆包括迪士尼王国、疯狂动物城、*夫熊猫馆等主题的静态彩色艺术冰雕，以及冰雪滑道、浪漫飘雪岛等互动区域。灯光与音乐交迭呈现，冰雪与艺术完美融合，冰雪谷将带您走进梦幻般的冰雪童话世界。,暂无,https://imgs.qunarzz.com/sight/p0/1703/2a/2a8a8522d696f2c6a3.water.jpg_710x360_3deaebe7.jpg,"{""ret"": true, ""data"": {""tagList"": [{""tagType"": 0, ""tagScore"": 5, ""tagNum"": 0, ""tagName"": ""\u5168\u90e8""}], ""score"": 0.0, ""commentCount"": 0}, ""statusCode"": 200}"
金鸡岭,https://qimgs.qunarzz.com/piao_qsight_provider_piao_qsight_web/10031f000001gs1028627_C_900_504.jpg_280x200_44c9ff3d.jpg,韶关市,乐昌市,韶关市乐昌市坪石镇火车站旁,58,4.9,峰顶有奇石耸立状似雄鸡,https://piao.qunar.com/ticket/detail_835634930.html?st=a3clM0QlRTQlQjklOTAlRTYlOTglOEMlRTUlQjglODIlMjZpZCUzRDEyMjU4JTI2dHlwZSUzRDAlMjZpZHglM0QyJTI2cXQlM0QlMjZhcGslM0QyJTI2c2MlM0RXV1clMjZ1ciUzRCVFNCVCOCVBRCVFNSVCMSVCMSUyNmxyJTNEJUU0JUI4JUFEJUU1JUIxJUIxJTI2ZnQlM0QlN0IlN0Q%3D#from=mpl_search_suggest,40.0,N/A,金鸡岭，位于广东北大门－－，距韶关市103公里，属乐昌市管辖。因岭的西北峰顶有座巨石，貌似雄鸡，昂首北望，引颈欲啼，故而得名，是广东省八大风景之一。金鸡岭与福建的武夷山以及仁化的丹霞山同属丹霞地貌，海拔338米，相对高度168米，四周悬崖如刀切，雄伟险峻，它可由东、西、北三面的岭路入山，东路和西路尤是山崖裂隙，金鸡岭的险要，成为历代兵家必争之地。到过金鸡岭的游客称之里有华山之险、黄山之奇、娥眉之秀、青城之幽，如同盆景，集各名山之特色于一身，实堪称岭南名胜。,1/1-12/31；周一至周日；07:00-17:30开园,https://qimgs.qunarzz.com/piao_qsight_provider_piao_qsight_web/10031f000001gs1028627_C_900_504.jpg_710x360_3f1b61d7.jpg〇https://qimgs.qunarzz.com/piao_qsight_provider_piao_qsight_web/10031f000001gs1028627_C_900_504_Q90_Mtg_7.jpg_710x360_1393550d.jpg〇https://imgs.qunarzz.com/sight/p0/1503/39/39bd7235715c6997.img.jpg_710x360_2c6c93ec.jpg〇https://imgs.qunarzz.com/sight/p0/1503/29/29fab48a590384b5.img.jpg_710x360_4909ec86.jpg〇https://imgs.qunarzz.com/sight/p0/1503/82/82605ccb9a9d50b7.water.jpg_710x360_0a7a2db8.jpg〇https://imgs.qunarzz.com/sight/p0/1503/d2/d2b14739788e10b8.water.jpg_710x360_68583de6.jpg〇https://qimgs.qunarzz.com/piao_qsight_provider_piao_qsight_web/ee4a053dc9c91837.jpg_710x360_aca97259.jpg〇https://qimgs.qunarzz.com/piao_qsight_provider_piao_qsight_web/165b6ccb8f352a9a.jpg_710x360_41b8a9c6.jpg〇https://qimgs.qunarzz.com/piao_qsight_provider_piao_qsight_web/b37b4a59ba070e9a.jpg_710x360_6ffdcbb9.jpg〇https://qimgs.qunarzz.com/piao_qsight_provider_piao_qsight_web/77f72398b18cf7.jpg_710x360_2d25de15.jpg,"{""ret"": true, ""data"": {""tagList"": [{""tagType"": 2, ""tagScore"": 5, ""tagNum"": 2, ""tagName"": ""\u4e2d\u8bc4""}, {""tagType"": 1, ""tagScore"": 5, ""tagNum"": 56, ""tagName"": ""\u597d\u8bc4""}, {""tagType"": 0, ""tagScore"": 5, ""tagNum"": 58, ""tagName"": ""\u5168\u90e8""}], ""commentList"": [{""author"": ""\u53bb*\u6237"", ""content"": ""\u7528\u6237\u672a\u70b9\u8bc4\uff0c\u7cfb\u7edf\u9ed8\u8ba4\u597d\u8bc4\u3002"", ""date"": ""2024-12-25"", ""score"": 5, ""commentId"": ""239373882"", ""imgs"": [], ""userNickName"": ""\u53bb*\u6237"", ""replyCityName"": """", ""cityName"": """"}, {""author"": ""\u53bb*\u6237"", ""content"": ""\u7528\u6237\u672a\u70b9\u8bc4\uff0c\u7cfb\u7edf\u9ed8\u8ba4\u597d\u8bc4\u3002"", ""date"": ""2024-12-25"", ""score"": 5, ""commentId"": ""239371263"", ""imgs"": [], ""userNickName"": ""\u53bb*\u6237"", ""replyCityName"": """", ""cityName"": """"}, {""author"": ""\u53bb*\u6237"", ""content"": ""\u7528\u6237\u672a\u70b9\u8bc4\uff0c\u7cfb\u7edf\u9ed8\u8ba4\u597d\u8bc4\u3002"", ""date"": ""2024-12-25"", ""score"": 5, ""commentId"": ""239371002"", ""imgs"": [], ""userNickName"": ""\u53bb*\u6237"", ""replyCityName"": """", ""cityName"": """"}, {""author"": ""\u53bb*\u6237"", ""content"": ""\u7528\u6237\u672a\u70b9\u8bc4\uff0c\u7cfb\u7edf\u9ed8\u8ba4\u597d\u8bc4\u3002"", ""date"": ""2024-12-25"", ""score"": 5, ""commentId"": ""239370831"", ""imgs"": [], ""userNickName"": ""\u53bb*\u6237"", ""replyCityName"": """", ""cityName"": """"}, {""author"": ""\u53bb*\u6237"", ""content"": ""\u7528\u6237\u672a\u70b9\u8bc4\uff0c\u7cfb\u7edf\u9ed8\u8ba4\u597d\u8bc4\u3002"", ""date"": ""2024-12-25"", ""score"": 5, ""commentId"": ""239367298"", ""imgs"": [], ""userNickName"": ""\u53bb*\u6237"", ""replyCityName"": """", ""cityName"": """"}, {""author"": ""\u53bb*\u6237"", ""content"": ""\u7528\u6237\u672a\u70b9\u8bc4\uff0c\u7cfb\u7edf\u9ed8\u8ba4\u597d\u8bc4\u3002"", ""date"": ""2024-12-25"", ""score"": 5, ""commentId"": ""239366942"", ""imgs"": [], ""userNickName"": ""\u53bb*\u6237"", ""replyCityName"": """", ""cityName"": """"}, {""author"": ""r*8"", ""content"": ""\u7528\u6237\u672a\u70b9\u8bc4\uff0c\u7cfb\u7edf\u9ed8\u8ba4\u597d\u8bc4\u3002"", ""date"": ""2024-11-05"", ""score"": 5, ""commentId"": ""238552345"", ""imgs"": [], ""userNickName"": ""r*8"", ""replyCityName"": """", ""cityName"": """"}, {""author"": ""\u53bb*\u6237"", ""content"": ""\u7528\u6237\u672a\u70b9\u8bc4\uff0c\u7cfb\u7edf\u9ed8\u8ba4\u597d\u8bc4\u3002"", ""date"": ""2024-11-04"", ""score"": 5, ""commentId"": ""238443654"", ""imgs"": [], ""userNickName"": ""\u53bb*\u6237"", ""replyCityName"": """", ""cityName"": """"}, {""author"": ""\u53bb*\u6237"", ""content"": ""\u7528\u6237\u672a\u70b9\u8bc4\uff0c\u7cfb\u7edf\u9ed8\u8ba4\u597d\u8bc4\u3002"", ""date"": ""2024-11-04"", ""score"": 5, ""commentId"": ""238442445"", ""imgs"": [], ""userNickName"": ""\u53bb*\u6237"", ""replyCityName"": """", ""cityName"": """"}, {""author"": ""\u53bb*\u6237"", ""content"": ""\u7528\u6237\u672a\u70b9\u8bc4\uff0c\u7cfb\u7edf\u9ed8\u8ba4\u597d\u8bc4\u3002"", ""date"": ""2024-11-04"", ""score"": 5, ""commentId"": ""238442287"", ""imgs"": [], ""userNickName"": ""\u53bb*\u6237"", ""replyCityName"": """", ""cityName"": """"}], ""score"": 4.9, ""commentCount"": 58}, ""statusCode"": 200}"
马坝人遗址,https://imgs.qunarzz.com/sight/p0/201403/11/9fae3887387638131b74f521c2ba1c24.jpg_280x200_97e4579e.jpg,韶关市,乳源瑶族自治县,广东省韶关市曲江区狮岩路3号,5,3.8,远观如狮伏地，头低尾高,https://piao.qunar.com/ticket/detail_2151813521.html?st=a3clM0QlRTQlQjklQjMlRTYlQkElOTAlRTclOTElQjYlRTYlOTclOEYlRTglODclQUElRTYlQjIlQkIlRTUlOEUlQkYlMjZpZCUzRDE4OTM1NCUyNnR5cGUlM0QwJTI2aWR4JTNEMTYlMjZxdCUzRCUyNmFwayUzRDIlMjZzYyUzRFdXVyUyNnVyJTNEJUU0JUI4JUFEJUU1JUIxJUIxJTI2bHIlM0QlRTQlQjglQUQlRTUlQjElQjElMjZmdCUzRCU3QiU3RA%3D%3D#from=mpl_search_suggest,-1.0,N/A,马坝人遗址就在马坝镇狮子岩，是两座石炭纪石灰岩孤峰，远观如狮伏地，头低尾高。山中溶洞纵横交错，上下相通，底层终年积水，水清且洌。1958年在狮头山北面第二层溶洞中的一条裂隙发现人类头骨化石，粘接后，计有额骨和部分顶骨，右眼眶及鼻骨的部分，经有关专家鉴定是直立人向智人过渡的早期类型人类化石。马坝人的发现，对研究古人类在这一地区的活动和当时的地理气候及生态环境都有很大帮助，同时为进一步探讨人类演化和发展提供了重要的实物资料。1961年公布为广东省文物保护单位。,01/01-12/31；8:00-17:30开园,https://imgs.qunarzz.com/sight/p0/201403/11/9fae3887387638131b74f521c2ba1c24.jpg_710x360_82615b99.jpg〇https://qimgs.qunarzz.com/piao_qsight_provider_piao_qsight_web/d407a0cd94923402.jpg_710x360_0b2c93ca.jpg〇https://qimgs.qunarzz.com/piao_qsight_provider_piao_qsight_web/1f16021f176fa802.jpg_710x360_f5e30e8e.jpg〇https://qimgs.qunarzz.com/piao_qsight_provider_piao_qsight_web/36b15c4c6fb1702.jpg_710x360_30c9855f.jpg〇https://qimgs.qunarzz.com/piao_qsight_provider_piao_qsight_web/c835ce1bb2518a02.jpg_710x360_f995e2e3.jpg〇https://qimgs.qunarzz.com/piao_qsight_provider_piao_qsight_web/914cc68c57817102.jpg_710x360_e81c8557.jpg〇https://qimgs.qunarzz.com/piao_qsight_provider_piao_qsight_web/f7038824bfc88602.jpg_710x360_2907c623.jpg〇https://qimgs.qunarzz.com/piao_qsight_provider_piao_qsight_web/595a93be6cb91b02.jpg_710x360_a6b99a0d.jpg〇https://qimgs.qunarzz.com/piao_qsight_provider_piao_qsight_web/b428fa1fc1833102.jpg_710x360_965cfd03.jpg〇https://qimgs.qunarzz.com/piao_qsight_provider_piao_qsight_web/00992165365d4602.jpg_710x360_afe45208.jpg〇https://qimgs.qunarzz.com/piao_qsight_provider_piao_qsight_web/c30342dc4f45e442.jpg_710x360_f7a901be.jpg〇https://qimgs.qunarzz.com/piao_qsight_provider_piao_qsight_web/81e5cad9f0d360.jpg_710x360_32bc9bb9.jpg〇https://qimgs.qunarzz.com/piao_qsight_provider_piao_qsight_web/0b30184571dff95cece633156b9a4d3c.jpg_710x360_8bed1a0e.jpg〇https://qimgs.qunarzz.com/piao_qsight_provider_piao_qsight_web/1328084c2c5b0837.jpg_710x360_48aa5527.jpg,"{""ret"": true, ""data"": {""tagList"": [{""tagType"": 3, ""tagScore"": 5, ""tagNum"": 1, ""tagName"": ""\u5dee\u8bc4""}, {""tagType"": 2, ""tagScore"": 5, ""tagNum"": 1, ""tagName"": ""\u4e2d\u8bc4""}, {""tagType"": 1, ""tagScore"": 5, ""tagNum"": 3, ""tagName"": ""\u597d\u8bc4""}, {""tagType"": 0, ""tagScore"": 5, ""tagNum"": 5, ""tagName"": ""\u5168\u90e8""}], ""commentList"": [{""author"": ""t*6"", ""content"": ""\u4e0d\u8981\u95e8\u7968\u7684\u3002\u5206\u4e3a\u535a\u7269\u9986\u548c\u9057\u5740\u4e24\u90e8\u5206\u3002\u9057\u5740\u6bcf\u969420\u5206\u949f\u6709\u8bb2\u89e3\u5458\u5e26\u961f\u8fdb\u5165\u53c2\u89c2\u3002"", ""date"": ""2018-04-07"", ""score"": 5, ""commentId"": ""205800352"", ""imgs"": [{""small"": ""https://imgs.qunarzz.com/piao/fusion/1804/cb/00992165365d4602.jpg_120x120_800d72bc.jpg"", ""title"": """", ""big"": ""https://imgs.qunarzz.com/piao/fusion/1804/cb/00992165365d4602.jpg""}, {""small"": ""https://imgs.qunarzz.com/piao/fusion/1804/81/b428fa1fc1833102.jpg_120x120_fb844f59.jpg"", ""title"": """", ""big"": ""https://imgs.qunarzz.com/piao/fusion/1804/81/b428fa1fc1833102.jpg""}, {""small"": ""https://imgs.qunarzz.com/piao/fusion/1804/90/595a93be6cb91b02.jpg_120x120_8f109985.jpg"", ""title"": """", ""big"": ""https://imgs.qunarzz.com/piao/fusion/1804/90/595a93be6cb91b02.jpg""}, {""small"": ""https://imgs.qunarzz.com/piao/fusion/1804/77/f7038824bfc88602.jpg_120x120_055d388c.jpg"", ""title"": """", ""big"": ""https://imgs.qunarzz.com/piao/fusion/1804/77/f7038824bfc88602.jpg""}, {""small"": ""https://imgs.qunarzz.com/piao/fusion/1804/c4/914cc68c57817102.jpg_120x120_70bcdac7.jpg"", ""title"": """", ""big"": ""https://imgs.qunarzz.com/piao/fusion/1804/c4/914cc68c57817102.jpg""}, {""small"": ""https://imgs.qunarzz.com/piao/fusion/1804/ac/c835ce1bb2518a02.jpg_120x120_c07b0e7a.jpg"", ""title"": """", ""big"": ""https://imgs.qunarzz.com/piao/fusion/1804/ac/c835ce1bb2518a02.jpg""}, {""small"": ""https://imgs.qunarzz.com/piao/fusion/1804/7d/36b15c4c6fb1702.jpg_120x120_8406e880.jpg"", ""title"": """", ""big"": ""https://imgs.qunarzz.com/piao/fusion/1804/7d/36b15c4c6fb1702.jpg""}, {""small"": ""https://imgs.qunarzz.com/piao/fusion/1804/1d/1f16021f176fa802.jpg_120x120_0a123fa4.jpg"", ""title"": """", ""big"": ""https://imgs.qunarzz.com/piao/fusion/1804/1d/1f16021f176fa802.jpg""}, {""small"": ""https://imgs.qunarzz.com/piao/fusion/1804/3f/d407a0cd94923402.jpg_120x120_d639a229.jpg"", ""title"": """", ""big"": ""https://imgs.qunarzz.com/piao/fusion/1804/3f/d407a0cd94923402.jpg""}], ""userNickName"": ""t*6"", ""replyCityName"": """", ""cityName"": """"}, {""author"": ""\u7cbe*\u4fa0"", ""content"": ""\u9a6c\u575d\u4eba\u9057\u5740\u2014\u2014\u4e2d\u56fd\u4e09\u5927\u539f\u59cb\u4eba\u6d1e\u7a74\u4e4b\u4e00\u3002n\u5e74\u540e\u91cd\u6e38\uff0c\u672c\u53ea\u6253\u7b97\u5916\u89c2\uff0c\u5c45\u7136\u514d\u8d39\u5566\uff01\u8d5e\u4e00\u4e2a\uff01\u4f46\u6e38\u4eba\u8d85\u5c11\uff0c\u522b\u8bf4\u6536\u8d39\u4e86\u3002\u7136\u540e\u53ef\u4ee5\u53bb\u9a6c\u575d\u9547\u95f2\u901b\u2014\u2014\u65e0\u610f\u4e2d\u8def\u8fc7\u70ed\u95f9\u7684\u589f\u5e02\uff0c\u597d\u591a\u7279\u4ea7\u5356\u5440\uff01\u53ef\u60dc\u592a\u91cd\u4e0d\u60f3\u62ff\u5440\uff01\u53ea\u65e0\u5948\u4e70\u4e865\u65a4\u5927\u82a5\u83dc\u5934\uff081\u51431\u65a4\uff09\u56de\u5bb6\u5c1d\u9c9c\uff01"", ""date"": ""2016-07-28"", ""score"": 4, ""commentId"": ""123367741"", ""imgs"": [{""small"": ""https://imgs.qunarzz.com/piao/fusion/1607/bd/c30342dc4f45e442.jpg_120x120_f9492da2.jpg"", ""title"": """", ""big"": ""https://imgs.qunarzz.com/piao/fusion/1607/bd/c30342dc4f45e442.jpg""}], ""userNickName"": ""\u7cbe*\u4fa0"", ""replyCityName"": """", ""cityName"": """"}, {""author"": ""l*1"", ""content"": ""\u6211\u521a\u53bb\uff0c\u73b0\u5728\u4e0d\u8981\u95e8\u7968\u5566"", ""date"": ""2016-04-21"", ""score"": 3, ""commentId"": ""113671182"", ""imgs"": [], ""userNickName"": ""l*1"", ""replyCityName"": """", ""cityName"": """"}, {""author"": ""m*1"", ""content"": ""\u624d\u51e0\u5e74\u4ece20\u5143\u5230150\u5143\uff0c\u6211\u4e5f\u662f\u9189\u4e86\uff012011\u5e74\u53bb\u7684"", ""date"": ""2016-01-30"", ""score"": 2, ""commentId"": ""104036805"", ""imgs"": [], ""userNickName"": ""m*1"", ""replyCityName"": """", ""cityName"": """"}, {""author"": ""k*9"", ""content"": ""\u9a6c\u575d\u4eba\u9057\u5740\u8fd8\u662f\u503c\u5f97\u4e00\u53bb\u7684 \u6e38\u73a9\u65f6\u95f4\u4e00\u4e2a\u591a\u5c0f\u65f6\u5c31\u8db3\u591f\u4e86 \u4f46\u662f\u6700\u597d\u8ddf\u56e2\u53bb \u8fdb\u6eb6\u6d1e\u7684\u65f6\u5019\u6216\u662f\u5230\u666f\u70b9\u624d\u6709\u4eba\u8bb2\u89e3 \u590f\u5929\u53bb\u597d\u51c9\u723d...."", ""date"": ""2015-06-11"", ""score"": 5, ""commentId"": ""53604693"", ""imgs"": [{""small"": ""https://imgs.qunarzz.com/piao/fusion/1506/72/81e5cad9f0d360.jpg_120x120_e7554626.jpg"", ""title"": """", ""big"": ""https://imgs.qunarzz.com/piao/fusion/1506/72/81e5cad9f0d360.jpg""}], ""userNickName"": ""k*9"", ""replyCityName"": """", ""cityName"": """"}], ""score"": 3.8, ""commentCount"": 5}, ""statusCode"": 200}"
张九龄墓,https://imgs.qunarzz.com/sight/p0/201301/25/8f5297b421a03e97c8d65eac.jpg_280x200_0ad92cbe.jpg,韶关市,武江区,广东省韶关市武江区田心乡洪义里武陵原,-1,-1.0,为“开元之治”作出了积极贡献,https://piao.qunar.com/ticket/detail_791691079.html?st=a3clM0QlRTYlQUQlQTYlRTYlQjElOUYlRTUlOEMlQkElMjZpZCUzRDE0ODc1JTI2dHlwZSUzRDAlMjZpZHglM0QyJTI2cXQlM0QlMjZhcGslM0QyJTI2c2MlM0RXV1clMjZ1ciUzRCVFNCVCOCVBRCVFNSVCMSVCMSUyNmxyJTNEJUU0JUI4JUFEJUU1JUIxJUIxJTI2ZnQlM0QlN0IlN0Q%3D#from=mpl_search_suggest,-1.0,N/A,张九龄墓位于韶关市北郊罗源洞山麓。张九龄是唐玄宗开元年间丞相，开元二十八年（公元740年）春，回乡扫墓，因病逝世于其家中，享年63岁，被溢为“文献公”。开元东南方二十九年葬。张九龄家族墓地是广东省重点文物保护单位，墓地前面是张文献公祠，祠堂后山约120米处是张九龄及其妻卢氏、弟张九皋、九章的墓冢，是广东省具有代表性的唐代大墓。张九龄为砖室结构，座北面南，平面呈“古”字形，分墓室、甬道、耳室三部分。墓室为主体建筑，成四角攒尖式顶，长7.98米，宽4.8米，高5.35米，四壁及甬道均有侍女蟠桃园等壁画。墓前神道原有石座像分立于两旁，今有唐岭南节度使、著名书法家徐浩撰写的《神道碑》和杜甫作诗的《故右仆射相国张九公龄诗碑》。墓下有飨堂。今飨堂内还保存着明清以来的碑刻。1690年7月，经文物管事委员会愈墓。,暂无,https://imgs.qunarzz.com/sight/p0/201301/25/8f5297b421a03e97c8d65eac.jpg_710x360_9ff37720.jpg〇https://qimgs.qunarzz.com/piao_qsight_provider_piao_qsight_web/f260f6225d2eb337.jpg_710x360_ed19248a.jpg〇https://qimgs.qunarzz.com/piao_qsight_provider_piao_qsight_web/0b2510a0179918.jpg_710x360_70d3efbf.jpg,"{""ret"": true, ""data"": {""tagList"": [{""tagType"": 0, ""tagScore"": 5, ""tagNum"": 0, ""tagName"": ""\u5168\u90e8""}], ""score"": 0.0, ""commentCount"": 0}, ""statusCode"": 200}"
芙蓉仙洞,https://imgs.qunarzz.com/sight/p99/201211/06/2acb83ff3dea5f4893835fbb.jpg_280x200_ef3964b6.jpg,韶关市,武江区,广东省韶关市武江区芙蓉乡石脚下村,1,4.0,洞内迂回曲折，景观奇特,https://piao.qunar.com/ticket/detail_3625378148.html?st=a3clM0QlRTYlQUQlQTYlRTYlQjElOUYlRTUlOEMlQkElMjZpZCUzRDE1MDg1JTI2dHlwZSUzRDAlMjZpZHglM0QxJTI2cXQlM0QlMjZhcGslM0QyJTI2c2MlM0RXV1clMjZ1ciUzRCVFNCVCOCVBRCVFNSVCMSVCMSUyNmxyJTNEJUU0JUI4JUFEJUU1JUIxJUIxJTI2ZnQlM0QlN0IlN0Q%3D#from=mpl_search_suggest,-1.0,N/A,芙蓉仙洞位于韶关市武江区芙蓉乡石脚下村，距市区12公里。芙蓉仙洞由石英石和石灰岩组成，内有10多个天然大厅和两个支洞，总长约1.4公里，平均高度4米20多米1米。洞内迂回曲折，石笋、石幔、石柱、石钟乳密布其间。洞内景观奇特，有“金鸡独立”、“天马行空”、“神龟出洞”等数十处景点。,暂无,https://imgs.qunarzz.com/sight/p99/201211/06/2acb83ff3dea5f4893835fbb.jpg_710x360_27cac001.jpg,"{""ret"": true, ""data"": {""tagList"": [{""tagType"": 1, ""tagScore"": 5, ""tagNum"": 1, ""tagName"": ""\u597d\u8bc4""}, {""tagType"": 0, ""tagScore"": 5, ""tagNum"": 1, ""tagName"": ""\u5168\u90e8""}], ""commentList"": [{""author"": ""e*9"", ""content"": ""\u53ef\u4ee5\u73a9\u5417 \u53ef\u4ee5\u73a9\u5417  \u53ef\u4ee5\u73a9\u5417"", ""date"": ""2021-03-23"", ""score"": 4, ""commentId"": ""218250764"", ""imgs"": [], ""userNickName"": ""e*9"", ""replyCityName"": """", ""cityName"": """"}], ""score"": 4.0, ""commentCount"": 1}, ""statusCode"": 200}"
经律论国际温泉酒店,https://imgs.qunarzz.com/sight/p0/1703/38/3847509cf73f63f1a3.water.jpg_280x200_0a92b66b.jpg,韶关市,曲江区,广东韶关曲江区小坑国家森林公园内（近251省道）,136,4.9,富含稀有珍贵“氡元素”的温泉水,https://piao.qunar.com/ticket/detail_4044382298.html?st=a3clM0QlRTYlOUIlQjIlRTYlQjElOUYlRTUlOEMlQkElMjZpZCUzRDQ2MjM5NiUyNnR5cGUlM0QwJTI2aWR4JTNEMTAlMjZxdCUzRCUyNmFwayUzRDIlMjZzYyUzRFdXVyUyNnVyJTNEJUU0JUI4JUFEJUU1JUIxJUIxJTI2bHIlM0QlRTQlQjglQUQlRTUlQjElQjElMjZmdCUzRCU3QiU3RA%3D%3D#from=mpl_search_suggest,396.0,N/A,“经律论文化旅游小镇森林温泉世界”以禅修养生、休闲度假、旅游服务为主营业务，单体设计主要采用东南亚地区建筑风格。景区内集温泉、度假、禅修、养生为一体，充分利用已有的优质地热温泉资源、优美清凉山景，完整诠释自然之美，突出以“禅文化”为特色的核心理念。作为一家以五星级标准装修设计的高规格酒店，资深的酒店管 理、专业的餐饮服务、贴心周全的接待，务求将每一个环节做到好。经律论文化旅游小镇度假酒店承袭传统的东南亚建筑风格，高有六层，建筑面积30284平方米，外观气势恢宏；酒店内部配备有现代化的奢华设施和设备，此外，每间客房均接通富含稀有珍贵“氡元素”的温泉水，可以足不出户，直接享受温泉的滋养。“经律论文化旅游小镇森林温泉世界”占地16.8公顷，位于广东省韶关市曲江区小坑镇小坑国家森林公园内，距广州约200公里，距韶关市区仅约 30公里。,01/01-12/31；08:00-00:00开园,https://imgs.qunarzz.com/sight/p0/1703/38/3847509cf73f63f1a3.water.jpg_710x360_543c5d28.jpg〇https://imgs.qunarzz.com/sight/p0/1908/51/5156dcb1a05ec9b7a3.img.jpg_710x360_3598192a.jpg〇https://imgs.qunarzz.com/sight/p0/1908/2e/2e4b6fcdd989a857a3.img.jpg_710x360_4d71abac.jpg〇https://imgs.qunarzz.com/sight/p0/1908/cb/cbe95bdda26603d8a3.img.jpg_710x360_059c70ad.jpg〇https://imgs.qunarzz.com/sight/p0/1908/82/82348ee660ae2d8aa3.img.jpg_710x360_5503d578.jpg〇https://imgs.qunarzz.com/sight/p0/1908/ec/ec5d8be5af7d6e14a3.img.jpg_710x360_e17572b2.jpg〇https://imgs.qunarzz.com/sight/p0/1908/35/35551eec4b67e835a3.img.jpg_710x360_cf358855.jpg〇https://imgs.qunarzz.com/sight/p0/1908/4c/4cc638b1032524cba3.img.jpg_710x360_dff890ae.jpg〇https://imgs.qunarzz.com/sight/p0/1908/a6/a6fdcb1a30c151e4a3.img.jpg_710x360_da04acef.jpg〇https://imgs.qunarzz.com/sight/p0/1908/82/82aa37926215a798a3.img.jpg_710x360_ef689381.jpg〇https://imgs.qunarzz.com/sight/p0/1908/8f/8fb32a1b281ceb54a3.img.jpg_710x360_894bedca.jpg〇https://imgs.qunarzz.com/sight/p0/1703/a8/a88c8d716183bbf6a3.water.jpg_710x360_d21aa314.jpg,"{""ret"": true, ""data"": {""tagList"": [{""tagType"": 3, ""tagScore"": 5, ""tagNum"": 3, ""tagName"": ""\u5dee\u8bc4""}, {""tagType"": 1, ""tagScore"": 5, ""tagNum"": 133, ""tagName"": ""\u597d\u8bc4""}, {""tagType"": 0, ""tagScore"": 5, ""tagNum"": 136, ""tagName"": ""\u5168\u90e8""}], ""commentList"": [{""author"": ""\u53bb*\u6237"", ""content"": ""\u7528\u6237\u672a\u70b9\u8bc4\uff0c\u7cfb\u7edf\u9ed8\u8ba4\u597d\u8bc4\u3002"", ""date"": ""2024-12-25"", ""score"": 5, ""commentId"": ""239361492"", ""imgs"": [], ""userNickName"": ""\u53bb*\u6237"", ""replyCityName"": """", ""cityName"": """"}, {""author"": ""\u85e4*\u6b27"", ""content"": ""\u7528\u6237\u672a\u70b9\u8bc4\uff0c\u7cfb\u7edf\u9ed8\u8ba4\u597d\u8bc4\u3002"", ""date"": ""2024-12-24"", ""score"": 5, ""commentId"": ""239339111"", ""imgs"": [], ""userNickName"": ""\u85e4*\u6b27"", ""replyCityName"": """", ""cityName"": """"}, {""author"": ""\u53bb*\u6237"", ""content"": ""\u7528\u6237\u672a\u70b9\u8bc4\uff0c\u7cfb\u7edf\u9ed8\u8ba4\u597d\u8bc4\u3002"", ""date"": ""2024-11-12"", ""score"": 5, ""commentId"": ""238732113"", ""imgs"": [], ""userNickName"": ""\u53bb*\u6237"", ""replyCityName"": """", ""cityName"": """"}, {""author"": ""t*0"", ""content"": ""\u7528\u6237\u672a\u70b9\u8bc4\uff0c\u7cfb\u7edf\u9ed8\u8ba4\u597d\u8bc4\u3002"", ""date"": ""2024-10-31"", ""score"": 5, ""commentId"": ""237929334"", ""imgs"": [], ""userNickName"": ""t*0"", ""replyCityName"": """", ""cityName"": """"}, {""author"": ""W*1"", ""content"": ""\u7528\u6237\u672a\u70b9\u8bc4\uff0c\u7cfb\u7edf\u9ed8\u8ba4\u597d\u8bc4\u3002"", ""date"": ""2024-07-19"", ""score"": 5, ""commentId"": ""234892465"", ""imgs"": [], ""userNickName"": ""W*1"", ""replyCityName"": """", ""cityName"": """"}, {""author"": ""\u53bb*\u6237"", ""content"": ""\u7528\u6237\u672a\u70b9\u8bc4\uff0c\u7cfb\u7edf\u9ed8\u8ba4\u597d\u8bc4\u3002"", ""date"": ""2024-07-16"", ""score"": 5, ""commentId"": ""234843579"", ""imgs"": [], ""userNickName"": ""\u53bb*\u6237"", ""replyCityName"": """", ""cityName"": """"}, {""author"": ""\u8354*1"", ""content"": ""\u7528\u6237\u672a\u70b9\u8bc4\uff0c\u7cfb\u7edf\u9ed8\u8ba4\u597d\u8bc4\u3002"", ""date"": ""2024-07-10"", ""score"": 5, ""commentId"": ""234701660"", ""imgs"": [], ""userNickName"": ""\u8354*1"", ""replyCityName"": """", ""cityName"": """"}, {""author"": ""n*2"", ""content"": ""\u7528\u6237\u672a\u70b9\u8bc4\uff0c\u7cfb\u7edf\u9ed8\u8ba4\u597d\u8bc4\u3002"", ""date"": ""2024-07-02"", ""score"": 5, ""commentId"": ""234558631"", ""imgs"": [], ""userNickName"": ""n*2"", ""replyCityName"": """", ""cityName"": """"}, {""author"": ""n*2"", ""content"": ""\u7528\u6237\u672a\u70b9\u8bc4\uff0c\u7cfb\u7edf\u9ed8\u8ba4\u597d\u8bc4\u3002"", ""date"": ""2024-07-01"", ""score"": 5, ""commentId"": ""234546678"", ""imgs"": [], ""userNickName"": ""n*2"", ""replyCityName"": """", ""cityName"": """"}, {""author"": ""\u79c0*\u5218"", ""content"": ""\u7528\u6237\u672a\u70b9\u8bc4\uff0c\u7cfb\u7edf\u9ed8\u8ba4\u597d\u8bc4\u3002"", ""date"": ""2023-05-30"", ""score"": 5, ""commentId"": ""225691908"", ""imgs"": [], ""userNickName"": ""\u79c0*\u5218"", ""replyCityName"": """", ""cityName"": """"}], ""score"": 4.9, ""commentCount"": 136}, ""statusCode"": 200}"
乳源通天萝森林公园,https://imgs.qunarzz.com/sight/p0/201301/05/902f76359c9b790393835fbb.png_280x200_36a7d83d.png,韶关市,乳源瑶族自治县,广东省韶关市乳源县大桥镇,-1,-1.0,整个洞穴四壁反坡峭立，呈倒立梯形,https://piao.qunar.com/ticket/detail_2269721711.html?st=a3clM0QlRTQlQjklQjMlRTYlQkElOTAlRTclOTElQjYlRTYlOTclOEYlRTglODclQUElRTYlQjIlQkIlRTUlOEUlQkYlMjZpZCUzRDM3NDYzJTI2dHlwZSUzRDAlMjZpZHglM0QxOSUyNnF0JTNEJTI2YXBrJTNEMiUyNnNjJTNEV1dXJTI2dXIlM0QlRTQlQjglQUQlRTUlQjElQjElMjZsciUzRCVFNCVCOCVBRCVFNSVCMSVCMSUyNmZ0JTNEJTdCJTdE#from=mpl_search_suggest,-1.0,N/A,通天箩在地质学上叫漏斗，是因为南方地区雨量充沛，在石灰岩地质区，雨水沿着岩石的裂隙渗入地下，一路溶蚀四壁，逐渐扩大，在地下形成大型的溶洞。溶洞的洞顶在重力的作用下，不断往下崩,暂无,https://imgs.qunarzz.com/sight/p0/201301/05/902f76359c9b790393835fbb.png_710x360_98d33a19.png〇https://imgs.qunarzz.com/sight/p0/201301/05/abfa5d8e2285174593835fbb.png_710x360_4d75b2c9.png〇https://imgs.qunarzz.com/sight/p0/201301/05/b519ad1c0ef0d1b893835fbb.png_710x360_6b71d731.png,"{""ret"": true, ""data"": {""tagList"": [{""tagType"": 0, ""tagScore"": 5, ""tagNum"": 0, ""tagName"": ""\u5168\u90e8""}], ""score"": 0.0, ""commentCount"": 0}, ""statusCode"": 200}"
亲同学罗坑大草原露营地,https://imgs.qunarzz.com/sight/p0/2203/aa/aa296222a271c662a3.img.jpg_280x200_d78847bd.jpg,韶关市,曲江区,广东省韶关市曲江区罗坑镇中心坝村,2,5.0,"原生态的自然，
也有绚烂的日落。
轻装上阵，约上三五好友，
到大自然尽情玩乐
有美食相伴，看电影喝酒侃大山
h",https://piao.qunar.com/ticket/detail_793289349.html?st=a3clM0QlRTYlOUIlQjIlRTYlQjElOUYlRTUlOEMlQkElMjZpZCUzRDUxNDIyNyUyNnR5cGUlM0QwJTI2aWR4JTNEOSUyNnF0JTNEJTI2YXBrJTNEMiUyNnNjJTNEV1dXJTI2dXIlM0QlRTQlQjglQUQlRTUlQjElQjElMjZsciUzRCVFNCVCOCVBRCVFNSVCMSVCMSUyNmZ0JTNEJTdCJTdE#from=mpl_search_suggest,318.0,N/A,原生态的自然，也有绚烂的日落。轻装上阵，约上三五好友，到大自然尽情玩乐有美食相伴，看电影喝酒侃大山happy到第二天才回家，给自己充电放松的一天！,01/01-12/31；12:00-22:00开园,https://imgs.qunarzz.com/sight/p0/2203/aa/aa296222a271c662a3.img.jpg_710x360_9b03969c.jpg〇https://imgs.qunarzz.com/sight/p0/2203/ff/ffb353d903efe66da3.img.jpg_710x360_28a44997.jpg〇https://imgs.qunarzz.com/sight/p0/2203/97/97e96a89cc4b6500a3.img.jpg_710x360_57c879fa.jpg〇https://imgs.qunarzz.com/sight/p0/2203/f4/f4e5880924a13df7a3.img.jpg_710x360_69fc64fd.jpg〇https://imgs.qunarzz.com/sight/p0/2203/30/3022a331fc2d4cba3.img.jpg_710x360_5f86351f.jpg〇https://imgs.qunarzz.com/sight/p0/2203/18/18be439562d19432a3.img.jpg_710x360_548e998a.jpg〇https://imgs.qunarzz.com/sight/p0/2203/78/786fd367d953650ea3.img.jpg_710x360_d9722a74.jpg〇https://imgs.qunarzz.com/sight/p0/2203/5d/5da3bb51d5849b92a3.img.jpg_710x360_0c1b6426.jpg〇https://imgs.qunarzz.com/sight/p0/2203/b9/b91c73611e7b0214a3.img.jpg_710x360_e20e33af.jpg,"{""ret"": true, ""data"": {""tagList"": [{""tagType"": 1, ""tagScore"": 5, ""tagNum"": 2, ""tagName"": ""\u597d\u8bc4""}, {""tagType"": 0, ""tagScore"": 5, ""tagNum"": 2, ""tagName"": ""\u5168\u90e8""}], ""commentList"": [{""author"": ""\u53bb*\u6237"", ""content"": ""\u7528\u6237\u672a\u70b9\u8bc4\uff0c\u7cfb\u7edf\u9ed8\u8ba4\u597d\u8bc4\u3002"", ""date"": ""2023-05-31"", ""score"": 5, ""commentId"": ""225764211"", ""imgs"": [], ""userNickName"": ""\u53bb*\u6237"", ""replyCityName"": """", ""cityName"": """"}, {""author"": ""A*5"", ""content"": ""\u7528\u6237\u672a\u70b9\u8bc4\uff0c\u7cfb\u7edf\u9ed8\u8ba4\u597d\u8bc4\u3002"", ""date"": ""2022-09-07"", ""score"": 5, ""commentId"": ""223163423"", ""imgs"": [], ""userNickName"": ""A*5"", ""replyCityName"": """", ""cityName"": """"}], ""score"": 5.0, ""commentCount"": 2}, ""statusCode"": 200}"
华家班赛车主题公园,https://qimgs.qunarzz.com/piao_qsight_provider_piao_qsight_web/010681200097mxrf42C31_C_900_504.jpg_280x200_96e624da.jpg,韶关市,曲江区,韶关市曲江区沙溪镇东华村委新段村,2,5.0,华家班赛车公园位于韶关市曲江区沙溪镇东华村，华家班赛车场“双循环超短赛道”是由我国2002年获得“飞车王”称号的华庆先先,https://piao.qunar.com/ticket/detail_2929246916.html?st=a3clM0QlRTYlOUIlQjIlRTYlQjElOUYlRTUlOEMlQkElMjZpZCUzRDUxMzQzNiUyNnR5cGUlM0QwJTI2aWR4JTNEOCUyNnF0JTNEJTI2YXBrJTNEMiUyNnNjJTNEV1dXJTI2dXIlM0QlRTQlQjglQUQlRTUlQjElQjElMjZsciUzRCVFNCVCOCVBRCVFNSVCMSVCMSUyNmZ0JTNEJTdCJTdE#from=mpl_search_suggest,128.0,N/A,华家班赛车公园位于韶关市曲江区沙溪镇东华村，华家班赛车场“双循环超短赛道”是由我国2002年获得“飞车王”称号的华庆先先生，经过多年的国内外赛事实践所获得的经验、总结而设计出来的国内专业封闭沙石路双车道赛，全长1.8公里。赛车运动具有的刺激性、趣味性、观赏性将会受到越来越多赛车运动爱好者的关注，未来几年，华家班赛车场将会不断的举办各级别的汽车赛事。园内有赛车PK+汽车特技表演观看，多款好玩游乐项目：卡丁车、高空滑索、步步惊心、波波池等,01/01-09/30；周一至周日；09:00-17:30开园,https://qimgs.qunarzz.com/piao_qsight_provider_piao_qsight_web/010681200097mxrf42C31_C_900_504.jpg_710x360_9d498e7d.jpg〇https://qimgs.qunarzz.com/piao_qsight_provider_piao_qsight_web/010101200097mxpiyA2B1_C_900_504_Q90_Mtg_7.jpg_710x360_e15ed6eb.jpg〇https://qimgs.qunarzz.com/piao_qsight_provider_piao_qsight_web/0102s1200097mxoc9AB73_C_900_504_Q90_Mtg_7.jpg_710x360_b06cced5.jpg〇https://qimgs.qunarzz.com/piao_qsight_provider_piao_qsight_web/0106z1200097mxkao4CC4_C_900_504_Q90_Mtg_7.jpg_710x360_4ca552be.jpg〇https://qimgs.qunarzz.com/piao_qsight_provider_piao_qsight_web/0105f1200097mxpiv25C6_C_900_504_Q90_Mtg_7.jpg_710x360_9fa586bb.jpg〇https://qimgs.qunarzz.com/piao_qsight_provider_piao_qsight_web/0105g1200097mxq3lB42B_C_900_504_Q90_Mtg_7.jpg_710x360_8e28735a.jpg〇https://qimgs.qunarzz.com/piao_qsight_provider_piao_qsight_web/010181200097mxbnz44C9_C_900_504_Q90_Mtg_7.jpg_710x360_cb0edaa9.jpg〇https://qimgs.qunarzz.com/piao_qsight_provider_piao_qsight_web/0106q1200097mxr9i472E_C_900_504_Q90_Mtg_7.jpg_710x360_41783076.jpg〇https://qimgs.qunarzz.com/piao_qsight_provider_piao_qsight_web/0102v1200097mxpvq9EC9_C_900_504_Q90_Mtg_7.jpg_710x360_17652530.jpg〇https://qimgs.qunarzz.com/piao_qsight_provider_piao_qsight_web/0102m1200097mxd1jC3CE_C_900_504_Q90_Mtg_7.jpg_710x360_bbb97617.jpg〇https://qimgs.qunarzz.com/piao_qsight_provider_piao_qsight_web/010681200097mxrf42C31_C_900_504_Q90_Mtg_7.jpg_710x360_a2501310.jpg〇https://imgs.qunarzz.com/sight/p0/2112/c1/c1eeaabd5f71f5b4a3.img.jpg_710x360_c3b3c43e.jpg〇https://imgs.qunarzz.com/sight/p0/2112/3e/3e2de74865e93289a3.img.jpg_710x360_ce190732.jpg〇https://imgs.qunarzz.com/sight/p0/2112/86/86ab3279fa6347aba3.img.jpg_710x360_9b2afe73.jpg〇https://imgs.qunarzz.com/sight/p0/2112/7d/7d2c1815b5595822a3.img.jpg_710x360_51b2437c.jpg,"{""ret"": true, ""data"": {""tagList"": [{""tagType"": 1, ""tagScore"": 5, ""tagNum"": 2, ""tagName"": ""\u597d\u8bc4""}, {""tagType"": 0, ""tagScore"": 5, ""tagNum"": 2, ""tagName"": ""\u5168\u90e8""}], ""commentList"": [{""author"": ""\u53bb*\u6237"", ""content"": ""\u7528\u6237\u672a\u70b9\u8bc4\uff0c\u7cfb\u7edf\u9ed8\u8ba4\u597d\u8bc4\u3002"", ""date"": ""2023-09-26"", ""score"": 5, ""commentId"": ""229110735"", ""imgs"": [], ""userNickName"": ""\u53bb*\u6237"", ""replyCityName"": """", ""cityName"": """"}, {""author"": ""b*6"", ""content"": ""\u7528\u6237\u672a\u70b9\u8bc4\uff0c\u7cfb\u7edf\u9ed8\u8ba4\u597d\u8bc4\u3002"", ""date"": ""2023-02-22"", ""score"": 5, ""commentId"": ""224214599"", ""imgs"": [], ""userNickName"": ""b*6"", ""replyCityName"": """", ""cityName"": """"}], ""score"": 5.0, ""commentCount"": 2}, ""statusCode"": 200}"
水缘温泉,https://qimgs.qunarzz.com/piao_qsight_provider_piao_qsight_web/0103s120008xdjazrE04F_C_900_504.png_280x200_f04b7366.png,韶关市,曲江区,韶关市曲江区大塘镇汤溪村杨屋村57号,11,5.0,水缘温泉分三期工程建设，以养生为主题，现一期工程已建成投入使用的项目包含有：3个大型户外温泉池和7个*能不同的养生温泉泡,https://piao.qunar.com/ticket/detail_3964155375.html?st=a3clM0QlRTYlOUIlQjIlRTYlQjElOUYlRTUlOEMlQkElMjZpZCUzRDUxMjYyMSUyNnR5cGUlM0QwJTI2aWR4JTNENyUyNnF0JTNEJTI2YXBrJTNEMiUyNnNjJTNEV1dXJTI2dXIlM0QlRTQlQjglQUQlRTUlQjElQjElMjZsciUzRCVFNCVCOCVBRCVFNSVCMSVCMSUyNmZ0JTNEJTdCJTdE#from=mpl_search_suggest,50.0,N/A,水缘温泉分三期工程建设，以养生为主题，现一期工程已建成投入使用的项目包含有：3个大型户外温泉池和7个*能不同的养生温泉泡池，可以满足不同人群体验所需；大堂首层明艺世家红木家具展厅，展出来自东南亚地区风格各式的家具，让你身心感受来自东南亚的异域风情；另外有36间中式设计风格，自带室内温泉泡池的客房；七栋3室2厅东南亚风格，自带室内温泉养生泡池的别墅，浪漫温馨有品味；还配置有5间娱乐棋牌室及1间多*能会议室（可作KTV使用），为不同需求的宾客提供多项选择；周边餐饮配套成熟，本土风味餐厅出品更是颇受好评。,1/1-12/31；周一至周日；09:00-23:59开园；（23:00停止入园）,https://qimgs.qunarzz.com/piao_qsight_provider_piao_qsight_web/0103s120008xdjazrE04F_C_900_504.png_710x360_42233646.png〇https://qimgs.qunarzz.com/piao_qsight_provider_piao_qsight_web/0106h120008xdjd100EB1_C_900_504_Q90_Mtg_7.jpg_710x360_6495d5d7.jpg〇https://qimgs.qunarzz.com/piao_qsight_provider_piao_qsight_web/0106b120008xdjgsa4C2C_C_900_504_Q90_Mtg_7.jpg_710x360_7c018e7c.jpg〇https://qimgs.qunarzz.com/piao_qsight_provider_piao_qsight_web/01073120008xdjctj470D_C_900_504_Q90_Mtg_7.jpg_710x360_19c7a2f8.jpg〇https://qimgs.qunarzz.com/piao_qsight_provider_piao_qsight_web/01004120008xdjgsb76A8_C_900_504_Q90_Mtg_7.jpg_710x360_4451046a.jpg〇https://qimgs.qunarzz.com/piao_qsight_provider_piao_qsight_web/0104i120008xdj6u291D4_C_900_504_Q90_Mtg_7.jpg_710x360_3b43bd11.jpg〇https://qimgs.qunarzz.com/piao_qsight_provider_piao_qsight_web/0106j120008xdj9b602F4_C_900_504_Q90_Mtg_7.jpg_710x360_81c00a6d.jpg〇https://qimgs.qunarzz.com/piao_qsight_provider_piao_qsight_web/0103d120008xdjglxBCF6_C_900_504_Q90_Mtg_7.jpg_710x360_94c2eb88.jpg〇https://qimgs.qunarzz.com/piao_qsight_provider_piao_qsight_web/01007120008xdj7fq8BE3_C_900_504_Q90_Mtg_7.jpg_710x360_5ba59252.jpg〇https://qimgs.qunarzz.com/piao_qsight_provider_piao_qsight_web/0100c120008xdj9b71440_C_900_504_Q90_Mtg_7.jpg_710x360_94465023.jpg〇https://qimgs.qunarzz.com/piao_qsight_provider_piao_qsight_web/0103s120008xdjazrE04F_C_900_504_Q90_Mtg_7.png_710x360_631e655b.png,"{""ret"": true, ""data"": {""tagList"": [{""tagType"": 1, ""tagScore"": 5, ""tagNum"": 11, ""tagName"": ""\u597d\u8bc4""}, {""tagType"": 0, ""tagScore"": 5, ""tagNum"": 11, ""tagName"": ""\u5168\u90e8""}], ""commentList"": [{""author"": ""\u53bb*\u6237"", ""content"": ""\u7528\u6237\u672a\u70b9\u8bc4\uff0c\u7cfb\u7edf\u9ed8\u8ba4\u597d\u8bc4\u3002"", ""date"": ""2024-11-03"", ""score"": 5, ""commentId"": ""238292356"", ""imgs"": [], ""userNickName"": ""\u53bb*\u6237"", ""replyCityName"": """", ""cityName"": """"}, {""author"": ""h*1"", ""content"": ""\u7528\u6237\u672a\u70b9\u8bc4\uff0c\u7cfb\u7edf\u9ed8\u8ba4\u597d\u8bc4\u3002"", ""date"": ""2024-10-27"", ""score"": 5, ""commentId"": ""237855251"", ""imgs"": [], ""userNickName"": ""h*1"", ""replyCityName"": """", ""cityName"": """"}, {""author"": ""f*9"", ""content"": ""\u7528\u6237\u672a\u70b9\u8bc4\uff0c\u7cfb\u7edf\u9ed8\u8ba4\u597d\u8bc4\u3002"", ""date"": ""2024-03-17"", ""score"": 5, ""commentId"": ""232407802"", ""imgs"": [], ""userNickName"": ""f*9"", ""replyCityName"": """", ""cityName"": """"}, {""author"": ""\u5f90*\u5a07"", ""content"": ""\u7528\u6237\u672a\u70b9\u8bc4\uff0c\u7cfb\u7edf\u9ed8\u8ba4\u597d\u8bc4\u3002"", ""date"": ""2024-03-15"", ""score"": 5, ""commentId"": ""232227395"", ""imgs"": [], ""userNickName"": ""\u5f90*\u5a07"", ""replyCityName"": """", ""cityName"": """"}, {""author"": ""\u5f90*\u5a07"", ""content"": ""\u7528\u6237\u672a\u70b9\u8bc4\uff0c\u7cfb\u7edf\u9ed8\u8ba4\u597d\u8bc4\u3002"", ""date"": ""2024-03-15"", ""score"": 5, ""commentId"": ""232226480"", ""imgs"": [], ""userNickName"": ""\u5f90*\u5a07"", ""replyCityName"": """", ""cityName"": """"}, {""author"": ""c*6"", ""content"": ""\u7528\u6237\u672a\u70b9\u8bc4\uff0c\u7cfb\u7edf\u9ed8\u8ba4\u597d\u8bc4\u3002"", ""date"": ""2024-01-30"", ""score"": 5, ""commentId"": ""231205983"", ""imgs"": [], ""userNickName"": ""c*6"", ""replyCityName"": """", ""cityName"": """"}, {""author"": ""k*6"", ""content"": ""\u7528\u6237\u672a\u70b9\u8bc4\uff0c\u7cfb\u7edf\u9ed8\u8ba4\u597d\u8bc4\u3002"", ""date"": ""2023-02-26"", ""score"": 5, ""commentId"": ""224447275"", ""imgs"": [], ""userNickName"": ""k*6"", ""replyCityName"": """", ""cityName"": """"}, {""author"": ""y*7"", ""content"": ""\u7528\u6237\u672a\u70b9\u8bc4\uff0c\u7cfb\u7edf\u9ed8\u8ba4\u597d\u8bc4\u3002"", ""date"": ""2023-02-23"", ""score"": 5, ""commentId"": ""224277755"", ""imgs"": [], ""userNickName"": ""y*7"", ""replyCityName"": """", ""cityName"": """"}, {""author"": ""f*0"", ""content"": ""\u7528\u6237\u672a\u70b9\u8bc4\uff0c\u7cfb\u7edf\u9ed8\u8ba4\u597d\u8bc4\u3002"", ""date"": ""2022-12-19"", ""score"": 5, ""commentId"": ""223880911"", ""imgs"": [], ""userNickName"": ""f*0"", ""replyCityName"": """", ""cityName"": """"}, {""author"": ""z*3"", ""content"": ""\u7528\u6237\u672a\u70b9\u8bc4\uff0c\u7cfb\u7edf\u9ed8\u8ba4\u597d\u8bc4\u3002"", ""date"": ""2022-03-28"", ""score"": 5, ""commentId"": ""222209785"", ""imgs"": [], ""userNickName"": ""z*3"", ""replyCityName"": """", ""cityName"": """"}], ""score"": 5.0, ""commentCount"": 11}, ""statusCode"": 200}"
汤溪水上乐园,https://qimgs.qunarzz.com/piao_qsight_provider_piao_qsight_web/01042120008xdhfjg859C_C_900_504.jpg_280x200_031f11ed.jpg,韶关市,曲江区,广东省韶关市曲江区汤溪村委会李屋村,3,5.0,N/A,https://piao.qunar.com/ticket/detail_429252082.html?st=a3clM0QlRTYlOUIlQjIlRTYlQjElOUYlRTUlOEMlQkElMjZpZCUzRDUxODAyMSUyNnR5cGUlM0QwJTI2aWR4JTNENiUyNnF0JTNEJTI2YXBrJTNEMiUyNnNjJTNEV1dXJTI2dXIlM0QlRTQlQjglQUQlRTUlQjElQjElMjZsciUzRCVFNCVCOCVBRCVFNSVCMSVCMSUyNmZ0JTNEJTdCJTdE#from=mpl_search_suggest,43.6,N/A,N/A,1/1-12/31；周一至周日；09:00-23:00开园；（22:00停止入园）,https://qimgs.qunarzz.com/piao_qsight_provider_piao_qsight_web/01042120008xdhfjg859C_C_900_504.jpg_710x360_84e91297.jpg〇https://qimgs.qunarzz.com/piao_qsight_provider_piao_qsight_web/0105d120008xdhlcuFD7C_C_900_504_Q90_Mtg_7.jpg_710x360_6b2f7fc3.jpg〇https://qimgs.qunarzz.com/piao_qsight_provider_piao_qsight_web/0103f120008xdhk3993C6_C_900_504_Q90_Mtg_7.jpg_710x360_11aee160.jpg〇https://qimgs.qunarzz.com/piao_qsight_provider_piao_qsight_web/01042120008xdhfjg859C_C_900_504_Q90_Mtg_7.jpg_710x360_8a0415a1.jpg,"{""ret"": true, ""data"": {""tagList"": [{""tagType"": 1, ""tagScore"": 5, ""tagNum"": 3, ""tagName"": ""\u597d\u8bc4""}, {""tagType"": 0, ""tagScore"": 5, ""tagNum"": 3, ""tagName"": ""\u5168\u90e8""}], ""commentList"": [{""author"": ""\u53bb*\u6237"", ""content"": ""\u7528\u6237\u672a\u70b9\u8bc4\uff0c\u7cfb\u7edf\u9ed8\u8ba4\u597d\u8bc4\u3002"", ""date"": ""2024-03-17"", ""score"": 5, ""commentId"": ""232398742"", ""imgs"": [], ""userNickName"": ""\u53bb*\u6237"", ""replyCityName"": """", ""cityName"": """"}, {""author"": ""a*0"", ""content"": ""\u7528\u6237\u672a\u70b9\u8bc4\uff0c\u7cfb\u7edf\u9ed8\u8ba4\u597d\u8bc4\u3002"", ""date"": ""2024-01-25"", ""score"": 5, ""commentId"": ""231131931"", ""imgs"": [], ""userNickName"": ""a*0"", ""replyCityName"": """", ""cityName"": """"}, {""author"": ""a*0"", ""content"": ""\u7528\u6237\u672a\u70b9\u8bc4\uff0c\u7cfb\u7edf\u9ed8\u8ba4\u597d\u8bc4\u3002"", ""date"": ""2024-01-25"", ""score"": 5, ""commentId"": ""231131929"", ""imgs"": [], ""userNickName"": ""a*0"", ""replyCityName"": """", ""cityName"": """"}], ""score"": 5.0, ""commentCount"": 3}, ""statusCode"": 200}"
枫湾温泉度假村,https://qimgs.qunarzz.com/piao_qsight_provider_piao_qsight_web/100t1f000001gqa5y5A83_C_900_504.jpg_280x200_72fad796.jpg,韶关市,曲江区,广东省韶关市曲江区枫湾镇白水村白水小学斜对面,14,5.0,来体验一番具有美容疗养功效的真温泉,https://piao.qunar.com/ticket/detail_4242364903.html?st=a3clM0QlRTYlOUIlQjIlRTYlQjElOUYlRTUlOEMlQkElMjZpZCUzRDQ2ODYxMCUyNnR5cGUlM0QwJTI2aWR4JTNENSUyNnF0JTNEJTI2YXBrJTNEMiUyNnNjJTNEV1dXJTI2dXIlM0QlRTQlQjglQUQlRTUlQjElQjElMjZsciUzRCVFNCVCOCVBRCVFNSVCMSVCMSUyNmZ0JTNEJTdCJTdE#from=mpl_search_suggest,38.0,N/A,枫湾温泉为韶关最早的温矿泉，过去一直是韶关最著名的“工人疗养院”，大家都是慕名而来，来体验一番具有美容疗养*效的真温泉。进温泉区后映入眼帘的这个“瑶池”，是枫湾温泉的泉眼所在，是最受游客喜爱的池之一。这个特色养生池“瑶池”特别引人注意，它是自涌泉眼，其自涌量达4000m³/日，出水口温保持在50度左右，属国内罕见。温泉水经排水口外排，不重复利用，是韶关市申评“温泉之乡”唯一的标志性代表。水中游离碳酸高达315毫克/升（国际矿泉标准量为：达250毫克/升已属“碳酸泉”），属温泉中的极品—“淡温泉”，其所含碳酸和其它微量元素有良好的医疗作用，浸泡后配合各式保健按摩可达到养颜美肤、延年益寿等*效。枫湾温泉占地面积约8万多平方米，温泉池可不是一般的多，光是大大小小的*能池就多达30多个。亲亲鱼疗池、中药养生池、温水游泳池、高温温泉池、温矿床等，任你玩个够泡个够！泡一下再在温炕床稍作休息，缓解旅途的奔波工作的疲惫，或者去桑拿房蒸一蒸排排体内湿气。到了夏天，从远处的山上引来清凉的山泉水供给大型冲浪池、国标游泳池、儿童嬉戏池等，一年四季都可以来这休闲放松~度假村在四周群山环抱之中，空气当中含80％负离子，几千棵桂花树香气怡人，林木花草覆盖率达90%以上。建筑风格独特，极具古代园林的浓郁气息。夏季平均温度在20~25度之间，早晚清凉，是休闲养生的极佳之地。,1/1-12/31；周一至周日；15:00-23:59开园；（23:00停止入园）,https://qimgs.qunarzz.com/piao_qsight_provider_piao_qsight_web/100t1f000001gqa5y5A83_C_900_504.jpg_710x360_141a14ce.jpg〇https://qimgs.qunarzz.com/piao_qsight_provider_piao_qsight_web/1lo2012000btp46ryB77A_C_900_504_Q90_Mtg_7.jpg_710x360_378b6269.jpg〇https://qimgs.qunarzz.com/piao_qsight_provider_piao_qsight_web/1lo4m12000btp46r83ECB_C_900_504_Q90_Mtg_7.jpg_710x360_2a5da5ed.jpg〇https://qimgs.qunarzz.com/piao_qsight_provider_piao_qsight_web/1lo1u12000btp49ly3BAE_C_900_504_Q90_Mtg_7.jpg_710x360_d41c9d6c.jpg〇https://qimgs.qunarzz.com/piao_qsight_provider_piao_qsight_web/1lo2w12000btp3ypg34DB_C_900_504_Q90_Mtg_7.jpg_710x360_52a2da01.jpg〇https://qimgs.qunarzz.com/piao_qsight_provider_piao_qsight_web/100n0t000000ijkdw6BEF_C_900_504_Q90_Mtg_7.jpg_710x360_1b84410d.jpg〇https://qimgs.qunarzz.com/piao_qsight_provider_piao_qsight_web/100h0t000000im2spAA6B_C_900_504_Q90_Mtg_7.jpg_710x360_77e873ea.jpg〇https://qimgs.qunarzz.com/piao_qsight_provider_piao_qsight_web/1lo2m12000btp3xiwB4FC_C_900_504_Q90_Mtg_7.jpg_710x360_01d3d705.jpg〇https://qimgs.qunarzz.com/piao_qsight_provider_piao_qsight_web/1lo6q12000btp41lm87FB_C_900_504_Q90_Mtg_7.jpg_710x360_6c8170ef.jpg〇https://qimgs.qunarzz.com/piao_qsight_provider_piao_qsight_web/1lo6j12000btp4617F151_C_900_504_Q90_Mtg_7.jpg_710x360_13048c95.jpg〇https://qimgs.qunarzz.com/piao_qsight_provider_piao_qsight_web/100t1f000001gqa5y5A83_C_900_504_Q90_Mtg_7.jpg_710x360_32521ba8.jpg〇https://imgs.qunarzz.com/sight/p0/1806/ad/ad9eb86f190a1cb3a3.img.jpg_710x360_169efa83.jpg〇https://imgs.qunarzz.com/sight/p0/1806/ea/ea70add762a2b9b5a3.img.jpg_710x360_97373491.jpg〇https://imgs.qunarzz.com/sight/p0/1806/dc/dcb88b4bb2e45508a3.img.jpg_710x360_a99842b1.jpg〇https://imgs.qunarzz.com/sight/p0/1806/38/383e0af4a231a6a8a3.img.jpg_710x360_179b4340.jpg〇https://imgs.qunarzz.com/sight/p0/1806/8c/8c752068e7b36eb3a3.img.jpg_710x360_6dbdb0aa.jpg〇https://imgs.qunarzz.com/sight/p0/1806/63/631b9eee4d5112c1a3.img.jpg_710x360_9b81148b.jpg,"{""ret"": true, ""data"": {""tagList"": [{""tagType"": 1, ""tagScore"": 5, ""tagNum"": 14, ""tagName"": ""\u597d\u8bc4""}, {""tagType"": 0, ""tagScore"": 5, ""tagNum"": 14, ""tagName"": ""\u5168\u90e8""}], ""commentList"": [{""author"": ""z*2"", ""content"": ""\u7528\u6237\u672a\u70b9\u8bc4\uff0c\u7cfb\u7edf\u9ed8\u8ba4\u597d\u8bc4\u3002"", ""date"": ""2024-01-31"", ""score"": 5, ""commentId"": ""231268227"", ""imgs"": [], ""userNickName"": ""z*2"", ""replyCityName"": """", ""cityName"": """"}, {""author"": ""z*2"", ""content"": ""\u7528\u6237\u672a\u70b9\u8bc4\uff0c\u7cfb\u7edf\u9ed8\u8ba4\u597d\u8bc4\u3002"", ""date"": ""2024-01-31"", ""score"": 5, ""commentId"": ""231267242"", ""imgs"": [], ""userNickName"": ""z*2"", ""replyCityName"": """", ""cityName"": """"}, {""author"": ""k*3"", ""content"": ""\u7528\u6237\u672a\u70b9\u8bc4\uff0c\u7cfb\u7edf\u9ed8\u8ba4\u597d\u8bc4\u3002"", ""date"": ""2022-03-01"", ""score"": 5, ""commentId"": ""221923771"", ""imgs"": [], ""userNickName"": ""k*3"", ""replyCityName"": """", ""cityName"": """"}, {""author"": ""c*9"", ""content"": ""\u7528\u6237\u672a\u70b9\u8bc4\uff0c\u7cfb\u7edf\u9ed8\u8ba4\u597d\u8bc4\u3002"", ""date"": ""2021-11-23"", ""score"": 5, ""commentId"": ""221507312"", ""imgs"": [], ""userNickName"": ""c*9"", ""replyCityName"": """", ""cityName"": """"}, {""author"": ""c*9"", ""content"": ""\u7528\u6237\u672a\u70b9\u8bc4\uff0c\u7cfb\u7edf\u9ed8\u8ba4\u597d\u8bc4\u3002"", ""date"": ""2021-11-23"", ""score"": 5, ""commentId"": ""221507190"", ""imgs"": [], ""userNickName"": ""c*9"", ""replyCityName"": """", ""cityName"": """"}, {""author"": ""p*7"", ""content"": ""\u7528\u6237\u672a\u70b9\u8bc4\uff0c\u7cfb\u7edf\u9ed8\u8ba4\u597d\u8bc4\u3002"", ""date"": ""2021-11-03"", ""score"": 5, ""commentId"": ""221224981"", ""imgs"": [], ""userNickName"": ""p*7"", ""replyCityName"": """", ""cityName"": """"}, {""author"": ""p*7"", ""content"": ""\u7528\u6237\u672a\u70b9\u8bc4\uff0c\u7cfb\u7edf\u9ed8\u8ba4\u597d\u8bc4\u3002"", ""date"": ""2021-11-03"", ""score"": 5, ""commentId"": ""221224046"", ""imgs"": [], ""userNickName"": ""p*7"", ""replyCityName"": """", ""cityName"": """"}, {""author"": ""b*3"", ""content"": ""\u7528\u6237\u672a\u70b9\u8bc4\uff0c\u7cfb\u7edf\u9ed8\u8ba4\u597d\u8bc4\u3002"", ""date"": ""2021-02-26"", ""score"": 5, ""commentId"": ""217975364"", ""imgs"": [], ""userNickName"": ""b*3"", ""replyCityName"": """", ""cityName"": """"}, {""author"": ""\u7f57*\u6b23"", ""content"": ""\u7528\u6237\u672a\u70b9\u8bc4\uff0c\u7cfb\u7edf\u9ed8\u8ba4\u597d\u8bc4\u3002"", ""date"": ""2021-02-09"", ""score"": 5, ""commentId"": ""217927452"", ""imgs"": [], ""userNickName"": ""\u7f57*\u6b23"", ""replyCityName"": """", ""cityName"": """"}, {""author"": ""\u7f57*\u6b23"", ""content"": ""\u7528\u6237\u672a\u70b9\u8bc4\uff0c\u7cfb\u7edf\u9ed8\u8ba4\u597d\u8bc4\u3002"", ""date"": ""2021-02-09"", ""score"": 5, ""commentId"": ""217927451"", ""imgs"": [], ""userNickName"": ""\u7f57*\u6b23"", ""replyCityName"": """", ""cityName"": """"}], ""score"": 5.0, ""commentCount"": 14}, ""statusCode"": 200}"
汤溪温泉,https://imgs.qunarzz.com/sight/p0/1703/b0/b0f8a5101b8acab1a3.water.jpg_280x200_36409633.jpg,韶关市,曲江区,广东省韶关市曲江区大塘镇汤溪村内,5,5.0,N/A,https://piao.qunar.com/ticket/detail_1476583892.html?st=a3clM0QlRTYlOUIlQjIlRTYlQjElOUYlRTUlOEMlQkElMjZpZCUzRDQ2MjUxOCUyNnR5cGUlM0QwJTI2aWR4JTNENCUyNnF0JTNEJTI2YXBrJTNEMiUyNnNjJTNEV1dXJTI2dXIlM0QlRTQlQjglQUQlRTUlQjElQjElMjZsciUzRCVFNCVCOCVBRCVFNSVCMSVCMSUyNmZ0JTNEJTdCJTdE#from=mpl_search_suggest,106.8,N/A,N/A,1/1-12/31；周一至周日；09:00-23:59开园；（23:59停止入园）,https://imgs.qunarzz.com/sight/p0/1703/b0/b0f8a5101b8acab1a3.water.jpg_710x360_151221d2.jpg,"{""ret"": true, ""data"": {""tagList"": [{""tagType"": 1, ""tagScore"": 5, ""tagNum"": 5, ""tagName"": ""\u597d\u8bc4""}, {""tagType"": 0, ""tagScore"": 5, ""tagNum"": 5, ""tagName"": ""\u5168\u90e8""}], ""commentList"": [{""author"": ""z*3"", ""content"": ""\u7528\u6237\u672a\u70b9\u8bc4\uff0c\u7cfb\u7edf\u9ed8\u8ba4\u597d\u8bc4\u3002"", ""date"": ""2023-02-20"", ""score"": 5, ""commentId"": ""224194442"", ""imgs"": [], ""userNickName"": ""z*3"", ""replyCityName"": """", ""cityName"": """"}, {""author"": ""c*9"", ""content"": ""\u7528\u6237\u672a\u70b9\u8bc4\uff0c\u7cfb\u7edf\u9ed8\u8ba4\u597d\u8bc4\u3002"", ""date"": ""2022-09-08"", ""score"": 5, ""commentId"": ""223195258"", ""imgs"": [], ""userNickName"": ""c*9"", ""replyCityName"": """", ""cityName"": """"}, {""author"": ""c*9"", ""content"": ""\u7528\u6237\u672a\u70b9\u8bc4\uff0c\u7cfb\u7edf\u9ed8\u8ba4\u597d\u8bc4\u3002"", ""date"": ""2022-09-08"", ""score"": 5, ""commentId"": ""223193601"", ""imgs"": [], ""userNickName"": ""c*9"", ""replyCityName"": """", ""cityName"": """"}, {""author"": ""b*8"", ""content"": ""\u7528\u6237\u672a\u70b9\u8bc4\uff0c\u7cfb\u7edf\u9ed8\u8ba4\u597d\u8bc4\u3002"", ""date"": ""2021-11-02"", ""score"": 5, ""commentId"": ""221154700"", ""imgs"": [], ""userNickName"": ""b*8"", ""replyCityName"": """", ""cityName"": """"}, {""author"": ""y*5"", ""content"": ""\u8001\u677f\u4f60\u597d\u7684\u5730\u8d28\u641e\u9519\u4e86\uff0c\u97f6\u5173\u66f2\u6c5f\uff0c\u600e\u4e48\u5b9a\u4f4d\u5230\u6d59\u6c5f\u90a3\u8fb9\uff0c"", ""date"": ""2020-12-16"", ""score"": 5, ""commentId"": ""217612254"", ""imgs"": [], ""userNickName"": ""y*5"", ""replyCityName"": """", ""cityName"": """"}], ""score"": 5.0, ""commentCount"": 5}, ""statusCode"": 200}"
古泉露天温泉,https://qimgs.qunarzz.com/piao_qsight_provider_piao_qsight_web/0102t1200026l6n92629D_C_900_504.jpg_280x200_db43395d.jpg,韶关市,曲江区,广东省韶关市曲江区251省道汤溪街道18号(志宏加油站旁),25,5.0,N/A,https://piao.qunar.com/ticket/detail_1009819780.html?st=a3clM0QlRTYlOUIlQjIlRTYlQjElOUYlRTUlOEMlQkElMjZpZCUzRDQ2MjcyNCUyNnR5cGUlM0QwJTI2aWR4JTNEMyUyNnF0JTNEJTI2YXBrJTNEMiUyNnNjJTNEV1dXJTI2dXIlM0QlRTQlQjglQUQlRTUlQjElQjElMjZsciUzRCVFNCVCOCVBRCVFNSVCMSVCMSUyNmZ0JTNEJTdCJTdE#from=mpl_search_suggest,46.8,N/A,N/A,1/1-12/31；周一至周日；09:00-23:59开园,https://qimgs.qunarzz.com/piao_qsight_provider_piao_qsight_web/0102t1200026l6n92629D_C_900_504.jpg_710x360_227d6844.jpg〇https://qimgs.qunarzz.com/piao_qsight_provider_piao_qsight_web/40c72bdfec7e9df69ba01e0867e948aa.jpg_710x360_762fd6db.jpg,"{""ret"": true, ""data"": {""tagList"": [{""tagType"": 1, ""tagScore"": 5, ""tagNum"": 25, ""tagName"": ""\u597d\u8bc4""}, {""tagType"": 0, ""tagScore"": 5, ""tagNum"": 25, ""tagName"": ""\u5168\u90e8""}], ""commentList"": [{""author"": ""o*5"", ""content"": ""\u7528\u6237\u672a\u70b9\u8bc4\uff0c\u7cfb\u7edf\u9ed8\u8ba4\u597d\u8bc4\u3002"", ""date"": ""2024-11-19"", ""score"": 5, ""commentId"": ""238847964"", ""imgs"": [], ""userNickName"": ""o*5"", ""replyCityName"": """", ""cityName"": """"}, {""author"": ""\u53bb*\u6237"", ""content"": ""\u7528\u6237\u672a\u70b9\u8bc4\uff0c\u7cfb\u7edf\u9ed8\u8ba4\u597d\u8bc4\u3002"", ""date"": ""2024-11-06"", ""score"": 5, ""commentId"": ""238655330"", ""imgs"": [], ""userNickName"": ""\u53bb*\u6237"", ""replyCityName"": """", ""cityName"": """"}, {""author"": ""\u53bb*\u6237"", ""content"": ""\u7528\u6237\u672a\u70b9\u8bc4\uff0c\u7cfb\u7edf\u9ed8\u8ba4\u597d\u8bc4\u3002"", ""date"": ""2024-11-03"", ""score"": 5, ""commentId"": ""238305506"", ""imgs"": [], ""userNickName"": ""\u53bb*\u6237"", ""replyCityName"": """", ""cityName"": """"}, {""author"": ""\u53bb*\u6237"", ""content"": ""\u7528\u6237\u672a\u70b9\u8bc4\uff0c\u7cfb\u7edf\u9ed8\u8ba4\u597d\u8bc4\u3002"", ""date"": ""2024-10-01"", ""score"": 5, ""commentId"": ""237423664"", ""imgs"": [], ""userNickName"": ""\u53bb*\u6237"", ""replyCityName"": """", ""cityName"": """"}, {""author"": ""\u70b9*\u51c9"", ""content"": ""\u7528\u6237\u672a\u70b9\u8bc4\uff0c\u7cfb\u7edf\u9ed8\u8ba4\u597d\u8bc4\u3002"", ""date"": ""2024-03-06"", ""score"": 5, ""commentId"": ""231800005"", ""imgs"": [], ""userNickName"": ""\u70b9*\u51c9"", ""replyCityName"": """", ""cityName"": """"}, {""author"": ""\u53bb*\u6237"", ""content"": ""\u7528\u6237\u672a\u70b9\u8bc4\uff0c\u7cfb\u7edf\u9ed8\u8ba4\u597d\u8bc4\u3002"", ""date"": ""2024-03-03"", ""score"": 5, ""commentId"": ""231745569"", ""imgs"": [], ""userNickName"": ""\u53bb*\u6237"", ""replyCityName"": """", ""cityName"": """"}, {""author"": ""\u53bb*\u6237"", ""content"": ""\u7528\u6237\u672a\u70b9\u8bc4\uff0c\u7cfb\u7edf\u9ed8\u8ba4\u597d\u8bc4\u3002"", ""date"": ""2024-02-26"", ""score"": 5, ""commentId"": ""231603360"", ""imgs"": [], ""userNickName"": ""\u53bb*\u6237"", ""replyCityName"": """", ""cityName"": """"}, {""author"": ""\u53bb*\u6237"", ""content"": ""\u7528\u6237\u672a\u70b9\u8bc4\uff0c\u7cfb\u7edf\u9ed8\u8ba4\u597d\u8bc4\u3002"", ""date"": ""2024-02-26"", ""score"": 5, ""commentId"": ""231603345"", ""imgs"": [], ""userNickName"": ""\u53bb*\u6237"", ""replyCityName"": """", ""cityName"": """"}, {""author"": ""\u53bb*\u6237"", ""content"": ""\u7528\u6237\u672a\u70b9\u8bc4\uff0c\u7cfb\u7edf\u9ed8\u8ba4\u597d\u8bc4\u3002"", ""date"": ""2024-02-24"", ""score"": 5, ""commentId"": ""231562729"", ""imgs"": [], ""userNickName"": ""\u53bb*\u6237"", ""replyCityName"": """", ""cityName"": """"}, {""author"": ""\u53bb*\u6237"", ""content"": ""\u7528\u6237\u672a\u70b9\u8bc4\uff0c\u7cfb\u7edf\u9ed8\u8ba4\u597d\u8bc4\u3002"", ""date"": ""2024-02-22"", ""score"": 5, ""commentId"": ""231536684"", ""imgs"": [], ""userNickName"": ""\u53bb*\u6237"", ""replyCityName"": """", ""cityName"": """"}], ""score"": 5.0, ""commentCount"": 25}, ""statusCode"": 200}"
曹溪温泉度假村,https://qimgs.qunarzz.com/piao_qsight_provider_piao_qsight_web/1lo6h12000e918ia8A73F_C_900_504.jpg_280x200_72be3912.jpg,韶关市,曲江区,广东省韶关市曲江区马坝镇马坝大道南与G106交叉口东北方向400米,318,4.7,泡汤时尽享悦耳铃音,https://piao.qunar.com/ticket/detail_3463928373.html?st=a3clM0QlRTYlOUIlQjIlRTYlQjElOUYlRTUlOEMlQkElMjZpZCUzRDMzNjM0JTI2dHlwZSUzRDAlMjZpZHglM0QyJTI2cXQlM0QlMjZhcGslM0QyJTI2c2MlM0RXV1clMjZ1ciUzRCVFNCVCOCVBRCVFNSVCMSVCMSUyNmxyJTNEJUU0JUI4JUFEJUU1JUIxJUIxJTI2ZnQlM0QlN0IlN0Q%3D#from=mpl_search_suggest,100.0,4A景区,曹溪温泉假日度假村景区，曹溪温泉假日度假村位于韶关市曲江马坝，由京珠高速公路沙溪出口下106国道，经南华寺向北1.5公里即可到达，距广州仅2个半小时的车程。度假村占地50万平方米， 有103个富含氡、偏硅酸的养生温泉池，130多栋豪华别墅，1300多间纯别墅享受的高级客房，7间大型会议室（700人）；毗邻南华寺、马坝遗址、丹霞山等风景名胜， 是度假旅游的圣地。2003年11月底，度假村荣获“广东十佳优质温矿泉””等称号，共有1000多个餐位，2003年下半年全面开业后，接待国外、港澳台人士达到5万人次。度假村的泉水源来自清澈见底的曹溪水，让你可以完全放松心情。传说六祖慧能曾在曹溪沐浴净身，一夜之间顿悟佛理，曹溪水因此而成为千年圣水。园中的禅茶净心沐独具特色，融南华茶艺、佛学智慧、修身养性之道于一体，让您体验另类的旅游方式和度假心情。闻百铃、思慧智、修身心，微风轻佛，发出清脆悦耳的铃声，风铃之声不但能点缀环境，还能安慰心灵，催生雅趣，对人生产生平和的心态。,01/01-09/30；周一至周日；14:00-23:00开园,https://qimgs.qunarzz.com/piao_qsight_provider_piao_qsight_web/1lo6h12000e918ia8A73F_C_900_504.jpg_710x360_f5402159.jpg〇https://qimgs.qunarzz.com/piao_qsight_provider_piao_qsight_web/100k1f000001guh6h54F7_C_900_504_Q90_Mtg_7.jpg_710x360_1f76db73.jpg〇https://qimgs.qunarzz.com/piao_qsight_provider_piao_qsight_web/1lo0612000e8xn05u6871_C_900_504_Q90_Mtg_7.jpg_710x360_4612552e.jpg〇https://qimgs.qunarzz.com/piao_qsight_provider_piao_qsight_web/1lo4312000e8xmys04908_C_900_504_Q90_Mtg_7.jpg_710x360_438245c5.jpg〇https://qimgs.qunarzz.com/piao_qsight_provider_piao_qsight_web/1lo0z12000e918fxb4D1B_C_900_504_Q90_Mtg_7.jpg_710x360_c0fc08a9.jpg〇https://qimgs.qunarzz.com/piao_qsight_provider_piao_qsight_web/1lo2j12000e8xmr2b9AFC_C_900_504_Q90_Mtg_7.jpg_710x360_0caf7083.jpg〇https://qimgs.qunarzz.com/piao_qsight_provider_piao_qsight_web/1lo5q12000e8xm58y884E_C_900_504_Q90_Mtg_7.jpg_710x360_186776c9.jpg〇https://qimgs.qunarzz.com/piao_qsight_provider_piao_qsight_web/1lo0612000e8xmmxb06F8_C_900_504_Q90_Mtg_7.jpg_710x360_0e568ffd.jpg〇https://qimgs.qunarzz.com/piao_qsight_provider_piao_qsight_web/100n0s000000hwgf07366_C_900_504_Q90_Mtg_7.jpg_710x360_0ba24a89.jpg〇https://qimgs.qunarzz.com/piao_qsight_provider_piao_qsight_web/1lo0212000e8xlowe6B9B_C_900_504_Q90_Mtg_7.jpg_710x360_d30d8934.jpg〇https://qimgs.qunarzz.com/piao_qsight_provider_piao_qsight_web/1lo6h12000e918ia8A73F_C_900_504_Q90_Mtg_7.jpg_710x360_7470dc4c.jpg〇https://imgs.qunarzz.com/sight/p0/201212/20/ef8e2a6f33a9d7da93835fbb.png_710x360_d9d30421.png〇https://imgs.qunarzz.com/sight/p0/201212/20/47c39f6fda9328c793835fbb.png_710x360_757b124c.png〇https://imgs.qunarzz.com/sight/p0/201212/20/f698e7af0001593193835fbb.png_710x360_b3bc3829.png〇https://imgs.qunarzz.com/sight/p0/201212/20/2a5c76b538c270c093835fbb.png_710x360_37d8bca8.png,"{""ret"": true, ""data"": {""tagList"": [{""tagType"": 32, ""tagScore"": 5, ""tagNum"": 3, ""tagName"": ""\u670d\u52a1\u597d""}, {""tagType"": 16, ""tagScore"": 5, ""tagNum"": 2, ""tagName"": ""\u9760\u8c31""}, {""tagType"": 8, ""tagScore"": 5, ""tagNum"": 3, ""tagName"": ""\u4fbf\u5b9c""}, {""tagType"": 4, ""tagScore"": 5, ""tagNum"": 3, ""tagName"": ""\u53d6\u7968\u65b9\u4fbf""}, {""tagType"": 3, ""tagScore"": 5, ""tagNum"": 4, ""tagName"": ""\u5dee\u8bc4""}, {""tagType"": 2, ""tagScore"": 5, ""tagNum"": 13, ""tagName"": ""\u4e2d\u8bc4""}, {""tagType"": 1, ""tagScore"": 5, ""tagNum"": 295, ""tagName"": ""\u597d\u8bc4""}, {""tagType"": 0, ""tagScore"": 5, ""tagNum"": 318, ""tagName"": ""\u5168\u90e8""}], ""commentList"": [{""author"": ""\u53bb*\u6237"", ""content"": ""\u7528\u6237\u672a\u70b9\u8bc4\uff0c\u7cfb\u7edf\u9ed8\u8ba4\u597d\u8bc4\u3002"", ""date"": ""2024-12-20"", ""score"": 5, ""commentId"": ""239299138"", ""imgs"": [], ""userNickName"": ""\u53bb*\u6237"", ""replyCityName"": """", ""cityName"": """"}, {""author"": ""\u4e95*\u6b65"", ""content"": ""\u7528\u6237\u672a\u70b9\u8bc4\uff0c\u7cfb\u7edf\u9ed8\u8ba4\u597d\u8bc4\u3002"", ""date"": ""2024-12-17"", ""score"": 5, ""commentId"": ""239268125"", ""imgs"": [], ""userNickName"": ""\u4e95*\u6b65"", ""replyCityName"": """", ""cityName"": """"}, {""author"": ""w*1"", ""content"": ""\u7528\u6237\u672a\u70b9\u8bc4\uff0c\u7cfb\u7edf\u9ed8\u8ba4\u597d\u8bc4\u3002"", ""date"": ""2024-12-03"", ""score"": 5, ""commentId"": ""239080225"", ""imgs"": [], ""userNickName"": ""w*1"", ""replyCityName"": """", ""cityName"": """"}, {""author"": ""\u53bb*\u6237"", ""content"": ""\u7528\u6237\u672a\u70b9\u8bc4\uff0c\u7cfb\u7edf\u9ed8\u8ba4\u597d\u8bc4\u3002"", ""date"": ""2024-12-02"", ""score"": 5, ""commentId"": ""239052688"", ""imgs"": [], ""userNickName"": ""\u53bb*\u6237"", ""replyCityName"": """", ""cityName"": """"}, {""author"": ""\u53bb*\u6237"", ""content"": ""\u7528\u6237\u672a\u70b9\u8bc4\uff0c\u7cfb\u7edf\u9ed8\u8ba4\u597d\u8bc4\u3002"", ""date"": ""2024-11-18"", ""score"": 5, ""commentId"": ""238824814"", ""imgs"": [], ""userNickName"": ""\u53bb*\u6237"", ""replyCityName"": """", ""cityName"": """"}, {""author"": ""\u53bb*\u6237"", ""content"": ""\u7528\u6237\u672a\u70b9\u8bc4\uff0c\u7cfb\u7edf\u9ed8\u8ba4\u597d\u8bc4\u3002"", ""date"": ""2024-11-11"", ""score"": 5, ""commentId"": ""238730863"", ""imgs"": [], ""userNickName"": ""\u53bb*\u6237"", ""replyCityName"": """", ""cityName"": """"}, {""author"": ""p*8"", ""content"": ""\u7528\u6237\u672a\u70b9\u8bc4\uff0c\u7cfb\u7edf\u9ed8\u8ba4\u597d\u8bc4\u3002"", ""date"": ""2024-11-11"", ""score"": 5, ""commentId"": ""238730137"", ""imgs"": [], ""userNickName"": ""p*8"", ""replyCityName"": """", ""cityName"": """"}, {""author"": ""h*y"", ""content"": ""\u7528\u6237\u672a\u70b9\u8bc4\uff0c\u7cfb\u7edf\u9ed8\u8ba4\u597d\u8bc4\u3002"", ""date"": ""2024-11-06"", ""score"": 5, ""commentId"": ""238655631"", ""imgs"": [], ""userNickName"": ""h*y"", ""replyCityName"": """", ""cityName"": """"}, {""author"": ""h*y"", ""content"": ""\u7528\u6237\u672a\u70b9\u8bc4\uff0c\u7cfb\u7edf\u9ed8\u8ba4\u597d\u8bc4\u3002"", ""date"": ""2024-11-06"", ""score"": 5, ""commentId"": ""238655571"", ""imgs"": [], ""userNickName"": ""h*y"", ""replyCityName"": """", ""cityName"": """"}, {""author"": ""\u53bb*\u6237"", ""content"": ""\u7528\u6237\u672a\u70b9\u8bc4\uff0c\u7cfb\u7edf\u9ed8\u8ba4\u597d\u8bc4\u3002"", ""date"": ""2024-11-03"", ""score"": 5, ""commentId"": ""238301718"", ""imgs"": [], ""userNickName"": ""\u53bb*\u6237"", ""replyCityName"": """", ""cityName"": """"}], ""score"": 4.7, ""commentCount"": 318}, ""statusCode"": 200}"
经律论文化旅游小镇,https://qimgs.qunarzz.com/piao_qsight_provider_piao_qsight_web/0102z120008s7j2rpB533_C_900_504.jpg_280x200_7d61722c.jpg,韶关市,曲江区,韶关市曲江区小坑国家森林公园内,546,4.9,享受禅意的佛化风光,https://piao.qunar.com/ticket/detail_815905885.html?st=a3clM0QlRTYlOUIlQjIlRTYlQjElOUYlRTUlOEMlQkElMjZpZCUzRDE5OTgzNSUyNnR5cGUlM0QwJTI2aWR4JTNEMSUyNnF0JTNEJTI2YXBrJTNEMiUyNnNjJTNEV1dXJTI2dXIlM0QlRTQlQjglQUQlRTUlQjElQjElMjZsciUzRCVFNCVCOCVBRCVFNSVCMSVCMSUyNmZ0JTNEJTdCJTdE#from=mpl_search_suggest,29.5,4A景区,“经律论文化旅游小镇，森林温泉世界”以禅修养生、休闲度假、旅游服务为主营业务，单体设计主要采用东南亚地区建筑风格。景区内集温泉、度假、禅修、养生为一体，充分利用已有的优质地热温泉资源、优美清凉山景，完整诠释自然之美，突出以“禅文化”为特色的核心理念。整个项目分为三期工程进行，一期工程项目投资十七个亿，主要由自在楼、温泉馆、温泉中心、度假酒店、禅宗文化国际交流中心、中青旅国际青年公寓等七大单体建筑，以及祈福广场、云水禅境等组成。,1/1-12/31；周一至周日；09:00-23:30开园；（23:00停止入园）,https://qimgs.qunarzz.com/piao_qsight_provider_piao_qsight_web/0102z120008s7j2rpB533_C_900_504.jpg_710x360_358a8246.jpg〇https://qimgs.qunarzz.com/piao_qsight_provider_piao_qsight_web/0102z120008s7j2rpB533_C_900_504_Q90_Mtg_7.jpg_710x360_4ffca30c.jpg〇https://qimgs.qunarzz.com/piao_qsight_provider_piao_qsight_web/0100x12000ao2e1ze08E5_C_900_504_Q90_Mtg_7.jpg_710x360_4fe62393.jpg〇https://qimgs.qunarzz.com/piao_qsight_provider_piao_qsight_web/0100h12000ao2e8sy6753_C_900_504_Q90_Mtg_7.jpg_710x360_922f055b.jpg〇https://qimgs.qunarzz.com/piao_qsight_provider_piao_qsight_web/0101g12000ao2dkgi5872_C_900_504_Q90_Mtg_7.jpg_710x360_de15f7f5.jpg〇https://qimgs.qunarzz.com/piao_qsight_provider_piao_qsight_web/0101n12000ao2digg04C6_C_900_504_Q90_Mtg_7.jpg_710x360_7451b38f.jpg〇https://qimgs.qunarzz.com/piao_qsight_provider_piao_qsight_web/0100r12000ao2dta73225_C_900_504_Q90_Mtg_7.jpg_710x360_1bcf26bb.jpg〇https://qimgs.qunarzz.com/piao_qsight_provider_piao_qsight_web/0102z12000ao2e5sfFC34_C_900_504_Q90_Mtg_7.jpg_710x360_fe33d8a5.jpg〇https://qimgs.qunarzz.com/piao_qsight_provider_piao_qsight_web/0100812000ao2e2diE3A7_C_900_504_Q90_Mtg_7.jpg_710x360_5be03e71.jpg〇https://qimgs.qunarzz.com/piao_qsight_provider_piao_qsight_web/0100512000ao2e4ii0B10_C_900_504_Q90_Mtg_7.jpg_710x360_dc281658.jpg〇https://qimgs.qunarzz.com/piao_qsight_provider_piao_qsight_web/0102p12000ao2dscoDBF8_C_900_504_Q90_Mtg_7.jpg_710x360_c2f21e59.jpg〇https://imgs.qunarzz.com/sight/p0/1908/24/244c5fafdcbb02e1a3.img.jpg_710x360_79c42d79.jpg〇https://imgs.qunarzz.com/sight/p0/1908/82/82348ee660ae2d8aa3.img.jpg_710x360_5503d578.jpg〇https://imgs.qunarzz.com/sight/p0/1908/4c/4cc638b1032524cba3.img.jpg_710x360_dff890ae.jpg〇https://imgs.qunarzz.com/sight/p0/1908/a6/a6fdcb1a30c151e4a3.img.jpg_710x360_da04acef.jpg〇https://imgs.qunarzz.com/sight/p0/1908/51/5156dcb1a05ec9b7a3.img.jpg_710x360_3598192a.jpg〇https://imgs.qunarzz.com/sight/p0/1908/82/82aa37926215a798a3.img.jpg_710x360_ef689381.jpg〇https://imgs.qunarzz.com/sight/p0/1908/ec/ec5d8be5af7d6e14a3.img.jpg_710x360_e17572b2.jpg〇https://imgs.qunarzz.com/sight/p0/1908/2e/2e4b6fcdd989a857a3.img.jpg_710x360_4d71abac.jpg〇https://imgs.qunarzz.com/sight/p0/1908/8f/8fb32a1b281ceb54a3.img.jpg_710x360_894bedca.jpg〇https://imgs.qunarzz.com/sight/p0/1908/35/35551eec4b67e835a3.img.jpg_710x360_cf358855.jpg〇https://imgs.qunarzz.com/sight/p0/1908/cb/cbe95bdda26603d8a3.img.jpg_710x360_059c70ad.jpg〇https://qimgs.qunarzz.com/piao_qsight_provider_piao_qsight_web/50bf8bd783fedd883440bed7e56169ca.jpg_710x360_0a641d00.jpg〇https://qimgs.qunarzz.com/piao_qsight_provider_piao_qsight_web/fd5d057a4903c2fa6ffe5a6115a67429.jpg_710x360_25dd4218.jpg〇https://qimgs.qunarzz.com/piao_qsight_provider_piao_qsight_web/18608834e6e2fbf64aec94a96a8f8ed6.jpg_710x360_d74b9e56.jpg〇https://qimgs.qunarzz.com/piao_qsight_provider_piao_qsight_web/c1e42cb9aa940bdb912455cfe0cf6493.jpg_710x360_fd65d87a.jpg〇https://qimgs.qunarzz.com/piao_qsight_provider_piao_qsight_web/696c790d3facda02.jpg_710x360_e1a9c922.jpg〇https://qimgs.qunarzz.com/piao_qsight_provider_piao_qsight_web/eacb232278086402.jpg_710x360_d2bd2a7e.jpg〇https://qimgs.qunarzz.com/piao_qsight_provider_piao_qsight_web/581083e4dfeb9102.jpg_710x360_e8706c58.jpg〇https://qimgs.qunarzz.com/piao_qsight_provider_piao_qsight_web/8ffa57bd05294102.jpg_710x360_e7a37be6.jpg〇https://qimgs.qunarzz.com/piao_qsight_provider_piao_qsight_web/26c1f92bbaea802.jpg_710x360_90688d6f.jpg〇https://qimgs.qunarzz.com/piao_qsight_provider_piao_qsight_web/e243219362a99002.jpg_710x360_8508b723.jpg〇https://qimgs.qunarzz.com/piao_qsight_provider_piao_qsight_web/8ce408b33b119202.jpg_710x360_ab2ebec9.jpg〇https://qimgs.qunarzz.com/piao_qsight_provider_piao_qsight_web/7a5e213a3f5f1e02.jpg_710x360_73083a08.jpg〇https://qimgs.qunarzz.com/piao_qsight_provider_piao_qsight_web/7066cd75e4fbee02.jpg_710x360_d3b93b0a.jpg〇https://qimgs.qunarzz.com/piao_qsight_provider_piao_qsight_web/3044a2ab7eab5b02.jpg_710x360_c5cedd37.jpg〇https://qimgs.qunarzz.com/piao_qsight_provider_piao_qsight_web/d9a5ced66feb5602.jpg_710x360_acbeccf4.jpg〇https://qimgs.qunarzz.com/piao_qsight_provider_piao_qsight_web/d77661dea3c55d02.jpg_710x360_a07d2f21.jpg〇https://qimgs.qunarzz.com/piao_qsight_provider_piao_qsight_web/439766c681c7be02.jpg_710x360_3493c6d1.jpg〇https://qimgs.qunarzz.com/piao_qsight_provider_piao_qsight_web/ca7bb56809009402.jpg_710x360_3da7fdfe.jpg〇https://qimgs.qunarzz.com/piao_qsight_provider_piao_qsight_web/4ddd3672e7e4d902.jpg_710x360_fc0a594e.jpg〇https://qimgs.qunarzz.com/piao_qsight_provider_piao_qsight_web/5bd725166d2de02.jpg_710x360_18d671d8.jpg,"{""ret"": true, ""data"": {""tagList"": [{""tagType"": 32, ""tagScore"": 5, ""tagNum"": 3, ""tagName"": ""\u670d\u52a1\u597d""}, {""tagType"": 16, ""tagScore"": 5, ""tagNum"": 3, ""tagName"": ""\u9760\u8c31""}, {""tagType"": 8, ""tagScore"": 5, ""tagNum"": 2, ""tagName"": ""\u4fbf\u5b9c""}, {""tagType"": 4, ""tagScore"": 5, ""tagNum"": 4, ""tagName"": ""\u53d6\u7968\u65b9\u4fbf""}, {""tagType"": 3, ""tagScore"": 5, ""tagNum"": 1, ""tagName"": ""\u5dee\u8bc4""}, {""tagType"": 2, ""tagScore"": 5, ""tagNum"": 3, ""tagName"": ""\u4e2d\u8bc4""}, {""tagType"": 1, ""tagScore"": 5, ""tagNum"": 536, ""tagName"": ""\u597d\u8bc4""}, {""tagType"": 0, ""tagScore"": 5, ""tagNum"": 546, ""tagName"": ""\u5168\u90e8""}], ""commentList"": [{""author"": ""g*8"", ""content"": ""\u7528\u6237\u672a\u70b9\u8bc4\uff0c\u7cfb\u7edf\u9ed8\u8ba4\u597d\u8bc4\u3002"", ""date"": ""2024-12-16"", ""score"": 5, ""commentId"": ""239242745"", ""imgs"": [], ""userNickName"": ""g*8"", ""replyCityName"": """", ""cityName"": """"}, {""author"": ""\u96ef*\u7476"", ""content"": ""\u7528\u6237\u672a\u70b9\u8bc4\uff0c\u7cfb\u7edf\u9ed8\u8ba4\u597d\u8bc4\u3002"", ""date"": ""2024-11-05"", ""score"": 5, ""commentId"": ""238577321"", ""imgs"": [], ""userNickName"": ""\u96ef*\u7476"", ""replyCityName"": """", ""cityName"": """"}, {""author"": ""k*\u76ae"", ""content"": ""\u7528\u6237\u672a\u70b9\u8bc4\uff0c\u7cfb\u7edf\u9ed8\u8ba4\u597d\u8bc4\u3002"", ""date"": ""2024-11-04"", ""score"": 5, ""commentId"": ""238440946"", ""imgs"": [], ""userNickName"": ""k*\u76ae"", ""replyCityName"": """", ""cityName"": """"}, {""author"": ""\u53bb*\u6237"", ""content"": ""\u7528\u6237\u672a\u70b9\u8bc4\uff0c\u7cfb\u7edf\u9ed8\u8ba4\u597d\u8bc4\u3002"", ""date"": ""2024-11-04"", ""score"": 5, ""commentId"": ""238323372"", ""imgs"": [], ""userNickName"": ""\u53bb*\u6237"", ""replyCityName"": """", ""cityName"": """"}, {""author"": ""w*y"", ""content"": ""\u7528\u6237\u672a\u70b9\u8bc4\uff0c\u7cfb\u7edf\u9ed8\u8ba4\u597d\u8bc4\u3002"", ""date"": ""2024-11-03"", ""score"": 5, ""commentId"": ""238294679"", ""imgs"": [], ""userNickName"": ""w*y"", ""replyCityName"": """", ""cityName"": """"}, {""author"": ""w*y"", ""content"": ""\u7528\u6237\u672a\u70b9\u8bc4\uff0c\u7cfb\u7edf\u9ed8\u8ba4\u597d\u8bc4\u3002"", ""date"": ""2024-11-03"", ""score"": 5, ""commentId"": ""238294634"", ""imgs"": [], ""userNickName"": ""w*y"", ""replyCityName"": """", ""cityName"": """"}, {""author"": ""m*0"", ""content"": ""\u7528\u6237\u672a\u70b9\u8bc4\uff0c\u7cfb\u7edf\u9ed8\u8ba4\u597d\u8bc4\u3002"", ""date"": ""2024-11-02"", ""score"": 5, ""commentId"": ""238128493"", ""imgs"": [], ""userNickName"": ""m*0"", ""replyCityName"": """", ""cityName"": """"}, {""author"": ""\u53bb*\u6237"", ""content"": ""\u7528\u6237\u672a\u70b9\u8bc4\uff0c\u7cfb\u7edf\u9ed8\u8ba4\u597d\u8bc4\u3002"", ""date"": ""2024-11-02"", ""score"": 5, ""commentId"": ""238110611"", ""imgs"": [], ""userNickName"": ""\u53bb*\u6237"", ""replyCityName"": """", ""cityName"": """"}, {""author"": ""\u53bb*\u6237"", ""content"": ""\u7528\u6237\u672a\u70b9\u8bc4\uff0c\u7cfb\u7edf\u9ed8\u8ba4\u597d\u8bc4\u3002"", ""date"": ""2024-11-02"", ""score"": 5, ""commentId"": ""238110216"", ""imgs"": [], ""userNickName"": ""\u53bb*\u6237"", ""replyCityName"": """", ""cityName"": """"}, {""author"": ""o*5"", ""content"": ""\u7528\u6237\u672a\u70b9\u8bc4\uff0c\u7cfb\u7edf\u9ed8\u8ba4\u597d\u8bc4\u3002"", ""date"": ""2024-10-16"", ""score"": 5, ""commentId"": ""237666865"", ""imgs"": [], ""userNickName"": ""o*5"", ""replyCityName"": """", ""cityName"": """"}], ""score"": 4.9, ""commentCount"": 546}, ""statusCode"": 200}"
清新露天温泉,https://qimgs.qunarzz.com/piao_qsight_provider_piao_qsight_web/0102f120009baparkC11B_C_900_504.jpg_280x200_8e0edead.jpg,韶关市,曲江区,广东省韶关市曲江区大塘镇汤溪村40号（志宏加油站对面）,-1,-1.0,N/A,https://piao.qunar.com/ticket/detail_3783462845.html?st=a3clM0QlRTYlOUIlQjIlRTYlQjElOUYlRTUlOEMlQkElMjZpZCUzRDUzOTIwNyUyNnR5cGUlM0QwJTI2aWR4JTNEMzQlMjZxdCUzRCUyNmFwayUzRDIlMjZzYyUzRFdXVyUyNnVyJTNEJUU0JUI4JUFEJUU1JUIxJUIxJTI2bHIlM0QlRTQlQjglQUQlRTUlQjElQjElMjZmdCUzRCU3QiU3RA%3D%3D#from=mpl_search_suggest,-1.0,N/A,N/A,1/1-12/31；周一至周日；09:30-23:59开园,https://qimgs.qunarzz.com/piao_qsight_provider_piao_qsight_web/0102f120009baparkC11B_C_900_504.jpg_710x360_808a73fe.jpg〇https://qimgs.qunarzz.com/piao_qsight_provider_piao_qsight_web/0105r120009bapefd6191_C_900_504_Q90_Mtg_7.jpg_710x360_a8a23043.jpg〇https://qimgs.qunarzz.com/piao_qsight_provider_piao_qsight_web/0103q120009bap43x35BA_C_900_504_Q90_Mtg_7.jpg_710x360_cf8caa3e.jpg〇https://qimgs.qunarzz.com/piao_qsight_provider_piao_qsight_web/0103f120009bapeq29C92_C_900_504_Q90_Mtg_7.jpg_710x360_1ef3253d.jpg〇https://qimgs.qunarzz.com/piao_qsight_provider_piao_qsight_web/0106v120009baparpC518_C_900_504_Q90_Mtg_7.jpg_710x360_d6e34b6d.jpg〇https://qimgs.qunarzz.com/piao_qsight_provider_piao_qsight_web/01071120009baozes0276_C_900_504_Q90_Mtg_7.jpg_710x360_7803041a.jpg〇https://qimgs.qunarzz.com/piao_qsight_provider_piao_qsight_web/0100b120009bapg4dE3DE_C_900_504_Q90_Mtg_7.jpg_710x360_9f814a70.jpg〇https://qimgs.qunarzz.com/piao_qsight_provider_piao_qsight_web/0102f120009baparkC11B_C_900_504_Q90_Mtg_7.jpg_710x360_5af2a91e.jpg,"{""ret"": true, ""data"": {""tagList"": [{""tagType"": 0, ""tagScore"": 5, ""tagNum"": 0, ""tagName"": ""\u5168\u90e8""}], ""score"": 0.0, ""commentCount"": 0}, ""statusCode"": 200}"
韶关百林湾生态园,https://qimgs.qunarzz.com/piao_qsight_provider_piao_qsight_web/0103c120009e36hwt74B1_C_900_504.jpg_280x200_28818a75.jpg,韶关市,曲江区,大塘镇火山106国道塘口桥旁,-1,-1.0,N/A,https://piao.qunar.com/ticket/detail_1778229830.html?st=a3clM0QlRTYlOUIlQjIlRTYlQjElOUYlRTUlOEMlQkElMjZpZCUzRDUzNjU5NCUyNnR5cGUlM0QwJTI2aWR4JTNEMzMlMjZxdCUzRCUyNmFwayUzRDIlMjZzYyUzRFdXVyUyNnVyJTNEJUU0JUI4JUFEJUU1JUIxJUIxJTI2bHIlM0QlRTQlQjglQUQlRTUlQjElQjElMjZmdCUzRCU3QiU3RA%3D%3D#from=mpl_search_suggest,-1.0,N/A,N/A,1/1-12/31；周一至周日；08:30-17:30开园；（17:30停止入园）,https://qimgs.qunarzz.com/piao_qsight_provider_piao_qsight_web/0103c120009e36hwt74B1_C_900_504.jpg_710x360_6885f312.jpg〇https://qimgs.qunarzz.com/piao_qsight_provider_piao_qsight_web/0103c120009e36hwt74B1_C_900_504_Q90_Mtg_7.jpg_710x360_0da29572.jpg,"{""ret"": true, ""data"": {""tagList"": [{""tagType"": 0, ""tagScore"": 5, ""tagNum"": 0, ""tagName"": ""\u5168\u90e8""}], ""score"": 0.0, ""commentCount"": 0}, ""statusCode"": 200}"
灵溪河漂流,https://imgs.qunarzz.com/sight/p0/201403/07/34796dfd9d2b4415a75dbecb55f77370.jpg_280x200_b2c92aea.jpg,韶关市,曲江区,广东省韶关市曲江区,-1,-1.0,中国飞索惊险漂流,https://piao.qunar.com/ticket/detail_1383710339.html?st=a3clM0QlRTYlOUIlQjIlRTYlQjElOUYlRTUlOEMlQkElMjZpZCUzRDEwODQ3JTI2dHlwZSUzRDAlMjZpZHglM0QzMiUyNnF0JTNEJTI2YXBrJTNEMiUyNnNjJTNEV1dXJTI2dXIlM0QlRTQlQjglQUQlRTUlQjElQjElMjZsciUzRCVFNCVCOCVBRCVFNSVCMSVCMSUyNmZ0JTNEJTdCJTdE#from=mpl_search_suggest,-1.0,N/A,——灵溪河漂流，该项目是由曲江县引进香港鹏程国际渡假乐园（丹霞山）有限公司投资开发的综合性旅游项目，项目总投资6500多万元人民币，整个工程分三期进行8公里长的公路及漂流有关基础设施。第二期投资修建1700米的索道。2004年5月份正式对外开放，投入使用。该项目以灵溪河的河水为主题，集自然观光、漂流运动，水上乐园、岩洞探秘、休闲渡假、旅游购物、领略客家文化和瑶族风情为一体。公园的建成对促进我县旅游资源的开发与利用。拉动外源型经济的发展将产生积极的作用。灵溪河漂流是其中极具特色的水上运动项目，灵溪河漂流全程6公里，其中休闲漂2.8公里，急流漂3.2公里，全程漂流时间2.5小时。休闲漂段视野开阔、瑶族风情浓厚，两岸古老村庄、古树、客家大围保存完整，河水走势平缓、荡漾其中，悠然自得；急流漂段峡谷林立，气势幽深，峭壁险滩连成一体，河水急中有缓，惊险刺激，另有架空索道（建设中）沿河飞天而过，水天相接，构成一幅优美而壮观的图画，故称之为“”。,暂无,https://imgs.qunarzz.com/sight/p0/201403/07/34796dfd9d2b4415a75dbecb55f77370.jpg_710x360_60933cb0.jpg,"{""ret"": true, ""data"": {""tagList"": [{""tagType"": 0, ""tagScore"": 5, ""tagNum"": 0, ""tagName"": ""\u5168\u90e8""}], ""score"": 0.0, ""commentCount"": 0}, ""statusCode"": 200}"
韶关草原新宿露营地,https://mp-piao-admincp.qunarzz.com/mp_piao_admin_mp_piao_admin/admin/20217/30d54820c6727b9958d585769ab3c5c2.png_280x200_7ef61cce.png,韶关市,曲江区,广东省韶关市曲江区细林村和老何村交接处,-1,-1.0,"原生态的自然，
也有绚烂的日落。
轻装上阵，约上三五好友，
到大自然尽情玩乐
有美食相伴，看电影喝酒侃大山
h",https://piao.qunar.com/ticket/detail_3891385086.html?st=a3clM0QlRTYlOUIlQjIlRTYlQjElOUYlRTUlOEMlQkElMjZpZCUzRDUxNDM2NCUyNnR5cGUlM0QwJTI2aWR4JTNEMzElMjZxdCUzRCUyNmFwayUzRDIlMjZzYyUzRFdXVyUyNnVyJTNEJUU0JUI4JUFEJUU1JUIxJUIxJTI2bHIlM0QlRTQlQjglQUQlRTUlQjElQjElMjZmdCUzRCU3QiU3RA%3D%3D#from=mpl_search_suggest,-1.0,N/A,原生态的自然，也有绚烂的日落。轻装上阵，约上三五好友，到大自然尽情玩乐有美食相伴，看电影喝酒侃大山happy到第二天才回家，给自己充电放松的一天！,15:00-22:00,https://mp-piao-admincp.qunarzz.com/mp_piao_admin_mp_piao_admin/admin/20217/30d54820c6727b9958d585769ab3c5c2.png_710x360_c2302e12.png,"{""ret"": true, ""data"": {""tagList"": [{""tagType"": 0, ""tagScore"": 5, ""tagNum"": 0, ""tagName"": ""\u5168\u90e8""}], ""score"": 0.0, ""commentCount"": 0}, ""statusCode"": 200}"
书堂石,https://imgs.qunarzz.com/sight/p7/201211/04/ee569f2dd331897f93835fbb.jpg_280x200_ee30aa98.jpg,韶关市,翁源县,广东省韶关市翁源县三华乡,-1,-1.0,唐代文化遗址,https://piao.qunar.com/ticket/detail_3498425845.html?st=a3clM0QlRTclQkYlODElRTYlQkElOTAlRTUlOEUlQkYlMjZpZCUzRDE1MDkxJTI2dHlwZSUzRDAlMjZpZHglM0Q0JTI2cXQlM0QlMjZhcGslM0QyJTI2c2MlM0RXV1clMjZ1ciUzRCVFNCVCOCVBRCVFNSVCMSVCMSUyNmxyJTNEJUU0JUI4JUFEJUU1JUIxJUIxJTI2ZnQlM0QlN0IlN0Q%3D#from=mpl_search_suggest,-1.0,N/A,“书堂石遗址”位于翁源县三华乡翁江河中心，是唐代文化遗址，筑于江中心一个小岛之上，形状极似一艘在激流中逆水而上的航船。岛上岩层重叠，山石嵯峨，书堂石室倚岩而筑，岩墙交错，浑然一体。现虽已残墙断壁，但其结构奇特，古朴天然，傲然屹立，尉为奇观。,暂无,https://imgs.qunarzz.com/sight/p7/201211/04/ee569f2dd331897f93835fbb.jpg_710x360_6b6e7386.jpg,"{""ret"": true, ""data"": {""tagList"": [{""tagType"": 0, ""tagScore"": 5, ""tagNum"": 0, ""tagName"": ""\u5168\u90e8""}], ""score"": 0.0, ""commentCount"": 0}, ""statusCode"": 200}"
铁龙洞,https://imgs.qunarzz.com/sight/p0/201301/24/92525f5c892764ddc8d65eac.jpg_280x200_abda4951.jpg,韶关市,翁源县,广东省韶关市翁源县,-1,-1.0,又名“水龙洞，洞内景致千姿百态，美不胜收,https://piao.qunar.com/ticket/detail_3385264015.html?st=a3clM0QlRTclQkYlODElRTYlQkElOTAlRTUlOEUlQkYlMjZpZCUzRDEzNjElMjZ0eXBlJTNEMCUyNmlkeCUzRDMlMjZxdCUzRCUyNmFwayUzRDIlMjZzYyUzRFdXVyUyNnVyJTNEJUU0JUI4JUFEJUU1JUIxJUIxJTI2bHIlM0QlRTQlQjglQUQlRTUlQjElQjElMjZmdCUzRCU3QiU3RA%3D%3D#from=mpl_search_suggest,-1.0,N/A,广东韶关铁龙洞名胜风景区，位于广东省韶关市翁源县铁龙镇。韶关市往南38公里（106国道旁），距南华寺只有18公里，离铁龙镇只有2公里，广州（京珠高速公路）距景区约160多公里，江西省赣州市距景区约200公里。铁龙洞风景区占地面积2000多亩。主要景点铁龙洞于2002年5月1日正式对外开放，现每年接待游客80万人次。未来每年游客量预计超过200万人次。铁龙洞属于石灰岩溶洞，形成于二亿多年以前，全长4公里，现已开发1665米，面积达到10100平方米。洞内岩石呈现出白色、灰色、深灰色、黑色、黄色、棕色、紫红色、褐色等各种不同的颜色，岩石形成的钟乳石、石笋、石柱、石莲花等各种造型，栩栩如生，可谓是千姿百态、争奇斗艳、美不胜收。洞内有一条地下河，河水清澈透底，终年不息。游客参观时一路有潺潺流水之声如同音乐相伴一样，洞内道路平坦，老少皆宜，空气新鲜，气温冬暖夏凉，在粤北地区实属少见，具有较高的开发价值和观赏性,暂无,https://imgs.qunarzz.com/sight/p0/201301/24/92525f5c892764ddc8d65eac.jpg_710x360_5a94c6a1.jpg〇https://qimgs.qunarzz.com/piao_qsight_provider_piao_qsight_web/5aee914b30b70b37.jpg_710x360_0adde265.jpg,"{""ret"": true, ""data"": {""tagList"": [{""tagType"": 0, ""tagScore"": 5, ""tagNum"": 0, ""tagName"": ""\u5168\u90e8""}], ""score"": 0.0, ""commentCount"": 0}, ""statusCode"": 200}"
飞驰丛林越野俱乐部,https://qimgs.qunarzz.com/piao_qsight_provider_piao_qsight_web/0100y120008r0lfn57612_C_900_504.jpg_280x200_866f477c.jpg,韶关市,翁源县,广东省韶关市翁源县Y805,1,5.0,N/A,https://piao.qunar.com/ticket/detail_380066431.html?st=a3clM0QlRTclQkYlODElRTYlQkElOTAlRTUlOEUlQkYlMjZpZCUzRDUxMTMzNyUyNnR5cGUlM0QwJTI2aWR4JTNEMiUyNnF0JTNEJTI2YXBrJTNEMiUyNnNjJTNEV1dXJTI2dXIlM0QlRTQlQjglQUQlRTUlQjElQjElMjZsciUzRCVFNCVCOCVBRCVFNSVCMSVCMSUyNmZ0JTNEJTdCJTdE#from=mpl_search_suggest,-1.0,N/A,N/A,具体营业状态以当天开放情况为准,https://qimgs.qunarzz.com/piao_qsight_provider_piao_qsight_web/0100y120008r0lfn57612_C_900_504.jpg_710x360_c09d6d5a.jpg〇https://imgs.qunarzz.com/sight/p0/2106/66/66745356485f75d5a3.img.jpg_710x360_f9a1219a.jpg〇https://imgs.qunarzz.com/sight/p0/2106/33/332c45d68a729c01a3.img.jpg_710x360_498be559.jpg〇https://imgs.qunarzz.com/sight/p0/2106/17/171756cc54ddca3ca3.img.jpg_710x360_f08e22aa.jpg〇https://imgs.qunarzz.com/sight/p0/2106/f6/f6054c8f4c6cbd84a3.img.jpg_710x360_92af28dd.jpg〇https://imgs.qunarzz.com/sight/p0/2106/80/8013249952caed0fa3.img.jpg_710x360_20b34cb5.jpg,"{""ret"": true, ""data"": {""tagList"": [{""tagType"": 1, ""tagScore"": 5, ""tagNum"": 1, ""tagName"": ""\u597d\u8bc4""}, {""tagType"": 0, ""tagScore"": 5, ""tagNum"": 1, ""tagName"": ""\u5168\u90e8""}], ""commentList"": [{""author"": ""p*8"", ""content"": ""\u7528\u6237\u672a\u70b9\u8bc4\uff0c\u7cfb\u7edf\u9ed8\u8ba4\u597d\u8bc4\u3002"", ""date"": ""2021-12-09"", ""score"": 5, ""commentId"": ""221598404"", ""imgs"": [], ""userNickName"": ""p*8"", ""replyCityName"": """", ""cityName"": """"}], ""score"": 5.0, ""commentCount"": 1}, ""statusCode"": 200}"
冷泉滩旅游度假区,https://qimgs.qunarzz.com/piao_qsight_provider_piao_qsight_web/1lo1412000eli2owc7BE4_C_900_504.png_280x200_fb4c87a9.png,韶关市,翁源县,广东省韶关市翁源县龙仙镇南浦马墩村,1060,5.0,占地面积13000亩,https://piao.qunar.com/ticket/detail_4029934716.html?st=a3clM0QlRTclQkYlODElRTYlQkElOTAlRTUlOEUlQkYlMjZpZCUzRDE5NTQ0NCUyNnR5cGUlM0QwJTI2aWR4JTNEMSUyNnF0JTNEJTI2YXBrJTNEMiUyNnNjJTNEV1dXJTI2dXIlM0QlRTQlQjglQUQlRTUlQjElQjElMjZsciUzRCVFNCVCOCVBRCVFNSVCMSVCMSUyNmZ0JTNEJTdCJTdE#from=mpl_search_suggest,-1.0,N/A,“冷泉滩”位于翁源县龙仙镇南浦马墩村，距离县城12公里。地处S341线旁边50米处的山岭旁，有300多亩水域，是翁源县大型的农业生态旅游园。“冷泉滩”地下泉水毎小时喷涌6千立方米，乃属单纯碳酸泉，常年水温保持在21℃ ，水质清澈透明，甘甜，可饮可浴；水中含碳酸根离子，钠离子，钙离子等对人体健康有益的矿物质。尤其是该水域养的鱼更是清甜可口，蒸、煮都不用姜，无膻味，远近闻名！冷泉滩出产的西洋菜，茭笋在珠三角地区倍受欢迎。“冷泉滩”农业生态旅游园是典型有特色的农家乐，投资商在不破坏当地生态及水资源的前提下， 依山就势开发，目前已建成可供几千人游水避暑的大型游泳池、大型的水上娱乐设施；正在建造中的家庭式独立小别墅、客家风味独特的特色餐馆也即将投入使用。是休闲度假、自驾游、婚纱摄影、农业观光的好景点。,1/1-12/31；周一至周日；09:00-19:30开园；（18:30停止入园）,https://qimgs.qunarzz.com/piao_qsight_provider_piao_qsight_web/1lo1412000eli2owc7BE4_C_900_504.png_710x360_bde07d76.png〇https://qimgs.qunarzz.com/piao_qsight_provider_piao_qsight_web/1lo3j12000c7am6w02981_C_900_504_Q90_Mtg_7.jpg_710x360_5310915e.jpg〇https://qimgs.qunarzz.com/piao_qsight_provider_piao_qsight_web/1lo7212000c7alqb63BAC_C_900_504_Q90_Mtg_7.jpg_710x360_dc8ce151.jpg〇https://qimgs.qunarzz.com/piao_qsight_provider_piao_qsight_web/1lo6e12000c7alzfz6F58_C_900_504_Q90_Mtg_7.jpg_710x360_bf77da4e.jpg〇https://qimgs.qunarzz.com/piao_qsight_provider_piao_qsight_web/1lo2012000c7am0cvC7D3_C_900_504_Q90_Mtg_7.jpg_710x360_63855c62.jpg〇https://qimgs.qunarzz.com/piao_qsight_provider_piao_qsight_web/1lo0s12000c7alvky424F_C_900_504_Q90_Mtg_7.jpg_710x360_9bb6c307.jpg〇https://qimgs.qunarzz.com/piao_qsight_provider_piao_qsight_web/1lo2n12000c7alxtzFCF1_C_900_504_Q90_Mtg_7.jpg_710x360_8dc3d4c5.jpg〇https://qimgs.qunarzz.com/piao_qsight_provider_piao_qsight_web/1lo1712000c7alzuv3352_C_900_504_Q90_Mtg_7.jpg_710x360_b5f27afa.jpg〇https://qimgs.qunarzz.com/piao_qsight_provider_piao_qsight_web/1lo6512000c7ajlvt732E_C_900_504_Q90_Mtg_7.jpg_710x360_81872060.jpg〇https://qimgs.qunarzz.com/piao_qsight_provider_piao_qsight_web/1lo4u12000c7ami2lDF39_C_900_504_Q90_Mtg_7.jpg_710x360_9afae43d.jpg〇https://qimgs.qunarzz.com/piao_qsight_provider_piao_qsight_web/1lo1412000eli2owc7BE4_C_900_504_Q90_Mtg_7.png_710x360_3d32cf6a.png〇https://imgs.qunarzz.com/sight/p0/1705/40/40d43b714a1f2698a3.img.jpg_710x360_1aac2f8f.jpg〇https://imgs.qunarzz.com/sight/p0/1705/f4/f427861f5344903ba3.img.jpg_710x360_f32593b2.jpg〇https://imgs.qunarzz.com/sight/p0/1705/a6/a65ed938e63d0e36a3.img.jpg_710x360_1b857326.jpg〇https://imgs.qunarzz.com/sight/p0/1705/36/36d91d5ddecf0ea3.img.jpg_710x360_fffa38df.jpg〇https://imgs.qunarzz.com/sight/p0/1705/a7/a7fc5bae3350930fa3.img.jpg_710x360_3aebb11c.jpg〇https://imgs.qunarzz.com/sight/p0/1705/61/61a96771a64ae9a2a3.img.jpg_710x360_42ae3b42.jpg〇https://imgs.qunarzz.com/sight/p0/1705/ed/edbc1fe308612a0da3.img.jpg_710x360_2562f474.jpg〇https://imgs.qunarzz.com/sight/p0/1705/86/86fe1eb8e7cbc152a3.img.jpg_710x360_697fb17e.jpg〇https://imgs.qunarzz.com/sight/p0/1705/8b/8b12a43c9a9d7d50a3.img.jpg_710x360_60dd7eb8.jpg〇https://imgs.qunarzz.com/sight/p0/1705/7b/7bed89809823ba64a3.img.jpg_710x360_a3afc2f2.jpg〇https://imgs.qunarzz.com/sight/p0/1705/24/245e646c9c121551a3.img.jpg_710x360_ffa6537e.jpg〇https://imgs.qunarzz.com/sight/p0/1705/d9/d9357541596a0c27a3.img.jpg_710x360_10207c5b.jpg〇https://imgs.qunarzz.com/sight/p0/201406/12/640910d4821cdf51285e98a707b8c637.jpg_710x360_411fea03.jpg〇https://imgs.qunarzz.com/sight/p0/201406/12/dcd7601cb2a3583dcd4d21f4acd13277.jpg_710x360_865e745c.jpg〇https://imgs.qunarzz.com/sight/p0/201406/12/7dc4f2a8db26302c33f86e789922ff47.jpg_710x360_c1e1b62e.jpg〇https://imgs.qunarzz.com/sight/p0/201406/12/3f62f97cc06acf087024a8ee8782f4a1.jpg_710x360_19a64252.jpg〇https://qimgs.qunarzz.com/piao_qsight_provider_piao_qsight_web/7f4789088dfb0dddffffffffc8d65eac.jpg_710x360_d7927c97.jpg〇https://qimgs.qunarzz.com/piao_qsight_provider_piao_qsight_web/08f7a3ca17495b02.jpg_710x360_93e6196a.jpg〇https://qimgs.qunarzz.com/piao_qsight_provider_piao_qsight_web/9048d817c9c9a302.jpg_710x360_59e1fb01.jpg〇https://qimgs.qunarzz.com/piao_qsight_provider_piao_qsight_web/d1ea5c6a79122c02.jpg_710x360_1ef11f92.jpg〇https://qimgs.qunarzz.com/piao_qsight_provider_piao_qsight_web/f9739607d1577602.jpg_710x360_43592ae7.jpg〇https://qimgs.qunarzz.com/piao_qsight_provider_piao_qsight_web/ab8084396390ca02.jpg_710x360_a59edacf.jpg〇https://qimgs.qunarzz.com/piao_qsight_provider_piao_qsight_web/eb38a584a746a602.jpg_710x360_6c8667f5.jpg〇https://qimgs.qunarzz.com/piao_qsight_provider_piao_qsight_web/92cc3ac382086702.jpg_710x360_9a6cb0e6.jpg〇https://qimgs.qunarzz.com/piao_qsight_provider_piao_qsight_web/e8b381350ca73902.jpg_710x360_943f56c0.jpg〇https://qimgs.qunarzz.com/piao_qsight_provider_piao_qsight_web/ec0bb917d40a8f02.jpg_710x360_de6d0f03.jpg〇https://qimgs.qunarzz.com/piao_qsight_provider_piao_qsight_web/4eb5ca7aa20ac302.jpg_710x360_5f6ace94.jpg〇https://qimgs.qunarzz.com/piao_qsight_provider_piao_qsight_web/f5dc8542d2c94002.jpg_710x360_6094e4f5.jpg〇https://qimgs.qunarzz.com/piao_qsight_provider_piao_qsight_web/f9a8f6cb64a48d02.jpg_710x360_636d2d70.jpg〇https://qimgs.qunarzz.com/piao_qsight_provider_piao_qsight_web/f1913a153cdaf302.jpg_710x360_d0e070a3.jpg〇https://qimgs.qunarzz.com/piao_qsight_provider_piao_qsight_web/a6020cecd57ef402.jpg_710x360_ab67ec28.jpg〇https://qimgs.qunarzz.com/piao_qsight_provider_piao_qsight_web/202e2d07a1fd0b02.jpg_710x360_29748099.jpg〇https://qimgs.qunarzz.com/piao_qsight_provider_piao_qsight_web/f5ee3f278a755302.jpg_710x360_803cfb1a.jpg〇https://qimgs.qunarzz.com/piao_qsight_provider_piao_qsight_web/c5c4795bc5029002.jpg_710x360_fdcd60ce.jpg〇https://qimgs.qunarzz.com/piao_qsight_provider_piao_qsight_web/adf3244664a2ea02.jpg_710x360_4273d4c3.jpg〇https://qimgs.qunarzz.com/piao_qsight_provider_piao_qsight_web/9bb199e4bad9ed02.jpg_710x360_a7004f53.jpg,"{""ret"": true, ""data"": {""tagList"": [{""tagType"": 4, ""tagScore"": 5, ""tagNum"": 1, ""tagName"": ""\u53d6\u7968\u65b9\u4fbf""}, {""tagType"": 3, ""tagScore"": 5, ""tagNum"": 2, ""tagName"": ""\u5dee\u8bc4""}, {""tagType"": 2, ""tagScore"": 5, ""tagNum"": 3, ""tagName"": ""\u4e2d\u8bc4""}, {""tagType"": 1, ""tagScore"": 5, ""tagNum"": 1053, ""tagName"": ""\u597d\u8bc4""}, {""tagType"": 0, ""tagScore"": 5, ""tagNum"": 1060, ""tagName"": ""\u5168\u90e8""}], ""commentList"": [{""author"": ""\u75af*t"", ""content"": ""\u7528\u6237\u672a\u70b9\u8bc4\uff0c\u7cfb\u7edf\u9ed8\u8ba4\u597d\u8bc4\u3002"", ""date"": ""2024-11-07"", ""score"": 5, ""commentId"": ""238675350"", ""imgs"": [], ""userNickName"": ""\u75af*t"", ""replyCityName"": """", ""cityName"": """"}, {""author"": ""\u9edb*\u7444"", ""content"": ""\u7528\u6237\u672a\u70b9\u8bc4\uff0c\u7cfb\u7edf\u9ed8\u8ba4\u597d\u8bc4\u3002"", ""date"": ""2024-11-04"", ""score"": 5, ""commentId"": ""238469134"", ""imgs"": [], ""userNickName"": ""\u9edb*\u7444"", ""replyCityName"": """", ""cityName"": """"}, {""author"": ""\u53bb*\u6237"", ""content"": ""\u7528\u6237\u672a\u70b9\u8bc4\uff0c\u7cfb\u7edf\u9ed8\u8ba4\u597d\u8bc4\u3002"", ""date"": ""2024-11-04"", ""score"": 5, ""commentId"": ""238457381"", ""imgs"": [], ""userNickName"": ""\u53bb*\u6237"", ""replyCityName"": """", ""cityName"": """"}, {""author"": ""o*0"", ""content"": ""\u7528\u6237\u672a\u70b9\u8bc4\uff0c\u7cfb\u7edf\u9ed8\u8ba4\u597d\u8bc4\u3002"", ""date"": ""2024-11-03"", ""score"": 5, ""commentId"": ""238301132"", ""imgs"": [], ""userNickName"": ""o*0"", ""replyCityName"": """", ""cityName"": """"}, {""author"": ""k*0"", ""content"": ""\u7528\u6237\u672a\u70b9\u8bc4\uff0c\u7cfb\u7edf\u9ed8\u8ba4\u597d\u8bc4\u3002"", ""date"": ""2024-11-03"", ""score"": 5, ""commentId"": ""238278710"", ""imgs"": [], ""userNickName"": ""k*0"", ""replyCityName"": """", ""cityName"": """"}, {""author"": ""\u53bb*\u6237"", ""content"": ""\u7528\u6237\u672a\u70b9\u8bc4\uff0c\u7cfb\u7edf\u9ed8\u8ba4\u597d\u8bc4\u3002"", ""date"": ""2024-10-29"", ""score"": 5, ""commentId"": ""237880357"", ""imgs"": [], ""userNickName"": ""\u53bb*\u6237"", ""replyCityName"": """", ""cityName"": """"}, {""author"": ""u*7"", ""content"": ""\u7528\u6237\u672a\u70b9\u8bc4\uff0c\u7cfb\u7edf\u9ed8\u8ba4\u597d\u8bc4\u3002"", ""date"": ""2024-10-21"", ""score"": 5, ""commentId"": ""237771090"", ""imgs"": [], ""userNickName"": ""u*7"", ""replyCityName"": """", ""cityName"": """"}, {""author"": ""p*2"", ""content"": ""\u7528\u6237\u672a\u70b9\u8bc4\uff0c\u7cfb\u7edf\u9ed8\u8ba4\u597d\u8bc4\u3002"", ""date"": ""2024-10-06"", ""score"": 5, ""commentId"": ""237520144"", ""imgs"": [], ""userNickName"": ""p*2"", ""replyCityName"": """", ""cityName"": """"}, {""author"": ""\u53bb*\u6237"", ""content"": ""\u7528\u6237\u672a\u70b9\u8bc4\uff0c\u7cfb\u7edf\u9ed8\u8ba4\u597d\u8bc4\u3002"", ""date"": ""2024-10-06"", ""score"": 5, ""commentId"": ""237520105"", ""imgs"": [], ""userNickName"": ""\u53bb*\u6237"", ""replyCityName"": """", ""cityName"": """"}, {""author"": ""\u53bb*\u6237"", ""content"": ""\u7528\u6237\u672a\u70b9\u8bc4\uff0c\u7cfb\u7edf\u9ed8\u8ba4\u597d\u8bc4\u3002"", ""date"": ""2024-10-06"", ""score"": 5, ""commentId"": ""237520066"", ""imgs"": [], ""userNickName"": ""\u53bb*\u6237"", ""replyCityName"": """", ""cityName"": """"}], ""score"": 5.0, ""commentCount"": 1060}, ""statusCode"": 200}"
必背峡谷漂流,https://imgs.qunarzz.com/sight/p11/201211/04/71623740ac96979f93835fbb.jpg_280x200_64933a5f.jpg,韶关市,曲江区,广东省韶关市曲江区,-1,-1.0,"必背峡谷漂流
必背峡谷漂流是一条充满瑶族风情的旅游线路，必背瑶寨地处韶关乳源瑶族自治县的崇山峻岭之中，瑶寨散布，蕴藏着独",https://piao.qunar.com/ticket/detail_1810866676.html?st=a3clM0QlRTYlOUIlQjIlRTYlQjElOUYlRTUlOEMlQkElMjZpZCUzRDMyNjklMjZ0eXBlJTNEMCUyNmlkeCUzRDI5JTI2cXQlM0QlMjZhcGslM0QyJTI2c2MlM0RXV1clMjZ1ciUzRCVFNCVCOCVBRCVFNSVCMSVCMSUyNmxyJTNEJUU0JUI4JUFEJUU1JUIxJUIxJTI2ZnQlM0QlN0IlN0Q%3D#from=mpl_search_suggest,-1.0,N/A,必背峡谷漂流必背峡谷漂流是一条充满瑶族风情的旅游线路，必背瑶寨地处韶关乳源瑶族自治县的崇山峻岭之中，瑶寨散布，蕴藏着独有的民俗习惯，瑶胞能歌善舞、热情好客。在漂流前，还可欣赏“上刀梯”、对瑶歌等瑶族歌舞，再喝一杯“认亲茶”。,暂无,https://imgs.qunarzz.com/sight/p11/201211/04/71623740ac96979f93835fbb.jpg_710x360_d5a84ddb.jpg,"{""ret"": true, ""data"": {""tagList"": [{""tagType"": 0, ""tagScore"": 5, ""tagNum"": 0, ""tagName"": ""\u5168\u90e8""}], ""score"": 0.0, ""commentCount"": 0}, ""statusCode"": 200}"
翡翠玉观音,https://imgs.qunarzz.com/sight/p0/1802/ba/ba4cf4e0b703fa9ea3.water.jpg_280x200_a75c4f49.jpg,韶关市,曲江区,福建省厦门市思明区五缘湾香山游艇会,-1,-1.0,具有“闲寂、自然、幽雅、朴素”的精神内涵,https://piao.qunar.com/ticket/detail_1745525096.html?st=a3clM0QlRTYlOUIlQjIlRTYlQjElOUYlRTUlOEMlQkElMjZpZCUzRDQ2NzMzNyUyNnR5cGUlM0QwJTI2aWR4JTNEMjglMjZxdCUzRCUyNmFwayUzRDIlMjZzYyUzRFdXVyUyNnVyJTNEJUU0JUI4JUFEJUU1JUIxJUIxJTI2bHIlM0QlRTQlQjglQUQlRTUlQjElQjElMjZmdCUzRCU3QiU3RA%3D%3D#from=mpl_search_suggest,-1.0,N/A,“禅文化”精神融入到设计理念中，呈现出“闲寂、自然、幽雅、朴素”的精神内涵。园区内集禅修、温泉、度假、养生为一体，充分利用已有的天然氡温泉资源和优美清幽山景，完整诠释了自然之美，突出以“禅文化”为特色的核心理念。,暂无,https://imgs.qunarzz.com/sight/p0/1802/ba/ba4cf4e0b703fa9ea3.water.jpg_710x360_7d8995c4.jpg,"{""ret"": true, ""data"": {""tagList"": [{""tagType"": 0, ""tagScore"": 5, ""tagNum"": 0, ""tagName"": ""\u5168\u90e8""}], ""score"": 0.0, ""commentCount"": 0}, ""statusCode"": 200}"
松果湖畔露营地,https://imgs.qunarzz.com/sight/p0/2204/b9/b92449456b77a14da3.water.jpg_280x200_a29f729c.jpg,韶关市,曲江区,广东省韶关市曲江区罗坑镇中心坝黄屋村松果湖畔,-1,-1.0,绿水湖畔钓鱼圣地,https://piao.qunar.com/ticket/detail_3396698511.html?st=a3clM0QlRTYlOUIlQjIlRTYlQjElOUYlRTUlOEMlQkElMjZpZCUzRDUxNDU0MCUyNnR5cGUlM0QwJTI2aWR4JTNEMjclMjZxdCUzRCUyNmFwayUzRDIlMjZzYyUzRFdXVyUyNnVyJTNEJUU0JUI4JUFEJUU1JUIxJUIxJTI2bHIlM0QlRTQlQjglQUQlRTUlQjElQjElMjZmdCUzRCU3QiU3RA%3D%3D#from=mpl_search_suggest,-1.0,N/A,湖边景色可以看日出 看日落，有草地 ，车可以直接开进营地，两边都是湖畔，是附近非常理想的钓鱼圣地。,具体营业状态以当天开放情况为准,https://imgs.qunarzz.com/sight/p0/2204/b9/b92449456b77a14da3.water.jpg_710x360_6dd37e6a.jpg〇https://imgs.qunarzz.com/sight/p0/2204/6b/6bb98f09837b2a1a3.water.jpg_710x360_c1dfb1ea.jpg〇https://imgs.qunarzz.com/sight/p0/2204/ca/ca9606aeb01480e7a3.water.jpg_710x360_d630af70.jpg〇https://imgs.qunarzz.com/sight/p0/2204/c5/c534ab205af922baa3.water.jpg_710x360_54f22297.jpg〇https://imgs.qunarzz.com/sight/p0/2204/39/39bf3e3fa8ddde9da3.water.jpg_710x360_9bfd9559.jpg,"{""ret"": true, ""data"": {""tagList"": [{""tagType"": 0, ""tagScore"": 5, ""tagNum"": 0, ""tagName"": ""\u5168\u90e8""}], ""score"": 0.0, ""commentCount"": 0}, ""statusCode"": 200}"
韶关鸿润生态园,https://imgs.qunarzz.com/sight/p0/201301/05/26979d39dace235c93835fbb.png_280x200_68e87c7b.png,韶关市,曲江区,广东省韶关市曲江区官坡塘村摇钱窝,-1,-1.0,古老粤北名城的现代悠闲生活从这始,https://piao.qunar.com/ticket/detail_3172040453.html?st=a3clM0QlRTYlOUIlQjIlRTYlQjElOUYlRTUlOEMlQkElMjZpZCUzRDM3MzAyJTI2dHlwZSUzRDAlMjZpZHglM0QyNiUyNnF0JTNEJTI2YXBrJTNEMiUyNnNjJTNEV1dXJTI2dXIlM0QlRTQlQjglQUQlRTUlQjElQjElMjZsciUzRCVFNCVCOCVBRCVFNSVCMSVCMSUyNmZ0JTNEJTdCJTdE#from=mpl_search_suggest,-1.0,N/A,鸿润生态游乐园有苍翠欲滴的树林，悠然自得的林间小道，波光闪滟的池塘，古朴淳正的粤北民风。园内种植桃、梨百香果、风粟等果树。农庄内有黑肉鸡、鹅、鸭和野猪、镭射野战场；中老年人放松心情的悠闲射箭场、垂钓中心；还有令年青人留连忘返的多种户外拓展活动；如水、陆、空拓展和大型的竹林烧烤和帐蓬露营。设施应有尽有，组成一道道靓丽的自然生态风景线，集悠闲、美食、活动于一身。是单位和学校、社会团体举办活动的理想场所。古老粤北名城的现代悠闲生活从这始。户外拓展活动丰富多彩，缅甸式的拉索吊桥在你的脚下摇曳，空中飞人的快意；刺激有趣的知难而上、晴蜓点水、勇往直前等，还有射箭场、捉鱼池和大型竹林烧烤场。拓展活动是在游乐中铸强健体魄、体能的挑战。拓展活动后参加镭射激光野战，先进的激光科技使参与者拥有无限的弹药库；镭激运动使参与者锻炼战略、战术性思考；放松身心，充分锻炼身体；在战斗中不断奔跑、跳跃、匍匐或突袭对手；在体现刺激的战斗快感同时，不知不觉中做了大量运动，达到了强身健体的目的。,9:00-18:00,https://imgs.qunarzz.com/sight/p0/201301/05/26979d39dace235c93835fbb.png_710x360_c0ea8a5f.png〇https://imgs.qunarzz.com/sight/p0/201301/05/da7bd99fc2c25a6393835fbb.png_710x360_90194fea.png〇https://imgs.qunarzz.com/sight/p0/201301/05/185606d9aecbcfa393835fbb.png_710x360_296b767e.png,"{""ret"": true, ""data"": {""tagList"": [{""tagType"": 0, ""tagScore"": 5, ""tagNum"": 0, ""tagName"": ""\u5168\u90e8""}], ""score"": 0.0, ""commentCount"": 0}, ""statusCode"": 200}"
阴元石,https://qimgs.qunarzz.com/piao_qsight_provider_piao_qsight_web/0100s12000f6t50pe9B5B_C_900_504.jpg_280x200_6bfc2804.jpg,韶关市,仁化县,广东省韶关市仁化县106国道丹霞山风景区内,-1,-1.0,观赏浑然天成的奇异怪石,https://piao.qunar.com/ticket/detail_3949175247.html?st=a3clM0QlRTQlQkIlODElRTUlOEMlOTYlRTUlOEUlQkYlMjZpZCUzRDUxNTIzNyUyNnR5cGUlM0QwJTI2aWR4JTNEMTUlMjZxdCUzRCUyNmFwayUzRDIlMjZzYyUzRFdXVyUyNnVyJTNEJUU0JUI4JUFEJUU1JUIxJUIxJTI2bHIlM0QlRTQlQjglQUQlRTUlQjElQjElMjZmdCUzRCU3QiU3RA%3D%3D#from=mpl_search_suggest,-1.0,N/A,阴元石位于锦江之东，长老峰下，遮遮掩掩，藏在幽谷深处，高十多米，阔四米多。这怪石有锦江为屏障，有庄重的长老峰护持，浓荫密林之中，1998年才被砍柴的农夫发现。现在辟为旅游景点，去看这隐密的圣地，也要泛舟涉水，走到坎坷的林荫小径尽头才能饱览真容。,1/1-12/31；周一至周日；全天开放,https://qimgs.qunarzz.com/piao_qsight_provider_piao_qsight_web/0100s12000f6t50pe9B5B_C_900_504.jpg_710x360_45ab6231.jpg〇https://qimgs.qunarzz.com/piao_qsight_provider_piao_qsight_web/0100s12000f6t50pe9B5B_C_900_504_Q90_Mtg_7.jpg_710x360_84b96b53.jpg〇https://qimgs.qunarzz.com/piao_qsight_provider_piao_qsight_web/0106712000acq0puw17FB_C_900_504_Q90_Mtg_7.jpg_710x360_b77c25a7.jpg,"{""ret"": true, ""data"": {""tagList"": [{""tagType"": 0, ""tagScore"": 5, ""tagNum"": 0, ""tagName"": ""\u5168\u90e8""}], ""score"": 0.0, ""commentCount"": 0}, ""statusCode"": 200}"
万时山高山草原,https://imgs.qunarzz.com/sight/p59/201211/06/367923a64387ab2b93835fbb.jpg_280x200_97a22363.jpg,韶关市,仁化县,广东省韶关市仁化县长江镇塘洞村,-1,-1.0,山岭连绵，森林茂盛，气候温和，资源丰富,https://piao.qunar.com/ticket/detail_3370893474.html?st=a3clM0QlRTQlQkIlODElRTUlOEMlOTYlRTUlOEUlQkYlMjZpZCUzRDEzMzk3JTI2dHlwZSUzRDAlMjZpZHglM0QxNCUyNnF0JTNEJTI2YXBrJTNEMiUyNnNjJTNEV1dXJTI2dXIlM0QlRTQlQjglQUQlRTUlQjElQjElMjZsciUzRCVFNCVCOCVBRCVFNSVCMSVCMSUyNmZ0JTNEJTdCJTdE#from=mpl_search_suggest,-1.0,N/A,万时山（又名范子山、白云山）海拔1559.3米，位于北纬25°27′，座落于粤北仁化县与赣西崇义县、湘南汝城县三县交界处，有“脚踏三县，鸡鸣三省”之称。万时山内溪涧纵横交错，水源丰富，年降雨量1600毫米，是丹霞山锦江河的主要发源地之一。万时山山岭连绵，森林茂盛，气候温和，雨量充沛，适宜多种动、植物繁衍和生长，资源丰富，现有动物100多种，植物30余种。万时山的旅游资源：鹞婆石、唐末农民起义领袖黄巢兵营遗址、刀背脊、古寨、回音岩、钟鼓石、飞水寨瀑布群、江背河原始森林，汝城温泉，陈欧温泉等。,暂无,https://imgs.qunarzz.com/sight/p59/201211/06/367923a64387ab2b93835fbb.jpg_710x360_d88e8563.jpg,"{""ret"": true, ""data"": {""tagList"": [{""tagType"": 0, ""tagScore"": 5, ""tagNum"": 0, ""tagName"": ""\u5168\u90e8""}], ""score"": 0.0, ""commentCount"": 0}, ""statusCode"": 200}"
韶关丹霞山博士生态园,https://imgs.qunarzz.com/sight/p0/201405/13/7688531e3f238ca5d8afbe204ad53f03.jpg_280x200_9673f860.jpg,韶关市,仁化县,广东省韶关市仁化县丹霞山游船码头,-1,-1.0,游船观光生态园景色,https://piao.qunar.com/ticket/detail_2561167098.html?st=a3clM0QlRTQlQkIlODElRTUlOEMlOTYlRTUlOEUlQkYlMjZpZCUzRDE5NDk4OSUyNnR5cGUlM0QwJTI2aWR4JTNEMTMlMjZxdCUzRCUyNmFwayUzRDIlMjZzYyUzRFdXVyUyNnVyJTNEJUU0JUI4JUFEJUU1JUIxJUIxJTI2bHIlM0QlRTQlQjglQUQlRTUlQjElQjElMjZmdCUzRCU3QiU3RA%3D%3D#from=mpl_search_suggest,-1.0,N/A,丹霞山博士生态园位于广东省韶关市仁化县丹霞山游船码头，成立于2005年07年01日，目前主要经营游船观光配套服务。生态园现有员工近百人，各种观光游船共十五艘，办公及游客休闲场所近3500平方米。中国丹霞”捆绑申报世界遗产的成*，使丹霞山的知名度和旅游吸引力在不断扩大和提升，世界各地的游客蜂拥而至，而生态园的“水上丹霞”锦江游更能吸引了游客的关注，游客乘坐游船，泛舟锦江，沿途不仅能欣赏两岸迷人的丹霞景色，还可以身临其中充分享受大自然清新的空气、环保、自然生态园。凭借着得天独厚的地理优势、便捷快速的交通网络和丰富的自然资源，重新诠释了生态休闲度假之旅的新内涵。生态园的“绿色时尚”成为丹霞山旅游的一大亮点，使得丹霞山的旅游业发展到生态与旅游度假时代、艺术和自然结合的完美之作。 乘船逆流而上，江面蜿蜒曲折、水流平缓。沿江两岸层峦叠嶂，千姿百态。阳元山、睡美人、祈福山、桃花岛……聆听动人的传说，无不使您充满奇幻的遐想与美丽的憧憬。,暂无,https://imgs.qunarzz.com/sight/p0/201405/13/7688531e3f238ca5d8afbe204ad53f03.jpg_710x360_365b1f0f.jpg〇https://imgs.qunarzz.com/sight/p0/201405/13/e634fe6c4795cdc38baa7d08cdf1e321.jpg_710x360_ba529680.jpg〇https://imgs.qunarzz.com/sight/p0/201405/13/35409cf0ae11b469090309fbf3e68d1f.jpg_710x360_9cd42fbc.jpg〇https://imgs.qunarzz.com/sight/p0/201405/13/4361cf5186c2e9b12b391056105f582f.jpg_710x360_33959352.jpg,"{""ret"": true, ""data"": {""tagList"": [{""tagType"": 0, ""tagScore"": 5, ""tagNum"": 0, ""tagName"": ""\u5168\u90e8""}], ""score"": 0.0, ""commentCount"": 0}, ""statusCode"": 200}"
双峰寨,https://qimgs.qunarzz.com/piao_qsight_provider_piao_qsight_web/0105q120009dn8psj9331_C_900_504_Q90_Mtg_7.jpg_280x200_04bc8a00.jpg,韶关市,仁化县,韶关市仁化县石塘镇新屋村18号,-1,-1.0,曾是防御性壁垒,https://piao.qunar.com/ticket/detail_1311111282.html?st=a3clM0QlRTQlQkIlODElRTUlOEMlOTYlRTUlOEUlQkYlMjZpZCUzRDE2MTc3JTI2dHlwZSUzRDAlMjZpZHglM0QxMiUyNnF0JTNEJTI2YXBrJTNEMiUyNnNjJTNEV1dXJTI2dXIlM0QlRTQlQjglQUQlRTUlQjElQjElMjZsciUzRCVFNCVCOCVBRCVFNSVCMSVCMSUyNmZ0JTNEJTdCJTdE#from=mpl_search_suggest,-1.0,N/A,双峰寨，座落在仁化县城西19公里的石塘镇始建于清绪已亥年（1899年），由李自胜筹金三万，前后用了十二年时间建成，大革命时期石塘乡农会在此办公，又是与反动派作斗争的红色堡垒。双峰寨，外形成长方形，石灰及青砖砌成。面积有4164平方米，有一个主楼和四个炮楼，其间有围墙相连，墙高9米，厚1.2米，四个炮楼均为三层，高13米，主楼五层，寨外周围护城河宽13.7米，面积4.878平方米，水深1.5米，占地面积9042平方米，是少有的巨型寨堡.寨内四周均建有瓦面盖顶的走廊，其中又分上下走廊，楼上称走马廊，宽1.3米；楼下称半边屋，宽3.15米，走廊沟通五个楼角，每隔3.9米有一小炮眼，包括五个炮楼在内共有55个炮眼。炮眼居高临下，故这个古寨是个可守之地。解放前的双峰寨因战争的创伤和长年风雨侵蚀，已是满目疮痍，上下走廊全部倒塌，五个楼角均破烂不堪。解放后，在党和政府的重视和保护下，县人民政府曾多次拨款维修。为进一步做好革命文物的保护工作，并充分以挥它的作用。于1978年，省人民政府把双峰寨列为全省广播重点保护单位之一,具体营业状态以当天开放情况为准,https://qimgs.qunarzz.com/piao_qsight_provider_piao_qsight_web/0105q120009dn8psj9331_C_900_504_Q90_Mtg_7.jpg_710x360_28c747a6.jpg,"{""ret"": true, ""data"": {""tagList"": [{""tagType"": 0, ""tagScore"": 5, ""tagNum"": 0, ""tagName"": ""\u5168\u90e8""}], ""score"": 0.0, ""commentCount"": 0}, ""statusCode"": 200}"
韶关市红军长征粤北纪念馆,https://qimgs.qunarzz.com/piao_qsight_provider_piao_qsight_web/350h1c000001d4rg16753_C_900_504.jpg_280x200_603be363.jpg,韶关市,仁化县,广东省韶关市仁化县城群村,-1,-1.0,N/A,https://piao.qunar.com/ticket/detail_3705431642.html?st=a3clM0QlRTQlQkIlODElRTUlOEMlOTYlRTUlOEUlQkYlMjZpZCUzRDUyOTI5MyUyNnR5cGUlM0QwJTI2aWR4JTNEMTElMjZxdCUzRCUyNmFwayUzRDIlMjZzYyUzRFdXVyUyNnVyJTNEJUU0JUI4JUFEJUU1JUIxJUIxJTI2bHIlM0QlRTQlQjglQUQlRTUlQjElQjElMjZmdCUzRCU3QiU3RA%3D%3D#from=mpl_search_suggest,-1.0,N/A,N/A,1/1-12/31；周二至周日；09:00-16:30开园；（16:00停止入园）,https://qimgs.qunarzz.com/piao_qsight_provider_piao_qsight_web/350h1c000001d4rg16753_C_900_504.jpg_710x360_f019b8be.jpg〇https://qimgs.qunarzz.com/piao_qsight_provider_piao_qsight_web/350r1c000001d1m0l1B49_C_900_504_Q90_Mtg_7.jpg_710x360_b1144441.jpg〇https://qimgs.qunarzz.com/piao_qsight_provider_piao_qsight_web/35041c000001d262c2E28_C_900_504_Q90_Mtg_7.jpg_710x360_bd545257.jpg〇https://qimgs.qunarzz.com/piao_qsight_provider_piao_qsight_web/350w1c000001d980w0FD2_C_900_504_Q90_Mtg_7.jpg_710x360_35e90b95.jpg〇https://qimgs.qunarzz.com/piao_qsight_provider_piao_qsight_web/350n1c000001d28zbB5B3_C_900_504_Q90_Mtg_7.jpg_710x360_9d5d8efe.jpg〇https://qimgs.qunarzz.com/piao_qsight_provider_piao_qsight_web/350m1c000001dckms86E7_C_900_504_Q90_Mtg_7.jpg_710x360_583f8262.jpg〇https://qimgs.qunarzz.com/piao_qsight_provider_piao_qsight_web/350u1c000001d35sr3062_C_900_504_Q90_Mtg_7.jpg_710x360_4e990f27.jpg〇https://qimgs.qunarzz.com/piao_qsight_provider_piao_qsight_web/350j1c000001d2pf7E55B_C_900_504_Q90_Mtg_7.jpg_710x360_214e4172.jpg〇https://qimgs.qunarzz.com/piao_qsight_provider_piao_qsight_web/35061c000001d3t3dFDFB_C_900_504_Q90_Mtg_7.jpg_710x360_44120e36.jpg〇https://qimgs.qunarzz.com/piao_qsight_provider_piao_qsight_web/350b1c000001d5ks4E9E1_C_900_504_Q90_Mtg_7.jpg_710x360_4d5b0328.jpg〇https://qimgs.qunarzz.com/piao_qsight_provider_piao_qsight_web/350h1c000001d4rg16753_C_900_504_Q90_Mtg_7.jpg_710x360_6f0a0ca9.jpg,"{""ret"": true, ""data"": {""tagList"": [{""tagType"": 0, ""tagScore"": 5, ""tagNum"": 0, ""tagName"": ""\u5168\u90e8""}], ""score"": 0.0, ""commentCount"": 0}, ""statusCode"": 200}"
丹霞山温泉假日山庄,https://imgs.qunarzz.com/sight/p0/201303/13/e15122ddabc5228dc8d65eac.jpg_280x200_df739b2c.jpg,韶关市,仁化县,广东省韶关市仁化县丹霞山金霞小区霞兴南路18号,-1,-1.0,山庄运用现代建筑的风格，巧妙地融入东方园林建筑精髓，流露出浓郁的岭南地域特色文化气息，洋溢着亚热带浪漫的情调。结构布局严,https://piao.qunar.com/ticket/detail_2633124146.html?st=a3clM0QlRTQlQkIlODElRTUlOEMlOTYlRTUlOEUlQkYlMjZpZCUzRDE4NzQwNyUyNnR5cGUlM0QwJTI2aWR4JTNEMTAlMjZxdCUzRCUyNmFwayUzRDIlMjZzYyUzRFdXVyUyNnVyJTNEJUU0JUI4JUFEJUU1JUIxJUIxJTI2bHIlM0QlRTQlQjglQUQlRTUlQjElQjElMjZmdCUzRCU3QiU3RA%3D%3D#from=mpl_search_suggest,-1.0,N/A,山庄运用现代建筑的风格，巧妙地融入东方园林建筑精髓，流露出浓郁的岭南地域特色文化气息，洋溢着亚热带浪漫的情调。结构布局严格遵循“回归自然、融入现代”的建筑理念，别墅依山而建，保留原有地形地貌和原始自然植被，加之曲廊小径、亭台轩榭、别有洞天，鸟语花香、生机盎然，环境自然清新、幽雅脱俗，堪称世外桃源。山庄温泉中心，一期设有室内池区、疗养*能池区、岭南风情区、恒温泳池区四个浸泡区，18个*能各异、各具特色的温泉泡池，另设有7间温泉别墅。据权威部门研究化验报告，丹霞温泉假日山庄温泉水含有钙、镁等几十种对人体有益的微量元素，能起到舒筋活络，强身健体、润肤美容、安神养神、抗衰老等作用，温泉引用的温泉水温高达62℃，属高硅酸钙温矿泉水。,暂无,https://imgs.qunarzz.com/sight/p0/201303/13/e15122ddabc5228dc8d65eac.jpg_710x360_f95c3d26.jpg,"{""ret"": true, ""data"": {""tagList"": [{""tagType"": 0, ""tagScore"": 5, ""tagNum"": 0, ""tagName"": ""\u5168\u90e8""}], ""score"": 0.0, ""commentCount"": 0}, ""statusCode"": 200}"
韶关灵溪谷露营地,https://qimgs.qunarzz.com/piao_qsight_provider_piao_qsight_web/0106512000a345g984E5D_C_900_504.jpg_280x200_131a8ba2.jpg,韶关市,仁化县,广东省韶关市仁化县周田镇丹霞灵溪17-Mile,-1,-1.0,枫林美景、自然资源丰富,https://piao.qunar.com/ticket/detail_3578406289.html?st=a3clM0QlRTQlQkIlODElRTUlOEMlOTYlRTUlOEUlQkYlMjZpZCUzRDUxNDU0NCUyNnR5cGUlM0QwJTI2aWR4JTNEOSUyNnF0JTNEJTI2YXBrJTNEMiUyNnNjJTNEV1dXJTI2dXIlM0QlRTQlQjglQUQlRTUlQjElQjElMjZsciUzRCVFNCVCOCVBRCVFNSVCMSVCMSUyNmZ0JTNEJTdCJTdE#from=mpl_search_suggest,-1.0,N/A,韶关灵溪谷露营地位于灵溪河森林旅游度假景区内，是属于韶关的大丹霞范围内，坐落在106国道和323国道交汇处，距离韶关市区30公里，曲江南华寺60公里，南雄珠玑港85公里。营地内有彩虹缆车、森林小火车、灵溪马会、波波池等娱乐项目,具体营业状态以当天开放情况为准,https://qimgs.qunarzz.com/piao_qsight_provider_piao_qsight_web/0106512000a345g984E5D_C_900_504.jpg_710x360_1167419f.jpg〇https://qimgs.qunarzz.com/piao_qsight_provider_piao_qsight_web/0101q12000a345g9bB47A_C_900_504_Q90_Mtg_7.jpg_710x360_9b6ee4d4.jpg〇https://qimgs.qunarzz.com/piao_qsight_provider_piao_qsight_web/0100k12000a345ikkC799_C_900_504_Q90_Mtg_7.jpg_710x360_12351b17.jpg〇https://qimgs.qunarzz.com/piao_qsight_provider_piao_qsight_web/0103s12000a345h26D574_C_900_504_Q90_Mtg_7.jpg_710x360_032d7c62.jpg〇https://qimgs.qunarzz.com/piao_qsight_provider_piao_qsight_web/0105z1200096zeoke38C4_C_900_504_Q90_Mtg_7.jpg_710x360_8391be1b.jpg〇https://qimgs.qunarzz.com/piao_qsight_provider_piao_qsight_web/0106u12000a3453g853D5_C_900_504_Q90_Mtg_7.jpg_710x360_cea19772.jpg〇https://qimgs.qunarzz.com/piao_qsight_provider_piao_qsight_web/0104112000a3451es91BE_C_900_504_Q90_Mtg_7.jpg_710x360_86ec1101.jpg〇https://qimgs.qunarzz.com/piao_qsight_provider_piao_qsight_web/0105j12000a344zor238E_C_900_504_Q90_Mtg_7.jpg_710x360_14b5cd75.jpg〇https://qimgs.qunarzz.com/piao_qsight_provider_piao_qsight_web/0101h12000a3459em9B1E_C_900_504_Q90_Mtg_7.png_710x360_d5e9d5d8.png〇https://qimgs.qunarzz.com/piao_qsight_provider_piao_qsight_web/0101412000a345h230576_C_900_504_Q90_Mtg_7.jpg_710x360_60ffa2fa.jpg〇https://qimgs.qunarzz.com/piao_qsight_provider_piao_qsight_web/0106512000a345g984E5D_C_900_504_Q90_Mtg_7.jpg_710x360_d5560198.jpg〇https://imgs.qunarzz.com/sight/p0/2204/d0/d0099e6b8c2e78a8a3.water.jpg_710x360_b01eddde.jpg〇https://imgs.qunarzz.com/sight/p0/2204/28/28011aabccf1d1f4a3.water.jpg_710x360_6699ace0.jpg〇https://imgs.qunarzz.com/sight/p0/2204/b5/b5feb06d01c3880da3.water.jpg_710x360_03f6c575.jpg〇https://imgs.qunarzz.com/sight/p0/2204/93/93f5db4b13a412f8a3.water.jpg_710x360_b51631c3.jpg〇https://imgs.qunarzz.com/sight/p0/2204/d8/d84c36f1ebd14f11a3.water.jpg_710x360_0944379a.jpg〇https://imgs.qunarzz.com/sight/p0/2204/12/122c0fc7879f46c1a3.water.jpg_710x360_cbb28207.jpg,"{""ret"": true, ""data"": {""tagList"": [{""tagType"": 0, ""tagScore"": 5, ""tagNum"": 0, ""tagName"": ""\u5168\u90e8""}], ""score"": 0.0, ""commentCount"": 0}, ""statusCode"": 200}"
韶关趣营地露营基地,https://imgs.qunarzz.com/sight/p0/2202/bd/bdc027a6fdedb4b7a3.img.jpg_280x200_07b396fd.jpg,韶关市,仁化县,广东省韶关市仁化县周田镇灵溪下洞村委石头背小组,-1,-1.0,"懒人全包式精致露营
在这里，你只负责开心就行！
其余的都交给趣·营地万能的工作人员就好啦！
不用担心露营不便利的问题。趣",https://piao.qunar.com/ticket/detail_2031391826.html?st=a3clM0QlRTQlQkIlODElRTUlOEMlOTYlRTUlOEUlQkYlMjZpZCUzRDUxMzg1NyUyNnR5cGUlM0QwJTI2aWR4JTNEOCUyNnF0JTNEJTI2YXBrJTNEMiUyNnNjJTNEV1dXJTI2dXIlM0QlRTQlQjglQUQlRTUlQjElQjElMjZsciUzRCVFNCVCOCVBRCVFNSVCMSVCMSUyNmZ0JTNEJTdCJTdE#from=mpl_search_suggest,-1.0,N/A,懒人全包式精致露营在这里，你只负责开心就行！其余的都交给趣·营地万能的工作人员就好啦！不用担心露营不便利的问题。趣·营地配有淋浴房、睡袋、厚被子、充电器、照明夜灯。,9:00-21:00,https://imgs.qunarzz.com/sight/p0/2202/bd/bdc027a6fdedb4b7a3.img.jpg_710x360_5ee592aa.jpg〇https://imgs.qunarzz.com/sight/p0/2202/c5/c57e5d5b1e9116caa3.img.jpg_710x360_72b0285e.jpg〇https://imgs.qunarzz.com/sight/p0/2202/b6/b6c4498fa7a0d458a3.img.jpg_710x360_5fa7b50b.jpg〇https://imgs.qunarzz.com/sight/p0/2202/1a/1a5ee1028b5371a3a3.img.jpg_710x360_056ca43e.jpg〇https://imgs.qunarzz.com/sight/p0/2202/61/6146b55fc2d80feca3.img.jpg_710x360_a09cf214.jpg〇https://imgs.qunarzz.com/sight/p0/2202/6f/6ff2b45a829ce0e8a3.img.jpg_710x360_ca19058b.jpg〇https://imgs.qunarzz.com/sight/p0/2202/d0/d09c518a372b55a6a3.img.jpg_710x360_b01ae57f.jpg〇https://imgs.qunarzz.com/sight/p0/2202/b9/b9e4930293f550c0a3.img.jpg_710x360_839e3010.jpg〇https://imgs.qunarzz.com/sight/p0/2202/32/32f1a850541673a5a3.img.jpg_710x360_ada4ee43.jpg〇https://imgs.qunarzz.com/sight/p0/2202/9f/9faca7288d24324ea3.img.jpg_710x360_a5fe186d.jpg〇https://imgs.qunarzz.com/sight/p0/2202/3a/3afa970aa3dcd6e8a3.img.jpg_710x360_b1e97acb.jpg,"{""ret"": true, ""data"": {""tagList"": [{""tagType"": 0, ""tagScore"": 5, ""tagNum"": 0, ""tagName"": ""\u5168\u90e8""}], ""score"": 0.0, ""commentCount"": 0}, ""statusCode"": 200}"
韶石山,https://imgs.qunarzz.com/sight/p29/201211/05/60c21cb62b96a1ef93835fbb.jpg_280x200_b81a93b7.jpg,韶关市,仁化县,广东省韶关市园前西路六栋二楼,-1,-1.0,距粤北重镇韶关市东北面15公里，有一处生态环境优美、旅游资源十分丰富的原始生态旅游景区－－韶石山。韶石山由一系列丘陵山地,https://piao.qunar.com/ticket/detail_3052230503.html?st=a3clM0QlRTQlQkIlODElRTUlOEMlOTYlRTUlOEUlQkYlMjZpZCUzRDE4MTglMjZ0eXBlJTNEMCUyNmlkeCUzRDUlMjZxdCUzRCUyNmFwayUzRDIlMjZzYyUzRFdXVyUyNnVyJTNEJUU0JUI4JUFEJUU1JUIxJUIxJTI2bHIlM0QlRTQlQjglQUQlRTUlQjElQjElMjZmdCUzRCU3QiU3RA%3D%3D#from=mpl_search_suggest,7.0,N/A,距粤北重镇韶关市东北面15公里，有一处生态环境优美、旅游资源十分丰富的原始生态旅游景区－－韶石山。韶石山由一系列丘陵山地组成，面积100多平方公里。这里气候宜人（属中亚热带季风气候），自然风光优美，保留着众多的岩庙、古寨遗迹，更有神奇的岩棺、岩画。美丽的神话和古老的传说为这块土地抹上了神秘的色彩。相传4000多年前，舜帝南巡途经此地，登山奏韶乐，乐曲美妙动听，群山亦为之动容，遂变成了形状奇异的“三十六石”。韶石山因此得名。隋开皇九年改东衡州为韶州（韶关市前称），韶石山从此声名大振。唐宋以来，由于南来北往的“上京古道”的开通，更使韶石山成为著名的旅游胜地，历代的文人墨客，如韩愈、苏东坡、杨万里等，都曾到此观光游览、凭吊抒怀，留下了大量的诗词歌赋。韶石山包括九大景区（首期开放的三大景区是：朝石顶观光区、白寨顶探险观光区、金龟岩观光区）。景区中十大代表景点为：朝石览胜、深山岩棺、白寨绝壁、幽谷深深、金龟极目、五马归槽、锦江岩画、金龙岩庙、人面奇石、上京古道。,暂无,https://imgs.qunarzz.com/sight/p29/201211/05/60c21cb62b96a1ef93835fbb.jpg_710x360_d99b8184.jpg〇https://qimgs.qunarzz.com/piao_qsight_provider_piao_qsight_web/0e209c220a1e6b37.jpg_710x360_83779c9a.jpg〇https://qimgs.qunarzz.com/piao_qsight_provider_piao_qsight_web/416f3b8714c9b437.jpg_710x360_4aa0e004.jpg,"{""ret"": true, ""data"": {""tagList"": [{""tagType"": 0, ""tagScore"": 5, ""tagNum"": 0, ""tagName"": ""\u5168\u90e8""}], ""score"": 0.0, ""commentCount"": 0}, ""statusCode"": 200}"
丹霞丰源温泉度假村,https://qimgs.qunarzz.com/piao_qsight_provider_piao_qsight_web/01032120008lwvpp39D73_C_900_504.jpg_280x200_2f7b1b47.jpg,韶关市,仁化县,广东韶关仁化县城口镇106国道旁猴哥岭果茶场北400米,2,5.0,韶关市丹霞丰源温泉度假村，座落于韶关市仁化县，酒店的建筑风格将现代中式与岭南客家建筑特色风格完美地结合起来，突显私家泳道,https://piao.qunar.com/ticket/detail_2678104061.html?st=a3clM0QlRTQlQkIlODElRTUlOEMlOTYlRTUlOEUlQkYlMjZpZCUzRDUxMzE5NCUyNnR5cGUlM0QwJTI2aWR4JTNENCUyNnF0JTNEJTI2YXBrJTNEMiUyNnNjJTNEV1dXJTI2dXIlM0QlRTQlQjglQUQlRTUlQjElQjElMjZsciUzRCVFNCVCOCVBRCVFNSVCMSVCMSUyNmZ0JTNEJTdCJTdE#from=mpl_search_suggest,78.0,N/A,韶关市丹霞丰源温泉度假村，座落于韶关市仁化县，酒店的建筑风格将现代中式与岭南客家建筑特色风格完美地结合起来，突显私家泳道、温泉到户、生态观光等特色，并结合仁化县丹霞山生态旅游、城口镇铜鼓岭烈士纪念园、谭甫仁旧居、恩村古村、红军长征粤北纪念馆等旅游项目，借以城口镇创建“红色特色小镇”的发展目标，推动“丹霞山+红色文化+温泉+古村”旅游文化的发展，充分展现本地“山、水和文化资源”。着力打造一个集休闲度假、健康养生、科学养老和红色文化旅游于一体跨粤湘赣三省的大型旅游项目，是一个集体闲度假、健康养生和红色文化旅游于一体的大型度假酒店。,1/1-12/31；周一至周日；全天开放,https://qimgs.qunarzz.com/piao_qsight_provider_piao_qsight_web/01032120008lwvpp39D73_C_900_504.jpg_710x360_a56d9584.jpg〇https://qimgs.qunarzz.com/piao_qsight_provider_piao_qsight_web/01037120008jvya8tE70E_C_900_504_Q90_Mtg_7.jpg_710x360_7a89ca20.jpg〇https://qimgs.qunarzz.com/piao_qsight_provider_piao_qsight_web/01042120008jvye5r580B_C_900_504_Q90_Mtg_7.jpg_710x360_579201fc.jpg〇https://qimgs.qunarzz.com/piao_qsight_provider_piao_qsight_web/0106c120008lwvrghE72A_C_900_504_Q90_Mtg_7.jpg_710x360_c42748bb.jpg〇https://qimgs.qunarzz.com/piao_qsight_provider_piao_qsight_web/0101x120008jvy8cr5A3F_C_900_504_Q90_Mtg_7.jpg_710x360_b2a3661b.jpg〇https://qimgs.qunarzz.com/piao_qsight_provider_piao_qsight_web/0103o120008lwvwixF279_C_900_504_Q90_Mtg_7.jpg_710x360_86e1524f.jpg〇https://qimgs.qunarzz.com/piao_qsight_provider_piao_qsight_web/0104z120008jvy5rf0917_C_900_504_Q90_Mtg_7.jpg_710x360_4008adc6.jpg〇https://qimgs.qunarzz.com/piao_qsight_provider_piao_qsight_web/01045120008lwvpxbE630_C_900_504_Q90_Mtg_7.jpg_710x360_5367aecf.jpg〇https://qimgs.qunarzz.com/piao_qsight_provider_piao_qsight_web/0100b120008lwvnyw11D7_C_900_504_Q90_Mtg_7.jpg_710x360_10567620.jpg〇https://qimgs.qunarzz.com/piao_qsight_provider_piao_qsight_web/0100j120008jvya1i995A_C_900_504_Q90_Mtg_7.jpg_710x360_aa8e2a10.jpg〇https://qimgs.qunarzz.com/piao_qsight_provider_piao_qsight_web/01032120008lwvpp39D73_C_900_504_Q90_Mtg_7.jpg_710x360_cbf1b831.jpg,"{""ret"": true, ""data"": {""tagList"": [{""tagType"": 1, ""tagScore"": 5, ""tagNum"": 2, ""tagName"": ""\u597d\u8bc4""}, {""tagType"": 0, ""tagScore"": 5, ""tagNum"": 2, ""tagName"": ""\u5168\u90e8""}], ""commentList"": [{""author"": ""\u53bb*\u6237"", ""content"": ""\u7528\u6237\u672a\u70b9\u8bc4\uff0c\u7cfb\u7edf\u9ed8\u8ba4\u597d\u8bc4\u3002"", ""date"": ""2022-08-23"", ""score"": 5, ""commentId"": ""222899640"", ""imgs"": [], ""userNickName"": ""\u53bb*\u6237"", ""replyCityName"": """", ""cityName"": """"}, {""author"": ""\u53bb*\u6237"", ""content"": ""\u7528\u6237\u672a\u70b9\u8bc4\uff0c\u7cfb\u7edf\u9ed8\u8ba4\u597d\u8bc4\u3002"", ""date"": ""2022-08-23"", ""score"": 5, ""commentId"": ""222893554"", ""imgs"": [], ""userNickName"": ""\u53bb*\u6237"", ""replyCityName"": """", ""cityName"": """"}], ""score"": 5.0, ""commentCount"": 2}, ""statusCode"": 200}"
丹霞丰源温泉度假村,https://qimgs.qunarzz.com/piao_qsight_provider_piao_qsight_web/01032120008lwvpp39D73_C_900_504.jpg_280x200_2f7b1b47.jpg,韶关市,仁化县,广东韶关仁化县城口镇106国道旁猴哥岭果茶场北400米,37,5.0,丹霞丰源温泉项目占地面积79836.5平方米，总建筑面积154404.75平方米，计划总投资约10亿元。项目位于韶关市仁,https://piao.qunar.com/ticket/detail_509031288.html?st=a3clM0QlRTQlQkIlODElRTUlOEMlOTYlRTUlOEUlQkYlMjZpZCUzRDUwODE4NSUyNnR5cGUlM0QwJTI2aWR4JTNEMiUyNnF0JTNEJTI2YXBrJTNEMiUyNnNjJTNEV1dXJTI2dXIlM0QlRTQlQjglQUQlRTUlQjElQjElMjZsciUzRCVFNCVCOCVBRCVFNSVCMSVCMSUyNmZ0JTNEJTdCJTdE#from=mpl_search_suggest,78.0,N/A,丹霞丰源温泉项目占地面积79836.5平方米，总建筑面积154404.75平方米，计划总投资约10亿元。项目位于韶关市仁化县城口镇，距离世界地质公园AAAAA景区——丹霞山仅有38公里。项目将依托世界地质公园——丹霞山的强大吸客能力以及城口镇特色红色小镇的丰富旅游资源，打造成为粤北地区具留客能力的旅游度假圣地之一。,1/1-12/31；周一至周日；全天开放,https://qimgs.qunarzz.com/piao_qsight_provider_piao_qsight_web/01032120008lwvpp39D73_C_900_504.jpg_710x360_a56d9584.jpg〇https://qimgs.qunarzz.com/piao_qsight_provider_piao_qsight_web/01037120008jvya8tE70E_C_900_504_Q90_Mtg_7.jpg_710x360_7a89ca20.jpg〇https://qimgs.qunarzz.com/piao_qsight_provider_piao_qsight_web/01042120008jvye5r580B_C_900_504_Q90_Mtg_7.jpg_710x360_579201fc.jpg〇https://qimgs.qunarzz.com/piao_qsight_provider_piao_qsight_web/0106c120008lwvrghE72A_C_900_504_Q90_Mtg_7.jpg_710x360_c42748bb.jpg〇https://qimgs.qunarzz.com/piao_qsight_provider_piao_qsight_web/0101x120008jvy8cr5A3F_C_900_504_Q90_Mtg_7.jpg_710x360_b2a3661b.jpg〇https://qimgs.qunarzz.com/piao_qsight_provider_piao_qsight_web/0103o120008lwvwixF279_C_900_504_Q90_Mtg_7.jpg_710x360_86e1524f.jpg〇https://qimgs.qunarzz.com/piao_qsight_provider_piao_qsight_web/0104z120008jvy5rf0917_C_900_504_Q90_Mtg_7.jpg_710x360_4008adc6.jpg〇https://qimgs.qunarzz.com/piao_qsight_provider_piao_qsight_web/01045120008lwvpxbE630_C_900_504_Q90_Mtg_7.jpg_710x360_5367aecf.jpg〇https://qimgs.qunarzz.com/piao_qsight_provider_piao_qsight_web/0100b120008lwvnyw11D7_C_900_504_Q90_Mtg_7.jpg_710x360_10567620.jpg〇https://qimgs.qunarzz.com/piao_qsight_provider_piao_qsight_web/0100j120008jvya1i995A_C_900_504_Q90_Mtg_7.jpg_710x360_aa8e2a10.jpg〇https://qimgs.qunarzz.com/piao_qsight_provider_piao_qsight_web/01032120008lwvpp39D73_C_900_504_Q90_Mtg_7.jpg_710x360_cbf1b831.jpg〇https://imgs.qunarzz.com/sight/p0/2008/1a/1aa4fc1589bde841a3.img.jpg_710x360_aa36c361.jpg〇https://imgs.qunarzz.com/sight/p0/2008/ea/eaec64bcdead4eb0a3.img.jpg_710x360_8b351ef3.jpg〇https://imgs.qunarzz.com/sight/p0/2008/b0/b08460707a9635eca3.img.jpg_710x360_8f7dd02c.jpg〇https://imgs.qunarzz.com/sight/p0/2008/74/74a8558e5d21d658a3.img.jpg_710x360_1ac5921e.jpg〇https://imgs.qunarzz.com/sight/p0/2008/10/10b48a4d29f3564ca3.img.jpg_710x360_79643783.jpg〇https://imgs.qunarzz.com/sight/p0/2008/5c/5c398e64d6413cc4a3.img.jpg_710x360_dd001f24.jpg〇https://imgs.qunarzz.com/sight/p0/2008/3e/3e4c27387f7c4335a3.img.jpg_710x360_7480ddf8.jpg〇https://imgs.qunarzz.com/sight/p0/2008/c2/c29fbe7958ef0943a3.img.jpg_710x360_8223eabc.jpg,"{""ret"": true, ""data"": {""tagList"": [{""tagType"": 32, ""tagScore"": 5, ""tagNum"": 1, ""tagName"": ""\u670d\u52a1\u597d""}, {""tagType"": 16, ""tagScore"": 5, ""tagNum"": 1, ""tagName"": ""\u9760\u8c31""}, {""tagType"": 8, ""tagScore"": 5, ""tagNum"": 1, ""tagName"": ""\u4fbf\u5b9c""}, {""tagType"": 4, ""tagScore"": 5, ""tagNum"": 1, ""tagName"": ""\u53d6\u7968\u65b9\u4fbf""}, {""tagType"": 1, ""tagScore"": 5, ""tagNum"": 37, ""tagName"": ""\u597d\u8bc4""}, {""tagType"": 0, ""tagScore"": 5, ""tagNum"": 37, ""tagName"": ""\u5168\u90e8""}], ""commentList"": [{""author"": ""j*0"", ""content"": ""\u7528\u6237\u672a\u70b9\u8bc4\uff0c\u7cfb\u7edf\u9ed8\u8ba4\u597d\u8bc4\u3002"", ""date"": ""2024-11-08"", ""score"": 5, ""commentId"": ""238693072"", ""imgs"": [], ""userNickName"": ""j*0"", ""replyCityName"": """", ""cityName"": """"}, {""author"": ""\u53bb*\u6237"", ""content"": ""\u7528\u6237\u672a\u70b9\u8bc4\uff0c\u7cfb\u7edf\u9ed8\u8ba4\u597d\u8bc4\u3002"", ""date"": ""2024-03-19"", ""score"": 5, ""commentId"": ""232523200"", ""imgs"": [], ""userNickName"": ""\u53bb*\u6237"", ""replyCityName"": """", ""cityName"": """"}, {""author"": ""\u53bb*\u6237"", ""content"": ""\u7528\u6237\u672a\u70b9\u8bc4\uff0c\u7cfb\u7edf\u9ed8\u8ba4\u597d\u8bc4\u3002"", ""date"": ""2024-03-07"", ""score"": 5, ""commentId"": ""231834582"", ""imgs"": [], ""userNickName"": ""\u53bb*\u6237"", ""replyCityName"": """", ""cityName"": """"}, {""author"": ""\u53bb*\u6237"", ""content"": ""\u7528\u6237\u672a\u70b9\u8bc4\uff0c\u7cfb\u7edf\u9ed8\u8ba4\u597d\u8bc4\u3002"", ""date"": ""2024-02-29"", ""score"": 5, ""commentId"": ""231685126"", ""imgs"": [], ""userNickName"": ""\u53bb*\u6237"", ""replyCityName"": """", ""cityName"": """"}, {""author"": ""\u5343*\u5bfb"", ""content"": ""\u4e30\u6e90\u6e29\u6cc9\u9152\u5e97\u73af\u5883\u5f88\u4f18\u7f8e\u7684\uff0c\u7a7a\u6c14\u6e05\u65b0\uff0c\u623f\u95f4\u4e5f\u5f88\u5e72\u51c0\u536b\u751f\uff0c\u91c7\u5149\u4e5f\u5f88\u597d\uff0c\u5de5\u4f5c\u4eba\u5458\u670d\u52a1\u6001\u5ea6\u4e5f\u597d\uff0c\u7279\u522b\u8868\u626c\u4e00\u4e0b\u9152\u5e97\u524d\u53f0\u5927\u83f2\uff0c\u6211\u7684\u623f\u95f4\u95e8\u5361\u5728\u6ce1\u6e29\u6cc9\u7684\u65f6\u5019\u4e0d\u5c0f\u5fc3\u6389\u4e86\u4e00\u4e2a\uff0c\u9000\u623f\u7684\u65f6\u5019\u7ed9\u6211\u5411\u9886\u5bfc\u7533\u8bf7\u4e86\u514d\u8d54\uff0c\u771f\u7684\u975e\u5e38\u611f\u8c22\uff0c\u4f53\u9a8c\u611f\u975e\u5e38\u597d\u3002"", ""date"": ""2022-10-03"", ""score"": 5, ""commentId"": ""223490237"", ""imgs"": [{""small"": ""https://imgs.qunarzz.com/piao/fusion/2210/e2/d9b380d91d404c02.jpg_120x120_1709b749.jpg"", ""title"": """", ""big"": ""https://imgs.qunarzz.com/piao/fusion/2210/e2/d9b380d91d404c02.jpg""}, {""small"": ""https://imgs.qunarzz.com/piao/fusion/2210/66/9821900e074ffc02.jpg_120x120_edb88404.jpg"", ""title"": """", ""big"": ""https://imgs.qunarzz.com/piao/fusion/2210/66/9821900e074ffc02.jpg""}, {""small"": ""https://imgs.qunarzz.com/piao/fusion/2210/d8/7799ac76bf207102.jpg_120x120_a45a2e2a.jpg"", ""title"": """", ""big"": ""https://imgs.qunarzz.com/piao/fusion/2210/d8/7799ac76bf207102.jpg""}], ""userNickName"": ""\u5343*\u5bfb"", ""replyCityName"": """", ""cityName"": ""\u5e7f\u4e1c""}, {""author"": ""\u53bb*\u6237"", ""content"": ""\u7528\u6237\u672a\u70b9\u8bc4\uff0c\u7cfb\u7edf\u9ed8\u8ba4\u597d\u8bc4\u3002"", ""date"": ""2024-01-30"", ""score"": 5, ""commentId"": ""231209950"", ""imgs"": [], ""userNickName"": ""\u53bb*\u6237"", ""replyCityName"": """", ""cityName"": """"}, {""author"": ""\u53bb*\u6237"", ""content"": ""\u7528\u6237\u672a\u70b9\u8bc4\uff0c\u7cfb\u7edf\u9ed8\u8ba4\u597d\u8bc4\u3002"", ""date"": ""2024-01-30"", ""score"": 5, ""commentId"": ""231209716"", ""imgs"": [], ""userNickName"": ""\u53bb*\u6237"", ""replyCityName"": """", ""cityName"": """"}, {""author"": ""j*2"", ""content"": ""\u7528\u6237\u672a\u70b9\u8bc4\uff0c\u7cfb\u7edf\u9ed8\u8ba4\u597d\u8bc4\u3002"", ""date"": ""2024-01-16"", ""score"": 5, ""commentId"": ""231056933"", ""imgs"": [], ""userNickName"": ""j*2"", ""replyCityName"": """", ""cityName"": """"}, {""author"": ""h*1"", ""content"": ""\u7528\u6237\u672a\u70b9\u8bc4\uff0c\u7cfb\u7edf\u9ed8\u8ba4\u597d\u8bc4\u3002"", ""date"": ""2024-01-02"", ""score"": 5, ""commentId"": ""230918460"", ""imgs"": [], ""userNickName"": ""h*1"", ""replyCityName"": """", ""cityName"": """"}, {""author"": ""\u53bb*\u6237"", ""content"": ""\u7528\u6237\u672a\u70b9\u8bc4\uff0c\u7cfb\u7edf\u9ed8\u8ba4\u597d\u8bc4\u3002"", ""date"": ""2023-12-20"", ""score"": 5, ""commentId"": ""230759172"", ""imgs"": [], ""userNickName"": ""\u53bb*\u6237"", ""replyCityName"": """", ""cityName"": """"}], ""score"": 5.0, ""commentCount"": 37}, ""statusCode"": 200}"
丹霞灵溪森林度假景区,https://qimgs.qunarzz.com/piao_qsight_provider_piao_qsight_web/350j160000010o06d452B_C_900_504.jpg_280x200_09a256c1.jpg,韶关市,仁化县,广东省韶关市仁化县(距丹霞山12公里),245,5.0,秋看红叶，冬赏梅林,https://piao.qunar.com/ticket/detail_1459481060.html?st=a3clM0QlRTQlQkIlODElRTUlOEMlOTYlRTUlOEUlQkYlMjZpZCUzRDM3NDY0JTI2dHlwZSUzRDAlMjZpZHglM0QxJTI2cXQlM0QlMjZhcGslM0QyJTI2c2MlM0RXV1clMjZ1ciUzRCVFNCVCOCVBRCVFNSVCMSVCMSUyNmxyJTNEJUU0JUI4JUFEJUU1JUIxJUIxJTI2ZnQlM0QlN0IlN0Q%3D#from=mpl_search_suggest,29.9,N/A,丹霞山灵溪河森林公园以其天然的地理以及临傍奇特的丹霞地貌及喀斯特地质形成了韶关市独特的旅游胜地。公园内风光如画、四季常青；春时百花吐艳、漫山锦绣；夏天雨水充沛，有高山“银流泻玉珠”之景；秋季金风送爽、枫叶红似火；冬日梅林飘香，有“灵溪香雪”之美称，是一个以湖光山色、自然风光为主，集自然景观、人文景观、森林保健*能于一体的自然生态公园。在公园内的老凉亭风景区，其自然生态环境保护良好，植物生长茂盛，种类繁多；河水清澈见底，河边野草肥美，为各种野生动物的生存繁育提供了良好的栖息条件。在绿油油的老凉亭草坪上有两座有美丽精致的亭子名曰“临夕亭”、“灵溪阁”，把整个老凉亭景区点缀得更加靓丽，游客们可在亭子里休息闲聊，其乐悠悠。公园内还有“老凉亭驯马场”，游客们可与高大膘肥、奔驰于公园山林间的骏马嬉戏玩耍、合影拍照留念，玩累了的游客可在公园内的老凉亭农家风味餐厅就餐休息，享用可口的别具乡村风味的饭菜。另外濒临灵溪河的老凉亭烧烤场、别致的木屋别墅住宿区、逼真动感的野战游戏、给游客朋友们提供享受快乐假期的美好旅游选择。,1/1-12/31；周一至周日；08:30-18:00开园,https://qimgs.qunarzz.com/piao_qsight_provider_piao_qsight_web/350j160000010o06d452B_C_900_504.jpg_710x360_33e91803.jpg〇https://qimgs.qunarzz.com/piao_qsight_provider_piao_qsight_web/350w160000010uiwb5B45_C_900_504_Q90_Mtg_7.jpg_710x360_71354ef6.jpg〇https://qimgs.qunarzz.com/piao_qsight_provider_piao_qsight_web/3502160000010vkifC24A_C_900_504_Q90_Mtg_7.jpg_710x360_75a5cab5.jpg〇https://qimgs.qunarzz.com/piao_qsight_provider_piao_qsight_web/0106o12000apx8tja1D44_C_900_504_Q90_Mtg_7.jpg_710x360_c714f939.jpg〇https://qimgs.qunarzz.com/piao_qsight_provider_piao_qsight_web/350k160000010so601F02_C_900_504_Q90_Mtg_7.jpg_710x360_ac02e3b5.jpg〇https://qimgs.qunarzz.com/piao_qsight_provider_piao_qsight_web/350l160000010onlr7AEA_C_900_504_Q90_Mtg_7.jpg_710x360_b26d6535.jpg〇https://qimgs.qunarzz.com/piao_qsight_provider_piao_qsight_web/100m1f000001gzlyk9A7D_C_900_504_Q90_Mtg_7.jpg_710x360_a96451db.jpg〇https://qimgs.qunarzz.com/piao_qsight_provider_piao_qsight_web/350l160000010onls8B09_C_900_504_Q90_Mtg_7.jpg_710x360_b592d910.jpg〇https://qimgs.qunarzz.com/piao_qsight_provider_piao_qsight_web/0105812000apx8t7h3097_C_900_504_Q90_Mtg_7.jpg_710x360_a6672596.jpg〇https://qimgs.qunarzz.com/piao_qsight_provider_piao_qsight_web/3505160000010qzumD932_C_900_504_Q90_Mtg_7.jpg_710x360_62574ba3.jpg〇https://qimgs.qunarzz.com/piao_qsight_provider_piao_qsight_web/350j160000010o06d452B_C_900_504_Q90_Mtg_7.jpg_710x360_bfcbd5d7.jpg〇https://imgs.qunarzz.com/sight/p0/1907/3f/3f2465ac72c5a570a3.img.jpg_710x360_1d761cd3.jpg〇https://imgs.qunarzz.com/sight/p0/1907/91/915732debfa3dd0aa3.img.jpg_710x360_a08e2c8a.jpg〇https://imgs.qunarzz.com/sight/p0/1907/56/56d7a10c5026650aa3.img.jpg_710x360_333222cb.jpg〇https://imgs.qunarzz.com/sight/p0/1907/3d/3d1e6d826dbda28ba3.img.jpg_710x360_1cff355e.jpg〇https://imgs.qunarzz.com/sight/p0/1907/de/de9bd66dbbda2778a3.img.jpg_710x360_83689b3a.jpg〇https://imgs.qunarzz.com/sight/p0/1907/2d/2d1f3ae2893d339aa3.img.jpg_710x360_aff1dbbe.jpg〇https://imgs.qunarzz.com/sight/p0/1907/e0/e01c678298f74691a3.img.jpg_710x360_cd2fcaaa.jpg〇https://imgs.qunarzz.com/sight/p0/1907/be/be8b08ab68f97d17a3.img.jpg_710x360_9a6410f9.jpg,"{""ret"": true, ""data"": {""tagList"": [{""tagType"": 3, ""tagScore"": 5, ""tagNum"": 2, ""tagName"": ""\u5dee\u8bc4""}, {""tagType"": 1, ""tagScore"": 5, ""tagNum"": 243, ""tagName"": ""\u597d\u8bc4""}, {""tagType"": 0, ""tagScore"": 5, ""tagNum"": 245, ""tagName"": ""\u5168\u90e8""}], ""commentList"": [{""author"": ""\u53bb*\u6237"", ""content"": ""\u5c71\u95f4\u4e91\u96fe\uff0c\u5c0f\u6eaa\u6d41\u6c34\uff0c\u4e39\u971e\u7075\u6eaa\uff0c\u4e00\u4e2a\u8ba9\u4eba\u5fc3\u7075\u5f97\u5230\u51c0\u5316\u548c\u653e\u677e\u7684\u5730\u65b9\u3002\u5728\u8fd9\u91cc\uff0c\u4f60\u53ef\u4ee5\u8fdc\u79bb\u57ce\u5e02\u7684\u55a7\u56a3\uff0c\u4e0e\u5927\u81ea\u7136\u4eb2\u5bc6\u63a5\u89e6\uff0c\u4f53\u9a8c\u5230\u6700\u7eaf\u7cb9\u7684\u81ea\u7136\u4e4b\u7f8e\u3002"", ""date"": ""2024-11-01"", ""score"": 5, ""commentId"": ""237992485"", ""imgs"": [{""small"": ""https://qimgs.qunarzz.com/mp_piao_0001/temp13592577941588330127file_1730426125000.jpg_120x120_4ef85c17.jpg"", ""title"": """", ""big"": ""https://qimgs.qunarzz.com/mp_piao_0001/temp13592577941588330127file_1730426125000.jpg""}, {""small"": ""https://qimgs.qunarzz.com/mp_piao_0001/temp2823507533145757716file_1730426125000.jpg_120x120_7f86db33.jpg"", ""title"": """", ""big"": ""https://qimgs.qunarzz.com/mp_piao_0001/temp2823507533145757716file_1730426125000.jpg""}], ""userNickName"": ""\u53bb*\u6237"", ""replyCityName"": """", ""cityName"": ""\u5e7f\u4e1c""}, {""author"": ""w*1"", ""content"": ""\u7528\u6237\u672a\u70b9\u8bc4\uff0c\u7cfb\u7edf\u9ed8\u8ba4\u597d\u8bc4\u3002"", ""date"": ""2024-11-26"", ""score"": 5, ""commentId"": ""238958989"", ""imgs"": [], ""userNickName"": ""w*1"", ""replyCityName"": """", ""cityName"": """"}, {""author"": ""\u53bb*\u6237"", ""content"": ""\u7528\u6237\u672a\u70b9\u8bc4\uff0c\u7cfb\u7edf\u9ed8\u8ba4\u597d\u8bc4\u3002"", ""date"": ""2024-11-26"", ""score"": 5, ""commentId"": ""238958853"", ""imgs"": [], ""userNickName"": ""\u53bb*\u6237"", ""replyCityName"": """", ""cityName"": """"}, {""author"": ""h*2"", ""content"": ""\u7528\u6237\u672a\u70b9\u8bc4\uff0c\u7cfb\u7edf\u9ed8\u8ba4\u597d\u8bc4\u3002"", ""date"": ""2024-11-26"", ""score"": 5, ""commentId"": ""238958605"", ""imgs"": [], ""userNickName"": ""h*2"", ""replyCityName"": """", ""cityName"": """"}, {""author"": ""l*7"", ""content"": ""\u7528\u6237\u672a\u70b9\u8bc4\uff0c\u7cfb\u7edf\u9ed8\u8ba4\u597d\u8bc4\u3002"", ""date"": ""2024-11-19"", ""score"": 5, ""commentId"": ""238839815"", ""imgs"": [], ""userNickName"": ""l*7"", ""replyCityName"": """", ""cityName"": """"}, {""author"": ""l*7"", ""content"": ""\u7528\u6237\u672a\u70b9\u8bc4\uff0c\u7cfb\u7edf\u9ed8\u8ba4\u597d\u8bc4\u3002"", ""date"": ""2024-11-19"", ""score"": 5, ""commentId"": ""238838254"", ""imgs"": [], ""userNickName"": ""l*7"", ""replyCityName"": """", ""cityName"": """"}, {""author"": ""c*3"", ""content"": ""\u7528\u6237\u672a\u70b9\u8bc4\uff0c\u7cfb\u7edf\u9ed8\u8ba4\u597d\u8bc4\u3002"", ""date"": ""2024-11-06"", ""score"": 5, ""commentId"": ""238645194"", ""imgs"": [], ""userNickName"": ""c*3"", ""replyCityName"": """", ""cityName"": """"}, {""author"": ""c*3"", ""content"": ""\u7528\u6237\u672a\u70b9\u8bc4\uff0c\u7cfb\u7edf\u9ed8\u8ba4\u597d\u8bc4\u3002"", ""date"": ""2024-11-06"", ""score"": 5, ""commentId"": ""238643770"", ""imgs"": [], ""userNickName"": ""c*3"", ""replyCityName"": """", ""cityName"": """"}, {""author"": ""d*9"", ""content"": ""\u7528\u6237\u672a\u70b9\u8bc4\uff0c\u7cfb\u7edf\u9ed8\u8ba4\u597d\u8bc4\u3002"", ""date"": ""2024-11-05"", ""score"": 5, ""commentId"": ""238571643"", ""imgs"": [], ""userNickName"": ""d*9"", ""replyCityName"": """", ""cityName"": """"}, {""author"": ""z*5"", ""content"": ""\u7528\u6237\u672a\u70b9\u8bc4\uff0c\u7cfb\u7edf\u9ed8\u8ba4\u597d\u8bc4\u3002"", ""date"": ""2024-11-04"", ""score"": 5, ""commentId"": ""238464713"", ""imgs"": [], ""userNickName"": ""z*5"", ""replyCityName"": """", ""cityName"": """"}], ""score"": 5.0, ""commentCount"": 245}, ""statusCode"": 200}"
草原星宿露营地,https://qimgs.qunarzz.com/piao_qsight_provider_piao_qsight_web/0106j1200098vs5kf98DA_C_900_504.jpg_280x200_25838dbc.jpg,韶关市,曲江区,广东省韶关市曲江区罗坑镇中心坝老何村罗坑大草原,-1,-1.0,碧草蓝天遛狗放风筝,https://piao.qunar.com/ticket/detail_2017819150.html?st=a3clM0QlRTYlOUIlQjIlRTYlQjElOUYlRTUlOEMlQkElMjZpZCUzRDUxNDU0NSUyNnR5cGUlM0QwJTI2aWR4JTNEMjUlMjZxdCUzRCUyNmFwayUzRDIlMjZzYyUzRFdXVyUyNnVyJTNEJUU0JUI4JUFEJUU1JUIxJUIxJTI2bHIlM0QlRTQlQjglQUQlRTUlQjElQjElMjZmdCUzRCU3QiU3RA%3D%3D#from=mpl_search_suggest,-1.0,N/A,位置于罗坑大草原 ，可以放风筝，遛狗 ，玩游戏，亲子活动等。适合带宠物、小孩游玩。,具体营业状态以当天开放情况为准,https://qimgs.qunarzz.com/piao_qsight_provider_piao_qsight_web/0106j1200098vs5kf98DA_C_900_504.jpg_710x360_72f95169.jpg〇https://qimgs.qunarzz.com/piao_qsight_provider_piao_qsight_web/010421200098vsa8w2679_C_900_504_Q90_Mtg_7.jpg_710x360_0edc628e.jpg〇https://qimgs.qunarzz.com/piao_qsight_provider_piao_qsight_web/0100c1200098vs98b458F_C_900_504_Q90_Mtg_7.jpg_710x360_4def82cd.jpg〇https://qimgs.qunarzz.com/piao_qsight_provider_piao_qsight_web/0104c1200098vs48m167A_C_900_504_Q90_Mtg_7.jpg_710x360_8b76bfbf.jpg〇https://qimgs.qunarzz.com/piao_qsight_provider_piao_qsight_web/010601200098vs10b85CC_C_900_504_Q90_Mtg_7.jpg_710x360_b89d268e.jpg〇https://qimgs.qunarzz.com/piao_qsight_provider_piao_qsight_web/0106j1200098vs5kf98DA_C_900_504_Q90_Mtg_7.jpg_710x360_1cefab3e.jpg〇https://imgs.qunarzz.com/sight/p0/2204/30/30154fd736b95a8aa3.water.jpg_710x360_eeea428a.jpg〇https://imgs.qunarzz.com/sight/p0/2204/fb/fb5c0182a6d43066a3.water.jpg_710x360_3077479b.jpg〇https://imgs.qunarzz.com/sight/p0/2204/ea/eaa4df0e073e6148a3.water.jpg_710x360_722b7c60.jpg〇https://imgs.qunarzz.com/sight/p0/2204/34/3448f7bef7866f2ea3.water.jpg_710x360_32e9254b.jpg,"{""ret"": true, ""data"": {""tagList"": [{""tagType"": 0, ""tagScore"": 5, ""tagNum"": 0, ""tagName"": ""\u5168\u90e8""}], ""score"": 0.0, ""commentCount"": 0}, ""statusCode"": 200}"
小坑国家森林公园,https://imgs.qunarzz.com/sight/p13/201211/05/1aad9c87f1a5a6b193835fbb.jpg_280x200_ed50f8b4.jpg,韶关市,曲江区,广州曲江县内,-1,-1.0,动植物资源丰富，龙湖形如月牙，水平如镜,https://piao.qunar.com/ticket/detail_4027732595.html?st=a3clM0QlRTYlOUIlQjIlRTYlQjElOUYlRTUlOEMlQkElMjZpZCUzRDIxNzQlMjZ0eXBlJTNEMCUyNmlkeCUzRDI0JTI2cXQlM0QlMjZhcGslM0QyJTI2c2MlM0RXV1clMjZ1ciUzRCVFNCVCOCVBRCVFNSVCMSVCMSUyNmxyJTNEJUU0JUI4JUFEJUU1JUIxJUIxJTI2ZnQlM0QlN0IlN0Q%3D#from=mpl_search_suggest,-1.0,N/A,小坑国家森林公园位于曲江县内，面积1.6万多公顷，林中动植物资源丰富，拥有野生植物1600多种，其中属国家重点保护的有33种。公园内有一座四百多公顷的龙湖，形如月牙，水平如镜，可以划船和垂钓。园内有一含氡温泉，泉水中的微量氡元素对风湿病有很好的疗效，对调整人体心血管系统、神经系统和内分泌机能也有很大好处。目前，园内已建成温泉疗养区、森林别墅区、湖岛度假区，并开辟了多种水上娱乐和森林旅游项目。,01/01-12/31；7:30-18:00开园,https://imgs.qunarzz.com/sight/p13/201211/05/1aad9c87f1a5a6b193835fbb.jpg_710x360_485ac26a.jpg,"{""ret"": true, ""data"": {""tagList"": [{""tagType"": 0, ""tagScore"": 5, ""tagNum"": 0, ""tagName"": ""\u5168\u90e8""}], ""score"": 0.0, ""commentCount"": 0}, ""statusCode"": 200}"
丹霞山翔龙湖,https://qimgs.qunarzz.com/piao_qsight_provider_piao_qsight_web/10011f000001h38suD9CD_C_900_504.jpg_280x200_82511fa8.jpg,韶关市,仁化县,广东省韶关市仁化县丹霞山景区内,-1,-1.0,高崖湖水结合，景致优美,https://piao.qunar.com/ticket/detail_2469176794.html?st=a3clM0QlRTQlQkIlODElRTUlOEMlOTYlRTUlOEUlQkYlMjZpZCUzRDUzNDM0NiUyNnR5cGUlM0QwJTI2aWR4JTNENyUyNnF0JTNEJTI2YXBrJTNEMiUyNnNjJTNEV1dXJTI2dXIlM0QlRTQlQjglQUQlRTUlQjElQjElMjZsciUzRCVFNCVCOCVBRCVFNSVCMSVCMSUyNmZ0JTNEJTdCJTdE#from=mpl_search_suggest,40.0,N/A,N/A,1/1-12/31；周一至周日；全天开放,https://qimgs.qunarzz.com/piao_qsight_provider_piao_qsight_web/10011f000001h38suD9CD_C_900_504.jpg_710x360_18a80203.jpg〇https://qimgs.qunarzz.com/piao_qsight_provider_piao_qsight_web/10011f000001h38suD9CD_C_900_504_Q90_Mtg_7.jpg_710x360_23cfe00d.jpg,"{""ret"": true, ""data"": {""tagList"": [{""tagType"": 0, ""tagScore"": 5, ""tagNum"": 0, ""tagName"": ""\u5168\u90e8""}], ""score"": 0.0, ""commentCount"": 0}, ""statusCode"": 200}"
罗坑大草原,https://qimgs.qunarzz.com/piao_qsight_provider_piao_qsight_web/01035120008qj6vge1E0A_C_900_504.jpg_280x200_ed464c0f.jpg,韶关市,曲江区,韶关市曲江区罗坑镇中心坝村附近,-1,-1.0,烧烤、露营的好地方,https://piao.qunar.com/ticket/detail_3361074425.html?st=a3clM0QlRTYlOUIlQjIlRTYlQjElOUYlRTUlOEMlQkElMjZpZCUzRDUyODk5NyUyNnR5cGUlM0QwJTI2aWR4JTNEMjMlMjZxdCUzRCUyNmFwayUzRDIlMjZzYyUzRFdXVyUyNnVyJTNEJUU0JUI4JUFEJUU1JUIxJUIxJTI2bHIlM0QlRTQlQjglQUQlRTUlQjElQjElMjZmdCUzRCU3QiU3RA%3D%3D#from=mpl_search_suggest,-1.0,N/A,N/A,1/1-12/31；周一至周日；全天开放,https://qimgs.qunarzz.com/piao_qsight_provider_piao_qsight_web/01035120008qj6vge1E0A_C_900_504.jpg_710x360_d0066b24.jpg〇https://qimgs.qunarzz.com/piao_qsight_provider_piao_qsight_web/01035120008qj6wuv47CE_C_900_504_Q90_Mtg_7.jpg_710x360_2db726c9.jpg〇https://qimgs.qunarzz.com/piao_qsight_provider_piao_qsight_web/0101l120008qj6rgoE819_C_900_504_Q90_Mtg_7.jpg_710x360_3e182d0e.jpg〇https://qimgs.qunarzz.com/piao_qsight_provider_piao_qsight_web/0104a120008qj6rgz7EAA_C_900_504_Q90_Mtg_7.jpg_710x360_e90cf58e.jpg〇https://qimgs.qunarzz.com/piao_qsight_provider_piao_qsight_web/0100h120008qj6wusDB4B_C_900_504_Q90_Mtg_7.jpg_710x360_6047b13d.jpg〇https://qimgs.qunarzz.com/piao_qsight_provider_piao_qsight_web/01040120008qj6wuoBCFC_C_900_504_Q90_Mtg_7.jpg_710x360_8ed9a30d.jpg〇https://qimgs.qunarzz.com/piao_qsight_provider_piao_qsight_web/0105a120008qj6szqB5DF_C_900_504_Q90_Mtg_7.jpg_710x360_beb5e7da.jpg〇https://qimgs.qunarzz.com/piao_qsight_provider_piao_qsight_web/01001120008qj6lprA22A_C_900_504_Q90_Mtg_7.jpg_710x360_cdf9103a.jpg〇https://qimgs.qunarzz.com/piao_qsight_provider_piao_qsight_web/01017120008qj6pyv7946_C_900_504_Q90_Mtg_7.jpg_710x360_d12037e1.jpg〇https://qimgs.qunarzz.com/piao_qsight_provider_piao_qsight_web/0103w120008qj6sl21226_C_900_504_Q90_Mtg_7.jpg_710x360_91524b64.jpg〇https://qimgs.qunarzz.com/piao_qsight_provider_piao_qsight_web/01035120008qj6vge1E0A_C_900_504_Q90_Mtg_7.jpg_710x360_4a1644d8.jpg,"{""ret"": true, ""data"": {""tagList"": [{""tagType"": 0, ""tagScore"": 5, ""tagNum"": 0, ""tagName"": ""\u5168\u90e8""}], ""score"": 0.0, ""commentCount"": 0}, ""statusCode"": 200}"
五马寨生态园,https://imgs.qunarzz.com/sight/p0/1702/7c/7ce21e7f4affde50a3.water.jpg_280x200_3c43f680.jpg,韶关市,仁化县,广东省韶关市仁化县大桥镇茨菇塘村G323与G106交汇处,-1,-1.0,游客在旅游过程中休憩放松的驿站,https://piao.qunar.com/ticket/detail_397472186.html?st=a3clM0QlRTQlQkIlODElRTUlOEMlOTYlRTUlOEUlQkYlMjZpZCUzRDMxMjg3JTI2dHlwZSUzRDAlMjZpZHglM0Q2JTI2cXQlM0QlMjZhcGslM0QyJTI2c2MlM0RXV1clMjZ1ciUzRCVFNCVCOCVBRCVFNSVCMSVCMSUyNmxyJTNEJUU0JUI4JUFEJUU1JUIxJUIxJTI2ZnQlM0QlN0IlN0Q%3D#from=mpl_search_suggest,20.0,N/A,仁化县五马寨生态园创立于2002年8月。位于韶关市东面18公里，国道106、323交汇处。占地12五马寨生态园入口处0亩，是韶关市农科所食用菌示范基地、广东省食用菌行业协会会员。五马寨生态园工于开发、研究、种植粤北山珍特产，创立了“五马寨”品牌，是集科研、生产、包装、销售、生态旅游于一体的企业。2006年全部产品已通过了韶关市农产品安全监督检验测试中心的合格检测，为广大消费者提供更多更好更安全的高品质产品。 　　五马寨生态园是韶关旅游产业的一员，是韶关市农科所食用菌示范基地，地处市区至丹霞山的必经路段，拥有便利的交通，优美的自然风光。园内以“食用菌”为主题，沉淀着浓厚的灵芝文化。近年来自驾游的不断发展，越来越多的人喜欢这种出游方式，当您沉醉在自然风光及景点的同时，在游玩过程中感觉身体疲惫的时候，到五马寨品尝一碗地道特色的灵芝汤，感受五马寨的灵芝文化，结合园区休闲放松的气氛及自然风光，是游客在旅游过程中休憩放松的驿站。,1/1-12/31；周一至周日；08:30-17:30开园,https://imgs.qunarzz.com/sight/p0/1702/7c/7ce21e7f4affde50a3.water.jpg_710x360_d9b5aa2e.jpg〇https://qimgs.qunarzz.com/piao_qsight_provider_piao_qsight_web/0100a120009i6br9m1FC6_C_900_504_Q90_Mtg_7.jpg_710x360_d908bc8c.jpg〇https://qimgs.qunarzz.com/piao_qsight_provider_piao_qsight_web/0105g120009i6c44qE706_C_900_504_Q90_Mtg_7.jpg_710x360_4f0b5a4b.jpg〇https://qimgs.qunarzz.com/piao_qsight_provider_piao_qsight_web/0102i120009i6bqhs9D83_C_900_504_Q90_Mtg_7.jpg_710x360_3b268e87.jpg〇https://qimgs.qunarzz.com/piao_qsight_provider_piao_qsight_web/0103x120009i6c3ev55FF_C_900_504_Q90_Mtg_7.jpg_710x360_07c72030.jpg〇https://qimgs.qunarzz.com/piao_qsight_provider_piao_qsight_web/0102b120009i6byaf290E_C_900_504_Q90_Mtg_7.jpg_710x360_50191527.jpg,"{""ret"": true, ""data"": {""tagList"": [{""tagType"": 0, ""tagScore"": 5, ""tagNum"": 0, ""tagName"": ""\u5168\u90e8""}], ""score"": 0.0, ""commentCount"": 0}, ""statusCode"": 200}"
西安杌空间,https://qimgs.qunarzz.com/piao_qsight_provider_piao_qsight_web/0102j120009eheu3d1296_C_900_504.jpg_280x200_87d30503.jpg,韶关市,曲江区,西安市雁塔区大唐不夜城新乐汇商业体G区1幢1层F1-01号商铺,-1,-1.0,"404#Lab ·杌焕新Z世代生活方式，聚焦时尚青年群体

结合“赛博朋克”风格

打造新颖前卫的生活方式社交空间

构",https://piao.qunar.com/ticket/detail_2732615365.html?st=a3clM0QlRTYlOUIlQjIlRTYlQjElOUYlRTUlOEMlQkElMjZpZCUzRDUxNTQwMyUyNnR5cGUlM0QwJTI2aWR4JTNEMjIlMjZxdCUzRCUyNmFwayUzRDIlMjZzYyUzRFdXVyUyNnVyJTNEJUU0JUI4JUFEJUU1JUIxJUIxJTI2bHIlM0QlRTQlQjglQUQlRTUlQjElQjElMjZmdCUzRCU3QiU3RA%3D%3D#from=mpl_search_suggest,-1.0,N/A,404#Lab ·杌焕新Z世代生活方式，聚焦时尚青年群体结合“赛博朋克”风格打造新颖前卫的生活方式社交空间构建情景式的装置艺术并融入超现代文化元素将为大唐不夜城注入新的活力和生机开创西安文娱新纪元打造多元融合创新空间发掘文化创新的更多可能,具体营业状态以当天开放情况为准,https://qimgs.qunarzz.com/piao_qsight_provider_piao_qsight_web/0102j120009eheu3d1296_C_900_504.jpg_710x360_01af6364.jpg〇https://qimgs.qunarzz.com/piao_qsight_provider_piao_qsight_web/0106p120009eheoi8242A_C_900_504_Q90_Mtg_7.jpg_710x360_8eb1d4b4.jpg〇https://qimgs.qunarzz.com/piao_qsight_provider_piao_qsight_web/0102i120009ehemyu281C_C_900_504_Q90_Mtg_7.jpg_710x360_7d03e8eb.jpg〇https://qimgs.qunarzz.com/piao_qsight_provider_piao_qsight_web/0100i120009eheoi9EF9F_C_900_504_Q90_Mtg_7.jpg_710x360_f711158e.jpg〇https://qimgs.qunarzz.com/piao_qsight_provider_piao_qsight_web/0101r120009ehelgm8DB3_C_900_504_Q90_Mtg_7.jpg_710x360_9cb0e3c9.jpg〇https://qimgs.qunarzz.com/piao_qsight_provider_piao_qsight_web/01042120009ehewbmDA0E_C_900_504_Q90_Mtg_7.jpg_710x360_918bff76.jpg〇https://qimgs.qunarzz.com/piao_qsight_provider_piao_qsight_web/0106s120009ehes7zC15A_C_900_504_Q90_Mtg_7.jpg_710x360_dbb99c3d.jpg〇https://qimgs.qunarzz.com/piao_qsight_provider_piao_qsight_web/01062120009ehex56469C_C_900_504_Q90_Mtg_7.jpg_710x360_f36efca5.jpg〇https://qimgs.qunarzz.com/piao_qsight_provider_piao_qsight_web/01049120009ehemyo90D0_C_900_504_Q90_Mtg_7.jpg_710x360_1e9c0a2d.jpg〇https://qimgs.qunarzz.com/piao_qsight_provider_piao_qsight_web/0102j120009eheu3d1296_C_900_504_Q90_Mtg_7.jpg_710x360_0166bae9.jpg,"{""ret"": true, ""data"": {""tagList"": [{""tagType"": 0, ""tagScore"": 5, ""tagNum"": 0, ""tagName"": ""\u5168\u90e8""}], ""score"": 0.0, ""commentCount"": 0}, ""statusCode"": 200}"
汤溪浴馆露天温泉,https://mp-piao-admincp.qunarzz.com/mp_piao_admin_mp_piao_admin/admin/20217/30d54820c6727b9958d585769ab3c5c2.png_280x200_7ef61cce.png,韶关市,曲江区,大塘镇汤溪街(251省道联友温泉斜对面),-1,-1.0,N/A,https://piao.qunar.com/ticket/detail_2535484493.html?st=a3clM0QlRTYlOUIlQjIlRTYlQjElOUYlRTUlOEMlQkElMjZpZCUzRDUxMDI4MSUyNnR5cGUlM0QwJTI2aWR4JTNEMjElMjZxdCUzRCUyNmFwayUzRDIlMjZzYyUzRFdXVyUyNnVyJTNEJUU0JUI4JUFEJUU1JUIxJUIxJTI2bHIlM0QlRTQlQjglQUQlRTUlQjElQjElMjZmdCUzRCU3QiU3RA%3D%3D#from=mpl_search_suggest,-1.0,N/A,N/A,周一至周日 09:00-02:00,https://mp-piao-admincp.qunarzz.com/mp_piao_admin_mp_piao_admin/admin/20217/30d54820c6727b9958d585769ab3c5c2.png_710x360_c2302e12.png,"{""ret"": true, ""data"": {""tagList"": [{""tagType"": 0, ""tagScore"": 5, ""tagNum"": 0, ""tagName"": ""\u5168\u90e8""}], ""score"": 0.0, ""commentCount"": 0}, ""statusCode"": 200}"
清新露天温泉,https://imgs.qunarzz.com/sight/p0/2201/6d/6da7177a5cee2366a3.img.jpg_280x200_85c64883.jpg,韶关市,曲江区,广东省韶关市曲江区大塘镇汤溪村（志宏加油站对面）,-1,-1.0,韶关清新露天温泉是值得一去的景点。水质好，环境悠静，多个温泉池。,https://piao.qunar.com/ticket/detail_4233304687.html?st=a3clM0QlRTYlOUIlQjIlRTYlQjElOUYlRTUlOEMlQkElMjZpZCUzRDUxMzM1NyUyNnR5cGUlM0QwJTI2aWR4JTNEMjAlMjZxdCUzRCUyNmFwayUzRDIlMjZzYyUzRFdXVyUyNnVyJTNEJUU0JUI4JUFEJUU1JUIxJUIxJTI2bHIlM0QlRTQlQjglQUQlRTUlQjElQjElMjZmdCUzRCU3QiU3RA%3D%3D#from=mpl_search_suggest,-1.0,N/A,韶关清新露天温泉是值得一去的景点。水质好，环境悠静，多个温泉池。,01/01-12/31；09:30-01:00开园,https://imgs.qunarzz.com/sight/p0/2201/8d/8d7afdeadebdb9a8a3.img.jpg_710x360_d9e16350.jpg〇https://imgs.qunarzz.com/sight/p0/2201/47/47da11d25730f1a1a3.img.jpg_710x360_ef3c456a.jpg〇https://imgs.qunarzz.com/sight/p0/2201/65/656dc948a555c23a3.img.jpg_710x360_c5db202a.jpg〇https://imgs.qunarzz.com/sight/p0/2201/65/656dc948a555c23a3.img.jpg_710x360_c5db202a.jpg〇https://imgs.qunarzz.com/sight/p0/2201/6d/6da7177a5cee2366a3.img.jpg_710x360_3d3a6e16.jpg〇https://imgs.qunarzz.com/sight/p0/2201/d9/d96af187f024b90da3.img.jpg_710x360_a0e85546.jpg〇https://imgs.qunarzz.com/sight/p0/2201/46/46df5561d515e366a3.img.jpg_710x360_eec59b4a.jpg〇https://imgs.qunarzz.com/sight/p0/2201/ba/bae0523fb5d23844a3.img.jpg_710x360_a6787ffd.jpg〇https://imgs.qunarzz.com/sight/p0/2201/3e/3e9d63b03cf6b3e7a3.img.jpg_710x360_f2eec3e0.jpg〇https://imgs.qunarzz.com/sight/p0/2201/9b/9b3e2edc8fc68bcca3.img.jpg_710x360_3bebe208.jpg,"{""ret"": true, ""data"": {""tagList"": [{""tagType"": 0, ""tagScore"": 5, ""tagNum"": 0, ""tagName"": ""\u5168\u90e8""}], ""score"": 0.0, ""commentCount"": 0}, ""statusCode"": 200}"
恒合温泉,https://imgs.qunarzz.com/sight/p0/1503/53/53690c308c4d2910.water.jpg_280x200_f442e8d2.jpg,韶关市,曲江区,大塘镇汤溪村温泉区(323乡道和251省道交口),1,3.0,当地人休闲度假的好去处,https://piao.qunar.com/ticket/detail_301654308.html?st=a3clM0QlRTYlOUIlQjIlRTYlQjElOUYlRTUlOEMlQkElMjZpZCUzRDIxNDY3MSUyNnR5cGUlM0QwJTI2aWR4JTNEMTklMjZxdCUzRCUyNmFwayUzRDIlMjZzYyUzRFdXVyUyNnVyJTNEJUU0JUI4JUFEJUU1JUIxJUIxJTI2bHIlM0QlRTQlQjglQUQlRTUlQjElQjElMjZmdCUzRCU3QiU3RA%3D%3D#from=mpl_search_suggest,-1.0,N/A,位于汤溪的航母式造型的露天温泉池。,1/1-12/31；周一至周日；9:00-03:00开园,https://imgs.qunarzz.com/sight/p0/1503/53/53690c308c4d2910.water.jpg_710x360_1b682611.jpg〇https://imgs.qunarzz.com/sight/p0/1503/e4/e476416931a96015.water.jpg_710x360_9b379acf.jpg,"{""ret"": true, ""data"": {""tagList"": [{""tagType"": 2, ""tagScore"": 5, ""tagNum"": 1, ""tagName"": ""\u4e2d\u8bc4""}, {""tagType"": 0, ""tagScore"": 5, ""tagNum"": 1, ""tagName"": ""\u5168\u90e8""}], ""commentList"": [{""author"": ""\u542f*\u7edc"", ""content"": ""\u6da8\u4ef7\u4e86\uff0c47\u5143\u56e2\u8d2d\u3002\u4e70\u6708\u5361\u4fbf\u5b9c"", ""date"": ""2018-10-03"", ""score"": 3, ""commentId"": ""208074089"", ""imgs"": [], ""userNickName"": ""\u542f*\u7edc"", ""replyCityName"": """", ""cityName"": """"}], ""score"": 3.0, ""commentCount"": 1}, ""statusCode"": 200}"
阳元山,https://qimgs.qunarzz.com/piao_qsight_provider_piao_qsight_web/100g1f000001gqxgzC23E_C_900_504.jpg_280x200_4131f98b.jpg,韶关市,仁化县,韶关市仁化县丹霞山风景区内,3,5.0,山石造型丰富多彩,https://piao.qunar.com/ticket/detail_4075372192.html?st=a3clM0QlRTQlQkIlODElRTUlOEMlOTYlRTUlOEUlQkYlMjZpZCUzRDc5NTklMjZ0eXBlJTNEMCUyNmlkeCUzRDMlMjZxdCUzRCUyNmFwayUzRDIlMjZzYyUzRFdXVyUyNnVyJTNEJUU0JUI4JUFEJUU1JUIxJUIxJTI2bHIlM0QlRTQlQjglQUQlRTUlQjElQjElMjZmdCUzRCU3QiU3RA%3D%3D#from=mpl_search_suggest,10.0,N/A,元山与丹霞山（长老峰）隔河相望，它因有天下奇石——阳元石而得名。该区是以阳元石为中心的一块山地，是丹霞山景区内的一个单元游览区，整个景区的明显特色是山石造型丰富多彩，构成奇特，象人、象兽、象物，就如一处红石雕塑园，其观赏景点有二十多处。南有阳元石、北有坤元山（玉女拦江），西有细美寨等。阳元石，是一柱冲天巨石，其形状不论是上部（头部）、中间到下部，与勃起的男性生殖器都十分形似，甚至色泽、血管都十分形似。此石高28米，直径7米，属石柱类型。据专家考证，作为一个天然石柱，它从阳元山的大石墙分离出来已经有30万年历史。称它为阳元石是取其阳刚之阳，元气之元，意即是阳刚之气。阳元石在当地也称“祖石”，有其道理：在中国古老的象形字中，祖先的“祖”字写作“且”，即取形于男根。在考古学上，古代用石头打制的男根雕塑称“石祖”，用泥巴烧制的称“陶祖”，用木刻的称 木祖”，而阳元石乃天然之物，其形状丝毫未经人工雕琢，故称“祖石”。因其是大自然鬼斧神*所造就，””。当游客沿着山路向山上走时，会看到写着“雄峰初露”的指路标志，抬眼即见阳元石的“头”在山石林木掩映间微微显露，待绕行至近时，赫赫阳元石更是形神毕露，此时游客当中的表情虽说不上人生百态，但堪说表情各异，有大大咧咧起哄开玩笑的，有引经据曲认真探讨的，有尴尬不好意思的，再让导游说说关于阳元石的诗歌和顺口溜时，更会引来阵阵的欢声笑语。,1/1-12/31；周一至周日；6:00-18:00开园,https://qimgs.qunarzz.com/piao_qsight_provider_piao_qsight_web/100g1f000001gqxgzC23E_C_900_504.jpg_710x360_57dabbdb.jpg〇https://qimgs.qunarzz.com/piao_qsight_provider_piao_qsight_web/100a0v000000jrdol1993_C_900_504_Q90_Mtg_7.jpg_710x360_5f576df5.jpg〇https://qimgs.qunarzz.com/piao_qsight_provider_piao_qsight_web/100a0v000000jre0qCF1C_C_900_504_Q90_Mtg_7.jpg_710x360_d31af992.jpg〇https://qimgs.qunarzz.com/piao_qsight_provider_piao_qsight_web/100g1f000001gqxgzC23E_C_900_504_Q90_Mtg_7.jpg_710x360_933385b8.jpg〇https://qimgs.qunarzz.com/piao_qsight_provider_piao_qsight_web/cbacf79d4a057ef7.jpg_710x360_4b6bff1e.jpg〇https://qimgs.qunarzz.com/piao_qsight_provider_piao_qsight_web/17f99e4d6d9f55f7.jpg_710x360_c1d663c2.jpg〇https://qimgs.qunarzz.com/piao_qsight_provider_piao_qsight_web/360a073283480af7.jpg_710x360_f6a388df.jpg〇https://qimgs.qunarzz.com/piao_qsight_provider_piao_qsight_web/36a88feec8a890f7.jpg_710x360_c1998bc2.jpg〇https://qimgs.qunarzz.com/piao_qsight_provider_piao_qsight_web/de790894e5d74202.jpg_710x360_8e60100e.jpg〇https://qimgs.qunarzz.com/piao_qsight_provider_piao_qsight_web/cebbe4af0c875037.jpg_710x360_2cc4062c.jpg〇https://qimgs.qunarzz.com/piao_qsight_provider_piao_qsight_web/6ec3ac1e254db2b5.jpg_710x360_d4b8dfdd.jpg〇https://qimgs.qunarzz.com/piao_qsight_provider_piao_qsight_web/03cdfe6e33a02db5.jpg_710x360_0d21e6cc.jpg〇https://qimgs.qunarzz.com/piao_qsight_provider_piao_qsight_web/8f142ffdce7e1bb5.jpg_710x360_b243c6a0.jpg〇https://qimgs.qunarzz.com/piao_qsight_provider_piao_qsight_web/98f54b5a654a55b5.jpg_710x360_0a2e76f3.jpg〇https://qimgs.qunarzz.com/piao_qsight_provider_piao_qsight_web/50ab39262fbb25b5.jpg_710x360_269d5c1f.jpg〇https://qimgs.qunarzz.com/piao_qsight_provider_piao_qsight_web/17a53427c29191b5.jpg_710x360_1e8d33ff.jpg〇https://qimgs.qunarzz.com/piao_qsight_provider_piao_qsight_web/7c5c7fbab6f603b5.jpg_710x360_c9d2b05f.jpg〇https://qimgs.qunarzz.com/piao_qsight_provider_piao_qsight_web/f74841dcebdd40b5.jpg_710x360_e7fdac6c.jpg〇https://qimgs.qunarzz.com/piao_qsight_provider_piao_qsight_web/f62e2f395e6a8b5.jpg_710x360_c9412ec5.jpg〇https://qimgs.qunarzz.com/piao_qsight_provider_piao_qsight_web/732294f06ecfa4b5.jpg_710x360_e3999a2a.jpg〇https://qimgs.qunarzz.com/piao_qsight_provider_piao_qsight_web/e6740af159f26b5.jpg_710x360_46cc4d93.jpg〇https://qimgs.qunarzz.com/piao_qsight_provider_piao_qsight_web/afbfac9793f51ab5.jpg_710x360_8418be99.jpg〇https://qimgs.qunarzz.com/piao_qsight_provider_piao_qsight_web/7da5ed2b7ca3aeb5.jpg_710x360_e6f12fe3.jpg〇https://qimgs.qunarzz.com/piao_qsight_provider_piao_qsight_web/4fa176f0b5ec8fb5.jpg_710x360_d4c53005.jpg,"{""ret"": true, ""data"": {""tagList"": [{""tagType"": 1, ""tagScore"": 5, ""tagNum"": 3, ""tagName"": ""\u597d\u8bc4""}, {""tagType"": 0, ""tagScore"": 5, ""tagNum"": 3, ""tagName"": ""\u5168\u90e8""}], ""commentList"": [{""author"": ""\u738b*8"", ""content"": ""\u7528\u6237\u672a\u70b9\u8bc4\uff0c\u7cfb\u7edf\u9ed8\u8ba4\u597d\u8bc4\u3002"", ""date"": ""2024-02-27"", ""score"": 5, ""commentId"": ""231619120"", ""imgs"": [], ""userNickName"": ""\u738b*8"", ""replyCityName"": """", ""cityName"": """"}, {""author"": ""t*3"", ""content"": ""\u6211\u81ea\u5df1\u548c\u670b\u53cb\u5f00\u8f66\u53bb\u73a9\u4e86\u4e00\u5929\u3002"", ""date"": ""2018-12-12"", ""score"": 5, ""commentId"": ""208750840"", ""imgs"": [], ""userNickName"": ""t*3"", ""replyCityName"": """", ""cityName"": """"}, {""author"": ""f*7"", ""content"": ""\u4e39\u971e\u5c71\u666f\u533a\u91cc\u9762\u7684\u9633\u5143\u5c71\u6700\u597d\u53bb\u4e86\uff0c\u4e0d\u7528\u722c\u5f88\u4e45\u5c31\u5230\u4e86\u3002\u4e0d\u8fc7\u6211\u4eec\u90fd\u662f\u722c\u5230\u89c2\u666f\u53f0\u4e0a\u770b\uff0c\u8981\u8fdc\u770b\u624d\u60df\u5999\u60df\u8096\uff0c\u50cf\u6781\u4e86\u7537\u6027\u7684\u751f\u6b96\u5668\u5b98\uff0c\u6545\u540d\u4e4b\u9633\u5143\u5c71\u3002\u4e0e\u4e4b\u76f8\u5bf9\u5e94\u7684\u8fd8\u8981\u9634\u5143\u5c71\uff0c\u5e76\u79f0\u201c\u592b\u59bb\u77f3\u201d\u3002\u5927\u81ea\u7136\u7684\u9b3c\u65a7\u795e\u5de5\u4e0d\u5f97\u4e0d\u4ee4\u4eba\u8d5e\u53f9\uff0c\u8fd9\u77f3\u5934\u5df2\u7ecf\u7ecf\u8fc7\u5343\u4e07\u5e74\u7684\u98ce\u5439\u96e8\u6253\u624d\u53d8\u6210\u73b0\u5728\u8fd9\u6837\u7684\u3002"", ""date"": ""2015-06-17"", ""score"": 5, ""commentId"": ""54674253"", ""imgs"": [], ""userNickName"": ""f*7"", ""replyCityName"": """", ""cityName"": """"}], ""score"": 5.0, ""commentCount"": 3}, ""statusCode"": 200}"
狮子岩,https://imgs.qunarzz.com/sight/p0/1611/ab/ab09de4c4f706a16a3.water.jpg_280x200_c3c69802.jpg,韶关市,曲江区,广东省市韶关曲江县城西南约2公里处,1,5.0,由北遥望如卧狮酣睡，由南远看似雄狮起舞,https://piao.qunar.com/ticket/detail_1197979908.html?st=a3clM0QlRTYlOUIlQjIlRTYlQjElOUYlRTUlOEMlQkElMjZpZCUzRDE0MTEyJTI2dHlwZSUzRDAlMjZpZHglM0QxOCUyNnF0JTNEJTI2YXBrJTNEMiUyNnNjJTNEV1dXJTI2dXIlM0QlRTQlQjglQUQlRTUlQjElQjElMjZsciUzRCVFNCVCOCVBRCVFNSVCMSVCMSUyNmZ0JTNEJTdCJTdE#from=mpl_search_suggest,-1.0,N/A,狮子岩位于曲江县城西南约2公里处。它外形貌似狮子，由狮头峰与狮尾峰两座秀丽玲珑的石灰岩孤峰所组成，一高一矮，南北并立，由北遥望如卧狮酣睡，由南远看则似雄狮起舞。这座狮子岩就是著名的“马坝人”遗址、“石峡文化”遗址的所在地，在1961年10月狮子岩被列为省级文物保护单位。在1958年大跃进时期，当地农民在狮子岩附近烧制土磷肥时，偶然在狮头山石缝中发现了头骨化石。当时正值广东狮子岩大门省委书记陶铸同志在曲江考察工作，他闻讯后指示马坝区委领导要对这些化石加以保护，并及时报告省文化局。省文化局立即派人前来调查。后经有关专家鉴定，认定这里出土的是一种极为重要的人类化石标本。消息传出引起了中央和省有关部门的关注，中国科学院古脊椎动物研究所派出专家、教授会同有关考古工作者前来勘察。后来又挖掘出一件形似龟壳的化石，经鉴定为人类化石标本，属第四纪更新中期人类；继而在出土地又发现些碎头盖片，经拼凑粘接，复原为一个完整的古人类头盖骨（头顶部分），有额骨和部分顶骨，左眼眶及鼻骨的大部分。该化石石化程度很高，经铀系法测定，其年代有12.6万年，此人类头骨化石属于更新世纪之初的早期智人（古人）类型，专家们把它定名为“马坝人”化石。后来又陆续发现了20多种古生物和动物的骨化石和牙齿化石。,01/01-12/31；8:00-17:30开园,https://imgs.qunarzz.com/sight/p0/1611/ab/ab09de4c4f706a16a3.water.jpg_710x360_4e362bee.jpg〇https://imgs.qunarzz.com/sight/p0/1611/c5/c51286eb30391972a3.water.jpg_710x360_b37b6cda.jpg〇https://qimgs.qunarzz.com/piao_qsight_provider_piao_qsight_web/e6bf3b5df36f9ff67e02b760a47fc9a1.jpg_710x360_381e16ff.jpg〇https://qimgs.qunarzz.com/piao_qsight_provider_piao_qsight_web/2c5cc42e86652137.jpg_710x360_eb24d53d.jpg〇https://qimgs.qunarzz.com/piao_qsight_provider_piao_qsight_web/dfa0c1703b0227b5.jpg_710x360_c8e53896.jpg〇https://qimgs.qunarzz.com/piao_qsight_provider_piao_qsight_web/d09aa891c41b57b5.jpg_710x360_7ec98e50.jpg〇https://qimgs.qunarzz.com/piao_qsight_provider_piao_qsight_web/0ffcce12e1552b37.jpg_710x360_73406564.jpg〇https://qimgs.qunarzz.com/piao_qsight_provider_piao_qsight_web/7a067c9fe9b953f7.jpg_710x360_e2d61658.jpg〇https://qimgs.qunarzz.com/piao_qsight_provider_piao_qsight_web/9092b8ab6b600af7.jpg_710x360_4009943d.jpg〇https://qimgs.qunarzz.com/piao_qsight_provider_piao_qsight_web/a9b417c495518a.jpg_710x360_2be7d8ef.jpg,"{""ret"": true, ""data"": {""tagList"": [{""tagType"": 1, ""tagScore"": 5, ""tagNum"": 1, ""tagName"": ""\u597d\u8bc4""}, {""tagType"": 0, ""tagScore"": 5, ""tagNum"": 1, ""tagName"": ""\u5168\u90e8""}], ""commentList"": [{""author"": ""c*2"", ""content"": ""\u7528\u6237\u672a\u70b9\u8bc4\uff0c\u7cfb\u7edf\u9ed8\u8ba4\u597d\u8bc4\u3002"", ""date"": ""2021-04-06"", ""score"": 5, ""commentId"": ""218360222"", ""imgs"": [], ""userNickName"": ""c*2"", ""replyCityName"": """", ""cityName"": """"}], ""score"": 5.0, ""commentCount"": 1}, ""statusCode"": 200}"
宝贝健康农场,https://imgs.qunarzz.com/sight/p0/1704/52/527cfd25ea44beb7a3.water.jpg_280x200_0ff186dd.jpg,韶关市,曲江区,广东省韶关市曲江区大塘镇G106国道旁红新村,20,4.8,童话般浪漫的花之国度，色彩奔放的梦幻之旅,https://piao.qunar.com/ticket/detail_3686466720.html?st=a3clM0QlRTYlOUIlQjIlRTYlQjElOUYlRTUlOEMlQkElMjZpZCUzRDQ2MzAzNCUyNnR5cGUlM0QwJTI2aWR4JTNEMTclMjZxdCUzRCUyNmFwayUzRDIlMjZzYyUzRFdXVyUyNnVyJTNEJUU0JUI4JUFEJUU1JUIxJUIxJTI2bHIlM0QlRTQlQjglQUQlRTUlQjElQjElMjZmdCUzRCU3QiU3RA%3D%3D#from=mpl_search_suggest,-1.0,N/A,宝贝健康农场是华南地区的花海主题公园，项目总占地近万亩，分为多个主题区域，并会根据季节变化更换花种，四季花影绰绰，四时花香萦绕。,暂无,https://imgs.qunarzz.com/sight/p0/1704/52/527cfd25ea44beb7a3.water.jpg_710x360_e9c4974c.jpg〇https://imgs.qunarzz.com/sight/p0/1704/a9/a92ecf5d9f05af1ca3.water.jpg_710x360_b7625bd6.jpg〇https://imgs.qunarzz.com/sight/p0/1704/c1/c135f7119ab5c4b7a3.water.jpg_710x360_cc9c01cb.jpg〇https://imgs.qunarzz.com/sight/p0/1704/54/540233c5660ede43a3.water.jpg_710x360_12caf7e8.jpg〇https://imgs.qunarzz.com/sight/p0/1704/82/82473b2c05d42419a3.water.jpg_710x360_c8ebaefe.jpg,"{""ret"": true, ""data"": {""tagList"": [{""tagType"": 3, ""tagScore"": 5, ""tagNum"": 1, ""tagName"": ""\u5dee\u8bc4""}, {""tagType"": 1, ""tagScore"": 5, ""tagNum"": 19, ""tagName"": ""\u597d\u8bc4""}, {""tagType"": 0, ""tagScore"": 5, ""tagNum"": 20, ""tagName"": ""\u5168\u90e8""}], ""commentList"": [{""author"": ""s*9"", ""content"": ""\u4e0d\u9519\uff0c\u5c0f\u5b69\u73a9\u7684\u597d\u5f00\u5fc3\uff0c"", ""date"": ""2018-10-29"", ""score"": 5, ""commentId"": ""208284659"", ""imgs"": [{""small"": ""https://imgs.qunarzz.com/piao/fusion/1810/ec/bf95dbe00c778e02.jpg_120x120_0febe490.jpg"", ""title"": """", ""big"": ""https://imgs.qunarzz.com/piao/fusion/1810/ec/bf95dbe00c778e02.jpg""}, {""small"": ""https://imgs.qunarzz.com/piao/fusion/1810/e5/5ef2de2595a3d202.jpg_120x120_0aae9fd3.jpg"", ""title"": """", ""big"": ""https://imgs.qunarzz.com/piao/fusion/1810/e5/5ef2de2595a3d202.jpg""}], ""userNickName"": ""s*9"", ""replyCityName"": """", ""cityName"": """"}, {""author"": ""f*1"", ""content"": ""\u7528\u6237\u672a\u70b9\u8bc4\uff0c\u7cfb\u7edf\u9ed8\u8ba4\u597d\u8bc4\u3002"", ""date"": ""2019-03-04"", ""score"": 5, ""commentId"": ""209432531"", ""imgs"": [], ""userNickName"": ""f*1"", ""replyCityName"": """", ""cityName"": """"}, {""author"": ""l*6"", ""content"": ""\u7528\u6237\u672a\u70b9\u8bc4\uff0c\u7cfb\u7edf\u9ed8\u8ba4\u597d\u8bc4\u3002"", ""date"": ""2019-02-28"", ""score"": 5, ""commentId"": ""209396053"", ""imgs"": [], ""userNickName"": ""l*6"", ""replyCityName"": """", ""cityName"": """"}, {""author"": ""k*9"", ""content"": ""\u7528\u6237\u672a\u70b9\u8bc4\uff0c\u7cfb\u7edf\u9ed8\u8ba4\u597d\u8bc4\u3002"", ""date"": ""2018-12-25"", ""score"": 5, ""commentId"": ""208828594"", ""imgs"": [], ""userNickName"": ""k*9"", ""replyCityName"": """", ""cityName"": """"}, {""author"": ""\u559c*\u5988"", ""content"": ""\u7528\u6237\u672a\u70b9\u8bc4\uff0c\u7cfb\u7edf\u9ed8\u8ba4\u597d\u8bc4\u3002"", ""date"": ""2018-12-25"", ""score"": 5, ""commentId"": ""208827239"", ""imgs"": [], ""userNickName"": ""\u559c*\u5988"", ""replyCityName"": """", ""cityName"": """"}, {""author"": ""i*6"", ""content"": ""\u7528\u6237\u672a\u70b9\u8bc4\uff0c\u7cfb\u7edf\u9ed8\u8ba4\u597d\u8bc4\u3002"", ""date"": ""2018-10-09"", ""score"": 5, ""commentId"": ""208112049"", ""imgs"": [], ""userNickName"": ""i*6"", ""replyCityName"": """", ""cityName"": """"}, {""author"": ""n*6"", ""content"": ""\u7528\u6237\u672a\u70b9\u8bc4\uff0c\u7cfb\u7edf\u9ed8\u8ba4\u597d\u8bc4\u3002"", ""date"": ""2018-09-20"", ""score"": 5, ""commentId"": ""207879588"", ""imgs"": [], ""userNickName"": ""n*6"", ""replyCityName"": """", ""cityName"": """"}, {""author"": ""s*1"", ""content"": ""\u7528\u6237\u672a\u70b9\u8bc4\uff0c\u7cfb\u7edf\u9ed8\u8ba4\u597d\u8bc4\u3002"", ""date"": ""2018-08-20"", ""score"": 5, ""commentId"": ""207263427"", ""imgs"": [], ""userNickName"": ""s*1"", ""replyCityName"": """", ""cityName"": """"}, {""author"": ""i*6"", ""content"": ""\u7528\u6237\u672a\u70b9\u8bc4\uff0c\u7cfb\u7edf\u9ed8\u8ba4\u597d\u8bc4\u3002"", ""date"": ""2018-08-08"", ""score"": 5, ""commentId"": ""207091667"", ""imgs"": [], ""userNickName"": ""i*6"", ""replyCityName"": """", ""cityName"": """"}, {""author"": ""C*0"", ""content"": ""\u7528\u6237\u672a\u70b9\u8bc4\uff0c\u7cfb\u7edf\u9ed8\u8ba4\u597d\u8bc4\u3002"", ""date"": ""2018-05-06"", ""score"": 5, ""commentId"": ""206075483"", ""imgs"": [], ""userNickName"": ""C*0"", ""replyCityName"": """", ""cityName"": """"}], ""score"": 4.8, ""commentCount"": 20}, ""statusCode"": 200}"
百丈崖漂流,https://imgs.qunarzz.com/sight/p2/201211/01/c478f78fdef74e0793835fbb.jpg_280x200_421f2566.jpg,韶关市,曲江区,韶关市曲江区大宝山百丈崖风景区,45,4.7,妙趣横生的橡皮艇冲浪,https://piao.qunar.com/ticket/detail_1156825986.html?st=a3clM0QlRTYlOUIlQjIlRTYlQjElOUYlRTUlOEMlQkElMjZpZCUzRDE5MDElMjZ0eXBlJTNEMCUyNmlkeCUzRDE2JTI2cXQlM0QlMjZhcGslM0QyJTI2c2MlM0RXV1clMjZ1ciUzRCVFNCVCOCVBRCVFNSVCMSVCMSUyNmxyJTNEJUU0JUI4JUFEJUU1JUIxJUIxJTI2ZnQlM0QlN0IlN0Q%3D#from=mpl_search_suggest,-1.0,N/A,韶关百丈崖峡谷漂流位于韶关市南郊大宝山，紧临京珠高速公路，从沙溪高速路出口到漂流起点仅需15分钟，北依佛教圣地南华寺，车程亦只需10分钟，地理位置极为方便。百丈崖峡谷漂流全长3公里，落差高达100米。百丈崖峡谷漂流有十数个回旋处，游客在100分钟的漂流过程中，在领略峡谷漂流的刺激之余还可欣赏原始森林山谷风光。,4/1-10/31；周一至周日；09:00-17:00开园；（15:00停止入园）,https://imgs.qunarzz.com/sight/p2/201211/01/c478f78fdef74e0793835fbb.jpg_710x360_0ad4a486.jpg〇https://imgs.qunarzz.com/sight/p0/201403/07/d87520e779644afc2f4c7c6145de58cf.jpg_710x360_7a0899c8.jpg〇https://imgs.qunarzz.com/sight/p0/201403/07/3fda3e1525d9d45685864215bb6e4b8d.jpg_710x360_8b6b9930.jpg〇https://imgs.qunarzz.com/sight/p0/201403/07/1fcf90a4599b212c609dd34386e76f1f.jpg_710x360_4ada17e0.jpg〇https://imgs.qunarzz.com/sight/p72/201211/01/91b66246b7470ebc93835fbb.jpg_710x360_a4a0e20a.jpg〇https://qimgs.qunarzz.com/piao_qsight_provider_piao_qsight_web/9d4c26a1eee01f02.jpg_710x360_ce570967.jpg〇https://qimgs.qunarzz.com/piao_qsight_provider_piao_qsight_web/a8c17f459044902.jpg_710x360_76870a46.jpg〇https://qimgs.qunarzz.com/piao_qsight_provider_piao_qsight_web/5f56b4df5645f402.jpg_710x360_a7ef4350.jpg〇https://qimgs.qunarzz.com/piao_qsight_provider_piao_qsight_web/0401e655b1f05ef7.jpg_710x360_5af4116a.jpg〇https://qimgs.qunarzz.com/piao_qsight_provider_piao_qsight_web/4991f892e3fc32f7.jpg_710x360_2da999dd.jpg〇https://qimgs.qunarzz.com/piao_qsight_provider_piao_qsight_web/c86349faadaa74a01e547865e21ad7d0.jpg_710x360_b1564f1f.jpg〇https://qimgs.qunarzz.com/piao_qsight_provider_piao_qsight_web/f9dc57753ef59a37.jpg_710x360_a5061600.jpg,"{""ret"": true, ""data"": {""tagList"": [{""tagType"": 3, ""tagScore"": 5, ""tagNum"": 1, ""tagName"": ""\u5dee\u8bc4""}, {""tagType"": 1, ""tagScore"": 5, ""tagNum"": 43, ""tagName"": ""\u597d\u8bc4""}, {""tagType"": 0, ""tagScore"": 5, ""tagNum"": 45, ""tagName"": ""\u5168\u90e8""}], ""commentList"": [{""author"": ""z*6"", ""content"": ""\u7528\u6237\u672a\u70b9\u8bc4\uff0c\u7cfb\u7edf\u9ed8\u8ba4\u597d\u8bc4\u3002"", ""date"": ""2021-08-31"", ""score"": 5, ""commentId"": ""220630001"", ""imgs"": [], ""userNickName"": ""z*6"", ""replyCityName"": """", ""cityName"": """"}, {""author"": ""z*6"", ""content"": ""\u7528\u6237\u672a\u70b9\u8bc4\uff0c\u7cfb\u7edf\u9ed8\u8ba4\u597d\u8bc4\u3002"", ""date"": ""2021-08-31"", ""score"": 5, ""commentId"": ""220628484"", ""imgs"": [], ""userNickName"": ""z*6"", ""replyCityName"": """", ""cityName"": """"}, {""author"": ""l*5"", ""content"": ""\u7528\u6237\u672a\u70b9\u8bc4\uff0c\u7cfb\u7edf\u9ed8\u8ba4\u597d\u8bc4\u3002"", ""date"": ""2021-08-18"", ""score"": 5, ""commentId"": ""220365408"", ""imgs"": [], ""userNickName"": ""l*5"", ""replyCityName"": """", ""cityName"": """"}, {""author"": ""a*6"", ""content"": ""\u7528\u6237\u672a\u70b9\u8bc4\uff0c\u7cfb\u7edf\u9ed8\u8ba4\u597d\u8bc4\u3002"", ""date"": ""2021-08-10"", ""score"": 5, ""commentId"": ""220213241"", ""imgs"": [], ""userNickName"": ""a*6"", ""replyCityName"": """", ""cityName"": """"}, {""author"": ""a*6"", ""content"": ""\u7528\u6237\u672a\u70b9\u8bc4\uff0c\u7cfb\u7edf\u9ed8\u8ba4\u597d\u8bc4\u3002"", ""date"": ""2021-08-10"", ""score"": 5, ""commentId"": ""220212458"", ""imgs"": [], ""userNickName"": ""a*6"", ""replyCityName"": """", ""cityName"": """"}, {""author"": ""v*7"", ""content"": ""\u7528\u6237\u672a\u70b9\u8bc4\uff0c\u7cfb\u7edf\u9ed8\u8ba4\u597d\u8bc4\u3002"", ""date"": ""2019-11-05"", ""score"": 5, ""commentId"": ""213206378"", ""imgs"": [], ""userNickName"": ""v*7"", ""replyCityName"": """", ""cityName"": """"}, {""author"": ""v*7"", ""content"": ""\u7528\u6237\u672a\u70b9\u8bc4\uff0c\u7cfb\u7edf\u9ed8\u8ba4\u597d\u8bc4\u3002"", ""date"": ""2019-11-05"", ""score"": 5, ""commentId"": ""213206347"", ""imgs"": [], ""userNickName"": ""v*7"", ""replyCityName"": """", ""cityName"": """"}, {""author"": ""e*9"", ""content"": ""\u7528\u6237\u672a\u70b9\u8bc4\uff0c\u7cfb\u7edf\u9ed8\u8ba4\u597d\u8bc4\u3002"", ""date"": ""2019-11-03"", ""score"": 5, ""commentId"": ""213097961"", ""imgs"": [], ""userNickName"": ""e*9"", ""replyCityName"": """", ""cityName"": """"}, {""author"": ""i*\u9e4f"", ""content"": ""\u7528\u6237\u672a\u70b9\u8bc4\uff0c\u7cfb\u7edf\u9ed8\u8ba4\u597d\u8bc4\u3002"", ""date"": ""2019-11-03"", ""score"": 5, ""commentId"": ""213012368"", ""imgs"": [], ""userNickName"": ""i*\u9e4f"", ""replyCityName"": """", ""cityName"": """"}, {""author"": ""p*5"", ""content"": ""\u7528\u6237\u672a\u70b9\u8bc4\uff0c\u7cfb\u7edf\u9ed8\u8ba4\u597d\u8bc4\u3002"", ""date"": ""2019-11-01"", ""score"": 5, ""commentId"": ""212911088"", ""imgs"": [], ""userNickName"": ""p*5"", ""replyCityName"": """", ""cityName"": """"}], ""score"": 4.7, ""commentCount"": 45}, ""statusCode"": 200}"
韶关新丰江源温泉,https://qimgs.qunarzz.com/piao_qsight_provider_piao_qsight_web/100t180000014iyd85A8A_C_900_504.jpg_280x200_b203733c.jpg,韶关市,新丰县,"广东省韶关市新丰县梅坑镇沙塘下,,S347省道与G105国道交界处",343,4.9,在新丰江源头沐浴森林里,https://piao.qunar.com/ticket/detail_3310410533.html?st=a3clM0QlRTYlOTYlQjAlRTQlQjglQjAlRTUlOEUlQkYlMjZpZCUzRDM1NjI1JTI2dHlwZSUzRDAlMjZpZHglM0Q0JTI2cXQlM0QlMjZhcGslM0QyJTI2c2MlM0RXV1clMjZ1ciUzRCVFNCVCOCVBRCVFNSVCMSVCMSUyNmxyJTNEJUU0JUI4JUFEJUU1JUIxJUIxJTI2ZnQlM0QlN0IlN0Q%3D#from=mpl_search_suggest,88.0,N/A,新丰江源温泉地处新丰江源头，座落于广东省级自然保护区云髻山麓，地处新丰梅坑镇新丰江源头，是香港及深圳的饮水源头，其水质清澈透明，是可以饮用的温泉水，新丰江源温泉有数百年民间利用历史，水质达到医疗热矿水水质的标准。富含氡、钙、镁等48种矿物元素，经专家鉴定，对神经骨痛、风湿病、腰肌劳损、肌肉萎缩、肠胃病等多种疾病有明显疗效；对美容、减肥更有特效。同时，还能起到可以促进新陈代谢，缓解肌肉痉挛，改善血液循环，增强肌体免疫力，舒筋活络、强身健体、安神定神、抗衰老、保健、美容等*能等作用。山庄依山傍水；、红豆杉、罗汉松、百年桂花等国家保护珍稀树木；几十个造型各异的大小露天温泉水池及私家园林温泉水池；可容纳250人同时用餐的中餐厅；是集园林景色、名贵树木、森林氧吧与天然温泉为浑然一体；星级酒店、会议、KTV与餐饮服务配套齐全的综合旅游度假区。园区内物种繁多，植物群落多种多样：银杉、红豆杉、黄金松、银杏、罗汉松、百年桂花、黄金桔、九里香、竹柏、紫檀、含笑等国家保护珍稀树种汇聚一园，700余棵罗汉松将各具特色的温泉池环抱隔离，幽幽的桂花香味扑面而来。温泉区内一共有几十个大小不一的*能池，每个池边都种植了各种名贵树木，使整个露天温泉都沉浸在名贵树木及花香世界当中。让您浸泡温泉时有一种世外桃源的感觉，露天温泉区除了按摩池、水疗池、瀑布池、花香池外，还有秘制的中草药池。沐浴其中，一切疲惫与烦忧都将离你而去。,1/1-12/31；周一至周日；09:00-23:59开园,https://qimgs.qunarzz.com/piao_qsight_provider_piao_qsight_web/100t180000014iyd85A8A_C_900_504.jpg_710x360_ec5ece33.jpg〇https://imgs.qunarzz.com/sight/p0/201212/24/f1996f5e0c696dbc93835fbb.png_710x360_d6da234a.png〇https://imgs.qunarzz.com/sight/p0/201212/24/b2578271bc97b3d393835fbb.png_710x360_70bf8aea.png〇https://imgs.qunarzz.com/sight/p0/201212/24/4bfdfd1847ff6e7393835fbb.png_710x360_9a2f2f64.png〇https://imgs.qunarzz.com/sight/p0/201212/24/2ceaa73a2447c60c93835fbb.png_710x360_fb443ae2.png〇https://imgs.qunarzz.com/sight/p0/201212/24/a43644ce1d9be8b393835fbb.png_710x360_d7dba6a9.png〇https://imgs.qunarzz.com/sight/p0/201212/24/d272b6d233c4a8c293835fbb.png_710x360_a616cea1.png〇https://imgs.qunarzz.com/sight/p0/201212/24/ccbe9ddb5a4b0d4f93835fbb.png_710x360_e8017fe3.png,"{""ret"": true, ""data"": {""tagList"": [{""tagType"": 32, ""tagScore"": 5, ""tagNum"": 6, ""tagName"": ""\u670d\u52a1\u597d""}, {""tagType"": 16, ""tagScore"": 5, ""tagNum"": 1, ""tagName"": ""\u9760\u8c31""}, {""tagType"": 8, ""tagScore"": 5, ""tagNum"": 6, ""tagName"": ""\u4fbf\u5b9c""}, {""tagType"": 4, ""tagScore"": 5, ""tagNum"": 7, ""tagName"": ""\u53d6\u7968\u65b9\u4fbf""}, {""tagType"": 3, ""tagScore"": 5, ""tagNum"": 3, ""tagName"": ""\u5dee\u8bc4""}, {""tagType"": 2, ""tagScore"": 5, ""tagNum"": 4, ""tagName"": ""\u4e2d\u8bc4""}, {""tagType"": 1, ""tagScore"": 5, ""tagNum"": 334, ""tagName"": ""\u597d\u8bc4""}, {""tagType"": 0, ""tagScore"": 5, ""tagNum"": 343, ""tagName"": ""\u5168\u90e8""}], ""commentList"": [{""author"": ""\u53bb*\u6237"", ""content"": ""\u7528\u6237\u672a\u70b9\u8bc4\uff0c\u7cfb\u7edf\u9ed8\u8ba4\u597d\u8bc4\u3002"", ""date"": ""2024-12-26"", ""score"": 5, ""commentId"": ""239380118"", ""imgs"": [], ""userNickName"": ""\u53bb*\u6237"", ""replyCityName"": """", ""cityName"": """"}, {""author"": ""j*1"", ""content"": ""\u7528\u6237\u672a\u70b9\u8bc4\uff0c\u7cfb\u7edf\u9ed8\u8ba4\u597d\u8bc4\u3002"", ""date"": ""2024-11-07"", ""score"": 5, ""commentId"": ""238687962"", ""imgs"": [], ""userNickName"": ""j*1"", ""replyCityName"": """", ""cityName"": """"}, {""author"": ""\u53bb*\u6237"", ""content"": ""\u7528\u6237\u672a\u70b9\u8bc4\uff0c\u7cfb\u7edf\u9ed8\u8ba4\u597d\u8bc4\u3002"", ""date"": ""2024-11-04"", ""score"": 5, ""commentId"": ""238453445"", ""imgs"": [], ""userNickName"": ""\u53bb*\u6237"", ""replyCityName"": """", ""cityName"": """"}, {""author"": ""\u53bb*\u6237"", ""content"": ""\u7528\u6237\u672a\u70b9\u8bc4\uff0c\u7cfb\u7edf\u9ed8\u8ba4\u597d\u8bc4\u3002"", ""date"": ""2024-11-04"", ""score"": 5, ""commentId"": ""238452417"", ""imgs"": [], ""userNickName"": ""\u53bb*\u6237"", ""replyCityName"": """", ""cityName"": """"}, {""author"": ""\u53bb*\u6237"", ""content"": ""\u7528\u6237\u672a\u70b9\u8bc4\uff0c\u7cfb\u7edf\u9ed8\u8ba4\u597d\u8bc4\u3002"", ""date"": ""2024-11-04"", ""score"": 5, ""commentId"": ""238430654"", ""imgs"": [], ""userNickName"": ""\u53bb*\u6237"", ""replyCityName"": """", ""cityName"": """"}, {""author"": ""\u53bb*\u6237"", ""content"": ""\u7528\u6237\u672a\u70b9\u8bc4\uff0c\u7cfb\u7edf\u9ed8\u8ba4\u597d\u8bc4\u3002"", ""date"": ""2024-11-04"", ""score"": 5, ""commentId"": ""238401804"", ""imgs"": [], ""userNickName"": ""\u53bb*\u6237"", ""replyCityName"": """", ""cityName"": """"}, {""author"": ""\u53bb*\u6237"", ""content"": ""\u7528\u6237\u672a\u70b9\u8bc4\uff0c\u7cfb\u7edf\u9ed8\u8ba4\u597d\u8bc4\u3002"", ""date"": ""2024-11-04"", ""score"": 5, ""commentId"": ""238401034"", ""imgs"": [], ""userNickName"": ""\u53bb*\u6237"", ""replyCityName"": """", ""cityName"": """"}, {""author"": ""\u53bb*\u6237"", ""content"": ""\u7528\u6237\u672a\u70b9\u8bc4\uff0c\u7cfb\u7edf\u9ed8\u8ba4\u597d\u8bc4\u3002"", ""date"": ""2024-11-04"", ""score"": 5, ""commentId"": ""238393309"", ""imgs"": [], ""userNickName"": ""\u53bb*\u6237"", ""replyCityName"": """", ""cityName"": """"}, {""author"": ""\u53bb*\u6237"", ""content"": ""\u7528\u6237\u672a\u70b9\u8bc4\uff0c\u7cfb\u7edf\u9ed8\u8ba4\u597d\u8bc4\u3002"", ""date"": ""2024-11-04"", ""score"": 5, ""commentId"": ""238389322"", ""imgs"": [], ""userNickName"": ""\u53bb*\u6237"", ""replyCityName"": """", ""cityName"": """"}, {""author"": ""\u53bb*\u6237"", ""content"": ""\u7528\u6237\u672a\u70b9\u8bc4\uff0c\u7cfb\u7edf\u9ed8\u8ba4\u597d\u8bc4\u3002"", ""date"": ""2024-11-02"", ""score"": 5, ""commentId"": ""238129494"", ""imgs"": [], ""userNickName"": ""\u53bb*\u6237"", ""replyCityName"": """", ""cityName"": """"}], ""score"": 4.9, ""commentCount"": 343}, ""statusCode"": 200}"
岭南红叶世界,https://qimgs.qunarzz.com/piao_qsight_provider_piao_qsight_web/1lo3r12000d94pbcp6E38_C_900_504.jpg_280x200_6e28e4ba.jpg,韶关市,新丰县,广东省韶关市新丰县黄磜镇茶峒村,98,5.0,森林康养基地,https://piao.qunar.com/ticket/detail_1010094316.html?st=a3clM0QlRTYlOTYlQjAlRTQlQjglQjAlRTUlOEUlQkYlMjZpZCUzRDUxMTEzNyUyNnR5cGUlM0QwJTI2aWR4JTNEMyUyNnF0JTNEJTI2YXBrJTNEMiUyNnNjJTNEV1dXJTI2dXIlM0QlRTQlQjglQUQlRTUlQjElQjElMjZsciUzRCVFNCVCOCVBRCVFNSVCMSVCMSUyNmZ0JTNEJTdCJTdE#from=mpl_search_suggest,45.0,N/A,森林康养基地，给心灵放个假。红叶世界总面积超过4000亩，现开放山湖居、星空广场区、魔法森林区、天湖区、烟雨茶田区。在这里看日出日落、赏云海星空，更可以在网红透明星空房拍照，爱情桥上许愿，体验炫酷山地车、仓鼠滚筒、高空秋千的刺激！,1/1-12/31；周一至周日；09:00-17:30开园；（17:30停止入园）,https://qimgs.qunarzz.com/piao_qsight_provider_piao_qsight_web/1lo3r12000d94pbcp6E38_C_900_504.jpg_710x360_05cf4af4.jpg〇https://qimgs.qunarzz.com/piao_qsight_provider_piao_qsight_web/1lo2812000d94i20eBD4F_C_900_504_Q90_Mtg_7.jpg_710x360_d7f8fd01.jpg〇https://qimgs.qunarzz.com/piao_qsight_provider_piao_qsight_web/0105o120008rtw6ih258C_C_900_504_Q90_Mtg_7.jpg_710x360_30352f0e.jpg〇https://qimgs.qunarzz.com/piao_qsight_provider_piao_qsight_web/1lo2g12000d9fdqt3C7FE_C_900_504_Q90_Mtg_7.jpg_710x360_d49a6c71.jpg〇https://qimgs.qunarzz.com/piao_qsight_provider_piao_qsight_web/1lo7112000d9fg1yp06EB_C_900_504_Q90_Mtg_7.jpg_710x360_7a58934d.jpg〇https://qimgs.qunarzz.com/piao_qsight_provider_piao_qsight_web/1lo3i12000d94hu6z0112_C_900_504_Q90_Mtg_7.jpg_710x360_14a2e236.jpg〇https://qimgs.qunarzz.com/piao_qsight_provider_piao_qsight_web/1lo0j12000d94i6qo609B_C_900_504_Q90_Mtg_7.jpg_710x360_2f105984.jpg〇https://qimgs.qunarzz.com/piao_qsight_provider_piao_qsight_web/01014120008rtwgboB19C_C_900_504_Q90_Mtg_7.jpg_710x360_9475df00.jpg〇https://qimgs.qunarzz.com/piao_qsight_provider_piao_qsight_web/1lo3k12000d9fgob552A8_C_900_504_Q90_Mtg_7.jpg_710x360_1289dfa7.jpg〇https://qimgs.qunarzz.com/piao_qsight_provider_piao_qsight_web/01060120008rtwfa5179E_C_900_504_Q90_Mtg_7.jpg_710x360_8cfff477.jpg〇https://qimgs.qunarzz.com/piao_qsight_provider_piao_qsight_web/1lo3r12000d94pbcp6E38_C_900_504_Q90_Mtg_7.jpg_710x360_2d50378a.jpg〇https://imgs.qunarzz.com/sight/p0/2105/fa/faabf2b7dc6ea33fa3.img.jpg_710x360_ce79fb51.jpg〇https://imgs.qunarzz.com/sight/p0/2105/a4/a46ca764f37a00a3.img.jpg_710x360_d9e8e3c8.jpg,"{""ret"": true, ""data"": {""tagList"": [{""tagType"": 1, ""tagScore"": 5, ""tagNum"": 98, ""tagName"": ""\u597d\u8bc4""}, {""tagType"": 0, ""tagScore"": 5, ""tagNum"": 98, ""tagName"": ""\u5168\u90e8""}], ""commentList"": [{""author"": ""\u6148*\u5b9a"", ""content"": ""\u4ece\u5e7f\u5dde\u5e02\u533a\u6293\ud83d\ude97\u3002\u8fc7\u6765\u8fd9\u4e2a\u97f6\u5173\u5cad\u5357\u7ea2\u53f6\u4e16\u754c\u5927\u6982\u89813\ufe0f\u20e3\u4e2a\u591a\u5c0f\u65f6\u5de6\u53f3\uff0c\u5c24\u5176\u662f\u4e0a\u9752\u4e91\u5c71\u7684\u90a3\u6bb5\u8def\u66f4\u662f\u201c\u4e5d\u66f2\u5341\u516b\u5f2f\u201d\uff0c\u8981\u5c0f\u5fc3\u6293\ud83d\ude97\u54e6\uff01        \u4e5f\u53ef\u4ee5\u4e58\u5750\u9ad8\u94c1\u52a8\u8f66\ud83d\ude85\u4ece\u5e7f\u5dde\u5357\u27a1\ufe0f\u97f6\u5173\u7ad9\uff0c\u4e4b\u540e\u518d\u8f6c\u51e0\u6b21\ud83d\ude83\uff0c\u6bd4\u8f83\u9ebb\u70e6\u3001\u800c\u4e14\u5f88\u8017\u8d39\u65f6\u95f4\ud83d\ude05\ud83d\ude05        \u4e0d\u8fc7\u8fd9\u6b21\u8fc7\u6765\u65f6\u95f4\u521a\u521a\u597d\uff0c\u53ef\u4ee5\u5230\u4e00\u5927\u7247\u7684\u7ea2\u53f6\ud83c\udf41\ud83c\udf41\ud83c\udf41"", ""date"": ""2024-11-05"", ""score"": 4, ""commentId"": ""238591504"", ""imgs"": [{""small"": ""https://qimgs.qunarzz.com/mp_piao_0001/temp18224635028499910616file_1730767810000.jpg_120x120_466402b3.jpg"", ""title"": """", ""big"": ""https://qimgs.qunarzz.com/mp_piao_0001/temp18224635028499910616file_1730767810000.jpg""}, {""small"": ""https://qimgs.qunarzz.com/mp_piao_0001/temp4426244488053230315file_1730767810000.jpg_120x120_4a412d5f.jpg"", ""title"": """", ""big"": ""https://qimgs.qunarzz.com/mp_piao_0001/temp4426244488053230315file_1730767810000.jpg""}, {""small"": ""https://qimgs.qunarzz.com/mp_piao_0001/temp4400845390295125563file_1730767810000.jpg_120x120_0204b3d8.jpg"", ""title"": """", ""big"": ""https://qimgs.qunarzz.com/mp_piao_0001/temp4400845390295125563file_1730767810000.jpg""}, {""small"": ""https://qimgs.qunarzz.com/mp_piao_0001/temp15478890912407609905file_1730767810000.jpg_120x120_0a1663c8.jpg"", ""title"": """", ""big"": ""https://qimgs.qunarzz.com/mp_piao_0001/temp15478890912407609905file_1730767810000.jpg""}, {""small"": ""https://qimgs.qunarzz.com/mp_piao_0001/temp9819140316451301770file_1730767810000.jpg_120x120_adf069e9.jpg"", ""title"": """", ""big"": ""https://qimgs.qunarzz.com/mp_piao_0001/temp9819140316451301770file_1730767810000.jpg""}, {""small"": ""https://qimgs.qunarzz.com/mp_piao_0001/temp835467789289467075file_1730767810000.jpg_120x120_0c740fce.jpg"", ""title"": """", ""big"": ""https://qimgs.qunarzz.com/mp_piao_0001/temp835467789289467075file_1730767810000.jpg""}, {""small"": ""https://qimgs.qunarzz.com/mp_piao_0001/temp7958798044143545390file_1730767810000.jpg_120x120_ec3b0a4c.jpg"", ""title"": """", ""big"": ""https://qimgs.qunarzz.com/mp_piao_0001/temp7958798044143545390file_1730767810000.jpg""}, {""small"": ""https://qimgs.qunarzz.com/mp_piao_0001/temp13940740964125936022file_1730767810000.jpg_120x120_f6d247e4.jpg"", ""title"": """", ""big"": ""https://qimgs.qunarzz.com/mp_piao_0001/temp13940740964125936022file_1730767810000.jpg""}, {""small"": ""https://qimgs.qunarzz.com/mp_piao_0001/temp13710530602471838810file_1730767810000.jpg_120x120_24740b24.jpg"", ""title"": """", ""big"": ""https://qimgs.qunarzz.com/mp_piao_0001/temp13710530602471838810file_1730767810000.jpg""}], ""userNickName"": ""\u6148*\u5b9a"", ""replyCityName"": """", ""cityName"": ""\u5e7f\u4e1c""}, {""author"": ""n*2"", ""content"": ""\u7528\u6237\u672a\u70b9\u8bc4\uff0c\u7cfb\u7edf\u9ed8\u8ba4\u597d\u8bc4\u3002"", ""date"": ""2024-12-25"", ""score"": 5, ""commentId"": ""239375159"", ""imgs"": [], ""userNickName"": ""n*2"", ""replyCityName"": """", ""cityName"": """"}, {""author"": ""\u53bb*\u6237"", ""content"": ""\u7528\u6237\u672a\u70b9\u8bc4\uff0c\u7cfb\u7edf\u9ed8\u8ba4\u597d\u8bc4\u3002"", ""date"": ""2024-12-25"", ""score"": 5, ""commentId"": ""239372771"", ""imgs"": [], ""userNickName"": ""\u53bb*\u6237"", ""replyCityName"": """", ""cityName"": """"}, {""author"": ""\u53bb*\u6237"", ""content"": ""\u7528\u6237\u672a\u70b9\u8bc4\uff0c\u7cfb\u7edf\u9ed8\u8ba4\u597d\u8bc4\u3002"", ""date"": ""2024-12-25"", ""score"": 5, ""commentId"": ""239368327"", ""imgs"": [], ""userNickName"": ""\u53bb*\u6237"", ""replyCityName"": """", ""cityName"": """"}, {""author"": ""\u957f*\u91cc"", ""content"": ""\u7528\u6237\u672a\u70b9\u8bc4\uff0c\u7cfb\u7edf\u9ed8\u8ba4\u597d\u8bc4\u3002"", ""date"": ""2024-12-25"", ""score"": 5, ""commentId"": ""239367625"", ""imgs"": [], ""userNickName"": ""\u957f*\u91cc"", ""replyCityName"": """", ""cityName"": """"}, {""author"": ""\u53bb*\u6237"", ""content"": ""\u7528\u6237\u672a\u70b9\u8bc4\uff0c\u7cfb\u7edf\u9ed8\u8ba4\u597d\u8bc4\u3002"", ""date"": ""2024-12-25"", ""score"": 5, ""commentId"": ""239367338"", ""imgs"": [], ""userNickName"": ""\u53bb*\u6237"", ""replyCityName"": """", ""cityName"": """"}, {""author"": ""y*7"", ""content"": ""\u7528\u6237\u672a\u70b9\u8bc4\uff0c\u7cfb\u7edf\u9ed8\u8ba4\u597d\u8bc4\u3002"", ""date"": ""2024-12-25"", ""score"": 5, ""commentId"": ""239367039"", ""imgs"": [], ""userNickName"": ""y*7"", ""replyCityName"": """", ""cityName"": """"}, {""author"": ""s*n"", ""content"": ""\u7528\u6237\u672a\u70b9\u8bc4\uff0c\u7cfb\u7edf\u9ed8\u8ba4\u597d\u8bc4\u3002"", ""date"": ""2024-12-24"", ""score"": 5, ""commentId"": ""239357537"", ""imgs"": [], ""userNickName"": ""s*n"", ""replyCityName"": """", ""cityName"": """"}, {""author"": ""s*n"", ""content"": ""\u7528\u6237\u672a\u70b9\u8bc4\uff0c\u7cfb\u7edf\u9ed8\u8ba4\u597d\u8bc4\u3002"", ""date"": ""2024-12-24"", ""score"": 5, ""commentId"": ""239357425"", ""imgs"": [], ""userNickName"": ""s*n"", ""replyCityName"": """", ""cityName"": """"}, {""author"": ""\u661f*\u821e"", ""content"": ""\u7528\u6237\u672a\u70b9\u8bc4\uff0c\u7cfb\u7edf\u9ed8\u8ba4\u597d\u8bc4\u3002"", ""date"": ""2024-12-24"", ""score"": 5, ""commentId"": ""239356399"", ""imgs"": [], ""userNickName"": ""\u661f*\u821e"", ""replyCityName"": """", ""cityName"": """"}], ""score"": 5.0, ""commentCount"": 98}, ""statusCode"": 200}"
韶关新丰云天海温泉,https://imgs.qunarzz.com/sight/p0/1602/30/3069afdb1897583a90.water.jpg_280x200_57751c5e.jpg,韶关市,新丰县,韶关市新丰县梅坑镇利坑角(105国道2406处),456,4.9,温泉池中品味四季不同景致,https://piao.qunar.com/ticket/detail_867705830.html?st=a3clM0QlRTYlOTYlQjAlRTQlQjglQjAlRTUlOEUlQkYlMjZpZCUzRDMyNzI1JTI2dHlwZSUzRDAlMjZpZHglM0QyJTI2cXQlM0QlMjZhcGslM0QyJTI2c2MlM0RXV1clMjZ1ciUzRCVFNCVCOCVBRCVFNSVCMSVCMSUyNmxyJTNEJUU0JUI4JUFEJUU1JUIxJUIxJTI2ZnQlM0QlN0IlN0Q%3D#from=mpl_search_suggest,77.0,4A景区,新丰云天海温泉地处原始森林峡谷中，两山怀抱，地势狭长，占地100多亩，拥有各式温泉泡池，可同时容纳近1000人。优质天然氡温泉无色无嗅，含有丰富的多种矿物质、微量元素，据专家测试，对各种关节炎、皮肤病、痛风、牛皮癣、慢性湿疹、神经性皮炎、过敏性皮炎等有一定疗效。除露天温泉外，游客还可以在温泉区享受沐足和各式按摩服务。新丰云天海现拥有各式客房242间，房间宽敞明亮，可饱览绝美园景和山景。装修设计按照国际五星级标准，豪华大气，尽显尊贵风范。温泉水直入客房，配备中央空调。另有无线上网、卫星电视、国际电话、迷您吧、安全系统等等，让您在度假之余充分感受到舒适、便捷、完善的五星级服务。,1/1-12/31；周一至周日；09:00-22:00开园,https://imgs.qunarzz.com/sight/p0/1602/30/3069afdb1897583a90.water.jpg_710x360_91cbe7d3.jpg〇https://imgs.qunarzz.com/sight/p0/1605/89/8966f5319c09762490.img.jpg_710x360_156aed61.jpg〇https://imgs.qunarzz.com/sight/p0/1605/7e/7e33a967193a2f5990.img.jpg_710x360_d72103b2.jpg〇https://imgs.qunarzz.com/sight/p0/1605/45/45f5c9f247c29e090.img.jpg_710x360_21e38594.jpg〇https://imgs.qunarzz.com/sight/p0/201403/07/d564bc031eae2b1c67e41081e6f7f3a5.jpg_710x360_9d2caf13.jpg〇https://imgs.qunarzz.com/sight/p0/201403/07/0f4b0e66dcd38364ed2618f52c94ff29.jpg_710x360_8a1e9cd0.jpg〇https://imgs.qunarzz.com/sight/p0/201403/07/2bac4ba492de47f119e4bfe2890bfc30.jpg_710x360_267afc22.jpg〇https://imgs.qunarzz.com/sight/p0/201403/07/76408841c781916e96e92054c815fb6f.jpg_710x360_7d0582de.jpg〇https://imgs.qunarzz.com/sight/p0/201403/07/869af9daf7e7cc07de706b6ac207ccbd.jpg_710x360_f650f785.jpg,"{""ret"": true, ""data"": {""tagList"": [{""tagType"": 32, ""tagScore"": 5, ""tagNum"": 8, ""tagName"": ""\u670d\u52a1\u597d""}, {""tagType"": 16, ""tagScore"": 5, ""tagNum"": 14, ""tagName"": ""\u9760\u8c31""}, {""tagType"": 8, ""tagScore"": 5, ""tagNum"": 5, ""tagName"": ""\u4fbf\u5b9c""}, {""tagType"": 4, ""tagScore"": 5, ""tagNum"": 14, ""tagName"": ""\u53d6\u7968\u65b9\u4fbf""}, {""tagType"": 3, ""tagScore"": 5, ""tagNum"": 5, ""tagName"": ""\u5dee\u8bc4""}, {""tagType"": 2, ""tagScore"": 5, ""tagNum"": 7, ""tagName"": ""\u4e2d\u8bc4""}, {""tagType"": 1, ""tagScore"": 5, ""tagNum"": 444, ""tagName"": ""\u597d\u8bc4""}, {""tagType"": 0, ""tagScore"": 5, ""tagNum"": 456, ""tagName"": ""\u5168\u90e8""}], ""commentList"": [{""author"": ""g*4"", ""content"": ""\u7528\u6237\u672a\u70b9\u8bc4\uff0c\u7cfb\u7edf\u9ed8\u8ba4\u597d\u8bc4\u3002"", ""date"": ""2024-12-21"", ""score"": 5, ""commentId"": ""239308325"", ""imgs"": [], ""userNickName"": ""g*4"", ""replyCityName"": """", ""cityName"": """"}, {""author"": ""\u5a77*7"", ""content"": ""\u7528\u6237\u672a\u70b9\u8bc4\uff0c\u7cfb\u7edf\u9ed8\u8ba4\u597d\u8bc4\u3002"", ""date"": ""2024-12-17"", ""score"": 5, ""commentId"": ""239255359"", ""imgs"": [], ""userNickName"": ""\u5a77*7"", ""replyCityName"": """", ""cityName"": """"}, {""author"": ""d*7"", ""content"": ""\u7528\u6237\u672a\u70b9\u8bc4\uff0c\u7cfb\u7edf\u9ed8\u8ba4\u597d\u8bc4\u3002"", ""date"": ""2024-11-27"", ""score"": 5, ""commentId"": ""238980741"", ""imgs"": [], ""userNickName"": ""d*7"", ""replyCityName"": """", ""cityName"": """"}, {""author"": ""\u53bb*\u6237"", ""content"": ""\u7528\u6237\u672a\u70b9\u8bc4\uff0c\u7cfb\u7edf\u9ed8\u8ba4\u597d\u8bc4\u3002"", ""date"": ""2024-11-26"", ""score"": 5, ""commentId"": ""238958373"", ""imgs"": [], ""userNickName"": ""\u53bb*\u6237"", ""replyCityName"": """", ""cityName"": """"}, {""author"": ""j*9"", ""content"": ""\u7528\u6237\u672a\u70b9\u8bc4\uff0c\u7cfb\u7edf\u9ed8\u8ba4\u597d\u8bc4\u3002"", ""date"": ""2024-11-25"", ""score"": 5, ""commentId"": ""238934362"", ""imgs"": [], ""userNickName"": ""j*9"", ""replyCityName"": """", ""cityName"": """"}, {""author"": ""l*3"", ""content"": ""\u7528\u6237\u672a\u70b9\u8bc4\uff0c\u7cfb\u7edf\u9ed8\u8ba4\u597d\u8bc4\u3002"", ""date"": ""2024-11-03"", ""score"": 5, ""commentId"": ""238303374"", ""imgs"": [], ""userNickName"": ""l*3"", ""replyCityName"": """", ""cityName"": """"}, {""author"": ""c*c"", ""content"": ""\u7528\u6237\u672a\u70b9\u8bc4\uff0c\u7cfb\u7edf\u9ed8\u8ba4\u597d\u8bc4\u3002"", ""date"": ""2024-11-02"", ""score"": 5, ""commentId"": ""238021404"", ""imgs"": [], ""userNickName"": ""c*c"", ""replyCityName"": """", ""cityName"": """"}, {""author"": ""\u53bb*\u6237"", ""content"": ""\u7528\u6237\u672a\u70b9\u8bc4\uff0c\u7cfb\u7edf\u9ed8\u8ba4\u597d\u8bc4\u3002"", ""date"": ""2024-08-28"", ""score"": 5, ""commentId"": ""235972991"", ""imgs"": [], ""userNickName"": ""\u53bb*\u6237"", ""replyCityName"": """", ""cityName"": """"}, {""author"": ""d*a"", ""content"": ""\u7528\u6237\u672a\u70b9\u8bc4\uff0c\u7cfb\u7edf\u9ed8\u8ba4\u597d\u8bc4\u3002"", ""date"": ""2024-08-28"", ""score"": 5, ""commentId"": ""235967356"", ""imgs"": [], ""userNickName"": ""d*a"", ""replyCityName"": """", ""cityName"": """"}, {""author"": ""\u53bb*\u6237"", ""content"": ""\u7528\u6237\u672a\u70b9\u8bc4\uff0c\u7cfb\u7edf\u9ed8\u8ba4\u597d\u8bc4\u3002"", ""date"": ""2024-08-28"", ""score"": 5, ""commentId"": ""235966250"", ""imgs"": [], ""userNickName"": ""\u53bb*\u6237"", ""replyCityName"": """", ""cityName"": """"}], ""score"": 4.9, ""commentCount"": 456}, ""statusCode"": 200}"
新丰县云髻山景区,https://qimgs.qunarzz.com/piao_qsight_provider_piao_qsight_web/100q1f000001grig6B632_C_900_504.jpg_280x200_3ef1dd54.jpg,韶关市,新丰县,广东省韶关市新丰县云髻山温泉旅游风景区南,390,4.8,四季景色各具特色,https://piao.qunar.com/ticket/detail_1564584328.html?st=a3clM0QlRTYlOTYlQjAlRTQlQjglQjAlRTUlOEUlQkYlMjZpZCUzRDEwNjQ2JTI2dHlwZSUzRDAlMjZpZHglM0QxJTI2cXQlM0QlMjZhcGslM0QyJTI2c2MlM0RXV1clMjZ1ciUzRCVFNCVCOCVBRCVFNSVCMSVCMSUyNmxyJTNEJUU0JUI4JUFEJUU1JUIxJUIxJTI2ZnQlM0QlN0IlN0Q%3D#from=mpl_search_suggest,30.0,N/A,云髻山属广东省级自然保护区，云髻山自然保护区总面积87平方公里，位于新丰县中部，距县城西北8公里处，从105国道可达。距广州市区150公里，距深圳市区198公里，距韶关市区165公里。是集自然保护区与自然景观为一体的山岳型风景旅游区。区内超过千米以上的山峰有十多座，其中主峰海拔1438米，也是新丰江的发源地。因山峰像古代老人盘在头上的发髻及多藏于云雾中而得名。,1/1-12/31；周一至周日；08:00-17:30开园；（17:00停止入园）,https://qimgs.qunarzz.com/piao_qsight_provider_piao_qsight_web/100q1f000001grig6B632_C_900_504.jpg_710x360_8f605f7f.jpg〇https://qimgs.qunarzz.com/piao_qsight_provider_piao_qsight_web/0105e12000bnisttlA9A0_C_900_504_Q90_Mtg_7.jpg_710x360_55c502e5.jpg〇https://qimgs.qunarzz.com/piao_qsight_provider_piao_qsight_web/010391200085y0urs8973_C_900_504_Q90_Mtg_7.jpg_710x360_277dd9be.jpg〇https://qimgs.qunarzz.com/piao_qsight_provider_piao_qsight_web/0106x1200089yk7ea3F97_C_900_504_Q90_Mtg_7.jpg_710x360_ea2ec80b.jpg〇https://qimgs.qunarzz.com/piao_qsight_provider_piao_qsight_web/100q1f000001grig6B632_C_900_504_Q90_Mtg_7.jpg_710x360_96b60920.jpg〇https://imgs.qunarzz.com/sight/p0/201310/21/562e437de4a216aec8d65eac.jpg_710x360_53085e35.jpg〇https://imgs.qunarzz.com/sight/p0/201310/21/d6ae354362b059a2c8d65eac.jpg_710x360_a2b2ae6a.jpg〇https://imgs.qunarzz.com/sight/p0/201310/21/919536ab7e03ee26c8d65eac.jpg_710x360_f82e4777.jpg〇https://imgs.qunarzz.com/sight/p0/201310/21/7b1c225e39b59bc3c8d65eac.jpg_710x360_006fbe2f.jpg〇https://imgs.qunarzz.com/sight/p0/201310/21/9d53a32156b89c1dc8d65eac.jpg_710x360_5adae3b1.jpg〇https://qimgs.qunarzz.com/piao_qsight_provider_piao_qsight_web/5c95af72eeafaef7.jpg_710x360_758b587b.jpg〇https://qimgs.qunarzz.com/piao_qsight_provider_piao_qsight_web/ed9128300734abf7.jpg_710x360_67e11cf0.jpg〇https://qimgs.qunarzz.com/piao_qsight_provider_piao_qsight_web/312b0c221da462f7.jpg_710x360_a37f8392.jpg〇https://qimgs.qunarzz.com/piao_qsight_provider_piao_qsight_web/0a59d86be9e2d0.jpg_710x360_f1cfd93a.jpg〇https://qimgs.qunarzz.com/piao_qsight_provider_piao_qsight_web/f206e0f1dddb45.jpg_710x360_dbab9882.jpg〇https://qimgs.qunarzz.com/piao_qsight_provider_piao_qsight_web/75959fcbd9231002.jpg_710x360_ed9db2fb.jpg〇https://qimgs.qunarzz.com/piao_qsight_provider_piao_qsight_web/5eb1d0900ab3a302.jpg_710x360_dccf44df.jpg〇https://qimgs.qunarzz.com/piao_qsight_provider_piao_qsight_web/b0a5c44c12b3b02.jpg_710x360_c1467a76.jpg〇https://qimgs.qunarzz.com/piao_qsight_provider_piao_qsight_web/65b4cd653c1f3002.jpg_710x360_7b5ec258.jpg〇https://qimgs.qunarzz.com/piao_qsight_provider_piao_qsight_web/e58a3a12bbc7002.jpg_710x360_f4f221db.jpg〇https://qimgs.qunarzz.com/piao_qsight_provider_piao_qsight_web/31f103754728d502.jpg_710x360_fa87c667.jpg〇https://qimgs.qunarzz.com/piao_qsight_provider_piao_qsight_web/b5015c1538b6c302.jpg_710x360_a3fbc76e.jpg〇https://qimgs.qunarzz.com/piao_qsight_provider_piao_qsight_web/26cee071c5f54d02.jpg_710x360_5470f9e2.jpg〇https://qimgs.qunarzz.com/piao_qsight_provider_piao_qsight_web/01641d1a642e6002.jpg_710x360_ec79189a.jpg〇https://qimgs.qunarzz.com/piao_qsight_provider_piao_qsight_web/4ea6f356d6f15502.jpg_710x360_1ee54a90.jpg〇https://qimgs.qunarzz.com/piao_qsight_provider_piao_qsight_web/c10ace940a2f2802.jpg_710x360_60d6a7d6.jpg〇https://qimgs.qunarzz.com/piao_qsight_provider_piao_qsight_web/57692af1b550aa02.jpg_710x360_c714e7dd.jpg〇https://qimgs.qunarzz.com/piao_qsight_provider_piao_qsight_web/d901915798b18e02.jpg_710x360_ceecdc39.jpg〇https://qimgs.qunarzz.com/piao_qsight_provider_piao_qsight_web/57e810e52602979a.jpg_710x360_5f81e35e.jpg〇https://qimgs.qunarzz.com/piao_qsight_provider_piao_qsight_web/841d5fa7ef2633f7.jpg_710x360_17492078.jpg,"{""ret"": true, ""data"": {""tagList"": [{""tagType"": 32, ""tagScore"": 5, ""tagNum"": 6, ""tagName"": ""\u670d\u52a1\u597d""}, {""tagType"": 16, ""tagScore"": 5, ""tagNum"": 8, ""tagName"": ""\u9760\u8c31""}, {""tagType"": 8, ""tagScore"": 5, ""tagNum"": 6, ""tagName"": ""\u4fbf\u5b9c""}, {""tagType"": 4, ""tagScore"": 5, ""tagNum"": 18, ""tagName"": ""\u53d6\u7968\u65b9\u4fbf""}, {""tagType"": 3, ""tagScore"": 5, ""tagNum"": 10, ""tagName"": ""\u5dee\u8bc4""}, {""tagType"": 2, ""tagScore"": 5, ""tagNum"": 6, ""tagName"": ""\u4e2d\u8bc4""}, {""tagType"": 1, ""tagScore"": 5, ""tagNum"": 374, ""tagName"": ""\u597d\u8bc4""}, {""tagType"": 0, ""tagScore"": 5, ""tagNum"": 390, ""tagName"": ""\u5168\u90e8""}], ""commentList"": [{""author"": ""\u857e*y"", ""content"": ""\u7528\u6237\u672a\u70b9\u8bc4\uff0c\u7cfb\u7edf\u9ed8\u8ba4\u597d\u8bc4\u3002"", ""date"": ""2024-12-24"", ""score"": 5, ""commentId"": ""239351386"", ""imgs"": [], ""userNickName"": ""\u857e*y"", ""replyCityName"": """", ""cityName"": """"}, {""author"": ""\u53bb*\u6237"", ""content"": ""\u7528\u6237\u672a\u70b9\u8bc4\uff0c\u7cfb\u7edf\u9ed8\u8ba4\u597d\u8bc4\u3002"", ""date"": ""2024-12-22"", ""score"": 5, ""commentId"": ""239319136"", ""imgs"": [], ""userNickName"": ""\u53bb*\u6237"", ""replyCityName"": """", ""cityName"": """"}, {""author"": ""\u53bb*\u6237"", ""content"": ""\u7528\u6237\u672a\u70b9\u8bc4\uff0c\u7cfb\u7edf\u9ed8\u8ba4\u597d\u8bc4\u3002"", ""date"": ""2024-12-22"", ""score"": 5, ""commentId"": ""239318616"", ""imgs"": [], ""userNickName"": ""\u53bb*\u6237"", ""replyCityName"": """", ""cityName"": """"}, {""author"": ""i*7"", ""content"": ""\u7528\u6237\u672a\u70b9\u8bc4\uff0c\u7cfb\u7edf\u9ed8\u8ba4\u597d\u8bc4\u3002"", ""date"": ""2024-12-10"", ""score"": 5, ""commentId"": ""239162647"", ""imgs"": [], ""userNickName"": ""i*7"", ""replyCityName"": """", ""cityName"": """"}, {""author"": ""i*7"", ""content"": ""\u7528\u6237\u672a\u70b9\u8bc4\uff0c\u7cfb\u7edf\u9ed8\u8ba4\u597d\u8bc4\u3002"", ""date"": ""2024-12-10"", ""score"": 5, ""commentId"": ""239160808"", ""imgs"": [], ""userNickName"": ""i*7"", ""replyCityName"": """", ""cityName"": """"}, {""author"": ""\u53bb*\u6237"", ""content"": ""\u7528\u6237\u672a\u70b9\u8bc4\uff0c\u7cfb\u7edf\u9ed8\u8ba4\u597d\u8bc4\u3002"", ""date"": ""2024-12-08"", ""score"": 5, ""commentId"": ""239143028"", ""imgs"": [], ""userNickName"": ""\u53bb*\u6237"", ""replyCityName"": """", ""cityName"": """"}, {""author"": ""j*c"", ""content"": ""\u7528\u6237\u672a\u70b9\u8bc4\uff0c\u7cfb\u7edf\u9ed8\u8ba4\u597d\u8bc4\u3002"", ""date"": ""2024-12-06"", ""score"": 5, ""commentId"": ""239122069"", ""imgs"": [], ""userNickName"": ""j*c"", ""replyCityName"": """", ""cityName"": """"}, {""author"": ""\u53bb*\u6237"", ""content"": ""\u7528\u6237\u672a\u70b9\u8bc4\uff0c\u7cfb\u7edf\u9ed8\u8ba4\u597d\u8bc4\u3002"", ""date"": ""2024-12-06"", ""score"": 5, ""commentId"": ""239119453"", ""imgs"": [], ""userNickName"": ""\u53bb*\u6237"", ""replyCityName"": """", ""cityName"": """"}, {""author"": ""3*1"", ""content"": ""\u7528\u6237\u672a\u70b9\u8bc4\uff0c\u7cfb\u7edf\u9ed8\u8ba4\u597d\u8bc4\u3002"", ""date"": ""2024-12-01"", ""score"": 5, ""commentId"": ""239039427"", ""imgs"": [], ""userNickName"": ""3*1"", ""replyCityName"": """", ""cityName"": """"}, {""author"": ""3*1"", ""content"": ""\u7528\u6237\u672a\u70b9\u8bc4\uff0c\u7cfb\u7edf\u9ed8\u8ba4\u597d\u8bc4\u3002"", ""date"": ""2024-12-01"", ""score"": 5, ""commentId"": ""239033908"", ""imgs"": [], ""userNickName"": ""3*1"", ""replyCityName"": """", ""cityName"": """"}], ""score"": 4.8, ""commentCount"": 390}, ""statusCode"": 200}"
